AddressID,CustomerID,AddressLine1,City,State,PinCode,AddressType
OR-00001,CUST-01686,"61/96,_Chauhan_Road
Haldia_060162",Haldia,West_Bengal,60162.0,Billing
UP-00002,CUST-09472,"667
Zachariah_Marg
Mirzapur_143611",Mirzapur,Uttar_Pradesh,143611.0,Billing
JH-00003,CUST-05730,"58/263,_Sathe_Ganj
Phusro-740894",Phusro,Jharkhand,740894.0,Billing
WB-00004,CUST-18097,"H.No._41
Sundaram_Path
Panihati_527225",Panihati,West_Bengal,527225.0,"Billing,_Shipping"
UP-00005,CUST-17574,"86/361,_Madan_Marg
Muzaffarpur_594446",Muzaffarpur,Bihar,594446.0,Shipping
MH-00006,CUST-16139,"94/373,_Loke_Path
Jalgaon_168394",Jalgaon,Maharashtra,168394.0,Billing
TS-00007,CUST-18373,"H.No._56,_Khare_Path,_Proddatur_836868",Proddatur,Andhra_Pradesh,836868.0,Billing
CG-00008,CUST-17386,"21/76,_Kara_Nagar,_Nagpur-625808",Nagpur,Maharashtra,625808.0,"Billing,_Shipping"
HR-00009,CUST-08060,"H.No._90,_Balakrishnan_Path
Siwan_905436",Siwan,Bihar,905436.0,"Billing,_Shipping"
MH-00010,CUST-17714,"84
Golla_Circle
Guntur_082130",Guntur,Andhra_Pradesh,82130.0,"Billing,_Shipping"
MP-00011,CUST-01484,"H.No._46,_Tak_Path,_Kishanganj_671104",Kishanganj,Bihar,671104.0,Shipping
UP-00012,CUST-05480,"81/10,_Swaminathan_Road
Karimnagar-727673",Karimnagar,Telangana,727673.0,Shipping
MH-00013,CUST-14754,"97/936,_Taneja_Ganj
Bhiwandi-543281",Bhiwandi,Maharashtra,543281.0,Billing
MP-00014,CUST-12176,"H.No._613
Yogi_Street
Gorakhpur_430100",Gorakhpur,Uttar_Pradesh,430100.0,Billing
JH-00015,CUST-13285,"77,_Dash
Asansol-537525",Asansol,West_Bengal,537525.0,Shipping
MP-00016,CUST-11444,"662,_Kibe_Road
Kishanganj_052135",Kishanganj,Bihar,52135.0,Shipping
TS-00017,CUST-18172,"62/466,_Khanna_Zila,_Proddatur_355147",Proddatur,Andhra_Pradesh,355147.0,"Billing,_Shipping"
WB-00018,CUST-13723,"620
Taneja_Marg
Bhatpara_517193",Bhatpara,West_Bengal,517193.0,Shipping
WB-00019,CUST-11069,"H.No._212
Sant_Zila
Kulti-545247",Kulti,West_Bengal,545247.0,"Billing,_Shipping"
MP-00020,CUST-13049,"48/698
Datta_Circle
Kota-257578",Kota,Rajasthan,257578.0,Shipping
AP-00021,CUST-17179,"H.No._89,_Sampath_Nagar,_Anantapuram-470878",Anantapuram,Andhra_Pradesh,470878.0,Shipping
WB-00022,CUST-02066,"58
Kapoor_Ganj
Naihati-146338",Naihati,West_Bengal,146338.0,"Billing,_Shipping"
WB-00023,CUST-13084,"96
Gopal_Ganj
Naihati-807954",Naihati,West_Bengal,807954.0,Shipping
OR-00024,CUST-10686,"443,_Dugal_Path,_Mathura_025646",Mathura,Uttar_Pradesh,25646.0,Shipping
MH-00025,CUST-01120,"27/768,_Bhakta_Nagar,_Satara-030893",Satara,Maharashtra,30893.0,Shipping
HR-00026,CUST-13898,"35/99,_Kashyap_Street,_Bikaner_776696",Bikaner,Rajasthan,776696.0,Shipping
TS-00027,CUST-15274,"074
Varma_Street
Ramagundam-414536",Ramagundam,Telangana,414536.0,"Billing,_Shipping"
WB-00028,CUST-06738,"H.No._42,_Gole_Marg
Arrah_267299",Arrah,Bihar,267299.0,"Billing,_Shipping"
MH-00029,CUST-09464,"743,_Kota_Chowk,_Karnal-522606",Karnal,Haryana,522606.0,"Billing,_Shipping"
TR-00030,CUST-01177,"H.No._594,_Dyal_Road,_Chandigarh_673408",Chandigarh,Chandigarh_(Union_Territory),673408.0,Shipping
GJ-00031,CUST-16926,"702,_Doshi_Nagar,_Hajipur-740224",Hajipur,Bihar,740224.0,Billing
UK-00032,CUST-12263,"92,_Butala_Circle,_Shivpuri_436909",Shivpuri,Madhya_Pradesh,436909.0,Billing
OR-00033,CUST-13233,"44,_Bala_Zila
Patna_202552",Patna,Bihar,202552.0,Shipping
OR-00034,CUST-12135,"88/056,_Talwar_Circle
Haldia-430222",Haldia,West_Bengal,430222.0,"Billing,_Shipping"
KA-00035,CUST-05737,"74/034,_Chandra_Ganj,_Amaravati_829121",Amaravati,Andhra_Pradesh,829121.0,Billing
MP-00036,CUST-08148,"11/442
Lad_Ganj
Jalandhar_000692",Jalandhar,Punjab,692.0,Shipping
UP-00037,CUST-00920,"840
Halder_Circle
Farrukhabad_192072",Farrukhabad,Uttar_Pradesh,192072.0,Billing
HP-00038,CUST-10804,"H.No._446,_Bora_Zila,_Udaipur-016204",Udaipur,Rajasthan,16204.0,"Billing,_Shipping"
GJ-00039,CUST-04316,"H.No._63
Chakrabarti
Hajipur-803564",Hajipur,Bihar,803564.0,Shipping
KA-00040,CUST-11272,"H.No._38
Dalal_Street
Tumkur_594144",Tumkur,Karnataka,594144.0,Shipping
HR-00041,CUST-16504,"33,_Mann_Marg,_Aurangabad_317751",Aurangabad,Maharashtra,317751.0,Billing
MH-00042,CUST-08061,"66/451,_Das_Path,_Yamunanagar_230354",Yamunanagar,Haryana,230354.0,Billing
MH-00043,CUST-16623,"H.No._99
Issac
Guntur_338260",Guntur,Andhra_Pradesh,338260.0,"Billing,_Shipping"
UP-00044,CUST-14120,"H.No._45,_Sama
Jamalpur_973582",Jamalpur,Bihar,973582.0,"Billing,_Shipping"
UP-00045,CUST-02981,"65,_Raju_Ganj,_Burhanpur-111889",Burhanpur,Madhya_Pradesh,111889.0,Shipping
WB-00046,CUST-00301,"H.No._179,_Mander_Marg
Arrah_339210",Arrah,Bihar,339210.0,Shipping
OR-00047,CUST-00702,"522,_Buch_Marg
Bijapur-093896",Bijapur,Karnataka,93896.0,Shipping
RJ-00048,CUST-07821,"H.No._82
Bhakta_Street
Rajkot-705579",Rajkot,Gujarat,705579.0,Billing
TN-00049,CUST-16991,"238
Magar_Ganj
Pali-898624",Pali,Rajasthan,898624.0,Billing
MH-00050,CUST-11849,"51/60,_Kaur_Zila
Karnal_929234",Karnal,Haryana,929234.0,Shipping
JH-00051,CUST-05023,"31/81,_Kota
Kharagpur-624755",Kharagpur,West_Bengal,624755.0,"Billing,_Shipping"
JH-00052,CUST-11766,"H.No._894
Divan_Street
Asansol-114473",Asansol,West_Bengal,114473.0,Shipping
AP-00053,CUST-02224,"63/023,_Krish_Chowk
Bhimavaram_796136",Bhimavaram,Andhra_Pradesh,796136.0,Billing
WB-00054,CUST-13731,"H.No._84
Baria_Ganj
Kamarhati_688771",Kamarhati,West_Bengal,688771.0,Shipping
OR-00055,CUST-08487,"61/94,_Chopra_Nagar
Berhampur-366763",Berhampur,Odisha,366763.0,"Billing,_Shipping"
BR-00056,CUST-15254,"H.No._19
Mand_Street
Satna_943241",Satna,Madhya_Pradesh,943241.0,Billing
KA-00057,CUST-18406,"089,_Ganguly_Chowk
Tumkur-745847",Tumkur,Karnataka,745847.0,"Billing,_Shipping"
OR-00058,CUST-16670,"80/231,_Dara_Street,_Chandrapur-380651",Chandrapur,Maharashtra,380651.0,Billing
KA-00059,CUST-19240,"56,_Wagle_Marg,_Amaravati_636419",Amaravati,Andhra_Pradesh,636419.0,"Billing,_Shipping"
TS-00060,CUST-18692,"18/91,_Sha_Ganj
Ambala_789316",Ambala,Haryana,789316.0,Billing
RJ-00061,CUST-12312,"H.No._525,_Jayaraman_Path,_Rajkot_851738",Rajkot,Gujarat,851738.0,Shipping
MH-00062,CUST-03352,"H.No._039,_Joshi_Circle,_Guntur-469346",Guntur,Andhra_Pradesh,469346.0,Billing
CG-00063,CUST-15334,"67
Bumb_Chowk
Sambalpur-921809",Sambalpur,Odisha,921809.0,Billing
GJ-00064,CUST-15120,"51/79,_Chaudhari_Marg
Hajipur_678740",Hajipur,Bihar,678740.0,"Billing,_Shipping"
GJ-00065,CUST-17578,"27,_Vyas_Path
Hajipur_770533",Hajipur,Bihar,770533.0,"Billing,_Shipping"
MP-00066,CUST-02544,"561,_Gole_Nagar,_Agra-351050",Agra,Uttar_Pradesh,351050.0,Billing
BR-00067,CUST-09539,"H.No._32,_Chokshi
Satna_993781",Satna,Madhya_Pradesh,993781.0,"Billing,_Shipping"
TN-00068,CUST-16841,"53
Hayer_Chowk
Pali_189259",Pali,Rajasthan,189259.0,Billing
UP-00069,CUST-18211,"049
Bir_Path
Raipur_553549",Raipur,Chhattisgarh,553549.0,Billing
AS-00070,CUST-13433,"41/450,_Dewan_Path
Siliguri_663095",Siliguri,West_Bengal,663095.0,"Billing,_Shipping"
UP-00071,CUST-12403,"996,_Sawhney_Ganj,_Firozabad_298361",Firozabad,Uttar_Pradesh,298361.0,"Billing,_Shipping"
AS-00072,CUST-11878,"H.No._193
Vasa_Ganj
Siliguri-948067",Siliguri,West_Bengal,948067.0,"Billing,_Shipping"
MP-00073,CUST-10188,"H.No._128,_Kothari_Road,_Jalandhar-612293",Jalandhar,Punjab,612293.0,"Billing,_Shipping"
HR-00074,CUST-17337,"316,_Chacko_Zila,_Aurangabad_057387",Aurangabad,Maharashtra,57387.0,Billing
GJ-00075,CUST-17012,"50
Bakshi
Vadodara-567711",Vadodara,Gujarat,567711.0,"Billing,_Shipping"
GJ-00076,CUST-06466,"77,_Dar_Road
Vadodara-826902",Vadodara,Gujarat,826902.0,Billing
AP-00077,CUST-08753,"H.No._74,_Yohannan_Road,_Jammu_864926",Jammu,Jammu_and_Kashmir,864926.0,Billing
MP-00078,CUST-19292,"H.No._15,_Hayre_Path,_Ramgarh_882766",Ramgarh,Jharkhand,882766.0,Billing
TS-00079,CUST-15029,"19/71
Kannan_Nagar
Hindupur_918565",Hindupur,Andhra_Pradesh,918565.0,Billing
MH-00080,CUST-15582,"H.No._12
Krishna_Chowk
Satara_836479",Satara,Maharashtra,836479.0,Shipping
GJ-00081,CUST-12410,"00/452,_Gopal_Street
Vadodara_260578",Vadodara,Gujarat,260578.0,Billing
TN-00082,CUST-03555,"92/00,_Batta_Marg,_Avadi-719948",Avadi,Tamil_Nadu,719948.0,Shipping
KA-00083,CUST-08957,"37/635
Deep_Marg
Hospet-084362",Hospet,Karnataka,84362.0,"Billing,_Shipping"
WB-00084,CUST-19066,"02
Setty_Path
Bidhannagar-234549",Bidhannagar,West_Bengal,234549.0,Shipping
WB-00085,CUST-17556,"87,_Gill_Nagar
Bally_465586",Bally,West_Bengal,465586.0,Shipping
MP-00086,CUST-06784,"H.No._308,_Raja_Path
Jodhpur_919952",Jodhpur,Rajasthan,919952.0,Billing
GJ-00087,CUST-08641,"60,_Kade_Road
Allahabad_141455",Allahabad,Uttar_Pradesh,141455.0,Shipping
UK-00088,CUST-13105,"H.No._131
Balan_Road
Haridwar_125754",Haridwar,Uttarakhand,125754.0,Shipping
UP-00089,CUST-00889,"20/43,_Gola_Street
Raiganj-120838",Raiganj,West_Bengal,120838.0,Billing
MH-00090,CUST-14141,"391,_Hans
Jalgaon_224455",Jalgaon,Maharashtra,224455.0,Shipping
MH-00091,CUST-09485,"H.No._267
Contractor_Zila
Malegaon_931771",Malegaon,Maharashtra,931771.0,Shipping
GJ-00092,CUST-04203,"H.No._983,_Trivedi_Chowk,_Vadodara_960818",Vadodara,Gujarat,960818.0,Shipping
UP-00093,CUST-02443,"48
Kar_Chowk
Farrukhabad_329530",Farrukhabad,Uttar_Pradesh,329530.0,"Billing,_Shipping"
TS-00094,CUST-17922,"821,_Ghosh_Nagar,_Dindigul-363028",Dindigul,Tamil_Nadu,363028.0,Billing
AS-00095,CUST-10206,"H.No._97
Sathe_Street
Nagaon_187156",Nagaon,Assam,187156.0,Billing
TN-00096,CUST-19753,"633
Banik_Chowk
Avadi-805776",Avadi,Tamil_Nadu,805776.0,"Billing,_Shipping"
WB-00097,CUST-05488,"H.No._489,_Manne_Chowk,_Kamarhati_989700",Kamarhati,West_Bengal,989700.0,Shipping
AP-00098,CUST-10073,"758,_Desai_Nagar
Bhimavaram-186431",Bhimavaram,Andhra_Pradesh,186431.0,Shipping
UP-00099,CUST-15613,"H.No._67,_Sastry_Marg
Karimnagar-329791",Karimnagar,Telangana,329791.0,Shipping
OR-00100,CUST-15397,"168,_Chaudhary_Marg
Patna_908984",Patna,Bihar,908984.0,Shipping
TN-00101,CUST-09625,"55/35,_Kata_Path
Pallavaram-940978",Pallavaram,Tamil_Nadu,940978.0,"Billing,_Shipping"
AS-00102,CUST-03103,"747
Balakrishnan_Chowk
Siliguri_049498",Siliguri,West_Bengal,49498.0,Shipping
OR-00103,CUST-17028,"H.No._431
Garg_Ganj
Bilaspur-952467",Bilaspur,Chhattisgarh,952467.0,"Billing,_Shipping"
KA-00104,CUST-05033,"H.No._60,_Chowdhury_Zila,_Mangalore_838021",Mangalore,Karnataka,838021.0,Shipping
AP-00105,CUST-18582,"231,_Bala_Marg,_Dharmavaram_180304",Dharmavaram,Andhra_Pradesh,180304.0,"Billing,_Shipping"
TN-00106,CUST-11850,"H.No._43
Magar_Street
Pallavaram-983224",Pallavaram,Tamil_Nadu,983224.0,Shipping
WB-00107,CUST-14272,"H.No._807
Bail_Zila
Naihati_279550",Naihati,West_Bengal,279550.0,"Billing,_Shipping"
WB-00108,CUST-06284,"H.No._659
Lanka_Street
Aligarh-218430",Aligarh,Uttar_Pradesh,218430.0,"Billing,_Shipping"
TN-00109,CUST-10204,"420,_Lata_Zila
Avadi_305659",Avadi,Tamil_Nadu,305659.0,Shipping
MP-00110,CUST-00315,"H.No._27,_Dar_Chowk
Unnao-589711",Unnao,Uttar_Pradesh,589711.0,"Billing,_Shipping"
KA-00111,CUST-09719,"10,_Biswas_Marg,_Hospet_597283",Hospet,Karnataka,597283.0,Billing
MP-00112,CUST-04309,"20,_Bains_Path,_Mau-582981",Mau,Uttar_Pradesh,582981.0,Shipping
TN-00113,CUST-05514,"283,_Dora_Marg,_Pali-990414",Pali,Rajasthan,990414.0,Billing
UP-00114,CUST-10242,"H.No._518,_Anne_Chowk,_Mirzapur-364935",Mirzapur,Uttar_Pradesh,364935.0,"Billing,_Shipping"
MH-00115,CUST-18105,"44/05,_Chatterjee_Circle,_Yamunanagar-800717",Yamunanagar,Haryana,800717.0,Billing
MH-00116,CUST-12673,"93/63,_Wable_Nagar
Jalgaon-221864",Jalgaon,Maharashtra,221864.0,Billing
MP-00117,CUST-11303,"H.No._833
Thaman_Ganj
Dehri-168708",Dehri,Bihar,168708.0,Billing
UP-00118,CUST-15915,"70,_Luthra_Street
Bhagalpur_909745",Bhagalpur,Bihar,909745.0,Shipping
HR-00119,CUST-11663,"35/09
Biswas
Siwan-871094",Siwan,Bihar,871094.0,Shipping
MH-00120,CUST-09177,"H.No._08
Gade_Path
Bhiwandi_838153",Bhiwandi,Maharashtra,838153.0,Shipping
RJ-00121,CUST-13749,"H.No._36,_Balan_Road
Rajkot-559456",Rajkot,Gujarat,559456.0,Shipping
MH-00122,CUST-19521,"85,_Singhal_Road,_Satara-981528",Satara,Maharashtra,981528.0,Shipping
UK-00123,CUST-16091,"57/116
Bala
Shivpuri-349996",Shivpuri,Madhya_Pradesh,349996.0,"Billing,_Shipping"
AP-00124,CUST-16740,"H.No._54,_Sibal_Chowk,_Gudivada-393145",Gudivada,Andhra_Pradesh,393145.0,Shipping
AS-00125,CUST-11486,"18,_Lal_Marg,_Nagaon-913054",Nagaon,Assam,913054.0,Shipping
TS-00126,CUST-16148,"89,_Kota,_Hindupur_748169",Hindupur,Andhra_Pradesh,748169.0,Shipping
UP-00127,CUST-02204,"84/40
Sodhi_Marg
Sambhal_930979",Sambhal,Uttar_Pradesh,930979.0,"Billing,_Shipping"
TN-00128,CUST-19591,"90/82,_Sankar
Chittoor-012166",Chittoor,Andhra_Pradesh,12166.0,Billing
TS-00129,CUST-08270,"H.No._11,_Thaker_Marg,_Ramagundam_814994",Ramagundam,Telangana,814994.0,Shipping
MP-00130,CUST-13385,"57/29,_Suri_Circle,_Jalandhar_250064",Jalandhar,Punjab,250064.0,"Billing,_Shipping"
OR-00131,CUST-18208,"H.No._92
Hans_Road
Patna_065116",Patna,Bihar,65116.0,Billing
AP-00132,CUST-18101,"H.No._13,_Manda_Road
Anantapuram_615282",Anantapuram,Andhra_Pradesh,615282.0,"Billing,_Shipping"
UP-00134,CUST-11938,"82/77,_Salvi_Marg
Sambhal-184778",Sambhal,Uttar_Pradesh,184778.0,Billing
HR-00135,CUST-16643,"H.No._271
Dhingra_Path
Siwan-033755",Siwan,Bihar,33755.0,Shipping
UP-00136,CUST-12739,"60,_Dhar,_Raiganj_580210",Raiganj,West_Bengal,580210.0,Billing
BR-00137,CUST-12228,"80,_Dixit
Purnia_473921",Purnia,Bihar,473921.0,"Billing,_Shipping"
MP-00138,CUST-07539,"H.No._843
De_Marg
Jalandhar-576434",Jalandhar,Punjab,576434.0,"Billing,_Shipping"
TR-00139,CUST-15534,"05/36
Dutt_Circle
Chandigarh_580431",Chandigarh,Chandigarh_(Union_Territory),580431.0,Billing
TN-00140,CUST-18639,"04/907,_Bora_Street
Vellore-086494",Vellore,Tamil_Nadu,86494.0,"Billing,_Shipping"
UP-00141,CUST-04397,"75
Devan
Firozabad-963962",Firozabad,Uttar_Pradesh,963962.0,Billing
KA-00142,CUST-10890,"H.No._629,_Krishna_Chowk,_Tumkur_462165",Tumkur,Karnataka,462165.0,Billing
MP-00143,CUST-04270,"H.No._58,_Chacko_Path
Indore_085527",Indore,Madhya_Pradesh,85527.0,Shipping
GJ-00144,CUST-13486,"H.No._52
Rajagopalan
Ajmer-361566",Ajmer,Rajasthan,361566.0,Shipping
OR-00145,CUST-16683,"929,_Rana_Zila,_Haldia-373687",Haldia,West_Bengal,373687.0,"Billing,_Shipping"
BR-00146,CUST-18842,"74/66,_Mand_Chowk,_Munger-939289",Munger,Bihar,939289.0,Billing
KA-00147,CUST-13979,"071
Rattan_Circle
Hospet-487714",Hospet,Karnataka,487714.0,Billing
TS-00148,CUST-09854,"122
Rana_Zila
Nizamabad_406184",Nizamabad,Telangana,406184.0,Shipping
WB-00149,CUST-13421,"76,_Babu_Zila
Madhyamgram_798614",Madhyamgram,West_Bengal,798614.0,"Billing,_Shipping"
TS-00150,CUST-18132,"64,_Kanda_Chowk
Ramagundam-299750",Ramagundam,Telangana,299750.0,"Billing,_Shipping"
TN-00151,CUST-10399,"H.No._059,_Dalal_Circle
Avadi_221906",Avadi,Tamil_Nadu,221906.0,Shipping
MP-00152,CUST-09787,"197
Lad_Marg
Agra-544357",Agra,Uttar_Pradesh,544357.0,Billing
HR-00153,CUST-18691,"070,_Kunda_Zila,_Aurangabad_640152",Aurangabad,Maharashtra,640152.0,"Billing,_Shipping"
AS-00154,CUST-08881,"H.No._87,_Kalla_Ganj
Bongaigaon_396853",Bongaigaon,Assam,396853.0,"Billing,_Shipping"
UP-00155,CUST-08919,"98/772,_Bhat_Chowk
Jamalpur_184022",Jamalpur,Bihar,184022.0,"Billing,_Shipping"
UP-00156,CUST-18052,"94/686
Chadha_Zila
Chapra_336139",Chapra,Bihar,336139.0,"Billing,_Shipping"
MP-00157,CUST-08885,"H.No._007,_Madan,_Jodhpur-640415",Jodhpur,Rajasthan,640415.0,Shipping
UP-00158,CUST-14930,"394,_Sarin
Karimnagar-057934",Karimnagar,Telangana,57934.0,Shipping
UP-00159,CUST-17013,"H.No._548,_Gulati_Marg
Jamalpur_771251",Jamalpur,Bihar,771251.0,Shipping
WB-00160,CUST-16589,"H.No._455,_Comar_Marg,_Bidhannagar_513228",Bidhannagar,West_Bengal,513228.0,"Billing,_Shipping"
OR-00161,CUST-19824,"H.No._663,_Kanda_Nagar
Bijapur_579365",Bijapur,Karnataka,579365.0,Billing
RJ-00162,CUST-02593,"564,_Bir_Road,_Dewas-967078",Dewas,Madhya_Pradesh,967078.0,Billing
OR-00163,CUST-19966,"H.No._48
Bajaj_Chowk
Kanpur_364056",Kanpur,Uttar_Pradesh,364056.0,"Billing,_Shipping"
AP-00164,CUST-05664,"73
Salvi_Chowk
Gudivada-169468",Gudivada,Andhra_Pradesh,169468.0,"Billing,_Shipping"
UP-00165,CUST-02713,"34/558
Mangat
Raipur-360355",Raipur,Chhattisgarh,360355.0,"Billing,_Shipping"
HR-00166,CUST-10026,"H.No._186
Ranganathan_Road
Bikaner-570028",Bikaner,Rajasthan,570028.0,"Billing,_Shipping"
TS-00167,CUST-13796,"88
Chakrabarti_Chowk
Proddatur-220814",Proddatur,Andhra_Pradesh,220814.0,Shipping
MP-00168,CUST-15361,"56/658,_Sahota_Ganj
Mau-614548",Mau,Uttar_Pradesh,614548.0,Billing
WB-00169,CUST-17559,"805
Barman_Path
Uluberia_726594",Uluberia,West_Bengal,726594.0,Billing
KA-00170,CUST-16005,"54/69,_Loyal_Ganj,_Hospet_387670",Hospet,Karnataka,387670.0,Shipping
UP-00171,CUST-02545,"386,_Wali_Marg
Raiganj_975606",Raiganj,West_Bengal,975606.0,Billing
AP-00172,CUST-03607,"61
Dubey_Circle
Dharmavaram-375096",Dharmavaram,Andhra_Pradesh,375096.0,Shipping
MH-00173,CUST-07408,"725
Varty_Nagar
Satara_947672",Satara,Maharashtra,947672.0,"Billing,_Shipping"
TN-00174,CUST-11310,"H.No._481,_Gour_Marg
Chittoor-984124",Chittoor,Andhra_Pradesh,984124.0,"Billing,_Shipping"
MH-00175,CUST-14140,"H.No._88
Srivastava_Road
Jalgaon_161812",Jalgaon,Maharashtra,161812.0,"Billing,_Shipping"
TN-00176,CUST-15038,"071
Batta_Street
Salem-449040",Salem,Tamil_Nadu,449040.0,Billing
UP-00177,CUST-08961,"H.No._03
Varkey_Circle
Raiganj-507511",Raiganj,West_Bengal,507511.0,"Billing,_Shipping"
TN-00178,CUST-17211,"229
Datta_Chowk
Pallavaram-553472",Pallavaram,Tamil_Nadu,553472.0,"Billing,_Shipping"
OR-00179,CUST-12329,"H.No._282
Kapoor_Chowk
Bharatpur-737186",Bharatpur,Rajasthan,737186.0,"Billing,_Shipping"
WB-00180,CUST-19718,"H.No._537
Varty_Ganj
Naihati_358266",Naihati,West_Bengal,358266.0,"Billing,_Shipping"
TR-00181,CUST-02811,"H.No._51
Gandhi_Zila
Durgapur_652119",Durgapur,West_Bengal,652119.0,Billing
TS-00182,CUST-15757,"236,_Iyengar_Nagar,_Nizamabad_796337",Nizamabad,Telangana,796337.0,Shipping
TS-00183,CUST-10642,"71,_Badal_Nagar
Ramagundam_649972",Ramagundam,Telangana,649972.0,Shipping
MH-00184,CUST-16698,"H.No._648,_Bhandari_Nagar
Jalgaon_643998",Jalgaon,Maharashtra,643998.0,Shipping
CG-00185,CUST-07029,"093,_Sheth_Road
Nagpur_073541",Nagpur,Maharashtra,73541.0,Shipping
OR-00186,CUST-15197,"H.No._759
Malhotra_Marg
Bharatpur_058162",Bharatpur,Rajasthan,58162.0,Billing
TN-00187,CUST-19405,"29,_Bhatti_Road,_Gandhinagar-397074",Gandhinagar,Gujarat,397074.0,Shipping
OR-00188,CUST-13436,"03/996
Kannan_Zila
Bijapur_993938",Bijapur,Karnataka,993938.0,Shipping
BR-00189,CUST-02802,"09
Ramakrishnan_Path
Munger_909957",Munger,Bihar,909957.0,"Billing,_Shipping"
TN-00190,CUST-15337,"H.No._335,_Kannan,_Gandhinagar_662037",Gandhinagar,Gujarat,662037.0,"Billing,_Shipping"
KA-00191,CUST-10412,"H.No._311,_Dyal_Ganj
Mangalore-492237",Mangalore,Karnataka,492237.0,Billing
HR-00192,CUST-18089,"H.No._961,_Sankar_Chowk,_Aurangabad-949607",Aurangabad,Maharashtra,949607.0,Billing
UK-00193,CUST-11082,"49/38,_Mall_Zila,_Jalna_123237",Jalna,Maharashtra,123237.0,Shipping
BR-00194,CUST-09121,"H.No._517,_Mahal_Circle
Jaipur_901651",Jaipur,Rajasthan,901651.0,"Billing,_Shipping"
MP-00195,CUST-12879,"H.No._248,_Dugal_Nagar
Mau-160537",Mau,Uttar_Pradesh,160537.0,"Billing,_Shipping"
WB-00196,CUST-14721,"65/59,_Deshmukh_Zila,_Uluberia-923382",Uluberia,West_Bengal,923382.0,"Billing,_Shipping"
WB-00197,CUST-08220,"68
Hari
Baranagar-801342",Baranagar,West_Bengal,801342.0,"Billing,_Shipping"
RJ-00198,CUST-19749,"34/457,_Chander_Ganj
Rajkot_916355",Rajkot,Gujarat,916355.0,"Billing,_Shipping"
TN-00199,CUST-01428,"H.No._43
Bhardwaj
Tiruppur-540994",Tiruppur,Tamil_Nadu,540994.0,Shipping
CG-00200,CUST-16097,"80,_D’Alia_Road,_Nagpur-645580",Nagpur,Maharashtra,645580.0,"Billing,_Shipping"
KA-00201,CUST-11348,"21/695
Korpal_Nagar
Amaravati_709676",Amaravati,Andhra_Pradesh,709676.0,Shipping
TS-00202,CUST-11274,"247,_Tandon_Circle,_Sirsa_144020",Sirsa,Haryana,144020.0,Shipping
UP-00203,CUST-10248,"H.No._52,_Garde_Ganj,_Raipur-473284",Raipur,Chhattisgarh,473284.0,Billing
BR-00204,CUST-12176,"H.No._69
Shetty_Street
Buxar_066143",Buxar,Bihar,66143.0,"Billing,_Shipping"
KA-00205,CUST-02842,"67/955,_Date_Nagar,_Amaravati_100496",Amaravati,Andhra_Pradesh,100496.0,"Billing,_Shipping"
JH-00206,CUST-17023,"09/81,_Varma_Road
Asansol_082705",Asansol,West_Bengal,82705.0,Shipping
TR-00207,CUST-14998,"49/02
Bhasin_Marg
Chandigarh_549933",Chandigarh,Chandigarh_(Union_Territory),549933.0,Billing
HR-00208,CUST-18268,"H.No._218
Mannan_Street
Bikaner-803537",Bikaner,Rajasthan,803537.0,Shipping
TN-00209,CUST-17262,"25
Konda_Ganj
Chittoor-488546",Chittoor,Andhra_Pradesh,488546.0,"Billing,_Shipping"
WB-00210,CUST-14410,"H.No._850
Raval_Path
Arrah-263713",Arrah,Bihar,263713.0,"Billing,_Shipping"
WB-00211,CUST-18930,"518,_Baria_Nagar,_Naihati_435063",Naihati,West_Bengal,435063.0,Shipping
MP-00212,CUST-19531,"267,_Bala_Chowk,_Gopalpur-780442",Gopalpur,Odisha,780442.0,"Billing,_Shipping"
TN-00213,CUST-16877,"H.No._519,_Sengupta_Marg
Vellore-906956",Vellore,Tamil_Nadu,906956.0,Billing
UP-00214,CUST-19167,"H.No._85,_Dora_Chowk,_Ahmedabad_136922",Ahmedabad,Gujarat,136922.0,Shipping
TN-00215,CUST-08250,"H.No._85,_Chhabra_Chowk,_Gandhinagar-590087",Gandhinagar,Gujarat,590087.0,Shipping
MP-00216,CUST-05860,"87/147,_Maharaj_Circle
Agra-349937",Agra,Uttar_Pradesh,349937.0,"Billing,_Shipping"
JH-00217,CUST-02377,"H.No._48,_Sharaf
Kharagpur_664328",Kharagpur,West_Bengal,664328.0,Shipping
MP-00218,CUST-15276,"H.No._800
Reddy_Circle
Ramgarh-737028",Ramgarh,Jharkhand,737028.0,Shipping
UP-00219,CUST-10690,"73
Gola_Zila
Raipur-828442",Raipur,Chhattisgarh,828442.0,Shipping
OR-00220,CUST-17662,"19,_Mander_Road
Chandrapur_331012",Chandrapur,Maharashtra,331012.0,Shipping
UP-00221,CUST-04282,"H.No._90
Vora_Marg
Burhanpur_636810",Burhanpur,Madhya_Pradesh,636810.0,Billing
KA-00222,CUST-17805,"233,_Salvi_Circle
Amaravati_513482",Amaravati,Andhra_Pradesh,513482.0,Billing
TN-00223,CUST-11295,"46/266,_Chandran_Circle
Pallavaram_652867",Pallavaram,Tamil_Nadu,652867.0,Billing
WB-00224,CUST-02477,"H.No._78,_Seth_Marg,_Bhatpara_781101",Bhatpara,West_Bengal,781101.0,Billing
HR-00225,CUST-17375,"H.No._93,_Brahmbhatt_Road
Siwan-919601",Siwan,Bihar,919601.0,"Billing,_Shipping"
HP-00226,CUST-10043,"H.No._778,_Badal_Street
Udaipur-038342",Udaipur,Rajasthan,38342.0,Billing
UK-00227,CUST-03484,"74/40
Ranganathan_Path
Haridwar_579422",Haridwar,Uttarakhand,579422.0,"Billing,_Shipping"
UK-00228,CUST-13464,"654
Reddy_Road
Shivpuri_055638",Shivpuri,Madhya_Pradesh,55638.0,Billing
GJ-00229,CUST-04717,"638
Cherian_Nagar
Hajipur-963952",Hajipur,Bihar,963952.0,"Billing,_Shipping"
TS-00230,CUST-04149,"39/73,_Thaman_Zila,_Proddatur-844818",Proddatur,Andhra_Pradesh,844818.0,"Billing,_Shipping"
TS-00231,CUST-07691,"H.No._374
Iyer_Street
Proddatur-294639",Proddatur,Andhra_Pradesh,294639.0,"Billing,_Shipping"
BR-00232,CUST-12717,"241
Khare_Chowk
Ballia-277826",Ballia,Uttar_Pradesh,277826.0,Billing
GJ-00233,CUST-11143,"H.No._493,_Divan_Circle,_Ajmer-532187",Ajmer,Rajasthan,532187.0,"Billing,_Shipping"
TS-00235,CUST-07664,"H.No._519
Chaudhry_Road
Ambala-204053",Ambala,Haryana,204053.0,"Billing,_Shipping"
HR-00236,CUST-17513,"893
Kothari_Street
Aurangabad_397915",Aurangabad,Maharashtra,397915.0,Shipping
CG-00237,CUST-17793,"04,_Jaggi_Path,_Malda-030996",Malda,West_Bengal,30996.0,Shipping
TN-00239,CUST-18061,"07/842,_Kadakia_Path,_Pali_235633",Pali,Rajasthan,235633.0,Shipping
UP-00240,CUST-12367,"41/850,_Ben_Path
Chapra-985709",Chapra,Bihar,985709.0,Shipping
TS-00241,CUST-01497,"H.No._473
Warrior
Dindigul_804077",Dindigul,Tamil_Nadu,804077.0,Shipping
UP-00242,CUST-07433,"16
Bhargava_Zila
Bhagalpur_581567",Bhagalpur,Bihar,581567.0,Shipping
KA-00243,CUST-02993,"355,_Batta_Road
Amaravati_707308",Amaravati,Andhra_Pradesh,707308.0,"Billing,_Shipping"
MP-00244,CUST-01347,"H.No._38
Jain_Nagar
Gorakhpur-314065",Gorakhpur,Uttar_Pradesh,314065.0,"Billing,_Shipping"
MH-00245,CUST-08109,"H.No._081,_Upadhyay_Path
Rampur-861818",Rampur,Uttar_Pradesh,861818.0,"Billing,_Shipping"
MP-00246,CUST-01170,"H.No._14
Mahajan_Ganj
Unnao-155971",Unnao,Uttar_Pradesh,155971.0,Billing
MH-00247,CUST-05120,"86/62,_Karan_Street
Malegaon_875354",Malegaon,Maharashtra,875354.0,"Billing,_Shipping"
CG-00248,CUST-14778,"46/265
Sood_Nagar
Sagar-647893",Sagar,Madhya_Pradesh,647893.0,Shipping
UK-00249,CUST-01248,"06/925,_Sridhar_Circle,_Shivpuri_570583",Shivpuri,Madhya_Pradesh,570583.0,Shipping
UP-00250,CUST-17140,"H.No._10,_Lata_Road
Sambhal_685204",Sambhal,Uttar_Pradesh,685204.0,Billing
MH-00251,CUST-03008,"H.No._664,_Lad_Marg,_Nanded_057325",Nanded,Maharashtra,57325.0,Billing
WB-00252,CUST-16903,"691,_Sankar_Marg,_Madhyamgram-940110",Madhyamgram,West_Bengal,940110.0,"Billing,_Shipping"
AS-00253,CUST-02689,"H.No._664
Arora_Marg
Nagaon-809004",Nagaon,Assam,809004.0,Shipping
MH-00254,CUST-10609,"H.No._05
Subramanian_Street
Nanded-801217",Nanded,Maharashtra,801217.0,Shipping
UP-00255,CUST-12061,"38/79,_Swaminathan_Nagar
Firozabad_511525",Firozabad,Uttar_Pradesh,511525.0,Billing
BR-00256,CUST-13301,"06
Dey_Path
Munger-769855",Munger,Bihar,769855.0,Shipping
TS-00257,CUST-19411,"57/11,_Virk_Circle
Nizamabad_721054",Nizamabad,Telangana,721054.0,Shipping
WB-00258,CUST-18573,"23/798
Sekhon_Circle
Panihati-727788",Panihati,West_Bengal,727788.0,"Billing,_Shipping"
OR-00259,CUST-04206,"52
Brahmbhatt_Street
Danapur_785588",Danapur,Bihar,785588.0,Billing
UP-00260,CUST-01360,"85
Grewal_Marg
Bhagalpur-618261",Bhagalpur,Bihar,618261.0,Shipping
RJ-00261,CUST-13989,"91
Barad
Dewas-908022",Dewas,Madhya_Pradesh,908022.0,Billing
WB-00262,CUST-05251,"H.No._67
Kala_Marg
Naihati-154135",Naihati,West_Bengal,154135.0,"Billing,_Shipping"
MP-00263,CUST-01253,"73
Rout_Road
Gorakhpur_869784",Gorakhpur,Uttar_Pradesh,869784.0,Billing
UP-00264,CUST-14706,"96/484
Seshadri_Chowk
Ahmedabad_809658",Ahmedabad,Gujarat,809658.0,"Billing,_Shipping"
OR-00265,CUST-16669,"36/026
Borra_Circle
Bharatpur_381681",Bharatpur,Rajasthan,381681.0,Shipping
MP-00267,CUST-11632,"09/566,_Mander_Nagar
Mau-652705",Mau,Uttar_Pradesh,652705.0,Billing
GJ-00268,CUST-06677,"H.No._524,_Virk_Zila,_Gandhidham_708255",Gandhidham,Gujarat,708255.0,Shipping
WB-00269,CUST-12968,"H.No._45,_Rege_Ganj,_Bhatpara_443149",Bhatpara,West_Bengal,443149.0,"Billing,_Shipping"
WB-00270,CUST-16897,"581,_Loke_Marg,_Madhyamgram-511146",Madhyamgram,West_Bengal,511146.0,Shipping
BR-00271,CUST-15017,"H.No._42
Chawla_Circle
Ballia_151534",Ballia,Uttar_Pradesh,151534.0,"Billing,_Shipping"
MH-00272,CUST-17663,"85/446
Rau_Circle
Yamunanagar_327392",Yamunanagar,Haryana,327392.0,"Billing,_Shipping"
UK-00273,CUST-06783,"418,_Magar_Path,_Jalna-359467",Jalna,Maharashtra,359467.0,Shipping
AP-00274,CUST-14678,"53/591,_Lalla
Dharmavaram-452470",Dharmavaram,Andhra_Pradesh,452470.0,"Billing,_Shipping"
JH-00275,CUST-04196,"H.No._78,_Khosla_Ganj,_Kharagpur_781230",Kharagpur,West_Bengal,781230.0,Billing
HR-00276,CUST-12565,"93/89
Tandon_Ganj
Aurangabad-983388",Aurangabad,Maharashtra,983388.0,"Billing,_Shipping"
TN-00277,CUST-17312,"32
Sastry
Vellore-307143",Vellore,Tamil_Nadu,307143.0,"Billing,_Shipping"
MH-00278,CUST-17002,"85/23,_Kamdar_Circle
Yamunanagar-700561",Yamunanagar,Haryana,700561.0,"Billing,_Shipping"
RJ-00279,CUST-08741,"H.No._99
Khanna_Marg
Rajkot-157221",Rajkot,Gujarat,157221.0,"Billing,_Shipping"
MP-00280,CUST-05567,"H.No._822,_Madan_Circle,_Kishanganj_327276",Kishanganj,Bihar,327276.0,"Billing,_Shipping"
TR-00281,CUST-01400,"H.No._593
Aggarwal_Road
Durgapur_897002",Durgapur,West_Bengal,897002.0,"Billing,_Shipping"
HR-00282,CUST-13858,"H.No._55
Jaggi_Circle
Aurangabad-623957",Aurangabad,Maharashtra,623957.0,Billing
UP-00283,CUST-11995,"78/70,_Badami_Chowk
Burhanpur_762212",Burhanpur,Madhya_Pradesh,762212.0,Shipping
CG-00284,CUST-16180,"H.No._159
Shetty_Chowk
Sagar-340376",Sagar,Madhya_Pradesh,340376.0,Billing
TS-00285,CUST-08917,"897,_Uppal_Ganj,_Ambala_497694",Ambala,Haryana,497694.0,Billing
TS-00286,CUST-02158,"50/765,_Hayer_Road,_Dindigul-207162",Dindigul,Tamil_Nadu,207162.0,"Billing,_Shipping"
RJ-00287,CUST-16924,"509
Seshadri_Nagar
Akola_275059",Akola,Maharashtra,275059.0,Billing
OR-00288,CUST-14587,"H.No._664,_Saraf_Zila
Bharatpur-046851",Bharatpur,Rajasthan,46851.0,Shipping
OR-00289,CUST-01198,"593
Kapadia
Berhampur-351731",Berhampur,Odisha,351731.0,"Billing,_Shipping"
UP-00290,CUST-16856,"29/62,_Karnik,_Ahmedabad_732455",Ahmedabad,Gujarat,732455.0,"Billing,_Shipping"
WB-00291,CUST-10116,"48/87,_Lata_Road
Madhyamgram_483650",Madhyamgram,West_Bengal,483650.0,Billing
HR-00292,CUST-12354,"04,_Khalsa_Marg
Aurangabad_408945",Aurangabad,Maharashtra,408945.0,Shipping
MH-00293,CUST-13583,"H.No._448,_Handa_Circle,_Loni-301822",Loni,Uttar_Pradesh,301822.0,"Billing,_Shipping"
TN-00294,CUST-16617,"60/50
Verma_Road
Tiruppur-502398",Tiruppur,Tamil_Nadu,502398.0,Shipping
WB-00295,CUST-14266,"H.No._356,_Biswas_Road,_Madhyamgram_118260",Madhyamgram,West_Bengal,118260.0,"Billing,_Shipping"
MP-00296,CUST-10320,"64/767
Balan_Nagar
Khandwa-513997",Khandwa,Madhya_Pradesh,513997.0,Shipping
TS-00297,CUST-14770,"64,_Bansal_Zila
Hindupur_220233",Hindupur,Andhra_Pradesh,220233.0,Shipping
CG-00298,CUST-05788,"516,_Walia_Ganj,_Nagpur-645698",Nagpur,Maharashtra,645698.0,Shipping
WB-00299,CUST-11040,"36,_Badal_Zila,_Baranagar-256649",Baranagar,West_Bengal,256649.0,Shipping
WB-00300,CUST-06084,"43/376
Sami_Circle
Kulti-349799",Kulti,West_Bengal,349799.0,Billing
AP-00301,CUST-09145,"H.No._292,_Manne
Gudivada-709359",Gudivada,Andhra_Pradesh,709359.0,Billing
DL-00302,CUST-11412,"52
Kothari_Path
Delhi-867976",Delhi,Delhi_(Union_Territory),867976.0,Billing
MP-00303,CUST-13289,"11/767,_Din_Ganj,_Gorakhpur_581096",Gorakhpur,Uttar_Pradesh,581096.0,Shipping
OR-00304,CUST-04922,"23/64,_Hora_Zila,_Kanpur_336895",Kanpur,Uttar_Pradesh,336895.0,"Billing,_Shipping"
MP-00305,CUST-05650,"41/653,_Koshy,_Kota-221840",Kota,Rajasthan,221840.0,Billing
AS-00306,CUST-14270,"707,_Chander_Path
Bongaigaon-146636",Bongaigaon,Assam,146636.0,Shipping
MH-00307,CUST-07214,"41/700,_Sur_Ganj
Satara_114980",Satara,Maharashtra,114980.0,Billing
MP-00308,CUST-04752,"H.No._011,_Sethi_Circle,_Gorakhpur_978589",Gorakhpur,Uttar_Pradesh,978589.0,Shipping
TS-00309,CUST-13423,"H.No._41,_Sahota_Street
Dindigul_742226",Dindigul,Tamil_Nadu,742226.0,Shipping
HP-00310,CUST-14580,"76/91,_Grewal_Marg,_Udaipur_396359",Udaipur,Rajasthan,396359.0,Billing
OR-00311,CUST-08242,"78/05,_Khatri,_Mathura_752951",Mathura,Uttar_Pradesh,752951.0,Shipping
UP-00312,CUST-18692,"H.No._280,_Tandon_Ganj,_Mirzapur-287937",Mirzapur,Uttar_Pradesh,287937.0,Billing
OR-00313,CUST-14863,"H.No._433,_Bhattacharyya_Road
Danapur-208067",Danapur,Bihar,208067.0,"Billing,_Shipping"
UP-00314,CUST-14730,"42,_Bahri_Path,_Mirzapur-018694",Mirzapur,Uttar_Pradesh,18694.0,Billing
UP-00315,CUST-02345,"075
Warrior_Street
Muzaffarpur-337902",Muzaffarpur,Bihar,337902.0,Billing
KA-00316,CUST-19334,"H.No._483
Thaman_Circle
Mangalore-417927",Mangalore,Karnataka,417927.0,"Billing,_Shipping"
UP-00317,CUST-18738,"380,_Bora_Marg
Jamalpur-368131",Jamalpur,Bihar,368131.0,Shipping
OR-00318,CUST-13375,"83/854
Choudhry_Circle
Patna-543321",Patna,Bihar,543321.0,Shipping
RJ-00319,CUST-11525,"27/691,_Sagar_Ganj,_Akola_392291",Akola,Maharashtra,392291.0,Shipping
OR-00320,CUST-14762,"10/338,_Anne,_Bilaspur_016434",Bilaspur,Chhattisgarh,16434.0,Shipping
WB-00321,CUST-17524,"70/00,_Deep_Path
Bhatpara_529493",Bhatpara,West_Bengal,529493.0,Shipping
UP-00322,CUST-10229,"148,_Chakraborty_Marg,_Muzaffarpur-267656",Muzaffarpur,Bihar,267656.0,Shipping
BR-00323,CUST-02675,"21/587,_Balasubramanian_Nagar,_Munger_940556",Munger,Bihar,940556.0,"Billing,_Shipping"
AP-00324,CUST-16450,"02/948
Manne_Chowk
Jammu-074948",Jammu,Jammu_and_Kashmir,74948.0,Billing
UK-00325,CUST-07983,"880,_Raju_Road
Shivpuri_896614",Shivpuri,Madhya_Pradesh,896614.0,Billing
TN-00326,CUST-10170,"H.No._515,_Goyal_Ganj
Vellore-454187",Vellore,Tamil_Nadu,454187.0,"Billing,_Shipping"
MP-00327,CUST-03910,"91/716
Kuruvilla
Unnao_146553",Unnao,Uttar_Pradesh,146553.0,Shipping
UP-00328,CUST-16406,"97/76,_Aurora_Road,_Chapra_589106",Chapra,Bihar,589106.0,Billing
MP-00329,CUST-15994,"93/058,_Walla_Circle
Gorakhpur-483485",Gorakhpur,Uttar_Pradesh,483485.0,"Billing,_Shipping"
GJ-00330,CUST-11501,"82/462,_Hora_Circle
Ajmer_474115",Ajmer,Rajasthan,474115.0,Billing
TS-00331,CUST-12003,"52/57
Dalal_Nagar
Dindigul-415057",Dindigul,Tamil_Nadu,415057.0,"Billing,_Shipping"
TN-00332,CUST-07128,"53,_Joshi_Nagar,_Tiruppur-511922",Tiruppur,Tamil_Nadu,511922.0,Billing
UP-00333,CUST-13615,"58/804
Dutt_Circle
Karimnagar_237511",Karimnagar,Telangana,237511.0,Billing
OR-00334,CUST-11722,"11/865,_Rana_Zila,_Bijapur_769263",Bijapur,Karnataka,769263.0,Billing
TS-00335,CUST-15599,"95/91
Dugar_Ganj
Proddatur-331974",Proddatur,Andhra_Pradesh,331974.0,Shipping
AS-00336,CUST-06562,"H.No._04,_Bakshi_Chowk,_Bongaigaon_400950",Bongaigaon,Assam,400950.0,Billing
GJ-00337,CUST-12780,"H.No._636,_Chander_Street,_Allahabad_575321",Allahabad,Uttar_Pradesh,575321.0,Billing
GJ-00338,CUST-10810,"00/811,_De_Zila
Gandhidham-730468",Gandhidham,Gujarat,730468.0,"Billing,_Shipping"
JH-00339,CUST-08676,"52,_Kunda_Zila
Asansol-284415",Asansol,West_Bengal,284415.0,"Billing,_Shipping"
UP-00340,CUST-19288,"03/709,_Krishnan_Ganj
Raiganj-913084",Raiganj,West_Bengal,913084.0,Billing
JH-00341,CUST-10266,"03/56,_De,_Mango_606929",Mango,Jharkhand,606929.0,Shipping
AP-00342,CUST-16257,"34,_Dalal_Zila,_Bhimavaram-874605",Bhimavaram,Andhra_Pradesh,874605.0,Billing
MH-00343,CUST-06999,"97,_Char
Nanded_770102",Nanded,Maharashtra,770102.0,Billing
GJ-00344,CUST-13518,"38/29,_Thaker_Marg,_Allahabad_221381",Allahabad,Uttar_Pradesh,221381.0,Shipping
MH-00345,CUST-18697,"H.No._792
Dara
Yamunanagar-387116",Yamunanagar,Haryana,387116.0,Billing
TN-00346,CUST-15875,"H.No._68
Batra_Circle
Gandhinagar-709635",Gandhinagar,Gujarat,709635.0,Shipping
JH-00347,CUST-08410,"30/910,_Sehgal_Zila,_Asansol-891869",Asansol,West_Bengal,891869.0,"Billing,_Shipping"
OR-00348,CUST-18616,"H.No._050,_Raj
Haldia-162095",Haldia,West_Bengal,162095.0,Shipping
MP-00349,CUST-15348,"87/48,_Suresh_Nagar,_Mau_776465",Mau,Uttar_Pradesh,776465.0,"Billing,_Shipping"
WB-00350,CUST-17312,"H.No._84
Garde_Zila
Bhatpara_580259",Bhatpara,West_Bengal,580259.0,Shipping
MH-00351,CUST-04291,"H.No._165,_Suri_Road,_Nanded_698476",Nanded,Maharashtra,698476.0,"Billing,_Shipping"
TN-00352,CUST-03200,"01,_Sankaran_Ganj
Vellore_594539",Vellore,Tamil_Nadu,594539.0,Shipping
BR-00353,CUST-01974,"939,_Kata_Zila
Satna-042284",Satna,Madhya_Pradesh,42284.0,Billing
KA-00354,CUST-03961,"99/71,_Goda_Nagar,_Tumkur-559791",Tumkur,Karnataka,559791.0,Billing
OR-00355,CUST-05393,"32/67
Rege_Nagar
Haldia-207500",Haldia,West_Bengal,207500.0,Billing
UP-00356,CUST-11835,"206,_Srivastava_Zila,_Jamalpur_255526",Jamalpur,Bihar,255526.0,Shipping
AP-00357,CUST-11810,"05
Sant
Jammu_003331",Jammu,Jammu_and_Kashmir,3331.0,Billing
OR-00358,CUST-13347,"H.No._511
Sankaran
Haldia_090918",Haldia,West_Bengal,90918.0,Shipping
CG-00359,CUST-12535,"H.No._373,_Sodhi_Nagar,_Sambalpur_445297",Sambalpur,Odisha,445297.0,Shipping
HR-00360,CUST-13493,"081,_Rastogi,_Aurangabad_999619",Aurangabad,Maharashtra,999619.0,"Billing,_Shipping"
MP-00361,CUST-14448,"85
Basu_Circle
Unnao-997547",Unnao,Uttar_Pradesh,997547.0,Shipping
AP-00362,CUST-10473,"H.No._455
Dhillon_Ganj
Bhimavaram_567913",Bhimavaram,Andhra_Pradesh,567913.0,Shipping
BR-00363,CUST-05827,"66/39,_Comar_Marg
Purnia-139653",Purnia,Bihar,139653.0,Billing
WB-00364,CUST-11674,"443,_Apte_Nagar
Kamarhati-073748",Kamarhati,West_Bengal,73748.0,"Billing,_Shipping"
AS-00365,CUST-08782,"94/381,_Soni_Marg,_Nagaon-366081",Nagaon,Assam,366081.0,Shipping
GJ-00366,CUST-10105,"58/132,_Soman_Circle
Ajmer-870937",Ajmer,Rajasthan,870937.0,"Billing,_Shipping"
UP-00367,CUST-11228,"24,_Verma_Street,_Ahmedabad-604540",Ahmedabad,Gujarat,604540.0,Billing
UK-00368,CUST-06056,"01/610,_Jhaveri_Road
Haridwar-440701",Haridwar,Uttarakhand,440701.0,"Billing,_Shipping"
UP-00369,CUST-06122,"76/770
Dalal_Chowk
Bhagalpur_050576",Bhagalpur,Bihar,50576.0,Billing
KA-00370,CUST-10908,"60/508,_Gara_Marg,_Amaravati_683874",Amaravati,Andhra_Pradesh,683874.0,Shipping
OR-00371,CUST-10717,"H.No._48
Kale
Danapur_275771",Danapur,Bihar,275771.0,Shipping
MH-00372,CUST-05929,"H.No._14,_Walla
Karnal-634898",Karnal,Haryana,634898.0,Billing
JH-00373,CUST-13704,"144,_Lad_Path
Mango_876244",Mango,Jharkhand,876244.0,Billing
GJ-00374,CUST-15617,"41/49
Bala_Path
Hajipur-174136",Hajipur,Bihar,174136.0,"Billing,_Shipping"
UP-00375,CUST-10748,"47/141
Vohra_Zila
Gurgaon-233025",Gurgaon,Haryana,233025.0,Shipping
WB-00376,CUST-17576,"763,_Ramachandran_Chowk
Kamarhati_910375",Kamarhati,West_Bengal,910375.0,"Billing,_Shipping"
CG-00377,CUST-12253,"826
Kata_Ganj
Sagar_974129",Sagar,Madhya_Pradesh,974129.0,Shipping
KL-00378,CUST-16223,"H.No._38,_Chadha_Street
Kollam_765392",Kollam,Kerala,765392.0,Billing
MH-00379,CUST-07600,"079,_Shan_Marg,_Loni-686027",Loni,Uttar_Pradesh,686027.0,"Billing,_Shipping"
TN-00380,CUST-02869,"H.No._93,_Tak_Chowk,_Pali-915574",Pali,Rajasthan,915574.0,"Billing,_Shipping"
TN-00381,CUST-13571,"H.No._066,_Mani_Zila
Salem-031106",Salem,Tamil_Nadu,31106.0,Shipping
MH-00382,CUST-16537,"H.No._085,_Basu_Chowk
Guntur_704145",Guntur,Andhra_Pradesh,704145.0,Shipping
GJ-00383,CUST-10916,"12/083,_Deep_Chowk
Allahabad_515382",Allahabad,Uttar_Pradesh,515382.0,Shipping
UP-00384,CUST-08646,"45/188,_Sidhu_Street
Farrukhabad_460579",Farrukhabad,Uttar_Pradesh,460579.0,Billing
KA-00385,CUST-03960,"15/042,_Devi_Ganj,_Hosur-491571",Hosur,Tamil_Nadu,491571.0,"Billing,_Shipping"
CG-00386,CUST-17241,"74/98,_Bhattacharyya_Zila
Nagpur-509404",Nagpur,Maharashtra,509404.0,"Billing,_Shipping"
BR-00387,CUST-15233,"54/07,_Shan_Nagar
Purnia-443552",Purnia,Bihar,443552.0,Shipping
RJ-00388,CUST-17446,"H.No._431,_Bhasin_Street
Dewas_558461",Dewas,Madhya_Pradesh,558461.0,Shipping
MP-00389,CUST-14492,"39/981,_Amble,_Ramgarh-082076",Ramgarh,Jharkhand,82076.0,Shipping
GJ-00390,CUST-19952,"H.No._642,_Choudhury_Road,_Vadodara_476434",Vadodara,Gujarat,476434.0,Billing
TN-00391,CUST-15627,"32/348,_Sinha_Road,_Pali_160093",Pali,Rajasthan,160093.0,Billing
AS-00392,CUST-17555,"56/88
Varty_Street
Nagaon_663633",Nagaon,Assam,663633.0,Billing
TR-00394,CUST-11805,"H.No._37,_Jhaveri_Marg
Durgapur_442444",Durgapur,West_Bengal,442444.0,"Billing,_Shipping"
OR-00395,CUST-06802,"H.No._937,_Bhattacharyya_Chowk
Berhampur_630498",Berhampur,Odisha,630498.0,Shipping
UK-00397,CUST-12039,"35/33,_Sani_Road,_Jalna-963108",Jalna,Maharashtra,963108.0,Billing
WB-00398,CUST-18314,"89/642,_Lata_Zila
Bhatpara-532031",Bhatpara,West_Bengal,532031.0,Shipping
TS-00399,CUST-16136,"391
Acharya_Ganj
Sirsa_573413",Sirsa,Haryana,573413.0,"Billing,_Shipping"
MP-00400,CUST-09607,"35/14,_Kale_Circle
Jodhpur-498711",Jodhpur,Rajasthan,498711.0,Billing
TS-00401,CUST-19081,"H.No._66
Luthra_Nagar
Sirsa_153255",Sirsa,Haryana,153255.0,"Billing,_Shipping"
MP-00402,CUST-01175,"25,_Chada_Zila
Jhansi-227571",Jhansi,Uttar_Pradesh,227571.0,Billing
TN-00403,CUST-11861,"612
Trivedi
Pali_423820",Pali,Rajasthan,423820.0,Billing
MH-00404,CUST-05863,"H.No._830,_Banik_Chowk
Karnal-176182",Karnal,Haryana,176182.0,Shipping
MP-00405,CUST-14094,"892
Mangal
Indore_740628",Indore,Madhya_Pradesh,740628.0,Billing
MH-00406,CUST-04668,"11
Sachar_Zila
Guntur_626723",Guntur,Andhra_Pradesh,626723.0,Billing
BR-00407,CUST-09778,"24/324,_Balan_Ganj,_Purnia_677133",Purnia,Bihar,677133.0,Shipping
AP-00408,CUST-17785,"44,_Iyer_Marg
Anantapuram-641749",Anantapuram,Andhra_Pradesh,641749.0,Billing
HR-00409,CUST-19658,"821,_Bajaj_Path
Siwan_736966",Siwan,Bihar,736966.0,Shipping
GJ-00410,CUST-01501,"79/01,_Vaidya_Ganj,_Jabalpur_945856",Jabalpur,Madhya_Pradesh,945856.0,Shipping
OR-00411,CUST-10941,"H.No._99,_Chaudhry_Marg,_Chandrapur_049373",Chandrapur,Maharashtra,49373.0,Billing
UK-00412,CUST-15981,"20/655,_Agrawal_Circle
Haridwar-899891",Haridwar,Uttarakhand,899891.0,Shipping
RJ-00413,CUST-18995,"94
Warrior_Road
Fatehpur-254236",Fatehpur,Uttar_Pradesh,254236.0,Billing
TN-00414,CUST-15720,"18/33
Subramanian_Ganj
Gandhinagar_454766",Gandhinagar,Gujarat,454766.0,Shipping
KA-00415,CUST-19049,"H.No._319,_Mahal
Amaravati_750760",Amaravati,Andhra_Pradesh,750760.0,Shipping
BR-00416,CUST-14803,"26,_Chahal_Path
Munger-109524",Munger,Bihar,109524.0,"Billing,_Shipping"
UP-00417,CUST-19106,"42/29,_Barad_Marg
Sambhal-947204",Sambhal,Uttar_Pradesh,947204.0,Billing
TN-00418,CUST-07639,"27,_Basak_Street
Tiruvottiyur-656387",Tiruvottiyur,Tamil_Nadu,656387.0,"Billing,_Shipping"
WB-00419,CUST-19388,"H.No._568
Chhabra_Road
Arrah_385731",Arrah,Bihar,385731.0,Billing
BR-00420,CUST-11489,"96,_Kulkarni_Road
Satna_872826",Satna,Madhya_Pradesh,872826.0,Shipping
AP-00421,CUST-13616,"H.No._71
Wable
Srikakulam-725919",Srikakulam,Andhra_Pradesh,725919.0,Billing
AS-00422,CUST-11796,"H.No._968,_Venkataraman_Chowk,_Bongaigaon-829507",Bongaigaon,Assam,829507.0,"Billing,_Shipping"
MP-00423,CUST-16514,"54,_Bhattacharyya_Chowk,_Jalandhar-837372",Jalandhar,Punjab,837372.0,"Billing,_Shipping"
WB-00424,CUST-19346,"221
Rajagopal_Marg
Madhyamgram-595749",Madhyamgram,West_Bengal,595749.0,Shipping
OR-00425,CUST-16435,"H.No._482
Goel_Zila
Patna-278037",Patna,Bihar,278037.0,"Billing,_Shipping"
MP-00426,CUST-19977,"H.No._53
Tara_Circle
Jodhpur-446919",Jodhpur,Rajasthan,446919.0,"Billing,_Shipping"
WB-00427,CUST-07860,"H.No._941
Sehgal_Path
Naihati_499537",Naihati,West_Bengal,499537.0,Shipping
GJ-00428,CUST-03556,"96/69,_Chandra_Circle
Jabalpur-861483",Jabalpur,Madhya_Pradesh,861483.0,Shipping
CG-00429,CUST-19289,"78/408,_Sunder_Path,_Sambalpur-110711",Sambalpur,Odisha,110711.0,"Billing,_Shipping"
UP-00430,CUST-16567,"23
Gole
Ahmedabad-633050",Ahmedabad,Gujarat,633050.0,Shipping
MH-00431,CUST-14189,"H.No._40,_Tailor_Marg,_Bhiwandi_364295",Bhiwandi,Maharashtra,364295.0,"Billing,_Shipping"
TS-00432,CUST-19234,"H.No._136,_Ray_Nagar
Nizamabad-275464",Nizamabad,Telangana,275464.0,"Billing,_Shipping"
MP-00433,CUST-16068,"58/995
Khanna_Road
Jalandhar-734434",Jalandhar,Punjab,734434.0,"Billing,_Shipping"
KA-00434,CUST-03184,"815,_Kari_Road
Mangalore-704443",Mangalore,Karnataka,704443.0,Shipping
WB-00435,CUST-16969,"25,_Sabharwal_Marg,_Panihati_626461",Panihati,West_Bengal,626461.0,Shipping
TN-00436,CUST-19909,"H.No._031,_Deshpande_Ganj,_Chittoor_483173",Chittoor,Andhra_Pradesh,483173.0,Billing
BR-00437,CUST-14944,"566,_Bajaj_Marg
Satna_359000",Satna,Madhya_Pradesh,359000.0,Billing
UP-00438,CUST-11829,"69,_Barad_Street
Bhagalpur-136692",Bhagalpur,Bihar,136692.0,"Billing,_Shipping"
TN-00439,CUST-13469,"560
Shah_Chowk
Gandhinagar-837558",Gandhinagar,Gujarat,837558.0,Billing
TS-00440,CUST-05943,"746,_Shroff_Road,_Ambala_009610",Ambala,Haryana,9610.0,Shipping
CG-00441,CUST-07117,"51/79,_Dhar_Zila
Sambalpur_307141",Sambalpur,Odisha,307141.0,Billing
KA-00442,CUST-12632,"208,_Tank_Road,_Hosur_187746",Hosur,Tamil_Nadu,187746.0,Billing
WB-00443,CUST-10339,"46,_Loke_Circle
Uluberia-938421",Uluberia,West_Bengal,938421.0,Billing
WB-00444,CUST-12504,"89/747,_Iyengar_Circle,_Uluberia_497051",Uluberia,West_Bengal,497051.0,Shipping
UP-00445,CUST-05491,"08
Garde_Chowk
Muzaffarpur_645411",Muzaffarpur,Bihar,645411.0,Shipping
TR-00446,CUST-17894,"82/434
Mangal_Chowk
Durgapur-007199",Durgapur,West_Bengal,7199.0,Shipping
OR-00447,CUST-10058,"71/16,_Gill_Circle
Mathura-627170",Mathura,Uttar_Pradesh,627170.0,"Billing,_Shipping"
UP-00448,CUST-18479,"H.No._02,_Sama_Chowk
Firozabad-268015",Firozabad,Uttar_Pradesh,268015.0,"Billing,_Shipping"
JH-00449,CUST-09650,"466
Rajagopal_Nagar
Phusro-824129",Phusro,Jharkhand,824129.0,"Billing,_Shipping"
MP-00450,CUST-15871,"35/398,_Andra_Marg,_Ramgarh_916244",Ramgarh,Jharkhand,916244.0,Shipping
RJ-00451,CUST-17408,"12/91,_Anne_Path,_Dewas_335399",Dewas,Madhya_Pradesh,335399.0,Billing
AP-00452,CUST-15112,"06/02
Andra_Road
Dharmavaram-099810",Dharmavaram,Andhra_Pradesh,99810.0,Billing
WB-00453,CUST-02039,"H.No._99,_Hayre_Zila
Naihati_880024",Naihati,West_Bengal,880024.0,Shipping
CG-00454,CUST-04256,"H.No._30,_Agate_Road
Nagpur_987363",Nagpur,Maharashtra,987363.0,"Billing,_Shipping"
HR-00455,CUST-06574,"23/788,_Loyal_Ganj,_Bikaner_561722",Bikaner,Rajasthan,561722.0,"Billing,_Shipping"
BR-00456,CUST-06313,"31/13,_Baral_Marg,_Munger-921278",Munger,Bihar,921278.0,Shipping
MH-00457,CUST-16061,"H.No._23,_Bawa_Nagar,_Rampur-555572",Rampur,Uttar_Pradesh,555572.0,Shipping
OR-00458,CUST-03011,"H.No._315,_Rana
Bilaspur-702420",Bilaspur,Chhattisgarh,702420.0,Shipping
GJ-00459,CUST-15550,"73/740,_Sharma_Road
Hajipur_485081",Hajipur,Bihar,485081.0,"Billing,_Shipping"
GJ-00460,CUST-11339,"362,_Barad,_Vadodara-931068",Vadodara,Gujarat,931068.0,Billing
WB-00461,CUST-03447,"H.No._44
Khanna_Nagar
Arrah_079849",Arrah,Bihar,79849.0,"Billing,_Shipping"
AS-00463,CUST-19751,"48/83,_Solanki_Path,_Bongaigaon-166788",Bongaigaon,Assam,166788.0,Shipping
TN-00464,CUST-19321,"H.No._387,_Sinha_Zila,_Salem-277004",Salem,Tamil_Nadu,277004.0,Billing
BR-00465,CUST-19284,"H.No._870
Rajagopal_Zila
Jaipur-620196",Jaipur,Rajasthan,620196.0,Billing
JH-00466,CUST-04850,"30,_Bir_Path,_Asansol-814103",Asansol,West_Bengal,814103.0,Shipping
AS-00467,CUST-10295,"85/828,_Tandon_Zila
Siliguri_721843",Siliguri,West_Bengal,721843.0,Billing
JH-00468,CUST-06098,"H.No._033,_Sur_Chowk
Asansol_636873",Asansol,West_Bengal,636873.0,Billing
WB-00469,CUST-07095,"H.No._977,_Sahni_Circle,_Madhyamgram-921806",Madhyamgram,West_Bengal,921806.0,"Billing,_Shipping"
MH-00470,CUST-10807,"H.No._378
Issac_Chowk
Rampur-708959",Rampur,Uttar_Pradesh,708959.0,Billing
MH-00471,CUST-14054,"20,_Karpe_Road,_Satara_641040",Satara,Maharashtra,641040.0,Shipping
GJ-00472,CUST-12464,"H.No._30,_Dugar_Street
Jabalpur-512058",Jabalpur,Madhya_Pradesh,512058.0,"Billing,_Shipping"
MP-00473,CUST-11445,"20,_Korpal_Path
Indore_220155",Indore,Madhya_Pradesh,220155.0,"Billing,_Shipping"
UP-00474,CUST-18824,"15/05,_Sandhu_Ganj
Gurgaon_580178",Gurgaon,Haryana,580178.0,Shipping
MH-00475,CUST-18243,"84/495
Singh_Marg
Rampur-962420",Rampur,Uttar_Pradesh,962420.0,"Billing,_Shipping"
OR-00476,CUST-15942,"H.No._23
Suri
Danapur-972427",Danapur,Bihar,972427.0,Billing
HR-00477,CUST-00287,"79,_Bera_Marg,_Siwan-609094",Siwan,Bihar,609094.0,Billing
MP-00478,CUST-08884,"H.No._622,_Dhawan_Street
Khandwa-914288",Khandwa,Madhya_Pradesh,914288.0,Shipping
MH-00479,CUST-16230,"H.No._864
Apte_Marg
Guntur_651032",Guntur,Andhra_Pradesh,651032.0,"Billing,_Shipping"
MH-00480,CUST-17834,"30/802,_Dyal
Satara-280214",Satara,Maharashtra,280214.0,Shipping
JH-00481,CUST-04327,"H.No._06
Shah_Road
Kharagpur_490017",Kharagpur,West_Bengal,490017.0,Billing
JH-00482,CUST-03697,"53,_Manda_Path
Kharagpur_949166",Kharagpur,West_Bengal,949166.0,"Billing,_Shipping"
OR-00483,CUST-14513,"87
Sinha_Street
Haldia_200637",Haldia,West_Bengal,200637.0,"Billing,_Shipping"
UP-00484,CUST-09114,"98/82
Sheth
Sambhal_294782",Sambhal,Uttar_Pradesh,294782.0,"Billing,_Shipping"
WB-00485,CUST-12597,"H.No._133,_Thakur_Circle,_Bally-947549",Bally,West_Bengal,947549.0,Shipping
UK-00486,CUST-17422,"24/92,_Keer_Road,_Shivpuri-382540",Shivpuri,Madhya_Pradesh,382540.0,Billing
OR-00487,CUST-12212,"32,_Mane_Street,_Mathura_121720",Mathura,Uttar_Pradesh,121720.0,Shipping
OR-00488,CUST-13600,"H.No._784
Verma_Marg
Anantapur_489160",Anantapur,Andhra_Pradesh,489160.0,Shipping
MH-00489,CUST-11912,"867
Anand_Nagar
Jalgaon_070229",Jalgaon,Maharashtra,70229.0,Shipping
AS-00490,CUST-15890,"738,_Ratti_Circle
Bongaigaon_889091",Bongaigaon,Assam,889091.0,"Billing,_Shipping"
CG-00491,CUST-08598,"H.No._71,_Edwin_Nagar,_Sagar-937280",Sagar,Madhya_Pradesh,937280.0,"Billing,_Shipping"
DL-00492,CUST-18936,"604,_Agarwal_Ganj
Delhi_789316",Delhi,Delhi_(Union_Territory),789316.0,"Billing,_Shipping"
MP-00493,CUST-10593,"07/13,_Rama
Jodhpur_029601",Jodhpur,Rajasthan,29601.0,Billing
GJ-00494,CUST-06908,"523,_Sastry_Circle
Jabalpur-819391",Jabalpur,Madhya_Pradesh,819391.0,Shipping
AS-00495,CUST-02806,"12/197,_Sarin_Marg
Nagaon_087547",Nagaon,Assam,87547.0,Shipping
BR-00496,CUST-02741,"48/00,_Chawla_Path,_Ballia_487270",Ballia,Uttar_Pradesh,487270.0,Billing
BR-00497,CUST-18187,"H.No._33
Talwar_Zila
Jaipur-326738",Jaipur,Rajasthan,326738.0,Shipping
UP-00498,CUST-17140,"657,_Koshy_Chowk
Raiganj-138023",Raiganj,West_Bengal,138023.0,Billing
KA-00499,CUST-03188,"H.No._73
Brahmbhatt_Street
Hosur-831447",Hosur,Tamil_Nadu,831447.0,"Billing,_Shipping"
MP-00500,CUST-16218,"H.No._77,_Varughese_Zila,_Jhansi_348137",Jhansi,Uttar_Pradesh,348137.0,Billing
TN-00501,CUST-16590,"73,_Bajaj,_Pali_641893",Pali,Rajasthan,641893.0,Billing
CG-00502,CUST-02243,"97,_Andra_Path
Malda_643716",Malda,West_Bengal,643716.0,Billing
OR-00503,CUST-08512,"H.No._121,_Randhawa
Anantapur-516093",Anantapur,Andhra_Pradesh,516093.0,Billing
TS-00504,CUST-09883,"30,_Gole
Ramagundam_033746",Ramagundam,Telangana,33746.0,Billing
OR-00505,CUST-07737,"012
Karpe
Mathura-388966",Mathura,Uttar_Pradesh,388966.0,"Billing,_Shipping"
CG-00506,CUST-06034,"66,_Majumdar,_Nagpur-906878",Nagpur,Maharashtra,906878.0,"Billing,_Shipping"
WB-00507,CUST-18519,"H.No._208,_Tripathi,_Uluberia_822730",Uluberia,West_Bengal,822730.0,"Billing,_Shipping"
KA-00508,CUST-08105,"84/00,_Varughese_Circle
Tumkur_316997",Tumkur,Karnataka,316997.0,Billing
OR-00509,CUST-14897,"H.No._46,_Saraf_Circle,_Kanpur-778912",Kanpur,Uttar_Pradesh,778912.0,"Billing,_Shipping"
RJ-00510,CUST-03305,"79/92,_Chokshi_Nagar
Fatehpur-418000",Fatehpur,Uttar_Pradesh,418000.0,Billing
RJ-00511,CUST-05316,"H.No._22,_Thakkar_Ganj
Dewas-279445",Dewas,Madhya_Pradesh,279445.0,Billing
AS-00512,CUST-07266,"H.No._68
Aggarwal_Path
Siliguri-199079",Siliguri,West_Bengal,199079.0,Billing
TN-00513,CUST-10037,"H.No._577,_Raval_Marg
Gandhinagar-938117",Gandhinagar,Gujarat,938117.0,"Billing,_Shipping"
UP-00514,CUST-07590,"59/684
Gade_Chowk
Bhagalpur_315113",Bhagalpur,Bihar,315113.0,Billing
UP-00515,CUST-05117,"H.No._97,_Balasubramanian_Ganj,_Burhanpur-949696",Burhanpur,Madhya_Pradesh,949696.0,"Billing,_Shipping"
MH-00516,CUST-06944,"22/021,_Bhargava_Road
Jalgaon_972551",Jalgaon,Maharashtra,972551.0,"Billing,_Shipping"
OR-00517,CUST-18783,"568
Chauhan_Road
Bijapur-028195",Bijapur,Karnataka,28195.0,"Billing,_Shipping"
TS-00518,CUST-01865,"12
Som_Nagar
Ambala_250718",Ambala,Haryana,250718.0,Billing
OR-00519,CUST-01650,"540
Vaidya
Danapur_312046",Danapur,Bihar,312046.0,Billing
MP-00520,CUST-00430,"H.No._029
Chad_Ganj
Dehri-522431",Dehri,Bihar,522431.0,Shipping
BR-00521,CUST-18146,"H.No._90,_Basak_Marg
Purnia-723018",Purnia,Bihar,723018.0,Shipping
OR-00522,CUST-00077,"H.No._92,_Dugar_Road,_Patna-791840",Patna,Bihar,791840.0,"Billing,_Shipping"
TR-00523,CUST-06910,"93/30
Suri_Nagar
Chandigarh_331776",Chandigarh,Chandigarh_(Union_Territory),331776.0,Shipping
WB-00524,CUST-01419,"720,_Viswanathan_Street,_Naihati_917177",Naihati,West_Bengal,917177.0,"Billing,_Shipping"
MP-00525,CUST-04607,"78,_Bora_Road,_Jodhpur-320009",Jodhpur,Rajasthan,320009.0,"Billing,_Shipping"
HR-00526,CUST-16721,"792
Lalla_Zila
Aurangabad_261555",Aurangabad,Maharashtra,261555.0,Billing
UP-00527,CUST-16832,"73/089,_Sama_Marg
Raipur_460500",Raipur,Chhattisgarh,460500.0,Shipping
GJ-00528,CUST-19601,"796,_Deo_Ganj,_Hajipur_110226",Hajipur,Bihar,110226.0,"Billing,_Shipping"
MH-00529,CUST-10948,"58,_Karan_Ganj,_Jalgaon-209875",Jalgaon,Maharashtra,209875.0,Billing
WB-00530,CUST-16691,"H.No._622,_Varkey_Zila,_Bally-222145",Bally,West_Bengal,222145.0,"Billing,_Shipping"
BR-00531,CUST-11296,"12/92
Suresh_Circle
Purnia_457644",Purnia,Bihar,457644.0,"Billing,_Shipping"
UP-00532,CUST-08233,"H.No._664,_Singh_Nagar
Ahmedabad-303110",Ahmedabad,Gujarat,303110.0,"Billing,_Shipping"
UP-00533,CUST-17492,"068,_Rattan_Circle,_Burhanpur_303538",Burhanpur,Madhya_Pradesh,303538.0,Billing
MH-00534,CUST-18997,"51/74
Sangha_Chowk
Loni-627033",Loni,Uttar_Pradesh,627033.0,Shipping
GJ-00535,CUST-11535,"42,_Solanki_Circle,_Ajmer-837530",Ajmer,Rajasthan,837530.0,Shipping
BR-00536,CUST-14503,"H.No._158,_Sidhu_Circle,_Buxar-072173",Buxar,Bihar,72173.0,"Billing,_Shipping"
UP-00537,CUST-02899,"H.No._57,_Sheth_Road,_Muzaffarpur-155113",Muzaffarpur,Bihar,155113.0,Shipping
CG-00538,CUST-11782,"21/32,_Ganguly_Circle,_Nagpur-060448",Nagpur,Maharashtra,60448.0,"Billing,_Shipping"
TN-00539,CUST-07955,"38/740
Date_Street
Tiruppur_246445",Tiruppur,Tamil_Nadu,246445.0,Billing
HR-00540,CUST-07675,"H.No._54,_Kaur_Marg,_Bikaner_886487",Bikaner,Rajasthan,886487.0,Billing
WB-00541,CUST-12961,"10/52,_Das_Street,_Arrah-237344",Arrah,Bihar,237344.0,Billing
OR-00542,CUST-14865,"46/077,_Deep_Road,_Berhampur-509114",Berhampur,Odisha,509114.0,Shipping
HR-00543,CUST-17438,"21,_Sen_Ganj,_Aurangabad_963780",Aurangabad,Maharashtra,963780.0,Billing
GJ-00544,CUST-19574,"H.No._70,_Kulkarni_Road,_Jabalpur-994585",Jabalpur,Madhya_Pradesh,994585.0,Billing
OR-00545,CUST-05745,"61/986,_Tailor_Zila
Chandrapur-512346",Chandrapur,Maharashtra,512346.0,"Billing,_Shipping"
GJ-00546,CUST-16586,"32/49
Chowdhury_Circle
Ajmer_160830",Ajmer,Rajasthan,160830.0,Billing
TS-00547,CUST-00709,"27
Rajagopal_Zila
Nizamabad-365935",Nizamabad,Telangana,365935.0,Shipping
MH-00548,CUST-13990,"H.No._163,_Dutt_Chowk
Nanded-167017",Nanded,Maharashtra,167017.0,"Billing,_Shipping"
TN-00549,CUST-18922,"H.No._63
Saran_Marg
Tiruppur_916512",Tiruppur,Tamil_Nadu,916512.0,Billing
TS-00550,CUST-17427,"123,_Soman_Chowk
Ramagundam_532474",Ramagundam,Telangana,532474.0,Billing
UP-00551,CUST-03333,"H.No._84,_Kant_Chowk,_Raipur-826269",Raipur,Chhattisgarh,826269.0,Billing
GJ-00552,CUST-15199,"17,_Shukla_Ganj
Ajmer_614415",Ajmer,Rajasthan,614415.0,Billing
UP-00553,CUST-16815,"80/547,_Virk_Road,_Raipur_909368",Raipur,Chhattisgarh,909368.0,"Billing,_Shipping"
DL-00554,CUST-03100,"30/86
Luthra_Nagar
Delhi_166540",Delhi,Delhi_(Union_Territory),166540.0,Billing
TS-00555,CUST-04714,"H.No._215
Krish_Nagar
Srinagar-264449",Srinagar,Jammu_and_Kashmir,264449.0,"Billing,_Shipping"
MP-00556,CUST-19600,"140,_Bath_Road
Kota-999462",Kota,Rajasthan,999462.0,"Billing,_Shipping"
WB-00557,CUST-03725,"53/90
Chauhan_Street
Naihati_326401",Naihati,West_Bengal,326401.0,Shipping
HR-00558,CUST-12379,"16/14,_Dave_Marg,_Siwan-478409",Siwan,Bihar,478409.0,Shipping
OR-00559,CUST-10567,"41/980,_Ahuja_Chowk
Danapur-969901",Danapur,Bihar,969901.0,"Billing,_Shipping"
MP-00560,CUST-14607,"43/334
Lanka
Unnao_352776",Unnao,Uttar_Pradesh,352776.0,"Billing,_Shipping"
JH-00561,CUST-15071,"40/09
Arya_Street
Mango_367280",Mango,Jharkhand,367280.0,"Billing,_Shipping"
GJ-00562,CUST-18120,"51/319,_Joshi
Ajmer-582074",Ajmer,Rajasthan,582074.0,"Billing,_Shipping"
MH-00563,CUST-09234,"H.No._33
Ben_Ganj
Rampur_282494",Rampur,Uttar_Pradesh,282494.0,Billing
MH-00564,CUST-14463,"12,_Badal_Marg,_Satara_135301",Satara,Maharashtra,135301.0,"Billing,_Shipping"
OR-00565,CUST-04522,"96/198
Borra_Ganj
Bilaspur-502700",Bilaspur,Chhattisgarh,502700.0,Shipping
TS-00566,CUST-18833,"18/84,_Sachar_Road
Srinagar-714645",Srinagar,Jammu_and_Kashmir,714645.0,"Billing,_Shipping"
MP-00567,CUST-13734,"60/605,_Ahluwalia,_Agra_601154",Agra,Uttar_Pradesh,601154.0,Billing
JH-00568,CUST-09809,"H.No._085
Ranganathan_Path
Kharagpur_322926",Kharagpur,West_Bengal,322926.0,Shipping
MH-00569,CUST-13364,"17
De_Marg
Satara_551042",Satara,Maharashtra,551042.0,Billing
WB-00570,CUST-19336,"H.No._71,_Korpal_Chowk
Kulti-556803",Kulti,West_Bengal,556803.0,Shipping
UP-00571,CUST-08872,"H.No._156
Krish
Firozabad-183894",Firozabad,Uttar_Pradesh,183894.0,"Billing,_Shipping"
MP-00572,CUST-10932,"372,_Bir_Nagar
Gopalpur-382683",Gopalpur,Odisha,382683.0,Shipping
UP-00573,CUST-11467,"420,_Ahuja_Zila,_Mirzapur-053103",Mirzapur,Uttar_Pradesh,53103.0,"Billing,_Shipping"
RJ-00574,CUST-06258,"H.No._351,_Tak_Path
Rajkot-517872",Rajkot,Gujarat,517872.0,Billing
CG-00575,CUST-12158,"11/04
Bhatti_Circle
Malda-890302",Malda,West_Bengal,890302.0,Shipping
WB-00576,CUST-11686,"73/00
Magar_Street
Bidhannagar-616904",Bidhannagar,West_Bengal,616904.0,Shipping
TN-00577,CUST-15669,"69,_Tella_Zila,_Vellore_872445",Vellore,Tamil_Nadu,872445.0,Billing
WB-00578,CUST-06675,"H.No._923,_Mannan_Marg,_Baranagar_219743",Baranagar,West_Bengal,219743.0,Billing
WB-00579,CUST-17330,"745
Apte_Chowk
Naihati_112370",Naihati,West_Bengal,112370.0,Shipping
HR-00580,CUST-00546,"97,_Chacko_Circle
Aurangabad_718738",Aurangabad,Maharashtra,718738.0,Billing
WB-00582,CUST-13028,"16,_Shan_Ganj,_Bidhannagar_756020",Bidhannagar,West_Bengal,756020.0,Billing
WB-00583,CUST-16850,"28,_Sharaf
Bidhannagar-793421",Bidhannagar,West_Bengal,793421.0,Billing
UK-00584,CUST-17589,"455
Dani_Circle
Haridwar_183314",Haridwar,Uttarakhand,183314.0,Shipping
HR-00585,CUST-11347,"61/45
Virk_Chowk
Siwan-091653",Siwan,Bihar,91653.0,Shipping
UP-00586,CUST-11866,"63
Tata_Street
Sambhal-186318",Sambhal,Uttar_Pradesh,186318.0,Billing
MP-00587,CUST-11229,"28,_Wable_Zila
Gorakhpur_023047",Gorakhpur,Uttar_Pradesh,23047.0,Shipping
KA-00588,CUST-17601,"H.No._440
Rout_Street
Hospet-616245",Hospet,Karnataka,616245.0,Billing
BR-00589,CUST-00556,"H.No._782,_Virk_Chowk
Munger_756299",Munger,Bihar,756299.0,Billing
KA-00590,CUST-14218,"78/531,_Aurora_Zila
Solapur-674764",Solapur,Maharashtra,674764.0,Billing
GJ-00591,CUST-06511,"H.No._729
Mahal_Zila
Ajmer-884106",Ajmer,Rajasthan,884106.0,Billing
HR-00592,CUST-12911,"170,_Rege_Circle,_Aurangabad_046164",Aurangabad,Maharashtra,46164.0,Billing
CG-00593,CUST-11252,"H.No._92,_Raju_Path,_Bhilai_338668",Bhilai,Chhattisgarh,338668.0,Shipping
TS-00594,CUST-02532,"84/48,_Sharma_Ganj
Ramagundam-295115",Ramagundam,Telangana,295115.0,Shipping
MP-00595,CUST-13834,"986,_Dhaliwal_Zila
Jodhpur-629027",Jodhpur,Rajasthan,629027.0,Shipping
AP-00596,CUST-10330,"H.No._117,_Bora
Jammu-425080",Jammu,Jammu_and_Kashmir,425080.0,Shipping
OR-00597,CUST-11534,"270,_Talwar,_Bilaspur-879796",Bilaspur,Chhattisgarh,879796.0,"Billing,_Shipping"
UP-00598,CUST-15549,"26/58
Chawla_Marg
Chapra_808407",Chapra,Bihar,808407.0,Billing
TN-00599,CUST-14151,"805
Divan_Chowk
Pallavaram-660901",Pallavaram,Tamil_Nadu,660901.0,Billing
KL-00600,CUST-05547,"57/15,_Shanker_Ganj,_Kollam-516307",Kollam,Kerala,516307.0,Billing
UP-00601,CUST-13396,"40/85
Banerjee_Chowk
Mirzapur_753874",Mirzapur,Uttar_Pradesh,753874.0,Shipping
OR-00602,CUST-06159,"34/974
Zacharia_Nagar
Patna-725222",Patna,Bihar,725222.0,"Billing,_Shipping"
CG-00603,CUST-15752,"282,_Sur_Nagar
Nagpur-408268",Nagpur,Maharashtra,408268.0,Shipping
TR-00604,CUST-11541,"H.No._44,_Bala
Chandigarh_471216",Chandigarh,Chandigarh_(Union_Territory),471216.0,Shipping
HR-00605,CUST-18272,"H.No._45,_Basu_Circle
Siwan-186841",Siwan,Bihar,186841.0,Billing
TN-00606,CUST-02490,"H.No._683,_Chad_Street
Pallavaram-060333",Pallavaram,Tamil_Nadu,60333.0,Billing
MP-00607,CUST-04929,"15/83
Vig_Nagar
Jhansi_514969",Jhansi,Uttar_Pradesh,514969.0,"Billing,_Shipping"
CG-00608,CUST-03315,"20/86,_D’Alia
Sagar-829267",Sagar,Madhya_Pradesh,829267.0,Shipping
UP-00609,CUST-19137,"213,_Agarwal,_Karimnagar_368348",Karimnagar,Telangana,368348.0,Billing
OR-00610,CUST-12226,"17/26,_Krishnan_Chowk,_Chandrapur-429770",Chandrapur,Maharashtra,429770.0,Billing
HR-00611,CUST-17620,"49/773,_Choudhary_Ganj
Aurangabad_650304",Aurangabad,Maharashtra,650304.0,Billing
TS-00612,CUST-15971,"20,_Bobal_Circle,_Srinagar-000959",Srinagar,Jammu_and_Kashmir,959.0,Billing
TS-00613,CUST-01555,"H.No._73,_Yohannan_Nagar
Dindigul_975044",Dindigul,Tamil_Nadu,975044.0,"Billing,_Shipping"
CG-00614,CUST-05212,"77/035,_Balay_Nagar
Malda_302170",Malda,West_Bengal,302170.0,"Billing,_Shipping"
WB-00615,CUST-18314,"H.No._730,_Raman_Chowk,_Aligarh-057568",Aligarh,Uttar_Pradesh,57568.0,Shipping
UK-00616,CUST-10573,"846,_Goswami_Circle
Shivpuri-613285",Shivpuri,Madhya_Pradesh,613285.0,Billing
JH-00617,CUST-06940,"21,_Keer_Nagar
Asansol_242267",Asansol,West_Bengal,242267.0,Shipping
UP-00618,CUST-19881,"91,_Lall_Zila,_Mirzapur-121978",Mirzapur,Uttar_Pradesh,121978.0,Billing
HR-00619,CUST-11214,"31/864,_Khosla_Ganj,_Aurangabad-548952",Aurangabad,Maharashtra,548952.0,Shipping
BR-00620,CUST-14417,"H.No._680,_Bains_Marg
Jaipur-594176",Jaipur,Rajasthan,594176.0,Billing
UP-00621,CUST-07981,"420
Raja_Road
Burhanpur-631419",Burhanpur,Madhya_Pradesh,631419.0,"Billing,_Shipping"
MP-00622,CUST-04512,"H.No._96,_Chandra_Street,_Khandwa-965196",Khandwa,Madhya_Pradesh,965196.0,Shipping
UP-00623,CUST-02050,"H.No._121,_Soman_Marg,_Karimnagar-808306",Karimnagar,Telangana,808306.0,Billing
TR-00624,CUST-19847,"H.No._201,_Buch_Zila,_Chandigarh-503235",Chandigarh,Chandigarh_(Union_Territory),503235.0,Shipping
MP-00625,CUST-13061,"31/524,_Barman_Nagar,_Jhansi_848507",Jhansi,Uttar_Pradesh,848507.0,Billing
RJ-00626,CUST-09943,"10/13,_Dugal_Marg
Fatehpur_202953",Fatehpur,Uttar_Pradesh,202953.0,Shipping
JH-00627,CUST-11383,"70/576,_Dash_Street,_Kharagpur_600173",Kharagpur,West_Bengal,600173.0,Shipping
AP-00628,CUST-10128,"H.No._877,_Kari_Ganj
Dharmavaram-444345",Dharmavaram,Andhra_Pradesh,444345.0,Billing
UP-00629,CUST-01064,"74,_Mani
Chapra_938652",Chapra,Bihar,938652.0,Billing
KA-00630,CUST-16269,"00,_Contractor_Street
Solapur_594315",Solapur,Maharashtra,594315.0,"Billing,_Shipping"
AS-00631,CUST-08581,"H.No._003,_Toor_Chowk,_Bongaigaon_569377",Bongaigaon,Assam,569377.0,"Billing,_Shipping"
MP-00632,CUST-18792,"22/334,_Bhatt,_Agra_878620",Agra,Uttar_Pradesh,878620.0,"Billing,_Shipping"
GJ-00633,CUST-18889,"157
Badami_Chowk
Vadodara-932650",Vadodara,Gujarat,932650.0,Billing
TN-00634,CUST-19198,"59/205,_Dutt_Path,_Tiruvottiyur_754459",Tiruvottiyur,Tamil_Nadu,754459.0,Shipping
OR-00635,CUST-12704,"85/55
Sem_Road
Mathura_817247",Mathura,Uttar_Pradesh,817247.0,Billing
OR-00636,CUST-06005,"33
Doshi_Nagar
Patna_006066",Patna,Bihar,6066.0,Billing
HP-00637,CUST-13344,"H.No._803,_Zachariah_Chowk,_Udaipur_603502",Udaipur,Rajasthan,603502.0,"Billing,_Shipping"
MP-00638,CUST-06354,"47/644,_Dasgupta_Road,_Gorakhpur-277527",Gorakhpur,Uttar_Pradesh,277527.0,Billing
TN-00639,CUST-04910,"42/48,_Keer_Street
Vellore-806536",Vellore,Tamil_Nadu,806536.0,Shipping
WB-00640,CUST-16093,"H.No._061,_Mani_Zila,_Naihati_733306",Naihati,West_Bengal,733306.0,"Billing,_Shipping"
WB-00641,CUST-13566,"H.No._337
Tailor_Marg
Uluberia-981210",Uluberia,West_Bengal,981210.0,Shipping
UK-00642,CUST-01240,"H.No._560
Dar_Circle
Jalna-891561",Jalna,Maharashtra,891561.0,Shipping
AP-00643,CUST-08087,"71
Kadakia_Circle
Gudivada-542911",Gudivada,Andhra_Pradesh,542911.0,Billing
TS-00644,CUST-12127,"16/51,_Thaman
Dindigul-730948",Dindigul,Tamil_Nadu,730948.0,"Billing,_Shipping"
OR-00645,CUST-12915,"H.No._157,_Vaidya_Zila
Bharatpur_320183",Bharatpur,Rajasthan,320183.0,Shipping
GJ-00646,CUST-07626,"18,_Bhakta,_Vadodara-497606",Vadodara,Gujarat,497606.0,Shipping
MP-00647,CUST-10029,"19
Batta_Circle
Unnao_332456",Unnao,Uttar_Pradesh,332456.0,"Billing,_Shipping"
HP-00648,CUST-09007,"73/01
Bains_Chowk
Udaipur-172040",Udaipur,Rajasthan,172040.0,Shipping
CG-00649,CUST-12073,"24
Wali_Zila
Sagar_950911",Sagar,Madhya_Pradesh,950911.0,Billing
UP-00650,CUST-13997,"55/218,_Khanna_Ganj
Raiganj-065534",Raiganj,West_Bengal,65534.0,Shipping
BR-00651,CUST-04237,"37
Ahuja_Marg
Buxar_647732",Buxar,Bihar,647732.0,Shipping
MP-00652,CUST-10692,"H.No._772,_Bobal_Nagar
Ramgarh-683714",Ramgarh,Jharkhand,683714.0,Billing
WB-00653,CUST-04068,"61/779,_Dalal_Chowk,_Bally_715568",Bally,West_Bengal,715568.0,Shipping
BR-00654,CUST-07310,"83
Khare
Munger_490624",Munger,Bihar,490624.0,Shipping
HP-00655,CUST-08313,"35/291
Bumb_Circle
Udaipur_564574",Udaipur,Rajasthan,564574.0,Shipping
BR-00656,CUST-17975,"251,_Basu_Street
Purnia-246796",Purnia,Bihar,246796.0,"Billing,_Shipping"
TS-00657,CUST-17895,"238
Agate_Chowk
Dindigul_326924",Dindigul,Tamil_Nadu,326924.0,Shipping
MP-00658,CUST-14313,"H.No._26,_Comar_Path
Indore_334208",Indore,Madhya_Pradesh,334208.0,"Billing,_Shipping"
BR-00659,CUST-07995,"H.No._085,_Devi_Road,_Purnia_906774",Purnia,Bihar,906774.0,"Billing,_Shipping"
MH-00660,CUST-13667,"94,_Singhal_Chowk,_Rampur-438679",Rampur,Uttar_Pradesh,438679.0,Shipping
MP-00661,CUST-17783,"34/362,_Manne_Path
Ramgarh-280182",Ramgarh,Jharkhand,280182.0,Shipping
JH-00662,CUST-15627,"H.No._43
Bir_Street
Asansol-954861",Asansol,West_Bengal,954861.0,"Billing,_Shipping"
MH-00663,CUST-03000,"H.No._04,_Kata_Marg
Jalgaon_050789",Jalgaon,Maharashtra,50789.0,"Billing,_Shipping"
WB-00664,CUST-13693,"70,_Kanda_Marg
Aligarh_512753",Aligarh,Uttar_Pradesh,512753.0,"Billing,_Shipping"
KA-00665,CUST-12087,"52/99
Chawla_Ganj
Mangalore-442603",Mangalore,Karnataka,442603.0,Shipping
UP-00666,CUST-18644,"47/72
Barman_Path
Mirzapur-831009",Mirzapur,Uttar_Pradesh,831009.0,"Billing,_Shipping"
KL-00667,CUST-13592,"782,_Comar_Circle,_Kollam-170431",Kollam,Kerala,170431.0,Billing
UP-00668,CUST-19246,"80/01,_Sood_Circle,_Mirzapur_988916",Mirzapur,Uttar_Pradesh,988916.0,Shipping
AS-00669,CUST-19637,"H.No._92,_Das_Street,_Bongaigaon_016071",Bongaigaon,Assam,16071.0,Shipping
AS-00670,CUST-15092,"56,_Magar_Ganj,_Nagaon-421580",Nagaon,Assam,421580.0,Billing
MP-00671,CUST-05405,"H.No._86,_Ramakrishnan_Road,_Jodhpur_055012",Jodhpur,Rajasthan,55012.0,Billing
TN-00672,CUST-03844,"47/07
Keer_Street
Pali_430973",Pali,Rajasthan,430973.0,Billing
KA-00673,CUST-09070,"H.No._952
Keer_Zila
Solapur-088883",Solapur,Maharashtra,88883.0,Billing
RJ-00674,CUST-06984,"H.No._96,_Sridhar_Chowk
Dewas-002465",Dewas,Madhya_Pradesh,2465.0,Billing
TN-00675,CUST-09213,"H.No._39,_Devan_Nagar
Gandhinagar-614818",Gandhinagar,Gujarat,614818.0,Shipping
RJ-00676,CUST-10103,"H.No._587,_Badami_Path,_Dewas-420892",Dewas,Madhya_Pradesh,420892.0,Billing
AS-00677,CUST-19990,"001
Dey_Chowk
Siliguri_950131",Siliguri,West_Bengal,950131.0,"Billing,_Shipping"
TN-00678,CUST-02411,"H.No._64
Mann_Street
Chittoor-625861",Chittoor,Andhra_Pradesh,625861.0,"Billing,_Shipping"
MP-00680,CUST-12623,"54/39,_Agate_Path
Kishanganj-769901",Kishanganj,Bihar,769901.0,"Billing,_Shipping"
MH-00681,CUST-18237,"H.No._717
Sawhney_Zila
Nanded_418871",Nanded,Maharashtra,418871.0,"Billing,_Shipping"
GJ-00682,CUST-19181,"87/252,_D’Alia_Zila,_Allahabad_821724",Allahabad,Uttar_Pradesh,821724.0,Shipping
TR-00683,CUST-07644,"73/600,_Bajwa_Street
Chandigarh_053112",Chandigarh,Chandigarh_(Union_Territory),53112.0,Shipping
UP-00684,CUST-07356,"319
Bhakta_Marg
Firozabad-389059",Firozabad,Uttar_Pradesh,389059.0,Billing
JH-00685,CUST-13633,"06/00,_Kunda,_Asansol-290779",Asansol,West_Bengal,290779.0,"Billing,_Shipping"
MH-00686,CUST-13966,"19/704,_Dhar_Ganj
Bhiwandi_156772",Bhiwandi,Maharashtra,156772.0,"Billing,_Shipping"
KA-00687,CUST-11430,"55/845
Sur_Nagar
Hospet-066067",Hospet,Karnataka,66067.0,Shipping
UP-00688,CUST-09870,"70/05,_Venkataraman_Nagar,_Jamalpur-470330",Jamalpur,Bihar,470330.0,Shipping
RJ-00689,CUST-00072,"H.No._71,_Chauhan_Zila,_Akola_801244",Akola,Maharashtra,801244.0,Shipping
KA-00690,CUST-04604,"04/61
Ram_Road
Mangalore_308280",Mangalore,Karnataka,308280.0,Billing
CG-00691,CUST-12997,"143
Mangat_Road
Sambalpur-297852",Sambalpur,Odisha,297852.0,Billing
MP-00692,CUST-04530,"99
Gera_Marg
Khandwa_105058",Khandwa,Madhya_Pradesh,105058.0,Billing
UP-00693,CUST-01168,"32/264
Sundaram
Raiganj_803227",Raiganj,West_Bengal,803227.0,"Billing,_Shipping"
KA-00694,CUST-10775,"53/39,_Kalita_Path
Mangalore-801218",Mangalore,Karnataka,801218.0,Billing
HR-00695,CUST-13831,"85/892,_Taneja_Ganj
Siwan_695789",Siwan,Bihar,695789.0,Shipping
UP-00696,CUST-16392,"452
Konda_Marg
Firozabad-067925",Firozabad,Uttar_Pradesh,67925.0,"Billing,_Shipping"
BR-00697,CUST-02200,"H.No._51,_Sachar_Path
Ballia-078021",Ballia,Uttar_Pradesh,78021.0,Billing
UP-00698,CUST-16899,"552
Lad_Path
Karimnagar-649400",Karimnagar,Telangana,649400.0,Shipping
GJ-00699,CUST-19845,"H.No._42
Cherian_Circle
Ajmer-947433",Ajmer,Rajasthan,947433.0,Billing
HR-00700,CUST-11336,"H.No._791,_Kara_Street,_Siwan_063376",Siwan,Bihar,63376.0,Shipping
OR-00701,CUST-15368,"178,_Ramesh_Path,_Bilaspur-016213",Bilaspur,Chhattisgarh,16213.0,Billing
GJ-00702,CUST-08803,"H.No._95,_Dayal_Zila
Hajipur-283276",Hajipur,Bihar,283276.0,Shipping
OR-00703,CUST-14517,"H.No._771
Keer_Chowk
Kanpur-170915",Kanpur,Uttar_Pradesh,170915.0,"Billing,_Shipping"
MP-00704,CUST-09298,"998,_Buch_Ganj
Unnao-563712",Unnao,Uttar_Pradesh,563712.0,Billing
OR-00705,CUST-17455,"H.No._515
Lata_Marg
Mathura_090740",Mathura,Uttar_Pradesh,90740.0,Shipping
DL-00706,CUST-17837,"H.No._182,_Mani_Chowk,_Delhi_100371",Delhi,Delhi_(Union_Territory),100371.0,Shipping
WB-00707,CUST-02855,"80/021
Doshi_Zila
Panihati_280061",Panihati,West_Bengal,280061.0,Shipping
OR-00708,CUST-18679,"509,_Malhotra_Street,_Bilaspur-155092",Bilaspur,Chhattisgarh,155092.0,Billing
KA-00709,CUST-04184,"15,_Loke_Nagar,_Solapur_761703",Solapur,Maharashtra,761703.0,Billing
WB-00710,CUST-14876,"238,_Dutta_Circle,_Panihati_074353",Panihati,West_Bengal,74353.0,"Billing,_Shipping"
OR-00711,CUST-06863,"H.No._60
Dube_Road
Patna_932554",Patna,Bihar,932554.0,Billing
CG-00712,CUST-15446,"40/69,_Joshi_Nagar
Bhilai-980814",Bhilai,Chhattisgarh,980814.0,Shipping
GJ-00714,CUST-12321,"40/831,_Sangha_Circle,_Allahabad_598014",Allahabad,Uttar_Pradesh,598014.0,Shipping
MH-00715,CUST-14012,"536,_Bhardwaj_Zila
Bhiwandi-806732",Bhiwandi,Maharashtra,806732.0,"Billing,_Shipping"
TN-00716,CUST-03292,"H.No._209
Acharya_Zila
Vellore_275556",Vellore,Tamil_Nadu,275556.0,"Billing,_Shipping"
CG-00717,CUST-12068,"H.No._37
D’Alia_Circle
Bhilai-422256",Bhilai,Chhattisgarh,422256.0,Billing
UP-00718,CUST-14274,"58/26
Tella_Ganj
Farrukhabad-181549",Farrukhabad,Uttar_Pradesh,181549.0,Billing
WB-00719,CUST-15031,"01/15
Gaba_Road
Kulti_656303",Kulti,West_Bengal,656303.0,"Billing,_Shipping"
AP-00720,CUST-11553,"H.No._691,_Seshadri_Ganj,_Gudivada-095950",Gudivada,Andhra_Pradesh,95950.0,"Billing,_Shipping"
TR-00721,CUST-10441,"33,_Mallick_Nagar,_Durgapur_433600",Durgapur,West_Bengal,433600.0,Billing
WB-00722,CUST-00650,"43,_Bhat_Nagar
Kamarhati_309071",Kamarhati,West_Bengal,309071.0,Shipping
BR-00723,CUST-05182,"750
Chander_Path
Buxar_523571",Buxar,Bihar,523571.0,Billing
MP-00724,CUST-11540,"35,_Ramakrishnan_Zila
Gopalpur_394852",Gopalpur,Odisha,394852.0,Billing
UK-00725,CUST-15270,"469
Goswami_Chowk
Haridwar-961036",Haridwar,Uttarakhand,961036.0,Shipping
MH-00726,CUST-08926,"38/315
Aurora_Marg
Bhiwandi-913764",Bhiwandi,Maharashtra,913764.0,Billing
GJ-00727,CUST-19005,"63/87,_Bhardwaj_Ganj
Kavali-644309",Kavali,Andhra_Pradesh,644309.0,Billing
HR-00728,CUST-14055,"H.No._62,_Shroff
Aurangabad_611860",Aurangabad,Maharashtra,611860.0,"Billing,_Shipping"
WB-00729,CUST-17604,"H.No._01,_Borra_Street,_Aligarh_698054",Aligarh,Uttar_Pradesh,698054.0,Shipping
UK-00730,CUST-05473,"330,_Batta_Road,_Jalna-120181",Jalna,Maharashtra,120181.0,Billing
HP-00731,CUST-06206,"00
Shukla_Chowk
Udaipur-307832",Udaipur,Rajasthan,307832.0,"Billing,_Shipping"
MH-00732,CUST-19992,"98/480
Ramakrishnan_Marg
Loni_790460",Loni,Uttar_Pradesh,790460.0,Billing
OR-00733,CUST-16133,"11/35
Lall_Marg
Patna-606145",Patna,Bihar,606145.0,"Billing,_Shipping"
MP-00734,CUST-10132,"01,_Dutta_Path
Gopalpur_665530",Gopalpur,Odisha,665530.0,Billing
RJ-00735,CUST-09469,"304,_Sinha,_Akola-133483",Akola,Maharashtra,133483.0,Shipping
HR-00736,CUST-02970,"36,_Madan_Path,_Siwan-877260",Siwan,Bihar,877260.0,Shipping
GJ-00737,CUST-13170,"951,_Banik_Marg
Ajmer_119902",Ajmer,Rajasthan,119902.0,"Billing,_Shipping"
TN-00738,CUST-06507,"71/818
Toor_Zila
Gandhinagar-890630",Gandhinagar,Gujarat,890630.0,Billing
KA-00739,CUST-00163,"25,_Mall_Circle
Mangalore-286958",Mangalore,Karnataka,286958.0,Billing
UP-00740,CUST-12324,"67,_Divan_Path
Chapra-593147",Chapra,Bihar,593147.0,"Billing,_Shipping"
OR-00741,CUST-11201,"H.No._55,_Sodhi_Street
Bijapur_235087",Bijapur,Karnataka,235087.0,Billing
TN-00742,CUST-12217,"H.No._682
Shroff_Chowk
Pali-268103",Pali,Rajasthan,268103.0,Billing
UP-00743,CUST-12752,"H.No._72,_Lata_Street
Sambhal-238095",Sambhal,Uttar_Pradesh,238095.0,"Billing,_Shipping"
GJ-00744,CUST-17512,"31,_Baria_Road,_Vadodara_516287",Vadodara,Gujarat,516287.0,Shipping
UP-00745,CUST-10955,"H.No._74,_Cherian_Street,_Firozabad_862144",Firozabad,Uttar_Pradesh,862144.0,Billing
WB-00746,CUST-08035,"H.No._46,_Barad_Circle
Arrah-103533",Arrah,Bihar,103533.0,Billing
GJ-00747,CUST-14477,"873
Tak_Ganj
Vadodara-026570",Vadodara,Gujarat,26570.0,Shipping
TS-00748,CUST-03057,"92/698,_Rastogi_Zila,_Hindupur-680993",Hindupur,Andhra_Pradesh,680993.0,Shipping
MH-00749,CUST-17808,"57/958,_Chacko_Road
Karnal_505485",Karnal,Haryana,505485.0,Shipping
AP-00750,CUST-08378,"58/837,_Balay_Zila,_Anantapuram-108075",Anantapuram,Andhra_Pradesh,108075.0,Billing
TN-00751,CUST-01785,"24/90
Saran_Ganj
Salem_755087",Salem,Tamil_Nadu,755087.0,"Billing,_Shipping"
AP-00752,CUST-18802,"57/29,_Bains_Road
Anantapuram-413023",Anantapuram,Andhra_Pradesh,413023.0,Shipping
KL-00753,CUST-08015,"794
Varkey
Kollam-569786",Kollam,Kerala,569786.0,"Billing,_Shipping"
UP-00754,CUST-15966,"782,_Varghese_Road,_Raiganj-082601",Raiganj,West_Bengal,82601.0,"Billing,_Shipping"
KA-00755,CUST-15018,"35/33
Magar_Nagar
Amaravati-889536",Amaravati,Andhra_Pradesh,889536.0,Billing
TS-00756,CUST-19189,"05/358
Gupta_Road
Nizamabad_252609",Nizamabad,Telangana,252609.0,"Billing,_Shipping"
MP-00757,CUST-11284,"H.No._674
Biswas_Chowk
Jalandhar_538474",Jalandhar,Punjab,538474.0,Shipping
MH-00758,CUST-02681,"H.No._56,_Dhar_Nagar
Jalgaon-716626",Jalgaon,Maharashtra,716626.0,Shipping
GJ-00759,CUST-00559,"H.No._097,_Deshpande_Nagar,_Kavali-946691",Kavali,Andhra_Pradesh,946691.0,"Billing,_Shipping"
KA-00760,CUST-08000,"11,_Mall_Chowk,_Hospet_026476",Hospet,Karnataka,26476.0,Billing
UP-00761,CUST-19465,"H.No._64,_Bhat_Street
Raiganj_894593",Raiganj,West_Bengal,894593.0,Shipping
MP-00762,CUST-09499,"02/92
Bali_Road
Kishanganj_922141",Kishanganj,Bihar,922141.0,Shipping
AS-00763,CUST-14254,"77/070,_Mallick_Road
Siliguri-640956",Siliguri,West_Bengal,640956.0,Billing
MP-00764,CUST-14716,"36/799,_Aurora_Zila
Gopalpur-683506",Gopalpur,Odisha,683506.0,Shipping
TS-00765,CUST-16056,"433,_Sankaran_Nagar,_Ramagundam-462944",Ramagundam,Telangana,462944.0,Shipping
OR-00766,CUST-07404,"41/68
Krishna
Kanpur_266111",Kanpur,Uttar_Pradesh,266111.0,Shipping
TN-00767,CUST-12142,"97/52,_Sawhney_Road,_Vellore-576020",Vellore,Tamil_Nadu,576020.0,"Billing,_Shipping"
GJ-00768,CUST-17182,"34,_Sule
Allahabad_647152",Allahabad,Uttar_Pradesh,647152.0,Shipping
OR-00769,CUST-11749,"70/803,_Agate_Street,_Danapur-601138",Danapur,Bihar,601138.0,Billing
OR-00770,CUST-03813,"H.No._209
Bhasin_Ganj
Anantapur-660170",Anantapur,Andhra_Pradesh,660170.0,Shipping
RJ-00771,CUST-06260,"H.No._60,_Kibe_Zila
Dewas-229033",Dewas,Madhya_Pradesh,229033.0,"Billing,_Shipping"
WB-00772,CUST-19448,"H.No._33,_Gola_Marg,_Aligarh_790061",Aligarh,Uttar_Pradesh,790061.0,Billing
UP-00773,CUST-12473,"29,_Bhakta_Nagar
Firozabad_016797",Firozabad,Uttar_Pradesh,16797.0,Billing
HR-00774,CUST-17616,"H.No._14,_Rajagopal_Circle,_Bikaner-548111",Bikaner,Rajasthan,548111.0,Shipping
UP-00775,CUST-16020,"29,_Dutta_Street
Farrukhabad-334364",Farrukhabad,Uttar_Pradesh,334364.0,Billing
UP-00776,CUST-01675,"523
Khatri_Zila
Raipur-200972",Raipur,Chhattisgarh,200972.0,"Billing,_Shipping"
AS-00777,CUST-15529,"138
Buch_Nagar
Bongaigaon-264525",Bongaigaon,Assam,264525.0,"Billing,_Shipping"
KA-00778,CUST-17419,"H.No._820,_Luthra_Street,_Mangalore_363832",Mangalore,Karnataka,363832.0,Shipping
MH-00779,CUST-07687,"H.No._145,_Vasa_Road,_Loni-209152",Loni,Uttar_Pradesh,209152.0,Billing
TN-00780,CUST-06517,"H.No._554,_Viswanathan_Zila
Tiruvottiyur-489586",Tiruvottiyur,Tamil_Nadu,489586.0,"Billing,_Shipping"
KA-00781,CUST-19193,"88,_Yohannan_Nagar,_Tumkur-501078",Tumkur,Karnataka,501078.0,Billing
MP-00782,CUST-05185,"295,_Taneja_Street,_Gopalpur_317803",Gopalpur,Odisha,317803.0,Shipping
MH-00783,CUST-18942,"768,_Wason_Path,_Rampur-598544",Rampur,Uttar_Pradesh,598544.0,Shipping
WB-00784,CUST-09260,"H.No._59,_Kaur_Chowk
Madhyamgram_281662",Madhyamgram,West_Bengal,281662.0,Shipping
WB-00785,CUST-17954,"H.No._30,_Sanghvi_Circle
Bally-016982",Bally,West_Bengal,16982.0,Shipping
OR-00786,CUST-01908,"H.No._582
Jhaveri_Road
Bharatpur-578893",Bharatpur,Rajasthan,578893.0,Shipping
OR-00787,CUST-14886,"67/40,_Balakrishnan_Zila,_Berhampur-437957",Berhampur,Odisha,437957.0,Billing
TS-00788,CUST-19214,"62/056,_Dasgupta_Path
Ramagundam_911195",Ramagundam,Telangana,911195.0,Billing
MH-00789,CUST-19823,"H.No._581
Rajan
Bhiwandi-053105",Bhiwandi,Maharashtra,53105.0,Billing
WB-00790,CUST-05147,"33/80,_Kata_Street
Bidhannagar_128874",Bidhannagar,West_Bengal,128874.0,"Billing,_Shipping"
MP-00791,CUST-11585,"456,_Dugar_Path,_Gorakhpur_050859",Gorakhpur,Uttar_Pradesh,50859.0,"Billing,_Shipping"
BR-00792,CUST-06157,"946,_Kannan_Ganj
Buxar-810262",Buxar,Bihar,810262.0,Shipping
MH-00793,CUST-14896,"45,_Butala_Path,_Rampur_646638",Rampur,Uttar_Pradesh,646638.0,Shipping
RJ-00794,CUST-15658,"44/92,_Gole_Path,_Fatehpur_166365",Fatehpur,Uttar_Pradesh,166365.0,Shipping
MP-00795,CUST-13605,"H.No._568,_Lata_Zila,_Khandwa_065729",Khandwa,Madhya_Pradesh,65729.0,Shipping
CG-00796,CUST-18305,"695,_Dube,_Bhilai-671885",Bhilai,Chhattisgarh,671885.0,"Billing,_Shipping"
RJ-00797,CUST-10036,"H.No._766,_Yadav_Street,_Rajkot_020006",Rajkot,Gujarat,20006.0,"Billing,_Shipping"
MP-00798,CUST-07082,"790,_Kaur_Street
Kota-195571",Kota,Rajasthan,195571.0,Shipping
KA-00799,CUST-19677,"82/39,_Sant_Circle,_Hospet_537438",Hospet,Karnataka,537438.0,"Billing,_Shipping"
KA-00800,CUST-14893,"56/353
Saran_Marg
Hosur-524611",Hosur,Tamil_Nadu,524611.0,Billing
OR-00801,CUST-15531,"H.No._80,_Khare_Ganj,_Chandrapur-675177",Chandrapur,Maharashtra,675177.0,Shipping
CG-00802,CUST-07654,"68/28,_Sundaram_Road,_Sambalpur-109664",Sambalpur,Odisha,109664.0,"Billing,_Shipping"
MP-00803,CUST-00189,"66,_Bahri_Ganj,_Ramgarh-896656",Ramgarh,Jharkhand,896656.0,Shipping
KA-00804,CUST-07400,"80/32,_Chaudhari_Street
Hosur_822760",Hosur,Tamil_Nadu,822760.0,Shipping
WB-00805,CUST-02504,"H.No._55,_Tella_Marg,_Bally-643420",Bally,West_Bengal,643420.0,"Billing,_Shipping"
WB-00806,CUST-08643,"19/505
Manne_Nagar
Kulti-889485",Kulti,West_Bengal,889485.0,Billing
OR-00807,CUST-13067,"19/120,_Chowdhury_Road
Danapur_832456",Danapur,Bihar,832456.0,"Billing,_Shipping"
GJ-00808,CUST-09186,"80/408
Rana_Ganj
Vadodara-825565",Vadodara,Gujarat,825565.0,Shipping
MH-00809,CUST-14737,"H.No._22,_Rege_Chowk,_Rampur-058849",Rampur,Uttar_Pradesh,58849.0,Billing
UP-00810,CUST-09517,"90
Bahl_Marg
Chapra-076503",Chapra,Bihar,76503.0,Billing
GJ-00811,CUST-18615,"24,_Chaudhari_Road,_Vadodara-637130",Vadodara,Gujarat,637130.0,"Billing,_Shipping"
WB-00812,CUST-10035,"669,_Shan_Path
Uluberia_656484",Uluberia,West_Bengal,656484.0,Billing
OR-00813,CUST-14595,"265
Konda_Path
Patna_211063",Patna,Bihar,211063.0,Shipping
RJ-00814,CUST-19302,"H.No._058,_Hans_Chowk,_Fatehpur-227204",Fatehpur,Uttar_Pradesh,227204.0,Shipping
TS-00815,CUST-08974,"68/255
Bala_Marg
Hindupur_513112",Hindupur,Andhra_Pradesh,513112.0,"Billing,_Shipping"
UP-00816,CUST-19268,"07/88,_Rana_Marg
Farrukhabad-371557",Farrukhabad,Uttar_Pradesh,371557.0,Shipping
TN-00817,CUST-19337,"H.No._49,_Vora_Nagar,_Tiruppur-551036",Tiruppur,Tamil_Nadu,551036.0,Billing
MP-00818,CUST-09647,"80/74,_Bora_Chowk
Kishanganj_727852",Kishanganj,Bihar,727852.0,Billing
OR-00819,CUST-14758,"H.No._99,_Sane_Ganj,_Patna-998810",Patna,Bihar,998810.0,"Billing,_Shipping"
OR-00820,CUST-19059,"50/941,_Thakur_Nagar,_Kanpur-921799",Kanpur,Uttar_Pradesh,921799.0,"Billing,_Shipping"
KA-00821,CUST-17769,"74/31
Bassi
Hosur-454917",Hosur,Tamil_Nadu,454917.0,"Billing,_Shipping"
JH-00822,CUST-03661,"580,_Baral_Zila,_Mango_111858",Mango,Jharkhand,111858.0,Shipping
RJ-00823,CUST-14726,"67,_Brar
Fatehpur_586625",Fatehpur,Uttar_Pradesh,586625.0,Shipping
AS-00824,CUST-18696,"16/886,_Kapadia_Street,_Nagaon_366748",Nagaon,Assam,366748.0,Billing
OR-00825,CUST-12067,"94/38,_Bobal_Road,_Kanpur-207918",Kanpur,Uttar_Pradesh,207918.0,"Billing,_Shipping"
WB-00826,CUST-12514,"H.No._54,_Joshi_Road
Aligarh_063717",Aligarh,Uttar_Pradesh,63717.0,Billing
WB-00827,CUST-08585,"11/760
Buch
Baranagar_638365",Baranagar,West_Bengal,638365.0,Billing
GJ-00828,CUST-06253,"H.No._55
Bedi
Hajipur_966128",Hajipur,Bihar,966128.0,"Billing,_Shipping"
WB-00829,CUST-02851,"531,_Sehgal_Marg
Aligarh_958223",Aligarh,Uttar_Pradesh,958223.0,Shipping
HR-00830,CUST-10060,"H.No._308
Luthra_Chowk
Siwan_364899",Siwan,Bihar,364899.0,Billing
UP-00831,CUST-18227,"22,_Kamdar_Path
Raipur_979356",Raipur,Chhattisgarh,979356.0,"Billing,_Shipping"
RJ-00832,CUST-11483,"17/183,_Hari_Road
Fatehpur_988212",Fatehpur,Uttar_Pradesh,988212.0,"Billing,_Shipping"
UP-00833,CUST-01446,"783,_Varkey_Road
Shahjahanpur-372011",Shahjahanpur,Uttar_Pradesh,372011.0,"Billing,_Shipping"
TS-00834,CUST-19064,"38/28
Grewal_Marg
Srinagar-975534",Srinagar,Jammu_and_Kashmir,975534.0,Shipping
MP-00835,CUST-19293,"007
Trivedi_Circle
Jodhpur_194590",Jodhpur,Rajasthan,194590.0,Billing
KA-00836,CUST-10320,"12/249,_Handa,_Tumkur-562584",Tumkur,Karnataka,562584.0,Shipping
UP-00837,CUST-07806,"28/344
Chaudhary_Marg
Farrukhabad_455307",Farrukhabad,Uttar_Pradesh,455307.0,Billing
MP-00838,CUST-16408,"243,_Kadakia_Zila,_Jalandhar_202481",Jalandhar,Punjab,202481.0,Billing
OR-00839,CUST-09711,"47/93
Singh_Zila
Mathura-416052",Mathura,Uttar_Pradesh,416052.0,Shipping
OR-00840,CUST-16563,"912,_Agate_Chowk,_Haldia_780352",Haldia,West_Bengal,780352.0,Shipping
DL-00841,CUST-12241,"H.No._935
Kaul_Chowk
Delhi_818176",Delhi,Delhi_(Union_Territory),818176.0,Shipping
TN-00842,CUST-04980,"238,_Brahmbhatt_Zila,_Tiruppur-938974",Tiruppur,Tamil_Nadu,938974.0,"Billing,_Shipping"
GJ-00843,CUST-19917,"148
Ravi_Street
Ajmer-557506",Ajmer,Rajasthan,557506.0,Shipping
UP-00844,CUST-07165,"45,_Mahal_Nagar,_Chapra_451232",Chapra,Bihar,451232.0,"Billing,_Shipping"
AS-00845,CUST-13008,"66,_Sachdev_Chowk,_Nagaon_139512",Nagaon,Assam,139512.0,"Billing,_Shipping"
JH-00846,CUST-14544,"15
Bose_Street
Phusro-178840",Phusro,Jharkhand,178840.0,"Billing,_Shipping"
HR-00847,CUST-15519,"83/440,_D’Alia_Ganj
Aurangabad-160375",Aurangabad,Maharashtra,160375.0,"Billing,_Shipping"
MP-00848,CUST-14765,"H.No._84
Barman_Zila
Jhansi-021915",Jhansi,Uttar_Pradesh,21915.0,Shipping
RJ-00849,CUST-09662,"83/12
Borah_Street
Dewas_778954",Dewas,Madhya_Pradesh,778954.0,"Billing,_Shipping"
MH-00850,CUST-01274,"H.No._96
Thakur_Ganj
Guntur-984787",Guntur,Andhra_Pradesh,984787.0,Billing
TN-00851,CUST-15178,"15/370,_Saha_Road,_Tiruvottiyur-966560",Tiruvottiyur,Tamil_Nadu,966560.0,Shipping
CG-00852,CUST-14323,"02/55
Barman_Nagar
Bhilai_187384",Bhilai,Chhattisgarh,187384.0,"Billing,_Shipping"
UP-00853,CUST-16234,"H.No._44,_Handa_Street,_Mirzapur_141825",Mirzapur,Uttar_Pradesh,141825.0,Billing
OR-00854,CUST-13976,"H.No._144,_Bahl,_Kanpur-911352",Kanpur,Uttar_Pradesh,911352.0,Billing
MP-00855,CUST-00486,"03/508,_Badami_Nagar,_Agra-504192",Agra,Uttar_Pradesh,504192.0,Billing
TS-00856,CUST-14783,"58/68
Kothari_Road
Sirsa-617620",Sirsa,Haryana,617620.0,"Billing,_Shipping"
MP-00857,CUST-10017,"79/72
Vala_Path
Kota-602553",Kota,Rajasthan,602553.0,"Billing,_Shipping"
JH-00858,CUST-16982,"50/568,_Madan_Street
Phusro-077988",Phusro,Jharkhand,77988.0,Billing
AS-00859,CUST-17057,"H.No._25,_Dasgupta_Street,_Bongaigaon_830851",Bongaigaon,Assam,830851.0,"Billing,_Shipping"
MP-00860,CUST-17802,"46/485,_Hora_Nagar,_Khandwa-628047",Khandwa,Madhya_Pradesh,628047.0,Shipping
KA-00861,CUST-13077,"68/752
Bhalla_Street
Solapur-928860",Solapur,Maharashtra,928860.0,Shipping
OR-00862,CUST-19881,"94,_Warrior_Ganj,_Anantapur_806077",Anantapur,Andhra_Pradesh,806077.0,Billing
UP-00863,CUST-01951,"H.No._820
Bhatt_Street
Raipur_333815",Raipur,Chhattisgarh,333815.0,Billing
KA-00864,CUST-19887,"H.No._253,_Behl_Path
Hosur-840829",Hosur,Tamil_Nadu,840829.0,Shipping
CG-00865,CUST-16097,"H.No._67
Chandra
Malda_525776",Malda,West_Bengal,525776.0,Billing
JH-00866,CUST-19385,"64/948,_Raju_Zila,_Kharagpur-829970",Kharagpur,West_Bengal,829970.0,Shipping
UP-00867,CUST-18543,"071
Bajaj_Chowk
Farrukhabad-791216",Farrukhabad,Uttar_Pradesh,791216.0,Shipping
JH-00868,CUST-14377,"66/96,_Sarraf_Marg,_Phusro_470453",Phusro,Jharkhand,470453.0,Shipping
WB-00869,CUST-18430,"03/76
Sankaran_Marg
Panihati_749680",Panihati,West_Bengal,749680.0,"Billing,_Shipping"
BR-00870,CUST-03374,"59/540,_Vaidya_Ganj,_Jaipur-292057",Jaipur,Rajasthan,292057.0,Shipping
OR-00871,CUST-14135,"84/97,_Gokhale_Ganj
Berhampur_222520",Berhampur,Odisha,222520.0,"Billing,_Shipping"
MH-00872,CUST-17970,"17/707
Sha_Chowk
Jalgaon-971289",Jalgaon,Maharashtra,971289.0,"Billing,_Shipping"
KA-00873,CUST-11662,"27/11,_Bhalla_Chowk
Mangalore_914758",Mangalore,Karnataka,914758.0,Shipping
AS-00874,CUST-12599,"H.No._84,_Luthra_Nagar
Bongaigaon_156889",Bongaigaon,Assam,156889.0,"Billing,_Shipping"
OR-00875,CUST-18405,"H.No._668,_Varughese_Zila,_Berhampur-890654",Berhampur,Odisha,890654.0,Shipping
AS-00876,CUST-04975,"H.No._06,_Korpal
Bongaigaon_004147",Bongaigaon,Assam,4147.0,Billing
TN-00877,CUST-00410,"H.No._837
Bobal_Marg
Pallavaram-879428",Pallavaram,Tamil_Nadu,879428.0,Shipping
OR-00878,CUST-11607,"68/328,_Barman_Path
Danapur-919135",Danapur,Bihar,919135.0,"Billing,_Shipping"
WB-00879,CUST-16525,"58,_Apte_Ganj
Uluberia-152147",Uluberia,West_Bengal,152147.0,Shipping
RJ-00880,CUST-14546,"H.No._09
Datta_Path
Rajkot_825995",Rajkot,Gujarat,825995.0,Shipping
WB-00881,CUST-00584,"830,_Sahni_Marg
Panihati-732701",Panihati,West_Bengal,732701.0,Billing
UP-00882,CUST-14745,"H.No._855,_Randhawa_Chowk,_Raiganj-264747",Raiganj,West_Bengal,264747.0,Billing
WB-00884,CUST-07699,"18,_Gala_Circle
Panihati_074242",Panihati,West_Bengal,74242.0,Billing
KA-00885,CUST-11573,"H.No._850
Sandal_Circle
Tumkur_553845",Tumkur,Karnataka,553845.0,Billing
MP-00886,CUST-14546,"37
Chawla_Marg
Jhansi_311008",Jhansi,Uttar_Pradesh,311008.0,Shipping
GJ-00887,CUST-01524,"373,_Zachariah_Path
Jabalpur-064044",Jabalpur,Madhya_Pradesh,64044.0,Shipping
WB-00888,CUST-13167,"H.No._29,_Jayaraman_Zila,_Bhatpara_518259",Bhatpara,West_Bengal,518259.0,Shipping
JH-00889,CUST-19343,"H.No._291,_Ahluwalia_Road
Asansol_644067",Asansol,West_Bengal,644067.0,"Billing,_Shipping"
MH-00891,CUST-18641,"282,_Sant_Nagar,_Malegaon-615964",Malegaon,Maharashtra,615964.0,Billing
GJ-00892,CUST-06715,"43
Sethi_Nagar
Kavali_172418",Kavali,Andhra_Pradesh,172418.0,Shipping
AP-00893,CUST-18174,"58
Dugar_Chowk
Dharmavaram-450574",Dharmavaram,Andhra_Pradesh,450574.0,"Billing,_Shipping"
WB-00894,CUST-04647,"H.No._46,_Butala_Circle,_Uluberia_535068",Uluberia,West_Bengal,535068.0,"Billing,_Shipping"
TS-00895,CUST-06102,"82,_Basu_Ganj
Nizamabad_070023",Nizamabad,Telangana,70023.0,Billing
BR-00896,CUST-10394,"54/19
Roy
Purnia_581873",Purnia,Bihar,581873.0,"Billing,_Shipping"
AP-00897,CUST-12359,"H.No._50
Sankar_Path
Anantapuram-754958",Anantapuram,Andhra_Pradesh,754958.0,"Billing,_Shipping"
TN-00898,CUST-12032,"67,_Rege_Ganj,_Pallavaram-847353",Pallavaram,Tamil_Nadu,847353.0,Billing
BR-00899,CUST-17419,"H.No._49,_Lad_Street
Buxar-436251",Buxar,Bihar,436251.0,"Billing,_Shipping"
CG-00901,CUST-06188,"H.No._91,_Sarna_Chowk
Nagpur_096022",Nagpur,Maharashtra,96022.0,Shipping
JH-00902,CUST-14101,"67,_Shukla_Chowk
Phusro-267134",Phusro,Jharkhand,267134.0,"Billing,_Shipping"
UP-00903,CUST-17078,"50
Kibe_Road
Firozabad-927036",Firozabad,Uttar_Pradesh,927036.0,Billing
UP-00904,CUST-11460,"96/01
Tak_Nagar
Firozabad-537681",Firozabad,Uttar_Pradesh,537681.0,Billing
UP-00905,CUST-03421,"29/56
Basu
Firozabad_722672",Firozabad,Uttar_Pradesh,722672.0,"Billing,_Shipping"
CG-00906,CUST-01617,"278,_Dubey_Chowk
Malda_882192",Malda,West_Bengal,882192.0,Billing
TS-00907,CUST-18584,"440,_Ram_Nagar,_Srinagar-973941",Srinagar,Jammu_and_Kashmir,973941.0,Billing
WB-00908,CUST-13980,"30/76
Gaba_Ganj
Bally_597603",Bally,West_Bengal,597603.0,Shipping
JH-00909,CUST-15090,"15,_Shah_Circle,_Kharagpur_816594",Kharagpur,West_Bengal,816594.0,"Billing,_Shipping"
MP-00910,CUST-13798,"H.No._61,_Srivastava
Khandwa-528368",Khandwa,Madhya_Pradesh,528368.0,Shipping
UP-00911,CUST-19218,"H.No._555,_Saini_Ganj,_Raipur-379154",Raipur,Chhattisgarh,379154.0,"Billing,_Shipping"
TN-00912,CUST-03747,"77/920,_Sarraf
Gandhinagar_085909",Gandhinagar,Gujarat,85909.0,"Billing,_Shipping"
BR-00913,CUST-11858,"H.No._411,_Master_Chowk,_Buxar-628553",Buxar,Bihar,628553.0,Billing
UP-00914,CUST-19915,"299,_Das_Road,_Muzaffarpur_197099",Muzaffarpur,Bihar,197099.0,"Billing,_Shipping"
UP-00915,CUST-04392,"32/47
Garde_Circle
Muzaffarpur_113438",Muzaffarpur,Bihar,113438.0,Shipping
GJ-00916,CUST-09340,"H.No._562,_Kadakia
Ajmer-485503",Ajmer,Rajasthan,485503.0,"Billing,_Shipping"
MH-00917,CUST-05458,"H.No._531,_Das_Nagar,_Malegaon-061302",Malegaon,Maharashtra,61302.0,Billing
TN-00918,CUST-14744,"H.No._587,_Guha_Marg,_Vellore_700842",Vellore,Tamil_Nadu,700842.0,"Billing,_Shipping"
MH-00919,CUST-16152,"95/24,_Mani_Path,_Karnal-050766",Karnal,Haryana,50766.0,"Billing,_Shipping"
TN-00920,CUST-16696,"52/044,_Bhattacharyya_Zila
Chittoor-786033",Chittoor,Andhra_Pradesh,786033.0,Shipping
MH-00921,CUST-10795,"69/21,_Wable_Path
Nanded_721583",Nanded,Maharashtra,721583.0,Shipping
AP-00922,CUST-11093,"H.No._15,_Chacko_Ganj
Srikakulam_800697",Srikakulam,Andhra_Pradesh,800697.0,Billing
UP-00923,CUST-17447,"56,_Rana_Marg
Chapra-741270",Chapra,Bihar,741270.0,"Billing,_Shipping"
WB-00924,CUST-08691,"382,_Hans_Circle,_Aligarh_415121",Aligarh,Uttar_Pradesh,415121.0,"Billing,_Shipping"
GJ-00925,CUST-06867,"59
Anand_Nagar
Kavali-536971",Kavali,Andhra_Pradesh,536971.0,"Billing,_Shipping"
TN-00926,CUST-17204,"59/050
Comar_Zila
Salem-006251",Salem,Tamil_Nadu,6251.0,"Billing,_Shipping"
AP-00927,CUST-14729,"54/581,_Barad_Road
Anantapuram-189565",Anantapuram,Andhra_Pradesh,189565.0,"Billing,_Shipping"
UK-00928,CUST-12821,"56/431,_Dewan
Haridwar_683941",Haridwar,Uttarakhand,683941.0,Shipping
MH-00929,CUST-17686,"98/483,_Barman_Street,_Yamunanagar-264869",Yamunanagar,Haryana,264869.0,"Billing,_Shipping"
BR-00930,CUST-12182,"96/41,_Shetty_Chowk
Munger-168035",Munger,Bihar,168035.0,Billing
KA-00931,CUST-10942,"55/09,_Bal_Chowk
Solapur-016258",Solapur,Maharashtra,16258.0,Shipping
HR-00932,CUST-00951,"934,_Bose
Siwan_805556",Siwan,Bihar,805556.0,Billing
OR-00933,CUST-14141,"864,_Bal_Circle,_Haldia_545427",Haldia,West_Bengal,545427.0,"Billing,_Shipping"
MP-00934,CUST-10601,"H.No._669,_Balasubramanian_Nagar
Gopalpur-834659",Gopalpur,Odisha,834659.0,Shipping
JH-00935,CUST-10319,"78,_Mane_Zila,_Phusro_390572",Phusro,Jharkhand,390572.0,Billing
MH-00936,CUST-17765,"83,_Baral_Chowk
Nanded-238830",Nanded,Maharashtra,238830.0,Billing
TS-00937,CUST-08963,"H.No._79
Hari_Zila
Proddatur_894156",Proddatur,Andhra_Pradesh,894156.0,Billing
CG-00938,CUST-13900,"12/115
Sen_Path
Bhilai-765522",Bhilai,Chhattisgarh,765522.0,"Billing,_Shipping"
MH-00939,CUST-14187,"16/88,_D’Alia
Satara-534550",Satara,Maharashtra,534550.0,Billing
MH-00940,CUST-09843,"82/002
Virk_Zila
Loni_579809",Loni,Uttar_Pradesh,579809.0,Billing
BR-00941,CUST-13201,"96/26
Mangal_Road
Jaipur-560554",Jaipur,Rajasthan,560554.0,"Billing,_Shipping"
UP-00942,CUST-00278,"32
Cherian_Path
Chapra_419380",Chapra,Bihar,419380.0,"Billing,_Shipping"
TS-00943,CUST-17058,"488
Lanka
Ambala-566068",Ambala,Haryana,566068.0,Billing
MH-00944,CUST-15955,"H.No._896,_Amble_Road,_Karnal_239334",Karnal,Haryana,239334.0,Shipping
MP-00945,CUST-10543,"96/80,_Bora_Ganj,_Dehri_682071",Dehri,Bihar,682071.0,Billing
CG-00946,CUST-00851,"H.No._98,_Saxena_Chowk,_Bhilai_875215",Bhilai,Chhattisgarh,875215.0,Shipping
MP-00947,CUST-18209,"H.No._93
Srinivasan_Path
Jhansi-822510",Jhansi,Uttar_Pradesh,822510.0,"Billing,_Shipping"
UP-00948,CUST-18454,"31,_Koshy_Nagar,_Raiganj_609807",Raiganj,West_Bengal,609807.0,"Billing,_Shipping"
OR-00949,CUST-16531,"H.No._876,_Sibal_Circle
Danapur-367961",Danapur,Bihar,367961.0,Shipping
UP-00950,CUST-09275,"36/080,_Vig_Zila,_Jamalpur_871184",Jamalpur,Bihar,871184.0,"Billing,_Shipping"
CG-00951,CUST-19757,"H.No._23
Kala_Nagar
Malda-219705",Malda,West_Bengal,219705.0,Billing
TN-00952,CUST-05908,"24/975
Raman_Marg
Vellore-604804",Vellore,Tamil_Nadu,604804.0,Shipping
WB-00953,CUST-11598,"40/97,_Singh_Zila,_Kamarhati-459755",Kamarhati,West_Bengal,459755.0,Shipping
TN-00954,CUST-07182,"778
Bala_Marg
Salem_870164",Salem,Tamil_Nadu,870164.0,Billing
TS-00955,CUST-04268,"H.No._986,_Balasubramanian_Marg,_Dindigul_982718",Dindigul,Tamil_Nadu,982718.0,Shipping
WB-00956,CUST-17710,"268
Upadhyay_Marg
Kamarhati-967991",Kamarhati,West_Bengal,967991.0,"Billing,_Shipping"
KA-00957,CUST-12904,"838,_Maharaj_Road,_Hospet_130970",Hospet,Karnataka,130970.0,Shipping
GJ-00958,CUST-05655,"48/83,_Dewan_Street,_Hajipur_380446",Hajipur,Bihar,380446.0,Billing
MP-00959,CUST-04674,"H.No._534,_Warrior_Chowk
Ramgarh-071275",Ramgarh,Jharkhand,71275.0,"Billing,_Shipping"
AP-00960,CUST-02025,"H.No._903
Bhasin_Chowk
Jammu-385170",Jammu,Jammu_and_Kashmir,385170.0,"Billing,_Shipping"
AP-00961,CUST-10345,"97/283,_Saran_Marg,_Gudivada_155392",Gudivada,Andhra_Pradesh,155392.0,Shipping
BR-00962,CUST-18219,"61/722,_Chaudhari_Nagar,_Satna-709200",Satna,Madhya_Pradesh,709200.0,Shipping
MH-00963,CUST-18228,"01,_Raja_Circle,_Nanded_359113",Nanded,Maharashtra,359113.0,"Billing,_Shipping"
WB-00964,CUST-12744,"10/54,_Kant_Ganj,_Aligarh_438995",Aligarh,Uttar_Pradesh,438995.0,Shipping
CG-00965,CUST-05738,"H.No._10
Luthra_Zila
Sambalpur_226266",Sambalpur,Odisha,226266.0,"Billing,_Shipping"
CG-00966,CUST-12523,"53/907,_Acharya_Circle,_Sambalpur_970673",Sambalpur,Odisha,970673.0,"Billing,_Shipping"
RJ-00967,CUST-17055,"042,_Kashyap_Circle,_Rajkot-591335",Rajkot,Gujarat,591335.0,Billing
UP-00968,CUST-13079,"89/450,_Sur_Chowk,_Gurgaon-461238",Gurgaon,Haryana,461238.0,Billing
MH-00969,CUST-01282,"11,_Chandran_Road
Yamunanagar-374887",Yamunanagar,Haryana,374887.0,Billing
MH-00970,CUST-13851,"220,_Rout_Zila
Guntur-274714",Guntur,Andhra_Pradesh,274714.0,Billing
DL-00971,CUST-18733,"H.No._076
Sekhon_Circle
Delhi_358662",Delhi,Delhi_(Union_Territory),358662.0,Billing
MP-00972,CUST-07716,"346,_Gole_Circle
Ramgarh_262684",Ramgarh,Jharkhand,262684.0,Billing
BR-00973,CUST-13835,"70
Basak_Nagar
Satna_216941",Satna,Madhya_Pradesh,216941.0,Billing
BR-00974,CUST-12545,"H.No._098,_Bhatt_Ganj
Ballia_179546",Ballia,Uttar_Pradesh,179546.0,Shipping
UP-00975,CUST-15118,"H.No._453
Vohra_Ganj
Jamalpur_560090",Jamalpur,Bihar,560090.0,"Billing,_Shipping"
BR-00976,CUST-04354,"H.No._201,_Sachdeva,_Buxar_434689",Buxar,Bihar,434689.0,"Billing,_Shipping"
MP-00977,CUST-11448,"92
Ratta_Chowk
Ramgarh_774214",Ramgarh,Jharkhand,774214.0,"Billing,_Shipping"
GJ-00978,CUST-18917,"H.No._85,_Bahri_Chowk
Jabalpur-618802",Jabalpur,Madhya_Pradesh,618802.0,Billing
HR-00979,CUST-14065,"91/636
Khare_Nagar
Aurangabad-613194",Aurangabad,Maharashtra,613194.0,Billing
MP-00980,CUST-12671,"H.No._69,_Sood_Marg
Khandwa_736767",Khandwa,Madhya_Pradesh,736767.0,Billing
CG-00981,CUST-05546,"H.No._42,_Konda_Street,_Nagpur-293169",Nagpur,Maharashtra,293169.0,Shipping
UP-00982,CUST-06739,"20,_Kala_Marg
Gurgaon_991996",Gurgaon,Haryana,991996.0,Shipping
WB-00983,CUST-15200,"H.No._301,_Varma_Path,_Arrah-600685",Arrah,Bihar,600685.0,Billing
KL-00984,CUST-10619,"56/559,_Sinha_Nagar,_Kollam-048214",Kollam,Kerala,48214.0,Shipping
TS-00985,CUST-15490,"80,_Kapadia_Road,_Hindupur-042892",Hindupur,Andhra_Pradesh,42892.0,"Billing,_Shipping"
AS-00986,CUST-17356,"78,_Raja_Road,_Nagaon_314222",Nagaon,Assam,314222.0,Shipping
TS-00987,CUST-14853,"H.No._05,_Dhillon_Marg
Proddatur_561990",Proddatur,Andhra_Pradesh,561990.0,Shipping
JH-00988,CUST-19305,"759,_Talwar_Chowk,_Kharagpur_656072",Kharagpur,West_Bengal,656072.0,"Billing,_Shipping"
HR-00989,CUST-08647,"498
Halder_Road
Aurangabad-148955",Aurangabad,Maharashtra,148955.0,"Billing,_Shipping"
DL-00990,CUST-19666,"03,_Gour_Marg,_Delhi-095999",Delhi,Delhi_(Union_Territory),95999.0,Shipping
CG-00991,CUST-19007,"69,_Sangha,_Sagar-656521",Sagar,Madhya_Pradesh,656521.0,Billing
RJ-00992,CUST-08633,"H.No._066,_Chanda_Ganj,_Rajkot_869273",Rajkot,Gujarat,869273.0,Shipping
RJ-00993,CUST-17771,"H.No._138,_Boase_Zila
Dewas-701679",Dewas,Madhya_Pradesh,701679.0,Shipping
JH-00994,CUST-17329,"H.No._26
Badal_Road
Phusro_725306",Phusro,Jharkhand,725306.0,"Billing,_Shipping"
MP-00995,CUST-04260,"92/526,_Sengupta_Path
Agra-137397",Agra,Uttar_Pradesh,137397.0,"Billing,_Shipping"
MH-00996,CUST-15114,"H.No._82
Ganesh_Chowk
Nanded-313537",Nanded,Maharashtra,313537.0,Billing
MP-00997,CUST-12855,"98,_Bahl_Chowk,_Ramgarh_130514",Ramgarh,Jharkhand,130514.0,Shipping
MP-00998,CUST-11493,"529,_Edwin_Chowk,_Khandwa_116088",Khandwa,Madhya_Pradesh,116088.0,Billing
TS-00999,CUST-18078,"35/94,_Bhatnagar_Road,_Hindupur-014984",Hindupur,Andhra_Pradesh,14984.0,"Billing,_Shipping"
BR-01000,CUST-14625,"04,_Khosla_Circle
Jaipur_093557",Jaipur,Rajasthan,93557.0,Billing
TN-01001,CUST-01247,"H.No._306
Solanki_Street
Tiruvottiyur-125468",Tiruvottiyur,Tamil_Nadu,125468.0,Shipping
WB-01002,CUST-13002,"250
Sodhi_Chowk
Baranagar_916995",Baranagar,West_Bengal,916995.0,Shipping
UP-01003,CUST-04933,"893
Mani_Road
Ahmedabad_466844",Ahmedabad,Gujarat,466844.0,"Billing,_Shipping"
RJ-01004,CUST-18784,"H.No._25,_Saha_Nagar,_Akola-115550",Akola,Maharashtra,115550.0,Billing
MP-01005,CUST-11880,"45/166,_Singhal_Ganj,_Unnao-277142",Unnao,Uttar_Pradesh,277142.0,Shipping
MH-01006,CUST-14698,"H.No._38,_Chakrabarti,_Rampur-971927",Rampur,Uttar_Pradesh,971927.0,Billing
UP-01007,CUST-14470,"H.No._04,_Borra_Nagar,_Mirzapur-616600",Mirzapur,Uttar_Pradesh,616600.0,"Billing,_Shipping"
CG-01008,CUST-10456,"23/63,_Dugar_Nagar,_Sambalpur_853522",Sambalpur,Odisha,853522.0,Shipping
GJ-01010,CUST-11334,"76,_Tata_Road
Allahabad-293925",Allahabad,Uttar_Pradesh,293925.0,"Billing,_Shipping"
UP-01011,CUST-16630,"H.No._40
Gara_Street
Shahjahanpur-438592",Shahjahanpur,Uttar_Pradesh,438592.0,Shipping
WB-01012,CUST-14971,"580,_Luthra_Road,_Panihati-200760",Panihati,West_Bengal,200760.0,Shipping
RJ-01013,CUST-05314,"H.No._389,_Raju_Marg
Fatehpur_825052",Fatehpur,Uttar_Pradesh,825052.0,Billing
RJ-01014,CUST-14925,"56,_Chand_Marg,_Rajkot-721202",Rajkot,Gujarat,721202.0,"Billing,_Shipping"
KA-01015,CUST-13446,"H.No._274,_Kumer_Zila
Tumkur_971065",Tumkur,Karnataka,971065.0,Billing
WB-01016,CUST-01423,"H.No._01,_Bhargava_Street
Madhyamgram-701817",Madhyamgram,West_Bengal,701817.0,"Billing,_Shipping"
HP-01017,CUST-14156,"H.No._94,_Jha_Chowk
Udaipur_926710",Udaipur,Rajasthan,926710.0,Shipping
UP-01018,CUST-07663,"53/881,_Dua_Zila
Bhagalpur-654873",Bhagalpur,Bihar,654873.0,Billing
MP-01019,CUST-05751,"H.No._84
Balan_Circle
Jalandhar-971887",Jalandhar,Punjab,971887.0,Billing
AS-01020,CUST-14394,"87,_Bhatt_Chowk,_Nagaon-364294",Nagaon,Assam,364294.0,"Billing,_Shipping"
UP-01021,CUST-10211,"03/85,_Rastogi_Nagar,_Shahjahanpur-062750",Shahjahanpur,Uttar_Pradesh,62750.0,Shipping
OR-01022,CUST-12055,"85/89,_Handa_Circle,_Haldia-093691",Haldia,West_Bengal,93691.0,Billing
JH-01023,CUST-14315,"31,_Maharaj_Path,_Mango_064061",Mango,Jharkhand,64061.0,"Billing,_Shipping"
OR-01024,CUST-01066,"H.No._17,_Mahal_Road
Anantapur-148919",Anantapur,Andhra_Pradesh,148919.0,"Billing,_Shipping"
JH-01025,CUST-19911,"H.No._773,_Sane_Street,_Phusro_504397",Phusro,Jharkhand,504397.0,Billing
HR-01026,CUST-11438,"67/44
Lanka_Chowk
Aurangabad-491445",Aurangabad,Maharashtra,491445.0,Shipping
OR-01027,CUST-17411,"15/221,_Sha_Street
Mathura-621181",Mathura,Uttar_Pradesh,621181.0,Shipping
WB-01028,CUST-15806,"85/827,_Divan_Road
Bally_995885",Bally,West_Bengal,995885.0,Shipping
MP-01029,CUST-04038,"20,_Divan_Road,_Kishanganj_794673",Kishanganj,Bihar,794673.0,"Billing,_Shipping"
TN-01030,CUST-18555,"81/583,_Zacharia_Circle
Pallavaram-508526",Pallavaram,Tamil_Nadu,508526.0,Billing
AP-01031,CUST-19464,"18/623,_Mahajan_Road
Anantapuram-446014",Anantapuram,Andhra_Pradesh,446014.0,Billing
UP-01032,CUST-05242,"73/78,_Madan_Nagar
Burhanpur_521771",Burhanpur,Madhya_Pradesh,521771.0,"Billing,_Shipping"
KA-01033,CUST-09320,"874
Singhal_Road
Hosur_225602",Hosur,Tamil_Nadu,225602.0,"Billing,_Shipping"
HR-01035,CUST-10599,"21/84
Varkey_Circle
Aurangabad-999696",Aurangabad,Maharashtra,999696.0,Shipping
KA-01036,CUST-10520,"54/642
Kar
Hospet_329672",Hospet,Karnataka,329672.0,Billing
JH-01037,CUST-11875,"61/608,_Jayaraman_Nagar
Asansol_791337",Asansol,West_Bengal,791337.0,"Billing,_Shipping"
TR-01038,CUST-01625,"22
Kakar_Path
Chandigarh_896764",Chandigarh,Chandigarh_(Union_Territory),896764.0,Billing
CG-01039,CUST-13644,"89,_Taneja_Marg,_Malda-160016",Malda,West_Bengal,160016.0,Shipping
HP-01040,CUST-11646,"89/609
Badal_Street
Udaipur_025781",Udaipur,Rajasthan,25781.0,"Billing,_Shipping"
HP-01041,CUST-07406,"55/853,_Anne_Chowk,_Udaipur_576621",Udaipur,Rajasthan,576621.0,Billing
WB-01042,CUST-15936,"082
Dhillon_Circle
Kamarhati-198184",Kamarhati,West_Bengal,198184.0,Shipping
MH-01043,CUST-04182,"79,_Bajaj_Circle,_Bhiwandi_169922",Bhiwandi,Maharashtra,169922.0,"Billing,_Shipping"
JH-01044,CUST-13523,"45
Soman_Path
Kharagpur_075301",Kharagpur,West_Bengal,75301.0,"Billing,_Shipping"
CG-01045,CUST-17335,"H.No._113,_Sankar_Road
Sambalpur_256040",Sambalpur,Odisha,256040.0,Shipping
OR-01046,CUST-12307,"462,_Aurora_Nagar
Mathura_534203",Mathura,Uttar_Pradesh,534203.0,"Billing,_Shipping"
BR-01047,CUST-14208,"H.No._88,_Batra_Road,_Jaipur_045735",Jaipur,Rajasthan,45735.0,Billing
UK-01048,CUST-19440,"357,_Gaba_Chowk
Haridwar_000488",Haridwar,Uttarakhand,488.0,Shipping
TR-01049,CUST-12966,"132
Garg_Zila
Durgapur-651183",Durgapur,West_Bengal,651183.0,"Billing,_Shipping"
GJ-01050,CUST-11699,"372,_Soman_Street,_Gandhidham_621281",Gandhidham,Gujarat,621281.0,Shipping
WB-01051,CUST-05256,"H.No._652,_Borra
Kamarhati_973080",Kamarhati,West_Bengal,973080.0,Shipping
CG-01052,CUST-17445,"48/936,_Bhattacharyya_Street,_Bhilai-576593",Bhilai,Chhattisgarh,576593.0,Shipping
TN-01053,CUST-00684,"H.No._98,_Varma,_Chittoor-434775",Chittoor,Andhra_Pradesh,434775.0,Billing
AP-01054,CUST-07288,"H.No._976,_Vohra_Zila
Gudivada_087737",Gudivada,Andhra_Pradesh,87737.0,"Billing,_Shipping"
WB-01055,CUST-11654,"H.No._128,_Rajagopalan_Circle
Madhyamgram-461302",Madhyamgram,West_Bengal,461302.0,Shipping
AP-01056,CUST-18366,"863
Krishnamurthy_Nagar
Gudivada-363412",Gudivada,Andhra_Pradesh,363412.0,"Billing,_Shipping"
MH-01057,CUST-04388,"33/59
Dhawan_Circle
Karnal_012353",Karnal,Haryana,12353.0,"Billing,_Shipping"
UP-01058,CUST-00240,"H.No._725,_Desai,_Shahjahanpur-596165",Shahjahanpur,Uttar_Pradesh,596165.0,Shipping
MP-01059,CUST-17424,"52,_Walla_Nagar
Dehri-875811",Dehri,Bihar,875811.0,Shipping
KA-01060,CUST-11384,"943
Ravi_Road
Hospet-461255",Hospet,Karnataka,461255.0,"Billing,_Shipping"
RJ-01061,CUST-13766,"17
Lall_Path
Akola_793503",Akola,Maharashtra,793503.0,"Billing,_Shipping"
CG-01062,CUST-11434,"H.No._132,_Kapoor_Marg
Sagar_563776",Sagar,Madhya_Pradesh,563776.0,Shipping
CG-01063,CUST-13598,"038,_Shenoy,_Malda-893949",Malda,West_Bengal,893949.0,Shipping
HR-01064,CUST-10347,"51/090,_Johal_Zila
Bikaner-507151",Bikaner,Rajasthan,507151.0,Shipping
TN-01065,CUST-01562,"H.No._375,_Dugal_Road
Salem_117330",Salem,Tamil_Nadu,117330.0,Shipping
OR-01066,CUST-10131,"08/96,_Sule_Ganj
Haldia_221675",Haldia,West_Bengal,221675.0,"Billing,_Shipping"
JH-01067,CUST-10432,"H.No._827,_Balay_Street
Asansol_064822",Asansol,West_Bengal,64822.0,Shipping
UK-01068,CUST-11864,"H.No._826
Sarkar_Path
Jalna-733596",Jalna,Maharashtra,733596.0,Billing
GJ-01069,CUST-15121,"37/389,_Vig_Path
Jabalpur_161890",Jabalpur,Madhya_Pradesh,161890.0,Shipping
TN-01070,CUST-13071,"04/74
Bhagat_Chowk
Tiruvottiyur_531720",Tiruvottiyur,Tamil_Nadu,531720.0,Billing
HR-01071,CUST-07868,"H.No._341,_Chopra_Circle,_Siwan-315939",Siwan,Bihar,315939.0,"Billing,_Shipping"
TN-01072,CUST-18407,"H.No._921
Bandi_Ganj
Chittoor-533293",Chittoor,Andhra_Pradesh,533293.0,"Billing,_Shipping"
GJ-01073,CUST-12668,"H.No._356,_Warrior_Marg,_Hajipur_145282",Hajipur,Bihar,145282.0,Shipping
UP-01074,CUST-02254,"08/267,_Sanghvi_Marg
Bhagalpur-835435",Bhagalpur,Bihar,835435.0,Shipping
AS-01075,CUST-01417,"43/124,_Soni_Zila,_Nagaon_750436",Nagaon,Assam,750436.0,Billing
MH-01076,CUST-10728,"65/117
Bawa_Zila
Nanded-866806",Nanded,Maharashtra,866806.0,Shipping
MP-01077,CUST-12276,"188,_Chacko_Circle
Agra_504355",Agra,Uttar_Pradesh,504355.0,"Billing,_Shipping"
MH-01078,CUST-13284,"99
Ramanathan_Marg
Satara_759530",Satara,Maharashtra,759530.0,Billing
AS-01079,CUST-17627,"06/088,_Dhawan_Nagar
Siliguri_864592",Siliguri,West_Bengal,864592.0,"Billing,_Shipping"
OR-01080,CUST-16192,"585,_Goda_Marg,_Anantapur_358818",Anantapur,Andhra_Pradesh,358818.0,Shipping
OR-01081,CUST-04957,"34/472
Dave_Zila
Chandrapur-721595",Chandrapur,Maharashtra,721595.0,Billing
JH-01082,CUST-01072,"22/15
Sagar_Path
Mango-502786",Mango,Jharkhand,502786.0,"Billing,_Shipping"
MP-01083,CUST-01131,"11
Badal_Zila
Agra-200533",Agra,Uttar_Pradesh,200533.0,Shipping
DL-01084,CUST-19970,"556,_Wali_Street
Delhi-612817",Delhi,Delhi_(Union_Territory),612817.0,Billing
TS-01085,CUST-09454,"71/613,_Bir_Path,_Hindupur-807943",Hindupur,Andhra_Pradesh,807943.0,Billing
OR-01086,CUST-19963,"01
Dhaliwal_Street
Mathura-256753",Mathura,Uttar_Pradesh,256753.0,Shipping
MP-01087,CUST-00874,"H.No._198
Ray_Street
Gorakhpur-546329",Gorakhpur,Uttar_Pradesh,546329.0,"Billing,_Shipping"
UP-01088,CUST-09642,"54/482
Subramanian_Chowk
Raiganj-048377",Raiganj,West_Bengal,48377.0,Shipping
KA-01089,CUST-17167,"372
Kamdar_Zila
Solapur_725716",Solapur,Maharashtra,725716.0,Billing
TN-01090,CUST-11466,"H.No._03
Shroff
Pallavaram_055597",Pallavaram,Tamil_Nadu,55597.0,Shipping
RJ-01091,CUST-11426,"553,_Dutt,_Dewas_334955",Dewas,Madhya_Pradesh,334955.0,"Billing,_Shipping"
BR-01092,CUST-18137,"95,_Dugar_Marg,_Purnia_704567",Purnia,Bihar,704567.0,Billing
TS-01093,CUST-07585,"H.No._01,_Ganesan_Road
Proddatur_882337",Proddatur,Andhra_Pradesh,882337.0,Billing
UP-01094,CUST-10739,"14/38,_Taneja_Street,_Burhanpur-347697",Burhanpur,Madhya_Pradesh,347697.0,Billing
WB-01095,CUST-08816,"38/150
Bora_Road
Bally-929349",Bally,West_Bengal,929349.0,Billing
MP-01096,CUST-19029,"H.No._40,_Kala_Zila
Jhansi_839655",Jhansi,Uttar_Pradesh,839655.0,"Billing,_Shipping"
GJ-01097,CUST-19351,"116,_Sarraf_Road
Hajipur_585931",Hajipur,Bihar,585931.0,Billing
TN-01098,CUST-08572,"06
Edwin_Ganj
Tiruvottiyur_180459",Tiruvottiyur,Tamil_Nadu,180459.0,Shipping
MH-01099,CUST-12556,"H.No._053
Ratta_Street
Loni-136099",Loni,Uttar_Pradesh,136099.0,Billing
GJ-01100,CUST-12018,"13/680
Mahal_Marg
Hajipur_015285",Hajipur,Bihar,15285.0,Billing
TN-01101,CUST-18599,"17/08
Banerjee_Chowk
Pali-442184",Pali,Rajasthan,442184.0,"Billing,_Shipping"
TS-01102,CUST-01536,"47/113,_Dass_Street
Dindigul-148513",Dindigul,Tamil_Nadu,148513.0,Shipping
OR-01103,CUST-17327,"31/32,_Bakshi_Road
Bharatpur-329039",Bharatpur,Rajasthan,329039.0,Billing
UP-01104,CUST-14624,"31,_Raman_Path
Jamalpur-343597",Jamalpur,Bihar,343597.0,Shipping
WB-01106,CUST-11088,"097,_Goyal_Circle
Naihati-782328",Naihati,West_Bengal,782328.0,Shipping
BR-01107,CUST-12716,"659,_Sidhu_Chowk
Ballia-083693",Ballia,Uttar_Pradesh,83693.0,Shipping
MP-01108,CUST-01886,"H.No._66
Contractor_Chowk
Mau_998902",Mau,Uttar_Pradesh,998902.0,"Billing,_Shipping"
OR-01109,CUST-08389,"H.No._86,_Kapur_Marg,_Patna-356332",Patna,Bihar,356332.0,Shipping
OR-01110,CUST-02629,"H.No._44,_Bala_Road
Kanpur_744509",Kanpur,Uttar_Pradesh,744509.0,Billing
AP-01111,CUST-06349,"161,_Dey_Zila,_Bhimavaram_296726",Bhimavaram,Andhra_Pradesh,296726.0,Shipping
UP-01112,CUST-17665,"H.No._551,_Mangat_Road,_Jamalpur-328261",Jamalpur,Bihar,328261.0,Billing
KA-01113,CUST-11257,"H.No._730,_Acharya_Marg
Tumkur-194859",Tumkur,Karnataka,194859.0,"Billing,_Shipping"
UP-01114,CUST-03936,"H.No._06,_Rout,_Mirzapur_555663",Mirzapur,Uttar_Pradesh,555663.0,"Billing,_Shipping"
GJ-01115,CUST-19041,"H.No._325,_Dhar,_Hajipur-990005",Hajipur,Bihar,990005.0,Billing
MP-01116,CUST-18035,"88
Hayre_Marg
Gorakhpur-249678",Gorakhpur,Uttar_Pradesh,249678.0,Billing
MH-01117,CUST-15689,"H.No._22
Lata_Marg
Guntur_357956",Guntur,Andhra_Pradesh,357956.0,Shipping
MH-01118,CUST-18615,"45/221,_Bhargava_Chowk,_Bhiwandi_274887",Bhiwandi,Maharashtra,274887.0,Shipping
UP-01119,CUST-05852,"37
Dar_Circle
Farrukhabad_834647",Farrukhabad,Uttar_Pradesh,834647.0,Shipping
TN-01120,CUST-16806,"H.No._294,_Sekhon_Path,_Avadi_843154",Avadi,Tamil_Nadu,843154.0,"Billing,_Shipping"
MP-01121,CUST-10532,"63,_Shah_Zila,_Jhansi-506952",Jhansi,Uttar_Pradesh,506952.0,"Billing,_Shipping"
TS-01122,CUST-00685,"463
Srivastava_Nagar
Srinagar-991375",Srinagar,Jammu_and_Kashmir,991375.0,Shipping
TN-01123,CUST-14774,"H.No._84
Agarwal_Zila
Tiruvottiyur_287482",Tiruvottiyur,Tamil_Nadu,287482.0,"Billing,_Shipping"
GJ-01124,CUST-15217,"96/897,_Ratta_Zila,_Ajmer_294682",Ajmer,Rajasthan,294682.0,Billing
DL-01125,CUST-11422,"188,_Kapadia_Marg,_Delhi_819140",Delhi,Delhi_(Union_Territory),819140.0,Shipping
BR-01126,CUST-19970,"063
Sarin_Chowk
Ballia_558467",Ballia,Uttar_Pradesh,558467.0,"Billing,_Shipping"
BR-01127,CUST-11659,"H.No._223,_Chaudhari_Zila
Purnia-298192",Purnia,Bihar,298192.0,Shipping
UP-01128,CUST-15828,"729,_Goda_Chowk
Bhagalpur-880319",Bhagalpur,Bihar,880319.0,Billing
BR-01129,CUST-17460,"32/66,_Ratti_Street
Ballia_892028",Ballia,Uttar_Pradesh,892028.0,Shipping
TN-01130,CUST-13164,"H.No._503
Raval_Street
Pali-825876",Pali,Rajasthan,825876.0,"Billing,_Shipping"
BR-01131,CUST-01073,"82/149
Kashyap_Circle
Buxar_625337",Buxar,Bihar,625337.0,"Billing,_Shipping"
AP-01132,CUST-14175,"H.No._780
Basak_Street
Bhimavaram_515593",Bhimavaram,Andhra_Pradesh,515593.0,Billing
TS-01133,CUST-10283,"649
Bora_Path
Ambala_120123",Ambala,Haryana,120123.0,Billing
MP-01134,CUST-13654,"H.No._57,_Chaudhary_Nagar
Agra-380785",Agra,Uttar_Pradesh,380785.0,Shipping
MP-01135,CUST-18989,"H.No._807,_Ganesan_Ganj
Gopalpur_522312",Gopalpur,Odisha,522312.0,Shipping
HR-01136,CUST-16761,"424,_Baria_Ganj
Bikaner-148488",Bikaner,Rajasthan,148488.0,Shipping
JH-01137,CUST-12862,"71/287
Balay_Nagar
Mango_200497",Mango,Jharkhand,200497.0,"Billing,_Shipping"
MP-01138,CUST-08392,"16/139,_Dhar_Zila,_Agra_420111",Agra,Uttar_Pradesh,420111.0,Billing
AP-01139,CUST-03472,"H.No._143,_Sahota_Street
Srikakulam_561953",Srikakulam,Andhra_Pradesh,561953.0,"Billing,_Shipping"
TN-01140,CUST-00904,"04/08
Salvi_Ganj
Chittoor-420285",Chittoor,Andhra_Pradesh,420285.0,Shipping
MH-01141,CUST-18539,"H.No._545,_Kanda_Street
Satara-125741",Satara,Maharashtra,125741.0,"Billing,_Shipping"
MP-01142,CUST-00712,"93,_Setty_Path
Unnao_083277",Unnao,Uttar_Pradesh,83277.0,Shipping
CG-01143,CUST-02323,"H.No._952
Kalla_Road
Malda_537502",Malda,West_Bengal,537502.0,"Billing,_Shipping"
TS-01144,CUST-18503,"768
Krishnamurthy
Ambala_178997",Ambala,Haryana,178997.0,Shipping
AS-01145,CUST-05280,"93/30,_Iyer_Road
Bongaigaon_628887",Bongaigaon,Assam,628887.0,Billing
JH-01146,CUST-14910,"48
Krishna_Street
Kharagpur_529962",Kharagpur,West_Bengal,529962.0,"Billing,_Shipping"
MP-01147,CUST-11020,"976
Loke
Khandwa-756871",Khandwa,Madhya_Pradesh,756871.0,"Billing,_Shipping"
CG-01149,CUST-16530,"60,_Baria_Zila
Bhilai_591798",Bhilai,Chhattisgarh,591798.0,"Billing,_Shipping"
WB-01150,CUST-03884,"11
Som_Marg
Bally_366947",Bally,West_Bengal,366947.0,Shipping
MP-01151,CUST-10453,"H.No._25
Kala_Zila
Jalandhar_756661",Jalandhar,Punjab,756661.0,Shipping
MP-01152,CUST-19632,"H.No._51
Gaba
Khandwa_127177",Khandwa,Madhya_Pradesh,127177.0,"Billing,_Shipping"
UP-01153,CUST-17889,"H.No._79,_Ganesh,_Ahmedabad_855514",Ahmedabad,Gujarat,855514.0,Billing
MH-01154,CUST-18963,"H.No._72,_Cheema_Road
Nanded_536736",Nanded,Maharashtra,536736.0,Billing
JH-01155,CUST-07502,"395,_Dixit_Street
Asansol-581009",Asansol,West_Bengal,581009.0,Billing
WB-01156,CUST-16279,"76/375,_Ram_Street
Bally_685106",Bally,West_Bengal,685106.0,"Billing,_Shipping"
TS-01157,CUST-16908,"836
Malhotra_Marg
Dindigul-478675",Dindigul,Tamil_Nadu,478675.0,"Billing,_Shipping"
BR-01158,CUST-01860,"39/38,_Mangal_Nagar
Buxar_800991",Buxar,Bihar,800991.0,"Billing,_Shipping"
UP-01159,CUST-04598,"10,_Chhabra_Path
Shahjahanpur-947103",Shahjahanpur,Uttar_Pradesh,947103.0,Shipping
MH-01160,CUST-12428,"H.No._990,_Dugar_Zila,_Malegaon-003745",Malegaon,Maharashtra,3745.0,Billing
MP-01161,CUST-07177,"H.No._267
Chander_Zila
Gopalpur_469751",Gopalpur,Odisha,469751.0,Billing
CG-01162,CUST-12537,"75,_Mallick_Ganj,_Sambalpur-460813",Sambalpur,Odisha,460813.0,Billing
TN-01163,CUST-19745,"H.No._127,_Chaudhari_Zila
Avadi_028833",Avadi,Tamil_Nadu,28833.0,"Billing,_Shipping"
JH-01164,CUST-18511,"225,_Bansal_Zila,_Kharagpur-638086",Kharagpur,West_Bengal,638086.0,Billing
MH-01165,CUST-14178,"90/897,_Goda_Road,_Guntur-180931",Guntur,Andhra_Pradesh,180931.0,"Billing,_Shipping"
UP-01166,CUST-05816,"H.No._81,_Iyengar_Path,_Firozabad-300096",Firozabad,Uttar_Pradesh,300096.0,Billing
MH-01167,CUST-13017,"H.No._057
Kara_Path
Bhiwandi_553906",Bhiwandi,Maharashtra,553906.0,"Billing,_Shipping"
DL-01168,CUST-06368,"62/07,_Gill_Path
Delhi-495236",Delhi,Delhi_(Union_Territory),495236.0,Billing
TS-01169,CUST-16824,"85/679,_Issac_Zila,_Dindigul_676352",Dindigul,Tamil_Nadu,676352.0,"Billing,_Shipping"
OR-01170,CUST-12736,"67/517,_Gala,_Chandrapur_582137",Chandrapur,Maharashtra,582137.0,"Billing,_Shipping"
RJ-01171,CUST-15612,"11
Mander
Fatehpur_717022",Fatehpur,Uttar_Pradesh,717022.0,"Billing,_Shipping"
OR-01172,CUST-03805,"62/32
Kaur
Kanpur-489371",Kanpur,Uttar_Pradesh,489371.0,Shipping
JH-01173,CUST-19186,"H.No._400,_Kant_Circle,_Mango-312098",Mango,Jharkhand,312098.0,"Billing,_Shipping"
UK-01174,CUST-15030,"604
Raval_Nagar
Shivpuri-451402",Shivpuri,Madhya_Pradesh,451402.0,Shipping
GJ-01175,CUST-07770,"H.No._10,_Lalla
Allahabad_464886",Allahabad,Uttar_Pradesh,464886.0,"Billing,_Shipping"
AS-01176,CUST-07385,"H.No._579
Borra_Ganj
Nagaon-162367",Nagaon,Assam,162367.0,Shipping
UP-01178,CUST-07559,"H.No._092,_Swaminathan_Nagar
Chapra-995083",Chapra,Bihar,995083.0,"Billing,_Shipping"
TS-01179,CUST-01748,"69
Ganguly_Circle
Srinagar_816455",Srinagar,Jammu_and_Kashmir,816455.0,Billing
GJ-01180,CUST-19453,"995,_Thakur_Zila,_Ajmer_576783",Ajmer,Rajasthan,576783.0,"Billing,_Shipping"
WB-01181,CUST-05601,"93/14,_Khanna_Path,_Madhyamgram_926262",Madhyamgram,West_Bengal,926262.0,Shipping
GJ-01182,CUST-10312,"67/327
Choudhry_Street
Jabalpur-732293",Jabalpur,Madhya_Pradesh,732293.0,"Billing,_Shipping"
MP-01183,CUST-12871,"H.No._42,_Ghosh_Path
Kishanganj_831793",Kishanganj,Bihar,831793.0,Billing
WB-01184,CUST-07915,"H.No._82,_Swamy
Bhatpara-978507",Bhatpara,West_Bengal,978507.0,Shipping
TS-01185,CUST-05744,"H.No._13,_Thakur_Ganj,_Proddatur-730822",Proddatur,Andhra_Pradesh,730822.0,Shipping
UP-01186,CUST-12007,"H.No._64
Sachdeva_Marg
Chapra_300107",Chapra,Bihar,300107.0,"Billing,_Shipping"
MP-01187,CUST-01809,"08/00,_Sani_Street,_Gopalpur_356025",Gopalpur,Odisha,356025.0,"Billing,_Shipping"
RJ-01188,CUST-14986,"87,_Karnik_Circle,_Akola-796512",Akola,Maharashtra,796512.0,Billing
GJ-01189,CUST-19538,"61/735,_Wadhwa_Circle,_Kavali_038126",Kavali,Andhra_Pradesh,38126.0,Shipping
RJ-01190,CUST-19369,"67/587
Bahri_Marg
Rajkot-638049",Rajkot,Gujarat,638049.0,Shipping
AS-01191,CUST-04025,"H.No._58,_Chandra_Street,_Bongaigaon_445589",Bongaigaon,Assam,445589.0,"Billing,_Shipping"
WB-01192,CUST-18060,"37/082
Kumer_Circle
Naihati-988774",Naihati,West_Bengal,988774.0,"Billing,_Shipping"
MP-01193,CUST-10717,"95,_Kamdar_Marg
Gopalpur-745205",Gopalpur,Odisha,745205.0,"Billing,_Shipping"
UP-01194,CUST-04885,"03/57,_Sem,_Muzaffarpur-093483",Muzaffarpur,Bihar,93483.0,Shipping
MP-01195,CUST-14017,"20/377
Ramesh
Gopalpur_659357",Gopalpur,Odisha,659357.0,Billing
KA-01196,CUST-11973,"98/991
Sami_Circle
Amaravati_460135",Amaravati,Andhra_Pradesh,460135.0,Billing
OR-01197,CUST-03944,"H.No._527,_Saha_Street
Bijapur-157671",Bijapur,Karnataka,157671.0,Shipping
WB-01198,CUST-09618,"H.No._291
Shan_Zila
Kamarhati_232835",Kamarhati,West_Bengal,232835.0,Shipping
UP-01199,CUST-14345,"58/652
Chada_Circle
Gurgaon-020796",Gurgaon,Haryana,20796.0,"Billing,_Shipping"
UP-01200,CUST-14911,"H.No._55
Dhar_Chowk
Mirzapur_079950",Mirzapur,Uttar_Pradesh,79950.0,Shipping
UP-01201,CUST-14258,"08/542,_Deol_Street
Raipur_480269",Raipur,Chhattisgarh,480269.0,"Billing,_Shipping"
MH-01202,CUST-09160,"24,_Khatri_Street,_Jalgaon_383508",Jalgaon,Maharashtra,383508.0,Shipping
MH-01203,CUST-03660,"37,_Ghosh_Zila,_Karnal_019938",Karnal,Haryana,19938.0,Billing
BR-01204,CUST-10237,"H.No._789,_Dara,_Purnia_363875",Purnia,Bihar,363875.0,"Billing,_Shipping"
MH-01205,CUST-09333,"04/102,_Bedi_Marg,_Malegaon-216084",Malegaon,Maharashtra,216084.0,Shipping
AS-01206,CUST-16839,"93
Bava_Circle
Nagaon_432633",Nagaon,Assam,432633.0,Shipping
MH-01207,CUST-11571,"H.No._972,_Das_Nagar,_Loni-743675",Loni,Uttar_Pradesh,743675.0,Shipping
MP-01208,CUST-07524,"H.No._713,_Srinivasan_Marg
Kishanganj_419774",Kishanganj,Bihar,419774.0,Billing
OR-01209,CUST-13259,"H.No._776,_Ramanathan_Road
Kanpur-788209",Kanpur,Uttar_Pradesh,788209.0,"Billing,_Shipping"
OR-01210,CUST-12236,"888
Iyengar_Nagar
Berhampur-384860",Berhampur,Odisha,384860.0,Billing
TR-01211,CUST-11218,"69,_Bajaj_Street
Durgapur_395754",Durgapur,West_Bengal,395754.0,Billing
JH-01212,CUST-10251,"H.No._89
Babu_Chowk
Kharagpur-808816",Kharagpur,West_Bengal,808816.0,Billing
OR-01213,CUST-19524,"065
Shukla_Street
Bilaspur-117975",Bilaspur,Chhattisgarh,117975.0,Billing
GJ-01214,CUST-13114,"20,_Chokshi_Nagar
Ajmer-667421",Ajmer,Rajasthan,667421.0,"Billing,_Shipping"
WB-01215,CUST-19348,"218,_Johal_Circle
Uluberia_655826",Uluberia,West_Bengal,655826.0,"Billing,_Shipping"
TN-01216,CUST-11647,"H.No._505
Sehgal_Circle
Chittoor-080553",Chittoor,Andhra_Pradesh,80553.0,Shipping
HR-01217,CUST-13295,"862,_D’Alia_Road,_Aurangabad-216326",Aurangabad,Maharashtra,216326.0,"Billing,_Shipping"
TR-01218,CUST-06067,"H.No._55
Dash_Road
Chandigarh_897957",Chandigarh,Chandigarh_(Union_Territory),897957.0,Billing
OR-01219,CUST-13833,"93/20,_Agrawal_Zila
Anantapur-386680",Anantapur,Andhra_Pradesh,386680.0,"Billing,_Shipping"
WB-01220,CUST-03176,"12/60,_Cheema_Street,_Naihati_787542",Naihati,West_Bengal,787542.0,Billing
TS-01221,CUST-15991,"H.No._866,_Sachdeva_Road,_Proddatur_206397",Proddatur,Andhra_Pradesh,206397.0,"Billing,_Shipping"
CG-01222,CUST-00231,"601
Seshadri
Sambalpur_146458",Sambalpur,Odisha,146458.0,Shipping
HR-01223,CUST-17242,"28
Boase_Path
Bikaner_887284",Bikaner,Rajasthan,887284.0,Billing
TR-01224,CUST-13060,"19,_Bahl_Zila
Chandigarh_157345",Chandigarh,Chandigarh_(Union_Territory),157345.0,Shipping
MP-01225,CUST-01819,"H.No._725
Setty_Ganj
Kishanganj_845509",Kishanganj,Bihar,845509.0,Billing
WB-01226,CUST-12584,"H.No._83,_Kala_Marg
Arrah-611058",Arrah,Bihar,611058.0,"Billing,_Shipping"
AP-01227,CUST-02424,"90/582,_Sridhar_Path,_Srikakulam_623926",Srikakulam,Andhra_Pradesh,623926.0,Shipping
OR-01228,CUST-16559,"03/178,_Sundaram_Nagar,_Haldia-651972",Haldia,West_Bengal,651972.0,Billing
GJ-01229,CUST-11677,"997,_Issac_Chowk,_Gandhidham_142028",Gandhidham,Gujarat,142028.0,Billing
WB-01230,CUST-17703,"925
Chakraborty_Zila
Naihati_457991",Naihati,West_Bengal,457991.0,"Billing,_Shipping"
KA-01231,CUST-17112,"60/99,_Kaul_Path,_Amaravati_213109",Amaravati,Andhra_Pradesh,213109.0,"Billing,_Shipping"
UP-01232,CUST-12350,"78/306,_Jaggi_Zila,_Sambhal_042499",Sambhal,Uttar_Pradesh,42499.0,"Billing,_Shipping"
KA-01233,CUST-02425,"63/83,_Master_Marg,_Amaravati_543577",Amaravati,Andhra_Pradesh,543577.0,Billing
OR-01234,CUST-05030,"H.No._389,_Dasgupta_Circle
Chandrapur_081105",Chandrapur,Maharashtra,81105.0,Billing
TR-01235,CUST-12593,"98
Bajaj
Durgapur-602009",Durgapur,West_Bengal,602009.0,Shipping
WB-01236,CUST-14479,"779
Kothari_Path
Panihati_924756",Panihati,West_Bengal,924756.0,"Billing,_Shipping"
TS-01237,CUST-01573,"H.No._25,_Kaul_Road,_Srinagar_807518",Srinagar,Jammu_and_Kashmir,807518.0,Shipping
CG-01238,CUST-18436,"79/561,_Rege_Path
Sambalpur_792070",Sambalpur,Odisha,792070.0,Billing
TS-01239,CUST-14803,"10
Bhasin_Circle
Hindupur-105600",Hindupur,Andhra_Pradesh,105600.0,Billing
JH-01240,CUST-17167,"98/24
Bandi_Road
Asansol-947221",Asansol,West_Bengal,947221.0,Shipping
TS-01241,CUST-09604,"45/169,_Kadakia_Marg,_Dindigul-853239",Dindigul,Tamil_Nadu,853239.0,"Billing,_Shipping"
TN-01242,CUST-04796,"10/91
Golla
Avadi-501698",Avadi,Tamil_Nadu,501698.0,Billing
WB-01243,CUST-07566,"09/344
Brar_Chowk
Uluberia-954315",Uluberia,West_Bengal,954315.0,"Billing,_Shipping"
OR-01244,CUST-12654,"H.No._927
Chanda_Ganj
Bijapur-295923",Bijapur,Karnataka,295923.0,"Billing,_Shipping"
AP-01245,CUST-14563,"09/524
Zacharia_Marg
Jammu_128518",Jammu,Jammu_and_Kashmir,128518.0,Shipping
HR-01246,CUST-13657,"281,_Cherian_Chowk,_Bikaner-376668",Bikaner,Rajasthan,376668.0,Shipping
RJ-01247,CUST-01730,"60,_Chaudhuri_Street
Fatehpur_945540",Fatehpur,Uttar_Pradesh,945540.0,Shipping
TN-01248,CUST-09933,"204
Bahl_Chowk
Pallavaram-285341",Pallavaram,Tamil_Nadu,285341.0,Shipping
MP-01249,CUST-18836,"30/543
Iyengar_Ganj
Gorakhpur_523604",Gorakhpur,Uttar_Pradesh,523604.0,Shipping
MP-01251,CUST-12903,"H.No._333,_Sunder_Ganj,_Jalandhar_507982",Jalandhar,Punjab,507982.0,Shipping
MH-01252,CUST-00382,"H.No._363,_Chandran
Yamunanagar-412784",Yamunanagar,Haryana,412784.0,"Billing,_Shipping"
TN-01253,CUST-17486,"07,_Khanna_Circle
Pali-565129",Pali,Rajasthan,565129.0,Shipping
MP-01254,CUST-05270,"85
Kibe
Agra-072881",Agra,Uttar_Pradesh,72881.0,Billing
BR-01255,CUST-12778,"930
Keer_Circle
Ballia-171436",Ballia,Uttar_Pradesh,171436.0,Billing
UP-01256,CUST-18598,"92/931,_Goyal_Chowk,_Bhagalpur_686145",Bhagalpur,Bihar,686145.0,"Billing,_Shipping"
TN-01257,CUST-03561,"01/27
Boase_Street
Salem_862082",Salem,Tamil_Nadu,862082.0,Billing
UP-01258,CUST-01810,"H.No._50,_Chaudhuri
Sambhal_319965",Sambhal,Uttar_Pradesh,319965.0,Billing
MH-01259,CUST-18355,"H.No._624
Rama_Zila
Karnal-942427",Karnal,Haryana,942427.0,Billing
MH-01260,CUST-16460,"H.No._53,_Ram_Circle
Malegaon-469242",Malegaon,Maharashtra,469242.0,Billing
KA-01261,CUST-18177,"78/083,_Venkataraman_Circle
Solapur-425014",Solapur,Maharashtra,425014.0,"Billing,_Shipping"
RJ-01262,CUST-05503,"06/15,_Sen_Nagar,_Fatehpur-244223",Fatehpur,Uttar_Pradesh,244223.0,Billing
CG-01263,CUST-00160,"706,_Devan_Street
Sagar_294362",Sagar,Madhya_Pradesh,294362.0,"Billing,_Shipping"
OR-01264,CUST-12363,"919,_Kota_Path,_Berhampur_762419",Berhampur,Odisha,762419.0,Shipping
AP-01265,CUST-13460,"243,_Karan_Ganj
Srikakulam-117911",Srikakulam,Andhra_Pradesh,117911.0,Shipping
HR-01266,CUST-17331,"H.No._43,_Agate,_Aurangabad_695142",Aurangabad,Maharashtra,695142.0,"Billing,_Shipping"
UP-01267,CUST-04318,"H.No._41,_Doctor_Nagar,_Chapra_904195",Chapra,Bihar,904195.0,Shipping
HR-01268,CUST-02618,"48
Dutta
Aurangabad-309618",Aurangabad,Maharashtra,309618.0,Shipping
TS-01269,CUST-08488,"509,_Kale,_Srinagar_352425",Srinagar,Jammu_and_Kashmir,352425.0,Billing
RJ-01270,CUST-02386,"H.No._24
Saxena_Marg
Dewas_747184",Dewas,Madhya_Pradesh,747184.0,"Billing,_Shipping"
KL-01271,CUST-13248,"H.No._29
Hegde_Marg
Kollam_936875",Kollam,Kerala,936875.0,"Billing,_Shipping"
WB-01272,CUST-04781,"H.No._129
Sheth_Zila
Naihati_951238",Naihati,West_Bengal,951238.0,"Billing,_Shipping"
TN-01273,CUST-11358,"577,_Bava_Circle
Gandhinagar-404854",Gandhinagar,Gujarat,404854.0,"Billing,_Shipping"
DL-01275,CUST-05362,"H.No._58
Wagle_Zila
Delhi_620246",Delhi,Delhi_(Union_Territory),620246.0,"Billing,_Shipping"
MH-01276,CUST-00749,"72/985,_Arora_Marg
Bhiwandi_107305",Bhiwandi,Maharashtra,107305.0,"Billing,_Shipping"
HR-01277,CUST-05150,"H.No._881,_Sule_Zila
Bikaner_276219",Bikaner,Rajasthan,276219.0,Billing
GJ-01278,CUST-15372,"504,_Raju_Chowk
Ajmer_580368",Ajmer,Rajasthan,580368.0,"Billing,_Shipping"
MP-01279,CUST-03653,"68,_Bhattacharyya_Road,_Agra-352180",Agra,Uttar_Pradesh,352180.0,Billing
WB-01280,CUST-14042,"H.No._340
Savant_Nagar
Panihati_224955",Panihati,West_Bengal,224955.0,Shipping
MP-01281,CUST-09850,"H.No._95
Bal_Nagar
Jhansi_579319",Jhansi,Uttar_Pradesh,579319.0,Shipping
AP-01282,CUST-08159,"61/86,_Gala_Nagar
Srikakulam_975810",Srikakulam,Andhra_Pradesh,975810.0,Shipping
AS-01283,CUST-14885,"38/19,_Rana_Road,_Nagaon-930757",Nagaon,Assam,930757.0,Billing
HR-01284,CUST-13172,"H.No._446
Kashyap_Ganj
Aurangabad_610870",Aurangabad,Maharashtra,610870.0,Shipping
MP-01285,CUST-03391,"H.No._11,_Thaman
Kota-932023",Kota,Rajasthan,932023.0,Shipping
MH-01286,CUST-14313,"H.No._34,_Deo_Circle,_Rampur_494532",Rampur,Uttar_Pradesh,494532.0,"Billing,_Shipping"
JH-01287,CUST-00398,"50
Dash
Mango_829170",Mango,Jharkhand,829170.0,Shipping
BR-01288,CUST-15643,"88/36,_Chandran_Path
Satna-336814",Satna,Madhya_Pradesh,336814.0,Shipping
MP-01289,CUST-16316,"20/95
Doshi
Ramgarh_648693",Ramgarh,Jharkhand,648693.0,Shipping
TN-01290,CUST-00532,"87/790
Dalal_Path
Vellore_813504",Vellore,Tamil_Nadu,813504.0,"Billing,_Shipping"
TN-01291,CUST-10155,"H.No._392,_Din_Street,_Gandhinagar-398879",Gandhinagar,Gujarat,398879.0,Shipping
OR-01292,CUST-12496,"H.No._37,_Rana_Circle
Danapur-268902",Danapur,Bihar,268902.0,Shipping
OR-01293,CUST-13822,"57/036,_Basu_Marg
Mathura_516186",Mathura,Uttar_Pradesh,516186.0,Billing
GJ-01294,CUST-16147,"370,_Karan_Marg
Jabalpur_993006",Jabalpur,Madhya_Pradesh,993006.0,Billing
WB-01295,CUST-17649,"27,_Chacko_Zila
Kamarhati_021478",Kamarhati,West_Bengal,21478.0,Billing
GJ-01296,CUST-18025,"H.No._54,_Choudhry_Nagar,_Ajmer_746373",Ajmer,Rajasthan,746373.0,Billing
WB-01297,CUST-06457,"46/41,_Devan_Marg
Naihati-023559",Naihati,West_Bengal,23559.0,Shipping
MP-01298,CUST-01660,"507
Toor_Zila
Jodhpur_107262",Jodhpur,Rajasthan,107262.0,"Billing,_Shipping"
UK-01299,CUST-14014,"H.No._29
Dasgupta_Path
Jalna-851623",Jalna,Maharashtra,851623.0,Billing
CG-01300,CUST-18136,"451
Tank_Chowk
Malda_207317",Malda,West_Bengal,207317.0,"Billing,_Shipping"
GJ-01301,CUST-16966,"H.No._84,_Varughese_Road
Allahabad-945681",Allahabad,Uttar_Pradesh,945681.0,Shipping
JH-01302,CUST-13773,"10
Johal_Street
Phusro_056476",Phusro,Jharkhand,56476.0,Billing
UP-01303,CUST-00009,"402
Deshpande_Circle
Karimnagar-613810",Karimnagar,Telangana,613810.0,Shipping
MP-01304,CUST-03009,"H.No._199,_Iyengar_Ganj
Agra-147922",Agra,Uttar_Pradesh,147922.0,Shipping
BR-01305,CUST-06548,"166,_Sekhon_Marg
Purnia_380517",Purnia,Bihar,380517.0,Shipping
TS-01306,CUST-04176,"01,_Dewan_Marg
Ambala-249089",Ambala,Haryana,249089.0,"Billing,_Shipping"
AS-01307,CUST-10964,"41/13,_Ramesh_Ganj
Bongaigaon_287618",Bongaigaon,Assam,287618.0,Shipping
AP-01308,CUST-15091,"89,_Bala,_Anantapuram-561344",Anantapuram,Andhra_Pradesh,561344.0,Shipping
TR-01309,CUST-00726,"H.No._846
D’Alia_Circle
Durgapur_581269",Durgapur,West_Bengal,581269.0,Billing
UP-01310,CUST-00943,"29/728
Sarma_Street
Muzaffarpur-170184",Muzaffarpur,Bihar,170184.0,Shipping
KA-01311,CUST-15267,"28
Kota_Zila
Tumkur-108607",Tumkur,Karnataka,108607.0,Billing
KL-01312,CUST-13397,"H.No._44,_Butala_Marg,_Kollam-675663",Kollam,Kerala,675663.0,"Billing,_Shipping"
WB-01313,CUST-12867,"96/57
Raja_Ganj
Baranagar_884324",Baranagar,West_Bengal,884324.0,Billing
MH-01314,CUST-14025,"H.No._583,_Kara_Path
Guntur_728686",Guntur,Andhra_Pradesh,728686.0,"Billing,_Shipping"
JH-01315,CUST-02000,"50/211,_Chadha_Ganj
Phusro-719920",Phusro,Jharkhand,719920.0,Shipping
UP-01316,CUST-10138,"05,_Shere_Ganj
Shahjahanpur_279415",Shahjahanpur,Uttar_Pradesh,279415.0,Billing
MP-01317,CUST-10529,"H.No._65
Dar_Zila
Mau-118930",Mau,Uttar_Pradesh,118930.0,Shipping
KA-01318,CUST-08183,"92,_Joshi,_Mangalore-280191",Mangalore,Karnataka,280191.0,"Billing,_Shipping"
MP-01319,CUST-03448,"765,_Lad_Nagar
Jhansi-884636",Jhansi,Uttar_Pradesh,884636.0,"Billing,_Shipping"
OR-01320,CUST-05605,"H.No._29,_Sule_Zila,_Patna-477450",Patna,Bihar,477450.0,Shipping
MP-01321,CUST-01966,"42/54,_Thakur_Path,_Gorakhpur_706432",Gorakhpur,Uttar_Pradesh,706432.0,"Billing,_Shipping"
TS-01322,CUST-16644,"67,_Kota_Marg,_Nizamabad_025897",Nizamabad,Telangana,25897.0,"Billing,_Shipping"
TN-01323,CUST-03590,"H.No._476
Sachdev_Ganj
Pallavaram_004370",Pallavaram,Tamil_Nadu,4370.0,Shipping
TN-01324,CUST-12248,"48/711,_Desai_Street,_Pallavaram-119198",Pallavaram,Tamil_Nadu,119198.0,Billing
TR-01325,CUST-16235,"H.No._096,_Kohli_Road
Durgapur_636459",Durgapur,West_Bengal,636459.0,"Billing,_Shipping"
TN-01326,CUST-13556,"07/950
Bala_Street
Avadi_917649",Avadi,Tamil_Nadu,917649.0,Billing
GJ-01327,CUST-03533,"781,_Kumar_Circle,_Kavali-985556",Kavali,Andhra_Pradesh,985556.0,Billing
UP-01328,CUST-05926,"77/67
Mannan_Road
Mirzapur-704560",Mirzapur,Uttar_Pradesh,704560.0,"Billing,_Shipping"
JH-01329,CUST-11092,"425
Cheema_Chowk
Asansol-687078",Asansol,West_Bengal,687078.0,Shipping
TN-01330,CUST-15349,"997,_Ramakrishnan_Ganj
Chittoor-947684",Chittoor,Andhra_Pradesh,947684.0,Shipping
KA-01331,CUST-12209,"H.No._57,_Gulati_Zila
Tumkur-100405",Tumkur,Karnataka,100405.0,Shipping
GJ-01332,CUST-05936,"33/862,_Acharya_Chowk
Jabalpur-992019",Jabalpur,Madhya_Pradesh,992019.0,"Billing,_Shipping"
WB-01333,CUST-11391,"86,_Dayal_Path,_Baranagar-968910",Baranagar,West_Bengal,968910.0,"Billing,_Shipping"
OR-01334,CUST-18537,"79/501
Lal_Chowk
Bijapur_499248",Bijapur,Karnataka,499248.0,Shipping
OR-01335,CUST-03051,"44/22,_Shanker_Marg
Berhampur_048208",Berhampur,Odisha,48208.0,Billing
TR-01336,CUST-11666,"24/69,_Bali,_Durgapur-678498",Durgapur,West_Bengal,678498.0,"Billing,_Shipping"
OR-01337,CUST-13447,"693,_Lad_Ganj
Haldia-482540",Haldia,West_Bengal,482540.0,Shipping
CG-01338,CUST-11021,"H.No._778
Koshy_Road
Sagar-421490",Sagar,Madhya_Pradesh,421490.0,Shipping
OR-01339,CUST-00843,"041
Kapur_Nagar
Anantapur_940832",Anantapur,Andhra_Pradesh,940832.0,"Billing,_Shipping"
UP-01340,CUST-14831,"H.No._70,_Walla_Path
Raiganj-429856",Raiganj,West_Bengal,429856.0,Billing
OR-01341,CUST-10328,"384,_Mangal_Street
Danapur_776680",Danapur,Bihar,776680.0,"Billing,_Shipping"
UP-01342,CUST-15623,"H.No._18,_Kale_Path
Bhagalpur_613431",Bhagalpur,Bihar,613431.0,Shipping
AP-01343,CUST-11127,"23,_Srinivasan_Path
Jammu_180119",Jammu,Jammu_and_Kashmir,180119.0,Shipping
UP-01344,CUST-15847,"75/000,_Kade_Nagar
Ahmedabad-161597",Ahmedabad,Gujarat,161597.0,"Billing,_Shipping"
TN-01345,CUST-19407,"12,_Soman_Marg
Salem_080339",Salem,Tamil_Nadu,80339.0,"Billing,_Shipping"
AP-01346,CUST-10164,"149,_Chokshi_Nagar,_Dharmavaram-588395",Dharmavaram,Andhra_Pradesh,588395.0,"Billing,_Shipping"
MH-01347,CUST-09326,"22/01,_Bhandari_Marg,_Malegaon-480959",Malegaon,Maharashtra,480959.0,Billing
BR-01348,CUST-16342,"59/41
Arora_Nagar
Ballia_010809",Ballia,Uttar_Pradesh,10809.0,Shipping
BR-01349,CUST-15644,"26,_Sani_Street
Jaipur_701742",Jaipur,Rajasthan,701742.0,Billing
AP-01350,CUST-16849,"24/47,_Khanna_Circle,_Dharmavaram-685881",Dharmavaram,Andhra_Pradesh,685881.0,"Billing,_Shipping"
JH-01351,CUST-15729,"H.No._81,_Kala_Zila,_Mango_676190",Mango,Jharkhand,676190.0,Billing
CG-01352,CUST-07961,"40/297,_Sen_Chowk,_Sambalpur_288207",Sambalpur,Odisha,288207.0,"Billing,_Shipping"
UK-01353,CUST-07103,"848,_Gole_Street
Haridwar_892732",Haridwar,Uttarakhand,892732.0,Billing
TN-01354,CUST-14155,"82/952
Balasubramanian_Street
Pallavaram_034196",Pallavaram,Tamil_Nadu,34196.0,"Billing,_Shipping"
RJ-01355,CUST-06191,"73/604,_Bains_Zila,_Fatehpur-080861",Fatehpur,Uttar_Pradesh,80861.0,Shipping
AP-01356,CUST-10669,"15/95,_Bala_Path,_Bhimavaram_990878",Bhimavaram,Andhra_Pradesh,990878.0,Billing
UK-01357,CUST-14238,"13/19,_Kapur_Street
Shivpuri-390011",Shivpuri,Madhya_Pradesh,390011.0,"Billing,_Shipping"
MP-01358,CUST-04619,"H.No._811
Ranganathan_Nagar
Kishanganj-440484",Kishanganj,Bihar,440484.0,Shipping
AP-01359,CUST-00212,"91/950,_Kumar_Chowk,_Dharmavaram-871047",Dharmavaram,Andhra_Pradesh,871047.0,"Billing,_Shipping"
OR-01360,CUST-04953,"75/84
Agrawal
Anantapur_219284",Anantapur,Andhra_Pradesh,219284.0,Billing
BR-01361,CUST-08181,"037,_Balasubramanian
Purnia-138339",Purnia,Bihar,138339.0,Shipping
TN-01362,CUST-19721,"344,_Koshy_Circle,_Avadi-894351",Avadi,Tamil_Nadu,894351.0,Billing
HR-01363,CUST-10101,"36/44,_Deep_Nagar,_Aurangabad_068937",Aurangabad,Maharashtra,68937.0,Billing
CG-01364,CUST-16805,"55
Bobal_Path
Bhilai_491285",Bhilai,Chhattisgarh,491285.0,Shipping
UP-01365,CUST-19730,"H.No._088,_Lata_Marg,_Muzaffarpur-586373",Muzaffarpur,Bihar,586373.0,"Billing,_Shipping"
MP-01366,CUST-14535,"H.No._044
Raja_Street
Mau-673369",Mau,Uttar_Pradesh,673369.0,Billing
KA-01367,CUST-18603,"48
Rao_Circle
Solapur-849845",Solapur,Maharashtra,849845.0,"Billing,_Shipping"
WB-01368,CUST-09024,"16,_Aggarwal
Kamarhati_447548",Kamarhati,West_Bengal,447548.0,"Billing,_Shipping"
TS-01369,CUST-00949,"25/135,_Sundaram_Marg
Sirsa-674049",Sirsa,Haryana,674049.0,Shipping
KA-01370,CUST-02943,"37,_Balan_Chowk
Solapur-403047",Solapur,Maharashtra,403047.0,"Billing,_Shipping"
OR-01371,CUST-16800,"62/05,_Krishna_Circle,_Patna_111946",Patna,Bihar,111946.0,"Billing,_Shipping"
TR-01372,CUST-10128,"761,_Trivedi_Street,_Durgapur_875247",Durgapur,West_Bengal,875247.0,Billing
TS-01373,CUST-04920,"833,_Dua,_Proddatur-894743",Proddatur,Andhra_Pradesh,894743.0,Billing
UP-01374,CUST-19028,"H.No._406,_Rattan_Marg,_Burhanpur_499323",Burhanpur,Madhya_Pradesh,499323.0,Shipping
MP-01375,CUST-16473,"17,_Joshi
Kota-184310",Kota,Rajasthan,184310.0,"Billing,_Shipping"
TN-01376,CUST-14934,"28/228
Bhalla_Path
Tiruvottiyur_067295",Tiruvottiyur,Tamil_Nadu,67295.0,Shipping
BR-01377,CUST-11986,"49/24,_Kata_Zila,_Jaipur_527395",Jaipur,Rajasthan,527395.0,"Billing,_Shipping"
BR-01378,CUST-15911,"70/32,_Mand_Nagar
Jaipur_505709",Jaipur,Rajasthan,505709.0,Shipping
WB-01379,CUST-01577,"93/971,_Gaba_Path,_Baranagar-320147",Baranagar,West_Bengal,320147.0,Billing
TS-01380,CUST-19901,"332,_Atwal_Chowk,_Dindigul_886179",Dindigul,Tamil_Nadu,886179.0,"Billing,_Shipping"
RJ-01381,CUST-17464,"61/81
Dyal_Zila
Rajkot-727242",Rajkot,Gujarat,727242.0,Billing
TR-01382,CUST-19023,"54/13
Vala_Nagar
Durgapur-721998",Durgapur,West_Bengal,721998.0,"Billing,_Shipping"
TN-01383,CUST-16170,"44
Bath_Nagar
Tiruppur-593712",Tiruppur,Tamil_Nadu,593712.0,"Billing,_Shipping"
AP-01384,CUST-14289,"32/591,_Shanker_Marg,_Dharmavaram_640064",Dharmavaram,Andhra_Pradesh,640064.0,Shipping
HR-01385,CUST-17917,"H.No._428,_Bhalla_Chowk
Aurangabad-891959",Aurangabad,Maharashtra,891959.0,Shipping
MH-01386,CUST-05081,"88/262
Bansal
Loni-490457",Loni,Uttar_Pradesh,490457.0,"Billing,_Shipping"
UP-01387,CUST-12372,"42
Sura_Zila
Raipur_460871",Raipur,Chhattisgarh,460871.0,Shipping
HR-01388,CUST-02894,"H.No._826,_Babu
Bikaner-749720",Bikaner,Rajasthan,749720.0,Billing
TS-01389,CUST-17726,"H.No._28
Kuruvilla_Road
Nizamabad_689027",Nizamabad,Telangana,689027.0,Shipping
UP-01390,CUST-15105,"H.No._364,_Anand_Zila,_Mirzapur-436030",Mirzapur,Uttar_Pradesh,436030.0,Shipping
KA-01391,CUST-11835,"H.No._20,_Bal_Path,_Amaravati_760938",Amaravati,Andhra_Pradesh,760938.0,"Billing,_Shipping"
BR-01392,CUST-15436,"H.No._154
Dash_Marg
Buxar_209560",Buxar,Bihar,209560.0,"Billing,_Shipping"
MP-01393,CUST-10505,"062,_Rege_Chowk
Kota_074684",Kota,Rajasthan,74684.0,Shipping
HP-01394,CUST-13721,"88/59,_Shah_Ganj,_Udaipur-237892",Udaipur,Rajasthan,237892.0,"Billing,_Shipping"
KA-01395,CUST-13254,"H.No._83,_Gala_Road
Mangalore_342998",Mangalore,Karnataka,342998.0,"Billing,_Shipping"
AP-01396,CUST-11943,"H.No._86,_Mahajan_Chowk
Srikakulam_678309",Srikakulam,Andhra_Pradesh,678309.0,"Billing,_Shipping"
MP-01399,CUST-04338,"70,_Sood
Indore_525711",Indore,Madhya_Pradesh,525711.0,Shipping
UP-01400,CUST-17885,"H.No._322,_Varty_Road,_Ahmedabad-116006",Ahmedabad,Gujarat,116006.0,Shipping
MP-01401,CUST-13527,"30/123,_Gupta_Nagar,_Jhansi_726510",Jhansi,Uttar_Pradesh,726510.0,Billing
TN-01402,CUST-13391,"90/67,_Kari_Road,_Gandhinagar-785297",Gandhinagar,Gujarat,785297.0,Shipping
WB-01403,CUST-07725,"H.No._999,_Subramaniam_Zila,_Bally-374761",Bally,West_Bengal,374761.0,Billing
KA-01404,CUST-07758,"099,_Sood
Mangalore-029215",Mangalore,Karnataka,29215.0,Billing
TS-01405,CUST-15587,"93/572
Ravi_Road
Nizamabad-175092",Nizamabad,Telangana,175092.0,Shipping
AP-01406,CUST-18983,"H.No._77
Saini_Zila
Srikakulam_884916",Srikakulam,Andhra_Pradesh,884916.0,Billing
UP-01407,CUST-17541,"H.No._46
Srinivasan
Ahmedabad_995913",Ahmedabad,Gujarat,995913.0,"Billing,_Shipping"
TS-01408,CUST-10038,"87/06,_Konda_Nagar
Ambala-308766",Ambala,Haryana,308766.0,Shipping
AP-01409,CUST-12878,"H.No._83,_Mandal_Nagar
Gudivada_402976",Gudivada,Andhra_Pradesh,402976.0,Shipping
UP-01410,CUST-12650,"89,_Sanghvi_Street,_Shahjahanpur_157106",Shahjahanpur,Uttar_Pradesh,157106.0,Billing
MP-01411,CUST-16700,"H.No._17
Buch_Marg
Mau-613470",Mau,Uttar_Pradesh,613470.0,"Billing,_Shipping"
MP-01412,CUST-16861,"53/99
Comar_Road
Kishanganj-180209",Kishanganj,Bihar,180209.0,Billing
MH-01413,CUST-19476,"01/990,_Deshpande_Chowk,_Loni-341541",Loni,Uttar_Pradesh,341541.0,"Billing,_Shipping"
BR-01414,CUST-01882,"768,_Kari_Road
Jaipur_186690",Jaipur,Rajasthan,186690.0,"Billing,_Shipping"
AS-01415,CUST-10890,"47/965
Rajagopal_Ganj
Nagaon_737196",Nagaon,Assam,737196.0,Billing
MH-01416,CUST-06504,"H.No._201
Balasubramanian_Ganj
Yamunanagar-397312",Yamunanagar,Haryana,397312.0,Billing
HR-01417,CUST-10712,"H.No._254,_Walia_Chowk
Aurangabad-471443",Aurangabad,Maharashtra,471443.0,Billing
AP-01418,CUST-10146,"H.No._907,_Chaudry_Marg,_Srikakulam-146915",Srikakulam,Andhra_Pradesh,146915.0,"Billing,_Shipping"
GJ-01419,CUST-19651,"93/880,_Saxena_Nagar,_Hajipur_783393",Hajipur,Bihar,783393.0,Shipping
BR-01420,CUST-07132,"H.No._87,_Saha_Nagar,_Munger-612670",Munger,Bihar,612670.0,Billing
TN-01421,CUST-14912,"28/855,_Tata
Pallavaram-442372",Pallavaram,Tamil_Nadu,442372.0,Shipping
HP-01422,CUST-13969,"344,_Ram_Chowk
Udaipur-036158",Udaipur,Rajasthan,36158.0,Shipping
WB-01423,CUST-14903,"97
Chanda
Aligarh-010996",Aligarh,Uttar_Pradesh,10996.0,"Billing,_Shipping"
UP-01424,CUST-10840,"41
Mangal_Path
Gurgaon-046445",Gurgaon,Haryana,46445.0,"Billing,_Shipping"
TN-01425,CUST-17600,"H.No._86,_Kuruvilla_Circle
Chittoor-182374",Chittoor,Andhra_Pradesh,182374.0,Billing
AS-01426,CUST-10139,"93
Aurora_Nagar
Siliguri-792571",Siliguri,West_Bengal,792571.0,"Billing,_Shipping"
BR-01427,CUST-02435,"87/41,_Dash_Marg,_Jaipur_067542",Jaipur,Rajasthan,67542.0,"Billing,_Shipping"
BR-01428,CUST-13820,"H.No._52,_Bhatia_Chowk
Munger_620725",Munger,Bihar,620725.0,"Billing,_Shipping"
TN-01429,CUST-14098,"00,_Bhasin_Marg
Avadi_323674",Avadi,Tamil_Nadu,323674.0,Shipping
JH-01430,CUST-10965,"H.No._89
Lata_Street
Kharagpur_102867",Kharagpur,West_Bengal,102867.0,Shipping
WB-01431,CUST-02738,"19/970
Sabharwal_Zila
Bally-073829",Bally,West_Bengal,73829.0,Billing
AP-01432,CUST-04218,"H.No._33,_Vig_Street
Anantapuram-009431",Anantapuram,Andhra_Pradesh,9431.0,Shipping
TS-01433,CUST-18347,"41/24,_Bala_Chowk,_Sirsa-634913",Sirsa,Haryana,634913.0,"Billing,_Shipping"
BR-01434,CUST-14909,"H.No._198
Madan_Marg
Buxar_667874",Buxar,Bihar,667874.0,Billing
HR-01435,CUST-10318,"84/268
Shanker_Path
Siwan_720163",Siwan,Bihar,720163.0,Shipping
AP-01436,CUST-14913,"H.No._41
Saraf_Path
Jammu-349636",Jammu,Jammu_and_Kashmir,349636.0,"Billing,_Shipping"
MH-01437,CUST-16579,"H.No._716
Dora_Circle
Yamunanagar-678693",Yamunanagar,Haryana,678693.0,Shipping
MP-01438,CUST-02521,"28,_Bhandari_Road,_Gopalpur_333620",Gopalpur,Odisha,333620.0,"Billing,_Shipping"
DL-01439,CUST-17410,"409,_Randhawa_Path
Delhi_540160",Delhi,Delhi_(Union_Territory),540160.0,"Billing,_Shipping"
TS-01440,CUST-18775,"53,_Golla_Zila
Ambala_551296",Ambala,Haryana,551296.0,Shipping
CG-01441,CUST-19581,"087,_Rattan_Ganj
Malda-223417",Malda,West_Bengal,223417.0,Billing
MP-01442,CUST-12801,"39/39
Dixit_Street
Indore-864040",Indore,Madhya_Pradesh,864040.0,Shipping
RJ-01443,CUST-13376,"H.No._702,_Sharaf,_Akola-258463",Akola,Maharashtra,258463.0,Billing
UK-01444,CUST-03276,"96,_Batta_Marg,_Shivpuri-296299",Shivpuri,Madhya_Pradesh,296299.0,Shipping
MH-01445,CUST-13216,"054,_Chokshi_Ganj,_Yamunanagar_475534",Yamunanagar,Haryana,475534.0,Billing
MP-01446,CUST-18782,"29
Garde_Path
Dehri_330052",Dehri,Bihar,330052.0,"Billing,_Shipping"
UP-01447,CUST-17336,"H.No._90,_Gole,_Ahmedabad-027585",Ahmedabad,Gujarat,27585.0,Billing
TS-01448,CUST-02058,"32/70,_Chatterjee_Zila,_Ramagundam-445503",Ramagundam,Telangana,445503.0,Shipping
RJ-01449,CUST-05917,"H.No._37,_Kurian_Ganj,_Dewas-065775",Dewas,Madhya_Pradesh,65775.0,Billing
MH-01450,CUST-14621,"H.No._172,_Yadav_Road,_Rampur-762050",Rampur,Uttar_Pradesh,762050.0,"Billing,_Shipping"
AP-01451,CUST-11742,"86/52,_Sha_Chowk,_Dharmavaram_533083",Dharmavaram,Andhra_Pradesh,533083.0,Shipping
WB-01452,CUST-17274,"09,_Chacko
Uluberia_471970",Uluberia,West_Bengal,471970.0,Billing
CG-01453,CUST-11520,"H.No._379,_Khare_Path
Bhilai-276022",Bhilai,Chhattisgarh,276022.0,"Billing,_Shipping"
OR-01454,CUST-02252,"214,_Deo_Street
Danapur-814268",Danapur,Bihar,814268.0,Billing
OR-01455,CUST-16765,"H.No._53,_Bath_Circle,_Danapur-040167",Danapur,Bihar,40167.0,"Billing,_Shipping"
CG-01456,CUST-00746,"H.No._869
Shah_Zila
Sagar-972492",Sagar,Madhya_Pradesh,972492.0,Shipping
CG-01457,CUST-18037,"64,_Loyal_Nagar
Malda_547069",Malda,West_Bengal,547069.0,"Billing,_Shipping"
RJ-01458,CUST-18860,"H.No._04
Saxena_Ganj
Akola_578415",Akola,Maharashtra,578415.0,"Billing,_Shipping"
RJ-01459,CUST-07448,"H.No._76,_Venkataraman_Marg
Akola-206272",Akola,Maharashtra,206272.0,"Billing,_Shipping"
CG-01460,CUST-01521,"387
Kari_Ganj
Sambalpur_455154",Sambalpur,Odisha,455154.0,"Billing,_Shipping"
WB-01461,CUST-09695,"99/20,_Randhawa_Marg,_Panihati_362309",Panihati,West_Bengal,362309.0,"Billing,_Shipping"
KA-01462,CUST-08685,"H.No._59,_Aggarwal_Nagar
Tumkur_803848",Tumkur,Karnataka,803848.0,Shipping
OR-01463,CUST-15037,"63/709
Saini_Marg
Bijapur_788111",Bijapur,Karnataka,788111.0,"Billing,_Shipping"
KA-01464,CUST-12133,"59
Baral_Circle
Solapur_319541",Solapur,Maharashtra,319541.0,"Billing,_Shipping"
UP-01465,CUST-01763,"H.No._40,_Sampath_Zila,_Farrukhabad_938775",Farrukhabad,Uttar_Pradesh,938775.0,Shipping
MH-01467,CUST-09844,"H.No._28,_Shanker_Street,_Nanded_422115",Nanded,Maharashtra,422115.0,Shipping
UP-01468,CUST-10013,"77/822
Anand_Circle
Sambhal_447554",Sambhal,Uttar_Pradesh,447554.0,Billing
TN-01469,CUST-14702,"80,_Borah_Circle
Pali-124653",Pali,Rajasthan,124653.0,Billing
UP-01470,CUST-19124,"23/82
Tara_Path
Ahmedabad-683358",Ahmedabad,Gujarat,683358.0,"Billing,_Shipping"
MH-01471,CUST-07917,"H.No._304,_Bajaj_Zila,_Jalgaon_976691",Jalgaon,Maharashtra,976691.0,Billing
WB-01472,CUST-13732,"H.No._65,_Sankaran_Nagar
Bhatpara_011722",Bhatpara,West_Bengal,11722.0,Billing
WB-01473,CUST-14704,"H.No._00
Aggarwal_Street
Uluberia-496534",Uluberia,West_Bengal,496534.0,Shipping
TN-01474,CUST-15515,"86/54
Kala_Nagar
Tiruppur-773576",Tiruppur,Tamil_Nadu,773576.0,Shipping
OR-01475,CUST-02791,"67/506,_Ghosh_Marg,_Anantapur_101706",Anantapur,Andhra_Pradesh,101706.0,Shipping
WB-01476,CUST-02985,"22/18,_Bora_Zila
Panihati-314689",Panihati,West_Bengal,314689.0,Shipping
OR-01477,CUST-15497,"H.No._60,_Gandhi_Circle
Mathura-733907",Mathura,Uttar_Pradesh,733907.0,"Billing,_Shipping"
GJ-01478,CUST-13404,"75/049
Tripathi
Gandhidham_458813",Gandhidham,Gujarat,458813.0,"Billing,_Shipping"
MH-01479,CUST-11031,"566,_Mallick_Road
Loni_005284",Loni,Uttar_Pradesh,5284.0,"Billing,_Shipping"
AS-01480,CUST-16946,"H.No._87,_Ramanathan_Chowk,_Bongaigaon_058689",Bongaigaon,Assam,58689.0,"Billing,_Shipping"
MH-01481,CUST-14353,"64,_Dara_Path
Loni_414994",Loni,Uttar_Pradesh,414994.0,Shipping
TS-01482,CUST-19671,"08/993,_Raj_Marg,_Srinagar_869999",Srinagar,Jammu_and_Kashmir,869999.0,"Billing,_Shipping"
KA-01483,CUST-09737,"94/17
Sheth_Nagar
Hosur_756141",Hosur,Tamil_Nadu,756141.0,Shipping
AP-01484,CUST-17792,"64/56
Sawhney_Marg
Dharmavaram-791968",Dharmavaram,Andhra_Pradesh,791968.0,"Billing,_Shipping"
TN-01485,CUST-11700,"66/506,_Jain_Road
Chittoor-935220",Chittoor,Andhra_Pradesh,935220.0,Shipping
MH-01486,CUST-03525,"H.No._69,_Khalsa_Street,_Guntur-281275",Guntur,Andhra_Pradesh,281275.0,Shipping
RJ-01487,CUST-11781,"27/25,_Sarma,_Rajkot-402106",Rajkot,Gujarat,402106.0,Shipping
CG-01488,CUST-17866,"55/318
Bhakta_Marg
Malda-026232",Malda,West_Bengal,26232.0,"Billing,_Shipping"
TN-01489,CUST-11495,"929,_Kulkarni_Street
Salem_710366",Salem,Tamil_Nadu,710366.0,Shipping
BR-01490,CUST-13849,"H.No._76,_Buch_Chowk,_Jaipur_263387",Jaipur,Rajasthan,263387.0,"Billing,_Shipping"
UP-01491,CUST-04727,"05,_Saha_Path
Mirzapur-998995",Mirzapur,Uttar_Pradesh,998995.0,"Billing,_Shipping"
MP-01492,CUST-15843,"21/347
Verma_Ganj
Ramgarh_675752",Ramgarh,Jharkhand,675752.0,Shipping
RJ-01493,CUST-15912,"H.No._74,_Bhandari_Zila,_Rajkot-501540",Rajkot,Gujarat,501540.0,"Billing,_Shipping"
MP-01494,CUST-18910,"81
Gill_Ganj
Kota-166458",Kota,Rajasthan,166458.0,"Billing,_Shipping"
TR-01495,CUST-09541,"H.No._44
Bhardwaj_Zila
Durgapur_957868",Durgapur,West_Bengal,957868.0,"Billing,_Shipping"
RJ-01496,CUST-16396,"H.No._94,_Bora_Street,_Dewas_923292",Dewas,Madhya_Pradesh,923292.0,Shipping
HP-01497,CUST-13362,"32/90
Ben_Marg
Udaipur_299699",Udaipur,Rajasthan,299699.0,Billing
UP-01498,CUST-12699,"H.No._446,_Krishnan_Street,_Jamalpur_227319",Jamalpur,Bihar,227319.0,Billing
TS-01499,CUST-18541,"90/15
Dhar_Street
Sirsa-986870",Sirsa,Haryana,986870.0,"Billing,_Shipping"
OR-01500,CUST-15543,"53/59
Desai_Path
Bilaspur_956372",Bilaspur,Chhattisgarh,956372.0,Shipping
TN-01501,CUST-01325,"50/08,_Dayal_Nagar
Pallavaram-439657",Pallavaram,Tamil_Nadu,439657.0,"Billing,_Shipping"
MH-01502,CUST-16068,"H.No._156
Madan_Chowk
Malegaon_199141",Malegaon,Maharashtra,199141.0,"Billing,_Shipping"
MP-01503,CUST-17821,"15,_Barad_Chowk,_Agra_466865",Agra,Uttar_Pradesh,466865.0,Shipping
MP-01504,CUST-10086,"447
Madan_Path
Jalandhar_985512",Jalandhar,Punjab,985512.0,Shipping
OR-01505,CUST-08727,"H.No._20,_Chada_Marg,_Chandrapur-256223",Chandrapur,Maharashtra,256223.0,Billing
MH-01506,CUST-16845,"H.No._60
Sarraf_Nagar
Karnal_798058",Karnal,Haryana,798058.0,"Billing,_Shipping"
UP-01507,CUST-13191,"48/70,_Deshmukh_Circle
Raipur_900338",Raipur,Chhattisgarh,900338.0,Shipping
BR-01508,CUST-11129,"10/269,_Sengupta_Chowk,_Satna-836044",Satna,Madhya_Pradesh,836044.0,Billing
UP-01509,CUST-19095,"222,_Shanker_Zila
Shahjahanpur_284364",Shahjahanpur,Uttar_Pradesh,284364.0,"Billing,_Shipping"
HP-01510,CUST-15859,"57/29
Ravel_Zila
Udaipur-170279",Udaipur,Rajasthan,170279.0,Shipping
TN-01511,CUST-07953,"H.No._15,_Walia_Road,_Vellore_459126",Vellore,Tamil_Nadu,459126.0,Billing
CG-01512,CUST-13902,"H.No._920,_Thakur_Ganj,_Nagpur_715763",Nagpur,Maharashtra,715763.0,"Billing,_Shipping"
KA-01513,CUST-16861,"51/16,_Koshy_Road,_Mangalore_979730",Mangalore,Karnataka,979730.0,Shipping
GJ-01514,CUST-09282,"32/346
Rattan_Nagar
Vadodara_435407",Vadodara,Gujarat,435407.0,"Billing,_Shipping"
MP-01515,CUST-09776,"77/67,_Char_Marg
Jhansi_197815",Jhansi,Uttar_Pradesh,197815.0,Shipping
AP-01516,CUST-04228,"04
Yohannan_Road
Jammu_236322",Jammu,Jammu_and_Kashmir,236322.0,Shipping
UP-01517,CUST-17541,"H.No._07,_Ahluwalia_Ganj
Muzaffarpur_562212",Muzaffarpur,Bihar,562212.0,"Billing,_Shipping"
JH-01518,CUST-18825,"47/20,_Sengupta_Street,_Mango-049545",Mango,Jharkhand,49545.0,"Billing,_Shipping"
TN-01519,CUST-19888,"03,_Buch_Path,_Pali_429375",Pali,Rajasthan,429375.0,Shipping
TS-01520,CUST-11895,"368
Andra_Circle
Srinagar-759972",Srinagar,Jammu_and_Kashmir,759972.0,"Billing,_Shipping"
CG-01521,CUST-18774,"H.No._613,_Bobal_Marg,_Nagpur_539942",Nagpur,Maharashtra,539942.0,Billing
AP-01522,CUST-02712,"10/22,_Shenoy_Circle
Srikakulam_777518",Srikakulam,Andhra_Pradesh,777518.0,Billing
AS-01523,CUST-17998,"73/181,_Din_Path,_Nagaon_045691",Nagaon,Assam,45691.0,Shipping
GJ-01524,CUST-15069,"87/927,_Lall_Path
Allahabad-010868",Allahabad,Uttar_Pradesh,10868.0,Shipping
JH-01525,CUST-14186,"23/81,_Dhar_Nagar,_Kharagpur-492348",Kharagpur,West_Bengal,492348.0,"Billing,_Shipping"
MP-01526,CUST-10970,"80/251,_Kamdar_Path,_Jhansi_838648",Jhansi,Uttar_Pradesh,838648.0,Shipping
OR-01527,CUST-17447,"15/90
Sharaf
Berhampur-258616",Berhampur,Odisha,258616.0,Shipping
WB-01528,CUST-19247,"H.No._16,_Manne,_Aligarh-723125",Aligarh,Uttar_Pradesh,723125.0,Shipping
AP-01529,CUST-10630,"23,_Baria_Road,_Srikakulam-244006",Srikakulam,Andhra_Pradesh,244006.0,"Billing,_Shipping"
RJ-01530,CUST-15761,"H.No._37
Bhat_Road
Dewas_879719",Dewas,Madhya_Pradesh,879719.0,Billing
KA-01531,CUST-10956,"59/197,_Hans_Street
Hospet_063141",Hospet,Karnataka,63141.0,Billing
GJ-01532,CUST-10388,"22,_Chahal_Zila
Jabalpur_688369",Jabalpur,Madhya_Pradesh,688369.0,Billing
MH-01533,CUST-14717,"98/47,_Das_Circle,_Malegaon_037660",Malegaon,Maharashtra,37660.0,Shipping
UK-01534,CUST-13858,"H.No._63,_Apte_Ganj
Haridwar_292558",Haridwar,Uttarakhand,292558.0,Shipping
MH-01535,CUST-13470,"H.No._225,_Konda_Marg
Jalgaon_614145",Jalgaon,Maharashtra,614145.0,Billing
KA-01536,CUST-10323,"37
Dhar_Circle
Tumkur-286528",Tumkur,Karnataka,286528.0,Billing
UP-01537,CUST-14131,"H.No._17
Swaminathan_Marg
Farrukhabad_723478",Farrukhabad,Uttar_Pradesh,723478.0,Shipping
MP-01538,CUST-10202,"70/36,_Keer_Circle
Jalandhar-673036",Jalandhar,Punjab,673036.0,"Billing,_Shipping"
CG-01539,CUST-01917,"H.No._866,_Keer_Circle,_Bhilai-477507",Bhilai,Chhattisgarh,477507.0,Billing
RJ-01540,CUST-19090,"H.No._31
Jain_Circle
Fatehpur-847324",Fatehpur,Uttar_Pradesh,847324.0,Billing
UK-01541,CUST-19841,"H.No._83,_Edwin_Ganj,_Jalna_399977",Jalna,Maharashtra,399977.0,"Billing,_Shipping"
MH-01542,CUST-03173,"H.No._81
Gulati
Rampur_357592",Rampur,Uttar_Pradesh,357592.0,"Billing,_Shipping"
MH-01543,CUST-07225,"968,_Hegde_Circle,_Nanded_120772",Nanded,Maharashtra,120772.0,Shipping
WB-01544,CUST-11932,"34/64,_Arya_Nagar,_Bidhannagar_215584",Bidhannagar,West_Bengal,215584.0,"Billing,_Shipping"
OR-01545,CUST-15712,"H.No._59
Dora_Ganj
Haldia_593954",Haldia,West_Bengal,593954.0,Shipping
UP-01546,CUST-05768,"H.No._718,_Ghosh_Chowk
Chapra_690875",Chapra,Bihar,690875.0,Billing
WB-01547,CUST-11641,"76/793,_Singh_Path,_Uluberia_309915",Uluberia,West_Bengal,309915.0,"Billing,_Shipping"
AP-01548,CUST-05930,"09/77,_Gola_Chowk
Gudivada_263058",Gudivada,Andhra_Pradesh,263058.0,Shipping
TN-01549,CUST-06540,"96/291,_Acharya_Ganj
Vellore_256731",Vellore,Tamil_Nadu,256731.0,Billing
HR-01550,CUST-15180,"640,_Tella_Road,_Aurangabad_689769",Aurangabad,Maharashtra,689769.0,"Billing,_Shipping"
OR-01551,CUST-14493,"67,_Dada_Path,_Haldia_063803",Haldia,West_Bengal,63803.0,Billing
HR-01552,CUST-17958,"H.No._617,_Kapadia_Zila
Siwan-782791",Siwan,Bihar,782791.0,Billing
WB-01553,CUST-15166,"77/22
Dave_Road
Aligarh-502883",Aligarh,Uttar_Pradesh,502883.0,"Billing,_Shipping"
UP-01554,CUST-10208,"H.No._00
Ramesh_Marg
Ahmedabad_104483",Ahmedabad,Gujarat,104483.0,Shipping
JH-01555,CUST-03596,"12
Yohannan
Kharagpur-216808",Kharagpur,West_Bengal,216808.0,"Billing,_Shipping"
TN-01556,CUST-18099,"03/448,_Bahl_Path,_Pallavaram_178701",Pallavaram,Tamil_Nadu,178701.0,Billing
UP-01557,CUST-03638,"39
Raju_Marg
Karimnagar_354903",Karimnagar,Telangana,354903.0,"Billing,_Shipping"
TS-01558,CUST-18864,"019
Sankaran
Nizamabad_602988",Nizamabad,Telangana,602988.0,Shipping
OR-01559,CUST-17379,"60,_Kalla_Path
Bilaspur_134906",Bilaspur,Chhattisgarh,134906.0,"Billing,_Shipping"
AS-01560,CUST-01156,"H.No._540,_Chawla_Zila
Bongaigaon-973556",Bongaigaon,Assam,973556.0,Shipping
KA-01561,CUST-04586,"21/07,_Guha_Chowk
Tumkur-032612",Tumkur,Karnataka,32612.0,Shipping
WB-01562,CUST-19504,"24/16,_Varma_Street
Panihati-668435",Panihati,West_Bengal,668435.0,"Billing,_Shipping"
JH-01563,CUST-15142,"06
Garg_Street
Phusro_874162",Phusro,Jharkhand,874162.0,Billing
MP-01564,CUST-15412,"65/386
Salvi_Nagar
Kishanganj_002534",Kishanganj,Bihar,2534.0,Shipping
MP-01565,CUST-19665,"35/311
Malhotra_Path
Kishanganj_305258",Kishanganj,Bihar,305258.0,"Billing,_Shipping"
HR-01566,CUST-11335,"218,_Lall_Circle,_Siwan_157184",Siwan,Bihar,157184.0,Billing
AS-01567,CUST-16374,"27/513,_Golla_Ganj,_Nagaon-503554",Nagaon,Assam,503554.0,Shipping
WB-01568,CUST-02207,"H.No._71
Kar_Zila
Madhyamgram_183726",Madhyamgram,West_Bengal,183726.0,Shipping
TN-01569,CUST-17579,"73/899,_Dayal_Road
Vellore-979768",Vellore,Tamil_Nadu,979768.0,Billing
WB-01570,CUST-17549,"28/13,_Bhavsar_Zila
Baranagar-495830",Baranagar,West_Bengal,495830.0,"Billing,_Shipping"
KA-01571,CUST-04916,"32,_Mammen_Path
Hospet-875308",Hospet,Karnataka,875308.0,Billing
UP-01572,CUST-16474,"71/219
Dhingra_Road
Mirzapur-412623",Mirzapur,Uttar_Pradesh,412623.0,Shipping
MP-01573,CUST-18904,"32/738
Mahal_Nagar
Ramgarh_412728",Ramgarh,Jharkhand,412728.0,Billing
WB-01574,CUST-19978,"H.No._86,_Thaman_Zila
Madhyamgram_360187",Madhyamgram,West_Bengal,360187.0,"Billing,_Shipping"
TS-01575,CUST-04523,"03,_Seshadri_Zila
Sirsa_861298",Sirsa,Haryana,861298.0,Billing
TN-01576,CUST-10499,"795,_Manne_Chowk,_Tiruvottiyur-797779",Tiruvottiyur,Tamil_Nadu,797779.0,Billing
UK-01577,CUST-19418,"813,_Verma_Circle,_Jalna-445264",Jalna,Maharashtra,445264.0,"Billing,_Shipping"
MP-01578,CUST-12811,"73,_Sathe_Zila
Jodhpur_006082",Jodhpur,Rajasthan,6082.0,"Billing,_Shipping"
AP-01579,CUST-14395,"04/242,_Ahluwalia_Circle,_Srikakulam_024292",Srikakulam,Andhra_Pradesh,24292.0,Shipping
TN-01580,CUST-17296,"H.No._07
Barad_Path
Pallavaram_703381",Pallavaram,Tamil_Nadu,703381.0,Shipping
UP-01581,CUST-16354,"81/08
Salvi_Path
Shahjahanpur-383243",Shahjahanpur,Uttar_Pradesh,383243.0,Shipping
MH-01582,CUST-11869,"983,_Kota_Zila,_Yamunanagar-094846",Yamunanagar,Haryana,94846.0,Billing
TS-01583,CUST-00339,"H.No._83
Sehgal_Circle
Proddatur-705399",Proddatur,Andhra_Pradesh,705399.0,Shipping
GJ-01584,CUST-16743,"57,_Viswanathan
Ajmer-528733",Ajmer,Rajasthan,528733.0,Shipping
MP-01585,CUST-11791,"58/162,_Sem_Circle
Ramgarh_080112",Ramgarh,Jharkhand,80112.0,Shipping
UP-01586,CUST-11260,"873,_Doctor_Path
Raiganj_838287",Raiganj,West_Bengal,838287.0,Billing
OR-01587,CUST-09299,"33/55
Char_Street
Kanpur_090306",Kanpur,Uttar_Pradesh,90306.0,Shipping
MP-01588,CUST-04580,"14/136,_Kothari_Nagar
Dehri_980402",Dehri,Bihar,980402.0,"Billing,_Shipping"
BR-01589,CUST-10759,"67/35,_Baral_Street
Buxar_732741",Buxar,Bihar,732741.0,"Billing,_Shipping"
TN-01590,CUST-11503,"H.No._648
Rajagopal_Chowk
Salem_790509",Salem,Tamil_Nadu,790509.0,Shipping
HR-01592,CUST-09885,"97/35,_Hegde_Path,_Aurangabad-784899",Aurangabad,Maharashtra,784899.0,Shipping
TS-01593,CUST-14842,"29/92,_Rege_Zila,_Hindupur-517488",Hindupur,Andhra_Pradesh,517488.0,Shipping
MP-01594,CUST-09671,"H.No._003,_Dave_Zila,_Indore-982530",Indore,Madhya_Pradesh,982530.0,Billing
UP-01595,CUST-11116,"43,_Chahal_Road
Sambhal_490079",Sambhal,Uttar_Pradesh,490079.0,"Billing,_Shipping"
CG-01596,CUST-14956,"36/710,_Rajagopal_Chowk,_Sambalpur_780206",Sambalpur,Odisha,780206.0,Billing
GJ-01597,CUST-19323,"H.No._726,_Shah_Path,_Ajmer_586711",Ajmer,Rajasthan,586711.0,"Billing,_Shipping"
GJ-01598,CUST-07514,"61
Talwar_Street
Gandhidham_019493",Gandhidham,Gujarat,19493.0,Shipping
TN-01599,CUST-14569,"301
Bora_Ganj
Pali-923639",Pali,Rajasthan,923639.0,"Billing,_Shipping"
WB-01600,CUST-06608,"H.No._437,_Bahri_Zila,_Kulti_613555",Kulti,West_Bengal,613555.0,Billing
OR-01601,CUST-16792,"H.No._00,_Saraf_Road
Bijapur_202906",Bijapur,Karnataka,202906.0,Billing
AP-01602,CUST-16589,"34/124
Bassi_Road
Bhimavaram_869116",Bhimavaram,Andhra_Pradesh,869116.0,"Billing,_Shipping"
HR-01603,CUST-05076,"77/33
Chatterjee_Ganj
Aurangabad_853684",Aurangabad,Maharashtra,853684.0,Billing
MH-01604,CUST-19627,"91,_Hayer_Street,_Jalgaon-899660",Jalgaon,Maharashtra,899660.0,"Billing,_Shipping"
MH-01605,CUST-06810,"H.No._186,_Varughese_Path,_Satara-341231",Satara,Maharashtra,341231.0,Shipping
TN-01606,CUST-10511,"37,_Chandra_Chowk
Gandhinagar-466392",Gandhinagar,Gujarat,466392.0,Shipping
OR-01607,CUST-10701,"476,_Chahal_Nagar,_Patna-251111",Patna,Bihar,251111.0,"Billing,_Shipping"
TN-01608,CUST-11539,"H.No._78,_Malhotra_Chowk
Salem-326179",Salem,Tamil_Nadu,326179.0,"Billing,_Shipping"
MH-01609,CUST-14914,"29,_Lal_Road,_Guntur_641342",Guntur,Andhra_Pradesh,641342.0,Shipping
HP-01610,CUST-17328,"95,_Mannan_Street
Udaipur_187998",Udaipur,Rajasthan,187998.0,Shipping
JH-01611,CUST-07180,"444,_Dixit_Path,_Phusro_872050",Phusro,Jharkhand,872050.0,Shipping
JH-01612,CUST-11132,"02/85
Bhatia_Chowk
Mango-786809",Mango,Jharkhand,786809.0,Shipping
TN-01613,CUST-19949,"44
Bhardwaj_Marg
Avadi_632745",Avadi,Tamil_Nadu,632745.0,"Billing,_Shipping"
RJ-01614,CUST-18852,"23/70
Subramaniam_Circle
Rajkot_759300",Rajkot,Gujarat,759300.0,Shipping
GJ-01615,CUST-02179,"H.No._00
Sarna_Chowk
Kavali-087367",Kavali,Andhra_Pradesh,87367.0,Billing
OR-01617,CUST-04510,"47/697
Thakur_Path
Mathura_531030",Mathura,Uttar_Pradesh,531030.0,Shipping
TN-01618,CUST-18828,"054,_Date,_Avadi-973143",Avadi,Tamil_Nadu,973143.0,"Billing,_Shipping"
TN-01619,CUST-18225,"489,_Anand_Street
Tiruppur_867475",Tiruppur,Tamil_Nadu,867475.0,Shipping
WB-01620,CUST-12009,"H.No._973,_Walla_Circle
Bhatpara-001041",Bhatpara,West_Bengal,1041.0,Billing
AP-01621,CUST-17871,"H.No._18,_Dara_Street
Bhimavaram-547787",Bhimavaram,Andhra_Pradesh,547787.0,Shipping
UP-01622,CUST-12112,"91,_Tella_Ganj
Burhanpur_962779",Burhanpur,Madhya_Pradesh,962779.0,"Billing,_Shipping"
KA-01623,CUST-14096,"43,_Sathe_Zila,_Hosur_850900",Hosur,Tamil_Nadu,850900.0,Billing
HP-01624,CUST-14220,"27
Mangal_Marg
Udaipur_879745",Udaipur,Rajasthan,879745.0,"Billing,_Shipping"
WB-01625,CUST-16951,"85/209
Sengupta_Chowk
Naihati_197838",Naihati,West_Bengal,197838.0,"Billing,_Shipping"
UP-01626,CUST-18486,"H.No._97,_Som_Path,_Gurgaon_879166",Gurgaon,Haryana,879166.0,Shipping
BR-01627,CUST-17290,"501,_Deep_Circle,_Buxar-534098",Buxar,Bihar,534098.0,Billing
UP-01628,CUST-07397,"743,_Sahota_Marg,_Muzaffarpur-855863",Muzaffarpur,Bihar,855863.0,Billing
WB-01629,CUST-03160,"564,_Kalita_Street
Bhatpara-408639",Bhatpara,West_Bengal,408639.0,Shipping
HR-01630,CUST-08544,"H.No._10,_Kaul_Marg,_Aurangabad_366632",Aurangabad,Maharashtra,366632.0,Shipping
OR-01632,CUST-19421,"14/526,_Mannan_Chowk,_Anantapur_148672",Anantapur,Andhra_Pradesh,148672.0,"Billing,_Shipping"
DL-01633,CUST-07630,"71/55
Lad_Road
Delhi_527334",Delhi,Delhi_(Union_Territory),527334.0,"Billing,_Shipping"
MH-01634,CUST-18954,"63/952,_Kalla_Circle
Jalgaon_637449",Jalgaon,Maharashtra,637449.0,Billing
TS-01635,CUST-17546,"53
Mani_Zila
Hindupur-926621",Hindupur,Andhra_Pradesh,926621.0,Shipping
AP-01636,CUST-15860,"H.No._649,_Kota_Street
Jammu_106334",Jammu,Jammu_and_Kashmir,106334.0,"Billing,_Shipping"
UP-01637,CUST-03762,"96,_Jhaveri_Marg,_Muzaffarpur_823472",Muzaffarpur,Bihar,823472.0,"Billing,_Shipping"
MH-01638,CUST-07274,"04/500
Handa_Marg
Malegaon_432552",Malegaon,Maharashtra,432552.0,Shipping
MH-01639,CUST-14961,"18,_Kala_Nagar
Malegaon_428207",Malegaon,Maharashtra,428207.0,Billing
MH-01640,CUST-12383,"527,_Chand_Path,_Bhiwandi_642661",Bhiwandi,Maharashtra,642661.0,Shipping
AS-01641,CUST-09860,"H.No._160
Sha_Circle
Siliguri_276930",Siliguri,West_Bengal,276930.0,"Billing,_Shipping"
TS-01642,CUST-18554,"52
Wable
Proddatur-535580",Proddatur,Andhra_Pradesh,535580.0,"Billing,_Shipping"
HR-01643,CUST-14175,"H.No._61,_Ben_Road
Aurangabad_511972",Aurangabad,Maharashtra,511972.0,Shipping
CG-01644,CUST-19467,"H.No._18,_Lad_Chowk
Bhilai_199750",Bhilai,Chhattisgarh,199750.0,"Billing,_Shipping"
BR-01645,CUST-16846,"H.No._840,_Mangat_Nagar
Ballia-276936",Ballia,Uttar_Pradesh,276936.0,Billing
BR-01646,CUST-18586,"45/67,_Datta,_Munger-167187",Munger,Bihar,167187.0,Billing
TN-01647,CUST-02082,"79/61,_Mall
Pali_873809",Pali,Rajasthan,873809.0,Shipping
OR-01648,CUST-17275,"H.No._306,_Korpal_Marg
Anantapur_881572",Anantapur,Andhra_Pradesh,881572.0,Billing
OR-01649,CUST-19528,"943,_Dash_Path,_Kanpur-199194",Kanpur,Uttar_Pradesh,199194.0,Shipping
AP-01650,CUST-10558,"H.No._11
Sama
Dharmavaram_488528",Dharmavaram,Andhra_Pradesh,488528.0,"Billing,_Shipping"
WB-01651,CUST-17729,"85,_Khare,_Aligarh-537155",Aligarh,Uttar_Pradesh,537155.0,Billing
UP-01652,CUST-10050,"303
Hayre_Zila
Shahjahanpur-516836",Shahjahanpur,Uttar_Pradesh,516836.0,"Billing,_Shipping"
AP-01653,CUST-10119,"50/594,_Sawhney_Circle,_Jammu_488471",Jammu,Jammu_and_Kashmir,488471.0,"Billing,_Shipping"
OR-01654,CUST-12985,"H.No._57,_Bhatia_Zila,_Chandrapur-482290",Chandrapur,Maharashtra,482290.0,Shipping
AP-01655,CUST-08426,"76,_Raja_Ganj
Anantapuram-614408",Anantapuram,Andhra_Pradesh,614408.0,"Billing,_Shipping"
JH-01656,CUST-17439,"H.No._847,_Dara,_Kharagpur-405707",Kharagpur,West_Bengal,405707.0,Shipping
JH-01657,CUST-15309,"937,_Tata_Circle
Mango_247198",Mango,Jharkhand,247198.0,"Billing,_Shipping"
JH-01658,CUST-18264,"H.No._313,_Lad
Kharagpur_279517",Kharagpur,West_Bengal,279517.0,Billing
TR-01659,CUST-14142,"H.No._173,_Sane_Zila
Durgapur_918305",Durgapur,West_Bengal,918305.0,"Billing,_Shipping"
AP-01660,CUST-08808,"36/51
Bath_Zila
Anantapuram-588149",Anantapuram,Andhra_Pradesh,588149.0,Shipping
MP-01661,CUST-03016,"H.No._02,_Dass_Zila,_Agra_063908",Agra,Uttar_Pradesh,63908.0,Shipping
TN-01662,CUST-19145,"45/858
Basak_Street
Pali-991829",Pali,Rajasthan,991829.0,"Billing,_Shipping"
CG-01663,CUST-09163,"H.No._277,_Varghese_Zila
Bhilai_173944",Bhilai,Chhattisgarh,173944.0,Billing
MP-01664,CUST-19096,"204,_Keer_Zila,_Mau_631381",Mau,Uttar_Pradesh,631381.0,"Billing,_Shipping"
OR-01665,CUST-12790,"H.No._766,_Dewan_Ganj
Patna_185385",Patna,Bihar,185385.0,Billing
UP-01666,CUST-10348,"H.No._115
Gade_Path
Shahjahanpur-423191",Shahjahanpur,Uttar_Pradesh,423191.0,Billing
RJ-01667,CUST-19695,"73/479
Arya_Nagar
Akola_963476",Akola,Maharashtra,963476.0,Billing
WB-01668,CUST-13237,"325,_Lala_Nagar,_Naihati-654401",Naihati,West_Bengal,654401.0,"Billing,_Shipping"
JH-01669,CUST-00703,"95/788,_Varkey_Ganj
Kharagpur_477872",Kharagpur,West_Bengal,477872.0,"Billing,_Shipping"
DL-01670,CUST-01452,"H.No._28
Wason
Delhi-887070",Delhi,Delhi_(Union_Territory),887070.0,Billing
MP-01671,CUST-17301,"816
Ramachandran_Marg
Jhansi_548749",Jhansi,Uttar_Pradesh,548749.0,"Billing,_Shipping"
GJ-01672,CUST-15321,"92,_Thaman_Street
Hajipur-829795",Hajipur,Bihar,829795.0,"Billing,_Shipping"
MP-01673,CUST-14965,"90/729
Taneja_Path
Gopalpur-875923",Gopalpur,Odisha,875923.0,Billing
WB-01674,CUST-14072,"H.No._87
Bhalla_Marg
Baranagar-570516",Baranagar,West_Bengal,570516.0,Billing
GJ-01675,CUST-13391,"H.No._587,_Johal_Zila,_Gandhidham_506035",Gandhidham,Gujarat,506035.0,Billing
MH-01676,CUST-11481,"H.No._09
Handa_Circle
Malegaon-029017",Malegaon,Maharashtra,29017.0,Billing
OR-01677,CUST-11125,"25/90,_Barad_Nagar
Berhampur_171898",Berhampur,Odisha,171898.0,Shipping
UP-01678,CUST-02778,"52/76
Ravi
Chapra_297820",Chapra,Bihar,297820.0,"Billing,_Shipping"
GJ-01679,CUST-04505,"63,_Soni_Circle
Ajmer-563405",Ajmer,Rajasthan,563405.0,"Billing,_Shipping"
UP-01680,CUST-12974,"31
Sarkar_Road
Sambhal_509920",Sambhal,Uttar_Pradesh,509920.0,"Billing,_Shipping"
BR-01682,CUST-16608,"581,_Gulati_Street,_Satna-049055",Satna,Madhya_Pradesh,49055.0,Shipping
CG-01683,CUST-02680,"H.No._037
Bail_Path
Nagpur-119173",Nagpur,Maharashtra,119173.0,Shipping
HR-01684,CUST-16182,"H.No._067,_Korpal_Road,_Aurangabad-825376",Aurangabad,Maharashtra,825376.0,Shipping
AP-01685,CUST-02624,"78/298
Krishnamurthy_Street
Jammu_078645",Jammu,Jammu_and_Kashmir,78645.0,Shipping
CG-01686,CUST-06681,"39/12
Hans_Nagar
Malda-057130",Malda,West_Bengal,57130.0,Shipping
HR-01687,CUST-00150,"H.No._304,_Kalita
Bikaner_616900",Bikaner,Rajasthan,616900.0,Shipping
BR-01688,CUST-19304,"823
Date_Nagar
Munger_133657",Munger,Bihar,133657.0,Billing
WB-01689,CUST-14707,"40/71,_Borah_Marg
Bhatpara-894368",Bhatpara,West_Bengal,894368.0,"Billing,_Shipping"
AP-01690,CUST-12289,"62,_Kashyap_Road
Gudivada-013010",Gudivada,Andhra_Pradesh,13010.0,"Billing,_Shipping"
MP-01691,CUST-11108,"58,_Chawla_Street
Indore-944396",Indore,Madhya_Pradesh,944396.0,Billing
BR-01692,CUST-14084,"H.No._94
Gandhi_Ganj
Purnia_889359",Purnia,Bihar,889359.0,Shipping
MH-01693,CUST-10026,"53/06,_Brar_Nagar,_Malegaon_242676",Malegaon,Maharashtra,242676.0,Shipping
UP-01694,CUST-11307,"416,_Golla_Circle,_Karimnagar-238674",Karimnagar,Telangana,238674.0,Shipping
CG-01695,CUST-01278,"60/625,_Bhatia_Road
Sambalpur-491693",Sambalpur,Odisha,491693.0,Shipping
UP-01696,CUST-11139,"68/02,_Rattan_Ganj
Chapra_559176",Chapra,Bihar,559176.0,"Billing,_Shipping"
WB-01697,CUST-11492,"47/83
Khare_Zila
Aligarh_865678",Aligarh,Uttar_Pradesh,865678.0,Shipping
OR-01698,CUST-19539,"56/22,_Sandal_Road,_Berhampur-904094",Berhampur,Odisha,904094.0,Billing
WB-01699,CUST-14489,"006
Balay_Circle
Madhyamgram_893708",Madhyamgram,West_Bengal,893708.0,"Billing,_Shipping"
UP-01700,CUST-13165,"H.No._873
Dora_Road
Ahmedabad-338287",Ahmedabad,Gujarat,338287.0,Shipping
MP-01701,CUST-17635,"27
Sankaran_Marg
Jhansi_327762",Jhansi,Uttar_Pradesh,327762.0,Shipping
MP-01702,CUST-13717,"90,_Kothari
Jalandhar_982838",Jalandhar,Punjab,982838.0,Shipping
UP-01703,CUST-05430,"916,_Vasa_Marg
Raiganj-497600",Raiganj,West_Bengal,497600.0,Billing
MH-01704,CUST-18208,"88,_Chakraborty_Marg
Nanded-417817",Nanded,Maharashtra,417817.0,"Billing,_Shipping"
KA-01705,CUST-15797,"H.No._12,_Halder_Chowk,_Mangalore_398043",Mangalore,Karnataka,398043.0,"Billing,_Shipping"
GJ-01706,CUST-16500,"H.No._239,_Desai_Street,_Allahabad-902866",Allahabad,Uttar_Pradesh,902866.0,Billing
AS-01707,CUST-18431,"H.No._096,_Mangal_Street
Siliguri-234672",Siliguri,West_Bengal,234672.0,Shipping
BR-01708,CUST-18092,"73/77,_Jhaveri_Circle
Satna_568523",Satna,Madhya_Pradesh,568523.0,Shipping
AP-01709,CUST-11751,"50/36
Badami
Gudivada_302085",Gudivada,Andhra_Pradesh,302085.0,Shipping
TN-01710,CUST-18066,"89/078
Brahmbhatt_Road
Pali-176328",Pali,Rajasthan,176328.0,"Billing,_Shipping"
UP-01711,CUST-17208,"H.No._82,_Sen_Road
Raipur-017059",Raipur,Chhattisgarh,17059.0,Billing
GJ-01712,CUST-05612,"H.No._53,_Dalal_Street
Allahabad_456184",Allahabad,Uttar_Pradesh,456184.0,Shipping
MP-01713,CUST-17863,"32/65,_Sahota_Ganj,_Kota-650927",Kota,Rajasthan,650927.0,"Billing,_Shipping"
TN-01715,CUST-06875,"H.No._88
Devan_Ganj
Avadi_061952",Avadi,Tamil_Nadu,61952.0,"Billing,_Shipping"
MP-01716,CUST-09501,"H.No._384,_Shah_Chowk
Khandwa-139336",Khandwa,Madhya_Pradesh,139336.0,Shipping
MP-01717,CUST-14987,"H.No._97,_Verma_Street,_Gopalpur_619646",Gopalpur,Odisha,619646.0,Shipping
UK-01718,CUST-14065,"H.No._33
Sampath_Street
Haridwar-314342",Haridwar,Uttarakhand,314342.0,Shipping
MP-01719,CUST-09085,"07/46
Wali_Zila
Kota_308153",Kota,Rajasthan,308153.0,Shipping
HR-01720,CUST-15734,"H.No._09,_Bora_Path
Aurangabad_155090",Aurangabad,Maharashtra,155090.0,Billing
WB-01721,CUST-06720,"H.No._02,_Rajan
Arrah-470434",Arrah,Bihar,470434.0,"Billing,_Shipping"
HP-01722,CUST-19617,"356
Behl
Udaipur-435419",Udaipur,Rajasthan,435419.0,Shipping
UP-01723,CUST-15311,"586
Varma_Nagar
Chapra-045331",Chapra,Bihar,45331.0,"Billing,_Shipping"
GJ-01724,CUST-01485,"H.No._741
Choudhry_Circle
Jabalpur-408331",Jabalpur,Madhya_Pradesh,408331.0,Shipping
AP-01725,CUST-14217,"H.No._766,_Apte_Road,_Srikakulam-698202",Srikakulam,Andhra_Pradesh,698202.0,"Billing,_Shipping"
WB-01726,CUST-15592,"H.No._68,_Karnik_Zila
Bidhannagar-017571",Bidhannagar,West_Bengal,17571.0,Shipping
MP-01727,CUST-09008,"60/317,_Bera_Nagar
Gopalpur-541609",Gopalpur,Odisha,541609.0,Billing
JH-01728,CUST-16257,"35
Sant_Ganj
Kharagpur_278377",Kharagpur,West_Bengal,278377.0,Shipping
CG-01729,CUST-16582,"08/250
Sawhney
Sagar_147696",Sagar,Madhya_Pradesh,147696.0,"Billing,_Shipping"
UP-01730,CUST-07459,"829,_Ahuja_Street
Farrukhabad-842336",Farrukhabad,Uttar_Pradesh,842336.0,"Billing,_Shipping"
OR-01731,CUST-14997,"62/55
Dixit_Marg
Patna-528745",Patna,Bihar,528745.0,Shipping
MH-01732,CUST-09619,"27/90,_Khalsa_Street,_Jalgaon-659353",Jalgaon,Maharashtra,659353.0,Shipping
MP-01733,CUST-19469,"28,_Dugar_Path,_Unnao-768197",Unnao,Uttar_Pradesh,768197.0,Billing
MH-01734,CUST-17217,"H.No._03,_Datta_Road,_Bhiwandi-059653",Bhiwandi,Maharashtra,59653.0,Billing
BR-01735,CUST-02732,"11/941
Chaudhuri_Marg
Ballia_118144",Ballia,Uttar_Pradesh,118144.0,"Billing,_Shipping"
MP-01736,CUST-17228,"63/871
Bumb_Marg
Jhansi_248471",Jhansi,Uttar_Pradesh,248471.0,"Billing,_Shipping"
AS-01737,CUST-17750,"H.No._382
Soman_Zila
Nagaon_097806",Nagaon,Assam,97806.0,"Billing,_Shipping"
OR-01738,CUST-11846,"86/029,_Varma_Circle
Chandrapur_159392",Chandrapur,Maharashtra,159392.0,"Billing,_Shipping"
MH-01739,CUST-16775,"H.No._838,_Swaminathan_Nagar
Loni-498583",Loni,Uttar_Pradesh,498583.0,Shipping
MP-01740,CUST-01919,"75/35
Ram_Chowk
Gopalpur-948463",Gopalpur,Odisha,948463.0,Billing
BR-01741,CUST-13775,"67/82
Sura_Ganj
Satna_520708",Satna,Madhya_Pradesh,520708.0,Billing
RJ-01742,CUST-14086,"H.No._674
Baral_Road
Akola-984944",Akola,Maharashtra,984944.0,"Billing,_Shipping"
UP-01743,CUST-08179,"H.No._963,_Johal_Ganj,_Muzaffarpur-124556",Muzaffarpur,Bihar,124556.0,Shipping
MP-01744,CUST-01638,"13/229,_Dubey_Path
Gopalpur_890547",Gopalpur,Odisha,890547.0,Shipping
KA-01745,CUST-13915,"H.No._783
Sachdeva_Ganj
Hospet-416215",Hospet,Karnataka,416215.0,"Billing,_Shipping"
BR-01746,CUST-04099,"H.No._663,_Shukla_Ganj
Jaipur-148778",Jaipur,Rajasthan,148778.0,"Billing,_Shipping"
TN-01747,CUST-18752,"26/18,_Chandran,_Pallavaram-035980",Pallavaram,Tamil_Nadu,35980.0,"Billing,_Shipping"
HP-01748,CUST-11193,"273,_Samra_Ganj,_Udaipur_395839",Udaipur,Rajasthan,395839.0,Shipping
UP-01749,CUST-09838,"60,_Sachdeva_Zila
Raiganj_350996",Raiganj,West_Bengal,350996.0,Shipping
MP-01751,CUST-14607,"H.No._88,_Tata_Circle
Kota-315816",Kota,Rajasthan,315816.0,Shipping
AS-01752,CUST-02600,"H.No._21
Bath_Chowk
Bongaigaon-537021",Bongaigaon,Assam,537021.0,Billing
UK-01753,CUST-11447,"07/80
Sastry_Path
Haridwar_901429",Haridwar,Uttarakhand,901429.0,Shipping
WB-01754,CUST-10255,"37/31,_Joshi_Path
Bhatpara_702550",Bhatpara,West_Bengal,702550.0,Shipping
MH-01755,CUST-16525,"89/487,_Dar_Zila
Bhiwandi-265725",Bhiwandi,Maharashtra,265725.0,"Billing,_Shipping"
JH-01756,CUST-11535,"554
Gulati_Nagar
Asansol_305845",Asansol,West_Bengal,305845.0,Shipping
TR-01757,CUST-18960,"56/15,_Mahajan_Nagar
Chandigarh-407642",Chandigarh,Chandigarh_(Union_Territory),407642.0,Billing
TN-01758,CUST-11752,"H.No._14
Sant_Chowk
Tiruppur-169251",Tiruppur,Tamil_Nadu,169251.0,Billing
MP-01759,CUST-11852,"H.No._332,_Goswami_Nagar
Jhansi-639336",Jhansi,Uttar_Pradesh,639336.0,"Billing,_Shipping"
UP-01760,CUST-14858,"87,_Sawhney_Marg
Ahmedabad-258171",Ahmedabad,Gujarat,258171.0,Shipping
KA-01761,CUST-18601,"H.No._096
Yadav_Path
Mangalore_341701",Mangalore,Karnataka,341701.0,Shipping
TS-01762,CUST-02362,"92/184,_Bhat_Nagar,_Sirsa-809132",Sirsa,Haryana,809132.0,Shipping
MP-01763,CUST-00507,"30/682
Dasgupta_Nagar
Dehri-333800",Dehri,Bihar,333800.0,"Billing,_Shipping"
OR-01764,CUST-16107,"19/770,_Thakkar
Kanpur_378370",Kanpur,Uttar_Pradesh,378370.0,Shipping
WB-01765,CUST-09142,"H.No._97,_Sankaran_Circle
Madhyamgram-823851",Madhyamgram,West_Bengal,823851.0,Shipping
AP-01766,CUST-00059,"443,_Dash_Path
Dharmavaram-882735",Dharmavaram,Andhra_Pradesh,882735.0,Billing
AP-01767,CUST-15801,"H.No._19
Walla_Nagar
Gudivada_832321",Gudivada,Andhra_Pradesh,832321.0,"Billing,_Shipping"
UP-01768,CUST-05842,"H.No._74,_Setty_Marg,_Chapra_468484",Chapra,Bihar,468484.0,Billing
TN-01769,CUST-10614,"52/211,_Mander_Circle
Gandhinagar-272245",Gandhinagar,Gujarat,272245.0,Billing
TS-01770,CUST-15013,"32
Sawhney_Road
Sirsa_737426",Sirsa,Haryana,737426.0,Shipping
OR-01771,CUST-16922,"H.No._91,_Sekhon_Chowk
Bilaspur-212920",Bilaspur,Chhattisgarh,212920.0,"Billing,_Shipping"
GJ-01772,CUST-19518,"759,_Iyengar
Allahabad_849237",Allahabad,Uttar_Pradesh,849237.0,Billing
WB-01773,CUST-01408,"30,_Mander_Circle,_Arrah_958396",Arrah,Bihar,958396.0,Billing
WB-01774,CUST-10742,"56/362,_Bhatt_Circle,_Naihati_895737",Naihati,West_Bengal,895737.0,"Billing,_Shipping"
TN-01775,CUST-18135,"H.No._96,_Dass_Marg
Tiruvottiyur_589978",Tiruvottiyur,Tamil_Nadu,589978.0,Billing
MP-01776,CUST-18221,"H.No._53
Kala_Circle
Jalandhar-286619",Jalandhar,Punjab,286619.0,Shipping
MP-01777,CUST-00950,"033,_Lata_Path,_Jhansi_221660",Jhansi,Uttar_Pradesh,221660.0,Billing
TN-01778,CUST-11157,"H.No._117
Devi_Street
Salem_439804",Salem,Tamil_Nadu,439804.0,Billing
MP-01779,CUST-10547,"45/21
Banik_Circle
Kishanganj_395997",Kishanganj,Bihar,395997.0,Shipping
KA-01780,CUST-08450,"990
Magar_Zila
Tumkur_436782",Tumkur,Karnataka,436782.0,Shipping
KL-01781,CUST-08452,"H.No._56
Kaur_Circle
Kollam_120436",Kollam,Kerala,120436.0,Shipping
WB-01782,CUST-01031,"65,_Sani_Zila
Baranagar-381224",Baranagar,West_Bengal,381224.0,Billing
MP-01783,CUST-17030,"063
Din_Marg
Dehri-019220",Dehri,Bihar,19220.0,Billing
UP-01784,CUST-17038,"23/91,_Virk_Street,_Mirzapur-229925",Mirzapur,Uttar_Pradesh,229925.0,Shipping
TN-01785,CUST-02672,"36/258
Chandran_Street
Gandhinagar-349694",Gandhinagar,Gujarat,349694.0,Billing
MH-01786,CUST-13809,"12/366
Kant
Loni-790849",Loni,Uttar_Pradesh,790849.0,Billing
OR-01787,CUST-14270,"64,_Tara_Zila
Patna_246579",Patna,Bihar,246579.0,"Billing,_Shipping"
BR-01788,CUST-19347,"18/111
Kant_Circle
Purnia-122542",Purnia,Bihar,122542.0,Billing
TS-01789,CUST-13035,"826,_Brar_Path
Hindupur_105383",Hindupur,Andhra_Pradesh,105383.0,Billing
JH-01790,CUST-16044,"96/48,_Thaman_Ganj,_Asansol_093361",Asansol,West_Bengal,93361.0,Shipping
WB-01791,CUST-17080,"29/05,_Tella
Aligarh_554199",Aligarh,Uttar_Pradesh,554199.0,"Billing,_Shipping"
CG-01792,CUST-17891,"578,_Rastogi_Ganj
Sagar_949438",Sagar,Madhya_Pradesh,949438.0,Billing
MP-01793,CUST-19178,"79/60
Sani_Ganj
Kishanganj-992953",Kishanganj,Bihar,992953.0,Shipping
AP-01794,CUST-13638,"37/250,_Kata_Street,_Srikakulam_313391",Srikakulam,Andhra_Pradesh,313391.0,Billing
TN-01795,CUST-01721,"H.No._86
Dua_Nagar
Tiruvottiyur_078076",Tiruvottiyur,Tamil_Nadu,78076.0,"Billing,_Shipping"
AP-01796,CUST-17873,"H.No._90,_Jayaraman_Ganj
Jammu_087743",Jammu,Jammu_and_Kashmir,87743.0,Billing
RJ-01797,CUST-03496,"H.No._435,_Ahuja_Ganj
Akola_076031",Akola,Maharashtra,76031.0,"Billing,_Shipping"
MH-01798,CUST-19948,"60/106
Varkey_Zila
Nanded_439673",Nanded,Maharashtra,439673.0,"Billing,_Shipping"
OR-01799,CUST-13133,"00/91
Deshpande_Zila
Mathura_338145",Mathura,Uttar_Pradesh,338145.0,"Billing,_Shipping"
UK-01800,CUST-05105,"722,_Varughese_Street
Shivpuri_268438",Shivpuri,Madhya_Pradesh,268438.0,"Billing,_Shipping"
TS-01801,CUST-19691,"42
Sura_Chowk
Proddatur_665406",Proddatur,Andhra_Pradesh,665406.0,Shipping
AS-01802,CUST-17376,"486,_Shroff_Circle,_Bongaigaon-156201",Bongaigaon,Assam,156201.0,"Billing,_Shipping"
WB-01803,CUST-11461,"H.No._755,_Deol_Path,_Uluberia-998346",Uluberia,West_Bengal,998346.0,Shipping
OR-01804,CUST-12566,"H.No._95,_Date_Chowk
Kanpur_635984",Kanpur,Uttar_Pradesh,635984.0,"Billing,_Shipping"
UP-01805,CUST-18722,"H.No._463,_Handa_Chowk,_Raipur_013848",Raipur,Chhattisgarh,13848.0,"Billing,_Shipping"
MH-01806,CUST-08302,"H.No._402,_Ghosh_Road
Karnal-369269",Karnal,Haryana,369269.0,"Billing,_Shipping"
OR-01807,CUST-10482,"89,_Kala_Street
Berhampur-530333",Berhampur,Odisha,530333.0,Shipping
AS-01808,CUST-01019,"40/01,_Mane_Zila
Nagaon_979856",Nagaon,Assam,979856.0,Billing
UP-01809,CUST-19253,"H.No._62,_Andra
Burhanpur_222428",Burhanpur,Madhya_Pradesh,222428.0,"Billing,_Shipping"
KA-01810,CUST-06896,"72/98,_Rajan_Marg,_Hospet_270363",Hospet,Karnataka,270363.0,"Billing,_Shipping"
GJ-01811,CUST-13107,"35/255,_Bose_Chowk
Allahabad_068938",Allahabad,Uttar_Pradesh,68938.0,"Billing,_Shipping"
TR-01812,CUST-18681,"H.No._86,_Sathe_Marg,_Durgapur_188517",Durgapur,West_Bengal,188517.0,Billing
WB-01813,CUST-14972,"H.No._34,_Tandon_Marg
Kulti-837283",Kulti,West_Bengal,837283.0,"Billing,_Shipping"
UP-01814,CUST-17072,"02/95,_Kade_Path,_Shahjahanpur_819758",Shahjahanpur,Uttar_Pradesh,819758.0,Billing
AP-01816,CUST-02830,"01,_Bassi_Ganj,_Jammu_342957",Jammu,Jammu_and_Kashmir,342957.0,"Billing,_Shipping"
MP-01817,CUST-14229,"702,_Majumdar_Circle
Jhansi_099614",Jhansi,Uttar_Pradesh,99614.0,Billing
OR-01818,CUST-10676,"22/95,_Bhandari_Nagar
Chandrapur_123169",Chandrapur,Maharashtra,123169.0,Shipping
OR-01819,CUST-00068,"000,_Dutt_Chowk
Kanpur-409222",Kanpur,Uttar_Pradesh,409222.0,"Billing,_Shipping"
UP-01820,CUST-10079,"H.No._62,_Dutta,_Bhagalpur_954595",Bhagalpur,Bihar,954595.0,"Billing,_Shipping"
TR-01821,CUST-12317,"04/545
Gulati_Nagar
Durgapur-112769",Durgapur,West_Bengal,112769.0,"Billing,_Shipping"
MP-01822,CUST-09918,"992,_Wali_Chowk
Kishanganj_523808",Kishanganj,Bihar,523808.0,Shipping
UK-01823,CUST-12322,"06
Subramanian_Zila
Haridwar-287128",Haridwar,Uttarakhand,287128.0,Billing
RJ-01824,CUST-02335,"05/547,_Wali_Street
Fatehpur-446667",Fatehpur,Uttar_Pradesh,446667.0,Billing
TN-01825,CUST-19580,"14/336
Mander_Chowk
Avadi-242186",Avadi,Tamil_Nadu,242186.0,Shipping
UP-01826,CUST-11250,"498
Amble_Street
Ahmedabad_602906",Ahmedabad,Gujarat,602906.0,Billing
TN-01827,CUST-12019,"29,_Mammen_Chowk
Tiruvottiyur-896348",Tiruvottiyur,Tamil_Nadu,896348.0,Billing
RJ-01828,CUST-12017,"H.No._656,_Khurana_Marg
Dewas_619165",Dewas,Madhya_Pradesh,619165.0,Shipping
UK-01829,CUST-10872,"H.No._407
Ahuja_Ganj
Haridwar_459320",Haridwar,Uttarakhand,459320.0,Shipping
KA-01830,CUST-16224,"79/311,_Chander_Marg,_Tumkur_361202",Tumkur,Karnataka,361202.0,Shipping
WB-01831,CUST-17550,"33/652,_Basu_Circle
Kulti_248676",Kulti,West_Bengal,248676.0,"Billing,_Shipping"
MH-01832,CUST-01668,"H.No._613,_Golla_Marg
Malegaon-680987",Malegaon,Maharashtra,680987.0,"Billing,_Shipping"
WB-01833,CUST-13252,"36/011
Jain_Chowk
Madhyamgram-526729",Madhyamgram,West_Bengal,526729.0,Billing
UP-01835,CUST-18185,"72
Ratti_Nagar
Sambhal_250286",Sambhal,Uttar_Pradesh,250286.0,Billing
HR-01836,CUST-19146,"H.No._014
Chanda_Marg
Siwan-535836",Siwan,Bihar,535836.0,Shipping
KA-01837,CUST-18596,"55
Toor_Chowk
Tumkur_244435",Tumkur,Karnataka,244435.0,"Billing,_Shipping"
UP-01838,CUST-07312,"38/309,_Suresh,_Chapra_966227",Chapra,Bihar,966227.0,Billing
UP-01839,CUST-09037,"23,_Karnik_Circle,_Muzaffarpur-369803",Muzaffarpur,Bihar,369803.0,Shipping
MP-01840,CUST-11904,"30/942
Majumdar
Ramgarh_435274",Ramgarh,Jharkhand,435274.0,Shipping
TS-01841,CUST-09003,"H.No._206,_Chaudhari_Circle,_Proddatur_770503",Proddatur,Andhra_Pradesh,770503.0,Shipping
JH-01842,CUST-01612,"84/44
Varkey_Circle
Asansol_505559",Asansol,West_Bengal,505559.0,Shipping
TS-01843,CUST-19420,"H.No._923,_Shanker_Chowk,_Proddatur_052979",Proddatur,Andhra_Pradesh,52979.0,"Billing,_Shipping"
AP-01844,CUST-19319,"H.No._45,_Vaidya_Zila,_Srikakulam-539032",Srikakulam,Andhra_Pradesh,539032.0,Billing
MH-01845,CUST-09820,"41,_Talwar_Ganj,_Bhiwandi-745737",Bhiwandi,Maharashtra,745737.0,Shipping
UP-01846,CUST-01016,"H.No._306,_Wable_Nagar
Ahmedabad-233887",Ahmedabad,Gujarat,233887.0,"Billing,_Shipping"
BR-01847,CUST-17933,"832,_De_Circle
Munger-886938",Munger,Bihar,886938.0,Billing
MH-01848,CUST-15499,"90,_Krishna
Guntur_487455",Guntur,Andhra_Pradesh,487455.0,Shipping
AP-01849,CUST-13768,"37/23,_Bhatia_Circle
Jammu_030118",Jammu,Jammu_and_Kashmir,30118.0,Billing
WB-01850,CUST-13036,"24/897,_Zachariah_Ganj,_Bhatpara-060331",Bhatpara,West_Bengal,60331.0,Shipping
MP-01851,CUST-02991,"710,_Contractor_Marg
Dehri_612470",Dehri,Bihar,612470.0,Billing
MP-01852,CUST-04775,"38
Bhatt_Path
Mau-627944",Mau,Uttar_Pradesh,627944.0,"Billing,_Shipping"
KA-01853,CUST-19968,"281,_Gara
Hosur-703455",Hosur,Tamil_Nadu,703455.0,Billing
KA-01854,CUST-11225,"37/665,_Sule_Road
Hosur_109993",Hosur,Tamil_Nadu,109993.0,Billing
UP-01855,CUST-19044,"H.No._19,_Dutta_Nagar,_Raipur-698094",Raipur,Chhattisgarh,698094.0,"Billing,_Shipping"
UP-01856,CUST-16089,"H.No._34,_Anand_Nagar,_Jamalpur-811103",Jamalpur,Bihar,811103.0,Billing
OR-01857,CUST-16585,"H.No._437,_Dara_Street
Anantapur-641444",Anantapur,Andhra_Pradesh,641444.0,Shipping
MP-01858,CUST-02549,"H.No._44
Dani_Street
Unnao_597038",Unnao,Uttar_Pradesh,597038.0,Shipping
WB-01859,CUST-11816,"964,_Gour_Path,_Kulti_957923",Kulti,West_Bengal,957923.0,Shipping
TN-01860,CUST-16141,"H.No._232
Bath_Ganj
Chittoor-758606",Chittoor,Andhra_Pradesh,758606.0,Shipping
WB-01861,CUST-12264,"59/58,_Ram_Street,_Kamarhati_365681",Kamarhati,West_Bengal,365681.0,Billing
GJ-01862,CUST-15896,"68/948
Ram_Chowk
Ajmer_813372",Ajmer,Rajasthan,813372.0,Billing
AP-01863,CUST-16572,"48
Kapur_Road
Bhimavaram-898478",Bhimavaram,Andhra_Pradesh,898478.0,Billing
KA-01864,CUST-04695,"25/44
Apte_Marg
Hosur_423667",Hosur,Tamil_Nadu,423667.0,"Billing,_Shipping"
MH-01865,CUST-17971,"499,_Chakraborty_Road
Yamunanagar-236675",Yamunanagar,Haryana,236675.0,Shipping
TN-01866,CUST-06856,"21/318
Bandi_Zila
Gandhinagar-532332",Gandhinagar,Gujarat,532332.0,Billing
MP-01867,CUST-13994,"27/118,_Mallick_Street
Mau_549410",Mau,Uttar_Pradesh,549410.0,"Billing,_Shipping"
MP-01868,CUST-19042,"40/733,_Karnik_Marg,_Kishanganj_493928",Kishanganj,Bihar,493928.0,Billing
JH-01869,CUST-03684,"H.No._857,_Sha_Zila
Mango-402351",Mango,Jharkhand,402351.0,Billing
UP-01870,CUST-03318,"70/980,_Wason_Marg,_Firozabad-698960",Firozabad,Uttar_Pradesh,698960.0,Billing
UP-01871,CUST-18969,"03/88,_Sehgal_Ganj,_Bhagalpur-750853",Bhagalpur,Bihar,750853.0,Billing
MP-01872,CUST-00619,"12/53
Saini_Marg
Dehri_992499",Dehri,Bihar,992499.0,"Billing,_Shipping"
DL-01873,CUST-19495,"78/88,_Sidhu_Ganj,_Delhi_197972",Delhi,Delhi_(Union_Territory),197972.0,Billing
BR-01874,CUST-11512,"88/88
Trivedi_Circle
Ballia-397968",Ballia,Uttar_Pradesh,397968.0,"Billing,_Shipping"
UP-01875,CUST-12703,"H.No._91,_Gopal_Street
Karimnagar-604609",Karimnagar,Telangana,604609.0,Shipping
MP-01876,CUST-17016,"H.No._11
Sengupta_Chowk
Indore-767471",Indore,Madhya_Pradesh,767471.0,Shipping
WB-01877,CUST-11683,"34/36
Yogi_Path
Aligarh-538789",Aligarh,Uttar_Pradesh,538789.0,"Billing,_Shipping"
UP-01878,CUST-00466,"06/809
Ramesh
Firozabad-573262",Firozabad,Uttar_Pradesh,573262.0,"Billing,_Shipping"
UP-01879,CUST-00955,"85/84,_Khanna_Zila,_Raiganj-910874",Raiganj,West_Bengal,910874.0,"Billing,_Shipping"
WB-01880,CUST-01375,"H.No._394,_Cherian_Street,_Kamarhati-530800",Kamarhati,West_Bengal,530800.0,Shipping
TS-01881,CUST-03424,"H.No._01,_Gour_Zila,_Nizamabad_184350",Nizamabad,Telangana,184350.0,"Billing,_Shipping"
TR-01882,CUST-16671,"94/05,_Bala_Marg
Durgapur_821940",Durgapur,West_Bengal,821940.0,Shipping
TN-01883,CUST-10462,"H.No._082,_Agate_Road
Pali_169311",Pali,Rajasthan,169311.0,Shipping
MP-01884,CUST-11562,"82/273,_Tailor
Ramgarh-505323",Ramgarh,Jharkhand,505323.0,Shipping
MH-01885,CUST-11552,"H.No._463,_Bhatnagar_Path,_Loni_379165",Loni,Uttar_Pradesh,379165.0,Shipping
UK-01886,CUST-05079,"66/349,_Chatterjee_Road
Haridwar_958100",Haridwar,Uttarakhand,958100.0,"Billing,_Shipping"
UP-01887,CUST-06751,"49
Rao_Path
Farrukhabad-434072",Farrukhabad,Uttar_Pradesh,434072.0,"Billing,_Shipping"
BR-01888,CUST-10371,"37,_Kalita,_Purnia-636085",Purnia,Bihar,636085.0,Billing
BR-01889,CUST-15948,"866
Dube_Circle
Ballia_653755",Ballia,Uttar_Pradesh,653755.0,Billing
OR-01890,CUST-12857,"H.No._22,_Rau_Nagar,_Mathura_765842",Mathura,Uttar_Pradesh,765842.0,Shipping
JH-01891,CUST-15803,"69/42,_Rastogi_Path,_Kharagpur-739566",Kharagpur,West_Bengal,739566.0,Shipping
TN-01892,CUST-15422,"38/69,_Barman_Zila,_Gandhinagar_543038",Gandhinagar,Gujarat,543038.0,"Billing,_Shipping"
OR-01893,CUST-14626,"88,_Baral_Path,_Chandrapur_509635",Chandrapur,Maharashtra,509635.0,Billing
UP-01895,CUST-18059,"14,_Vasa_Road,_Karimnagar_323891",Karimnagar,Telangana,323891.0,Shipping
UP-01896,CUST-09285,"H.No._37,_Dani_Road,_Karimnagar-756660",Karimnagar,Telangana,756660.0,Shipping
UK-01897,CUST-15294,"H.No._73,_Sankar_Path
Haridwar-455048",Haridwar,Uttarakhand,455048.0,Billing
UP-01898,CUST-14110,"99
Sampath
Karimnagar-682470",Karimnagar,Telangana,682470.0,"Billing,_Shipping"
UP-01899,CUST-10747,"H.No._37,_Golla_Ganj,_Mirzapur_891787",Mirzapur,Uttar_Pradesh,891787.0,Billing
WB-01900,CUST-11528,"H.No._95,_Loke_Street,_Aligarh-583799",Aligarh,Uttar_Pradesh,583799.0,Shipping
UP-01901,CUST-02227,"07,_Bhatnagar_Marg
Chapra_241441",Chapra,Bihar,241441.0,Shipping
UP-01902,CUST-17728,"74/70,_Kari_Nagar
Farrukhabad-437298",Farrukhabad,Uttar_Pradesh,437298.0,Shipping
JH-01904,CUST-18752,"07,_Magar_Circle,_Mango-324338",Mango,Jharkhand,324338.0,Billing
MP-01905,CUST-14922,"94,_Swaminathan_Ganj
Kishanganj-672098",Kishanganj,Bihar,672098.0,"Billing,_Shipping"
TR-01906,CUST-18903,"H.No._15,_Sura_Chowk,_Durgapur-720159",Durgapur,West_Bengal,720159.0,Shipping
MH-01907,CUST-08044,"H.No._47,_Sami_Road
Malegaon-358294",Malegaon,Maharashtra,358294.0,Billing
TS-01908,CUST-01262,"55/98,_Saxena_Chowk,_Hindupur-996014",Hindupur,Andhra_Pradesh,996014.0,"Billing,_Shipping"
UP-01909,CUST-08975,"H.No._34
Raval
Jamalpur_068191",Jamalpur,Bihar,68191.0,Billing
BR-01910,CUST-07690,"49/631
Bala
Satna-283874",Satna,Madhya_Pradesh,283874.0,Billing
UP-01911,CUST-13696,"80
Jhaveri
Burhanpur_631678",Burhanpur,Madhya_Pradesh,631678.0,Billing
GJ-01912,CUST-02872,"H.No._199,_Dalal,_Allahabad-221907",Allahabad,Uttar_Pradesh,221907.0,"Billing,_Shipping"
TN-01913,CUST-14481,"35/776,_Konda_Zila,_Gandhinagar-656478",Gandhinagar,Gujarat,656478.0,Shipping
MP-01914,CUST-18115,"H.No._432,_Kant_Chowk,_Jalandhar_153039",Jalandhar,Punjab,153039.0,Shipping
TS-01915,CUST-13743,"206,_Singh_Chowk
Sirsa_752034",Sirsa,Haryana,752034.0,Billing
MP-01916,CUST-18396,"293,_Sahni_Ganj
Kota-101647",Kota,Rajasthan,101647.0,"Billing,_Shipping"
WB-01917,CUST-16321,"27/40,_Baria_Path,_Bidhannagar-140419",Bidhannagar,West_Bengal,140419.0,"Billing,_Shipping"
OR-01918,CUST-07320,"053
Gandhi_Marg
Bilaspur-852268",Bilaspur,Chhattisgarh,852268.0,"Billing,_Shipping"
WB-01919,CUST-02708,"68/83
Boase_Path
Panihati-159649",Panihati,West_Bengal,159649.0,Shipping
TN-01920,CUST-11428,"197,_Kashyap_Zila
Tiruvottiyur_286281",Tiruvottiyur,Tamil_Nadu,286281.0,Shipping
MP-01921,CUST-17742,"94/925,_Mani_Nagar
Jhansi-574281",Jhansi,Uttar_Pradesh,574281.0,Billing
WB-01922,CUST-11735,"65/330,_Bhakta_Road
Kamarhati_228522",Kamarhati,West_Bengal,228522.0,Billing
UP-01923,CUST-07018,"961,_Iyengar_Ganj,_Burhanpur-847626",Burhanpur,Madhya_Pradesh,847626.0,"Billing,_Shipping"
BR-01924,CUST-19360,"63,_Cheema_Nagar
Jaipur-038674",Jaipur,Rajasthan,38674.0,Shipping
UP-01925,CUST-07034,"05/23,_Sule_Zila
Sambhal_122174",Sambhal,Uttar_Pradesh,122174.0,"Billing,_Shipping"
HR-01926,CUST-03673,"576,_Kunda,_Aurangabad_465360",Aurangabad,Maharashtra,465360.0,Billing
MH-01927,CUST-12821,"H.No._31
Sampath_Marg
Nanded_821632",Nanded,Maharashtra,821632.0,"Billing,_Shipping"
GJ-01928,CUST-09903,"76/35,_Yadav_Zila
Ajmer_782830",Ajmer,Rajasthan,782830.0,Shipping
UP-01929,CUST-13593,"69,_Gade,_Raiganj_438562",Raiganj,West_Bengal,438562.0,"Billing,_Shipping"
MP-01930,CUST-17178,"53/87
Deo_Street
Jalandhar-388460",Jalandhar,Punjab,388460.0,Billing
MH-01931,CUST-13640,"57/493
Bhattacharyya_Street
Malegaon-823370",Malegaon,Maharashtra,823370.0,"Billing,_Shipping"
AP-01932,CUST-17649,"41/663,_Kulkarni_Path
Bhimavaram_690143",Bhimavaram,Andhra_Pradesh,690143.0,Billing
WB-01933,CUST-11306,"10/67,_Rajan_Nagar,_Naihati-594868",Naihati,West_Bengal,594868.0,"Billing,_Shipping"
BR-01934,CUST-17045,"H.No._332,_Dyal_Ganj,_Ballia_802940",Ballia,Uttar_Pradesh,802940.0,Shipping
BR-01935,CUST-10768,"75/188
Choudhury_Path
Jaipur-149936",Jaipur,Rajasthan,149936.0,"Billing,_Shipping"
MH-01936,CUST-01301,"H.No._91,_Behl_Street,_Yamunanagar-009342",Yamunanagar,Haryana,9342.0,Billing
HP-01937,CUST-11836,"H.No._04,_Soman_Zila,_Udaipur_194382",Udaipur,Rajasthan,194382.0,Shipping
KA-01938,CUST-18240,"84/138,_Chaudhry_Road
Hospet-541978",Hospet,Karnataka,541978.0,Shipping
KA-01940,CUST-18973,"544,_Gandhi_Chowk,_Tumkur_871261",Tumkur,Karnataka,871261.0,Shipping
TN-01941,CUST-02077,"35/450
Bose_Ganj
Pali_611966",Pali,Rajasthan,611966.0,"Billing,_Shipping"
UP-01942,CUST-19989,"05/746
Dora_Ganj
Muzaffarpur_313481",Muzaffarpur,Bihar,313481.0,Shipping
BR-01943,CUST-15622,"H.No._333,_Bhatnagar_Road
Munger_203528",Munger,Bihar,203528.0,Shipping
MP-01944,CUST-06962,"35/366
Gara_Zila
Dehri-929874",Dehri,Bihar,929874.0,"Billing,_Shipping"
RJ-01945,CUST-14360,"67,_Sundaram_Nagar,_Fatehpur_522336",Fatehpur,Uttar_Pradesh,522336.0,Shipping
OR-01946,CUST-11489,"H.No._20,_Khosla_Circle
Anantapur-957364",Anantapur,Andhra_Pradesh,957364.0,Billing
UK-01947,CUST-13479,"125
Kaul
Shivpuri-942397",Shivpuri,Madhya_Pradesh,942397.0,Billing
CG-01948,CUST-18827,"32
Wali_Street
Malda-210210",Malda,West_Bengal,210210.0,"Billing,_Shipping"
UP-01949,CUST-14733,"H.No._24
Thaker_Road
Chapra-227090",Chapra,Bihar,227090.0,"Billing,_Shipping"
AP-01950,CUST-01949,"65/35
Kamdar_Nagar
Srikakulam-941091",Srikakulam,Andhra_Pradesh,941091.0,"Billing,_Shipping"
UP-01951,CUST-19541,"76/746
Lanka_Street
Burhanpur_238369",Burhanpur,Madhya_Pradesh,238369.0,Shipping
WB-01952,CUST-10798,"H.No._68
Sengupta_Path
Naihati-116352",Naihati,West_Bengal,116352.0,Shipping
WB-01953,CUST-10205,"40/67
Bhatnagar_Zila
Bally_696309",Bally,West_Bengal,696309.0,Shipping
AS-01954,CUST-09395,"47,_Bains_Zila
Nagaon_590986",Nagaon,Assam,590986.0,Billing
OR-01955,CUST-13464,"H.No._504,_Tara_Marg,_Patna-493105",Patna,Bihar,493105.0,Shipping
RJ-01956,CUST-11242,"14/012
Brar_Marg
Rajkot-048005",Rajkot,Gujarat,48005.0,Billing
MH-01957,CUST-03244,"94/197,_Kumar
Loni_245223",Loni,Uttar_Pradesh,245223.0,"Billing,_Shipping"
KA-01958,CUST-08157,"H.No._854,_Bhat,_Amaravati-498973",Amaravati,Andhra_Pradesh,498973.0,Shipping
WB-01959,CUST-12484,"07/212,_Dora_Ganj
Kamarhati_891758",Kamarhati,West_Bengal,891758.0,"Billing,_Shipping"
MP-01960,CUST-03473,"87,_Sangha_Chowk,_Ramgarh-840170",Ramgarh,Jharkhand,840170.0,"Billing,_Shipping"
MP-01961,CUST-10855,"H.No._59,_Chawla_Marg
Mau-858034",Mau,Uttar_Pradesh,858034.0,Shipping
WB-01962,CUST-10099,"15/753,_Gour,_Aligarh-846343",Aligarh,Uttar_Pradesh,846343.0,Shipping
UP-01963,CUST-02959,"H.No._856,_Atwal_Ganj
Burhanpur-370921",Burhanpur,Madhya_Pradesh,370921.0,Billing
WB-01964,CUST-16212,"508,_Dewan_Road
Bhatpara-558670",Bhatpara,West_Bengal,558670.0,Billing
UP-01965,CUST-13490,"48
Mannan
Jamalpur_479732",Jamalpur,Bihar,479732.0,"Billing,_Shipping"
MH-01966,CUST-14759,"18
Shanker
Jalgaon_680203",Jalgaon,Maharashtra,680203.0,Shipping
UP-01967,CUST-14490,"H.No._49
Ganesan_Circle
Raipur-457194",Raipur,Chhattisgarh,457194.0,Billing
TS-01968,CUST-15076,"73/257,_Butala
Proddatur_212946",Proddatur,Andhra_Pradesh,212946.0,Billing
MP-01969,CUST-12967,"11,_Dey_Circle
Indore-472938",Indore,Madhya_Pradesh,472938.0,Shipping
TN-01970,CUST-02824,"H.No._361
Ramesh_Chowk
Vellore-256042",Vellore,Tamil_Nadu,256042.0,"Billing,_Shipping"
UP-01971,CUST-10169,"H.No._637,_Chandra,_Karimnagar_645443",Karimnagar,Telangana,645443.0,"Billing,_Shipping"
WB-01972,CUST-04905,"82/587,_Gokhale_Nagar,_Arrah-824641",Arrah,Bihar,824641.0,Shipping
AP-01973,CUST-12219,"H.No._62
Chopra_Marg
Srikakulam-077409",Srikakulam,Andhra_Pradesh,77409.0,Billing
TS-01974,CUST-10390,"76,_Konda_Marg
Nizamabad-520208",Nizamabad,Telangana,520208.0,"Billing,_Shipping"
OR-01975,CUST-11790,"H.No._49,_Aurora,_Kanpur_092697",Kanpur,Uttar_Pradesh,92697.0,"Billing,_Shipping"
CG-01976,CUST-03346,"10/96,_Bassi_Ganj
Sambalpur_631913",Sambalpur,Odisha,631913.0,Shipping
MH-01977,CUST-19026,"53,_Khosla_Nagar,_Bhiwandi_653819",Bhiwandi,Maharashtra,653819.0,"Billing,_Shipping"
GJ-01978,CUST-14786,"H.No._847,_Roy_Path
Hajipur_796515",Hajipur,Bihar,796515.0,"Billing,_Shipping"
BR-01979,CUST-11730,"H.No._25,_Soman_Nagar
Purnia_115821",Purnia,Bihar,115821.0,"Billing,_Shipping"
DL-01980,CUST-12557,"328,_Dani_Circle,_Delhi_981458",Delhi,Delhi_(Union_Territory),981458.0,Billing
KA-01981,CUST-08841,"46,_Sarna_Street
Hospet-086204",Hospet,Karnataka,86204.0,Billing
TR-01982,CUST-08229,"73/458,_Jayaraman_Circle
Chandigarh_261859",Chandigarh,Chandigarh_(Union_Territory),261859.0,Shipping
GJ-01983,CUST-15404,"55/55,_Divan_Ganj
Kavali_826110",Kavali,Andhra_Pradesh,826110.0,Shipping
GJ-01984,CUST-16375,"H.No._64
Grewal_Circle
Gandhidham-828576",Gandhidham,Gujarat,828576.0,Shipping
WB-01985,CUST-05795,"H.No._168,_Johal_Ganj,_Kamarhati_335056",Kamarhati,West_Bengal,335056.0,"Billing,_Shipping"
MH-01986,CUST-16194,"H.No._54,_Yadav_Road
Jalgaon-698628",Jalgaon,Maharashtra,698628.0,"Billing,_Shipping"
KL-01987,CUST-07548,"56/004,_Edwin_Circle,_Kollam_617191",Kollam,Kerala,617191.0,"Billing,_Shipping"
AS-01988,CUST-16833,"33,_Lanka_Nagar,_Siliguri_945490",Siliguri,West_Bengal,945490.0,Shipping
OR-01989,CUST-15869,"091,_Chaudhari,_Bharatpur-592865",Bharatpur,Rajasthan,592865.0,Billing
UP-01990,CUST-15921,"H.No._476,_Keer_Zila
Ahmedabad-524865",Ahmedabad,Gujarat,524865.0,"Billing,_Shipping"
BR-01991,CUST-19382,"59,_Guha_Circle,_Jaipur-868474",Jaipur,Rajasthan,868474.0,"Billing,_Shipping"
WB-01992,CUST-00281,"31
Borah_Marg
Bidhannagar_085542",Bidhannagar,West_Bengal,85542.0,Billing
MP-01993,CUST-15713,"39/04,_Das_Road
Mau-100103",Mau,Uttar_Pradesh,100103.0,Shipping
MP-01994,CUST-11667,"57/18,_Date_Nagar
Kishanganj_123613",Kishanganj,Bihar,123613.0,Billing
WB-01995,CUST-09087,"39/20
Karpe
Panihati_209405",Panihati,West_Bengal,209405.0,Billing
MH-01996,CUST-11251,"54
Tandon_Ganj
Rampur-106545",Rampur,Uttar_Pradesh,106545.0,Shipping
MP-01997,CUST-04899,"26/835,_Tiwari_Road
Khandwa_250436",Khandwa,Madhya_Pradesh,250436.0,Billing
KA-01998,CUST-18411,"01/98
Sant_Chowk
Tumkur-282325",Tumkur,Karnataka,282325.0,Billing
OR-01999,CUST-00018,"H.No._64
Solanki_Chowk
Kanpur_020646",Kanpur,Uttar_Pradesh,20646.0,Billing
WB-02000,CUST-16964,"H.No._063
Choudhary_Chowk
Bally-846100",Bally,West_Bengal,846100.0,Billing
TS-02001,CUST-14732,"89/87
Gara_Ganj
Proddatur-305481",Proddatur,Andhra_Pradesh,305481.0,Billing
TN-02002,CUST-12170,"34,_Cherian_Zila
Avadi-217004",Avadi,Tamil_Nadu,217004.0,Shipping
HR-02003,CUST-00607,"97/079,_Krishnan_Ganj
Aurangabad-288058",Aurangabad,Maharashtra,288058.0,Billing
MP-02004,CUST-12462,"H.No._54,_Bera_Nagar
Agra_661257",Agra,Uttar_Pradesh,661257.0,"Billing,_Shipping"
OR-02005,CUST-17205,"H.No._86,_Anne_Street,_Berhampur_289983",Berhampur,Odisha,289983.0,Shipping
UP-02006,CUST-08385,"86/006
Bala_Chowk
Jamalpur_776930",Jamalpur,Bihar,776930.0,Billing
UP-02007,CUST-00549,"54/209
Sampath_Path
Raipur_131757",Raipur,Chhattisgarh,131757.0,"Billing,_Shipping"
MH-02008,CUST-18308,"31,_Ghosh_Circle
Rampur_465870",Rampur,Uttar_Pradesh,465870.0,Shipping
GJ-02009,CUST-08164,"73/784,_Doctor_Street,_Jabalpur_179602",Jabalpur,Madhya_Pradesh,179602.0,"Billing,_Shipping"
UP-02011,CUST-17999,"H.No._52
Babu_Circle
Gurgaon-206950",Gurgaon,Haryana,206950.0,"Billing,_Shipping"
KA-02012,CUST-16239,"H.No._354,_Srivastava_Street
Hosur-585199",Hosur,Tamil_Nadu,585199.0,Shipping
UP-02013,CUST-11217,"65/54,_Wable_Zila,_Mirzapur_841957",Mirzapur,Uttar_Pradesh,841957.0,Shipping
UK-02014,CUST-10584,"045,_Hans_Street,_Jalna-192653",Jalna,Maharashtra,192653.0,Billing
WB-02015,CUST-10346,"H.No._221,_Wable_Chowk
Bally_800497",Bally,West_Bengal,800497.0,"Billing,_Shipping"
MH-02016,CUST-05048,"17,_Issac_Marg,_Bhiwandi-427693",Bhiwandi,Maharashtra,427693.0,"Billing,_Shipping"
UP-02017,CUST-12990,"H.No._112,_Bhatti_Ganj,_Bhagalpur_133841",Bhagalpur,Bihar,133841.0,Shipping
TS-02018,CUST-18746,"H.No._859,_Kamdar
Srinagar-838485",Srinagar,Jammu_and_Kashmir,838485.0,Billing
RJ-02019,CUST-18418,"077,_Mani_Path,_Fatehpur-580894",Fatehpur,Uttar_Pradesh,580894.0,"Billing,_Shipping"
OR-02020,CUST-05944,"32,_Verma_Chowk
Chandrapur-124201",Chandrapur,Maharashtra,124201.0,Shipping
MH-02021,CUST-15843,"H.No._00,_Bawa_Marg
Malegaon_957348",Malegaon,Maharashtra,957348.0,"Billing,_Shipping"
JH-02022,CUST-09788,"H.No._452
Ratta_Marg
Kharagpur_373356",Kharagpur,West_Bengal,373356.0,Shipping
CG-02023,CUST-07529,"H.No._29,_Mangal_Marg
Bhilai-752176",Bhilai,Chhattisgarh,752176.0,"Billing,_Shipping"
CG-02024,CUST-17263,"35/86
Kothari_Path
Sagar-520732",Sagar,Madhya_Pradesh,520732.0,"Billing,_Shipping"
UP-02025,CUST-13490,"H.No._051,_Srivastava_Marg
Farrukhabad-713102",Farrukhabad,Uttar_Pradesh,713102.0,Billing
RJ-02026,CUST-16735,"H.No._025,_Mall_Ganj
Fatehpur_470832",Fatehpur,Uttar_Pradesh,470832.0,Shipping
GJ-02027,CUST-04635,"H.No._738,_Dhar_Street,_Hajipur_674914",Hajipur,Bihar,674914.0,Billing
MH-02028,CUST-18790,"77,_Raj_Nagar
Malegaon-496639",Malegaon,Maharashtra,496639.0,Shipping
GJ-02029,CUST-06158,"57/68,_Raju_Marg
Jabalpur_319284",Jabalpur,Madhya_Pradesh,319284.0,"Billing,_Shipping"
MP-02030,CUST-14990,"H.No._82,_Kadakia_Path,_Kota-166060",Kota,Rajasthan,166060.0,Billing
WB-02031,CUST-00258,"89/88
Vaidya_Circle
Arrah-863785",Arrah,Bihar,863785.0,Billing
JH-02032,CUST-15187,"97
Apte_Chowk
Asansol-245308",Asansol,West_Bengal,245308.0,"Billing,_Shipping"
GJ-02033,CUST-18949,"H.No._26,_Apte_Chowk,_Ajmer_089271",Ajmer,Rajasthan,89271.0,Shipping
KA-02034,CUST-13367,"809,_Majumdar_Marg
Amaravati_155985",Amaravati,Andhra_Pradesh,155985.0,Billing
OR-02035,CUST-07129,"H.No._45
Loke_Chowk
Berhampur_692505",Berhampur,Odisha,692505.0,Shipping
BR-02036,CUST-02628,"33/16
Rege_Chowk
Buxar-288942",Buxar,Bihar,288942.0,Shipping
AS-02037,CUST-18399,"49/51
Guha_Zila
Bongaigaon-438093",Bongaigaon,Assam,438093.0,Shipping
OR-02038,CUST-10914,"H.No._813,_Kohli_Circle
Bilaspur-544889",Bilaspur,Chhattisgarh,544889.0,Shipping
OR-02039,CUST-19411,"47/23,_Mallick_Road
Danapur-400283",Danapur,Bihar,400283.0,Shipping
TN-02040,CUST-15760,"76,_Dugar_Path
Pallavaram_471918",Pallavaram,Tamil_Nadu,471918.0,Shipping
HP-02041,CUST-12609,"95/338,_Agrawal_Street,_Udaipur_529493",Udaipur,Rajasthan,529493.0,Billing
BR-02042,CUST-13867,"H.No._55,_Kapur_Chowk
Ballia_282293",Ballia,Uttar_Pradesh,282293.0,Billing
MH-02043,CUST-13407,"72/801
Loyal_Road
Karnal-881037",Karnal,Haryana,881037.0,Shipping
WB-02044,CUST-18499,"29/547
Banik_Marg
Aligarh_018028",Aligarh,Uttar_Pradesh,18028.0,Shipping
GJ-02045,CUST-11527,"44/67
Kadakia_Chowk
Ajmer_333946",Ajmer,Rajasthan,333946.0,Shipping
TN-02046,CUST-11237,"78,_Vasa_Zila
Vellore-344653",Vellore,Tamil_Nadu,344653.0,Shipping
HR-02047,CUST-17508,"H.No._70
Andra
Siwan_463145",Siwan,Bihar,463145.0,Billing
AP-02048,CUST-18653,"19/95
Karan_Zila
Gudivada-859256",Gudivada,Andhra_Pradesh,859256.0,"Billing,_Shipping"
AP-02049,CUST-18747,"H.No._11,_Dave,_Bhimavaram-399002",Bhimavaram,Andhra_Pradesh,399002.0,Shipping
RJ-02050,CUST-17437,"H.No._513
Kala_Circle
Rajkot-108486",Rajkot,Gujarat,108486.0,"Billing,_Shipping"
GJ-02051,CUST-19314,"H.No._18,_Bera_Ganj,_Allahabad_003354",Allahabad,Uttar_Pradesh,3354.0,"Billing,_Shipping"
UP-02052,CUST-02586,"62/92,_Reddy_Circle,_Shahjahanpur-190697",Shahjahanpur,Uttar_Pradesh,190697.0,"Billing,_Shipping"
TN-02053,CUST-13805,"H.No._15
Sachdeva_Street
Pallavaram-122693",Pallavaram,Tamil_Nadu,122693.0,Shipping
AS-02054,CUST-04630,"02/114
Kothari_Chowk
Siliguri_599776",Siliguri,West_Bengal,599776.0,Shipping
OR-02055,CUST-19564,"81/456,_Toor_Road
Danapur-224620",Danapur,Bihar,224620.0,Billing
AP-02056,CUST-15050,"H.No._94
Hayer_Zila
Bhimavaram_472724",Bhimavaram,Andhra_Pradesh,472724.0,"Billing,_Shipping"
GJ-02057,CUST-11592,"85/221,_Thaman_Nagar,_Kavali-565984",Kavali,Andhra_Pradesh,565984.0,Shipping
WB-02058,CUST-14059,"40/726
Saini_Road
Baranagar-565344",Baranagar,West_Bengal,565344.0,Shipping
TS-02059,CUST-13538,"H.No._820
Shroff_Ganj
Sirsa-609549",Sirsa,Haryana,609549.0,Shipping
WB-02060,CUST-19217,"H.No._268,_Jha_Nagar
Madhyamgram-303617",Madhyamgram,West_Bengal,303617.0,Shipping
TN-02061,CUST-13730,"13/655,_Dada_Marg
Chittoor_313036",Chittoor,Andhra_Pradesh,313036.0,Shipping
TS-02063,CUST-00396,"22/94,_Hayer_Path
Sirsa-248202",Sirsa,Haryana,248202.0,Shipping
MP-02064,CUST-14588,"90
Seth_Ganj
Jalandhar-310231",Jalandhar,Punjab,310231.0,Shipping
OR-02065,CUST-16168,"307,_Barman_Road
Chandrapur-407406",Chandrapur,Maharashtra,407406.0,Billing
GJ-02066,CUST-12820,"700,_Gara_Street
Gandhidham_682441",Gandhidham,Gujarat,682441.0,Billing
BR-02067,CUST-11104,"92/794,_Samra_Ganj,_Ballia-325633",Ballia,Uttar_Pradesh,325633.0,Billing
WB-02068,CUST-16453,"613,_Hayer
Naihati-757333",Naihati,West_Bengal,757333.0,Billing
KL-02069,CUST-19668,"615
Khare_Circle
Kollam_556356",Kollam,Kerala,556356.0,Shipping
TS-02070,CUST-16394,"800,_Dixit_Marg
Nizamabad_510236",Nizamabad,Telangana,510236.0,"Billing,_Shipping"
JH-02071,CUST-19734,"H.No._64,_Saini_Circle
Phusro_726385",Phusro,Jharkhand,726385.0,"Billing,_Shipping"
CG-02072,CUST-02062,"41,_Sha_Chowk
Bhilai-152917",Bhilai,Chhattisgarh,152917.0,Shipping
AS-02073,CUST-02729,"75/907
Kant_Marg
Siliguri-196373",Siliguri,West_Bengal,196373.0,"Billing,_Shipping"
WB-02074,CUST-01777,"H.No._18
Sami_Chowk
Bhatpara-133660",Bhatpara,West_Bengal,133660.0,Shipping
MP-02075,CUST-05436,"01/070,_Loke_Street
Kota_206136",Kota,Rajasthan,206136.0,"Billing,_Shipping"
AP-02076,CUST-19079,"755,_Chahal_Circle,_Dharmavaram_192534",Dharmavaram,Andhra_Pradesh,192534.0,Billing
CG-02077,CUST-04128,"48/448,_Mangal_Marg,_Sambalpur_059261",Sambalpur,Odisha,59261.0,Billing
OR-02078,CUST-14192,"07
Jha_Street
Kanpur_196788",Kanpur,Uttar_Pradesh,196788.0,"Billing,_Shipping"
UP-02079,CUST-15283,"H.No._09
Mahajan_Chowk
Jamalpur-346648",Jamalpur,Bihar,346648.0,Shipping
MP-02080,CUST-19823,"39
Devan_Chowk
Ramgarh-655829",Ramgarh,Jharkhand,655829.0,Shipping
BR-02081,CUST-12590,"42,_Kadakia_Path,_Satna_407054",Satna,Madhya_Pradesh,407054.0,Shipping
HR-02082,CUST-14235,"H.No._028,_Datta_Street
Aurangabad_594577",Aurangabad,Maharashtra,594577.0,Billing
OR-02083,CUST-01043,"71/202
Bava_Nagar
Berhampur_485848",Berhampur,Odisha,485848.0,"Billing,_Shipping"
TN-02084,CUST-18231,"H.No._748
Kala_Path
Gandhinagar_735863",Gandhinagar,Gujarat,735863.0,Shipping
TS-02085,CUST-16171,"753
Ram
Hindupur-132722",Hindupur,Andhra_Pradesh,132722.0,"Billing,_Shipping"
UK-02086,CUST-16626,"72
Keer_Ganj
Haridwar-855856",Haridwar,Uttarakhand,855856.0,"Billing,_Shipping"
UP-02087,CUST-09389,"57/413,_Bhardwaj_Circle,_Mirzapur-676501",Mirzapur,Uttar_Pradesh,676501.0,"Billing,_Shipping"
TN-02088,CUST-07054,"378,_Thakur_Path,_Avadi_439527",Avadi,Tamil_Nadu,439527.0,"Billing,_Shipping"
TN-02089,CUST-18485,"90,_Gara_Street,_Avadi-187433",Avadi,Tamil_Nadu,187433.0,Billing
WB-02090,CUST-16992,"H.No._047,_Ramesh_Road,_Kulti-951126",Kulti,West_Bengal,951126.0,"Billing,_Shipping"
OR-02091,CUST-10963,"70/49,_Baral_Circle,_Danapur-662574",Danapur,Bihar,662574.0,Shipping
HR-02092,CUST-13284,"08/343,_Devi_Zila,_Bikaner-583068",Bikaner,Rajasthan,583068.0,Shipping
MP-02093,CUST-13097,"886,_Sane_Ganj,_Indore-038573",Indore,Madhya_Pradesh,38573.0,Billing
TN-02094,CUST-16460,"31/77,_Srivastava_Chowk
Salem-084358",Salem,Tamil_Nadu,84358.0,"Billing,_Shipping"
AP-02095,CUST-19051,"H.No._01,_Mander_Circle
Gudivada-041521",Gudivada,Andhra_Pradesh,41521.0,"Billing,_Shipping"
BR-02096,CUST-02399,"78/345,_Ratti_Zila
Purnia-691181",Purnia,Bihar,691181.0,Shipping
AP-02097,CUST-03491,"07/924
Rout_Chowk
Srikakulam-045513",Srikakulam,Andhra_Pradesh,45513.0,"Billing,_Shipping"
MP-02098,CUST-13539,"488,_De_Ganj
Gorakhpur-523352",Gorakhpur,Uttar_Pradesh,523352.0,"Billing,_Shipping"
WB-02099,CUST-05398,"H.No._15,_Divan_Path
Kamarhati_958898",Kamarhati,West_Bengal,958898.0,Billing
RJ-02100,CUST-13025,"89/418
Chand_Circle
Akola-529611",Akola,Maharashtra,529611.0,Shipping
TR-02101,CUST-11329,"H.No._444,_Sethi_Circle
Chandigarh_422878",Chandigarh,Chandigarh_(Union_Territory),422878.0,"Billing,_Shipping"
AS-02102,CUST-15685,"32/732,_Luthra_Chowk,_Siliguri_938430",Siliguri,West_Bengal,938430.0,"Billing,_Shipping"
TN-02103,CUST-17709,"125
Sani_Path
Tiruvottiyur-613425",Tiruvottiyur,Tamil_Nadu,613425.0,"Billing,_Shipping"
MP-02104,CUST-19159,"H.No._93,_Kant_Ganj,_Unnao-603147",Unnao,Uttar_Pradesh,603147.0,"Billing,_Shipping"
BR-02105,CUST-18269,"H.No._716,_Kamdar_Ganj
Buxar_420698",Buxar,Bihar,420698.0,Billing
OR-02106,CUST-07525,"H.No._040,_Keer_Circle,_Patna-086056",Patna,Bihar,86056.0,Billing
OR-02107,CUST-11418,"05,_Bhargava,_Kanpur_136805",Kanpur,Uttar_Pradesh,136805.0,Shipping
TN-02108,CUST-19332,"23,_Sachar,_Salem-990486",Salem,Tamil_Nadu,990486.0,"Billing,_Shipping"
MP-02109,CUST-05164,"09/36,_Batra_Street,_Indore-909735",Indore,Madhya_Pradesh,909735.0,Billing
HR-02110,CUST-14018,"27,_Sanghvi_Ganj
Aurangabad_550997",Aurangabad,Maharashtra,550997.0,Billing
TS-02111,CUST-11318,"405,_Ahluwalia_Road,_Srinagar_425140",Srinagar,Jammu_and_Kashmir,425140.0,Shipping
WB-02112,CUST-19918,"H.No._76,_Buch_Road,_Uluberia-682754",Uluberia,West_Bengal,682754.0,Billing
UP-02113,CUST-19256,"H.No._17,_Ravel_Ganj
Shahjahanpur_123427",Shahjahanpur,Uttar_Pradesh,123427.0,Shipping
MP-02114,CUST-11689,"41/882
Sampath_Road
Kishanganj-625153",Kishanganj,Bihar,625153.0,Shipping
CG-02115,CUST-05169,"69/784,_Yohannan_Circle,_Sagar-879687",Sagar,Madhya_Pradesh,879687.0,Shipping
OR-02116,CUST-13317,"89/68
Lata_Path
Bilaspur-867825",Bilaspur,Chhattisgarh,867825.0,Billing
MP-02117,CUST-11164,"06/49,_Andra_Nagar,_Indore-881923",Indore,Madhya_Pradesh,881923.0,Billing
HR-02119,CUST-14910,"04,_Suri_Chowk,_Aurangabad_327559",Aurangabad,Maharashtra,327559.0,Billing
WB-02120,CUST-18493,"12/94
Bhavsar_Nagar
Panihati_533429",Panihati,West_Bengal,533429.0,Billing
MH-02121,CUST-18382,"74/77,_Keer_Ganj,_Malegaon_850799",Malegaon,Maharashtra,850799.0,Billing
MH-02122,CUST-18142,"13,_Rattan_Street
Rampur-035876",Rampur,Uttar_Pradesh,35876.0,Shipping
HR-02123,CUST-03236,"H.No._21,_Saraf,_Aurangabad_341894",Aurangabad,Maharashtra,341894.0,Shipping
MP-02124,CUST-11811,"H.No._988,_Gola_Path,_Kota-225300",Kota,Rajasthan,225300.0,Billing
KA-02125,CUST-03938,"H.No._612,_Sodhi_Ganj
Tumkur-448742",Tumkur,Karnataka,448742.0,Shipping
MH-02127,CUST-16060,"623,_Bhagat_Nagar
Satara-535215",Satara,Maharashtra,535215.0,"Billing,_Shipping"
TN-02128,CUST-11102,"00
Chaudhuri_Circle
Tiruvottiyur_689838",Tiruvottiyur,Tamil_Nadu,689838.0,Shipping
HR-02129,CUST-14617,"H.No._41,_Bawa_Nagar
Bikaner-534299",Bikaner,Rajasthan,534299.0,"Billing,_Shipping"
CG-02130,CUST-09459,"64,_Bala_Path
Nagpur_297723",Nagpur,Maharashtra,297723.0,Shipping
MH-02131,CUST-16200,"600
Ramesh_Marg
Bhiwandi-740717",Bhiwandi,Maharashtra,740717.0,Shipping
MH-02132,CUST-11601,"09
Sagar_Marg
Bhiwandi-020975",Bhiwandi,Maharashtra,20975.0,Shipping
TN-02133,CUST-11644,"H.No._74,_Deshpande_Nagar,_Salem-486849",Salem,Tamil_Nadu,486849.0,Shipping
WB-02134,CUST-15199,"H.No._95,_Dara_Street
Madhyamgram-433019",Madhyamgram,West_Bengal,433019.0,"Billing,_Shipping"
UK-02135,CUST-12002,"58/11
Kurian_Zila
Shivpuri_520918",Shivpuri,Madhya_Pradesh,520918.0,Shipping
OR-02137,CUST-04351,"53
Bawa_Ganj
Bilaspur-737830",Bilaspur,Chhattisgarh,737830.0,Billing
OR-02138,CUST-14394,"05/76
Ranganathan
Bharatpur-364918",Bharatpur,Rajasthan,364918.0,Shipping
OR-02139,CUST-12951,"022
Bath_Nagar
Patna-482905",Patna,Bihar,482905.0,Shipping
UP-02140,CUST-14048,"H.No._46
Bhalla_Nagar
Raipur-296808",Raipur,Chhattisgarh,296808.0,Billing
UP-02141,CUST-12706,"639
Luthra_Nagar
Farrukhabad_277073",Farrukhabad,Uttar_Pradesh,277073.0,Billing
TN-02142,CUST-17954,"05
Apte
Gandhinagar_945325",Gandhinagar,Gujarat,945325.0,Shipping
TN-02143,CUST-18661,"37
Bedi_Nagar
Vellore-536860",Vellore,Tamil_Nadu,536860.0,Shipping
MH-02144,CUST-10828,"H.No._798
Dutta_Circle
Satara_846482",Satara,Maharashtra,846482.0,Shipping
UK-02145,CUST-08825,"H.No._009,_Bhagat_Road
Haridwar-108389",Haridwar,Uttarakhand,108389.0,"Billing,_Shipping"
MP-02146,CUST-11907,"H.No._553,_Rastogi_Chowk
Kota_495026",Kota,Rajasthan,495026.0,Billing
MH-02147,CUST-14991,"461
Choudhry_Ganj
Malegaon-687587",Malegaon,Maharashtra,687587.0,Billing
UP-02148,CUST-14103,"90,_Gara_Street,_Burhanpur_151269",Burhanpur,Madhya_Pradesh,151269.0,Shipping
OR-02149,CUST-13593,"269,_Sagar_Path,_Danapur_732064",Danapur,Bihar,732064.0,Billing
HP-02150,CUST-15421,"H.No._57
Sur_Zila
Udaipur_602240",Udaipur,Rajasthan,602240.0,Shipping
MP-02151,CUST-19449,"94,_Vora_Road
Indore_593381",Indore,Madhya_Pradesh,593381.0,Billing
OR-02152,CUST-19236,"70/336,_Mander,_Bharatpur_066161",Bharatpur,Rajasthan,66161.0,Billing
OR-02153,CUST-09307,"H.No._61,_Sandhu
Haldia-823701",Haldia,West_Bengal,823701.0,Billing
WB-02154,CUST-18834,"45/16,_Uppal_Nagar,_Madhyamgram-733303",Madhyamgram,West_Bengal,733303.0,Shipping
TS-02155,CUST-07509,"800,_Krish_Zila,_Ramagundam_064689",Ramagundam,Telangana,64689.0,"Billing,_Shipping"
GJ-02156,CUST-11788,"135,_Kale_Chowk
Ajmer_275506",Ajmer,Rajasthan,275506.0,"Billing,_Shipping"
MH-02157,CUST-18525,"H.No._30,_Sandal_Circle
Nanded-299614",Nanded,Maharashtra,299614.0,"Billing,_Shipping"
KA-02158,CUST-10935,"82/77
Varghese_Circle
Hospet_931665",Hospet,Karnataka,931665.0,Billing
TR-02159,CUST-19961,"57,_Chaudhari_Path
Chandigarh-687159",Chandigarh,Chandigarh_(Union_Territory),687159.0,Shipping
CG-02160,CUST-15049,"88
Raj_Chowk
Malda_529225",Malda,West_Bengal,529225.0,Shipping
GJ-02161,CUST-01698,"H.No._58
Jain_Marg
Ajmer-265357",Ajmer,Rajasthan,265357.0,"Billing,_Shipping"
MP-02162,CUST-18062,"H.No._201,_Saha_Path
Agra-026007",Agra,Uttar_Pradesh,26007.0,"Billing,_Shipping"
WB-02163,CUST-10897,"25/896,_Acharya_Circle,_Madhyamgram-136806",Madhyamgram,West_Bengal,136806.0,"Billing,_Shipping"
UP-02164,CUST-08946,"41/82
Kari_Chowk
Ahmedabad_011282",Ahmedabad,Gujarat,11282.0,Billing
TS-02165,CUST-06474,"H.No._08
Hans_Zila
Dindigul-656478",Dindigul,Tamil_Nadu,656478.0,Billing
CG-02166,CUST-10795,"21/52,_Mall
Sagar_218849",Sagar,Madhya_Pradesh,218849.0,"Billing,_Shipping"
TN-02167,CUST-17959,"56/85
Ghose_Road
Pallavaram_140651",Pallavaram,Tamil_Nadu,140651.0,Billing
MH-02168,CUST-10657,"355,_Korpal_Path
Satara-839902",Satara,Maharashtra,839902.0,Billing
OR-02169,CUST-08526,"40
Dara_Nagar
Kanpur_962460",Kanpur,Uttar_Pradesh,962460.0,"Billing,_Shipping"
UP-02170,CUST-12479,"H.No._792,_Kala_Chowk
Shahjahanpur_454365",Shahjahanpur,Uttar_Pradesh,454365.0,"Billing,_Shipping"
KA-02171,CUST-18680,"74/81
Srivastava_Street
Hosur_732499",Hosur,Tamil_Nadu,732499.0,Billing
TS-02172,CUST-10725,"H.No._01
Sankaran_Chowk
Dindigul-244666",Dindigul,Tamil_Nadu,244666.0,Shipping
WB-02173,CUST-06287,"82/751,_Sahni_Chowk
Madhyamgram_386299",Madhyamgram,West_Bengal,386299.0,Shipping
OR-02174,CUST-08779,"461,_Ganesh_Zila
Patna-135403",Patna,Bihar,135403.0,Billing
GJ-02176,CUST-17996,"H.No._695,_Bajaj_Circle
Hajipur-489186",Hajipur,Bihar,489186.0,Shipping
CG-02177,CUST-00050,"H.No._408,_Tandon_Marg
Bhilai-753490",Bhilai,Chhattisgarh,753490.0,Shipping
GJ-02179,CUST-04333,"35
Sunder_Marg
Kavali-344537",Kavali,Andhra_Pradesh,344537.0,Shipping
BR-02180,CUST-10257,"47/99
Brahmbhatt_Path
Jaipur-922226",Jaipur,Rajasthan,922226.0,Billing
DL-02181,CUST-16400,"H.No._389,_Vig_Chowk,_Delhi_258638",Delhi,Delhi_(Union_Territory),258638.0,Billing
BR-02182,CUST-16242,"85/789,_Magar_Nagar,_Ballia_385557",Ballia,Uttar_Pradesh,385557.0,Billing
TS-02183,CUST-10570,"65/06,_Bath_Circle
Dindigul-842726",Dindigul,Tamil_Nadu,842726.0,Billing
BR-02185,CUST-12270,"57,_Swamy_Circle,_Satna-177582",Satna,Madhya_Pradesh,177582.0,Shipping
MP-02186,CUST-12938,"H.No._302,_Majumdar_Zila,_Gorakhpur_410994",Gorakhpur,Uttar_Pradesh,410994.0,Billing
GJ-02187,CUST-13182,"H.No._033,_Devan_Path,_Allahabad_750231",Allahabad,Uttar_Pradesh,750231.0,"Billing,_Shipping"
MH-02188,CUST-02608,"97,_Brar_Road,_Guntur_819622",Guntur,Andhra_Pradesh,819622.0,"Billing,_Shipping"
UP-02189,CUST-16081,"145,_Dave_Path
Bhagalpur_033552",Bhagalpur,Bihar,33552.0,Billing
MP-02190,CUST-10987,"H.No._605,_Ray_Street
Ramgarh_897970",Ramgarh,Jharkhand,897970.0,Shipping
MH-02191,CUST-14784,"H.No._89
Vyas_Circle
Satara-019505",Satara,Maharashtra,19505.0,Billing
UK-02192,CUST-08525,"H.No._40,_Sarin,_Haridwar-147921",Haridwar,Uttarakhand,147921.0,Billing
UP-02193,CUST-07277,"H.No._825,_Ravi_Circle,_Muzaffarpur-973326",Muzaffarpur,Bihar,973326.0,Shipping
MH-02194,CUST-07226,"97/31,_Raval_Road
Jalgaon-795750",Jalgaon,Maharashtra,795750.0,Billing
UK-02195,CUST-05619,"892,_Walia_Circle,_Shivpuri-775450",Shivpuri,Madhya_Pradesh,775450.0,"Billing,_Shipping"
CG-02196,CUST-01892,"61/74,_Yadav_Ganj
Malda-965126",Malda,West_Bengal,965126.0,Billing
MP-02197,CUST-17434,"96,_Chander
Khandwa_288748",Khandwa,Madhya_Pradesh,288748.0,"Billing,_Shipping"
MH-02198,CUST-03974,"77/26
Korpal_Chowk
Bhiwandi_031470",Bhiwandi,Maharashtra,31470.0,"Billing,_Shipping"
GJ-02199,CUST-15897,"H.No._79
Bassi
Allahabad-312000",Allahabad,Uttar_Pradesh,312000.0,Billing
MP-02200,CUST-04639,"90/03,_Karnik,_Indore-738504",Indore,Madhya_Pradesh,738504.0,Shipping
UP-02201,CUST-15397,"04/70,_Acharya_Zila
Farrukhabad-043128",Farrukhabad,Uttar_Pradesh,43128.0,"Billing,_Shipping"
WB-02202,CUST-01111,"H.No._136,_Dora_Chowk
Uluberia-732651",Uluberia,West_Bengal,732651.0,Billing
WB-02203,CUST-05282,"41/34,_Vora_Ganj,_Kamarhati-102384",Kamarhati,West_Bengal,102384.0,"Billing,_Shipping"
TN-02204,CUST-16283,"75/669,_Gokhale_Chowk,_Vellore-409712",Vellore,Tamil_Nadu,409712.0,"Billing,_Shipping"
MH-02205,CUST-08960,"72/199,_Bhatti_Zila,_Malegaon_749698",Malegaon,Maharashtra,749698.0,Shipping
MP-02206,CUST-13955,"H.No._735,_Vora
Dehri_403324",Dehri,Bihar,403324.0,"Billing,_Shipping"
MP-02207,CUST-13012,"H.No._462,_Iyengar,_Kota_562820",Kota,Rajasthan,562820.0,"Billing,_Shipping"
MP-02208,CUST-10051,"H.No._620
Bassi_Nagar
Kota_343262",Kota,Rajasthan,343262.0,"Billing,_Shipping"
TS-02209,CUST-09371,"810,_Vasa_Path
Sirsa_357300",Sirsa,Haryana,357300.0,"Billing,_Shipping"
MH-02210,CUST-10208,"986,_Bali_Path,_Guntur_986539",Guntur,Andhra_Pradesh,986539.0,Shipping
MH-02211,CUST-16432,"738,_Suresh_Street
Satara_109649",Satara,Maharashtra,109649.0,Billing
JH-02212,CUST-15847,"633,_Sekhon_Ganj,_Asansol-721409",Asansol,West_Bengal,721409.0,Shipping
KA-02213,CUST-17742,"37,_Dave_Chowk
Amaravati-043001",Amaravati,Andhra_Pradesh,43001.0,Billing
MH-02214,CUST-13652,"66/771,_Sekhon_Street
Satara_268903",Satara,Maharashtra,268903.0,"Billing,_Shipping"
WB-02215,CUST-17310,"95/06,_Dhawan_Street,_Bally_400184",Bally,West_Bengal,400184.0,Billing
BR-02216,CUST-17457,"701
Bath_Zila
Purnia-483247",Purnia,Bihar,483247.0,Shipping
MP-02217,CUST-18040,"35/24
Tata_Street
Khandwa_733557",Khandwa,Madhya_Pradesh,733557.0,"Billing,_Shipping"
AS-02218,CUST-09606,"068,_Kapadia_Circle,_Siliguri-857202",Siliguri,West_Bengal,857202.0,"Billing,_Shipping"
KA-02219,CUST-19630,"36/586
Keer
Amaravati-938803",Amaravati,Andhra_Pradesh,938803.0,Shipping
MP-02220,CUST-04653,"22
Yogi_Path
Jodhpur-863491",Jodhpur,Rajasthan,863491.0,"Billing,_Shipping"
CG-02221,CUST-17155,"H.No._890
Chahal_Street
Sambalpur-813076",Sambalpur,Odisha,813076.0,"Billing,_Shipping"
MP-02222,CUST-16018,"H.No._45,_Manne_Marg,_Khandwa-423451",Khandwa,Madhya_Pradesh,423451.0,"Billing,_Shipping"
HR-02223,CUST-12105,"65,_Rajagopal_Circle,_Siwan_208772",Siwan,Bihar,208772.0,"Billing,_Shipping"
MP-02224,CUST-18207,"H.No._616,_Saxena_Nagar,_Jodhpur-529589",Jodhpur,Rajasthan,529589.0,Shipping
UP-02225,CUST-15323,"H.No._875,_Kanda_Street
Karimnagar_137360",Karimnagar,Telangana,137360.0,Shipping
TN-02226,CUST-00369,"H.No._302
Aurora_Chowk
Chittoor-256367",Chittoor,Andhra_Pradesh,256367.0,Billing
OR-02227,CUST-12044,"49/999,_Aggarwal_Circle,_Haldia-150097",Haldia,West_Bengal,150097.0,Shipping
WB-02228,CUST-04659,"10/30,_Grewal_Road,_Uluberia-054518",Uluberia,West_Bengal,54518.0,Shipping
TS-02229,CUST-18855,"52/944,_Deol_Zila
Srinagar_441961",Srinagar,Jammu_and_Kashmir,441961.0,Shipping
WB-02230,CUST-12331,"H.No._80,_Thaman_Circle
Baranagar_793970",Baranagar,West_Bengal,793970.0,"Billing,_Shipping"
UP-02231,CUST-18161,"44/86
Kibe
Burhanpur-677951",Burhanpur,Madhya_Pradesh,677951.0,"Billing,_Shipping"
MH-02232,CUST-10591,"835,_Sood,_Yamunanagar-848595",Yamunanagar,Haryana,848595.0,"Billing,_Shipping"
RJ-02233,CUST-12452,"H.No._290,_Goda_Marg
Fatehpur_216306",Fatehpur,Uttar_Pradesh,216306.0,Billing
UP-02234,CUST-16180,"21/690,_Deep_Road,_Mirzapur_909190",Mirzapur,Uttar_Pradesh,909190.0,"Billing,_Shipping"
WB-02235,CUST-10218,"058,_Sawhney_Marg
Madhyamgram_381440",Madhyamgram,West_Bengal,381440.0,"Billing,_Shipping"
BR-02236,CUST-00813,"15/55
Mani_Ganj
Munger-867052",Munger,Bihar,867052.0,Billing
MP-02237,CUST-16892,"H.No._54,_Sood_Street,_Jodhpur-163138",Jodhpur,Rajasthan,163138.0,"Billing,_Shipping"
GJ-02238,CUST-02469,"73,_Devan,_Ajmer-850786",Ajmer,Rajasthan,850786.0,Shipping
UK-02239,CUST-16546,"073,_Randhawa_Marg
Jalna-043305",Jalna,Maharashtra,43305.0,"Billing,_Shipping"
HR-02241,CUST-03380,"H.No._00,_Kamdar_Zila
Aurangabad-973673",Aurangabad,Maharashtra,973673.0,Billing
MH-02242,CUST-14622,"617,_Karan_Ganj,_Nanded_872436",Nanded,Maharashtra,872436.0,Shipping
MP-02243,CUST-06697,"H.No._52
Deo_Road
Gopalpur_534450",Gopalpur,Odisha,534450.0,"Billing,_Shipping"
TS-02244,CUST-07005,"57/035,_Bajwa_Zila
Ambala-302224",Ambala,Haryana,302224.0,Shipping
UP-02245,CUST-15302,"H.No._966
Khalsa_Marg
Muzaffarpur_504464",Muzaffarpur,Bihar,504464.0,Billing
UK-02246,CUST-01826,"925,_Tripathi_Road
Haridwar-708256",Haridwar,Uttarakhand,708256.0,"Billing,_Shipping"
WB-02247,CUST-15770,"60,_Mallick_Circle
Baranagar-117962",Baranagar,West_Bengal,117962.0,"Billing,_Shipping"
KA-02248,CUST-04780,"98/934
Vala_Zila
Amaravati_566664",Amaravati,Andhra_Pradesh,566664.0,"Billing,_Shipping"
AP-02249,CUST-12933,"H.No._979
Subramanian_Ganj
Anantapuram_896486",Anantapuram,Andhra_Pradesh,896486.0,"Billing,_Shipping"
MP-02250,CUST-10488,"H.No._323,_Mand_Chowk
Jodhpur-666001",Jodhpur,Rajasthan,666001.0,Billing
GJ-02251,CUST-16001,"53/99,_Verma
Hajipur-321370",Hajipur,Bihar,321370.0,"Billing,_Shipping"
UP-02252,CUST-02531,"H.No._53,_Garde_Street,_Mirzapur-188776",Mirzapur,Uttar_Pradesh,188776.0,Billing
BR-02253,CUST-12397,"15
Badami
Ballia_547277",Ballia,Uttar_Pradesh,547277.0,Shipping
DL-02254,CUST-06868,"88,_Dhillon
Delhi_942755",Delhi,Delhi_(Union_Territory),942755.0,Billing
UP-02255,CUST-08982,"037,_Agarwal_Chowk
Mirzapur-237384",Mirzapur,Uttar_Pradesh,237384.0,"Billing,_Shipping"
WB-02256,CUST-14734,"08/36,_Lad_Nagar
Kulti_091632",Kulti,West_Bengal,91632.0,"Billing,_Shipping"
UP-02257,CUST-15102,"H.No._485,_Tella_Ganj,_Jamalpur-999871",Jamalpur,Bihar,999871.0,Shipping
BR-02258,CUST-10716,"10
Ramaswamy_Ganj
Munger-706880",Munger,Bihar,706880.0,Billing
MP-02259,CUST-02349,"H.No._203
Lala_Nagar
Unnao-908353",Unnao,Uttar_Pradesh,908353.0,Billing
MP-02260,CUST-08540,"80/900
Jani_Zila
Indore-348411",Indore,Madhya_Pradesh,348411.0,Shipping
AP-02261,CUST-19272,"72/143,_Keer_Nagar,_Jammu_816366",Jammu,Jammu_and_Kashmir,816366.0,"Billing,_Shipping"
GJ-02262,CUST-10571,"H.No._264,_Magar_Chowk
Kavali_103541",Kavali,Andhra_Pradesh,103541.0,Billing
TS-02263,CUST-13255,"33
Keer_Nagar
Ramagundam_821153",Ramagundam,Telangana,821153.0,Billing
HR-02264,CUST-14184,"78/719,_Yogi_Marg
Aurangabad_766335",Aurangabad,Maharashtra,766335.0,Billing
MH-02265,CUST-03540,"90,_Borra_Chowk
Yamunanagar-441731",Yamunanagar,Haryana,441731.0,Billing
BR-02266,CUST-09365,"41/13,_Khatri_Street,_Buxar_829714",Buxar,Bihar,829714.0,Shipping
MH-02267,CUST-01700,"15/870,_Maharaj_Circle
Nanded-168895",Nanded,Maharashtra,168895.0,Shipping
AP-02268,CUST-11438,"33/20,_Sidhu_Marg,_Gudivada-912095",Gudivada,Andhra_Pradesh,912095.0,"Billing,_Shipping"
UP-02269,CUST-14530,"H.No._51
Bassi_Road
Muzaffarpur-959562",Muzaffarpur,Bihar,959562.0,Billing
BR-02270,CUST-04429,"71/222
Uppal_Marg
Munger-148278",Munger,Bihar,148278.0,Billing
TN-02271,CUST-07933,"39
Singhal_Zila
Vellore_827894",Vellore,Tamil_Nadu,827894.0,Shipping
TN-02272,CUST-15480,"H.No._29,_Boase_Path
Tiruvottiyur_357449",Tiruvottiyur,Tamil_Nadu,357449.0,Shipping
WB-02273,CUST-15779,"H.No._351,_Bhatti_Zila
Uluberia-112460",Uluberia,West_Bengal,112460.0,Shipping
RJ-02274,CUST-11605,"82/832
Bobal_Ganj
Rajkot-714817",Rajkot,Gujarat,714817.0,Shipping
WB-02275,CUST-14817,"H.No._88
Biswas_Chowk
Naihati-411415",Naihati,West_Bengal,411415.0,Billing
KA-02276,CUST-06525,"H.No._775
Chand_Street
Hosur-697351",Hosur,Tamil_Nadu,697351.0,"Billing,_Shipping"
HR-02277,CUST-01547,"18/294,_Bhasin_Zila
Siwan-818219",Siwan,Bihar,818219.0,Shipping
TS-02278,CUST-04238,"H.No._07,_Sha_Ganj,_Ramagundam-006166",Ramagundam,Telangana,6166.0,Billing
TN-02279,CUST-13742,"455
Bora_Chowk
Salem_701841",Salem,Tamil_Nadu,701841.0,Billing
UP-02280,CUST-18345,"04/297,_Sidhu_Ganj
Raipur_485302",Raipur,Chhattisgarh,485302.0,"Billing,_Shipping"
UK-02281,CUST-10276,"H.No._95
Ghosh_Circle
Shivpuri-710881",Shivpuri,Madhya_Pradesh,710881.0,Billing
MP-02282,CUST-13386,"032,_Venkataraman_Nagar
Dehri-298242",Dehri,Bihar,298242.0,Billing
WB-02283,CUST-06337,"H.No._744,_Dyal_Chowk,_Aligarh-150153",Aligarh,Uttar_Pradesh,150153.0,"Billing,_Shipping"
CG-02284,CUST-14781,"183,_Balasubramanian_Street,_Malda_736846",Malda,West_Bengal,736846.0,Shipping
UP-02285,CUST-05966,"02/27,_Sachar_Marg
Ahmedabad_991532",Ahmedabad,Gujarat,991532.0,"Billing,_Shipping"
BR-02286,CUST-14521,"75/11,_Trivedi_Road
Purnia_415361",Purnia,Bihar,415361.0,Billing
TS-02287,CUST-14964,"455
Ganesh_Circle
Proddatur_231357",Proddatur,Andhra_Pradesh,231357.0,Shipping
OR-02288,CUST-08332,"H.No._870,_Bala
Patna-195983",Patna,Bihar,195983.0,Shipping
WB-02289,CUST-11167,"H.No._65,_Krishnamurthy_Road,_Kamarhati_340467",Kamarhati,West_Bengal,340467.0,Shipping
OR-02290,CUST-02574,"65
Bawa
Bharatpur-537085",Bharatpur,Rajasthan,537085.0,Shipping
TS-02291,CUST-13811,"H.No._104,_Sant,_Sirsa-180562",Sirsa,Haryana,180562.0,Billing
KA-02292,CUST-12982,"65
Thaker_Path
Solapur-316150",Solapur,Maharashtra,316150.0,Shipping
WB-02293,CUST-17114,"H.No._96
Kade_Road
Arrah-550177",Arrah,Bihar,550177.0,Shipping
MP-02294,CUST-18530,"70/848
Vasa_Chowk
Unnao-050947",Unnao,Uttar_Pradesh,50947.0,Billing
TS-02296,CUST-03121,"79/235,_Apte
Sirsa-177295",Sirsa,Haryana,177295.0,Shipping
MP-02297,CUST-03477,"458,_Thaman_Chowk
Jhansi-206481",Jhansi,Uttar_Pradesh,206481.0,Billing
TR-02298,CUST-13940,"07/96,_Goyal_Zila
Durgapur_305487",Durgapur,West_Bengal,305487.0,"Billing,_Shipping"
MH-02299,CUST-15326,"79
Rajagopalan_Path
Yamunanagar_002703",Yamunanagar,Haryana,2703.0,Billing
GJ-02300,CUST-18171,"H.No._751
Sridhar_Street
Gandhidham-013921",Gandhidham,Gujarat,13921.0,"Billing,_Shipping"
TN-02301,CUST-15186,"H.No._02,_Chakraborty_Street
Salem_262909",Salem,Tamil_Nadu,262909.0,Billing
JH-02302,CUST-16692,"08/04,_Kakar_Path,_Kharagpur_162038",Kharagpur,West_Bengal,162038.0,Shipping
OR-02303,CUST-07207,"H.No._38,_Walia_Chowk
Bijapur_665247",Bijapur,Karnataka,665247.0,Billing
BR-02304,CUST-19877,"84/172,_Chawla_Road,_Buxar_539117",Buxar,Bihar,539117.0,Shipping
AP-02305,CUST-07127,"14,_Kalla_Marg
Anantapuram_505119",Anantapuram,Andhra_Pradesh,505119.0,Shipping
TS-02306,CUST-15759,"52
Shah_Marg
Hindupur_769353",Hindupur,Andhra_Pradesh,769353.0,"Billing,_Shipping"
MP-02307,CUST-06633,"H.No._40,_Raman_Circle,_Unnao_809518",Unnao,Uttar_Pradesh,809518.0,"Billing,_Shipping"
HR-02308,CUST-13793,"H.No._35,_Sem_Chowk
Siwan_258786",Siwan,Bihar,258786.0,Billing
OR-02309,CUST-07671,"65,_Deol,_Mathura-405192",Mathura,Uttar_Pradesh,405192.0,"Billing,_Shipping"
WB-02310,CUST-15500,"H.No._707,_Divan_Marg,_Bally_236556",Bally,West_Bengal,236556.0,"Billing,_Shipping"
BR-02311,CUST-03279,"59,_Kohli_Road,_Purnia-315502",Purnia,Bihar,315502.0,Shipping
JH-02312,CUST-12455,"13
Batta_Road
Asansol-488891",Asansol,West_Bengal,488891.0,Shipping
WB-02313,CUST-04657,"H.No._53
Bedi_Zila
Baranagar-860264",Baranagar,West_Bengal,860264.0,"Billing,_Shipping"
UP-02314,CUST-10301,"74
Chhabra_Circle
Burhanpur_978342",Burhanpur,Madhya_Pradesh,978342.0,"Billing,_Shipping"
MH-02315,CUST-08435,"H.No._36,_Bahl_Path
Jalgaon_252592",Jalgaon,Maharashtra,252592.0,"Billing,_Shipping"
AS-02316,CUST-14927,"65
Dash_Ganj
Siliguri-427985",Siliguri,West_Bengal,427985.0,Shipping
TN-02317,CUST-19083,"H.No._04,_Rajagopalan_Street
Tiruppur-938005",Tiruppur,Tamil_Nadu,938005.0,Billing
WB-02318,CUST-14382,"289,_Manne_Marg,_Madhyamgram_830127",Madhyamgram,West_Bengal,830127.0,Shipping
TS-02319,CUST-01567,"27/51,_Karpe_Chowk
Proddatur-531619",Proddatur,Andhra_Pradesh,531619.0,"Billing,_Shipping"
UP-02320,CUST-15709,"98/43,_Shetty,_Ahmedabad-343923",Ahmedabad,Gujarat,343923.0,"Billing,_Shipping"
UP-02321,CUST-17648,"H.No._66,_Rao_Chowk
Ahmedabad_029982",Ahmedabad,Gujarat,29982.0,Shipping
UP-02322,CUST-19379,"430,_Dugal_Chowk
Burhanpur-651923",Burhanpur,Madhya_Pradesh,651923.0,Shipping
AS-02323,CUST-11487,"67/172,_Bakshi_Nagar
Siliguri-769110",Siliguri,West_Bengal,769110.0,Shipping
OR-02324,CUST-08165,"81/657,_Lanka_Road
Haldia_756601",Haldia,West_Bengal,756601.0,Shipping
UP-02325,CUST-15153,"12/54
Bhattacharyya
Raiganj-235268",Raiganj,West_Bengal,235268.0,"Billing,_Shipping"
TN-02326,CUST-13508,"36,_Dugar_Chowk,_Avadi_331454",Avadi,Tamil_Nadu,331454.0,Billing
OR-02327,CUST-18891,"96/089,_Ghose_Marg
Berhampur_866077",Berhampur,Odisha,866077.0,"Billing,_Shipping"
KA-02328,CUST-15486,"803,_Bhandari_Circle,_Solapur-519446",Solapur,Maharashtra,519446.0,Shipping
UP-02329,CUST-12119,"H.No._813,_Din_Chowk
Muzaffarpur-729516",Muzaffarpur,Bihar,729516.0,"Billing,_Shipping"
OR-02330,CUST-15818,"H.No._63,_Baria_Chowk,_Haldia_290120",Haldia,West_Bengal,290120.0,Shipping
KA-02331,CUST-04582,"92
Saran_Path
Tumkur_027206",Tumkur,Karnataka,27206.0,Billing
OR-02332,CUST-13975,"63
Thakkar_Street
Bharatpur-722127",Bharatpur,Rajasthan,722127.0,"Billing,_Shipping"
WB-02333,CUST-11238,"83,_Bhargava_Path
Kamarhati_534025",Kamarhati,West_Bengal,534025.0,Billing
MH-02334,CUST-17440,"20/48,_Bhagat_Circle
Malegaon_255605",Malegaon,Maharashtra,255605.0,Shipping
OR-02335,CUST-05204,"H.No._875,_Lal_Ganj,_Danapur-269821",Danapur,Bihar,269821.0,"Billing,_Shipping"
TS-02336,CUST-15201,"809
Datta_Marg
Proddatur-188576",Proddatur,Andhra_Pradesh,188576.0,Billing
RJ-02337,CUST-01692,"H.No._22,_Yadav_Zila
Rajkot-790052",Rajkot,Gujarat,790052.0,"Billing,_Shipping"
TN-02338,CUST-06616,"40
Amble_Circle
Chittoor_622653",Chittoor,Andhra_Pradesh,622653.0,Billing
RJ-02339,CUST-08861,"H.No._58
Edwin_Street
Rajkot_288366",Rajkot,Gujarat,288366.0,Shipping
OR-02340,CUST-19655,"44,_Gade_Nagar,_Danapur_769326",Danapur,Bihar,769326.0,Billing
TN-02341,CUST-16594,"01/955
Ratti_Path
Salem-303623",Salem,Tamil_Nadu,303623.0,Shipping
CG-02342,CUST-16315,"388
Bumb_Road
Bhilai-925813",Bhilai,Chhattisgarh,925813.0,Billing
GJ-02343,CUST-11067,"H.No._855
Mahajan_Nagar
Jabalpur_602803",Jabalpur,Madhya_Pradesh,602803.0,Billing
TS-02344,CUST-15978,"28
Shenoy_Street
Ramagundam-412020",Ramagundam,Telangana,412020.0,Shipping
MP-02345,CUST-11106,"02/84,_Buch_Circle,_Mau_507932",Mau,Uttar_Pradesh,507932.0,Billing
TS-02346,CUST-17880,"42/737
Ranganathan_Marg
Ambala_396812",Ambala,Haryana,396812.0,Billing
MH-02347,CUST-00521,"46,_Ratta_Nagar
Nanded_262217",Nanded,Maharashtra,262217.0,"Billing,_Shipping"
TN-02348,CUST-08058,"69/937,_Gole_Circle,_Gandhinagar_002785",Gandhinagar,Gujarat,2785.0,"Billing,_Shipping"
RJ-02349,CUST-13052,"843
Edwin_Path
Akola_860182",Akola,Maharashtra,860182.0,"Billing,_Shipping"
AP-02350,CUST-13513,"63
Warrior
Dharmavaram_228319",Dharmavaram,Andhra_Pradesh,228319.0,Billing
MH-02351,CUST-01791,"393,_Sarma_Road,_Satara_448611",Satara,Maharashtra,448611.0,Shipping
OR-02352,CUST-15651,"90,_Chandran_Chowk
Bharatpur-781817",Bharatpur,Rajasthan,781817.0,Billing
OR-02353,CUST-14891,"302
Bajaj_Ganj
Bilaspur_499446",Bilaspur,Chhattisgarh,499446.0,Shipping
UP-02354,CUST-11664,"H.No._92,_Brar_Chowk
Burhanpur_253175",Burhanpur,Madhya_Pradesh,253175.0,"Billing,_Shipping"
AP-02355,CUST-17655,"H.No._41,_Krishnan_Street,_Jammu_636205",Jammu,Jammu_and_Kashmir,636205.0,Shipping
TN-02356,CUST-13026,"H.No._65,_Chander_Marg
Gandhinagar-379753",Gandhinagar,Gujarat,379753.0,"Billing,_Shipping"
MP-02357,CUST-11706,"H.No._75
Mangal_Marg
Gopalpur_850996",Gopalpur,Odisha,850996.0,Billing
CG-02358,CUST-12845,"83/83,_Kapur_Nagar,_Malda-794943",Malda,West_Bengal,794943.0,Billing
TN-02359,CUST-13874,"H.No._29
Sachdev_Chowk
Salem-735199",Salem,Tamil_Nadu,735199.0,"Billing,_Shipping"
GJ-02360,CUST-13569,"H.No._93
Taneja_Nagar
Hajipur-147964",Hajipur,Bihar,147964.0,Billing
UP-02361,CUST-19557,"13/58,_Viswanathan_Road
Gurgaon_556140",Gurgaon,Haryana,556140.0,Shipping
MP-02362,CUST-06424,"54/39
Vora_Road
Dehri_229419",Dehri,Bihar,229419.0,Shipping
MP-02363,CUST-17711,"52/976
Bobal_Nagar
Jodhpur-789258",Jodhpur,Rajasthan,789258.0,Billing
OR-02364,CUST-13650,"70/19
Bhakta
Mathura_429425",Mathura,Uttar_Pradesh,429425.0,"Billing,_Shipping"
GJ-02365,CUST-05381,"H.No._912
Dara
Hajipur-406393",Hajipur,Bihar,406393.0,Billing
TN-02366,CUST-18293,"37
Khare_Zila
Salem_954321",Salem,Tamil_Nadu,954321.0,Billing
UP-02367,CUST-13958,"H.No._92
Lala_Road
Shahjahanpur_688997",Shahjahanpur,Uttar_Pradesh,688997.0,Shipping
CG-02368,CUST-01842,"05/76
Sahota_Street
Sagar_483772",Sagar,Madhya_Pradesh,483772.0,Billing
AP-02369,CUST-15799,"H.No._874,_Dar
Srikakulam-379224",Srikakulam,Andhra_Pradesh,379224.0,Shipping
TR-02370,CUST-18045,"H.No._65,_Batta_Marg,_Durgapur-878015",Durgapur,West_Bengal,878015.0,Billing
MP-02371,CUST-03553,"60,_Sur_Path
Unnao_057714",Unnao,Uttar_Pradesh,57714.0,Shipping
UK-02372,CUST-06853,"39,_Thakkar_Street
Haridwar-536962",Haridwar,Uttarakhand,536962.0,Billing
UP-02373,CUST-12768,"H.No._44,_Sha_Road,_Karimnagar-835835",Karimnagar,Telangana,835835.0,Billing
BR-02374,CUST-14537,"612,_Thakkar
Satna_123399",Satna,Madhya_Pradesh,123399.0,Billing
AP-02375,CUST-03654,"01
Wason_Street
Dharmavaram_248483",Dharmavaram,Andhra_Pradesh,248483.0,Shipping
UP-02376,CUST-08578,"H.No._510
Biswas_Nagar
Gurgaon-387134",Gurgaon,Haryana,387134.0,"Billing,_Shipping"
UP-02377,CUST-14884,"32/95,_Edwin_Road,_Mirzapur_670372",Mirzapur,Uttar_Pradesh,670372.0,Shipping
WB-02378,CUST-12409,"45/382
Rout
Uluberia_723595",Uluberia,West_Bengal,723595.0,Billing
MP-02379,CUST-15158,"32/275
Varkey_Chowk
Ramgarh-760209",Ramgarh,Jharkhand,760209.0,Billing
AP-02380,CUST-11844,"16/02,_Bava_Road
Srikakulam_228405",Srikakulam,Andhra_Pradesh,228405.0,Billing
UP-02381,CUST-05597,"606,_Setty_Nagar,_Ahmedabad-390207",Ahmedabad,Gujarat,390207.0,Shipping
UP-02382,CUST-13702,"83/27,_Mani_Marg,_Raiganj-202360",Raiganj,West_Bengal,202360.0,Billing
CG-02383,CUST-09336,"79,_Cheema_Circle
Sambalpur-584639",Sambalpur,Odisha,584639.0,"Billing,_Shipping"
CG-02384,CUST-05356,"60/000,_Deo_Nagar
Bhilai-164136",Bhilai,Chhattisgarh,164136.0,Shipping
KA-02385,CUST-07284,"H.No._62,_Shetty_Path,_Solapur-695581",Solapur,Maharashtra,695581.0,Billing
TN-02386,CUST-16245,"H.No._33,_Mander_Circle,_Salem_928168",Salem,Tamil_Nadu,928168.0,Billing
UK-02387,CUST-15632,"H.No._14,_Uppal_Circle,_Shivpuri_565373",Shivpuri,Madhya_Pradesh,565373.0,Billing
BR-02388,CUST-17776,"628
Vasa_Zila
Jaipur-360324",Jaipur,Rajasthan,360324.0,Billing
OR-02389,CUST-02105,"769,_Gara_Zila
Mathura-598789",Mathura,Uttar_Pradesh,598789.0,"Billing,_Shipping"
WB-02390,CUST-00470,"H.No._414
Bedi_Ganj
Panihati_604329",Panihati,West_Bengal,604329.0,Billing
MH-02391,CUST-08373,"70
Choudhry_Zila
Guntur-936334",Guntur,Andhra_Pradesh,936334.0,Billing
TS-02392,CUST-02046,"H.No._556
Ramachandran_Zila
Dindigul_131737",Dindigul,Tamil_Nadu,131737.0,Shipping
KA-02393,CUST-19001,"71/25,_Sangha_Path,_Solapur_136229",Solapur,Maharashtra,136229.0,Shipping
WB-02394,CUST-11724,"H.No._44
Jani_Path
Madhyamgram_801025",Madhyamgram,West_Bengal,801025.0,"Billing,_Shipping"
GJ-02395,CUST-18981,"29/361,_Dara_Road,_Hajipur-906386",Hajipur,Bihar,906386.0,Shipping
MH-02396,CUST-16662,"H.No._205,_Korpal_Path,_Yamunanagar-469103",Yamunanagar,Haryana,469103.0,Shipping
TN-02397,CUST-13916,"H.No._034,_Kaur
Tiruppur_802089",Tiruppur,Tamil_Nadu,802089.0,Billing
MH-02398,CUST-10884,"558,_Salvi_Path,_Guntur_761914",Guntur,Andhra_Pradesh,761914.0,Billing
WB-02399,CUST-11182,"H.No._09,_Bhatti_Zila
Arrah_136735",Arrah,Bihar,136735.0,Billing
GJ-02400,CUST-15615,"H.No._31
Mall_Nagar
Jabalpur_500658",Jabalpur,Madhya_Pradesh,500658.0,"Billing,_Shipping"
BR-02401,CUST-19257,"625
Kohli_Path
Purnia_966591",Purnia,Bihar,966591.0,Shipping
CG-02402,CUST-15430,"H.No._35,_Goda_Ganj
Sagar-935044",Sagar,Madhya_Pradesh,935044.0,Shipping
KL-02403,CUST-07812,"17/65,_Bail_Path
Kollam_681471",Kollam,Kerala,681471.0,"Billing,_Shipping"
RJ-02404,CUST-02447,"76/65,_Shroff,_Akola_197026",Akola,Maharashtra,197026.0,Billing
UP-02405,CUST-13731,"28/263,_Ben_Chowk,_Raipur-056341",Raipur,Chhattisgarh,56341.0,"Billing,_Shipping"
MP-02406,CUST-01825,"554
Biswas_Ganj
Indore-627745",Indore,Madhya_Pradesh,627745.0,"Billing,_Shipping"
MP-02407,CUST-03237,"H.No._384,_Saraf_Chowk,_Jodhpur-144824",Jodhpur,Rajasthan,144824.0,Billing
MH-02408,CUST-15054,"57/872,_Sathe_Road
Karnal_761733",Karnal,Haryana,761733.0,Shipping
TN-02409,CUST-19701,"20/05,_Kohli_Zila,_Tiruppur_385800",Tiruppur,Tamil_Nadu,385800.0,"Billing,_Shipping"
UK-02410,CUST-11967,"H.No._34,_Badal_Circle,_Haridwar_062725",Haridwar,Uttarakhand,62725.0,Shipping
MP-02411,CUST-19859,"67,_Bir_Street,_Gorakhpur_711819",Gorakhpur,Uttar_Pradesh,711819.0,Billing
AP-02412,CUST-12485,"33/26,_Bora_Ganj
Dharmavaram-761329",Dharmavaram,Andhra_Pradesh,761329.0,"Billing,_Shipping"
TS-02413,CUST-11000,"21
Bhavsar_Path
Srinagar_624118",Srinagar,Jammu_and_Kashmir,624118.0,Billing
MH-02414,CUST-17413,"182,_Mangat_Circle
Guntur-730545",Guntur,Andhra_Pradesh,730545.0,"Billing,_Shipping"
OR-02416,CUST-05332,"567,_Shukla,_Haldia_083819",Haldia,West_Bengal,83819.0,Shipping
TN-02417,CUST-03415,"715,_Yohannan_Ganj,_Pallavaram_664111",Pallavaram,Tamil_Nadu,664111.0,Shipping
OR-02418,CUST-14260,"21,_Bhakta_Street,_Anantapur_585653",Anantapur,Andhra_Pradesh,585653.0,"Billing,_Shipping"
GJ-02419,CUST-04223,"26
Tella_Zila
Vadodara_143408",Vadodara,Gujarat,143408.0,"Billing,_Shipping"
KA-02420,CUST-13382,"H.No._36,_Bhatti,_Tumkur_307715",Tumkur,Karnataka,307715.0,Billing
UP-02421,CUST-16899,"35/178,_Jha_Zila,_Muzaffarpur-782794",Muzaffarpur,Bihar,782794.0,Shipping
TS-02422,CUST-18667,"597
Doctor_Path
Ambala_942476",Ambala,Haryana,942476.0,Shipping
MP-02423,CUST-11933,"45/83,_Khosla_Road,_Gopalpur-045045",Gopalpur,Odisha,45045.0,Shipping
HP-02424,CUST-01956,"49,_Krishnamurthy_Ganj,_Udaipur_488726",Udaipur,Rajasthan,488726.0,"Billing,_Shipping"
KA-02425,CUST-09875,"55/756
Datta_Ganj
Hospet_220880",Hospet,Karnataka,220880.0,Shipping
WB-02426,CUST-01624,"H.No._87,_Sood_Chowk,_Madhyamgram_883155",Madhyamgram,West_Bengal,883155.0,"Billing,_Shipping"
TN-02427,CUST-18181,"78/773,_Krish_Ganj,_Salem_628871",Salem,Tamil_Nadu,628871.0,Billing
KA-02429,CUST-11165,"H.No._671,_Lal
Tumkur_504551",Tumkur,Karnataka,504551.0,Billing
KL-02430,CUST-06144,"48/929,_Yadav_Zila
Kollam-854355",Kollam,Kerala,854355.0,Shipping
MP-02431,CUST-16848,"H.No._826,_Setty_Ganj
Agra_463416",Agra,Uttar_Pradesh,463416.0,Billing
UP-02432,CUST-14139,"80/25,_Mander_Road,_Firozabad_377551",Firozabad,Uttar_Pradesh,377551.0,"Billing,_Shipping"
OR-02433,CUST-02370,"H.No._45,_Bandi_Nagar,_Bilaspur_099899",Bilaspur,Chhattisgarh,99899.0,Billing
UP-02434,CUST-09221,"H.No._86,_Magar_Zila,_Burhanpur_172905",Burhanpur,Madhya_Pradesh,172905.0,Shipping
UP-02435,CUST-09044,"H.No._35
Sule_Ganj
Burhanpur_337520",Burhanpur,Madhya_Pradesh,337520.0,"Billing,_Shipping"
MH-02436,CUST-06968,"19,_Ravi_Chowk,_Jalgaon-396204",Jalgaon,Maharashtra,396204.0,Billing
JH-02437,CUST-03861,"286
Madan_Ganj
Phusro_257958",Phusro,Jharkhand,257958.0,Billing
CG-02438,CUST-03483,"913,_Sengupta_Marg
Sambalpur_856296",Sambalpur,Odisha,856296.0,Billing
KA-02439,CUST-03599,"34/38
Taneja_Zila
Hosur-910876",Hosur,Tamil_Nadu,910876.0,Billing
GJ-02440,CUST-16032,"333,_Ramaswamy_Road,_Allahabad-120870",Allahabad,Uttar_Pradesh,120870.0,Billing
GJ-02441,CUST-10411,"71/607,_Kala_Zila,_Hajipur_648971",Hajipur,Bihar,648971.0,Billing
WB-02442,CUST-09898,"H.No._65,_Shukla_Nagar
Kulti_740295",Kulti,West_Bengal,740295.0,"Billing,_Shipping"
UP-02443,CUST-15575,"H.No._717,_Srinivas_Chowk
Ahmedabad_030571",Ahmedabad,Gujarat,30571.0,"Billing,_Shipping"
OR-02444,CUST-11451,"67/27,_Kannan_Marg
Kanpur_680135",Kanpur,Uttar_Pradesh,680135.0,Shipping
UP-02445,CUST-15008,"03,_Issac_Path
Karimnagar_876276",Karimnagar,Telangana,876276.0,Shipping
JH-02446,CUST-12992,"740
Basu_Circle
Asansol-209020",Asansol,West_Bengal,209020.0,Shipping
UP-02447,CUST-19309,"51/855,_Kade_Circle
Muzaffarpur_741224",Muzaffarpur,Bihar,741224.0,Shipping
TS-02448,CUST-09108,"18/147,_Lad_Circle
Dindigul_099773",Dindigul,Tamil_Nadu,99773.0,"Billing,_Shipping"
KL-02449,CUST-17713,"33,_Keer_Zila
Kollam_302508",Kollam,Kerala,302508.0,Billing
WB-02450,CUST-13213,"45/547,_Toor,_Naihati_571505",Naihati,West_Bengal,571505.0,Shipping
TN-02451,CUST-06586,"H.No._531,_Sangha_Nagar,_Pallavaram_742999",Pallavaram,Tamil_Nadu,742999.0,"Billing,_Shipping"
OR-02452,CUST-11314,"H.No._693,_Sarma_Chowk
Anantapur_214253",Anantapur,Andhra_Pradesh,214253.0,"Billing,_Shipping"
OR-02453,CUST-19964,"41/908
Ratta_Path
Danapur-469269",Danapur,Bihar,469269.0,Billing
GJ-02454,CUST-15887,"H.No._479,_Doshi,_Allahabad-218625",Allahabad,Uttar_Pradesh,218625.0,"Billing,_Shipping"
WB-02455,CUST-16152,"42/77
Salvi
Madhyamgram_717365",Madhyamgram,West_Bengal,717365.0,Shipping
AS-02456,CUST-01907,"H.No._22,_Gara_Nagar
Siliguri_908468",Siliguri,West_Bengal,908468.0,"Billing,_Shipping"
MH-02457,CUST-12670,"179
Bhat_Circle
Jalgaon_118994",Jalgaon,Maharashtra,118994.0,Billing
TR-02458,CUST-10943,"62/32,_Guha
Chandigarh-850775",Chandigarh,Chandigarh_(Union_Territory),850775.0,"Billing,_Shipping"
TS-02459,CUST-14387,"H.No._988
Bhakta_Road
Hindupur_475788",Hindupur,Andhra_Pradesh,475788.0,Billing
BR-02460,CUST-15383,"70
Hans_Chowk
Jaipur-987963",Jaipur,Rajasthan,987963.0,Billing
MH-02461,CUST-13336,"H.No._87,_Sampath_Circle,_Karnal-816478",Karnal,Haryana,816478.0,"Billing,_Shipping"
AP-02462,CUST-01666,"H.No._16
Sachar_Zila
Srikakulam_719563",Srikakulam,Andhra_Pradesh,719563.0,Billing
MP-02463,CUST-18626,"451
Ghosh_Nagar
Jhansi-264389",Jhansi,Uttar_Pradesh,264389.0,Billing
UK-02464,CUST-17843,"401
Bhatnagar_Chowk
Shivpuri-752687",Shivpuri,Madhya_Pradesh,752687.0,Shipping
MH-02465,CUST-04577,"96/97,_Kadakia_Marg,_Yamunanagar_431148",Yamunanagar,Haryana,431148.0,Billing
UP-02467,CUST-16114,"H.No._400,_Sethi_Ganj,_Chapra_018750",Chapra,Bihar,18750.0,"Billing,_Shipping"
TS-02468,CUST-10639,"87/87,_Barad,_Nizamabad-339886",Nizamabad,Telangana,339886.0,Billing
AS-02469,CUST-16052,"81,_Dugal,_Nagaon-078436",Nagaon,Assam,78436.0,Billing
MP-02470,CUST-05315,"739
Banik_Chowk
Khandwa_322930",Khandwa,Madhya_Pradesh,322930.0,"Billing,_Shipping"
TS-02471,CUST-12362,"H.No._08
Dua_Circle
Sirsa_045141",Sirsa,Haryana,45141.0,Billing
UP-02472,CUST-16375,"77/63
Taneja_Street
Shahjahanpur_049862",Shahjahanpur,Uttar_Pradesh,49862.0,Shipping
WB-02473,CUST-02900,"H.No._32,_Bahl_Nagar,_Baranagar-544860",Baranagar,West_Bengal,544860.0,"Billing,_Shipping"
RJ-02474,CUST-18620,"66,_Comar_Circle,_Fatehpur_854519",Fatehpur,Uttar_Pradesh,854519.0,Billing
AP-02475,CUST-03068,"02/51,_Bhatnagar_Street
Bhimavaram-659539",Bhimavaram,Andhra_Pradesh,659539.0,Billing
TN-02476,CUST-02061,"08/079,_Mangat_Street
Avadi-344212",Avadi,Tamil_Nadu,344212.0,Shipping
MP-02477,CUST-11682,"102,_Dua_Ganj,_Gorakhpur_682895",Gorakhpur,Uttar_Pradesh,682895.0,Shipping
BR-02478,CUST-16198,"26/959,_Kunda_Road
Buxar-814858",Buxar,Bihar,814858.0,Billing
UP-02479,CUST-11491,"44/39,_Shroff_Nagar,_Shahjahanpur_364731",Shahjahanpur,Uttar_Pradesh,364731.0,Billing
MH-02480,CUST-10902,"03,_Dada_Zila,_Yamunanagar_498605",Yamunanagar,Haryana,498605.0,Billing
MH-02481,CUST-00359,"983,_Varkey
Bhiwandi_306520",Bhiwandi,Maharashtra,306520.0,Shipping
OR-02482,CUST-11128,"H.No._096
Karnik_Zila
Patna_943754",Patna,Bihar,943754.0,Shipping
MP-02483,CUST-15654,"H.No._286,_Taneja_Marg
Khandwa-510281",Khandwa,Madhya_Pradesh,510281.0,Billing
MP-02484,CUST-14036,"02,_Rastogi_Road,_Khandwa_941359",Khandwa,Madhya_Pradesh,941359.0,Shipping
AP-02485,CUST-19192,"H.No._170,_Gulati_Path,_Dharmavaram-004979",Dharmavaram,Andhra_Pradesh,4979.0,"Billing,_Shipping"
WB-02486,CUST-04214,"77/181,_Wable,_Arrah_227378",Arrah,Bihar,227378.0,Billing
OR-02487,CUST-12250,"H.No._53,_Chandran_Path
Patna_284512",Patna,Bihar,284512.0,Shipping
MP-02488,CUST-01311,"61/436,_Savant_Road
Kishanganj-534161",Kishanganj,Bihar,534161.0,"Billing,_Shipping"
WB-02489,CUST-01713,"97/05,_Subramaniam_Road
Aligarh_953264",Aligarh,Uttar_Pradesh,953264.0,Billing
TN-02490,CUST-17605,"91/45,_Raju_Circle,_Tiruppur_247107",Tiruppur,Tamil_Nadu,247107.0,Billing
KA-02491,CUST-18694,"72/61,_Sridhar_Ganj,_Amaravati_874026",Amaravati,Andhra_Pradesh,874026.0,Shipping
KA-02492,CUST-05198,"096,_Batta_Marg,_Hosur-211597",Hosur,Tamil_Nadu,211597.0,"Billing,_Shipping"
AP-02493,CUST-11547,"H.No._60,_Srinivasan
Bhimavaram-264094",Bhimavaram,Andhra_Pradesh,264094.0,"Billing,_Shipping"
GJ-02494,CUST-09104,"H.No._562,_Sarraf_Chowk,_Allahabad-251200",Allahabad,Uttar_Pradesh,251200.0,Billing
MH-02495,CUST-07380,"H.No._65
Bir_Marg
Karnal_435667",Karnal,Haryana,435667.0,Shipping
UP-02496,CUST-11333,"41/273
Bhardwaj_Street
Mirzapur-175777",Mirzapur,Uttar_Pradesh,175777.0,Billing
MP-02497,CUST-09915,"13/07
Dhawan
Kishanganj-128459",Kishanganj,Bihar,128459.0,Shipping
DL-02498,CUST-15347,"H.No._45
Sama_Circle
Delhi-218561",Delhi,Delhi_(Union_Territory),218561.0,Shipping
MP-02499,CUST-18262,"46/895,_Dalal_Ganj
Mau-289377",Mau,Uttar_Pradesh,289377.0,Billing
MP-02500,CUST-18371,"58/770
Singh_Marg
Dehri-102509",Dehri,Bihar,102509.0,Shipping
KA-02501,CUST-14602,"37/50,_Kashyap_Marg
Tumkur_127052",Tumkur,Karnataka,127052.0,"Billing,_Shipping"
UP-02502,CUST-09487,"76
Gaba_Zila
Farrukhabad-599627",Farrukhabad,Uttar_Pradesh,599627.0,Billing
KL-02503,CUST-18073,"H.No._178,_Sem_Zila
Kollam-160397",Kollam,Kerala,160397.0,Shipping
WB-02504,CUST-11142,"H.No._333
Sharaf_Street
Panihati-090818",Panihati,West_Bengal,90818.0,"Billing,_Shipping"
GJ-02505,CUST-02948,"H.No._27,_Bassi_Nagar
Ajmer_026371",Ajmer,Rajasthan,26371.0,Shipping
BR-02506,CUST-19371,"H.No._05,_Dyal_Road
Satna-623699",Satna,Madhya_Pradesh,623699.0,Shipping
AP-02507,CUST-18239,"33/52,_Sandhu_Nagar
Dharmavaram_785099",Dharmavaram,Andhra_Pradesh,785099.0,Shipping
MP-02508,CUST-16320,"94,_Sekhon_Marg,_Indore_321778",Indore,Madhya_Pradesh,321778.0,Shipping
HR-02509,CUST-19104,"96/77,_Bhandari_Ganj
Aurangabad_955868",Aurangabad,Maharashtra,955868.0,"Billing,_Shipping"
OR-02510,CUST-05139,"H.No._681
Maharaj_Nagar
Chandrapur_582615",Chandrapur,Maharashtra,582615.0,Billing
UP-02511,CUST-15214,"H.No._392
Atwal
Farrukhabad_302635",Farrukhabad,Uttar_Pradesh,302635.0,Shipping
GJ-02512,CUST-11685,"H.No._933
Dash_Zila
Vadodara_692397",Vadodara,Gujarat,692397.0,Shipping
AP-02513,CUST-19683,"67,_Shenoy,_Bhimavaram-325904",Bhimavaram,Andhra_Pradesh,325904.0,Shipping
RJ-02514,CUST-14098,"43/250,_Chad_Circle,_Dewas-759510",Dewas,Madhya_Pradesh,759510.0,Shipping
KA-02515,CUST-12106,"02/168
Bhandari_Marg
Solapur_862137",Solapur,Maharashtra,862137.0,"Billing,_Shipping"
GJ-02516,CUST-12608,"H.No._432
Shroff_Path
Ajmer-857425",Ajmer,Rajasthan,857425.0,Shipping
WB-02517,CUST-16883,"285,_Cheema,_Bidhannagar-819202",Bidhannagar,West_Bengal,819202.0,Shipping
JH-02518,CUST-01363,"H.No._559,_Chokshi_Zila
Phusro-782368",Phusro,Jharkhand,782368.0,Billing
UK-02519,CUST-19065,"H.No._519,_Sehgal_Nagar,_Shivpuri-644793",Shivpuri,Madhya_Pradesh,644793.0,Billing
HR-02520,CUST-05319,"H.No._05,_Dasgupta_Ganj,_Aurangabad-555956",Aurangabad,Maharashtra,555956.0,"Billing,_Shipping"
WB-02521,CUST-07984,"H.No._784,_Bahl_Nagar,_Madhyamgram-024016",Madhyamgram,West_Bengal,24016.0,Billing
TS-02522,CUST-12605,"13/229,_Babu_Ganj,_Sirsa-393549",Sirsa,Haryana,393549.0,"Billing,_Shipping"
GJ-02523,CUST-15969,"H.No._91
Varkey_Ganj
Hajipur-410249",Hajipur,Bihar,410249.0,Billing
UP-02524,CUST-17370,"48
Kumer
Gurgaon-046959",Gurgaon,Haryana,46959.0,"Billing,_Shipping"
KA-02525,CUST-12948,"402
Dora_Zila
Mangalore-602101",Mangalore,Karnataka,602101.0,Billing
WB-02526,CUST-02170,"69/742
Chandran_Road
Madhyamgram_974615",Madhyamgram,West_Bengal,974615.0,Billing
TN-02527,CUST-15239,"H.No._747
Ahuja_Ganj
Tiruvottiyur-763891",Tiruvottiyur,Tamil_Nadu,763891.0,Shipping
MH-02528,CUST-15265,"874,_Soni_Marg
Karnal_435619",Karnal,Haryana,435619.0,"Billing,_Shipping"
WB-02529,CUST-11504,"07/35
Solanki_Nagar
Bally_905253",Bally,West_Bengal,905253.0,Shipping
OR-02530,CUST-14812,"H.No._62,_Varma_Nagar,_Patna-866037",Patna,Bihar,866037.0,"Billing,_Shipping"
KA-02531,CUST-19452,"H.No._801,_Lad_Ganj,_Hosur_349364",Hosur,Tamil_Nadu,349364.0,Billing
TN-02532,CUST-19665,"516,_Sarraf_Zila,_Salem_078288",Salem,Tamil_Nadu,78288.0,"Billing,_Shipping"
MH-02533,CUST-11612,"H.No._838,_Ganguly_Circle
Rampur_085215",Rampur,Uttar_Pradesh,85215.0,Shipping
OR-02534,CUST-01946,"H.No._40,_Tak_Nagar
Anantapur-530350",Anantapur,Andhra_Pradesh,530350.0,Billing
UP-02535,CUST-14725,"H.No._384,_Virk_Zila
Raiganj-680667",Raiganj,West_Bengal,680667.0,Shipping
MP-02536,CUST-18639,"H.No._293,_Kulkarni_Path
Unnao-018352",Unnao,Uttar_Pradesh,18352.0,Billing
MP-02537,CUST-16894,"81/906
Upadhyay
Kishanganj_155225",Kishanganj,Bihar,155225.0,Shipping
UP-02538,CUST-08455,"63/380,_Khalsa_Path
Firozabad_904472",Firozabad,Uttar_Pradesh,904472.0,"Billing,_Shipping"
MH-02539,CUST-00233,"H.No._10,_Shankar_Ganj,_Yamunanagar-094077",Yamunanagar,Haryana,94077.0,Shipping
AP-02540,CUST-16411,"01,_Baral_Nagar
Jammu-343267",Jammu,Jammu_and_Kashmir,343267.0,Shipping
BR-02541,CUST-01702,"200
Deo_Marg
Ballia-964026",Ballia,Uttar_Pradesh,964026.0,Shipping
GJ-02542,CUST-15122,"63/78
Butala_Nagar
Ajmer-433577",Ajmer,Rajasthan,433577.0,Shipping
BR-02543,CUST-10516,"H.No._55
Sharaf_Zila
Munger_190575",Munger,Bihar,190575.0,"Billing,_Shipping"
CG-02544,CUST-04879,"73,_Lad_Zila,_Nagpur-509811",Nagpur,Maharashtra,509811.0,"Billing,_Shipping"
TN-02545,CUST-18703,"10/74,_Varkey_Path,_Vellore_353055",Vellore,Tamil_Nadu,353055.0,Billing
RJ-02546,CUST-17337,"966,_Seshadri_Circle
Dewas-762870",Dewas,Madhya_Pradesh,762870.0,Shipping
UP-02547,CUST-06672,"H.No._496,_Sankar,_Burhanpur_650427",Burhanpur,Madhya_Pradesh,650427.0,Billing
MP-02548,CUST-13371,"H.No._92
Barman_Zila
Kishanganj-136717",Kishanganj,Bihar,136717.0,Billing
MP-02549,CUST-10531,"H.No._972,_Jha_Ganj
Agra_433969",Agra,Uttar_Pradesh,433969.0,Shipping
MP-02550,CUST-18576,"65,_Mann_Chowk
Ramgarh-413167",Ramgarh,Jharkhand,413167.0,Billing
GJ-02551,CUST-18138,"H.No._95,_Sunder_Street,_Vadodara-083394",Vadodara,Gujarat,83394.0,"Billing,_Shipping"
UP-02552,CUST-14146,"08/194
Chanda
Bhagalpur_062914",Bhagalpur,Bihar,62914.0,Billing
MP-02553,CUST-19487,"19/19
Badami_Road
Mau-560475",Mau,Uttar_Pradesh,560475.0,Shipping
BR-02554,CUST-14587,"H.No._515,_Batra_Circle,_Purnia-490717",Purnia,Bihar,490717.0,Billing
UP-02555,CUST-14681,"90/50,_Ghose_Nagar,_Mirzapur_958184",Mirzapur,Uttar_Pradesh,958184.0,Billing
WB-02556,CUST-15714,"35/657
Ben_Circle
Bally-926444",Bally,West_Bengal,926444.0,Shipping
TN-02557,CUST-14694,"H.No._86
Balakrishnan_Road
Salem-355738",Salem,Tamil_Nadu,355738.0,Shipping
RJ-02558,CUST-17533,"78/464,_Bhat_Circle
Fatehpur-594199",Fatehpur,Uttar_Pradesh,594199.0,Shipping
KA-02559,CUST-19868,"66/21
Shan_Street
Hospet-482908",Hospet,Karnataka,482908.0,Shipping
TN-02560,CUST-01719,"H.No._80,_Swamy_Path
Pali-965272",Pali,Rajasthan,965272.0,"Billing,_Shipping"
TS-02561,CUST-16718,"23/80
Yohannan_Marg
Sirsa_317327",Sirsa,Haryana,317327.0,Shipping
AP-02562,CUST-18828,"29/414
Gola_Zila
Jammu_395979",Jammu,Jammu_and_Kashmir,395979.0,"Billing,_Shipping"
GJ-02563,CUST-09755,"53/55,_Kumar_Ganj,_Allahabad-682649",Allahabad,Uttar_Pradesh,682649.0,Billing
MH-02564,CUST-17530,"H.No._466,_Keer_Road
Malegaon_200261",Malegaon,Maharashtra,200261.0,Shipping
CG-02565,CUST-08582,"21/650,_Sehgal_Nagar,_Malda-870067",Malda,West_Bengal,870067.0,"Billing,_Shipping"
KA-02566,CUST-19722,"21/14,_Bobal_Circle
Hosur-726014",Hosur,Tamil_Nadu,726014.0,Billing
TS-02567,CUST-12407,"36/730,_Hegde_Path
Dindigul_671612",Dindigul,Tamil_Nadu,671612.0,"Billing,_Shipping"
OR-02568,CUST-07270,"H.No._737
Agate_Chowk
Berhampur_264124",Berhampur,Odisha,264124.0,"Billing,_Shipping"
KA-02569,CUST-19433,"054,_Ganguly_Street,_Hospet-611609",Hospet,Karnataka,611609.0,Billing
WB-02570,CUST-00391,"73,_Dubey_Chowk,_Uluberia_848696",Uluberia,West_Bengal,848696.0,Billing
BR-02571,CUST-02286,"27,_Sengupta_Ganj
Purnia_200966",Purnia,Bihar,200966.0,Billing
TN-02572,CUST-07206,"H.No._978,_Mand_Street
Salem-071350",Salem,Tamil_Nadu,71350.0,Billing
HR-02573,CUST-01683,"H.No._63
Chander_Road
Aurangabad_065709",Aurangabad,Maharashtra,65709.0,Billing
CG-02574,CUST-03040,"56/69
Halder_Chowk
Bhilai_462051",Bhilai,Chhattisgarh,462051.0,"Billing,_Shipping"
GJ-02575,CUST-15179,"29,_Din_Nagar,_Allahabad-712197",Allahabad,Uttar_Pradesh,712197.0,"Billing,_Shipping"
WB-02576,CUST-17537,"98,_Saha_Road,_Baranagar_656278",Baranagar,West_Bengal,656278.0,"Billing,_Shipping"
WB-02577,CUST-16185,"37/43
Saran_Marg
Panihati-562933",Panihati,West_Bengal,562933.0,"Billing,_Shipping"
MH-02578,CUST-10375,"961
Sheth_Marg
Karnal_036049",Karnal,Haryana,36049.0,Shipping
CG-02579,CUST-17107,"84,_Som_Path
Malda_858853",Malda,West_Bengal,858853.0,"Billing,_Shipping"
UP-02580,CUST-03636,"75/99,_Date_Street
Gurgaon_789799",Gurgaon,Haryana,789799.0,"Billing,_Shipping"
UP-02581,CUST-13187,"76/12
Saini_Zila
Jamalpur_051779",Jamalpur,Bihar,51779.0,"Billing,_Shipping"
UP-02582,CUST-11736,"H.No._51,_Gola_Road,_Chapra_269737",Chapra,Bihar,269737.0,"Billing,_Shipping"
DL-02583,CUST-19708,"39/348,_Ramachandran_Nagar,_Delhi-018876",Delhi,Delhi_(Union_Territory),18876.0,Shipping
HR-02584,CUST-08763,"40,_Yogi_Marg,_Siwan-907443",Siwan,Bihar,907443.0,Billing
TS-02585,CUST-12807,"H.No._431,_Gole_Ganj
Srinagar_026639",Srinagar,Jammu_and_Kashmir,26639.0,Shipping
TS-02586,CUST-19536,"14/792,_Shukla_Road,_Hindupur-766601",Hindupur,Andhra_Pradesh,766601.0,Shipping
BR-02587,CUST-08984,"H.No._13
Hayer_Marg
Satna_071533",Satna,Madhya_Pradesh,71533.0,"Billing,_Shipping"
UP-02588,CUST-17974,"24,_Master,_Firozabad_233223",Firozabad,Uttar_Pradesh,233223.0,Billing
WB-02589,CUST-03924,"79,_Badami_Marg,_Baranagar_653513",Baranagar,West_Bengal,653513.0,Shipping
MP-02590,CUST-00260,"22,_Dar,_Dehri_571980",Dehri,Bihar,571980.0,Billing
TS-02591,CUST-09958,"21/332,_Batta,_Proddatur-210915",Proddatur,Andhra_Pradesh,210915.0,Billing
GJ-02592,CUST-11525,"06/214
Das_Road
Hajipur-059816",Hajipur,Bihar,59816.0,Shipping
TS-02593,CUST-15210,"80/894,_Chakraborty_Circle,_Hindupur_920052",Hindupur,Andhra_Pradesh,920052.0,"Billing,_Shipping"
UP-02594,CUST-12330,"825
Dhar_Street
Burhanpur_795085",Burhanpur,Madhya_Pradesh,795085.0,Shipping
KA-02595,CUST-04024,"79/62
Soni
Solapur-031986",Solapur,Maharashtra,31986.0,"Billing,_Shipping"
KA-02596,CUST-15764,"612,_Bail_Street
Tumkur_270871",Tumkur,Karnataka,270871.0,"Billing,_Shipping"
WB-02597,CUST-17520,"H.No._947
Dara_Ganj
Arrah_641321",Arrah,Bihar,641321.0,"Billing,_Shipping"
MH-02598,CUST-03123,"H.No._575,_Mangat_Road
Malegaon-028114",Malegaon,Maharashtra,28114.0,Shipping
TN-02599,CUST-03201,"H.No._88,_Lal_Nagar
Chittoor_217925",Chittoor,Andhra_Pradesh,217925.0,Shipping
OR-02600,CUST-17679,"074
Salvi_Road
Danapur_231558",Danapur,Bihar,231558.0,Shipping
WB-02601,CUST-12493,"H.No._09
Ramakrishnan
Bidhannagar_254086",Bidhannagar,West_Bengal,254086.0,Billing
TN-02602,CUST-12822,"H.No._62
Sengupta_Path
Gandhinagar-891752",Gandhinagar,Gujarat,891752.0,Shipping
KA-02603,CUST-09543,"57/151
Deshpande_Circle
Solapur_277496",Solapur,Maharashtra,277496.0,Shipping
OR-02604,CUST-16058,"00/244,_Chad_Zila,_Kanpur_503283",Kanpur,Uttar_Pradesh,503283.0,Shipping
HR-02605,CUST-13908,"90/190
Bala_Zila
Siwan_926015",Siwan,Bihar,926015.0,Shipping
JH-02606,CUST-19391,"70/74,_Hora_Road
Kharagpur_712931",Kharagpur,West_Bengal,712931.0,"Billing,_Shipping"
WB-02607,CUST-17602,"97/429,_Suri_Path,_Naihati-512843",Naihati,West_Bengal,512843.0,Shipping
OR-02608,CUST-04219,"25/22,_Tandon_Path
Bharatpur_362033",Bharatpur,Rajasthan,362033.0,"Billing,_Shipping"
TN-02609,CUST-18939,"36/684,_Khurana_Path
Salem-684834",Salem,Tamil_Nadu,684834.0,Billing
AP-02610,CUST-06413,"H.No._458
Tank_Ganj
Gudivada_466638",Gudivada,Andhra_Pradesh,466638.0,"Billing,_Shipping"
MH-02611,CUST-19394,"H.No._437,_Khanna_Path
Jalgaon-305513",Jalgaon,Maharashtra,305513.0,"Billing,_Shipping"
TN-02612,CUST-12733,"88/90,_Mane_Nagar
Vellore-467166",Vellore,Tamil_Nadu,467166.0,"Billing,_Shipping"
MP-02613,CUST-13817,"H.No._76,_Sani_Street,_Gopalpur_309432",Gopalpur,Odisha,309432.0,"Billing,_Shipping"
HR-02614,CUST-01835,"15,_Dhar_Nagar,_Aurangabad_730635",Aurangabad,Maharashtra,730635.0,Billing
KA-02615,CUST-05194,"751
Bhagat_Nagar
Hospet_201366",Hospet,Karnataka,201366.0,Shipping
MH-02616,CUST-04927,"67,_Bava_Chowk,_Yamunanagar_138374",Yamunanagar,Haryana,138374.0,Billing
CG-02617,CUST-19012,"H.No._02,_Kamdar_Chowk,_Sagar-304073",Sagar,Madhya_Pradesh,304073.0,"Billing,_Shipping"
UP-02618,CUST-05648,"H.No._463,_Srivastava_Chowk
Karimnagar-131020",Karimnagar,Telangana,131020.0,"Billing,_Shipping"
RJ-02619,CUST-14635,"49/98,_Thaker_Road,_Rajkot-630818",Rajkot,Gujarat,630818.0,Billing
UP-02620,CUST-08050,"17/11,_Doshi_Circle,_Shahjahanpur_022539",Shahjahanpur,Uttar_Pradesh,22539.0,Billing
MP-02621,CUST-06831,"H.No._04,_Basak_Path,_Unnao-629832",Unnao,Uttar_Pradesh,629832.0,"Billing,_Shipping"
TR-02622,CUST-12920,"93/15,_Guha
Chandigarh-220613",Chandigarh,Chandigarh_(Union_Territory),220613.0,"Billing,_Shipping"
MP-02623,CUST-16139,"068,_Barman_Chowk
Unnao-913404",Unnao,Uttar_Pradesh,913404.0,Billing
UP-02624,CUST-15662,"H.No._46,_Goyal_Street
Gurgaon_299458",Gurgaon,Haryana,299458.0,Shipping
KA-02625,CUST-19352,"37/75
Madan_Road
Amaravati_360679",Amaravati,Andhra_Pradesh,360679.0,Shipping
GJ-02626,CUST-09439,"H.No._410,_Kakar_Marg,_Hajipur_683406",Hajipur,Bihar,683406.0,Shipping
MH-02627,CUST-10108,"07/68,_Madan_Circle
Yamunanagar_929482",Yamunanagar,Haryana,929482.0,Billing
AP-02628,CUST-00998,"H.No._13,_Sehgal_Circle
Jammu_388876",Jammu,Jammu_and_Kashmir,388876.0,"Billing,_Shipping"
KA-02629,CUST-13649,"H.No._26,_Bhatti_Nagar,_Mangalore_354398",Mangalore,Karnataka,354398.0,Billing
TR-02630,CUST-14539,"H.No._739,_Viswanathan_Chowk,_Durgapur_102298",Durgapur,West_Bengal,102298.0,Shipping
RJ-02631,CUST-14502,"H.No._54,_Savant_Nagar,_Rajkot_067515",Rajkot,Gujarat,67515.0,Billing
UP-02632,CUST-12665,"59/19,_Iyengar_Zila
Ahmedabad_881645",Ahmedabad,Gujarat,881645.0,"Billing,_Shipping"
AP-02633,CUST-14293,"80
Dass_Street
Srikakulam-069727",Srikakulam,Andhra_Pradesh,69727.0,Billing
BR-02634,CUST-18399,"79/144
Shenoy_Circle
Purnia_192127",Purnia,Bihar,192127.0,"Billing,_Shipping"
BR-02635,CUST-00714,"86/082
Bose_Zila
Munger-108943",Munger,Bihar,108943.0,Shipping
TN-02637,CUST-08726,"94/95
Rajan_Zila
Avadi-122966",Avadi,Tamil_Nadu,122966.0,"Billing,_Shipping"
GJ-02638,CUST-12956,"15,_Sanghvi_Road,_Kavali_182491",Kavali,Andhra_Pradesh,182491.0,Billing
TN-02639,CUST-04086,"67,_Shere_Path,_Gandhinagar_300686",Gandhinagar,Gujarat,300686.0,Shipping
MH-02640,CUST-17847,"575,_Wagle_Marg
Satara-251724",Satara,Maharashtra,251724.0,"Billing,_Shipping"
TN-02641,CUST-15385,"H.No._261,_Gola_Circle,_Gandhinagar_433822",Gandhinagar,Gujarat,433822.0,Shipping
OR-02642,CUST-10624,"H.No._54
Sundaram_Street
Mathura-581177",Mathura,Uttar_Pradesh,581177.0,Shipping
TS-02643,CUST-04274,"H.No._69
Vora
Srinagar_268029",Srinagar,Jammu_and_Kashmir,268029.0,Billing
JH-02644,CUST-04746,"08/77
Dhaliwal_Nagar
Mango_946046",Mango,Jharkhand,946046.0,Shipping
JH-02645,CUST-08331,"579,_Kala_Road
Phusro_537513",Phusro,Jharkhand,537513.0,Billing
CG-02646,CUST-09364,"16,_Dhawan_Marg,_Nagpur_490480",Nagpur,Maharashtra,490480.0,Billing
AP-02647,CUST-10410,"86/26
Kapur_Ganj
Anantapuram_447104",Anantapuram,Andhra_Pradesh,447104.0,Shipping
DL-02648,CUST-12724,"23/742,_Deo_Path
Delhi-429561",Delhi,Delhi_(Union_Territory),429561.0,Shipping
MP-02649,CUST-19614,"80/809,_Mammen_Zila
Agra-996283",Agra,Uttar_Pradesh,996283.0,Shipping
JH-02650,CUST-13830,"50/635
Wali_Circle
Phusro-566524",Phusro,Jharkhand,566524.0,Shipping
UP-02651,CUST-12555,"H.No._92,_Mammen_Circle,_Gurgaon-841207",Gurgaon,Haryana,841207.0,"Billing,_Shipping"
AP-02652,CUST-17031,"70
Tara_Zila
Gudivada-590912",Gudivada,Andhra_Pradesh,590912.0,Shipping
AS-02653,CUST-02546,"431,_Vasa_Nagar,_Bongaigaon-816360",Bongaigaon,Assam,816360.0,Billing
JH-02654,CUST-15682,"024
Vasa_Circle
Asansol_232029",Asansol,West_Bengal,232029.0,Shipping
WB-02655,CUST-08860,"696
Bhattacharyya
Aligarh-027675",Aligarh,Uttar_Pradesh,27675.0,"Billing,_Shipping"
WB-02656,CUST-17584,"H.No._26
Ramesh
Bidhannagar_039143",Bidhannagar,West_Bengal,39143.0,"Billing,_Shipping"
MP-02657,CUST-16408,"H.No._78,_Gill_Street
Kota-762013",Kota,Rajasthan,762013.0,Shipping
WB-02658,CUST-18952,"61/745,_Subramaniam_Circle,_Panihati_547999",Panihati,West_Bengal,547999.0,"Billing,_Shipping"
MP-02659,CUST-06114,"330
Mane_Road
Gorakhpur_932128",Gorakhpur,Uttar_Pradesh,932128.0,"Billing,_Shipping"
MP-02660,CUST-10162,"H.No._85,_Devan_Chowk
Ramgarh-489966",Ramgarh,Jharkhand,489966.0,Shipping
WB-02661,CUST-15096,"18/52
Kapadia
Bhatpara_259070",Bhatpara,West_Bengal,259070.0,Shipping
MP-02662,CUST-07992,"95/96,_Vaidya_Circle,_Khandwa_057023",Khandwa,Madhya_Pradesh,57023.0,"Billing,_Shipping"
HR-02663,CUST-05463,"95/680
Walia_Road
Bikaner-172671",Bikaner,Rajasthan,172671.0,Shipping
UP-02664,CUST-19409,"81
Dubey_Ganj
Jamalpur-665861",Jamalpur,Bihar,665861.0,Billing
MP-02665,CUST-15486,"09/41,_Choudhury_Street,_Jhansi-675136",Jhansi,Uttar_Pradesh,675136.0,"Billing,_Shipping"
OR-02667,CUST-11810,"39/83
Bal_Zila
Kanpur_284615",Kanpur,Uttar_Pradesh,284615.0,"Billing,_Shipping"
AP-02668,CUST-19896,"84,_Amble_Ganj
Dharmavaram-408503",Dharmavaram,Andhra_Pradesh,408503.0,"Billing,_Shipping"
RJ-02669,CUST-16739,"123,_Bhatia_Street,_Dewas_455528",Dewas,Madhya_Pradesh,455528.0,"Billing,_Shipping"
AP-02670,CUST-01557,"H.No._893
Guha_Road
Anantapuram_739491",Anantapuram,Andhra_Pradesh,739491.0,Shipping
UP-02671,CUST-10940,"83/180
Sundaram_Chowk
Karimnagar-192880",Karimnagar,Telangana,192880.0,"Billing,_Shipping"
UP-02672,CUST-17791,"45/84,_Ben_Path,_Muzaffarpur_644346",Muzaffarpur,Bihar,644346.0,Shipping
MH-02673,CUST-11482,"H.No._832
Chokshi_Path
Karnal_518024",Karnal,Haryana,518024.0,Billing
UP-02674,CUST-18384,"30
Krishnan_Circle
Raipur-175650",Raipur,Chhattisgarh,175650.0,Billing
HP-02675,CUST-11760,"H.No._014
Chander_Path
Udaipur_990900",Udaipur,Rajasthan,990900.0,"Billing,_Shipping"
GJ-02676,CUST-06714,"H.No._23
Ahluwalia_Ganj
Kavali_396774",Kavali,Andhra_Pradesh,396774.0,Billing
OR-02677,CUST-06110,"56/245
Balay_Zila
Kanpur-185657",Kanpur,Uttar_Pradesh,185657.0,Shipping
WB-02678,CUST-05435,"H.No._58,_Chandran_Zila,_Uluberia_050512",Uluberia,West_Bengal,50512.0,Shipping
MH-02679,CUST-14130,"H.No._94,_Anand_Chowk,_Nanded_672490",Nanded,Maharashtra,672490.0,Billing
JH-02680,CUST-13376,"85/401
Keer_Circle
Asansol_915225",Asansol,West_Bengal,915225.0,Billing
MH-02681,CUST-10156,"61
Datta_Chowk
Loni_683411",Loni,Uttar_Pradesh,683411.0,"Billing,_Shipping"
KA-02682,CUST-13626,"68,_Sankar_Ganj,_Amaravati_493838",Amaravati,Andhra_Pradesh,493838.0,Shipping
WB-02683,CUST-10361,"H.No._718
Khatri_Zila
Kamarhati-116404",Kamarhati,West_Bengal,116404.0,Shipping
UP-02684,CUST-03694,"63/339,_Shan_Zila
Chapra_664513",Chapra,Bihar,664513.0,"Billing,_Shipping"
AS-02685,CUST-15758,"928
Sandal_Zila
Nagaon-655656",Nagaon,Assam,655656.0,Shipping
AS-02686,CUST-09716,"688
Butala_Nagar
Bongaigaon-881909",Bongaigaon,Assam,881909.0,Shipping
OR-02687,CUST-07169,"86
Sidhu_Street
Bilaspur_624888",Bilaspur,Chhattisgarh,624888.0,"Billing,_Shipping"
MP-02688,CUST-12711,"H.No._58
Kalla_Circle
Unnao_890719",Unnao,Uttar_Pradesh,890719.0,"Billing,_Shipping"
MP-02689,CUST-05542,"14,_Aggarwal_Marg,_Gorakhpur_393763",Gorakhpur,Uttar_Pradesh,393763.0,Billing
HR-02690,CUST-17169,"953,_Agarwal_Circle,_Aurangabad-911725",Aurangabad,Maharashtra,911725.0,Shipping
AP-02691,CUST-05390,"18/36,_Ben_Road,_Bhimavaram_963395",Bhimavaram,Andhra_Pradesh,963395.0,Shipping
GJ-02692,CUST-00178,"90,_Dass_Zila
Allahabad_284792",Allahabad,Uttar_Pradesh,284792.0,Shipping
UK-02693,CUST-17845,"H.No._201,_Zachariah_Street,_Jalna-303557",Jalna,Maharashtra,303557.0,"Billing,_Shipping"
UP-02694,CUST-07101,"59/98
Vasa_Path
Ahmedabad-198073",Ahmedabad,Gujarat,198073.0,Billing
CG-02695,CUST-13564,"H.No._77,_Kata_Path,_Nagpur-819941",Nagpur,Maharashtra,819941.0,"Billing,_Shipping"
UP-02696,CUST-15011,"970,_Mann_Circle
Farrukhabad-891996",Farrukhabad,Uttar_Pradesh,891996.0,Shipping
CG-02697,CUST-07013,"H.No._50,_Chadha_Ganj
Malda-698852",Malda,West_Bengal,698852.0,"Billing,_Shipping"
GJ-02698,CUST-13619,"081,_Kakar_Path
Allahabad_674773",Allahabad,Uttar_Pradesh,674773.0,Billing
JH-02699,CUST-02858,"13/72,_Lalla_Road,_Kharagpur_035775",Kharagpur,West_Bengal,35775.0,Billing
WB-02700,CUST-05140,"64/40
Jain
Arrah_309074",Arrah,Bihar,309074.0,Billing
MP-02701,CUST-01984,"98/93,_Thaman_Circle
Jodhpur_915255",Jodhpur,Rajasthan,915255.0,Shipping
TR-02702,CUST-10513,"02/09
Bose_Chowk
Durgapur_202004",Durgapur,West_Bengal,202004.0,"Billing,_Shipping"
UP-02703,CUST-03934,"02/676
Bajwa_Street
Mirzapur-033590",Mirzapur,Uttar_Pradesh,33590.0,Billing
DL-02704,CUST-10630,"11,_Kamdar_Chowk,_Delhi_913476",Delhi,Delhi_(Union_Territory),913476.0,Shipping
JH-02705,CUST-11466,"H.No._151,_Suri_Street,_Mango_538079",Mango,Jharkhand,538079.0,"Billing,_Shipping"
MP-02706,CUST-08536,"975
Garg_Street
Khandwa_218477",Khandwa,Madhya_Pradesh,218477.0,"Billing,_Shipping"
MP-02707,CUST-09959,"61/483
Ratta_Street
Jhansi_863273",Jhansi,Uttar_Pradesh,863273.0,"Billing,_Shipping"
TS-02708,CUST-14061,"H.No._724,_Walia_Ganj
Hindupur-243395",Hindupur,Andhra_Pradesh,243395.0,Shipping
UK-02709,CUST-18074,"96/319,_Sarraf_Marg
Jalna_906889",Jalna,Maharashtra,906889.0,Shipping
AS-02710,CUST-19329,"H.No._792,_Raman_Ganj
Nagaon-034435",Nagaon,Assam,34435.0,"Billing,_Shipping"
MH-02711,CUST-12869,"663,_Setty_Path,_Yamunanagar-604669",Yamunanagar,Haryana,604669.0,Billing
MH-02712,CUST-09682,"287,_Kalita
Rampur-466052",Rampur,Uttar_Pradesh,466052.0,Billing
MH-02713,CUST-15246,"112
Grover_Street
Satara-598244",Satara,Maharashtra,598244.0,Billing
UK-02714,CUST-11586,"668
Karan_Ganj
Haridwar-191256",Haridwar,Uttarakhand,191256.0,Billing
KA-02715,CUST-15292,"66/364
Gopal_Ganj
Amaravati_589407",Amaravati,Andhra_Pradesh,589407.0,Shipping
AP-02716,CUST-13186,"27/51
Edwin_Street
Jammu_823913",Jammu,Jammu_and_Kashmir,823913.0,"Billing,_Shipping"
CG-02717,CUST-18907,"H.No._90,_Hora_Zila
Malda_590268",Malda,West_Bengal,590268.0,Billing
MH-02718,CUST-12598,"H.No._29,_Bakshi_Nagar,_Malegaon-003713",Malegaon,Maharashtra,3713.0,"Billing,_Shipping"
MH-02719,CUST-18887,"45/91,_Garg_Zila,_Guntur-532661",Guntur,Andhra_Pradesh,532661.0,Shipping
MP-02720,CUST-07047,"H.No._269,_Yadav_Street
Khandwa-647059",Khandwa,Madhya_Pradesh,647059.0,"Billing,_Shipping"
WB-02721,CUST-15192,"043,_Bhardwaj_Marg
Panihati-349949",Panihati,West_Bengal,349949.0,"Billing,_Shipping"
MP-02722,CUST-05953,"65
Chana_Zila
Mau-980608",Mau,Uttar_Pradesh,980608.0,Shipping
WB-02723,CUST-08775,"H.No._33
Ghose_Ganj
Bhatpara-361191",Bhatpara,West_Bengal,361191.0,Billing
UP-02724,CUST-17755,"454,_Deo_Nagar,_Ahmedabad-536409",Ahmedabad,Gujarat,536409.0,Billing
WB-02725,CUST-10432,"89
Kala_Marg
Baranagar-949842",Baranagar,West_Bengal,949842.0,"Billing,_Shipping"
MP-02726,CUST-02095,"01/859
Ahluwalia_Chowk
Mau-216411",Mau,Uttar_Pradesh,216411.0,Billing
AS-02727,CUST-13998,"41/286,_Dixit_Chowk,_Bongaigaon_896729",Bongaigaon,Assam,896729.0,"Billing,_Shipping"
MP-02728,CUST-13663,"052,_Dugar_Nagar,_Gorakhpur-297729",Gorakhpur,Uttar_Pradesh,297729.0,"Billing,_Shipping"
UP-02729,CUST-06063,"51/190,_Das_Zila,_Bhagalpur_531977",Bhagalpur,Bihar,531977.0,Billing
UP-02730,CUST-05209,"24/57,_Keer_Chowk
Shahjahanpur-280529",Shahjahanpur,Uttar_Pradesh,280529.0,"Billing,_Shipping"
TS-02731,CUST-18461,"24/62,_Gokhale_Nagar
Proddatur-288011",Proddatur,Andhra_Pradesh,288011.0,"Billing,_Shipping"
KA-02732,CUST-15741,"H.No._58,_Warrior_Road
Hosur_228432",Hosur,Tamil_Nadu,228432.0,Billing
TN-02733,CUST-17724,"07/56
Chandran_Marg
Tiruppur_282745",Tiruppur,Tamil_Nadu,282745.0,Billing
OR-02734,CUST-12858,"H.No._96,_Chowdhury_Zila
Haldia_839944",Haldia,West_Bengal,839944.0,"Billing,_Shipping"
KA-02735,CUST-19345,"31/545
Chana_Street
Tumkur-553761",Tumkur,Karnataka,553761.0,Shipping
OR-02736,CUST-19444,"83
Bahl_Chowk
Danapur-793782",Danapur,Bihar,793782.0,Shipping
WB-02737,CUST-15218,"40/099
Tata_Nagar
Aligarh-929605",Aligarh,Uttar_Pradesh,929605.0,Shipping
MP-02738,CUST-17647,"57/000,_Rout,_Khandwa-542492",Khandwa,Madhya_Pradesh,542492.0,"Billing,_Shipping"
MP-02739,CUST-18445,"37
Deshmukh_Zila
Indore_494595",Indore,Madhya_Pradesh,494595.0,"Billing,_Shipping"
MP-02740,CUST-18663,"H.No._44,_Lad_Road,_Jhansi-508065",Jhansi,Uttar_Pradesh,508065.0,Billing
UP-02741,CUST-10317,"72/34
Bhatti_Road
Raipur_629304",Raipur,Chhattisgarh,629304.0,Billing
UP-02742,CUST-09964,"599,_Choudhary_Circle,_Karimnagar-995756",Karimnagar,Telangana,995756.0,Shipping
OR-02743,CUST-15631,"90/40
Raj_Circle
Chandrapur_579715",Chandrapur,Maharashtra,579715.0,"Billing,_Shipping"
AP-02744,CUST-14777,"86/14,_Vaidya_Path
Bhimavaram_159094",Bhimavaram,Andhra_Pradesh,159094.0,"Billing,_Shipping"
WB-02745,CUST-11899,"H.No._63
Tripathi_Road
Kulti-261692",Kulti,West_Bengal,261692.0,Billing
WB-02746,CUST-12884,"183,_Sodhi_Road,_Kulti-710394",Kulti,West_Bengal,710394.0,Billing
AS-02747,CUST-18764,"H.No._49,_Tak_Circle
Nagaon-543680",Nagaon,Assam,543680.0,Billing
TN-02748,CUST-14719,"30/643,_Goyal_Path,_Avadi-100183",Avadi,Tamil_Nadu,100183.0,Billing
KA-02749,CUST-19219,"H.No._76
Konda_Nagar
Tumkur-903562",Tumkur,Karnataka,903562.0,Billing
DL-02750,CUST-12482,"48/78,_Devi_Path,_Delhi_935527",Delhi,Delhi_(Union_Territory),935527.0,"Billing,_Shipping"
UP-02751,CUST-03365,"14/481,_Jani_Zila
Gurgaon-205002",Gurgaon,Haryana,205002.0,Billing
MH-02752,CUST-15461,"88/19
Sankar_Path
Guntur_748380",Guntur,Andhra_Pradesh,748380.0,Billing
AP-02753,CUST-00595,"H.No._231,_Madan_Marg,_Anantapuram_706500",Anantapuram,Andhra_Pradesh,706500.0,Billing
MP-02754,CUST-04396,"24
Mahajan_Street
Jalandhar_725692",Jalandhar,Punjab,725692.0,Shipping
AS-02755,CUST-14947,"24,_Sachdev_Street,_Siliguri-034045",Siliguri,West_Bengal,34045.0,Shipping
WB-02756,CUST-08196,"H.No._97,_Iyengar_Road,_Uluberia-581713",Uluberia,West_Bengal,581713.0,"Billing,_Shipping"
OR-02757,CUST-06758,"H.No._75
Solanki_Chowk
Anantapur_878559",Anantapur,Andhra_Pradesh,878559.0,"Billing,_Shipping"
MP-02758,CUST-12622,"92/881,_Gala_Path
Agra_710619",Agra,Uttar_Pradesh,710619.0,Shipping
GJ-02759,CUST-09002,"929
Khosla_Road
Hajipur_214532",Hajipur,Bihar,214532.0,"Billing,_Shipping"
TN-02760,CUST-13666,"910,_Ramaswamy_Circle,_Pallavaram-134215",Pallavaram,Tamil_Nadu,134215.0,"Billing,_Shipping"
WB-02761,CUST-13832,"885,_Bakshi
Baranagar_018182",Baranagar,West_Bengal,18182.0,Billing
BR-02762,CUST-02316,"H.No._01
Sant_Path
Munger_078571",Munger,Bihar,78571.0,Shipping
MH-02763,CUST-11001,"45/94
Dhingra_Circle
Karnal-957385",Karnal,Haryana,957385.0,Shipping
WB-02764,CUST-18702,"H.No._250,_Sampath_Chowk,_Bally_914299",Bally,West_Bengal,914299.0,Shipping
TS-02765,CUST-10278,"H.No._229,_Sankar_Ganj,_Ambala-065383",Ambala,Haryana,65383.0,Shipping
MP-02766,CUST-13352,"40/28,_Sheth_Street
Jalandhar-978607",Jalandhar,Punjab,978607.0,Billing
GJ-02767,CUST-12921,"H.No._524,_Rastogi_Chowk,_Kavali-125415",Kavali,Andhra_Pradesh,125415.0,"Billing,_Shipping"
MH-02768,CUST-14682,"H.No._40
Bhalla_Nagar
Loni_903581",Loni,Uttar_Pradesh,903581.0,Shipping
OR-02769,CUST-11412,"87/872
Yogi_Chowk
Mathura_140197",Mathura,Uttar_Pradesh,140197.0,Billing
UP-02770,CUST-14485,"H.No._29
Wali_Circle
Firozabad-218392",Firozabad,Uttar_Pradesh,218392.0,"Billing,_Shipping"
UP-02771,CUST-18162,"H.No._59,_Sehgal_Street,_Raipur-658149",Raipur,Chhattisgarh,658149.0,"Billing,_Shipping"
RJ-02772,CUST-10803,"86/120,_Dhillon_Circle,_Akola_987683",Akola,Maharashtra,987683.0,"Billing,_Shipping"
TN-02773,CUST-06502,"H.No._775,_Tara_Nagar
Pali_964080",Pali,Rajasthan,964080.0,"Billing,_Shipping"
UP-02774,CUST-15844,"H.No._860
Shroff_Zila
Firozabad-685304",Firozabad,Uttar_Pradesh,685304.0,Shipping
UP-02775,CUST-19960,"635,_Chokshi_Ganj,_Firozabad-041931",Firozabad,Uttar_Pradesh,41931.0,Shipping
HR-02776,CUST-00642,"98
Thaker_Marg
Aurangabad-218411",Aurangabad,Maharashtra,218411.0,Shipping
UP-02777,CUST-18387,"H.No._02,_Aggarwal_Nagar
Karimnagar-839178",Karimnagar,Telangana,839178.0,"Billing,_Shipping"
TN-02778,CUST-18564,"24,_Gopal_Zila,_Avadi-076502",Avadi,Tamil_Nadu,76502.0,"Billing,_Shipping"
JH-02779,CUST-12980,"18,_Varghese_Circle,_Asansol_544737",Asansol,West_Bengal,544737.0,"Billing,_Shipping"
KA-02780,CUST-01710,"03
Swaminathan
Tumkur_586078",Tumkur,Karnataka,586078.0,Shipping
UP-02781,CUST-03822,"856,_Karnik_Street
Mirzapur_620105",Mirzapur,Uttar_Pradesh,620105.0,"Billing,_Shipping"
AP-02782,CUST-15864,"840,_Kohli_Road,_Bhimavaram_119648",Bhimavaram,Andhra_Pradesh,119648.0,"Billing,_Shipping"
GJ-02783,CUST-16142,"H.No._37,_Karan_Nagar,_Jabalpur_604899",Jabalpur,Madhya_Pradesh,604899.0,Billing
TS-02784,CUST-03758,"558,_Sarraf,_Srinagar-236089",Srinagar,Jammu_and_Kashmir,236089.0,Shipping
TS-02785,CUST-14749,"64/43,_Chaudhuri_Circle
Sirsa_021745",Sirsa,Haryana,21745.0,"Billing,_Shipping"
GJ-02787,CUST-16387,"171
Lad_Chowk
Hajipur-552139",Hajipur,Bihar,552139.0,"Billing,_Shipping"
MP-02788,CUST-14697,"743,_Banik_Street
Jalandhar_269694",Jalandhar,Punjab,269694.0,Billing
HR-02789,CUST-13509,"73
Dhingra_Circle
Siwan_933753",Siwan,Bihar,933753.0,Billing
MP-02790,CUST-18478,"988,_Ganesan_Circle,_Gopalpur_347836",Gopalpur,Odisha,347836.0,Billing
OR-02791,CUST-11685,"492
Khosla_Zila
Kanpur_011568",Kanpur,Uttar_Pradesh,11568.0,Billing
CG-02792,CUST-17507,"78
Tak_Road
Nagpur-305375",Nagpur,Maharashtra,305375.0,Billing
MP-02793,CUST-07767,"11/75
Som_Path
Khandwa_842311",Khandwa,Madhya_Pradesh,842311.0,Shipping
TS-02794,CUST-17725,"398,_Chauhan_Street
Ramagundam-727299",Ramagundam,Telangana,727299.0,"Billing,_Shipping"
GJ-02795,CUST-14646,"H.No._21,_Raju_Chowk,_Gandhidham-050142",Gandhidham,Gujarat,50142.0,Billing
TN-02796,CUST-04706,"008,_Ratti_Marg,_Chittoor-476192",Chittoor,Andhra_Pradesh,476192.0,Billing
UK-02797,CUST-12308,"40
Hans_Street
Jalna_943266",Jalna,Maharashtra,943266.0,Shipping
KA-02798,CUST-03406,"41/373,_Srinivas_Zila
Tumkur-832030",Tumkur,Karnataka,832030.0,Shipping
AP-02799,CUST-03709,"81/27,_Chokshi_Road
Dharmavaram-440906",Dharmavaram,Andhra_Pradesh,440906.0,"Billing,_Shipping"
AP-02800,CUST-06855,"44/93,_Kanda_Marg
Anantapuram-649093",Anantapuram,Andhra_Pradesh,649093.0,"Billing,_Shipping"
TN-02801,CUST-04215,"72/71,_Aurora_Street
Chittoor_825381",Chittoor,Andhra_Pradesh,825381.0,"Billing,_Shipping"
OR-02802,CUST-16273,"18/75,_Tripathi_Circle,_Bijapur-703544",Bijapur,Karnataka,703544.0,"Billing,_Shipping"
MH-02803,CUST-14052,"28/93
Talwar_Circle
Satara_421238",Satara,Maharashtra,421238.0,Billing
MH-02804,CUST-06289,"H.No._28,_Bhardwaj_Circle
Bhiwandi-667008",Bhiwandi,Maharashtra,667008.0,Shipping
HR-02805,CUST-12325,"161
Raj_Zila
Bikaner-217915",Bikaner,Rajasthan,217915.0,Shipping
MP-02806,CUST-12423,"27/54,_Sen_Circle,_Mau_641564",Mau,Uttar_Pradesh,641564.0,Shipping
UP-02807,CUST-15221,"H.No._830
Devi_Chowk
Shahjahanpur-165283",Shahjahanpur,Uttar_Pradesh,165283.0,"Billing,_Shipping"
OR-02808,CUST-18682,"37/011
Date_Circle
Mathura_742918",Mathura,Uttar_Pradesh,742918.0,"Billing,_Shipping"
TS-02809,CUST-18765,"35/528,_Doctor_Street
Srinagar-054402",Srinagar,Jammu_and_Kashmir,54402.0,"Billing,_Shipping"
UP-02810,CUST-19834,"H.No._989,_Goswami_Zila
Raipur-293788",Raipur,Chhattisgarh,293788.0,"Billing,_Shipping"
UP-02811,CUST-12416,"H.No._927,_Kunda_Circle
Chapra-911870",Chapra,Bihar,911870.0,Shipping
AP-02812,CUST-19957,"09/661
Choudhary
Dharmavaram-011841",Dharmavaram,Andhra_Pradesh,11841.0,"Billing,_Shipping"
UP-02813,CUST-09369,"35,_Venkatesh_Zila
Raipur-843126",Raipur,Chhattisgarh,843126.0,Billing
TN-02814,CUST-01855,"H.No._440,_Sekhon_Nagar
Gandhinagar_087596",Gandhinagar,Gujarat,87596.0,Billing
TN-02815,CUST-10416,"H.No._03,_Chana_Circle
Pali_707256",Pali,Rajasthan,707256.0,Shipping
JH-02816,CUST-14265,"H.No._439,_Varma_Road,_Kharagpur-093975",Kharagpur,West_Bengal,93975.0,Shipping
MH-02817,CUST-04098,"H.No._19
Comar_Marg
Yamunanagar-602591",Yamunanagar,Haryana,602591.0,"Billing,_Shipping"
CG-02818,CUST-15481,"H.No._582,_Chander_Zila,_Nagpur-623267",Nagpur,Maharashtra,623267.0,Shipping
TN-02819,CUST-12407,"48/51,_Cheema_Street,_Pallavaram-215970",Pallavaram,Tamil_Nadu,215970.0,Shipping
OR-02820,CUST-14663,"37/73,_Keer_Nagar,_Anantapur-153952",Anantapur,Andhra_Pradesh,153952.0,"Billing,_Shipping"
BR-02821,CUST-14599,"66/91
Comar_Road
Satna-588026",Satna,Madhya_Pradesh,588026.0,Shipping
TS-02822,CUST-14570,"39,_Mangal_Zila,_Ambala-916943",Ambala,Haryana,916943.0,Billing
TN-02823,CUST-00288,"H.No._27,_Subramaniam,_Pallavaram-772828",Pallavaram,Tamil_Nadu,772828.0,"Billing,_Shipping"
AS-02824,CUST-02034,"78,_Sastry_Ganj,_Nagaon_901817",Nagaon,Assam,901817.0,"Billing,_Shipping"
TN-02825,CUST-07736,"H.No._726
Sastry_Zila
Vellore-261326",Vellore,Tamil_Nadu,261326.0,"Billing,_Shipping"
WB-02826,CUST-17041,"H.No._670
Deol_Chowk
Baranagar_423744",Baranagar,West_Bengal,423744.0,Shipping
BR-02827,CUST-11095,"48/212,_Ramanathan_Marg
Jaipur_507942",Jaipur,Rajasthan,507942.0,Shipping
KA-02828,CUST-02550,"16,_Chatterjee_Street
Amaravati_176062",Amaravati,Andhra_Pradesh,176062.0,Shipping
AP-02829,CUST-19478,"70/886
Sen
Anantapuram-452251",Anantapuram,Andhra_Pradesh,452251.0,"Billing,_Shipping"
TN-02830,CUST-07898,"H.No._75,_Hora_Path
Avadi_351724",Avadi,Tamil_Nadu,351724.0,Shipping
GJ-02831,CUST-12023,"79/619,_Upadhyay_Road,_Hajipur_996818",Hajipur,Bihar,996818.0,Billing
MP-02832,CUST-11520,"H.No._81,_Ray_Marg
Kishanganj_096557",Kishanganj,Bihar,96557.0,"Billing,_Shipping"
UP-02833,CUST-01685,"H.No._22
Sarkar_Circle
Karimnagar_540330",Karimnagar,Telangana,540330.0,"Billing,_Shipping"
AP-02834,CUST-18472,"942,_Hans_Marg
Dharmavaram_657114",Dharmavaram,Andhra_Pradesh,657114.0,Billing
AS-02835,CUST-14297,"H.No._583
Ravel_Road
Bongaigaon_570979",Bongaigaon,Assam,570979.0,Billing
MP-02836,CUST-16291,"85/015,_Dhawan_Road
Agra-194861",Agra,Uttar_Pradesh,194861.0,Billing
UP-02837,CUST-14960,"16,_Walia_Chowk
Ahmedabad_370466",Ahmedabad,Gujarat,370466.0,Billing
CG-02838,CUST-15382,"H.No._04
Singhal_Circle
Nagpur_487977",Nagpur,Maharashtra,487977.0,"Billing,_Shipping"
TN-02839,CUST-15449,"622
Sundaram_Ganj
Chittoor-797148",Chittoor,Andhra_Pradesh,797148.0,Billing
WB-02840,CUST-14553,"H.No._98,_Bhatia_Road,_Bidhannagar-182954",Bidhannagar,West_Bengal,182954.0,Billing
MP-02841,CUST-07200,"93,_Goda_Street
Khandwa_645502",Khandwa,Madhya_Pradesh,645502.0,Billing
MP-02842,CUST-07186,"15/87,_Swamy_Path
Indore_686993",Indore,Madhya_Pradesh,686993.0,Billing
MP-02843,CUST-06564,"32/23
Chowdhury
Dehri-198492",Dehri,Bihar,198492.0,Shipping
AS-02844,CUST-10862,"72,_Khatri_Street,_Bongaigaon_658519",Bongaigaon,Assam,658519.0,"Billing,_Shipping"
AS-02845,CUST-14271,"H.No._627,_Thaman_Street,_Nagaon-047780",Nagaon,Assam,47780.0,Shipping
GJ-02846,CUST-11625,"065,_Chacko_Zila
Vadodara-833763",Vadodara,Gujarat,833763.0,Billing
DL-02847,CUST-19133,"H.No._75,_Bhargava_Zila
Delhi_986655",Delhi,Delhi_(Union_Territory),986655.0,"Billing,_Shipping"
TN-02848,CUST-17528,"491,_Wason_Path
Avadi-579435",Avadi,Tamil_Nadu,579435.0,"Billing,_Shipping"
KA-02849,CUST-18104,"H.No._33,_Khare_Street,_Tumkur_796250",Tumkur,Karnataka,796250.0,Shipping
MH-02850,CUST-09656,"286
Cherian_Street
Karnal_779257",Karnal,Haryana,779257.0,Billing
UP-02851,CUST-09211,"H.No._90,_Krishna_Marg,_Shahjahanpur_652455",Shahjahanpur,Uttar_Pradesh,652455.0,Shipping
CG-02852,CUST-08276,"73/27,_Ray_Path
Sambalpur_252683",Sambalpur,Odisha,252683.0,"Billing,_Shipping"
CG-02853,CUST-19840,"H.No._88,_Ghosh_Zila
Bhilai-927237",Bhilai,Chhattisgarh,927237.0,"Billing,_Shipping"
TN-02854,CUST-05861,"14,_Aurora_Road
Gandhinagar-964829",Gandhinagar,Gujarat,964829.0,Billing
UK-02855,CUST-08604,"71/92,_Kothari_Ganj
Shivpuri_963936",Shivpuri,Madhya_Pradesh,963936.0,Billing
WB-02856,CUST-18005,"H.No._613,_Joshi_Circle
Uluberia_310621",Uluberia,West_Bengal,310621.0,"Billing,_Shipping"
UP-02857,CUST-09377,"263,_Keer_Path,_Muzaffarpur_563551",Muzaffarpur,Bihar,563551.0,Billing
MH-02858,CUST-13760,"H.No._280
Sidhu_Marg
Yamunanagar_697349",Yamunanagar,Haryana,697349.0,"Billing,_Shipping"
AS-02859,CUST-12628,"675,_Chadha_Street,_Bongaigaon_346547",Bongaigaon,Assam,346547.0,"Billing,_Shipping"
MP-02860,CUST-15880,"H.No._054,_Barad_Marg
Gorakhpur_126602",Gorakhpur,Uttar_Pradesh,126602.0,"Billing,_Shipping"
AP-02861,CUST-19240,"H.No._02,_Balasubramanian_Chowk,_Bhimavaram_696197",Bhimavaram,Andhra_Pradesh,696197.0,Shipping
BR-02862,CUST-11885,"15/99
Dhawan_Chowk
Buxar_892784",Buxar,Bihar,892784.0,Shipping
UK-02863,CUST-14462,"68/69,_Baria_Circle,_Haridwar-947534",Haridwar,Uttarakhand,947534.0,"Billing,_Shipping"
MH-02864,CUST-11462,"35/783,_Toor_Path,_Guntur-386729",Guntur,Andhra_Pradesh,386729.0,Shipping
KA-02865,CUST-14011,"086
Dugar_Marg
Amaravati-053053",Amaravati,Andhra_Pradesh,53053.0,Shipping
MP-02866,CUST-08793,"89/261,_Sidhu_Path,_Gopalpur_183175",Gopalpur,Odisha,183175.0,Billing
MP-02867,CUST-17133,"982,_Wali
Jhansi_477079",Jhansi,Uttar_Pradesh,477079.0,Billing
UP-02868,CUST-11885,"483
Rama_Marg
Shahjahanpur_256820",Shahjahanpur,Uttar_Pradesh,256820.0,"Billing,_Shipping"
GJ-02869,CUST-12421,"90/080,_Chandra_Zila,_Allahabad-148584",Allahabad,Uttar_Pradesh,148584.0,Shipping
OR-02870,CUST-12060,"90/71,_Keer,_Mathura_344858",Mathura,Uttar_Pradesh,344858.0,Shipping
WB-02871,CUST-17023,"35/82
Goda_Zila
Uluberia_956876",Uluberia,West_Bengal,956876.0,Shipping
UP-02872,CUST-00416,"25/893
Madan_Path
Raipur_456768",Raipur,Chhattisgarh,456768.0,Billing
CG-02873,CUST-16167,"845
Majumdar_Circle
Malda-278544",Malda,West_Bengal,278544.0,Shipping
OR-02874,CUST-01816,"130,_Anand_Nagar,_Anantapur_000922",Anantapur,Andhra_Pradesh,922.0,Shipping
GJ-02875,CUST-07439,"03/63,_Sekhon_Chowk
Jabalpur_717409",Jabalpur,Madhya_Pradesh,717409.0,"Billing,_Shipping"
MH-02876,CUST-07780,"96
Chahal_Chowk
Jalgaon_084039",Jalgaon,Maharashtra,84039.0,"Billing,_Shipping"
OR-02877,CUST-09029,"428,_Saraf_Street
Bilaspur-462854",Bilaspur,Chhattisgarh,462854.0,Shipping
TN-02878,CUST-12703,"17/103,_Deshpande_Street
Vellore_314027",Vellore,Tamil_Nadu,314027.0,"Billing,_Shipping"
UP-02879,CUST-13660,"71/11,_Kale_Chowk,_Karimnagar_618179",Karimnagar,Telangana,618179.0,"Billing,_Shipping"
GJ-02880,CUST-05899,"40/893,_Upadhyay_Zila,_Jabalpur-788806",Jabalpur,Madhya_Pradesh,788806.0,Billing
KA-02881,CUST-17445,"785,_Venkataraman_Nagar
Tumkur-054137",Tumkur,Karnataka,54137.0,Shipping
AS-02882,CUST-03744,"95,_Chana_Street,_Siliguri-439883",Siliguri,West_Bengal,439883.0,"Billing,_Shipping"
TN-02883,CUST-02115,"32/315,_Grewal_Ganj
Tiruppur_687914",Tiruppur,Tamil_Nadu,687914.0,Shipping
CG-02884,CUST-12667,"429
Srinivasan_Ganj
Sambalpur-511415",Sambalpur,Odisha,511415.0,Billing
MP-02885,CUST-16295,"H.No._757
Saini_Nagar
Gorakhpur-427164",Gorakhpur,Uttar_Pradesh,427164.0,"Billing,_Shipping"
UP-02886,CUST-15175,"746,_Kadakia_Road
Ahmedabad-167508",Ahmedabad,Gujarat,167508.0,Shipping
UP-02887,CUST-12770,"H.No._255,_Roy_Street,_Muzaffarpur_546002",Muzaffarpur,Bihar,546002.0,Shipping
MH-02888,CUST-12635,"H.No._92,_Savant_Chowk
Malegaon-052177",Malegaon,Maharashtra,52177.0,Shipping
TS-02889,CUST-17622,"H.No._60,_Hans_Marg
Ramagundam-125869",Ramagundam,Telangana,125869.0,Shipping
UP-02890,CUST-15977,"H.No._47,_Shah
Mirzapur_348266",Mirzapur,Uttar_Pradesh,348266.0,Shipping
HR-02891,CUST-10577,"619,_Issac_Ganj,_Siwan_810601",Siwan,Bihar,810601.0,Shipping
BR-02892,CUST-06233,"H.No._63
Hari_Nagar
Ballia-019510",Ballia,Uttar_Pradesh,19510.0,Shipping
GJ-02893,CUST-09966,"H.No._708,_Loyal_Marg
Jabalpur-109075",Jabalpur,Madhya_Pradesh,109075.0,"Billing,_Shipping"
UK-02894,CUST-10022,"H.No._40,_Wable_Marg
Haridwar_539758",Haridwar,Uttarakhand,539758.0,"Billing,_Shipping"
AP-02895,CUST-15098,"52/535,_Walia_Path,_Srikakulam_871642",Srikakulam,Andhra_Pradesh,871642.0,Shipping
MH-02896,CUST-13779,"99,_Mannan_Circle,_Bhiwandi-653820",Bhiwandi,Maharashtra,653820.0,Shipping
HR-02897,CUST-12443,"H.No._261,_Sengupta_Ganj,_Siwan-956201",Siwan,Bihar,956201.0,Billing
CG-02898,CUST-12339,"37/918,_Kaur_Ganj
Nagpur-017030",Nagpur,Maharashtra,17030.0,Billing
TS-02899,CUST-18858,"253,_Mandal_Ganj,_Ramagundam_744641",Ramagundam,Telangana,744641.0,Shipping
MH-02900,CUST-17683,"H.No._60,_Apte_Zila,_Rampur-885615",Rampur,Uttar_Pradesh,885615.0,Shipping
AS-02901,CUST-09334,"084,_Wali_Street
Nagaon_929505",Nagaon,Assam,929505.0,Shipping
UP-02902,CUST-11058,"727,_Chadha_Path
Raiganj_116735",Raiganj,West_Bengal,116735.0,Shipping
WB-02903,CUST-19832,"H.No._951,_Sawhney
Bhatpara-848060",Bhatpara,West_Bengal,848060.0,"Billing,_Shipping"
WB-02904,CUST-11215,"48/54,_Taneja_Path
Kulti_289229",Kulti,West_Bengal,289229.0,"Billing,_Shipping"
RJ-02905,CUST-15663,"79
Sinha_Road
Dewas_955071",Dewas,Madhya_Pradesh,955071.0,Shipping
WB-02906,CUST-15748,"87/274,_Chaudhry_Street,_Bally_791214",Bally,West_Bengal,791214.0,"Billing,_Shipping"
AP-02907,CUST-18426,"35/25,_Seth_Ganj,_Anantapuram-849036",Anantapuram,Andhra_Pradesh,849036.0,Billing
CG-02908,CUST-18555,"46/56,_Kapur
Bhilai-515681",Bhilai,Chhattisgarh,515681.0,Shipping
WB-02910,CUST-04453,"H.No._132,_Johal
Bhatpara_730910",Bhatpara,West_Bengal,730910.0,Billing
TN-02911,CUST-15936,"19,_Chatterjee_Path,_Vellore_840587",Vellore,Tamil_Nadu,840587.0,Billing
MP-02912,CUST-10627,"H.No._102
Grover_Street
Kishanganj-672130",Kishanganj,Bihar,672130.0,Shipping
RJ-02913,CUST-02927,"30/34
Dada_Path
Akola_843602",Akola,Maharashtra,843602.0,"Billing,_Shipping"
MP-02914,CUST-17684,"H.No._734
Tella_Zila
Kishanganj-041968",Kishanganj,Bihar,41968.0,"Billing,_Shipping"
CG-02915,CUST-17497,"H.No._005,_Badami_Ganj,_Nagpur_764336",Nagpur,Maharashtra,764336.0,Billing
JH-02916,CUST-08849,"99/20
Tripathi_Circle
Mango_328247",Mango,Jharkhand,328247.0,Shipping
OR-02917,CUST-03771,"710
Ram_Circle
Haldia-782975",Haldia,West_Bengal,782975.0,"Billing,_Shipping"
WB-02918,CUST-16300,"H.No._80,_Trivedi_Nagar
Kulti_976137",Kulti,West_Bengal,976137.0,Billing
JH-02919,CUST-10707,"702
Tara_Marg
Asansol-775426",Asansol,West_Bengal,775426.0,"Billing,_Shipping"
MH-02920,CUST-01616,"88,_Sur_Marg
Satara-541547",Satara,Maharashtra,541547.0,Billing
MH-02921,CUST-12709,"H.No._410,_Sathe_Nagar,_Yamunanagar-341051",Yamunanagar,Haryana,341051.0,Shipping
MP-02922,CUST-00929,"70/174,_Gill_Circle,_Mau_380678",Mau,Uttar_Pradesh,380678.0,Billing
GJ-02923,CUST-19444,"72/94,_Sahni_Circle,_Jabalpur-261065",Jabalpur,Madhya_Pradesh,261065.0,Billing
GJ-02924,CUST-07423,"71/296
Sood
Kavali_341824",Kavali,Andhra_Pradesh,341824.0,"Billing,_Shipping"
MP-02925,CUST-15123,"35,_Wason_Zila,_Mau-000860",Mau,Uttar_Pradesh,860.0,Billing
UP-02926,CUST-04132,"984,_Shan_Circle
Jamalpur-914292",Jamalpur,Bihar,914292.0,Shipping
RJ-02927,CUST-12331,"64/803,_Dugar_Nagar
Dewas_355009",Dewas,Madhya_Pradesh,355009.0,Billing
UP-02928,CUST-14620,"H.No._921,_Badal_Marg
Jamalpur-281594",Jamalpur,Bihar,281594.0,"Billing,_Shipping"
UP-02929,CUST-05995,"74/13,_Sarma_Zila
Karimnagar-455882",Karimnagar,Telangana,455882.0,Billing
OR-02930,CUST-18624,"254,_Johal_Ganj
Mathura-179728",Mathura,Uttar_Pradesh,179728.0,"Billing,_Shipping"
UP-02931,CUST-17165,"H.No._007,_Saxena_Ganj
Bhagalpur_859229",Bhagalpur,Bihar,859229.0,Billing
OR-02932,CUST-02295,"60,_Sahni_Nagar
Chandrapur-801171",Chandrapur,Maharashtra,801171.0,"Billing,_Shipping"
WB-02933,CUST-18868,"153,_Dada_Path,_Arrah_887125",Arrah,Bihar,887125.0,Billing
UP-02934,CUST-17268,"H.No._791,_Tata_Nagar,_Shahjahanpur-753469",Shahjahanpur,Uttar_Pradesh,753469.0,"Billing,_Shipping"
MP-02935,CUST-16680,"21
Sani_Ganj
Khandwa_299573",Khandwa,Madhya_Pradesh,299573.0,"Billing,_Shipping"
MH-02937,CUST-05309,"56/89,_Bera_Zila,_Yamunanagar_036058",Yamunanagar,Haryana,36058.0,"Billing,_Shipping"
TS-02938,CUST-18810,"03,_Ravel_Ganj
Srinagar-785919",Srinagar,Jammu_and_Kashmir,785919.0,Billing
OR-02939,CUST-00562,"750,_Jain_Ganj,_Bharatpur-165662",Bharatpur,Rajasthan,165662.0,Shipping
UK-02940,CUST-00201,"209,_Boase_Ganj,_Jalna-959327",Jalna,Maharashtra,959327.0,Billing
HR-02941,CUST-15353,"52/638
Chakraborty_Street
Siwan_348362",Siwan,Bihar,348362.0,Shipping
JH-02942,CUST-13380,"H.No._370
Chakrabarti_Street
Asansol_863509",Asansol,West_Bengal,863509.0,"Billing,_Shipping"
GJ-02943,CUST-08376,"411,_Ghose_Path
Jabalpur-757325",Jabalpur,Madhya_Pradesh,757325.0,Shipping
UP-02944,CUST-04004,"49
Kar_Marg
Jamalpur_188642",Jamalpur,Bihar,188642.0,Shipping
TN-02945,CUST-08349,"01/936,_Chauhan_Road,_Tiruppur_988511",Tiruppur,Tamil_Nadu,988511.0,Shipping
KA-02946,CUST-19075,"H.No._008
Dhingra_Road
Amaravati_526470",Amaravati,Andhra_Pradesh,526470.0,Billing
GJ-02947,CUST-02898,"21
Iyengar_Zila
Ajmer-194555",Ajmer,Rajasthan,194555.0,Billing
WB-02948,CUST-13193,"32,_Uppal_Marg,_Arrah-250545",Arrah,Bihar,250545.0,Billing
AS-02949,CUST-14852,"H.No._888
Jha_Zila
Nagaon-278359",Nagaon,Assam,278359.0,Billing
HR-02950,CUST-12540,"H.No._304
Kale_Chowk
Siwan_721447",Siwan,Bihar,721447.0,"Billing,_Shipping"
MH-02951,CUST-04043,"70,_Gaba_Chowk,_Yamunanagar-249749",Yamunanagar,Haryana,249749.0,"Billing,_Shipping"
KA-02952,CUST-14320,"46
Andra_Road
Amaravati_684811",Amaravati,Andhra_Pradesh,684811.0,Billing
TN-02953,CUST-01018,"H.No._10
Kale_Marg
Tiruppur_810413",Tiruppur,Tamil_Nadu,810413.0,Billing
MP-02954,CUST-11513,"478
Balan_Road
Indore-360850",Indore,Madhya_Pradesh,360850.0,Billing
MP-02955,CUST-09603,"211,_Soni_Circle,_Kota-681098",Kota,Rajasthan,681098.0,"Billing,_Shipping"
UP-02956,CUST-05518,"89,_Konda_Ganj
Raipur_471691",Raipur,Chhattisgarh,471691.0,"Billing,_Shipping"
WB-02957,CUST-16319,"H.No._57
Grewal_Zila
Baranagar-402143",Baranagar,West_Bengal,402143.0,"Billing,_Shipping"
UP-02958,CUST-09577,"H.No._28
Ratta_Path
Burhanpur_738543",Burhanpur,Madhya_Pradesh,738543.0,Billing
KA-02959,CUST-17965,"34/649,_Gade_Road,_Hosur-705879",Hosur,Tamil_Nadu,705879.0,"Billing,_Shipping"
OR-02960,CUST-19344,"34
Dhawan_Chowk
Anantapur-157420",Anantapur,Andhra_Pradesh,157420.0,"Billing,_Shipping"
AP-02961,CUST-11013,"40/480,_Choudhry_Ganj,_Jammu-755269",Jammu,Jammu_and_Kashmir,755269.0,"Billing,_Shipping"
UP-02962,CUST-10805,"175,_Sundaram_Nagar,_Farrukhabad-810003",Farrukhabad,Uttar_Pradesh,810003.0,"Billing,_Shipping"
BR-02963,CUST-05779,"74,_Borra_Nagar
Jaipur-405658",Jaipur,Rajasthan,405658.0,Billing
TR-02964,CUST-19762,"H.No._884,_Tailor,_Durgapur_171191",Durgapur,West_Bengal,171191.0,Shipping
BR-02965,CUST-03996,"54
Banik_Marg
Ballia-693123",Ballia,Uttar_Pradesh,693123.0,"Billing,_Shipping"
TN-02966,CUST-11387,"H.No._91
Saxena_Zila
Tiruvottiyur_872071",Tiruvottiyur,Tamil_Nadu,872071.0,Billing
UP-02967,CUST-15745,"H.No._94,_Wason_Chowk,_Raipur_302653",Raipur,Chhattisgarh,302653.0,"Billing,_Shipping"
TN-02968,CUST-02320,"13/19,_Bahri_Zila
Tiruvottiyur_133094",Tiruvottiyur,Tamil_Nadu,133094.0,Billing
JH-02969,CUST-16428,"06/92
Bhatnagar_Nagar
Phusro-812990",Phusro,Jharkhand,812990.0,"Billing,_Shipping"
MP-02970,CUST-12462,"03,_Kakar,_Unnao_114212",Unnao,Uttar_Pradesh,114212.0,"Billing,_Shipping"
TN-02971,CUST-19688,"30/55,_Sastry_Marg,_Tiruvottiyur_629334",Tiruvottiyur,Tamil_Nadu,629334.0,Billing
TN-02972,CUST-10095,"41/20
Barad_Zila
Pallavaram_470040",Pallavaram,Tamil_Nadu,470040.0,Shipping
BR-02973,CUST-00508,"H.No._17
Sathe_Chowk
Munger-262962",Munger,Bihar,262962.0,Shipping
OR-02974,CUST-12445,"H.No._53,_Sathe_Road,_Patna_425962",Patna,Bihar,425962.0,Billing
MH-02975,CUST-07319,"67/650,_Andra_Circle
Jalgaon_877520",Jalgaon,Maharashtra,877520.0,Billing
UP-02976,CUST-01596,"513
Jhaveri_Marg
Jamalpur-613712",Jamalpur,Bihar,613712.0,"Billing,_Shipping"
HR-02977,CUST-11762,"H.No._756,_Balay_Chowk
Siwan-502599",Siwan,Bihar,502599.0,Shipping
TN-02978,CUST-12441,"13/44,_Mand_Chowk
Pallavaram_695922",Pallavaram,Tamil_Nadu,695922.0,Shipping
KA-02979,CUST-19291,"H.No._91
Arora_Road
Mangalore-743380",Mangalore,Karnataka,743380.0,"Billing,_Shipping"
OR-02980,CUST-11342,"94/632
Bhandari_Ganj
Anantapur_534480",Anantapur,Andhra_Pradesh,534480.0,Shipping
UP-02981,CUST-19712,"H.No._826
Raja_Ganj
Chapra-976311",Chapra,Bihar,976311.0,Shipping
UP-02982,CUST-16654,"H.No._736
Mahajan_Road
Burhanpur_963178",Burhanpur,Madhya_Pradesh,963178.0,Billing
UP-02983,CUST-05104,"86/73
Butala_Path
Karimnagar_156052",Karimnagar,Telangana,156052.0,Shipping
BR-02984,CUST-11650,"H.No._57
Upadhyay
Jaipur-238517",Jaipur,Rajasthan,238517.0,"Billing,_Shipping"
MP-02985,CUST-14531,"003
Sankaran_Path
Indore_163932",Indore,Madhya_Pradesh,163932.0,Billing
WB-02986,CUST-19577,"H.No._456
Dugar_Road
Madhyamgram-800809",Madhyamgram,West_Bengal,800809.0,Billing
TN-02987,CUST-10078,"H.No._79,_Kalita_Marg
Vellore-941087",Vellore,Tamil_Nadu,941087.0,"Billing,_Shipping"
TN-02988,CUST-15715,"702,_Jani_Street,_Gandhinagar_849073",Gandhinagar,Gujarat,849073.0,Billing
MP-02990,CUST-01655,"606
Rege
Jhansi_656590",Jhansi,Uttar_Pradesh,656590.0,"Billing,_Shipping"
OR-02991,CUST-06577,"H.No._382,_Salvi_Marg,_Bilaspur_747628",Bilaspur,Chhattisgarh,747628.0,Billing
GJ-02992,CUST-16092,"318
Gour_Marg
Vadodara_761693",Vadodara,Gujarat,761693.0,Billing
CG-02993,CUST-09612,"33
Dara_Road
Malda_161213",Malda,West_Bengal,161213.0,Billing
WB-02994,CUST-15326,"787,_Chandran_Marg
Panihati_359533",Panihati,West_Bengal,359533.0,Shipping
WB-02995,CUST-10251,"90/34,_Mangat_Road,_Bhatpara_316626",Bhatpara,West_Bengal,316626.0,Billing
TN-02996,CUST-11613,"02,_Mangal_Road
Pallavaram_856208",Pallavaram,Tamil_Nadu,856208.0,Shipping
CG-02997,CUST-11938,"505,_Krishnamurthy_Street,_Sagar_937230",Sagar,Madhya_Pradesh,937230.0,Shipping
UK-02998,CUST-14640,"00/71,_Mangal_Zila
Jalna_327070",Jalna,Maharashtra,327070.0,Billing
UP-02999,CUST-12221,"H.No._77,_Dhaliwal_Ganj,_Sambhal_657145",Sambhal,Uttar_Pradesh,657145.0,Shipping
CG-03000,CUST-11303,"65/73,_Jaggi_Street
Bhilai-909250",Bhilai,Chhattisgarh,909250.0,Shipping
BR-03001,CUST-06757,"H.No._01,_Tella_Zila,_Munger-471954",Munger,Bihar,471954.0,"Billing,_Shipping"
AS-03002,CUST-12415,"32
Sinha_Street
Siliguri-370543",Siliguri,West_Bengal,370543.0,Shipping
MH-03003,CUST-17718,"86/48,_Bora_Zila,_Nanded-883370",Nanded,Maharashtra,883370.0,Shipping
OR-03004,CUST-10174,"232,_Doctor_Chowk,_Patna_073560",Patna,Bihar,73560.0,Billing
WB-03005,CUST-17741,"H.No._48,_Bahl_Chowk
Baranagar-432740",Baranagar,West_Bengal,432740.0,Shipping
GJ-03006,CUST-18600,"H.No._27
Tailor
Ajmer-481988",Ajmer,Rajasthan,481988.0,Billing
HR-03007,CUST-12732,"57/25,_Rastogi_Road,_Aurangabad-909715",Aurangabad,Maharashtra,909715.0,"Billing,_Shipping"
MP-03008,CUST-13140,"611
Kumar_Nagar
Ramgarh-856752",Ramgarh,Jharkhand,856752.0,Shipping
TN-03009,CUST-18643,"47/617,_Subramanian_Road,_Pallavaram_052159",Pallavaram,Tamil_Nadu,52159.0,Billing
MH-03010,CUST-00174,"830,_Hegde_Street
Satara_079719",Satara,Maharashtra,79719.0,Billing
MP-03011,CUST-12959,"75/17,_Chaudry_Street
Jalandhar_994987",Jalandhar,Punjab,994987.0,"Billing,_Shipping"
KA-03012,CUST-09015,"47,_Sibal_Circle,_Tumkur_206274",Tumkur,Karnataka,206274.0,"Billing,_Shipping"
UP-03013,CUST-02405,"53/439,_Swamy_Chowk,_Ahmedabad_820937",Ahmedabad,Gujarat,820937.0,Shipping
HR-03014,CUST-04106,"83/546
Din_Street
Aurangabad_039810",Aurangabad,Maharashtra,39810.0,Shipping
UP-03015,CUST-13435,"72,_Das_Path
Jamalpur_822492",Jamalpur,Bihar,822492.0,Shipping
WB-03016,CUST-03202,"H.No._523
Deo_Nagar
Bidhannagar_612361",Bidhannagar,West_Bengal,612361.0,"Billing,_Shipping"
RJ-03017,CUST-06126,"74/884,_Bhatt_Path,_Rajkot-401920",Rajkot,Gujarat,401920.0,Billing
TN-03018,CUST-07964,"35/72
Deshpande_Zila
Tiruvottiyur_604140",Tiruvottiyur,Tamil_Nadu,604140.0,Shipping
UP-03019,CUST-18844,"37
Som_Path
Burhanpur-677498",Burhanpur,Madhya_Pradesh,677498.0,Shipping
GJ-03020,CUST-19150,"62
Choudhary_Nagar
Allahabad-582140",Allahabad,Uttar_Pradesh,582140.0,Billing
UP-03021,CUST-09021,"16,_Vyas_Zila,_Jamalpur-958524",Jamalpur,Bihar,958524.0,Shipping
UP-03022,CUST-18742,"36/28,_Kari_Zila
Chapra-237858",Chapra,Bihar,237858.0,Billing
AP-03023,CUST-04054,"H.No._984
Desai_Path
Bhimavaram_277231",Bhimavaram,Andhra_Pradesh,277231.0,Billing
TN-03024,CUST-18315,"93/467,_Sanghvi_Chowk
Gandhinagar-377752",Gandhinagar,Gujarat,377752.0,"Billing,_Shipping"
GJ-03025,CUST-04438,"762,_Solanki_Nagar,_Allahabad_941488",Allahabad,Uttar_Pradesh,941488.0,Billing
OR-03026,CUST-16153,"56/60,_Mandal_Nagar
Chandrapur_915885",Chandrapur,Maharashtra,915885.0,Shipping
HR-03027,CUST-11529,"97/19,_Dyal_Circle
Aurangabad_322340",Aurangabad,Maharashtra,322340.0,Shipping
CG-03028,CUST-16783,"16
Barman_Road
Sambalpur-139822",Sambalpur,Odisha,139822.0,"Billing,_Shipping"
CG-03029,CUST-04565,"56,_Samra_Chowk,_Malda_260945",Malda,West_Bengal,260945.0,Billing
OR-03030,CUST-11738,"16,_Ganesh_Chowk,_Bharatpur-948647",Bharatpur,Rajasthan,948647.0,"Billing,_Shipping"
AP-03031,CUST-10140,"79,_Aurora_Zila,_Srikakulam_021641",Srikakulam,Andhra_Pradesh,21641.0,Shipping
CG-03032,CUST-14204,"647
Gopal_Zila
Sambalpur_063050",Sambalpur,Odisha,63050.0,Shipping
OR-03033,CUST-18612,"69/96,_Gopal_Path,_Bilaspur_650000",Bilaspur,Chhattisgarh,650000.0,Shipping
DL-03034,CUST-18025,"74/711
Singhal_Chowk
Delhi-785192",Delhi,Delhi_(Union_Territory),785192.0,"Billing,_Shipping"
TR-03035,CUST-08214,"74,_Vyas_Ganj
Chandigarh-492376",Chandigarh,Chandigarh_(Union_Territory),492376.0,Billing
TN-03036,CUST-08734,"16/82,_Shroff_Path,_Salem_687447",Salem,Tamil_Nadu,687447.0,Billing
UP-03037,CUST-19009,"31/792,_Soman,_Burhanpur_265889",Burhanpur,Madhya_Pradesh,265889.0,Shipping
BR-03038,CUST-19211,"H.No._314,_Kakar_Marg,_Ballia-156765",Ballia,Uttar_Pradesh,156765.0,"Billing,_Shipping"
OR-03039,CUST-08586,"79/423,_Devi_Ganj,_Mathura-962185",Mathura,Uttar_Pradesh,962185.0,"Billing,_Shipping"
TN-03040,CUST-14800,"72/404,_Datta_Road,_Avadi-993147",Avadi,Tamil_Nadu,993147.0,Billing
MP-03041,CUST-10157,"69,_Hans
Jalandhar_805937",Jalandhar,Punjab,805937.0,Shipping
HR-03042,CUST-12613,"79
Guha_Zila
Aurangabad-825446",Aurangabad,Maharashtra,825446.0,Billing
BR-03043,CUST-19700,"102
Kalla
Satna_275306",Satna,Madhya_Pradesh,275306.0,Billing
CG-03044,CUST-09172,"46/20,_Bora_Road
Malda-947331",Malda,West_Bengal,947331.0,"Billing,_Shipping"
MP-03045,CUST-11987,"16,_Batra_Nagar
Khandwa_336569",Khandwa,Madhya_Pradesh,336569.0,Billing
MP-03046,CUST-13158,"20/119
Tella_Nagar
Gorakhpur-359449",Gorakhpur,Uttar_Pradesh,359449.0,Billing
TN-03047,CUST-19473,"04/160,_Sood_Nagar
Avadi_586281",Avadi,Tamil_Nadu,586281.0,Shipping
MP-03048,CUST-13596,"48,_Randhawa_Street,_Unnao-281458",Unnao,Uttar_Pradesh,281458.0,"Billing,_Shipping"
MP-03049,CUST-00076,"51/08,_Hayre_Nagar,_Gorakhpur-921224",Gorakhpur,Uttar_Pradesh,921224.0,"Billing,_Shipping"
TS-03050,CUST-18775,"36/442,_Ganguly_Marg,_Nizamabad_643448",Nizamabad,Telangana,643448.0,Shipping
BR-03051,CUST-17544,"85/91
Sridhar_Path
Jaipur_349320",Jaipur,Rajasthan,349320.0,"Billing,_Shipping"
UP-03052,CUST-08118,"H.No._875,_Viswanathan_Marg
Raipur-104380",Raipur,Chhattisgarh,104380.0,Billing
UP-03053,CUST-14086,"63/88
Iyer_Ganj
Muzaffarpur-452618",Muzaffarpur,Bihar,452618.0,Billing
TN-03054,CUST-15522,"H.No._18
Jaggi_Road
Vellore-811352",Vellore,Tamil_Nadu,811352.0,"Billing,_Shipping"
MP-03055,CUST-02086,"88/480,_Golla_Circle
Jhansi-636103",Jhansi,Uttar_Pradesh,636103.0,"Billing,_Shipping"
OR-03056,CUST-12931,"31/77
Krish_Street
Berhampur_250832",Berhampur,Odisha,250832.0,Shipping
AP-03057,CUST-17170,"H.No._815,_Grewal_Path,_Jammu-454962",Jammu,Jammu_and_Kashmir,454962.0,Billing
BR-03058,CUST-13294,"46/58
Kata_Street
Buxar-130494",Buxar,Bihar,130494.0,Shipping
GJ-03059,CUST-17362,"63/885,_Tank_Street,_Gandhidham_937183",Gandhidham,Gujarat,937183.0,Billing
MP-03060,CUST-15779,"H.No._06
Chaudhuri
Kishanganj_675401",Kishanganj,Bihar,675401.0,"Billing,_Shipping"
MH-03061,CUST-18748,"H.No._505,_Tiwari_Nagar
Nanded-588297",Nanded,Maharashtra,588297.0,"Billing,_Shipping"
TN-03062,CUST-04833,"H.No._260
Gupta_Street
Pali_101055",Pali,Rajasthan,101055.0,"Billing,_Shipping"
UP-03063,CUST-06448,"992,_Bhatti_Road
Burhanpur-578026",Burhanpur,Madhya_Pradesh,578026.0,Shipping
OR-03064,CUST-03699,"88/132,_Vig_Zila,_Chandrapur_781834",Chandrapur,Maharashtra,781834.0,Shipping
UP-03065,CUST-15149,"153,_Krish_Path,_Karimnagar-655884",Karimnagar,Telangana,655884.0,Shipping
TN-03066,CUST-01187,"664,_Venkataraman_Zila,_Tiruvottiyur-845750",Tiruvottiyur,Tamil_Nadu,845750.0,"Billing,_Shipping"
AP-03067,CUST-04896,"77,_Dalal_Marg
Gudivada_433204",Gudivada,Andhra_Pradesh,433204.0,Shipping
GJ-03068,CUST-11411,"H.No._695,_Dasgupta_Street
Allahabad_429902",Allahabad,Uttar_Pradesh,429902.0,Billing
AS-03069,CUST-03271,"378,_Sachdev_Zila
Siliguri-731116",Siliguri,West_Bengal,731116.0,"Billing,_Shipping"
AP-03070,CUST-10039,"57,_Ravi_Zila,_Jammu-335004",Jammu,Jammu_and_Kashmir,335004.0,Shipping
AP-03071,CUST-02059,"30
Sibal_Nagar
Anantapuram-725416",Anantapuram,Andhra_Pradesh,725416.0,Billing
WB-03072,CUST-12743,"H.No._13
Badal
Uluberia_400214",Uluberia,West_Bengal,400214.0,Billing
HR-03073,CUST-13374,"H.No._77
Sinha_Marg
Aurangabad_091445",Aurangabad,Maharashtra,91445.0,Billing
TN-03074,CUST-00170,"37
Konda_Chowk
Tiruvottiyur_135535",Tiruvottiyur,Tamil_Nadu,135535.0,"Billing,_Shipping"
MH-03075,CUST-07243,"H.No._57
Babu_Zila
Bhiwandi-843272",Bhiwandi,Maharashtra,843272.0,"Billing,_Shipping"
TN-03076,CUST-12055,"H.No._75,_Dara_Nagar
Pallavaram_558150",Pallavaram,Tamil_Nadu,558150.0,"Billing,_Shipping"
MP-03077,CUST-02339,"54/508
Sehgal_Nagar
Dehri_237936",Dehri,Bihar,237936.0,"Billing,_Shipping"
OR-03078,CUST-07578,"74
Shah_Nagar
Bilaspur-105602",Bilaspur,Chhattisgarh,105602.0,Shipping
WB-03079,CUST-13763,"25/46,_Shukla_Road
Panihati-738930",Panihati,West_Bengal,738930.0,Billing
WB-03080,CUST-11851,"60/00
Thakkar_Street
Bally_240796",Bally,West_Bengal,240796.0,Billing
OR-03081,CUST-14864,"H.No._30,_Gopal_Marg,_Patna_771393",Patna,Bihar,771393.0,Shipping
BR-03082,CUST-18565,"23
Manda_Nagar
Satna-378825",Satna,Madhya_Pradesh,378825.0,"Billing,_Shipping"
WB-03083,CUST-00135,"29/56
Cheema
Panihati_639386",Panihati,West_Bengal,639386.0,Billing
MP-03084,CUST-01069,"H.No._83
Goda_Path
Kota_902359",Kota,Rajasthan,902359.0,Shipping
KA-03085,CUST-10634,"64
Handa_Chowk
Mangalore_644886",Mangalore,Karnataka,644886.0,Billing
MP-03086,CUST-17479,"08,_Jaggi_Chowk
Unnao-923239",Unnao,Uttar_Pradesh,923239.0,"Billing,_Shipping"
JH-03087,CUST-12500,"07/51,_Shah,_Kharagpur_526474",Kharagpur,West_Bengal,526474.0,Shipping
MH-03088,CUST-06527,"73,_Andra_Street,_Guntur_059394",Guntur,Andhra_Pradesh,59394.0,Billing
MH-03089,CUST-10637,"H.No._09,_Kothari_Street
Nanded-102240",Nanded,Maharashtra,102240.0,Billing
MP-03090,CUST-14925,"94/80,_Kala_Chowk,_Indore-068116",Indore,Madhya_Pradesh,68116.0,"Billing,_Shipping"
UK-03091,CUST-12900,"62/39,_Venkatesh_Marg,_Haridwar-890067",Haridwar,Uttarakhand,890067.0,"Billing,_Shipping"
UP-03092,CUST-17126,"82/033,_Goda_Zila,_Chapra_760990",Chapra,Bihar,760990.0,Billing
TS-03093,CUST-18962,"74/47,_Sodhi_Zila,_Dindigul_164200",Dindigul,Tamil_Nadu,164200.0,"Billing,_Shipping"
HR-03094,CUST-08922,"53,_Uppal_Street,_Bikaner-306672",Bikaner,Rajasthan,306672.0,"Billing,_Shipping"
UP-03095,CUST-13992,"08,_Sane_Nagar
Raiganj-744549",Raiganj,West_Bengal,744549.0,Shipping
TN-03096,CUST-04951,"73
Ratti
Vellore-142075",Vellore,Tamil_Nadu,142075.0,"Billing,_Shipping"
UP-03097,CUST-16003,"19/601,_Mann,_Muzaffarpur_274385",Muzaffarpur,Bihar,274385.0,Shipping
WB-03098,CUST-01050,"68/34,_Divan_Path,_Arrah_787328",Arrah,Bihar,787328.0,Billing
KA-03099,CUST-02695,"H.No._776,_Sinha_Path
Hospet-039993",Hospet,Karnataka,39993.0,"Billing,_Shipping"
TS-03100,CUST-14226,"033,_Chada_Street,_Hindupur-934619",Hindupur,Andhra_Pradesh,934619.0,Shipping
MH-03101,CUST-16285,"H.No._557,_Lata_Path,_Karnal-465120",Karnal,Haryana,465120.0,"Billing,_Shipping"
KA-03102,CUST-04023,"31,_Gokhale_Nagar,_Mangalore-399552",Mangalore,Karnataka,399552.0,"Billing,_Shipping"
MP-03103,CUST-13507,"48/390,_Rama_Zila,_Jhansi-295652",Jhansi,Uttar_Pradesh,295652.0,"Billing,_Shipping"
HR-03104,CUST-11597,"33,_Garde_Road
Bikaner_980218",Bikaner,Rajasthan,980218.0,"Billing,_Shipping"
KA-03105,CUST-12210,"74/387
Halder_Road
Amaravati-117930",Amaravati,Andhra_Pradesh,117930.0,Shipping
TN-03106,CUST-02654,"H.No._734
Singhal_Road
Tiruppur_042014",Tiruppur,Tamil_Nadu,42014.0,Shipping
UP-03107,CUST-18150,"H.No._199
Sharaf
Mirzapur_083126",Mirzapur,Uttar_Pradesh,83126.0,"Billing,_Shipping"
OR-03108,CUST-14559,"H.No._97,_Gara_Path,_Berhampur-510342",Berhampur,Odisha,510342.0,"Billing,_Shipping"
WB-03109,CUST-08019,"H.No._236,_Solanki_Nagar,_Arrah_714179",Arrah,Bihar,714179.0,"Billing,_Shipping"
OR-03110,CUST-15360,"14/72,_Mammen_Zila
Berhampur_404659",Berhampur,Odisha,404659.0,Shipping
TS-03111,CUST-10601,"88,_Rau_Path
Ambala-865021",Ambala,Haryana,865021.0,Billing
UP-03112,CUST-16590,"92/303,_Raman_Circle
Mirzapur_235121",Mirzapur,Uttar_Pradesh,235121.0,Billing
UP-03113,CUST-15702,"877,_Char_Nagar,_Raiganj_439522",Raiganj,West_Bengal,439522.0,"Billing,_Shipping"
UP-03114,CUST-02559,"H.No._284,_Dua_Circle
Burhanpur-886261",Burhanpur,Madhya_Pradesh,886261.0,Shipping
CG-03115,CUST-14920,"49/01,_Barman_Path
Sambalpur-159514",Sambalpur,Odisha,159514.0,"Billing,_Shipping"
KA-03116,CUST-16595,"H.No._879,_Kakar_Street
Amaravati-072426",Amaravati,Andhra_Pradesh,72426.0,"Billing,_Shipping"
BR-03117,CUST-17501,"H.No._471,_Bala_Circle,_Purnia-331822",Purnia,Bihar,331822.0,"Billing,_Shipping"
OR-03118,CUST-07886,"52/42,_Ahluwalia_Road
Anantapur-156736",Anantapur,Andhra_Pradesh,156736.0,Billing
WB-03119,CUST-14825,"H.No._960
Sidhu
Arrah_051740",Arrah,Bihar,51740.0,Billing
TS-03120,CUST-15109,"19/415,_Loke_Ganj
Dindigul_430542",Dindigul,Tamil_Nadu,430542.0,Billing
UP-03121,CUST-04634,"63/57,_Bhardwaj_Marg,_Farrukhabad_541000",Farrukhabad,Uttar_Pradesh,541000.0,Shipping
TS-03122,CUST-17018,"H.No._25,_Ramanathan_Marg
Proddatur_434546",Proddatur,Andhra_Pradesh,434546.0,Billing
TN-03123,CUST-09155,"79/757
Bansal_Marg
Pallavaram_198562",Pallavaram,Tamil_Nadu,198562.0,"Billing,_Shipping"
WB-03124,CUST-15230,"75
Subramaniam_Path
Arrah-376869",Arrah,Bihar,376869.0,Billing
BR-03125,CUST-05660,"H.No._753,_Tailor,_Munger_841801",Munger,Bihar,841801.0,"Billing,_Shipping"
TN-03126,CUST-12288,"05/640,_Dugar_Nagar
Salem-625318",Salem,Tamil_Nadu,625318.0,Shipping
UP-03127,CUST-10660,"H.No._291,_Toor_Road,_Farrukhabad_392276",Farrukhabad,Uttar_Pradesh,392276.0,Billing
HR-03128,CUST-12591,"H.No._497,_Srivastava,_Aurangabad_293679",Aurangabad,Maharashtra,293679.0,Billing
UP-03129,CUST-00168,"65/317
Sami_Circle
Ahmedabad-924328",Ahmedabad,Gujarat,924328.0,Shipping
OR-03130,CUST-12969,"H.No._81,_Kari_Path,_Kanpur-456669",Kanpur,Uttar_Pradesh,456669.0,"Billing,_Shipping"
TR-03131,CUST-11170,"57/90
Cheema
Chandigarh_985980",Chandigarh,Chandigarh_(Union_Territory),985980.0,"Billing,_Shipping"
UP-03132,CUST-03932,"57/08
Dixit_Nagar
Muzaffarpur-810756",Muzaffarpur,Bihar,810756.0,"Billing,_Shipping"
MP-03133,CUST-18763,"69,_Sachar_Chowk
Indore-526081",Indore,Madhya_Pradesh,526081.0,"Billing,_Shipping"
MP-03134,CUST-07046,"04/33
Bhargava
Jhansi_294017",Jhansi,Uttar_Pradesh,294017.0,"Billing,_Shipping"
OR-03135,CUST-13240,"42/81,_Khalsa_Nagar
Kanpur-709914",Kanpur,Uttar_Pradesh,709914.0,Billing
MP-03136,CUST-12646,"97,_Bhardwaj_Ganj,_Jodhpur-908408",Jodhpur,Rajasthan,908408.0,Billing
OR-03137,CUST-13372,"H.No._112
Toor
Bijapur-166984",Bijapur,Karnataka,166984.0,Billing
MH-03138,CUST-03082,"699
Sunder_Zila
Bhiwandi-397729",Bhiwandi,Maharashtra,397729.0,Shipping
AS-03139,CUST-03945,"757
Varty_Path
Nagaon-055257",Nagaon,Assam,55257.0,"Billing,_Shipping"
OR-03140,CUST-19294,"807,_Chanda_Ganj
Haldia-200272",Haldia,West_Bengal,200272.0,Shipping
AS-03141,CUST-19437,"52/178
Gaba
Siliguri_266613",Siliguri,West_Bengal,266613.0,"Billing,_Shipping"
AP-03142,CUST-07824,"H.No._743,_Rege_Circle,_Dharmavaram-471818",Dharmavaram,Andhra_Pradesh,471818.0,"Billing,_Shipping"
UP-03143,CUST-17166,"399,_Dani_Ganj
Firozabad-795898",Firozabad,Uttar_Pradesh,795898.0,Shipping
TS-03144,CUST-19555,"416,_Dugar_Ganj
Srinagar-965273",Srinagar,Jammu_and_Kashmir,965273.0,"Billing,_Shipping"
MH-03145,CUST-03754,"276,_Gera_Zila
Malegaon-469109",Malegaon,Maharashtra,469109.0,Billing
MH-03146,CUST-17236,"702,_Dar,_Yamunanagar_973045",Yamunanagar,Haryana,973045.0,Shipping
BR-03147,CUST-16194,"73/333,_Varkey_Road
Jaipur-883162",Jaipur,Rajasthan,883162.0,Shipping
MP-03149,CUST-16561,"743,_Gopal_Zila
Ramgarh_522413",Ramgarh,Jharkhand,522413.0,"Billing,_Shipping"
HP-03150,CUST-14536,"63/69
Khalsa_Zila
Udaipur-153696",Udaipur,Rajasthan,153696.0,"Billing,_Shipping"
TN-03151,CUST-17708,"H.No._927
Baria_Road
Tiruvottiyur_589961",Tiruvottiyur,Tamil_Nadu,589961.0,Billing
OR-03152,CUST-12272,"63,_Mangat_Zila,_Mathura_487891",Mathura,Uttar_Pradesh,487891.0,Shipping
MP-03153,CUST-05967,"95,_Garg_Zila
Jodhpur_240569",Jodhpur,Rajasthan,240569.0,Shipping
MP-03154,CUST-02705,"H.No._82,_Kurian_Road,_Kota-039294",Kota,Rajasthan,39294.0,Shipping
TN-03155,CUST-15143,"H.No._05,_Kohli_Road,_Salem-954289",Salem,Tamil_Nadu,954289.0,Shipping
MP-03156,CUST-01544,"H.No._767
Cheema_Nagar
Indore_998938",Indore,Madhya_Pradesh,998938.0,Shipping
MP-03157,CUST-13319,"64,_Zachariah_Path
Gorakhpur-844182",Gorakhpur,Uttar_Pradesh,844182.0,Shipping
TN-03158,CUST-14021,"48
Batra_Chowk
Pallavaram_306362",Pallavaram,Tamil_Nadu,306362.0,"Billing,_Shipping"
WB-03159,CUST-12528,"60/29,_Sani_Ganj,_Kamarhati-776521",Kamarhati,West_Bengal,776521.0,"Billing,_Shipping"
BR-03160,CUST-12082,"69/06,_Chandra
Buxar-544283",Buxar,Bihar,544283.0,"Billing,_Shipping"
MH-03161,CUST-02895,"41/237,_Varghese_Ganj,_Rampur_340284",Rampur,Uttar_Pradesh,340284.0,"Billing,_Shipping"
OR-03162,CUST-02771,"92/49,_Wable_Zila,_Bilaspur-938541",Bilaspur,Chhattisgarh,938541.0,Shipping
OR-03163,CUST-18300,"018,_Khurana_Circle,_Bijapur-882662",Bijapur,Karnataka,882662.0,Billing
UP-03164,CUST-15025,"12,_Kara_Path,_Jamalpur-583394",Jamalpur,Bihar,583394.0,"Billing,_Shipping"
AS-03165,CUST-17412,"848
Raja_Marg
Bongaigaon_701263",Bongaigaon,Assam,701263.0,"Billing,_Shipping"
JH-03166,CUST-10407,"H.No._712,_Sankaran_Circle
Asansol_445974",Asansol,West_Bengal,445974.0,"Billing,_Shipping"
UP-03167,CUST-16513,"156
Shan_Road
Mirzapur_858387",Mirzapur,Uttar_Pradesh,858387.0,Shipping
BR-03168,CUST-02011,"H.No._52,_Borra_Road,_Buxar-440389",Buxar,Bihar,440389.0,Billing
WB-03169,CUST-19211,"08/563
Varughese_Path
Bidhannagar-412767",Bidhannagar,West_Bengal,412767.0,Billing
OR-03170,CUST-15777,"H.No._94,_Contractor_Street,_Berhampur-199869",Berhampur,Odisha,199869.0,Shipping
KA-03171,CUST-09383,"652,_Dutt_Circle
Hospet_963147",Hospet,Karnataka,963147.0,"Billing,_Shipping"
WB-03172,CUST-13457,"60/20,_Bhakta_Zila
Baranagar-939067",Baranagar,West_Bengal,939067.0,Billing
UK-03173,CUST-06721,"29/449,_Bhardwaj_Ganj
Haridwar_931116",Haridwar,Uttarakhand,931116.0,Billing
HP-03174,CUST-13238,"34/821
Sarraf_Marg
Udaipur_458502",Udaipur,Rajasthan,458502.0,Shipping
TN-03175,CUST-07474,"11/39,_Yogi_Nagar,_Tiruvottiyur_560356",Tiruvottiyur,Tamil_Nadu,560356.0,Billing
BR-03176,CUST-03849,"48,_Upadhyay_Marg
Purnia-518180",Purnia,Bihar,518180.0,"Billing,_Shipping"
MH-03177,CUST-18274,"61/933,_Hayer_Nagar,_Malegaon-019957",Malegaon,Maharashtra,19957.0,"Billing,_Shipping"
AS-03179,CUST-16062,"93/35,_Sami_Zila,_Siliguri_469201",Siliguri,West_Bengal,469201.0,"Billing,_Shipping"
MP-03180,CUST-01708,"41/275,_Solanki_Path,_Kishanganj-399413",Kishanganj,Bihar,399413.0,Shipping
UK-03181,CUST-13984,"83/136,_Bhatti,_Shivpuri-241338",Shivpuri,Madhya_Pradesh,241338.0,"Billing,_Shipping"
WB-03182,CUST-13057,"92/059,_Sur_Circle
Arrah-520014",Arrah,Bihar,520014.0,Billing
DL-03183,CUST-13877,"90,_Saxena_Zila,_Delhi_820370",Delhi,Delhi_(Union_Territory),820370.0,"Billing,_Shipping"
UP-03184,CUST-05869,"96/78
Bora_Path
Raipur_417669",Raipur,Chhattisgarh,417669.0,Billing
AS-03185,CUST-16771,"984,_Gade
Nagaon_339064",Nagaon,Assam,339064.0,Billing
GJ-03186,CUST-12294,"904
Ray_Circle
Vadodara_019550",Vadodara,Gujarat,19550.0,Shipping
BR-03187,CUST-09381,"325
Chacko_Street
Munger-447902",Munger,Bihar,447902.0,Shipping
MH-03188,CUST-12431,"63/662,_Sachdev_Marg
Guntur_986970",Guntur,Andhra_Pradesh,986970.0,"Billing,_Shipping"
RJ-03189,CUST-03588,"85/755,_Char_Circle,_Fatehpur_971425",Fatehpur,Uttar_Pradesh,971425.0,"Billing,_Shipping"
UP-03190,CUST-13910,"H.No._431,_Mangal_Nagar
Sambhal_513867",Sambhal,Uttar_Pradesh,513867.0,Billing
HR-03191,CUST-13745,"21,_Hora_Path
Aurangabad-336768",Aurangabad,Maharashtra,336768.0,Shipping
MH-03192,CUST-10783,"H.No._746,_Borah_Chowk,_Rampur_835759",Rampur,Uttar_Pradesh,835759.0,Shipping
OR-03193,CUST-11761,"H.No._54,_Walia_Path,_Danapur_655758",Danapur,Bihar,655758.0,Billing
WB-03194,CUST-15680,"27/66
Iyer_Nagar
Naihati_313531",Naihati,West_Bengal,313531.0,Shipping
UK-03195,CUST-14945,"15/304,_Kamdar_Circle
Haridwar_306496",Haridwar,Uttarakhand,306496.0,Billing
GJ-03196,CUST-00785,"52,_Dhawan_Road,_Allahabad-066863",Allahabad,Uttar_Pradesh,66863.0,Shipping
AP-03197,CUST-11146,"68/907
Rajagopal_Street
Jammu-991913",Jammu,Jammu_and_Kashmir,991913.0,Billing
WB-03198,CUST-19266,"63/82,_Jhaveri_Marg
Bhatpara_237004",Bhatpara,West_Bengal,237004.0,Shipping
TN-03199,CUST-06942,"H.No._954
Bhatt_Road
Pallavaram_626727",Pallavaram,Tamil_Nadu,626727.0,"Billing,_Shipping"
CG-03200,CUST-16714,"04,_Rege_Nagar,_Bhilai_332636",Bhilai,Chhattisgarh,332636.0,Shipping
TN-03201,CUST-18316,"78,_Setty_Ganj
Vellore-947277",Vellore,Tamil_Nadu,947277.0,"Billing,_Shipping"
KA-03202,CUST-14306,"00/89,_Mahal,_Solapur-767652",Solapur,Maharashtra,767652.0,Shipping
UP-03203,CUST-16789,"H.No._916
Mahajan_Road
Raipur_281758",Raipur,Chhattisgarh,281758.0,Billing
UP-03204,CUST-12260,"55,_Chada_Chowk,_Farrukhabad-969379",Farrukhabad,Uttar_Pradesh,969379.0,Billing
UK-03205,CUST-08751,"06/04,_Golla_Circle
Jalna_981365",Jalna,Maharashtra,981365.0,Billing
MP-03206,CUST-18591,"H.No._94,_Raman_Street,_Ramgarh-029646",Ramgarh,Jharkhand,29646.0,"Billing,_Shipping"
UP-03207,CUST-06459,"H.No._501,_Shenoy_Nagar,_Raipur_916963",Raipur,Chhattisgarh,916963.0,"Billing,_Shipping"
MP-03208,CUST-19956,"H.No._91,_Sagar_Road
Kishanganj_708781",Kishanganj,Bihar,708781.0,Billing
WB-03209,CUST-12154,"158,_Ramanathan_Circle,_Uluberia_140928",Uluberia,West_Bengal,140928.0,Billing
TS-03210,CUST-19455,"H.No._211,_Borah_Nagar
Ramagundam_630885",Ramagundam,Telangana,630885.0,"Billing,_Shipping"
TR-03211,CUST-18731,"909,_Dhingra_Circle
Chandigarh-913760",Chandigarh,Chandigarh_(Union_Territory),913760.0,"Billing,_Shipping"
UP-03212,CUST-10378,"H.No._882,_Shah_Ganj,_Karimnagar_829675",Karimnagar,Telangana,829675.0,"Billing,_Shipping"
MP-03213,CUST-18618,"H.No._049,_Mahajan_Street,_Jodhpur_485965",Jodhpur,Rajasthan,485965.0,"Billing,_Shipping"
KL-03214,CUST-11825,"29
Chauhan_Zila
Kollam_277338",Kollam,Kerala,277338.0,"Billing,_Shipping"
WB-03215,CUST-16005,"H.No._086
Savant_Zila
Madhyamgram_336180",Madhyamgram,West_Bengal,336180.0,Billing
CG-03216,CUST-06588,"810,_Bir_Road,_Nagpur_962888",Nagpur,Maharashtra,962888.0,Billing
AS-03217,CUST-10027,"199,_Thaman_Street,_Bongaigaon_462194",Bongaigaon,Assam,462194.0,Billing
UP-03218,CUST-11591,"64,_Bhatnagar_Street,_Farrukhabad_398957",Farrukhabad,Uttar_Pradesh,398957.0,"Billing,_Shipping"
UK-03219,CUST-08445,"35/284
Sheth_Chowk
Haridwar-612771",Haridwar,Uttarakhand,612771.0,"Billing,_Shipping"
OR-03220,CUST-06142,"H.No._944,_Kala_Street
Mathura-219105",Mathura,Uttar_Pradesh,219105.0,Shipping
TS-03221,CUST-15367,"H.No._65
Sankaran_Zila
Ramagundam-651405",Ramagundam,Telangana,651405.0,"Billing,_Shipping"
WB-03222,CUST-12231,"H.No._48,_Virk_Chowk
Bally-896980",Bally,West_Bengal,896980.0,"Billing,_Shipping"
MP-03223,CUST-12799,"H.No._208,_Dugar_Zila
Mau_120932",Mau,Uttar_Pradesh,120932.0,"Billing,_Shipping"
HR-03224,CUST-11589,"H.No._848
Grover_Ganj
Siwan-980235",Siwan,Bihar,980235.0,Billing
UP-03225,CUST-12429,"82/224,_Krishna_Chowk
Shahjahanpur-760538",Shahjahanpur,Uttar_Pradesh,760538.0,Shipping
MP-03226,CUST-03034,"03/663
Bose_Road
Gopalpur_418746",Gopalpur,Odisha,418746.0,Shipping
TS-03227,CUST-15131,"04
Bajwa_Zila
Dindigul-754956",Dindigul,Tamil_Nadu,754956.0,Shipping
GJ-03228,CUST-11833,"933,_Tella_Marg,_Allahabad-029902",Allahabad,Uttar_Pradesh,29902.0,"Billing,_Shipping"
WB-03229,CUST-00947,"H.No._38,_Soman_Circle,_Kulti_712611",Kulti,West_Bengal,712611.0,"Billing,_Shipping"
WB-03230,CUST-13702,"H.No._65,_Shanker_Circle
Aligarh_747480",Aligarh,Uttar_Pradesh,747480.0,Billing
UK-03231,CUST-13796,"41,_Bandi_Street,_Jalna-578073",Jalna,Maharashtra,578073.0,"Billing,_Shipping"
TN-03232,CUST-09747,"12/63
Chand_Road
Vellore_232334",Vellore,Tamil_Nadu,232334.0,Billing
MH-03233,CUST-04116,"H.No._567,_Kata_Nagar,_Loni-387619",Loni,Uttar_Pradesh,387619.0,Billing
JH-03234,CUST-13658,"97/41
Lata_Chowk
Mango_549338",Mango,Jharkhand,549338.0,Billing
MP-03235,CUST-16455,"26/52
Sodhi_Path
Ramgarh-667729",Ramgarh,Jharkhand,667729.0,Billing
GJ-03236,CUST-17906,"637,_Zacharia_Road
Jabalpur-063261",Jabalpur,Madhya_Pradesh,63261.0,Billing
TS-03237,CUST-06419,"361,_Srivastava_Street,_Ambala-585137",Ambala,Haryana,585137.0,Shipping
MP-03238,CUST-12516,"61/747,_Sama_Path
Unnao-469127",Unnao,Uttar_Pradesh,469127.0,Billing
MP-03239,CUST-18435,"95/68,_Khatri_Street,_Mau_779819",Mau,Uttar_Pradesh,779819.0,"Billing,_Shipping"
RJ-03240,CUST-02014,"H.No._41,_Kuruvilla_Ganj,_Fatehpur-870140",Fatehpur,Uttar_Pradesh,870140.0,Billing
GJ-03241,CUST-13890,"67
Cherian_Road
Vadodara_818100",Vadodara,Gujarat,818100.0,"Billing,_Shipping"
WB-03242,CUST-02932,"38/57
Babu_Ganj
Kulti_537204",Kulti,West_Bengal,537204.0,Shipping
MP-03243,CUST-00297,"43,_Chatterjee_Ganj
Indore-420068",Indore,Madhya_Pradesh,420068.0,Billing
WB-03244,CUST-01335,"H.No._12,_Sahota_Street
Naihati-344287",Naihati,West_Bengal,344287.0,"Billing,_Shipping"
RJ-03245,CUST-16578,"H.No._72
Rao_Street
Fatehpur_422787",Fatehpur,Uttar_Pradesh,422787.0,Shipping
MP-03246,CUST-17557,"H.No._750
Bose_Street
Jodhpur_553977",Jodhpur,Rajasthan,553977.0,Billing
TN-03247,CUST-00909,"35
Sampath_Street
Pallavaram_686535",Pallavaram,Tamil_Nadu,686535.0,Shipping
OR-03248,CUST-15308,"02/607
Khosla_Road
Anantapur-489420",Anantapur,Andhra_Pradesh,489420.0,Billing
KA-03249,CUST-01888,"93
Kakar_Nagar
Mangalore-613853",Mangalore,Karnataka,613853.0,"Billing,_Shipping"
MP-03250,CUST-02353,"682
Karpe
Jhansi_641731",Jhansi,Uttar_Pradesh,641731.0,Shipping
UP-03251,CUST-17092,"864,_Dugar_Nagar
Ahmedabad-588985",Ahmedabad,Gujarat,588985.0,Shipping
MH-03252,CUST-08601,"61/39,_Dasgupta_Nagar,_Satara_119524",Satara,Maharashtra,119524.0,Shipping
AP-03253,CUST-09490,"15/885,_Das_Street
Anantapuram-586868",Anantapuram,Andhra_Pradesh,586868.0,Billing
OR-03254,CUST-04888,"H.No._584
Uppal_Path
Patna-108248",Patna,Bihar,108248.0,"Billing,_Shipping"
HR-03255,CUST-06090,"H.No._42,_Zachariah_Zila,_Aurangabad-370731",Aurangabad,Maharashtra,370731.0,Shipping
GJ-03256,CUST-17641,"H.No._50,_Saini_Zila
Gandhidham-292714",Gandhidham,Gujarat,292714.0,Shipping
WB-03257,CUST-11184,"33/375,_Varty,_Bally_355185",Bally,West_Bengal,355185.0,Billing
WB-03258,CUST-16487,"31/68
Lata_Marg
Naihati_774384",Naihati,West_Bengal,774384.0,Shipping
UP-03259,CUST-14819,"46
Bhandari_Zila
Chapra_368595",Chapra,Bihar,368595.0,Shipping
TN-03260,CUST-13332,"H.No._708,_Taneja_Street,_Tiruvottiyur_583234",Tiruvottiyur,Tamil_Nadu,583234.0,"Billing,_Shipping"
OR-03261,CUST-18646,"H.No._42,_Rama_Zila
Bijapur-229444",Bijapur,Karnataka,229444.0,Shipping
AS-03262,CUST-05424,"89
Bera_Circle
Nagaon_105096",Nagaon,Assam,105096.0,"Billing,_Shipping"
GJ-03263,CUST-18851,"47/105
Bhakta_Circle
Allahabad_560012",Allahabad,Uttar_Pradesh,560012.0,"Billing,_Shipping"
WB-03264,CUST-12987,"19/278,_Das_Nagar,_Panihati-419173",Panihati,West_Bengal,419173.0,Shipping
BR-03265,CUST-10472,"66/98,_Edwin
Munger-877679",Munger,Bihar,877679.0,"Billing,_Shipping"
UP-03266,CUST-09562,"44/50
Mani_Street
Farrukhabad-270151",Farrukhabad,Uttar_Pradesh,270151.0,Billing
TS-03267,CUST-11439,"560,_Manda_Zila
Hindupur-838804",Hindupur,Andhra_Pradesh,838804.0,Shipping
TS-03268,CUST-10925,"H.No._65,_Koshy_Marg,_Ramagundam-047580",Ramagundam,Telangana,47580.0,Shipping
AS-03269,CUST-14159,"H.No._745
Maharaj_Nagar
Bongaigaon_387454",Bongaigaon,Assam,387454.0,"Billing,_Shipping"
HR-03270,CUST-14619,"06,_Sura_Circle
Aurangabad-925993",Aurangabad,Maharashtra,925993.0,Shipping
KL-03271,CUST-09140,"50/28,_Manda_Zila
Kollam_501148",Kollam,Kerala,501148.0,"Billing,_Shipping"
MP-03272,CUST-16413,"H.No._41,_Babu_Circle,_Ramgarh_175809",Ramgarh,Jharkhand,175809.0,Shipping
KA-03273,CUST-12760,"H.No._251
Saxena_Circle
Hospet-788192",Hospet,Karnataka,788192.0,Shipping
OR-03274,CUST-04573,"16/934,_Walia,_Bijapur_802324",Bijapur,Karnataka,802324.0,"Billing,_Shipping"
HR-03275,CUST-12848,"229
Upadhyay_Nagar
Aurangabad-184288",Aurangabad,Maharashtra,184288.0,Shipping
MP-03276,CUST-17874,"60/28,_Sankar_Circle
Jodhpur_537573",Jodhpur,Rajasthan,537573.0,"Billing,_Shipping"
RJ-03277,CUST-06707,"02/55,_Mangal_Ganj
Dewas_798463",Dewas,Madhya_Pradesh,798463.0,Shipping
RJ-03278,CUST-04375,"99/64,_Swaminathan_Chowk
Akola_977459",Akola,Maharashtra,977459.0,Billing
AP-03279,CUST-18543,"14
Chandra_Path
Jammu-487549",Jammu,Jammu_and_Kashmir,487549.0,Billing
RJ-03280,CUST-09462,"68/107
Dar_Street
Fatehpur_412429",Fatehpur,Uttar_Pradesh,412429.0,"Billing,_Shipping"
UK-03281,CUST-12575,"H.No._37
Sarna_Road
Jalna_264797",Jalna,Maharashtra,264797.0,Billing
WB-03282,CUST-14808,"843,_Bhandari_Marg
Aligarh-975830",Aligarh,Uttar_Pradesh,975830.0,"Billing,_Shipping"
MH-03283,CUST-15476,"H.No._984,_Halder_Road
Bhiwandi_349045",Bhiwandi,Maharashtra,349045.0,Billing
RJ-03284,CUST-16534,"H.No._721
Cherian_Street
Dewas-817587",Dewas,Madhya_Pradesh,817587.0,"Billing,_Shipping"
MP-03285,CUST-01075,"15/955,_Rau_Road
Kishanganj-119959",Kishanganj,Bihar,119959.0,Billing
CG-03286,CUST-19653,"H.No._417
Goda_Path
Nagpur-025310",Nagpur,Maharashtra,25310.0,Billing
AS-03287,CUST-14593,"H.No._05,_Ramachandran_Zila
Bongaigaon_038100",Bongaigaon,Assam,38100.0,Billing
MH-03288,CUST-14468,"19,_Bhat_Road
Loni-404102",Loni,Uttar_Pradesh,404102.0,"Billing,_Shipping"
AP-03289,CUST-19165,"090,_Garg_Zila
Gudivada_842372",Gudivada,Andhra_Pradesh,842372.0,"Billing,_Shipping"
UP-03290,CUST-05636,"714,_Aurora_Marg
Raiganj_655483",Raiganj,West_Bengal,655483.0,Shipping
CG-03291,CUST-00739,"96/47
Saxena_Path
Bhilai-227422",Bhilai,Chhattisgarh,227422.0,"Billing,_Shipping"
KA-03292,CUST-16509,"H.No._35
Ghosh_Path
Tumkur-342234",Tumkur,Karnataka,342234.0,"Billing,_Shipping"
OR-03293,CUST-15617,"35/772
Vala_Circle
Mathura-229319",Mathura,Uttar_Pradesh,229319.0,Billing
HR-03294,CUST-11544,"89/307,_Sodhi_Road
Aurangabad-207889",Aurangabad,Maharashtra,207889.0,Shipping
JH-03295,CUST-10459,"21,_Randhawa_Path
Asansol-599535",Asansol,West_Bengal,599535.0,Shipping
MP-03296,CUST-08673,"07/50,_Borra_Street
Ramgarh-443784",Ramgarh,Jharkhand,443784.0,Billing
AP-03297,CUST-12627,"H.No._44,_Raja_Chowk
Dharmavaram-898437",Dharmavaram,Andhra_Pradesh,898437.0,Billing
OR-03298,CUST-00873,"H.No._98,_Chhabra_Ganj,_Bilaspur-979487",Bilaspur,Chhattisgarh,979487.0,"Billing,_Shipping"
BR-03299,CUST-10934,"H.No._58,_Grover_Marg
Satna-231750",Satna,Madhya_Pradesh,231750.0,Billing
GJ-03300,CUST-16871,"66/313,_Sibal_Street,_Kavali_508399",Kavali,Andhra_Pradesh,508399.0,Billing
DL-03301,CUST-01380,"53/482,_Tara_Zila
Delhi_793931",Delhi,Delhi_(Union_Territory),793931.0,Shipping
MH-03302,CUST-18915,"06,_Saran_Path,_Bhiwandi-715897",Bhiwandi,Maharashtra,715897.0,Billing
MP-03303,CUST-11289,"H.No._09
Tak_Street
Jalandhar-742580",Jalandhar,Punjab,742580.0,Shipping
GJ-03304,CUST-13636,"H.No._865
Bhakta
Vadodara-785066",Vadodara,Gujarat,785066.0,"Billing,_Shipping"
MP-03305,CUST-03687,"70/00,_Chawla_Marg
Ramgarh-801411",Ramgarh,Jharkhand,801411.0,"Billing,_Shipping"
CG-03306,CUST-01823,"83,_Datta_Road,_Bhilai_434726",Bhilai,Chhattisgarh,434726.0,Shipping
WB-03307,CUST-13824,"178
Keer_Street
Uluberia_757699",Uluberia,West_Bengal,757699.0,Shipping
GJ-03308,CUST-06079,"24/77,_Keer_Zila,_Kavali_849035",Kavali,Andhra_Pradesh,849035.0,Billing
KA-03309,CUST-18048,"532,_Thakur_Path,_Amaravati-434190",Amaravati,Andhra_Pradesh,434190.0,Billing
HR-03311,CUST-00697,"58/790,_Kakar_Street
Siwan_344628",Siwan,Bihar,344628.0,Billing
UK-03312,CUST-19323,"07/898,_Randhawa_Marg
Jalna-885902",Jalna,Maharashtra,885902.0,Billing
UP-03313,CUST-06847,"H.No._61,_Salvi_Path
Ahmedabad-055684",Ahmedabad,Gujarat,55684.0,Shipping
WB-03314,CUST-15243,"17,_Kaul_Marg,_Uluberia-973362",Uluberia,West_Bengal,973362.0,Billing
MP-03315,CUST-13443,"968,_Tank_Street,_Khandwa-453584",Khandwa,Madhya_Pradesh,453584.0,Billing
TN-03316,CUST-18123,"H.No._200,_Sandal_Street,_Pallavaram_397266",Pallavaram,Tamil_Nadu,397266.0,Shipping
MH-03317,CUST-19593,"19/932
Sarin_Nagar
Jalgaon-722782",Jalgaon,Maharashtra,722782.0,Shipping
MP-03318,CUST-16592,"76/95
Butala_Chowk
Dehri-309032",Dehri,Bihar,309032.0,Shipping
UP-03319,CUST-17587,"83/72,_Wadhwa_Nagar
Raiganj_123166",Raiganj,West_Bengal,123166.0,"Billing,_Shipping"
MP-03320,CUST-14839,"37
Bhatti_Nagar
Kota-922737",Kota,Rajasthan,922737.0,"Billing,_Shipping"
MP-03321,CUST-09725,"H.No._150,_Soman_Nagar,_Mau-653069",Mau,Uttar_Pradesh,653069.0,Billing
UP-03322,CUST-02201,"H.No._558
Loke_Road
Muzaffarpur-114595",Muzaffarpur,Bihar,114595.0,"Billing,_Shipping"
OR-03323,CUST-18286,"59/951
Krishnan_Nagar
Danapur-094042",Danapur,Bihar,94042.0,Billing
UP-03324,CUST-09818,"H.No._76
Shroff
Karimnagar-558407",Karimnagar,Telangana,558407.0,Shipping
UP-03325,CUST-00051,"H.No._592,_Balasubramanian_Zila,_Burhanpur_574933",Burhanpur,Madhya_Pradesh,574933.0,Billing
OR-03326,CUST-11036,"379,_Ben_Circle,_Berhampur_021417",Berhampur,Odisha,21417.0,Shipping
CG-03327,CUST-06670,"H.No._775,_Shah_Circle,_Sagar_825237",Sagar,Madhya_Pradesh,825237.0,Billing
MH-03328,CUST-00787,"83
Hari_Road
Loni_117778",Loni,Uttar_Pradesh,117778.0,Billing
UP-03329,CUST-11905,"H.No._064,_Ratti_Zila
Sambhal_297980",Sambhal,Uttar_Pradesh,297980.0,Shipping
KA-03330,CUST-17633,"698
Apte_Chowk
Tumkur-354658",Tumkur,Karnataka,354658.0,Billing
OR-03331,CUST-15790,"H.No._384,_Borra_Zila,_Patna-586921",Patna,Bihar,586921.0,Billing
GJ-03332,CUST-13914,"854
Thakkar_Nagar
Hajipur-688989",Hajipur,Bihar,688989.0,Billing
MP-03333,CUST-11957,"H.No._89,_Gala_Marg
Dehri-842211",Dehri,Bihar,842211.0,Shipping
MH-03334,CUST-13769,"H.No._46
Krishna_Zila
Karnal_804074",Karnal,Haryana,804074.0,Shipping
AP-03335,CUST-13751,"57/842,_Dhingra_Ganj
Bhimavaram-097665",Bhimavaram,Andhra_Pradesh,97665.0,Billing
UP-03336,CUST-08258,"H.No._36,_Trivedi,_Firozabad-590779",Firozabad,Uttar_Pradesh,590779.0,"Billing,_Shipping"
WB-03337,CUST-13494,"H.No._50,_Sant_Street,_Kulti_030562",Kulti,West_Bengal,30562.0,Shipping
BR-03338,CUST-14935,"58,_Varma_Circle,_Buxar_013682",Buxar,Bihar,13682.0,"Billing,_Shipping"
WB-03339,CUST-13361,"33/58
Bhatia_Circle
Baranagar-947887",Baranagar,West_Bengal,947887.0,"Billing,_Shipping"
BR-03340,CUST-04860,"20,_Kunda_Street,_Purnia_677447",Purnia,Bihar,677447.0,Billing
OR-03341,CUST-18994,"H.No._20,_Bhattacharyya_Circle,_Haldia_565706",Haldia,West_Bengal,565706.0,Billing
UP-03342,CUST-11894,"38/28,_Comar_Circle,_Ahmedabad_187103",Ahmedabad,Gujarat,187103.0,Billing
OR-03343,CUST-03877,"H.No._294,_Baral_Ganj,_Bijapur_121706",Bijapur,Karnataka,121706.0,"Billing,_Shipping"
OR-03344,CUST-08007,"055,_Desai_Street
Bilaspur-498180",Bilaspur,Chhattisgarh,498180.0,Shipping
UP-03345,CUST-16329,"09/266,_Loke_Circle
Gurgaon-450345",Gurgaon,Haryana,450345.0,"Billing,_Shipping"
TS-03346,CUST-10773,"74/82,_Jani_Chowk,_Ambala_554377",Ambala,Haryana,554377.0,Billing
JH-03347,CUST-07530,"H.No._32,_Kara_Chowk,_Kharagpur-940141",Kharagpur,West_Bengal,940141.0,"Billing,_Shipping"
TS-03348,CUST-16600,"04/73,_Mani_Road
Ramagundam_719077",Ramagundam,Telangana,719077.0,Billing
OR-03349,CUST-11650,"21,_Manne_Circle,_Bharatpur-778103",Bharatpur,Rajasthan,778103.0,Billing
CG-03350,CUST-19703,"H.No._52
Konda_Chowk
Sambalpur_373648",Sambalpur,Odisha,373648.0,"Billing,_Shipping"
AP-03351,CUST-10781,"H.No._434,_Chaudhuri_Ganj
Dharmavaram_323278",Dharmavaram,Andhra_Pradesh,323278.0,Shipping
MP-03352,CUST-16115,"55/107,_Deol,_Indore_178429",Indore,Madhya_Pradesh,178429.0,Shipping
AS-03353,CUST-17864,"02/687,_Kohli
Bongaigaon_741750",Bongaigaon,Assam,741750.0,Billing
UP-03354,CUST-05040,"03/03
Savant_Circle
Muzaffarpur_308326",Muzaffarpur,Bihar,308326.0,"Billing,_Shipping"
AP-03355,CUST-11223,"921,_Balasubramanian_Zila,_Dharmavaram-912539",Dharmavaram,Andhra_Pradesh,912539.0,Billing
UK-03356,CUST-14272,"51,_Agrawal_Nagar,_Haridwar_164950",Haridwar,Uttarakhand,164950.0,Billing
TN-03357,CUST-05474,"H.No._64
Kara_Street
Salem_433543",Salem,Tamil_Nadu,433543.0,Billing
AP-03358,CUST-15148,"635
Biswas_Road
Gudivada-656931",Gudivada,Andhra_Pradesh,656931.0,"Billing,_Shipping"
RJ-03359,CUST-10779,"29/32,_Saraf_Chowk
Dewas_790339",Dewas,Madhya_Pradesh,790339.0,Shipping
MP-03360,CUST-01526,"65/73
Sinha_Ganj
Dehri-211793",Dehri,Bihar,211793.0,"Billing,_Shipping"
WB-03361,CUST-18838,"52/212,_Deshmukh_Path,_Bhatpara_481729",Bhatpara,West_Bengal,481729.0,Billing
WB-03362,CUST-00302,"89/68,_Choudhry_Circle
Bally_882897",Bally,West_Bengal,882897.0,Billing
MH-03363,CUST-12995,"11/515,_Doctor_Nagar
Nanded-690404",Nanded,Maharashtra,690404.0,Shipping
UP-03364,CUST-14446,"77/02
Ben_Ganj
Gurgaon_743331",Gurgaon,Haryana,743331.0,"Billing,_Shipping"
UP-03365,CUST-19102,"445,_Brahmbhatt_Nagar
Shahjahanpur_724257",Shahjahanpur,Uttar_Pradesh,724257.0,Shipping
AP-03366,CUST-11893,"89/32,_Borah_Street
Gudivada-812760",Gudivada,Andhra_Pradesh,812760.0,Shipping
TN-03367,CUST-08039,"H.No._79,_Ganesh_Nagar,_Salem_193757",Salem,Tamil_Nadu,193757.0,Shipping
MP-03368,CUST-09468,"248,_Singh_Ganj
Gopalpur-431242",Gopalpur,Odisha,431242.0,Shipping
UP-03369,CUST-03007,"63,_Grewal_Street
Chapra-026177",Chapra,Bihar,26177.0,Billing
KA-03370,CUST-03002,"19/120,_Sarna_Zila,_Solapur-974105",Solapur,Maharashtra,974105.0,"Billing,_Shipping"
BR-03371,CUST-05696,"946,_Agrawal_Road,_Satna_940461",Satna,Madhya_Pradesh,940461.0,Shipping
AS-03372,CUST-12285,"H.No._25,_Sundaram_Ganj
Siliguri_876514",Siliguri,West_Bengal,876514.0,Shipping
TN-03373,CUST-11863,"632
Bera
Tiruppur_531123",Tiruppur,Tamil_Nadu,531123.0,"Billing,_Shipping"
MH-03374,CUST-06104,"82/40,_Sibal_Circle
Malegaon_216804",Malegaon,Maharashtra,216804.0,Shipping
MP-03375,CUST-11920,"H.No._31
Master_Chowk
Indore_473300",Indore,Madhya_Pradesh,473300.0,Billing
BR-03376,CUST-04368,"98/39,_Basak_Zila
Buxar_124871",Buxar,Bihar,124871.0,"Billing,_Shipping"
OR-03377,CUST-03455,"026,_Dhar_Chowk
Mathura_948567",Mathura,Uttar_Pradesh,948567.0,Shipping
WB-03378,CUST-16939,"63,_Boase_Ganj
Arrah-395948",Arrah,Bihar,395948.0,Billing
TN-03379,CUST-01681,"50
Varkey_Path
Pallavaram-636809",Pallavaram,Tamil_Nadu,636809.0,"Billing,_Shipping"
WB-03380,CUST-09622,"113,_Talwar_Circle,_Baranagar_966462",Baranagar,West_Bengal,966462.0,Shipping
MP-03381,CUST-13985,"24/64,_Bhalla_Zila
Ramgarh-930310",Ramgarh,Jharkhand,930310.0,Billing
AS-03382,CUST-14380,"00/47
Edwin_Ganj
Bongaigaon_695756",Bongaigaon,Assam,695756.0,Shipping
WB-03383,CUST-18905,"729,_Borra_Chowk,_Panihati_237335",Panihati,West_Bengal,237335.0,Billing
OR-03384,CUST-09808,"H.No._765,_D’Alia_Marg,_Bijapur-969627",Bijapur,Karnataka,969627.0,Billing
OR-03385,CUST-16575,"21,_Deol_Street,_Berhampur_517228",Berhampur,Odisha,517228.0,"Billing,_Shipping"
MP-03386,CUST-02387,"H.No._445,_Mahal_Chowk,_Khandwa-262168",Khandwa,Madhya_Pradesh,262168.0,Billing
GJ-03387,CUST-05186,"980,_Rao_Ganj,_Gandhidham-798995",Gandhidham,Gujarat,798995.0,"Billing,_Shipping"
UK-03388,CUST-10554,"36/240
Dass_Street
Haridwar_697136",Haridwar,Uttarakhand,697136.0,Shipping
CG-03389,CUST-06390,"934,_Devan_Path
Nagpur-431241",Nagpur,Maharashtra,431241.0,Billing
DL-03390,CUST-10835,"H.No._076,_Majumdar_Zila,_Delhi-234933",Delhi,Delhi_(Union_Territory),234933.0,"Billing,_Shipping"
TS-03391,CUST-08993,"H.No._31,_Sandhu_Chowk
Dindigul-724502",Dindigul,Tamil_Nadu,724502.0,Billing
GJ-03392,CUST-04014,"H.No._512,_Uppal_Ganj,_Kavali_508071",Kavali,Andhra_Pradesh,508071.0,Shipping
UP-03393,CUST-12448,"H.No._744
Sankaran
Raiganj-220143",Raiganj,West_Bengal,220143.0,Shipping
MH-03394,CUST-07028,"H.No._096,_Kata
Malegaon_667844",Malegaon,Maharashtra,667844.0,"Billing,_Shipping"
UP-03395,CUST-03628,"78
Choudhry_Ganj
Chapra_037886",Chapra,Bihar,37886.0,Billing
TS-03396,CUST-12644,"H.No._538,_Jha_Chowk
Dindigul-130280",Dindigul,Tamil_Nadu,130280.0,Billing
AP-03397,CUST-17613,"31/12
Soni_Chowk
Gudivada-853920",Gudivada,Andhra_Pradesh,853920.0,Shipping
UP-03398,CUST-00348,"64/893
Samra_Zila
Gurgaon-284270",Gurgaon,Haryana,284270.0,"Billing,_Shipping"
CG-03399,CUST-00658,"H.No._77,_Bora_Chowk,_Sambalpur-848391",Sambalpur,Odisha,848391.0,"Billing,_Shipping"
AP-03400,CUST-18585,"H.No._638,_Gokhale_Chowk,_Bhimavaram-121192",Bhimavaram,Andhra_Pradesh,121192.0,Shipping
UP-03401,CUST-19231,"80
Karan_Ganj
Raipur-277335",Raipur,Chhattisgarh,277335.0,Shipping
MP-03402,CUST-13222,"H.No._64
Rao
Khandwa_237754",Khandwa,Madhya_Pradesh,237754.0,Shipping
TS-03403,CUST-17148,"13/88
Som_Marg
Ramagundam-021022",Ramagundam,Telangana,21022.0,Billing
MH-03404,CUST-08357,"96/832,_Butala_Street
Rampur_188936",Rampur,Uttar_Pradesh,188936.0,Shipping
MP-03405,CUST-13390,"67/208
Bansal_Path
Jalandhar_935700",Jalandhar,Punjab,935700.0,Billing
TN-03406,CUST-16870,"899,_Chaudhry_Circle
Tiruppur_989568",Tiruppur,Tamil_Nadu,989568.0,Billing
BR-03407,CUST-19412,"29/775
Chokshi_Ganj
Jaipur_871164",Jaipur,Rajasthan,871164.0,Billing
KA-03408,CUST-13783,"36,_Choudhry_Zila,_Hospet-464493",Hospet,Karnataka,464493.0,"Billing,_Shipping"
JH-03409,CUST-00027,"H.No._84,_Bal,_Kharagpur_961128",Kharagpur,West_Bengal,961128.0,"Billing,_Shipping"
UP-03410,CUST-11720,"H.No._052,_Balakrishnan_Marg,_Raiganj-871511",Raiganj,West_Bengal,871511.0,"Billing,_Shipping"
OR-03411,CUST-14486,"88,_Dugal_Street,_Bijapur-900881",Bijapur,Karnataka,900881.0,Shipping
MP-03412,CUST-03829,"980
Bath_Zila
Kota-414727",Kota,Rajasthan,414727.0,Shipping
MH-03413,CUST-03029,"06/11,_Banerjee_Chowk,_Nanded_994001",Nanded,Maharashtra,994001.0,Shipping
WB-03414,CUST-11364,"H.No._38
Mani_Road
Bally_705618",Bally,West_Bengal,705618.0,"Billing,_Shipping"
MP-03415,CUST-18971,"H.No._824,_Balan_Road
Agra-026412",Agra,Uttar_Pradesh,26412.0,"Billing,_Shipping"
GJ-03416,CUST-05878,"H.No._65,_Deol_Street,_Jabalpur_047388",Jabalpur,Madhya_Pradesh,47388.0,"Billing,_Shipping"
TS-03417,CUST-19762,"04/835,_Johal_Circle
Nizamabad_529550",Nizamabad,Telangana,529550.0,Shipping
CG-03419,CUST-02547,"H.No._970
Gade_Nagar
Sagar-040549",Sagar,Madhya_Pradesh,40549.0,Shipping
AP-03420,CUST-07003,"52/56,_Sastry_Zila,_Jammu_430378",Jammu,Jammu_and_Kashmir,430378.0,"Billing,_Shipping"
JH-03421,CUST-15635,"41/09,_Toor_Ganj,_Kharagpur_466132",Kharagpur,West_Bengal,466132.0,Shipping
WB-03422,CUST-14983,"79/126,_Sagar_Nagar
Bhatpara-252515",Bhatpara,West_Bengal,252515.0,Billing
BR-03423,CUST-14102,"H.No._213
Agrawal_Path
Satna_016107",Satna,Madhya_Pradesh,16107.0,Shipping
TR-03424,CUST-11712,"34/24,_Raman_Street,_Chandigarh-949802",Chandigarh,Chandigarh_(Union_Territory),949802.0,Shipping
WB-03425,CUST-04941,"H.No._50,_Buch_Chowk
Arrah_776083",Arrah,Bihar,776083.0,"Billing,_Shipping"
WB-03426,CUST-12223,"24/921,_Maharaj_Zila
Bally_031248",Bally,West_Bengal,31248.0,"Billing,_Shipping"
WB-03427,CUST-03976,"57/94,_Lad_Nagar,_Uluberia_803059",Uluberia,West_Bengal,803059.0,"Billing,_Shipping"
BR-03428,CUST-13690,"H.No._430,_Keer_Circle,_Munger-501198",Munger,Bihar,501198.0,Shipping
JH-03429,CUST-14514,"82/301,_Venkatesh_Chowk,_Phusro_336371",Phusro,Jharkhand,336371.0,Shipping
MP-03430,CUST-16900,"32/756
Samra
Indore-167577",Indore,Madhya_Pradesh,167577.0,Shipping
MH-03431,CUST-17228,"22,_Rajan_Nagar,_Nanded_273688",Nanded,Maharashtra,273688.0,Billing
UK-03432,CUST-18927,"24/324,_Bose_Marg,_Jalna_206021",Jalna,Maharashtra,206021.0,"Billing,_Shipping"
CG-03433,CUST-19169,"33,_Bhalla_Nagar,_Bhilai-088569",Bhilai,Chhattisgarh,88569.0,"Billing,_Shipping"
MP-03434,CUST-12500,"H.No._13,_Keer_Marg
Indore-237342",Indore,Madhya_Pradesh,237342.0,Shipping
UP-03435,CUST-18275,"H.No._795
Tailor
Raipur-927587",Raipur,Chhattisgarh,927587.0,Billing
UP-03436,CUST-07174,"H.No._03,_Char_Nagar
Chapra_212059",Chapra,Bihar,212059.0,"Billing,_Shipping"
TN-03437,CUST-12262,"82/24,_Venkataraman_Street
Tiruppur_286225",Tiruppur,Tamil_Nadu,286225.0,Shipping
OR-03438,CUST-17039,"19
Bhardwaj_Street
Anantapur_303300",Anantapur,Andhra_Pradesh,303300.0,Billing
WB-03439,CUST-11890,"H.No._901
Dua_Marg
Panihati-280666",Panihati,West_Bengal,280666.0,Billing
HR-03440,CUST-12373,"H.No._286,_Karnik_Road,_Bikaner_241745",Bikaner,Rajasthan,241745.0,Shipping
MH-03441,CUST-07505,"H.No._653,_Swaminathan_Nagar
Karnal_606851",Karnal,Haryana,606851.0,Billing
UP-03442,CUST-13940,"84/337
Sekhon_Chowk
Gurgaon-609386",Gurgaon,Haryana,609386.0,Shipping
TS-03443,CUST-13562,"H.No._854,_Sampath_Street
Ramagundam-069241",Ramagundam,Telangana,69241.0,"Billing,_Shipping"
AP-03444,CUST-03980,"72/509
Dash_Path
Gudivada_175459",Gudivada,Andhra_Pradesh,175459.0,Billing
OR-03445,CUST-08096,"888
Taneja
Patna-285341",Patna,Bihar,285341.0,Billing
RJ-03447,CUST-12596,"44,_Dhillon_Road
Dewas-052202",Dewas,Madhya_Pradesh,52202.0,Billing
UK-03448,CUST-19890,"296,_Jaggi
Haridwar_183079",Haridwar,Uttarakhand,183079.0,Shipping
WB-03450,CUST-14740,"74,_Sangha_Ganj,_Bally-911878",Bally,West_Bengal,911878.0,Billing
MP-03451,CUST-07564,"H.No._42
Amble_Ganj
Jodhpur_225779",Jodhpur,Rajasthan,225779.0,Billing
WB-03452,CUST-16719,"66/17,_Brar_Zila
Aligarh_857626",Aligarh,Uttar_Pradesh,857626.0,"Billing,_Shipping"
UK-03453,CUST-11910,"H.No._880,_Johal_Chowk
Shivpuri-265863",Shivpuri,Madhya_Pradesh,265863.0,Shipping
AS-03454,CUST-09281,"86/498,_Iyer_Nagar
Nagaon-511744",Nagaon,Assam,511744.0,Shipping
WB-03455,CUST-17351,"72
Batta_Path
Uluberia-759499",Uluberia,West_Bengal,759499.0,Shipping
TR-03456,CUST-19291,"H.No._663,_Dash_Road,_Durgapur_517263",Durgapur,West_Bengal,517263.0,Shipping
OR-03457,CUST-05632,"H.No._978,_Ganesan_Zila
Berhampur-812940",Berhampur,Odisha,812940.0,"Billing,_Shipping"
AP-03458,CUST-19017,"H.No._84,_Shah_Street,_Bhimavaram_068613",Bhimavaram,Andhra_Pradesh,68613.0,Shipping
TN-03459,CUST-05825,"58/98
Kaur
Gandhinagar_667706",Gandhinagar,Gujarat,667706.0,Shipping
UP-03460,CUST-13524,"H.No._19
Ranganathan_Ganj
Bhagalpur_926380",Bhagalpur,Bihar,926380.0,Billing
KL-03461,CUST-13062,"919,_Bora_Marg,_Kollam-807859",Kollam,Kerala,807859.0,Billing
MP-03462,CUST-17603,"H.No._21,_Ganesan_Chowk
Agra_024335",Agra,Uttar_Pradesh,24335.0,Billing
MH-03463,CUST-14481,"85
Krishnamurthy_Nagar
Yamunanagar_646902",Yamunanagar,Haryana,646902.0,"Billing,_Shipping"
UP-03464,CUST-16156,"H.No._895,_Suresh_Road
Chapra-221175",Chapra,Bihar,221175.0,Billing
AP-03465,CUST-13939,"94/230,_Kata_Marg,_Jammu-628451",Jammu,Jammu_and_Kashmir,628451.0,"Billing,_Shipping"
JH-03466,CUST-12521,"H.No._81,_Sagar_Circle,_Mango-368769",Mango,Jharkhand,368769.0,Billing
AP-03467,CUST-19499,"689,_Cherian_Street
Jammu_432189",Jammu,Jammu_and_Kashmir,432189.0,Billing
MP-03468,CUST-06487,"H.No._20,_Vora_Circle,_Kishanganj_803081",Kishanganj,Bihar,803081.0,Billing
OR-03469,CUST-19031,"H.No._810,_Borah_Path,_Patna_418193",Patna,Bihar,418193.0,"Billing,_Shipping"
TS-03470,CUST-15340,"H.No._634
Kapadia_Chowk
Dindigul-791449",Dindigul,Tamil_Nadu,791449.0,Billing
AP-03471,CUST-09851,"H.No._83,_Barad
Anantapuram_001998",Anantapuram,Andhra_Pradesh,1998.0,"Billing,_Shipping"
TS-03472,CUST-04177,"594
Sen_Zila
Ambala-603944",Ambala,Haryana,603944.0,Billing
WB-03474,CUST-14516,"H.No._41
Tak_Road
Kamarhati_109629",Kamarhati,West_Bengal,109629.0,Shipping
OR-03475,CUST-16065,"57/17
Vala_Chowk
Bilaspur_026612",Bilaspur,Chhattisgarh,26612.0,"Billing,_Shipping"
WB-03476,CUST-09941,"79,_Borah_Chowk,_Kulti_682503",Kulti,West_Bengal,682503.0,"Billing,_Shipping"
TN-03478,CUST-11583,"82/76,_Bera
Gandhinagar-484933",Gandhinagar,Gujarat,484933.0,Shipping
UK-03479,CUST-01074,"74/38,_Randhawa_Path,_Haridwar-089698",Haridwar,Uttarakhand,89698.0,"Billing,_Shipping"
CG-03480,CUST-18883,"04/444
Doshi_Nagar
Sagar-004939",Sagar,Madhya_Pradesh,4939.0,Billing
KL-03481,CUST-13331,"66/86,_Sane_Road,_Kollam_309242",Kollam,Kerala,309242.0,Shipping
HR-03482,CUST-19672,"31/619,_Ranganathan_Street
Bikaner-193931",Bikaner,Rajasthan,193931.0,"Billing,_Shipping"
AP-03483,CUST-10523,"23/399,_Bera_Ganj
Gudivada_361020",Gudivada,Andhra_Pradesh,361020.0,Billing
TN-03484,CUST-19420,"H.No._67,_Sharaf_Street
Pali-842647",Pali,Rajasthan,842647.0,Shipping
KL-03485,CUST-14401,"H.No._52
Chatterjee_Circle
Kollam_326986",Kollam,Kerala,326986.0,"Billing,_Shipping"
TS-03486,CUST-11414,"990,_Sama_Path
Ambala_809105",Ambala,Haryana,809105.0,Shipping
UP-03487,CUST-06840,"78/84,_Deep,_Raipur-129869",Raipur,Chhattisgarh,129869.0,Billing
KA-03488,CUST-03656,"37/401
Iyengar
Hospet_475698",Hospet,Karnataka,475698.0,Shipping
TS-03489,CUST-15919,"12/461,_Krish_Marg
Ambala_849048",Ambala,Haryana,849048.0,Billing
UP-03490,CUST-09253,"78/373,_Dass_Zila
Shahjahanpur-372908",Shahjahanpur,Uttar_Pradesh,372908.0,Shipping
AP-03491,CUST-13123,"H.No._013,_Din_Chowk,_Anantapuram-800994",Anantapuram,Andhra_Pradesh,800994.0,Billing
WB-03492,CUST-06811,"01/484
Sabharwal
Kamarhati-375109",Kamarhati,West_Bengal,375109.0,Shipping
CG-03493,CUST-17641,"72/991
Sathe_Path
Sagar-526789",Sagar,Madhya_Pradesh,526789.0,Shipping
UP-03494,CUST-09268,"H.No._52
Aurora_Circle
Ahmedabad_560597",Ahmedabad,Gujarat,560597.0,Billing
RJ-03495,CUST-17318,"H.No._447,_Biswas_Marg,_Dewas_022456",Dewas,Madhya_Pradesh,22456.0,Billing
TN-03496,CUST-18848,"H.No._93
Savant_Road
Gandhinagar-635576",Gandhinagar,Gujarat,635576.0,"Billing,_Shipping"
AS-03497,CUST-15940,"17,_Handa_Path
Bongaigaon-570435",Bongaigaon,Assam,570435.0,"Billing,_Shipping"
DL-03498,CUST-10424,"64/75,_Shukla_Zila
Delhi-894837",Delhi,Delhi_(Union_Territory),894837.0,"Billing,_Shipping"
KA-03499,CUST-12354,"489,_Karnik_Ganj,_Mangalore-965280",Mangalore,Karnataka,965280.0,Billing
UP-03500,CUST-03370,"H.No._27,_Bobal_Zila,_Sambhal-820760",Sambhal,Uttar_Pradesh,820760.0,"Billing,_Shipping"
UP-03501,CUST-08215,"91/298,_Sathe_Chowk
Raipur-275579",Raipur,Chhattisgarh,275579.0,Shipping
TN-03502,CUST-07144,"63,_Apte_Nagar,_Salem_320643",Salem,Tamil_Nadu,320643.0,Shipping
UP-03503,CUST-13790,"H.No._348,_Chauhan_Street
Raipur_815671",Raipur,Chhattisgarh,815671.0,Shipping
TS-03504,CUST-08120,"24
Bakshi_Nagar
Ramagundam-020195",Ramagundam,Telangana,20195.0,"Billing,_Shipping"
UP-03505,CUST-19832,"31/249,_Wali_Marg
Burhanpur-562293",Burhanpur,Madhya_Pradesh,562293.0,"Billing,_Shipping"
CG-03506,CUST-12583,"87/725,_Gulati_Chowk,_Sagar_511117",Sagar,Madhya_Pradesh,511117.0,"Billing,_Shipping"
TN-03507,CUST-13553,"H.No._930,_Dixit_Nagar,_Salem-496952",Salem,Tamil_Nadu,496952.0,Billing
HR-03508,CUST-05482,"28,_Sundaram_Road,_Siwan_123219",Siwan,Bihar,123219.0,Billing
MH-03509,CUST-15154,"24/408
Wason_Street
Satara-998776",Satara,Maharashtra,998776.0,Billing
MP-03510,CUST-12751,"41/25,_Ben_Ganj
Unnao-686545",Unnao,Uttar_Pradesh,686545.0,Shipping
UP-03511,CUST-14560,"467
Seth_Zila
Mirzapur_812295",Mirzapur,Uttar_Pradesh,812295.0,Billing
DL-03512,CUST-03134,"86/734,_Deep_Chowk,_Delhi-072009",Delhi,Delhi_(Union_Territory),72009.0,"Billing,_Shipping"
MP-03513,CUST-08466,"H.No._26,_Iyengar_Marg,_Indore_758207",Indore,Madhya_Pradesh,758207.0,Shipping
UK-03514,CUST-19523,"H.No._15
Hans_Nagar
Shivpuri-276730",Shivpuri,Madhya_Pradesh,276730.0,"Billing,_Shipping"
UP-03515,CUST-16560,"H.No._17,_Krishna_Chowk
Burhanpur-550432",Burhanpur,Madhya_Pradesh,550432.0,Shipping
UP-03516,CUST-11799,"21/986,_Sarkar_Chowk,_Gurgaon-649091",Gurgaon,Haryana,649091.0,"Billing,_Shipping"
HR-03517,CUST-10236,"81
D’Alia_Marg
Aurangabad_760616",Aurangabad,Maharashtra,760616.0,"Billing,_Shipping"
MP-03518,CUST-09083,"H.No._689,_Kaul_Path
Jodhpur-908238",Jodhpur,Rajasthan,908238.0,Billing
KA-03519,CUST-09730,"25/98
Sachdev_Path
Hospet_717023",Hospet,Karnataka,717023.0,"Billing,_Shipping"
MH-03520,CUST-02065,"90/164
Baral
Nanded-746416",Nanded,Maharashtra,746416.0,Billing
GJ-03521,CUST-16449,"60,_Sawhney_Circle
Jabalpur_312977",Jabalpur,Madhya_Pradesh,312977.0,Shipping
CG-03522,CUST-16489,"75/973,_Das_Chowk
Sagar-783529",Sagar,Madhya_Pradesh,783529.0,"Billing,_Shipping"
WB-03523,CUST-13040,"26/536,_Bhasin,_Madhyamgram-954468",Madhyamgram,West_Bengal,954468.0,Billing
UK-03524,CUST-18342,"H.No._613,_Kara
Shivpuri_378212",Shivpuri,Madhya_Pradesh,378212.0,"Billing,_Shipping"
CG-03525,CUST-01288,"H.No._184
Rajagopalan_Road
Bhilai-428016",Bhilai,Chhattisgarh,428016.0,Shipping
KL-03526,CUST-02893,"60/17
Saran_Path
Kollam_409854",Kollam,Kerala,409854.0,Billing
AP-03527,CUST-01971,"77
Gera_Nagar
Anantapuram_433104",Anantapuram,Andhra_Pradesh,433104.0,Shipping
WB-03528,CUST-16870,"65/48,_Badal_Chowk,_Panihati_766395",Panihati,West_Bengal,766395.0,Shipping
JH-03529,CUST-18473,"02,_Zacharia_Circle
Asansol_564271",Asansol,West_Bengal,564271.0,"Billing,_Shipping"
AS-03530,CUST-12863,"24/70,_Vasa_Zila,_Nagaon-145506",Nagaon,Assam,145506.0,"Billing,_Shipping"
MH-03531,CUST-11194,"34/85
Wali_Path
Guntur_177261",Guntur,Andhra_Pradesh,177261.0,Billing
WB-03532,CUST-05271,"H.No._29
Saini_Nagar
Aligarh-789152",Aligarh,Uttar_Pradesh,789152.0,Billing
KA-03533,CUST-13148,"91/40,_Krishnamurthy_Marg
Amaravati_198944",Amaravati,Andhra_Pradesh,198944.0,Shipping
UP-03534,CUST-10978,"67/52,_Hans_Zila
Muzaffarpur_309682",Muzaffarpur,Bihar,309682.0,Shipping
UP-03535,CUST-18727,"H.No._17
Shenoy_Road
Farrukhabad_556702",Farrukhabad,Uttar_Pradesh,556702.0,"Billing,_Shipping"
MH-03536,CUST-05331,"H.No._211
Yohannan_Zila
Yamunanagar-538750",Yamunanagar,Haryana,538750.0,Shipping
WB-03537,CUST-18953,"98/075,_Trivedi_Ganj,_Bidhannagar_414896",Bidhannagar,West_Bengal,414896.0,"Billing,_Shipping"
OR-03538,CUST-03304,"621
Bhardwaj_Nagar
Danapur-908638",Danapur,Bihar,908638.0,Billing
TN-03539,CUST-15846,"79/96
Krishna_Chowk
Tiruppur_132686",Tiruppur,Tamil_Nadu,132686.0,Shipping
AS-03540,CUST-00354,"31,_Mandal_Path
Nagaon_415482",Nagaon,Assam,415482.0,Billing
WB-03541,CUST-00522,"74/74,_Babu
Naihati-957351",Naihati,West_Bengal,957351.0,"Billing,_Shipping"
MH-03542,CUST-14594,"00/379
Mani_Circle
Rampur-431052",Rampur,Uttar_Pradesh,431052.0,Billing
CG-03543,CUST-17814,"069,_Contractor_Nagar
Bhilai_300952",Bhilai,Chhattisgarh,300952.0,Shipping
JH-03544,CUST-02119,"383,_Ray_Chowk,_Asansol-442988",Asansol,West_Bengal,442988.0,Shipping
TN-03545,CUST-16761,"08/07,_Chopra_Circle,_Chittoor-640044",Chittoor,Andhra_Pradesh,640044.0,"Billing,_Shipping"
BR-03546,CUST-13362,"37,_Sekhon_Circle
Purnia_759984",Purnia,Bihar,759984.0,Shipping
MP-03547,CUST-16268,"H.No._293,_Doctor_Zila
Indore-681226",Indore,Madhya_Pradesh,681226.0,Shipping
UP-03548,CUST-10874,"61,_Atwal_Marg
Ahmedabad_450740",Ahmedabad,Gujarat,450740.0,Shipping
MH-03549,CUST-15852,"71/683,_Ramesh_Road,_Jalgaon-611320",Jalgaon,Maharashtra,611320.0,"Billing,_Shipping"
UP-03550,CUST-03523,"79/40
Rege_Ganj
Raiganj-320593",Raiganj,West_Bengal,320593.0,Shipping
TS-03551,CUST-15482,"055,_Varughese_Path
Ramagundam_746700",Ramagundam,Telangana,746700.0,Shipping
JH-03552,CUST-08264,"39,_Ravi_Chowk
Asansol_607810",Asansol,West_Bengal,607810.0,"Billing,_Shipping"
OR-03553,CUST-14626,"23/26
Manne_Zila
Berhampur-053492",Berhampur,Odisha,53492.0,Billing
MH-03554,CUST-05446,"18/208,_Balasubramanian_Circle,_Bhiwandi_465486",Bhiwandi,Maharashtra,465486.0,"Billing,_Shipping"
WB-03555,CUST-03914,"H.No._95,_Sahni_Street
Panihati_913855",Panihati,West_Bengal,913855.0,Billing
HR-03556,CUST-13481,"176
Bora_Ganj
Bikaner-612443",Bikaner,Rajasthan,612443.0,"Billing,_Shipping"
UP-03557,CUST-00581,"10/94,_Som_Zila,_Mirzapur-953087",Mirzapur,Uttar_Pradesh,953087.0,Shipping
HR-03558,CUST-00808,"H.No._225,_Rajan_Chowk,_Aurangabad-198138",Aurangabad,Maharashtra,198138.0,"Billing,_Shipping"
AP-03559,CUST-02473,"H.No._17,_Shanker_Zila
Srikakulam-303371",Srikakulam,Andhra_Pradesh,303371.0,Billing
TS-03560,CUST-16036,"05,_Jhaveri_Nagar
Ramagundam_530278",Ramagundam,Telangana,530278.0,"Billing,_Shipping"
MP-03561,CUST-18110,"83/675,_Upadhyay_Road
Jalandhar_756801",Jalandhar,Punjab,756801.0,"Billing,_Shipping"
GJ-03562,CUST-13609,"H.No._366,_Buch_Street,_Kavali-246618",Kavali,Andhra_Pradesh,246618.0,"Billing,_Shipping"
WB-03563,CUST-07160,"990,_Basak_Circle
Arrah_249306",Arrah,Bihar,249306.0,"Billing,_Shipping"
BR-03564,CUST-00999,"H.No._04
Seshadri_Road
Ballia-460008",Ballia,Uttar_Pradesh,460008.0,Billing
UK-03565,CUST-04072,"27/12
Atwal_Street
Shivpuri_865638",Shivpuri,Madhya_Pradesh,865638.0,Shipping
OR-03566,CUST-19030,"H.No._911
Chadha_Chowk
Danapur-452608",Danapur,Bihar,452608.0,"Billing,_Shipping"
CG-03567,CUST-01783,"646,_Kalla_Street
Nagpur_413800",Nagpur,Maharashtra,413800.0,"Billing,_Shipping"
WB-03568,CUST-18729,"315,_Karan_Marg,_Uluberia_435995",Uluberia,West_Bengal,435995.0,"Billing,_Shipping"
UP-03569,CUST-16520,"H.No._410
Dugar_Marg
Gurgaon-350181",Gurgaon,Haryana,350181.0,Billing
CG-03570,CUST-11316,"62/908
Walla_Ganj
Sambalpur_456251",Sambalpur,Odisha,456251.0,Billing
HR-03571,CUST-09686,"347,_Soman_Circle
Aurangabad_582009",Aurangabad,Maharashtra,582009.0,"Billing,_Shipping"
BR-03572,CUST-13981,"H.No._98,_Sen_Path
Satna-695240",Satna,Madhya_Pradesh,695240.0,Shipping
WB-03573,CUST-00344,"23/24,_Badal_Ganj,_Uluberia-957120",Uluberia,West_Bengal,957120.0,Shipping
OR-03574,CUST-16306,"21/48
Kalla_Circle
Patna_135938",Patna,Bihar,135938.0,"Billing,_Shipping"
RJ-03575,CUST-16713,"77/858
Edwin_Circle
Dewas-074256",Dewas,Madhya_Pradesh,74256.0,"Billing,_Shipping"
MP-03576,CUST-18391,"89,_Dhillon,_Mau-479771",Mau,Uttar_Pradesh,479771.0,Shipping
MP-03577,CUST-05633,"46/03,_Dalal_Marg,_Dehri_102905",Dehri,Bihar,102905.0,"Billing,_Shipping"
CG-03578,CUST-00981,"642
Aggarwal_Circle
Nagpur-003027",Nagpur,Maharashtra,3027.0,"Billing,_Shipping"
AP-03579,CUST-13416,"H.No._96
Gole
Dharmavaram-377198",Dharmavaram,Andhra_Pradesh,377198.0,"Billing,_Shipping"
MP-03580,CUST-09571,"49/81
Brar_Street
Indore-811510",Indore,Madhya_Pradesh,811510.0,Billing
TN-03581,CUST-19388,"705,_Bhagat_Path,_Tiruppur-779711",Tiruppur,Tamil_Nadu,779711.0,Billing
MP-03582,CUST-12941,"H.No._12,_Ramanathan_Street,_Dehri-260982",Dehri,Bihar,260982.0,Shipping
HR-03583,CUST-12633,"56/03,_Sampath_Chowk,_Siwan-006777",Siwan,Bihar,6777.0,"Billing,_Shipping"
KA-03584,CUST-13639,"50,_Som_Zila,_Amaravati-309444",Amaravati,Andhra_Pradesh,309444.0,"Billing,_Shipping"
HP-03585,CUST-02140,"H.No._964
Loyal_Marg
Udaipur_741321",Udaipur,Rajasthan,741321.0,Shipping
MH-03586,CUST-09535,"H.No._96
Buch
Jalgaon-189018",Jalgaon,Maharashtra,189018.0,"Billing,_Shipping"
AP-03587,CUST-04613,"70,_Kala_Path
Dharmavaram-744087",Dharmavaram,Andhra_Pradesh,744087.0,"Billing,_Shipping"
OR-03588,CUST-12754,"69/11,_Baria_Ganj
Bijapur_478918",Bijapur,Karnataka,478918.0,Shipping
TR-03589,CUST-12799,"48/439,_Tara_Circle
Chandigarh_034654",Chandigarh,Chandigarh_(Union_Territory),34654.0,Shipping
MP-03590,CUST-14741,"20/47,_Kumar_Path,_Kishanganj-858008",Kishanganj,Bihar,858008.0,Billing
UP-03591,CUST-13356,"514,_Taneja_Road
Farrukhabad_319293",Farrukhabad,Uttar_Pradesh,319293.0,Billing
JH-03592,CUST-16207,"09/33,_Salvi_Circle
Asansol-301735",Asansol,West_Bengal,301735.0,Shipping
UP-03593,CUST-01619,"88/303,_Cheema_Path
Ahmedabad_947995",Ahmedabad,Gujarat,947995.0,Billing
OR-03594,CUST-19084,"62/211
Deol_Chowk
Bharatpur-450296",Bharatpur,Rajasthan,450296.0,Billing
TN-03595,CUST-02466,"96/740,_Lall,_Salem_097095",Salem,Tamil_Nadu,97095.0,Billing
UK-03596,CUST-04040,"65/13
Bhasin_Marg
Jalna-844776",Jalna,Maharashtra,844776.0,"Billing,_Shipping"
UP-03597,CUST-11449,"77/559
Ratti_Chowk
Bhagalpur_392949",Bhagalpur,Bihar,392949.0,Billing
JH-03598,CUST-11898,"15/15,_Gole_Nagar,_Phusro-164546",Phusro,Jharkhand,164546.0,"Billing,_Shipping"
BR-03599,CUST-01961,"H.No._352
Dora_Chowk
Purnia-338962",Purnia,Bihar,338962.0,Billing
AP-03600,CUST-11110,"H.No._99
Rajan_Chowk
Dharmavaram_723898",Dharmavaram,Andhra_Pradesh,723898.0,Billing
KA-03601,CUST-16031,"H.No._20,_Bhatnagar_Road,_Solapur-761921",Solapur,Maharashtra,761921.0,Shipping
MP-03602,CUST-18108,"76
Bal_Chowk
Khandwa-529861",Khandwa,Madhya_Pradesh,529861.0,"Billing,_Shipping"
AS-03603,CUST-09653,"50/41
Gopal
Bongaigaon-085396",Bongaigaon,Assam,85396.0,"Billing,_Shipping"
KA-03604,CUST-10932,"H.No._17,_Raval_Road,_Tumkur_043494",Tumkur,Karnataka,43494.0,"Billing,_Shipping"
UP-03605,CUST-04562,"36/108
Bansal_Circle
Raiganj-877311",Raiganj,West_Bengal,877311.0,Shipping
MP-03606,CUST-03642,"662
Borde_Circle
Ramgarh_375429",Ramgarh,Jharkhand,375429.0,Shipping
AS-03607,CUST-09786,"H.No._62,_Cheema_Path
Nagaon_020698",Nagaon,Assam,20698.0,"Billing,_Shipping"
TS-03608,CUST-07976,"600,_Krish_Ganj,_Nizamabad-812639",Nizamabad,Telangana,812639.0,Shipping
AS-03609,CUST-13042,"64/510,_Sodhi_Path
Bongaigaon-070670",Bongaigaon,Assam,70670.0,Billing
UP-03610,CUST-05580,"39/31,_Bala_Street
Jamalpur_382732",Jamalpur,Bihar,382732.0,Billing
UP-03611,CUST-17518,"H.No._429,_Tiwari,_Raiganj_495054",Raiganj,West_Bengal,495054.0,Shipping
OR-03612,CUST-03035,"35,_Biswas_Ganj,_Bharatpur-425995",Bharatpur,Rajasthan,425995.0,Shipping
AP-03613,CUST-03858,"38,_Kalla_Marg
Anantapuram_761339",Anantapuram,Andhra_Pradesh,761339.0,Billing
AP-03614,CUST-10796,"75
Mand_Zila
Srikakulam_918567",Srikakulam,Andhra_Pradesh,918567.0,"Billing,_Shipping"
GJ-03615,CUST-19178,"18/64
Chacko
Gandhidham-534606",Gandhidham,Gujarat,534606.0,Shipping
HP-03616,CUST-16055,"685
Dalal_Chowk
Udaipur-453518",Udaipur,Rajasthan,453518.0,Billing
GJ-03617,CUST-17146,"H.No._884
Bawa_Ganj
Hajipur-010735",Hajipur,Bihar,10735.0,Shipping
UP-03618,CUST-10389,"31/64,_Bava_Circle
Mirzapur-476321",Mirzapur,Uttar_Pradesh,476321.0,Shipping
GJ-03619,CUST-14713,"10/235
Hora_Street
Ajmer_532796",Ajmer,Rajasthan,532796.0,"Billing,_Shipping"
WB-03620,CUST-14512,"51,_Biswas_Chowk
Arrah-290142",Arrah,Bihar,290142.0,Billing
TR-03621,CUST-15771,"613,_Kaul_Street
Chandigarh-766847",Chandigarh,Chandigarh_(Union_Territory),766847.0,Shipping
OR-03622,CUST-11431,"H.No._93
Vig_Marg
Bijapur-000946",Bijapur,Karnataka,946.0,Billing
OR-03623,CUST-10588,"H.No._404
Sarin_Road
Chandrapur-888147",Chandrapur,Maharashtra,888147.0,"Billing,_Shipping"
MP-03624,CUST-06788,"H.No._95
Sibal_Path
Indore-065826",Indore,Madhya_Pradesh,65826.0,Billing
BR-03625,CUST-13289,"30/792,_Krish_Zila
Munger_169900",Munger,Bihar,169900.0,Billing
AS-03626,CUST-00409,"H.No._14,_Khanna_Ganj,_Bongaigaon-427728",Bongaigaon,Assam,427728.0,Shipping
UP-03627,CUST-10061,"78/020
Tiwari_Road
Sambhal-760672",Sambhal,Uttar_Pradesh,760672.0,Shipping
TS-03628,CUST-15649,"H.No._728,_Chana_Path,_Ambala-066397",Ambala,Haryana,66397.0,Billing
WB-03629,CUST-01270,"85/095,_Devan_Zila
Uluberia-852152",Uluberia,West_Bengal,852152.0,Billing
MH-03630,CUST-15788,"H.No._51,_Brar_Marg
Jalgaon-777988",Jalgaon,Maharashtra,777988.0,Shipping
HR-03631,CUST-13211,"50/38
Dora_Chowk
Siwan_332454",Siwan,Bihar,332454.0,Shipping
TS-03632,CUST-00353,"31,_Rout_Road,_Dindigul_470069",Dindigul,Tamil_Nadu,470069.0,Billing
OR-03633,CUST-05990,"35/11,_Dyal_Nagar
Mathura-994234",Mathura,Uttar_Pradesh,994234.0,Shipping
BR-03634,CUST-18923,"61/308
Gera_Ganj
Jaipur-118668",Jaipur,Rajasthan,118668.0,Billing
OR-03635,CUST-03601,"88/18,_Dar_Path,_Bilaspur_004247",Bilaspur,Chhattisgarh,4247.0,Billing
WB-03636,CUST-12956,"913,_Deshmukh_Nagar,_Bally-297293",Bally,West_Bengal,297293.0,Shipping
MH-03637,CUST-01440,"H.No._209,_Sundaram_Nagar,_Bhiwandi-830525",Bhiwandi,Maharashtra,830525.0,Billing
OR-03638,CUST-19228,"H.No._05,_Kara,_Chandrapur-839271",Chandrapur,Maharashtra,839271.0,Shipping
MP-03639,CUST-15798,"H.No._620,_Goda_Path,_Jhansi_332428",Jhansi,Uttar_Pradesh,332428.0,Billing
OR-03640,CUST-12693,"H.No._350,_Kannan_Path,_Patna-276306",Patna,Bihar,276306.0,"Billing,_Shipping"
TS-03641,CUST-16777,"H.No._24,_Bajwa_Marg,_Nizamabad-228255",Nizamabad,Telangana,228255.0,Shipping
UP-03642,CUST-14846,"43/27,_Saini_Zila,_Ahmedabad-205969",Ahmedabad,Gujarat,205969.0,Shipping
BR-03643,CUST-18740,"867,_Gaba_Zila,_Satna_079717",Satna,Madhya_Pradesh,79717.0,Billing
UK-03644,CUST-04590,"20
Sem_Nagar
Shivpuri_129695",Shivpuri,Madhya_Pradesh,129695.0,Billing
RJ-03645,CUST-15535,"H.No._47,_Bhagat_Ganj
Dewas_766455",Dewas,Madhya_Pradesh,766455.0,Shipping
MH-03646,CUST-08283,"66,_Sama_Road
Malegaon-804796",Malegaon,Maharashtra,804796.0,Billing
KA-03647,CUST-14200,"950,_Talwar_Chowk
Amaravati_859746",Amaravati,Andhra_Pradesh,859746.0,"Billing,_Shipping"
HR-03648,CUST-16384,"H.No._49,_Dash_Marg
Aurangabad-977677",Aurangabad,Maharashtra,977677.0,Billing
MP-03649,CUST-12451,"483,_Bains,_Kota_463476",Kota,Rajasthan,463476.0,Billing
WB-03650,CUST-16692,"84
Chandra_Road
Aligarh_687075",Aligarh,Uttar_Pradesh,687075.0,"Billing,_Shipping"
OR-03651,CUST-03038,"H.No._77,_Datta_Marg
Mathura_347562",Mathura,Uttar_Pradesh,347562.0,Shipping
MH-03652,CUST-00432,"612,_Sunder_Circle
Loni_912815",Loni,Uttar_Pradesh,912815.0,"Billing,_Shipping"
AP-03653,CUST-11767,"35/12,_Kaul_Ganj
Gudivada_982849",Gudivada,Andhra_Pradesh,982849.0,Shipping
UP-03654,CUST-13802,"385,_Talwar_Chowk
Mirzapur_467909",Mirzapur,Uttar_Pradesh,467909.0,"Billing,_Shipping"
MP-03655,CUST-15350,"H.No._31,_Srinivasan_Marg
Jalandhar_923024",Jalandhar,Punjab,923024.0,Billing
UP-03656,CUST-02356,"47
Warrior_Zila
Farrukhabad-420573",Farrukhabad,Uttar_Pradesh,420573.0,Shipping
CG-03657,CUST-11995,"H.No._18,_Raju_Nagar,_Nagpur-367716",Nagpur,Maharashtra,367716.0,Shipping
AP-03658,CUST-16359,"133,_Rajan_Chowk,_Bhimavaram-906627",Bhimavaram,Andhra_Pradesh,906627.0,"Billing,_Shipping"
JH-03659,CUST-02977,"85,_Ray
Mango_001480",Mango,Jharkhand,1480.0,"Billing,_Shipping"
TN-03660,CUST-18196,"H.No._967
Ghosh_Path
Tiruppur_479451",Tiruppur,Tamil_Nadu,479451.0,Billing
UP-03661,CUST-07354,"H.No._665,_Tripathi_Street
Ahmedabad-033283",Ahmedabad,Gujarat,33283.0,Shipping
GJ-03662,CUST-00554,"H.No._625,_Shankar_Zila,_Vadodara-775208",Vadodara,Gujarat,775208.0,Shipping
OR-03663,CUST-11330,"045,_Gade_Road,_Mathura_146712",Mathura,Uttar_Pradesh,146712.0,Billing
RJ-03664,CUST-15868,"049
Taneja_Nagar
Dewas-266011",Dewas,Madhya_Pradesh,266011.0,"Billing,_Shipping"
MH-03666,CUST-14066,"H.No._069,_Agate_Zila
Nanded_216888",Nanded,Maharashtra,216888.0,Billing
GJ-03667,CUST-05630,"62,_Khatri_Street,_Allahabad_040009",Allahabad,Uttar_Pradesh,40009.0,"Billing,_Shipping"
MH-03668,CUST-10809,"11/839,_Sarna_Road
Satara_581850",Satara,Maharashtra,581850.0,Billing
TR-03669,CUST-17179,"18/893,_Dugal_Road,_Durgapur_842350",Durgapur,West_Bengal,842350.0,Billing
TN-03670,CUST-13903,"H.No._913,_Choudhry_Street,_Avadi_605262",Avadi,Tamil_Nadu,605262.0,Billing
TS-03671,CUST-00242,"421
Dutta_Marg
Dindigul_828990",Dindigul,Tamil_Nadu,828990.0,"Billing,_Shipping"
UP-03672,CUST-18097,"98
Majumdar_Road
Sambhal_954982",Sambhal,Uttar_Pradesh,954982.0,Shipping
UP-03673,CUST-11294,"23,_Dey_Zila,_Ahmedabad_372854",Ahmedabad,Gujarat,372854.0,Shipping
MP-03674,CUST-06276,"540
Bansal_Circle
Gorakhpur-130550",Gorakhpur,Uttar_Pradesh,130550.0,Shipping
WB-03675,CUST-08674,"07
Saran_Marg
Kulti_547231",Kulti,West_Bengal,547231.0,"Billing,_Shipping"
OR-03676,CUST-15407,"H.No._903,_Rajagopalan_Circle
Berhampur-522017",Berhampur,Odisha,522017.0,Shipping
WB-03677,CUST-02451,"15/812
Sidhu_Path
Bidhannagar-536183",Bidhannagar,West_Bengal,536183.0,"Billing,_Shipping"
OR-03678,CUST-01553,"31/16,_Sahota_Nagar
Bharatpur-143861",Bharatpur,Rajasthan,143861.0,"Billing,_Shipping"
OR-03679,CUST-12991,"59/31
Reddy_Ganj
Mathura-202693",Mathura,Uttar_Pradesh,202693.0,Shipping
CG-03680,CUST-06472,"H.No._866,_Grover_Chowk,_Malda_722601",Malda,West_Bengal,722601.0,Shipping
GJ-03681,CUST-07063,"948
Jhaveri_Zila
Jabalpur_623270",Jabalpur,Madhya_Pradesh,623270.0,Billing
KA-03682,CUST-02173,"86/90,_Rana_Path
Mangalore_011234",Mangalore,Karnataka,11234.0,Billing
KA-03683,CUST-11737,"62/462
Arya_Street
Hospet-954519",Hospet,Karnataka,954519.0,Shipping
BR-03684,CUST-04538,"H.No._96,_Gopal_Zila
Munger_685000",Munger,Bihar,685000.0,"Billing,_Shipping"
TS-03685,CUST-01124,"81/62,_Reddy_Road,_Sirsa_919178",Sirsa,Haryana,919178.0,Shipping
CG-03686,CUST-17505,"620
Kannan
Malda-426676",Malda,West_Bengal,426676.0,Shipping
WB-03687,CUST-04217,"390,_Chander_Chowk
Naihati-908551",Naihati,West_Bengal,908551.0,Billing
TS-03688,CUST-16651,"13/396
Gala_Street
Sirsa-703981",Sirsa,Haryana,703981.0,"Billing,_Shipping"
AS-03689,CUST-04610,"H.No._499,_Ram_Path,_Siliguri_749385",Siliguri,West_Bengal,749385.0,"Billing,_Shipping"
OR-03690,CUST-13548,"H.No._00
Som_Street
Haldia-102915",Haldia,West_Bengal,102915.0,Billing
TN-03691,CUST-16302,"H.No._64,_Dhillon_Path
Vellore-083730",Vellore,Tamil_Nadu,83730.0,Shipping
RJ-03692,CUST-05096,"41,_Issac_Path,_Akola_138080",Akola,Maharashtra,138080.0,Billing
KA-03693,CUST-13071,"404,_Chaudhary_Marg,_Solapur-811609",Solapur,Maharashtra,811609.0,"Billing,_Shipping"
WB-03694,CUST-12291,"78,_Ghosh_Road
Bhatpara_938730",Bhatpara,West_Bengal,938730.0,Shipping
OR-03695,CUST-17656,"09
Sarkar
Bharatpur-141988",Bharatpur,Rajasthan,141988.0,Shipping
WB-03696,CUST-15140,"H.No._81,_Dalal_Ganj
Panihati_493072",Panihati,West_Bengal,493072.0,"Billing,_Shipping"
UP-03697,CUST-11392,"H.No._056
Kohli_Path
Bhagalpur_570038",Bhagalpur,Bihar,570038.0,Billing
GJ-03698,CUST-15866,"H.No._702
Ramaswamy_Road
Vadodara_934587",Vadodara,Gujarat,934587.0,Billing
TS-03699,CUST-14514,"17/69,_Khurana_Ganj,_Nizamabad-520039",Nizamabad,Telangana,520039.0,"Billing,_Shipping"
UP-03700,CUST-19419,"H.No._37
Korpal_Marg
Shahjahanpur_039632",Shahjahanpur,Uttar_Pradesh,39632.0,Shipping
UK-03701,CUST-12495,"67
Samra_Chowk
Jalna_390106",Jalna,Maharashtra,390106.0,Shipping
UP-03702,CUST-10929,"83/833
Zachariah_Nagar
Farrukhabad_208963",Farrukhabad,Uttar_Pradesh,208963.0,"Billing,_Shipping"
TS-03703,CUST-00095,"08,_Rout_Chowk
Ambala_895902",Ambala,Haryana,895902.0,Shipping
OR-03704,CUST-10309,"40/85,_Dave_Ganj,_Chandrapur-979315",Chandrapur,Maharashtra,979315.0,"Billing,_Shipping"
UP-03705,CUST-18798,"85/246
Ganguly
Raipur_813417",Raipur,Chhattisgarh,813417.0,"Billing,_Shipping"
WB-03706,CUST-18919,"365,_Batta_Ganj,_Kulti_858622",Kulti,West_Bengal,858622.0,"Billing,_Shipping"
UP-03707,CUST-02101,"60/62,_Karpe_Road
Shahjahanpur-212455",Shahjahanpur,Uttar_Pradesh,212455.0,"Billing,_Shipping"
KA-03708,CUST-19125,"79
Samra
Hospet-327804",Hospet,Karnataka,327804.0,"Billing,_Shipping"
TN-03709,CUST-07571,"53/65
Bali_Zila
Salem-816904",Salem,Tamil_Nadu,816904.0,"Billing,_Shipping"
MP-03710,CUST-10043,"25/33,_Khalsa_Zila,_Mau_624556",Mau,Uttar_Pradesh,624556.0,Billing
WB-03711,CUST-09303,"59/610,_Warrior_Road
Kamarhati_552589",Kamarhati,West_Bengal,552589.0,"Billing,_Shipping"
KA-03712,CUST-15093,"H.No._31,_Sethi_Road
Amaravati-222846",Amaravati,Andhra_Pradesh,222846.0,Shipping
MP-03713,CUST-04095,"H.No._88
Kumer
Khandwa-393105",Khandwa,Madhya_Pradesh,393105.0,Billing
AP-03714,CUST-04851,"58,_Amble_Street,_Bhimavaram_783537",Bhimavaram,Andhra_Pradesh,783537.0,"Billing,_Shipping"
MP-03715,CUST-09181,"09,_Saini_Nagar,_Dehri-796267",Dehri,Bihar,796267.0,Billing
TS-03716,CUST-15706,"H.No._081
Krish_Chowk
Ramagundam_276894",Ramagundam,Telangana,276894.0,Billing
JH-03717,CUST-05082,"71/55,_Sarkar_Zila
Kharagpur-387027",Kharagpur,West_Bengal,387027.0,Billing
WB-03718,CUST-17494,"323,_Rajagopal_Zila,_Panihati_286234",Panihati,West_Bengal,286234.0,"Billing,_Shipping"
UP-03719,CUST-08764,"24/800,_Kar_Circle,_Muzaffarpur-440435",Muzaffarpur,Bihar,440435.0,Shipping
WB-03720,CUST-12624,"78/33
Kannan_Marg
Aligarh_056616",Aligarh,Uttar_Pradesh,56616.0,"Billing,_Shipping"
OR-03721,CUST-14855,"H.No._33,_Comar_Zila,_Anantapur_210394",Anantapur,Andhra_Pradesh,210394.0,Billing
MP-03722,CUST-17102,"H.No._05
Sethi_Circle
Gorakhpur-078195",Gorakhpur,Uttar_Pradesh,78195.0,"Billing,_Shipping"
TN-03723,CUST-16475,"54
Basu_Ganj
Tiruppur_347380",Tiruppur,Tamil_Nadu,347380.0,"Billing,_Shipping"
MH-03724,CUST-06037,"81/994,_Bedi_Chowk
Rampur-806572",Rampur,Uttar_Pradesh,806572.0,"Billing,_Shipping"
MP-03725,CUST-14645,"H.No._23
Brahmbhatt
Ramgarh_041459",Ramgarh,Jharkhand,41459.0,Billing
KA-03726,CUST-05810,"604,_Kunda_Path
Mangalore_349594",Mangalore,Karnataka,349594.0,Shipping
TS-03727,CUST-12197,"856,_Rau_Ganj
Dindigul-727760",Dindigul,Tamil_Nadu,727760.0,Shipping
CG-03728,CUST-13975,"59/483,_Kumar_Street,_Bhilai-965322",Bhilai,Chhattisgarh,965322.0,Billing
RJ-03729,CUST-17715,"17/707,_Ratta_Street
Dewas_065186",Dewas,Madhya_Pradesh,65186.0,"Billing,_Shipping"
OR-03730,CUST-07938,"92/23,_Chaudhary_Path,_Chandrapur_476831",Chandrapur,Maharashtra,476831.0,Shipping
OR-03731,CUST-10106,"88
Agrawal_Nagar
Danapur-384405",Danapur,Bihar,384405.0,Shipping
CG-03732,CUST-12478,"H.No._235,_Sani_Chowk,_Bhilai-999975",Bhilai,Chhattisgarh,999975.0,"Billing,_Shipping"
MP-03733,CUST-12515,"H.No._929,_Sodhi_Zila
Jalandhar_774745",Jalandhar,Punjab,774745.0,Shipping
GJ-03734,CUST-16416,"07/28,_Chana_Chowk,_Vadodara_096169",Vadodara,Gujarat,96169.0,"Billing,_Shipping"
HP-03735,CUST-16822,"H.No._018,_Sani_Path,_Udaipur_466479",Udaipur,Rajasthan,466479.0,Billing
MH-03736,CUST-17090,"18,_Rau_Chowk,_Loni_461731",Loni,Uttar_Pradesh,461731.0,"Billing,_Shipping"
TN-03737,CUST-02007,"855,_Mammen_Marg,_Pali-601981",Pali,Rajasthan,601981.0,"Billing,_Shipping"
MH-03738,CUST-15579,"H.No._368,_Sachar_Zila
Malegaon-164771",Malegaon,Maharashtra,164771.0,Shipping
AP-03739,CUST-19392,"79/00,_Kohli_Street
Bhimavaram_389865",Bhimavaram,Andhra_Pradesh,389865.0,"Billing,_Shipping"
UP-03740,CUST-16646,"H.No._74,_Tailor_Chowk
Raiganj-393170",Raiganj,West_Bengal,393170.0,Billing
TS-03741,CUST-13397,"680,_Bala_Road
Ramagundam_877684",Ramagundam,Telangana,877684.0,Billing
TN-03742,CUST-05679,"25/90
Rana_Nagar
Pali_132712",Pali,Rajasthan,132712.0,"Billing,_Shipping"
RJ-03743,CUST-06443,"77/197,_Tara_Chowk
Rajkot_712547",Rajkot,Gujarat,712547.0,"Billing,_Shipping"
AP-03744,CUST-16869,"H.No._731,_Yadav_Nagar
Jammu_300941",Jammu,Jammu_and_Kashmir,300941.0,Shipping
MH-03745,CUST-16575,"H.No._762
Kala_Zila
Loni_388158",Loni,Uttar_Pradesh,388158.0,"Billing,_Shipping"
RJ-03746,CUST-06273,"H.No._66,_Bhatt_Street
Fatehpur_656636",Fatehpur,Uttar_Pradesh,656636.0,"Billing,_Shipping"
MP-03747,CUST-19088,"H.No._71,_Varma_Zila
Dehri-017852",Dehri,Bihar,17852.0,"Billing,_Shipping"
UK-03748,CUST-13137,"80/89
Keer_Nagar
Jalna-934682",Jalna,Maharashtra,934682.0,"Billing,_Shipping"
UP-03749,CUST-03157,"H.No._388
Lal_Marg
Mirzapur_029020",Mirzapur,Uttar_Pradesh,29020.0,Billing
HR-03750,CUST-09094,"55/253
Raju_Street
Aurangabad-204614",Aurangabad,Maharashtra,204614.0,Shipping
HR-03751,CUST-18155,"72,_Reddy
Aurangabad-702966",Aurangabad,Maharashtra,702966.0,Shipping
UP-03752,CUST-12064,"H.No._542,_Choudhary_Path
Karimnagar-812365",Karimnagar,Telangana,812365.0,Shipping
MP-03753,CUST-19770,"536
Barman_Nagar
Indore_354520",Indore,Madhya_Pradesh,354520.0,"Billing,_Shipping"
CG-03754,CUST-15476,"93,_Shukla
Malda_724844",Malda,West_Bengal,724844.0,Shipping
UP-03755,CUST-07138,"393
Goda_Chowk
Shahjahanpur-164641",Shahjahanpur,Uttar_Pradesh,164641.0,Shipping
GJ-03756,CUST-16222,"89
Comar_Nagar
Gandhidham-582135",Gandhidham,Gujarat,582135.0,Shipping
WB-03757,CUST-17735,"H.No._09,_Sane_Path,_Naihati_753208",Naihati,West_Bengal,753208.0,Shipping
MH-03758,CUST-09972,"479
Saini_Zila
Nanded_408184",Nanded,Maharashtra,408184.0,"Billing,_Shipping"
WB-03759,CUST-03799,"H.No._766,_Krishnamurthy,_Kulti_415271",Kulti,West_Bengal,415271.0,"Billing,_Shipping"
TN-03760,CUST-17040,"H.No._41,_Rau,_Tiruppur_944321",Tiruppur,Tamil_Nadu,944321.0,"Billing,_Shipping"
UP-03761,CUST-13570,"931,_Grover_Chowk,_Shahjahanpur-298730",Shahjahanpur,Uttar_Pradesh,298730.0,Shipping
UP-03762,CUST-17811,"27,_Mane_Zila
Firozabad-106573",Firozabad,Uttar_Pradesh,106573.0,Shipping
WB-03763,CUST-13437,"H.No._885
Dora_Marg
Aligarh-927507",Aligarh,Uttar_Pradesh,927507.0,Shipping
TS-03764,CUST-15111,"19,_Thaman_Road,_Proddatur_559058",Proddatur,Andhra_Pradesh,559058.0,Billing
MP-03765,CUST-07637,"H.No._28,_Kuruvilla_Path,_Kishanganj_599572",Kishanganj,Bihar,599572.0,"Billing,_Shipping"
RJ-03766,CUST-04467,"94/388
Tripathi_Ganj
Fatehpur_394872",Fatehpur,Uttar_Pradesh,394872.0,"Billing,_Shipping"
MP-03767,CUST-15600,"H.No._007,_Chandran_Road
Kishanganj_703182",Kishanganj,Bihar,703182.0,Shipping
AP-03768,CUST-08656,"64,_Desai_Ganj
Srikakulam_825700",Srikakulam,Andhra_Pradesh,825700.0,"Billing,_Shipping"
TN-03769,CUST-18092,"230,_Choudhary_Street,_Avadi_921026",Avadi,Tamil_Nadu,921026.0,"Billing,_Shipping"
KL-03770,CUST-13530,"575,_Char
Kollam_021136",Kollam,Kerala,21136.0,"Billing,_Shipping"
UP-03771,CUST-18379,"66
Chaudhary_Path
Burhanpur-287759",Burhanpur,Madhya_Pradesh,287759.0,Billing
MP-03772,CUST-14014,"886,_Andra_Nagar
Kishanganj-343147",Kishanganj,Bihar,343147.0,"Billing,_Shipping"
BR-03773,CUST-10967,"62/32,_Viswanathan_Nagar,_Jaipur-383824",Jaipur,Rajasthan,383824.0,Billing
BR-03774,CUST-01102,"H.No._44,_Vohra_Ganj,_Munger_367516",Munger,Bihar,367516.0,Shipping
UP-03775,CUST-03112,"00
Tara_Path
Firozabad-129249",Firozabad,Uttar_Pradesh,129249.0,Billing
TN-03776,CUST-17244,"55/75,_Seth_Chowk,_Vellore_762401",Vellore,Tamil_Nadu,762401.0,Billing
OR-03777,CUST-02603,"22/277
Dutta_Ganj
Mathura-289196",Mathura,Uttar_Pradesh,289196.0,Shipping
JH-03778,CUST-10141,"56/56,_Balan_Nagar,_Phusro_582622",Phusro,Jharkhand,582622.0,"Billing,_Shipping"
MH-03779,CUST-18817,"H.No._417
Shere_Marg
Bhiwandi-042051",Bhiwandi,Maharashtra,42051.0,Shipping
AP-03780,CUST-16062,"71/603
Konda_Circle
Bhimavaram_583798",Bhimavaram,Andhra_Pradesh,583798.0,"Billing,_Shipping"
UP-03781,CUST-18382,"H.No._210
Randhawa_Zila
Bhagalpur-006845",Bhagalpur,Bihar,6845.0,Shipping
TN-03782,CUST-19695,"H.No._42,_Varughese_Marg,_Gandhinagar_944048",Gandhinagar,Gujarat,944048.0,Shipping
MP-03783,CUST-18924,"H.No._994,_Sankar_Ganj
Agra_454018",Agra,Uttar_Pradesh,454018.0,"Billing,_Shipping"
WB-03784,CUST-11009,"04/235
Krishnan
Bidhannagar-904776",Bidhannagar,West_Bengal,904776.0,Shipping
HR-03785,CUST-18490,"12,_Badami_Zila
Aurangabad_780231",Aurangabad,Maharashtra,780231.0,Billing
UP-03786,CUST-06706,"14/058
Johal_Chowk
Jamalpur-385495",Jamalpur,Bihar,385495.0,Billing
AP-03787,CUST-14981,"H.No._45
Maharaj
Bhimavaram_692693",Bhimavaram,Andhra_Pradesh,692693.0,Billing
TR-03788,CUST-00862,"39,_Som_Path,_Durgapur-827588",Durgapur,West_Bengal,827588.0,Shipping
GJ-03789,CUST-14386,"15,_Singh_Path,_Gandhidham-866237",Gandhidham,Gujarat,866237.0,Shipping
OR-03790,CUST-14999,"66/831,_Chacko_Ganj
Bijapur_515757",Bijapur,Karnataka,515757.0,"Billing,_Shipping"
WB-03791,CUST-02382,"H.No._40,_Mammen_Marg
Bally_269761",Bally,West_Bengal,269761.0,Billing
HP-03792,CUST-07937,"H.No._538,_Gill_Chowk
Udaipur-636831",Udaipur,Rajasthan,636831.0,Shipping
OR-03793,CUST-16754,"H.No._385,_Barman_Nagar,_Bilaspur-354194",Bilaspur,Chhattisgarh,354194.0,"Billing,_Shipping"
OR-03794,CUST-19209,"27/164
Sathe_Chowk
Mathura_037921",Mathura,Uttar_Pradesh,37921.0,Shipping
CG-03795,CUST-07803,"H.No._280,_Guha_Circle,_Malda_268868",Malda,West_Bengal,268868.0,"Billing,_Shipping"
AP-03796,CUST-03499,"258
Shan
Gudivada-190111",Gudivada,Andhra_Pradesh,190111.0,Billing
AP-03797,CUST-09789,"725,_Wason_Zila
Srikakulam-429373",Srikakulam,Andhra_Pradesh,429373.0,Billing
AS-03798,CUST-14193,"H.No._89,_Bora_Street,_Siliguri_696933",Siliguri,West_Bengal,696933.0,Billing
TS-03799,CUST-17719,"19,_Goyal
Proddatur_017226",Proddatur,Andhra_Pradesh,17226.0,"Billing,_Shipping"
TN-03800,CUST-05579,"H.No._252
Balan_Path
Pallavaram_819189",Pallavaram,Tamil_Nadu,819189.0,"Billing,_Shipping"
TS-03801,CUST-00296,"29/335,_Dhawan_Road,_Sirsa_057969",Sirsa,Haryana,57969.0,Billing
WB-03802,CUST-19603,"95
Krishna_Path
Bidhannagar_572916",Bidhannagar,West_Bengal,572916.0,"Billing,_Shipping"
UP-03803,CUST-12729,"H.No._938
Bhakta_Street
Raiganj_943855",Raiganj,West_Bengal,943855.0,Billing
MH-03804,CUST-12808,"918
Dara_Path
Nanded-572275",Nanded,Maharashtra,572275.0,Billing
OR-03805,CUST-09446,"70/16
Dora_Chowk
Haldia-075104",Haldia,West_Bengal,75104.0,"Billing,_Shipping"
CG-03806,CUST-00096,"H.No._240
Badami_Path
Bhilai_075663",Bhilai,Chhattisgarh,75663.0,Shipping
WB-03807,CUST-15584,"15/69,_Sengupta_Street
Arrah_277534",Arrah,Bihar,277534.0,Billing
UP-03808,CUST-05521,"388,_Saraf_Ganj,_Sambhal-314210",Sambhal,Uttar_Pradesh,314210.0,"Billing,_Shipping"
AS-03809,CUST-11029,"H.No._329
Sridhar_Path
Siliguri-109002",Siliguri,West_Bengal,109002.0,Shipping
MP-03810,CUST-19408,"81/89
Magar_Ganj
Ramgarh_376353",Ramgarh,Jharkhand,376353.0,Shipping
TN-03811,CUST-14375,"H.No._66
Luthra_Street
Tiruvottiyur_917044",Tiruvottiyur,Tamil_Nadu,917044.0,Billing
UP-03812,CUST-19101,"04,_Choudhry_Path
Farrukhabad_623135",Farrukhabad,Uttar_Pradesh,623135.0,"Billing,_Shipping"
TN-03813,CUST-16038,"220,_Chopra_Road,_Salem-197696",Salem,Tamil_Nadu,197696.0,Shipping
UK-03814,CUST-12893,"H.No._58
Tripathi_Road
Jalna_376573",Jalna,Maharashtra,376573.0,"Billing,_Shipping"
WB-03815,CUST-15079,"H.No._827,_Halder
Aligarh_149612",Aligarh,Uttar_Pradesh,149612.0,Shipping
KA-03816,CUST-11580,"19/17,_Chauhan_Street,_Hospet-477072",Hospet,Karnataka,477072.0,"Billing,_Shipping"
BR-03817,CUST-06106,"470
Buch_Ganj
Purnia-720013",Purnia,Bihar,720013.0,"Billing,_Shipping"
AP-03818,CUST-15336,"75/92,_Kapoor_Ganj,_Bhimavaram_802996",Bhimavaram,Andhra_Pradesh,802996.0,"Billing,_Shipping"
DL-03819,CUST-09684,"H.No._312,_Bal_Zila
Delhi-928121",Delhi,Delhi_(Union_Territory),928121.0,"Billing,_Shipping"
AP-03820,CUST-18185,"H.No._552,_Chawla_Street
Srikakulam-231409",Srikakulam,Andhra_Pradesh,231409.0,Billing
OR-03821,CUST-00204,"H.No._95,_Vig_Road
Mathura-409444",Mathura,Uttar_Pradesh,409444.0,Billing
TR-03822,CUST-09939,"H.No._629,_Sule_Chowk,_Chandigarh-445963",Chandigarh,Chandigarh_(Union_Territory),445963.0,"Billing,_Shipping"
BR-03823,CUST-11844,"H.No._716,_Doshi_Nagar,_Munger-869383",Munger,Bihar,869383.0,Shipping
MP-03824,CUST-15999,"H.No._03,_Johal,_Jhansi-648193",Jhansi,Uttar_Pradesh,648193.0,"Billing,_Shipping"
UK-03825,CUST-17305,"38,_Chaudry_Road
Jalna-992917",Jalna,Maharashtra,992917.0,Shipping
GJ-03826,CUST-10846,"26
Dash_Nagar
Allahabad_902080",Allahabad,Uttar_Pradesh,902080.0,"Billing,_Shipping"
MP-03828,CUST-10658,"98/75,_Mand_Ganj
Agra_410033",Agra,Uttar_Pradesh,410033.0,"Billing,_Shipping"
RJ-03829,CUST-14554,"66
Brahmbhatt_Chowk
Fatehpur-892341",Fatehpur,Uttar_Pradesh,892341.0,Shipping
GJ-03830,CUST-04205,"71/57,_Sankaran_Ganj
Gandhidham_462254",Gandhidham,Gujarat,462254.0,Shipping
MP-03831,CUST-01331,"35/266,_Ganesan,_Indore_143593",Indore,Madhya_Pradesh,143593.0,Shipping
MP-03832,CUST-10168,"28
Seshadri_Marg
Dehri_620562",Dehri,Bihar,620562.0,Shipping
WB-03833,CUST-10548,"H.No._866,_Kala_Road
Baranagar-978554",Baranagar,West_Bengal,978554.0,"Billing,_Shipping"
GJ-03834,CUST-13300,"30/817,_Bail_Circle,_Kavali-372507",Kavali,Andhra_Pradesh,372507.0,Billing
TN-03835,CUST-08337,"90/08,_Wagle_Nagar
Tiruvottiyur-146024",Tiruvottiyur,Tamil_Nadu,146024.0,Billing
GJ-03836,CUST-05773,"06/785,_Dhillon_Nagar
Jabalpur_494253",Jabalpur,Madhya_Pradesh,494253.0,"Billing,_Shipping"
JH-03837,CUST-07254,"H.No._15
Chandra_Marg
Phusro_135691",Phusro,Jharkhand,135691.0,"Billing,_Shipping"
UP-03838,CUST-13954,"73/94,_Deep_Ganj,_Ahmedabad_177925",Ahmedabad,Gujarat,177925.0,Shipping
WB-03839,CUST-02921,"37/401,_Bakshi_Path
Bhatpara_105208",Bhatpara,West_Bengal,105208.0,Billing
GJ-03840,CUST-11953,"66,_Kapur_Chowk,_Ajmer-758855",Ajmer,Rajasthan,758855.0,Billing
AS-03841,CUST-14211,"H.No._802
Upadhyay_Road
Bongaigaon_192066",Bongaigaon,Assam,192066.0,"Billing,_Shipping"
RJ-03842,CUST-04554,"55/878,_Kata
Akola-244027",Akola,Maharashtra,244027.0,"Billing,_Shipping"
TS-03843,CUST-19181,"31,_Chopra_Zila,_Srinagar_007528",Srinagar,Jammu_and_Kashmir,7528.0,Billing
TN-03844,CUST-12588,"679,_Mann_Circle
Tiruvottiyur-715878",Tiruvottiyur,Tamil_Nadu,715878.0,"Billing,_Shipping"
WB-03845,CUST-18969,"H.No._522,_Sehgal_Nagar
Bidhannagar_295503",Bidhannagar,West_Bengal,295503.0,Shipping
UP-03846,CUST-07969,"H.No._225,_Verma_Nagar,_Raipur-824695",Raipur,Chhattisgarh,824695.0,Billing
WB-03847,CUST-11954,"H.No._922,_Halder_Marg
Arrah-270579",Arrah,Bihar,270579.0,"Billing,_Shipping"
TN-03848,CUST-00151,"44,_Bail_Road
Pallavaram_995530",Pallavaram,Tamil_Nadu,995530.0,"Billing,_Shipping"
WB-03849,CUST-09022,"96/576
Zachariah_Path
Aligarh_676576",Aligarh,Uttar_Pradesh,676576.0,"Billing,_Shipping"
MP-03850,CUST-11514,"08/93,_Deol_Chowk,_Dehri-518804",Dehri,Bihar,518804.0,Billing
JH-03851,CUST-07256,"386,_Gulati_Path,_Kharagpur_782023",Kharagpur,West_Bengal,782023.0,Billing
OR-03852,CUST-04465,"779
Saran_Zila
Patna_603725",Patna,Bihar,603725.0,Shipping
JH-03853,CUST-09871,"H.No._40
Dey_Circle
Kharagpur-330462",Kharagpur,West_Bengal,330462.0,Billing
JH-03854,CUST-18546,"02/471,_Mander_Zila,_Asansol_920460",Asansol,West_Bengal,920460.0,Shipping
MH-03855,CUST-18321,"86/53
Iyengar_Circle
Jalgaon-165278",Jalgaon,Maharashtra,165278.0,Billing
WB-03856,CUST-14149,"H.No._216,_Chahal_Circle
Bhatpara-776124",Bhatpara,West_Bengal,776124.0,Shipping
TR-03857,CUST-19497,"562,_Dixit_Circle,_Durgapur_497813",Durgapur,West_Bengal,497813.0,Shipping
MH-03858,CUST-14400,"153,_Buch_Path
Rampur_102014",Rampur,Uttar_Pradesh,102014.0,"Billing,_Shipping"
WB-03859,CUST-09416,"H.No._490,_Borah_Circle
Kamarhati-317541",Kamarhati,West_Bengal,317541.0,"Billing,_Shipping"
TS-03860,CUST-05887,"H.No._16,_Lad,_Ambala_690830",Ambala,Haryana,690830.0,"Billing,_Shipping"
OR-03861,CUST-16874,"H.No._58,_Kanda_Nagar,_Danapur_185451",Danapur,Bihar,185451.0,Shipping
TS-03862,CUST-07540,"628,_Bajaj_Circle
Nizamabad_267011",Nizamabad,Telangana,267011.0,Billing
WB-03863,CUST-16596,"74/811,_Sidhu_Nagar,_Madhyamgram_654316",Madhyamgram,West_Bengal,654316.0,Billing
OR-03864,CUST-17197,"52/39,_Krishnan_Zila
Patna-538381",Patna,Bihar,538381.0,Shipping
OR-03865,CUST-19069,"H.No._251,_Bhatia_Marg,_Anantapur-452127",Anantapur,Andhra_Pradesh,452127.0,"Billing,_Shipping"
KA-03866,CUST-11819,"H.No._45,_Batra_Circle,_Tumkur-579323",Tumkur,Karnataka,579323.0,"Billing,_Shipping"
WB-03867,CUST-12446,"H.No._19
Lala_Zila
Kamarhati-959862",Kamarhati,West_Bengal,959862.0,"Billing,_Shipping"
GJ-03868,CUST-15237,"H.No._75,_Rau_Ganj
Gandhidham_524730",Gandhidham,Gujarat,524730.0,Billing
WB-03869,CUST-18181,"00/63,_Tiwari_Street
Baranagar_629403",Baranagar,West_Bengal,629403.0,Shipping
UP-03870,CUST-17852,"47/71,_Varty_Street
Farrukhabad_567007",Farrukhabad,Uttar_Pradesh,567007.0,Shipping
TN-03871,CUST-17580,"74/41
Rajagopal_Road
Salem-538029",Salem,Tamil_Nadu,538029.0,Billing
KA-03872,CUST-19795,"H.No._751,_Chandra_Zila
Amaravati-866502",Amaravati,Andhra_Pradesh,866502.0,"Billing,_Shipping"
UP-03873,CUST-10318,"29/03,_Bali_Chowk
Muzaffarpur_901310",Muzaffarpur,Bihar,901310.0,Billing
JH-03874,CUST-14736,"H.No._10
Bumb_Street
Asansol_361002",Asansol,West_Bengal,361002.0,Shipping
AP-03875,CUST-08246,"55/828
Sahota_Marg
Srikakulam-317277",Srikakulam,Andhra_Pradesh,317277.0,"Billing,_Shipping"
BR-03876,CUST-16070,"03,_Viswanathan,_Jaipur-544537",Jaipur,Rajasthan,544537.0,"Billing,_Shipping"
UP-03877,CUST-13002,"H.No._47,_Vala_Ganj,_Raiganj-966722",Raiganj,West_Bengal,966722.0,Shipping
TN-03878,CUST-13509,"77,_Tata_Marg
Salem-807902",Salem,Tamil_Nadu,807902.0,Shipping
TS-03879,CUST-01925,"83
Tripathi_Path
Hindupur_146649",Hindupur,Andhra_Pradesh,146649.0,Shipping
MH-03880,CUST-07876,"72/95
Mammen_Ganj
Yamunanagar_016773",Yamunanagar,Haryana,16773.0,"Billing,_Shipping"
HP-03881,CUST-14688,"23,_Lala_Street,_Udaipur-690504",Udaipur,Rajasthan,690504.0,Shipping
CG-03882,CUST-19213,"H.No._88,_Tandon_Ganj
Nagpur-553849",Nagpur,Maharashtra,553849.0,Shipping
OR-03883,CUST-15935,"91
Sahni
Anantapur_405139",Anantapur,Andhra_Pradesh,405139.0,Shipping
WB-03884,CUST-16006,"04/39
Krishnamurthy_Zila
Bally-931046",Bally,West_Bengal,931046.0,"Billing,_Shipping"
MP-03885,CUST-18984,"H.No._682,_Lad_Marg
Jalandhar-841228",Jalandhar,Punjab,841228.0,Shipping
KA-03887,CUST-11900,"H.No._929
Kaul_Circle
Solapur_846459",Solapur,Maharashtra,846459.0,Billing
TN-03888,CUST-17609,"16/169
Kata_Path
Gandhinagar-387374",Gandhinagar,Gujarat,387374.0,Billing
WB-03889,CUST-19853,"647,_Tank_Marg
Arrah-533316",Arrah,Bihar,533316.0,Shipping
MH-03890,CUST-10470,"H.No._609,_Barman_Path,_Jalgaon_842453",Jalgaon,Maharashtra,842453.0,Shipping
TN-03891,CUST-17293,"H.No._88,_Aurora_Road
Salem_644962",Salem,Tamil_Nadu,644962.0,Billing
UP-03892,CUST-13038,"H.No._410,_Kapoor_Road,_Mirzapur-443053",Mirzapur,Uttar_Pradesh,443053.0,Shipping
TS-03893,CUST-13409,"74,_Hora_Road,_Srinagar-925083",Srinagar,Jammu_and_Kashmir,925083.0,Billing
KA-03894,CUST-01480,"H.No._20
Dugar_Marg
Hospet-951346",Hospet,Karnataka,951346.0,Shipping
UP-03895,CUST-13917,"H.No._122,_Chokshi_Circle
Shahjahanpur_873193",Shahjahanpur,Uttar_Pradesh,873193.0,Billing
OR-03896,CUST-19189,"H.No._33
Ghose_Ganj
Patna-861406",Patna,Bihar,861406.0,Billing
UP-03897,CUST-01285,"010,_Rajan_Road,_Ahmedabad-570273",Ahmedabad,Gujarat,570273.0,Shipping
TS-03898,CUST-13384,"00/64,_Chauhan_Ganj,_Hindupur_802559",Hindupur,Andhra_Pradesh,802559.0,Shipping
KA-03899,CUST-16956,"85/39,_Bhagat_Chowk,_Solapur-138146",Solapur,Maharashtra,138146.0,Shipping
MH-03900,CUST-17215,"25,_Krishnan,_Guntur_689077",Guntur,Andhra_Pradesh,689077.0,"Billing,_Shipping"
GJ-03901,CUST-02766,"81
Seth_Circle
Vadodara-682222",Vadodara,Gujarat,682222.0,Billing
MP-03902,CUST-09894,"H.No._232
Acharya_Circle
Ramgarh_772184",Ramgarh,Jharkhand,772184.0,Billing
WB-03903,CUST-15850,"46,_Dhillon_Chowk
Kulti_051738",Kulti,West_Bengal,51738.0,Shipping
UP-03904,CUST-17187,"905,_Sachdeva_Ganj
Gurgaon_132093",Gurgaon,Haryana,132093.0,"Billing,_Shipping"
KA-03905,CUST-10346,"H.No._784,_Dhaliwal_Marg,_Hosur_536671",Hosur,Tamil_Nadu,536671.0,"Billing,_Shipping"
MH-03906,CUST-16349,"09/06
Kothari_Circle
Loni-013814",Loni,Uttar_Pradesh,13814.0,Billing
MH-03907,CUST-13366,"86/00,_Gade_Ganj
Bhiwandi_715611",Bhiwandi,Maharashtra,715611.0,Billing
MH-03908,CUST-13277,"07/192,_Kashyap_Road,_Karnal-848888",Karnal,Haryana,848888.0,Billing
TN-03909,CUST-15373,"90/85
Upadhyay
Tiruvottiyur_489292",Tiruvottiyur,Tamil_Nadu,489292.0,Shipping
RJ-03910,CUST-03703,"45,_Golla_Street
Dewas_823949",Dewas,Madhya_Pradesh,823949.0,Shipping
UP-03911,CUST-16342,"96
Kakar_Zila
Chapra_143410",Chapra,Bihar,143410.0,"Billing,_Shipping"
MP-03912,CUST-16954,"457
Ram_Circle
Indore-469320",Indore,Madhya_Pradesh,469320.0,"Billing,_Shipping"
MH-03913,CUST-13749,"H.No._392,_Sant_Marg
Guntur-966022",Guntur,Andhra_Pradesh,966022.0,"Billing,_Shipping"
UP-03914,CUST-09441,"19/58,_Kannan_Nagar,_Firozabad_862437",Firozabad,Uttar_Pradesh,862437.0,Shipping
OR-03915,CUST-15116,"H.No._976,_Chandran_Marg,_Berhampur_591614",Berhampur,Odisha,591614.0,Billing
MP-03916,CUST-17230,"12/701
Bhagat_Zila
Agra_082734",Agra,Uttar_Pradesh,82734.0,Billing
KA-03917,CUST-15057,"82/840
Baral_Marg
Hosur-361406",Hosur,Tamil_Nadu,361406.0,Shipping
OR-03918,CUST-17114,"42/159
Sundaram_Chowk
Anantapur-586298",Anantapur,Andhra_Pradesh,586298.0,Billing
UP-03919,CUST-11045,"H.No._89,_Kapadia_Street
Burhanpur-585168",Burhanpur,Madhya_Pradesh,585168.0,Shipping
WB-03920,CUST-03700,"99/461,_Kala_Chowk,_Panihati-603563",Panihati,West_Bengal,603563.0,Billing
KA-03921,CUST-13282,"H.No._60,_Varty_Circle
Hospet_804606",Hospet,Karnataka,804606.0,Shipping
TN-03922,CUST-16942,"79/033
Gandhi_Nagar
Salem_685854",Salem,Tamil_Nadu,685854.0,Shipping
OR-03923,CUST-04948,"21
Chad_Nagar
Bilaspur_860019",Bilaspur,Chhattisgarh,860019.0,Shipping
MP-03924,CUST-19646,"91,_Badami_Marg,_Gorakhpur_289657",Gorakhpur,Uttar_Pradesh,289657.0,Shipping
MP-03925,CUST-14421,"H.No._882
Shan_Nagar
Indore-940585",Indore,Madhya_Pradesh,940585.0,Shipping
JH-03926,CUST-12505,"35/10
Kaur_Zila
Mango_819139",Mango,Jharkhand,819139.0,"Billing,_Shipping"
OR-03927,CUST-06473,"H.No._91,_Krishnamurthy_Marg
Patna_606540",Patna,Bihar,606540.0,Shipping
KL-03928,CUST-19384,"H.No._686
Zacharia_Street
Kollam_796564",Kollam,Kerala,796564.0,"Billing,_Shipping"
BR-03929,CUST-03058,"H.No._893
Dutta_Road
Purnia_545613",Purnia,Bihar,545613.0,Shipping
UP-03930,CUST-18157,"67/530,_Kadakia,_Chapra_225651",Chapra,Bihar,225651.0,Shipping
UP-03931,CUST-19768,"53/377,_Krish_Nagar,_Sambhal_439911",Sambhal,Uttar_Pradesh,439911.0,"Billing,_Shipping"
MP-03932,CUST-18384,"H.No._437
Chaudry_Path
Dehri_009514",Dehri,Bihar,9514.0,"Billing,_Shipping"
OR-03933,CUST-15682,"H.No._45,_Shan_Road
Anantapur_197759",Anantapur,Andhra_Pradesh,197759.0,Shipping
BR-03934,CUST-13330,"H.No._24
Bakshi_Marg
Purnia_025428",Purnia,Bihar,25428.0,Billing
AP-03935,CUST-11351,"H.No._189,_Hegde_Nagar,_Srikakulam_012826",Srikakulam,Andhra_Pradesh,12826.0,Shipping
TN-03936,CUST-11801,"84
Dhar_Marg
Vellore_529031",Vellore,Tamil_Nadu,529031.0,"Billing,_Shipping"
WB-03937,CUST-13711,"H.No._96,_Grover_Road
Kulti-513908",Kulti,West_Bengal,513908.0,Shipping
BR-03938,CUST-09168,"86,_Ravel_Ganj,_Jaipur_792443",Jaipur,Rajasthan,792443.0,"Billing,_Shipping"
MP-03939,CUST-16271,"77/235,_Sinha_Road
Khandwa_194900",Khandwa,Madhya_Pradesh,194900.0,Shipping
GJ-03940,CUST-11957,"H.No._459,_Dani_Chowk
Gandhidham-940536",Gandhidham,Gujarat,940536.0,Shipping
GJ-03941,CUST-10363,"807,_Brahmbhatt_Marg
Allahabad-876691",Allahabad,Uttar_Pradesh,876691.0,Billing
KL-03942,CUST-17225,"829,_Kota_Zila
Kollam_161666",Kollam,Kerala,161666.0,Billing
TS-03943,CUST-14921,"H.No._114
Rao_Street
Dindigul_280714",Dindigul,Tamil_Nadu,280714.0,Billing
MH-03944,CUST-11950,"H.No._389,_Tella,_Guntur_224110",Guntur,Andhra_Pradesh,224110.0,Shipping
OR-03945,CUST-05145,"H.No._56,_Sekhon_Circle,_Bharatpur-187057",Bharatpur,Rajasthan,187057.0,Billing
BR-03946,CUST-01441,"22,_Dhar_Marg
Buxar_524874",Buxar,Bihar,524874.0,"Billing,_Shipping"
WB-03947,CUST-19620,"H.No._196,_Sura,_Uluberia-238424",Uluberia,West_Bengal,238424.0,"Billing,_Shipping"
RJ-03948,CUST-12318,"83,_Ranganathan_Nagar
Fatehpur-910504",Fatehpur,Uttar_Pradesh,910504.0,Billing
HR-03949,CUST-16083,"46/83,_Varghese_Path,_Siwan_144717",Siwan,Bihar,144717.0,Shipping
TS-03950,CUST-08143,"H.No._157,_Krishnan_Nagar
Ramagundam-466636",Ramagundam,Telangana,466636.0,Shipping
BR-03951,CUST-15478,"H.No._578,_Krishnamurthy_Circle,_Satna_185549",Satna,Madhya_Pradesh,185549.0,"Billing,_Shipping"
UP-03952,CUST-19634,"H.No._54,_Chakrabarti_Road,_Bhagalpur_381502",Bhagalpur,Bihar,381502.0,Billing
MH-03953,CUST-05829,"56,_Raval_Road,_Malegaon-447039",Malegaon,Maharashtra,447039.0,Billing
RJ-03954,CUST-18610,"74/15
Wadhwa_Ganj
Dewas-932884",Dewas,Madhya_Pradesh,932884.0,Shipping
UP-03955,CUST-02589,"77/71
Sen_Marg
Mirzapur-583310",Mirzapur,Uttar_Pradesh,583310.0,Billing
GJ-03956,CUST-19051,"H.No._45,_Rau
Allahabad_983751",Allahabad,Uttar_Pradesh,983751.0,Billing
HR-03957,CUST-04297,"281,_Barad_Marg
Siwan_879367",Siwan,Bihar,879367.0,Billing
CG-03958,CUST-09129,"168,_Tripathi_Marg
Nagpur_524587",Nagpur,Maharashtra,524587.0,Billing
AP-03959,CUST-10554,"H.No._63
Sanghvi_Road
Dharmavaram-049879",Dharmavaram,Andhra_Pradesh,49879.0,Shipping
MP-03960,CUST-12510,"H.No._745,_Srivastava_Street,_Kishanganj-607863",Kishanganj,Bihar,607863.0,"Billing,_Shipping"
TR-03961,CUST-11232,"69/735,_Keer_Path
Chandigarh-553244",Chandigarh,Chandigarh_(Union_Territory),553244.0,Shipping
TS-03962,CUST-15907,"H.No._437,_Raj_Circle
Ramagundam_308681",Ramagundam,Telangana,308681.0,"Billing,_Shipping"
BR-03963,CUST-09249,"30/66
Kamdar_Path
Jaipur_235536",Jaipur,Rajasthan,235536.0,Shipping
TN-03964,CUST-06515,"325,_Apte_Circle,_Tiruvottiyur-664633",Tiruvottiyur,Tamil_Nadu,664633.0,Billing
CG-03965,CUST-15483,"H.No._73
Sarna_Nagar
Sagar_496225",Sagar,Madhya_Pradesh,496225.0,"Billing,_Shipping"
UP-03966,CUST-12010,"H.No._71
Dasgupta_Circle
Shahjahanpur_514073",Shahjahanpur,Uttar_Pradesh,514073.0,Billing
JH-03967,CUST-04135,"H.No._363,_Chad_Road
Phusro_677645",Phusro,Jharkhand,677645.0,Shipping
AP-03968,CUST-19731,"55/84,_Chaudhary_Ganj,_Dharmavaram-371324",Dharmavaram,Andhra_Pradesh,371324.0,"Billing,_Shipping"
OR-03969,CUST-13190,"60,_Chander_Ganj,_Bijapur_674987",Bijapur,Karnataka,674987.0,Billing
MH-03970,CUST-07939,"48/93,_Chopra_Road,_Yamunanagar_974896",Yamunanagar,Haryana,974896.0,Billing
KA-03971,CUST-19212,"37/58,_Mannan_Nagar
Mangalore-203613",Mangalore,Karnataka,203613.0,Shipping
MP-03972,CUST-15009,"75/643
Tripathi_Chowk
Jalandhar-623512",Jalandhar,Punjab,623512.0,Shipping
MP-03973,CUST-10364,"626,_Kanda_Nagar
Mau_197753",Mau,Uttar_Pradesh,197753.0,"Billing,_Shipping"
HR-03974,CUST-17571,"29/31,_Mangal_Ganj
Aurangabad_896513",Aurangabad,Maharashtra,896513.0,Shipping
TN-03975,CUST-03399,"H.No._577
Agate_Marg
Vellore-523323",Vellore,Tamil_Nadu,523323.0,Billing
MP-03976,CUST-12355,"64/22
Badal_Marg
Ramgarh-685180",Ramgarh,Jharkhand,685180.0,Shipping
AS-03977,CUST-19003,"65/66
Jhaveri_Ganj
Siliguri-792267",Siliguri,West_Bengal,792267.0,"Billing,_Shipping"
TS-03978,CUST-07841,"H.No._76,_Chadha_Zila
Hindupur-104453",Hindupur,Andhra_Pradesh,104453.0,Billing
RJ-03979,CUST-15753,"32/710,_Ram_Marg
Rajkot-809447",Rajkot,Gujarat,809447.0,Shipping
OR-03980,CUST-10856,"59/49,_Dutta_Street
Mathura_877396",Mathura,Uttar_Pradesh,877396.0,Shipping
TN-03981,CUST-19780,"677,_Butala,_Tiruppur-446965",Tiruppur,Tamil_Nadu,446965.0,Shipping
MH-03982,CUST-17733,"H.No._564
Banerjee_Street
Satara_715214",Satara,Maharashtra,715214.0,Shipping
MH-03983,CUST-04016,"38,_Chatterjee_Road
Guntur_167355",Guntur,Andhra_Pradesh,167355.0,"Billing,_Shipping"
GJ-03984,CUST-18889,"94,_Agrawal_Zila
Vadodara-538369",Vadodara,Gujarat,538369.0,Shipping
MP-03985,CUST-19980,"15
Bose_Circle
Kota-121094",Kota,Rajasthan,121094.0,"Billing,_Shipping"
TS-03986,CUST-05645,"955,_Kapur_Street
Dindigul-675114",Dindigul,Tamil_Nadu,675114.0,Billing
TS-03987,CUST-14962,"560,_Chaudhuri_Ganj
Srinagar_523671",Srinagar,Jammu_and_Kashmir,523671.0,"Billing,_Shipping"
BR-03988,CUST-09237,"38/255,_Wali_Street
Buxar-351825",Buxar,Bihar,351825.0,"Billing,_Shipping"
AS-03989,CUST-10555,"H.No._39,_Mangal_Nagar
Nagaon-927038",Nagaon,Assam,927038.0,"Billing,_Shipping"
TN-03990,CUST-16997,"H.No._86,_Aurora_Ganj,_Chittoor_287679",Chittoor,Andhra_Pradesh,287679.0,"Billing,_Shipping"
BR-03991,CUST-09274,"H.No._20
Kara_Ganj
Ballia_751397",Ballia,Uttar_Pradesh,751397.0,"Billing,_Shipping"
AP-03992,CUST-01519,"42/69,_Jain_Chowk
Jammu-273795",Jammu,Jammu_and_Kashmir,273795.0,Shipping
TN-03993,CUST-12728,"93
Rajagopalan_Chowk
Vellore-240601",Vellore,Tamil_Nadu,240601.0,Billing
TS-03994,CUST-16299,"52,_Karan_Zila,_Proddatur_554244",Proddatur,Andhra_Pradesh,554244.0,"Billing,_Shipping"
MP-03995,CUST-08949,"30/31,_Cherian_Chowk
Jhansi_744108",Jhansi,Uttar_Pradesh,744108.0,Shipping
MP-03996,CUST-14189,"H.No._405
Gokhale_Path
Kota-263228",Kota,Rajasthan,263228.0,"Billing,_Shipping"
TN-03997,CUST-11008,"95,_Gaba_Path
Tiruvottiyur-066130",Tiruvottiyur,Tamil_Nadu,66130.0,"Billing,_Shipping"
KL-03998,CUST-03225,"046,_Sachdev_Street
Kollam_575691",Kollam,Kerala,575691.0,Shipping
GJ-03999,CUST-01100,"990
Kothari_Circle
Allahabad-963448",Allahabad,Uttar_Pradesh,963448.0,"Billing,_Shipping"
UP-04000,CUST-18585,"69/11,_Tripathi_Street
Gurgaon_147255",Gurgaon,Haryana,147255.0,Billing
MH-04001,CUST-09917,"11
Wason_Marg
Rampur_371575",Rampur,Uttar_Pradesh,371575.0,"Billing,_Shipping"
MH-04002,CUST-15754,"04
Sem_Marg
Jalgaon_800609",Jalgaon,Maharashtra,800609.0,Shipping
UP-04003,CUST-07337,"H.No._510
Lata_Nagar
Burhanpur-650302",Burhanpur,Madhya_Pradesh,650302.0,"Billing,_Shipping"
AP-04004,CUST-04744,"01/007,_Sha_Circle
Anantapuram_278295",Anantapuram,Andhra_Pradesh,278295.0,"Billing,_Shipping"
MP-04005,CUST-17985,"28/08,_Sami_Marg
Jalandhar-683388",Jalandhar,Punjab,683388.0,Shipping
WB-04006,CUST-19416,"61
Iyer_Road
Bhatpara_554306",Bhatpara,West_Bengal,554306.0,Billing
OR-04007,CUST-16579,"H.No._11,_Dewan_Zila,_Chandrapur_797319",Chandrapur,Maharashtra,797319.0,Billing
MP-04008,CUST-01382,"113
Lad_Circle
Khandwa-562985",Khandwa,Madhya_Pradesh,562985.0,"Billing,_Shipping"
MP-04009,CUST-00133,"H.No._63
Chada_Ganj
Mau-300296",Mau,Uttar_Pradesh,300296.0,Shipping
MH-04010,CUST-05124,"99/01
Garde_Street
Loni_706110",Loni,Uttar_Pradesh,706110.0,Billing
OR-04011,CUST-12794,"H.No._37
Bumb_Street
Bharatpur-309062",Bharatpur,Rajasthan,309062.0,"Billing,_Shipping"
DL-04012,CUST-18899,"72/26,_Vohra_Marg,_Delhi_871330",Delhi,Delhi_(Union_Territory),871330.0,Shipping
MH-04013,CUST-16975,"022
Vyas_Marg
Rampur-805003",Rampur,Uttar_Pradesh,805003.0,Shipping
MP-04014,CUST-11573,"H.No._674
Saraf_Marg
Khandwa-326963",Khandwa,Madhya_Pradesh,326963.0,Shipping
BR-04015,CUST-03197,"14/463
Hora_Chowk
Munger_689223",Munger,Bihar,689223.0,Billing
WB-04016,CUST-07670,"H.No._958
Trivedi_Path
Bhatpara_773153",Bhatpara,West_Bengal,773153.0,Billing
AS-04017,CUST-00985,"90/097
Bala_Road
Bongaigaon-895789",Bongaigaon,Assam,895789.0,Shipping
RJ-04018,CUST-15239,"53/276,_Chana_Street,_Rajkot-433253",Rajkot,Gujarat,433253.0,Billing
UP-04020,CUST-12466,"423
Bhasin_Path
Bhagalpur_455553",Bhagalpur,Bihar,455553.0,Billing
OR-04021,CUST-17460,"45/47
Hora_Ganj
Mathura-605262",Mathura,Uttar_Pradesh,605262.0,"Billing,_Shipping"
RJ-04022,CUST-13181,"49/356
Ram_Ganj
Fatehpur-871066",Fatehpur,Uttar_Pradesh,871066.0,Shipping
UK-04023,CUST-07920,"73/83,_Kalita_Street,_Jalna-556327",Jalna,Maharashtra,556327.0,Shipping
BR-04024,CUST-12137,"37/875,_Ramachandran
Satna_910842",Satna,Madhya_Pradesh,910842.0,Billing
TS-04025,CUST-10499,"83/969,_Sengupta_Circle,_Ramagundam_626780",Ramagundam,Telangana,626780.0,Billing
UP-04026,CUST-16886,"H.No._387,_Gaba_Ganj
Firozabad-015474",Firozabad,Uttar_Pradesh,15474.0,"Billing,_Shipping"
WB-04027,CUST-01493,"66,_Borah_Chowk
Bally-587763",Bally,West_Bengal,587763.0,Billing
AP-04028,CUST-10141,"65,_Banik_Road
Bhimavaram-616375",Bhimavaram,Andhra_Pradesh,616375.0,"Billing,_Shipping"
AP-04029,CUST-06640,"579
Subramaniam_Nagar
Srikakulam-344980",Srikakulam,Andhra_Pradesh,344980.0,Shipping
OR-04030,CUST-05783,"08
Buch_Street
Patna-950368",Patna,Bihar,950368.0,Billing
OR-04031,CUST-16151,"02
D’Alia_Marg
Chandrapur_684532",Chandrapur,Maharashtra,684532.0,Shipping
OR-04032,CUST-10367,"45
Gopal_Street
Kanpur_412846",Kanpur,Uttar_Pradesh,412846.0,Billing
MH-04033,CUST-13622,"H.No._24,_Sant_Zila,_Yamunanagar_078543",Yamunanagar,Haryana,78543.0,Billing
MH-04034,CUST-13750,"H.No._229
Toor
Karnal-080084",Karnal,Haryana,80084.0,Shipping
AP-04035,CUST-11882,"H.No._355
Som_Ganj
Bhimavaram_534463",Bhimavaram,Andhra_Pradesh,534463.0,"Billing,_Shipping"
WB-04036,CUST-00783,"788,_Saran_Nagar
Madhyamgram_255639",Madhyamgram,West_Bengal,255639.0,"Billing,_Shipping"
GJ-04037,CUST-11868,"H.No._98,_Vohra_Path,_Kavali_478253",Kavali,Andhra_Pradesh,478253.0,Billing
MH-04038,CUST-18960,"55/76,_Lall_Path
Guntur_608637",Guntur,Andhra_Pradesh,608637.0,"Billing,_Shipping"
TN-04039,CUST-14047,"66/413,_Grover_Marg
Gandhinagar-674586",Gandhinagar,Gujarat,674586.0,Billing
WB-04040,CUST-04292,"H.No._012
Bal_Nagar
Madhyamgram_841794",Madhyamgram,West_Bengal,841794.0,Billing
UP-04041,CUST-15208,"50/99,_Lad
Raiganj-223025",Raiganj,West_Bengal,223025.0,Billing
AP-04042,CUST-04382,"H.No._123,_Seth_Path
Bhimavaram-277085",Bhimavaram,Andhra_Pradesh,277085.0,Shipping
MP-04043,CUST-14007,"62/26,_Sandhu_Ganj
Jalandhar-557088",Jalandhar,Punjab,557088.0,Shipping
KA-04044,CUST-13245,"H.No._595,_Loke_Zila,_Hospet_092649",Hospet,Karnataka,92649.0,"Billing,_Shipping"
MP-04045,CUST-15649,"51,_Soni
Jodhpur-517866",Jodhpur,Rajasthan,517866.0,Billing
BR-04046,CUST-15532,"H.No._609,_Banerjee,_Munger-279136",Munger,Bihar,279136.0,"Billing,_Shipping"
MP-04047,CUST-14732,"43/195,_Krishna_Nagar
Jalandhar_036928",Jalandhar,Punjab,36928.0,"Billing,_Shipping"
BR-04048,CUST-15830,"328,_Kaul_Chowk
Satna-873079",Satna,Madhya_Pradesh,873079.0,Billing
WB-04049,CUST-14654,"77/96
Uppal_Circle
Bally-234669",Bally,West_Bengal,234669.0,Billing
MH-04050,CUST-08210,"H.No._492
Mand_Nagar
Loni_206995",Loni,Uttar_Pradesh,206995.0,Billing
HR-04051,CUST-19973,"H.No._49,_Goda_Path
Aurangabad_554806",Aurangabad,Maharashtra,554806.0,"Billing,_Shipping"
JH-04052,CUST-03720,"H.No._508
Loyal_Road
Asansol-703514",Asansol,West_Bengal,703514.0,Shipping
MH-04053,CUST-08304,"30/277,_Saini_Zila
Karnal_709272",Karnal,Haryana,709272.0,Billing
KA-04054,CUST-05094,"674,_D’Alia_Nagar,_Amaravati-793251",Amaravati,Andhra_Pradesh,793251.0,Billing
UP-04055,CUST-10952,"H.No._513,_Uppal_Ganj,_Burhanpur-570258",Burhanpur,Madhya_Pradesh,570258.0,Billing
WB-04056,CUST-02555,"73/823,_Lanka_Path
Baranagar-316184",Baranagar,West_Bengal,316184.0,"Billing,_Shipping"
AP-04057,CUST-07612,"53/812
Bath_Marg
Srikakulam-878956",Srikakulam,Andhra_Pradesh,878956.0,Billing
UP-04058,CUST-11287,"37,_Bhatnagar_Street,_Mirzapur-873927",Mirzapur,Uttar_Pradesh,873927.0,Shipping
UP-04059,CUST-15345,"83
Jani
Bhagalpur_565832",Bhagalpur,Bihar,565832.0,Shipping
WB-04060,CUST-13620,"H.No._711,_Sandhu,_Uluberia-849605",Uluberia,West_Bengal,849605.0,Shipping
WB-04061,CUST-09465,"579,_Wadhwa_Zila
Bally_937808",Bally,West_Bengal,937808.0,"Billing,_Shipping"
UP-04062,CUST-18096,"09/059,_Babu_Path,_Bhagalpur_367579",Bhagalpur,Bihar,367579.0,Shipping
JH-04063,CUST-10595,"825,_Bhavsar,_Phusro-327844",Phusro,Jharkhand,327844.0,"Billing,_Shipping"
OR-04064,CUST-11690,"H.No._76
Hegde_Ganj
Danapur_346985",Danapur,Bihar,346985.0,Billing
WB-04065,CUST-05950,"31,_Khosla_Path,_Naihati-077398",Naihati,West_Bengal,77398.0,Billing
MP-04066,CUST-08970,"734,_Sidhu_Marg
Jhansi_100790",Jhansi,Uttar_Pradesh,100790.0,Shipping
RJ-04067,CUST-18233,"H.No._30,_Handa_Nagar,_Akola-042851",Akola,Maharashtra,42851.0,Billing
UP-04068,CUST-11312,"H.No._69
Basak_Zila
Bhagalpur-351401",Bhagalpur,Bihar,351401.0,Shipping
HR-04069,CUST-16964,"H.No._115,_Walia_Chowk
Siwan-039446",Siwan,Bihar,39446.0,Shipping
MP-04070,CUST-04300,"304,_Soni_Road
Indore_675190",Indore,Madhya_Pradesh,675190.0,"Billing,_Shipping"
UP-04071,CUST-15448,"36/112,_Karnik_Road
Farrukhabad_154485",Farrukhabad,Uttar_Pradesh,154485.0,Billing
WB-04072,CUST-14929,"H.No._673
Sidhu_Zila
Bhatpara-970029",Bhatpara,West_Bengal,970029.0,Shipping
KA-04073,CUST-15389,"460,_Wason_Street,_Mangalore_753108",Mangalore,Karnataka,753108.0,"Billing,_Shipping"
MH-04074,CUST-14056,"86
Bassi
Malegaon-018537",Malegaon,Maharashtra,18537.0,Billing
TS-04075,CUST-14232,"H.No._566,_Ramanathan_Ganj,_Ramagundam_747490",Ramagundam,Telangana,747490.0,"Billing,_Shipping"
MH-04076,CUST-14653,"17,_Sinha_Street,_Nanded_708620",Nanded,Maharashtra,708620.0,Shipping
MH-04077,CUST-14113,"05,_Hora_Street,_Bhiwandi_412722",Bhiwandi,Maharashtra,412722.0,Billing
BR-04078,CUST-17264,"H.No._96
Kothari_Road
Buxar_088832",Buxar,Bihar,88832.0,Shipping
BR-04079,CUST-06342,"81,_Dyal_Road
Jaipur-689455",Jaipur,Rajasthan,689455.0,"Billing,_Shipping"
MH-04080,CUST-02584,"04/371
Dora_Ganj
Karnal-711452",Karnal,Haryana,711452.0,Billing
RJ-04081,CUST-10917,"H.No._116
Mannan_Road
Dewas-800493",Dewas,Madhya_Pradesh,800493.0,Billing
OR-04082,CUST-15255,"H.No._098,_Balay_Circle
Anantapur-424780",Anantapur,Andhra_Pradesh,424780.0,"Billing,_Shipping"
MH-04083,CUST-08914,"H.No._38
Kale_Path
Jalgaon_479281",Jalgaon,Maharashtra,479281.0,"Billing,_Shipping"
AP-04084,CUST-09159,"49/544,_Tata_Nagar,_Bhimavaram_786065",Bhimavaram,Andhra_Pradesh,786065.0,Billing
MH-04085,CUST-12297,"93/971,_Kannan_Zila
Rampur-680785",Rampur,Uttar_Pradesh,680785.0,Billing
TN-04086,CUST-10736,"099
Bhargava_Nagar
Pallavaram_649913",Pallavaram,Tamil_Nadu,649913.0,"Billing,_Shipping"
UK-04087,CUST-17640,"H.No._24,_Bhargava_Road,_Shivpuri-830058",Shivpuri,Madhya_Pradesh,830058.0,"Billing,_Shipping"
MP-04088,CUST-01138,"33/820
Khare_Circle
Jalandhar_498803",Jalandhar,Punjab,498803.0,Shipping
TN-04089,CUST-13458,"H.No._200,_Dani_Chowk
Avadi_451507",Avadi,Tamil_Nadu,451507.0,"Billing,_Shipping"
MH-04090,CUST-16019,"H.No._009,_Mann_Nagar,_Karnal_250020",Karnal,Haryana,250020.0,Shipping
GJ-04091,CUST-15473,"45,_Dubey_Street,_Gandhidham_194302",Gandhidham,Gujarat,194302.0,Shipping
MH-04092,CUST-18437,"H.No._14
Amble_Chowk
Yamunanagar-979292",Yamunanagar,Haryana,979292.0,Billing
TS-04093,CUST-12384,"30/457
Uppal_Zila
Nizamabad-465772",Nizamabad,Telangana,465772.0,Billing
OR-04094,CUST-05423,"02/31
Shenoy_Ganj
Kanpur-022463",Kanpur,Uttar_Pradesh,22463.0,"Billing,_Shipping"
WB-04095,CUST-15534,"381
Ratti_Street
Arrah-640942",Arrah,Bihar,640942.0,Shipping
TR-04096,CUST-16962,"42/03
Raman_Road
Durgapur_926614",Durgapur,West_Bengal,926614.0,Billing
MP-04097,CUST-17283,"H.No._258,_Handa_Circle
Jodhpur-343995",Jodhpur,Rajasthan,343995.0,Billing
OR-04098,CUST-11271,"50/86,_Dara_Path,_Chandrapur_521659",Chandrapur,Maharashtra,521659.0,Shipping
UK-04099,CUST-14901,"48/60
Jaggi_Street
Jalna_015671",Jalna,Maharashtra,15671.0,Billing
BR-04100,CUST-15870,"21/723,_Arora_Road
Satna_014955",Satna,Madhya_Pradesh,14955.0,Billing
WB-04101,CUST-10949,"821,_Jayaraman_Road,_Bidhannagar_434649",Bidhannagar,West_Bengal,434649.0,Shipping
OR-04102,CUST-15450,"H.No._38,_Banerjee_Road
Bijapur-611741",Bijapur,Karnataka,611741.0,Billing
UK-04103,CUST-05237,"82/33,_Apte_Marg
Haridwar_782407",Haridwar,Uttarakhand,782407.0,Shipping
CG-04104,CUST-15055,"79,_Khalsa
Malda_596342",Malda,West_Bengal,596342.0,Billing
WB-04105,CUST-07431,"H.No._240,_Kannan_Chowk,_Bhatpara-790521",Bhatpara,West_Bengal,790521.0,Billing
MP-04106,CUST-16624,"04/34
Bal_Marg
Dehri_552118",Dehri,Bihar,552118.0,Shipping
KA-04107,CUST-18762,"H.No._83,_Rama,_Tumkur_408655",Tumkur,Karnataka,408655.0,Shipping
AP-04108,CUST-12232,"15,_Rajan_Zila,_Anantapuram_467982",Anantapuram,Andhra_Pradesh,467982.0,Shipping
MP-04109,CUST-19730,"054,_Kala,_Khandwa_712722",Khandwa,Madhya_Pradesh,712722.0,Billing
MP-04110,CUST-16916,"H.No._351,_Bhardwaj_Zila,_Kishanganj_292091",Kishanganj,Bihar,292091.0,Shipping
UP-04111,CUST-10247,"94/98,_Bhatnagar_Marg
Jamalpur-435777",Jamalpur,Bihar,435777.0,Shipping
KL-04112,CUST-00743,"H.No._383,_Sen_Circle
Kollam_620322",Kollam,Kerala,620322.0,Shipping
WB-04113,CUST-09223,"43/97,_Chandra_Zila,_Bally-397727",Bally,West_Bengal,397727.0,"Billing,_Shipping"
JH-04114,CUST-12514,"H.No._049
Jaggi_Path
Mango-249186",Mango,Jharkhand,249186.0,"Billing,_Shipping"
WB-04115,CUST-13287,"867,_Hari_Ganj,_Panihati_485546",Panihati,West_Bengal,485546.0,"Billing,_Shipping"
WB-04116,CUST-08303,"H.No._630,_Lall_Zila
Aligarh-843311",Aligarh,Uttar_Pradesh,843311.0,Billing
BR-04117,CUST-12660,"H.No._833,_Virk_Marg,_Ballia-923384",Ballia,Uttar_Pradesh,923384.0,"Billing,_Shipping"
KA-04118,CUST-01159,"806
Cherian
Solapur-153166",Solapur,Maharashtra,153166.0,Shipping
UP-04119,CUST-19468,"42,_Barad_Ganj,_Gurgaon-904602",Gurgaon,Haryana,904602.0,Billing
UP-04120,CUST-06742,"804,_Chopra_Path,_Raiganj_323073",Raiganj,West_Bengal,323073.0,Billing
WB-04121,CUST-12134,"726,_Wadhwa_Circle,_Aligarh_239774",Aligarh,Uttar_Pradesh,239774.0,"Billing,_Shipping"
TS-04122,CUST-00047,"630,_Rastogi_Zila,_Dindigul_384618",Dindigul,Tamil_Nadu,384618.0,Billing
BR-04123,CUST-12078,"43,_Srinivasan_Path
Jaipur_911173",Jaipur,Rajasthan,911173.0,"Billing,_Shipping"
GJ-04124,CUST-11075,"H.No._81,_Karnik,_Allahabad-659553",Allahabad,Uttar_Pradesh,659553.0,"Billing,_Shipping"
UK-04125,CUST-04989,"08/66,_Dube_Ganj,_Haridwar_417485",Haridwar,Uttarakhand,417485.0,Billing
UK-04126,CUST-03470,"H.No._55,_Bhagat_Street
Shivpuri_253775",Shivpuri,Madhya_Pradesh,253775.0,Billing
TN-04127,CUST-12228,"H.No._595,_Banerjee_Street
Tiruvottiyur-944261",Tiruvottiyur,Tamil_Nadu,944261.0,Billing
WB-04128,CUST-00523,"00,_Taneja_Circle
Bhatpara_263636",Bhatpara,West_Bengal,263636.0,Shipping
TN-04129,CUST-11065,"H.No._372
Subramanian_Marg
Tiruppur_145621",Tiruppur,Tamil_Nadu,145621.0,Billing
OR-04130,CUST-09151,"66/501
Chada_Ganj
Anantapur_550515",Anantapur,Andhra_Pradesh,550515.0,"Billing,_Shipping"
WB-04131,CUST-00362,"773
Sachar_Path
Kulti_299688",Kulti,West_Bengal,299688.0,Shipping
MP-04132,CUST-17232,"H.No._186,_Kumer_Nagar,_Jhansi_292586",Jhansi,Uttar_Pradesh,292586.0,Billing
JH-04133,CUST-12432,"869
Chacko_Path
Mango-547238",Mango,Jharkhand,547238.0,"Billing,_Shipping"
MP-04134,CUST-11676,"46,_Chaudhari_Path
Jalandhar-605515",Jalandhar,Punjab,605515.0,Shipping
TS-04135,CUST-04022,"H.No._744
Kibe_Road
Srinagar_697041",Srinagar,Jammu_and_Kashmir,697041.0,"Billing,_Shipping"
MH-04137,CUST-10530,"H.No._393,_Upadhyay_Road,_Jalgaon-698699",Jalgaon,Maharashtra,698699.0,Shipping
AP-04138,CUST-09635,"87,_Dutta_Nagar
Jammu-577199",Jammu,Jammu_and_Kashmir,577199.0,Shipping
TN-04139,CUST-13813,"H.No._490,_Handa_Road,_Pali-932567",Pali,Rajasthan,932567.0,"Billing,_Shipping"
UP-04141,CUST-04434,"58/221
Kala_Road
Jamalpur_534655",Jamalpur,Bihar,534655.0,Billing
MH-04142,CUST-10945,"932
Jhaveri_Zila
Yamunanagar_101992",Yamunanagar,Haryana,101992.0,"Billing,_Shipping"
UP-04143,CUST-18655,"H.No._52,_Reddy_Marg
Farrukhabad_562185",Farrukhabad,Uttar_Pradesh,562185.0,Billing
WB-04144,CUST-00529,"31,_Lall_Chowk
Bidhannagar-075563",Bidhannagar,West_Bengal,75563.0,"Billing,_Shipping"
UK-04145,CUST-15121,"51/33,_Sahni_Path
Haridwar_693071",Haridwar,Uttarakhand,693071.0,"Billing,_Shipping"
MH-04146,CUST-13615,"H.No._94,_Badal_Road
Malegaon_094259",Malegaon,Maharashtra,94259.0,Billing
KL-04147,CUST-06040,"839
Saran_Zila
Kollam-313814",Kollam,Kerala,313814.0,Billing
TN-04148,CUST-17686,"H.No._750,_Johal_Road,_Salem_157397",Salem,Tamil_Nadu,157397.0,Billing
OR-04149,CUST-17913,"99/594,_Kulkarni_Marg
Bilaspur-986926",Bilaspur,Chhattisgarh,986926.0,Shipping
MH-04150,CUST-05575,"07/884,_Dada_Ganj
Loni_599032",Loni,Uttar_Pradesh,599032.0,"Billing,_Shipping"
MH-04151,CUST-00831,"H.No._07,_Basak_Road,_Guntur_585557",Guntur,Andhra_Pradesh,585557.0,"Billing,_Shipping"
RJ-04152,CUST-08486,"81/93,_Bahri_Zila
Rajkot_060863",Rajkot,Gujarat,60863.0,"Billing,_Shipping"
WB-04153,CUST-04337,"050,_Sandhu_Road
Kulti_900850",Kulti,West_Bengal,900850.0,Billing
TN-04154,CUST-10241,"88/13,_Sidhu_Ganj,_Avadi-591733",Avadi,Tamil_Nadu,591733.0,Shipping
TN-04155,CUST-10044,"911
Kala
Salem-664667",Salem,Tamil_Nadu,664667.0,Shipping
MP-04156,CUST-11061,"27/829
Dewan_Street
Unnao_635201",Unnao,Uttar_Pradesh,635201.0,Shipping
AP-04157,CUST-03086,"95,_Vig,_Jammu-981871",Jammu,Jammu_and_Kashmir,981871.0,Shipping
OR-04158,CUST-14802,"54/914
Sehgal_Circle
Bharatpur_983103",Bharatpur,Rajasthan,983103.0,"Billing,_Shipping"
KA-04159,CUST-14975,"784,_Sama_Street,_Mangalore-951169",Mangalore,Karnataka,951169.0,Billing
UK-04160,CUST-03856,"85/44
Babu_Nagar
Jalna-248393",Jalna,Maharashtra,248393.0,Billing
UK-04161,CUST-11929,"H.No._86
Bhalla_Circle
Shivpuri_947157",Shivpuri,Madhya_Pradesh,947157.0,Billing
CG-04162,CUST-13405,"H.No._32
Mann
Bhilai-204691",Bhilai,Chhattisgarh,204691.0,Shipping
JH-04163,CUST-16190,"16,_Sengupta_Circle,_Mango_843046",Mango,Jharkhand,843046.0,"Billing,_Shipping"
MP-04164,CUST-01319,"21
Saha_Circle
Jodhpur_106235",Jodhpur,Rajasthan,106235.0,"Billing,_Shipping"
WB-04165,CUST-03782,"58/016,_Kari_Chowk,_Panihati_390086",Panihati,West_Bengal,390086.0,Shipping
TN-04166,CUST-17130,"59/683,_Bakshi_Path,_Pallavaram-925639",Pallavaram,Tamil_Nadu,925639.0,Billing
MP-04167,CUST-12019,"H.No._24
Zachariah_Marg
Kishanganj-951315",Kishanganj,Bihar,951315.0,"Billing,_Shipping"
OR-04168,CUST-14997,"29
Ramanathan_Nagar
Haldia-478089",Haldia,West_Bengal,478089.0,Shipping
TN-04169,CUST-12125,"65/97,_Kaur_Road,_Tiruvottiyur-959269",Tiruvottiyur,Tamil_Nadu,959269.0,"Billing,_Shipping"
AP-04170,CUST-15198,"H.No._112,_Mand_Marg,_Srikakulam_848777",Srikakulam,Andhra_Pradesh,848777.0,Billing
MH-04171,CUST-13780,"17/779
Kala_Road
Satara-997621",Satara,Maharashtra,997621.0,"Billing,_Shipping"
MP-04172,CUST-04145,"42/515
Swaminathan_Ganj
Jodhpur-402465",Jodhpur,Rajasthan,402465.0,Billing
UP-04173,CUST-10802,"04/75
Rattan_Zila
Muzaffarpur-707698",Muzaffarpur,Bihar,707698.0,Billing
DL-04174,CUST-15889,"H.No._11
Lal_Chowk
Delhi-801621",Delhi,Delhi_(Union_Territory),801621.0,Billing
MH-04175,CUST-18773,"H.No._224,_Savant_Circle,_Jalgaon-325764",Jalgaon,Maharashtra,325764.0,"Billing,_Shipping"
OR-04176,CUST-12172,"11/920
Vala_Zila
Patna_126152",Patna,Bihar,126152.0,Billing
MP-04177,CUST-19335,"35/86,_Halder_Ganj,_Indore-711233",Indore,Madhya_Pradesh,711233.0,Shipping
HR-04178,CUST-15431,"H.No._350,_Malhotra_Marg,_Bikaner-517388",Bikaner,Rajasthan,517388.0,Billing
OR-04179,CUST-04886,"H.No._689
Badami_Road
Patna-193611",Patna,Bihar,193611.0,Shipping
UP-04180,CUST-19084,"H.No._706,_Vohra_Circle,_Raipur_566636",Raipur,Chhattisgarh,566636.0,Billing
MP-04181,CUST-11233,"38/796,_Thakur_Marg
Jhansi-588750",Jhansi,Uttar_Pradesh,588750.0,Shipping
TN-04182,CUST-14978,"H.No._564
Kari_Chowk
Tiruppur-331461",Tiruppur,Tamil_Nadu,331461.0,"Billing,_Shipping"
MP-04183,CUST-17728,"H.No._83
Ramaswamy_Marg
Kishanganj-252255",Kishanganj,Bihar,252255.0,Shipping
TS-04184,CUST-17473,"357
Atwal_Path
Ramagundam_864266",Ramagundam,Telangana,864266.0,Billing
WB-04185,CUST-18594,"H.No._07,_Walia_Chowk
Kamarhati_204853",Kamarhati,West_Bengal,204853.0,Billing
UP-04186,CUST-18780,"H.No._64,_Kurian_Path
Ahmedabad-534466",Ahmedabad,Gujarat,534466.0,Shipping
OR-04187,CUST-02136,"95,_Sha_Circle,_Bijapur-554121",Bijapur,Karnataka,554121.0,Shipping
OR-04188,CUST-12781,"897
Bhatti_Zila
Bijapur_023128",Bijapur,Karnataka,23128.0,Shipping
GJ-04189,CUST-18983,"61/706,_Sood
Ajmer-254106",Ajmer,Rajasthan,254106.0,"Billing,_Shipping"
WB-04190,CUST-07365,"587,_Behl_Ganj,_Naihati-886950",Naihati,West_Bengal,886950.0,Shipping
CG-04191,CUST-04356,"85,_Varughese_Road,_Malda-742614",Malda,West_Bengal,742614.0,Shipping
BR-04192,CUST-16030,"H.No._33
Sawhney_Chowk
Munger_346798",Munger,Bihar,346798.0,Shipping
UP-04193,CUST-14555,"481
Suri
Gurgaon-316684",Gurgaon,Haryana,316684.0,"Billing,_Shipping"
GJ-04194,CUST-02499,"85/99,_Goswami_Circle
Gandhidham_352903",Gandhidham,Gujarat,352903.0,Shipping
UP-04195,CUST-04998,"H.No._866,_Gopal_Circle,_Ahmedabad-330160",Ahmedabad,Gujarat,330160.0,Billing
MP-04196,CUST-03127,"07/79,_Jaggi_Path,_Khandwa_761058",Khandwa,Madhya_Pradesh,761058.0,Shipping
OR-04197,CUST-11983,"29/67,_Sule_Marg,_Danapur-984509",Danapur,Bihar,984509.0,"Billing,_Shipping"
OR-04198,CUST-16091,"471
Kunda_Chowk
Bharatpur_851042",Bharatpur,Rajasthan,851042.0,Shipping
MH-04199,CUST-14788,"98/11,_Chand_Nagar,_Satara-351436",Satara,Maharashtra,351436.0,"Billing,_Shipping"
TS-04200,CUST-11300,"14/29,_Swamy_Zila,_Dindigul-334342",Dindigul,Tamil_Nadu,334342.0,Billing
BR-04202,CUST-15099,"113,_Chakrabarti_Marg
Munger_340240",Munger,Bihar,340240.0,"Billing,_Shipping"
UP-04203,CUST-06272,"42,_Khare
Muzaffarpur_290518",Muzaffarpur,Bihar,290518.0,Shipping
TS-04204,CUST-11646,"79/269,_Balakrishnan_Nagar,_Hindupur-801890",Hindupur,Andhra_Pradesh,801890.0,Billing
JH-04205,CUST-18821,"H.No._68
Ganesan_Path
Asansol-906625",Asansol,West_Bengal,906625.0,Shipping
TN-04206,CUST-18276,"H.No._536
Dyal_Circle
Avadi_407561",Avadi,Tamil_Nadu,407561.0,Shipping
UP-04207,CUST-15404,"31/55,_Bath_Chowk
Jamalpur-561322",Jamalpur,Bihar,561322.0,Shipping
OR-04208,CUST-13048,"613,_Anand_Ganj,_Mathura_337087",Mathura,Uttar_Pradesh,337087.0,"Billing,_Shipping"
OR-04209,CUST-02767,"08/16,_Dada,_Chandrapur-078454",Chandrapur,Maharashtra,78454.0,Billing
WB-04210,CUST-00720,"H.No._274
Doctor_Ganj
Bhatpara_436446",Bhatpara,West_Bengal,436446.0,Shipping
AS-04211,CUST-10447,"105,_Chada_Street,_Siliguri-018205",Siliguri,West_Bengal,18205.0,Billing
MP-04212,CUST-08251,"24/332
Deep_Road
Ramgarh-512026",Ramgarh,Jharkhand,512026.0,"Billing,_Shipping"
UP-04213,CUST-05401,"39/08
Chandra_Ganj
Karimnagar_982533",Karimnagar,Telangana,982533.0,Billing
DL-04214,CUST-08939,"01/65
Swaminathan_Road
Delhi_024481",Delhi,Delhi_(Union_Territory),24481.0,Shipping
TS-04215,CUST-16176,"H.No._178
Tara_Path
Nizamabad-266848",Nizamabad,Telangana,266848.0,"Billing,_Shipping"
TN-04216,CUST-12823,"H.No._98,_Solanki_Street
Pallavaram-514939",Pallavaram,Tamil_Nadu,514939.0,Shipping
MH-04217,CUST-00716,"80/91,_Tailor_Nagar
Nanded_355160",Nanded,Maharashtra,355160.0,Billing
MP-04218,CUST-01918,"892,_Uppal_Street,_Kota-046025",Kota,Rajasthan,46025.0,Shipping
GJ-04219,CUST-08744,"542,_Randhawa_Path
Gandhidham-120731",Gandhidham,Gujarat,120731.0,"Billing,_Shipping"
MH-04220,CUST-17215,"36
Kapoor_Chowk
Guntur-711800",Guntur,Andhra_Pradesh,711800.0,Billing
AP-04221,CUST-10421,"H.No._62
Kara_Chowk
Anantapuram_819925",Anantapuram,Andhra_Pradesh,819925.0,"Billing,_Shipping"
TN-04222,CUST-11472,"H.No._15
Gupta_Road
Pali_571831",Pali,Rajasthan,571831.0,Billing
KL-04223,CUST-19716,"H.No._723,_Sidhu_Marg,_Kollam_133975",Kollam,Kerala,133975.0,Billing
GJ-04224,CUST-11764,"350,_Ganesan_Ganj,_Ajmer-032312",Ajmer,Rajasthan,32312.0,Billing
KA-04225,CUST-17977,"H.No._195,_Boase_Ganj
Hospet_090776",Hospet,Karnataka,90776.0,"Billing,_Shipping"
KL-04226,CUST-02229,"H.No._738
Doctor_Path
Kollam-211934",Kollam,Kerala,211934.0,Billing
TR-04227,CUST-10503,"11
Bhattacharyya
Durgapur-326357",Durgapur,West_Bengal,326357.0,Shipping
TS-04228,CUST-19676,"H.No._37,_Seshadri_Ganj,_Proddatur-554657",Proddatur,Andhra_Pradesh,554657.0,Shipping
KL-04229,CUST-04811,"H.No._20,_Sur_Marg,_Kollam_469966",Kollam,Kerala,469966.0,Billing
TN-04230,CUST-10517,"H.No._354,_Saxena_Zila,_Chittoor-456293",Chittoor,Andhra_Pradesh,456293.0,Billing
TN-04231,CUST-14456,"32/801,_Kashyap_Chowk,_Tiruppur-015889",Tiruppur,Tamil_Nadu,15889.0,Billing
RJ-04232,CUST-15964,"H.No._81,_Choudhury_Ganj,_Akola_111279",Akola,Maharashtra,111279.0,"Billing,_Shipping"
UP-04233,CUST-09467,"H.No._936
Sethi
Firozabad-799685",Firozabad,Uttar_Pradesh,799685.0,"Billing,_Shipping"
UP-04234,CUST-19359,"569,_Mammen_Marg,_Ahmedabad_954324",Ahmedabad,Gujarat,954324.0,Shipping
KA-04235,CUST-11295,"H.No._405,_Wali_Nagar
Tumkur_281681",Tumkur,Karnataka,281681.0,Shipping
TS-04236,CUST-03471,"218,_Cherian_Marg
Hindupur_039797",Hindupur,Andhra_Pradesh,39797.0,Shipping
JH-04237,CUST-11761,"748
Gera_Ganj
Phusro-693569",Phusro,Jharkhand,693569.0,Billing
GJ-04238,CUST-05078,"H.No._114,_Goda_Circle
Vadodara-432821",Vadodara,Gujarat,432821.0,Billing
JH-04239,CUST-17410,"36
Tella
Asansol-782930",Asansol,West_Bengal,782930.0,"Billing,_Shipping"
HR-04240,CUST-16558,"H.No._37,_Ramesh_Ganj
Aurangabad_429318",Aurangabad,Maharashtra,429318.0,"Billing,_Shipping"
OR-04241,CUST-14025,"17
Deo_Path
Patna-790800",Patna,Bihar,790800.0,"Billing,_Shipping"
MP-04242,CUST-11443,"689
Ranganathan_Street
Gopalpur_491062",Gopalpur,Odisha,491062.0,"Billing,_Shipping"
UP-04243,CUST-17440,"H.No._018,_Hegde_Marg
Raiganj-810512",Raiganj,West_Bengal,810512.0,Billing
CG-04244,CUST-09480,"68/107,_Kurian_Path,_Malda-334505",Malda,West_Bengal,334505.0,Shipping
RJ-04245,CUST-02634,"57,_Karpe_Zila,_Rajkot-729549",Rajkot,Gujarat,729549.0,Shipping
TS-04246,CUST-10479,"15/440,_Tank_Path
Ambala_088455",Ambala,Haryana,88455.0,Shipping
JH-04247,CUST-05563,"H.No._08
Iyengar_Ganj
Mango-602129",Mango,Jharkhand,602129.0,Billing
CG-04248,CUST-18474,"37/019,_Karnik_Marg
Sagar-316648",Sagar,Madhya_Pradesh,316648.0,"Billing,_Shipping"
AP-04249,CUST-17833,"H.No._21
Butala_Nagar
Dharmavaram_028027",Dharmavaram,Andhra_Pradesh,28027.0,"Billing,_Shipping"
UP-04250,CUST-11848,"H.No._34
Sarma_Chowk
Mirzapur_049149",Mirzapur,Uttar_Pradesh,49149.0,Billing
HR-04251,CUST-16890,"32/446,_Rajagopal_Zila
Aurangabad_591098",Aurangabad,Maharashtra,591098.0,"Billing,_Shipping"
JH-04252,CUST-19595,"09,_Ray,_Phusro_599765",Phusro,Jharkhand,599765.0,Shipping
BR-04253,CUST-06076,"75/04,_Uppal_Nagar
Purnia_043460",Purnia,Bihar,43460.0,"Billing,_Shipping"
KA-04254,CUST-00566,"151,_Dugar_Chowk
Amaravati_872697",Amaravati,Andhra_Pradesh,872697.0,"Billing,_Shipping"
MP-04255,CUST-16883,"H.No._674
Golla_Chowk
Ramgarh-819126",Ramgarh,Jharkhand,819126.0,"Billing,_Shipping"
UK-04256,CUST-08988,"H.No._57
Majumdar_Circle
Shivpuri-215563",Shivpuri,Madhya_Pradesh,215563.0,"Billing,_Shipping"
TN-04257,CUST-01037,"64,_Tailor_Zila
Pallavaram_426962",Pallavaram,Tamil_Nadu,426962.0,"Billing,_Shipping"
MP-04258,CUST-14010,"H.No._738
Chhabra
Kishanganj-167636",Kishanganj,Bihar,167636.0,"Billing,_Shipping"
MP-04259,CUST-19731,"05/504,_Dara_Ganj
Mau-422276",Mau,Uttar_Pradesh,422276.0,"Billing,_Shipping"
UP-04260,CUST-01236,"43/596,_Chatterjee_Path
Bhagalpur-754958",Bhagalpur,Bihar,754958.0,Shipping
UP-04261,CUST-04148,"95/31
Sekhon_Road
Mirzapur_468249",Mirzapur,Uttar_Pradesh,468249.0,Billing
OR-04262,CUST-08189,"64,_Gulati_Path
Danapur_589223",Danapur,Bihar,589223.0,"Billing,_Shipping"
TS-04263,CUST-15120,"859
Chaudhuri_Ganj
Dindigul-014977",Dindigul,Tamil_Nadu,14977.0,"Billing,_Shipping"
CG-04265,CUST-16509,"H.No._575,_Raja_Road
Nagpur_731535",Nagpur,Maharashtra,731535.0,"Billing,_Shipping"
TN-04266,CUST-17869,"H.No._72,_Borah_Nagar
Pallavaram_524956",Pallavaram,Tamil_Nadu,524956.0,Billing
HR-04267,CUST-05643,"37/561,_Saha_Chowk,_Bikaner_016746",Bikaner,Rajasthan,16746.0,Shipping
KA-04268,CUST-01466,"H.No._38,_Lall,_Hosur_064645",Hosur,Tamil_Nadu,64645.0,"Billing,_Shipping"
MH-04269,CUST-17297,"20/30,_Kar_Marg,_Yamunanagar-380296",Yamunanagar,Haryana,380296.0,"Billing,_Shipping"
TN-04270,CUST-13417,"H.No._595
Chawla_Road
Tiruvottiyur-489229",Tiruvottiyur,Tamil_Nadu,489229.0,Billing
TN-04271,CUST-11113,"911
Shah_Street
Gandhinagar_276601",Gandhinagar,Gujarat,276601.0,Billing
MH-04272,CUST-06799,"54,_Ray_Road
Loni_369774",Loni,Uttar_Pradesh,369774.0,Shipping
UK-04273,CUST-12044,"91/785,_Mangal_Road
Shivpuri_032455",Shivpuri,Madhya_Pradesh,32455.0,Shipping
TS-04274,CUST-15695,"H.No._50
Kanda
Ambala-532800",Ambala,Haryana,532800.0,Billing
KA-04275,CUST-12207,"H.No._248,_Master_Road,_Hospet_680680",Hospet,Karnataka,680680.0,Billing
BR-04276,CUST-16502,"H.No._416
Wali_Street
Buxar_019595",Buxar,Bihar,19595.0,Billing
CG-04277,CUST-03614,"872,_Rajan,_Bhilai_287735",Bhilai,Chhattisgarh,287735.0,Shipping
MP-04278,CUST-01137,"733,_Grover,_Jhansi-219399",Jhansi,Uttar_Pradesh,219399.0,"Billing,_Shipping"
MP-04279,CUST-15196,"H.No._607,_Barman_Zila
Indore_273440",Indore,Madhya_Pradesh,273440.0,"Billing,_Shipping"
UP-04280,CUST-05442,"896,_Kota_Ganj,_Sambhal_369608",Sambhal,Uttar_Pradesh,369608.0,"Billing,_Shipping"
CG-04281,CUST-01188,"69,_Gaba_Nagar
Bhilai-337853",Bhilai,Chhattisgarh,337853.0,"Billing,_Shipping"
TN-04282,CUST-05554,"H.No._82,_Dhaliwal_Chowk
Vellore-066447",Vellore,Tamil_Nadu,66447.0,"Billing,_Shipping"
UK-04283,CUST-16123,"70/239,_Anand_Chowk,_Shivpuri_525796",Shivpuri,Madhya_Pradesh,525796.0,Shipping
GJ-04284,CUST-10458,"66,_Balakrishnan_Chowk,_Kavali-658140",Kavali,Andhra_Pradesh,658140.0,Billing
MH-04285,CUST-03367,"H.No._502,_Sarna_Ganj,_Rampur_598094",Rampur,Uttar_Pradesh,598094.0,"Billing,_Shipping"
TN-04286,CUST-19622,"687,_Jani_Ganj
Salem_756779",Salem,Tamil_Nadu,756779.0,Billing
TN-04287,CUST-02348,"H.No._03,_Choudhury_Marg
Avadi-295380",Avadi,Tamil_Nadu,295380.0,Billing
UP-04288,CUST-16888,"925,_Srinivasan_Chowk
Chapra_917669",Chapra,Bihar,917669.0,"Billing,_Shipping"
UP-04289,CUST-17086,"H.No._56,_Soman_Chowk,_Gurgaon_807173",Gurgaon,Haryana,807173.0,"Billing,_Shipping"
RJ-04290,CUST-08358,"21,_Bhatti
Akola_220249",Akola,Maharashtra,220249.0,Shipping
CG-04291,CUST-12553,"H.No._031,_Ganguly_Street,_Nagpur_357423",Nagpur,Maharashtra,357423.0,"Billing,_Shipping"
MP-04292,CUST-01205,"H.No._46
Buch_Marg
Jodhpur-420664",Jodhpur,Rajasthan,420664.0,Shipping
WB-04293,CUST-13322,"H.No._833
Chada_Path
Arrah_950236",Arrah,Bihar,950236.0,"Billing,_Shipping"
KA-04294,CUST-10508,"52,_Gopal_Chowk,_Amaravati-398625",Amaravati,Andhra_Pradesh,398625.0,Billing
TS-04295,CUST-09061,"45/41,_Dhillon_Street,_Nizamabad-084473",Nizamabad,Telangana,84473.0,Shipping
UP-04296,CUST-14288,"28
Jhaveri_Circle
Ahmedabad_977223",Ahmedabad,Gujarat,977223.0,Shipping
RJ-04297,CUST-19434,"69,_Sastry_Nagar,_Rajkot_491993",Rajkot,Gujarat,491993.0,"Billing,_Shipping"
TN-04298,CUST-18866,"03/14,_Gade_Chowk,_Chittoor-404831",Chittoor,Andhra_Pradesh,404831.0,"Billing,_Shipping"
TS-04299,CUST-04889,"677
Venkatesh_Zila
Ambala_830483",Ambala,Haryana,830483.0,Billing
KA-04300,CUST-08990,"H.No._03,_Doctor_Marg,_Hosur-746240",Hosur,Tamil_Nadu,746240.0,Shipping
TN-04301,CUST-16345,"51/498,_Vyas_Zila
Vellore-944743",Vellore,Tamil_Nadu,944743.0,Billing
GJ-04302,CUST-10845,"04
Setty_Circle
Gandhidham-992792",Gandhidham,Gujarat,992792.0,Shipping
OR-04303,CUST-18606,"44/180,_Grover_Path
Bijapur_001015",Bijapur,Karnataka,1015.0,Billing
MH-04304,CUST-07264,"80,_Tak_Ganj
Bhiwandi-220098",Bhiwandi,Maharashtra,220098.0,"Billing,_Shipping"
HR-04305,CUST-15851,"71
Garg
Aurangabad-460538",Aurangabad,Maharashtra,460538.0,Shipping
RJ-04306,CUST-04921,"H.No._379
Sathe_Circle
Akola_484937",Akola,Maharashtra,484937.0,"Billing,_Shipping"
OR-04307,CUST-01766,"27/609,_Tandon_Circle
Mathura_376960",Mathura,Uttar_Pradesh,376960.0,"Billing,_Shipping"
UP-04308,CUST-19788,"H.No._65,_Dubey_Zila,_Chapra_522374",Chapra,Bihar,522374.0,"Billing,_Shipping"
TR-04309,CUST-00700,"18,_Setty_Road,_Durgapur_313418",Durgapur,West_Bengal,313418.0,Billing
MP-04310,CUST-10975,"H.No._693
Joshi_Ganj
Jalandhar_214351",Jalandhar,Punjab,214351.0,"Billing,_Shipping"
DL-04311,CUST-10369,"42/388,_Brahmbhatt_Street,_Delhi-959907",Delhi,Delhi_(Union_Territory),959907.0,Billing
UP-04312,CUST-11955,"12/89
Rau_Path
Shahjahanpur-295765",Shahjahanpur,Uttar_Pradesh,295765.0,Billing
UP-04313,CUST-14202,"H.No._44,_Thaker_Zila,_Muzaffarpur-186554",Muzaffarpur,Bihar,186554.0,Billing
TS-04314,CUST-18926,"45,_Badami_Ganj,_Hindupur-774492",Hindupur,Andhra_Pradesh,774492.0,"Billing,_Shipping"
KA-04315,CUST-04462,"04/078,_Kurian_Marg
Hospet_570572",Hospet,Karnataka,570572.0,Shipping
JH-04316,CUST-19292,"87/301,_Sachdeva_Zila
Phusro-866876",Phusro,Jharkhand,866876.0,Billing
RJ-04317,CUST-04663,"618,_Randhawa_Road
Fatehpur-914517",Fatehpur,Uttar_Pradesh,914517.0,Shipping
AS-04318,CUST-11458,"095,_Sampath_Zila
Bongaigaon_671445",Bongaigaon,Assam,671445.0,"Billing,_Shipping"
MP-04319,CUST-00248,"87/434,_Apte_Nagar
Kota_798214",Kota,Rajasthan,798214.0,Shipping
TN-04320,CUST-07450,"451
Majumdar_Zila
Gandhinagar_207575",Gandhinagar,Gujarat,207575.0,"Billing,_Shipping"
MH-04321,CUST-11257,"79/72,_Sawhney_Ganj,_Guntur-536953",Guntur,Andhra_Pradesh,536953.0,"Billing,_Shipping"
MP-04322,CUST-09101,"H.No._84,_Kunda_Chowk
Jalandhar-685163",Jalandhar,Punjab,685163.0,Billing
UK-04323,CUST-15443,"498,_Mahal_Marg,_Haridwar-321819",Haridwar,Uttarakhand,321819.0,Billing
BR-04324,CUST-13878,"H.No._848
Mani_Zila
Jaipur-695210",Jaipur,Rajasthan,695210.0,"Billing,_Shipping"
TN-04325,CUST-15089,"82,_Manda_Circle,_Tiruvottiyur-379624",Tiruvottiyur,Tamil_Nadu,379624.0,"Billing,_Shipping"
UP-04326,CUST-18579,"711,_Dugar_Road
Farrukhabad_304289",Farrukhabad,Uttar_Pradesh,304289.0,Billing
MP-04327,CUST-15440,"71/794,_Toor_Ganj,_Jalandhar_463383",Jalandhar,Punjab,463383.0,Billing
MP-04328,CUST-15080,"23/30,_Goda_Street
Jalandhar-000457",Jalandhar,Punjab,457.0,Shipping
UP-04329,CUST-17582,"67/34
Srivastava
Sambhal-055614",Sambhal,Uttar_Pradesh,55614.0,"Billing,_Shipping"
TS-04330,CUST-16113,"57/53,_Rao_Road,_Ambala-198117",Ambala,Haryana,198117.0,Shipping
WB-04331,CUST-04213,"H.No._125
Dhawan_Road
Arrah_461444",Arrah,Bihar,461444.0,Billing
UP-04332,CUST-07204,"00,_Saxena
Karimnagar-408013",Karimnagar,Telangana,408013.0,"Billing,_Shipping"
BR-04333,CUST-16597,"H.No._67,_Khalsa_Zila,_Munger-043815",Munger,Bihar,43815.0,Shipping
MH-04334,CUST-15526,"H.No._132,_Setty_Nagar
Bhiwandi_053388",Bhiwandi,Maharashtra,53388.0,"Billing,_Shipping"
BR-04335,CUST-16610,"22/69,_Rout_Nagar,_Munger_861304",Munger,Bihar,861304.0,"Billing,_Shipping"
WB-04336,CUST-05757,"H.No._64,_Vora_Road,_Bidhannagar_333311",Bidhannagar,West_Bengal,333311.0,Shipping
MP-04337,CUST-12658,"55/70,_Jayaraman_Street
Gorakhpur_707447",Gorakhpur,Uttar_Pradesh,707447.0,"Billing,_Shipping"
OR-04338,CUST-10046,"H.No._65
Bandi_Street
Mathura_645666",Mathura,Uttar_Pradesh,645666.0,Shipping
MP-04339,CUST-15088,"82/60,_Bali_Zila,_Kishanganj-811074",Kishanganj,Bihar,811074.0,"Billing,_Shipping"
GJ-04340,CUST-18128,"83/646
Sinha_Street
Allahabad-854442",Allahabad,Uttar_Pradesh,854442.0,Shipping
MP-04341,CUST-08658,"436
Devan_Zila
Khandwa_716546",Khandwa,Madhya_Pradesh,716546.0,Shipping
UP-04342,CUST-18863,"H.No._313,_Vora_Chowk
Ahmedabad_391593",Ahmedabad,Gujarat,391593.0,"Billing,_Shipping"
RJ-04343,CUST-11368,"H.No._565
Suri
Fatehpur-142427",Fatehpur,Uttar_Pradesh,142427.0,"Billing,_Shipping"
UK-04344,CUST-03093,"H.No._788
Varkey_Ganj
Haridwar_128779",Haridwar,Uttarakhand,128779.0,Billing
HR-04345,CUST-19975,"05/36,_Chana_Nagar,_Aurangabad-633998",Aurangabad,Maharashtra,633998.0,"Billing,_Shipping"
AS-04346,CUST-13628,"05,_Singhal_Path
Nagaon-731626",Nagaon,Assam,731626.0,Shipping
TS-04347,CUST-06821,"37/437,_Sankaran_Marg
Hindupur-425742",Hindupur,Andhra_Pradesh,425742.0,"Billing,_Shipping"
BR-04348,CUST-13461,"H.No._45,_Varkey_Marg
Buxar_897279",Buxar,Bihar,897279.0,"Billing,_Shipping"
GJ-04349,CUST-12178,"638,_Dutt_Circle
Hajipur-991235",Hajipur,Bihar,991235.0,Billing
TN-04350,CUST-19412,"53/655
Sama_Chowk
Tiruppur-434013",Tiruppur,Tamil_Nadu,434013.0,"Billing,_Shipping"
HR-04351,CUST-10697,"H.No._67
Aurora_Road
Aurangabad-602855",Aurangabad,Maharashtra,602855.0,"Billing,_Shipping"
MH-04352,CUST-10513,"05/187,_Kota_Road
Jalgaon_051011",Jalgaon,Maharashtra,51011.0,Billing
TS-04353,CUST-08663,"31/97,_Sahni_Street
Hindupur-814480",Hindupur,Andhra_Pradesh,814480.0,"Billing,_Shipping"
WB-04354,CUST-11206,"H.No._459,_Bala,_Aligarh-243513",Aligarh,Uttar_Pradesh,243513.0,"Billing,_Shipping"
KA-04355,CUST-17630,"H.No._398
Chaudhary_Zila
Hospet_716085",Hospet,Karnataka,716085.0,Shipping
MP-04356,CUST-17402,"H.No._163,_Lanka_Zila,_Jodhpur_220809",Jodhpur,Rajasthan,220809.0,Billing
BR-04357,CUST-00707,"11/366
Dhar_Zila
Munger_584960",Munger,Bihar,584960.0,Shipping
MH-04358,CUST-16010,"27
Krish_Ganj
Satara-597182",Satara,Maharashtra,597182.0,Billing
AS-04359,CUST-09417,"04/919,_Bir_Zila,_Bongaigaon-159604",Bongaigaon,Assam,159604.0,"Billing,_Shipping"
HP-04360,CUST-11607,"714
Lanka_Ganj
Udaipur_173293",Udaipur,Rajasthan,173293.0,"Billing,_Shipping"
OR-04361,CUST-14082,"H.No._28,_Kade_Path
Bilaspur_429339",Bilaspur,Chhattisgarh,429339.0,Shipping
HP-04362,CUST-17794,"259,_Kari_Ganj,_Udaipur-557176",Udaipur,Rajasthan,557176.0,Billing
TS-04363,CUST-04190,"90,_Bhakta_Marg,_Ambala-285288",Ambala,Haryana,285288.0,Shipping
CG-04364,CUST-05586,"743,_Balay_Marg,_Sagar-386730",Sagar,Madhya_Pradesh,386730.0,Billing
HR-04365,CUST-17693,"38,_Sandal
Bikaner-623476",Bikaner,Rajasthan,623476.0,"Billing,_Shipping"
UK-04366,CUST-17193,"50,_Gole_Nagar
Haridwar_829402",Haridwar,Uttarakhand,829402.0,Billing
UP-04367,CUST-14761,"H.No._181,_Dubey_Path
Burhanpur_895536",Burhanpur,Madhya_Pradesh,895536.0,Billing
TS-04368,CUST-13163,"H.No._39,_Ghose_Path
Sirsa_514112",Sirsa,Haryana,514112.0,Shipping
MP-04369,CUST-07193,"04/354,_Devi_Nagar,_Jalandhar-456417",Jalandhar,Punjab,456417.0,"Billing,_Shipping"
OR-04370,CUST-14279,"24/162
Iyer_Nagar
Chandrapur-518125",Chandrapur,Maharashtra,518125.0,Shipping
KA-04371,CUST-12546,"H.No._27,_Master_Ganj
Solapur_460727",Solapur,Maharashtra,460727.0,Shipping
UK-04372,CUST-13478,"H.No._18,_Venkataraman_Circle
Haridwar-636034",Haridwar,Uttarakhand,636034.0,"Billing,_Shipping"
OR-04373,CUST-11511,"91
Lad_Road
Mathura_902989",Mathura,Uttar_Pradesh,902989.0,"Billing,_Shipping"
OR-04374,CUST-11826,"H.No._495,_Sankaran_Path
Berhampur_012715",Berhampur,Odisha,12715.0,Shipping
AP-04375,CUST-17885,"36/818
Sem_Circle
Bhimavaram-374371",Bhimavaram,Andhra_Pradesh,374371.0,Shipping
OR-04376,CUST-17978,"51/15,_Kaur_Path,_Patna_775313",Patna,Bihar,775313.0,Billing
MP-04377,CUST-19967,"H.No._042,_Ravi
Gorakhpur-252514",Gorakhpur,Uttar_Pradesh,252514.0,Billing
TN-04378,CUST-16089,"95,_Ratti_Zila,_Pali_106220",Pali,Rajasthan,106220.0,"Billing,_Shipping"
MH-04379,CUST-09242,"06/78,_Sarkar_Street
Jalgaon-694568",Jalgaon,Maharashtra,694568.0,"Billing,_Shipping"
TN-04380,CUST-15087,"H.No._02,_Dhaliwal_Circle
Vellore_519629",Vellore,Tamil_Nadu,519629.0,Shipping
AS-04381,CUST-03637,"032
Gill_Ganj
Siliguri_757069",Siliguri,West_Bengal,757069.0,Shipping
JH-04382,CUST-17828,"88/62,_Dhillon_Nagar
Asansol_298810",Asansol,West_Bengal,298810.0,Billing
UP-04383,CUST-12973,"53
Suresh_Zila
Jamalpur_963217",Jamalpur,Bihar,963217.0,"Billing,_Shipping"
BR-04384,CUST-19346,"80/12
Banik_Path
Jaipur_913865",Jaipur,Rajasthan,913865.0,"Billing,_Shipping"
JH-04385,CUST-15931,"H.No._922,_Sami_Path
Mango_483392",Mango,Jharkhand,483392.0,Billing
TN-04386,CUST-08394,"863
Apte_Marg
Vellore-305734",Vellore,Tamil_Nadu,305734.0,Billing
RJ-04387,CUST-15517,"H.No._94
Mangal_Chowk
Rajkot_379030",Rajkot,Gujarat,379030.0,Billing
BR-04388,CUST-13020,"H.No._120,_Rattan,_Jaipur-230576",Jaipur,Rajasthan,230576.0,Shipping
MP-04389,CUST-09821,"06/121,_Virk_Path,_Gopalpur_263576",Gopalpur,Odisha,263576.0,Billing
JH-04390,CUST-06479,"H.No._878
Date_Chowk
Phusro-690887",Phusro,Jharkhand,690887.0,"Billing,_Shipping"
WB-04391,CUST-19428,"H.No._529,_Korpal_Path,_Arrah-946811",Arrah,Bihar,946811.0,Billing
TS-04392,CUST-14216,"94/84,_Dhaliwal_Nagar,_Nizamabad-545337",Nizamabad,Telangana,545337.0,"Billing,_Shipping"
GJ-04393,CUST-15041,"61/33
Mahajan_Road
Gandhidham-428045",Gandhidham,Gujarat,428045.0,Billing
CG-04394,CUST-08576,"468
Goda_Street
Sambalpur_162366",Sambalpur,Odisha,162366.0,Billing
UP-04395,CUST-11508,"54,_Gera,_Bhagalpur_552745",Bhagalpur,Bihar,552745.0,Shipping
OR-04396,CUST-10831,"70/18,_Kant_Circle
Bilaspur_429379",Bilaspur,Chhattisgarh,429379.0,Shipping
WB-04397,CUST-12653,"92/068
Sachdev
Bidhannagar_412152",Bidhannagar,West_Bengal,412152.0,Shipping
MP-04398,CUST-15081,"H.No._007,_Deshpande_Path
Indore-977757",Indore,Madhya_Pradesh,977757.0,"Billing,_Shipping"
AP-04399,CUST-05548,"H.No._99,_Yadav_Ganj,_Bhimavaram-351108",Bhimavaram,Andhra_Pradesh,351108.0,Shipping
GJ-04400,CUST-15183,"11
Savant_Chowk
Kavali-421256",Kavali,Andhra_Pradesh,421256.0,Billing
UP-04401,CUST-10213,"H.No._444
Kibe_Circle
Raiganj_817035",Raiganj,West_Bengal,817035.0,Shipping
TN-04402,CUST-16550,"685
Sandhu_Street
Vellore-853813",Vellore,Tamil_Nadu,853813.0,"Billing,_Shipping"
GJ-04403,CUST-02662,"19/17
Bhatnagar_Path
Gandhidham_093067",Gandhidham,Gujarat,93067.0,"Billing,_Shipping"
TS-04404,CUST-19108,"09/512,_Dugar,_Proddatur-529339",Proddatur,Andhra_Pradesh,529339.0,Billing
TS-04405,CUST-17795,"74/34,_Vala_Street,_Nizamabad_968826",Nizamabad,Telangana,968826.0,Shipping
OR-04406,CUST-00812,"67
Bava_Circle
Patna-754553",Patna,Bihar,754553.0,"Billing,_Shipping"
TS-04407,CUST-19629,"H.No._606,_Chakraborty_Road
Nizamabad-052296",Nizamabad,Telangana,52296.0,Shipping
UP-04408,CUST-11415,"52
Verma
Mirzapur-588877",Mirzapur,Uttar_Pradesh,588877.0,"Billing,_Shipping"
MH-04409,CUST-08319,"H.No._475,_Datta_Zila
Jalgaon-687792",Jalgaon,Maharashtra,687792.0,Shipping
CG-04410,CUST-18722,"960,_Saxena_Road
Sambalpur_335234",Sambalpur,Odisha,335234.0,Shipping
JH-04411,CUST-10792,"H.No._220,_Kamdar_Nagar
Mango-438714",Mango,Jharkhand,438714.0,Billing
WB-04412,CUST-12722,"H.No._844,_Bali
Panihati-904231",Panihati,West_Bengal,904231.0,"Billing,_Shipping"
HR-04413,CUST-05236,"690
Sachar_Marg
Siwan_035612",Siwan,Bihar,35612.0,Shipping
UP-04414,CUST-11149,"42/588,_Kara_Ganj,_Mirzapur-832087",Mirzapur,Uttar_Pradesh,832087.0,Shipping
MP-04415,CUST-05002,"60/29
Datta_Ganj
Khandwa_921829",Khandwa,Madhya_Pradesh,921829.0,"Billing,_Shipping"
UK-04416,CUST-04686,"47/82,_Suresh_Path,_Jalna-227467",Jalna,Maharashtra,227467.0,"Billing,_Shipping"
BR-04417,CUST-14286,"115,_Saran_Marg
Munger-810657",Munger,Bihar,810657.0,Shipping
WB-04418,CUST-15785,"21,_Sankaran_Chowk
Baranagar-378300",Baranagar,West_Bengal,378300.0,"Billing,_Shipping"
TS-04419,CUST-07579,"79/280,_Hora_Circle,_Sirsa_330271",Sirsa,Haryana,330271.0,"Billing,_Shipping"
CG-04420,CUST-14263,"435,_Sangha_Marg,_Nagpur_103120",Nagpur,Maharashtra,103120.0,"Billing,_Shipping"
JH-04421,CUST-04400,"098,_Kara_Circle
Kharagpur-110615",Kharagpur,West_Bengal,110615.0,"Billing,_Shipping"
UP-04422,CUST-16882,"23
Koshy_Nagar
Muzaffarpur-166767",Muzaffarpur,Bihar,166767.0,"Billing,_Shipping"
WB-04423,CUST-16859,"H.No._572,_Dhar_Nagar,_Bhatpara-099214",Bhatpara,West_Bengal,99214.0,"Billing,_Shipping"
TN-04424,CUST-06969,"28/91,_Srinivasan_Ganj
Tiruppur_093945",Tiruppur,Tamil_Nadu,93945.0,Shipping
HR-04425,CUST-02184,"H.No._175,_Wason_Path
Bikaner_043192",Bikaner,Rajasthan,43192.0,Shipping
MH-04426,CUST-16153,"83/355
Garg_Road
Malegaon_775439",Malegaon,Maharashtra,775439.0,"Billing,_Shipping"
MP-04427,CUST-09056,"22,_Chacko_Zila,_Unnao-823167",Unnao,Uttar_Pradesh,823167.0,Shipping
GJ-04428,CUST-09700,"H.No._166,_Bahri_Marg,_Ajmer_467150",Ajmer,Rajasthan,467150.0,Shipping
KA-04429,CUST-16339,"H.No._80,_Bahri_Street,_Tumkur-528661",Tumkur,Karnataka,528661.0,Shipping
UP-04430,CUST-00126,"31/249,_Dar_Chowk,_Muzaffarpur_083301",Muzaffarpur,Bihar,83301.0,"Billing,_Shipping"
KL-04431,CUST-10219,"54/73
Khanna_Zila
Kollam-177186",Kollam,Kerala,177186.0,Billing
AP-04432,CUST-19902,"H.No._879,_Apte_Chowk,_Bhimavaram-116206",Bhimavaram,Andhra_Pradesh,116206.0,"Billing,_Shipping"
MH-04433,CUST-04204,"99,_Ratta_Circle
Guntur-092048",Guntur,Andhra_Pradesh,92048.0,Shipping
WB-04434,CUST-16795,"61/35
Dalal_Road
Kulti-129662",Kulti,West_Bengal,129662.0,"Billing,_Shipping"
TS-04435,CUST-16716,"H.No._17,_Bath_Road,_Proddatur_172634",Proddatur,Andhra_Pradesh,172634.0,Shipping
AP-04436,CUST-02427,"28/59,_Tara_Circle,_Bhimavaram-322148",Bhimavaram,Andhra_Pradesh,322148.0,"Billing,_Shipping"
UP-04437,CUST-12704,"87/85,_Khare_Marg
Mirzapur_950497",Mirzapur,Uttar_Pradesh,950497.0,"Billing,_Shipping"
CG-04438,CUST-00585,"H.No._29,_Bawa_Circle
Sagar_141413",Sagar,Madhya_Pradesh,141413.0,Billing
KL-04439,CUST-15674,"H.No._21
Tella_Nagar
Kollam-858097",Kollam,Kerala,858097.0,Shipping
MH-04440,CUST-14521,"77/86
Subramaniam_Path
Rampur_765948",Rampur,Uttar_Pradesh,765948.0,Shipping
MH-04441,CUST-06423,"H.No._18
Guha_Ganj
Guntur-272042",Guntur,Andhra_Pradesh,272042.0,Billing
MH-04442,CUST-13888,"H.No._25
Sani_Chowk
Satara-665393",Satara,Maharashtra,665393.0,"Billing,_Shipping"
GJ-04443,CUST-18809,"34/33,_Thakur_Zila,_Kavali-612379",Kavali,Andhra_Pradesh,612379.0,Shipping
CG-04444,CUST-04932,"H.No._75
Handa_Circle
Nagpur_088822",Nagpur,Maharashtra,88822.0,"Billing,_Shipping"
TN-04445,CUST-00195,"59/41
Warrior_Street
Salem-168433",Salem,Tamil_Nadu,168433.0,"Billing,_Shipping"
TS-04446,CUST-17607,"811
Sule_Zila
Hindupur_244500",Hindupur,Andhra_Pradesh,244500.0,"Billing,_Shipping"
AP-04447,CUST-05978,"70/26,_Gill_Zila,_Srikakulam_934779",Srikakulam,Andhra_Pradesh,934779.0,Billing
MP-04448,CUST-12430,"442,_Loyal_Chowk,_Jodhpur-506689",Jodhpur,Rajasthan,506689.0,Billing
HP-04449,CUST-14085,"34,_Bora_Marg
Udaipur-253384",Udaipur,Rajasthan,253384.0,Shipping
UK-04450,CUST-05075,"722,_Golla_Zila,_Shivpuri-170622",Shivpuri,Madhya_Pradesh,170622.0,"Billing,_Shipping"
UP-04451,CUST-17951,"81/43
Goda_Road
Muzaffarpur_450339",Muzaffarpur,Bihar,450339.0,Shipping
HR-04452,CUST-14986,"20,_Saha_Ganj
Aurangabad-902071",Aurangabad,Maharashtra,902071.0,"Billing,_Shipping"
WB-04453,CUST-14343,"31/960,_Dalal,_Uluberia-953648",Uluberia,West_Bengal,953648.0,Billing
TS-04454,CUST-18213,"99/556,_Kurian_Nagar
Nizamabad_314314",Nizamabad,Telangana,314314.0,Billing
OR-04455,CUST-14495,"52/58,_Chhabra_Marg,_Patna-760326",Patna,Bihar,760326.0,Shipping
AP-04456,CUST-05524,"38
Garde_Nagar
Anantapuram_799328",Anantapuram,Andhra_Pradesh,799328.0,Shipping
KA-04457,CUST-17979,"H.No._84,_Chacko_Nagar
Tumkur-994786",Tumkur,Karnataka,994786.0,Shipping
KA-04458,CUST-18676,"H.No._15,_Mane_Road
Mangalore-456529",Mangalore,Karnataka,456529.0,Shipping
MP-04459,CUST-08944,"83
Ben_Zila
Unnao_196995",Unnao,Uttar_Pradesh,196995.0,"Billing,_Shipping"
AS-04460,CUST-13751,"67/736,_Kannan_Chowk
Nagaon-896207",Nagaon,Assam,896207.0,Billing
UK-04461,CUST-12798,"678,_Bobal_Chowk,_Haridwar_879245",Haridwar,Uttarakhand,879245.0,Shipping
UP-04462,CUST-12787,"13,_Kala_Nagar,_Mirzapur_486067",Mirzapur,Uttar_Pradesh,486067.0,"Billing,_Shipping"
KA-04463,CUST-10019,"08/82
Mall_Zila
Solapur-063994",Solapur,Maharashtra,63994.0,Shipping
UK-04464,CUST-15654,"272,_Dora_Chowk,_Jalna-415162",Jalna,Maharashtra,415162.0,"Billing,_Shipping"
WB-04465,CUST-17416,"55/488,_Lal_Street
Arrah-071217",Arrah,Bihar,71217.0,Shipping
MH-04466,CUST-01881,"49/961,_Behl_Ganj
Satara-685606",Satara,Maharashtra,685606.0,Billing
UP-04467,CUST-18173,"70/169,_Sekhon,_Karimnagar_065553",Karimnagar,Telangana,65553.0,Billing
TN-04468,CUST-06983,"H.No._729,_Rout_Street
Tiruvottiyur-399017",Tiruvottiyur,Tamil_Nadu,399017.0,Billing
MP-04469,CUST-16452,"02/55,_Varghese_Marg
Kishanganj-708777",Kishanganj,Bihar,708777.0,Billing
WB-04470,CUST-03289,"H.No._57,_Halder_Zila,_Bhatpara_266939",Bhatpara,West_Bengal,266939.0,Billing
KL-04471,CUST-04119,"81/915,_Kadakia_Marg
Kollam_373199",Kollam,Kerala,373199.0,Billing
AS-04472,CUST-15292,"27
Som_Road
Bongaigaon-251109",Bongaigaon,Assam,251109.0,"Billing,_Shipping"
UP-04473,CUST-18769,"H.No._24
Dayal_Zila
Karimnagar-686241",Karimnagar,Telangana,686241.0,"Billing,_Shipping"
UP-04474,CUST-12772,"85/320,_Chacko_Chowk
Burhanpur-107405",Burhanpur,Madhya_Pradesh,107405.0,"Billing,_Shipping"
KA-04475,CUST-18866,"H.No._995
Mani_Circle
Tumkur-646796",Tumkur,Karnataka,646796.0,Shipping
OR-04476,CUST-17814,"H.No._280
Ganguly_Chowk
Patna-793902",Patna,Bihar,793902.0,Billing
WB-04477,CUST-04987,"03/471,_Wason,_Arrah_262293",Arrah,Bihar,262293.0,"Billing,_Shipping"
UP-04478,CUST-07107,"H.No._265,_Deshmukh_Circle,_Bhagalpur-024131",Bhagalpur,Bihar,24131.0,"Billing,_Shipping"
UK-04479,CUST-08748,"615,_Rege_Nagar
Shivpuri_300472",Shivpuri,Madhya_Pradesh,300472.0,Billing
TS-04480,CUST-04139,"H.No._988,_Samra
Nizamabad_795497",Nizamabad,Telangana,795497.0,"Billing,_Shipping"
UP-04481,CUST-15400,"29/330,_Sethi_Chowk
Mirzapur-407366",Mirzapur,Uttar_Pradesh,407366.0,Billing
AP-04482,CUST-01427,"H.No._82
Sahni_Nagar
Srikakulam_115246",Srikakulam,Andhra_Pradesh,115246.0,Shipping
KA-04483,CUST-02610,"H.No._996,_Datta_Zila,_Hospet_428117",Hospet,Karnataka,428117.0,Shipping
BR-04484,CUST-10887,"85/19
Sarma_Marg
Satna-948290",Satna,Madhya_Pradesh,948290.0,Shipping
DL-04485,CUST-15991,"78,_Sharma_Nagar,_Delhi_566607",Delhi,Delhi_(Union_Territory),566607.0,Billing
UP-04486,CUST-05985,"10
Mane_Street
Burhanpur_992716",Burhanpur,Madhya_Pradesh,992716.0,"Billing,_Shipping"
HR-04487,CUST-13957,"H.No._31,_Deep
Aurangabad_351112",Aurangabad,Maharashtra,351112.0,Shipping
GJ-04488,CUST-04848,"92/91
Dalal_Street
Jabalpur_632852",Jabalpur,Madhya_Pradesh,632852.0,Shipping
GJ-04489,CUST-18329,"06
Aurora_Road
Kavali_784650",Kavali,Andhra_Pradesh,784650.0,"Billing,_Shipping"
OR-04490,CUST-00982,"29/74
Subramanian_Zila
Berhampur_889082",Berhampur,Odisha,889082.0,"Billing,_Shipping"
CG-04491,CUST-19611,"H.No._69
Devan_Circle
Bhilai-682571",Bhilai,Chhattisgarh,682571.0,Billing
TS-04492,CUST-13056,"H.No._950,_Upadhyay_Chowk
Hindupur_889673",Hindupur,Andhra_Pradesh,889673.0,Billing
TN-04493,CUST-12952,"H.No._313
Dey_Path
Salem_029570",Salem,Tamil_Nadu,29570.0,Shipping
OR-04494,CUST-10259,"H.No._73,_Raj_Marg
Kanpur_442560",Kanpur,Uttar_Pradesh,442560.0,Shipping
MP-04495,CUST-00104,"H.No._71,_Dixit_Street
Ramgarh-494264",Ramgarh,Jharkhand,494264.0,Billing
RJ-04496,CUST-01591,"350,_Saxena_Circle,_Fatehpur-786735",Fatehpur,Uttar_Pradesh,786735.0,"Billing,_Shipping"
UP-04497,CUST-17961,"48/015
Bajaj_Zila
Raiganj-452402",Raiganj,West_Bengal,452402.0,Billing
UK-04498,CUST-17252,"H.No._54
Hayer_Path
Jalna_678986",Jalna,Maharashtra,678986.0,Billing
MH-04499,CUST-14188,"19/46,_Chaudhary,_Satara-840987",Satara,Maharashtra,840987.0,Billing
CG-04500,CUST-16208,"H.No._377,_Lal_Zila,_Bhilai_630085",Bhilai,Chhattisgarh,630085.0,Billing
MP-04501,CUST-15469,"H.No._63
Setty_Street
Jhansi_594319",Jhansi,Uttar_Pradesh,594319.0,"Billing,_Shipping"
WB-04502,CUST-10205,"75/81
Iyengar_Zila
Arrah_891293",Arrah,Bihar,891293.0,Billing
OR-04503,CUST-05613,"91/535
Khosla_Circle
Mathura-012395",Mathura,Uttar_Pradesh,12395.0,Billing
KA-04504,CUST-02040,"580,_Dhar,_Tumkur-964747",Tumkur,Karnataka,964747.0,"Billing,_Shipping"
MP-04505,CUST-12059,"66/19
Chana_Road
Gorakhpur_412308",Gorakhpur,Uttar_Pradesh,412308.0,Shipping
WB-04506,CUST-04280,"H.No._151
Tara_Path
Arrah-009818",Arrah,Bihar,9818.0,Billing
TN-04507,CUST-17824,"H.No._45,_Kara_Zila
Pallavaram_748724",Pallavaram,Tamil_Nadu,748724.0,Billing
OR-04508,CUST-07185,"373,_Kulkarni_Street,_Chandrapur_753557",Chandrapur,Maharashtra,753557.0,"Billing,_Shipping"
UP-04509,CUST-06658,"84/37,_Mammen_Road
Gurgaon_375417",Gurgaon,Haryana,375417.0,Shipping
UP-04510,CUST-12233,"72/00
Gandhi_Chowk
Farrukhabad-143018",Farrukhabad,Uttar_Pradesh,143018.0,Billing
AP-04511,CUST-13361,"H.No._30,_Butala_Road,_Gudivada_396866",Gudivada,Andhra_Pradesh,396866.0,"Billing,_Shipping"
UP-04512,CUST-13400,"H.No._38,_Hans_Marg
Jamalpur-984796",Jamalpur,Bihar,984796.0,Billing
UK-04513,CUST-06222,"66,_Khosla_Street
Jalna_478958",Jalna,Maharashtra,478958.0,Shipping
TR-04514,CUST-01556,"54,_Bakshi_Circle,_Chandigarh-191295",Chandigarh,Chandigarh_(Union_Territory),191295.0,Billing
TS-04515,CUST-05218,"H.No._80
Desai_Road
Ambala_909472",Ambala,Haryana,909472.0,Shipping
WB-04516,CUST-03067,"H.No._60,_Bhatt_Ganj,_Baranagar-677656",Baranagar,West_Bengal,677656.0,Shipping
OR-04517,CUST-13219,"16,_Arya_Chowk
Bijapur_752817",Bijapur,Karnataka,752817.0,Billing
MH-04518,CUST-18958,"H.No._796,_Sodhi_Circle
Karnal-089648",Karnal,Haryana,89648.0,Billing
UP-04519,CUST-15950,"H.No._86
Deshmukh_Circle
Jamalpur_453305",Jamalpur,Bihar,453305.0,"Billing,_Shipping"
MP-04520,CUST-16205,"69/23
Choudhry_Road
Kota_385376",Kota,Rajasthan,385376.0,Shipping
UK-04521,CUST-10846,"963,_Kala
Jalna_542466",Jalna,Maharashtra,542466.0,"Billing,_Shipping"
GJ-04522,CUST-06120,"32,_Brahmbhatt_Circle
Ajmer-389300",Ajmer,Rajasthan,389300.0,"Billing,_Shipping"
OR-04523,CUST-11673,"26,_Kata
Haldia_502692",Haldia,West_Bengal,502692.0,Shipping
UK-04524,CUST-10424,"32/553,_Salvi_Ganj
Shivpuri-056832",Shivpuri,Madhya_Pradesh,56832.0,Billing
MP-04525,CUST-08054,"62
Samra_Street
Indore-854227",Indore,Madhya_Pradesh,854227.0,Shipping
TN-04526,CUST-17066,"H.No._94,_Chakraborty_Path
Salem_408319",Salem,Tamil_Nadu,408319.0,Shipping
MP-04527,CUST-00347,"21/64
Ramakrishnan
Kishanganj_633097",Kishanganj,Bihar,633097.0,"Billing,_Shipping"
MP-04528,CUST-11283,"83,_Kala_Circle,_Agra-949068",Agra,Uttar_Pradesh,949068.0,Shipping
UP-04529,CUST-08154,"82/828,_Dhar_Circle
Sambhal-807789",Sambhal,Uttar_Pradesh,807789.0,"Billing,_Shipping"
UP-04530,CUST-19239,"H.No._794
Sur_Chowk
Karimnagar_659971",Karimnagar,Telangana,659971.0,Shipping
UP-04531,CUST-17076,"852,_Balay_Path
Sambhal-246884",Sambhal,Uttar_Pradesh,246884.0,"Billing,_Shipping"
TS-04532,CUST-13019,"48/335
Agate_Chowk
Ramagundam_054899",Ramagundam,Telangana,54899.0,"Billing,_Shipping"
WB-04533,CUST-15832,"H.No._96,_Krish_Street,_Uluberia-665809",Uluberia,West_Bengal,665809.0,Shipping
UK-04534,CUST-10811,"H.No._609
Vora_Path
Haridwar-485020",Haridwar,Uttarakhand,485020.0,"Billing,_Shipping"
TN-04535,CUST-10439,"26
Sarna_Nagar
Avadi-761996",Avadi,Tamil_Nadu,761996.0,Shipping
WB-04536,CUST-00049,"H.No._891,_Keer_Ganj
Bally-007113",Bally,West_Bengal,7113.0,Shipping
KA-04537,CUST-01090,"H.No._20,_Gola_Road,_Hosur_737154",Hosur,Tamil_Nadu,737154.0,"Billing,_Shipping"
BR-04538,CUST-05766,"11
Kamdar_Road
Satna-463500",Satna,Madhya_Pradesh,463500.0,Shipping
TN-04539,CUST-04248,"41/974
Krishna_Road
Gandhinagar_211572",Gandhinagar,Gujarat,211572.0,"Billing,_Shipping"
UP-04540,CUST-17288,"31/28
Hans_Road
Chapra_119003",Chapra,Bihar,119003.0,Billing
TN-04541,CUST-04614,"H.No._56
Loyal
Tiruvottiyur-996077",Tiruvottiyur,Tamil_Nadu,996077.0,"Billing,_Shipping"
WB-04542,CUST-16667,"81/499
Rattan_Path
Kamarhati_675077",Kamarhati,West_Bengal,675077.0,"Billing,_Shipping"
TN-04543,CUST-04269,"H.No._751,_Goyal_Marg,_Pallavaram_459600",Pallavaram,Tamil_Nadu,459600.0,"Billing,_Shipping"
CG-04544,CUST-18730,"H.No._08
Andra
Nagpur-827855",Nagpur,Maharashtra,827855.0,Shipping
UP-04545,CUST-18206,"49/048,_Dey_Circle,_Gurgaon-779045",Gurgaon,Haryana,779045.0,Shipping
GJ-04546,CUST-13170,"47/58
Kara_Ganj
Jabalpur-142745",Jabalpur,Madhya_Pradesh,142745.0,Shipping
MP-04547,CUST-18001,"51/96
Kota_Chowk
Dehri_537434",Dehri,Bihar,537434.0,Shipping
GJ-04549,CUST-13303,"H.No._047,_Saran_Zila
Hajipur-190907",Hajipur,Bihar,190907.0,Shipping
TN-04550,CUST-01643,"H.No._605,_Srinivas_Circle,_Avadi_014025",Avadi,Tamil_Nadu,14025.0,Shipping
MH-04551,CUST-16613,"13,_Bansal_Circle
Satara_893435",Satara,Maharashtra,893435.0,Billing
RJ-04552,CUST-17594,"534,_Rana_Marg
Fatehpur_867161",Fatehpur,Uttar_Pradesh,867161.0,Billing
OR-04553,CUST-16083,"91
Wadhwa_Marg
Bijapur-655306",Bijapur,Karnataka,655306.0,Billing
OR-04554,CUST-16477,"921,_Sharma_Circle,_Kanpur_421908",Kanpur,Uttar_Pradesh,421908.0,Shipping
AP-04555,CUST-19349,"602,_Bedi_Nagar,_Bhimavaram-566003",Bhimavaram,Andhra_Pradesh,566003.0,Shipping
GJ-04556,CUST-08892,"H.No._733,_Ganesh,_Kavali_405196",Kavali,Andhra_Pradesh,405196.0,Billing
TS-04557,CUST-00959,"H.No._22,_Verma_Path
Proddatur-602005",Proddatur,Andhra_Pradesh,602005.0,Billing
KL-04558,CUST-04005,"87/022
Thaman_Street
Kollam_224929",Kollam,Kerala,224929.0,Billing
MP-04559,CUST-06078,"36/47,_Batta_Nagar
Kota-965077",Kota,Rajasthan,965077.0,Shipping
MP-04560,CUST-10416,"85/24
Dhawan
Gorakhpur_867363",Gorakhpur,Uttar_Pradesh,867363.0,Billing
HP-04561,CUST-08082,"61/35,_Chana_Ganj,_Udaipur-793973",Udaipur,Rajasthan,793973.0,Billing
BR-04562,CUST-02682,"54/914
Varty_Circle
Satna-666236",Satna,Madhya_Pradesh,666236.0,Shipping
OR-04563,CUST-16383,"H.No._44,_Jaggi
Kanpur_682247",Kanpur,Uttar_Pradesh,682247.0,"Billing,_Shipping"
AS-04564,CUST-05368,"553
Tiwari
Nagaon-100352",Nagaon,Assam,100352.0,"Billing,_Shipping"
BR-04565,CUST-09722,"65/06,_Shah_Circle,_Jaipur-760006",Jaipur,Rajasthan,760006.0,Shipping
TN-04566,CUST-14728,"H.No._892,_Balan_Chowk,_Tiruvottiyur_549068",Tiruvottiyur,Tamil_Nadu,549068.0,Shipping
KA-04567,CUST-18882,"41/69,_Bose_Ganj,_Solapur-735009",Solapur,Maharashtra,735009.0,Billing
OR-04568,CUST-12702,"57
Rege_Chowk
Danapur_410943",Danapur,Bihar,410943.0,"Billing,_Shipping"
MP-04569,CUST-01426,"H.No._466,_Gopal_Chowk,_Unnao-591287",Unnao,Uttar_Pradesh,591287.0,Shipping
AS-04570,CUST-05471,"H.No._48
Jayaraman_Ganj
Siliguri_512020",Siliguri,West_Bengal,512020.0,Billing
WB-04571,CUST-07022,"803,_Brar,_Kulti_252948",Kulti,West_Bengal,252948.0,"Billing,_Shipping"
MP-04572,CUST-10449,"46/292
Som
Kishanganj-561511",Kishanganj,Bihar,561511.0,Billing
KA-04573,CUST-14550,"066
Mani_Circle
Hosur-152706",Hosur,Tamil_Nadu,152706.0,Shipping
MH-04574,CUST-03568,"754,_Manne_Path
Nanded_767236",Nanded,Maharashtra,767236.0,Shipping
RJ-04575,CUST-19474,"90/225,_Joshi,_Rajkot-409090",Rajkot,Gujarat,409090.0,Billing
JH-04576,CUST-12444,"H.No._010,_Cheema_Circle,_Kharagpur_695477",Kharagpur,West_Bengal,695477.0,"Billing,_Shipping"
OR-04577,CUST-16454,"105
Vaidya_Street
Kanpur_784119",Kanpur,Uttar_Pradesh,784119.0,Billing
AS-04578,CUST-10794,"42/52,_Bhagat_Circle
Siliguri-435413",Siliguri,West_Bengal,435413.0,"Billing,_Shipping"
MP-04579,CUST-02915,"411,_Doshi_Circle,_Kota_553202",Kota,Rajasthan,553202.0,"Billing,_Shipping"
MH-04580,CUST-19233,"41,_Bora_Chowk
Karnal-733975",Karnal,Haryana,733975.0,Billing
UK-04581,CUST-15462,"H.No._080,_Borde_Marg
Jalna-581031",Jalna,Maharashtra,581031.0,Shipping
JH-04582,CUST-01373,"262,_Sekhon_Marg
Kharagpur-329176",Kharagpur,West_Bengal,329176.0,Billing
TS-04583,CUST-04784,"H.No._81
Iyer_Street
Nizamabad-296306",Nizamabad,Telangana,296306.0,Shipping
TR-04584,CUST-15070,"H.No._34,_Iyer_Ganj
Chandigarh_019706",Chandigarh,Chandigarh_(Union_Territory),19706.0,"Billing,_Shipping"
MH-04585,CUST-13488,"95/688,_Ramaswamy_Circle
Loni_695850",Loni,Uttar_Pradesh,695850.0,"Billing,_Shipping"
MP-04586,CUST-12715,"69/632,_Din_Street,_Ramgarh_081193",Ramgarh,Jharkhand,81193.0,Shipping
KA-04587,CUST-06499,"H.No._950,_Bhandari
Amaravati-969447",Amaravati,Andhra_Pradesh,969447.0,Shipping
WB-04589,CUST-18780,"39/30
Joshi_Path
Uluberia_210261",Uluberia,West_Bengal,210261.0,Billing
WB-04590,CUST-04830,"61/48
Ganguly_Zila
Baranagar_087898",Baranagar,West_Bengal,87898.0,Shipping
AS-04591,CUST-17568,"91/590,_Devi_Zila
Nagaon_135251",Nagaon,Assam,135251.0,"Billing,_Shipping"
UP-04592,CUST-02897,"H.No._346
Keer_Path
Jamalpur_610207",Jamalpur,Bihar,610207.0,"Billing,_Shipping"
GJ-04593,CUST-04996,"H.No._11
Soni_Road
Vadodara_674935",Vadodara,Gujarat,674935.0,"Billing,_Shipping"
TN-04594,CUST-19548,"H.No._62,_Raman_Zila,_Tiruvottiyur-479008",Tiruvottiyur,Tamil_Nadu,479008.0,"Billing,_Shipping"
UP-04595,CUST-01788,"H.No._00
Zacharia_Nagar
Ahmedabad_594253",Ahmedabad,Gujarat,594253.0,Shipping
TS-04596,CUST-19645,"218,_Sathe_Street,_Sirsa_506244",Sirsa,Haryana,506244.0,Billing
MP-04597,CUST-19456,"H.No._31,_Dugar_Zila,_Agra-756970",Agra,Uttar_Pradesh,756970.0,Billing
UP-04598,CUST-18634,"86/47
Sidhu_Road
Bhagalpur_654181",Bhagalpur,Bihar,654181.0,Billing
MH-04599,CUST-15615,"05/09,_Samra_Ganj,_Yamunanagar-689101",Yamunanagar,Haryana,689101.0,Shipping
TS-04600,CUST-15942,"H.No._501,_Kala_Chowk
Ambala_520922",Ambala,Haryana,520922.0,Shipping
GJ-04601,CUST-03657,"H.No._691
Venkatesh_Nagar
Kavali_334802",Kavali,Andhra_Pradesh,334802.0,Billing
BR-04602,CUST-09780,"50
Manda_Ganj
Satna_991947",Satna,Madhya_Pradesh,991947.0,Billing
AS-04603,CUST-18884,"70,_Dayal_Road,_Siliguri_442537",Siliguri,West_Bengal,442537.0,Shipping
BR-04604,CUST-11877,"H.No._96
Jain_Circle
Munger-851818",Munger,Bihar,851818.0,"Billing,_Shipping"
UP-04605,CUST-18473,"43,_Chawla_Circle,_Muzaffarpur_993130",Muzaffarpur,Bihar,993130.0,"Billing,_Shipping"
MP-04606,CUST-06906,"597,_Hari_Marg
Dehri_422062",Dehri,Bihar,422062.0,Shipping
RJ-04607,CUST-11653,"48/83,_Bakshi_Street,_Dewas-303756",Dewas,Madhya_Pradesh,303756.0,Billing
UK-04608,CUST-14186,"06/990,_Butala_Marg
Shivpuri_413624",Shivpuri,Madhya_Pradesh,413624.0,Shipping
GJ-04609,CUST-04276,"35/036,_Upadhyay_Nagar
Ajmer-197864",Ajmer,Rajasthan,197864.0,Shipping
MP-04610,CUST-17257,"50/44,_Dani
Unnao-854462",Unnao,Uttar_Pradesh,854462.0,"Billing,_Shipping"
TN-04611,CUST-04608,"35/44,_Agrawal_Path
Tiruppur_211171",Tiruppur,Tamil_Nadu,211171.0,Billing
TN-04612,CUST-14709,"H.No._07,_Borra,_Tiruppur_786657",Tiruppur,Tamil_Nadu,786657.0,Billing
OR-04613,CUST-19057,"21,_Varty_Circle
Kanpur-640807",Kanpur,Uttar_Pradesh,640807.0,"Billing,_Shipping"
UP-04614,CUST-16634,"10/62,_Iyengar_Path,_Burhanpur_130154",Burhanpur,Madhya_Pradesh,130154.0,Billing
GJ-04615,CUST-15236,"41/64,_Jha_Circle
Gandhidham-445403",Gandhidham,Gujarat,445403.0,"Billing,_Shipping"
WB-04616,CUST-12297,"H.No._30,_Rout_Chowk
Bally_925805",Bally,West_Bengal,925805.0,Billing
HR-04617,CUST-15132,"33/35,_Sharaf_Street
Aurangabad-692308",Aurangabad,Maharashtra,692308.0,Shipping
MH-04618,CUST-13748,"32/96,_Divan_Street
Yamunanagar_581180",Yamunanagar,Haryana,581180.0,"Billing,_Shipping"
TS-04619,CUST-19425,"80/662
Din_Ganj
Hindupur_499343",Hindupur,Andhra_Pradesh,499343.0,"Billing,_Shipping"
GJ-04620,CUST-18754,"H.No._567,_Choudhury_Ganj,_Ajmer_082088",Ajmer,Rajasthan,82088.0,"Billing,_Shipping"
MP-04621,CUST-01342,"H.No._45,_Deshmukh_Circle,_Indore-501009",Indore,Madhya_Pradesh,501009.0,Shipping
UP-04622,CUST-11948,"15/335,_Sehgal_Chowk
Raiganj-659865",Raiganj,West_Bengal,659865.0,Shipping
BR-04623,CUST-07647,"76,_Tiwari_Marg,_Satna_377221",Satna,Madhya_Pradesh,377221.0,Billing
AP-04625,CUST-10245,"82/519,_Dube_Ganj,_Gudivada-301794",Gudivada,Andhra_Pradesh,301794.0,Billing
TN-04626,CUST-14304,"079
Biswas_Nagar
Vellore-592027",Vellore,Tamil_Nadu,592027.0,Shipping
WB-04627,CUST-11119,"H.No._69,_Badami_Path
Bally_954304",Bally,West_Bengal,954304.0,Billing
MH-04628,CUST-12025,"H.No._168,_Sood_Marg
Guntur_502102",Guntur,Andhra_Pradesh,502102.0,Shipping
WB-04629,CUST-03865,"10,_Kant_Zila,_Kulti-776598",Kulti,West_Bengal,776598.0,Shipping
TS-04630,CUST-04823,"466
Buch_Road
Ramagundam_463905",Ramagundam,Telangana,463905.0,Billing
MP-04631,CUST-17224,"478
Dyal_Path
Khandwa_211011",Khandwa,Madhya_Pradesh,211011.0,Billing
MH-04632,CUST-19965,"10/14,_Johal_Marg
Yamunanagar_479449",Yamunanagar,Haryana,479449.0,Billing
MH-04633,CUST-07810,"H.No._36,_Dugar_Nagar
Guntur_217102",Guntur,Andhra_Pradesh,217102.0,Billing
BR-04634,CUST-13843,"67/64,_Gole_Path,_Purnia_841889",Purnia,Bihar,841889.0,"Billing,_Shipping"
UP-04635,CUST-02114,"98/69
Rastogi_Zila
Shahjahanpur-930534",Shahjahanpur,Uttar_Pradesh,930534.0,Shipping
HR-04636,CUST-08355,"768,_Kaul_Road,_Siwan_258915",Siwan,Bihar,258915.0,"Billing,_Shipping"
TN-04637,CUST-09961,"15,_Dube_Chowk
Pali-426028",Pali,Rajasthan,426028.0,"Billing,_Shipping"
MH-04638,CUST-15016,"01
Mane_Street
Yamunanagar_161079",Yamunanagar,Haryana,161079.0,Billing
UP-04639,CUST-06694,"15,_Chauhan,_Firozabad_821312",Firozabad,Uttar_Pradesh,821312.0,Shipping
WB-04640,CUST-09931,"706,_Datta_Marg
Kamarhati_482308",Kamarhati,West_Bengal,482308.0,Billing
UP-04641,CUST-17203,"H.No._418,_Mandal_Marg,_Sambhal_632585",Sambhal,Uttar_Pradesh,632585.0,Billing
WB-04642,CUST-11510,"18
Thakur
Aligarh_395022",Aligarh,Uttar_Pradesh,395022.0,Billing
MP-04643,CUST-12319,"28/085,_Sant_Circle
Ramgarh-007807",Ramgarh,Jharkhand,7807.0,Shipping
OR-04644,CUST-14400,"89,_Atwal_Circle,_Anantapur-303469",Anantapur,Andhra_Pradesh,303469.0,Shipping
AP-04645,CUST-10407,"71/618
Bail_Road
Gudivada_478809",Gudivada,Andhra_Pradesh,478809.0,"Billing,_Shipping"
UP-04646,CUST-12445,"H.No._26,_Agate_Street,_Karimnagar_618782",Karimnagar,Telangana,618782.0,"Billing,_Shipping"
HR-04647,CUST-08684,"86/78,_Ben,_Aurangabad_186928",Aurangabad,Maharashtra,186928.0,Shipping
BR-04648,CUST-15237,"16,_Brahmbhatt_Road
Satna_697538",Satna,Madhya_Pradesh,697538.0,Shipping
AP-04649,CUST-15746,"59/76
Bhatti_Ganj
Bhimavaram_100044",Bhimavaram,Andhra_Pradesh,100044.0,Billing
MH-04650,CUST-15432,"H.No._06,_Khosla_Zila,_Rampur_631780",Rampur,Uttar_Pradesh,631780.0,Shipping
KA-04651,CUST-19171,"H.No._178,_Hegde_Circle
Solapur-178741",Solapur,Maharashtra,178741.0,Shipping
MH-04652,CUST-01349,"H.No._52,_Goyal_Nagar,_Nanded-287382",Nanded,Maharashtra,287382.0,Billing
TN-04653,CUST-14919,"73/52,_Bava_Ganj,_Salem_097887",Salem,Tamil_Nadu,97887.0,Shipping
UP-04656,CUST-14391,"541,_Gara_Nagar
Raiganj-793835",Raiganj,West_Bengal,793835.0,"Billing,_Shipping"
TS-04657,CUST-15594,"H.No._25,_Viswanathan_Marg,_Dindigul-311642",Dindigul,Tamil_Nadu,311642.0,Shipping
BR-04658,CUST-19055,"94/80,_Dass_Nagar
Munger_117898",Munger,Bihar,117898.0,Shipping
KA-04659,CUST-03790,"92
Lal_Nagar
Hospet_418290",Hospet,Karnataka,418290.0,Shipping
OR-04660,CUST-15562,"H.No._29,_Bhalla_Ganj,_Haldia-097576",Haldia,West_Bengal,97576.0,Billing
RJ-04661,CUST-11953,"790
Bose_Chowk
Fatehpur-847744",Fatehpur,Uttar_Pradesh,847744.0,Billing
OR-04662,CUST-09358,"41,_Mander_Chowk,_Bijapur-362390",Bijapur,Karnataka,362390.0,"Billing,_Shipping"
HR-04663,CUST-15596,"796,_Raval_Ganj
Siwan-637227",Siwan,Bihar,637227.0,Shipping
BR-04664,CUST-11449,"H.No._53
Gara_Circle
Jaipur-667712",Jaipur,Rajasthan,667712.0,"Billing,_Shipping"
BR-04665,CUST-05991,"67/363
Som_Zila
Satna-922552",Satna,Madhya_Pradesh,922552.0,Shipping
OR-04666,CUST-08599,"21
Raja_Nagar
Patna_892427",Patna,Bihar,892427.0,"Billing,_Shipping"
TN-04667,CUST-18847,"24/514
D’Alia_Path
Avadi_476000",Avadi,Tamil_Nadu,476000.0,Shipping
WB-04668,CUST-05797,"H.No._385
Chandra_Street
Baranagar_057723",Baranagar,West_Bengal,57723.0,Shipping
AP-04669,CUST-15845,"55/10,_Jain_Road,_Dharmavaram_439743",Dharmavaram,Andhra_Pradesh,439743.0,"Billing,_Shipping"
UP-04670,CUST-03843,"H.No._71,_Chaudry_Marg
Mirzapur-866488",Mirzapur,Uttar_Pradesh,866488.0,Shipping
CG-04671,CUST-05540,"12/26,_Mannan_Path
Nagpur-614521",Nagpur,Maharashtra,614521.0,Billing
MH-04672,CUST-10388,"08/970,_Kashyap_Road,_Guntur_642959",Guntur,Andhra_Pradesh,642959.0,Shipping
TR-04673,CUST-19383,"678,_Gopal_Zila
Durgapur_203961",Durgapur,West_Bengal,203961.0,Billing
AS-04674,CUST-16274,"03
Suri_Chowk
Siliguri_959418",Siliguri,West_Bengal,959418.0,Billing
JH-04675,CUST-19407,"H.No._701
Sachdev_Path
Asansol_239215",Asansol,West_Bengal,239215.0,"Billing,_Shipping"
KA-04676,CUST-18698,"89/371
Thaman_Street
Solapur_335226",Solapur,Maharashtra,335226.0,Billing
JH-04677,CUST-13192,"53/390,_Dugar_Nagar
Kharagpur_649381",Kharagpur,West_Bengal,649381.0,Billing
GJ-04678,CUST-01438,"22/634,_Bobal_Ganj,_Allahabad-357802",Allahabad,Uttar_Pradesh,357802.0,Shipping
UP-04679,CUST-15277,"94/282
Kaul_Road
Mirzapur_464275",Mirzapur,Uttar_Pradesh,464275.0,"Billing,_Shipping"
OR-04680,CUST-14455,"017,_Zacharia
Haldia-445146",Haldia,West_Bengal,445146.0,Shipping
RJ-04681,CUST-16769,"05,_Balay_Nagar,_Fatehpur_389894",Fatehpur,Uttar_Pradesh,389894.0,Shipping
UK-04682,CUST-11997,"21/799
Varty_Street
Haridwar-217620",Haridwar,Uttarakhand,217620.0,Shipping
BR-04683,CUST-10010,"H.No._79
Sama_Nagar
Purnia-073814",Purnia,Bihar,73814.0,Billing
RJ-04684,CUST-01098,"96/91,_Goswami_Road,_Akola-875866",Akola,Maharashtra,875866.0,"Billing,_Shipping"
MP-04685,CUST-19830,"10/432
Iyengar_Chowk
Khandwa_914980",Khandwa,Madhya_Pradesh,914980.0,Shipping
MP-04686,CUST-13759,"01
Rout_Road
Ramgarh-058476",Ramgarh,Jharkhand,58476.0,Shipping
UP-04687,CUST-07301,"H.No._677
Loyal_Circle
Firozabad-414087",Firozabad,Uttar_Pradesh,414087.0,Billing
OR-04688,CUST-19296,"H.No._954,_Iyengar_Marg
Bharatpur_410227",Bharatpur,Rajasthan,410227.0,Billing
AS-04689,CUST-06846,"H.No._44
Bhatnagar_Ganj
Bongaigaon_601793",Bongaigaon,Assam,601793.0,Shipping
MP-04690,CUST-14411,"31/20,_Bobal_Road
Agra-913004",Agra,Uttar_Pradesh,913004.0,"Billing,_Shipping"
MH-04691,CUST-16356,"H.No._77,_Keer_Zila
Malegaon_953206",Malegaon,Maharashtra,953206.0,Shipping
UP-04692,CUST-18689,"H.No._83,_Sachar_Chowk
Muzaffarpur_399281",Muzaffarpur,Bihar,399281.0,Shipping
UP-04693,CUST-12472,"H.No._744,_Madan_Ganj,_Mirzapur-767201",Mirzapur,Uttar_Pradesh,767201.0,"Billing,_Shipping"
CG-04694,CUST-13402,"67
Bhatia_Street
Sambalpur_722365",Sambalpur,Odisha,722365.0,Billing
MP-04695,CUST-15484,"63/226,_Sathe,_Indore-152885",Indore,Madhya_Pradesh,152885.0,"Billing,_Shipping"
WB-04696,CUST-03718,"939,_Agate_Marg
Kamarhati_078380",Kamarhati,West_Bengal,78380.0,"Billing,_Shipping"
TN-04697,CUST-06615,"H.No._353,_Lad_Chowk,_Chittoor_879410",Chittoor,Andhra_Pradesh,879410.0,"Billing,_Shipping"
JH-04698,CUST-12008,"31/104,_Hayer_Nagar,_Phusro_419860",Phusro,Jharkhand,419860.0,"Billing,_Shipping"
WB-04699,CUST-15533,"H.No._29
Gole_Circle
Kamarhati_489234",Kamarhati,West_Bengal,489234.0,Shipping
AS-04700,CUST-18790,"H.No._051,_Rajagopalan_Zila
Siliguri_740575",Siliguri,West_Bengal,740575.0,Billing
TN-04701,CUST-04125,"36/182,_Verma_Street
Gandhinagar-850552",Gandhinagar,Gujarat,850552.0,Billing
AS-04702,CUST-18203,"174,_Gole_Circle
Siliguri-792202",Siliguri,West_Bengal,792202.0,"Billing,_Shipping"
TN-04703,CUST-12644,"666,_Dara_Path,_Pali-199921",Pali,Rajasthan,199921.0,Billing
TS-04704,CUST-04719,"089,_Thaman_Nagar,_Nizamabad-567458",Nizamabad,Telangana,567458.0,Billing
AS-04705,CUST-07211,"21/548
Bali_Circle
Bongaigaon-580613",Bongaigaon,Assam,580613.0,Shipping
TN-04706,CUST-13109,"H.No._13,_Saran_Street
Pallavaram-115099",Pallavaram,Tamil_Nadu,115099.0,"Billing,_Shipping"
RJ-04707,CUST-03906,"H.No._18
Ahluwalia
Akola-228042",Akola,Maharashtra,228042.0,"Billing,_Shipping"
MP-04708,CUST-16577,"96/26,_Saraf_Circle
Jodhpur-386467",Jodhpur,Rajasthan,386467.0,Shipping
CG-04709,CUST-04277,"457,_Contractor
Bhilai-145442",Bhilai,Chhattisgarh,145442.0,"Billing,_Shipping"
OR-04711,CUST-17895,"H.No._35,_Dyal_Ganj
Anantapur_553270",Anantapur,Andhra_Pradesh,553270.0,Shipping
MH-04712,CUST-18085,"H.No._045,_Yogi_Chowk
Bhiwandi-177332",Bhiwandi,Maharashtra,177332.0,Billing
UP-04713,CUST-18896,"63,_Cherian_Chowk
Farrukhabad_214218",Farrukhabad,Uttar_Pradesh,214218.0,Billing
MH-04714,CUST-03087,"664,_Johal_Path,_Malegaon_364462",Malegaon,Maharashtra,364462.0,"Billing,_Shipping"
HR-04715,CUST-02324,"H.No._096,_Kar
Siwan-542584",Siwan,Bihar,542584.0,"Billing,_Shipping"
MH-04716,CUST-08997,"663,_Choudhry_Marg
Nanded_457582",Nanded,Maharashtra,457582.0,Billing
OR-04717,CUST-13740,"H.No._78
Manda_Ganj
Mathura-474833",Mathura,Uttar_Pradesh,474833.0,Billing
DL-04718,CUST-00722,"26/198,_Ratta_Zila,_Delhi_790147",Delhi,Delhi_(Union_Territory),790147.0,Shipping
MH-04719,CUST-18270,"22/927,_Banik_Street,_Yamunanagar_916421",Yamunanagar,Haryana,916421.0,Shipping
UK-04720,CUST-15310,"H.No._15
Kalla_Street
Jalna-414632",Jalna,Maharashtra,414632.0,Shipping
MP-04721,CUST-07656,"H.No._012,_Gaba_Path
Kishanganj-818907",Kishanganj,Bihar,818907.0,Billing
MP-04722,CUST-11253,"H.No._72,_Ray_Ganj
Mau_527471",Mau,Uttar_Pradesh,527471.0,Billing
AP-04723,CUST-14091,"318,_Mand_Ganj
Srikakulam-416226",Srikakulam,Andhra_Pradesh,416226.0,Billing
UP-04724,CUST-16012,"H.No._39
Sunder_Zila
Bhagalpur-870819",Bhagalpur,Bihar,870819.0,"Billing,_Shipping"
JH-04725,CUST-02746,"84/514,_Sem_Zila,_Mango-547078",Mango,Jharkhand,547078.0,Billing
OR-04726,CUST-10004,"99/232,_Wali_Ganj,_Kanpur_858232",Kanpur,Uttar_Pradesh,858232.0,Billing
TN-04727,CUST-13733,"55/09
Lad_Road
Salem-977761",Salem,Tamil_Nadu,977761.0,Shipping
OR-04728,CUST-01629,"H.No._281,_Manne_Zila,_Haldia-477706",Haldia,West_Bengal,477706.0,"Billing,_Shipping"
TR-04729,CUST-17698,"79/55,_Soni_Road,_Chandigarh-746959",Chandigarh,Chandigarh_(Union_Territory),746959.0,Billing
TN-04730,CUST-15593,"62/999,_Bhargava_Circle,_Tiruvottiyur-061936",Tiruvottiyur,Tamil_Nadu,61936.0,Shipping
UP-04731,CUST-15925,"61/433
Sha_Circle
Gurgaon-491869",Gurgaon,Haryana,491869.0,"Billing,_Shipping"
KA-04732,CUST-15104,"H.No._71,_Sen_Path,_Hospet-506756",Hospet,Karnataka,506756.0,Shipping
WB-04733,CUST-18623,"994,_Handa_Chowk
Kamarhati_785198",Kamarhati,West_Bengal,785198.0,Billing
MP-04734,CUST-10968,"H.No._38,_Mani_Zila,_Jodhpur-328050",Jodhpur,Rajasthan,328050.0,Billing
MH-04735,CUST-05262,"35/20,_Keer_Chowk
Malegaon-611134",Malegaon,Maharashtra,611134.0,Shipping
WB-04736,CUST-17069,"95/289
Dua_Circle
Uluberia_137861",Uluberia,West_Bengal,137861.0,"Billing,_Shipping"
GJ-04737,CUST-19939,"H.No._043,_Chand_Chowk
Kavali-104797",Kavali,Andhra_Pradesh,104797.0,"Billing,_Shipping"
KA-04738,CUST-19787,"897
Varghese_Nagar
Tumkur_690449",Tumkur,Karnataka,690449.0,Shipping
KA-04739,CUST-16852,"88/322
Raval_Path
Tumkur_382051",Tumkur,Karnataka,382051.0,Shipping
UP-04740,CUST-06384,"31/820,_Jani_Road
Farrukhabad_065908",Farrukhabad,Uttar_Pradesh,65908.0,"Billing,_Shipping"
MP-04741,CUST-03943,"H.No._07,_Sundaram
Unnao-301190",Unnao,Uttar_Pradesh,301190.0,Billing
MP-04742,CUST-10041,"78/14,_Talwar_Path
Mau-366330",Mau,Uttar_Pradesh,366330.0,"Billing,_Shipping"
RJ-04743,CUST-03426,"H.No._256
Taneja_Street
Fatehpur_011628",Fatehpur,Uttar_Pradesh,11628.0,Billing
UP-04744,CUST-18961,"H.No._76
Savant_Street
Jamalpur-774521",Jamalpur,Bihar,774521.0,Shipping
UP-04745,CUST-04041,"317,_Wagle_Circle
Gurgaon_412755",Gurgaon,Haryana,412755.0,Billing
AP-04746,CUST-01509,"H.No._53,_Borah_Marg
Gudivada-219271",Gudivada,Andhra_Pradesh,219271.0,"Billing,_Shipping"
TN-04747,CUST-09271,"H.No._306,_Bath_Path
Tiruvottiyur-687537",Tiruvottiyur,Tamil_Nadu,687537.0,"Billing,_Shipping"
TN-04748,CUST-06592,"18
Bahl_Path
Gandhinagar-836105",Gandhinagar,Gujarat,836105.0,"Billing,_Shipping"
CG-04749,CUST-12641,"837,_Butala_Street
Nagpur_891268",Nagpur,Maharashtra,891268.0,Shipping
UP-04750,CUST-17194,"45,_Bhatia_Nagar,_Bhagalpur_862017",Bhagalpur,Bihar,862017.0,"Billing,_Shipping"
OR-04751,CUST-19742,"60,_Lad_Zila,_Kanpur_032147",Kanpur,Uttar_Pradesh,32147.0,Billing
UP-04752,CUST-15553,"964,_Walla,_Muzaffarpur-104203",Muzaffarpur,Bihar,104203.0,Billing
MP-04753,CUST-13533,"33/021,_Verma_Chowk
Dehri-395870",Dehri,Bihar,395870.0,Shipping
OR-04754,CUST-16507,"00/747,_Saran_Nagar
Bilaspur_153047",Bilaspur,Chhattisgarh,153047.0,Shipping
UP-04755,CUST-13784,"H.No._298
Gulati_Marg
Farrukhabad_927757",Farrukhabad,Uttar_Pradesh,927757.0,Billing
RJ-04756,CUST-16102,"H.No._24,_Char_Road
Fatehpur-256374",Fatehpur,Uttar_Pradesh,256374.0,Shipping
MP-04757,CUST-12374,"H.No._799,_Sankaran_Path,_Ramgarh-277442",Ramgarh,Jharkhand,277442.0,Shipping
TN-04758,CUST-09556,"H.No._41,_Aggarwal_Marg,_Chittoor-271470",Chittoor,Andhra_Pradesh,271470.0,"Billing,_Shipping"
AP-04759,CUST-09062,"052
Sama_Nagar
Anantapuram-467550",Anantapuram,Andhra_Pradesh,467550.0,Billing
MH-04760,CUST-17384,"07/671
Keer
Malegaon_823260",Malegaon,Maharashtra,823260.0,Shipping
UP-04761,CUST-18065,"H.No._999,_Sarraf_Zila
Ahmedabad_192704",Ahmedabad,Gujarat,192704.0,"Billing,_Shipping"
CG-04762,CUST-12535,"14/400,_Edwin_Ganj,_Sagar_173706",Sagar,Madhya_Pradesh,173706.0,Billing
WB-04763,CUST-03362,"65/337,_Kumar_Chowk
Uluberia-834080",Uluberia,West_Bengal,834080.0,Shipping
JH-04764,CUST-19306,"19/77,_Date_Zila,_Mango-163576",Mango,Jharkhand,163576.0,Shipping
HR-04765,CUST-19232,"52/404,_Dayal_Street,_Aurangabad_179951",Aurangabad,Maharashtra,179951.0,Billing
MH-04766,CUST-03825,"41
Dash_Road
Malegaon-908105",Malegaon,Maharashtra,908105.0,"Billing,_Shipping"
MH-04767,CUST-17721,"H.No._23
Mangal
Rampur-327111",Rampur,Uttar_Pradesh,327111.0,Shipping
OR-04768,CUST-11681,"13
Bhavsar_Marg
Chandrapur_173574",Chandrapur,Maharashtra,173574.0,Billing
MP-04769,CUST-17162,"49/992,_Baria_Street
Kishanganj_088489",Kishanganj,Bihar,88489.0,Shipping
UP-04770,CUST-13368,"H.No._526,_Chhabra_Zila
Firozabad_625052",Firozabad,Uttar_Pradesh,625052.0,Shipping
KA-04771,CUST-00118,"55/634,_Basak_Chowk
Tumkur_387920",Tumkur,Karnataka,387920.0,"Billing,_Shipping"
WB-04772,CUST-08464,"H.No._471,_Batra_Path
Kamarhati-085833",Kamarhati,West_Bengal,85833.0,Shipping
TR-04773,CUST-10518,"H.No._771,_Venkatesh_Chowk
Chandigarh-031870",Chandigarh,Chandigarh_(Union_Territory),31870.0,Billing
UP-04774,CUST-13870,"68/16
Viswanathan_Marg
Shahjahanpur-458619",Shahjahanpur,Uttar_Pradesh,458619.0,Shipping
WB-04775,CUST-05918,"38/029,_Atwal_Marg,_Bhatpara_210880",Bhatpara,West_Bengal,210880.0,Billing
WB-04776,CUST-08621,"41
Sem_Nagar
Kamarhati-739027",Kamarhati,West_Bengal,739027.0,"Billing,_Shipping"
MH-04777,CUST-17798,"H.No._737,_Talwar_Chowk
Bhiwandi_448503",Bhiwandi,Maharashtra,448503.0,Shipping
MH-04778,CUST-01880,"53
Deo_Street
Malegaon_107810",Malegaon,Maharashtra,107810.0,Shipping
MH-04779,CUST-18997,"71,_Bora_Circle
Satara_767811",Satara,Maharashtra,767811.0,Billing
WB-04781,CUST-13043,"H.No._376,_Biswas,_Baranagar_299819",Baranagar,West_Bengal,299819.0,Shipping
TN-04782,CUST-06543,"H.No._241,_Kari_Ganj
Pallavaram_169175",Pallavaram,Tamil_Nadu,169175.0,"Billing,_Shipping"
OR-04783,CUST-09185,"702
Raj_Road
Patna-226917",Patna,Bihar,226917.0,"Billing,_Shipping"
TS-04784,CUST-13353,"93/14,_Deep_Chowk,_Nizamabad_367219",Nizamabad,Telangana,367219.0,Billing
WB-04785,CUST-08137,"H.No._93,_Bandi_Nagar,_Madhyamgram-130923",Madhyamgram,West_Bengal,130923.0,"Billing,_Shipping"
KA-04786,CUST-19236,"390
Chaudhari_Road
Amaravati_465275",Amaravati,Andhra_Pradesh,465275.0,Billing
UP-04787,CUST-00678,"H.No._64
Bhargava_Zila
Muzaffarpur_580519",Muzaffarpur,Bihar,580519.0,Billing
TS-04788,CUST-16111,"93/70
Ramachandran_Street
Sirsa_669813",Sirsa,Haryana,669813.0,"Billing,_Shipping"
MP-04789,CUST-03221,"H.No._99
Seth_Road
Gopalpur-697090",Gopalpur,Odisha,697090.0,"Billing,_Shipping"
WB-04790,CUST-11801,"41/27
Devan_Marg
Arrah-457659",Arrah,Bihar,457659.0,Billing
OR-04791,CUST-19891,"H.No._495
Dhaliwal_Road
Bijapur_776710",Bijapur,Karnataka,776710.0,"Billing,_Shipping"
KA-04792,CUST-03707,"H.No._801
Bawa
Amaravati_079686",Amaravati,Andhra_Pradesh,79686.0,Billing
UP-04793,CUST-00227,"58/61,_Sidhu_Nagar,_Mirzapur_685272",Mirzapur,Uttar_Pradesh,685272.0,"Billing,_Shipping"
UP-04794,CUST-13761,"H.No._04,_Chandran_Chowk
Raiganj-474420",Raiganj,West_Bengal,474420.0,"Billing,_Shipping"
UP-04795,CUST-11021,"762,_Sur_Road,_Raiganj-786169",Raiganj,West_Bengal,786169.0,"Billing,_Shipping"
MH-04797,CUST-12835,"240
Bhattacharyya_Marg
Guntur_405162",Guntur,Andhra_Pradesh,405162.0,Shipping
MH-04798,CUST-00942,"H.No._377,_Suri_Street
Rampur_537135",Rampur,Uttar_Pradesh,537135.0,Billing
OR-04799,CUST-12231,"H.No._492,_Mann_Chowk,_Haldia-722165",Haldia,West_Bengal,722165.0,Billing
CG-04800,CUST-19280,"63,_Bassi_Ganj
Malda_949890",Malda,West_Bengal,949890.0,"Billing,_Shipping"
MP-04801,CUST-14109,"40/571
Gokhale_Marg
Gopalpur_478412",Gopalpur,Odisha,478412.0,Billing
UP-04802,CUST-10159,"89/367,_Swamy_Nagar,_Burhanpur_784405",Burhanpur,Madhya_Pradesh,784405.0,Shipping
RJ-04803,CUST-16389,"577,_Uppal_Zila
Fatehpur_065165",Fatehpur,Uttar_Pradesh,65165.0,"Billing,_Shipping"
CG-04804,CUST-11255,"97/95,_Balasubramanian
Malda_182961",Malda,West_Bengal,182961.0,"Billing,_Shipping"
AS-04805,CUST-19320,"H.No._772,_Kumer
Nagaon-242577",Nagaon,Assam,242577.0,"Billing,_Shipping"
UP-04806,CUST-04264,"39,_Acharya_Nagar,_Sambhal_415187",Sambhal,Uttar_Pradesh,415187.0,"Billing,_Shipping"
WB-04807,CUST-12536,"64/991,_Upadhyay
Bidhannagar_234435",Bidhannagar,West_Bengal,234435.0,Shipping
MH-04808,CUST-16584,"88,_Gupta_Path,_Yamunanagar-462650",Yamunanagar,Haryana,462650.0,Billing
KA-04809,CUST-04994,"779
Sura_Path
Hospet-824767",Hospet,Karnataka,824767.0,Shipping
HR-04810,CUST-17569,"29/115
Mahajan
Aurangabad-889699",Aurangabad,Maharashtra,889699.0,Billing
AP-04811,CUST-14589,"H.No._657
Ramaswamy_Ganj
Dharmavaram-697167",Dharmavaram,Andhra_Pradesh,697167.0,Billing
TN-04812,CUST-10814,"H.No._53,_Mahajan_Circle
Salem-031333",Salem,Tamil_Nadu,31333.0,Billing
UP-04813,CUST-07411,"H.No._33,_Tella_Chowk
Gurgaon_111392",Gurgaon,Haryana,111392.0,Billing
MH-04814,CUST-15143,"414,_Kalita_Path,_Malegaon_708199",Malegaon,Maharashtra,708199.0,"Billing,_Shipping"
TS-04815,CUST-15041,"69/24
Raman_Chowk
Sirsa_803074",Sirsa,Haryana,803074.0,Shipping
TS-04816,CUST-04085,"066,_Khatri_Ganj,_Ramagundam_135051",Ramagundam,Telangana,135051.0,"Billing,_Shipping"
TS-04817,CUST-05277,"60
Doctor_Marg
Srinagar-044811",Srinagar,Jammu_and_Kashmir,44811.0,Shipping
TS-04818,CUST-17033,"62/31,_Gala_Path,_Srinagar_319022",Srinagar,Jammu_and_Kashmir,319022.0,"Billing,_Shipping"
UP-04819,CUST-19002,"H.No._028
Bora_Street
Raipur_431544",Raipur,Chhattisgarh,431544.0,Billing
OR-04820,CUST-10837,"45/217,_Chander_Nagar,_Mathura-815389",Mathura,Uttar_Pradesh,815389.0,Shipping
MH-04821,CUST-04281,"52/372,_Comar_Street
Loni_274207",Loni,Uttar_Pradesh,274207.0,Billing
CG-04822,CUST-04027,"100
Vora_Street
Sagar-676086",Sagar,Madhya_Pradesh,676086.0,"Billing,_Shipping"
AP-04823,CUST-12750,"869,_Khanna
Bhimavaram_780139",Bhimavaram,Andhra_Pradesh,780139.0,Shipping
GJ-04824,CUST-07610,"H.No._056
Kota_Road
Vadodara_426812",Vadodara,Gujarat,426812.0,Billing
RJ-04825,CUST-10875,"H.No._63,_Loke_Ganj,_Rajkot-549415",Rajkot,Gujarat,549415.0,Shipping
WB-04826,CUST-13325,"663,_Kunda_Nagar
Kulti_716130",Kulti,West_Bengal,716130.0,"Billing,_Shipping"
KL-04827,CUST-19130,"97/39,_Bhandari_Path
Kollam-904410",Kollam,Kerala,904410.0,Shipping
UP-04828,CUST-13645,"475
Malhotra_Nagar
Sambhal-520543",Sambhal,Uttar_Pradesh,520543.0,Shipping
UP-04829,CUST-15821,"80
Bajwa_Circle
Ahmedabad-533558",Ahmedabad,Gujarat,533558.0,"Billing,_Shipping"
WB-04830,CUST-18716,"52
Sharaf_Chowk
Panihati-699107",Panihati,West_Bengal,699107.0,"Billing,_Shipping"
UP-04831,CUST-19566,"H.No._86,_Bora_Nagar,_Karimnagar-184327",Karimnagar,Telangana,184327.0,Shipping
BR-04832,CUST-18201,"819,_Sheth_Road
Jaipur-424483",Jaipur,Rajasthan,424483.0,"Billing,_Shipping"
MP-04833,CUST-18256,"H.No._72,_Bansal_Path,_Indore-826050",Indore,Madhya_Pradesh,826050.0,Billing
OR-04834,CUST-10454,"H.No._799,_Gole_Marg
Patna-915706",Patna,Bihar,915706.0,Billing
UK-04835,CUST-13757,"55/93,_Kant_Zila
Jalna_151037",Jalna,Maharashtra,151037.0,Billing
TS-04836,CUST-13085,"H.No._40
Mani_Marg
Proddatur-837468",Proddatur,Andhra_Pradesh,837468.0,"Billing,_Shipping"
AP-04837,CUST-17468,"50,_Ravel_Zila,_Gudivada-855888",Gudivada,Andhra_Pradesh,855888.0,Billing
AS-04838,CUST-09258,"11/26
Vora_Marg
Nagaon_746805",Nagaon,Assam,746805.0,Billing
OR-04839,CUST-00893,"35,_Vasa_Circle
Haldia_566679",Haldia,West_Bengal,566679.0,"Billing,_Shipping"
UP-04840,CUST-00817,"36/50,_Issac_Nagar,_Burhanpur_717484",Burhanpur,Madhya_Pradesh,717484.0,"Billing,_Shipping"
CG-04841,CUST-16476,"H.No._51,_Varughese_Road,_Nagpur-722683",Nagpur,Maharashtra,722683.0,Shipping
GJ-04842,CUST-08368,"H.No._037
Raman
Hajipur_614190",Hajipur,Bihar,614190.0,Shipping
BR-04843,CUST-18660,"H.No._07,_Bir_Ganj,_Munger_946651",Munger,Bihar,946651.0,"Billing,_Shipping"
WB-04844,CUST-19233,"13/748,_Dutt_Street
Arrah_345290",Arrah,Bihar,345290.0,Billing
JH-04845,CUST-14811,"676,_Seth_Nagar
Phusro-392612",Phusro,Jharkhand,392612.0,Billing
TS-04846,CUST-12163,"46,_Balay
Proddatur-306781",Proddatur,Andhra_Pradesh,306781.0,"Billing,_Shipping"
UP-04847,CUST-00784,"72/57,_Dey_Zila,_Sambhal_459675",Sambhal,Uttar_Pradesh,459675.0,Billing
UP-04848,CUST-19698,"53/02,_Saran_Zila,_Firozabad_460084",Firozabad,Uttar_Pradesh,460084.0,"Billing,_Shipping"
JH-04849,CUST-01841,"062,_Khanna_Marg,_Phusro_975529",Phusro,Jharkhand,975529.0,"Billing,_Shipping"
RJ-04850,CUST-19995,"H.No._44
Thakur_Circle
Akola-590864",Akola,Maharashtra,590864.0,"Billing,_Shipping"
HP-04851,CUST-11026,"H.No._497,_Subramaniam_Street,_Udaipur_625540",Udaipur,Rajasthan,625540.0,Shipping
MH-04852,CUST-14565,"H.No._816
Bava
Malegaon-068844",Malegaon,Maharashtra,68844.0,Shipping
JH-04853,CUST-13573,"67/43,_Bhavsar_Path
Kharagpur-058836",Kharagpur,West_Bengal,58836.0,"Billing,_Shipping"
WB-04854,CUST-19913,"H.No._224,_Karpe_Ganj,_Bally_200374",Bally,West_Bengal,200374.0,Shipping
UP-04855,CUST-03733,"18,_Bassi_Marg
Karimnagar-859232",Karimnagar,Telangana,859232.0,Billing
OR-04856,CUST-11600,"668,_Bhatia_Zila
Mathura-785299",Mathura,Uttar_Pradesh,785299.0,Billing
GJ-04857,CUST-18036,"80/293,_Mane_Ganj,_Kavali-452067",Kavali,Andhra_Pradesh,452067.0,Billing
MP-04858,CUST-18339,"27/27,_Krish_Ganj,_Dehri_464503",Dehri,Bihar,464503.0,Shipping
WB-04859,CUST-11311,"82,_Banerjee_Circle
Kamarhati_760582",Kamarhati,West_Bengal,760582.0,Shipping
GJ-04860,CUST-14825,"H.No._987,_Vora_Marg,_Gandhidham_430106",Gandhidham,Gujarat,430106.0,Shipping
WB-04861,CUST-19076,"H.No._588,_Sami_Street
Bally_936381",Bally,West_Bengal,936381.0,"Billing,_Shipping"
MP-04862,CUST-08504,"H.No._711,_Ramakrishnan_Nagar
Kishanganj-974996",Kishanganj,Bihar,974996.0,"Billing,_Shipping"
TS-04863,CUST-16255,"876
Kari_Marg
Dindigul_585761",Dindigul,Tamil_Nadu,585761.0,"Billing,_Shipping"
WB-04864,CUST-19161,"46/886,_Kari_Chowk,_Naihati-377829",Naihati,West_Bengal,377829.0,Shipping
MP-04865,CUST-07910,"594
Borra_Path
Ramgarh-657622",Ramgarh,Jharkhand,657622.0,Billing
UP-04866,CUST-15951,"36/621,_Borah_Street,_Shahjahanpur-401694",Shahjahanpur,Uttar_Pradesh,401694.0,Shipping
KA-04867,CUST-12962,"74/142,_Goswami
Hospet-200048",Hospet,Karnataka,200048.0,"Billing,_Shipping"
UP-04868,CUST-11475,"17,_Borra
Bhagalpur_193929",Bhagalpur,Bihar,193929.0,Shipping
TS-04869,CUST-11708,"04/025
Randhawa_Marg
Hindupur-746472",Hindupur,Andhra_Pradesh,746472.0,Shipping
MH-04870,CUST-11194,"59,_Dutt_Street
Satara-433441",Satara,Maharashtra,433441.0,"Billing,_Shipping"
MP-04871,CUST-11053,"28/701
Chaudhuri
Kota-258595",Kota,Rajasthan,258595.0,Billing
UP-04872,CUST-14856,"27/387,_Saraf_Circle
Farrukhabad-679782",Farrukhabad,Uttar_Pradesh,679782.0,Billing
RJ-04873,CUST-04001,"H.No._674
Balay_Road
Fatehpur-583153",Fatehpur,Uttar_Pradesh,583153.0,"Billing,_Shipping"
OR-04874,CUST-09644,"43/06
Tara_Marg
Anantapur_860866",Anantapur,Andhra_Pradesh,860866.0,Shipping
MP-04875,CUST-11223,"16
Tella_Street
Kishanganj-024414",Kishanganj,Bihar,24414.0,Shipping
UK-04876,CUST-15559,"45/85
Chakraborty_Road
Jalna-544867",Jalna,Maharashtra,544867.0,Shipping
TS-04877,CUST-17240,"61/22
Tella_Chowk
Dindigul-256905",Dindigul,Tamil_Nadu,256905.0,Shipping
CG-04878,CUST-16388,"515
Basu_Path
Nagpur-770909",Nagpur,Maharashtra,770909.0,Billing
TS-04879,CUST-09816,"12,_Gera_Street
Dindigul_504037",Dindigul,Tamil_Nadu,504037.0,Billing
GJ-04880,CUST-16926,"25
Baria_Path
Allahabad_666512",Allahabad,Uttar_Pradesh,666512.0,"Billing,_Shipping"
TN-04881,CUST-18788,"08,_Yogi_Circle,_Pallavaram_116923",Pallavaram,Tamil_Nadu,116923.0,Shipping
UK-04882,CUST-07295,"H.No._10,_Sandhu_Road,_Shivpuri-900341",Shivpuri,Madhya_Pradesh,900341.0,"Billing,_Shipping"
WB-04883,CUST-16316,"956,_Borah_Road,_Arrah-600435",Arrah,Bihar,600435.0,Shipping
TS-04884,CUST-06990,"H.No._53,_Salvi
Ramagundam-816115",Ramagundam,Telangana,816115.0,Shipping
AP-04885,CUST-18989,"H.No._068,_Mall_Circle
Jammu_125982",Jammu,Jammu_and_Kashmir,125982.0,Billing
TN-04886,CUST-10926,"H.No._825,_Kibe_Road
Vellore_129571",Vellore,Tamil_Nadu,129571.0,Billing
TR-04887,CUST-12723,"24,_Chaudry_Circle,_Chandigarh-618666",Chandigarh,Chandigarh_(Union_Territory),618666.0,"Billing,_Shipping"
AP-04888,CUST-00246,"199
Choudhry_Ganj
Gudivada-496322",Gudivada,Andhra_Pradesh,496322.0,Shipping
MP-04889,CUST-15170,"226,_Goel_Marg
Indore_921484",Indore,Madhya_Pradesh,921484.0,Shipping
WB-04890,CUST-09415,"H.No._160
Mandal_Path
Arrah-140352",Arrah,Bihar,140352.0,Shipping
WB-04891,CUST-15057,"H.No._08
Apte_Circle
Panihati_047843",Panihati,West_Bengal,47843.0,"Billing,_Shipping"
WB-04892,CUST-15209,"481,_Dalal_Road,_Kamarhati_789933",Kamarhati,West_Bengal,789933.0,Shipping
MH-04893,CUST-18789,"283,_Mandal_Chowk,_Bhiwandi-622582",Bhiwandi,Maharashtra,622582.0,Billing
UP-04894,CUST-10274,"73,_Amble
Ahmedabad-818472",Ahmedabad,Gujarat,818472.0,"Billing,_Shipping"
MP-04895,CUST-16217,"010,_Solanki_Path,_Jalandhar_230702",Jalandhar,Punjab,230702.0,"Billing,_Shipping"
AS-04896,CUST-10502,"08,_Thakkar_Zila
Nagaon-292174",Nagaon,Assam,292174.0,Billing
GJ-04897,CUST-11103,"250,_Mani_Nagar
Ajmer_751488",Ajmer,Rajasthan,751488.0,Shipping
OR-04898,CUST-00272,"41,_Viswanathan_Street
Bharatpur-698220",Bharatpur,Rajasthan,698220.0,Billing
MP-04899,CUST-19032,"H.No._73,_Mani_Road
Unnao-898973",Unnao,Uttar_Pradesh,898973.0,"Billing,_Shipping"
GJ-04900,CUST-13299,"37/001,_Borra_Zila,_Allahabad-855119",Allahabad,Uttar_Pradesh,855119.0,Shipping
MP-04901,CUST-03562,"401,_Tara_Circle,_Agra_151763",Agra,Uttar_Pradesh,151763.0,"Billing,_Shipping"
WB-04902,CUST-02837,"51,_Bora_Ganj
Baranagar_906206",Baranagar,West_Bengal,906206.0,Billing
MP-04903,CUST-18735,"H.No._207,_Mani,_Kishanganj_837127",Kishanganj,Bihar,837127.0,Billing
KA-04904,CUST-11505,"060
Shanker
Amaravati_874993",Amaravati,Andhra_Pradesh,874993.0,"Billing,_Shipping"
MH-04905,CUST-07170,"H.No._109
Butala_Road
Loni-401792",Loni,Uttar_Pradesh,401792.0,Billing
TS-04906,CUST-01570,"07/06
Talwar_Marg
Sirsa_451928",Sirsa,Haryana,451928.0,Billing
RJ-04907,CUST-01393,"60/562,_Madan_Zila,_Akola-084995",Akola,Maharashtra,84995.0,"Billing,_Shipping"
AS-04908,CUST-17399,"H.No._823
Gaba_Marg
Bongaigaon_918998",Bongaigaon,Assam,918998.0,Billing
UP-04909,CUST-09920,"13/087,_Konda_Marg,_Jamalpur-157028",Jamalpur,Bihar,157028.0,"Billing,_Shipping"
MH-04910,CUST-15661,"H.No._89,_Batta,_Bhiwandi-736258",Bhiwandi,Maharashtra,736258.0,"Billing,_Shipping"
CG-04911,CUST-13299,"H.No._061,_Som_Street,_Nagpur_549451",Nagpur,Maharashtra,549451.0,Billing
OR-04912,CUST-08273,"69/33,_Dara_Circle
Bijapur-127077",Bijapur,Karnataka,127077.0,Billing
GJ-04913,CUST-04620,"31/599
Date_Circle
Vadodara-932121",Vadodara,Gujarat,932121.0,Billing
CG-04914,CUST-15913,"65/85,_Borra_Street,_Sagar-757798",Sagar,Madhya_Pradesh,757798.0,Billing
UP-04915,CUST-12121,"13/09
Bhakta_Zila
Farrukhabad_739708",Farrukhabad,Uttar_Pradesh,739708.0,Billing
CG-04916,CUST-01784,"H.No._84,_Basu_Ganj,_Malda-862673",Malda,West_Bengal,862673.0,Billing
OR-04917,CUST-11884,"H.No._47,_Devan_Ganj,_Mathura_915671",Mathura,Uttar_Pradesh,915671.0,Billing
WB-04918,CUST-15895,"46,_Sampath_Path,_Bally_888770",Bally,West_Bengal,888770.0,Shipping
KA-04919,CUST-05449,"84/54
Johal_Zila
Tumkur-715297",Tumkur,Karnataka,715297.0,"Billing,_Shipping"
UP-04920,CUST-15985,"035
Singhal_Nagar
Shahjahanpur-127228",Shahjahanpur,Uttar_Pradesh,127228.0,"Billing,_Shipping"
HR-04921,CUST-09445,"H.No._75,_Bains_Zila,_Siwan-111430",Siwan,Bihar,111430.0,Shipping
UP-04922,CUST-03372,"H.No._50,_Halder_Road
Firozabad_875655",Firozabad,Uttar_Pradesh,875655.0,Shipping
DL-04923,CUST-19557,"H.No._32,_Yohannan_Marg,_Delhi_117106",Delhi,Delhi_(Union_Territory),117106.0,Billing
UP-04924,CUST-06656,"79,_Chadha_Nagar
Shahjahanpur-390703",Shahjahanpur,Uttar_Pradesh,390703.0,Billing
OR-04925,CUST-10644,"54
Kalla
Patna-834700",Patna,Bihar,834700.0,"Billing,_Shipping"
KA-04926,CUST-01731,"957
Kale_Zila
Mangalore-164401",Mangalore,Karnataka,164401.0,Shipping
CG-04927,CUST-03005,"79/68
Bajwa_Road
Bhilai_147917",Bhilai,Chhattisgarh,147917.0,Billing
AS-04928,CUST-04369,"25
Thakkar_Ganj
Bongaigaon-528799",Bongaigaon,Assam,528799.0,Shipping
MH-04930,CUST-04901,"00/375,_Sachar
Guntur_205917",Guntur,Andhra_Pradesh,205917.0,Billing
TR-04931,CUST-07516,"04/499,_Sen_Marg,_Durgapur_404739",Durgapur,West_Bengal,404739.0,Shipping
JH-04932,CUST-15972,"77/34,_Dugar_Marg,_Phusro-900949",Phusro,Jharkhand,900949.0,Billing
WB-04933,CUST-12372,"H.No._477
Doctor_Zila
Bidhannagar_575551",Bidhannagar,West_Bengal,575551.0,Shipping
AP-04934,CUST-12818,"90,_Mahajan_Circle
Bhimavaram_568714",Bhimavaram,Andhra_Pradesh,568714.0,"Billing,_Shipping"
AS-04935,CUST-14756,"19/031,_Kapadia_Ganj,_Siliguri_372857",Siliguri,West_Bengal,372857.0,Shipping
GJ-04936,CUST-00524,"20/44,_Walia_Circle,_Hajipur-306107",Hajipur,Bihar,306107.0,Billing
TS-04937,CUST-08852,"58/251,_Barad_Chowk
Nizamabad_823812",Nizamabad,Telangana,823812.0,Shipping
AP-04938,CUST-15561,"27
Ravel_Chowk
Jammu_914475",Jammu,Jammu_and_Kashmir,914475.0,"Billing,_Shipping"
BR-04939,CUST-03522,"H.No._688,_Chacko_Ganj
Buxar-903544",Buxar,Bihar,903544.0,Shipping
MP-04940,CUST-11916,"H.No._27,_Shan_Zila
Gorakhpur_626825",Gorakhpur,Uttar_Pradesh,626825.0,Shipping
GJ-04941,CUST-15807,"05
Dasgupta_Nagar
Hajipur-954335",Hajipur,Bihar,954335.0,Billing
RJ-04942,CUST-15264,"67,_Bal_Path,_Akola_625600",Akola,Maharashtra,625600.0,"Billing,_Shipping"
UP-04943,CUST-19489,"17/30
Chaudhari_Circle
Shahjahanpur-194767",Shahjahanpur,Uttar_Pradesh,194767.0,Billing
MP-04944,CUST-19257,"63/73,_Dhaliwal_Street,_Ramgarh-823969",Ramgarh,Jharkhand,823969.0,Billing
WB-04945,CUST-01545,"34/558,_Chana_Path
Arrah_301290",Arrah,Bihar,301290.0,"Billing,_Shipping"
AP-04946,CUST-17591,"95/634,_Jayaraman_Chowk,_Gudivada-028952",Gudivada,Andhra_Pradesh,28952.0,Billing
AS-04947,CUST-10883,"92/57
Gokhale_Path
Bongaigaon_407500",Bongaigaon,Assam,407500.0,Billing
MH-04948,CUST-14448,"738,_Ratti_Marg
Karnal_357749",Karnal,Haryana,357749.0,"Billing,_Shipping"
CG-04949,CUST-05599,"67/10,_Sathe_Nagar,_Malda-229035",Malda,West_Bengal,229035.0,Billing
TS-04950,CUST-17575,"636,_Ganesan_Marg
Ramagundam-426858",Ramagundam,Telangana,426858.0,"Billing,_Shipping"
AS-04951,CUST-13895,"43/51,_Kapur_Road
Bongaigaon_379574",Bongaigaon,Assam,379574.0,"Billing,_Shipping"
TS-04952,CUST-11570,"H.No._076,_Dada_Nagar,_Hindupur-652198",Hindupur,Andhra_Pradesh,652198.0,"Billing,_Shipping"
GJ-04953,CUST-16648,"41/845,_Char_Circle
Kavali-388126",Kavali,Andhra_Pradesh,388126.0,Shipping
KA-04954,CUST-13467,"03
Bala_Path
Hospet-570953",Hospet,Karnataka,570953.0,Billing
WB-04955,CUST-12681,"331
Datta_Road
Bhatpara_352780",Bhatpara,West_Bengal,352780.0,"Billing,_Shipping"
KA-04956,CUST-14434,"H.No._315
Halder_Zila
Solapur-060983",Solapur,Maharashtra,60983.0,Billing
TN-04957,CUST-09608,"H.No._92,_Kanda_Circle
Tiruppur-401297",Tiruppur,Tamil_Nadu,401297.0,Shipping
MP-04958,CUST-00511,"39/99,_Sarma_Street,_Indore_300012",Indore,Madhya_Pradesh,300012.0,"Billing,_Shipping"
UP-04959,CUST-05328,"35/83,_Ramanathan_Marg,_Firozabad_060292",Firozabad,Uttar_Pradesh,60292.0,"Billing,_Shipping"
GJ-04960,CUST-10242,"H.No._855,_Kade_Chowk,_Gandhidham-978421",Gandhidham,Gujarat,978421.0,Shipping
UK-04961,CUST-12838,"58/85,_Sathe_Road
Jalna-544940",Jalna,Maharashtra,544940.0,"Billing,_Shipping"
WB-04962,CUST-10561,"27,_Sami,_Baranagar-143995",Baranagar,West_Bengal,143995.0,Shipping
WB-04963,CUST-13752,"71
Hayer_Marg
Naihati-199497",Naihati,West_Bengal,199497.0,"Billing,_Shipping"
WB-04964,CUST-15794,"21,_Bir_Nagar
Bhatpara_938876",Bhatpara,West_Bengal,938876.0,Shipping
MH-04965,CUST-04466,"H.No._068,_Comar_Marg
Karnal_930533",Karnal,Haryana,930533.0,Shipping
UP-04967,CUST-12564,"H.No._16,_Wable_Ganj,_Karimnagar-580648",Karimnagar,Telangana,580648.0,"Billing,_Shipping"
KA-04968,CUST-10793,"64,_Gopal_Nagar,_Solapur-749103",Solapur,Maharashtra,749103.0,Shipping
TS-04969,CUST-12981,"10/550,_Ganesh_Ganj,_Hindupur-323508",Hindupur,Andhra_Pradesh,323508.0,"Billing,_Shipping"
UP-04970,CUST-03444,"27/25,_Shah_Circle
Mirzapur-772609",Mirzapur,Uttar_Pradesh,772609.0,"Billing,_Shipping"
WB-04971,CUST-19883,"98/38,_Bhatti_Marg
Arrah-007458",Arrah,Bihar,7458.0,"Billing,_Shipping"
MP-04973,CUST-15125,"H.No._360,_Johal_Marg,_Kota-564398",Kota,Rajasthan,564398.0,Shipping
AS-04974,CUST-10808,"H.No._798,_Babu_Ganj,_Bongaigaon_004327",Bongaigaon,Assam,4327.0,"Billing,_Shipping"
MH-04975,CUST-19579,"H.No._15,_Kade_Circle,_Loni-332350",Loni,Uttar_Pradesh,332350.0,Shipping
MP-04976,CUST-19944,"H.No._846,_Srinivasan_Marg
Jalandhar-430972",Jalandhar,Punjab,430972.0,Billing
OR-04977,CUST-03254,"800,_Chaudhari_Road,_Patna_595121",Patna,Bihar,595121.0,"Billing,_Shipping"
GJ-04978,CUST-06795,"H.No._458
Chowdhury_Zila
Gandhidham_005869",Gandhidham,Gujarat,5869.0,Shipping
AS-04979,CUST-13606,"74,_Balakrishnan_Marg
Nagaon_036336",Nagaon,Assam,36336.0,Shipping
HR-04980,CUST-02412,"96,_Swaminathan_Ganj,_Aurangabad-147596",Aurangabad,Maharashtra,147596.0,"Billing,_Shipping"
UP-04981,CUST-04887,"34
Verma_Circle
Mirzapur-948165",Mirzapur,Uttar_Pradesh,948165.0,Billing
MH-04982,CUST-16011,"H.No._01,_Krishnamurthy_Marg
Loni-534573",Loni,Uttar_Pradesh,534573.0,"Billing,_Shipping"
KA-04983,CUST-14247,"43/96,_Sibal_Road,_Hosur_020254",Hosur,Tamil_Nadu,20254.0,Billing
MH-04984,CUST-10739,"18,_Lanka_Marg,_Rampur-433717",Rampur,Uttar_Pradesh,433717.0,Shipping
GJ-04985,CUST-06565,"95/14,_Sarin_Street,_Hajipur-261336",Hajipur,Bihar,261336.0,Shipping
TN-04986,CUST-07826,"118
Chadha_Circle
Salem_358525",Salem,Tamil_Nadu,358525.0,Shipping
OR-04987,CUST-13227,"83/597,_Mand_Street
Mathura_907604",Mathura,Uttar_Pradesh,907604.0,"Billing,_Shipping"
KL-04988,CUST-12976,"H.No._33
Tailor_Path
Kollam_368239",Kollam,Kerala,368239.0,Billing
MP-04989,CUST-02972,"25/48,_Zacharia_Path,_Unnao_731828",Unnao,Uttar_Pradesh,731828.0,Shipping
MP-04990,CUST-01208,"108,_Atwal_Chowk
Mau-032122",Mau,Uttar_Pradesh,32122.0,Shipping
RJ-04991,CUST-13930,"609
Sharma_Road
Rajkot_521875",Rajkot,Gujarat,521875.0,Shipping
GJ-04992,CUST-12574,"80/04,_Bhasin_Marg,_Hajipur_014341",Hajipur,Bihar,14341.0,Billing
WB-04993,CUST-12880,"31/43
Bhardwaj_Ganj
Madhyamgram_462308",Madhyamgram,West_Bengal,462308.0,Billing
GJ-04994,CUST-14985,"787
Kapoor_Nagar
Allahabad-032619",Allahabad,Uttar_Pradesh,32619.0,"Billing,_Shipping"
WB-04995,CUST-10729,"H.No._132
Ahluwalia_Road
Madhyamgram-209665",Madhyamgram,West_Bengal,209665.0,Billing
WB-04996,CUST-08773,"H.No._37
Gopal_Path
Panihati-383257",Panihati,West_Bengal,383257.0,Shipping
MP-04997,CUST-09363,"22/001,_Arora_Zila
Agra-480317",Agra,Uttar_Pradesh,480317.0,Billing
TN-04998,CUST-10198,"56/024,_Krishnan_Zila
Gandhinagar-773022",Gandhinagar,Gujarat,773022.0,Shipping
MH-04999,CUST-04545,"H.No._468,_Yogi_Path
Malegaon_243347",Malegaon,Maharashtra,243347.0,Billing
UK-05000,CUST-07151,"81/29,_Shere_Nagar,_Haridwar_933098",Haridwar,Uttarakhand,933098.0,Billing
WB-05001,CUST-14768,"25/00,_Sharaf_Road
Bidhannagar-397355",Bidhannagar,West_Bengal,397355.0,"Billing,_Shipping"
TN-05002,CUST-04487,"90/79,_Lad,_Tiruvottiyur_518992",Tiruvottiyur,Tamil_Nadu,518992.0,Shipping
JH-05003,CUST-07528,"H.No._53,_Dara_Road,_Mango-340778",Mango,Jharkhand,340778.0,Billing
TN-05004,CUST-17734,"66,_Kadakia_Path,_Pallavaram_038855",Pallavaram,Tamil_Nadu,38855.0,"Billing,_Shipping"
HR-05005,CUST-15110,"H.No._40,_Chaudhari_Circle
Bikaner-513012",Bikaner,Rajasthan,513012.0,"Billing,_Shipping"
TN-05006,CUST-13337,"57/30,_Khanna_Marg,_Pallavaram_749192",Pallavaram,Tamil_Nadu,749192.0,"Billing,_Shipping"
TS-05007,CUST-17475,"94/170,_Krishnan_Circle
Dindigul_457118",Dindigul,Tamil_Nadu,457118.0,Shipping
UP-05008,CUST-13837,"40,_Sandal_Nagar
Bhagalpur_044936",Bhagalpur,Bihar,44936.0,Billing
JH-05009,CUST-16571,"H.No._399
Ram_Road
Asansol-840921",Asansol,West_Bengal,840921.0,Billing
UP-05010,CUST-18495,"54/282,_Chawla_Ganj
Raipur-999199",Raipur,Chhattisgarh,999199.0,Shipping
BR-05011,CUST-19129,"29/320,_Badal_Path
Satna_983858",Satna,Madhya_Pradesh,983858.0,"Billing,_Shipping"
OR-05012,CUST-07130,"31,_Dora,_Bilaspur-933862",Bilaspur,Chhattisgarh,933862.0,Shipping
MP-05013,CUST-02337,"H.No._77,_Rau_Path,_Agra-671894",Agra,Uttar_Pradesh,671894.0,Billing
MH-05014,CUST-13678,"91
Raj_Street
Karnal-061593",Karnal,Haryana,61593.0,"Billing,_Shipping"
UP-05015,CUST-11618,"77/074,_Keer_Chowk
Bhagalpur_849644",Bhagalpur,Bihar,849644.0,Billing
TS-05016,CUST-07460,"51/91,_Vora_Nagar
Sirsa-729245",Sirsa,Haryana,729245.0,Shipping
AP-05017,CUST-01154,"H.No._10,_Raju_Ganj,_Jammu-178869",Jammu,Jammu_and_Kashmir,178869.0,Billing
MH-05018,CUST-06627,"791,_Devan_Path
Satara-295120",Satara,Maharashtra,295120.0,Shipping
RJ-05019,CUST-10614,"44/842,_Mangat_Circle
Fatehpur_056550",Fatehpur,Uttar_Pradesh,56550.0,"Billing,_Shipping"
UP-05020,CUST-05942,"37/984,_Shere_Nagar
Bhagalpur-120314",Bhagalpur,Bihar,120314.0,Billing
JH-05021,CUST-10894,"44/808,_Mahajan
Phusro-105928",Phusro,Jharkhand,105928.0,Billing
UK-05022,CUST-06587,"H.No._00
Dugar_Ganj
Shivpuri_588145",Shivpuri,Madhya_Pradesh,588145.0,"Billing,_Shipping"
TN-05023,CUST-10062,"34,_Som,_Chittoor_395115",Chittoor,Andhra_Pradesh,395115.0,Shipping
CG-05024,CUST-16429,"553
Swamy
Bhilai_243809",Bhilai,Chhattisgarh,243809.0,"Billing,_Shipping"
OR-05025,CUST-16582,"H.No._544,_Sarna_Marg,_Kanpur_774565",Kanpur,Uttar_Pradesh,774565.0,Billing
WB-05026,CUST-14133,"08/40,_Virk_Zila,_Uluberia-441200",Uluberia,West_Bengal,441200.0,Billing
UP-05027,CUST-10455,"18/950
Sarma_Chowk
Raiganj-222366",Raiganj,West_Bengal,222366.0,"Billing,_Shipping"
MP-05028,CUST-12605,"37
Johal_Marg
Jalandhar_383563",Jalandhar,Punjab,383563.0,"Billing,_Shipping"
AP-05029,CUST-13393,"13/166,_Choudhury_Ganj,_Jammu-475158",Jammu,Jammu_and_Kashmir,475158.0,Shipping
TN-05030,CUST-17962,"80/514,_Sur_Path
Vellore-881265",Vellore,Tamil_Nadu,881265.0,Billing
MH-05031,CUST-19575,"80,_Contractor,_Loni_576856",Loni,Uttar_Pradesh,576856.0,Shipping
WB-05032,CUST-03371,"089,_Kumer_Marg,_Bhatpara-469675",Bhatpara,West_Bengal,469675.0,Billing
AP-05033,CUST-19811,"387,_Rout_Ganj,_Jammu_462153",Jammu,Jammu_and_Kashmir,462153.0,Shipping
WB-05034,CUST-10618,"H.No._692,_Baral_Circle
Kulti-002668",Kulti,West_Bengal,2668.0,"Billing,_Shipping"
MH-05035,CUST-01080,"H.No._22,_Chada_Ganj
Satara_872775",Satara,Maharashtra,872775.0,"Billing,_Shipping"
WB-05036,CUST-09209,"H.No._324
Trivedi_Circle
Baranagar_550999",Baranagar,West_Bengal,550999.0,Shipping
TS-05037,CUST-12841,"H.No._61,_Varughese_Zila
Dindigul-633649",Dindigul,Tamil_Nadu,633649.0,Billing
TN-05038,CUST-02088,"41/286,_Walia_Marg,_Pali_895597",Pali,Rajasthan,895597.0,Shipping
OR-05039,CUST-10299,"23/28
Bhasin_Street
Chandrapur_080193",Chandrapur,Maharashtra,80193.0,"Billing,_Shipping"
AP-05040,CUST-14591,"114
Jhaveri_Road
Srikakulam-541545",Srikakulam,Andhra_Pradesh,541545.0,"Billing,_Shipping"
MP-05041,CUST-14088,"95/748
Dhaliwal_Circle
Jodhpur-037409",Jodhpur,Rajasthan,37409.0,"Billing,_Shipping"
KL-05042,CUST-10819,"H.No._59,_Gulati_Chowk,_Kollam_170556",Kollam,Kerala,170556.0,Billing
BR-05043,CUST-13251,"37/575,_Borra_Street
Jaipur_721235",Jaipur,Rajasthan,721235.0,Shipping
UP-05044,CUST-07967,"58/269,_Walla_Chowk,_Shahjahanpur_174458",Shahjahanpur,Uttar_Pradesh,174458.0,Shipping
OR-05045,CUST-16952,"H.No._81
Jayaraman
Kanpur_857741",Kanpur,Uttar_Pradesh,857741.0,"Billing,_Shipping"
MP-05046,CUST-17840,"211,_Bhatt_Zila,_Dehri_596090",Dehri,Bihar,596090.0,Shipping
MP-05047,CUST-04436,"01,_Andra_Street,_Ramgarh_480529",Ramgarh,Jharkhand,480529.0,Billing
UP-05048,CUST-19045,"H.No._895,_Ramaswamy_Zila
Jamalpur-600695",Jamalpur,Bihar,600695.0,"Billing,_Shipping"
TS-05049,CUST-13635,"823,_Gara_Path
Nizamabad-748049",Nizamabad,Telangana,748049.0,Shipping
OR-05050,CUST-16248,"66,_Bava_Nagar,_Berhampur-378917",Berhampur,Odisha,378917.0,Shipping
TN-05051,CUST-13955,"355,_Anne_Marg,_Avadi-050449",Avadi,Tamil_Nadu,50449.0,"Billing,_Shipping"
WB-05052,CUST-12906,"76/08,_Sahota_Circle
Bidhannagar_073982",Bidhannagar,West_Bengal,73982.0,Shipping
MP-05053,CUST-13366,"52/713,_Dhingra_Chowk
Gorakhpur_844522",Gorakhpur,Uttar_Pradesh,844522.0,Shipping
MP-05054,CUST-07432,"81/366,_Koshy_Chowk,_Gopalpur_461677",Gopalpur,Odisha,461677.0,Shipping
TR-05055,CUST-14764,"H.No._018,_Choudhary_Chowk
Durgapur-981522",Durgapur,West_Bengal,981522.0,Shipping
RJ-05056,CUST-14829,"65/230
Jaggi_Ganj
Dewas_275733",Dewas,Madhya_Pradesh,275733.0,Shipping
UP-05057,CUST-07026,"37/649,_Hayre_Zila
Mirzapur-736848",Mirzapur,Uttar_Pradesh,736848.0,Shipping
JH-05058,CUST-07986,"H.No._660,_Balan_Road,_Kharagpur-407495",Kharagpur,West_Bengal,407495.0,Shipping
MH-05059,CUST-06018,"87/677
Kakar_Zila
Guntur_754742",Guntur,Andhra_Pradesh,754742.0,"Billing,_Shipping"
DL-05060,CUST-04484,"H.No._088,_Kulkarni_Ganj,_Delhi_940650",Delhi,Delhi_(Union_Territory),940650.0,Shipping
TN-05061,CUST-07846,"H.No._137,_Kapur_Marg,_Pallavaram-776828",Pallavaram,Tamil_Nadu,776828.0,Billing
CG-05062,CUST-18763,"H.No._20,_Dewan_Circle,_Malda_448877",Malda,West_Bengal,448877.0,"Billing,_Shipping"
OR-05063,CUST-10752,"975
Chokshi_Ganj
Bilaspur-537070",Bilaspur,Chhattisgarh,537070.0,Shipping
MH-05064,CUST-17490,"81/250,_Chandra,_Guntur-249858",Guntur,Andhra_Pradesh,249858.0,Shipping
HR-05065,CUST-18378,"443,_Date_Street
Bikaner-559995",Bikaner,Rajasthan,559995.0,Billing
MP-05066,CUST-11153,"79/43,_Tella_Ganj,_Agra_565636",Agra,Uttar_Pradesh,565636.0,Shipping
JH-05067,CUST-12759,"43/45,_Bhatti_Nagar
Asansol-158247",Asansol,West_Bengal,158247.0,"Billing,_Shipping"
CG-05068,CUST-03478,"40/545,_Iyer_Ganj
Malda_168452",Malda,West_Bengal,168452.0,Shipping
WB-05069,CUST-15697,"88,_Gola_Marg
Kamarhati_250219",Kamarhati,West_Bengal,250219.0,Billing
TN-05070,CUST-12120,"H.No._496
Thakkar_Path
Vellore_472483",Vellore,Tamil_Nadu,472483.0,"Billing,_Shipping"
MP-05071,CUST-02273,"81/373,_Bahl_Marg
Jodhpur_913626",Jodhpur,Rajasthan,913626.0,"Billing,_Shipping"
KA-05072,CUST-16673,"41,_Deshpande_Marg
Mangalore-018624",Mangalore,Karnataka,18624.0,Shipping
JH-05073,CUST-19981,"505,_Kalita_Circle
Phusro_514714",Phusro,Jharkhand,514714.0,Billing
MP-05074,CUST-19503,"14/095,_Dugar,_Khandwa-809259",Khandwa,Madhya_Pradesh,809259.0,Billing
MP-05075,CUST-14648,"72/95
Sachar_Zila
Khandwa-332026",Khandwa,Madhya_Pradesh,332026.0,"Billing,_Shipping"
TN-05076,CUST-05911,"H.No._99
Kala_Chowk
Tiruppur-813793",Tiruppur,Tamil_Nadu,813793.0,Shipping
MP-05077,CUST-19979,"H.No._20
Lad
Jodhpur_357374",Jodhpur,Rajasthan,357374.0,"Billing,_Shipping"
TN-05078,CUST-11498,"51/591
Shroff_Marg
Avadi-896182",Avadi,Tamil_Nadu,896182.0,Shipping
WB-05079,CUST-13677,"H.No._10
Bhasin_Circle
Naihati-221700",Naihati,West_Bengal,221700.0,Billing
MH-05080,CUST-19610,"91,_Bhandari_Nagar,_Rampur_687364",Rampur,Uttar_Pradesh,687364.0,Shipping
WB-05081,CUST-05058,"07/549,_Aurora_Nagar,_Aligarh-366026",Aligarh,Uttar_Pradesh,366026.0,Shipping
MH-05082,CUST-13402,"82/241
Badami_Ganj
Loni-149255",Loni,Uttar_Pradesh,149255.0,Shipping
UP-05083,CUST-14125,"58/11,_Tandon_Zila,_Karimnagar-363380",Karimnagar,Telangana,363380.0,Shipping
UP-05084,CUST-13898,"H.No._32,_Buch,_Raiganj_257414",Raiganj,West_Bengal,257414.0,Shipping
UP-05085,CUST-10958,"02/88,_Kapoor_Circle
Chapra-153521",Chapra,Bihar,153521.0,Shipping
KL-05086,CUST-02614,"32,_Lalla_Ganj
Kollam-981183",Kollam,Kerala,981183.0,"Billing,_Shipping"
MP-05087,CUST-17311,"990
Bail_Road
Khandwa-644550",Khandwa,Madhya_Pradesh,644550.0,"Billing,_Shipping"
TR-05088,CUST-09393,"190
Kalita_Street
Durgapur-901129",Durgapur,West_Bengal,901129.0,"Billing,_Shipping"
TN-05089,CUST-10496,"H.No._22,_Chopra_Circle,_Tiruvottiyur-646047",Tiruvottiyur,Tamil_Nadu,646047.0,Shipping
KA-05090,CUST-12124,"H.No._456,_Shroff_Marg,_Mangalore_350056",Mangalore,Karnataka,350056.0,"Billing,_Shipping"
CG-05091,CUST-13971,"88
Wable_Ganj
Sambalpur-367696",Sambalpur,Odisha,367696.0,Billing
HR-05092,CUST-19686,"228
Dugal
Aurangabad_875679",Aurangabad,Maharashtra,875679.0,Shipping
GJ-05093,CUST-16134,"29/86
Acharya_Marg
Allahabad_868767",Allahabad,Uttar_Pradesh,868767.0,Shipping
BR-05094,CUST-07080,"H.No._246
Das_Zila
Ballia-479811",Ballia,Uttar_Pradesh,479811.0,Billing
CG-05095,CUST-08829,"H.No._56,_Chauhan_Zila,_Nagpur-623802",Nagpur,Maharashtra,623802.0,Billing
TS-05096,CUST-10244,"H.No._025,_Srinivasan_Marg,_Dindigul-054508",Dindigul,Tamil_Nadu,54508.0,"Billing,_Shipping"
AS-05097,CUST-13640,"52,_Sastry_Street
Bongaigaon_475856",Bongaigaon,Assam,475856.0,Shipping
OR-05098,CUST-09957,"15/979,_Tripathi_Nagar,_Patna-723600",Patna,Bihar,723600.0,"Billing,_Shipping"
TS-05099,CUST-18038,"71/69
Kanda_Nagar
Proddatur-034449",Proddatur,Andhra_Pradesh,34449.0,"Billing,_Shipping"
HR-05100,CUST-15328,"22,_Sandal_Street
Aurangabad_765701",Aurangabad,Maharashtra,765701.0,Billing
OR-05101,CUST-13900,"H.No._580
Bakshi
Chandrapur_076661",Chandrapur,Maharashtra,76661.0,"Billing,_Shipping"
MP-05102,CUST-07426,"69/72
Chaudhuri_Nagar
Agra_172054",Agra,Uttar_Pradesh,172054.0,Shipping
GJ-05103,CUST-17246,"689
Chawla_Zila
Ajmer-602385",Ajmer,Rajasthan,602385.0,Billing
GJ-05104,CUST-14802,"09
Lata_Ganj
Kavali_040716",Kavali,Andhra_Pradesh,40716.0,Billing
MH-05105,CUST-18821,"58
Manda
Karnal_094085",Karnal,Haryana,94085.0,"Billing,_Shipping"
HR-05106,CUST-19515,"892,_Dugal_Road,_Aurangabad-475416",Aurangabad,Maharashtra,475416.0,Billing
MP-05107,CUST-17465,"H.No._402,_Dada_Ganj
Kishanganj_063850",Kishanganj,Bihar,63850.0,"Billing,_Shipping"
AP-05108,CUST-19533,"645
Mann_Marg
Anantapuram_856559",Anantapuram,Andhra_Pradesh,856559.0,Billing
HP-05109,CUST-19409,"91/133,_Mann_Path,_Udaipur_734667",Udaipur,Rajasthan,734667.0,"Billing,_Shipping"
WB-05110,CUST-16779,"H.No._253,_Sagar_Circle
Bally-881053",Bally,West_Bengal,881053.0,Shipping
UP-05111,CUST-08493,"51,_Randhawa,_Ahmedabad-901572",Ahmedabad,Gujarat,901572.0,Shipping
RJ-05112,CUST-03809,"H.No._12,_Dixit_Chowk,_Akola_183588",Akola,Maharashtra,183588.0,"Billing,_Shipping"
UP-05113,CUST-00279,"216,_Hayre_Ganj,_Ahmedabad_585116",Ahmedabad,Gujarat,585116.0,"Billing,_Shipping"
UP-05114,CUST-14950,"65
Walla_Street
Jamalpur-983293",Jamalpur,Bihar,983293.0,"Billing,_Shipping"
KA-05115,CUST-17390,"14/676
Shukla_Ganj
Amaravati_363477",Amaravati,Andhra_Pradesh,363477.0,Billing
MP-05117,CUST-01477,"340,_Shroff_Ganj,_Gopalpur_053134",Gopalpur,Odisha,53134.0,Shipping
GJ-05118,CUST-13382,"77/66,_Bahl_Street,_Ajmer-779545",Ajmer,Rajasthan,779545.0,Shipping
OR-05119,CUST-11966,"H.No._58
Anand_Street
Berhampur_743400",Berhampur,Odisha,743400.0,Billing
TN-05120,CUST-02817,"933,_Ahluwalia_Street
Salem-463861",Salem,Tamil_Nadu,463861.0,Shipping
KA-05121,CUST-12225,"54
Randhawa_Nagar
Amaravati-260441",Amaravati,Andhra_Pradesh,260441.0,Billing
HP-05122,CUST-03056,"H.No._859
Vora
Udaipur-755751",Udaipur,Rajasthan,755751.0,Shipping
GJ-05123,CUST-04918,"78/315
Lata
Gandhidham-202991",Gandhidham,Gujarat,202991.0,Shipping
HR-05124,CUST-19601,"H.No._55,_Raval_Nagar,_Bikaner-298777",Bikaner,Rajasthan,298777.0,"Billing,_Shipping"
GJ-05125,CUST-16428,"H.No._000,_Chaudhry_Road,_Vadodara-399839",Vadodara,Gujarat,399839.0,Shipping
MH-05126,CUST-17002,"H.No._785
Madan
Loni-023391",Loni,Uttar_Pradesh,23391.0,Shipping
UP-05127,CUST-05452,"62,_Chada_Zila,_Gurgaon-894806",Gurgaon,Haryana,894806.0,Shipping
UP-05128,CUST-11160,"83
Madan_Nagar
Sambhal-357761",Sambhal,Uttar_Pradesh,357761.0,Shipping
MH-05129,CUST-04242,"H.No._093
Bumb_Zila
Malegaon-911569",Malegaon,Maharashtra,911569.0,"Billing,_Shipping"
OR-05130,CUST-16699,"26/473
Lad_Nagar
Haldia_548650",Haldia,West_Bengal,548650.0,"Billing,_Shipping"
TN-05131,CUST-03457,"H.No._096
Tailor_Nagar
Tiruvottiyur_158092",Tiruvottiyur,Tamil_Nadu,158092.0,Shipping
TS-05132,CUST-10066,"37,_Bhardwaj
Ambala_461390",Ambala,Haryana,461390.0,Billing
HP-05133,CUST-17848,"15/62
Sule
Udaipur-903887",Udaipur,Rajasthan,903887.0,Billing
OR-05134,CUST-12100,"18/786,_Bhakta_Circle,_Berhampur_025338",Berhampur,Odisha,25338.0,Shipping
TS-05135,CUST-18687,"H.No._25,_Kanda_Ganj,_Proddatur-894509",Proddatur,Andhra_Pradesh,894509.0,Shipping
OR-05136,CUST-19094,"H.No._88
Madan_Zila
Kanpur_483470",Kanpur,Uttar_Pradesh,483470.0,Billing
GJ-05137,CUST-16620,"25
Thaker_Circle
Jabalpur-099406",Jabalpur,Madhya_Pradesh,99406.0,Shipping
UP-05138,CUST-15344,"109,_Sehgal_Circle
Shahjahanpur-041984",Shahjahanpur,Uttar_Pradesh,41984.0,Billing
AS-05139,CUST-08511,"H.No._24
Venkataraman_Zila
Bongaigaon-540574",Bongaigaon,Assam,540574.0,Shipping
MH-05140,CUST-07476,"18/63
Sinha_Circle
Bhiwandi_730682",Bhiwandi,Maharashtra,730682.0,Shipping
UK-05141,CUST-09481,"H.No._08,_Edwin_Street,_Haridwar_946963",Haridwar,Uttarakhand,946963.0,"Billing,_Shipping"
OR-05142,CUST-12261,"80,_Shenoy_Nagar
Chandrapur_518943",Chandrapur,Maharashtra,518943.0,Shipping
AP-05143,CUST-09093,"72/571
Shah_Street
Anantapuram-401027",Anantapuram,Andhra_Pradesh,401027.0,Billing
WB-05144,CUST-08555,"H.No._716,_De_Path
Naihati_848696",Naihati,West_Bengal,848696.0,Billing
UP-05145,CUST-10271,"809,_Ahluwalia_Circle
Farrukhabad_672432",Farrukhabad,Uttar_Pradesh,672432.0,Shipping
BR-05146,CUST-07492,"91/223
Dave_Marg
Buxar_280332",Buxar,Bihar,280332.0,"Billing,_Shipping"
TS-05147,CUST-07519,"13/67
Sridhar_Zila
Srinagar-810962",Srinagar,Jammu_and_Kashmir,810962.0,Billing
AS-05148,CUST-12570,"30,_Walia_Marg
Nagaon_012535",Nagaon,Assam,12535.0,"Billing,_Shipping"
RJ-05149,CUST-04721,"17/98
Dey_Path
Rajkot_318479",Rajkot,Gujarat,318479.0,"Billing,_Shipping"
MH-05150,CUST-12208,"H.No._032
Ranganathan_Nagar
Karnal_388682",Karnal,Haryana,388682.0,Shipping
UK-05151,CUST-02225,"H.No._155,_Shenoy_Street,_Jalna-420727",Jalna,Maharashtra,420727.0,Billing
MP-05152,CUST-12679,"H.No._338
Chaudhari_Road
Jhansi_773598",Jhansi,Uttar_Pradesh,773598.0,Shipping
TN-05153,CUST-10457,"H.No._14,_Gera_Ganj
Tiruvottiyur_412306",Tiruvottiyur,Tamil_Nadu,412306.0,"Billing,_Shipping"
KA-05154,CUST-05635,"390
Konda_Circle
Tumkur-564127",Tumkur,Karnataka,564127.0,"Billing,_Shipping"
CG-05155,CUST-19362,"H.No._724,_Khanna_Ganj,_Sagar_341038",Sagar,Madhya_Pradesh,341038.0,Shipping
TS-05156,CUST-11771,"H.No._290,_Hayre_Chowk,_Ambala_897882",Ambala,Haryana,897882.0,"Billing,_Shipping"
CG-05157,CUST-06531,"81/538,_Khurana,_Malda_482709",Malda,West_Bengal,482709.0,"Billing,_Shipping"
BR-05158,CUST-14066,"30/429,_Khosla_Circle,_Buxar_306000",Buxar,Bihar,306000.0,Shipping
CG-05159,CUST-01987,"35/85,_Doshi_Zila
Nagpur-289699",Nagpur,Maharashtra,289699.0,Billing
MH-05160,CUST-13575,"H.No._545
Goda_Zila
Rampur-629212",Rampur,Uttar_Pradesh,629212.0,"Billing,_Shipping"
MH-05162,CUST-04083,"62/25
Kala_Chowk
Bhiwandi-752147",Bhiwandi,Maharashtra,752147.0,"Billing,_Shipping"
WB-05163,CUST-09516,"23/15,_Gaba_Ganj
Uluberia-027630",Uluberia,West_Bengal,27630.0,Billing
UP-05164,CUST-07988,"33/580,_Chad_Nagar
Jamalpur-584265",Jamalpur,Bihar,584265.0,"Billing,_Shipping"
CG-05165,CUST-03988,"H.No._94,_Kata_Chowk
Sambalpur_199099",Sambalpur,Odisha,199099.0,Billing
WB-05166,CUST-05996,"157
Luthra
Baranagar-711341",Baranagar,West_Bengal,711341.0,Shipping
UK-05167,CUST-02410,"38/291
Venkataraman
Haridwar-148821",Haridwar,Uttarakhand,148821.0,"Billing,_Shipping"
HP-05168,CUST-12761,"90/38,_Khanna_Chowk,_Udaipur-805541",Udaipur,Rajasthan,805541.0,Shipping
GJ-05169,CUST-05272,"77,_Sengupta_Chowk
Jabalpur_883636",Jabalpur,Madhya_Pradesh,883636.0,Shipping
TN-05170,CUST-00974,"94/394,_Gill
Pallavaram_783128",Pallavaram,Tamil_Nadu,783128.0,Shipping
UP-05171,CUST-10380,"H.No._69
Sidhu_Zila
Mirzapur_120817",Mirzapur,Uttar_Pradesh,120817.0,Shipping
UP-05172,CUST-11984,"09,_Dayal_Chowk
Jamalpur-800571",Jamalpur,Bihar,800571.0,Shipping
MP-05173,CUST-04482,"12,_Soman_Path
Jalandhar_186791",Jalandhar,Punjab,186791.0,Shipping
GJ-05174,CUST-00888,"53,_Golla_Zila
Gandhidham_722422",Gandhidham,Gujarat,722422.0,Billing
KA-05175,CUST-01905,"H.No._84,_Kar_Road,_Solapur_952565",Solapur,Maharashtra,952565.0,"Billing,_Shipping"
AS-05176,CUST-06899,"54,_Bajaj_Chowk
Siliguri-099316",Siliguri,West_Bengal,99316.0,Shipping
MP-05177,CUST-13530,"76
Gupta_Circle
Indore-703209",Indore,Madhya_Pradesh,703209.0,"Billing,_Shipping"
GJ-05178,CUST-13160,"H.No._710,_Dugal,_Gandhidham-785178",Gandhidham,Gujarat,785178.0,"Billing,_Shipping"
MP-05179,CUST-02859,"98,_Dhingra_Road
Unnao-048258",Unnao,Uttar_Pradesh,48258.0,Shipping
MH-05180,CUST-09342,"537,_Kari_Marg
Guntur-550478",Guntur,Andhra_Pradesh,550478.0,Shipping
OR-05181,CUST-00251,"976,_Korpal_Chowk,_Kanpur_630814",Kanpur,Uttar_Pradesh,630814.0,Shipping
MH-05182,CUST-12484,"37,_Halder_Ganj
Satara_469630",Satara,Maharashtra,469630.0,"Billing,_Shipping"
WB-05183,CUST-13648,"26/363
Dutta_Marg
Bidhannagar-956863",Bidhannagar,West_Bengal,956863.0,Billing
TS-05184,CUST-08222,"H.No._102,_Dixit_Nagar
Nizamabad-061647",Nizamabad,Telangana,61647.0,Shipping
GJ-05185,CUST-02890,"H.No._237
Batta_Zila
Jabalpur-694681",Jabalpur,Madhya_Pradesh,694681.0,"Billing,_Shipping"
KL-05186,CUST-14366,"44
Hegde_Marg
Kollam-159689",Kollam,Kerala,159689.0,Shipping
WB-05187,CUST-10603,"134
Uppal_Zila
Kamarhati_422474",Kamarhati,West_Bengal,422474.0,Billing
KA-05188,CUST-03511,"23/972,_Sahota_Nagar
Mangalore-391113",Mangalore,Karnataka,391113.0,Shipping
MH-05189,CUST-10220,"H.No._55,_Kapur_Road
Bhiwandi-232895",Bhiwandi,Maharashtra,232895.0,Shipping
UP-05190,CUST-14152,"H.No._029,_Badal_Ganj
Raipur_904818",Raipur,Chhattisgarh,904818.0,Billing
MH-05191,CUST-17942,"84,_Doshi_Nagar
Malegaon_820568",Malegaon,Maharashtra,820568.0,Shipping
OR-05192,CUST-18434,"H.No._68,_Lall_Path,_Berhampur-255482",Berhampur,Odisha,255482.0,Shipping
UP-05193,CUST-10108,"H.No._66,_Kulkarni_Path
Raiganj-725231",Raiganj,West_Bengal,725231.0,Shipping
TS-05194,CUST-18251,"26
Sur_Chowk
Ramagundam-495800",Ramagundam,Telangana,495800.0,Billing
TR-05195,CUST-01679,"H.No._386,_Chada_Path
Chandigarh_182599",Chandigarh,Chandigarh_(Union_Territory),182599.0,Billing
RJ-05196,CUST-14503,"H.No._86,_Uppal_Road,_Rajkot-931291",Rajkot,Gujarat,931291.0,Billing
TS-05197,CUST-08675,"19,_Kara_Nagar,_Ambala-512281",Ambala,Haryana,512281.0,"Billing,_Shipping"
GJ-05198,CUST-16520,"275,_Suri_Ganj,_Kavali_470204",Kavali,Andhra_Pradesh,470204.0,Billing
MH-05199,CUST-19761,"H.No._32
Kaur_Ganj
Guntur_111685",Guntur,Andhra_Pradesh,111685.0,Billing
TS-05200,CUST-17920,"55/00,_Sem_Marg,_Srinagar-537097",Srinagar,Jammu_and_Kashmir,537097.0,"Billing,_Shipping"
WB-05201,CUST-07314,"H.No._615,_Ramanathan_Street
Madhyamgram-102044",Madhyamgram,West_Bengal,102044.0,"Billing,_Shipping"
OR-05202,CUST-14349,"86,_Basak_Ganj
Bijapur_532332",Bijapur,Karnataka,532332.0,Shipping
UP-05203,CUST-11096,"H.No._000
Subramaniam_Path
Shahjahanpur-503075",Shahjahanpur,Uttar_Pradesh,503075.0,Shipping
MH-05204,CUST-14350,"01/96
Loyal_Zila
Satara-216797",Satara,Maharashtra,216797.0,"Billing,_Shipping"
MH-05205,CUST-09173,"H.No._49,_Divan_Nagar
Karnal_404983",Karnal,Haryana,404983.0,Billing
TN-05206,CUST-14322,"283
Sawhney
Tiruvottiyur-094629",Tiruvottiyur,Tamil_Nadu,94629.0,Billing
CG-05207,CUST-14205,"04/03,_Shetty_Ganj
Nagpur-560285",Nagpur,Maharashtra,560285.0,Billing
GJ-05208,CUST-08194,"03,_Gera_Chowk,_Ajmer-945718",Ajmer,Rajasthan,945718.0,Billing
OR-05209,CUST-13862,"014,_Mandal_Street
Haldia-388453",Haldia,West_Bengal,388453.0,Shipping
HR-05210,CUST-08989,"69/894,_De_Circle
Bikaner-422760",Bikaner,Rajasthan,422760.0,"Billing,_Shipping"
UP-05211,CUST-15035,"H.No._241,_Chadha
Sambhal-520845",Sambhal,Uttar_Pradesh,520845.0,Billing
WB-05212,CUST-10762,"H.No._424
Viswanathan_Ganj
Madhyamgram_192194",Madhyamgram,West_Bengal,192194.0,"Billing,_Shipping"
WB-05213,CUST-17577,"H.No._562,_Iyengar_Nagar
Madhyamgram-572710",Madhyamgram,West_Bengal,572710.0,Billing
TN-05214,CUST-13835,"71/206,_Thakkar_Nagar
Salem_884460",Salem,Tamil_Nadu,884460.0,Shipping
WB-05215,CUST-19556,"354
Hans_Circle
Naihati_528213",Naihati,West_Bengal,528213.0,Billing
TR-05216,CUST-16237,"98/325,_Chakrabarti_Road,_Chandigarh-216070",Chandigarh,Chandigarh_(Union_Territory),216070.0,Shipping
OR-05217,CUST-06440,"H.No._40,_Cheema,_Kanpur-670576",Kanpur,Uttar_Pradesh,670576.0,"Billing,_Shipping"
WB-05218,CUST-16040,"055,_Kalla_Road,_Naihati_641610",Naihati,West_Bengal,641610.0,Billing
UP-05219,CUST-03949,"17/996,_Sampath_Nagar,_Burhanpur_382432",Burhanpur,Madhya_Pradesh,382432.0,"Billing,_Shipping"
GJ-05220,CUST-17078,"79,_Chandra_Zila
Gandhidham_727440",Gandhidham,Gujarat,727440.0,Billing
AP-05221,CUST-00408,"H.No._29
Rau_Ganj
Jammu_135503",Jammu,Jammu_and_Kashmir,135503.0,Billing
UP-05222,CUST-11050,"03/757
Halder_Path
Burhanpur_663651",Burhanpur,Madhya_Pradesh,663651.0,Shipping
BR-05223,CUST-09590,"708
Kara_Street
Munger_900243",Munger,Bihar,900243.0,Shipping
OR-05224,CUST-15063,"27/991
Bera_Street
Anantapur-427697",Anantapur,Andhra_Pradesh,427697.0,Shipping
UP-05225,CUST-16585,"82,_Amble_Marg
Firozabad-044145",Firozabad,Uttar_Pradesh,44145.0,"Billing,_Shipping"
UP-05226,CUST-07828,"479,_Tailor_Street,_Chapra_262900",Chapra,Bihar,262900.0,Billing
UP-05227,CUST-11264,"13/72
Bir
Muzaffarpur-199679",Muzaffarpur,Bihar,199679.0,Billing
TS-05228,CUST-17736,"558
Dhingra_Road
Sirsa-004436",Sirsa,Haryana,4436.0,Shipping
TN-05229,CUST-19150,"83/99
Sankaran_Street
Chittoor-897577",Chittoor,Andhra_Pradesh,897577.0,Billing
UP-05230,CUST-03149,"81/40,_Ganesh,_Karimnagar_528614",Karimnagar,Telangana,528614.0,"Billing,_Shipping"
WB-05231,CUST-11789,"H.No._68
Lad_Marg
Bidhannagar-107587",Bidhannagar,West_Bengal,107587.0,"Billing,_Shipping"
OR-05232,CUST-04626,"H.No._73,_Ahluwalia_Street,_Chandrapur-137549",Chandrapur,Maharashtra,137549.0,"Billing,_Shipping"
HR-05233,CUST-15051,"H.No._366,_Kaul_Ganj,_Bikaner_101949",Bikaner,Rajasthan,101949.0,Shipping
CG-05234,CUST-15281,"H.No._53,_Grover_Circle,_Sambalpur-638390",Sambalpur,Odisha,638390.0,Shipping
GJ-05235,CUST-13328,"51
Singh_Zila
Kavali-351966",Kavali,Andhra_Pradesh,351966.0,"Billing,_Shipping"
WB-05236,CUST-06213,"948,_Balay_Road,_Panihati_961633",Panihati,West_Bengal,961633.0,Billing
KL-05237,CUST-11803,"447,_Rau_Path
Kollam-917610",Kollam,Kerala,917610.0,Billing
MP-05238,CUST-00206,"H.No._543
Madan
Agra_514621",Agra,Uttar_Pradesh,514621.0,Billing
HR-05239,CUST-00795,"45/031
Loyal
Bikaner-111579",Bikaner,Rajasthan,111579.0,Billing
OR-05240,CUST-15406,"H.No._582
Raman_Street
Kanpur-680169",Kanpur,Uttar_Pradesh,680169.0,Billing
MP-05241,CUST-17417,"16/565,_Iyengar_Marg
Jalandhar-792341",Jalandhar,Punjab,792341.0,Shipping
JH-05242,CUST-13458,"45,_Tailor_Zila,_Phusro-324104",Phusro,Jharkhand,324104.0,"Billing,_Shipping"
GJ-05243,CUST-16674,"822
Ramanathan_Circle
Vadodara-915353",Vadodara,Gujarat,915353.0,Billing
MH-05244,CUST-14124,"68,_Dass_Chowk,_Rampur-937063",Rampur,Uttar_Pradesh,937063.0,Billing
WB-05245,CUST-11226,"237
Shukla_Ganj
Madhyamgram_703916",Madhyamgram,West_Bengal,703916.0,Billing
KA-05246,CUST-13418,"185
Badami_Street
Amaravati-110234",Amaravati,Andhra_Pradesh,110234.0,"Billing,_Shipping"
UP-05247,CUST-12610,"27
Bedi_Marg
Jamalpur-879808",Jamalpur,Bihar,879808.0,Billing
OR-05248,CUST-19267,"H.No._78,_Luthra_Zila,_Danapur-345437",Danapur,Bihar,345437.0,"Billing,_Shipping"
HR-05249,CUST-11901,"564,_Bajwa_Chowk
Aurangabad_026529",Aurangabad,Maharashtra,26529.0,Billing
TN-05250,CUST-15388,"866,_Sharaf_Path
Pali-784802",Pali,Rajasthan,784802.0,"Billing,_Shipping"
MP-05251,CUST-17402,"H.No._062
Behl_Circle
Mau_460508",Mau,Uttar_Pradesh,460508.0,"Billing,_Shipping"
UK-05252,CUST-13946,"H.No._96,_Loyal_Marg,_Shivpuri-557668",Shivpuri,Madhya_Pradesh,557668.0,Shipping
WB-05253,CUST-04826,"07/88
Iyer_Nagar
Naihati-676649",Naihati,West_Bengal,676649.0,Shipping
GJ-05254,CUST-12638,"01,_Kashyap_Circle
Hajipur-305706",Hajipur,Bihar,305706.0,Billing
UP-05255,CUST-13581,"H.No._84,_Sahota_Zila
Firozabad-035645",Firozabad,Uttar_Pradesh,35645.0,Billing
MP-05256,CUST-11946,"H.No._357,_Rajagopalan_Ganj
Mau_996196",Mau,Uttar_Pradesh,996196.0,Shipping
AP-05257,CUST-18265,"H.No._287,_Rajagopal_Nagar,_Srikakulam_128151",Srikakulam,Andhra_Pradesh,128151.0,Shipping
OR-05258,CUST-06031,"90/88,_Sharaf
Chandrapur-077384",Chandrapur,Maharashtra,77384.0,Shipping
MH-05259,CUST-03117,"766
Barad_Path
Yamunanagar-783149",Yamunanagar,Haryana,783149.0,Shipping
TN-05260,CUST-06361,"23/65,_Ganesh_Circle
Tiruvottiyur-273761",Tiruvottiyur,Tamil_Nadu,273761.0,"Billing,_Shipping"
AS-05261,CUST-18823,"541,_Srivastava_Marg,_Nagaon-237362",Nagaon,Assam,237362.0,Billing
RJ-05262,CUST-09750,"H.No._00,_Dass_Street,_Fatehpur_918396",Fatehpur,Uttar_Pradesh,918396.0,"Billing,_Shipping"
MP-05263,CUST-14991,"53/352,_Madan
Jodhpur-932681",Jodhpur,Rajasthan,932681.0,"Billing,_Shipping"
TN-05264,CUST-05135,"14/54,_Amble_Zila
Gandhinagar_220048",Gandhinagar,Gujarat,220048.0,Shipping
TS-05265,CUST-19206,"92/85,_Sehgal_Nagar,_Ramagundam_142700",Ramagundam,Telangana,142700.0,"Billing,_Shipping"
CG-05266,CUST-07623,"H.No._935,_Master_Zila,_Sagar_780853",Sagar,Madhya_Pradesh,780853.0,Shipping
BR-05267,CUST-19136,"01/453,_Sachar_Chowk
Munger_093515",Munger,Bihar,93515.0,"Billing,_Shipping"
MP-05268,CUST-14840,"H.No._741,_Wable
Khandwa-046768",Khandwa,Madhya_Pradesh,46768.0,Billing
TN-05269,CUST-13873,"01/95,_Bhatt_Marg
Pali_010068",Pali,Rajasthan,10068.0,"Billing,_Shipping"
AP-05271,CUST-07131,"481,_Chaudhary_Circle
Srikakulam_748775",Srikakulam,Andhra_Pradesh,748775.0,"Billing,_Shipping"
HR-05272,CUST-06396,"H.No._234,_Madan_Chowk,_Aurangabad_100526",Aurangabad,Maharashtra,100526.0,"Billing,_Shipping"
TS-05273,CUST-11400,"52/035,_Shetty_Nagar,_Proddatur-910623",Proddatur,Andhra_Pradesh,910623.0,Shipping
TN-05274,CUST-10670,"H.No._432,_Toor_Street
Vellore_648557",Vellore,Tamil_Nadu,648557.0,"Billing,_Shipping"
WB-05275,CUST-09296,"498
Verma_Nagar
Madhyamgram_483053",Madhyamgram,West_Bengal,483053.0,Billing
HR-05276,CUST-12547,"66/816,_Seth
Siwan-087688",Siwan,Bihar,87688.0,Billing
MP-05277,CUST-11603,"259,_Doshi_Ganj
Jodhpur-755787",Jodhpur,Rajasthan,755787.0,Shipping
WB-05278,CUST-14421,"H.No._86,_Tailor_Street,_Naihati-734588",Naihati,West_Bengal,734588.0,Billing
UP-05279,CUST-12740,"67
Mahajan
Raiganj-584244",Raiganj,West_Bengal,584244.0,"Billing,_Shipping"
JH-05280,CUST-17478,"82/327,_Singh_Marg,_Kharagpur_145643",Kharagpur,West_Bengal,145643.0,Shipping
MP-05281,CUST-00665,"39/86,_Goda_Path,_Khandwa_308577",Khandwa,Madhya_Pradesh,308577.0,Shipping
WB-05282,CUST-12386,"458,_Krish_Marg,_Panihati_768073",Panihati,West_Bengal,768073.0,Billing
TS-05283,CUST-13254,"84/147,_Sandal_Street
Sirsa_251532",Sirsa,Haryana,251532.0,Shipping
RJ-05284,CUST-08224,"H.No._14,_Date_Street,_Dewas_124153",Dewas,Madhya_Pradesh,124153.0,Billing
DL-05285,CUST-17180,"H.No._360,_Agarwal_Nagar
Delhi_631214",Delhi,Delhi_(Union_Territory),631214.0,Billing
MP-05286,CUST-16335,"842,_Shetty_Zila,_Kota_021490",Kota,Rajasthan,21490.0,Billing
TS-05287,CUST-07760,"781
Shankar_Street
Srinagar-472283",Srinagar,Jammu_and_Kashmir,472283.0,"Billing,_Shipping"
TR-05288,CUST-15357,"H.No._43
Thaman_Path
Durgapur-227603",Durgapur,West_Bengal,227603.0,Shipping
TN-05289,CUST-11139,"19/392,_Choudhry_Path,_Gandhinagar-703888",Gandhinagar,Gujarat,703888.0,Billing
MP-05290,CUST-09678,"26
Raju_Street
Kishanganj-569826",Kishanganj,Bihar,569826.0,Shipping
CG-05291,CUST-14576,"H.No._742
Dhar
Sagar_177576",Sagar,Madhya_Pradesh,177576.0,Shipping
UP-05292,CUST-10691,"19
Venkataraman_Circle
Bhagalpur-519069",Bhagalpur,Bihar,519069.0,"Billing,_Shipping"
WB-05293,CUST-13185,"00/768,_Varty_Chowk
Kamarhati-451661",Kamarhati,West_Bengal,451661.0,Billing
KA-05294,CUST-13260,"H.No._43
Din_Zila
Mangalore-355494",Mangalore,Karnataka,355494.0,Shipping
MP-05295,CUST-12269,"H.No._87
Chatterjee_Circle
Jhansi_063983",Jhansi,Uttar_Pradesh,63983.0,"Billing,_Shipping"
CG-05296,CUST-13413,"13,_Goda_Chowk
Sagar_358573",Sagar,Madhya_Pradesh,358573.0,Billing
MH-05297,CUST-07352,"97/891,_Yogi_Zila,_Loni_050731",Loni,Uttar_Pradesh,50731.0,Shipping
OR-05298,CUST-07513,"H.No._081
Lalla_Road
Bilaspur_493716",Bilaspur,Chhattisgarh,493716.0,Shipping
MP-05299,CUST-18467,"01/075
Shroff_Marg
Jodhpur-915622",Jodhpur,Rajasthan,915622.0,Billing
WB-05300,CUST-03122,"42/50
Kade_Circle
Naihati-487467",Naihati,West_Bengal,487467.0,"Billing,_Shipping"
MP-05301,CUST-16440,"53/073,_Suresh_Road,_Mau_158746",Mau,Uttar_Pradesh,158746.0,"Billing,_Shipping"
BR-05302,CUST-18022,"278
Mall_Ganj
Ballia-246572",Ballia,Uttar_Pradesh,246572.0,Shipping
OR-05303,CUST-11381,"811
Kari_Circle
Anantapur_359087",Anantapur,Andhra_Pradesh,359087.0,Billing
TS-05304,CUST-15848,"42/242,_Lad_Nagar
Ramagundam-121464",Ramagundam,Telangana,121464.0,"Billing,_Shipping"
TS-05305,CUST-16121,"65/17,_Bahri_Path,_Ramagundam-525890",Ramagundam,Telangana,525890.0,Billing
TS-05306,CUST-08310,"16/985,_Mander_Path
Ambala_896362",Ambala,Haryana,896362.0,"Billing,_Shipping"
CG-05307,CUST-11091,"H.No._20
Sastry_Zila
Malda_598872",Malda,West_Bengal,598872.0,Billing
DL-05308,CUST-12148,"467
Kala_Nagar
Delhi-052659",Delhi,Delhi_(Union_Territory),52659.0,Shipping
MH-05309,CUST-16222,"43/076,_Chandran_Zila,_Karnal-081572",Karnal,Haryana,81572.0,"Billing,_Shipping"
TS-05310,CUST-00033,"61/55,_Chanda_Road,_Ramagundam_731698",Ramagundam,Telangana,731698.0,"Billing,_Shipping"
MP-05311,CUST-03772,"33/607,_Hayer_Street
Mau-697919",Mau,Uttar_Pradesh,697919.0,Shipping
UP-05312,CUST-17846,"04,_Shere_Marg
Burhanpur_709902",Burhanpur,Madhya_Pradesh,709902.0,"Billing,_Shipping"
AP-05313,CUST-01467,"325,_Master_Chowk
Srikakulam-879888",Srikakulam,Andhra_Pradesh,879888.0,Shipping
TS-05314,CUST-06878,"633,_Saran_Marg
Ramagundam-771173",Ramagundam,Telangana,771173.0,Billing
TN-05315,CUST-02578,"01/223,_Mannan_Zila,_Pali_389612",Pali,Rajasthan,389612.0,Shipping
GJ-05316,CUST-07836,"645
Khalsa
Jabalpur-689695",Jabalpur,Madhya_Pradesh,689695.0,"Billing,_Shipping"
JH-05317,CUST-07698,"731,_Jayaraman_Path,_Phusro_949891",Phusro,Jharkhand,949891.0,Shipping
MP-05318,CUST-10480,"601,_Goswami_Nagar,_Unnao_193462",Unnao,Uttar_Pradesh,193462.0,Billing
GJ-05319,CUST-14918,"H.No._93,_Mammen_Marg
Vadodara-083311",Vadodara,Gujarat,83311.0,Shipping
MP-05320,CUST-00686,"H.No._49,_Jayaraman_Zila
Jalandhar-470325",Jalandhar,Punjab,470325.0,"Billing,_Shipping"
OR-05321,CUST-16160,"28/11,_Shere
Bijapur_154568",Bijapur,Karnataka,154568.0,"Billing,_Shipping"
TS-05322,CUST-14538,"H.No._21
Lall_Road
Proddatur-256226",Proddatur,Andhra_Pradesh,256226.0,"Billing,_Shipping"
TN-05323,CUST-08322,"99,_Golla_Marg
Salem-675082",Salem,Tamil_Nadu,675082.0,"Billing,_Shipping"
UP-05324,CUST-02121,"14/10
Agate_Chowk
Bhagalpur_478960",Bhagalpur,Bihar,478960.0,"Billing,_Shipping"
WB-05325,CUST-14106,"25/329,_Joshi_Path,_Madhyamgram_699892",Madhyamgram,West_Bengal,699892.0,"Billing,_Shipping"
MP-05326,CUST-11577,"H.No._93,_Tripathi_Circle,_Kota-292800",Kota,Rajasthan,292800.0,Shipping
UP-05327,CUST-17767,"H.No._10
Wagle_Zila
Sambhal-002458",Sambhal,Uttar_Pradesh,2458.0,Billing
AP-05328,CUST-03227,"36,_Wali
Dharmavaram_024975",Dharmavaram,Andhra_Pradesh,24975.0,Shipping
KL-05329,CUST-15570,"63/42,_Suri_Circle
Kollam-235592",Kollam,Kerala,235592.0,Billing
OR-05330,CUST-08325,"H.No._053,_Sidhu_Chowk,_Bilaspur-620019",Bilaspur,Chhattisgarh,620019.0,"Billing,_Shipping"
MP-05331,CUST-01964,"H.No._035,_Soni_Nagar
Dehri_754557",Dehri,Bihar,754557.0,"Billing,_Shipping"
MP-05332,CUST-16903,"H.No._110,_Rege_Marg,_Jalandhar_862125",Jalandhar,Punjab,862125.0,Shipping
WB-05333,CUST-16773,"97/441
Golla_Chowk
Kulti_824617",Kulti,West_Bengal,824617.0,Shipping
MP-05334,CUST-18180,"H.No._78,_Vora_Circle,_Gorakhpur-644022",Gorakhpur,Uttar_Pradesh,644022.0,Shipping
UP-05335,CUST-09419,"15/869,_Krish_Chowk,_Burhanpur_420618",Burhanpur,Madhya_Pradesh,420618.0,Shipping
AP-05336,CUST-07952,"461,_Ratti_Nagar,_Anantapuram_234177",Anantapuram,Andhra_Pradesh,234177.0,Billing
WB-05337,CUST-13762,"49/783,_Dara,_Bhatpara-423007",Bhatpara,West_Bengal,423007.0,"Billing,_Shipping"
GJ-05338,CUST-17380,"H.No._276
Vyas_Chowk
Allahabad-132435",Allahabad,Uttar_Pradesh,132435.0,Shipping
JH-05339,CUST-14817,"H.No._657,_Kuruvilla_Ganj,_Phusro_248543",Phusro,Jharkhand,248543.0,"Billing,_Shipping"
AP-05340,CUST-08503,"46
Choudhary_Zila
Jammu-927837",Jammu,Jammu_and_Kashmir,927837.0,"Billing,_Shipping"
JH-05341,CUST-16970,"26/636,_Bajaj_Zila
Mango-734442",Mango,Jharkhand,734442.0,Shipping
OR-05342,CUST-19028,"947
Subramanian_Circle
Bijapur-106434",Bijapur,Karnataka,106434.0,Shipping
MP-05343,CUST-08613,"36/125,_Chander_Path,_Jodhpur_607845",Jodhpur,Rajasthan,607845.0,Billing
TR-05344,CUST-11346,"50/88
Kar_Zila
Durgapur-671312",Durgapur,West_Bengal,671312.0,Billing
UP-05345,CUST-10492,"H.No._41,_Kibe_Nagar
Gurgaon_396274",Gurgaon,Haryana,396274.0,"Billing,_Shipping"
TS-05346,CUST-19117,"61/858,_Sundaram_Zila,_Ramagundam_335763",Ramagundam,Telangana,335763.0,Shipping
WB-05347,CUST-11478,"73,_Arora_Circle,_Naihati_329267",Naihati,West_Bengal,329267.0,"Billing,_Shipping"
WB-05348,CUST-07518,"H.No._64,_Loyal_Ganj,_Bally-537284",Bally,West_Bengal,537284.0,Shipping
TS-05349,CUST-04993,"37/666
Ramanathan_Ganj
Ramagundam-062826",Ramagundam,Telangana,62826.0,"Billing,_Shipping"
UP-05350,CUST-17915,"H.No._72,_Ramakrishnan_Road
Gurgaon-480830",Gurgaon,Haryana,480830.0,"Billing,_Shipping"
TN-05351,CUST-17333,"632
Kari_Path
Tiruppur-810729",Tiruppur,Tamil_Nadu,810729.0,"Billing,_Shipping"
MP-05352,CUST-12139,"628,_Balay_Ganj,_Kota-496420",Kota,Rajasthan,496420.0,Billing
KA-05353,CUST-06740,"51
Gour_Path
Amaravati-584957",Amaravati,Andhra_Pradesh,584957.0,Shipping
HR-05354,CUST-08833,"409,_Kohli_Street,_Bikaner_829859",Bikaner,Rajasthan,829859.0,"Billing,_Shipping"
KA-05355,CUST-11155,"756,_Talwar_Street
Mangalore-168082",Mangalore,Karnataka,168082.0,Billing
UP-05356,CUST-18206,"H.No._87,_Balay_Chowk
Shahjahanpur-129245",Shahjahanpur,Uttar_Pradesh,129245.0,Billing
KA-05357,CUST-03130,"H.No._569,_Gera_Zila
Hosur-667556",Hosur,Tamil_Nadu,667556.0,Shipping
TS-05358,CUST-05609,"H.No._60,_Borde_Street
Sirsa-603768",Sirsa,Haryana,603768.0,Billing
MP-05359,CUST-14872,"00/72,_Chauhan_Path,_Mau-026603",Mau,Uttar_Pradesh,26603.0,Billing
MP-05361,CUST-19535,"676,_Ganguly_Zila
Jhansi_676083",Jhansi,Uttar_Pradesh,676083.0,Billing
AP-05362,CUST-13517,"772,_Upadhyay_Ganj
Anantapuram_597065",Anantapuram,Andhra_Pradesh,597065.0,"Billing,_Shipping"
UP-05363,CUST-09794,"H.No._007
Butala_Circle
Raipur_636001",Raipur,Chhattisgarh,636001.0,"Billing,_Shipping"
UK-05364,CUST-08010,"H.No._70,_Vohra_Circle
Shivpuri_656460",Shivpuri,Madhya_Pradesh,656460.0,"Billing,_Shipping"
AP-05365,CUST-04441,"221,_Barman_Road,_Anantapuram_413895",Anantapuram,Andhra_Pradesh,413895.0,"Billing,_Shipping"
KA-05366,CUST-18419,"00/511,_Kibe_Road,_Tumkur_531613",Tumkur,Karnataka,531613.0,"Billing,_Shipping"
MP-05367,CUST-04983,"522,_Kumar_Zila
Jalandhar_512207",Jalandhar,Punjab,512207.0,Billing
MP-05368,CUST-10933,"188
Doctor
Jhansi_833068",Jhansi,Uttar_Pradesh,833068.0,Shipping
TS-05369,CUST-12771,"13/96,_Dara_Zila,_Hindupur-794519",Hindupur,Andhra_Pradesh,794519.0,Billing
UP-05370,CUST-10907,"H.No._55
Tella
Muzaffarpur_733437",Muzaffarpur,Bihar,733437.0,"Billing,_Shipping"
GJ-05371,CUST-10902,"603,_Suresh_Street
Hajipur-315045",Hajipur,Bihar,315045.0,Billing
JH-05372,CUST-11291,"04/974,_Deshpande_Street
Phusro_794476",Phusro,Jharkhand,794476.0,"Billing,_Shipping"
UK-05373,CUST-18027,"53/473
Arora_Circle
Jalna_534076",Jalna,Maharashtra,534076.0,Shipping
OR-05374,CUST-17696,"H.No._093,_Vora_Circle
Anantapur-507314",Anantapur,Andhra_Pradesh,507314.0,Billing
WB-05376,CUST-00877,"H.No._25,_Loyal_Ganj
Madhyamgram_348982",Madhyamgram,West_Bengal,348982.0,Billing
KA-05377,CUST-01352,"59/210
Dyal_Circle
Hospet_315003",Hospet,Karnataka,315003.0,"Billing,_Shipping"
KA-05378,CUST-12685,"H.No._26
Doctor_Circle
Solapur-385811",Solapur,Maharashtra,385811.0,Billing
GJ-05379,CUST-18977,"14
Kapoor_Marg
Gandhidham-940335",Gandhidham,Gujarat,940335.0,Shipping
UP-05380,CUST-13812,"58/88
Lanka_Circle
Burhanpur-652937",Burhanpur,Madhya_Pradesh,652937.0,Billing
TS-05381,CUST-14742,"H.No._13
Lal_Path
Ambala_220307",Ambala,Haryana,220307.0,Shipping
TS-05382,CUST-10235,"58,_Bajaj_Chowk
Dindigul_116387",Dindigul,Tamil_Nadu,116387.0,Shipping
MP-05383,CUST-14169,"717,_Agarwal_Marg
Mau_342212",Mau,Uttar_Pradesh,342212.0,"Billing,_Shipping"
MP-05384,CUST-00489,"58,_Dass_Road,_Kota-040108",Kota,Rajasthan,40108.0,"Billing,_Shipping"
AP-05385,CUST-13568,"01/08,_Rana_Circle
Anantapuram-110337",Anantapuram,Andhra_Pradesh,110337.0,Shipping
HR-05386,CUST-08236,"23,_Grewal_Nagar
Aurangabad-815839",Aurangabad,Maharashtra,815839.0,Shipping
GJ-05387,CUST-16317,"02/81,_Gopal_Chowk
Ajmer_115872",Ajmer,Rajasthan,115872.0,Billing
OR-05388,CUST-11253,"H.No._848,_Kala_Path
Kanpur_837848",Kanpur,Uttar_Pradesh,837848.0,Billing
AP-05389,CUST-17306,"H.No._703
Kadakia_Nagar
Srikakulam_583211",Srikakulam,Andhra_Pradesh,583211.0,Shipping
JH-05390,CUST-10979,"47,_Kaur_Chowk,_Mango_793052",Mango,Jharkhand,793052.0,Shipping
TS-05391,CUST-05706,"H.No._341
Gera_Road
Nizamabad_990470",Nizamabad,Telangana,990470.0,Billing
MP-05392,CUST-07060,"H.No._341
Gopal_Road
Jalandhar_959109",Jalandhar,Punjab,959109.0,Billing
BR-05393,CUST-14373,"H.No._227,_Goda_Nagar,_Buxar_985106",Buxar,Bihar,985106.0,Shipping
RJ-05394,CUST-18057,"42/16,_Gupta_Circle
Rajkot_180065",Rajkot,Gujarat,180065.0,Shipping
KA-05395,CUST-12202,"12
Raj_Road
Tumkur-043675",Tumkur,Karnataka,43675.0,"Billing,_Shipping"
HP-05396,CUST-15862,"109
Kadakia_Road
Udaipur-519568",Udaipur,Rajasthan,519568.0,Billing
WB-05397,CUST-16007,"H.No._985,_Raj_Street,_Kamarhati-941331",Kamarhati,West_Bengal,941331.0,"Billing,_Shipping"
WB-05398,CUST-00253,"H.No._482,_Lata_Zila,_Baranagar_727141",Baranagar,West_Bengal,727141.0,"Billing,_Shipping"
RJ-05399,CUST-05400,"H.No._605,_Sridhar_Zila,_Rajkot-036594",Rajkot,Gujarat,36594.0,"Billing,_Shipping"
AP-05400,CUST-03783,"H.No._915
Aggarwal_Circle
Bhimavaram-236410",Bhimavaram,Andhra_Pradesh,236410.0,Billing
UP-05401,CUST-02306,"171,_Salvi_Street
Karimnagar-795333",Karimnagar,Telangana,795333.0,Shipping
TN-05402,CUST-08721,"70
Wason_Zila
Pallavaram-464271",Pallavaram,Tamil_Nadu,464271.0,Billing
UP-05403,CUST-15561,"H.No._27,_Samra_Circle,_Chapra_459089",Chapra,Bihar,459089.0,"Billing,_Shipping"
KA-05404,CUST-00086,"218,_Dara_Marg,_Tumkur_551416",Tumkur,Karnataka,551416.0,"Billing,_Shipping"
GJ-05405,CUST-18348,"975
Kalla_Marg
Hajipur_486153",Hajipur,Bihar,486153.0,Shipping
CG-05406,CUST-04541,"34/67,_Ram_Marg,_Nagpur_733290",Nagpur,Maharashtra,733290.0,Billing
MH-05407,CUST-12816,"H.No._63
Chopra_Nagar
Loni_271162",Loni,Uttar_Pradesh,271162.0,Billing
AS-05408,CUST-06137,"795
Kadakia_Marg
Bongaigaon_455760",Bongaigaon,Assam,455760.0,Shipping
UP-05409,CUST-12995,"638,_Gera
Gurgaon-006984",Gurgaon,Haryana,6984.0,Shipping
OR-05410,CUST-04140,"H.No._71
Chadha_Chowk
Bijapur-213625",Bijapur,Karnataka,213625.0,Shipping
GJ-05411,CUST-09769,"H.No._71,_Manne_Circle
Kavali-764487",Kavali,Andhra_Pradesh,764487.0,"Billing,_Shipping"
MP-05412,CUST-02277,"700,_Chahal_Zila,_Mau-576854",Mau,Uttar_Pradesh,576854.0,Shipping
BR-05413,CUST-19612,"86
Agate_Marg
Purnia_297979",Purnia,Bihar,297979.0,Shipping
WB-05414,CUST-14328,"07/64,_Mani_Road,_Panihati_427633",Panihati,West_Bengal,427633.0,Billing
OR-05415,CUST-01279,"85/48,_Manne_Path,_Kanpur-822270",Kanpur,Uttar_Pradesh,822270.0,Billing
TS-05416,CUST-19050,"40,_Rajan_Path
Dindigul-593098",Dindigul,Tamil_Nadu,593098.0,"Billing,_Shipping"
GJ-05417,CUST-17309,"82/10,_Behl_Path
Jabalpur_308905",Jabalpur,Madhya_Pradesh,308905.0,"Billing,_Shipping"
GJ-05418,CUST-15918,"H.No._50,_Desai_Street
Hajipur_245367",Hajipur,Bihar,245367.0,Shipping
GJ-05419,CUST-09174,"90/48,_Balan_Marg,_Jabalpur_207245",Jabalpur,Madhya_Pradesh,207245.0,Shipping
BR-05420,CUST-17396,"36/255,_Sood_Nagar,_Ballia-055443",Ballia,Uttar_Pradesh,55443.0,Shipping
UK-05421,CUST-02739,"H.No._75,_Doctor_Zila
Shivpuri_752153",Shivpuri,Madhya_Pradesh,752153.0,Shipping
MP-05422,CUST-19126,"H.No._242,_Dugar,_Kishanganj-877255",Kishanganj,Bihar,877255.0,"Billing,_Shipping"
UP-05423,CUST-19972,"H.No._767,_Agate_Ganj,_Burhanpur_078354",Burhanpur,Madhya_Pradesh,78354.0,"Billing,_Shipping"
KA-05424,CUST-12764,"H.No._72
Hegde_Road
Tumkur-434072",Tumkur,Karnataka,434072.0,Billing
UP-05425,CUST-11985,"198,_Bera_Circle,_Bhagalpur-363042",Bhagalpur,Bihar,363042.0,Billing
HR-05426,CUST-12206,"H.No._43,_Gulati_Street
Bikaner_909865",Bikaner,Rajasthan,909865.0,Shipping
UP-05427,CUST-02465,"79/25
Jhaveri_Street
Jamalpur-425424",Jamalpur,Bihar,425424.0,Billing
GJ-05428,CUST-10757,"H.No._147
Rana_Path
Vadodara-187157",Vadodara,Gujarat,187157.0,Billing
WB-05429,CUST-15641,"H.No._53,_Bali_Chowk
Madhyamgram-798825",Madhyamgram,West_Bengal,798825.0,Billing
GJ-05430,CUST-15891,"40/767
Chaudhry_Street
Gandhidham-921345",Gandhidham,Gujarat,921345.0,Billing
MP-05431,CUST-11479,"363,_Bhatnagar_Path
Jhansi-977162",Jhansi,Uttar_Pradesh,977162.0,"Billing,_Shipping"
HR-05432,CUST-04836,"610
Dugal_Street
Aurangabad-229276",Aurangabad,Maharashtra,229276.0,"Billing,_Shipping"
MP-05433,CUST-05952,"H.No._08,_Vala_Road,_Jalandhar-488317",Jalandhar,Punjab,488317.0,"Billing,_Shipping"
KA-05434,CUST-18816,"H.No._73
Khurana_Circle
Mangalore_409227",Mangalore,Karnataka,409227.0,"Billing,_Shipping"
AS-05435,CUST-14794,"26/679,_D’Alia_Marg,_Nagaon-960483",Nagaon,Assam,960483.0,"Billing,_Shipping"
DL-05436,CUST-11673,"96,_Sethi_Ganj,_Delhi-749280",Delhi,Delhi_(Union_Territory),749280.0,"Billing,_Shipping"
GJ-05437,CUST-06804,"39/94
Wagle_Road
Hajipur_149845",Hajipur,Bihar,149845.0,Billing
TN-05438,CUST-03195,"69/40,_Dhar
Pali-910589",Pali,Rajasthan,910589.0,"Billing,_Shipping"
MP-05439,CUST-00944,"H.No._98,_Madan_Road,_Jodhpur-598732",Jodhpur,Rajasthan,598732.0,"Billing,_Shipping"
MP-05441,CUST-12656,"64/19
Sengupta_Marg
Kota_039591",Kota,Rajasthan,39591.0,Billing
UP-05442,CUST-08437,"28/824,_Sabharwal_Chowk,_Raipur_900565",Raipur,Chhattisgarh,900565.0,"Billing,_Shipping"
UK-05443,CUST-04042,"83/077
Choudhary_Zila
Haridwar_660682",Haridwar,Uttarakhand,660682.0,"Billing,_Shipping"
WB-05445,CUST-19825,"H.No._990,_De_Ganj
Baranagar-315174",Baranagar,West_Bengal,315174.0,Shipping
KA-05446,CUST-17609,"78
Gulati_Path
Hosur_967393",Hosur,Tamil_Nadu,967393.0,"Billing,_Shipping"
RJ-05447,CUST-11128,"H.No._528,_Maharaj_Marg,_Akola-111367",Akola,Maharashtra,111367.0,Shipping
TS-05448,CUST-15118,"01
Hegde_Road
Sirsa_277665",Sirsa,Haryana,277665.0,"Billing,_Shipping"
DL-05449,CUST-19874,"H.No._277,_Sahota_Road,_Delhi-169845",Delhi,Delhi_(Union_Territory),169845.0,Shipping
MP-05450,CUST-18807,"H.No._81,_Behl_Path
Gopalpur_738303",Gopalpur,Odisha,738303.0,"Billing,_Shipping"
TS-05451,CUST-06839,"H.No._208,_Dhaliwal_Zila
Hindupur-590013",Hindupur,Andhra_Pradesh,590013.0,Billing
MP-05452,CUST-12216,"819,_Sem_Chowk
Unnao_572050",Unnao,Uttar_Pradesh,572050.0,Billing
AP-05453,CUST-19074,"H.No._453,_Dora_Street,_Bhimavaram-074882",Bhimavaram,Andhra_Pradesh,74882.0,Shipping
TS-05454,CUST-00757,"560
Ray_Chowk
Dindigul-105429",Dindigul,Tamil_Nadu,105429.0,Billing
TN-05455,CUST-00533,"H.No._10,_Khurana_Zila
Chittoor-624048",Chittoor,Andhra_Pradesh,624048.0,Shipping
CG-05456,CUST-12476,"94/80,_Kumer_Chowk
Bhilai_567443",Bhilai,Chhattisgarh,567443.0,Shipping
OR-05457,CUST-19396,"81/968
Shenoy
Chandrapur_260840",Chandrapur,Maharashtra,260840.0,Billing
CG-05458,CUST-09406,"49/809
Ramakrishnan
Sambalpur_975286",Sambalpur,Odisha,975286.0,Shipping
MH-05459,CUST-07113,"39/65
Khatri_Circle
Malegaon_752589",Malegaon,Maharashtra,752589.0,Billing
TS-05460,CUST-11354,"81,_Kuruvilla_Path,_Srinagar_819889",Srinagar,Jammu_and_Kashmir,819889.0,Billing
AS-05461,CUST-08622,"92/61
Dugar
Nagaon-315059",Nagaon,Assam,315059.0,"Billing,_Shipping"
HR-05462,CUST-19277,"348,_Acharya_Zila,_Aurangabad-343332",Aurangabad,Maharashtra,343332.0,"Billing,_Shipping"
UP-05463,CUST-10560,"387,_Vohra_Chowk,_Ahmedabad_180003",Ahmedabad,Gujarat,180003.0,"Billing,_Shipping"
TN-05464,CUST-13288,"H.No._65
Deshpande_Road
Salem_278135",Salem,Tamil_Nadu,278135.0,Shipping
KA-05465,CUST-18648,"55/935
Bali_Road
Solapur_703294",Solapur,Maharashtra,703294.0,Billing
MH-05466,CUST-05190,"828,_Setty_Marg,_Yamunanagar_200285",Yamunanagar,Haryana,200285.0,Shipping
MP-05467,CUST-01334,"H.No._330,_Randhawa_Marg,_Ramgarh_112893",Ramgarh,Jharkhand,112893.0,Shipping
UP-05468,CUST-15548,"H.No._02
Bhattacharyya_Marg
Firozabad_052879",Firozabad,Uttar_Pradesh,52879.0,Billing
UP-05469,CUST-12204,"69/88
Vyas_Nagar
Jamalpur-492302",Jamalpur,Bihar,492302.0,Billing
MP-05470,CUST-18771,"735,_Vaidya_Nagar
Agra_586870",Agra,Uttar_Pradesh,586870.0,"Billing,_Shipping"
KA-05471,CUST-04602,"737,_Singhal_Circle
Hospet_926852",Hospet,Karnataka,926852.0,"Billing,_Shipping"
KA-05472,CUST-11614,"H.No._507,_Atwal,_Solapur_567404",Solapur,Maharashtra,567404.0,"Billing,_Shipping"
UP-05473,CUST-17378,"685,_Dalal_Road,_Raiganj_955430",Raiganj,West_Bengal,955430.0,Billing
MP-05474,CUST-16519,"H.No._029,_Biswas,_Indore_786811",Indore,Madhya_Pradesh,786811.0,"Billing,_Shipping"
WB-05475,CUST-17535,"37/013
Gara_Ganj
Bally_537304",Bally,West_Bengal,537304.0,Shipping
UP-05476,CUST-18914,"12
Hora
Gurgaon-947178",Gurgaon,Haryana,947178.0,"Billing,_Shipping"
UP-05477,CUST-16209,"45/888,_Borde_Chowk
Gurgaon-571939",Gurgaon,Haryana,571939.0,"Billing,_Shipping"
WB-05478,CUST-10604,"H.No._85
Sandal_Marg
Aligarh-004951",Aligarh,Uttar_Pradesh,4951.0,"Billing,_Shipping"
WB-05480,CUST-15012,"76,_Chahal_Circle
Bhatpara_089752",Bhatpara,West_Bengal,89752.0,Billing
TN-05481,CUST-06426,"H.No._208,_Sathe_Ganj
Tiruppur_768008",Tiruppur,Tamil_Nadu,768008.0,Shipping
AP-05482,CUST-05310,"404
Magar_Street
Gudivada_382851",Gudivada,Andhra_Pradesh,382851.0,Shipping
BR-05483,CUST-02936,"H.No._698,_Shetty_Zila
Ballia-216229",Ballia,Uttar_Pradesh,216229.0,Shipping
RJ-05484,CUST-12944,"296,_Sachdev
Fatehpur-698675",Fatehpur,Uttar_Pradesh,698675.0,Billing
TN-05485,CUST-14277,"20/65,_Comar_Zila
Tiruvottiyur_811692",Tiruvottiyur,Tamil_Nadu,811692.0,"Billing,_Shipping"
TS-05486,CUST-06994,"96,_Bhatti_Nagar,_Dindigul-840022",Dindigul,Tamil_Nadu,840022.0,Billing
MP-05487,CUST-19149,"242,_Sunder_Chowk
Khandwa_436548",Khandwa,Madhya_Pradesh,436548.0,"Billing,_Shipping"
AS-05488,CUST-19255,"44
Savant_Street
Siliguri_150824",Siliguri,West_Bengal,150824.0,Billing
GJ-05489,CUST-04548,"H.No._228
Iyer
Hajipur_937540",Hajipur,Bihar,937540.0,Billing
CG-05490,CUST-07628,"H.No._866,_Krishnan_Ganj,_Sagar_889157",Sagar,Madhya_Pradesh,889157.0,Billing
OR-05491,CUST-01147,"H.No._54
De_Zila
Kanpur_899752",Kanpur,Uttar_Pradesh,899752.0,Billing
UK-05492,CUST-15391,"H.No._538
Chander_Marg
Haridwar-366197",Haridwar,Uttarakhand,366197.0,"Billing,_Shipping"
GJ-05493,CUST-18375,"78/414,_Sarna_Circle,_Ajmer_450128",Ajmer,Rajasthan,450128.0,Shipping
MP-05494,CUST-12517,"H.No._87
Garde_Ganj
Ramgarh_159487",Ramgarh,Jharkhand,159487.0,"Billing,_Shipping"
TS-05495,CUST-04364,"156
Raju_Circle
Dindigul-755560",Dindigul,Tamil_Nadu,755560.0,Billing
GJ-05496,CUST-15684,"28/456
Subramanian_Path
Jabalpur_289902",Jabalpur,Madhya_Pradesh,289902.0,"Billing,_Shipping"
TN-05497,CUST-19973,"04
Acharya_Path
Pallavaram-717033",Pallavaram,Tamil_Nadu,717033.0,"Billing,_Shipping"
MP-05498,CUST-00891,"H.No._49,_Sahota_Marg
Unnao-205064",Unnao,Uttar_Pradesh,205064.0,Billing
KA-05499,CUST-12032,"44
Kari_Marg
Hosur-130728",Hosur,Tamil_Nadu,130728.0,"Billing,_Shipping"
OR-05500,CUST-17656,"46/53,_Chaudhary
Chandrapur-704043",Chandrapur,Maharashtra,704043.0,Billing
KA-05501,CUST-08769,"H.No._40,_Goel_Ganj,_Hospet_623849",Hospet,Karnataka,623849.0,Shipping
AP-05502,CUST-17081,"082,_Rajagopal_Path,_Jammu-534672",Jammu,Jammu_and_Kashmir,534672.0,"Billing,_Shipping"
AS-05503,CUST-19332,"H.No._559,_Dhar_Chowk,_Bongaigaon-507152",Bongaigaon,Assam,507152.0,"Billing,_Shipping"
CG-05504,CUST-10664,"641,_Chaudhry_Circle
Sagar-000205",Sagar,Madhya_Pradesh,205.0,"Billing,_Shipping"
WB-05505,CUST-12334,"75/955
Dhar_Path
Kamarhati_235784",Kamarhati,West_Bengal,235784.0,"Billing,_Shipping"
JH-05506,CUST-10018,"301,_Bandi_Nagar
Mango_122007",Mango,Jharkhand,122007.0,"Billing,_Shipping"
CG-05507,CUST-19653,"44/67,_Kadakia_Nagar
Bhilai-178164",Bhilai,Chhattisgarh,178164.0,Billing
TN-05508,CUST-10348,"725,_Vora_Ganj,_Tiruppur_573509",Tiruppur,Tamil_Nadu,573509.0,Billing
MP-05509,CUST-05103,"579,_Gola_Street,_Jalandhar_315375",Jalandhar,Punjab,315375.0,Shipping
MH-05511,CUST-12676,"71/561
Rajan_Street
Rampur_161338",Rampur,Uttar_Pradesh,161338.0,Billing
CG-05512,CUST-17110,"H.No._19,_Dasgupta_Ganj
Malda_840783",Malda,West_Bengal,840783.0,Billing
TS-05513,CUST-13688,"29/372
Issac_Road
Sirsa-812157",Sirsa,Haryana,812157.0,"Billing,_Shipping"
MH-05514,CUST-03615,"H.No._869,_Samra_Street,_Rampur-546761",Rampur,Uttar_Pradesh,546761.0,Billing
TN-05515,CUST-12957,"528
Brar_Road
Gandhinagar_996041",Gandhinagar,Gujarat,996041.0,Shipping
WB-05516,CUST-14341,"19,_Arora_Ganj,_Arrah_210413",Arrah,Bihar,210413.0,"Billing,_Shipping"
MH-05517,CUST-04361,"16/961,_Thakur_Circle
Rampur_920834",Rampur,Uttar_Pradesh,920834.0,Shipping
WB-05518,CUST-19387,"66/743
Zacharia_Street
Arrah-335657",Arrah,Bihar,335657.0,Billing
TR-05519,CUST-18757,"46
Dasgupta_Path
Chandigarh-028420",Chandigarh,Chandigarh_(Union_Territory),28420.0,Shipping
UP-05520,CUST-09279,"H.No._404
Dara_Nagar
Karimnagar-446280",Karimnagar,Telangana,446280.0,"Billing,_Shipping"
OR-05521,CUST-12803,"H.No._465,_Bhandari_Circle
Danapur_564827",Danapur,Bihar,564827.0,Billing
HR-05522,CUST-19808,"H.No._88,_Agarwal
Siwan_323112",Siwan,Bihar,323112.0,"Billing,_Shipping"
TN-05523,CUST-16405,"99/52,_Saran_Street
Gandhinagar_854199",Gandhinagar,Gujarat,854199.0,Billing
OR-05524,CUST-04026,"542
Johal_Marg
Berhampur_794840",Berhampur,Odisha,794840.0,"Billing,_Shipping"
RJ-05525,CUST-13514,"96/10,_Dora_Path,_Akola-089062",Akola,Maharashtra,89062.0,Billing
MH-05526,CUST-12905,"942
Bansal_Nagar
Karnal-610091",Karnal,Haryana,610091.0,Billing
DL-05527,CUST-10039,"H.No._65
Sethi
Delhi_148212",Delhi,Delhi_(Union_Territory),148212.0,Shipping
WB-05528,CUST-18602,"35
Vasa
Kulti_762582",Kulti,West_Bengal,762582.0,"Billing,_Shipping"
UP-05529,CUST-03788,"924,_Sarma_Ganj,_Firozabad_831028",Firozabad,Uttar_Pradesh,831028.0,Billing
UP-05530,CUST-12120,"H.No._766
Zachariah_Circle
Chapra-465379",Chapra,Bihar,465379.0,Shipping
UP-05531,CUST-16380,"48/95,_Sama,_Bhagalpur_758669",Bhagalpur,Bihar,758669.0,Shipping
TS-05532,CUST-11697,"467
Vyas_Marg
Nizamabad-997275",Nizamabad,Telangana,997275.0,Billing
AS-05533,CUST-18796,"H.No._890,_Dani_Marg,_Siliguri_886850",Siliguri,West_Bengal,886850.0,Shipping
MH-05534,CUST-07498,"73/990
Biswas_Zila
Rampur-840330",Rampur,Uttar_Pradesh,840330.0,Shipping
WB-05535,CUST-16661,"H.No._160,_Chaudhry,_Bally-710080",Bally,West_Bengal,710080.0,"Billing,_Shipping"
OR-05537,CUST-10590,"H.No._128
Wali_Ganj
Danapur_605037",Danapur,Bihar,605037.0,Billing
MP-05538,CUST-18905,"73/73,_Rao_Street,_Kota-593305",Kota,Rajasthan,593305.0,"Billing,_Shipping"
MP-05539,CUST-00828,"68,_Deo_Path
Jalandhar_992751",Jalandhar,Punjab,992751.0,Shipping
MP-05540,CUST-02870,"06,_Shetty,_Kishanganj-023170",Kishanganj,Bihar,23170.0,Billing
GJ-05541,CUST-00181,"H.No._504,_Char_Zila,_Allahabad_895065",Allahabad,Uttar_Pradesh,895065.0,"Billing,_Shipping"
BR-05542,CUST-01878,"98/94
Soman_Path
Jaipur_114776",Jaipur,Rajasthan,114776.0,Billing
UK-05543,CUST-03341,"82/14
Dhillon_Marg
Haridwar_920383",Haridwar,Uttarakhand,920383.0,"Billing,_Shipping"
CG-05544,CUST-14361,"171,_Mani_Ganj
Sambalpur-653483",Sambalpur,Odisha,653483.0,"Billing,_Shipping"
MP-05545,CUST-13400,"35/482,_Sahota_Circle
Indore-310934",Indore,Madhya_Pradesh,310934.0,Shipping
TN-05546,CUST-07854,"561,_Sha_Nagar
Gandhinagar_268250",Gandhinagar,Gujarat,268250.0,Shipping
UP-05547,CUST-19450,"543,_Cherian_Path,_Ahmedabad_519740",Ahmedabad,Gujarat,519740.0,Billing
MH-05548,CUST-13824,"36,_Lalla_Chowk
Yamunanagar-296427",Yamunanagar,Haryana,296427.0,Billing
WB-05549,CUST-15395,"169
Kota_Chowk
Kamarhati-098803",Kamarhati,West_Bengal,98803.0,"Billing,_Shipping"
UP-05550,CUST-19872,"23/321,_Hans_Circle,_Karimnagar-796087",Karimnagar,Telangana,796087.0,Shipping
UP-05551,CUST-18520,"667,_Dhingra,_Bhagalpur-003961",Bhagalpur,Bihar,3961.0,Shipping
MH-05552,CUST-18931,"412
Chahal_Circle
Guntur-653241",Guntur,Andhra_Pradesh,653241.0,Shipping
UP-05553,CUST-12198,"976,_Gokhale_Marg
Ahmedabad-407174",Ahmedabad,Gujarat,407174.0,Shipping
CG-05554,CUST-16275,"08/98,_Buch_Road
Sambalpur-136702",Sambalpur,Odisha,136702.0,Shipping
CG-05555,CUST-17127,"29/80,_Chaudhary_Street,_Nagpur-374072",Nagpur,Maharashtra,374072.0,Billing
BR-05556,CUST-16617,"56/198
Luthra_Path
Buxar-774978",Buxar,Bihar,774978.0,Billing
WB-05557,CUST-17436,"H.No._067
Wali_Street
Uluberia-233854",Uluberia,West_Bengal,233854.0,"Billing,_Shipping"
OR-05558,CUST-13515,"02,_Gaba_Circle,_Kanpur_747431",Kanpur,Uttar_Pradesh,747431.0,Billing
MH-05559,CUST-02769,"594
Sibal_Marg
Loni_628356",Loni,Uttar_Pradesh,628356.0,"Billing,_Shipping"
BR-05560,CUST-11629,"910,_Khalsa_Road,_Munger-268150",Munger,Bihar,268150.0,Billing
AS-05561,CUST-15669,"H.No._775,_Mander_Zila,_Siliguri-813068",Siliguri,West_Bengal,813068.0,Billing
MP-05562,CUST-13582,"40/726,_Mammen_Zila,_Gopalpur_620170",Gopalpur,Odisha,620170.0,"Billing,_Shipping"
TS-05563,CUST-07659,"14/95
Kapadia_Circle
Ambala-354588",Ambala,Haryana,354588.0,"Billing,_Shipping"
AP-05564,CUST-14697,"H.No._115
Roy_Ganj
Srikakulam_534694",Srikakulam,Andhra_Pradesh,534694.0,Billing
OR-05565,CUST-13103,"70/86,_Din_Ganj,_Berhampur-559264",Berhampur,Odisha,559264.0,Shipping
OR-05566,CUST-09032,"72/790,_Comar_Chowk
Bijapur-427795",Bijapur,Karnataka,427795.0,Billing
UP-05567,CUST-12065,"504,_Roy_Chowk
Burhanpur_986025",Burhanpur,Madhya_Pradesh,986025.0,Shipping
AP-05568,CUST-19787,"905
Bajaj_Zila
Anantapuram_004357",Anantapuram,Andhra_Pradesh,4357.0,"Billing,_Shipping"
OR-05569,CUST-18591,"H.No._299,_Krish
Patna_012591",Patna,Bihar,12591.0,Shipping
BR-05570,CUST-08855,"H.No._62,_Baral_Marg,_Buxar-419660",Buxar,Bihar,419660.0,Shipping
AP-05571,CUST-16506,"664,_Contractor_Chowk
Bhimavaram_086822",Bhimavaram,Andhra_Pradesh,86822.0,Billing
OR-05572,CUST-05372,"491
Agrawal_Path
Haldia_169184",Haldia,West_Bengal,169184.0,Shipping
MP-05573,CUST-19280,"35/239
Dua_Chowk
Kishanganj_231313",Kishanganj,Bihar,231313.0,Billing
MP-05574,CUST-16572,"75/983
Devi_Road
Jodhpur-863716",Jodhpur,Rajasthan,863716.0,"Billing,_Shipping"
TR-05575,CUST-10212,"H.No._296
Ganesh_Road
Chandigarh-892635",Chandigarh,Chandigarh_(Union_Territory),892635.0,Billing
UP-05576,CUST-02923,"55,_Rau_Path,_Jamalpur_540102",Jamalpur,Bihar,540102.0,Billing
BR-05577,CUST-14826,"18,_Gupta_Path
Purnia-258095",Purnia,Bihar,258095.0,"Billing,_Shipping"
CG-05578,CUST-09605,"H.No._91,_Kant_Chowk
Sagar_821970",Sagar,Madhya_Pradesh,821970.0,Billing
WB-05579,CUST-17027,"H.No._173,_Malhotra_Road
Naihati_858837",Naihati,West_Bengal,858837.0,Billing
HR-05580,CUST-01954,"026
Sharma_Street
Bikaner_179654",Bikaner,Rajasthan,179654.0,Billing
TN-05581,CUST-15804,"96/37,_Ahluwalia_Ganj
Tiruvottiyur-522435",Tiruvottiyur,Tamil_Nadu,522435.0,Billing
TN-05582,CUST-17932,"H.No._508,_Raman_Road
Pali-518356",Pali,Rajasthan,518356.0,Shipping
MP-05583,CUST-17508,"79,_Banerjee_Ganj,_Jalandhar_270981",Jalandhar,Punjab,270981.0,Shipping
WB-05584,CUST-16466,"28/856
Devan_Ganj
Kamarhati_654163",Kamarhati,West_Bengal,654163.0,Billing
KA-05585,CUST-15165,"H.No._71
Kanda_Zila
Hospet_966754",Hospet,Karnataka,966754.0,Shipping
TS-05586,CUST-13720,"H.No._15
Kapoor_Street
Srinagar_900401",Srinagar,Jammu_and_Kashmir,900401.0,"Billing,_Shipping"
WB-05587,CUST-07582,"122,_Comar_Nagar,_Baranagar-297551",Baranagar,West_Bengal,297551.0,"Billing,_Shipping"
MP-05588,CUST-16119,"H.No._691,_Choudhury,_Kishanganj-032366",Kishanganj,Bihar,32366.0,Shipping
OR-05589,CUST-10291,"H.No._05
Dutta_Nagar
Danapur_022570",Danapur,Bihar,22570.0,Shipping
TN-05590,CUST-06085,"334,_Bala_Zila
Chittoor_032952",Chittoor,Andhra_Pradesh,32952.0,Shipping
RJ-05591,CUST-17867,"18,_Bawa,_Fatehpur-672610",Fatehpur,Uttar_Pradesh,672610.0,"Billing,_Shipping"
UP-05592,CUST-17139,"H.No._659,_Bajaj
Burhanpur_635586",Burhanpur,Madhya_Pradesh,635586.0,Billing
MH-05594,CUST-03622,"H.No._082,_Batta_Chowk
Yamunanagar-644235",Yamunanagar,Haryana,644235.0,Shipping
TN-05595,CUST-16540,"H.No._99,_Loke_Street,_Gandhinagar-142552",Gandhinagar,Gujarat,142552.0,Billing
OR-05596,CUST-09322,"76/75
Jain_Nagar
Bijapur_098830",Bijapur,Karnataka,98830.0,"Billing,_Shipping"
OR-05597,CUST-06495,"26,_Char_Circle,_Berhampur-957498",Berhampur,Odisha,957498.0,Shipping
WB-05598,CUST-19440,"H.No._95,_Mander_Marg,_Panihati-989684",Panihati,West_Bengal,989684.0,Shipping
UP-05599,CUST-18510,"74,_Ganesh_Chowk,_Firozabad-178193",Firozabad,Uttar_Pradesh,178193.0,Shipping
TS-05600,CUST-07533,"H.No._61,_Shankar_Street,_Hindupur_407140",Hindupur,Andhra_Pradesh,407140.0,"Billing,_Shipping"
WB-05601,CUST-15260,"57/25
Dayal_Marg
Baranagar-550940",Baranagar,West_Bengal,550940.0,"Billing,_Shipping"
MP-05602,CUST-06469,"50/39,_Grewal
Agra-924076",Agra,Uttar_Pradesh,924076.0,Billing
GJ-05603,CUST-07481,"17/194,_Mall_Marg,_Vadodara_141903",Vadodara,Gujarat,141903.0,"Billing,_Shipping"
AP-05604,CUST-15264,"51/234,_Zachariah_Ganj,_Jammu_081928",Jammu,Jammu_and_Kashmir,81928.0,"Billing,_Shipping"
TN-05605,CUST-06567,"69,_Dara_Circle
Gandhinagar-284508",Gandhinagar,Gujarat,284508.0,Billing
WB-05606,CUST-14283,"H.No._12
Chowdhury_Road
Madhyamgram_142695",Madhyamgram,West_Bengal,142695.0,Shipping
WB-05607,CUST-10700,"H.No._644
Wali
Baranagar-247229",Baranagar,West_Bengal,247229.0,Shipping
MH-05608,CUST-09349,"H.No._489,_Varghese_Zila
Guntur-229854",Guntur,Andhra_Pradesh,229854.0,"Billing,_Shipping"
MP-05609,CUST-17599,"H.No._607
Devi_Circle
Agra_598652",Agra,Uttar_Pradesh,598652.0,"Billing,_Shipping"
TN-05610,CUST-19218,"H.No._11,_Dora_Street
Pallavaram_285884",Pallavaram,Tamil_Nadu,285884.0,Billing
HR-05611,CUST-13766,"H.No._30,_Batra_Circle
Aurangabad_833009",Aurangabad,Maharashtra,833009.0,Billing
WB-05612,CUST-17333,"H.No._15,_Gola_Zila
Bally-873901",Bally,West_Bengal,873901.0,Billing
UK-05613,CUST-19760,"297
Varkey_Marg
Haridwar-805901",Haridwar,Uttarakhand,805901.0,"Billing,_Shipping"
MP-05614,CUST-18771,"36/13,_Sanghvi_Zila
Indore_238623",Indore,Madhya_Pradesh,238623.0,"Billing,_Shipping"
UP-05615,CUST-02117,"873
Kumar_Nagar
Raipur_050766",Raipur,Chhattisgarh,50766.0,"Billing,_Shipping"
WB-05616,CUST-10187,"32/989
Bala_Chowk
Bally-729872",Bally,West_Bengal,729872.0,Billing
OR-05617,CUST-18425,"H.No._052,_Bhakta_Road
Haldia-498557",Haldia,West_Bengal,498557.0,"Billing,_Shipping"
WB-05618,CUST-15705,"H.No._596
Shanker_Road
Kulti_678017",Kulti,West_Bengal,678017.0,Shipping
UP-05619,CUST-16734,"315,_Badami_Zila
Raipur-358500",Raipur,Chhattisgarh,358500.0,Billing
TS-05620,CUST-10758,"66,_Lalla_Nagar,_Proddatur-661502",Proddatur,Andhra_Pradesh,661502.0,Billing
KA-05621,CUST-19445,"11/57,_Dugal_Path
Solapur_942793",Solapur,Maharashtra,942793.0,Shipping
OR-05622,CUST-18552,"608,_Dayal_Ganj,_Mathura-623867",Mathura,Uttar_Pradesh,623867.0,Shipping
WB-05623,CUST-19931,"48,_Lanka_Path,_Panihati-690570",Panihati,West_Bengal,690570.0,"Billing,_Shipping"
MH-05624,CUST-18042,"H.No._92,_Suri_Road
Guntur_925828",Guntur,Andhra_Pradesh,925828.0,Shipping
UP-05625,CUST-13930,"H.No._29,_Varkey_Street
Gurgaon-003701",Gurgaon,Haryana,3701.0,Billing
AP-05626,CUST-02450,"H.No._25,_Bose
Anantapuram-371414",Anantapuram,Andhra_Pradesh,371414.0,Shipping
HR-05627,CUST-14316,"H.No._38,_Bhakta_Ganj
Aurangabad_219873",Aurangabad,Maharashtra,219873.0,"Billing,_Shipping"
HP-05628,CUST-05338,"40/71
Chander_Street
Udaipur_978177",Udaipur,Rajasthan,978177.0,Shipping
AS-05629,CUST-19428,"51/571,_Swamy_Marg
Bongaigaon_203243",Bongaigaon,Assam,203243.0,Shipping
WB-05630,CUST-08497,"H.No._254,_Iyengar_Circle
Bidhannagar-419158",Bidhannagar,West_Bengal,419158.0,"Billing,_Shipping"
UP-05631,CUST-03728,"H.No._59,_Boase_Nagar,_Burhanpur-352944",Burhanpur,Madhya_Pradesh,352944.0,Billing
AP-05632,CUST-19242,"947
Rege_Ganj
Bhimavaram_297273",Bhimavaram,Andhra_Pradesh,297273.0,Billing
MH-05633,CUST-05721,"H.No._837,_Hans_Ganj
Bhiwandi-601346",Bhiwandi,Maharashtra,601346.0,Billing
OR-05634,CUST-08388,"551,_Kumar_Street,_Berhampur-241110",Berhampur,Odisha,241110.0,"Billing,_Shipping"
AP-05635,CUST-03320,"97/28,_Sodhi_Nagar
Anantapuram_116107",Anantapuram,Andhra_Pradesh,116107.0,Shipping
UP-05636,CUST-19777,"H.No._28,_Sabharwal_Marg,_Farrukhabad_401109",Farrukhabad,Uttar_Pradesh,401109.0,Billing
OR-05637,CUST-03116,"491,_Wagle_Road
Kanpur_510938",Kanpur,Uttar_Pradesh,510938.0,Billing
GJ-05638,CUST-04284,"H.No._50,_Sharaf_Path
Vadodara_605443",Vadodara,Gujarat,605443.0,Billing
WB-05639,CUST-12404,"03,_Kamdar_Circle,_Naihati-236402",Naihati,West_Bengal,236402.0,Shipping
UP-05640,CUST-16379,"H.No._91
Bains_Chowk
Farrukhabad-426572",Farrukhabad,Uttar_Pradesh,426572.0,"Billing,_Shipping"
JH-05641,CUST-12738,"25,_Badal_Ganj
Kharagpur-495762",Kharagpur,West_Bengal,495762.0,"Billing,_Shipping"
WB-05642,CUST-13014,"896,_Apte_Circle,_Kamarhati-254335",Kamarhati,West_Bengal,254335.0,Billing
TS-05643,CUST-11567,"76,_Chatterjee_Circle
Dindigul-792003",Dindigul,Tamil_Nadu,792003.0,"Billing,_Shipping"
CG-05644,CUST-16612,"H.No._477,_Dada_Road,_Malda-163936",Malda,West_Bengal,163936.0,"Billing,_Shipping"
GJ-05645,CUST-18443,"12/11,_Brahmbhatt_Zila,_Ajmer-991994",Ajmer,Rajasthan,991994.0,"Billing,_Shipping"
KA-05646,CUST-11213,"131,_Das_Ganj,_Tumkur_769776",Tumkur,Karnataka,769776.0,Billing
KL-05647,CUST-04273,"H.No._022,_Sekhon_Nagar
Kollam_073429",Kollam,Kerala,73429.0,"Billing,_Shipping"
WB-05648,CUST-19442,"06/121
Bumb_Zila
Bidhannagar_577443",Bidhannagar,West_Bengal,577443.0,"Billing,_Shipping"
MH-05649,CUST-17581,"91,_Babu_Path,_Malegaon_326009",Malegaon,Maharashtra,326009.0,Billing
UP-05650,CUST-19429,"01/67,_Ramakrishnan_Marg
Gurgaon-427746",Gurgaon,Haryana,427746.0,"Billing,_Shipping"
CG-05651,CUST-01216,"H.No._40,_Khurana_Ganj,_Sambalpur-753142",Sambalpur,Odisha,753142.0,Billing
JH-05652,CUST-16106,"31
Bumb_Chowk
Mango_754469",Mango,Jharkhand,754469.0,Billing
TR-05653,CUST-00782,"98/99,_Chauhan_Road
Chandigarh_112386",Chandigarh,Chandigarh_(Union_Territory),112386.0,Shipping
MP-05654,CUST-11248,"50/40,_Vig_Circle,_Dehri_509274",Dehri,Bihar,509274.0,Billing
TS-05655,CUST-01626,"H.No._038,_Chana_Circle,_Ramagundam_039954",Ramagundam,Telangana,39954.0,"Billing,_Shipping"
WB-05656,CUST-14915,"06/040
Bajwa_Circle
Arrah_965974",Arrah,Bihar,965974.0,Billing
UP-05657,CUST-10738,"04/652,_Rajagopalan_Ganj
Muzaffarpur_762676",Muzaffarpur,Bihar,762676.0,"Billing,_Shipping"
HR-05658,CUST-16149,"73,_Bhatti_Marg,_Aurangabad-015223",Aurangabad,Maharashtra,15223.0,Billing
TN-05659,CUST-11409,"24
Rege_Ganj
Pallavaram-924343",Pallavaram,Tamil_Nadu,924343.0,Shipping
MP-05660,CUST-19183,"H.No._65,_Ahluwalia_Road
Ramgarh-292894",Ramgarh,Jharkhand,292894.0,Shipping
MH-05661,CUST-14968,"H.No._87,_Comar_Chowk,_Nanded-566687",Nanded,Maharashtra,566687.0,Billing
AS-05662,CUST-18839,"H.No._48
Aggarwal_Street
Nagaon_348199",Nagaon,Assam,348199.0,Shipping
WB-05663,CUST-03456,"240,_Deol_Street
Baranagar-210936",Baranagar,West_Bengal,210936.0,Shipping
WB-05664,CUST-15947,"H.No._32
Sani_Road
Uluberia-854219",Uluberia,West_Bengal,854219.0,"Billing,_Shipping"
AP-05665,CUST-11596,"H.No._252,_Vasa_Zila
Srikakulam_555992",Srikakulam,Andhra_Pradesh,555992.0,Shipping
OR-05666,CUST-10710,"77/82,_Mammen
Chandrapur_109164",Chandrapur,Maharashtra,109164.0,"Billing,_Shipping"
TS-05667,CUST-02770,"15,_Uppal_Road
Ambala_960705",Ambala,Haryana,960705.0,"Billing,_Shipping"
WB-05668,CUST-15019,"H.No._549
Badami_Path
Arrah-930472",Arrah,Bihar,930472.0,Shipping
TS-05669,CUST-03741,"H.No._02,_Divan_Road,_Dindigul-510374",Dindigul,Tamil_Nadu,510374.0,"Billing,_Shipping"
GJ-05670,CUST-14179,"24,_Barad
Gandhidham_234370",Gandhidham,Gujarat,234370.0,"Billing,_Shipping"
MP-05671,CUST-03801,"63/314,_Gokhale,_Kishanganj_920798",Kishanganj,Bihar,920798.0,"Billing,_Shipping"
WB-05672,CUST-19010,"05/40,_Banik
Kulti-742579",Kulti,West_Bengal,742579.0,Shipping
TN-05673,CUST-07622,"05/50,_Agrawal_Circle
Pali-625653",Pali,Rajasthan,625653.0,Shipping
MH-05674,CUST-11897,"94/676,_Solanki_Road
Satara-501536",Satara,Maharashtra,501536.0,Shipping
MH-05675,CUST-17729,"15/558,_Dyal_Ganj
Loni-697051",Loni,Uttar_Pradesh,697051.0,"Billing,_Shipping"
MP-05676,CUST-08856,"H.No._347,_Kothari_Nagar,_Dehri-475123",Dehri,Bihar,475123.0,"Billing,_Shipping"
UK-05677,CUST-11198,"483,_Kata
Haridwar-903050",Haridwar,Uttarakhand,903050.0,Shipping
GJ-05678,CUST-17149,"H.No._661,_Jha_Marg,_Ajmer_238215",Ajmer,Rajasthan,238215.0,"Billing,_Shipping"
KA-05679,CUST-17143,"H.No._566,_De_Road
Amaravati_904873",Amaravati,Andhra_Pradesh,904873.0,Shipping
HR-05680,CUST-06741,"30/225
Raj_Zila
Siwan_104383",Siwan,Bihar,104383.0,Billing
CG-05681,CUST-07224,"H.No._05
Yadav_Nagar
Sambalpur_467823",Sambalpur,Odisha,467823.0,"Billing,_Shipping"
TN-05682,CUST-09252,"51,_Cheema_Path,_Tiruvottiyur_065465",Tiruvottiyur,Tamil_Nadu,65465.0,"Billing,_Shipping"
OR-05683,CUST-17036,"090
Deshpande_Ganj
Chandrapur-893163",Chandrapur,Maharashtra,893163.0,"Billing,_Shipping"
RJ-05684,CUST-18386,"50/31
Sehgal_Marg
Fatehpur-833936",Fatehpur,Uttar_Pradesh,833936.0,Shipping
MP-05685,CUST-19338,"83,_Bobal_Chowk
Kota_833933",Kota,Rajasthan,833933.0,Billing
UK-05686,CUST-19134,"984,_Krishnan_Circle
Haridwar-623344",Haridwar,Uttarakhand,623344.0,Shipping
KA-05687,CUST-10947,"341,_Shukla_Marg,_Amaravati_549197",Amaravati,Andhra_Pradesh,549197.0,"Billing,_Shipping"
TS-05688,CUST-04736,"H.No._52,_Mani_Chowk
Ambala-008234",Ambala,Haryana,8234.0,"Billing,_Shipping"
MP-05689,CUST-14692,"02/43
Chokshi_Road
Jodhpur_004852",Jodhpur,Rajasthan,4852.0,"Billing,_Shipping"
GJ-05690,CUST-13661,"82/196
Toor_Circle
Gandhidham-293243",Gandhidham,Gujarat,293243.0,Shipping
TR-05691,CUST-11732,"46/949
Basak_Path
Durgapur_693887",Durgapur,West_Bengal,693887.0,"Billing,_Shipping"
OR-05692,CUST-00820,"033,_Dewan_Nagar
Berhampur-333380",Berhampur,Odisha,333380.0,Billing
TN-05693,CUST-14819,"H.No._15
Shukla_Path
Pallavaram-900736",Pallavaram,Tamil_Nadu,900736.0,Billing
WB-05694,CUST-10122,"15/298,_Kota_Circle
Naihati-296009",Naihati,West_Bengal,296009.0,Shipping
WB-05695,CUST-02986,"02/52
Varty_Ganj
Arrah_662369",Arrah,Bihar,662369.0,Billing
UP-05696,CUST-09783,"52,_Dasgupta_Zila,_Chapra-634418",Chapra,Bihar,634418.0,Shipping
RJ-05697,CUST-14516,"784
Dube
Rajkot-528624",Rajkot,Gujarat,528624.0,Billing
MP-05698,CUST-15381,"25/436,_Desai_Path
Ramgarh-396939",Ramgarh,Jharkhand,396939.0,Shipping
GJ-05699,CUST-15033,"186,_Thakkar_Zila
Allahabad-557874",Allahabad,Uttar_Pradesh,557874.0,Billing
MH-05700,CUST-02604,"33
Saraf_Circle
Karnal-944248",Karnal,Haryana,944248.0,Shipping
RJ-05701,CUST-13453,"67/98,_Ratti_Path
Dewas_316838",Dewas,Madhya_Pradesh,316838.0,Shipping
JH-05702,CUST-11220,"H.No._44,_Sawhney_Path,_Kharagpur-500190",Kharagpur,West_Bengal,500190.0,"Billing,_Shipping"
MP-05703,CUST-13122,"23/495
Jayaraman_Nagar
Kishanganj-869612",Kishanganj,Bihar,869612.0,Shipping
WB-05704,CUST-02651,"328
Varughese_Marg
Uluberia-566481",Uluberia,West_Bengal,566481.0,Shipping
UP-05705,CUST-18352,"H.No._667
Boase_Marg
Sambhal_768724",Sambhal,Uttar_Pradesh,768724.0,Shipping
CG-05706,CUST-05504,"98/90,_Korpal
Malda-068494",Malda,West_Bengal,68494.0,Billing
AP-05707,CUST-11357,"H.No._09,_Basak_Marg
Anantapuram_998816",Anantapuram,Andhra_Pradesh,998816.0,Shipping
MH-05708,CUST-12443,"H.No._584,_Sahni_Street
Yamunanagar_613149",Yamunanagar,Haryana,613149.0,"Billing,_Shipping"
UP-05709,CUST-00583,"95/523,_Hayre_Path
Raipur_269030",Raipur,Chhattisgarh,269030.0,"Billing,_Shipping"
AP-05710,CUST-06291,"509,_Jaggi_Circle,_Gudivada_783353",Gudivada,Andhra_Pradesh,783353.0,Billing
OR-05711,CUST-07604,"H.No._27,_Ghosh_Street,_Patna-145653",Patna,Bihar,145653.0,"Billing,_Shipping"
AP-05712,CUST-13023,"68
Ratta_Chowk
Anantapuram_167884",Anantapuram,Andhra_Pradesh,167884.0,"Billing,_Shipping"
WB-05713,CUST-13808,"767,_Andra_Chowk,_Arrah_154043",Arrah,Bihar,154043.0,Billing
MP-05714,CUST-16561,"95/93,_Bawa_Circle
Agra_526407",Agra,Uttar_Pradesh,526407.0,Billing
RJ-05715,CUST-15961,"56/54,_Sarin_Zila,_Akola_323634",Akola,Maharashtra,323634.0,"Billing,_Shipping"
MH-05716,CUST-16777,"23/481,_Shukla_Nagar
Loni-141395",Loni,Uttar_Pradesh,141395.0,Billing
MP-05717,CUST-12563,"52,_Manne_Street,_Gopalpur_587406",Gopalpur,Odisha,587406.0,Billing
AS-05718,CUST-10056,"92/058,_Ray_Street,_Siliguri_318548",Siliguri,West_Bengal,318548.0,Shipping
MP-05719,CUST-16137,"10/734,_Buch_Path,_Jodhpur-145259",Jodhpur,Rajasthan,145259.0,Billing
UP-05720,CUST-15671,"041,_Sandal_Path,_Raiganj-575415",Raiganj,West_Bengal,575415.0,Billing
HR-05721,CUST-10397,"H.No._025,_Wagle_Marg
Aurangabad-556697",Aurangabad,Maharashtra,556697.0,Shipping
AP-05722,CUST-02875,"721
Sekhon_Circle
Dharmavaram_382542",Dharmavaram,Andhra_Pradesh,382542.0,Shipping
GJ-05723,CUST-08436,"64/14,_Kashyap_Street
Hajipur_480431",Hajipur,Bihar,480431.0,Billing
WB-05724,CUST-19199,"552,_Tara_Circle,_Kamarhati-039729",Kamarhati,West_Bengal,39729.0,Shipping
TR-05725,CUST-12785,"75/81,_Sridhar_Marg
Durgapur_031547",Durgapur,West_Bengal,31547.0,"Billing,_Shipping"
MH-05726,CUST-12567,"H.No._799,_Deep_Chowk,_Jalgaon_071233",Jalgaon,Maharashtra,71233.0,Shipping
AP-05727,CUST-19365,"095,_Sarkar_Street,_Anantapuram-384673",Anantapuram,Andhra_Pradesh,384673.0,Shipping
WB-05728,CUST-11988,"H.No._589,_Upadhyay_Nagar
Bidhannagar-272388",Bidhannagar,West_Bengal,272388.0,Billing
AP-05729,CUST-13379,"210,_Dugal
Anantapuram-976054",Anantapuram,Andhra_Pradesh,976054.0,Shipping
MP-05730,CUST-06133,"H.No._45,_Mangal_Street,_Mau-591242",Mau,Uttar_Pradesh,591242.0,Billing
TS-05731,CUST-17138,"69/470,_Wable_Nagar,_Sirsa_572821",Sirsa,Haryana,572821.0,Shipping
HR-05732,CUST-07877,"42/87,_Sura_Nagar
Bikaner-241902",Bikaner,Rajasthan,241902.0,Shipping
MP-05733,CUST-03690,"H.No._309,_Thakur_Path
Gopalpur_034507",Gopalpur,Odisha,34507.0,Billing
WB-05734,CUST-08068,"87/94,_Kalla_Nagar
Baranagar-969834",Baranagar,West_Bengal,969834.0,Shipping
AP-05735,CUST-11381,"H.No._52,_Sarna_Street,_Srikakulam_384947",Srikakulam,Andhra_Pradesh,384947.0,Billing
GJ-05736,CUST-03645,"H.No._029,_Deep_Ganj,_Ajmer_672016",Ajmer,Rajasthan,672016.0,"Billing,_Shipping"
BR-05737,CUST-14888,"78,_Dutt_Nagar,_Munger_601254",Munger,Bihar,601254.0,Shipping
UP-05738,CUST-17268,"H.No._664,_Mannan_Circle,_Karimnagar_877003",Karimnagar,Telangana,877003.0,Billing
OR-05739,CUST-10209,"82/94,_Shroff
Kanpur-938059",Kanpur,Uttar_Pradesh,938059.0,Shipping
TS-05740,CUST-12320,"80/995
Sood_Ganj
Dindigul_652091",Dindigul,Tamil_Nadu,652091.0,Billing
UP-05741,CUST-15798,"H.No._887,_Mandal,_Burhanpur_606226",Burhanpur,Madhya_Pradesh,606226.0,"Billing,_Shipping"
DL-05742,CUST-14078,"700,_Choudhury_Street
Delhi-937841",Delhi,Delhi_(Union_Territory),937841.0,"Billing,_Shipping"
UP-05743,CUST-15142,"44/89,_Gara_Road,_Karimnagar-264251",Karimnagar,Telangana,264251.0,Shipping
OR-05744,CUST-13496,"24/372
Bandi_Marg
Danapur-931478",Danapur,Bihar,931478.0,Billing
BR-05745,CUST-15148,"H.No._37,_Ganesh_Ganj
Purnia-251477",Purnia,Bihar,251477.0,"Billing,_Shipping"
OR-05746,CUST-10194,"609
Chaudhary_Circle
Chandrapur_546397",Chandrapur,Maharashtra,546397.0,Billing
TN-05747,CUST-19014,"12/43
Brahmbhatt_Road
Gandhinagar_994412",Gandhinagar,Gujarat,994412.0,"Billing,_Shipping"
TN-05748,CUST-19293,"H.No._846,_Aggarwal_Zila,_Vellore-263824",Vellore,Tamil_Nadu,263824.0,Shipping
GJ-05749,CUST-08688,"07
Jaggi_Marg
Hajipur_850777",Hajipur,Bihar,850777.0,Billing
AP-05750,CUST-10469,"327,_Sarna_Nagar
Jammu_123453",Jammu,Jammu_and_Kashmir,123453.0,Shipping
OR-05751,CUST-16897,"H.No._59,_Varty_Circle
Bharatpur-854596",Bharatpur,Rajasthan,854596.0,Billing
MH-05752,CUST-14055,"H.No._180,_Kant_Chowk
Satara-639561",Satara,Maharashtra,639561.0,Billing
AS-05753,CUST-07997,"29/02,_Ray_Marg,_Nagaon_741991",Nagaon,Assam,741991.0,Billing
MP-05754,CUST-12866,"05/886,_Kala_Circle,_Unnao-114800",Unnao,Uttar_Pradesh,114800.0,"Billing,_Shipping"
OR-05755,CUST-00087,"75/67,_Bhakta_Marg
Bharatpur_752544",Bharatpur,Rajasthan,752544.0,"Billing,_Shipping"
BR-05756,CUST-10806,"35/08,_Sule_Marg
Purnia_578927",Purnia,Bihar,578927.0,Shipping
UP-05757,CUST-19985,"20/597,_Dalal_Road
Farrukhabad_712092",Farrukhabad,Uttar_Pradesh,712092.0,Shipping
UP-05758,CUST-18381,"385
Comar_Path
Raipur_759832",Raipur,Chhattisgarh,759832.0,"Billing,_Shipping"
MH-05759,CUST-00691,"H.No._89,_Gera_Path
Rampur_043038",Rampur,Uttar_Pradesh,43038.0,"Billing,_Shipping"
UP-05760,CUST-17919,"H.No._16,_Samra_Circle
Jamalpur-790946",Jamalpur,Bihar,790946.0,Shipping
MP-05761,CUST-10428,"H.No._545
Keer_Ganj
Kota_356761",Kota,Rajasthan,356761.0,Billing
MH-05762,CUST-15857,"441,_Ray
Loni_316964",Loni,Uttar_Pradesh,316964.0,Shipping
WB-05763,CUST-16101,"13/92,_Trivedi_Street
Panihati-231430",Panihati,West_Bengal,231430.0,Shipping
UP-05764,CUST-17855,"21/911
Chaudhry_Zila
Farrukhabad-548858",Farrukhabad,Uttar_Pradesh,548858.0,Shipping
BR-05765,CUST-09350,"31/398,_Chandra
Purnia-503639",Purnia,Bihar,503639.0,"Billing,_Shipping"
HR-05766,CUST-11130,"58/368,_Ganguly_Road,_Aurangabad_012728",Aurangabad,Maharashtra,12728.0,Billing
CG-05767,CUST-16250,"16,_Rama_Street,_Sagar_768082",Sagar,Madhya_Pradesh,768082.0,Billing
KA-05768,CUST-02280,"96/01,_Amble_Zila
Tumkur-370314",Tumkur,Karnataka,370314.0,Shipping
WB-05769,CUST-14275,"H.No._496
Rau
Kulti_478411",Kulti,West_Bengal,478411.0,Billing
KA-05770,CUST-13557,"61/695,_Talwar_Path
Solapur_469746",Solapur,Maharashtra,469746.0,Billing
MH-05771,CUST-12420,"47
Yohannan_Zila
Nanded-231017",Nanded,Maharashtra,231017.0,"Billing,_Shipping"
AP-05772,CUST-02116,"120,_Sarraf_Chowk
Jammu_700448",Jammu,Jammu_and_Kashmir,700448.0,Billing
TS-05773,CUST-09781,"34/963,_Das_Road,_Sirsa_077120",Sirsa,Haryana,77120.0,"Billing,_Shipping"
MH-05774,CUST-09727,"H.No._516
Buch_Marg
Bhiwandi-348791",Bhiwandi,Maharashtra,348791.0,"Billing,_Shipping"
MH-05775,CUST-17054,"H.No._30,_Gopal_Nagar,_Rampur-936488",Rampur,Uttar_Pradesh,936488.0,Shipping
KA-05776,CUST-14453,"H.No._10,_Sastry_Marg,_Tumkur-020588",Tumkur,Karnataka,20588.0,Billing
UP-05777,CUST-13513,"H.No._660,_Arya_Circle
Raipur-334889",Raipur,Chhattisgarh,334889.0,Shipping
WB-05778,CUST-12672,"H.No._03,_Barman_Chowk,_Bally_359659",Bally,West_Bengal,359659.0,Billing
KA-05779,CUST-13433,"25/847,_Agrawal_Road
Amaravati-073541",Amaravati,Andhra_Pradesh,73541.0,"Billing,_Shipping"
OR-05780,CUST-18607,"51
Agate_Circle
Berhampur-226081",Berhampur,Odisha,226081.0,"Billing,_Shipping"
OR-05781,CUST-14905,"98/811,_Subramanian_Road
Kanpur_901589",Kanpur,Uttar_Pradesh,901589.0,Shipping
OR-05782,CUST-16434,"42/27,_Ravel,_Haldia_194198",Haldia,West_Bengal,194198.0,"Billing,_Shipping"
WB-05783,CUST-00997,"001
Krishnamurthy_Zila
Kamarhati-928695",Kamarhati,West_Bengal,928695.0,Billing
OR-05784,CUST-03375,"H.No._578,_Bhatti_Chowk
Mathura-471779",Mathura,Uttar_Pradesh,471779.0,"Billing,_Shipping"
TN-05785,CUST-13879,"413
Chander_Zila
Pallavaram-176785",Pallavaram,Tamil_Nadu,176785.0,Billing
UP-05786,CUST-06951,"H.No._414
Dada_Road
Gurgaon_413164",Gurgaon,Haryana,413164.0,"Billing,_Shipping"
MH-05787,CUST-12358,"15/82,_Sethi_Street
Guntur_498984",Guntur,Andhra_Pradesh,498984.0,Shipping
CG-05788,CUST-03109,"97/890,_Bala_Chowk,_Malda-959897",Malda,West_Bengal,959897.0,Shipping
CG-05789,CUST-06318,"22/86,_Dayal_Zila
Sambalpur-905804",Sambalpur,Odisha,905804.0,"Billing,_Shipping"
WB-05790,CUST-18559,"H.No._15,_Bali_Marg,_Panihati-447167",Panihati,West_Bengal,447167.0,"Billing,_Shipping"
RJ-05791,CUST-10252,"079
Kalita_Ganj
Rajkot-296752",Rajkot,Gujarat,296752.0,Shipping
GJ-05792,CUST-10689,"130,_Brar_Road,_Jabalpur_692385",Jabalpur,Madhya_Pradesh,692385.0,"Billing,_Shipping"
UP-05793,CUST-11815,"438
Randhawa_Chowk
Shahjahanpur_279452",Shahjahanpur,Uttar_Pradesh,279452.0,Billing
MP-05794,CUST-19046,"02/657
Sood_Path
Kishanganj_098927",Kishanganj,Bihar,98927.0,Shipping
BR-05795,CUST-04249,"98
Yohannan_Road
Buxar_367472",Buxar,Bihar,367472.0,Billing
OR-05796,CUST-16313,"H.No._600,_Balasubramanian_Street
Berhampur_946831",Berhampur,Odisha,946831.0,"Billing,_Shipping"
TN-05797,CUST-17701,"184
Sarraf_Street
Pallavaram_802472",Pallavaram,Tamil_Nadu,802472.0,Billing
WB-05798,CUST-18169,"48/45,_Sangha_Chowk
Baranagar_514431",Baranagar,West_Bengal,514431.0,Shipping
TN-05799,CUST-09802,"H.No._299,_Bawa_Path,_Tiruppur-091120",Tiruppur,Tamil_Nadu,91120.0,Billing
WB-05800,CUST-17666,"02/23,_Sem_Circle
Kamarhati-570826",Kamarhati,West_Bengal,570826.0,Billing
MH-05801,CUST-19459,"97
Sahni_Marg
Satara_788377",Satara,Maharashtra,788377.0,Billing
TR-05802,CUST-19816,"323,_Lall_Street
Durgapur_043951",Durgapur,West_Bengal,43951.0,Shipping
UP-05803,CUST-11599,"05/815
Rau_Path
Ahmedabad-209862",Ahmedabad,Gujarat,209862.0,"Billing,_Shipping"
MH-05804,CUST-18002,"11/856,_Mangat_Marg
Rampur_550968",Rampur,Uttar_Pradesh,550968.0,Shipping
AS-05805,CUST-11506,"H.No._37,_Comar_Ganj,_Bongaigaon-456004",Bongaigaon,Assam,456004.0,Shipping
DL-05806,CUST-17647,"H.No._77,_Ray_Street,_Delhi_618687",Delhi,Delhi_(Union_Territory),618687.0,Billing
MP-05807,CUST-09387,"H.No._29,_Ahuja_Marg,_Ramgarh_431829",Ramgarh,Jharkhand,431829.0,Billing
TN-05808,CUST-18125,"H.No._739
Apte_Circle
Gandhinagar-416249",Gandhinagar,Gujarat,416249.0,Shipping
BR-05809,CUST-04325,"H.No._31,_Agrawal_Path,_Satna-532529",Satna,Madhya_Pradesh,532529.0,Shipping
OR-05810,CUST-15504,"87/686,_Dhawan_Circle,_Patna_252264",Patna,Bihar,252264.0,Shipping
MP-05811,CUST-07774,"66/192,_Vala_Road
Jalandhar_197068",Jalandhar,Punjab,197068.0,"Billing,_Shipping"
CG-05812,CUST-12681,"H.No._382,_Toor_Chowk,_Malda-244893",Malda,West_Bengal,244893.0,"Billing,_Shipping"
OR-05813,CUST-16081,"56
Tella_Chowk
Mathura-067376",Mathura,Uttar_Pradesh,67376.0,Shipping
MP-05814,CUST-15405,"36/528
Mandal_Road
Dehri-204600",Dehri,Bihar,204600.0,Billing
OR-05816,CUST-17177,"H.No._55,_Vasa
Anantapur_377388",Anantapur,Andhra_Pradesh,377388.0,Billing
MP-05817,CUST-02598,"H.No._907,_Chakraborty_Chowk
Indore_037327",Indore,Madhya_Pradesh,37327.0,Billing
OR-05818,CUST-15029,"21
Kothari_Chowk
Bilaspur_419957",Bilaspur,Chhattisgarh,419957.0,Shipping
JH-05819,CUST-15734,"H.No._347,_Venkataraman_Ganj
Phusro-453538",Phusro,Jharkhand,453538.0,"Billing,_Shipping"
MH-05820,CUST-16704,"H.No._70
Borra_Street
Nanded_882291",Nanded,Maharashtra,882291.0,"Billing,_Shipping"
TN-05821,CUST-16436,"626
Jha
Tiruppur_156027",Tiruppur,Tamil_Nadu,156027.0,Billing
BR-05822,CUST-03147,"H.No._66
Sarna
Jaipur-724952",Jaipur,Rajasthan,724952.0,Billing
UP-05823,CUST-12300,"176,_Kothari_Circle,_Muzaffarpur-093020",Muzaffarpur,Bihar,93020.0,Billing
GJ-05824,CUST-17766,"565,_Bal_Chowk
Jabalpur-705482",Jabalpur,Madhya_Pradesh,705482.0,"Billing,_Shipping"
JH-05825,CUST-12596,"H.No._90,_Desai_Marg,_Phusro_952538",Phusro,Jharkhand,952538.0,"Billing,_Shipping"
UP-05826,CUST-04108,"46/00,_Korpal_Circle,_Chapra-661304",Chapra,Bihar,661304.0,Billing
OR-05827,CUST-18253,"H.No._14
Gill_Chowk
Berhampur-078728",Berhampur,Odisha,78728.0,Shipping
OR-05828,CUST-06365,"84/042,_Sankar_Street,_Chandrapur_939806",Chandrapur,Maharashtra,939806.0,Shipping
MH-05829,CUST-18149,"831
Bhargava_Ganj
Malegaon-998865",Malegaon,Maharashtra,998865.0,"Billing,_Shipping"
WB-05830,CUST-01160,"H.No._474,_Ratti_Road,_Bhatpara_282583",Bhatpara,West_Bengal,282583.0,Shipping
KA-05831,CUST-18035,"70/102,_Bajwa_Ganj
Tumkur-908311",Tumkur,Karnataka,908311.0,"Billing,_Shipping"
RJ-05832,CUST-06054,"09/008
Kadakia_Ganj
Dewas_482180",Dewas,Madhya_Pradesh,482180.0,Billing
UP-05833,CUST-03759,"84,_Kala_Chowk
Jamalpur-572740",Jamalpur,Bihar,572740.0,Shipping
OR-05834,CUST-02296,"75/58,_Dhillon_Nagar
Kanpur_077193",Kanpur,Uttar_Pradesh,77193.0,Shipping
TN-05835,CUST-13735,"44/054,_Sundaram_Road
Salem_348957",Salem,Tamil_Nadu,348957.0,"Billing,_Shipping"
UP-05836,CUST-14301,"761,_Bhatia_Zila,_Bhagalpur_171662",Bhagalpur,Bihar,171662.0,Billing
WB-05837,CUST-17049,"85/23
Zacharia_Chowk
Madhyamgram-215433",Madhyamgram,West_Bengal,215433.0,"Billing,_Shipping"
OR-05838,CUST-04966,"78,_Golla_Ganj,_Kanpur-471388",Kanpur,Uttar_Pradesh,471388.0,Shipping
HR-05839,CUST-18494,"782
Sharma_Road
Aurangabad-032406",Aurangabad,Maharashtra,32406.0,Billing
AP-05840,CUST-06340,"H.No._426,_Chana_Path,_Srikakulam_918170",Srikakulam,Andhra_Pradesh,918170.0,Shipping
JH-05841,CUST-05053,"78/256,_Rama_Path,_Asansol_047675",Asansol,West_Bengal,47675.0,"Billing,_Shipping"
MP-05842,CUST-13606,"H.No._29
Kulkarni_Path
Dehri-265777",Dehri,Bihar,265777.0,Billing
RJ-05843,CUST-12216,"H.No._01
Dugar_Chowk
Fatehpur_097018",Fatehpur,Uttar_Pradesh,97018.0,Billing
UP-05844,CUST-10486,"H.No._074,_Batra_Circle,_Ahmedabad-509262",Ahmedabad,Gujarat,509262.0,"Billing,_Shipping"
TS-05845,CUST-16087,"00/246,_Sastry_Ganj,_Hindupur_792013",Hindupur,Andhra_Pradesh,792013.0,"Billing,_Shipping"
TS-05846,CUST-08550,"H.No._056
Gopal
Dindigul-572901",Dindigul,Tamil_Nadu,572901.0,Shipping
WB-05847,CUST-02213,"H.No._55,_Ravi_Street
Aligarh_346903",Aligarh,Uttar_Pradesh,346903.0,Billing
AS-05848,CUST-17654,"919,_Gill_Street,_Nagaon_671979",Nagaon,Assam,671979.0,"Billing,_Shipping"
TS-05849,CUST-13826,"12/53,_Bhakta_Zila,_Hindupur_413894",Hindupur,Andhra_Pradesh,413894.0,Billing
OR-05850,CUST-06228,"66
Agarwal
Mathura_348700",Mathura,Uttar_Pradesh,348700.0,Billing
UP-05851,CUST-16111,"09
Dewan_Street
Muzaffarpur-146681",Muzaffarpur,Bihar,146681.0,Shipping
WB-05852,CUST-02534,"76,_Goel_Ganj,_Naihati-775757",Naihati,West_Bengal,775757.0,"Billing,_Shipping"
UK-05853,CUST-09178,"H.No._51,_Sampath,_Jalna-434185",Jalna,Maharashtra,434185.0,Billing
KA-05854,CUST-12959,"648
Bassi_Marg
Hosur_192187",Hosur,Tamil_Nadu,192187.0,"Billing,_Shipping"
KA-05855,CUST-02103,"H.No._81,_Kota_Street,_Mangalore_393480",Mangalore,Karnataka,393480.0,Billing
UP-05856,CUST-03018,"95/209,_Sachdeva_Road,_Burhanpur_315293",Burhanpur,Madhya_Pradesh,315293.0,Billing
GJ-05857,CUST-16772,"59
Iyengar_Nagar
Gandhidham-270948",Gandhidham,Gujarat,270948.0,Billing
UK-05858,CUST-14029,"98,_Sachdev_Chowk
Jalna_532347",Jalna,Maharashtra,532347.0,"Billing,_Shipping"
TS-05859,CUST-19249,"H.No._58
Ahuja_Marg
Proddatur_816441",Proddatur,Andhra_Pradesh,816441.0,Shipping
GJ-05860,CUST-13848,"742
Manda
Hajipur_730454",Hajipur,Bihar,730454.0,Billing
OR-05861,CUST-18067,"H.No._164,_Borde_Chowk,_Haldia_211521",Haldia,West_Bengal,211521.0,Billing
MP-05862,CUST-04503,"73/320,_Sarkar_Street
Gorakhpur_097728",Gorakhpur,Uttar_Pradesh,97728.0,"Billing,_Shipping"
OR-05863,CUST-11704,"H.No._622,_Deshpande_Path,_Danapur-795266",Danapur,Bihar,795266.0,"Billing,_Shipping"
BR-05864,CUST-19417,"86/872
Vala
Munger-004785",Munger,Bihar,4785.0,Shipping
MH-05865,CUST-19628,"94/287,_Sunder_Nagar,_Jalgaon-127372",Jalgaon,Maharashtra,127372.0,Billing
TN-05866,CUST-03671,"H.No._343,_Deshpande_Road
Gandhinagar-965571",Gandhinagar,Gujarat,965571.0,Shipping
WB-05867,CUST-10156,"55/11
Kar_Street
Naihati-603337",Naihati,West_Bengal,603337.0,Billing
MH-05868,CUST-01611,"H.No._93,_Ramesh_Road,_Satara-573333",Satara,Maharashtra,573333.0,Shipping
MP-05869,CUST-09195,"73/94,_Tata_Nagar
Unnao-047030",Unnao,Uttar_Pradesh,47030.0,Billing
BR-05870,CUST-17881,"H.No._758
Divan_Road
Purnia-430556",Purnia,Bihar,430556.0,Shipping
OR-05874,CUST-19374,"92/01,_Datta_Path,_Danapur_691682",Danapur,Bihar,691682.0,Billing
RJ-05875,CUST-01038,"93,_Dave_Circle
Akola_880767",Akola,Maharashtra,880767.0,Billing
GJ-05876,CUST-18976,"87
Madan_Circle
Allahabad_979794",Allahabad,Uttar_Pradesh,979794.0,Shipping
GJ-05877,CUST-19202,"97,_Sangha_Ganj,_Jabalpur_281935",Jabalpur,Madhya_Pradesh,281935.0,Shipping
RJ-05878,CUST-05111,"83/464,_Bahl_Ganj
Dewas-649514",Dewas,Madhya_Pradesh,649514.0,Billing
GJ-05879,CUST-19483,"H.No._252
Shan
Gandhidham-101408",Gandhidham,Gujarat,101408.0,Billing
TN-05880,CUST-02300,"H.No._18,_Salvi_Street
Vellore-961937",Vellore,Tamil_Nadu,961937.0,"Billing,_Shipping"
MP-05881,CUST-19155,"05/52
Borde_Ganj
Dehri_128286",Dehri,Bihar,128286.0,"Billing,_Shipping"
TR-05882,CUST-09082,"28,_Ravel_Chowk
Durgapur_139073",Durgapur,West_Bengal,139073.0,Shipping
RJ-05883,CUST-10889,"18,_Dua_Circle
Fatehpur_553297",Fatehpur,Uttar_Pradesh,553297.0,"Billing,_Shipping"
BR-05884,CUST-16784,"H.No._927,_Malhotra_Chowk
Munger_655302",Munger,Bihar,655302.0,"Billing,_Shipping"
UP-05885,CUST-14536,"52/97,_Kadakia_Road
Bhagalpur_077389",Bhagalpur,Bihar,77389.0,"Billing,_Shipping"
TS-05886,CUST-07805,"316,_Deo_Street,_Dindigul-529021",Dindigul,Tamil_Nadu,529021.0,Shipping
WB-05887,CUST-18948,"48/36,_Ranganathan_Marg
Kulti-885159",Kulti,West_Bengal,885159.0,Billing
UP-05888,CUST-19911,"H.No._55,_Magar_Road
Firozabad_499933",Firozabad,Uttar_Pradesh,499933.0,"Billing,_Shipping"
BR-05889,CUST-16774,"26,_Banik_Nagar,_Satna_027651",Satna,Madhya_Pradesh,27651.0,"Billing,_Shipping"
GJ-05890,CUST-15005,"63,_Badami_Road
Vadodara-686056",Vadodara,Gujarat,686056.0,Shipping
WB-05891,CUST-19207,"048,_Maharaj_Marg,_Baranagar-585013",Baranagar,West_Bengal,585013.0,"Billing,_Shipping"
BR-05892,CUST-11508,"466,_Suresh_Path
Munger-858382",Munger,Bihar,858382.0,Billing
MH-05893,CUST-18915,"75/008,_Sen_Ganj
Jalgaon-266318",Jalgaon,Maharashtra,266318.0,Billing
HR-05894,CUST-09734,"89/68,_Kohli,_Aurangabad-711595",Aurangabad,Maharashtra,711595.0,Billing
HP-05895,CUST-07504,"69/434
Varma_Marg
Udaipur-958977",Udaipur,Rajasthan,958977.0,Shipping
DL-05896,CUST-00493,"979,_Bajwa_Ganj
Delhi_517814",Delhi,Delhi_(Union_Territory),517814.0,Billing
WB-05897,CUST-10323,"H.No._094
Tak_Street
Arrah-069904",Arrah,Bihar,69904.0,Shipping
WB-05898,CUST-15423,"196,_Vala,_Uluberia-148527",Uluberia,West_Bengal,148527.0,"Billing,_Shipping"
AP-05899,CUST-14475,"12/58,_Bhatia_Nagar,_Dharmavaram_379876",Dharmavaram,Andhra_Pradesh,379876.0,"Billing,_Shipping"
BR-05900,CUST-17841,"073,_Majumdar_Marg
Ballia_907693",Ballia,Uttar_Pradesh,907693.0,Shipping
UP-05902,CUST-09823,"87/120,_Sundaram_Nagar,_Burhanpur-578729",Burhanpur,Madhya_Pradesh,578729.0,"Billing,_Shipping"
MH-05903,CUST-15560,"H.No._02
Mammen_Nagar
Yamunanagar_646723",Yamunanagar,Haryana,646723.0,"Billing,_Shipping"
TN-05904,CUST-18668,"09
Sami_Street
Avadi-004106",Avadi,Tamil_Nadu,4106.0,Shipping
UK-05905,CUST-11198,"87,_Srinivas_Road
Jalna_684732",Jalna,Maharashtra,684732.0,Shipping
TN-05906,CUST-03217,"17/65
Gill_Zila
Pallavaram_542395",Pallavaram,Tamil_Nadu,542395.0,Shipping
UP-05907,CUST-16526,"56/838
Bajaj_Path
Shahjahanpur-863765",Shahjahanpur,Uttar_Pradesh,863765.0,Shipping
MH-05908,CUST-16729,"H.No._92
Chadha_Street
Nanded-969414",Nanded,Maharashtra,969414.0,"Billing,_Shipping"
CG-05909,CUST-13032,"056,_Din_Marg
Sambalpur-731754",Sambalpur,Odisha,731754.0,Billing
HR-05910,CUST-12415,"H.No._99
Dhaliwal_Circle
Aurangabad_402185",Aurangabad,Maharashtra,402185.0,"Billing,_Shipping"
MP-05911,CUST-00940,"48,_Ghose_Circle
Jhansi_175966",Jhansi,Uttar_Pradesh,175966.0,Billing
UK-05912,CUST-15319,"H.No._11,_Dora_Ganj,_Shivpuri_563505",Shivpuri,Madhya_Pradesh,563505.0,"Billing,_Shipping"
UP-05913,CUST-10059,"H.No._27,_Tara_Path
Sambhal_917092",Sambhal,Uttar_Pradesh,917092.0,"Billing,_Shipping"
AS-05914,CUST-10077,"15/90
Gera_Ganj
Bongaigaon-906470",Bongaigaon,Assam,906470.0,"Billing,_Shipping"
TN-05915,CUST-12870,"20,_Chatterjee_Ganj,_Pali-663877",Pali,Rajasthan,663877.0,Shipping
WB-05916,CUST-16598,"17/08,_Bahl_Path
Bally_235741",Bally,West_Bengal,235741.0,Shipping
UP-05917,CUST-15696,"72,_Gill_Path,_Shahjahanpur-352437",Shahjahanpur,Uttar_Pradesh,352437.0,"Billing,_Shipping"
CG-05918,CUST-09976,"00,_Ben
Malda-063066",Malda,West_Bengal,63066.0,Shipping
JH-05919,CUST-19361,"H.No._264,_Hegde_Circle
Kharagpur-907727",Kharagpur,West_Bengal,907727.0,Shipping
MP-05920,CUST-19095,"03/93,_Grewal
Agra-638270",Agra,Uttar_Pradesh,638270.0,Shipping
OR-05921,CUST-17884,"H.No._139,_Manne
Bharatpur-854459",Bharatpur,Rajasthan,854459.0,Shipping
UP-05922,CUST-00995,"H.No._14
Kuruvilla_Chowk
Bhagalpur-777635",Bhagalpur,Bihar,777635.0,"Billing,_Shipping"
GJ-05923,CUST-12689,"H.No._101,_Bhagat_Circle
Hajipur-137068",Hajipur,Bihar,137068.0,Billing
TS-05924,CUST-14474,"35,_Koshy_Marg,_Dindigul_505407",Dindigul,Tamil_Nadu,505407.0,"Billing,_Shipping"
UP-05925,CUST-15736,"782,_Bhardwaj_Ganj,_Karimnagar-575873",Karimnagar,Telangana,575873.0,"Billing,_Shipping"
MP-05926,CUST-17353,"57,_Goswami_Nagar,_Indore_404569",Indore,Madhya_Pradesh,404569.0,"Billing,_Shipping"
UP-05927,CUST-15211,"H.No._101,_Handa_Chowk,_Burhanpur_880505",Burhanpur,Madhya_Pradesh,880505.0,"Billing,_Shipping"
WB-05928,CUST-10403,"448
Rau_Chowk
Kamarhati_459925",Kamarhati,West_Bengal,459925.0,Shipping
MP-05929,CUST-14753,"H.No._63
Mangat_Ganj
Jhansi_274505",Jhansi,Uttar_Pradesh,274505.0,Shipping
OR-05930,CUST-03630,"88/209
Chanda_Chowk
Patna-574175",Patna,Bihar,574175.0,Shipping
KA-05931,CUST-13451,"15
Chander_Zila
Amaravati_814643",Amaravati,Andhra_Pradesh,814643.0,Shipping
MH-05932,CUST-15244,"140
Sekhon_Circle
Satara_376930",Satara,Maharashtra,376930.0,Shipping
MP-05933,CUST-19271,"77/21
Divan_Ganj
Jhansi-336583",Jhansi,Uttar_Pradesh,336583.0,Shipping
OR-05934,CUST-19655,"79
Sandal_Circle
Bijapur_727823",Bijapur,Karnataka,727823.0,Billing
WB-05935,CUST-17183,"62,_Verma_Chowk,_Bally-898762",Bally,West_Bengal,898762.0,Shipping
MP-05936,CUST-16788,"H.No._37,_Kuruvilla
Dehri-565843",Dehri,Bihar,565843.0,Shipping
CG-05937,CUST-03610,"58/805,_Raja_Circle,_Malda-844144",Malda,West_Bengal,844144.0,Billing
UP-05938,CUST-12953,"16/948
Loyal_Marg
Farrukhabad_531211",Farrukhabad,Uttar_Pradesh,531211.0,Billing
MH-05939,CUST-17879,"79/72,_Varughese_Marg
Malegaon_274063",Malegaon,Maharashtra,274063.0,"Billing,_Shipping"
KA-05940,CUST-14974,"82/93,_Dash,_Amaravati-415331",Amaravati,Andhra_Pradesh,415331.0,Shipping
HR-05941,CUST-10847,"86/65
Dugal
Siwan-214209",Siwan,Bihar,214209.0,"Billing,_Shipping"
BR-05942,CUST-11857,"21,_Desai
Purnia-936672",Purnia,Bihar,936672.0,"Billing,_Shipping"
BR-05943,CUST-07055,"13/158
Sagar_Chowk
Jaipur-969867",Jaipur,Rajasthan,969867.0,Billing
BR-05944,CUST-13710,"367,_Kothari_Street,_Purnia_912210",Purnia,Bihar,912210.0,"Billing,_Shipping"
BR-05945,CUST-13472,"H.No._145
Ramesh_Path
Ballia-408328",Ballia,Uttar_Pradesh,408328.0,"Billing,_Shipping"
TN-05946,CUST-14180,"H.No._748,_Dara,_Pallavaram-474631",Pallavaram,Tamil_Nadu,474631.0,Billing
UP-05947,CUST-13179,"H.No._701
Bir_Ganj
Firozabad-298800",Firozabad,Uttar_Pradesh,298800.0,"Billing,_Shipping"
UK-05948,CUST-15896,"63/873,_Dhawan_Road,_Shivpuri-100189",Shivpuri,Madhya_Pradesh,100189.0,Billing
TN-05949,CUST-17032,"26/74,_Chawla
Chittoor_392178",Chittoor,Andhra_Pradesh,392178.0,Shipping
TN-05950,CUST-14654,"00/030
Arya_Circle
Tiruvottiyur-347891",Tiruvottiyur,Tamil_Nadu,347891.0,"Billing,_Shipping"
HR-05951,CUST-02452,"362,_Seshadri_Ganj
Aurangabad_604293",Aurangabad,Maharashtra,604293.0,Billing
BR-05952,CUST-05421,"54/01,_Kannan_Road
Buxar_573992",Buxar,Bihar,573992.0,"Billing,_Shipping"
AP-05953,CUST-11838,"H.No._38,_Kamdar,_Anantapuram_391261",Anantapuram,Andhra_Pradesh,391261.0,"Billing,_Shipping"
MP-05954,CUST-01122,"53/48
Contractor_Road
Kota-456276",Kota,Rajasthan,456276.0,Shipping
WB-05955,CUST-06505,"H.No._06,_Gandhi_Road,_Naihati-674215",Naihati,West_Bengal,674215.0,Shipping
KA-05956,CUST-01006,"188,_Sarin_Ganj
Mangalore_465876",Mangalore,Karnataka,465876.0,"Billing,_Shipping"
GJ-05957,CUST-09288,"40/792,_Wadhwa_Ganj
Kavali-025419",Kavali,Andhra_Pradesh,25419.0,Billing
TS-05958,CUST-09868,"H.No._83
Dayal_Ganj
Hindupur-377884",Hindupur,Andhra_Pradesh,377884.0,Shipping
AS-05959,CUST-17074,"42
Hayre_Street
Siliguri_399534",Siliguri,West_Bengal,399534.0,"Billing,_Shipping"
UP-05960,CUST-07649,"H.No._97
Kumer
Karimnagar-942251",Karimnagar,Telangana,942251.0,Billing
AS-05961,CUST-16468,"60
Viswanathan_Chowk
Nagaon_990366",Nagaon,Assam,990366.0,"Billing,_Shipping"
TS-05962,CUST-11642,"H.No._144,_Bajwa_Circle
Ramagundam-216489",Ramagundam,Telangana,216489.0,"Billing,_Shipping"
OR-05963,CUST-11760,"H.No._970,_Vala_Road,_Bharatpur_078347",Bharatpur,Rajasthan,78347.0,Billing
MH-05964,CUST-16781,"090
Anne_Path
Yamunanagar_687047",Yamunanagar,Haryana,687047.0,Billing
JH-05965,CUST-16188,"H.No._413
Kannan_Marg
Mango_699352",Mango,Jharkhand,699352.0,Shipping
TS-05966,CUST-18725,"85/86,_Dixit_Path
Ambala_486523",Ambala,Haryana,486523.0,"Billing,_Shipping"
TN-05967,CUST-13969,"40
Reddy_Chowk
Pali-156131",Pali,Rajasthan,156131.0,"Billing,_Shipping"
MH-05968,CUST-17796,"H.No._04,_Tata_Ganj,_Malegaon_753755",Malegaon,Maharashtra,753755.0,"Billing,_Shipping"
OR-05969,CUST-17858,"H.No._215
Jhaveri_Ganj
Bharatpur-486455",Bharatpur,Rajasthan,486455.0,"Billing,_Shipping"
MH-05970,CUST-17832,"H.No._767,_Dalal_Nagar
Yamunanagar-914916",Yamunanagar,Haryana,914916.0,"Billing,_Shipping"
CG-05971,CUST-17134,"36/39
Cheema_Zila
Nagpur_115414",Nagpur,Maharashtra,115414.0,Billing
JH-05972,CUST-10358,"946,_Garg_Chowk,_Asansol_389209",Asansol,West_Bengal,389209.0,Shipping
MP-05973,CUST-06918,"36/832,_Srivastava_Zila
Dehri_833112",Dehri,Bihar,833112.0,"Billing,_Shipping"
TN-05974,CUST-09749,"55/71
Aurora_Zila
Salem-955936",Salem,Tamil_Nadu,955936.0,Billing
DL-05975,CUST-04961,"H.No._543
Kale_Chowk
Delhi_282149",Delhi,Delhi_(Union_Territory),282149.0,Shipping
WB-05976,CUST-03807,"H.No._73
Wali_Zila
Bhatpara_303874",Bhatpara,West_Bengal,303874.0,Billing
RJ-05977,CUST-16128,"H.No._303,_Batra_Zila
Dewas_111028",Dewas,Madhya_Pradesh,111028.0,Shipping
OR-05978,CUST-16045,"456
Bajwa_Circle
Haldia-978121",Haldia,West_Bengal,978121.0,"Billing,_Shipping"
KA-05979,CUST-11635,"43,_Shah_Street
Amaravati_305757",Amaravati,Andhra_Pradesh,305757.0,Billing
UP-05980,CUST-13325,"H.No._60
Tella_Marg
Shahjahanpur-834685",Shahjahanpur,Uttar_Pradesh,834685.0,"Billing,_Shipping"
CG-05981,CUST-09278,"486,_Vasa_Chowk
Sambalpur_142655",Sambalpur,Odisha,142655.0,Billing
MH-05982,CUST-19073,"H.No._448,_Yadav_Nagar,_Jalgaon-314547",Jalgaon,Maharashtra,314547.0,Billing
TS-05983,CUST-10545,"H.No._75
Kothari_Road
Hindupur-170970",Hindupur,Andhra_Pradesh,170970.0,Shipping
AP-05984,CUST-12219,"142
Acharya_Zila
Jammu_322280",Jammu,Jammu_and_Kashmir,322280.0,Billing
GJ-05985,CUST-11034,"H.No._320,_Batra_Path
Allahabad-818435",Allahabad,Uttar_Pradesh,818435.0,"Billing,_Shipping"
BR-05986,CUST-19659,"67/67,_Contractor_Ganj
Buxar_470727",Buxar,Bihar,470727.0,Billing
AP-05987,CUST-05374,"H.No._54,_Mandal_Zila
Anantapuram_849259",Anantapuram,Andhra_Pradesh,849259.0,Shipping
TN-05988,CUST-00667,"13/94
Tandon_Path
Avadi-248929",Avadi,Tamil_Nadu,248929.0,Billing
TR-05989,CUST-11988,"H.No._100,_Manne_Street,_Chandigarh-240236",Chandigarh,Chandigarh_(Union_Territory),240236.0,"Billing,_Shipping"
WB-05990,CUST-16416,"42/907,_Shroff_Road
Uluberia-163003",Uluberia,West_Bengal,163003.0,Billing
BR-05991,CUST-18614,"81/80,_Ben_Marg,_Ballia-206612",Ballia,Uttar_Pradesh,206612.0,"Billing,_Shipping"
TN-05992,CUST-12825,"H.No._503,_Rattan_Road,_Chittoor_720450",Chittoor,Andhra_Pradesh,720450.0,Billing
OR-05993,CUST-00399,"051
Rattan_Path
Berhampur-390025",Berhampur,Odisha,390025.0,Shipping
UP-05994,CUST-11368,"826
Vaidya_Street
Ahmedabad-217507",Ahmedabad,Gujarat,217507.0,Billing
JH-05995,CUST-18742,"H.No._80,_Cherian_Ganj,_Kharagpur-990412",Kharagpur,West_Bengal,990412.0,"Billing,_Shipping"
BR-05996,CUST-09790,"52/03,_Rajagopalan_Zila
Munger_375296",Munger,Bihar,375296.0,Shipping
WB-05997,CUST-14101,"12,_Dass_Chowk
Bhatpara_322360",Bhatpara,West_Bengal,322360.0,Shipping
UP-05998,CUST-13621,"H.No._74
Anne
Ahmedabad_799964",Ahmedabad,Gujarat,799964.0,"Billing,_Shipping"
OR-05999,CUST-18935,"H.No._599,_Ray_Chowk,_Bharatpur-415312",Bharatpur,Rajasthan,415312.0,Shipping
JH-06000,CUST-04704,"073
Tripathi_Street
Mango_617396",Mango,Jharkhand,617396.0,"Billing,_Shipping"
UK-06001,CUST-10552,"63,_Khare_Ganj
Jalna-327467",Jalna,Maharashtra,327467.0,Shipping
RJ-06002,CUST-03550,"74/24,_Shere_Chowk,_Rajkot-327128",Rajkot,Gujarat,327128.0,"Billing,_Shipping"
MH-06003,CUST-12562,"07,_Rege_Road
Guntur_134523",Guntur,Andhra_Pradesh,134523.0,Shipping
KA-06004,CUST-12782,"H.No._757,_Ravel_Road,_Mangalore-067572",Mangalore,Karnataka,67572.0,"Billing,_Shipping"
JH-06005,CUST-02901,"H.No._228,_Karpe_Road
Kharagpur_076310",Kharagpur,West_Bengal,76310.0,Shipping
CG-06006,CUST-11770,"15/866
Chander_Nagar
Sagar-377083",Sagar,Madhya_Pradesh,377083.0,Billing
OR-06007,CUST-18509,"H.No._15,_Kuruvilla_Road,_Haldia_504572",Haldia,West_Bengal,504572.0,"Billing,_Shipping"
TS-06008,CUST-12323,"39/80,_Lata_Zila
Srinagar_134796",Srinagar,Jammu_and_Kashmir,134796.0,Shipping
MP-06009,CUST-12682,"H.No._69
Lanka
Gopalpur-907790",Gopalpur,Odisha,907790.0,"Billing,_Shipping"
OR-06010,CUST-01169,"64/624
Balakrishnan_Ganj
Berhampur_185225",Berhampur,Odisha,185225.0,"Billing,_Shipping"
OR-06011,CUST-07544,"16,_Kapur_Ganj,_Mathura-196393",Mathura,Uttar_Pradesh,196393.0,Billing
TN-06012,CUST-07916,"H.No._776,_Bir_Street
Chittoor-885525",Chittoor,Andhra_Pradesh,885525.0,Billing
TS-06013,CUST-03667,"H.No._471
Gade_Marg
Srinagar_386153",Srinagar,Jammu_and_Kashmir,386153.0,Shipping
UP-06014,CUST-08069,"549,_Karan_Zila
Bhagalpur-561713",Bhagalpur,Bihar,561713.0,Billing
MP-06015,CUST-17778,"78
Din_Zila
Ramgarh_019376",Ramgarh,Jharkhand,19376.0,Billing
GJ-06016,CUST-17245,"50,_Mandal_Ganj
Ajmer-013538",Ajmer,Rajasthan,13538.0,Shipping
TN-06017,CUST-13219,"08
Atwal_Street
Tiruvottiyur-241663",Tiruvottiyur,Tamil_Nadu,241663.0,Billing
CG-06018,CUST-16827,"77,_Aggarwal_Zila,_Sambalpur-232502",Sambalpur,Odisha,232502.0,Billing
TN-06019,CUST-01746,"53/860,_Taneja_Nagar
Avadi-023156",Avadi,Tamil_Nadu,23156.0,"Billing,_Shipping"
UP-06020,CUST-08681,"86
Bhalla_Zila
Bhagalpur_309435",Bhagalpur,Bihar,309435.0,Billing
MH-06021,CUST-16341,"H.No._512
Babu_Circle
Bhiwandi_430704",Bhiwandi,Maharashtra,430704.0,Shipping
WB-06022,CUST-17103,"29/214
Upadhyay_Path
Baranagar-025454",Baranagar,West_Bengal,25454.0,"Billing,_Shipping"
MH-06023,CUST-14117,"51/906,_Kata_Street
Jalgaon-761614",Jalgaon,Maharashtra,761614.0,Shipping
GJ-06024,CUST-19527,"091
Uppal_Street
Gandhidham-717269",Gandhidham,Gujarat,717269.0,"Billing,_Shipping"
UP-06025,CUST-06347,"H.No._68,_Sachdev_Marg
Chapra-614333",Chapra,Bihar,614333.0,Billing
WB-06026,CUST-17263,"H.No._23,_Kohli_Path,_Kulti_469619",Kulti,West_Bengal,469619.0,Shipping
AS-06027,CUST-05885,"64/456,_Rajan_Circle
Siliguri-551714",Siliguri,West_Bengal,551714.0,Shipping
KA-06028,CUST-14748,"06/90
Keer_Circle
Hosur_575000",Hosur,Tamil_Nadu,575000.0,Shipping
BR-06029,CUST-14193,"08/927
Char_Path
Satna_347120",Satna,Madhya_Pradesh,347120.0,Shipping
MH-06030,CUST-11536,"H.No._254
Shan_Marg
Guntur_780639",Guntur,Andhra_Pradesh,780639.0,"Billing,_Shipping"
BR-06031,CUST-02074,"42/65
Garg_Circle
Jaipur_019179",Jaipur,Rajasthan,19179.0,Billing
OR-06032,CUST-12467,"10/633,_Bakshi_Zila
Bharatpur-062373",Bharatpur,Rajasthan,62373.0,Shipping
OR-06033,CUST-00371,"61/001
De_Chowk
Berhampur_855464",Berhampur,Odisha,855464.0,Shipping
UP-06034,CUST-09247,"H.No._81,_Sampath
Jamalpur_515524",Jamalpur,Bihar,515524.0,Billing
CG-06035,CUST-15428,"72/14,_Brahmbhatt_Ganj
Bhilai-797265",Bhilai,Chhattisgarh,797265.0,"Billing,_Shipping"
HR-06037,CUST-11656,"708,_Magar_Ganj
Bikaner_815923",Bikaner,Rajasthan,815923.0,Billing
UK-06038,CUST-12254,"738
Chauhan_Ganj
Jalna_207272",Jalna,Maharashtra,207272.0,Billing
KA-06039,CUST-11129,"H.No._71,_Chatterjee_Path,_Hospet-332827",Hospet,Karnataka,332827.0,Shipping
WB-06040,CUST-15032,"53
Deol_Ganj
Kamarhati_809302",Kamarhati,West_Bengal,809302.0,Shipping
TN-06041,CUST-16866,"H.No._739
Mani_Ganj
Tiruppur_988668",Tiruppur,Tamil_Nadu,988668.0,Shipping
UP-06042,CUST-10893,"93,_Bhat_Street,_Sambhal-534178",Sambhal,Uttar_Pradesh,534178.0,Shipping
AP-06044,CUST-17715,"465,_Loyal_Zila,_Dharmavaram-683080",Dharmavaram,Andhra_Pradesh,683080.0,Billing
GJ-06045,CUST-01045,"H.No._635,_Apte_Chowk
Hajipur-026518",Hajipur,Bihar,26518.0,Billing
UP-06046,CUST-12759,"846,_Kamdar,_Gurgaon-494070",Gurgaon,Haryana,494070.0,"Billing,_Shipping"
UP-06047,CUST-11236,"H.No._05
Khosla_Circle
Chapra-531068",Chapra,Bihar,531068.0,Shipping
KA-06048,CUST-01339,"H.No._83,_Deshmukh_Circle,_Tumkur-991383",Tumkur,Karnataka,991383.0,"Billing,_Shipping"
AS-06049,CUST-08806,"62/56,_Das_Zila
Nagaon_874177",Nagaon,Assam,874177.0,Shipping
OR-06050,CUST-13426,"84
Krish_Street
Bilaspur_560557",Bilaspur,Chhattisgarh,560557.0,Shipping
HR-06051,CUST-19112,"34/08
Gala_Marg
Aurangabad-806834",Aurangabad,Maharashtra,806834.0,"Billing,_Shipping"
WB-06052,CUST-18308,"H.No._54,_Brahmbhatt_Road,_Arrah_225034",Arrah,Bihar,225034.0,"Billing,_Shipping"
HR-06053,CUST-15157,"42/60,_Sibal_Path,_Bikaner-262407",Bikaner,Rajasthan,262407.0,Billing
GJ-06054,CUST-01167,"H.No._85
Ramachandran_Chowk
Allahabad-024799",Allahabad,Uttar_Pradesh,24799.0,"Billing,_Shipping"
TS-06055,CUST-08573,"H.No._32
Upadhyay_Chowk
Ambala-644456",Ambala,Haryana,644456.0,"Billing,_Shipping"
JH-06056,CUST-10769,"27/590
Kohli_Road
Mango_523159",Mango,Jharkhand,523159.0,Billing
BR-06057,CUST-14321,"79,_Baral_Chowk,_Jaipur-042154",Jaipur,Rajasthan,42154.0,Shipping
MP-06058,CUST-18606,"H.No._393
Bala
Jalandhar-705520",Jalandhar,Punjab,705520.0,"Billing,_Shipping"
TS-06059,CUST-18946,"H.No._27,_Chandran_Path
Srinagar-483999",Srinagar,Jammu_and_Kashmir,483999.0,Shipping
OR-06060,CUST-02764,"08/482
Bansal_Street
Bharatpur_283263",Bharatpur,Rajasthan,283263.0,"Billing,_Shipping"
BR-06061,CUST-18652,"176,_Dani,_Jaipur-763274",Jaipur,Rajasthan,763274.0,Shipping
KA-06062,CUST-00219,"14/109
Dugar_Zila
Amaravati-603662",Amaravati,Andhra_Pradesh,603662.0,Shipping
TN-06063,CUST-14338,"88/70,_Bhargava_Zila,_Vellore-201588",Vellore,Tamil_Nadu,201588.0,Shipping
TN-06064,CUST-04743,"H.No._481,_Bhattacharyya_Road
Tiruppur-451089",Tiruppur,Tamil_Nadu,451089.0,Billing
AP-06065,CUST-15271,"H.No._61,_Ray_Marg,_Bhimavaram-296889",Bhimavaram,Andhra_Pradesh,296889.0,Shipping
OR-06066,CUST-11280,"571
Bahri_Street
Danapur-080199",Danapur,Bihar,80199.0,Shipping
BR-06067,CUST-12316,"16
Banik_Ganj
Satna-428288",Satna,Madhya_Pradesh,428288.0,Shipping
UK-06068,CUST-18938,"51/39,_Yadav_Circle
Jalna_301491",Jalna,Maharashtra,301491.0,"Billing,_Shipping"
KL-06069,CUST-19188,"93/26,_Sant
Kollam-611845",Kollam,Kerala,611845.0,Shipping
UP-06070,CUST-11457,"H.No._63,_Sama_Zila,_Jamalpur_884761",Jamalpur,Bihar,884761.0,"Billing,_Shipping"
TN-06071,CUST-13339,"79/98,_Chanda_Street,_Tiruppur_474117",Tiruppur,Tamil_Nadu,474117.0,"Billing,_Shipping"
CG-06072,CUST-13127,"H.No._504
Kurian_Zila
Bhilai-060237",Bhilai,Chhattisgarh,60237.0,Shipping
BR-06073,CUST-16891,"47/092,_Khare_Street,_Ballia_940069",Ballia,Uttar_Pradesh,940069.0,"Billing,_Shipping"
AS-06074,CUST-00939,"H.No._06
Samra_Ganj
Nagaon_960973",Nagaon,Assam,960973.0,Billing
WB-06075,CUST-09506,"352
Chawla_Ganj
Bidhannagar-499630",Bidhannagar,West_Bengal,499630.0,Billing
MP-06076,CUST-18050,"02,_Rau_Nagar,_Agra_160460",Agra,Uttar_Pradesh,160460.0,Billing
RJ-06077,CUST-11923,"062,_Ramanathan_Chowk
Rajkot_908313",Rajkot,Gujarat,908313.0,Billing
UP-06078,CUST-01286,"H.No._523,_Rajagopal_Street,_Chapra_718748",Chapra,Bihar,718748.0,Shipping
CG-06079,CUST-11282,"98
Kapoor_Path
Bhilai_989952",Bhilai,Chhattisgarh,989952.0,"Billing,_Shipping"
MH-06080,CUST-17645,"36/016
Mammen_Ganj
Nanded_666821",Nanded,Maharashtra,666821.0,Shipping
WB-06081,CUST-18500,"06,_Kara_Road,_Naihati-404996",Naihati,West_Bengal,404996.0,"Billing,_Shipping"
WB-06082,CUST-19956,"31
Grewal_Zila
Baranagar-785276",Baranagar,West_Bengal,785276.0,Shipping
UP-06083,CUST-18416,"05/551,_Soman_Zila,_Chapra-768321",Chapra,Bihar,768321.0,"Billing,_Shipping"
GJ-06084,CUST-07881,"946,_Chowdhury
Hajipur-096482",Hajipur,Bihar,96482.0,Shipping
WB-06085,CUST-07732,"15,_Kata_Nagar
Kamarhati-279180",Kamarhati,West_Bengal,279180.0,"Billing,_Shipping"
WB-06086,CUST-10540,"59/66,_Lanka_Ganj
Arrah_985666",Arrah,Bihar,985666.0,"Billing,_Shipping"
MH-06087,CUST-17020,"34/551,_Bhatnagar_Zila
Jalgaon_004894",Jalgaon,Maharashtra,4894.0,"Billing,_Shipping"
BR-06088,CUST-10998,"H.No._748,_Bhagat_Zila,_Ballia_427328",Ballia,Uttar_Pradesh,427328.0,Billing
MP-06089,CUST-15119,"H.No._324
Chakraborty_Nagar
Kishanganj_290764",Kishanganj,Bihar,290764.0,Shipping
UP-06090,CUST-04631,"01/140,_Balasubramanian_Road
Shahjahanpur-235890",Shahjahanpur,Uttar_Pradesh,235890.0,Billing
OR-06091,CUST-02036,"35/98
Randhawa_Nagar
Anantapur-118972",Anantapur,Andhra_Pradesh,118972.0,Billing
WB-06092,CUST-19352,"H.No._51,_Dara_Marg,_Aligarh_532601",Aligarh,Uttar_Pradesh,532601.0,Billing
MP-06093,CUST-14093,"08
Dubey_Ganj
Unnao-419485",Unnao,Uttar_Pradesh,419485.0,"Billing,_Shipping"
OR-06094,CUST-16443,"36,_Dhar_Zila
Bilaspur_028942",Bilaspur,Chhattisgarh,28942.0,Shipping
AS-06095,CUST-10019,"23/340,_Upadhyay,_Nagaon-155634",Nagaon,Assam,155634.0,Billing
BR-06096,CUST-08285,"92,_Dhillon_Nagar,_Purnia-070644",Purnia,Bihar,70644.0,Billing
AP-06097,CUST-05496,"82/991
Khanna_Ganj
Anantapuram_152824",Anantapuram,Andhra_Pradesh,152824.0,Shipping
MP-06098,CUST-10629,"804,_Sathe_Marg,_Gorakhpur_618712",Gorakhpur,Uttar_Pradesh,618712.0,"Billing,_Shipping"
AP-06099,CUST-18270,"03,_Master_Path,_Gudivada_436430",Gudivada,Andhra_Pradesh,436430.0,Billing
TS-06100,CUST-12728,"53,_Madan_Marg
Dindigul-047542",Dindigul,Tamil_Nadu,47542.0,"Billing,_Shipping"
WB-06101,CUST-04069,"H.No._253
Basak_Path
Madhyamgram-725961",Madhyamgram,West_Bengal,725961.0,Billing
MP-06102,CUST-19619,"751
Badami_Road
Dehri_679086",Dehri,Bihar,679086.0,"Billing,_Shipping"
GJ-06103,CUST-10217,"H.No._63,_Kar_Ganj,_Allahabad_620104",Allahabad,Uttar_Pradesh,620104.0,Shipping
UP-06104,CUST-13188,"H.No._751,_Bora_Circle
Shahjahanpur_614107",Shahjahanpur,Uttar_Pradesh,614107.0,"Billing,_Shipping"
TN-06105,CUST-01597,"399,_Boase_Marg
Avadi_932931",Avadi,Tamil_Nadu,932931.0,Billing
TN-06106,CUST-18966,"H.No._07
Dada_Path
Salem_090232",Salem,Tamil_Nadu,90232.0,"Billing,_Shipping"
TR-06107,CUST-07215,"63/73,_Kurian_Road,_Durgapur_805883",Durgapur,West_Bengal,805883.0,Billing
KA-06108,CUST-04103,"72/00,_Rout_Path
Mangalore-421631",Mangalore,Karnataka,421631.0,Billing
MH-06109,CUST-09801,"160,_Boase_Nagar
Jalgaon-649887",Jalgaon,Maharashtra,649887.0,Billing
UP-06110,CUST-08718,"02/72
Agarwal_Chowk
Firozabad_100499",Firozabad,Uttar_Pradesh,100499.0,Billing
MH-06111,CUST-15719,"H.No._404,_Bhatt_Chowk,_Jalgaon_868798",Jalgaon,Maharashtra,868798.0,Billing
OR-06112,CUST-14684,"H.No._43
Amble_Marg
Mathura_538253",Mathura,Uttar_Pradesh,538253.0,Billing
JH-06113,CUST-15371,"32/55
Sami_Path
Mango-789379",Mango,Jharkhand,789379.0,Shipping
WB-06114,CUST-09633,"H.No._99
Mammen_Path
Bidhannagar_994056",Bidhannagar,West_Bengal,994056.0,Billing
TS-06115,CUST-15591,"H.No._050,_Halder_Nagar
Ramagundam-705244",Ramagundam,Telangana,705244.0,"Billing,_Shipping"
KA-06116,CUST-16769,"477,_Raju_Chowk
Amaravati_839983",Amaravati,Andhra_Pradesh,839983.0,"Billing,_Shipping"
MH-06117,CUST-03039,"72/18
Issac_Zila
Yamunanagar-052894",Yamunanagar,Haryana,52894.0,"Billing,_Shipping"
MP-06118,CUST-03536,"H.No._681,_Golla_Zila,_Jhansi_775823",Jhansi,Uttar_Pradesh,775823.0,Shipping
WB-06119,CUST-08501,"78/82,_Ramesh_Chowk,_Baranagar_570916",Baranagar,West_Bengal,570916.0,Billing
TS-06120,CUST-11777,"21,_Bhavsar_Path,_Ambala_970784",Ambala,Haryana,970784.0,"Billing,_Shipping"
HR-06121,CUST-15078,"H.No._94,_Keer_Marg,_Aurangabad-583202",Aurangabad,Maharashtra,583202.0,Shipping
UK-06122,CUST-04687,"H.No._41,_Hayre_Circle
Jalna_357533",Jalna,Maharashtra,357533.0,Billing
OR-06123,CUST-14755,"H.No._19,_Bahri_Zila
Bharatpur_609689",Bharatpur,Rajasthan,609689.0,Billing
AS-06124,CUST-10788,"240
Sachdev_Marg
Nagaon_808054",Nagaon,Assam,808054.0,Shipping
UK-06125,CUST-12255,"H.No._46
Manne_Path
Jalna-802441",Jalna,Maharashtra,802441.0,Billing
UP-06126,CUST-15250,"34/16,_Lal_Circle
Chapra-941064",Chapra,Bihar,941064.0,Shipping
RJ-06127,CUST-19035,"H.No._775
Sanghvi_Street
Fatehpur-660942",Fatehpur,Uttar_Pradesh,660942.0,Billing
MH-06128,CUST-17704,"26/13
Wadhwa_Zila
Jalgaon_590760",Jalgaon,Maharashtra,590760.0,Billing
CG-06129,CUST-11140,"H.No._44,_Warrior_Zila,_Bhilai_569132",Bhilai,Chhattisgarh,569132.0,Shipping
AS-06130,CUST-04519,"H.No._47,_Chaudhry_Marg,_Bongaigaon-320186",Bongaigaon,Assam,320186.0,Billing
HR-06131,CUST-13000,"05/858
Chawla_Nagar
Aurangabad-526060",Aurangabad,Maharashtra,526060.0,Shipping
GJ-06132,CUST-01259,"71/84
Wason_Nagar
Gandhidham_084856",Gandhidham,Gujarat,84856.0,Shipping
TN-06133,CUST-11562,"H.No._69
Sodhi_Circle
Pali_313255",Pali,Rajasthan,313255.0,Shipping
GJ-06134,CUST-12595,"73/271,_Shenoy_Nagar,_Kavali_423700",Kavali,Andhra_Pradesh,423700.0,"Billing,_Shipping"
TN-06135,CUST-18058,"H.No._049,_Vora_Zila
Chittoor-174300",Chittoor,Andhra_Pradesh,174300.0,"Billing,_Shipping"
MP-06136,CUST-14996,"H.No._535
Joshi_Marg
Gopalpur_564118",Gopalpur,Odisha,564118.0,Billing
OR-06137,CUST-00149,"491
Vora_Marg
Bharatpur-710913",Bharatpur,Rajasthan,710913.0,Billing
TN-06138,CUST-00882,"22/20,_Chanda_Marg,_Pali_669561",Pali,Rajasthan,669561.0,"Billing,_Shipping"
OR-06139,CUST-00355,"30/674
Chokshi_Street
Anantapur_373050",Anantapur,Andhra_Pradesh,373050.0,Billing
AS-06140,CUST-10369,"31,_Guha_Street,_Nagaon-202448",Nagaon,Assam,202448.0,"Billing,_Shipping"
GJ-06141,CUST-11590,"064,_Raval_Zila,_Jabalpur-714149",Jabalpur,Madhya_Pradesh,714149.0,"Billing,_Shipping"
MP-06142,CUST-05571,"89/01,_Lad_Road,_Jalandhar-046966",Jalandhar,Punjab,46966.0,Shipping
OR-06143,CUST-13134,"49,_Sani_Ganj
Anantapur-603636",Anantapur,Andhra_Pradesh,603636.0,"Billing,_Shipping"
MP-06144,CUST-18650,"22,_Srinivasan_Marg
Dehri-570869",Dehri,Bihar,570869.0,"Billing,_Shipping"
UK-06145,CUST-08657,"92/473,_Ramanathan_Ganj
Jalna-296736",Jalna,Maharashtra,296736.0,"Billing,_Shipping"
OR-06146,CUST-11510,"29,_Wali_Nagar,_Bilaspur_414053",Bilaspur,Chhattisgarh,414053.0,Shipping
MH-06147,CUST-15125,"H.No._34,_Sem_Path,_Guntur-244876",Guntur,Andhra_Pradesh,244876.0,Billing
WB-06148,CUST-16288,"769,_Koshy,_Aligarh_993741",Aligarh,Uttar_Pradesh,993741.0,Shipping
TR-06149,CUST-13210,"12/832
Sankaran_Nagar
Chandigarh_106236",Chandigarh,Chandigarh_(Union_Territory),106236.0,Shipping
UP-06150,CUST-13346,"88,_Gala_Marg,_Firozabad-573705",Firozabad,Uttar_Pradesh,573705.0,Billing
RJ-06151,CUST-09970,"H.No._84
Cherian_Path
Akola-686745",Akola,Maharashtra,686745.0,Shipping
UP-06152,CUST-05628,"07/63,_Doctor_Path,_Gurgaon-315642",Gurgaon,Haryana,315642.0,Shipping
UP-06153,CUST-06359,"H.No._863
Bassi_Path
Ahmedabad-555262",Ahmedabad,Gujarat,555262.0,Shipping
MH-06154,CUST-10660,"762
Chander_Zila
Guntur_989268",Guntur,Andhra_Pradesh,989268.0,Shipping
WB-06155,CUST-04560,"18,_Kashyap_Nagar
Panihati-489154",Panihati,West_Bengal,489154.0,Billing
KA-06156,CUST-02951,"69/33,_Gill,_Hospet_062936",Hospet,Karnataka,62936.0,Shipping
UP-06157,CUST-14431,"106,_Setty_Zila,_Bhagalpur-239452",Bhagalpur,Bihar,239452.0,Billing
JH-06158,CUST-17361,"350,_Gupta_Chowk,_Phusro_179050",Phusro,Jharkhand,179050.0,"Billing,_Shipping"
WB-06159,CUST-13236,"13/24,_Bobal_Path,_Uluberia_803397",Uluberia,West_Bengal,803397.0,Shipping
UP-06160,CUST-10232,"H.No._51,_Gopal_Nagar
Chapra-467813",Chapra,Bihar,467813.0,Billing
BR-06161,CUST-04559,"H.No._51
Kar_Street
Purnia-992689",Purnia,Bihar,992689.0,Shipping
MH-06162,CUST-12382,"864
Kala_Nagar
Guntur_136930",Guntur,Andhra_Pradesh,136930.0,"Billing,_Shipping"
UP-06163,CUST-05759,"04,_Manne_Circle
Shahjahanpur_131971",Shahjahanpur,Uttar_Pradesh,131971.0,"Billing,_Shipping"
CG-06164,CUST-19430,"97/151,_Subramaniam_Circle,_Sambalpur-569089",Sambalpur,Odisha,569089.0,"Billing,_Shipping"
BR-06165,CUST-09835,"H.No._903,_Viswanathan_Zila
Ballia-668009",Ballia,Uttar_Pradesh,668009.0,Shipping
UP-06166,CUST-12561,"73/671
Butala_Chowk
Muzaffarpur_305737",Muzaffarpur,Bihar,305737.0,Shipping
MH-06167,CUST-15998,"H.No._43
Anand_Marg
Malegaon_638717",Malegaon,Maharashtra,638717.0,Billing
AP-06168,CUST-12440,"70,_Goswami_Chowk,_Gudivada_713036",Gudivada,Andhra_Pradesh,713036.0,"Billing,_Shipping"
OR-06169,CUST-02321,"79,_Devan_Ganj,_Danapur-962464",Danapur,Bihar,962464.0,Billing
AP-06170,CUST-09398,"62,_Deol_Path
Jammu_045481",Jammu,Jammu_and_Kashmir,45481.0,Billing
BR-06171,CUST-13708,"H.No._86
Tandon_Path
Buxar_223325",Buxar,Bihar,223325.0,"Billing,_Shipping"
HR-06172,CUST-09975,"H.No._092
Mall
Aurangabad_361870",Aurangabad,Maharashtra,361870.0,Billing
AP-06173,CUST-14793,"20
Agrawal_Circle
Dharmavaram_413922",Dharmavaram,Andhra_Pradesh,413922.0,"Billing,_Shipping"
BR-06175,CUST-18496,"294,_Varty_Marg,_Purnia-892580",Purnia,Bihar,892580.0,"Billing,_Shipping"
MP-06176,CUST-02360,"01/515,_Varty_Path,_Kishanganj_655135",Kishanganj,Bihar,655135.0,"Billing,_Shipping"
MP-06177,CUST-10878,"H.No._955,_Iyer_Path,_Kishanganj-840233",Kishanganj,Bihar,840233.0,Shipping
HR-06178,CUST-14379,"64
Kanda_Marg
Siwan_433216",Siwan,Bihar,433216.0,Billing
BR-06179,CUST-10723,"20,_Shroff_Road,_Buxar_234626",Buxar,Bihar,234626.0,Shipping
TN-06180,CUST-11358,"H.No._625
Gera_Path
Gandhinagar_178446",Gandhinagar,Gujarat,178446.0,Shipping
WB-06181,CUST-06484,"02/11
Solanki_Ganj
Bally-405386",Bally,West_Bengal,405386.0,"Billing,_Shipping"
TS-06182,CUST-12187,"839
Edwin_Chowk
Dindigul-955604",Dindigul,Tamil_Nadu,955604.0,"Billing,_Shipping"
OR-06184,CUST-19789,"62/614,_Mandal_Zila,_Bharatpur_495868",Bharatpur,Rajasthan,495868.0,Billing
TN-06185,CUST-10154,"62/479,_Mangat_Path,_Tiruppur_057740",Tiruppur,Tamil_Nadu,57740.0,Billing
GJ-06186,CUST-10457,"609,_Grover,_Kavali-297377",Kavali,Andhra_Pradesh,297377.0,Billing
AP-06187,CUST-17334,"42/215,_Batra_Nagar,_Bhimavaram_967141",Bhimavaram,Andhra_Pradesh,967141.0,"Billing,_Shipping"
UP-06188,CUST-03026,"357
Bhatti_Marg
Jamalpur-519672",Jamalpur,Bihar,519672.0,Shipping
MP-06189,CUST-16362,"72,_Dua_Road
Mau_619706",Mau,Uttar_Pradesh,619706.0,Billing
HR-06190,CUST-08094,"37/56
Seshadri_Nagar
Bikaner-120345",Bikaner,Rajasthan,120345.0,Billing
AP-06191,CUST-18702,"70,_Chakrabarti_Nagar,_Anantapuram-141779",Anantapuram,Andhra_Pradesh,141779.0,"Billing,_Shipping"
AS-06192,CUST-11012,"022,_Dora,_Bongaigaon-509022",Bongaigaon,Assam,509022.0,"Billing,_Shipping"
BR-06193,CUST-05110,"H.No._993,_Khanna_Nagar
Purnia-664471",Purnia,Bihar,664471.0,"Billing,_Shipping"
MP-06194,CUST-10047,"49/91,_Bhavsar_Marg,_Indore-503095",Indore,Madhya_Pradesh,503095.0,Shipping
AP-06195,CUST-07142,"71,_Butala_Street
Dharmavaram_431243",Dharmavaram,Andhra_Pradesh,431243.0,Billing
AP-06196,CUST-01560,"424
Viswanathan_Marg
Jammu_730505",Jammu,Jammu_and_Kashmir,730505.0,"Billing,_Shipping"
TS-06197,CUST-01093,"93/99
Kothari_Zila
Ramagundam-963488",Ramagundam,Telangana,963488.0,Billing
AP-06198,CUST-14948,"65
Sharaf_Street
Srikakulam-564278",Srikakulam,Andhra_Pradesh,564278.0,"Billing,_Shipping"
OR-06199,CUST-08610,"H.No._77,_Tripathi_Nagar
Bijapur-285481",Bijapur,Karnataka,285481.0,Shipping
KA-06200,CUST-09582,"901,_Cheema_Circle
Solapur-012272",Solapur,Maharashtra,12272.0,Shipping
CG-06201,CUST-16945,"627,_Kuruvilla_Road,_Nagpur-879708",Nagpur,Maharashtra,879708.0,Billing
MP-06202,CUST-13850,"82/90
Dugar_Ganj
Kishanganj-271257",Kishanganj,Bihar,271257.0,"Billing,_Shipping"
UP-06203,CUST-14905,"96
Hora_Marg
Mirzapur-771562",Mirzapur,Uttar_Pradesh,771562.0,Billing
JH-06204,CUST-11949,"21/66
Buch_Circle
Mango_783181",Mango,Jharkhand,783181.0,Shipping
OR-06205,CUST-18941,"44/292,_Salvi_Zila,_Danapur-091284",Danapur,Bihar,91284.0,"Billing,_Shipping"
KA-06206,CUST-08557,"60/47,_Rege_Marg
Hosur-506880",Hosur,Tamil_Nadu,506880.0,Shipping
WB-06207,CUST-10129,"83,_Dara_Street
Bidhannagar-569450",Bidhannagar,West_Bengal,569450.0,"Billing,_Shipping"
KA-06208,CUST-00241,"24/07
Sathe_Nagar
Hosur_585589",Hosur,Tamil_Nadu,585589.0,Shipping
WB-06209,CUST-06023,"H.No._60
Dar_Zila
Bhatpara_125086",Bhatpara,West_Bengal,125086.0,"Billing,_Shipping"
WB-06210,CUST-11879,"81
Bora_Zila
Bhatpara-956356",Bhatpara,West_Bengal,956356.0,"Billing,_Shipping"
MP-06211,CUST-14346,"47/98,_Hora_Circle,_Kota_635886",Kota,Rajasthan,635886.0,Shipping
MP-06212,CUST-01327,"H.No._45,_Hegde_Ganj
Mau_028166",Mau,Uttar_Pradesh,28166.0,Billing
RJ-06213,CUST-11568,"253,_Bhattacharyya_Circle
Rajkot-906707",Rajkot,Gujarat,906707.0,Billing
GJ-06215,CUST-10162,"63
Cheema_Marg
Hajipur-129030",Hajipur,Bihar,129030.0,"Billing,_Shipping"
MP-06216,CUST-12635,"H.No._175
Dara_Circle
Dehri-293703",Dehri,Bihar,293703.0,"Billing,_Shipping"
MH-06217,CUST-13966,"93/74
Agrawal_Nagar
Bhiwandi_388613",Bhiwandi,Maharashtra,388613.0,Shipping
TN-06218,CUST-14672,"67/49,_Dubey_Nagar
Tiruvottiyur_700662",Tiruvottiyur,Tamil_Nadu,700662.0,Billing
RJ-06219,CUST-08274,"H.No._553
Chada_Ganj
Akola-233235",Akola,Maharashtra,233235.0,"Billing,_Shipping"
KA-06220,CUST-12162,"937
Cheema_Nagar
Hospet-443693",Hospet,Karnataka,443693.0,Billing
UP-06221,CUST-03258,"01
Tiwari_Zila
Burhanpur_231510",Burhanpur,Madhya_Pradesh,231510.0,Billing
CG-06222,CUST-19802,"71/383,_Raju_Circle,_Bhilai_300339",Bhilai,Chhattisgarh,300339.0,"Billing,_Shipping"
MH-06223,CUST-18418,"73/886,_Suresh_Ganj,_Guntur_244723",Guntur,Andhra_Pradesh,244723.0,Shipping
OR-06224,CUST-19158,"75/63
Gole_Zila
Bijapur-333231",Bijapur,Karnataka,333231.0,Billing
CG-06225,CUST-09731,"184,_Sathe_Path
Bhilai_043738",Bhilai,Chhattisgarh,43738.0,"Billing,_Shipping"
MP-06226,CUST-13061,"H.No._556
Trivedi_Path
Jodhpur-133855",Jodhpur,Rajasthan,133855.0,"Billing,_Shipping"
RJ-06227,CUST-02328,"91/689
Ramanathan_Path
Fatehpur_653113",Fatehpur,Uttar_Pradesh,653113.0,"Billing,_Shipping"
CG-06228,CUST-06014,"07,_Upadhyay_Road
Sagar_236603",Sagar,Madhya_Pradesh,236603.0,"Billing,_Shipping"
JH-06229,CUST-18629,"50/634,_Raj_Zila,_Asansol_278510",Asansol,West_Bengal,278510.0,"Billing,_Shipping"
UP-06230,CUST-01900,"70/203
Saha_Chowk
Gurgaon_977158",Gurgaon,Haryana,977158.0,Shipping
AP-06231,CUST-13097,"577
Wali_Zila
Srikakulam-208593",Srikakulam,Andhra_Pradesh,208593.0,Billing
MP-06232,CUST-12750,"66/68,_Cheema_Marg,_Dehri-461128",Dehri,Bihar,461128.0,Shipping
TN-06233,CUST-06432,"78/62
Dass_Nagar
Pallavaram_568053",Pallavaram,Tamil_Nadu,568053.0,Billing
MH-06234,CUST-14726,"H.No._01,_Solanki_Chowk,_Nanded-584487",Nanded,Maharashtra,584487.0,Billing
MP-06235,CUST-15445,"02,_Sehgal_Ganj,_Jalandhar_021673",Jalandhar,Punjab,21673.0,"Billing,_Shipping"
GJ-06236,CUST-06987,"47/23,_Kant,_Gandhidham-223215",Gandhidham,Gujarat,223215.0,Billing
JH-06237,CUST-15543,"34/794,_Dewan_Chowk,_Mango_482155",Mango,Jharkhand,482155.0,Billing
MH-06238,CUST-14705,"H.No._53,_Gill_Road,_Satara_377892",Satara,Maharashtra,377892.0,"Billing,_Shipping"
TS-06239,CUST-00844,"88/72,_Aggarwal_Zila
Ramagundam_286098",Ramagundam,Telangana,286098.0,"Billing,_Shipping"
OR-06240,CUST-17865,"H.No._61,_Majumdar
Bilaspur_760046",Bilaspur,Chhattisgarh,760046.0,Billing
MP-06241,CUST-03731,"609,_Dewan_Circle,_Mau_400331",Mau,Uttar_Pradesh,400331.0,Shipping
AS-06242,CUST-13345,"72
Dash_Chowk
Bongaigaon_183661",Bongaigaon,Assam,183661.0,Shipping
MP-06243,CUST-10672,"43,_Char_Street
Dehri-634624",Dehri,Bihar,634624.0,"Billing,_Shipping"
UP-06244,CUST-06398,"H.No._21,_Bhavsar_Chowk,_Raipur_267865",Raipur,Chhattisgarh,267865.0,Shipping
JH-06245,CUST-10500,"H.No._75
Rajagopal_Road
Asansol-057689",Asansol,West_Bengal,57689.0,"Billing,_Shipping"
GJ-06246,CUST-07118,"90/992
Barad_Zila
Jabalpur-893864",Jabalpur,Madhya_Pradesh,893864.0,Billing
KL-06247,CUST-14182,"998,_Dixit_Ganj,_Kollam-326126",Kollam,Kerala,326126.0,Billing
AP-06248,CUST-18006,"88,_Bansal_Street,_Bhimavaram-844251",Bhimavaram,Andhra_Pradesh,844251.0,"Billing,_Shipping"
WB-06249,CUST-13875,"54
Rana_Chowk
Bhatpara_630409",Bhatpara,West_Bengal,630409.0,Billing
WB-06250,CUST-15863,"H.No._326,_Konda
Aligarh-803185",Aligarh,Uttar_Pradesh,803185.0,Shipping
AP-06251,CUST-17095,"205
Kaul_Circle
Gudivada-093386",Gudivada,Andhra_Pradesh,93386.0,Shipping
BR-06252,CUST-18340,"H.No._78,_Lad_Chowk,_Munger_748771",Munger,Bihar,748771.0,Shipping
BR-06253,CUST-00798,"H.No._59,_Bhatt_Street,_Purnia-731276",Purnia,Bihar,731276.0,Billing
AS-06254,CUST-08670,"98,_Date_Zila
Siliguri_081133",Siliguri,West_Bengal,81133.0,Shipping
OR-06255,CUST-13515,"H.No._941
Bhargava_Zila
Danapur-626526",Danapur,Bihar,626526.0,Shipping
MH-06256,CUST-13003,"071
Ahluwalia_Nagar
Rampur-262076",Rampur,Uttar_Pradesh,262076.0,"Billing,_Shipping"
CG-06257,CUST-19414,"73/46
Dash_Path
Nagpur-814805",Nagpur,Maharashtra,814805.0,Billing
GJ-06258,CUST-16917,"H.No._48
Hari_Path
Allahabad_231098",Allahabad,Uttar_Pradesh,231098.0,Billing
MP-06259,CUST-07382,"73/90
Shukla
Unnao_131032",Unnao,Uttar_Pradesh,131032.0,Billing
UP-06260,CUST-06613,"77/579,_Grover_Chowk
Ahmedabad_873793",Ahmedabad,Gujarat,873793.0,Billing
JH-06261,CUST-15304,"72/61,_Batta_Circle,_Asansol_774709",Asansol,West_Bengal,774709.0,"Billing,_Shipping"
WB-06262,CUST-14687,"H.No._29,_Ray_Street,_Kamarhati_314769",Kamarhati,West_Bengal,314769.0,"Billing,_Shipping"
MP-06263,CUST-18751,"H.No._171,_Loyal_Circle
Ramgarh_024524",Ramgarh,Jharkhand,24524.0,"Billing,_Shipping"
RJ-06265,CUST-03501,"66
Suri_Nagar
Fatehpur_404499",Fatehpur,Uttar_Pradesh,404499.0,Shipping
CG-06266,CUST-19358,"H.No._92
Mannan_Path
Malda-587364",Malda,West_Bengal,587364.0,Billing
MP-06267,CUST-03569,"57/544,_Raju_Ganj
Jodhpur_157999",Jodhpur,Rajasthan,157999.0,"Billing,_Shipping"
WB-06268,CUST-19550,"H.No._04,_Raju_Circle
Bally_214967",Bally,West_Bengal,214967.0,"Billing,_Shipping"
WB-06269,CUST-17235,"575
Garde_Chowk
Bidhannagar-534377",Bidhannagar,West_Bengal,534377.0,Shipping
MP-06270,CUST-16581,"H.No._15,_Khosla_Road,_Ramgarh-438652",Ramgarh,Jharkhand,438652.0,Billing
TN-06271,CUST-06223,"710,_Sen_Nagar,_Pallavaram-617221",Pallavaram,Tamil_Nadu,617221.0,"Billing,_Shipping"
OR-06272,CUST-16950,"H.No._381,_Chaudry_Ganj
Danapur_124366",Danapur,Bihar,124366.0,Shipping
TN-06273,CUST-14828,"576,_Talwar_Chowk,_Vellore-822959",Vellore,Tamil_Nadu,822959.0,Billing
OR-06274,CUST-16215,"05,_Hayer_Ganj
Berhampur-181477",Berhampur,Odisha,181477.0,Billing
HR-06275,CUST-10787,"585,_Batra_Ganj,_Aurangabad-549614",Aurangabad,Maharashtra,549614.0,Shipping
WB-06276,CUST-14173,"38
Mammen_Zila
Uluberia-228678",Uluberia,West_Bengal,228678.0,Shipping
CG-06277,CUST-16981,"H.No._253,_Sharma_Ganj
Bhilai_102089",Bhilai,Chhattisgarh,102089.0,Shipping
MP-06278,CUST-16215,"15
Desai_Zila
Agra-742347",Agra,Uttar_Pradesh,742347.0,Shipping
TN-06279,CUST-08933,"04/955,_Savant_Road,_Tiruvottiyur_813242",Tiruvottiyur,Tamil_Nadu,813242.0,Billing
MP-06280,CUST-01387,"22/696,_Sharaf_Road
Khandwa_707225",Khandwa,Madhya_Pradesh,707225.0,"Billing,_Shipping"
UP-06281,CUST-00067,"339,_Banerjee_Nagar
Chapra_851364",Chapra,Bihar,851364.0,Billing
TS-06282,CUST-01281,"68
Dass_Marg
Srinagar_086574",Srinagar,Jammu_and_Kashmir,86574.0,"Billing,_Shipping"
MP-06283,CUST-15372,"86/612,_Sarma_Ganj,_Dehri-355493",Dehri,Bihar,355493.0,"Billing,_Shipping"
BR-06284,CUST-00503,"08,_Contractor,_Purnia-079839",Purnia,Bihar,79839.0,Billing
KA-06285,CUST-15982,"44/628,_Edwin_Path
Tumkur_289615",Tumkur,Karnataka,289615.0,Billing
MP-06286,CUST-14119,"H.No._58,_Mangal,_Kishanganj_379050",Kishanganj,Bihar,379050.0,"Billing,_Shipping"
MH-06287,CUST-16108,"68/83,_Bali_Chowk,_Bhiwandi_130974",Bhiwandi,Maharashtra,130974.0,Shipping
WB-06288,CUST-15599,"H.No._03,_Deshpande_Street
Arrah-508523",Arrah,Bihar,508523.0,Shipping
TS-06289,CUST-01558,"H.No._31
Kala_Marg
Proddatur-328689",Proddatur,Andhra_Pradesh,328689.0,Billing
TS-06290,CUST-13403,"H.No._710
Saxena_Path
Proddatur-872700",Proddatur,Andhra_Pradesh,872700.0,"Billing,_Shipping"
TS-06291,CUST-16445,"33/953,_Swamy_Circle
Proddatur_306444",Proddatur,Andhra_Pradesh,306444.0,Shipping
MP-06292,CUST-01794,"194,_Kapur_Path
Indore-554852",Indore,Madhya_Pradesh,554852.0,Billing
OR-06293,CUST-19555,"60/55,_Devan_Street
Haldia-302471",Haldia,West_Bengal,302471.0,Billing
BR-06294,CUST-18475,"H.No._492,_Sanghvi_Marg
Jaipur-116311",Jaipur,Rajasthan,116311.0,Shipping
MH-06295,CUST-10977,"34
Sibal_Circle
Loni_134872",Loni,Uttar_Pradesh,134872.0,Billing
OR-06296,CUST-15601,"H.No._874,_Bose_Zila
Danapur_043274",Danapur,Bihar,43274.0,"Billing,_Shipping"
CG-06297,CUST-00576,"76/977
Tata_Chowk
Nagpur_219821",Nagpur,Maharashtra,219821.0,Billing
OR-06298,CUST-01725,"873,_Kaur_Street,_Chandrapur-110997",Chandrapur,Maharashtra,110997.0,Shipping
AP-06299,CUST-12104,"H.No._954,_Kakar_Circle,_Dharmavaram-464966",Dharmavaram,Andhra_Pradesh,464966.0,Billing
OR-06300,CUST-15329,"H.No._14
Lal_Road
Bharatpur_829655",Bharatpur,Rajasthan,829655.0,Shipping
KA-06301,CUST-11768,"H.No._82,_Gala_Circle
Tumkur-252451",Tumkur,Karnataka,252451.0,Shipping
AP-06302,CUST-18972,"53/573,_Saha_Road,_Gudivada-992279",Gudivada,Andhra_Pradesh,992279.0,"Billing,_Shipping"
UP-06303,CUST-11645,"49,_Sanghvi_Ganj
Firozabad_525199",Firozabad,Uttar_Pradesh,525199.0,Billing
WB-06304,CUST-04131,"H.No._992
Deshmukh_Zila
Madhyamgram-093107",Madhyamgram,West_Bengal,93107.0,Shipping
MP-06305,CUST-16774,"H.No._361,_Shroff_Ganj
Dehri-326812",Dehri,Bihar,326812.0,Billing
UP-06306,CUST-19671,"33/29,_Chopra_Circle,_Gurgaon-594209",Gurgaon,Haryana,594209.0,Billing
WB-06307,CUST-17523,"11/992,_Saini_Chowk
Bidhannagar-844567",Bidhannagar,West_Bengal,844567.0,"Billing,_Shipping"
TN-06308,CUST-13139,"H.No._087,_Suresh_Road,_Gandhinagar_253758",Gandhinagar,Gujarat,253758.0,Billing
CG-06309,CUST-07823,"11/40
Saran_Circle
Bhilai-857165",Bhilai,Chhattisgarh,857165.0,Shipping
GJ-06310,CUST-12714,"70/368,_Sura_Ganj
Vadodara_651739",Vadodara,Gujarat,651739.0,Billing
BR-06311,CUST-06780,"H.No._27
Dave_Path
Munger_914490",Munger,Bihar,914490.0,"Billing,_Shipping"
OR-06312,CUST-04002,"969,_Apte_Zila,_Bharatpur-576254",Bharatpur,Rajasthan,576254.0,Billing
TR-06313,CUST-13658,"34/478
Soni_Road
Chandigarh_479007",Chandigarh,Chandigarh_(Union_Territory),479007.0,Billing
AP-06314,CUST-18993,"84/069,_Maharaj_Ganj,_Bhimavaram-210663",Bhimavaram,Andhra_Pradesh,210663.0,Billing
MP-06315,CUST-19507,"45/59
Kala_Zila
Dehri-864009",Dehri,Bihar,864009.0,Shipping
JH-06316,CUST-02645,"70/981,_Gole_Zila,_Asansol_924716",Asansol,West_Bengal,924716.0,"Billing,_Shipping"
JH-06318,CUST-19021,"301,_Ganesh_Nagar
Mango_839003",Mango,Jharkhand,839003.0,"Billing,_Shipping"
OR-06319,CUST-00927,"H.No._273
Suresh
Danapur_107938",Danapur,Bihar,107938.0,"Billing,_Shipping"
MP-06320,CUST-08121,"30,_Kadakia_Street
Kota_969147",Kota,Rajasthan,969147.0,Billing
OR-06321,CUST-11887,"H.No._288
Bhakta_Chowk
Bilaspur_571501",Bilaspur,Chhattisgarh,571501.0,"Billing,_Shipping"
UP-06322,CUST-03547,"83/66,_Yadav_Path
Ahmedabad-395118",Ahmedabad,Gujarat,395118.0,Billing
MP-06323,CUST-09984,"24/94
Kapadia_Chowk
Jodhpur_747732",Jodhpur,Rajasthan,747732.0,Shipping
KA-06324,CUST-19654,"008
Dey_Road
Amaravati_047713",Amaravati,Andhra_Pradesh,47713.0,Billing
WB-06325,CUST-00198,"622,_Sarkar_Marg
Bhatpara_916146",Bhatpara,West_Bengal,916146.0,Billing
GJ-06326,CUST-10210,"H.No._188,_Sawhney_Nagar
Allahabad_666496",Allahabad,Uttar_Pradesh,666496.0,"Billing,_Shipping"
MP-06327,CUST-05050,"925,_Divan_Path
Gopalpur_459142",Gopalpur,Odisha,459142.0,Shipping
RJ-06328,CUST-15342,"H.No._42,_Saini_Zila
Akola-997133",Akola,Maharashtra,997133.0,Billing
TN-06329,CUST-00341,"H.No._446,_Keer_Street,_Pallavaram_018125",Pallavaram,Tamil_Nadu,18125.0,Shipping
UP-06330,CUST-19261,"26
Soni_Zila
Burhanpur_188417",Burhanpur,Madhya_Pradesh,188417.0,Billing
BR-06331,CUST-17176,"40/566,_Tank_Path,_Satna-379114",Satna,Madhya_Pradesh,379114.0,Shipping
GJ-06332,CUST-03866,"476
Buch_Street
Jabalpur-814881",Jabalpur,Madhya_Pradesh,814881.0,"Billing,_Shipping"
MP-06333,CUST-11037,"837,_Basu_Nagar
Gopalpur_953467",Gopalpur,Odisha,953467.0,"Billing,_Shipping"
AP-06334,CUST-08592,"H.No._31
Vasa_Street
Dharmavaram-270158",Dharmavaram,Andhra_Pradesh,270158.0,"Billing,_Shipping"
MH-06335,CUST-02434,"09/851,_Kamdar_Nagar,_Karnal-396323",Karnal,Haryana,396323.0,Shipping
AP-06336,CUST-12507,"40/618
Shan_Nagar
Anantapuram-610316",Anantapuram,Andhra_Pradesh,610316.0,Shipping
TS-06337,CUST-02909,"15/767,_Dutta_Circle
Srinagar_589635",Srinagar,Jammu_and_Kashmir,589635.0,Shipping
TS-06338,CUST-03575,"70/366,_Shah_Street
Dindigul_469960",Dindigul,Tamil_Nadu,469960.0,"Billing,_Shipping"
MH-06339,CUST-16123,"13/69
Korpal_Road
Rampur-260458",Rampur,Uttar_Pradesh,260458.0,Shipping
MH-06340,CUST-14295,"551,_Saini_Circle,_Karnal-172783",Karnal,Haryana,172783.0,Billing
MP-06341,CUST-08063,"07/73,_Swaminathan_Ganj
Jalandhar_907844",Jalandhar,Punjab,907844.0,"Billing,_Shipping"
TS-06342,CUST-03179,"H.No._245,_Date_Chowk,_Srinagar-844533",Srinagar,Jammu_and_Kashmir,844533.0,"Billing,_Shipping"
DL-06343,CUST-04454,"55,_Chaudhry_Nagar,_Delhi_706579",Delhi,Delhi_(Union_Territory),706579.0,"Billing,_Shipping"
WB-06344,CUST-13716,"10/45,_Ratti_Circle,_Uluberia_101668",Uluberia,West_Bengal,101668.0,Billing
WB-06345,CUST-04723,"66/818
Wadhwa_Marg
Bidhannagar_181521",Bidhannagar,West_Bengal,181521.0,Shipping
MH-06346,CUST-13559,"H.No._52
Tiwari_Ganj
Malegaon_812770",Malegaon,Maharashtra,812770.0,"Billing,_Shipping"
UP-06347,CUST-13728,"H.No._14
Bath_Chowk
Karimnagar-331488",Karimnagar,Telangana,331488.0,"Billing,_Shipping"
TS-06348,CUST-12387,"H.No._04
Sankar_Street
Dindigul_063370",Dindigul,Tamil_Nadu,63370.0,"Billing,_Shipping"
BR-06349,CUST-03041,"H.No._688,_Kalla_Zila,_Munger-457482",Munger,Bihar,457482.0,Billing
WB-06350,CUST-05485,"H.No._53
Biswas_Road
Uluberia_823970",Uluberia,West_Bengal,823970.0,"Billing,_Shipping"
MH-06351,CUST-16668,"H.No._34,_Mall_Road,_Yamunanagar_702011",Yamunanagar,Haryana,702011.0,Billing
MH-06352,CUST-16835,"H.No._21,_Hans_Street
Nanded-810481",Nanded,Maharashtra,810481.0,"Billing,_Shipping"
JH-06353,CUST-01757,"H.No._463,_Rattan_Street
Mango_505728",Mango,Jharkhand,505728.0,Billing
WB-06354,CUST-17705,"96/89
Warrior_Nagar
Bhatpara-219345",Bhatpara,West_Bengal,219345.0,Shipping
BR-06355,CUST-15281,"20/60
Tak_Street
Ballia_360642",Ballia,Uttar_Pradesh,360642.0,"Billing,_Shipping"
OR-06356,CUST-19425,"H.No._79,_Gara_Chowk,_Anantapur-808185",Anantapur,Andhra_Pradesh,808185.0,"Billing,_Shipping"
KA-06357,CUST-12720,"571,_Gupta_Path
Tumkur_453634",Tumkur,Karnataka,453634.0,Billing
TN-06358,CUST-18228,"88/57,_Sood_Path
Tiruvottiyur_429475",Tiruvottiyur,Tamil_Nadu,429475.0,Shipping
OR-06359,CUST-14912,"91/40,_Agarwal_Circle,_Berhampur-565091",Berhampur,Odisha,565091.0,Shipping
UK-06360,CUST-19809,"69/88
Sathe_Circle
Jalna-386973",Jalna,Maharashtra,386973.0,Billing
TN-06361,CUST-06545,"H.No._85,_Kothari_Path,_Tiruppur_760247",Tiruppur,Tamil_Nadu,760247.0,Shipping
WB-06362,CUST-02388,"423,_Borra_Street
Arrah-174706",Arrah,Bihar,174706.0,Shipping
RJ-06363,CUST-13088,"89/32
Contractor_Street
Dewas-255007",Dewas,Madhya_Pradesh,255007.0,Billing
UP-06364,CUST-09846,"63/65,_Sami_Road,_Sambhal-464178",Sambhal,Uttar_Pradesh,464178.0,Shipping
RJ-06365,CUST-05384,"52/87
Bhatt
Fatehpur-373908",Fatehpur,Uttar_Pradesh,373908.0,Shipping
BR-06366,CUST-15729,"650,_Chhabra_Ganj,_Purnia_822254",Purnia,Bihar,822254.0,Shipping
AP-06367,CUST-15162,"29/907
Dhar_Street
Dharmavaram_290823",Dharmavaram,Andhra_Pradesh,290823.0,"Billing,_Shipping"
TN-06368,CUST-00316,"01,_Lad_Chowk,_Pallavaram-268808",Pallavaram,Tamil_Nadu,268808.0,Shipping
TN-06370,CUST-11496,"H.No._22,_Sundaram_Circle
Pallavaram_414209",Pallavaram,Tamil_Nadu,414209.0,Shipping
CG-06371,CUST-12666,"73/207,_Bansal_Circle
Sambalpur-288649",Sambalpur,Odisha,288649.0,Billing
TS-06372,CUST-14426,"20
Borah_Marg
Ramagundam_759138",Ramagundam,Telangana,759138.0,Billing
TS-06373,CUST-11365,"18,_Biswas_Street
Sirsa_809739",Sirsa,Haryana,809739.0,"Billing,_Shipping"
JH-06374,CUST-05454,"H.No._91,_Solanki_Circle
Asansol-661488",Asansol,West_Bengal,661488.0,"Billing,_Shipping"
OR-06375,CUST-16847,"H.No._006,_Vyas_Marg
Bijapur_283122",Bijapur,Karnataka,283122.0,"Billing,_Shipping"
AS-06376,CUST-01594,"68/05,_Bhatt_Zila,_Nagaon_830660",Nagaon,Assam,830660.0,"Billing,_Shipping"
CG-06377,CUST-00631,"78/853
Bhakta_Road
Bhilai-430891",Bhilai,Chhattisgarh,430891.0,Shipping
MP-06378,CUST-15471,"042,_Devan_Marg,_Kota_377178",Kota,Rajasthan,377178.0,"Billing,_Shipping"
TN-06379,CUST-10561,"62,_Dewan_Path,_Chittoor-027854",Chittoor,Andhra_Pradesh,27854.0,Shipping
RJ-06380,CUST-19697,"H.No._56,_Saran_Road,_Rajkot_641929",Rajkot,Gujarat,641929.0,"Billing,_Shipping"
TS-06381,CUST-04750,"03
Sunder_Chowk
Ambala_897735",Ambala,Haryana,897735.0,Shipping
CG-06382,CUST-17789,"002,_Chaudhary_Circle
Nagpur-962148",Nagpur,Maharashtra,962148.0,Billing
WB-06383,CUST-19853,"218,_Halder_Circle,_Baranagar_940087",Baranagar,West_Bengal,940087.0,Billing
BR-06384,CUST-05392,"H.No._86,_Karan_Circle
Purnia_040824",Purnia,Bihar,40824.0,Billing
AS-06386,CUST-16624,"H.No._71,_Ramesh_Path
Nagaon-209493",Nagaon,Assam,209493.0,Billing
OR-06387,CUST-16461,"H.No._769,_Kumer
Danapur_202583",Danapur,Bihar,202583.0,"Billing,_Shipping"
TN-06388,CUST-09707,"H.No._154,_Majumdar_Circle,_Avadi-391667",Avadi,Tamil_Nadu,391667.0,"Billing,_Shipping"
UP-06389,CUST-08995,"H.No._279
Sheth_Circle
Burhanpur-587629",Burhanpur,Madhya_Pradesh,587629.0,Shipping
KA-06390,CUST-07110,"483,_Malhotra_Street
Solapur-624388",Solapur,Maharashtra,624388.0,Billing
JH-06391,CUST-15059,"H.No._42,_Chowdhury_Street,_Phusro_320413",Phusro,Jharkhand,320413.0,Shipping
WB-06392,CUST-00482,"H.No._58
Dhawan_Road
Arrah_038682",Arrah,Bihar,38682.0,Billing
MP-06393,CUST-12680,"H.No._383,_Ranganathan_Path
Dehri_673707",Dehri,Bihar,673707.0,Billing
AP-06394,CUST-05429,"45/25
Warrior_Zila
Srikakulam-039712",Srikakulam,Andhra_Pradesh,39712.0,Billing
AS-06395,CUST-17722,"22,_Bhardwaj_Circle
Nagaon-172695",Nagaon,Assam,172695.0,Billing
CG-06396,CUST-14949,"H.No._701
Wali_Path
Sambalpur-028406",Sambalpur,Odisha,28406.0,Billing
MP-06397,CUST-01039,"180,_Mahal_Marg,_Agra-978853",Agra,Uttar_Pradesh,978853.0,Shipping
OR-06398,CUST-05352,"68
Khosla_Street
Mathura_930625",Mathura,Uttar_Pradesh,930625.0,"Billing,_Shipping"
MP-06399,CUST-04424,"63
Kala_Ganj
Jhansi-854913",Jhansi,Uttar_Pradesh,854913.0,Shipping
BR-06400,CUST-19474,"H.No._586
Dass_Street
Jaipur-176800",Jaipur,Rajasthan,176800.0,"Billing,_Shipping"
UP-06401,CUST-19062,"H.No._80,_Toor_Road
Gurgaon-498514",Gurgaon,Haryana,498514.0,"Billing,_Shipping"
WB-06402,CUST-01235,"H.No._20,_Grover_Nagar,_Bidhannagar_118051",Bidhannagar,West_Bengal,118051.0,Shipping
AP-06403,CUST-16209,"04,_Rana_Road,_Anantapuram-587575",Anantapuram,Andhra_Pradesh,587575.0,Billing
WB-06404,CUST-15563,"H.No._588,_Sridhar_Nagar,_Naihati_824598",Naihati,West_Bengal,824598.0,Shipping
GJ-06405,CUST-16066,"32/425,_Gade_Street
Ajmer-036328",Ajmer,Rajasthan,36328.0,"Billing,_Shipping"
JH-06406,CUST-19733,"57/020,_Bir_Circle
Asansol_194986",Asansol,West_Bengal,194986.0,Shipping
KA-06407,CUST-04981,"49/695
Saha_Nagar
Amaravati_948846",Amaravati,Andhra_Pradesh,948846.0,Shipping
MH-06408,CUST-01450,"H.No._30
Choudhary_Circle
Jalgaon-907351",Jalgaon,Maharashtra,907351.0,"Billing,_Shipping"
UP-06409,CUST-13217,"695,_Kannan
Burhanpur-796220",Burhanpur,Madhya_Pradesh,796220.0,"Billing,_Shipping"
UP-06410,CUST-12844,"H.No._231
Mann_Path
Mirzapur_978295",Mirzapur,Uttar_Pradesh,978295.0,Shipping
AP-06411,CUST-11916,"H.No._142
Brahmbhatt_Marg
Bhimavaram_182802",Bhimavaram,Andhra_Pradesh,182802.0,Shipping
TS-06412,CUST-16054,"H.No._072,_Walla_Chowk
Hindupur-046157",Hindupur,Andhra_Pradesh,46157.0,Shipping
GJ-06413,CUST-05832,"651,_Ahuja_Street
Ajmer-643905",Ajmer,Rajasthan,643905.0,Billing
UP-06414,CUST-14041,"519,_Bala_Zila
Chapra-689468",Chapra,Bihar,689468.0,Billing
BR-06415,CUST-19748,"86/558,_Brahmbhatt_Nagar
Satna_990445",Satna,Madhya_Pradesh,990445.0,"Billing,_Shipping"
UK-06416,CUST-01720,"10/912
Toor_Zila
Jalna-748039",Jalna,Maharashtra,748039.0,Billing
TN-06417,CUST-08208,"61/74,_Gara
Vellore_532578",Vellore,Tamil_Nadu,532578.0,"Billing,_Shipping"
CG-06418,CUST-08645,"68/04,_Devan_Path,_Bhilai_348656",Bhilai,Chhattisgarh,348656.0,Billing
BR-06419,CUST-17233,"729
Verma_Ganj
Jaipur-449050",Jaipur,Rajasthan,449050.0,Shipping
BR-06420,CUST-16488,"27/391,_Bhagat_Zila,_Jaipur_723404",Jaipur,Rajasthan,723404.0,Billing
RJ-06421,CUST-16528,"H.No._46
Chander_Chowk
Fatehpur_680646",Fatehpur,Uttar_Pradesh,680646.0,"Billing,_Shipping"
OR-06422,CUST-11473,"02/575,_Brar_Street,_Mathura_373590",Mathura,Uttar_Pradesh,373590.0,"Billing,_Shipping"
KA-06423,CUST-10045,"969,_Hora_Nagar,_Mangalore_142770",Mangalore,Karnataka,142770.0,Shipping
TS-06424,CUST-19889,"H.No._559,_Manda,_Ramagundam-549460",Ramagundam,Telangana,549460.0,Billing
GJ-06425,CUST-18522,"29,_Sha_Zila,_Ajmer-112907",Ajmer,Rajasthan,112907.0,"Billing,_Shipping"
RJ-06426,CUST-09971,"H.No._38,_Korpal_Path
Fatehpur-960403",Fatehpur,Uttar_Pradesh,960403.0,Shipping
MP-06427,CUST-02835,"25/92,_Karpe_Zila,_Khandwa-039515",Khandwa,Madhya_Pradesh,39515.0,Billing
GJ-06428,CUST-13774,"66,_Kalla_Chowk,_Hajipur-176365",Hajipur,Bihar,176365.0,Billing
JH-06429,CUST-16727,"H.No._734,_Rege_Path,_Kharagpur_068740",Kharagpur,West_Bengal,68740.0,Shipping
MH-06430,CUST-14913,"H.No._650,_Subramaniam_Road,_Yamunanagar-277353",Yamunanagar,Haryana,277353.0,Shipping
GJ-06431,CUST-14458,"74/996,_Basu_Street
Gandhidham_870606",Gandhidham,Gujarat,870606.0,"Billing,_Shipping"
RJ-06432,CUST-05624,"78/633
Kakar_Road
Dewas_548294",Dewas,Madhya_Pradesh,548294.0,Billing
MP-06433,CUST-15384,"155
Kala_Nagar
Gopalpur_030579",Gopalpur,Odisha,30579.0,"Billing,_Shipping"
JH-06435,CUST-00175,"H.No._50
Babu_Marg
Phusro-247824",Phusro,Jharkhand,247824.0,"Billing,_Shipping"
TN-06436,CUST-13667,"H.No._237
Sodhi_Nagar
Gandhinagar_666387",Gandhinagar,Gujarat,666387.0,"Billing,_Shipping"
MP-06437,CUST-17754,"58/53
Saha_Zila
Khandwa-573491",Khandwa,Madhya_Pradesh,573491.0,"Billing,_Shipping"
KL-06438,CUST-19838,"938,_Sachdev_Road,_Kollam_108310",Kollam,Kerala,108310.0,Shipping
BR-06439,CUST-19209,"61/592,_Kale_Nagar
Purnia-662837",Purnia,Bihar,662837.0,Billing
OR-06440,CUST-07386,"24,_Dewan
Bilaspur-432781",Bilaspur,Chhattisgarh,432781.0,Shipping
OR-06441,CUST-18730,"80,_Sami_Circle
Bijapur-653317",Bijapur,Karnataka,653317.0,Billing
TS-06442,CUST-10937,"13/375,_Ahuja_Path
Dindigul-768962",Dindigul,Tamil_Nadu,768962.0,Billing
UP-06443,CUST-03334,"19/63
Mann_Marg
Ahmedabad_833112",Ahmedabad,Gujarat,833112.0,Shipping
UP-06444,CUST-13387,"28/72,_Gour_Road,_Raiganj_721385",Raiganj,West_Bengal,721385.0,Billing
AS-06445,CUST-19475,"42,_Raj
Bongaigaon-072450",Bongaigaon,Assam,72450.0,Billing
UK-06446,CUST-19566,"15/603
Vasa_Chowk
Shivpuri_481180",Shivpuri,Madhya_Pradesh,481180.0,Shipping
BR-06447,CUST-17946,"16
Sanghvi_Street
Jaipur-089471",Jaipur,Rajasthan,89471.0,"Billing,_Shipping"
MP-06448,CUST-17380,"H.No._47,_Sama_Ganj,_Khandwa_360305",Khandwa,Madhya_Pradesh,360305.0,Shipping
TN-06450,CUST-02120,"29,_Thakur_Zila
Tiruppur-378935",Tiruppur,Tamil_Nadu,378935.0,Shipping
UP-06451,CUST-03742,"H.No._25
Baria
Bhagalpur-143184",Bhagalpur,Bihar,143184.0,"Billing,_Shipping"
GJ-06452,CUST-10877,"550
Basu_Circle
Vadodara-723287",Vadodara,Gujarat,723287.0,"Billing,_Shipping"
BR-06453,CUST-10279,"H.No._119
Grover_Path
Buxar-489996",Buxar,Bihar,489996.0,Billing
KA-06454,CUST-12524,"14/37,_Rege_Path
Hosur-782470",Hosur,Tamil_Nadu,782470.0,Shipping
DL-06455,CUST-04508,"57/25
Mani_Path
Delhi-224385",Delhi,Delhi_(Union_Territory),224385.0,"Billing,_Shipping"
MP-06456,CUST-14551,"H.No._958
Chowdhury_Marg
Gorakhpur-582512",Gorakhpur,Uttar_Pradesh,582512.0,"Billing,_Shipping"
MP-06457,CUST-15917,"H.No._54,_Badal
Khandwa_866736",Khandwa,Madhya_Pradesh,866736.0,Billing
TN-06458,CUST-10144,"H.No._273,_Sanghvi_Circle
Chittoor_606454",Chittoor,Andhra_Pradesh,606454.0,Billing
KL-06459,CUST-18340,"18/226
Comar_Nagar
Kollam_306217",Kollam,Kerala,306217.0,Shipping
KA-06460,CUST-04609,"73/09
Wable_Road
Mangalore-800204",Mangalore,Karnataka,800204.0,"Billing,_Shipping"
TS-06461,CUST-08846,"43
Kumer_Path
Srinagar-009326",Srinagar,Jammu_and_Kashmir,9326.0,Shipping
TN-06462,CUST-06857,"710,_Saxena
Gandhinagar-458954",Gandhinagar,Gujarat,458954.0,"Billing,_Shipping"
GJ-06463,CUST-08711,"11/75,_Dada_Nagar,_Allahabad-944704",Allahabad,Uttar_Pradesh,944704.0,"Billing,_Shipping"
OR-06464,CUST-04892,"H.No._773,_Goda
Haldia-800735",Haldia,West_Bengal,800735.0,Shipping
WB-06465,CUST-06663,"H.No._721
Khalsa_Chowk
Kulti-451329",Kulti,West_Bengal,451329.0,Billing
UP-06466,CUST-02326,"806
Kapadia_Nagar
Ahmedabad_107116",Ahmedabad,Gujarat,107116.0,Shipping
HR-06467,CUST-03734,"72/162,_Ganguly_Circle,_Bikaner-314074",Bikaner,Rajasthan,314074.0,Shipping
KA-06468,CUST-00692,"513,_Magar_Marg
Hospet-548768",Hospet,Karnataka,548768.0,Billing
AS-06469,CUST-06393,"H.No._918,_Bhagat_Street,_Bongaigaon_961471",Bongaigaon,Assam,961471.0,Billing
CG-06471,CUST-11956,"H.No._03,_Dasgupta_Road,_Malda-255832",Malda,West_Bengal,255832.0,"Billing,_Shipping"
KA-06472,CUST-18003,"76/33
Yohannan_Ganj
Mangalore_664142",Mangalore,Karnataka,664142.0,Shipping
AS-06473,CUST-03128,"H.No._489
Magar_Nagar
Siliguri-822126",Siliguri,West_Bengal,822126.0,Shipping
TS-06474,CUST-17469,"050,_Shan_Path
Sirsa_730544",Sirsa,Haryana,730544.0,Billing
MH-06475,CUST-15632,"181,_Lad,_Malegaon-306668",Malegaon,Maharashtra,306668.0,"Billing,_Shipping"
TN-06476,CUST-10509,"H.No._13,_Doctor_Road,_Chittoor_748003",Chittoor,Andhra_Pradesh,748003.0,Billing
OR-06477,CUST-00713,"H.No._72
Batra_Road
Bilaspur_169781",Bilaspur,Chhattisgarh,169781.0,"Billing,_Shipping"
BR-06478,CUST-10419,"H.No._810,_Amble_Circle
Munger_637763",Munger,Bihar,637763.0,Billing
TS-06479,CUST-04013,"H.No._706,_Chaudhuri_Road,_Proddatur-702542",Proddatur,Andhra_Pradesh,702542.0,Billing
KA-06480,CUST-14062,"27
Rajagopal_Chowk
Hosur_470580",Hosur,Tamil_Nadu,470580.0,"Billing,_Shipping"
OR-06481,CUST-04547,"83/34,_Trivedi,_Chandrapur_874996",Chandrapur,Maharashtra,874996.0,Billing
TN-06482,CUST-18071,"86/64,_Mann_Nagar
Vellore_552578",Vellore,Tamil_Nadu,552578.0,Shipping
MP-06483,CUST-12737,"11/67
Varghese_Chowk
Jhansi-885359",Jhansi,Uttar_Pradesh,885359.0,Billing
KA-06484,CUST-01800,"21/458,_Bora_Road,_Mangalore_918873",Mangalore,Karnataka,918873.0,Billing
TN-06485,CUST-16653,"H.No._237,_Seshadri_Marg
Tiruppur-474127",Tiruppur,Tamil_Nadu,474127.0,Billing
KA-06486,CUST-11254,"34/25,_Balasubramanian_Marg,_Tumkur-577036",Tumkur,Karnataka,577036.0,"Billing,_Shipping"
RJ-06487,CUST-13707,"H.No._086
Contractor_Marg
Rajkot-966946",Rajkot,Gujarat,966946.0,Shipping
MP-06488,CUST-05867,"H.No._666,_Bala_Path
Indore_382181",Indore,Madhya_Pradesh,382181.0,Shipping
OR-06489,CUST-11519,"H.No._85
Loyal_Marg
Patna_726681",Patna,Bihar,726681.0,Shipping
HR-06490,CUST-14870,"79/988,_Bawa_Ganj
Siwan-555879",Siwan,Bihar,555879.0,Billing
UP-06491,CUST-16021,"71/00
Shah_Nagar
Chapra-124047",Chapra,Bihar,124047.0,Billing
OR-06492,CUST-19916,"125
Sachdev_Path
Kanpur_244648",Kanpur,Uttar_Pradesh,244648.0,"Billing,_Shipping"
RJ-06493,CUST-11111,"H.No._394,_Borra_Nagar,_Rajkot-636045",Rajkot,Gujarat,636045.0,"Billing,_Shipping"
AP-06494,CUST-13116,"29/05
Mahal_Zila
Jammu_161864",Jammu,Jammu_and_Kashmir,161864.0,"Billing,_Shipping"
MH-06495,CUST-00519,"H.No._947,_Sagar_Path,_Nanded_051329",Nanded,Maharashtra,51329.0,Shipping
OR-06496,CUST-04684,"H.No._951,_Guha_Ganj
Patna_670889",Patna,Bihar,670889.0,"Billing,_Shipping"
UK-06497,CUST-01094,"281,_Swaminathan_Road
Haridwar_087525",Haridwar,Uttarakhand,87525.0,Shipping
TS-06498,CUST-15094,"H.No._25
Ghose_Street
Ramagundam_076646",Ramagundam,Telangana,76646.0,"Billing,_Shipping"
CG-06499,CUST-18647,"H.No._705
Das_Ganj
Malda-444028",Malda,West_Bengal,444028.0,"Billing,_Shipping"
JH-06500,CUST-16214,"H.No._571,_Virk_Chowk,_Phusro_485476",Phusro,Jharkhand,485476.0,"Billing,_Shipping"
UP-06501,CUST-19510,"H.No._41,_Balasubramanian_Marg
Shahjahanpur_319083",Shahjahanpur,Uttar_Pradesh,319083.0,Billing
TN-06502,CUST-05324,"290
Varughese_Circle
Pali-006952",Pali,Rajasthan,6952.0,Billing
TN-06503,CUST-00802,"540,_Balakrishnan_Path,_Tiruvottiyur_225634",Tiruvottiyur,Tamil_Nadu,225634.0,"Billing,_Shipping"
OR-06504,CUST-16728,"30/302,_Sem_Circle,_Mathura_494113",Mathura,Uttar_Pradesh,494113.0,Shipping
JH-06505,CUST-05257,"39,_Bakshi_Nagar
Asansol-865837",Asansol,West_Bengal,865837.0,Billing
TN-06506,CUST-11477,"H.No._808,_Dhar_Road,_Vellore_929602",Vellore,Tamil_Nadu,929602.0,"Billing,_Shipping"
AS-06507,CUST-14413,"H.No._661,_Keer,_Nagaon-004093",Nagaon,Assam,4093.0,"Billing,_Shipping"
MP-06508,CUST-09611,"68/14
Tandon_Marg
Agra_838631",Agra,Uttar_Pradesh,838631.0,Shipping
TS-06509,CUST-05244,"75/27,_Saxena_Circle,_Ambala_942053",Ambala,Haryana,942053.0,"Billing,_Shipping"
UK-06510,CUST-16644,"01/86
Bhattacharyya_Path
Haridwar_681313",Haridwar,Uttarakhand,681313.0,Billing
UP-06511,CUST-07954,"68,_Kala_Ganj,_Bhagalpur_405092",Bhagalpur,Bihar,405092.0,"Billing,_Shipping"
KA-06512,CUST-10110,"12/335,_Ratta_Zila
Amaravati-642900",Amaravati,Andhra_Pradesh,642900.0,Shipping
BR-06513,CUST-02060,"15/004,_Yohannan_Zila,_Satna-161454",Satna,Madhya_Pradesh,161454.0,Shipping
RJ-06514,CUST-17200,"19/95,_Bala_Nagar,_Dewas_038588",Dewas,Madhya_Pradesh,38588.0,"Billing,_Shipping"
UK-06515,CUST-04301,"361,_Lal_Street
Jalna_808725",Jalna,Maharashtra,808725.0,"Billing,_Shipping"
UP-06516,CUST-04289,"H.No._286,_Kalita_Street
Chapra-837274",Chapra,Bihar,837274.0,Shipping
UP-06517,CUST-15329,"H.No._342,_Dixit
Gurgaon-956333",Gurgaon,Haryana,956333.0,Billing
TN-06518,CUST-11150,"H.No._671,_Soni_Marg
Pallavaram_010938",Pallavaram,Tamil_Nadu,10938.0,Shipping
AP-06519,CUST-07192,"244,_Tiwari_Zila
Jammu-428448",Jammu,Jammu_and_Kashmir,428448.0,"Billing,_Shipping"
UK-06520,CUST-08427,"00/95,_Lata_Street,_Shivpuri_199160",Shivpuri,Madhya_Pradesh,199160.0,Billing
JH-06521,CUST-19921,"54/518,_Bhandari_Road,_Mango_771868",Mango,Jharkhand,771868.0,"Billing,_Shipping"
TS-06522,CUST-01706,"H.No._993,_Vasa_Marg
Sirsa-598545",Sirsa,Haryana,598545.0,"Billing,_Shipping"
KL-06523,CUST-16544,"H.No._66,_Grewal_Path,_Kollam_244379",Kollam,Kerala,244379.0,Billing
OR-06524,CUST-04243,"H.No._63
Halder_Street
Danapur_202512",Danapur,Bihar,202512.0,Billing
UP-06525,CUST-13797,"H.No._851
Kuruvilla
Chapra-555575",Chapra,Bihar,555575.0,Shipping
KA-06527,CUST-11911,"589,_Kuruvilla_Road
Mangalore_330914",Mangalore,Karnataka,330914.0,Billing
MH-06528,CUST-17436,"984
Upadhyay_Street
Karnal_863102",Karnal,Haryana,863102.0,"Billing,_Shipping"
TR-06529,CUST-18164,"583,_Madan_Zila,_Chandigarh_932049",Chandigarh,Chandigarh_(Union_Territory),932049.0,Shipping
RJ-06530,CUST-02642,"H.No._584,_Dyal_Road
Fatehpur_569915",Fatehpur,Uttar_Pradesh,569915.0,"Billing,_Shipping"
WB-06531,CUST-00048,"H.No._69,_Kannan_Circle
Kulti-983502",Kulti,West_Bengal,983502.0,"Billing,_Shipping"
MH-06532,CUST-12039,"958
Chokshi_Marg
Satara_500728",Satara,Maharashtra,500728.0,Shipping
OR-06533,CUST-03104,"09/13,_Deep_Nagar
Bharatpur_165799",Bharatpur,Rajasthan,165799.0,Billing
OR-06534,CUST-15957,"H.No._609
Sinha
Bijapur_579164",Bijapur,Karnataka,579164.0,"Billing,_Shipping"
UP-06535,CUST-18943,"33/04,_Sarraf_Zila,_Farrukhabad-381347",Farrukhabad,Uttar_Pradesh,381347.0,Billing
KA-06536,CUST-11004,"511
Maharaj_Path
Mangalore-059527",Mangalore,Karnataka,59527.0,Shipping
MP-06537,CUST-10093,"491,_Atwal_Nagar
Jodhpur-641249",Jodhpur,Rajasthan,641249.0,Shipping
AP-06538,CUST-07796,"44/164,_Rajan_Circle
Bhimavaram-989431",Bhimavaram,Andhra_Pradesh,989431.0,Billing
MP-06539,CUST-13420,"H.No._06,_Ganesan_Zila
Khandwa-833941",Khandwa,Madhya_Pradesh,833941.0,"Billing,_Shipping"
MH-06540,CUST-12597,"10
Soman_Circle
Bhiwandi-296167",Bhiwandi,Maharashtra,296167.0,"Billing,_Shipping"
MH-06541,CUST-00835,"41,_Sami_Ganj,_Karnal_820385",Karnal,Haryana,820385.0,Shipping
UP-06542,CUST-15902,"27/591
Tank_Chowk
Chapra-740986",Chapra,Bihar,740986.0,Shipping
KA-06543,CUST-19325,"H.No._43,_Dubey_Marg,_Hospet-790461",Hospet,Karnataka,790461.0,Shipping
UP-06544,CUST-13089,"99/81,_Savant_Nagar,_Mirzapur-430274",Mirzapur,Uttar_Pradesh,430274.0,"Billing,_Shipping"
MP-06545,CUST-10582,"67/742,_Tella_Nagar
Indore_325278",Indore,Madhya_Pradesh,325278.0,"Billing,_Shipping"
RJ-06546,CUST-16385,"36/365,_Sha_Zila
Fatehpur-519521",Fatehpur,Uttar_Pradesh,519521.0,"Billing,_Shipping"
TN-06547,CUST-19719,"205,_Kant_Circle
Salem_984649",Salem,Tamil_Nadu,984649.0,Billing
KA-06548,CUST-14783,"95,_Dugar_Zila,_Tumkur_738358",Tumkur,Karnataka,738358.0,Shipping
BR-06549,CUST-04907,"H.No._169,_Tripathi_Ganj
Buxar-955560",Buxar,Bihar,955560.0,"Billing,_Shipping"
MP-06550,CUST-02918,"57
Shroff_Ganj
Kota-083075",Kota,Rajasthan,83075.0,"Billing,_Shipping"
MH-06551,CUST-19505,"H.No._51
Tank_Marg
Karnal_391361",Karnal,Haryana,391361.0,Billing
MH-06552,CUST-13054,"02,_Kant,_Rampur-171205",Rampur,Uttar_Pradesh,171205.0,Billing
TN-06553,CUST-17358,"19/219
Bassi_Zila
Chittoor_990594",Chittoor,Andhra_Pradesh,990594.0,Billing
HR-06554,CUST-07303,"198,_Ravel_Nagar
Aurangabad_786942",Aurangabad,Maharashtra,786942.0,Shipping
OR-06555,CUST-12287,"42/139
Varghese_Circle
Berhampur_939323",Berhampur,Odisha,939323.0,Billing
MP-06556,CUST-03516,"H.No._599
Chatterjee_Street
Agra-242546",Agra,Uttar_Pradesh,242546.0,Shipping
MP-06557,CUST-18101,"H.No._325,_Desai_Road
Kota_128891",Kota,Rajasthan,128891.0,Shipping
UP-06558,CUST-10653,"01,_Mall_Circle,_Raipur_780982",Raipur,Chhattisgarh,780982.0,"Billing,_Shipping"
BR-06559,CUST-06107,"74,_Khalsa_Circle
Munger-699829",Munger,Bihar,699829.0,Billing
OR-06560,CUST-17404,"H.No._91
Johal_Circle
Haldia-801917",Haldia,West_Bengal,801917.0,Billing
UP-06561,CUST-14123,"H.No._93,_Devan_Ganj
Ahmedabad_058206",Ahmedabad,Gujarat,58206.0,Shipping
HR-06562,CUST-03552,"58/96
Banik_Zila
Aurangabad-203835",Aurangabad,Maharashtra,203835.0,Billing
GJ-06563,CUST-02211,"H.No._203
Varghese_Path
Jabalpur-952617",Jabalpur,Madhya_Pradesh,952617.0,"Billing,_Shipping"
AS-06564,CUST-10354,"H.No._276,_Korpal_Street,_Nagaon_106870",Nagaon,Assam,106870.0,Billing
TR-06565,CUST-13173,"72/72,_Ray_Marg,_Durgapur_464966",Durgapur,West_Bengal,464966.0,"Billing,_Shipping"
TS-06566,CUST-00365,"35,_Saraf_Nagar,_Hindupur_854220",Hindupur,Andhra_Pradesh,854220.0,Billing
WB-06567,CUST-02478,"37,_Char_Chowk,_Bidhannagar_196912",Bidhannagar,West_Bengal,196912.0,Billing
WB-06568,CUST-13360,"79/459
Gupta
Uluberia-771529",Uluberia,West_Bengal,771529.0,Shipping
RJ-06569,CUST-06356,"74,_Lal_Road,_Dewas_850398",Dewas,Madhya_Pradesh,850398.0,"Billing,_Shipping"
KA-06570,CUST-04623,"88
Krish_Street
Amaravati_514703",Amaravati,Andhra_Pradesh,514703.0,Billing
OR-06571,CUST-16790,"43
Deol_Zila
Mathura-449454",Mathura,Uttar_Pradesh,449454.0,Shipping
WB-06572,CUST-15047,"032
Tata_Ganj
Bhatpara-092885",Bhatpara,West_Bengal,92885.0,Shipping
UP-06573,CUST-16335,"H.No._918,_Sawhney,_Gurgaon_372637",Gurgaon,Haryana,372637.0,Billing
TN-06574,CUST-08100,"474,_Maharaj_Road
Pali_293760",Pali,Rajasthan,293760.0,"Billing,_Shipping"
TN-06575,CUST-04324,"32,_Barman_Road,_Chittoor_766808",Chittoor,Andhra_Pradesh,766808.0,"Billing,_Shipping"
UP-06576,CUST-12233,"70/44
Ahluwalia_Street
Raipur_531962",Raipur,Chhattisgarh,531962.0,Shipping
MP-06577,CUST-19999,"H.No._186,_Bose_Marg,_Kishanganj_495549",Kishanganj,Bihar,495549.0,Shipping
RJ-06578,CUST-02111,"280,_Mandal_Nagar,_Dewas-306932",Dewas,Madhya_Pradesh,306932.0,Billing
MH-06579,CUST-04713,"13,_Chada_Street,_Bhiwandi-223449",Bhiwandi,Maharashtra,223449.0,Shipping
KL-06580,CUST-13937,"284
Tara_Nagar
Kollam_645750",Kollam,Kerala,645750.0,"Billing,_Shipping"
UP-06582,CUST-13356,"98/74
Chawla_Marg
Mirzapur-998648",Mirzapur,Uttar_Pradesh,998648.0,Billing
RJ-06583,CUST-04479,"H.No._617,_Ghose_Ganj,_Dewas-306814",Dewas,Madhya_Pradesh,306814.0,Billing
JH-06584,CUST-16657,"23/34
Kakar_Street
Mango_188684",Mango,Jharkhand,188684.0,"Billing,_Shipping"
TR-06585,CUST-08628,"H.No._171,_Kumer_Marg,_Chandigarh-683351",Chandigarh,Chandigarh_(Union_Territory),683351.0,"Billing,_Shipping"
MH-06586,CUST-19877,"81,_Wadhwa_Marg,_Bhiwandi-945730",Bhiwandi,Maharashtra,945730.0,Billing
GJ-06587,CUST-11333,"287,_Dixit
Gandhidham-208773",Gandhidham,Gujarat,208773.0,Billing
GJ-06588,CUST-14742,"75/47,_Loyal_Marg
Vadodara_063962",Vadodara,Gujarat,63962.0,"Billing,_Shipping"
GJ-06589,CUST-14493,"027,_Gala_Street,_Ajmer_214551",Ajmer,Rajasthan,214551.0,Billing
TR-06590,CUST-17987,"H.No._482,_Shenoy_Circle,_Durgapur-399328",Durgapur,West_Bengal,399328.0,"Billing,_Shipping"
KA-06592,CUST-07250,"16
Deol_Circle
Tumkur-890114",Tumkur,Karnataka,890114.0,Shipping
MH-06593,CUST-12037,"716
Bhasin_Zila
Bhiwandi-827008",Bhiwandi,Maharashtra,827008.0,Shipping
TS-06594,CUST-04790,"79/658,_Koshy_Circle,_Sirsa-935013",Sirsa,Haryana,935013.0,"Billing,_Shipping"
MP-06595,CUST-05686,"56,_Varughese_Ganj
Gopalpur_608419",Gopalpur,Odisha,608419.0,"Billing,_Shipping"
TS-06596,CUST-03405,"41,_Dixit
Proddatur-406804",Proddatur,Andhra_Pradesh,406804.0,Shipping
WB-06597,CUST-17766,"H.No._59
Venkatesh_Ganj
Panihati_057366",Panihati,West_Bengal,57366.0,Shipping
WB-06598,CUST-10281,"46/752
Kara
Bidhannagar_890530",Bidhannagar,West_Bengal,890530.0,Shipping
AS-06599,CUST-17923,"H.No._489,_Srivastava_Street,_Nagaon-834317",Nagaon,Assam,834317.0,"Billing,_Shipping"
JH-06600,CUST-14398,"H.No._68,_Goel_Road,_Kharagpur_462043",Kharagpur,West_Bengal,462043.0,"Billing,_Shipping"
BR-06601,CUST-17671,"H.No._087,_Luthra_Street,_Jaipur-549557",Jaipur,Rajasthan,549557.0,"Billing,_Shipping"
UP-06602,CUST-06973,"519
Banerjee_Street
Raipur-799663",Raipur,Chhattisgarh,799663.0,Billing
TS-06603,CUST-11320,"926,_Ramesh_Circle
Sirsa_315496",Sirsa,Haryana,315496.0,"Billing,_Shipping"
OR-06604,CUST-03331,"71/660,_Goswami_Chowk
Patna_670213",Patna,Bihar,670213.0,Billing
TS-06605,CUST-10998,"23,_Sankar_Circle
Sirsa-206110",Sirsa,Haryana,206110.0,"Billing,_Shipping"
MP-06606,CUST-10356,"222,_Swamy_Zila,_Kota_191985",Kota,Rajasthan,191985.0,Billing
AP-06607,CUST-07112,"95,_Dada_Street,_Bhimavaram-227256",Bhimavaram,Andhra_Pradesh,227256.0,Billing
UP-06608,CUST-15350,"20,_Kalla_Circle
Shahjahanpur-620442",Shahjahanpur,Uttar_Pradesh,620442.0,Shipping
AS-06610,CUST-12250,"511,_Bhargava_Zila
Nagaon-741950",Nagaon,Assam,741950.0,Shipping
AP-06611,CUST-14168,"66
Deshpande_Street
Srikakulam-218361",Srikakulam,Andhra_Pradesh,218361.0,"Billing,_Shipping"
JH-06612,CUST-00921,"328,_Hora_Path
Mango-343192",Mango,Jharkhand,343192.0,"Billing,_Shipping"
BR-06613,CUST-06765,"55/99,_Ahluwalia_Nagar
Ballia-268472",Ballia,Uttar_Pradesh,268472.0,Shipping
UP-06614,CUST-06666,"02/19,_Batra
Mirzapur-482060",Mirzapur,Uttar_Pradesh,482060.0,Billing
WB-06615,CUST-07572,"65/292
Magar_Zila
Madhyamgram-424480",Madhyamgram,West_Bengal,424480.0,"Billing,_Shipping"
MP-06616,CUST-19633,"H.No._11,_Gokhale_Nagar
Unnao_934193",Unnao,Uttar_Pradesh,934193.0,Billing
DL-06617,CUST-05266,"H.No._68,_Golla_Marg
Delhi-077408",Delhi,Delhi_(Union_Territory),77408.0,"Billing,_Shipping"
MH-06618,CUST-01992,"659
Arora_Nagar
Satara_820816",Satara,Maharashtra,820816.0,Billing
WB-06619,CUST-13843,"23/37
Buch_Ganj
Naihati-016775",Naihati,West_Bengal,16775.0,Billing
MP-06620,CUST-07918,"42,_Thaman_Ganj
Unnao_877704",Unnao,Uttar_Pradesh,877704.0,Shipping
UP-06621,CUST-13441,"37/30,_Mann_Zila
Raiganj-034644",Raiganj,West_Bengal,34644.0,Shipping
AS-06622,CUST-00020,"H.No._68,_Chatterjee_Street,_Siliguri-321488",Siliguri,West_Bengal,321488.0,Shipping
OR-06623,CUST-19741,"H.No._083
Ravel_Circle
Bilaspur-642215",Bilaspur,Chhattisgarh,642215.0,"Billing,_Shipping"
JH-06624,CUST-17274,"H.No._592
Ganesh_Ganj
Mango-151855",Mango,Jharkhand,151855.0,"Billing,_Shipping"
UP-06625,CUST-05835,"H.No._52
Gera_Marg
Raipur-514884",Raipur,Chhattisgarh,514884.0,Billing
MH-06626,CUST-16971,"52,_Lal_Nagar,_Malegaon-962467",Malegaon,Maharashtra,962467.0,Billing
RJ-06627,CUST-00599,"72/032,_Bora_Ganj
Dewas_545961",Dewas,Madhya_Pradesh,545961.0,Billing
KA-06628,CUST-19436,"08
Bassi_Marg
Hospet_806112",Hospet,Karnataka,806112.0,"Billing,_Shipping"
UP-06629,CUST-11369,"57/149,_Sarraf_Zila
Sambhal_051308",Sambhal,Uttar_Pradesh,51308.0,Billing
UK-06630,CUST-16090,"45,_Sahota_Path,_Shivpuri_442310",Shivpuri,Madhya_Pradesh,442310.0,"Billing,_Shipping"
UP-06631,CUST-07296,"780,_Sibal_Road,_Karimnagar-736673",Karimnagar,Telangana,736673.0,"Billing,_Shipping"
CG-06632,CUST-08770,"H.No._147
Bhat_Ganj
Nagpur-292490",Nagpur,Maharashtra,292490.0,Shipping
MP-06633,CUST-08596,"10/069,_Kothari_Marg
Dehri_246791",Dehri,Bihar,246791.0,Billing
RJ-06634,CUST-12822,"68/37,_Sama,_Rajkot_514668",Rajkot,Gujarat,514668.0,"Billing,_Shipping"
BR-06635,CUST-09413,"02/857,_Chaudry_Road
Satna-821845",Satna,Madhya_Pradesh,821845.0,Billing
TN-06636,CUST-05334,"H.No._106,_Sahota_Ganj
Pallavaram_850895",Pallavaram,Tamil_Nadu,850895.0,"Billing,_Shipping"
UP-06637,CUST-08491,"538
Guha_Path
Firozabad_738176",Firozabad,Uttar_Pradesh,738176.0,Billing
JH-06638,CUST-06885,"H.No._200,_Chacko_Street,_Kharagpur_226618",Kharagpur,West_Bengal,226618.0,Shipping
JH-06639,CUST-14718,"20/749,_Guha_Marg,_Mango-351483",Mango,Jharkhand,351483.0,Billing
OR-06640,CUST-05191,"28/68,_Kurian_Road,_Haldia-890642",Haldia,West_Bengal,890642.0,"Billing,_Shipping"
GJ-06641,CUST-00860,"53/63,_Andra_Road
Gandhidham_821231",Gandhidham,Gujarat,821231.0,Shipping
JH-06642,CUST-19201,"H.No._92,_Shetty
Kharagpur_532440",Kharagpur,West_Bengal,532440.0,Shipping
WB-06643,CUST-19046,"766
Sachar
Baranagar_681222",Baranagar,West_Bengal,681222.0,"Billing,_Shipping"
BR-06644,CUST-12229,"H.No._970
Chaudhari_Circle
Munger-755347",Munger,Bihar,755347.0,Billing
TN-06645,CUST-19570,"H.No._08,_Chakrabarti_Circle
Pali_302154",Pali,Rajasthan,302154.0,"Billing,_Shipping"
MP-06646,CUST-11551,"297,_Gade_Marg
Unnao_002154",Unnao,Uttar_Pradesh,2154.0,Shipping
UP-06647,CUST-01877,"91,_Gour_Chowk
Farrukhabad_291683",Farrukhabad,Uttar_Pradesh,291683.0,"Billing,_Shipping"
JH-06648,CUST-15563,"93/452
Bhatt_Nagar
Mango-136493",Mango,Jharkhand,136493.0,Shipping
TR-06649,CUST-13420,"H.No._60,_Devi_Nagar
Chandigarh_496878",Chandigarh,Chandigarh_(Union_Territory),496878.0,Billing
OR-06650,CUST-15839,"22/873,_Karpe_Street,_Bharatpur-361430",Bharatpur,Rajasthan,361430.0,"Billing,_Shipping"
UP-06651,CUST-17995,"H.No._021
Bala_Zila
Burhanpur_115084",Burhanpur,Madhya_Pradesh,115084.0,Billing
WB-06652,CUST-04101,"155,_Ghose_Street,_Uluberia_010841",Uluberia,West_Bengal,10841.0,Shipping
WB-06653,CUST-18870,"H.No._76,_Mangal_Road,_Aligarh_259913",Aligarh,Uttar_Pradesh,259913.0,"Billing,_Shipping"
RJ-06654,CUST-09663,"H.No._433,_Ravel_Nagar,_Dewas-193313",Dewas,Madhya_Pradesh,193313.0,"Billing,_Shipping"
OR-06655,CUST-08666,"24,_Gara_Zila
Chandrapur_478645",Chandrapur,Maharashtra,478645.0,"Billing,_Shipping"
BR-06656,CUST-18907,"49/619
Acharya_Circle
Purnia-231891",Purnia,Bihar,231891.0,"Billing,_Shipping"
AP-06657,CUST-04930,"62/82,_Jaggi_Road
Srikakulam_143562",Srikakulam,Andhra_Pradesh,143562.0,Shipping
TS-06658,CUST-10374,"44,_Srinivas_Ganj,_Dindigul-765885",Dindigul,Tamil_Nadu,765885.0,Billing
GJ-06659,CUST-08381,"H.No._91,_Randhawa_Zila
Allahabad-137958",Allahabad,Uttar_Pradesh,137958.0,"Billing,_Shipping"
OR-06660,CUST-16228,"H.No._915
Kala
Bilaspur-653896",Bilaspur,Chhattisgarh,653896.0,"Billing,_Shipping"
AP-06661,CUST-06833,"74/791
Andra_Nagar
Jammu-351203",Jammu,Jammu_and_Kashmir,351203.0,"Billing,_Shipping"
JH-06662,CUST-02130,"29/721,_Sangha_Marg,_Kharagpur_232792",Kharagpur,West_Bengal,232792.0,Billing
GJ-06663,CUST-14524,"36,_Zacharia_Zila
Vadodara-309955",Vadodara,Gujarat,309955.0,"Billing,_Shipping"
KA-06664,CUST-15954,"21,_Sarma_Zila
Hosur-540914",Hosur,Tamil_Nadu,540914.0,Billing
MP-06665,CUST-16994,"H.No._461,_Grewal,_Khandwa-193744",Khandwa,Madhya_Pradesh,193744.0,"Billing,_Shipping"
BR-06666,CUST-14261,"63/32,_Banik_Street
Satna-205199",Satna,Madhya_Pradesh,205199.0,Billing
OR-06667,CUST-10684,"H.No._826,_Vig_Ganj
Anantapur-935280",Anantapur,Andhra_Pradesh,935280.0,"Billing,_Shipping"
AP-06668,CUST-06086,"48
Krishna_Street
Jammu_781601",Jammu,Jammu_and_Kashmir,781601.0,Shipping
UP-06669,CUST-14076,"92,_Ratti_Street
Raiganj_554951",Raiganj,West_Bengal,554951.0,"Billing,_Shipping"
AS-06670,CUST-11939,"40/50,_Bala
Siliguri-710674",Siliguri,West_Bengal,710674.0,"Billing,_Shipping"
RJ-06671,CUST-12117,"H.No._282,_Wable_Road
Dewas_252794",Dewas,Madhya_Pradesh,252794.0,Shipping
UP-06672,CUST-17218,"H.No._938
Jhaveri_Ganj
Jamalpur_517099",Jamalpur,Bihar,517099.0,Billing
JH-06673,CUST-16631,"94/452,_Atwal_Zila,_Phusro_231671",Phusro,Jharkhand,231671.0,Billing
RJ-06674,CUST-12789,"70/85,_Chanda_Chowk
Rajkot_365314",Rajkot,Gujarat,365314.0,Shipping
HP-06675,CUST-16694,"04,_Bajwa_Street,_Udaipur-918528",Udaipur,Rajasthan,918528.0,"Billing,_Shipping"
HR-06676,CUST-14404,"H.No._056,_Zachariah
Bikaner_024307",Bikaner,Rajasthan,24307.0,Shipping
OR-06677,CUST-00715,"07/652
Shroff_Nagar
Chandrapur-514002",Chandrapur,Maharashtra,514002.0,"Billing,_Shipping"
KA-06679,CUST-04120,"H.No._48
Iyengar_Nagar
Solapur-106720",Solapur,Maharashtra,106720.0,Shipping
JH-06680,CUST-15456,"84/129,_Chhabra,_Asansol_876082",Asansol,West_Bengal,876082.0,Shipping
UP-06681,CUST-18423,"073,_Raju_Road,_Raipur-503472",Raipur,Chhattisgarh,503472.0,Shipping
RJ-06682,CUST-15834,"H.No._308,_Issac_Marg
Rajkot_143595",Rajkot,Gujarat,143595.0,Shipping
UP-06683,CUST-11903,"68/00,_Banerjee_Road
Shahjahanpur_719104",Shahjahanpur,Uttar_Pradesh,719104.0,"Billing,_Shipping"
WB-06684,CUST-13848,"H.No._06,_Mall_Zila
Bidhannagar-935724",Bidhannagar,West_Bengal,935724.0,"Billing,_Shipping"
GJ-06685,CUST-19078,"H.No._434
Agrawal
Allahabad_706798",Allahabad,Uttar_Pradesh,706798.0,Billing
UK-06686,CUST-11840,"84/677,_Deep_Street
Jalna_279182",Jalna,Maharashtra,279182.0,Billing
TN-06687,CUST-11970,"179
Varty_Nagar
Avadi_988531",Avadi,Tamil_Nadu,988531.0,"Billing,_Shipping"
MP-06688,CUST-19894,"80/85
Tak
Agra_076859",Agra,Uttar_Pradesh,76859.0,Billing
HP-06689,CUST-14739,"41,_Madan_Street
Udaipur_435002",Udaipur,Rajasthan,435002.0,Shipping
TS-06690,CUST-10888,"H.No._04,_Suri_Ganj
Hindupur_865365",Hindupur,Andhra_Pradesh,865365.0,Shipping
GJ-06691,CUST-13578,"29,_Seshadri_Ganj,_Ajmer-274976",Ajmer,Rajasthan,274976.0,Shipping
UP-06692,CUST-08106,"05/618,_Devan_Circle,_Bhagalpur-028789",Bhagalpur,Bihar,28789.0,Billing
GJ-06693,CUST-14384,"H.No._819,_Devan_Zila
Ajmer-598350",Ajmer,Rajasthan,598350.0,Shipping
WB-06694,CUST-19402,"526,_Rau_Circle,_Madhyamgram-524464",Madhyamgram,West_Bengal,524464.0,"Billing,_Shipping"
GJ-06695,CUST-12725,"13,_Bedi_Ganj,_Vadodara-764366",Vadodara,Gujarat,764366.0,Billing
AS-06696,CUST-07522,"19/567
Sandhu_Marg
Siliguri_870645",Siliguri,West_Bengal,870645.0,"Billing,_Shipping"
BR-06697,CUST-19318,"H.No._45,_Sheth_Ganj
Jaipur_348024",Jaipur,Rajasthan,348024.0,Shipping
CG-06698,CUST-10353,"H.No._03
Chawla_Chowk
Bhilai_597971",Bhilai,Chhattisgarh,597971.0,Billing
WB-06699,CUST-16183,"47
Taneja_Nagar
Baranagar-260016",Baranagar,West_Bengal,260016.0,Shipping
HP-06700,CUST-14882,"94,_Raman_Street,_Udaipur_240503",Udaipur,Rajasthan,240503.0,"Billing,_Shipping"
JH-06701,CUST-15660,"009,_Kata_Ganj
Kharagpur_409769",Kharagpur,West_Bengal,409769.0,Billing
KA-06702,CUST-18383,"31,_Hans_Path
Tumkur_951305",Tumkur,Karnataka,951305.0,"Billing,_Shipping"
UP-06703,CUST-17578,"30/588,_Chaudhuri_Marg
Ahmedabad_555357",Ahmedabad,Gujarat,555357.0,Billing
UP-06704,CUST-15825,"H.No._591,_Rege_Nagar
Bhagalpur_645440",Bhagalpur,Bihar,645440.0,Shipping
BR-06705,CUST-14555,"07/95,_Garg_Street
Jaipur-215617",Jaipur,Rajasthan,215617.0,"Billing,_Shipping"
MH-06706,CUST-12678,"H.No._966
Wali_Circle
Yamunanagar-144627",Yamunanagar,Haryana,144627.0,Billing
TS-06707,CUST-06264,"78/994,_Vora_Street
Srinagar_470965",Srinagar,Jammu_and_Kashmir,470965.0,Billing
AS-06708,CUST-08468,"856,_Bala_Road,_Bongaigaon_660686",Bongaigaon,Assam,660686.0,Shipping
HR-06709,CUST-00548,"97/875,_Seth_Road
Siwan_836254",Siwan,Bihar,836254.0,"Billing,_Shipping"
TS-06710,CUST-11632,"H.No._80,_Bahl_Circle
Hindupur-342503",Hindupur,Andhra_Pradesh,342503.0,Shipping
UP-06711,CUST-17563,"59/716,_Kata_Street,_Mirzapur_082756",Mirzapur,Uttar_Pradesh,82756.0,Billing
UK-06712,CUST-01846,"H.No._32
Chana_Road
Jalna_587332",Jalna,Maharashtra,587332.0,Shipping
MP-06713,CUST-17606,"H.No._101,_Kale_Path
Gopalpur_649019",Gopalpur,Odisha,649019.0,"Billing,_Shipping"
HR-06714,CUST-14664,"43/43
Devan_Path
Siwan-079689",Siwan,Bihar,79689.0,Shipping
MH-06715,CUST-02622,"H.No._316
Rajagopalan_Circle
Bhiwandi-885367",Bhiwandi,Maharashtra,885367.0,Billing
OR-06716,CUST-15659,"834,_Zachariah_Circle,_Mathura-291446",Mathura,Uttar_Pradesh,291446.0,Shipping
RJ-06717,CUST-04807,"15/252,_Kuruvilla_Nagar
Rajkot-457849",Rajkot,Gujarat,457849.0,Shipping
AS-06718,CUST-17153,"51/89,_Solanki_Path
Nagaon_105577",Nagaon,Assam,105577.0,Shipping
HR-06721,CUST-19528,"576
Vaidya
Siwan_516913",Siwan,Bihar,516913.0,"Billing,_Shipping"
AP-06722,CUST-01771,"21,_Singh_Ganj
Gudivada_622278",Gudivada,Andhra_Pradesh,622278.0,Shipping
GJ-06723,CUST-11184,"290
Bahl_Street
Jabalpur-910442",Jabalpur,Madhya_Pradesh,910442.0,"Billing,_Shipping"
KA-06724,CUST-16543,"93,_Barman_Ganj
Tumkur-711197",Tumkur,Karnataka,711197.0,Billing
GJ-06725,CUST-13315,"121,_Soman,_Vadodara-461664",Vadodara,Gujarat,461664.0,Billing
JH-06726,CUST-17454,"55,_Buch_Street,_Phusro-013649",Phusro,Jharkhand,13649.0,"Billing,_Shipping"
UP-06727,CUST-18486,"36,_Gour_Street
Farrukhabad_031704",Farrukhabad,Uttar_Pradesh,31704.0,Shipping
UP-06728,CUST-16339,"H.No._22,_Aggarwal_Street
Sambhal_484792",Sambhal,Uttar_Pradesh,484792.0,Shipping
JH-06729,CUST-18005,"H.No._98,_Garde
Mango_471637",Mango,Jharkhand,471637.0,"Billing,_Shipping"
UP-06730,CUST-02957,"16/82,_Bhargava_Ganj,_Sambhal-631037",Sambhal,Uttar_Pradesh,631037.0,Shipping
OR-06731,CUST-08456,"H.No._58,_Krishnamurthy_Chowk,_Berhampur-750827",Berhampur,Odisha,750827.0,Billing
CG-06732,CUST-02819,"98/328,_Singh_Chowk,_Bhilai-226582",Bhilai,Chhattisgarh,226582.0,"Billing,_Shipping"
GJ-06733,CUST-17382,"H.No._267
Sha
Kavali-089849",Kavali,Andhra_Pradesh,89849.0,"Billing,_Shipping"
MP-06734,CUST-16361,"H.No._281,_Goel_Zila
Gopalpur_418434",Gopalpur,Odisha,418434.0,Billing
HR-06735,CUST-10861,"136,_Swaminathan_Chowk,_Siwan-121846",Siwan,Bihar,121846.0,Shipping
TN-06736,CUST-19591,"18,_Golla_Chowk
Pallavaram_633227",Pallavaram,Tamil_Nadu,633227.0,Billing
JH-06737,CUST-12258,"265
Dass_Road
Kharagpur_340825",Kharagpur,West_Bengal,340825.0,Billing
UP-06738,CUST-05068,"34/93
Tandon_Chowk
Mirzapur-134299",Mirzapur,Uttar_Pradesh,134299.0,Billing
WB-06739,CUST-18075,"H.No._877,_Chatterjee_Chowk,_Bally_432852",Bally,West_Bengal,432852.0,Shipping
JH-06740,CUST-14749,"855,_Sanghvi_Path
Phusro_760972",Phusro,Jharkhand,760972.0,Shipping
WB-06742,CUST-09536,"H.No._77,_Bawa_Circle,_Arrah-818821",Arrah,Bihar,818821.0,"Billing,_Shipping"
TN-06743,CUST-16959,"H.No._726
Sampath_Zila
Tiruvottiyur-206123",Tiruvottiyur,Tamil_Nadu,206123.0,Billing
UK-06744,CUST-03169,"75/65,_Gulati_Road
Jalna-154392",Jalna,Maharashtra,154392.0,Billing
OR-06745,CUST-14720,"H.No._02,_Bose_Road,_Bharatpur_747012",Bharatpur,Rajasthan,747012.0,"Billing,_Shipping"
RJ-06746,CUST-02493,"435,_Ramaswamy_Road
Akola_215182",Akola,Maharashtra,215182.0,Shipping
MP-06747,CUST-11749,"H.No._938
Buch_Street
Jhansi_303180",Jhansi,Uttar_Pradesh,303180.0,Shipping
TS-06748,CUST-13173,"57/28,_Kade_Ganj,_Ramagundam-155089",Ramagundam,Telangana,155089.0,"Billing,_Shipping"
UP-06749,CUST-12812,"36,_Choudhury_Chowk
Mirzapur-938428",Mirzapur,Uttar_Pradesh,938428.0,Billing
TS-06750,CUST-18269,"82,_Devi_Ganj
Ambala_286764",Ambala,Haryana,286764.0,"Billing,_Shipping"
AP-06751,CUST-03013,"25/213
Vala_Circle
Gudivada_228508",Gudivada,Andhra_Pradesh,228508.0,Shipping
TN-06752,CUST-05294,"169,_Ravel_Path
Tiruvottiyur_087180",Tiruvottiyur,Tamil_Nadu,87180.0,Shipping
RJ-06753,CUST-14699,"632
Karpe_Nagar
Rajkot_658754",Rajkot,Gujarat,658754.0,Shipping
UP-06754,CUST-19102,"82,_Gara_Chowk,_Raiganj_013374",Raiganj,West_Bengal,13374.0,Billing
AP-06755,CUST-03353,"25/828
Sandal_Zila
Jammu-161469",Jammu,Jammu_and_Kashmir,161469.0,Billing
WB-06756,CUST-11980,"50,_Kannan_Nagar
Kamarhati_878573",Kamarhati,West_Bengal,878573.0,"Billing,_Shipping"
KA-06757,CUST-18532,"H.No._64,_Gopal_Zila
Tumkur-135040",Tumkur,Karnataka,135040.0,Shipping
UP-06758,CUST-18881,"168,_Swaminathan_Nagar
Raiganj_423639",Raiganj,West_Bengal,423639.0,Billing
MH-06759,CUST-13121,"03/87
Bumb_Road
Karnal_487894",Karnal,Haryana,487894.0,Billing
AS-06760,CUST-13162,"55/64
Ganesh_Street
Bongaigaon-207246",Bongaigaon,Assam,207246.0,Shipping
UP-06761,CUST-03887,"69/87
Bhatia_Circle
Karimnagar-684104",Karimnagar,Telangana,684104.0,Billing
MH-06762,CUST-13308,"43/506,_Kari_Ganj,_Jalgaon_199452",Jalgaon,Maharashtra,199452.0,Billing
GJ-06763,CUST-15607,"60,_Manda_Path
Jabalpur-932910",Jabalpur,Madhya_Pradesh,932910.0,Billing
WB-06765,CUST-01671,"H.No._52
Khosla
Madhyamgram_095634",Madhyamgram,West_Bengal,95634.0,Billing
BR-06766,CUST-00776,"48/874
Sundaram_Road
Jaipur-763538",Jaipur,Rajasthan,763538.0,"Billing,_Shipping"
MP-06767,CUST-19016,"80/37
Salvi_Zila
Ramgarh-134975",Ramgarh,Jharkhand,134975.0,Billing
AP-06768,CUST-11867,"24
Amble_Chowk
Jammu-765292",Jammu,Jammu_and_Kashmir,765292.0,"Billing,_Shipping"
TN-06769,CUST-10481,"73/93,_Aggarwal_Chowk
Pallavaram-442799",Pallavaram,Tamil_Nadu,442799.0,Billing
RJ-06770,CUST-19786,"H.No._45,_Bobal,_Rajkot_036640",Rajkot,Gujarat,36640.0,Billing
OR-06771,CUST-03243,"00/136
Chaudhary_Road
Bijapur_983215",Bijapur,Karnataka,983215.0,Billing
MH-06772,CUST-14403,"06/016
Grover_Marg
Jalgaon-413222",Jalgaon,Maharashtra,413222.0,Billing
AS-06773,CUST-10557,"H.No._10
Banik_Marg
Nagaon_100519",Nagaon,Assam,100519.0,Shipping
JH-06774,CUST-17427,"H.No._74,_Chander_Chowk
Phusro-265235",Phusro,Jharkhand,265235.0,Billing
CG-06775,CUST-16888,"69/401,_Divan_Nagar,_Nagpur-479189",Nagpur,Maharashtra,479189.0,Shipping
TS-06776,CUST-06486,"H.No._14,_Kala_Marg
Ambala-768722",Ambala,Haryana,768722.0,Shipping
BR-06777,CUST-15023,"70,_Doshi_Road
Jaipur-406214",Jaipur,Rajasthan,406214.0,Shipping
UP-06778,CUST-11543,"13/908
Bhalla_Nagar
Raipur-806439",Raipur,Chhattisgarh,806439.0,Shipping
WB-06779,CUST-19076,"99/20,_Kadakia
Bally_439779",Bally,West_Bengal,439779.0,Shipping
UP-06780,CUST-02480,"47
Wadhwa_Zila
Shahjahanpur_554401",Shahjahanpur,Uttar_Pradesh,554401.0,Billing
MP-06781,CUST-13684,"84/37,_Dhaliwal_Path,_Kishanganj-358006",Kishanganj,Bihar,358006.0,Shipping
KA-06782,CUST-12271,"H.No._03,_Kala_Street
Hospet-727893",Hospet,Karnataka,727893.0,Billing
MH-06783,CUST-14879,"00/529
Kalla_Nagar
Rampur_389216",Rampur,Uttar_Pradesh,389216.0,Billing
UK-06784,CUST-00024,"300,_Hayre_Nagar
Haridwar_839367",Haridwar,Uttarakhand,839367.0,Billing
UP-06785,CUST-10118,"220
Ben_Zila
Muzaffarpur_666795",Muzaffarpur,Bihar,666795.0,Shipping
WB-06786,CUST-17163,"H.No._34,_Saran_Nagar,_Uluberia_742286",Uluberia,West_Bengal,742286.0,Billing
AS-06787,CUST-08618,"93/16,_Ranganathan_Nagar
Bongaigaon-910804",Bongaigaon,Assam,910804.0,"Billing,_Shipping"
TN-06788,CUST-03837,"37
Uppal_Road
Avadi-022672",Avadi,Tamil_Nadu,22672.0,Shipping
CG-06789,CUST-18166,"265,_Gole_Circle
Sambalpur_272571",Sambalpur,Odisha,272571.0,Billing
OR-06790,CUST-17254,"29,_Sethi,_Patna_750872",Patna,Bihar,750872.0,Billing
MP-06791,CUST-10194,"H.No._28
Madan_Nagar
Unnao_310821",Unnao,Uttar_Pradesh,310821.0,"Billing,_Shipping"
UP-06792,CUST-01856,"H.No._433,_Chada_Zila
Karimnagar-525640",Karimnagar,Telangana,525640.0,"Billing,_Shipping"
WB-06793,CUST-19486,"98,_Bhandari_Nagar,_Madhyamgram-791636",Madhyamgram,West_Bengal,791636.0,Shipping
MP-06794,CUST-07257,"09/36,_Sharma_Circle
Jodhpur_480566",Jodhpur,Rajasthan,480566.0,"Billing,_Shipping"
HR-06795,CUST-04201,"208,_Chand_Ganj,_Siwan-165568",Siwan,Bihar,165568.0,Billing
OR-06796,CUST-10830,"H.No._768,_Issac_Road,_Berhampur_334151",Berhampur,Odisha,334151.0,Billing
RJ-06797,CUST-11323,"62/762
Batra_Path
Fatehpur-853803",Fatehpur,Uttar_Pradesh,853803.0,"Billing,_Shipping"
TS-06798,CUST-19661,"699,_Chandran_Chowk,_Dindigul-638031",Dindigul,Tamil_Nadu,638031.0,Shipping
WB-06799,CUST-14711,"H.No._649,_Brar_Marg
Bally_588152",Bally,West_Bengal,588152.0,"Billing,_Shipping"
RJ-06800,CUST-16229,"37
Ahluwalia_Ganj
Fatehpur_758993",Fatehpur,Uttar_Pradesh,758993.0,"Billing,_Shipping"
UP-06801,CUST-15243,"90/46
Solanki
Gurgaon_416936",Gurgaon,Haryana,416936.0,Shipping
HR-06802,CUST-18214,"514,_Das_Circle
Aurangabad-032102",Aurangabad,Maharashtra,32102.0,Billing
TN-06803,CUST-15523,"08,_Mammen_Street
Vellore_768394",Vellore,Tamil_Nadu,768394.0,Billing
WB-06804,CUST-02946,"227,_Mangat_Zila
Baranagar_642097",Baranagar,West_Bengal,642097.0,Shipping
GJ-06805,CUST-18184,"75,_Bath
Ajmer_620134",Ajmer,Rajasthan,620134.0,Billing
MP-06806,CUST-14591,"004,_Raval_Street
Ramgarh-497196",Ramgarh,Jharkhand,497196.0,Billing
TN-06807,CUST-07870,"65/00,_Chanda_Chowk
Tiruvottiyur-988076",Tiruvottiyur,Tamil_Nadu,988076.0,Billing
UP-06808,CUST-11676,"77/60,_Dani_Chowk,_Raiganj_009262",Raiganj,West_Bengal,9262.0,Shipping
WB-06809,CUST-16347,"92,_Dhar_Road
Uluberia_091571",Uluberia,West_Bengal,91571.0,Billing
CG-06811,CUST-15343,"314,_Ravel_Road,_Bhilai_762460",Bhilai,Chhattisgarh,762460.0,"Billing,_Shipping"
CG-06812,CUST-01470,"18,_Sabharwal_Circle
Malda_386600",Malda,West_Bengal,386600.0,"Billing,_Shipping"
AP-06813,CUST-12115,"60/54
Khanna_Zila
Bhimavaram-225888",Bhimavaram,Andhra_Pradesh,225888.0,"Billing,_Shipping"
UP-06814,CUST-16350,"00/101
Bakshi_Ganj
Burhanpur_027810",Burhanpur,Madhya_Pradesh,27810.0,"Billing,_Shipping"
BR-06815,CUST-05453,"84
Magar_Street
Satna_690798",Satna,Madhya_Pradesh,690798.0,Billing
BR-06816,CUST-12550,"H.No._492,_Shah_Circle
Purnia-873948",Purnia,Bihar,873948.0,Billing
KA-06817,CUST-01499,"71/306,_Kala_Street,_Amaravati-929713",Amaravati,Andhra_Pradesh,929713.0,Shipping
TN-06818,CUST-02019,"16,_Chowdhury_Path,_Tiruvottiyur_482641",Tiruvottiyur,Tamil_Nadu,482641.0,Shipping
WB-06819,CUST-06764,"53/24
Cheema_Street
Uluberia_806279",Uluberia,West_Bengal,806279.0,"Billing,_Shipping"
TS-06820,CUST-10367,"H.No._903
Sagar_Circle
Proddatur_282613",Proddatur,Andhra_Pradesh,282613.0,Shipping
TN-06821,CUST-15460,"33/954,_Trivedi_Chowk
Chittoor-912273",Chittoor,Andhra_Pradesh,912273.0,"Billing,_Shipping"
OR-06822,CUST-16676,"22/05
Kapadia_Ganj
Mathura_958249",Mathura,Uttar_Pradesh,958249.0,"Billing,_Shipping"
OR-06823,CUST-06915,"H.No._64
Srinivas_Ganj
Haldia-627355",Haldia,West_Bengal,627355.0,Billing
UK-06824,CUST-06352,"39,_Sani_Zila,_Haridwar-477760",Haridwar,Uttarakhand,477760.0,Billing
WB-06825,CUST-11006,"H.No._926,_Luthra_Path
Bidhannagar-563579",Bidhannagar,West_Bengal,563579.0,"Billing,_Shipping"
TS-06826,CUST-16312,"03/87
Kar_Path
Ramagundam-185103",Ramagundam,Telangana,185103.0,Billing
RJ-06827,CUST-11643,"H.No._43,_Mammen_Chowk
Rajkot_381229",Rajkot,Gujarat,381229.0,Billing
MH-06828,CUST-12881,"50/022
Tak_Chowk
Satara-358624",Satara,Maharashtra,358624.0,Billing
AP-06829,CUST-18417,"H.No._19,_Gade,_Gudivada-474035",Gudivada,Andhra_Pradesh,474035.0,Billing
AS-06830,CUST-00407,"H.No._594
Sandhu_Nagar
Siliguri_507224",Siliguri,West_Bengal,507224.0,"Billing,_Shipping"
OR-06831,CUST-01775,"750
Saini_Circle
Kanpur_489388",Kanpur,Uttar_Pradesh,489388.0,"Billing,_Shipping"
KA-06832,CUST-18264,"380,_Sarin_Ganj,_Solapur-108887",Solapur,Maharashtra,108887.0,Billing
OR-06833,CUST-15024,"082
Kaur_Circle
Kanpur_247760",Kanpur,Uttar_Pradesh,247760.0,Billing
CG-06834,CUST-10564,"H.No._18,_Setty_Ganj,_Sagar_389078",Sagar,Madhya_Pradesh,389078.0,Billing
UK-06835,CUST-11290,"43/929,_Chakraborty_Zila,_Haridwar_600621",Haridwar,Uttarakhand,600621.0,Billing
OR-06836,CUST-13018,"399
Bhatnagar_Road
Berhampur-912783",Berhampur,Odisha,912783.0,Shipping
TS-06837,CUST-14182,"734
Kothari_Chowk
Dindigul_063181",Dindigul,Tamil_Nadu,63181.0,Billing
RJ-06838,CUST-08925,"89
Seshadri_Path
Fatehpur_111953",Fatehpur,Uttar_Pradesh,111953.0,Billing
TN-06839,CUST-14782,"31,_Dube_Chowk,_Tiruvottiyur-694605",Tiruvottiyur,Tamil_Nadu,694605.0,Billing
UP-06840,CUST-12872,"44
Shenoy_Zila
Firozabad-741932",Firozabad,Uttar_Pradesh,741932.0,"Billing,_Shipping"
WB-06841,CUST-02731,"H.No._030
Datta_Street
Kulti-806993",Kulti,West_Bengal,806993.0,Shipping
TN-06842,CUST-17756,"00/591,_Dubey_Chowk
Pallavaram-670230",Pallavaram,Tamil_Nadu,670230.0,"Billing,_Shipping"
AP-06843,CUST-16033,"852,_Shroff,_Srikakulam-059491",Srikakulam,Andhra_Pradesh,59491.0,Billing
MH-06844,CUST-12727,"H.No._153
Varughese_Chowk
Jalgaon_793896",Jalgaon,Maharashtra,793896.0,"Billing,_Shipping"
RJ-06845,CUST-09709,"909,_Gandhi_Road,_Akola_705979",Akola,Maharashtra,705979.0,Billing
UK-06846,CUST-18897,"90,_Ghose,_Shivpuri-187335",Shivpuri,Madhya_Pradesh,187335.0,"Billing,_Shipping"
UP-06847,CUST-15552,"H.No._984,_Walia_Zila,_Bhagalpur-826088",Bhagalpur,Bihar,826088.0,Billing
DL-06848,CUST-13276,"32/49,_Sarin_Chowk,_Delhi_023042",Delhi,Delhi_(Union_Territory),23042.0,"Billing,_Shipping"
AP-06849,CUST-07928,"76,_Ramachandran_Street,_Jammu_981226",Jammu,Jammu_and_Kashmir,981226.0,Billing
WB-06850,CUST-17989,"180
Madan
Uluberia_150102",Uluberia,West_Bengal,150102.0,Shipping
UP-06851,CUST-15781,"746,_Balay_Zila,_Karimnagar_573376",Karimnagar,Telangana,573376.0,Billing
TS-06852,CUST-18218,"16,_Sama_Ganj,_Hindupur-995274",Hindupur,Andhra_Pradesh,995274.0,Shipping
RJ-06853,CUST-17580,"58/61,_Sundaram_Zila
Akola-335853",Akola,Maharashtra,335853.0,Billing
TS-06854,CUST-02536,"99/335
Jaggi_Path
Srinagar-677306",Srinagar,Jammu_and_Kashmir,677306.0,Billing
JH-06855,CUST-11367,"H.No._59,_Gade_Zila,_Asansol-116845",Asansol,West_Bengal,116845.0,"Billing,_Shipping"
DL-06856,CUST-18262,"106,_Ghosh_Path,_Delhi_926906",Delhi,Delhi_(Union_Territory),926906.0,"Billing,_Shipping"
UP-06857,CUST-12167,"H.No._815,_Savant_Path
Shahjahanpur-987829",Shahjahanpur,Uttar_Pradesh,987829.0,Billing
UP-06858,CUST-13268,"H.No._18,_Rajan_Path
Burhanpur_261965",Burhanpur,Madhya_Pradesh,261965.0,"Billing,_Shipping"
UP-06859,CUST-03760,"549,_Babu_Street,_Bhagalpur-683332",Bhagalpur,Bihar,683332.0,Billing
UP-06860,CUST-03032,"486,_Khurana_Path,_Burhanpur_030592",Burhanpur,Madhya_Pradesh,30592.0,Shipping
MP-06861,CUST-19011,"H.No._55
Tailor_Path
Jhansi_370462",Jhansi,Uttar_Pradesh,370462.0,Shipping
WB-06862,CUST-15439,"55,_Edwin_Path,_Panihati-353104",Panihati,West_Bengal,353104.0,Shipping
HR-06863,CUST-17615,"57/977,_Sachdev_Zila,_Aurangabad-005442",Aurangabad,Maharashtra,5442.0,Billing
JH-06864,CUST-02785,"H.No._23,_Dalal_Chowk
Kharagpur_400092",Kharagpur,West_Bengal,400092.0,Shipping
AS-06865,CUST-07297,"128,_Tella_Nagar
Nagaon_764340",Nagaon,Assam,764340.0,"Billing,_Shipping"
WB-06866,CUST-00750,"72
Chandran_Street
Bally_412672",Bally,West_Bengal,412672.0,Billing
BR-06867,CUST-02263,"82,_Seshadri_Zila,_Purnia_135674",Purnia,Bihar,135674.0,Shipping
TS-06868,CUST-11875,"H.No._77
Cheema_Circle
Ramagundam_704454",Ramagundam,Telangana,704454.0,Billing
UP-06869,CUST-00268,"H.No._62,_Raj_Zila
Gurgaon_779001",Gurgaon,Haryana,779001.0,"Billing,_Shipping"
BR-06870,CUST-16437,"H.No._99
Choudhry_Marg
Jaipur-144626",Jaipur,Rajasthan,144626.0,"Billing,_Shipping"
WB-06872,CUST-04786,"H.No._459,_Buch
Baranagar_156237",Baranagar,West_Bengal,156237.0,Shipping
UP-06873,CUST-08627,"69/761,_Chaudry_Path,_Jamalpur-804568",Jamalpur,Bihar,804568.0,Billing
MH-06874,CUST-02818,"97/498,_Rege_Path,_Yamunanagar-382081",Yamunanagar,Haryana,382081.0,"Billing,_Shipping"
MP-06875,CUST-01226,"292,_Jani_Street
Ramgarh-082171",Ramgarh,Jharkhand,82171.0,Shipping
WB-06876,CUST-07607,"59,_Buch_Path,_Bally-848527",Bally,West_Bengal,848527.0,Shipping
WB-06877,CUST-08125,"32,_Dubey_Chowk
Bidhannagar-131545",Bidhannagar,West_Bengal,131545.0,"Billing,_Shipping"
MP-06878,CUST-05044,"H.No._315
Khurana_Street
Khandwa-006840",Khandwa,Madhya_Pradesh,6840.0,Billing
GJ-06879,CUST-16386,"47/73
Kadakia_Nagar
Vadodara_398491",Vadodara,Gujarat,398491.0,Billing
AP-06880,CUST-12105,"H.No._18
Bala_Street
Bhimavaram_632456",Bhimavaram,Andhra_Pradesh,632456.0,"Billing,_Shipping"
TR-06881,CUST-19093,"H.No._33,_Roy_Chowk
Durgapur-852016",Durgapur,West_Bengal,852016.0,"Billing,_Shipping"
TS-06882,CUST-19180,"H.No._623
Bajwa_Chowk
Dindigul-066170",Dindigul,Tamil_Nadu,66170.0,Billing
AP-06883,CUST-13746,"33/868,_Deshpande_Path
Gudivada_606338",Gudivada,Andhra_Pradesh,606338.0,Billing
MP-06884,CUST-06882,"30/641,_Bahl_Marg,_Gorakhpur_251491",Gorakhpur,Uttar_Pradesh,251491.0,Shipping
UP-06885,CUST-04797,"H.No._195
Basu_Nagar
Ahmedabad_911460",Ahmedabad,Gujarat,911460.0,"Billing,_Shipping"
UP-06886,CUST-16878,"595,_Setty_Marg
Firozabad_467367",Firozabad,Uttar_Pradesh,467367.0,Shipping
JH-06887,CUST-17772,"63/621,_Chatterjee_Chowk
Phusro-020601",Phusro,Jharkhand,20601.0,Shipping
OR-06888,CUST-05603,"24
Mani
Haldia-385342",Haldia,West_Bengal,385342.0,Shipping
MP-06889,CUST-17248,"97
Walla_Ganj
Ramgarh-514398",Ramgarh,Jharkhand,514398.0,Billing
HP-06890,CUST-16332,"H.No._948,_Kothari_Marg,_Udaipur-871020",Udaipur,Rajasthan,871020.0,Billing
TN-06891,CUST-07702,"47,_Sengupta_Zila,_Pali-961180",Pali,Rajasthan,961180.0,Billing
WB-06892,CUST-09628,"97/09,_Divan_Nagar,_Baranagar-071377",Baranagar,West_Bengal,71377.0,"Billing,_Shipping"
TN-06893,CUST-15871,"835,_Bhargava_Road
Tiruvottiyur_766853",Tiruvottiyur,Tamil_Nadu,766853.0,Billing
TN-06894,CUST-04654,"35
Desai
Tiruppur_452609",Tiruppur,Tamil_Nadu,452609.0,Shipping
UP-06895,CUST-13876,"H.No._452
Bhardwaj
Muzaffarpur-375809",Muzaffarpur,Bihar,375809.0,Billing
BR-06896,CUST-13058,"H.No._13,_Karpe_Path
Ballia-496314",Ballia,Uttar_Pradesh,496314.0,Shipping
AP-06897,CUST-03410,"H.No._562,_Sabharwal,_Dharmavaram_623061",Dharmavaram,Andhra_Pradesh,623061.0,Shipping
JH-06898,CUST-09601,"05/26
Swamy
Kharagpur-453052",Kharagpur,West_Bengal,453052.0,"Billing,_Shipping"
MP-06899,CUST-10664,"H.No._082,_D’Alia,_Jalandhar_899888",Jalandhar,Punjab,899888.0,"Billing,_Shipping"
OR-06900,CUST-16518,"05/457,_Rout
Berhampur_997791",Berhampur,Odisha,997791.0,Billing
AS-06901,CUST-11180,"85/476,_Sane_Ganj
Siliguri-835163",Siliguri,West_Bengal,835163.0,Shipping
MP-06902,CUST-03460,"99/400
Chakraborty_Ganj
Mau_562664",Mau,Uttar_Pradesh,562664.0,Shipping
GJ-06903,CUST-04747,"H.No._072
Sarna_Path
Ajmer-348872",Ajmer,Rajasthan,348872.0,Billing
WB-06904,CUST-01453,"50/51,_Sha_Path
Arrah-212314",Arrah,Bihar,212314.0,Billing
MH-06905,CUST-10243,"946,_Goel_Marg,_Satara_404994",Satara,Maharashtra,404994.0,"Billing,_Shipping"
UP-06906,CUST-13315,"700,_Karan_Marg
Bhagalpur_415966",Bhagalpur,Bihar,415966.0,Billing
OR-06907,CUST-16216,"H.No._48
Gaba_Circle
Mathura-562827",Mathura,Uttar_Pradesh,562827.0,Billing
WB-06908,CUST-11544,"23,_Kothari_Chowk,_Bhatpara-137708",Bhatpara,West_Bengal,137708.0,Shipping
JH-06909,CUST-17661,"22/622,_Srivastava_Path
Asansol-324996",Asansol,West_Bengal,324996.0,Billing
TS-06910,CUST-10231,"H.No._092
Kakar_Zila
Srinagar-135405",Srinagar,Jammu_and_Kashmir,135405.0,"Billing,_Shipping"
KA-06911,CUST-08631,"H.No._34,_Manne_Zila,_Mangalore-909794",Mangalore,Karnataka,909794.0,Shipping
MP-06912,CUST-17027,"217
Manne_Street
Ramgarh-193141",Ramgarh,Jharkhand,193141.0,"Billing,_Shipping"
MH-06913,CUST-17400,"89,_Kota_Zila,_Rampur-439828",Rampur,Uttar_Pradesh,439828.0,Billing
UP-06914,CUST-16827,"190,_Iyer_Path
Burhanpur-860866",Burhanpur,Madhya_Pradesh,860866.0,Billing
UP-06916,CUST-11297,"098
Hora_Marg
Raiganj-612942",Raiganj,West_Bengal,612942.0,Shipping
GJ-06917,CUST-13622,"85/79,_Uppal_Street
Hajipur_016183",Hajipur,Bihar,16183.0,Shipping
AP-06918,CUST-00136,"72/71
Kant_Street
Jammu-338986",Jammu,Jammu_and_Kashmir,338986.0,Shipping
OR-06919,CUST-07388,"100
Chaudhuri
Berhampur-010024",Berhampur,Odisha,10024.0,"Billing,_Shipping"
AP-06920,CUST-17969,"42,_Sawhney_Road
Dharmavaram_693274",Dharmavaram,Andhra_Pradesh,693274.0,"Billing,_Shipping"
UP-06921,CUST-16376,"91/690,_Sood_Ganj,_Raipur-746633",Raipur,Chhattisgarh,746633.0,Shipping
AP-06922,CUST-19493,"212,_Borde_Zila,_Gudivada_763297",Gudivada,Andhra_Pradesh,763297.0,Shipping
AP-06923,CUST-18706,"372,_Sachar_Path,_Dharmavaram_272265",Dharmavaram,Andhra_Pradesh,272265.0,Billing
MP-06924,CUST-05231,"H.No._31,_Sahni_Marg,_Ramgarh_383161",Ramgarh,Jharkhand,383161.0,"Billing,_Shipping"
MH-06925,CUST-18361,"H.No._88,_Tailor_Road,_Yamunanagar-986310",Yamunanagar,Haryana,986310.0,Billing
JH-06926,CUST-15216,"69/572,_Dube_Road,_Kharagpur_215167",Kharagpur,West_Bengal,215167.0,Shipping
UK-06927,CUST-00093,"96/97,_Suri_Marg
Jalna_326918",Jalna,Maharashtra,326918.0,Billing
WB-06928,CUST-12029,"18,_Swaminathan_Marg,_Bhatpara-664300",Bhatpara,West_Bengal,664300.0,Shipping
OR-06929,CUST-13777,"42,_Devan_Nagar
Bharatpur_334206",Bharatpur,Rajasthan,334206.0,Billing
BR-06930,CUST-18952,"15,_Dalal_Path,_Munger_765341",Munger,Bihar,765341.0,Shipping
TN-06931,CUST-10546,"94/56,_Grover_Circle
Gandhinagar_456631",Gandhinagar,Gujarat,456631.0,"Billing,_Shipping"
MP-06932,CUST-13063,"808,_Sehgal_Marg,_Jhansi-380812",Jhansi,Uttar_Pradesh,380812.0,Billing
WB-06933,CUST-19873,"H.No._56,_Bakshi_Ganj,_Panihati-975115",Panihati,West_Bengal,975115.0,Shipping
WB-06934,CUST-13125,"H.No._662,_Bora_Path
Arrah-839968",Arrah,Bihar,839968.0,Shipping
BR-06935,CUST-04366,"439
Kamdar_Chowk
Ballia_931311",Ballia,Uttar_Pradesh,931311.0,Billing
MP-06936,CUST-04856,"H.No._50,_Dutta_Nagar,_Ramgarh-986101",Ramgarh,Jharkhand,986101.0,Shipping
MP-06937,CUST-01680,"H.No._947
Balasubramanian_Road
Jhansi-338206",Jhansi,Uttar_Pradesh,338206.0,Shipping
AS-06938,CUST-09305,"264,_Bumb_Road
Siliguri_489151",Siliguri,West_Bengal,489151.0,"Billing,_Shipping"
OR-06939,CUST-06117,"51/087,_Ganesh_Path
Danapur-353417",Danapur,Bihar,353417.0,Billing
TR-06940,CUST-12452,"045,_Raja_Zila,_Chandigarh-296502",Chandigarh,Chandigarh_(Union_Territory),296502.0,"Billing,_Shipping"
MH-06941,CUST-11965,"792
Srinivas_Path
Guntur-125426",Guntur,Andhra_Pradesh,125426.0,Shipping
BR-06942,CUST-01837,"47/78,_Bedi
Munger-863196",Munger,Bihar,863196.0,Shipping
TS-06943,CUST-17625,"03/44
Saxena_Chowk
Proddatur-842506",Proddatur,Andhra_Pradesh,842506.0,Billing
UP-06944,CUST-18687,"044
Thakkar_Street
Farrukhabad-490383",Farrukhabad,Uttar_Pradesh,490383.0,Shipping
MP-06945,CUST-13996,"95/066
Krish_Marg
Jodhpur-750248",Jodhpur,Rajasthan,750248.0,Billing
TS-06946,CUST-17839,"H.No._768,_Choudhary_Street
Hindupur_419725",Hindupur,Andhra_Pradesh,419725.0,Shipping
AP-06947,CUST-06655,"16/961,_Rao_Chowk
Dharmavaram_132818",Dharmavaram,Andhra_Pradesh,132818.0,Shipping
MH-06948,CUST-04097,"H.No._724,_Hari_Circle,_Karnal_151613",Karnal,Haryana,151613.0,Billing
TS-06950,CUST-13119,"54,_Khare_Road
Dindigul-791228",Dindigul,Tamil_Nadu,791228.0,Shipping
UP-06951,CUST-16280,"H.No._929
Wali_Nagar
Firozabad-881028",Firozabad,Uttar_Pradesh,881028.0,"Billing,_Shipping"
OR-06952,CUST-02446,"176
Chatterjee_Nagar
Bharatpur-697573",Bharatpur,Rajasthan,697573.0,Billing
OR-06953,CUST-15645,"H.No._13,_Wadhwa_Nagar,_Haldia-529455",Haldia,West_Bengal,529455.0,"Billing,_Shipping"
UP-06954,CUST-19410,"563,_Deol_Chowk,_Karimnagar-246729",Karimnagar,Telangana,246729.0,Shipping
MP-06955,CUST-08756,"85,_Ganesan_Marg
Dehri_854301",Dehri,Bihar,854301.0,Billing
UP-06956,CUST-18297,"11/13,_Raju
Gurgaon-760921",Gurgaon,Haryana,760921.0,Shipping
UP-06957,CUST-07219,"44/238
Sridhar_Path
Raiganj_713369",Raiganj,West_Bengal,713369.0,Billing
GJ-06958,CUST-12662,"H.No._797,_Shanker_Chowk
Ajmer-587254",Ajmer,Rajasthan,587254.0,Billing
TR-06959,CUST-00116,"49/75,_Garg_Chowk
Chandigarh_238692",Chandigarh,Chandigarh_(Union_Territory),238692.0,Shipping
MP-06961,CUST-16521,"81/034
Dube_Circle
Indore_862984",Indore,Madhya_Pradesh,862984.0,"Billing,_Shipping"
MH-06962,CUST-16265,"961,_Sachar_Road,_Satara-203638",Satara,Maharashtra,203638.0,Shipping
AP-06963,CUST-14616,"H.No._958,_Seth_Street
Dharmavaram-024303",Dharmavaram,Andhra_Pradesh,24303.0,Shipping
TN-06964,CUST-00290,"99/98
Apte_Path
Gandhinagar-594379",Gandhinagar,Gujarat,594379.0,"Billing,_Shipping"
UP-06965,CUST-13854,"699,_Basu_Path
Bhagalpur-332164",Bhagalpur,Bihar,332164.0,Shipping
KA-06966,CUST-12098,"90/891,_Shere_Zila
Hospet-878673",Hospet,Karnataka,878673.0,Shipping
WB-06967,CUST-15721,"05/66,_Raj_Path,_Bhatpara-090691",Bhatpara,West_Bengal,90691.0,Shipping
UP-06968,CUST-12406,"H.No._27
Rajan_Street
Ahmedabad-365442",Ahmedabad,Gujarat,365442.0,Billing
JH-06969,CUST-02810,"H.No._93,_Sabharwal_Marg
Mango_972016",Mango,Jharkhand,972016.0,Shipping
OR-06970,CUST-17308,"12
Shankar_Marg
Danapur-925925",Danapur,Bihar,925925.0,Shipping
UP-06971,CUST-19003,"24/30,_Chandran_Road,_Ahmedabad-853411",Ahmedabad,Gujarat,853411.0,"Billing,_Shipping"
TS-06972,CUST-16085,"88,_Chacko_Path
Nizamabad_391247",Nizamabad,Telangana,391247.0,Shipping
GJ-06973,CUST-06600,"05
Trivedi
Kavali-511734",Kavali,Andhra_Pradesh,511734.0,Shipping
OR-06974,CUST-07390,"H.No._328,_Verma_Chowk,_Patna-044069",Patna,Bihar,44069.0,"Billing,_Shipping"
CG-06975,CUST-05702,"40/294
Toor_Nagar
Sagar_838725",Sagar,Madhya_Pradesh,838725.0,"Billing,_Shipping"
TN-06976,CUST-10801,"15/362,_Dey_Chowk,_Salem_876717",Salem,Tamil_Nadu,876717.0,Shipping
JH-06977,CUST-10663,"72/590,_Ganesh_Street,_Asansol-317767",Asansol,West_Bengal,317767.0,Shipping
OR-06978,CUST-06752,"19
Dugal_Road
Anantapur_529451",Anantapur,Andhra_Pradesh,529451.0,Shipping
OR-06979,CUST-18659,"46/93
Doshi
Danapur_449656",Danapur,Bihar,449656.0,"Billing,_Shipping"
UP-06980,CUST-11340,"77,_Ram_Zila
Jamalpur_602310",Jamalpur,Bihar,602310.0,Billing
UP-06981,CUST-19865,"544,_Loyal_Marg,_Bhagalpur-354903",Bhagalpur,Bihar,354903.0,"Billing,_Shipping"
UP-06982,CUST-06415,"884,_Virk_Circle,_Shahjahanpur-853613",Shahjahanpur,Uttar_Pradesh,853613.0,Billing
MP-06983,CUST-11990,"20/400
Bose_Path
Ramgarh-938721",Ramgarh,Jharkhand,938721.0,Shipping
GJ-06984,CUST-17022,"H.No._05
Mahajan_Chowk
Allahabad_032712",Allahabad,Uttar_Pradesh,32712.0,Shipping
MP-06985,CUST-13110,"60
Karnik
Jodhpur_743463",Jodhpur,Rajasthan,743463.0,Shipping
BR-06986,CUST-18846,"533
Badal_Nagar
Ballia-699848",Ballia,Uttar_Pradesh,699848.0,Shipping
GJ-06987,CUST-13069,"17,_Yadav_Marg,_Ajmer-543117",Ajmer,Rajasthan,543117.0,Billing
UP-06988,CUST-19943,"02,_Soni_Zila,_Bhagalpur-040312",Bhagalpur,Bihar,40312.0,Shipping
AP-06989,CUST-14572,"H.No._19,_Chacko_Ganj,_Jammu_457614",Jammu,Jammu_and_Kashmir,457614.0,Shipping
WB-06990,CUST-14735,"324,_Jaggi_Path
Kamarhati_622955",Kamarhati,West_Bengal,622955.0,Billing
AP-06991,CUST-19552,"959,_Thakkar_Nagar
Anantapuram_591054",Anantapuram,Andhra_Pradesh,591054.0,Billing
UP-06992,CUST-12922,"H.No._218
Anne_Road
Farrukhabad-541573",Farrukhabad,Uttar_Pradesh,541573.0,"Billing,_Shipping"
MP-06993,CUST-01003,"24/13
Hari_Street
Unnao-925740",Unnao,Uttar_Pradesh,925740.0,"Billing,_Shipping"
BR-06994,CUST-18021,"129
Sehgal_Street
Ballia_985784",Ballia,Uttar_Pradesh,985784.0,Billing
UP-06995,CUST-19992,"11
Agate_Ganj
Raiganj_959329",Raiganj,West_Bengal,959329.0,"Billing,_Shipping"
AP-06996,CUST-13516,"74/05
Sarin_Marg
Jammu_541699",Jammu,Jammu_and_Kashmir,541699.0,"Billing,_Shipping"
UP-06997,CUST-02683,"65
Keer_Circle
Burhanpur_832459",Burhanpur,Madhya_Pradesh,832459.0,Billing
TN-06998,CUST-12763,"08/995,_Gala_Marg,_Salem_911988",Salem,Tamil_Nadu,911988.0,Shipping
MH-06999,CUST-00091,"515,_Bhagat_Marg
Jalgaon_120581",Jalgaon,Maharashtra,120581.0,"Billing,_Shipping"
HR-07000,CUST-07216,"H.No._43,_Trivedi_Zila,_Aurangabad_746421",Aurangabad,Maharashtra,746421.0,Billing
BR-07001,CUST-10829,"67/70,_Bhattacharyya_Chowk,_Ballia-296480",Ballia,Uttar_Pradesh,296480.0,Billing
TN-07002,CUST-15898,"H.No._35
Sangha_Chowk
Vellore-613274",Vellore,Tamil_Nadu,613274.0,"Billing,_Shipping"
TS-07003,CUST-17643,"79/568
Dash_Road
Srinagar_389185",Srinagar,Jammu_and_Kashmir,389185.0,Billing
MP-07004,CUST-19550,"099,_Iyengar_Path,_Mau-590181",Mau,Uttar_Pradesh,590181.0,Billing
BR-07005,CUST-14192,"338
Butala_Path
Buxar_483140",Buxar,Bihar,483140.0,Billing
OR-07006,CUST-11066,"80
Krishnamurthy
Mathura-216871",Mathura,Uttar_Pradesh,216871.0,"Billing,_Shipping"
TS-07007,CUST-01213,"H.No._20,_Lalla_Path,_Ambala-335396",Ambala,Haryana,335396.0,"Billing,_Shipping"
HR-07008,CUST-14645,"H.No._811
Barman_Marg
Aurangabad_933425",Aurangabad,Maharashtra,933425.0,Billing
BR-07009,CUST-12506,"40/077
Bora_Chowk
Buxar-091304",Buxar,Bihar,91304.0,Shipping
OR-07010,CUST-17088,"94,_Walla_Street
Chandrapur-523530",Chandrapur,Maharashtra,523530.0,Shipping
AP-07011,CUST-10757,"39/875,_Tak_Road
Anantapuram_081225",Anantapuram,Andhra_Pradesh,81225.0,Shipping
AP-07012,CUST-02626,"399
Dar_Road
Anantapuram_483958",Anantapuram,Andhra_Pradesh,483958.0,Billing
UP-07013,CUST-04979,"94/120
Chopra_Chowk
Burhanpur-308706",Burhanpur,Madhya_Pradesh,308706.0,Shipping
UP-07014,CUST-00417,"H.No._55
Anne_Zila
Muzaffarpur-237836",Muzaffarpur,Bihar,237836.0,Shipping
TS-07015,CUST-11172,"H.No._28,_Bumb_Zila,_Hindupur-819814",Hindupur,Andhra_Pradesh,819814.0,"Billing,_Shipping"
BR-07016,CUST-18954,"34/046,_Bajaj_Circle
Jaipur-314308",Jaipur,Rajasthan,314308.0,Shipping
CG-07017,CUST-14672,"H.No._53,_Tiwari_Marg
Sagar-200865",Sagar,Madhya_Pradesh,200865.0,"Billing,_Shipping"
WB-07018,CUST-12746,"901,_Hari_Nagar
Bidhannagar_726273",Bidhannagar,West_Bengal,726273.0,"Billing,_Shipping"
KL-07019,CUST-05131,"962,_Shukla_Nagar
Kollam-176477",Kollam,Kerala,176477.0,Shipping
HR-07020,CUST-15389,"007,_Zachariah_Path
Siwan-727456",Siwan,Bihar,727456.0,"Billing,_Shipping"
GJ-07021,CUST-19243,"H.No._198
Dutta_Path
Kavali-026673",Kavali,Andhra_Pradesh,26673.0,Billing
GJ-07022,CUST-11778,"40
Seshadri_Path
Jabalpur_472490",Jabalpur,Madhya_Pradesh,472490.0,Billing
TN-07023,CUST-19718,"252,_Deo_Road,_Tiruppur-667844",Tiruppur,Tamil_Nadu,667844.0,Shipping
MP-07025,CUST-13589,"H.No._71
Deol_Nagar
Dehri-865591",Dehri,Bihar,865591.0,Shipping
AP-07026,CUST-08295,"H.No._861
Tandon_Chowk
Jammu_568039",Jammu,Jammu_and_Kashmir,568039.0,Billing
BR-07027,CUST-11898,"09/582,_Krishnan_Circle
Ballia-455872",Ballia,Uttar_Pradesh,455872.0,"Billing,_Shipping"
OR-07028,CUST-04271,"21/153
Sinha_Zila
Mathura-123658",Mathura,Uttar_Pradesh,123658.0,Billing
OR-07029,CUST-15220,"H.No._331,_Dhingra_Zila,_Anantapur-313357",Anantapur,Andhra_Pradesh,313357.0,Shipping
MP-07030,CUST-17803,"H.No._30
Das_Nagar
Indore-453303",Indore,Madhya_Pradesh,453303.0,Billing
AP-07031,CUST-02052,"67,_Tandon_Zila,_Gudivada_707506",Gudivada,Andhra_Pradesh,707506.0,Billing
DL-07032,CUST-09899,"51
Viswanathan_Zila
Delhi-176888",Delhi,Delhi_(Union_Territory),176888.0,Shipping
GJ-07033,CUST-15556,"08/512
Mallick_Nagar
Hajipur-585565",Hajipur,Bihar,585565.0,Shipping
OR-07034,CUST-13157,"98,_Joshi_Nagar,_Haldia_298512",Haldia,West_Bengal,298512.0,Shipping
CG-07035,CUST-02313,"H.No._874
Sachar_Path
Bhilai-977547",Bhilai,Chhattisgarh,977547.0,Shipping
UP-07036,CUST-15331,"H.No._975,_Rau_Zila,_Raipur-285943",Raipur,Chhattisgarh,285943.0,Billing
RJ-07037,CUST-02030,"32
Shenoy_Zila
Rajkot-380628",Rajkot,Gujarat,380628.0,Shipping
JH-07038,CUST-08422,"H.No._850
Hegde_Chowk
Phusro_306960",Phusro,Jharkhand,306960.0,"Billing,_Shipping"
MP-07039,CUST-02070,"712
Behl_Zila
Kishanganj_078027",Kishanganj,Bihar,78027.0,Billing
UP-07040,CUST-17596,"12
Ravel_Marg
Shahjahanpur_767980",Shahjahanpur,Uttar_Pradesh,767980.0,Billing
HR-07041,CUST-10931,"H.No._15,_Gopal
Bikaner-298878",Bikaner,Rajasthan,298878.0,"Billing,_Shipping"
MP-07042,CUST-02214,"H.No._710,_Kannan_Nagar,_Kishanganj_349316",Kishanganj,Bihar,349316.0,Billing
OR-07043,CUST-03847,"312,_Sawhney_Nagar,_Chandrapur_731627",Chandrapur,Maharashtra,731627.0,Billing
UP-07044,CUST-10553,"880,_Chakraborty_Road
Ahmedabad_143267",Ahmedabad,Gujarat,143267.0,"Billing,_Shipping"
WB-07045,CUST-10347,"H.No._00,_Bandi_Marg
Naihati-188610",Naihati,West_Bengal,188610.0,Billing
KA-07046,CUST-14508,"43/80,_Srinivasan_Path
Tumkur-856702",Tumkur,Karnataka,856702.0,Billing
WB-07047,CUST-15017,"H.No._06,_Anne_Ganj
Kulti_634165",Kulti,West_Bengal,634165.0,Shipping
TN-07048,CUST-14769,"H.No._158,_Bal_Zila
Salem_463573",Salem,Tamil_Nadu,463573.0,Shipping
MP-07049,CUST-19406,"98,_Kapur_Road,_Unnao-886161",Unnao,Uttar_Pradesh,886161.0,"Billing,_Shipping"
HR-07050,CUST-17165,"H.No._294,_Kumar_Zila,_Bikaner_260446",Bikaner,Rajasthan,260446.0,Billing
TN-07051,CUST-12147,"92/52
Barman_Street
Tiruppur-964280",Tiruppur,Tamil_Nadu,964280.0,Shipping
CG-07052,CUST-15161,"88
Varughese_Zila
Sambalpur_422554",Sambalpur,Odisha,422554.0,"Billing,_Shipping"
AS-07053,CUST-04788,"85/041,_Bhandari_Chowk
Bongaigaon_299096",Bongaigaon,Assam,299096.0,Billing
UP-07054,CUST-09785,"32/18,_Chander_Street,_Muzaffarpur-756095",Muzaffarpur,Bihar,756095.0,"Billing,_Shipping"
BR-07055,CUST-04589,"H.No._415,_Ratti_Circle,_Purnia_988607",Purnia,Bihar,988607.0,Shipping
GJ-07056,CUST-03574,"H.No._31,_Sant_Nagar,_Kavali-713110",Kavali,Andhra_Pradesh,713110.0,"Billing,_Shipping"
UP-07057,CUST-16264,"H.No._146
Bajwa_Marg
Raipur-322457",Raipur,Chhattisgarh,322457.0,"Billing,_Shipping"
TS-07058,CUST-13941,"83/769,_Sule_Circle
Hindupur_717045",Hindupur,Andhra_Pradesh,717045.0,"Billing,_Shipping"
GJ-07059,CUST-11353,"38/44,_Sachar_Ganj
Jabalpur_954135",Jabalpur,Madhya_Pradesh,954135.0,Billing
OR-07060,CUST-15929,"19/266,_Kunda,_Bharatpur_149051",Bharatpur,Rajasthan,149051.0,Shipping
MH-07061,CUST-16954,"238,_Kulkarni_Road,_Guntur-956027",Guntur,Andhra_Pradesh,956027.0,Billing
JH-07062,CUST-17829,"36/85,_Varughese_Chowk
Phusro-606360",Phusro,Jharkhand,606360.0,"Billing,_Shipping"
WB-07063,CUST-01494,"H.No._555,_Bera_Zila
Kamarhati_807540",Kamarhati,West_Bengal,807540.0,"Billing,_Shipping"
TS-07064,CUST-14287,"28/897,_Sachar_Ganj
Nizamabad_525458",Nizamabad,Telangana,525458.0,Shipping
BR-07065,CUST-17479,"114,_Choudhury_Circle,_Jaipur_413291",Jaipur,Rajasthan,413291.0,Shipping
UK-07066,CUST-16360,"H.No._003,_Rama_Chowk
Haridwar_237769",Haridwar,Uttarakhand,237769.0,Billing
GJ-07067,CUST-16754,"08/263,_Chaudhari_Path
Hajipur_400650",Hajipur,Bihar,400650.0,Billing
GJ-07068,CUST-11796,"H.No._12,_Jayaraman_Marg
Hajipur-043014",Hajipur,Bihar,43014.0,"Billing,_Shipping"
UK-07069,CUST-11812,"34,_Bir_Circle,_Haridwar-171694",Haridwar,Uttarakhand,171694.0,"Billing,_Shipping"
BR-07070,CUST-15035,"853,_Karnik_Zila,_Jaipur-218905",Jaipur,Rajasthan,218905.0,"Billing,_Shipping"
UP-07071,CUST-14545,"H.No._205
Banik_Chowk
Mirzapur_406859",Mirzapur,Uttar_Pradesh,406859.0,Billing
MP-07072,CUST-19702,"928,_Chandran_Path,_Ramgarh_063896",Ramgarh,Jharkhand,63896.0,Billing
HR-07073,CUST-17746,"H.No._72,_Gupta
Aurangabad_791787",Aurangabad,Maharashtra,791787.0,"Billing,_Shipping"
UP-07074,CUST-10678,"69,_Sen_Chowk,_Chapra_695833",Chapra,Bihar,695833.0,Billing
WB-07075,CUST-19201,"89/32
Solanki_Nagar
Bally_914666",Bally,West_Bengal,914666.0,Billing
OR-07076,CUST-17684,"05/024,_Bajwa_Chowk,_Bilaspur-561908",Bilaspur,Chhattisgarh,561908.0,Shipping
MP-07077,CUST-03985,"H.No._45
Thaker_Zila
Dehri-521175",Dehri,Bihar,521175.0,Billing
UP-07078,CUST-06682,"38/14,_Ahluwalia_Circle
Ahmedabad-132851",Ahmedabad,Gujarat,132851.0,Shipping
UP-07079,CUST-19471,"573
Goda_Ganj
Firozabad-879049",Firozabad,Uttar_Pradesh,879049.0,Shipping
MH-07080,CUST-18619,"H.No._17,_Bobal_Chowk,_Guntur_208267",Guntur,Andhra_Pradesh,208267.0,Billing
OR-07081,CUST-15095,"30,_Sarma_Marg
Kanpur-753859",Kanpur,Uttar_Pradesh,753859.0,Shipping
CG-07082,CUST-18140,"37/13,_Varughese_Circle,_Bhilai_867413",Bhilai,Chhattisgarh,867413.0,Shipping
AP-07083,CUST-14002,"117
Baral_Marg
Srikakulam-272405",Srikakulam,Andhra_Pradesh,272405.0,Billing
UP-07084,CUST-15545,"46/17,_Dara_Street,_Shahjahanpur_417233",Shahjahanpur,Uttar_Pradesh,417233.0,Shipping
UP-07085,CUST-15086,"17/156,_Chaudhuri_Path
Shahjahanpur-880422",Shahjahanpur,Uttar_Pradesh,880422.0,Shipping
OR-07086,CUST-03967,"89/660
Bir_Zila
Anantapur_408179",Anantapur,Andhra_Pradesh,408179.0,Billing
MP-07087,CUST-15312,"47
Boase
Jodhpur_240611",Jodhpur,Rajasthan,240611.0,Billing
RJ-07088,CUST-00988,"H.No._16,_Acharya_Road
Rajkot-653737",Rajkot,Gujarat,653737.0,Billing
TS-07089,CUST-18246,"H.No._120
Dasgupta_Street
Ambala_731527",Ambala,Haryana,731527.0,Billing
OR-07090,CUST-18153,"81,_Madan_Street
Haldia_705702",Haldia,West_Bengal,705702.0,Shipping
MP-07091,CUST-11244,"29/49
Wable_Path
Jalandhar-669692",Jalandhar,Punjab,669692.0,Shipping
MH-07092,CUST-07827,"31,_Banerjee_Circle
Satara_343751",Satara,Maharashtra,343751.0,"Billing,_Shipping"
MP-07093,CUST-12113,"H.No._35
Shah_Street
Gorakhpur-490708",Gorakhpur,Uttar_Pradesh,490708.0,Shipping
KA-07094,CUST-13128,"29/87,_Randhawa_Nagar
Hosur-776617",Hosur,Tamil_Nadu,776617.0,"Billing,_Shipping"
WB-07095,CUST-16641,"H.No._18,_Shukla_Circle,_Bidhannagar_059795",Bidhannagar,West_Bengal,59795.0,Shipping
MH-07096,CUST-19294,"H.No._11,_Bains_Ganj,_Malegaon-326701",Malegaon,Maharashtra,326701.0,"Billing,_Shipping"
TN-07097,CUST-18094,"860,_Yogi_Chowk,_Chittoor-415705",Chittoor,Andhra_Pradesh,415705.0,Billing
WB-07098,CUST-15676,"07,_Hans_Street,_Bidhannagar_936836",Bidhannagar,West_Bengal,936836.0,Shipping
CG-07099,CUST-18485,"20/924,_Chaudhary_Circle
Sagar-048089",Sagar,Madhya_Pradesh,48089.0,"Billing,_Shipping"
TS-07100,CUST-14137,"H.No._60,_Saran_Marg
Sirsa-658121",Sirsa,Haryana,658121.0,Shipping
WB-07101,CUST-05526,"685,_Chhabra_Chowk,_Aligarh-073971",Aligarh,Uttar_Pradesh,73971.0,Billing
OR-07102,CUST-00473,"51,_Sethi_Street,_Kanpur-475955",Kanpur,Uttar_Pradesh,475955.0,Billing
UP-07103,CUST-11860,"H.No._367,_Setty
Muzaffarpur_226590",Muzaffarpur,Bihar,226590.0,"Billing,_Shipping"
WB-07104,CUST-16956,"85/550
Kakar
Panihati_265253",Panihati,West_Bengal,265253.0,Billing
TS-07105,CUST-11405,"H.No._625
Dara_Street
Sirsa_518980",Sirsa,Haryana,518980.0,Billing
MH-07106,CUST-17658,"94/575,_Kapadia_Chowk,_Yamunanagar-182999",Yamunanagar,Haryana,182999.0,Billing
TN-07107,CUST-13126,"08/415,_Singhal_Ganj
Avadi-780820",Avadi,Tamil_Nadu,780820.0,"Billing,_Shipping"
TN-07108,CUST-13328,"H.No._342,_Bora_Chowk,_Gandhinagar-874836",Gandhinagar,Gujarat,874836.0,"Billing,_Shipping"
BR-07109,CUST-03061,"79/57
Ramachandran_Path
Satna_972688",Satna,Madhya_Pradesh,972688.0,Billing
MP-07110,CUST-08977,"H.No._920
Shukla_Zila
Jhansi-772395",Jhansi,Uttar_Pradesh,772395.0,Billing
AP-07111,CUST-16961,"H.No._648,_Kibe_Ganj,_Srikakulam-129420",Srikakulam,Andhra_Pradesh,129420.0,Billing
CG-07112,CUST-03284,"00
Bora_Chowk
Nagpur-826871",Nagpur,Maharashtra,826871.0,Billing
MH-07113,CUST-14548,"H.No._256,_Kumer_Chowk,_Karnal-945131",Karnal,Haryana,945131.0,Shipping
MH-07114,CUST-13631,"94/771
Dube_Nagar
Guntur-830081",Guntur,Andhra_Pradesh,830081.0,Shipping
HR-07115,CUST-08102,"772,_Bhatia_Ganj,_Aurangabad_176482",Aurangabad,Maharashtra,176482.0,Billing
HR-07116,CUST-13652,"30/60
Soman_Road
Aurangabad_648250",Aurangabad,Maharashtra,648250.0,Shipping
BR-07117,CUST-00542,"H.No._809
Aggarwal_Zila
Jaipur_010021",Jaipur,Rajasthan,10021.0,Billing
GJ-07118,CUST-19794,"H.No._06,_Arya_Chowk,_Allahabad-201172",Allahabad,Uttar_Pradesh,201172.0,"Billing,_Shipping"
KA-07119,CUST-19085,"H.No._64,_Bava_Nagar
Amaravati-171397",Amaravati,Andhra_Pradesh,171397.0,Shipping
MP-07120,CUST-03513,"24/62
Yohannan_Road
Kishanganj_728167",Kishanganj,Bihar,728167.0,"Billing,_Shipping"
MH-07121,CUST-06970,"H.No._326
Soni_Circle
Bhiwandi_325519",Bhiwandi,Maharashtra,325519.0,Shipping
GJ-07122,CUST-03063,"28,_Kumar_Chowk
Vadodara_952125",Vadodara,Gujarat,952125.0,Shipping
TR-07123,CUST-16151,"H.No._897,_Lall_Nagar
Durgapur-112109",Durgapur,West_Bengal,112109.0,"Billing,_Shipping"
MP-07124,CUST-15731,"776,_Aggarwal_Street,_Indore-418207",Indore,Madhya_Pradesh,418207.0,Billing
UP-07125,CUST-15047,"59/872
Sankar_Street
Farrukhabad_928103",Farrukhabad,Uttar_Pradesh,928103.0,Billing
MP-07126,CUST-05275,"45,_Lal_Zila,_Kishanganj-096666",Kishanganj,Bihar,96666.0,"Billing,_Shipping"
TN-07127,CUST-11052,"71/78,_Kapoor_Circle
Pallavaram_907792",Pallavaram,Tamil_Nadu,907792.0,Billing
UP-07128,CUST-10979,"45/04,_Tandon_Ganj
Jamalpur_574250",Jamalpur,Bihar,574250.0,Billing
BR-07129,CUST-10024,"71/319,_Ben_Circle,_Jaipur_868007",Jaipur,Rajasthan,868007.0,Shipping
AP-07130,CUST-11994,"H.No._150,_Sridhar_Circle
Bhimavaram_203284",Bhimavaram,Andhra_Pradesh,203284.0,Shipping
WB-07131,CUST-16042,"00
Vohra
Uluberia-107318",Uluberia,West_Bengal,107318.0,"Billing,_Shipping"
MP-07132,CUST-04816,"H.No._02,_Toor_Chowk
Gopalpur_275141",Gopalpur,Odisha,275141.0,Shipping
GJ-07133,CUST-19918,"H.No._79,_Goel_Marg,_Ajmer-753010",Ajmer,Rajasthan,753010.0,"Billing,_Shipping"
KA-07134,CUST-18950,"31/78
Gola_Road
Amaravati_240586",Amaravati,Andhra_Pradesh,240586.0,"Billing,_Shipping"
UP-07135,CUST-19024,"90,_Mammen_Marg
Ahmedabad_746616",Ahmedabad,Gujarat,746616.0,Billing
RJ-07136,CUST-09845,"88/25,_Samra_Zila
Dewas_551141",Dewas,Madhya_Pradesh,551141.0,Shipping
GJ-07137,CUST-15640,"H.No._442,_Comar_Nagar
Vadodara_219292",Vadodara,Gujarat,219292.0,Billing
GJ-07138,CUST-19216,"62,_Koshy_Circle,_Kavali-661113",Kavali,Andhra_Pradesh,661113.0,Shipping
UP-07139,CUST-17593,"H.No._124
Sibal_Zila
Jamalpur-509567",Jamalpur,Bihar,509567.0,Billing
OR-07140,CUST-16130,"49/14,_Kale,_Bijapur_871166",Bijapur,Karnataka,871166.0,"Billing,_Shipping"
TN-07141,CUST-15282,"16/75,_Shetty_Path
Tiruppur-615967",Tiruppur,Tamil_Nadu,615967.0,Billing
MP-07142,CUST-05938,"H.No._977
Dasgupta_Marg
Unnao_946106",Unnao,Uttar_Pradesh,946106.0,"Billing,_Shipping"
MH-07143,CUST-07862,"84/03,_Bawa_Road,_Guntur_793948",Guntur,Andhra_Pradesh,793948.0,Billing
TR-07144,CUST-12532,"H.No._316,_Ganesh_Chowk
Durgapur_654357",Durgapur,West_Bengal,654357.0,Shipping
MP-07145,CUST-02123,"82,_Goel_Circle,_Kota_649128",Kota,Rajasthan,649128.0,Shipping
TS-07146,CUST-11555,"H.No._39,_Bobal_Chowk
Hindupur-678954",Hindupur,Andhra_Pradesh,678954.0,"Billing,_Shipping"
AP-07147,CUST-19835,"H.No._625,_Wali
Jammu_746325",Jammu,Jammu_and_Kashmir,746325.0,"Billing,_Shipping"
UP-07148,CUST-02665,"20
Choudhury_Street
Burhanpur_212631",Burhanpur,Madhya_Pradesh,212631.0,Billing
WB-07149,CUST-12820,"30
Dalal_Marg
Bidhannagar-928376",Bidhannagar,West_Bengal,928376.0,Billing
TN-07150,CUST-11176,"60/631,_Dhar_Street,_Salem-276324",Salem,Tamil_Nadu,276324.0,"Billing,_Shipping"
TN-07151,CUST-18577,"84/98
Jaggi_Road
Tiruvottiyur_030563",Tiruvottiyur,Tamil_Nadu,30563.0,"Billing,_Shipping"
OR-07153,CUST-03786,"31/025
Mallick_Chowk
Anantapur-991293",Anantapur,Andhra_Pradesh,991293.0,Billing
AP-07154,CUST-10391,"H.No._31,_Lalla_Circle,_Anantapuram_057487",Anantapuram,Andhra_Pradesh,57487.0,Shipping
TN-07155,CUST-12021,"911
Bedi_Road
Chittoor-012251",Chittoor,Andhra_Pradesh,12251.0,Billing
AS-07156,CUST-16933,"07
Din_Path
Nagaon-406264",Nagaon,Assam,406264.0,"Billing,_Shipping"
RJ-07157,CUST-03958,"45/41,_Gokhale_Nagar
Fatehpur-064661",Fatehpur,Uttar_Pradesh,64661.0,Billing
MP-07158,CUST-13201,"H.No._961,_Barad_Circle,_Mau-350981",Mau,Uttar_Pradesh,350981.0,Shipping
OR-07159,CUST-01254,"H.No._97,_Badal_Nagar,_Bilaspur_872584",Bilaspur,Chhattisgarh,872584.0,"Billing,_Shipping"
AS-07160,CUST-04394,"83/66,_Borah_Ganj,_Bongaigaon_182642",Bongaigaon,Assam,182642.0,"Billing,_Shipping"
WB-07161,CUST-10643,"H.No._483,_Bali_Road
Arrah-703314",Arrah,Bihar,703314.0,Billing
WB-07162,CUST-15992,"06/61
Maharaj_Chowk
Uluberia_841886",Uluberia,West_Bengal,841886.0,Billing
MP-07163,CUST-07596,"74/103,_Saraf_Path
Unnao-331565",Unnao,Uttar_Pradesh,331565.0,Billing
HR-07164,CUST-03264,"H.No._653,_Tara_Chowk,_Aurangabad_933133",Aurangabad,Maharashtra,933133.0,"Billing,_Shipping"
TS-07165,CUST-17495,"29
Wadhwa_Road
Ambala_212817",Ambala,Haryana,212817.0,Billing
AP-07166,CUST-12337,"157
Desai_Marg
Srikakulam_030190",Srikakulam,Andhra_Pradesh,30190.0,"Billing,_Shipping"
HR-07167,CUST-06870,"H.No._16,_Andra_Nagar,_Aurangabad_576530",Aurangabad,Maharashtra,576530.0,"Billing,_Shipping"
MP-07168,CUST-00822,"H.No._196,_Ramakrishnan_Chowk,_Kota_850292",Kota,Rajasthan,850292.0,Shipping
MP-07169,CUST-13856,"53/99,_Chada_Chowk,_Dehri_814287",Dehri,Bihar,814287.0,Billing
MH-07170,CUST-11109,"H.No._68,_Tata_Nagar,_Bhiwandi_431146",Bhiwandi,Maharashtra,431146.0,Billing
TR-07171,CUST-12279,"10/56,_Kuruvilla_Road,_Durgapur-633708",Durgapur,West_Bengal,633708.0,Shipping
MH-07172,CUST-10268,"41/69
Contractor
Loni_522113",Loni,Uttar_Pradesh,522113.0,Shipping
AS-07173,CUST-18112,"H.No._66
Dubey_Path
Nagaon_205863",Nagaon,Assam,205863.0,"Billing,_Shipping"
GJ-07174,CUST-14946,"H.No._13
Seth_Ganj
Hajipur-013044",Hajipur,Bihar,13044.0,"Billing,_Shipping"
TR-07175,CUST-06028,"37/97,_Borah_Chowk,_Durgapur-424585",Durgapur,West_Bengal,424585.0,Shipping
CG-07176,CUST-18946,"H.No._079
Verma_Chowk
Malda-253005",Malda,West_Bengal,253005.0,Billing
TN-07177,CUST-17388,"99/850,_Bhatti,_Avadi_827863",Avadi,Tamil_Nadu,827863.0,Shipping
TN-07178,CUST-17134,"H.No._289,_Garg_Nagar,_Avadi-976576",Avadi,Tamil_Nadu,976576.0,Shipping
TS-07179,CUST-16181,"97
Dara_Marg
Nizamabad_414858",Nizamabad,Telangana,414858.0,"Billing,_Shipping"
OR-07180,CUST-18376,"H.No._35,_Rao_Path
Chandrapur_730520",Chandrapur,Maharashtra,730520.0,"Billing,_Shipping"
CG-07181,CUST-18832,"H.No._08,_Sehgal_Circle
Sagar-303417",Sagar,Madhya_Pradesh,303417.0,"Billing,_Shipping"
TN-07182,CUST-19072,"766,_Batra_Marg
Tiruppur_830058",Tiruppur,Tamil_Nadu,830058.0,"Billing,_Shipping"
MP-07183,CUST-12185,"H.No._588
Kota_Street
Khandwa_066854",Khandwa,Madhya_Pradesh,66854.0,"Billing,_Shipping"
UP-07184,CUST-08077,"083,_Ramanathan_Road
Karimnagar-191889",Karimnagar,Telangana,191889.0,"Billing,_Shipping"
MH-07185,CUST-17651,"61,_Bedi_Nagar
Jalgaon_486323",Jalgaon,Maharashtra,486323.0,Billing
MH-07186,CUST-04651,"164,_Dhaliwal_Marg
Loni_953942",Loni,Uttar_Pradesh,953942.0,Shipping
HR-07187,CUST-16787,"46/596,_Behl_Nagar
Siwan-782494",Siwan,Bihar,782494.0,Billing
CG-07188,CUST-16961,"H.No._260,_Jain_Circle,_Nagpur-186928",Nagpur,Maharashtra,186928.0,"Billing,_Shipping"
TN-07189,CUST-09219,"170,_Ratti_Chowk,_Tiruvottiyur-855348",Tiruvottiyur,Tamil_Nadu,855348.0,"Billing,_Shipping"
CG-07190,CUST-08223,"99,_Bava_Path,_Malda_863010",Malda,West_Bengal,863010.0,Billing
CG-07191,CUST-16813,"H.No._036,_Ghosh_Circle,_Malda-358614",Malda,West_Bengal,358614.0,"Billing,_Shipping"
UK-07192,CUST-16909,"18
Subramanian_Zila
Shivpuri_910962",Shivpuri,Madhya_Pradesh,910962.0,Billing
UP-07193,CUST-11231,"H.No._68,_Banik_Ganj,_Gurgaon_956933",Gurgaon,Haryana,956933.0,"Billing,_Shipping"
UP-07194,CUST-05210,"28/009,_Rau_Marg
Farrukhabad-796521",Farrukhabad,Uttar_Pradesh,796521.0,Shipping
WB-07195,CUST-07913,"87/827,_Sethi_Circle,_Baranagar-477431",Baranagar,West_Bengal,477431.0,Billing
TN-07196,CUST-09498,"34/866,_Rout
Gandhinagar-578803",Gandhinagar,Gujarat,578803.0,Billing
TN-07197,CUST-15650,"31,_Dalal_Chowk,_Chittoor_798757",Chittoor,Andhra_Pradesh,798757.0,"Billing,_Shipping"
JH-07198,CUST-16407,"76/80
Dani_Street
Phusro_201179",Phusro,Jharkhand,201179.0,"Billing,_Shipping"
BR-07199,CUST-17121,"271,_Toor_Nagar,_Purnia_275737",Purnia,Bihar,275737.0,Billing
BR-07200,CUST-17497,"H.No._82,_Tella_Ganj
Buxar-364793",Buxar,Bihar,364793.0,Shipping
AP-07201,CUST-10341,"04/92,_Chahal
Gudivada_976909",Gudivada,Andhra_Pradesh,976909.0,"Billing,_Shipping"
OR-07202,CUST-14411,"65/857
Devan_Circle
Bijapur_585968",Bijapur,Karnataka,585968.0,Shipping
CG-07203,CUST-15259,"H.No._32,_Dora_Street,_Malda_726500",Malda,West_Bengal,726500.0,Billing
AP-07204,CUST-00457,"14/298,_Ramaswamy_Road
Srikakulam_219815",Srikakulam,Andhra_Pradesh,219815.0,Billing
GJ-07205,CUST-13024,"79/293
Chaudhry_Zila
Vadodara_447425",Vadodara,Gujarat,447425.0,"Billing,_Shipping"
BR-07206,CUST-05114,"58/477
Srinivasan_Nagar
Jaipur-222488",Jaipur,Rajasthan,222488.0,Shipping
MH-07207,CUST-17972,"21,_Devi_Ganj
Yamunanagar-606405",Yamunanagar,Haryana,606405.0,"Billing,_Shipping"
UP-07208,CUST-14208,"64,_Suri_Street,_Muzaffarpur_787241",Muzaffarpur,Bihar,787241.0,"Billing,_Shipping"
MP-07209,CUST-10176,"42
Barman_Street
Gopalpur_764881",Gopalpur,Odisha,764881.0,Shipping
BR-07210,CUST-06367,"750,_Baral_Zila
Satna-520385",Satna,Madhya_Pradesh,520385.0,Shipping
UP-07211,CUST-19519,"76/94
Raval
Sambhal_547157",Sambhal,Uttar_Pradesh,547157.0,Shipping
WB-07212,CUST-03768,"96/852
Loyal
Naihati_548063",Naihati,West_Bengal,548063.0,Shipping
UP-07213,CUST-14405,"26/716,_Lanka_Path,_Bhagalpur-932596",Bhagalpur,Bihar,932596.0,Billing
TS-07214,CUST-14127,"245,_Khare_Chowk
Ambala-407190",Ambala,Haryana,407190.0,"Billing,_Shipping"
MH-07215,CUST-18720,"19,_Sami_Zila
Loni_474667",Loni,Uttar_Pradesh,474667.0,Billing
MH-07216,CUST-16058,"795,_Kumar_Circle,_Karnal_910317",Karnal,Haryana,910317.0,"Billing,_Shipping"
TS-07217,CUST-08533,"43/74,_Mahajan_Zila
Nizamabad_585590",Nizamabad,Telangana,585590.0,"Billing,_Shipping"
MH-07218,CUST-18449,"H.No._353
Sandhu
Rampur_623036",Rampur,Uttar_Pradesh,623036.0,"Billing,_Shipping"
OR-07219,CUST-12639,"H.No._89,_Wable,_Kanpur-663168",Kanpur,Uttar_Pradesh,663168.0,Shipping
TS-07220,CUST-14544,"55/535,_Chaudhuri_Street,_Ambala_046844",Ambala,Haryana,46844.0,Shipping
BR-07221,CUST-12413,"H.No._761,_Bahl_Road,_Purnia_600374",Purnia,Bihar,600374.0,"Billing,_Shipping"
CG-07222,CUST-00387,"42,_Bhardwaj_Ganj,_Malda_241297",Malda,West_Bengal,241297.0,"Billing,_Shipping"
OR-07223,CUST-19937,"H.No._88
Issac_Circle
Danapur_212912",Danapur,Bihar,212912.0,"Billing,_Shipping"
UP-07224,CUST-13833,"H.No._321
Bava_Road
Raiganj-016983",Raiganj,West_Bengal,16983.0,Billing
TS-07225,CUST-15226,"H.No._308
Gole_Chowk
Sirsa_043544",Sirsa,Haryana,43544.0,Shipping
TN-07226,CUST-13205,"H.No._77,_Thakkar_Path
Salem-856292",Salem,Tamil_Nadu,856292.0,"Billing,_Shipping"
GJ-07227,CUST-15124,"89/38,_Kalita_Chowk,_Allahabad_867641",Allahabad,Uttar_Pradesh,867641.0,"Billing,_Shipping"
UP-07228,CUST-14875,"H.No._98
Sunder_Road
Mirzapur_410300",Mirzapur,Uttar_Pradesh,410300.0,Billing
TN-07229,CUST-13945,"035
Kalita_Circle
Chittoor_655241",Chittoor,Andhra_Pradesh,655241.0,Billing
CG-07230,CUST-17697,"H.No._735
Bera_Marg
Bhilai-551376",Bhilai,Chhattisgarh,551376.0,Billing
GJ-07231,CUST-17456,"99/24
Walla_Zila
Hajipur-299540",Hajipur,Bihar,299540.0,Shipping
MH-07232,CUST-16340,"28/779,_Singhal_Street
Karnal_470079",Karnal,Haryana,470079.0,Billing
TN-07233,CUST-10431,"498
Kapoor_Road
Pali-160276",Pali,Rajasthan,160276.0,Shipping
DL-07234,CUST-10641,"76/648
Salvi_Chowk
Delhi-812203",Delhi,Delhi_(Union_Territory),812203.0,Billing
TS-07235,CUST-16670,"H.No._918,_Raman_Street
Hindupur_699809",Hindupur,Andhra_Pradesh,699809.0,Shipping
GJ-07236,CUST-13924,"49/262,_Wable_Ganj
Ajmer-385727",Ajmer,Rajasthan,385727.0,Billing
WB-07237,CUST-16459,"H.No._638,_Kamdar_Chowk
Kulti_987164",Kulti,West_Bengal,987164.0,Billing
UP-07238,CUST-14844,"23/83,_Contractor_Path,_Firozabad-976153",Firozabad,Uttar_Pradesh,976153.0,"Billing,_Shipping"
WB-07239,CUST-12108,"59/709
Kalita_Street
Panihati-049157",Panihati,West_Bengal,49157.0,"Billing,_Shipping"
TN-07240,CUST-01778,"88/627,_Sane_Ganj,_Vellore_158402",Vellore,Tamil_Nadu,158402.0,Billing
JH-07241,CUST-04378,"H.No._759
Suresh_Ganj
Mango-440572",Mango,Jharkhand,440572.0,Billing
KA-07242,CUST-18548,"38/97,_Thaker_Marg,_Hosur_707219",Hosur,Tamil_Nadu,707219.0,"Billing,_Shipping"
WB-07243,CUST-11288,"80
Boase_Circle
Uluberia_857930",Uluberia,West_Bengal,857930.0,Billing
TS-07244,CUST-09117,"293,_Thaker_Zila,_Dindigul-001641",Dindigul,Tamil_Nadu,1641.0,Shipping
WB-07245,CUST-06317,"09/469,_Chana_Chowk,_Kamarhati-773718",Kamarhati,West_Bengal,773718.0,Billing
KA-07246,CUST-03538,"54/565
Varughese_Ganj
Hospet_932736",Hospet,Karnataka,932736.0,"Billing,_Shipping"
TN-07247,CUST-18524,"51/709,_Dube_Nagar
Salem-986640",Salem,Tamil_Nadu,986640.0,Billing
OR-07248,CUST-10448,"086,_Talwar_Street
Chandrapur_472947",Chandrapur,Maharashtra,472947.0,Billing
TN-07249,CUST-12422,"38
Hayre_Ganj
Avadi_905907",Avadi,Tamil_Nadu,905907.0,Shipping
MP-07250,CUST-17681,"84,_Jaggi
Agra_548430",Agra,Uttar_Pradesh,548430.0,"Billing,_Shipping"
GJ-07251,CUST-16998,"616
Kalita_Ganj
Vadodara-438691",Vadodara,Gujarat,438691.0,"Billing,_Shipping"
MP-07252,CUST-17385,"05/19,_Tank_Chowk,_Unnao_167427",Unnao,Uttar_Pradesh,167427.0,Billing
GJ-07253,CUST-05219,"29
Banik_Path
Allahabad-719628",Allahabad,Uttar_Pradesh,719628.0,Shipping
MH-07254,CUST-13441,"H.No._521,_Khurana_Nagar
Karnal-740759",Karnal,Haryana,740759.0,"Billing,_Shipping"
TN-07255,CUST-14001,"H.No._31,_Bora,_Tiruvottiyur-353088",Tiruvottiyur,Tamil_Nadu,353088.0,Billing
CG-07256,CUST-01021,"H.No._653
Thakkar_Marg
Sambalpur_516619",Sambalpur,Odisha,516619.0,"Billing,_Shipping"
TN-07257,CUST-18820,"H.No._026
Sachdeva_Chowk
Chittoor_195078",Chittoor,Andhra_Pradesh,195078.0,"Billing,_Shipping"
UP-07258,CUST-11498,"91,_Balasubramanian_Nagar
Muzaffarpur_878136",Muzaffarpur,Bihar,878136.0,"Billing,_Shipping"
AP-07260,CUST-12739,"H.No._628
Sen_Circle
Jammu_831020",Jammu,Jammu_and_Kashmir,831020.0,"Billing,_Shipping"
MP-07261,CUST-18699,"711
Kaur
Dehri_393667",Dehri,Bihar,393667.0,Shipping
RJ-07262,CUST-10904,"652,_Wable_Nagar,_Dewas-590658",Dewas,Madhya_Pradesh,590658.0,"Billing,_Shipping"
UP-07263,CUST-14219,"00,_Jhaveri_Chowk,_Farrukhabad-514957",Farrukhabad,Uttar_Pradesh,514957.0,"Billing,_Shipping"
KA-07264,CUST-19396,"H.No._07,_Sarkar_Road
Amaravati-624553",Amaravati,Andhra_Pradesh,624553.0,Shipping
JH-07265,CUST-16655,"H.No._611
Badami_Zila
Kharagpur_322792",Kharagpur,West_Bengal,322792.0,Billing
MH-07266,CUST-01840,"H.No._43,_Dhillon_Path,_Rampur-781061",Rampur,Uttar_Pradesh,781061.0,Shipping
WB-07267,CUST-12659,"26/32,_Ravi_Marg
Bally_216606",Bally,West_Bengal,216606.0,Shipping
OR-07268,CUST-01587,"74,_Vyas_Road
Berhampur_304883",Berhampur,Odisha,304883.0,"Billing,_Shipping"
MH-07270,CUST-16737,"63/30,_Swamy_Marg,_Guntur_314405",Guntur,Andhra_Pradesh,314405.0,"Billing,_Shipping"
AP-07271,CUST-13009,"05/33,_Krishna_Circle
Gudivada_380824",Gudivada,Andhra_Pradesh,380824.0,Billing
KA-07272,CUST-15963,"H.No._31
Vasa_Zila
Mangalore_354288",Mangalore,Karnataka,354288.0,Shipping
UP-07273,CUST-16962,"657,_Shah_Marg,_Bhagalpur-250873",Bhagalpur,Bihar,250873.0,"Billing,_Shipping"
MP-07274,CUST-14128,"57
Bawa_Ganj
Jhansi-260020",Jhansi,Uttar_Pradesh,260020.0,Shipping
MP-07275,CUST-02719,"H.No._63,_Kari_Circle,_Kota_282960",Kota,Rajasthan,282960.0,Shipping
MH-07276,CUST-11952,"00/774,_Kale_Path
Bhiwandi-746296",Bhiwandi,Maharashtra,746296.0,Billing
HR-07277,CUST-00887,"H.No._16,_Johal_Circle
Aurangabad_667891",Aurangabad,Maharashtra,667891.0,Billing
TN-07279,CUST-18578,"477
Dada_Nagar
Chittoor-738627",Chittoor,Andhra_Pradesh,738627.0,"Billing,_Shipping"
GJ-07280,CUST-14340,"380,_Raju_Circle
Allahabad-653216",Allahabad,Uttar_Pradesh,653216.0,"Billing,_Shipping"
TN-07281,CUST-17377,"24,_Chandra_Ganj,_Avadi_189397",Avadi,Tamil_Nadu,189397.0,Shipping
TS-07282,CUST-19187,"H.No._85
Johal_Chowk
Hindupur_453807",Hindupur,Andhra_Pradesh,453807.0,Shipping
OR-07283,CUST-10161,"86,_Vala_Circle,_Chandrapur_474442",Chandrapur,Maharashtra,474442.0,Billing
BR-07284,CUST-19115,"225,_Dugal_Marg
Purnia_383036",Purnia,Bihar,383036.0,"Billing,_Shipping"
TR-07286,CUST-15073,"30
Sarma_Circle
Durgapur-520413",Durgapur,West_Bengal,520413.0,"Billing,_Shipping"
HR-07287,CUST-17121,"86
Raju_Marg
Bikaner_614144",Bikaner,Rajasthan,614144.0,Billing
OR-07288,CUST-15330,"31/43,_Goel
Anantapur_739576",Anantapur,Andhra_Pradesh,739576.0,Billing
MP-07289,CUST-13036,"735,_Kaul_Marg
Jhansi_840659",Jhansi,Uttar_Pradesh,840659.0,"Billing,_Shipping"
OR-07290,CUST-11609,"45
Gill_Circle
Berhampur-753268",Berhampur,Odisha,753268.0,Billing
UP-07291,CUST-13425,"147,_Comar_Ganj
Firozabad-171395",Firozabad,Uttar_Pradesh,171395.0,"Billing,_Shipping"
MH-07292,CUST-07440,"66
Sachdeva_Path
Yamunanagar_574305",Yamunanagar,Haryana,574305.0,Shipping
KA-07293,CUST-06708,"27/189,_Ramanathan_Circle,_Amaravati-753995",Amaravati,Andhra_Pradesh,753995.0,Shipping
HR-07294,CUST-10719,"H.No._607,_Banerjee_Chowk
Bikaner-856335",Bikaner,Rajasthan,856335.0,Billing
MP-07295,CUST-16876,"H.No._762,_Ghose_Nagar,_Ramgarh_507306",Ramgarh,Jharkhand,507306.0,Shipping
TN-07296,CUST-12357,"H.No._324,_Borde_Street
Tiruppur_122465",Tiruppur,Tamil_Nadu,122465.0,"Billing,_Shipping"
OR-07297,CUST-15297,"956,_Kaur_Ganj,_Chandrapur_909096",Chandrapur,Maharashtra,909096.0,Shipping
UK-07298,CUST-08996,"H.No._41
Kari_Road
Shivpuri-710187",Shivpuri,Madhya_Pradesh,710187.0,"Billing,_Shipping"
TN-07299,CUST-19861,"19,_Dhar_Street
Chittoor-511686",Chittoor,Andhra_Pradesh,511686.0,Shipping
TS-07300,CUST-04090,"15/89
Hans_Path
Ambala-100492",Ambala,Haryana,100492.0,Billing
MH-07301,CUST-18506,"55/50
Anand_Marg
Rampur-581006",Rampur,Uttar_Pradesh,581006.0,"Billing,_Shipping"
TN-07302,CUST-16725,"H.No._13,_Zacharia
Salem-659978",Salem,Tamil_Nadu,659978.0,Billing
UP-07303,CUST-11146,"17/57,_Madan_Marg
Farrukhabad_719036",Farrukhabad,Uttar_Pradesh,719036.0,"Billing,_Shipping"
UP-07304,CUST-05439,"664,_Maharaj_Marg
Sambhal-364718",Sambhal,Uttar_Pradesh,364718.0,Billing
GJ-07305,CUST-15502,"H.No._12,_Sengupta_Ganj,_Gandhidham_576629",Gandhidham,Gujarat,576629.0,Billing
TN-07306,CUST-00475,"H.No._43
Krishnan_Nagar
Pallavaram_731840",Pallavaram,Tamil_Nadu,731840.0,Billing
MP-07307,CUST-00670,"59/83,_Varghese_Zila
Mau_086219",Mau,Uttar_Pradesh,86219.0,Shipping
MH-07308,CUST-08942,"09/80
Dey_Nagar
Rampur_153329",Rampur,Uttar_Pradesh,153329.0,Shipping
OR-07309,CUST-12891,"21/67
Vala_Nagar
Berhampur_288554",Berhampur,Odisha,288554.0,Billing
AP-07310,CUST-06074,"98/883,_Raja_Path
Bhimavaram_258810",Bhimavaram,Andhra_Pradesh,258810.0,Shipping
AS-07311,CUST-10400,"037,_Batta_Path
Nagaon_388844",Nagaon,Assam,388844.0,"Billing,_Shipping"
HP-07312,CUST-18715,"H.No._04,_Sahni
Udaipur_270496",Udaipur,Rajasthan,270496.0,"Billing,_Shipping"
AP-07313,CUST-14903,"21,_Sarkar_Marg,_Srikakulam_111434",Srikakulam,Andhra_Pradesh,111434.0,Billing
MP-07314,CUST-19700,"41
Bumb_Marg
Jhansi_371565",Jhansi,Uttar_Pradesh,371565.0,Billing
TS-07315,CUST-10713,"81/325,_Ben_Zila,_Proddatur_435384",Proddatur,Andhra_Pradesh,435384.0,Shipping
MH-07316,CUST-09825,"90
Jani
Yamunanagar_528483",Yamunanagar,Haryana,528483.0,Shipping
MH-07317,CUST-15196,"H.No._50,_Arora_Ganj,_Loni_416002",Loni,Uttar_Pradesh,416002.0,Billing
UP-07318,CUST-09269,"H.No._090,_Comar_Marg
Bhagalpur_532678",Bhagalpur,Bihar,532678.0,Billing
TN-07319,CUST-14880,"46
Tiwari_Nagar
Pali-413398",Pali,Rajasthan,413398.0,"Billing,_Shipping"
MH-07320,CUST-09525,"95,_Kaur_Marg,_Jalgaon_917890",Jalgaon,Maharashtra,917890.0,"Billing,_Shipping"
OR-07321,CUST-01866,"H.No._399,_Virk_Ganj,_Kanpur-508644",Kanpur,Uttar_Pradesh,508644.0,Shipping
OR-07322,CUST-10520,"H.No._419,_Trivedi_Road
Bilaspur_483873",Bilaspur,Chhattisgarh,483873.0,Shipping
MH-07323,CUST-07947,"72/64,_Doshi_Circle
Rampur_082882",Rampur,Uttar_Pradesh,82882.0,Shipping
UP-07324,CUST-09805,"65/967,_Bava
Chapra-606324",Chapra,Bihar,606324.0,"Billing,_Shipping"
UP-07325,CUST-16918,"26/29,_Raju_Chowk
Shahjahanpur-895103",Shahjahanpur,Uttar_Pradesh,895103.0,"Billing,_Shipping"
TS-07326,CUST-14549,"H.No._24,_Ratti_Circle,_Ramagundam_487443",Ramagundam,Telangana,487443.0,Shipping
AP-07327,CUST-18686,"48,_Jhaveri_Road,_Jammu-752036",Jammu,Jammu_and_Kashmir,752036.0,Billing
MH-07328,CUST-16129,"33/135
Kohli_Path
Karnal_022208",Karnal,Haryana,22208.0,Shipping
HR-07329,CUST-18148,"09,_Kari_Zila,_Aurangabad-499392",Aurangabad,Maharashtra,499392.0,"Billing,_Shipping"
GJ-07330,CUST-15733,"29/21,_Batta_Zila,_Kavali-479915",Kavali,Andhra_Pradesh,479915.0,"Billing,_Shipping"
MP-07331,CUST-12983,"81/407,_Khatri_Road
Ramgarh-988510",Ramgarh,Jharkhand,988510.0,Billing
CG-07332,CUST-14951,"255
Chokshi_Ganj
Malda-674916",Malda,West_Bengal,674916.0,"Billing,_Shipping"
RJ-07333,CUST-19592,"317
Hayer_Road
Dewas_126832",Dewas,Madhya_Pradesh,126832.0,"Billing,_Shipping"
GJ-07334,CUST-11035,"112,_Solanki_Ganj
Hajipur-107833",Hajipur,Bihar,107833.0,"Billing,_Shipping"
RJ-07335,CUST-15611,"27/42,_Dutt_Ganj
Akola_331981",Akola,Maharashtra,331981.0,"Billing,_Shipping"
AP-07336,CUST-02090,"89/10
Thaker
Bhimavaram-457465",Bhimavaram,Andhra_Pradesh,457465.0,"Billing,_Shipping"
MP-07338,CUST-16593,"H.No._570,_Rajagopalan_Chowk,_Gopalpur-154351",Gopalpur,Odisha,154351.0,Shipping
MH-07339,CUST-08639,"03/921,_Bala_Zila,_Yamunanagar_837216",Yamunanagar,Haryana,837216.0,Shipping
WB-07340,CUST-14456,"H.No._86,_Gokhale_Road
Panihati_878636",Panihati,West_Bengal,878636.0,"Billing,_Shipping"
KA-07341,CUST-19775,"810,_Ram_Nagar,_Hosur_513068",Hosur,Tamil_Nadu,513068.0,Shipping
BR-07342,CUST-06945,"62/275,_Bassi_Nagar
Buxar-217427",Buxar,Bihar,217427.0,Shipping
DL-07343,CUST-11519,"94/92,_Kibe_Ganj,_Delhi_970252",Delhi,Delhi_(Union_Territory),970252.0,Shipping
AP-07344,CUST-15048,"42/834
Sami_Zila
Gudivada-725172",Gudivada,Andhra_Pradesh,725172.0,"Billing,_Shipping"
GJ-07345,CUST-15664,"31/783,_Iyengar_Street,_Ajmer-033157",Ajmer,Rajasthan,33157.0,Shipping
MP-07346,CUST-05989,"75/124,_Mangat_Circle
Gopalpur_185827",Gopalpur,Odisha,185827.0,Shipping
WB-07347,CUST-16312,"58/44,_Buch_Path,_Madhyamgram-906856",Madhyamgram,West_Bengal,906856.0,Billing
TN-07348,CUST-09167,"H.No._991,_Uppal_Circle,_Pali_290566",Pali,Rajasthan,290566.0,Shipping
BR-07349,CUST-15341,"H.No._165,_Sibal_Zila
Jaipur_579184",Jaipur,Rajasthan,579184.0,Shipping
MH-07350,CUST-15317,"26/405
Tata_Marg
Malegaon_058107",Malegaon,Maharashtra,58107.0,Shipping
AS-07351,CUST-07683,"58
Dewan_Chowk
Nagaon-912923",Nagaon,Assam,912923.0,Billing
HR-07352,CUST-14460,"48/78
Banerjee_Chowk
Aurangabad-940100",Aurangabad,Maharashtra,940100.0,Billing
TN-07353,CUST-10818,"H.No._190,_Lal,_Gandhinagar-022812",Gandhinagar,Gujarat,22812.0,"Billing,_Shipping"
UP-07354,CUST-01503,"82/07
Manne_Marg
Sambhal_870410",Sambhal,Uttar_Pradesh,870410.0,"Billing,_Shipping"
UK-07355,CUST-19968,"81/63,_Bawa_Path
Haridwar-382805",Haridwar,Uttarakhand,382805.0,"Billing,_Shipping"
UP-07356,CUST-07353,"59
Bhakta_Zila
Shahjahanpur-682901",Shahjahanpur,Uttar_Pradesh,682901.0,"Billing,_Shipping"
BR-07357,CUST-02044,"99/040
Kakar_Circle
Purnia-921801",Purnia,Bihar,921801.0,Billing
UP-07358,CUST-16663,"13,_Bumb_Chowk,_Burhanpur_747387",Burhanpur,Madhya_Pradesh,747387.0,Shipping
KA-07359,CUST-03291,"12/575,_Bhasin_Marg
Hosur_844294",Hosur,Tamil_Nadu,844294.0,Shipping
UP-07360,CUST-03968,"28/611,_Biswas_Circle
Shahjahanpur_817050",Shahjahanpur,Uttar_Pradesh,817050.0,"Billing,_Shipping"
HP-07361,CUST-19098,"36
Kar_Chowk
Udaipur-462178",Udaipur,Rajasthan,462178.0,"Billing,_Shipping"
JH-07362,CUST-15975,"H.No._818
Hora_Marg
Asansol_417038",Asansol,West_Bengal,417038.0,Billing
JH-07363,CUST-00270,"95/607,_Tak_Chowk
Kharagpur_014404",Kharagpur,West_Bengal,14404.0,Shipping
JH-07364,CUST-01527,"H.No._36,_Anand_Street,_Mango_797757",Mango,Jharkhand,797757.0,"Billing,_Shipping"
RJ-07365,CUST-11261,"H.No._13,_Bahri_Zila
Dewas-464712",Dewas,Madhya_Pradesh,464712.0,Billing
TS-07366,CUST-02829,"H.No._844,_Sibal_Chowk
Sirsa_493584",Sirsa,Haryana,493584.0,Shipping
TR-07367,CUST-11827,"70/82
Sani_Nagar
Durgapur_650597",Durgapur,West_Bengal,650597.0,"Billing,_Shipping"
UP-07368,CUST-06769,"H.No._20,_Varty_Circle,_Mirzapur-207652",Mirzapur,Uttar_Pradesh,207652.0,"Billing,_Shipping"
UP-07369,CUST-03908,"15,_Raja_Circle,_Mirzapur-047472",Mirzapur,Uttar_Pradesh,47472.0,Shipping
AP-07370,CUST-09782,"52/17
Bhandari_Marg
Dharmavaram_028152",Dharmavaram,Andhra_Pradesh,28152.0,Billing
OR-07371,CUST-05029,"72/29,_Edwin_Circle,_Patna-412617",Patna,Bihar,412617.0,Billing
WB-07373,CUST-15167,"08,_Luthra_Nagar
Kamarhati-528194",Kamarhati,West_Bengal,528194.0,"Billing,_Shipping"
UP-07375,CUST-11230,"92/205,_Bandi_Road,_Ahmedabad-070408",Ahmedabad,Gujarat,70408.0,Shipping
OR-07376,CUST-10577,"11/754,_Andra_Street
Chandrapur_984764",Chandrapur,Maharashtra,984764.0,"Billing,_Shipping"
OR-07377,CUST-12883,"675
Kohli_Chowk
Haldia-876623",Haldia,West_Bengal,876623.0,"Billing,_Shipping"
TN-07378,CUST-11542,"H.No._983
Dugar_Road
Pallavaram_447838",Pallavaram,Tamil_Nadu,447838.0,Billing
UP-07379,CUST-13243,"46/334,_Wadhwa_Nagar,_Muzaffarpur-221724",Muzaffarpur,Bihar,221724.0,"Billing,_Shipping"
AP-07380,CUST-17120,"H.No._27
Bassi_Street
Dharmavaram-174775",Dharmavaram,Andhra_Pradesh,174775.0,Billing
OR-07381,CUST-07053,"90,_Sahni_Zila
Bijapur_145410",Bijapur,Karnataka,145410.0,Billing
MP-07382,CUST-09136,"76/68,_Andra_Path,_Ramgarh_014575",Ramgarh,Jharkhand,14575.0,"Billing,_Shipping"
MP-07383,CUST-15993,"64/191,_Vasa_Road
Jhansi_634135",Jhansi,Uttar_Pradesh,634135.0,Shipping
OR-07384,CUST-03806,"312,_Hora_Nagar
Berhampur_959297",Berhampur,Odisha,959297.0,Billing
MP-07385,CUST-12726,"87/48
Seth_Circle
Gorakhpur-207659",Gorakhpur,Uttar_Pradesh,207659.0,Shipping
OR-07386,CUST-19746,"335
Kunda_Chowk
Berhampur_150631",Berhampur,Odisha,150631.0,"Billing,_Shipping"
JH-07387,CUST-08089,"H.No._057,_Kunda_Path
Kharagpur_862578",Kharagpur,West_Bengal,862578.0,"Billing,_Shipping"
DL-07388,CUST-10117,"59/48,_Bobal_Path
Delhi_046493",Delhi,Delhi_(Union_Territory),46493.0,"Billing,_Shipping"
TR-07389,CUST-03750,"39/42
Acharya_Zila
Chandigarh-077467",Chandigarh,Chandigarh_(Union_Territory),77467.0,Billing
MH-07390,CUST-16020,"H.No._07
Tiwari_Marg
Jalgaon-942745",Jalgaon,Maharashtra,942745.0,Shipping
BR-07391,CUST-09146,"365
Venkatesh_Ganj
Jaipur-848041",Jaipur,Rajasthan,848041.0,Shipping
UP-07392,CUST-17204,"11
Bawa_Street
Mirzapur-267125",Mirzapur,Uttar_Pradesh,267125.0,Billing
JH-07393,CUST-06902,"587,_Dhar
Kharagpur-281937",Kharagpur,West_Bengal,281937.0,Shipping
TR-07394,CUST-06524,"H.No._39
Dubey_Marg
Chandigarh-621016",Chandigarh,Chandigarh_(Union_Territory),621016.0,Billing
KA-07395,CUST-15933,"H.No._58,_Hegde_Road
Hospet-867912",Hospet,Karnataka,867912.0,Billing
TR-07396,CUST-12086,"750
Edwin_Nagar
Chandigarh_546431",Chandigarh,Chandigarh_(Union_Territory),546431.0,Billing
AS-07397,CUST-18148,"52,_Lala
Siliguri_183369",Siliguri,West_Bengal,183369.0,Shipping
KA-07398,CUST-13916,"H.No._296,_Vaidya_Zila,_Hospet-095602",Hospet,Karnataka,95602.0,"Billing,_Shipping"
UP-07399,CUST-17799,"19,_Agrawal_Zila
Firozabad-514626",Firozabad,Uttar_Pradesh,514626.0,"Billing,_Shipping"
MH-07400,CUST-18511,"34/477
Bhatti_Street
Guntur-360007",Guntur,Andhra_Pradesh,360007.0,Billing
BR-07401,CUST-11857,"H.No._228
Srinivasan_Street
Jaipur-430680",Jaipur,Rajasthan,430680.0,Billing
BR-07402,CUST-14772,"82/914,_Tak
Purnia_865176",Purnia,Bihar,865176.0,"Billing,_Shipping"
UP-07403,CUST-05762,"408,_Sengupta_Path,_Raipur-322330",Raipur,Chhattisgarh,322330.0,Shipping
UP-07404,CUST-06461,"H.No._088,_Saha_Path
Raiganj_745356",Raiganj,West_Bengal,745356.0,Billing
CG-07405,CUST-16347,"07/80
Date_Marg
Malda-443167",Malda,West_Bengal,443167.0,"Billing,_Shipping"
JH-07406,CUST-12827,"43/02,_Choudhry_Nagar
Mango_509163",Mango,Jharkhand,509163.0,Billing
OR-07407,CUST-11357,"486,_Kuruvilla_Nagar,_Berhampur-354648",Berhampur,Odisha,354648.0,Billing
MP-07408,CUST-14368,"594,_Chhabra_Circle
Ramgarh_735588",Ramgarh,Jharkhand,735588.0,Billing
AP-07409,CUST-13929,"H.No._490
Chander_Ganj
Bhimavaram-406775",Bhimavaram,Andhra_Pradesh,406775.0,Billing
GJ-07410,CUST-09436,"H.No._53,_Sundaram_Street,_Ajmer_848894",Ajmer,Rajasthan,848894.0,Shipping
MP-07411,CUST-17304,"H.No._883,_Dugar_Street,_Kishanganj-948615",Kishanganj,Bihar,948615.0,"Billing,_Shipping"
KA-07412,CUST-11644,"42,_Lall
Solapur-683300",Solapur,Maharashtra,683300.0,Billing
UP-07413,CUST-16136,"89/57,_Buch_Circle
Bhagalpur-919735",Bhagalpur,Bihar,919735.0,"Billing,_Shipping"
UP-07414,CUST-14462,"98/688,_Tata_Zila
Chapra-743978",Chapra,Bihar,743978.0,"Billing,_Shipping"
KA-07415,CUST-14671,"57/450
Krishnan_Zila
Amaravati-887073",Amaravati,Andhra_Pradesh,887073.0,Billing
JH-07416,CUST-16993,"00/549,_Apte
Asansol_837254",Asansol,West_Bengal,837254.0,Shipping
OR-07417,CUST-02669,"H.No._55,_Din_Ganj,_Patna-982624",Patna,Bihar,982624.0,Billing
UP-07418,CUST-02264,"924,_Krishnan_Nagar,_Burhanpur_334573",Burhanpur,Madhya_Pradesh,334573.0,Billing
MH-07419,CUST-13770,"81/95,_Kaur
Yamunanagar_199645",Yamunanagar,Haryana,199645.0,Billing
OR-07420,CUST-08262,"23/58,_Manda_Chowk,_Haldia_953433",Haldia,West_Bengal,953433.0,Billing
OR-07421,CUST-06371,"28,_Sule_Ganj
Patna_510846",Patna,Bihar,510846.0,Billing
KA-07422,CUST-17626,"62,_Choudhary_Ganj
Amaravati-779978",Amaravati,Andhra_Pradesh,779978.0,Billing
OR-07423,CUST-05855,"39,_Edwin_Chowk,_Bharatpur-179524",Bharatpur,Rajasthan,179524.0,Billing
KA-07424,CUST-02422,"21/62,_Hora_Zila,_Amaravati_909500",Amaravati,Andhra_Pradesh,909500.0,Shipping
OR-07425,CUST-00905,"954,_Karan_Nagar
Kanpur_153362",Kanpur,Uttar_Pradesh,153362.0,"Billing,_Shipping"
MH-07426,CUST-16112,"H.No._852
Lalla_Street
Karnal-648396",Karnal,Haryana,648396.0,"Billing,_Shipping"
WB-07427,CUST-08682,"382,_Krishnamurthy_Chowk
Bally-067648",Bally,West_Bengal,67648.0,Billing
KL-07428,CUST-19706,"02/539
Dutta_Path
Kollam_327410",Kollam,Kerala,327410.0,"Billing,_Shipping"
TS-07429,CUST-07951,"27/246,_Vora_Zila,_Dindigul_090997",Dindigul,Tamil_Nadu,90997.0,"Billing,_Shipping"
AP-07430,CUST-15958,"15,_Sengupta_Road,_Jammu-624729",Jammu,Jammu_and_Kashmir,624729.0,"Billing,_Shipping"
MP-07431,CUST-16646,"24
Hegde_Ganj
Dehri-887263",Dehri,Bihar,887263.0,Shipping
UP-07432,CUST-04393,"H.No._91,_Sahota_Street
Jamalpur-917980",Jamalpur,Bihar,917980.0,Shipping
TS-07433,CUST-17565,"78,_Soni_Ganj
Sirsa_968120",Sirsa,Haryana,968120.0,Shipping
MP-07434,CUST-10913,"82/416
Sagar_Street
Ramgarh-899830",Ramgarh,Jharkhand,899830.0,"Billing,_Shipping"
CG-07435,CUST-03165,"955
Sethi_Street
Sambalpur-570025",Sambalpur,Odisha,570025.0,Billing
TS-07436,CUST-18690,"H.No._92
Bahl_Circle
Nizamabad-478613",Nizamabad,Telangana,478613.0,"Billing,_Shipping"
GJ-07437,CUST-19351,"62/365,_Kumar_Chowk
Hajipur-170542",Hajipur,Bihar,170542.0,Billing
OR-07438,CUST-13944,"H.No._802,_Biswas_Circle
Chandrapur-378230",Chandrapur,Maharashtra,378230.0,"Billing,_Shipping"
TS-07439,CUST-12474,"H.No._978,_Jain_Chowk,_Nizamabad_434236",Nizamabad,Telangana,434236.0,Shipping
KA-07440,CUST-02507,"93/18,_Dayal_Marg,_Amaravati_595650",Amaravati,Andhra_Pradesh,595650.0,"Billing,_Shipping"
UP-07441,CUST-08171,"H.No._69,_Keer_Chowk,_Firozabad_543977",Firozabad,Uttar_Pradesh,543977.0,"Billing,_Shipping"
AP-07442,CUST-02590,"186,_Brahmbhatt_Marg
Anantapuram-513532",Anantapuram,Andhra_Pradesh,513532.0,Shipping
MP-07443,CUST-17691,"H.No._155
Chatterjee_Street
Jodhpur_596632",Jodhpur,Rajasthan,596632.0,Shipping
OR-07444,CUST-09033,"98/643
Manda_Zila
Danapur-513319",Danapur,Bihar,513319.0,Shipping
AP-07445,CUST-19885,"86/65
Dalal_Nagar
Dharmavaram_321318",Dharmavaram,Andhra_Pradesh,321318.0,Billing
MH-07446,CUST-12440,"H.No._404,_Chad_Road,_Karnal-960585",Karnal,Haryana,960585.0,"Billing,_Shipping"
AS-07447,CUST-04308,"H.No._357,_Bedi_Zila,_Siliguri_577258",Siliguri,West_Bengal,577258.0,Shipping
UP-07448,CUST-01990,"103
Din_Marg
Burhanpur-868230",Burhanpur,Madhya_Pradesh,868230.0,Billing
DL-07449,CUST-01206,"92/57,_Koshy_Marg,_Delhi_883831",Delhi,Delhi_(Union_Territory),883831.0,Billing
AP-07450,CUST-14512,"H.No._886
Ravel_Chowk
Anantapuram_335391",Anantapuram,Andhra_Pradesh,335391.0,Shipping
TR-07451,CUST-10579,"37/74,_Dey_Chowk,_Chandigarh_031767",Chandigarh,Chandigarh_(Union_Territory),31767.0,Shipping
MH-07452,CUST-11101,"71
Chopra_Chowk
Jalgaon-687244",Jalgaon,Maharashtra,687244.0,"Billing,_Shipping"
UP-07453,CUST-01136,"H.No._287,_Tailor_Road,_Mirzapur_069398",Mirzapur,Uttar_Pradesh,69398.0,Shipping
MH-07454,CUST-04729,"36,_Gara_Ganj,_Bhiwandi_657578",Bhiwandi,Maharashtra,657578.0,Billing
GJ-07455,CUST-11830,"94,_Chhabra_Ganj,_Kavali-703656",Kavali,Andhra_Pradesh,703656.0,Shipping
GJ-07456,CUST-13375,"H.No._00,_Bose_Zila,_Vadodara-277258",Vadodara,Gujarat,277258.0,"Billing,_Shipping"
UP-07457,CUST-15901,"H.No._167,_Bava_Chowk
Chapra_808049",Chapra,Bihar,808049.0,"Billing,_Shipping"
MP-07458,CUST-16645,"H.No._950
Saran_Ganj
Mau-889998",Mau,Uttar_Pradesh,889998.0,Billing
TN-07459,CUST-02160,"35
Mallick
Pallavaram-599493",Pallavaram,Tamil_Nadu,599493.0,Shipping
RJ-07460,CUST-09721,"H.No._03,_Saran_Circle,_Rajkot-285161",Rajkot,Gujarat,285161.0,Billing
JH-07461,CUST-15846,"H.No._88
Shetty_Marg
Phusro_251677",Phusro,Jharkhand,251677.0,"Billing,_Shipping"
WB-07462,CUST-12067,"75,_Khalsa_Zila
Naihati-100451",Naihati,West_Bengal,100451.0,Billing
TS-07463,CUST-06989,"16/636,_Chada_Chowk,_Hindupur_051276",Hindupur,Andhra_Pradesh,51276.0,Shipping
AP-07464,CUST-08836,"56
Desai_Marg
Gudivada_758494",Gudivada,Andhra_Pradesh,758494.0,"Billing,_Shipping"
TN-07465,CUST-02420,"H.No._30,_Varma_Road,_Tiruvottiyur-395689",Tiruvottiyur,Tamil_Nadu,395689.0,Shipping
MP-07466,CUST-16327,"13
Sankar_Street
Agra_661668",Agra,Uttar_Pradesh,661668.0,Billing
UP-07467,CUST-14395,"51,_Grewal_Street
Gurgaon-185790",Gurgaon,Haryana,185790.0,"Billing,_Shipping"
KA-07468,CUST-15254,"H.No._71,_Sarna_Ganj
Tumkur-929539",Tumkur,Karnataka,929539.0,Shipping
OR-07469,CUST-11374,"018,_Mahajan_Marg,_Berhampur_959814",Berhampur,Odisha,959814.0,Billing
UP-07470,CUST-11187,"H.No._381
Vasa_Path
Karimnagar_454957",Karimnagar,Telangana,454957.0,Shipping
OR-07471,CUST-15777,"110
Lal
Kanpur_326453",Kanpur,Uttar_Pradesh,326453.0,Billing
KA-07472,CUST-19905,"H.No._017,_Kapoor_Street
Amaravati_137660",Amaravati,Andhra_Pradesh,137660.0,"Billing,_Shipping"
MP-07473,CUST-09004,"H.No._09
Dugar_Road
Mau-169271",Mau,Uttar_Pradesh,169271.0,"Billing,_Shipping"
MH-07474,CUST-13899,"H.No._688,_Barad_Circle,_Jalgaon-195314",Jalgaon,Maharashtra,195314.0,"Billing,_Shipping"
UP-07475,CUST-14105,"30/04
Saran_Street
Gurgaon_570821",Gurgaon,Haryana,570821.0,"Billing,_Shipping"
WB-07476,CUST-12898,"00/321
Krishnan_Ganj
Uluberia-838325",Uluberia,West_Bengal,838325.0,"Billing,_Shipping"
UP-07477,CUST-11169,"39/118,_Chadha_Street,_Gurgaon_327016",Gurgaon,Haryana,327016.0,Shipping
KA-07478,CUST-02055,"21/515
Kala_Marg
Hosur-061792",Hosur,Tamil_Nadu,61792.0,Billing
UP-07479,CUST-06255,"177,_Saini_Zila,_Karimnagar-105214",Karimnagar,Telangana,105214.0,"Billing,_Shipping"
WB-07480,CUST-02558,"H.No._90,_Gour_Nagar,_Bally_592641",Bally,West_Bengal,592641.0,"Billing,_Shipping"
BR-07481,CUST-14461,"73/340,_Jani_Ganj
Buxar-248730",Buxar,Bihar,248730.0,"Billing,_Shipping"
TS-07482,CUST-19813,"85/018,_Grover_Nagar,_Sirsa_307140",Sirsa,Haryana,307140.0,"Billing,_Shipping"
MP-07483,CUST-04555,"H.No._58,_Chanda_Marg
Khandwa-752821",Khandwa,Madhya_Pradesh,752821.0,"Billing,_Shipping"
OR-07484,CUST-15815,"H.No._938,_Chopra_Marg
Berhampur_440890",Berhampur,Odisha,440890.0,Shipping
MH-07485,CUST-14424,"97/520,_Master_Zila,_Guntur-227018",Guntur,Andhra_Pradesh,227018.0,Billing
GJ-07486,CUST-08480,"H.No._79,_Atwal_Circle,_Kavali-912069",Kavali,Andhra_Pradesh,912069.0,"Billing,_Shipping"
CG-07487,CUST-15210,"24/749
Bhalla_Zila
Nagpur-795425",Nagpur,Maharashtra,795425.0,Shipping
HR-07488,CUST-16028,"H.No._88,_Bhatnagar_Street,_Bikaner-092422",Bikaner,Rajasthan,92422.0,"Billing,_Shipping"
WB-07490,CUST-08759,"941
Thakur_Chowk
Bhatpara_958508",Bhatpara,West_Bengal,958508.0,Shipping
MH-07491,CUST-10181,"294,_Sankar_Nagar,_Yamunanagar-358583",Yamunanagar,Haryana,358583.0,"Billing,_Shipping"
WB-07492,CUST-06713,"87
Dhar_Street
Madhyamgram-643388",Madhyamgram,West_Bengal,643388.0,"Billing,_Shipping"
KL-07493,CUST-11270,"H.No._963,_Kuruvilla_Chowk
Kollam-565038",Kollam,Kerala,565038.0,Shipping
MP-07494,CUST-10750,"70
Vohra_Zila
Indore-187788",Indore,Madhya_Pradesh,187788.0,Billing
BR-07495,CUST-12164,"H.No._96,_Maharaj_Street,_Munger_893131",Munger,Bihar,893131.0,Billing
OR-07496,CUST-13440,"18/394
Sarna_Nagar
Chandrapur-505139",Chandrapur,Maharashtra,505139.0,Billing
UP-07497,CUST-12699,"80/118
Tailor_Ganj
Burhanpur-337842",Burhanpur,Madhya_Pradesh,337842.0,Shipping
UP-07498,CUST-19579,"79/29,_Anand_Circle,_Ahmedabad-164978",Ahmedabad,Gujarat,164978.0,Billing
CG-07499,CUST-15557,"H.No._34
Dube_Nagar
Sagar_723768",Sagar,Madhya_Pradesh,723768.0,"Billing,_Shipping"
AS-07500,CUST-13348,"88/80,_Wadhwa
Bongaigaon_867486",Bongaigaon,Assam,867486.0,Shipping
WB-07501,CUST-13103,"88
Ganesan_Street
Kamarhati_585709",Kamarhati,West_Bengal,585709.0,Billing
OR-07502,CUST-17762,"28/67
Shenoy_Road
Anantapur_298000",Anantapur,Andhra_Pradesh,298000.0,Shipping
MH-07503,CUST-10085,"H.No._89,_Wali_Chowk
Yamunanagar-076076",Yamunanagar,Haryana,76076.0,"Billing,_Shipping"
KA-07504,CUST-11734,"H.No._711,_Mammen_Path
Hosur-616529",Hosur,Tamil_Nadu,616529.0,Billing
BR-07505,CUST-16304,"16/217,_Sagar_Road,_Satna_593514",Satna,Madhya_Pradesh,593514.0,Shipping
AS-07506,CUST-12807,"H.No._714
Chakrabarti
Bongaigaon_075196",Bongaigaon,Assam,75196.0,"Billing,_Shipping"
AP-07507,CUST-14212,"37,_Srinivas_Road,_Anantapuram_324207",Anantapuram,Andhra_Pradesh,324207.0,"Billing,_Shipping"
CG-07508,CUST-18823,"H.No._476
Brar_Ganj
Nagpur-555228",Nagpur,Maharashtra,555228.0,"Billing,_Shipping"
WB-07509,CUST-16660,"H.No._022
Setty_Street
Arrah_382989",Arrah,Bihar,382989.0,Billing
OR-07510,CUST-03417,"34,_Barman_Circle
Berhampur_633998",Berhampur,Odisha,633998.0,"Billing,_Shipping"
WB-07511,CUST-10364,"66/101,_Solanki_Circle
Madhyamgram_395048",Madhyamgram,West_Bengal,395048.0,Billing
WB-07512,CUST-16218,"H.No._045,_Mann_Marg
Aligarh-740851",Aligarh,Uttar_Pradesh,740851.0,Shipping
WB-07513,CUST-15075,"121,_Handa_Marg,_Panihati-246941",Panihati,West_Bengal,246941.0,Shipping
AP-07514,CUST-12856,"H.No._745
Batta_Road
Jammu-465022",Jammu,Jammu_and_Kashmir,465022.0,"Billing,_Shipping"
BR-07515,CUST-18894,"H.No._59
Bhandari_Path
Jaipur_669260",Jaipur,Rajasthan,669260.0,Billing
OR-07516,CUST-06872,"H.No._364
Shukla
Chandrapur_718868",Chandrapur,Maharashtra,718868.0,"Billing,_Shipping"
WB-07517,CUST-09779,"55/418,_Lall_Street,_Panihati-698919",Panihati,West_Bengal,698919.0,Shipping
MP-07518,CUST-09486,"336,_Ghosh_Zila
Indore-098925",Indore,Madhya_Pradesh,98925.0,Billing
MP-07519,CUST-03273,"630,_Rajan,_Gopalpur-160412",Gopalpur,Odisha,160412.0,Billing
WB-07520,CUST-17721,"H.No._13
Mangat_Ganj
Kamarhati_677505",Kamarhati,West_Bengal,677505.0,Shipping
GJ-07521,CUST-17222,"94/80
Yohannan_Street
Ajmer-855132",Ajmer,Rajasthan,855132.0,Billing
WB-07522,CUST-00454,"17,_Cheema_Marg
Aligarh_984381",Aligarh,Uttar_Pradesh,984381.0,Shipping
UP-07523,CUST-11053,"82/62,_Sankaran_Nagar,_Bhagalpur-631642",Bhagalpur,Bihar,631642.0,Billing
HP-07524,CUST-19797,"390
Deep_Ganj
Udaipur-572751",Udaipur,Rajasthan,572751.0,"Billing,_Shipping"
TS-07525,CUST-11114,"653
Deol_Zila
Ramagundam-247300",Ramagundam,Telangana,247300.0,Billing
BR-07526,CUST-15015,"H.No._70,_Dube_Chowk,_Purnia-953395",Purnia,Bihar,953395.0,"Billing,_Shipping"
MP-07527,CUST-06297,"58/315,_Rattan_Road,_Gopalpur-132623",Gopalpur,Odisha,132623.0,Billing
WB-07528,CUST-15885,"H.No._778,_Barad_Circle
Bidhannagar-282412",Bidhannagar,West_Bengal,282412.0,Billing
GJ-07529,CUST-18878,"H.No._38
Mannan_Nagar
Gandhidham_652041",Gandhidham,Gujarat,652041.0,Billing
MH-07530,CUST-02664,"44/76,_Arora_Nagar,_Karnal_416331",Karnal,Haryana,416331.0,Shipping
TN-07531,CUST-14600,"H.No._74,_Bora_Street,_Avadi-268572",Avadi,Tamil_Nadu,268572.0,Billing
MP-07532,CUST-18929,"H.No._689
Sheth_Nagar
Agra-428523",Agra,Uttar_Pradesh,428523.0,Billing
HR-07533,CUST-17775,"71/548
Samra_Chowk
Siwan_650794",Siwan,Bihar,650794.0,"Billing,_Shipping"
JH-07534,CUST-10189,"84/18
Chanda_Nagar
Kharagpur-102194",Kharagpur,West_Bengal,102194.0,Billing
AS-07535,CUST-01665,"455,_Lalla_Zila,_Nagaon-333783",Nagaon,Assam,333783.0,Shipping
HR-07536,CUST-19693,"H.No._67,_Halder_Zila
Bikaner-749992",Bikaner,Rajasthan,749992.0,Shipping
TN-07537,CUST-15085,"92
Sengupta_Road
Pali_489400",Pali,Rajasthan,489400.0,Shipping
WB-07538,CUST-13200,"98/921
Balakrishnan_Path
Bally-501237",Bally,West_Bengal,501237.0,Shipping
HR-07539,CUST-13012,"84
Gola_Ganj
Siwan-088144",Siwan,Bihar,88144.0,Billing
MP-07540,CUST-11183,"104,_Dora_Chowk
Jalandhar_362773",Jalandhar,Punjab,362773.0,"Billing,_Shipping"
JH-07541,CUST-14500,"38/545,_Dua_Chowk
Asansol_048722",Asansol,West_Bengal,48722.0,Billing
AP-07542,CUST-02511,"H.No._317,_Ram_Chowk
Jammu_038681",Jammu,Jammu_and_Kashmir,38681.0,Shipping
RJ-07543,CUST-09190,"H.No._970,_Khosla_Ganj,_Rajkot-801688",Rajkot,Gujarat,801688.0,Billing
WB-07544,CUST-11779,"97,_Kant_Road
Naihati-622811",Naihati,West_Bengal,622811.0,Shipping
JH-07545,CUST-16580,"41/26,_Bedi_Nagar,_Mango_469343",Mango,Jharkhand,469343.0,"Billing,_Shipping"
OR-07546,CUST-18063,"468,_Cherian_Path,_Haldia_919782",Haldia,West_Bengal,919782.0,Shipping
OR-07547,CUST-01632,"88/96
Bhakta_Street
Bharatpur_381274",Bharatpur,Rajasthan,381274.0,Billing
AP-07548,CUST-13357,"76,_Agate_Nagar,_Srikakulam-493129",Srikakulam,Andhra_Pradesh,493129.0,Billing
OR-07549,CUST-11847,"H.No._96
De_Nagar
Bilaspur_446917",Bilaspur,Chhattisgarh,446917.0,"Billing,_Shipping"
KA-07550,CUST-19466,"H.No._38
Borah_Circle
Amaravati_507826",Amaravati,Andhra_Pradesh,507826.0,"Billing,_Shipping"
WB-07551,CUST-04970,"39,_Hayer_Path,_Bhatpara_004570",Bhatpara,West_Bengal,4570.0,Billing
WB-07552,CUST-19530,"H.No._78
Sule_Circle
Kulti_622842",Kulti,West_Bengal,622842.0,"Billing,_Shipping"
MH-07553,CUST-04507,"89,_Varkey_Ganj,_Jalgaon_241816",Jalgaon,Maharashtra,241816.0,Shipping
UP-07554,CUST-13395,"H.No._032,_Srinivasan_Road,_Farrukhabad_492405",Farrukhabad,Uttar_Pradesh,492405.0,"Billing,_Shipping"
CG-07555,CUST-02857,"09/700,_Basu_Path
Sambalpur-588155",Sambalpur,Odisha,588155.0,"Billing,_Shipping"
MP-07556,CUST-11062,"16
Jain_Ganj
Jodhpur_819630",Jodhpur,Rajasthan,819630.0,Billing
KA-07557,CUST-00038,"408
Toor_Road
Amaravati-172874",Amaravati,Andhra_Pradesh,172874.0,"Billing,_Shipping"
TS-07558,CUST-16267,"063,_Sule_Chowk,_Ambala-286661",Ambala,Haryana,286661.0,"Billing,_Shipping"
TS-07559,CUST-03941,"07/67,_Dar_Circle
Srinagar_159205",Srinagar,Jammu_and_Kashmir,159205.0,"Billing,_Shipping"
TN-07560,CUST-15193,"H.No._110,_Suri_Ganj
Tiruvottiyur-802369",Tiruvottiyur,Tamil_Nadu,802369.0,Billing
WB-07561,CUST-10366,"H.No._286,_Sarraf,_Madhyamgram_898394",Madhyamgram,West_Bengal,898394.0,Shipping
AP-07562,CUST-09452,"H.No._275,_Borah_Marg,_Anantapuram-421872",Anantapuram,Andhra_Pradesh,421872.0,Shipping
AP-07563,CUST-09534,"76
Badami_Street
Srikakulam-465248",Srikakulam,Andhra_Pradesh,465248.0,Billing
OR-07564,CUST-06928,"638,_Gole,_Danapur_792143",Danapur,Bihar,792143.0,"Billing,_Shipping"
MP-07565,CUST-05631,"80/16,_Ganguly_Circle,_Kishanganj_608096",Kishanganj,Bihar,608096.0,"Billing,_Shipping"
OR-07566,CUST-18109,"72
Sarma_Chowk
Chandrapur-511926",Chandrapur,Maharashtra,511926.0,Shipping
MP-07567,CUST-12595,"H.No._854
Tata_Road
Jodhpur_123022",Jodhpur,Rajasthan,123022.0,"Billing,_Shipping"
UK-07568,CUST-13270,"H.No._99,_Thakkar_Street
Jalna_467817",Jalna,Maharashtra,467817.0,"Billing,_Shipping"
UP-07569,CUST-07991,"H.No._035,_Gour_Marg,_Gurgaon_218814",Gurgaon,Haryana,218814.0,Billing
BR-07570,CUST-17212,"455
Bal_Circle
Jaipur_396728",Jaipur,Rajasthan,396728.0,Shipping
TN-07571,CUST-15598,"25/33
Thakkar_Road
Pali-117942",Pali,Rajasthan,117942.0,"Billing,_Shipping"
UP-07572,CUST-11763,"65/05,_Balakrishnan_Nagar
Sambhal_784879",Sambhal,Uttar_Pradesh,784879.0,Billing
OR-07573,CUST-18647,"00/020
Rama_Road
Mathura-179331",Mathura,Uttar_Pradesh,179331.0,Billing
HR-07574,CUST-19170,"88/317,_Comar_Ganj,_Siwan_014451",Siwan,Bihar,14451.0,"Billing,_Shipping"
AP-07575,CUST-10981,"48,_Sawhney_Path
Anantapuram-965339",Anantapuram,Andhra_Pradesh,965339.0,"Billing,_Shipping"
GJ-07576,CUST-02867,"43,_Golla_Street
Gandhidham-583127",Gandhidham,Gujarat,583127.0,"Billing,_Shipping"
TR-07577,CUST-10791,"H.No._638,_Goyal_Street,_Durgapur_874841",Durgapur,West_Bengal,874841.0,"Billing,_Shipping"
UP-07578,CUST-01579,"14/77
Sunder_Marg
Firozabad_097168",Firozabad,Uttar_Pradesh,97168.0,Shipping
AP-07579,CUST-19897,"62/87,_Golla_Nagar,_Gudivada-880309",Gudivada,Andhra_Pradesh,880309.0,"Billing,_Shipping"
BR-07580,CUST-18787,"H.No._42,_Raja_Zila,_Satna-830791",Satna,Madhya_Pradesh,830791.0,Billing
CG-07581,CUST-08992,"H.No._72,_Buch_Ganj,_Bhilai_193939",Bhilai,Chhattisgarh,193939.0,Billing
BR-07582,CUST-13880,"248,_Anand_Road
Satna_088887",Satna,Madhya_Pradesh,88887.0,Shipping
OR-07583,CUST-03544,"81/036,_Ray_Chowk,_Kanpur_503949",Kanpur,Uttar_Pradesh,503949.0,Billing
TN-07584,CUST-12480,"H.No._98
Virk_Path
Tiruvottiyur-743324",Tiruvottiyur,Tamil_Nadu,743324.0,Billing
KA-07585,CUST-16181,"09/30,_Suresh_Road,_Solapur_837902",Solapur,Maharashtra,837902.0,Shipping
MP-07586,CUST-04576,"H.No._509
Shah_Ganj
Khandwa-351225",Khandwa,Madhya_Pradesh,351225.0,Billing
TS-07587,CUST-16008,"83/797,_Bhatt_Street
Ramagundam_680774",Ramagundam,Telangana,680774.0,Billing
CG-07588,CUST-12906,"H.No._49,_Kaul_Path
Sagar-274164",Sagar,Madhya_Pradesh,274164.0,"Billing,_Shipping"
GJ-07589,CUST-13482,"71/16
Kalla_Street
Vadodara_569502",Vadodara,Gujarat,569502.0,"Billing,_Shipping"
UP-07590,CUST-19241,"37/368,_Varkey_Path
Jamalpur-240912",Jamalpur,Bihar,240912.0,Shipping
CG-07591,CUST-06146,"25/419,_Gala_Marg
Bhilai-267412",Bhilai,Chhattisgarh,267412.0,Shipping
UP-07592,CUST-17899,"H.No._883
Kapur_Chowk
Ahmedabad_753301",Ahmedabad,Gujarat,753301.0,Billing
UP-07593,CUST-14675,"46/832
Hora
Chapra_989868",Chapra,Bihar,989868.0,Billing
TN-07594,CUST-17562,"768
Krishnamurthy_Road
Pallavaram_983639",Pallavaram,Tamil_Nadu,983639.0,"Billing,_Shipping"
TS-07595,CUST-14285,"34/892
Tara
Ramagundam_294749",Ramagundam,Telangana,294749.0,Shipping
AP-07596,CUST-02325,"54/588
Chacko
Srikakulam-587288",Srikakulam,Andhra_Pradesh,587288.0,Billing
MP-07597,CUST-17537,"H.No._11
Dhar_Ganj
Mau-320261",Mau,Uttar_Pradesh,320261.0,Billing
OR-07598,CUST-07900,"84/940,_Andra_Zila,_Haldia_194057",Haldia,West_Bengal,194057.0,Billing
BR-07599,CUST-12389,"H.No._25,_Bansal_Nagar,_Munger_230687",Munger,Bihar,230687.0,Shipping
TS-07600,CUST-10356,"H.No._287,_Rastogi_Ganj
Srinagar_379671",Srinagar,Jammu_and_Kashmir,379671.0,Billing
CG-07602,CUST-19198,"H.No._57,_Mandal_Nagar,_Sagar_985765",Sagar,Madhya_Pradesh,985765.0,Billing
HR-07603,CUST-02008,"H.No._76,_Bahri_Chowk,_Siwan-193270",Siwan,Bihar,193270.0,"Billing,_Shipping"
GJ-07605,CUST-17968,"312,_Barad_Zila,_Vadodara_301366",Vadodara,Gujarat,301366.0,Shipping
TN-07606,CUST-09882,"H.No._437
Kalita_Marg
Chittoor_663275",Chittoor,Andhra_Pradesh,663275.0,Shipping
TS-07607,CUST-12632,"65
Venkataraman_Nagar
Srinagar_119360",Srinagar,Jammu_and_Kashmir,119360.0,Billing
WB-07608,CUST-19073,"82/69,_Rattan,_Bidhannagar_464352",Bidhannagar,West_Bengal,464352.0,Billing
MP-07609,CUST-01294,"H.No._940
Chaudhuri_Zila
Agra-721985",Agra,Uttar_Pradesh,721985.0,"Billing,_Shipping"
OR-07610,CUST-17514,"H.No._82,_Shenoy_Circle
Anantapur_555169",Anantapur,Andhra_Pradesh,555169.0,Shipping
AP-07611,CUST-15368,"035,_Bajwa_Zila
Srikakulam_906072",Srikakulam,Andhra_Pradesh,906072.0,"Billing,_Shipping"
UP-07612,CUST-05725,"61,_Cheema_Nagar,_Raiganj_122027",Raiganj,West_Bengal,122027.0,Billing
BR-07613,CUST-19882,"30,_Khosla
Jaipur_080654",Jaipur,Rajasthan,80654.0,Shipping
CG-07614,CUST-16206,"47/464,_Sachdeva
Sambalpur-212147",Sambalpur,Odisha,212147.0,"Billing,_Shipping"
UK-07615,CUST-10414,"31,_Chaudhari_Path
Haridwar_310382",Haridwar,Uttarakhand,310382.0,Shipping
UP-07616,CUST-09643,"23/31
Hayre
Firozabad_759372",Firozabad,Uttar_Pradesh,759372.0,"Billing,_Shipping"
AS-07617,CUST-00321,"25
Malhotra_Circle
Siliguri_706731",Siliguri,West_Bengal,706731.0,Shipping
OR-07618,CUST-11134,"14/650,_Rout_Circle
Anantapur_279766",Anantapur,Andhra_Pradesh,279766.0,Billing
WB-07619,CUST-04742,"734,_Shroff_Road
Madhyamgram_104803",Madhyamgram,West_Bengal,104803.0,Shipping
MH-07620,CUST-13704,"H.No._48,_Raj_Road,_Nanded_050277",Nanded,Maharashtra,50277.0,Shipping
JH-07621,CUST-04413,"21/66,_Viswanathan_Marg,_Asansol-750839",Asansol,West_Bengal,750839.0,Billing
KA-07622,CUST-18518,"14
Dixit_Road
Mangalore-844424",Mangalore,Karnataka,844424.0,"Billing,_Shipping"
MP-07623,CUST-08498,"H.No._72
Kale_Circle
Gopalpur_005811",Gopalpur,Odisha,5811.0,"Billing,_Shipping"
UP-07624,CUST-17624,"H.No._442,_Shetty_Path,_Muzaffarpur_972749",Muzaffarpur,Bihar,972749.0,Shipping
BR-07625,CUST-17620,"24/00
Bera_Nagar
Buxar-067840",Buxar,Bihar,67840.0,"Billing,_Shipping"
RJ-07626,CUST-09514,"86,_Srinivasan_Path
Akola_741104",Akola,Maharashtra,741104.0,Billing
UP-07627,CUST-11732,"377,_Rege_Circle
Muzaffarpur_822027",Muzaffarpur,Bihar,822027.0,Shipping
UK-07628,CUST-19196,"85/933,_Vaidya_Nagar
Shivpuri-888430",Shivpuri,Madhya_Pradesh,888430.0,"Billing,_Shipping"
JH-07629,CUST-13489,"173,_Chandran_Circle
Mango_037363",Mango,Jharkhand,37363.0,Billing
TN-07630,CUST-09201,"H.No._15,_Bandi_Path
Chittoor_236977",Chittoor,Andhra_Pradesh,236977.0,"Billing,_Shipping"
KA-07631,CUST-07616,"66
Loyal_Zila
Hospet-762300",Hospet,Karnataka,762300.0,Shipping
GJ-07632,CUST-12849,"26
Garde_Path
Hajipur-592797",Hajipur,Bihar,592797.0,Billing
TN-07633,CUST-06790,"H.No._322
Raman_Street
Pallavaram-000797",Pallavaram,Tamil_Nadu,797.0,Shipping
MH-07634,CUST-16750,"710,_Sha_Path
Guntur_557484",Guntur,Andhra_Pradesh,557484.0,"Billing,_Shipping"
MP-07635,CUST-09339,"858,_Sandhu_Zila
Gorakhpur-882466",Gorakhpur,Uttar_Pradesh,882466.0,"Billing,_Shipping"
MP-07636,CUST-14807,"H.No._348,_Desai_Nagar,_Jalandhar-172308",Jalandhar,Punjab,172308.0,Shipping
KL-07637,CUST-19006,"300
Desai_Marg
Kollam-039237",Kollam,Kerala,39237.0,Billing
UP-07638,CUST-12908,"24/031,_Bhargava_Path
Chapra-611546",Chapra,Bihar,611546.0,Shipping
BR-07639,CUST-10809,"10,_Krish_Road
Buxar-512056",Buxar,Bihar,512056.0,Shipping
AS-07640,CUST-17398,"69/181
Varma_Nagar
Siliguri-603649",Siliguri,West_Bengal,603649.0,Shipping
KA-07641,CUST-15432,"14/14,_Guha_Circle,_Tumkur-737996",Tumkur,Karnataka,737996.0,Shipping
UK-07642,CUST-19953,"27/761
Sengupta_Path
Jalna-322856",Jalna,Maharashtra,322856.0,"Billing,_Shipping"
MP-07643,CUST-02073,"95
Mane_Street
Jalandhar-360154",Jalandhar,Punjab,360154.0,Shipping
TS-07644,CUST-10248,"327,_Som_Street
Ramagundam_637207",Ramagundam,Telangana,637207.0,"Billing,_Shipping"
JH-07645,CUST-18462,"94,_Gill_Chowk,_Kharagpur_065156",Kharagpur,West_Bengal,65156.0,Billing
MH-07646,CUST-12350,"61/00,_Tank_Chowk,_Guntur-898159",Guntur,Andhra_Pradesh,898159.0,Billing
RJ-07647,CUST-06431,"07/97,_Balan_Circle
Rajkot-691357",Rajkot,Gujarat,691357.0,Billing
OR-07648,CUST-11506,"H.No._692
Sant_Marg
Danapur_250481",Danapur,Bihar,250481.0,Billing
TS-07649,CUST-06280,"53/635,_Bala_Ganj
Hindupur-860209",Hindupur,Andhra_Pradesh,860209.0,Billing
AP-07650,CUST-16077,"537,_Gour,_Dharmavaram-936803",Dharmavaram,Andhra_Pradesh,936803.0,Shipping
TN-07651,CUST-17781,"45
Rege_Road
Salem_410471",Salem,Tamil_Nadu,410471.0,"Billing,_Shipping"
TS-07652,CUST-01749,"33/938,_Vora_Street
Ramagundam_064458",Ramagundam,Telangana,64458.0,"Billing,_Shipping"
MP-07653,CUST-02523,"53,_Chada_Zila,_Dehri_151816",Dehri,Bihar,151816.0,"Billing,_Shipping"
OR-07654,CUST-18052,"H.No._786,_Bora_Ganj,_Patna_452541",Patna,Bihar,452541.0,Shipping
CG-07655,CUST-19560,"H.No._247
Kurian_Marg
Sambalpur_819249",Sambalpur,Odisha,819249.0,"Billing,_Shipping"
UK-07656,CUST-18782,"H.No._259,_Venkatesh_Marg
Haridwar_035746",Haridwar,Uttarakhand,35746.0,"Billing,_Shipping"
OR-07657,CUST-14488,"641,_Venkatesh_Path
Chandrapur_341305",Chandrapur,Maharashtra,341305.0,Billing
MP-07658,CUST-01104,"H.No._014,_Ganesan_Street,_Mau_298373",Mau,Uttar_Pradesh,298373.0,"Billing,_Shipping"
UP-07659,CUST-05625,"H.No._930,_Walla,_Raipur_917508",Raipur,Chhattisgarh,917508.0,"Billing,_Shipping"
TN-07660,CUST-19008,"10,_Dass_Nagar
Pallavaram-233413",Pallavaram,Tamil_Nadu,233413.0,"Billing,_Shipping"
UP-07661,CUST-18397,"26/037,_Vohra_Circle,_Sambhal-704680",Sambhal,Uttar_Pradesh,704680.0,Shipping
WB-07662,CUST-19311,"84/738,_Srinivasan_Zila,_Bally_326198",Bally,West_Bengal,326198.0,Shipping
OR-07663,CUST-00848,"83,_Sundaram_Chowk,_Berhampur-520866",Berhampur,Odisha,520866.0,Billing
MH-07664,CUST-11380,"H.No._63,_Varughese
Jalgaon_520884",Jalgaon,Maharashtra,520884.0,Billing
MH-07665,CUST-02992,"31/43,_Thaman_Ganj,_Nanded-273627",Nanded,Maharashtra,273627.0,Billing
RJ-07666,CUST-13528,"73/66
Kari_Ganj
Fatehpur-858055",Fatehpur,Uttar_Pradesh,858055.0,Shipping
MH-07667,CUST-06794,"59/02,_Kar_Path,_Loni_940180",Loni,Uttar_Pradesh,940180.0,"Billing,_Shipping"
MP-07668,CUST-11819,"41/11
Yohannan_Path
Indore-588811",Indore,Madhya_Pradesh,588811.0,"Billing,_Shipping"
JH-07669,CUST-10037,"660,_Kapur_Street,_Mango-493974",Mango,Jharkhand,493974.0,"Billing,_Shipping"
UP-07670,CUST-12259,"37/577,_Banik
Karimnagar-831352",Karimnagar,Telangana,831352.0,Shipping
MH-07671,CUST-11049,"H.No._588,_De_Street
Rampur-529458",Rampur,Uttar_Pradesh,529458.0,"Billing,_Shipping"
MP-07672,CUST-11203,"80/97,_Swamy
Jodhpur-305108",Jodhpur,Rajasthan,305108.0,"Billing,_Shipping"
TN-07673,CUST-09995,"42/78,_Kata_Road
Chittoor-842029",Chittoor,Andhra_Pradesh,842029.0,"Billing,_Shipping"
TS-07674,CUST-15636,"H.No._244
Date_Street
Hindupur-173626",Hindupur,Andhra_Pradesh,173626.0,Shipping
KL-07675,CUST-03675,"55/78
Butala_Path
Kollam-509812",Kollam,Kerala,509812.0,"Billing,_Shipping"
MP-07676,CUST-13754,"851
Deo_Marg
Kota-017343",Kota,Rajasthan,17343.0,Shipping
WB-07677,CUST-09331,"07/033,_Sachdeva,_Aligarh-762194",Aligarh,Uttar_Pradesh,762194.0,"Billing,_Shipping"
BR-07678,CUST-19596,"H.No._438
Ramakrishnan_Street
Jaipur-522298",Jaipur,Rajasthan,522298.0,Shipping
TR-07679,CUST-01734,"796
Brar_Street
Chandigarh-065903",Chandigarh,Chandigarh_(Union_Territory),65903.0,"Billing,_Shipping"
MP-07680,CUST-09953,"H.No._40,_Choudhury_Street,_Mau_211909",Mau,Uttar_Pradesh,211909.0,Billing
MP-07681,CUST-15724,"97/11,_Shanker_Zila
Gorakhpur-940464",Gorakhpur,Uttar_Pradesh,940464.0,Billing
TN-07682,CUST-13090,"568
Gara_Zila
Chittoor_390870",Chittoor,Andhra_Pradesh,390870.0,Shipping
WB-07683,CUST-05042,"352,_Ghose_Path
Aligarh_527324",Aligarh,Uttar_Pradesh,527324.0,"Billing,_Shipping"
TN-07684,CUST-03672,"25/270
Ahuja_Path
Avadi_677329",Avadi,Tamil_Nadu,677329.0,Billing
MH-07685,CUST-07692,"05/167,_Rastogi_Circle,_Nanded-957226",Nanded,Maharashtra,957226.0,Shipping
MH-07686,CUST-16996,"933,_Dass_Marg
Loni_578690",Loni,Uttar_Pradesh,578690.0,"Billing,_Shipping"
MP-07687,CUST-13041,"60/36,_Mander_Chowk,_Dehri-218498",Dehri,Bihar,218498.0,Billing
MP-07688,CUST-18642,"H.No._34
Toor_Chowk
Gopalpur-996281",Gopalpur,Odisha,996281.0,Billing
UP-07689,CUST-07651,"H.No._87,_Batta_Nagar,_Muzaffarpur-819976",Muzaffarpur,Bihar,819976.0,Shipping
MP-07690,CUST-11595,"735,_Kapoor_Chowk,_Unnao_263187",Unnao,Uttar_Pradesh,263187.0,Shipping
MH-07691,CUST-13859,"28/18,_Deep
Rampur_096893",Rampur,Uttar_Pradesh,96893.0,Billing
CG-07692,CUST-14930,"H.No._362
Sani_Road
Nagpur-104121",Nagpur,Maharashtra,104121.0,"Billing,_Shipping"
UP-07693,CUST-16487,"99
Thakur
Muzaffarpur_021779",Muzaffarpur,Bihar,21779.0,Billing
RJ-07694,CUST-14887,"H.No._59,_Chawla_Ganj
Dewas-888221",Dewas,Madhya_Pradesh,888221.0,Billing
MH-07695,CUST-07512,"72,_Sanghvi_Chowk,_Malegaon_987818",Malegaon,Maharashtra,987818.0,Billing
UP-07696,CUST-16190,"094,_Sama
Shahjahanpur-715095",Shahjahanpur,Uttar_Pradesh,715095.0,Shipping
RJ-07697,CUST-10781,"H.No._14,_Srinivas_Zila,_Rajkot-189874",Rajkot,Gujarat,189874.0,Billing
GJ-07698,CUST-10046,"66/17,_Suresh_Marg
Hajipur_040868",Hajipur,Bihar,40868.0,"Billing,_Shipping"
MH-07699,CUST-17883,"28/68,_Babu_Circle,_Nanded_150438",Nanded,Maharashtra,150438.0,Billing
TS-07700,CUST-08527,"95/48,_Badal_Nagar,_Srinagar_137647",Srinagar,Jammu_and_Kashmir,137647.0,"Billing,_Shipping"
CG-07701,CUST-15398,"78/99
Sengupta
Sagar_795580",Sagar,Madhya_Pradesh,795580.0,Shipping
TN-07702,CUST-11604,"H.No._45,_Ratti_Street,_Tiruvottiyur_964297",Tiruvottiyur,Tamil_Nadu,964297.0,Billing
MH-07703,CUST-09893,"702,_Kannan_Street
Malegaon_663896",Malegaon,Maharashtra,663896.0,Billing
OR-07704,CUST-11260,"H.No._502,_Mann_Circle,_Mathura-457650",Mathura,Uttar_Pradesh,457650.0,Billing
GJ-07705,CUST-04252,"27/799,_Suresh_Chowk
Allahabad-923219",Allahabad,Uttar_Pradesh,923219.0,Shipping
AP-07706,CUST-13534,"H.No._56,_Chada_Road,_Gudivada_614633",Gudivada,Andhra_Pradesh,614633.0,Shipping
KA-07707,CUST-17675,"39/54,_Chandran_Path,_Solapur-315800",Solapur,Maharashtra,315800.0,Billing
MP-07708,CUST-00266,"74/07,_Bal
Gorakhpur_515587",Gorakhpur,Uttar_Pradesh,515587.0,"Billing,_Shipping"
TN-07709,CUST-12382,"H.No._675,_Bose_Street
Pallavaram-303543",Pallavaram,Tamil_Nadu,303543.0,Billing
UP-07711,CUST-11081,"13/430,_Malhotra_Nagar
Chapra-322311",Chapra,Bihar,322311.0,Shipping
WB-07712,CUST-15433,"H.No._278,_Banerjee_Zila
Baranagar_137501",Baranagar,West_Bengal,137501.0,Billing
UK-07713,CUST-10405,"58/33
Tella_Chowk
Haridwar-290778",Haridwar,Uttarakhand,290778.0,Billing
TN-07714,CUST-18859,"11/83
Sekhon_Zila
Tiruvottiyur-352751",Tiruvottiyur,Tamil_Nadu,352751.0,Shipping
TS-07715,CUST-06919,"36/71,_Bhatnagar_Zila
Srinagar_830128",Srinagar,Jammu_and_Kashmir,830128.0,Shipping
WB-07716,CUST-17086,"53/80,_Dasgupta_Path
Arrah_027167",Arrah,Bihar,27167.0,Shipping
AP-07717,CUST-04567,"448,_Ganguly_Street,_Srikakulam_871559",Srikakulam,Andhra_Pradesh,871559.0,Shipping
HR-07718,CUST-09421,"69/45
Dash_Marg
Siwan_610341",Siwan,Bihar,610341.0,Shipping
WB-07719,CUST-07069,"H.No._682
Dyal_Chowk
Naihati_391291",Naihati,West_Bengal,391291.0,"Billing,_Shipping"
OR-07720,CUST-17921,"68,_Uppal_Street
Bilaspur-155851",Bilaspur,Chhattisgarh,155851.0,Shipping
OR-07721,CUST-08091,"97
Taneja_Nagar
Patna_234694",Patna,Bihar,234694.0,Billing
KL-07722,CUST-07547,"574,_Dua_Ganj,_Kollam-604237",Kollam,Kerala,604237.0,"Billing,_Shipping"
MH-07723,CUST-07478,"31/898,_Samra_Road
Jalgaon_983321",Jalgaon,Maharashtra,983321.0,"Billing,_Shipping"
AS-07724,CUST-12976,"735,_Sethi_Ganj,_Bongaigaon_256688",Bongaigaon,Assam,256688.0,Shipping
MP-07725,CUST-16027,"H.No._03
Arora_Ganj
Jhansi_323517",Jhansi,Uttar_Pradesh,323517.0,Shipping
AS-07726,CUST-16762,"75/87,_Yohannan_Street,_Siliguri-950773",Siliguri,West_Bengal,950773.0,"Billing,_Shipping"
BR-07727,CUST-17224,"H.No._30
Mahajan
Munger_751635",Munger,Bihar,751635.0,"Billing,_Shipping"
WB-07728,CUST-10525,"H.No._934
Virk_Nagar
Aligarh-254910",Aligarh,Uttar_Pradesh,254910.0,Billing
TS-07729,CUST-14268,"H.No._88,_Subramaniam_Marg
Proddatur-031576",Proddatur,Andhra_Pradesh,31576.0,Billing
CG-07730,CUST-16419,"95
Korpal_Marg
Malda-010220",Malda,West_Bengal,10220.0,Billing
UP-07731,CUST-19810,"91/546,_Hayre_Zila
Bhagalpur-035769",Bhagalpur,Bihar,35769.0,Shipping
AS-07732,CUST-02924,"24,_Shetty_Path
Siliguri-802498",Siliguri,West_Bengal,802498.0,"Billing,_Shipping"
TN-07733,CUST-04540,"21/37,_Guha_Path,_Pallavaram-376357",Pallavaram,Tamil_Nadu,376357.0,Billing
AS-07734,CUST-17434,"H.No._325
Shan
Siliguri_764260",Siliguri,West_Bengal,764260.0,Billing
GJ-07735,CUST-14129,"23/73,_Bala_Zila
Allahabad_644855",Allahabad,Uttar_Pradesh,644855.0,Billing
UP-07736,CUST-18447,"66/723,_Zacharia_Circle,_Raipur-966263",Raipur,Chhattisgarh,966263.0,"Billing,_Shipping"
MP-07737,CUST-16817,"62/16,_Sinha_Marg,_Jhansi-405705",Jhansi,Uttar_Pradesh,405705.0,Shipping
BR-07738,CUST-00153,"H.No._87,_Gupta,_Purnia_142588",Purnia,Bihar,142588.0,Shipping
MP-07739,CUST-14450,"50,_Date_Circle
Jodhpur_122922",Jodhpur,Rajasthan,122922.0,"Billing,_Shipping"
OR-07740,CUST-17774,"H.No._29,_Sawhney_Chowk,_Haldia_707201",Haldia,West_Bengal,707201.0,"Billing,_Shipping"
BR-07741,CUST-13482,"H.No._16
Jha
Purnia_524714",Purnia,Bihar,524714.0,Billing
AP-07742,CUST-12205,"H.No._853
Chada_Path
Srikakulam_753833",Srikakulam,Andhra_Pradesh,753833.0,Shipping
MP-07743,CUST-16689,"918,_Chopra_Ganj,_Jalandhar-653261",Jalandhar,Punjab,653261.0,"Billing,_Shipping"
OR-07744,CUST-15217,"325,_Sarma_Zila
Bijapur-545402",Bijapur,Karnataka,545402.0,"Billing,_Shipping"
TS-07745,CUST-11033,"H.No._56,_Manne_Zila,_Srinagar-888229",Srinagar,Jammu_and_Kashmir,888229.0,Billing
GJ-07746,CUST-17330,"H.No._068,_Dey_Marg
Kavali-828506",Kavali,Andhra_Pradesh,828506.0,Shipping
TN-07747,CUST-15327,"38/350,_Jhaveri_Circle,_Pallavaram_836922",Pallavaram,Tamil_Nadu,836922.0,Shipping
UP-07748,CUST-02820,"79/16,_Shankar_Nagar,_Farrukhabad-382412",Farrukhabad,Uttar_Pradesh,382412.0,"Billing,_Shipping"
RJ-07749,CUST-11193,"71,_Konda_Nagar,_Dewas-316680",Dewas,Madhya_Pradesh,316680.0,Shipping
UP-07750,CUST-00801,"43/48,_Kaur_Marg,_Sambhal_490641",Sambhal,Uttar_Pradesh,490641.0,"Billing,_Shipping"
WB-07751,CUST-13669,"H.No._46,_Master_Marg,_Kamarhati_067184",Kamarhati,West_Bengal,67184.0,"Billing,_Shipping"
KA-07752,CUST-13611,"84
Kumer_Marg
Amaravati-902628",Amaravati,Andhra_Pradesh,902628.0,Billing
TN-07753,CUST-14644,"83,_Char_Circle
Pali-418182",Pali,Rajasthan,418182.0,"Billing,_Shipping"
KA-07754,CUST-07721,"29,_Bose_Ganj,_Hosur_036368",Hosur,Tamil_Nadu,36368.0,Shipping
MP-07755,CUST-10872,"H.No._689,_Bahri_Street
Kishanganj-854929",Kishanganj,Bihar,854929.0,Billing
MH-07756,CUST-05015,"H.No._600
Keer_Chowk
Yamunanagar_550454",Yamunanagar,Haryana,550454.0,Billing
MP-07757,CUST-08671,"27,_Chaudry_Path
Mau-237665",Mau,Uttar_Pradesh,237665.0,Shipping
UK-07758,CUST-19914,"H.No._23
Bath_Marg
Shivpuri-005221",Shivpuri,Madhya_Pradesh,5221.0,Shipping
WB-07759,CUST-18781,"13/495
Shanker_Ganj
Arrah-686483",Arrah,Bihar,686483.0,Shipping
MP-07760,CUST-17143,"289,_Khatri_Road
Jalandhar-434380",Jalandhar,Punjab,434380.0,"Billing,_Shipping"
UP-07761,CUST-03146,"H.No._86,_Upadhyay_Street,_Mirzapur_596682",Mirzapur,Uttar_Pradesh,596682.0,"Billing,_Shipping"
TR-07762,CUST-03229,"H.No._865
Vohra_Path
Chandigarh_534446",Chandigarh,Chandigarh_(Union_Territory),534446.0,"Billing,_Shipping"
WB-07763,CUST-03814,"84/25,_Soman_Chowk
Madhyamgram_112151",Madhyamgram,West_Bengal,112151.0,Shipping
OR-07764,CUST-09051,"H.No._50,_Kamdar_Marg
Kanpur-747395",Kanpur,Uttar_Pradesh,747395.0,Shipping
HR-07765,CUST-19798,"62/481,_Sheth_Road
Siwan_227332",Siwan,Bihar,227332.0,Shipping
MH-07766,CUST-17983,"38/01,_Shetty_Nagar,_Guntur-524825",Guntur,Andhra_Pradesh,524825.0,Shipping
AP-07767,CUST-08126,"25/96
Ranganathan_Road
Srikakulam-268251",Srikakulam,Andhra_Pradesh,268251.0,"Billing,_Shipping"
TN-07768,CUST-17480,"73/57,_Sathe_Ganj
Tiruppur-080673",Tiruppur,Tamil_Nadu,80673.0,"Billing,_Shipping"
KA-07769,CUST-10378,"H.No._90,_Ratti_Marg
Mangalore-119424",Mangalore,Karnataka,119424.0,"Billing,_Shipping"
GJ-07770,CUST-05243,"H.No._68,_Garde_Circle
Allahabad-642605",Allahabad,Uttar_Pradesh,642605.0,Shipping
CG-07771,CUST-18871,"H.No._71,_Yohannan_Path,_Sagar_268894",Sagar,Madhya_Pradesh,268894.0,"Billing,_Shipping"
MH-07772,CUST-16715,"06/14,_Khatri_Path,_Malegaon-869184",Malegaon,Maharashtra,869184.0,"Billing,_Shipping"
MP-07773,CUST-18337,"16/36
Tank_Road
Jhansi-998769",Jhansi,Uttar_Pradesh,998769.0,Shipping
MP-07775,CUST-15990,"60,_Brahmbhatt_Chowk,_Khandwa-278250",Khandwa,Madhya_Pradesh,278250.0,"Billing,_Shipping"
TN-07777,CUST-13995,"37/05,_Wali,_Gandhinagar_222266",Gandhinagar,Gujarat,222266.0,"Billing,_Shipping"
UP-07778,CUST-17557,"29/604
Batta_Ganj
Sambhal-924630",Sambhal,Uttar_Pradesh,924630.0,"Billing,_Shipping"
TN-07779,CUST-15805,"79,_Desai_Zila
Salem-020138",Salem,Tamil_Nadu,20138.0,Shipping
GJ-07780,CUST-07586,"30/82,_Lad_Ganj,_Vadodara_845836",Vadodara,Gujarat,845836.0,Billing
OR-07781,CUST-03509,"H.No._429,_Chad_Chowk,_Patna_878631",Patna,Bihar,878631.0,Shipping
CG-07782,CUST-10680,"41
Kamdar_Path
Bhilai_831543",Bhilai,Chhattisgarh,831543.0,"Billing,_Shipping"
WB-07783,CUST-06388,"943,_Saran_Zila,_Uluberia-942344",Uluberia,West_Bengal,942344.0,"Billing,_Shipping"
UP-07784,CUST-13911,"07/661,_Devan_Circle
Chapra-445394",Chapra,Bihar,445394.0,Billing
AP-07785,CUST-05175,"H.No._24,_Aurora
Anantapuram_789474",Anantapuram,Andhra_Pradesh,789474.0,"Billing,_Shipping"
AS-07787,CUST-07722,"45/23,_Guha_Street
Bongaigaon-590688",Bongaigaon,Assam,590688.0,"Billing,_Shipping"
UP-07788,CUST-10214,"31
Borde_Road
Muzaffarpur-090395",Muzaffarpur,Bihar,90395.0,Shipping
MP-07789,CUST-13293,"040,_Malhotra
Jodhpur_606650",Jodhpur,Rajasthan,606650.0,"Billing,_Shipping"
MP-07790,CUST-16935,"H.No._457,_De_Street,_Unnao_500300",Unnao,Uttar_Pradesh,500300.0,Shipping
WB-07791,CUST-01391,"H.No._410
Sarraf_Road
Kulti_634135",Kulti,West_Bengal,634135.0,Shipping
UK-07792,CUST-07894,"903,_Vaidya_Street
Jalna_472902",Jalna,Maharashtra,472902.0,Billing
OR-07793,CUST-09756,"986,_Chada_Ganj,_Danapur-572866",Danapur,Bihar,572866.0,Billing
JH-07794,CUST-02271,"61,_Issac_Road,_Mango_830582",Mango,Jharkhand,830582.0,Billing
AP-07795,CUST-10093,"250
Taneja_Circle
Anantapuram-637355",Anantapuram,Andhra_Pradesh,637355.0,Billing
OR-07796,CUST-01836,"H.No._238,_Arya_Ganj
Anantapur_314822",Anantapur,Andhra_Pradesh,314822.0,Billing
KA-07797,CUST-15027,"059,_Bose_Path,_Hosur-568709",Hosur,Tamil_Nadu,568709.0,"Billing,_Shipping"
GJ-07798,CUST-13618,"H.No._683
Sethi_Street
Jabalpur_854139",Jabalpur,Madhya_Pradesh,854139.0,Billing
KL-07799,CUST-19042,"H.No._978,_Sachdeva_Path
Kollam-087173",Kollam,Kerala,87173.0,Shipping
OR-07800,CUST-12707,"14,_Dayal_Nagar,_Bijapur_337748",Bijapur,Karnataka,337748.0,"Billing,_Shipping"
WB-07801,CUST-03474,"66/140,_Seshadri_Zila
Kulti_054854",Kulti,West_Bengal,54854.0,Shipping
MP-07802,CUST-05591,"05/869,_Vaidya_Road
Ramgarh-722478",Ramgarh,Jharkhand,722478.0,"Billing,_Shipping"
WB-07803,CUST-19101,"028,_Chadha_Street
Naihati-755001",Naihati,West_Bengal,755001.0,"Billing,_Shipping"
UP-07804,CUST-12437,"899,_D’Alia_Chowk
Sambhal_220160",Sambhal,Uttar_Pradesh,220160.0,Billing
TN-07805,CUST-03046,"28/83,_Chauhan_Street
Tiruvottiyur-787993",Tiruvottiyur,Tamil_Nadu,787993.0,Shipping
AP-07806,CUST-19065,"48,_Shankar_Path,_Bhimavaram_229813",Bhimavaram,Andhra_Pradesh,229813.0,Shipping
TS-07807,CUST-19254,"H.No._74,_Bawa_Ganj,_Sirsa-820271",Sirsa,Haryana,820271.0,Shipping
WB-07808,CUST-10337,"868,_Srinivasan_Road,_Kamarhati_917181",Kamarhati,West_Bengal,917181.0,Billing
UP-07809,CUST-03992,"92,_Bhattacharyya_Chowk
Muzaffarpur-291496",Muzaffarpur,Bihar,291496.0,"Billing,_Shipping"
RJ-07810,CUST-06916,"24
Chaudhry_Street
Dewas-355534",Dewas,Madhya_Pradesh,355534.0,Shipping
KL-07811,CUST-16779,"330,_Dhingra_Marg
Kollam_600177",Kollam,Kerala,600177.0,Billing
TN-07812,CUST-08765,"H.No._251
Kunda_Marg
Tiruppur_850542",Tiruppur,Tamil_Nadu,850542.0,Shipping
MP-07813,CUST-17382,"21/031
Sarna
Gorakhpur_179926",Gorakhpur,Uttar_Pradesh,179926.0,Billing
UP-07814,CUST-15496,"481
Mangal_Nagar
Farrukhabad-463973",Farrukhabad,Uttar_Pradesh,463973.0,Shipping
MP-07815,CUST-08004,"68/13
Baral_Path
Kota_399462",Kota,Rajasthan,399462.0,"Billing,_Shipping"
UP-07816,CUST-10674,"H.No._29,_Karan_Ganj,_Gurgaon-996321",Gurgaon,Haryana,996321.0,Shipping
OR-07817,CUST-11507,"27/08,_Madan_Ganj
Berhampur_738149",Berhampur,Odisha,738149.0,Shipping
GJ-07818,CUST-19596,"H.No._65,_Bhatti_Nagar,_Vadodara_897101",Vadodara,Gujarat,897101.0,"Billing,_Shipping"
TS-07819,CUST-09050,"H.No._413,_Korpal
Ambala-263335",Ambala,Haryana,263335.0,Shipping
GJ-07820,CUST-05604,"H.No._60
Shanker_Street
Ajmer_082141",Ajmer,Rajasthan,82141.0,Shipping
OR-07821,CUST-02083,"096,_Krishnamurthy_Ganj,_Anantapur_036272",Anantapur,Andhra_Pradesh,36272.0,"Billing,_Shipping"
WB-07822,CUST-00010,"98/438,_Buch_Ganj,_Aligarh-623561",Aligarh,Uttar_Pradesh,623561.0,Shipping
UK-07823,CUST-19080,"H.No._60,_Lalla_Nagar,_Haridwar_077643",Haridwar,Uttarakhand,77643.0,Shipping
TN-07824,CUST-07108,"H.No._56,_Toor_Chowk,_Chittoor_336270",Chittoor,Andhra_Pradesh,336270.0,"Billing,_Shipping"
OR-07825,CUST-11751,"91/76,_Kothari_Street
Mathura-076707",Mathura,Uttar_Pradesh,76707.0,Shipping
AP-07827,CUST-10675,"09/796
Dewan_Zila
Gudivada-762421",Gudivada,Andhra_Pradesh,762421.0,Billing
AP-07828,CUST-03604,"76/334
Dyal_Road
Srikakulam_726363",Srikakulam,Andhra_Pradesh,726363.0,Shipping
UP-07829,CUST-08761,"64/450,_Buch_Nagar,_Jamalpur-313061",Jamalpur,Bihar,313061.0,"Billing,_Shipping"
GJ-07830,CUST-17120,"35/345,_Sarkar_Chowk,_Vadodara_814183",Vadodara,Gujarat,814183.0,Billing
KA-07831,CUST-10783,"68,_Sandal_Ganj
Hosur-503484",Hosur,Tamil_Nadu,503484.0,"Billing,_Shipping"
WB-07832,CUST-06088,"49,_Kale_Ganj,_Bidhannagar_867730",Bidhannagar,West_Bengal,867730.0,"Billing,_Shipping"
AS-07833,CUST-06304,"H.No._22
Vasa_Circle
Nagaon_224580",Nagaon,Assam,224580.0,Billing
KA-07834,CUST-14855,"96/60,_Chandran_Path
Tumkur-072484",Tumkur,Karnataka,72484.0,Billing
OR-07835,CUST-12519,"H.No._38,_Bajaj_Road,_Haldia_674835",Haldia,West_Bengal,674835.0,Billing
MP-07836,CUST-14723,"H.No._19,_Varty_Zila,_Agra-179983",Agra,Uttar_Pradesh,179983.0,Shipping
OR-07837,CUST-10189,"098,_Issac_Ganj
Chandrapur-330204",Chandrapur,Maharashtra,330204.0,Shipping
RJ-07838,CUST-04915,"17/37
Balasubramanian_Nagar
Fatehpur_270909",Fatehpur,Uttar_Pradesh,270909.0,Billing
KA-07839,CUST-17608,"70
Wali_Nagar
Mangalore_607544",Mangalore,Karnataka,607544.0,Shipping
UP-07840,CUST-14369,"46/96
Gour_Chowk
Shahjahanpur-309337",Shahjahanpur,Uttar_Pradesh,309337.0,Billing
RJ-07841,CUST-19657,"H.No._45,_Tripathi_Street
Fatehpur_071020",Fatehpur,Uttar_Pradesh,71020.0,"Billing,_Shipping"
TS-07842,CUST-14989,"95/492,_Brahmbhatt_Marg
Dindigul-710295",Dindigul,Tamil_Nadu,710295.0,"Billing,_Shipping"
UK-07843,CUST-01937,"64,_Kadakia_Road,_Haridwar-881749",Haridwar,Uttarakhand,881749.0,"Billing,_Shipping"
TN-07844,CUST-06873,"H.No._84
Dhar_Circle
Chittoor_724161",Chittoor,Andhra_Pradesh,724161.0,Billing
DL-07845,CUST-17804,"H.No._743,_Sarkar_Nagar
Delhi_706035",Delhi,Delhi_(Union_Territory),706035.0,Shipping
TN-07846,CUST-04592,"224
Mangat_Path
Gandhinagar_261925",Gandhinagar,Gujarat,261925.0,Billing
GJ-07847,CUST-13990,"57,_Dutta_Ganj,_Ajmer_223666",Ajmer,Rajasthan,223666.0,Shipping
TN-07848,CUST-10934,"233
Kakar_Nagar
Pali_978575",Pali,Rajasthan,978575.0,"Billing,_Shipping"
UP-07849,CUST-18869,"H.No._584,_Sarna_Ganj,_Shahjahanpur-840733",Shahjahanpur,Uttar_Pradesh,840733.0,"Billing,_Shipping"
AP-07850,CUST-05551,"98/495,_Dar_Street,_Srikakulam-036945",Srikakulam,Andhra_Pradesh,36945.0,"Billing,_Shipping"
MH-07851,CUST-10463,"39/745,_Saini_Nagar
Rampur-671549",Rampur,Uttar_Pradesh,671549.0,"Billing,_Shipping"
JH-07852,CUST-18704,"334
Sethi_Chowk
Mango-452215",Mango,Jharkhand,452215.0,"Billing,_Shipping"
UP-07853,CUST-06185,"43/98
Hora_Road
Burhanpur-645142",Burhanpur,Madhya_Pradesh,645142.0,"Billing,_Shipping"
OR-07854,CUST-11565,"596,_Joshi_Street
Kanpur_500019",Kanpur,Uttar_Pradesh,500019.0,"Billing,_Shipping"
TN-07855,CUST-13527,"77,_Grewal_Road
Pallavaram-335723",Pallavaram,Tamil_Nadu,335723.0,Shipping
GJ-07856,CUST-19330,"H.No._753,_Dass_Ganj
Jabalpur-768390",Jabalpur,Madhya_Pradesh,768390.0,"Billing,_Shipping"
HR-07857,CUST-17653,"97/633
D’Alia_Path
Aurangabad_434394",Aurangabad,Maharashtra,434394.0,Shipping
MH-07858,CUST-06477,"51/85,_Varkey_Circle
Yamunanagar_791479",Yamunanagar,Haryana,791479.0,"Billing,_Shipping"
MP-07859,CUST-07807,"H.No._917,_Krishnan_Chowk
Mau-564815",Mau,Uttar_Pradesh,564815.0,Billing
OR-07860,CUST-07212,"11/95,_Chatterjee_Chowk
Chandrapur-121276",Chandrapur,Maharashtra,121276.0,Billing
MH-07861,CUST-03548,"93
Halder_Zila
Bhiwandi-566048",Bhiwandi,Maharashtra,566048.0,Shipping
TN-07862,CUST-18852,"H.No._214
Lata_Nagar
Tiruppur-221214",Tiruppur,Tamil_Nadu,221214.0,Billing
OR-07864,CUST-11452,"H.No._286
Krishna_Circle
Danapur_990342",Danapur,Bihar,990342.0,Billing
TN-07865,CUST-00442,"05/965,_Dugal_Path
Tiruvottiyur_843651",Tiruvottiyur,Tamil_Nadu,843651.0,Shipping
AP-07866,CUST-17325,"H.No._47,_Dua_Circle
Jammu_212207",Jammu,Jammu_and_Kashmir,212207.0,Billing
TS-07867,CUST-10704,"61/228,_Thaker_Circle
Ambala_905781",Ambala,Haryana,905781.0,"Billing,_Shipping"
AS-07868,CUST-18051,"84/38,_Ramachandran_Nagar,_Siliguri_750647",Siliguri,West_Bengal,750647.0,"Billing,_Shipping"
KA-07869,CUST-18194,"56/64
Sharaf_Zila
Solapur-794324",Solapur,Maharashtra,794324.0,Shipping
MP-07870,CUST-13923,"32,_Kashyap_Road
Jodhpur_265408",Jodhpur,Rajasthan,265408.0,Billing
MH-07871,CUST-05833,"H.No._394,_Contractor_Ganj
Bhiwandi-999501",Bhiwandi,Maharashtra,999501.0,Shipping
UP-07872,CUST-02575,"H.No._293,_Magar_Ganj
Burhanpur_575653",Burhanpur,Madhya_Pradesh,575653.0,Shipping
MP-07873,CUST-10002,"H.No._301
Seth_Chowk
Unnao_801051",Unnao,Uttar_Pradesh,801051.0,"Billing,_Shipping"
CG-07874,CUST-15918,"22
Chaudhari_Marg
Malda_503722",Malda,West_Bengal,503722.0,"Billing,_Shipping"
HR-07875,CUST-11315,"H.No._68,_Swamy_Street
Aurangabad_870624",Aurangabad,Maharashtra,870624.0,Shipping
WB-07876,CUST-12479,"H.No._550
Chakrabarti_Ganj
Madhyamgram_699956",Madhyamgram,West_Bengal,699956.0,Shipping
AP-07877,CUST-02700,"651,_Bains_Circle,_Dharmavaram_269147",Dharmavaram,Andhra_Pradesh,269147.0,Shipping
KL-07878,CUST-10250,"H.No._641,_Suresh_Circle,_Kollam_101041",Kollam,Kerala,101041.0,"Billing,_Shipping"
MP-07879,CUST-19438,"54,_Kari_Ganj
Mau_274043",Mau,Uttar_Pradesh,274043.0,"Billing,_Shipping"
WB-07880,CUST-07343,"83/94,_Kapoor_Marg
Kamarhati-298613",Kamarhati,West_Bengal,298613.0,Billing
TN-07881,CUST-02035,"44,_Kapoor_Circle,_Vellore_136790",Vellore,Tamil_Nadu,136790.0,Billing
UP-07882,CUST-04645,"52,_Sawhney_Nagar,_Bhagalpur_615944",Bhagalpur,Bihar,615944.0,Shipping
MH-07883,CUST-15838,"31/279
Jaggi_Road
Rampur-067858",Rampur,Uttar_Pradesh,67858.0,Shipping
MH-07884,CUST-13165,"H.No._66
Arora_Marg
Karnal_256101",Karnal,Haryana,256101.0,"Billing,_Shipping"
WB-07885,CUST-16708,"22/12
Bava_Chowk
Aligarh_030577",Aligarh,Uttar_Pradesh,30577.0,Billing
TS-07886,CUST-18770,"08/28
Ram_Ganj
Nizamabad-509490",Nizamabad,Telangana,509490.0,Shipping
MH-07887,CUST-13265,"998
Luthra_Street
Nanded_078771",Nanded,Maharashtra,78771.0,Shipping
BR-07889,CUST-11526,"H.No._99,_Sachdeva_Zila,_Ballia-656309",Ballia,Uttar_Pradesh,656309.0,"Billing,_Shipping"
MP-07890,CUST-13989,"56,_Andra_Marg,_Gorakhpur-687293",Gorakhpur,Uttar_Pradesh,687293.0,Shipping
MP-07891,CUST-19818,"99,_Kale_Zila
Ramgarh-519546",Ramgarh,Jharkhand,519546.0,"Billing,_Shipping"
MP-07892,CUST-17018,"95/28
Bobal_Chowk
Ramgarh_553146",Ramgarh,Jharkhand,553146.0,Billing
OR-07893,CUST-17442,"H.No._90,_Dara_Path
Kanpur-631017",Kanpur,Uttar_Pradesh,631017.0,Billing
TN-07894,CUST-10807,"H.No._956,_Rau_Circle
Pali-965196",Pali,Rajasthan,965196.0,"Billing,_Shipping"
UP-07895,CUST-11057,"341,_Kuruvilla_Road,_Karimnagar-168936",Karimnagar,Telangana,168936.0,"Billing,_Shipping"
MH-07896,CUST-15760,"H.No._21,_Barman_Road
Satara_864136",Satara,Maharashtra,864136.0,"Billing,_Shipping"
AP-07897,CUST-02315,"20/10,_Lal_Chowk,_Jammu-144352",Jammu,Jammu_and_Kashmir,144352.0,Shipping
UP-07898,CUST-06071,"H.No._259
Dash_Circle
Raipur_961329",Raipur,Chhattisgarh,961329.0,Shipping
WB-07899,CUST-11039,"H.No._48
Banik_Marg
Baranagar_431396",Baranagar,West_Bengal,431396.0,Billing
MH-07900,CUST-01805,"27/20,_Devan_Path
Rampur-347559",Rampur,Uttar_Pradesh,347559.0,Shipping
OR-07901,CUST-11815,"H.No._69,_Randhawa_Chowk,_Bijapur_316893",Bijapur,Karnataka,316893.0,"Billing,_Shipping"
WB-07902,CUST-17099,"34/17,_Walla_Ganj,_Aligarh-476912",Aligarh,Uttar_Pradesh,476912.0,Shipping
TS-07903,CUST-00259,"32/286,_Cherian_Path
Ambala_380136",Ambala,Haryana,380136.0,"Billing,_Shipping"
UP-07904,CUST-04766,"75/608
Barman_Road
Jamalpur_839892",Jamalpur,Bihar,839892.0,Shipping
MH-07905,CUST-12060,"H.No._910,_Dua_Chowk
Malegaon_588815",Malegaon,Maharashtra,588815.0,"Billing,_Shipping"
GJ-07906,CUST-02132,"H.No._58
Lanka_Zila
Allahabad_353624",Allahabad,Uttar_Pradesh,353624.0,Billing
OR-07907,CUST-06043,"18/03,_Manda_Path
Haldia-917406",Haldia,West_Bengal,917406.0,"Billing,_Shipping"
TS-07908,CUST-11173,"32
Madan_Road
Proddatur_193225",Proddatur,Andhra_Pradesh,193225.0,"Billing,_Shipping"
MP-07909,CUST-12381,"H.No._59,_Viswanathan_Road
Kishanganj_594451",Kishanganj,Bihar,594451.0,"Billing,_Shipping"
GJ-07910,CUST-11517,"H.No._33,_Lal,_Gandhidham_439019",Gandhidham,Gujarat,439019.0,Billing
KA-07911,CUST-15848,"740
Ben_Ganj
Amaravati_126703",Amaravati,Andhra_Pradesh,126703.0,Shipping
WB-07912,CUST-16298,"76/16,_Rattan_Marg,_Kamarhati_173675",Kamarhati,West_Bengal,173675.0,Billing
UP-07914,CUST-17030,"44/372,_Singhal_Chowk
Jamalpur_974524",Jamalpur,Bihar,974524.0,Billing
RJ-07915,CUST-19300,"H.No._549,_Koshy_Zila
Dewas_522663",Dewas,Madhya_Pradesh,522663.0,"Billing,_Shipping"
OR-07916,CUST-05837,"H.No._75,_Bath_Ganj,_Chandrapur-307179",Chandrapur,Maharashtra,307179.0,Billing
TN-07917,CUST-00525,"54/25,_Ranganathan_Road,_Chittoor_145643",Chittoor,Andhra_Pradesh,145643.0,Shipping
MP-07918,CUST-04649,"H.No._317,_Halder_Zila
Mau_855816",Mau,Uttar_Pradesh,855816.0,Billing
MP-07919,CUST-11658,"46/73,_Sidhu,_Jhansi_866108",Jhansi,Uttar_Pradesh,866108.0,Billing
WB-07920,CUST-18209,"H.No._643
Wali_Chowk
Baranagar-955262",Baranagar,West_Bengal,955262.0,Shipping
WB-07921,CUST-10013,"H.No._391,_Karan_Road,_Kamarhati_994889",Kamarhati,West_Bengal,994889.0,Billing
UP-07922,CUST-19452,"05/79,_Dugal_Chowk,_Shahjahanpur-408298",Shahjahanpur,Uttar_Pradesh,408298.0,Shipping
UP-07923,CUST-17458,"20/571
Bhatnagar_Chowk
Ahmedabad_269615",Ahmedabad,Gujarat,269615.0,"Billing,_Shipping"
JH-07924,CUST-13432,"H.No._861
Dar_Street
Kharagpur-506016",Kharagpur,West_Bengal,506016.0,"Billing,_Shipping"
UK-07925,CUST-16422,"H.No._045
Madan
Shivpuri_804489",Shivpuri,Madhya_Pradesh,804489.0,Shipping
TS-07926,CUST-19111,"33/28,_Ghose
Proddatur_115084",Proddatur,Andhra_Pradesh,115084.0,"Billing,_Shipping"
AP-07927,CUST-06864,"H.No._985,_Talwar_Road,_Bhimavaram-882294",Bhimavaram,Andhra_Pradesh,882294.0,"Billing,_Shipping"
TS-07928,CUST-06927,"87/06,_Sachdeva_Zila
Srinagar-456411",Srinagar,Jammu_and_Kashmir,456411.0,Shipping
WB-07929,CUST-06610,"55/016
Sen_Zila
Arrah-001706",Arrah,Bihar,1706.0,Billing
MP-07930,CUST-18462,"H.No._85
Tripathi_Chowk
Khandwa_541213",Khandwa,Madhya_Pradesh,541213.0,Billing
MP-07931,CUST-16506,"29,_Mahajan_Nagar
Khandwa_791968",Khandwa,Madhya_Pradesh,791968.0,"Billing,_Shipping"
BR-07932,CUST-17688,"H.No._106,_Batta
Ballia_351991",Ballia,Uttar_Pradesh,351991.0,Shipping
UP-07933,CUST-10966,"H.No._62,_Deshpande_Ganj
Shahjahanpur_605876",Shahjahanpur,Uttar_Pradesh,605876.0,Billing
MP-07934,CUST-05668,"H.No._10,_Bhalla_Circle,_Indore_100489",Indore,Madhya_Pradesh,100489.0,"Billing,_Shipping"
MH-07935,CUST-12121,"34/594,_Deol_Zila
Karnal_912818",Karnal,Haryana,912818.0,Shipping
TN-07936,CUST-02482,"225,_Mangal_Circle
Tiruvottiyur_470970",Tiruvottiyur,Tamil_Nadu,470970.0,Billing
CG-07937,CUST-14439,"H.No._80
Subramanian_Zila
Malda-703024",Malda,West_Bengal,703024.0,"Billing,_Shipping"
UP-07938,CUST-18622,"33
Bhattacharyya_Ganj
Ahmedabad_458150",Ahmedabad,Gujarat,458150.0,Billing
KA-07939,CUST-11855,"H.No._489
Tella_Road
Amaravati_191461",Amaravati,Andhra_Pradesh,191461.0,"Billing,_Shipping"
UP-07940,CUST-13126,"H.No._419,_Kuruvilla
Burhanpur_946676",Burhanpur,Madhya_Pradesh,946676.0,"Billing,_Shipping"
UP-07941,CUST-02773,"42/56,_Singh,_Bhagalpur_109073",Bhagalpur,Bihar,109073.0,Billing
MP-07942,CUST-03508,"26/215,_Tata_Nagar
Dehri_777712",Dehri,Bihar,777712.0,Billing
JH-07943,CUST-14390,"61/064,_Randhawa_Chowk,_Kharagpur_730086",Kharagpur,West_Bengal,730086.0,"Billing,_Shipping"
MH-07944,CUST-17246,"409,_Bhalla,_Karnal-767970",Karnal,Haryana,767970.0,Shipping
TN-07945,CUST-02155,"H.No._676,_Sandhu_Road,_Pallavaram_055649",Pallavaram,Tamil_Nadu,55649.0,Billing
AS-07946,CUST-13093,"95/758
Gala_Street
Nagaon-832129",Nagaon,Assam,832129.0,"Billing,_Shipping"
BR-07947,CUST-16077,"297
Sood_Street
Ballia_285414",Ballia,Uttar_Pradesh,285414.0,Shipping
GJ-07948,CUST-06947,"65/84
Singh_Chowk
Kavali_683787",Kavali,Andhra_Pradesh,683787.0,Billing
HR-07949,CUST-14040,"96
Korpal_Circle
Aurangabad_208054",Aurangabad,Maharashtra,208054.0,"Billing,_Shipping"
OR-07950,CUST-12327,"H.No._490,_Zacharia_Road
Bijapur_612140",Bijapur,Karnataka,612140.0,Billing
UP-07951,CUST-10123,"37/756,_Sibal_Path
Burhanpur_742580",Burhanpur,Madhya_Pradesh,742580.0,Shipping
UP-07952,CUST-15700,"H.No._479,_Gopal_Circle,_Ahmedabad-291723",Ahmedabad,Gujarat,291723.0,Billing
GJ-07953,CUST-12345,"H.No._88,_Iyengar_Path
Allahabad_712242",Allahabad,Uttar_Pradesh,712242.0,"Billing,_Shipping"
AS-07954,CUST-04473,"H.No._016,_Mahal_Street,_Siliguri-664176",Siliguri,West_Bengal,664176.0,Shipping
UP-07955,CUST-15780,"H.No._227,_Kumer_Path
Karimnagar-466637",Karimnagar,Telangana,466637.0,"Billing,_Shipping"
MH-07956,CUST-18590,"26,_Wali_Marg,_Nanded_923143",Nanded,Maharashtra,923143.0,"Billing,_Shipping"
JH-07957,CUST-13641,"070
Sibal_Circle
Mango_187178",Mango,Jharkhand,187178.0,Billing
OR-07958,CUST-07507,"25/272
Gala_Circle
Kanpur_259054",Kanpur,Uttar_Pradesh,259054.0,Shipping
MP-07959,CUST-10761,"068
Aurora_Marg
Kishanganj_762789",Kishanganj,Bihar,762789.0,Shipping
UK-07960,CUST-00282,"59,_Rege,_Haridwar_963551",Haridwar,Uttarakhand,963551.0,Shipping
HR-07961,CUST-14923,"77/01,_Dutt_Ganj
Aurangabad-554226",Aurangabad,Maharashtra,554226.0,Billing
AP-07962,CUST-19460,"07/727
Chakrabarti_Chowk
Gudivada-756610",Gudivada,Andhra_Pradesh,756610.0,"Billing,_Shipping"
UP-07963,CUST-11099,"33/12
Shukla_Chowk
Karimnagar_382761",Karimnagar,Telangana,382761.0,"Billing,_Shipping"
MP-07964,CUST-11982,"H.No._184,_Dugar_Ganj
Jodhpur_797449",Jodhpur,Rajasthan,797449.0,"Billing,_Shipping"
GJ-07965,CUST-11204,"01
Ghose
Jabalpur_599740",Jabalpur,Madhya_Pradesh,599740.0,Billing
MP-07966,CUST-16117,"481,_Bansal_Ganj
Gorakhpur_762823",Gorakhpur,Uttar_Pradesh,762823.0,Shipping
OR-07967,CUST-17843,"H.No._934,_Dalal_Street,_Patna-852863",Patna,Bihar,852863.0,Shipping
MP-07968,CUST-04991,"95/35
Chahal_Chowk
Jalandhar_091364",Jalandhar,Punjab,91364.0,Billing
MP-07969,CUST-11756,"H.No._071,_Kadakia_Zila,_Kishanganj_166861",Kishanganj,Bihar,166861.0,Shipping
MP-07970,CUST-07035,"78
Hayer_Circle
Ramgarh_632924",Ramgarh,Jharkhand,632924.0,Billing
WB-07971,CUST-16643,"28/86,_Loyal_Street,_Aligarh-597162",Aligarh,Uttar_Pradesh,597162.0,"Billing,_Shipping"
WB-07972,CUST-12227,"334,_Sethi_Road,_Madhyamgram-782244",Madhyamgram,West_Bengal,782244.0,"Billing,_Shipping"
TR-07973,CUST-14881,"17,_Mann_Ganj,_Durgapur_893548",Durgapur,West_Bengal,893548.0,Billing
HR-07974,CUST-12615,"44
Dey_Street
Siwan-106727",Siwan,Bihar,106727.0,"Billing,_Shipping"
MP-07975,CUST-02303,"H.No._46,_Malhotra_Circle,_Kota-036174",Kota,Rajasthan,36174.0,Billing
KA-07976,CUST-16905,"H.No._59
Seshadri_Circle
Tumkur-441386",Tumkur,Karnataka,441386.0,Shipping
TR-07977,CUST-17883,"847
Khanna_Street
Chandigarh_037407",Chandigarh,Chandigarh_(Union_Territory),37407.0,Billing
HR-07978,CUST-11387,"42/96
Bava_Path
Aurangabad_926411",Aurangabad,Maharashtra,926411.0,"Billing,_Shipping"
MP-07979,CUST-08474,"04/41
De_Street
Gopalpur-227621",Gopalpur,Odisha,227621.0,Shipping
TN-07980,CUST-12628,"H.No._07,_Subramaniam_Circle,_Chittoor-710969",Chittoor,Andhra_Pradesh,710969.0,"Billing,_Shipping"
AP-07981,CUST-18004,"199,_Kade_Ganj
Jammu-648376",Jammu,Jammu_and_Kashmir,648376.0,Shipping
RJ-07982,CUST-09791,"55
Mand_Road
Fatehpur-366923",Fatehpur,Uttar_Pradesh,366923.0,Shipping
MH-07983,CUST-04290,"H.No._512,_Goda_Street,_Rampur-075978",Rampur,Uttar_Pradesh,75978.0,Shipping
OR-07984,CUST-19167,"H.No._39,_Bhagat_Ganj
Berhampur-770956",Berhampur,Odisha,770956.0,Billing
TN-07985,CUST-08866,"56/806
Vasa_Marg
Vellore-243799",Vellore,Tamil_Nadu,243799.0,Shipping
AS-07986,CUST-19324,"04,_Dhawan_Road,_Nagaon_750091",Nagaon,Assam,750091.0,Billing
OR-07987,CUST-00481,"07/88,_Krishnamurthy_Nagar,_Bharatpur-954041",Bharatpur,Rajasthan,954041.0,Billing
UP-07988,CUST-04671,"H.No._75,_Dora_Marg
Muzaffarpur_420913",Muzaffarpur,Bihar,420913.0,Shipping
BR-07989,CUST-17539,"73/68
Mangat_Zila
Buxar-922288",Buxar,Bihar,922288.0,"Billing,_Shipping"
UK-07990,CUST-14841,"H.No._011,_Sheth_Road
Shivpuri_317883",Shivpuri,Madhya_Pradesh,317883.0,Billing
UP-07991,CUST-16745,"H.No._954
Sibal_Ganj
Gurgaon_757157",Gurgaon,Haryana,757157.0,Billing
UK-07992,CUST-17367,"08/638,_Chakraborty,_Shivpuri-971582",Shivpuri,Madhya_Pradesh,971582.0,Billing
UP-07993,CUST-15218,"31
Sani_Circle
Raiganj_647409",Raiganj,West_Bengal,647409.0,Shipping
CG-07995,CUST-18453,"H.No._47
Sura_Road
Bhilai_246228",Bhilai,Chhattisgarh,246228.0,"Billing,_Shipping"
TN-07996,CUST-10486,"78/283
Manne_Marg
Tiruppur_210538",Tiruppur,Tamil_Nadu,210538.0,"Billing,_Shipping"
CG-07997,CUST-19935,"176
Thakkar_Road
Sambalpur-967032",Sambalpur,Odisha,967032.0,Billing
UP-07998,CUST-09907,"61/54,_Kalla_Nagar
Muzaffarpur-424596",Muzaffarpur,Bihar,424596.0,Shipping
HR-07999,CUST-15973,"922
Chaudhari_Path
Aurangabad-048079",Aurangabad,Maharashtra,48079.0,"Billing,_Shipping"
UK-08000,CUST-16131,"55,_Malhotra_Street
Jalna_478647",Jalna,Maharashtra,478647.0,Billing
UP-08001,CUST-12753,"16,_Dada_Zila,_Raiganj-626396",Raiganj,West_Bengal,626396.0,Billing
UK-08002,CUST-02763,"09
Hari_Road
Haridwar-737216",Haridwar,Uttarakhand,737216.0,Shipping
TS-08003,CUST-12511,"86/710
Sathe_Marg
Proddatur_430394",Proddatur,Andhra_Pradesh,430394.0,Billing
BR-08004,CUST-06886,"546
Ganguly_Road
Purnia_981165",Purnia,Bihar,981165.0,"Billing,_Shipping"
RJ-08005,CUST-08113,"71/502,_Sharma
Akola-128985",Akola,Maharashtra,128985.0,Shipping
WB-08006,CUST-01357,"45/66,_Khare_Nagar,_Madhyamgram-257069",Madhyamgram,West_Bengal,257069.0,Billing
AP-08007,CUST-08529,"84/729,_Subramaniam_Chowk
Jammu-250615",Jammu,Jammu_and_Kashmir,250615.0,"Billing,_Shipping"
UP-08008,CUST-12102,"330,_Kapoor_Nagar
Shahjahanpur_398040",Shahjahanpur,Uttar_Pradesh,398040.0,Billing
MH-08009,CUST-18041,"H.No._71,_Ratti_Nagar,_Yamunanagar_903273",Yamunanagar,Haryana,903273.0,Shipping
TN-08010,CUST-16736,"75,_Bal_Road,_Avadi_772097",Avadi,Tamil_Nadu,772097.0,Billing
UP-08011,CUST-01593,"66/266
Walia
Ahmedabad_248517",Ahmedabad,Gujarat,248517.0,Shipping
UP-08012,CUST-14551,"761,_Goyal_Nagar,_Bhagalpur_208058",Bhagalpur,Bihar,208058.0,"Billing,_Shipping"
WB-08013,CUST-11268,"55/33,_Iyengar_Road,_Uluberia_819698",Uluberia,West_Bengal,819698.0,Shipping
KA-08014,CUST-15986,"H.No._30,_Vala_Ganj
Hosur-135281",Hosur,Tamil_Nadu,135281.0,Billing
TS-08015,CUST-01330,"34,_Dyal_Chowk
Ambala_073990",Ambala,Haryana,73990.0,"Billing,_Shipping"
MP-08016,CUST-04076,"H.No._26
Raja
Mau-968079",Mau,Uttar_Pradesh,968079.0,Billing
KA-08017,CUST-14560,"68,_Shankar_Ganj
Tumkur-970939",Tumkur,Karnataka,970939.0,Billing
UP-08018,CUST-05510,"44/17,_Sridhar_Circle,_Sambhal_306639",Sambhal,Uttar_Pradesh,306639.0,Shipping
MH-08019,CUST-17646,"96/52,_Samra_Path
Jalgaon_568867",Jalgaon,Maharashtra,568867.0,Billing
TN-08020,CUST-11298,"04/127
Varkey_Path
Gandhinagar-063821",Gandhinagar,Gujarat,63821.0,"Billing,_Shipping"
CG-08021,CUST-01193,"83/645,_Mahajan_Zila
Nagpur_356829",Nagpur,Maharashtra,356829.0,"Billing,_Shipping"
BR-08022,CUST-18800,"71,_Tripathi_Street
Ballia-668429",Ballia,Uttar_Pradesh,668429.0,"Billing,_Shipping"
OR-08023,CUST-00052,"864,_Buch_Road,_Bharatpur-012587",Bharatpur,Rajasthan,12587.0,Shipping
TS-08024,CUST-17405,"943,_Salvi_Street
Hindupur-579577",Hindupur,Andhra_Pradesh,579577.0,Billing
AP-08025,CUST-11262,"66,_Sengupta
Jammu_115191",Jammu,Jammu_and_Kashmir,115191.0,"Billing,_Shipping"
TN-08026,CUST-04650,"H.No._324,_Kalita_Road
Pallavaram_534598",Pallavaram,Tamil_Nadu,534598.0,"Billing,_Shipping"
BR-08027,CUST-17525,"H.No._25,_Doshi_Ganj,_Satna-942388",Satna,Madhya_Pradesh,942388.0,"Billing,_Shipping"
UP-08028,CUST-11413,"H.No._477
Kapadia_Marg
Chapra-147735",Chapra,Bihar,147735.0,Billing
OR-08029,CUST-11842,"H.No._025,_Kale_Nagar
Patna_049852",Patna,Bihar,49852.0,Billing
MH-08030,CUST-13524,"H.No._77
Sodhi_Chowk
Malegaon-761689",Malegaon,Maharashtra,761689.0,"Billing,_Shipping"
TN-08031,CUST-15180,"H.No._539,_Goel_Circle
Avadi-764720",Avadi,Tamil_Nadu,764720.0,Billing
MH-08032,CUST-18797,"H.No._598,_Jha_Nagar,_Guntur-591749",Guntur,Andhra_Pradesh,591749.0,"Billing,_Shipping"
AS-08033,CUST-03623,"75,_Chander_Ganj,_Nagaon-403077",Nagaon,Assam,403077.0,Billing
TS-08035,CUST-10790,"40,_Amble_Ganj
Nizamabad_073132",Nizamabad,Telangana,73132.0,Shipping
WB-08036,CUST-11047,"06/823,_Sarkar_Street,_Kamarhati-258698",Kamarhati,West_Bengal,258698.0,Billing
KL-08037,CUST-15080,"32/062,_Kalita_Marg,_Kollam-961712",Kollam,Kerala,961712.0,Billing
RJ-08038,CUST-12036,"H.No._30,_Gupta_Path
Dewas-852647",Dewas,Madhya_Pradesh,852647.0,Shipping
UK-08039,CUST-01930,"H.No._06
Krishna_Ganj
Haridwar_478577",Haridwar,Uttarakhand,478577.0,Shipping
GJ-08040,CUST-19783,"H.No._118
Dua_Path
Allahabad_334718",Allahabad,Uttar_Pradesh,334718.0,"Billing,_Shipping"
MP-08041,CUST-19984,"58,_Toor_Path
Agra_036439",Agra,Uttar_Pradesh,36439.0,Shipping
OR-08042,CUST-01115,"H.No._963
Date_Nagar
Haldia-354329",Haldia,West_Bengal,354329.0,Billing
KA-08043,CUST-16261,"99/818
Ramesh_Marg
Tumkur_640463",Tumkur,Karnataka,640463.0,"Billing,_Shipping"
MH-08044,CUST-16747,"14,_Bala_Street
Yamunanagar-880690",Yamunanagar,Haryana,880690.0,Billing
GJ-08045,CUST-07007,"725,_Ganesan,_Hajipur-103334",Hajipur,Bihar,103334.0,"Billing,_Shipping"
DL-08046,CUST-09059,"457,_Varma_Street,_Delhi_237151",Delhi,Delhi_(Union_Territory),237151.0,"Billing,_Shipping"
MH-08047,CUST-01947,"H.No._86,_Dyal_Zila,_Malegaon_524131",Malegaon,Maharashtra,524131.0,Billing
BR-08048,CUST-11963,"426,_Shah_Circle
Munger-953772",Munger,Bihar,953772.0,"Billing,_Shipping"
BR-08049,CUST-18496,"00,_Agrawal_Marg
Munger_138989",Munger,Bihar,138989.0,Billing
TR-08050,CUST-05298,"H.No._242,_Gokhale_Road
Chandigarh_297409",Chandigarh,Chandigarh_(Union_Territory),297409.0,Billing
BR-08051,CUST-17412,"32
Wagle_Road
Jaipur-066242",Jaipur,Rajasthan,66242.0,"Billing,_Shipping"
UP-08052,CUST-16027,"45/773,_Venkatesh_Path,_Mirzapur-340102",Mirzapur,Uttar_Pradesh,340102.0,Shipping
GJ-08053,CUST-04419,"71/07,_Ravi_Chowk
Jabalpur-648994",Jabalpur,Madhya_Pradesh,648994.0,Shipping
UP-08054,CUST-03691,"20,_Mallick_Ganj
Jamalpur-357458",Jamalpur,Bihar,357458.0,"Billing,_Shipping"
BR-08055,CUST-11784,"35/723
Soni_Nagar
Munger_288316",Munger,Bihar,288316.0,"Billing,_Shipping"
UP-08056,CUST-17592,"98/901,_Gokhale_Road,_Raipur-206024",Raipur,Chhattisgarh,206024.0,Shipping
MP-08057,CUST-08538,"64
Golla_Chowk
Kota-256438",Kota,Rajasthan,256438.0,"Billing,_Shipping"
UP-08058,CUST-14745,"H.No._84,_Batta_Street
Raiganj-328337",Raiganj,West_Bengal,328337.0,Shipping
KL-08059,CUST-19437,"52/840,_Sule_Ganj
Kollam-534045",Kollam,Kerala,534045.0,"Billing,_Shipping"
HR-08060,CUST-13806,"H.No._073
Dugar_Chowk
Aurangabad_533248",Aurangabad,Maharashtra,533248.0,Billing
RJ-08061,CUST-16563,"H.No._09,_Sankar_Street
Rajkot_623845",Rajkot,Gujarat,623845.0,Billing
TS-08062,CUST-14633,"H.No._988,_Cheema_Zila,_Sirsa-785830",Sirsa,Haryana,785830.0,"Billing,_Shipping"
KL-08063,CUST-07105,"340,_Brar,_Kollam-946789",Kollam,Kerala,946789.0,Shipping
MP-08064,CUST-14280,"H.No._92,_Gera_Ganj
Mau_208919",Mau,Uttar_Pradesh,208919.0,Billing
GJ-08065,CUST-13493,"682,_Hayre_Zila
Allahabad_207041",Allahabad,Uttar_Pradesh,207041.0,Billing
KL-08066,CUST-14284,"H.No._591,_Loyal,_Kollam_321807",Kollam,Kerala,321807.0,Billing
GJ-08067,CUST-10275,"173
Dua_Ganj
Ajmer-359007",Ajmer,Rajasthan,359007.0,Shipping
UP-08068,CUST-16246,"05/669,_Bansal_Marg,_Bhagalpur_608817",Bhagalpur,Bihar,608817.0,Billing
JH-08069,CUST-16403,"61/73,_Sastry_Chowk
Asansol_015610",Asansol,West_Bengal,15610.0,Billing
TS-08070,CUST-13139,"88/44,_Seshadri_Street
Hindupur-990011",Hindupur,Andhra_Pradesh,990011.0,"Billing,_Shipping"
BR-08071,CUST-03335,"86,_Konda
Purnia-142823",Purnia,Bihar,142823.0,Shipping
BR-08072,CUST-16297,"45/672,_Sarma_Marg,_Satna_175770",Satna,Madhya_Pradesh,175770.0,Billing
OR-08073,CUST-11372,"18/43,_Raval_Zila,_Bharatpur_338800",Bharatpur,Rajasthan,338800.0,Billing
GJ-08074,CUST-16795,"03/462
Upadhyay_Marg
Gandhidham_179005",Gandhidham,Gujarat,179005.0,"Billing,_Shipping"
WB-08075,CUST-00147,"185,_Khanna_Chowk,_Bhatpara_143058",Bhatpara,West_Bengal,143058.0,Shipping
AP-08076,CUST-18503,"97/67,_Issac_Chowk,_Gudivada-148860",Gudivada,Andhra_Pradesh,148860.0,Billing
AS-08077,CUST-05984,"H.No._63,_Borah
Bongaigaon_706910",Bongaigaon,Assam,706910.0,Billing
AP-08078,CUST-14956,"96,_Verma_Nagar
Jammu_947898",Jammu,Jammu_and_Kashmir,947898.0,"Billing,_Shipping"
CG-08079,CUST-06049,"39/87,_Sha_Ganj
Sagar_334783",Sagar,Madhya_Pradesh,334783.0,Billing
MH-08080,CUST-16570,"08/94,_Chacko_Marg,_Karnal-450405",Karnal,Haryana,450405.0,"Billing,_Shipping"
GJ-08081,CUST-11764,"96/56,_Kant_Road
Jabalpur_659989",Jabalpur,Madhya_Pradesh,659989.0,Shipping
UP-08082,CUST-11317,"H.No._08,_Hegde_Path,_Sambhal_237118",Sambhal,Uttar_Pradesh,237118.0,Shipping
OR-08083,CUST-10989,"510,_Srinivas_Nagar
Chandrapur-994323",Chandrapur,Maharashtra,994323.0,Shipping
GJ-08084,CUST-17701,"01,_Raju_Street,_Ajmer-338071",Ajmer,Rajasthan,338071.0,Shipping
TN-08085,CUST-04815,"57/770,_Toor_Path,_Avadi-019231",Avadi,Tamil_Nadu,19231.0,Billing
JH-08086,CUST-15212,"06/643
Bali_Circle
Kharagpur_978360",Kharagpur,West_Bengal,978360.0,Billing
WB-08087,CUST-05733,"429
Handa_Chowk
Uluberia-943135",Uluberia,West_Bengal,943135.0,"Billing,_Shipping"
OR-08088,CUST-17276,"28/67,_Chadha,_Bilaspur_850414",Bilaspur,Chhattisgarh,850414.0,"Billing,_Shipping"
TS-08089,CUST-03641,"40,_Dalal_Circle
Ramagundam_586927",Ramagundam,Telangana,586927.0,Billing
MP-08090,CUST-01127,"254,_Dhawan_Road,_Indore-205034",Indore,Madhya_Pradesh,205034.0,Shipping
TN-08091,CUST-10653,"H.No._263,_Kurian_Zila
Chittoor_136821",Chittoor,Andhra_Pradesh,136821.0,"Billing,_Shipping"
MH-08092,CUST-15307,"937,_Manne_Marg
Guntur-951834",Guntur,Andhra_Pradesh,951834.0,Billing
WB-08093,CUST-13253,"94,_Ramesh,_Bhatpara_782389",Bhatpara,West_Bengal,782389.0,Shipping
AP-08094,CUST-13713,"121,_Mann_Zila
Bhimavaram_834595",Bhimavaram,Andhra_Pradesh,834595.0,Billing
OR-08095,CUST-12084,"H.No._45,_Jain_Path,_Anantapur-307373",Anantapur,Andhra_Pradesh,307373.0,Billing
MP-08096,CUST-03479,"25/71,_Ben_Circle,_Gopalpur_043453",Gopalpur,Odisha,43453.0,Billing
OR-08097,CUST-16071,"19/40,_Dash_Road,_Bilaspur_048373",Bilaspur,Chhattisgarh,48373.0,Billing
MP-08098,CUST-05907,"H.No._17
Sarma_Circle
Kishanganj-695669",Kishanganj,Bihar,695669.0,Billing
OR-08099,CUST-14030,"546
Chawla_Chowk
Kanpur-775674",Kanpur,Uttar_Pradesh,775674.0,"Billing,_Shipping"
MH-08100,CUST-05652,"08,_Raju_Chowk,_Karnal-036591",Karnal,Haryana,36591.0,Shipping
TN-08101,CUST-14097,"H.No._042,_Dhawan_Road
Avadi-432642",Avadi,Tamil_Nadu,432642.0,Shipping
KA-08102,CUST-06960,"15/46
Handa_Marg
Hosur_795732",Hosur,Tamil_Nadu,795732.0,Billing
TS-08103,CUST-14211,"H.No._821,_Bawa_Road
Proddatur_321423",Proddatur,Andhra_Pradesh,321423.0,Billing
OR-08104,CUST-15989,"33,_Jani_Path,_Bharatpur-640697",Bharatpur,Rajasthan,640697.0,Billing
MP-08105,CUST-05380,"13,_Shah_Zila,_Ramgarh_067180",Ramgarh,Jharkhand,67180.0,Billing
AP-08106,CUST-11787,"54/526,_Singh_Zila,_Srikakulam-760104",Srikakulam,Andhra_Pradesh,760104.0,Shipping
WB-08107,CUST-16733,"H.No._661,_Kumer_Ganj,_Uluberia-322964",Uluberia,West_Bengal,322964.0,Shipping
CG-08108,CUST-00214,"87,_Chana_Zila,_Sambalpur-347298",Sambalpur,Odisha,347298.0,Shipping
AP-08109,CUST-09551,"54
Choudhury_Zila
Srikakulam-999739",Srikakulam,Andhra_Pradesh,999739.0,Billing
AP-08110,CUST-16011,"52,_Cherian_Zila,_Anantapuram_597280",Anantapuram,Andhra_Pradesh,597280.0,Shipping
WB-08111,CUST-02098,"07/24,_Varma_Zila
Baranagar_461561",Baranagar,West_Bengal,461561.0,Billing
TS-08112,CUST-17489,"700,_Kar_Chowk,_Proddatur-917126",Proddatur,Andhra_Pradesh,917126.0,"Billing,_Shipping"
MP-08113,CUST-01772,"92/42
Chhabra_Street
Agra-494366",Agra,Uttar_Pradesh,494366.0,Billing
CG-08114,CUST-17699,"31/317,_Ganesh_Zila,_Malda-838610",Malda,West_Bengal,838610.0,"Billing,_Shipping"
AS-08115,CUST-11229,"12/12,_Badami_Road,_Bongaigaon-913869",Bongaigaon,Assam,913869.0,Billing
BR-08116,CUST-18032,"H.No._676,_Sengupta_Street,_Munger_579961",Munger,Bihar,579961.0,Billing
KL-08117,CUST-06036,"08/344,_Loyal_Path,_Kollam_035390",Kollam,Kerala,35390.0,Shipping
CG-08118,CUST-15399,"36/78,_Kumer
Nagpur-917682",Nagpur,Maharashtra,917682.0,Billing
HR-08119,CUST-18056,"98,_Zacharia_Road,_Bikaner-870836",Bikaner,Rajasthan,870836.0,Billing
TN-08120,CUST-19553,"20,_Sachdev_Nagar
Tiruppur-857949",Tiruppur,Tamil_Nadu,857949.0,Billing
MP-08121,CUST-14779,"39
Mane_Street
Kota-601123",Kota,Rajasthan,601123.0,Billing
AP-08122,CUST-13337,"15
Jhaveri_Marg
Gudivada_157495",Gudivada,Andhra_Pradesh,157495.0,"Billing,_Shipping"
TN-08123,CUST-09025,"H.No._254,_Garde_Ganj
Avadi_095618",Avadi,Tamil_Nadu,95618.0,Billing
WB-08124,CUST-07315,"467
Suresh_Path
Bidhannagar_042372",Bidhannagar,West_Bengal,42372.0,"Billing,_Shipping"
WB-08125,CUST-09035,"621,_Mannan_Nagar
Panihati-374173",Panihati,West_Bengal,374173.0,Shipping
JH-08126,CUST-18440,"H.No._515,_Chakraborty_Circle,_Phusro_962142",Phusro,Jharkhand,962142.0,Billing
AP-08127,CUST-18736,"H.No._22,_Tailor_Street
Jammu_636149",Jammu,Jammu_and_Kashmir,636149.0,Billing
TS-08128,CUST-11552,"27/18
Choudhry_Path
Sirsa_280652",Sirsa,Haryana,280652.0,Billing
CG-08129,CUST-03209,"H.No._06
Bir_Road
Malda_673223",Malda,West_Bengal,673223.0,"Billing,_Shipping"
OR-08130,CUST-19822,"H.No._921,_Sant_Chowk,_Bilaspur_218659",Bilaspur,Chhattisgarh,218659.0,"Billing,_Shipping"
GJ-08131,CUST-15268,"13,_Wason_Street
Ajmer-439717",Ajmer,Rajasthan,439717.0,Shipping
KL-08132,CUST-14498,"16/88
Gala_Road
Kollam-172581",Kollam,Kerala,172581.0,Shipping
DL-08133,CUST-01130,"58/473,_Bera_Chowk
Delhi_757955",Delhi,Delhi_(Union_Territory),757955.0,Shipping
GJ-08134,CUST-17270,"H.No._26,_Kurian_Ganj,_Ajmer_166896",Ajmer,Rajasthan,166896.0,Billing
BR-08135,CUST-14533,"16,_Varty_Nagar,_Jaipur-575035",Jaipur,Rajasthan,575035.0,Billing
TS-08136,CUST-17294,"H.No._81,_Walla_Circle,_Srinagar-129435",Srinagar,Jammu_and_Kashmir,129435.0,"Billing,_Shipping"
TN-08137,CUST-18706,"H.No._23,_Shukla_Street,_Pallavaram-606915",Pallavaram,Tamil_Nadu,606915.0,Shipping
MP-08138,CUST-18705,"43/45,_Ahuja_Path
Khandwa_654224",Khandwa,Madhya_Pradesh,654224.0,"Billing,_Shipping"
WB-08139,CUST-09884,"11/70
Uppal
Bhatpara-743595",Bhatpara,West_Bengal,743595.0,Billing
MP-08140,CUST-00262,"H.No._620,_Sarin_Marg
Mau-774870",Mau,Uttar_Pradesh,774870.0,"Billing,_Shipping"
WB-08141,CUST-06100,"23/715,_Saini_Street
Aligarh-357325",Aligarh,Uttar_Pradesh,357325.0,Shipping
WB-08142,CUST-12056,"H.No._865,_Swaminathan_Ganj
Naihati_005751",Naihati,West_Bengal,5751.0,Billing
AS-08143,CUST-14599,"H.No._60,_Gokhale
Bongaigaon-397817",Bongaigaon,Assam,397817.0,Billing
CG-08144,CUST-12631,"87/220,_Bhatti_Road
Nagpur-708573",Nagpur,Maharashtra,708573.0,"Billing,_Shipping"
UP-08145,CUST-04064,"35/90,_Sule_Chowk
Muzaffarpur-498448",Muzaffarpur,Bihar,498448.0,"Billing,_Shipping"
TN-08146,CUST-19933,"H.No._923,_Lal_Ganj,_Chittoor_977066",Chittoor,Andhra_Pradesh,977066.0,Shipping
MP-08147,CUST-06762,"941,_Devan_Circle
Indore_052609",Indore,Madhya_Pradesh,52609.0,"Billing,_Shipping"
UK-08148,CUST-18062,"92/96,_Keer_Road,_Shivpuri-593923",Shivpuri,Madhya_Pradesh,593923.0,Shipping
GJ-08149,CUST-04637,"68/894,_Barman_Path,_Vadodara-722461",Vadodara,Gujarat,722461.0,Shipping
TN-08150,CUST-19089,"75/731
Mann_Circle
Vellore-717197",Vellore,Tamil_Nadu,717197.0,Billing
WB-08151,CUST-13321,"H.No._16
Sankaran_Street
Panihati-633173",Panihati,West_Bengal,633173.0,Billing
TN-08152,CUST-16106,"661,_Gour_Road
Vellore-779987",Vellore,Tamil_Nadu,779987.0,Billing
WB-08153,CUST-17258,"57/030,_Devan_Street,_Bally-866379",Bally,West_Bengal,866379.0,Billing
TN-08154,CUST-12366,"72/33,_Sama_Chowk,_Tiruppur_703617",Tiruppur,Tamil_Nadu,703617.0,Billing
UK-08155,CUST-01180,"H.No._73,_Jain_Path,_Jalna-859673",Jalna,Maharashtra,859673.0,Billing
JH-08156,CUST-08356,"39,_Gopal_Ganj
Asansol_648330",Asansol,West_Bengal,648330.0,Billing
AP-08157,CUST-02813,"452
Sane_Marg
Anantapuram_680741",Anantapuram,Andhra_Pradesh,680741.0,Billing
WB-08158,CUST-07287,"H.No._61,_Mallick_Nagar,_Kulti_835343",Kulti,West_Bengal,835343.0,Billing
AP-08159,CUST-14241,"H.No._739,_Arora_Ganj,_Anantapuram-539566",Anantapuram,Andhra_Pradesh,539566.0,Shipping
OR-08160,CUST-10648,"54,_Kuruvilla
Bijapur-829278",Bijapur,Karnataka,829278.0,Shipping
TR-08161,CUST-03755,"01,_Kapadia_Circle,_Chandigarh-265901",Chandigarh,Chandigarh_(Union_Territory),265901.0,"Billing,_Shipping"
MP-08162,CUST-11054,"98,_Johal_Ganj,_Gorakhpur-090517",Gorakhpur,Uttar_Pradesh,90517.0,"Billing,_Shipping"
MP-08163,CUST-02107,"58,_Kannan_Street,_Gopalpur-823435",Gopalpur,Odisha,823435.0,"Billing,_Shipping"
UP-08164,CUST-11350,"10/488
Varghese_Chowk
Karimnagar_066484",Karimnagar,Telangana,66484.0,Billing
OR-08166,CUST-11322,"21,_Swamy
Berhampur-299178",Berhampur,Odisha,299178.0,Shipping
JH-08167,CUST-09623,"H.No._385
Das_Ganj
Kharagpur-650823",Kharagpur,West_Bengal,650823.0,Shipping
RJ-08168,CUST-18816,"40/468
Chacko
Fatehpur-493152",Fatehpur,Uttar_Pradesh,493152.0,Billing
TS-08169,CUST-03531,"46/917
Bora_Chowk
Ambala-554073",Ambala,Haryana,554073.0,Shipping
UP-08170,CUST-17852,"75,_Loke_Path
Farrukhabad-340802",Farrukhabad,Uttar_Pradesh,340802.0,Shipping
TN-08171,CUST-06826,"365,_Char_Zila
Pali_815763",Pali,Rajasthan,815763.0,Billing
MP-08172,CUST-19612,"48/479,_Kadakia_Zila,_Khandwa_378080",Khandwa,Madhya_Pradesh,378080.0,Billing
MP-08173,CUST-13431,"705
Mahal_Nagar
Gopalpur-508268",Gopalpur,Odisha,508268.0,"Billing,_Shipping"
TN-08174,CUST-18875,"H.No._752,_Varma_Road
Tiruvottiyur-377390",Tiruvottiyur,Tamil_Nadu,377390.0,Billing
CG-08175,CUST-16225,"100
Chana
Sambalpur-501742",Sambalpur,Odisha,501742.0,Shipping
KA-08176,CUST-12234,"62,_Saran_Marg
Amaravati_137410",Amaravati,Andhra_Pradesh,137410.0,Billing
MH-08177,CUST-08190,"58/18,_Balan_Circle,_Bhiwandi-835408",Bhiwandi,Maharashtra,835408.0,Billing
TN-08178,CUST-10272,"H.No._66,_Bedi_Path
Pallavaram-395063",Pallavaram,Tamil_Nadu,395063.0,Billing
UP-08179,CUST-04015,"18/413,_Bumb_Zila,_Shahjahanpur_174963",Shahjahanpur,Uttar_Pradesh,174963.0,"Billing,_Shipping"
UP-08180,CUST-15269,"86,_Ahluwalia_Ganj,_Bhagalpur_867128",Bhagalpur,Bihar,867128.0,Billing
MP-08181,CUST-13394,"H.No._721,_Arya_Chowk,_Jalandhar_268801",Jalandhar,Punjab,268801.0,"Billing,_Shipping"
MH-08182,CUST-13801,"82,_Bakshi_Road,_Satara_172267",Satara,Maharashtra,172267.0,"Billing,_Shipping"
OR-08183,CUST-01044,"H.No._26,_Ramesh_Chowk
Kanpur-233270",Kanpur,Uttar_Pradesh,233270.0,Shipping
HR-08184,CUST-00535,"H.No._03
Ramaswamy_Street
Aurangabad_754077",Aurangabad,Maharashtra,754077.0,Shipping
OR-08185,CUST-01869,"H.No._54,_Acharya_Nagar
Kanpur-698637",Kanpur,Uttar_Pradesh,698637.0,Billing
AS-08186,CUST-16424,"77,_Tara_Street
Nagaon_702166",Nagaon,Assam,702166.0,Shipping
UP-08187,CUST-18302,"629,_Kaul_Street
Farrukhabad_177860",Farrukhabad,Uttar_Pradesh,177860.0,Shipping
TN-08188,CUST-01695,"89,_Manda_Street
Pali_773843",Pali,Rajasthan,773843.0,"Billing,_Shipping"
OR-08189,CUST-18571,"85/68,_Khatri_Road,_Mathura_661262",Mathura,Uttar_Pradesh,661262.0,"Billing,_Shipping"
BR-08190,CUST-04159,"13,_Bhatt_Ganj
Munger-181765",Munger,Bihar,181765.0,Billing
HR-08191,CUST-04601,"40
Mall_Nagar
Aurangabad_215655",Aurangabad,Maharashtra,215655.0,"Billing,_Shipping"
TN-08192,CUST-04881,"H.No._172,_Contractor_Path
Salem_777860",Salem,Tamil_Nadu,777860.0,Billing
TS-08193,CUST-16960,"93,_Baria_Nagar
Dindigul-634469",Dindigul,Tamil_Nadu,634469.0,"Billing,_Shipping"
CG-08194,CUST-05025,"47,_Kamdar_Nagar,_Bhilai-741584",Bhilai,Chhattisgarh,741584.0,Shipping
MP-08195,CUST-15094,"68,_Sani_Marg
Jodhpur-691599",Jodhpur,Rajasthan,691599.0,Shipping
TN-08196,CUST-18253,"H.No._90,_Mahajan_Path
Tiruppur-743387",Tiruppur,Tamil_Nadu,743387.0,"Billing,_Shipping"
MP-08197,CUST-11804,"H.No._793
Chopra_Zila
Unnao_220661",Unnao,Uttar_Pradesh,220661.0,Billing
WB-08198,CUST-02250,"543,_Sastry_Nagar,_Madhyamgram_005585",Madhyamgram,West_Bengal,5585.0,"Billing,_Shipping"
TN-08199,CUST-09977,"H.No._821,_Lala_Zila,_Pallavaram-723820",Pallavaram,Tamil_Nadu,723820.0,Shipping
WB-08200,CUST-09408,"696
Chakraborty_Nagar
Bally_065983",Bally,West_Bengal,65983.0,Shipping
WB-08201,CUST-15928,"41,_Tripathi
Madhyamgram_635159",Madhyamgram,West_Bengal,635159.0,Billing
WB-08202,CUST-01321,"H.No._399,_Kulkarni_Zila,_Baranagar-266109",Baranagar,West_Bengal,266109.0,Billing
KA-08203,CUST-14174,"825,_Chowdhury_Chowk,_Hospet-781326",Hospet,Karnataka,781326.0,"Billing,_Shipping"
UP-08204,CUST-14088,"H.No._852,_Tata,_Ahmedabad_995495",Ahmedabad,Gujarat,995495.0,Billing
OR-08205,CUST-18985,"536
Baria_Path
Berhampur_534052",Berhampur,Odisha,534052.0,"Billing,_Shipping"
UP-08206,CUST-12788,"80,_Swaminathan_Road,_Raiganj-416986",Raiganj,West_Bengal,416986.0,"Billing,_Shipping"
AP-08208,CUST-05890,"04/117,_Suri,_Srikakulam-961074",Srikakulam,Andhra_Pradesh,961074.0,Billing
UP-08209,CUST-13200,"H.No._74,_Soni_Circle,_Raiganj-894183",Raiganj,West_Bengal,894183.0,Billing
AP-08210,CUST-10864,"H.No._16,_Vala_Marg,_Anantapuram-998515",Anantapuram,Andhra_Pradesh,998515.0,"Billing,_Shipping"
HR-08211,CUST-10176,"43/630,_Yohannan_Nagar,_Aurangabad-239746",Aurangabad,Maharashtra,239746.0,"Billing,_Shipping"
UP-08212,CUST-09632,"H.No._84,_Master_Road,_Sambhal_144943",Sambhal,Uttar_Pradesh,144943.0,"Billing,_Shipping"
CG-08213,CUST-07237,"229,_Bhatti_Path
Malda_220573",Malda,West_Bengal,220573.0,Shipping
MH-08214,CUST-04266,"48
Ram_Marg
Guntur-807399",Guntur,Andhra_Pradesh,807399.0,Shipping
TR-08215,CUST-11914,"50/91
Malhotra_Chowk
Durgapur-626840",Durgapur,West_Bengal,626840.0,"Billing,_Shipping"
OR-08216,CUST-12025,"30/41
Balasubramanian_Nagar
Berhampur_030629",Berhampur,Odisha,30629.0,Shipping
UP-08217,CUST-15188,"H.No._10,_Mane_Zila
Karimnagar-101563",Karimnagar,Telangana,101563.0,Shipping
HR-08218,CUST-05046,"60,_Bhakta_Path,_Aurangabad_247726",Aurangabad,Maharashtra,247726.0,Billing
MH-08219,CUST-19179,"381,_Gour_Zila
Jalgaon-140679",Jalgaon,Maharashtra,140679.0,"Billing,_Shipping"
UP-08220,CUST-00078,"38/68,_Devi_Zila,_Raipur-429058",Raipur,Chhattisgarh,429058.0,Billing
TR-08221,CUST-10114,"H.No._77
Dora_Chowk
Durgapur_832966",Durgapur,West_Bengal,832966.0,Shipping
MH-08222,CUST-08848,"225,_Verma_Street
Malegaon-677878",Malegaon,Maharashtra,677878.0,"Billing,_Shipping"
WB-08223,CUST-18237,"37/66,_Mane_Nagar,_Arrah_480614",Arrah,Bihar,480614.0,Shipping
HR-08224,CUST-06428,"48,_Barman_Zila,_Aurangabad_975775",Aurangabad,Maharashtra,975775.0,Shipping
UP-08225,CUST-18425,"62/07,_Bhagat_Ganj,_Bhagalpur-701943",Bhagalpur,Bihar,701943.0,"Billing,_Shipping"
TR-08226,CUST-07597,"592,_Dass_Path,_Chandigarh_797959",Chandigarh,Chandigarh_(Union_Territory),797959.0,"Billing,_Shipping"
MH-08227,CUST-01552,"989
Ratti_Chowk
Jalgaon-165268",Jalgaon,Maharashtra,165268.0,Billing
MH-08228,CUST-17851,"66,_Sastry_Zila,_Guntur_854084",Guntur,Andhra_Pradesh,854084.0,"Billing,_Shipping"
MP-08229,CUST-17879,"49/13
Vohra_Circle
Jhansi-701460",Jhansi,Uttar_Pradesh,701460.0,Billing
KA-08230,CUST-19529,"01/798,_Chaudhry_Zila
Amaravati-132797",Amaravati,Andhra_Pradesh,132797.0,Shipping
AP-08231,CUST-10909,"03
Malhotra_Circle
Anantapuram_411019",Anantapuram,Andhra_Pradesh,411019.0,Shipping
AS-08232,CUST-05341,"H.No._467,_Venkatesh_Chowk,_Nagaon_417924",Nagaon,Assam,417924.0,"Billing,_Shipping"
GJ-08234,CUST-06603,"H.No._66,_Ramachandran_Ganj,_Allahabad-529179",Allahabad,Uttar_Pradesh,529179.0,Shipping
GJ-08235,CUST-08428,"H.No._298,_Saran_Ganj
Ajmer-362561",Ajmer,Rajasthan,362561.0,Billing
JH-08236,CUST-16465,"87,_Chaudry_Circle,_Asansol-535295",Asansol,West_Bengal,535295.0,Shipping
TN-08237,CUST-15642,"H.No._395,_Srivastava_Ganj,_Tiruvottiyur-320663",Tiruvottiyur,Tamil_Nadu,320663.0,Billing
UP-08238,CUST-06480,"H.No._377,_Mann_Nagar
Gurgaon_848947",Gurgaon,Haryana,848947.0,Shipping
OR-08239,CUST-15717,"H.No._408,_Dash_Path
Haldia_036198",Haldia,West_Bengal,36198.0,Shipping
CG-08240,CUST-13583,"41
Ratti_Chowk
Nagpur_872932",Nagpur,Maharashtra,872932.0,Billing
TS-08241,CUST-15893,"31/63,_Agrawal_Zila,_Dindigul-997777",Dindigul,Tamil_Nadu,997777.0,"Billing,_Shipping"
WB-08242,CUST-17386,"95/071,_Chahal_Circle,_Bidhannagar-260156",Bidhannagar,West_Bengal,260156.0,Shipping
TN-08243,CUST-11420,"06
Bala_Circle
Pali_376039",Pali,Rajasthan,376039.0,Billing
OR-08244,CUST-08896,"844,_Char_Zila
Haldia_188619",Haldia,West_Bengal,188619.0,Billing
MP-08245,CUST-07467,"42/96,_Kibe_Road,_Indore_557776",Indore,Madhya_Pradesh,557776.0,Billing
OR-08246,CUST-15492,"20,_Dhawan,_Berhampur_672068",Berhampur,Odisha,672068.0,Billing
CG-08247,CUST-19110,"H.No._283
Gopal_Road
Nagpur_779668",Nagpur,Maharashtra,779668.0,Shipping
KA-08248,CUST-17071,"H.No._347,_Subramaniam_Nagar
Hospet_007398",Hospet,Karnataka,7398.0,"Billing,_Shipping"
WB-08249,CUST-12244,"H.No._12,_Das_Ganj
Baranagar_756393",Baranagar,West_Bengal,756393.0,Billing
UP-08250,CUST-13384,"60/03,_Kala_Nagar,_Mirzapur-879223",Mirzapur,Uttar_Pradesh,879223.0,Billing
MH-08251,CUST-00225,"16/72
Sastry_Road
Satara-562779",Satara,Maharashtra,562779.0,Billing
KA-08252,CUST-10003,"07/922
Chand_Circle
Amaravati-531104",Amaravati,Andhra_Pradesh,531104.0,"Billing,_Shipping"
BR-08253,CUST-01049,"22/25
Tak_Path
Munger-993818",Munger,Bihar,993818.0,"Billing,_Shipping"
CG-08254,CUST-09096,"H.No._67
Virk_Marg
Sagar_019861",Sagar,Madhya_Pradesh,19861.0,Billing
WB-08255,CUST-17044,"H.No._86
Jhaveri_Chowk
Panihati_232374",Panihati,West_Bengal,232374.0,"Billing,_Shipping"
TN-08256,CUST-15694,"H.No._78,_Trivedi_Ganj
Tiruppur-842755",Tiruppur,Tamil_Nadu,842755.0,Shipping
GJ-08257,CUST-00184,"32/62,_Mammen_Road,_Hajipur-465561",Hajipur,Bihar,465561.0,"Billing,_Shipping"
WB-08258,CUST-14927,"H.No._06,_Gokhale_Chowk,_Naihati_340620",Naihati,West_Bengal,340620.0,Shipping
KA-08259,CUST-11406,"81,_Soni_Nagar,_Hospet-786489",Hospet,Karnataka,786489.0,Billing
TN-08260,CUST-03368,"H.No._71,_Joshi_Ganj
Pallavaram-799263",Pallavaram,Tamil_Nadu,799263.0,Shipping
TR-08261,CUST-03014,"H.No._51,_Sinha_Nagar,_Chandigarh_829743",Chandigarh,Chandigarh_(Union_Territory),829743.0,Billing
TS-08262,CUST-05614,"50/33,_Barad_Zila,_Proddatur_479452",Proddatur,Andhra_Pradesh,479452.0,Shipping
OR-08263,CUST-19302,"598
Hayer_Ganj
Haldia-604418",Haldia,West_Bengal,604418.0,Billing
MP-08264,CUST-18272,"016,_Varma_Ganj
Mau_665548",Mau,Uttar_Pradesh,665548.0,Shipping
WB-08265,CUST-10912,"127
Chand_Circle
Madhyamgram-972089",Madhyamgram,West_Bengal,972089.0,Shipping
TN-08266,CUST-19916,"085
Dalal_Nagar
Pali_926130",Pali,Rajasthan,926130.0,Shipping
JH-08267,CUST-12602,"H.No._52
Master_Street
Kharagpur_680977",Kharagpur,West_Bengal,680977.0,"Billing,_Shipping"
MH-08268,CUST-13224,"30/980,_Sant,_Jalgaon-788052",Jalgaon,Maharashtra,788052.0,Billing
UP-08269,CUST-06403,"98/09,_Gala_Ganj,_Sambhal_336571",Sambhal,Uttar_Pradesh,336571.0,"Billing,_Shipping"
MP-08270,CUST-11008,"70/265,_Cheema_Nagar,_Jodhpur-623532",Jodhpur,Rajasthan,623532.0,"Billing,_Shipping"
AS-08271,CUST-17853,"72,_Bal
Siliguri_526078",Siliguri,West_Bengal,526078.0,Billing
MH-08272,CUST-11030,"02/439,_Desai_Zila,_Karnal_062136",Karnal,Haryana,62136.0,Billing
OR-08273,CUST-18259,"H.No._773,_Jayaraman_Chowk
Chandrapur-579967",Chandrapur,Maharashtra,579967.0,Shipping
WB-08274,CUST-05716,"60,_Raman_Path,_Bidhannagar_136338",Bidhannagar,West_Bengal,136338.0,Billing
MP-08275,CUST-14495,"385,_Sarna_Ganj
Kota_685596",Kota,Rajasthan,685596.0,"Billing,_Shipping"
UP-08276,CUST-10681,"39/82,_Shan_Chowk,_Muzaffarpur_728076",Muzaffarpur,Bihar,728076.0,"Billing,_Shipping"
WB-08277,CUST-10238,"56/69
Dixit_Path
Kamarhati_792791",Kamarhati,West_Bengal,792791.0,Billing
OR-08278,CUST-01615,"83,_Sachdeva_Zila,_Bijapur-558507",Bijapur,Karnataka,558507.0,Billing
MH-08279,CUST-15066,"53/60,_Mand_Path,_Jalgaon_577841",Jalgaon,Maharashtra,577841.0,Billing
TN-08280,CUST-18597,"H.No._661,_Chopra_Path,_Gandhinagar-597543",Gandhinagar,Gujarat,597543.0,Shipping
GJ-08281,CUST-11968,"H.No._695,_Mangal_Chowk,_Kavali_975648",Kavali,Andhra_Pradesh,975648.0,"Billing,_Shipping"
WB-08282,CUST-17633,"24/59,_Sura_Ganj,_Bidhannagar-305327",Bidhannagar,West_Bengal,305327.0,Shipping
MH-08283,CUST-05178,"H.No._53,_Anand_Nagar,_Rampur-312098",Rampur,Uttar_Pradesh,312098.0,Billing
CG-08284,CUST-09538,"H.No._28
Bains
Malda_175969",Malda,West_Bengal,175969.0,Shipping
UP-08285,CUST-19759,"29,_Karan_Road
Bhagalpur_928713",Bhagalpur,Bihar,928713.0,"Billing,_Shipping"
CG-08286,CUST-03266,"H.No._675
Sridhar_Chowk
Malda_547467",Malda,West_Bengal,547467.0,Shipping
KA-08287,CUST-14062,"H.No._389,_Bava_Street
Hosur-559699",Hosur,Tamil_Nadu,559699.0,"Billing,_Shipping"
AP-08288,CUST-13881,"52/30,_Rege,_Anantapuram_658441",Anantapuram,Andhra_Pradesh,658441.0,"Billing,_Shipping"
TN-08289,CUST-12586,"H.No._033
Malhotra
Gandhinagar_387763",Gandhinagar,Gujarat,387763.0,Billing
MH-08290,CUST-17397,"19/111,_Vasa,_Bhiwandi_928968",Bhiwandi,Maharashtra,928968.0,Billing
UP-08291,CUST-14662,"82/28,_Gill_Path,_Farrukhabad_386614",Farrukhabad,Uttar_Pradesh,386614.0,Shipping
TS-08292,CUST-19610,"H.No._94,_Sahota_Zila,_Hindupur_991879",Hindupur,Andhra_Pradesh,991879.0,Shipping
GJ-08293,CUST-11331,"742
Sehgal_Ganj
Allahabad_575392",Allahabad,Uttar_Pradesh,575392.0,Shipping
CG-08294,CUST-19675,"H.No._347,_Bains_Marg,_Malda-951466",Malda,West_Bengal,951466.0,"Billing,_Shipping"
MP-08295,CUST-11518,"H.No._98,_Venkatesh_Ganj,_Ramgarh-706639",Ramgarh,Jharkhand,706639.0,"Billing,_Shipping"
KA-08296,CUST-13424,"H.No._710,_Buch_Circle
Amaravati_472397",Amaravati,Andhra_Pradesh,472397.0,Billing
OR-08297,CUST-03324,"42/12,_Iyengar,_Kanpur_518345",Kanpur,Uttar_Pradesh,518345.0,"Billing,_Shipping"
KA-08298,CUST-16592,"H.No._756,_Kala_Marg,_Mangalore-749804",Mangalore,Karnataka,749804.0,Shipping
UP-08299,CUST-00492,"04,_Sharaf_Road
Burhanpur-770968",Burhanpur,Madhya_Pradesh,770968.0,Shipping
KA-08300,CUST-19689,"88/901,_Handa_Circle,_Amaravati-756382",Amaravati,Andhra_Pradesh,756382.0,"Billing,_Shipping"
GJ-08301,CUST-13679,"892
Wable_Street
Gandhidham-281153",Gandhidham,Gujarat,281153.0,Billing
MH-08302,CUST-11268,"H.No._153
Bajaj_Circle
Nanded-683748",Nanded,Maharashtra,683748.0,Shipping
MP-08303,CUST-05156,"245,_Sura_Zila,_Jhansi_025411",Jhansi,Uttar_Pradesh,25411.0,"Billing,_Shipping"
TS-08304,CUST-11059,"45/27,_Bawa_Chowk,_Hindupur-964945",Hindupur,Andhra_Pradesh,964945.0,Shipping
UP-08305,CUST-16358,"19/529
Goswami_Ganj
Sambhal-354889",Sambhal,Uttar_Pradesh,354889.0,Billing
CG-08306,CUST-00824,"81,_Atwal_Circle
Malda_340735",Malda,West_Bengal,340735.0,"Billing,_Shipping"
MH-08307,CUST-17831,"H.No._95,_Singhal
Karnal-001439",Karnal,Haryana,1439.0,Billing
BR-08308,CUST-14610,"H.No._87
Jain
Munger-434094",Munger,Bihar,434094.0,Billing
MP-08309,CUST-09430,"H.No._37,_Kurian_Circle,_Kota-721873",Kota,Rajasthan,721873.0,Billing
GJ-08310,CUST-14109,"H.No._57,_Bhat_Zila
Kavali-636628",Kavali,Andhra_Pradesh,636628.0,Shipping
WB-08311,CUST-11276,"95/67,_Bath_Chowk
Uluberia-718553",Uluberia,West_Bengal,718553.0,Billing
GJ-08312,CUST-02591,"H.No._447,_Varughese_Path
Kavali-332338",Kavali,Andhra_Pradesh,332338.0,Shipping
BR-08313,CUST-07719,"H.No._84,_Gill_Marg
Buxar-763799",Buxar,Bihar,763799.0,Shipping
HR-08314,CUST-19857,"97/87,_Bumb_Ganj,_Siwan-253236",Siwan,Bihar,253236.0,Shipping
TS-08315,CUST-12395,"995,_Chana_Zila,_Hindupur-061668",Hindupur,Andhra_Pradesh,61668.0,Billing
WB-08316,CUST-13050,"85/05,_Bhardwaj_Road,_Bhatpara_976155",Bhatpara,West_Bengal,976155.0,Shipping
WB-08317,CUST-13028,"H.No._664,_Swaminathan_Zila
Bally_152947",Bally,West_Bengal,152947.0,Billing
MH-08318,CUST-13066,"H.No._916
Thaker_Marg
Satara-615526",Satara,Maharashtra,615526.0,Shipping
GJ-08319,CUST-13649,"H.No._63,_Hegde_Ganj
Ajmer-576689",Ajmer,Rajasthan,576689.0,Shipping
MH-08320,CUST-08941,"H.No._564
Gaba_Circle
Karnal-593393",Karnal,Haryana,593393.0,"Billing,_Shipping"
UP-08321,CUST-05128,"23/870,_Bhatt_Chowk
Chapra_075879",Chapra,Bihar,75879.0,Billing
UP-08322,CUST-08650,"95/78
Saini_Circle
Farrukhabad-044205",Farrukhabad,Uttar_Pradesh,44205.0,"Billing,_Shipping"
DL-08323,CUST-04195,"H.No._591,_Borde_Chowk,_Delhi_603862",Delhi,Delhi_(Union_Territory),603862.0,Shipping
TN-08324,CUST-13095,"630
Wali_Zila
Salem-568966",Salem,Tamil_Nadu,568966.0,"Billing,_Shipping"
UP-08325,CUST-00625,"H.No._879
Kannan_Nagar
Farrukhabad_147470",Farrukhabad,Uttar_Pradesh,147470.0,"Billing,_Shipping"
TN-08326,CUST-07895,"77/39
Soman_Chowk
Avadi-809026",Avadi,Tamil_Nadu,809026.0,Billing
MP-08327,CUST-14060,"17,_Tailor_Ganj,_Agra-772997",Agra,Uttar_Pradesh,772997.0,"Billing,_Shipping"
UP-08328,CUST-11393,"29/911
Talwar_Road
Chapra_831495",Chapra,Bihar,831495.0,Billing
UP-08329,CUST-19965,"H.No._090,_Mane
Raiganj-684481",Raiganj,West_Bengal,684481.0,Shipping
TN-08330,CUST-15242,"63/514,_Rege_Path
Pali-978606",Pali,Rajasthan,978606.0,Shipping
UP-08331,CUST-14517,"05/369,_Chatterjee_Nagar,_Raiganj_937683",Raiganj,West_Bengal,937683.0,"Billing,_Shipping"
RJ-08332,CUST-18388,"H.No._655
Zacharia_Nagar
Fatehpur_898477",Fatehpur,Uttar_Pradesh,898477.0,Shipping
TS-08333,CUST-06192,"334
Ray_Nagar
Hindupur_962285",Hindupur,Andhra_Pradesh,962285.0,"Billing,_Shipping"
JH-08334,CUST-07658,"85,_Mahal_Marg,_Mango_684045",Mango,Jharkhand,684045.0,Shipping
AP-08335,CUST-19498,"722,_Shere_Chowk
Srikakulam-877892",Srikakulam,Andhra_Pradesh,877892.0,Shipping
MH-08336,CUST-15998,"21,_Saraf_Marg
Karnal-803131",Karnal,Haryana,803131.0,Shipping
WB-08337,CUST-07668,"69,_Chawla_Street,_Uluberia_815403",Uluberia,West_Bengal,815403.0,"Billing,_Shipping"
UP-08338,CUST-06936,"H.No._551,_Sood_Zila
Farrukhabad-634410",Farrukhabad,Uttar_Pradesh,634410.0,Shipping
UK-08339,CUST-05528,"H.No._25
Sarma_Nagar
Shivpuri-233460",Shivpuri,Madhya_Pradesh,233460.0,Billing
OR-08340,CUST-18491,"76/07,_Reddy_Road,_Berhampur-791244",Berhampur,Odisha,791244.0,Shipping
TS-08341,CUST-19043,"H.No._45,_Chaudry_Marg,_Dindigul-077607",Dindigul,Tamil_Nadu,77607.0,"Billing,_Shipping"
WB-08342,CUST-15604,"23/527,_Gopal_Street,_Uluberia_978327",Uluberia,West_Bengal,978327.0,Shipping
WB-08343,CUST-09179,"70/683,_Buch_Nagar
Kulti_019138",Kulti,West_Bengal,19138.0,Billing
UP-08344,CUST-14420,"89/80
Sem_Circle
Sambhal-303325",Sambhal,Uttar_Pradesh,303325.0,Billing
UP-08345,CUST-11465,"H.No._437,_Ahuja_Nagar,_Raiganj-880134",Raiganj,West_Bengal,880134.0,"Billing,_Shipping"
MP-08346,CUST-08259,"159,_Dass_Ganj
Unnao_367000",Unnao,Uttar_Pradesh,367000.0,"Billing,_Shipping"
RJ-08347,CUST-14558,"041,_Kant_Chowk,_Akola-862370",Akola,Maharashtra,862370.0,Shipping
WB-08348,CUST-09030,"783
Loyal
Kamarhati_346372",Kamarhati,West_Bengal,346372.0,Billing
MH-08349,CUST-11873,"867,_Yadav_Zila,_Nanded-862726",Nanded,Maharashtra,862726.0,Billing
KA-08350,CUST-17726,"520,_Dubey_Chowk
Amaravati-189244",Amaravati,Andhra_Pradesh,189244.0,Billing
MP-08351,CUST-08478,"H.No._483
Rao_Circle
Jhansi-670227",Jhansi,Uttar_Pradesh,670227.0,Billing
OR-08352,CUST-12675,"83/681,_Gola_Path
Danapur_618080",Danapur,Bihar,618080.0,Shipping
WB-08353,CUST-00102,"357
Batra_Zila
Kamarhati_856050",Kamarhati,West_Bengal,856050.0,Shipping
UP-08354,CUST-13229,"08/13,_Kala_Chowk
Burhanpur_225241",Burhanpur,Madhya_Pradesh,225241.0,"Billing,_Shipping"
OR-08355,CUST-19281,"969,_Suresh_Ganj
Mathura_722008",Mathura,Uttar_Pradesh,722008.0,"Billing,_Shipping"
MP-08356,CUST-12277,"38/21
Soni
Jalandhar_399580",Jalandhar,Punjab,399580.0,Billing
TS-08357,CUST-14834,"H.No._996,_Chokshi_Road,_Proddatur_435751",Proddatur,Andhra_Pradesh,435751.0,Shipping
TN-08358,CUST-03425,"512
Batta_Zila
Pallavaram-798225",Pallavaram,Tamil_Nadu,798225.0,Shipping
JH-08359,CUST-03224,"25/21,_Mangal_Road,_Kharagpur-497063",Kharagpur,West_Bengal,497063.0,Shipping
HP-08360,CUST-16686,"H.No._593,_Loyal,_Udaipur-041287",Udaipur,Rajasthan,41287.0,Shipping
TS-08362,CUST-06171,"11/764
Brahmbhatt
Ambala_321183",Ambala,Haryana,321183.0,Billing
OR-08363,CUST-11100,"78,_Sawhney_Street,_Bilaspur-175721",Bilaspur,Chhattisgarh,175721.0,"Billing,_Shipping"
UP-08364,CUST-08065,"H.No._04,_Suri_Road,_Ahmedabad_473605",Ahmedabad,Gujarat,473605.0,Billing
UK-08365,CUST-15595,"811,_Sachdev
Jalna-501043",Jalna,Maharashtra,501043.0,Billing
OR-08366,CUST-08347,"38/41,_Randhawa_Road,_Patna-029631",Patna,Bihar,29631.0,"Billing,_Shipping"
TN-08367,CUST-04153,"36/95,_Bhatt_Nagar,_Chittoor_951773",Chittoor,Andhra_Pradesh,951773.0,"Billing,_Shipping"
UK-08368,CUST-07921,"33/39,_Gopal,_Shivpuri_817437",Shivpuri,Madhya_Pradesh,817437.0,Billing
OR-08369,CUST-10441,"H.No._18,_Anne_Chowk
Danapur-444404",Danapur,Bihar,444404.0,"Billing,_Shipping"
RJ-08370,CUST-06641,"46/779
Dasgupta_Marg
Akola_051889",Akola,Maharashtra,51889.0,Billing
AS-08371,CUST-18279,"87,_Ramaswamy,_Siliguri_521253",Siliguri,West_Bengal,521253.0,Billing
KA-08372,CUST-10954,"21
Sidhu_Nagar
Solapur_152693",Solapur,Maharashtra,152693.0,Shipping
HR-08373,CUST-07973,"98,_Lall_Nagar,_Bikaner-359048",Bikaner,Rajasthan,359048.0,Billing
WB-08374,CUST-00263,"H.No._222,_Dua_Zila
Bidhannagar-489052",Bidhannagar,West_Bengal,489052.0,"Billing,_Shipping"
TS-08375,CUST-19622,"H.No._82,_Lala_Circle
Proddatur_185344",Proddatur,Andhra_Pradesh,185344.0,Billing
HR-08376,CUST-01132,"H.No._057,_Keer_Ganj,_Siwan_589555",Siwan,Bihar,589555.0,"Billing,_Shipping"
UP-08377,CUST-02843,"25
Rout_Road
Shahjahanpur-481075",Shahjahanpur,Uttar_Pradesh,481075.0,Shipping
BR-08378,CUST-14364,"01/56
Chana_Circle
Munger-234986",Munger,Bihar,234986.0,Billing
OR-08379,CUST-13151,"36/50,_Iyer_Ganj
Chandrapur_265138",Chandrapur,Maharashtra,265138.0,"Billing,_Shipping"
OR-08380,CUST-17711,"644,_Kohli_Nagar
Danapur_124269",Danapur,Bihar,124269.0,Shipping
TS-08381,CUST-13685,"H.No._14
Bala_Chowk
Proddatur_904726",Proddatur,Andhra_Pradesh,904726.0,"Billing,_Shipping"
KA-08382,CUST-17854,"48/72,_Hari_Zila
Hosur-291112",Hosur,Tamil_Nadu,291112.0,Billing
HP-08383,CUST-05414,"20
Gola_Ganj
Udaipur-901462",Udaipur,Rajasthan,901462.0,Shipping
KA-08384,CUST-10061,"H.No._870,_Barad_Nagar
Hospet_855391",Hospet,Karnataka,855391.0,Shipping
MH-08385,CUST-12369,"02,_Char_Chowk,_Loni-953394",Loni,Uttar_Pradesh,953394.0,"Billing,_Shipping"
OR-08386,CUST-02673,"88,_Dalal_Circle,_Danapur_161957",Danapur,Bihar,161957.0,"Billing,_Shipping"
KA-08387,CUST-15453,"H.No._312,_Jhaveri_Chowk,_Amaravati-200722",Amaravati,Andhra_Pradesh,200722.0,"Billing,_Shipping"
UP-08388,CUST-10047,"62
Dyal_Road
Shahjahanpur_022257",Shahjahanpur,Uttar_Pradesh,22257.0,Shipping
UP-08389,CUST-14617,"24/04
Sampath_Marg
Firozabad-315587",Firozabad,Uttar_Pradesh,315587.0,Shipping
OR-08390,CUST-16410,"141,_Soman_Zila,_Bijapur-474127",Bijapur,Karnataka,474127.0,"Billing,_Shipping"
KA-08391,CUST-15263,"H.No._125,_Buch_Path,_Solapur_836153",Solapur,Maharashtra,836153.0,"Billing,_Shipping"
TS-08392,CUST-19286,"H.No._842,_Gole
Hindupur-911266",Hindupur,Andhra_Pradesh,911266.0,Shipping
BR-08393,CUST-16492,"00,_Deshmukh_Ganj
Satna-103041",Satna,Madhya_Pradesh,103041.0,Shipping
OR-08394,CUST-11711,"01/553
Sarkar_Zila
Bijapur-495690",Bijapur,Karnataka,495690.0,Billing
KA-08395,CUST-17200,"984,_Dugar_Zila,_Amaravati-341803",Amaravati,Andhra_Pradesh,341803.0,"Billing,_Shipping"
UK-08396,CUST-17340,"35/131
Ahluwalia_Path
Shivpuri-666655",Shivpuri,Madhya_Pradesh,666655.0,Shipping
UP-08397,CUST-13449,"58/64
Dora_Ganj
Raiganj_735095",Raiganj,West_Bengal,735095.0,Shipping
WB-08398,CUST-15983,"H.No._46
Subramanian_Nagar
Naihati-127086",Naihati,West_Bengal,127086.0,Billing
KA-08399,CUST-04460,"H.No._35,_Johal_Ganj,_Tumkur_261539",Tumkur,Karnataka,261539.0,Shipping
TS-08400,CUST-14199,"349,_Gulati_Path
Proddatur-366164",Proddatur,Andhra_Pradesh,366164.0,Billing
MH-08401,CUST-13122,"H.No._412
Tiwari_Street
Jalgaon-037912",Jalgaon,Maharashtra,37912.0,Billing
GJ-08402,CUST-05800,"H.No._363,_Deol_Circle,_Hajipur-343041",Hajipur,Bihar,343041.0,"Billing,_Shipping"
KA-08403,CUST-05543,"47/31,_Ramanathan_Zila,_Hospet_672693",Hospet,Karnataka,672693.0,Shipping
OR-08404,CUST-06665,"973,_Malhotra_Street,_Haldia_304578",Haldia,West_Bengal,304578.0,Billing
KA-08405,CUST-02375,"H.No._94
Karnik_Ganj
Hospet-434527",Hospet,Karnataka,434527.0,Billing
WB-08406,CUST-11138,"H.No._56,_Dalal
Aligarh-538039",Aligarh,Uttar_Pradesh,538039.0,Billing
CG-08407,CUST-17854,"H.No._74
Setty_Circle
Bhilai-511424",Bhilai,Chhattisgarh,511424.0,Shipping
AP-08408,CUST-18621,"45
Edwin_Chowk
Bhimavaram_494034",Bhimavaram,Andhra_Pradesh,494034.0,Billing
AP-08409,CUST-05851,"82/054,_Gole_Street,_Bhimavaram_011681",Bhimavaram,Andhra_Pradesh,11681.0,Shipping
UP-08410,CUST-16876,"H.No._15
Raval_Marg
Farrukhabad-488030",Farrukhabad,Uttar_Pradesh,488030.0,"Billing,_Shipping"
CG-08411,CUST-16041,"23/58,_Ram_Chowk
Malda_721348",Malda,West_Bengal,721348.0,Shipping
MP-08412,CUST-10314,"H.No._52
Ghose_Circle
Dehri-894068",Dehri,Bihar,894068.0,Billing
UP-08413,CUST-16574,"71/41,_Virk_Ganj,_Jamalpur-842994",Jamalpur,Bihar,842994.0,"Billing,_Shipping"
TS-08414,CUST-16237,"H.No._26,_Dass_Chowk
Nizamabad_656800",Nizamabad,Telangana,656800.0,Billing
JH-08415,CUST-17910,"H.No._22
Ramanathan_Marg
Kharagpur_458047",Kharagpur,West_Bengal,458047.0,Shipping
WB-08416,CUST-01504,"22,_Sur_Circle
Aligarh_313558",Aligarh,Uttar_Pradesh,313558.0,Shipping
MH-08417,CUST-09888,"51
Khatri_Path
Rampur-538946",Rampur,Uttar_Pradesh,538946.0,Shipping
TN-08418,CUST-12204,"H.No._82,_Sampath_Marg
Chittoor_209523",Chittoor,Andhra_Pradesh,209523.0,Billing
JH-08419,CUST-14235,"67,_Butala_Chowk,_Kharagpur-276310",Kharagpur,West_Bengal,276310.0,Billing
MP-08420,CUST-13374,"62
Bhakta_Ganj
Gorakhpur-399315",Gorakhpur,Uttar_Pradesh,399315.0,Shipping
AP-08421,CUST-09162,"436
Chaudhry_Circle
Bhimavaram-536047",Bhimavaram,Andhra_Pradesh,536047.0,"Billing,_Shipping"
MP-08422,CUST-15231,"895,_Dugal_Zila
Dehri_595084",Dehri,Bihar,595084.0,Billing
BR-08423,CUST-08175,"447
Amble
Jaipur-724874",Jaipur,Rajasthan,724874.0,Billing
MP-08424,CUST-19168,"78,_Vora_Road
Gorakhpur_513947",Gorakhpur,Uttar_Pradesh,513947.0,"Billing,_Shipping"
UP-08425,CUST-06338,"68/391
Deshmukh_Path
Karimnagar_494407",Karimnagar,Telangana,494407.0,"Billing,_Shipping"
TS-08426,CUST-16905,"12
Sachar_Ganj
Sirsa_213472",Sirsa,Haryana,213472.0,Shipping
OR-08427,CUST-00300,"79/702
Singh_Street
Haldia-507409",Haldia,West_Bengal,507409.0,"Billing,_Shipping"
CG-08428,CUST-08185,"H.No._461,_Hegde_Circle
Sambalpur-679135",Sambalpur,Odisha,679135.0,Shipping
GJ-08429,CUST-15207,"95
Kulkarni_Zila
Jabalpur_235584",Jabalpur,Madhya_Pradesh,235584.0,"Billing,_Shipping"
TN-08430,CUST-14379,"36/570
Kalita_Street
Pali-206692",Pali,Rajasthan,206692.0,Billing
AP-08431,CUST-12062,"H.No._485,_Kata_Path
Bhimavaram-611113",Bhimavaram,Andhra_Pradesh,611113.0,Shipping
UP-08432,CUST-15167,"H.No._445,_Amble_Marg,_Chapra_198540",Chapra,Bihar,198540.0,Billing
BR-08433,CUST-11579,"59,_Gara_Chowk
Satna_789571",Satna,Madhya_Pradesh,789571.0,Shipping
MP-08434,CUST-18576,"35,_Bora_Ganj
Gopalpur-904235",Gopalpur,Odisha,904235.0,"Billing,_Shipping"
OR-08435,CUST-17677,"H.No._35,_Kadakia
Chandrapur-690751",Chandrapur,Maharashtra,690751.0,Shipping
MH-08436,CUST-10860,"H.No._369,_Vasa_Circle
Nanded-733495",Nanded,Maharashtra,733495.0,"Billing,_Shipping"
JH-08437,CUST-15778,"H.No._84
Dua_Chowk
Kharagpur_279275",Kharagpur,West_Bengal,279275.0,Billing
MH-08438,CUST-17838,"656,_Halder_Circle
Jalgaon_231388",Jalgaon,Maharashtra,231388.0,Shipping
WB-08439,CUST-18246,"H.No._111,_Gupta_Circle,_Baranagar_203762",Baranagar,West_Bengal,203762.0,Billing
MP-08440,CUST-11711,"13/23
Kade_Chowk
Mau_294642",Mau,Uttar_Pradesh,294642.0,Shipping
MP-08441,CUST-16824,"354
Bora_Marg
Gorakhpur_950679",Gorakhpur,Uttar_Pradesh,950679.0,Shipping
AP-08442,CUST-19020,"36
Dhaliwal_Zila
Dharmavaram_806616",Dharmavaram,Andhra_Pradesh,806616.0,"Billing,_Shipping"
CG-08443,CUST-17957,"H.No._422
Dani_Nagar
Sagar-566576",Sagar,Madhya_Pradesh,566576.0,Billing
MH-08444,CUST-08458,"H.No._27,_Chanda_Ganj
Malegaon-326495",Malegaon,Maharashtra,326495.0,Billing
MP-08445,CUST-18291,"493,_Deo_Ganj
Mau-358298",Mau,Uttar_Pradesh,358298.0,"Billing,_Shipping"
WB-08446,CUST-19598,"H.No._41,_Rama_Marg,_Panihati_045347",Panihati,West_Bengal,45347.0,Billing
TS-08447,CUST-15867,"H.No._64,_Malhotra_Street
Hindupur-141379",Hindupur,Andhra_Pradesh,141379.0,Shipping
CG-08448,CUST-12280,"71,_Bhakta_Path,_Malda_836211",Malda,West_Bengal,836211.0,"Billing,_Shipping"
MP-08449,CUST-15316,"35/552
Salvi_Circle
Mau-147776",Mau,Uttar_Pradesh,147776.0,Billing
UP-08450,CUST-12189,"73
Din_Nagar
Farrukhabad-902108",Farrukhabad,Uttar_Pradesh,902108.0,"Billing,_Shipping"
KA-08451,CUST-04913,"55
Mandal_Nagar
Solapur_157846",Solapur,Maharashtra,157846.0,"Billing,_Shipping"
KA-08452,CUST-01533,"H.No._67,_Warrior_Zila,_Tumkur_513118",Tumkur,Karnataka,513118.0,"Billing,_Shipping"
WB-08453,CUST-18260,"48/913,_Thakkar_Nagar,_Madhyamgram_392921",Madhyamgram,West_Bengal,392921.0,"Billing,_Shipping"
UK-08454,CUST-14527,"84/32,_Date_Road,_Haridwar-795071",Haridwar,Uttarakhand,795071.0,Billing
OR-08455,CUST-14045,"H.No._224
Grover_Zila
Haldia_594726",Haldia,West_Bengal,594726.0,Shipping
WB-08456,CUST-15874,"47/340,_Bakshi,_Panihati-725844",Panihati,West_Bengal,725844.0,"Billing,_Shipping"
OR-08457,CUST-11480,"H.No._562,_Grewal_Ganj
Berhampur-271164",Berhampur,Odisha,271164.0,Shipping
UP-08458,CUST-19547,"58/696,_Bansal_Chowk
Firozabad_531453",Firozabad,Uttar_Pradesh,531453.0,"Billing,_Shipping"
WB-08459,CUST-16285,"12/88
Bhatnagar
Bhatpara_865291",Bhatpara,West_Bengal,865291.0,Shipping
TS-08460,CUST-15613,"34/284,_Varughese_Circle,_Ramagundam-121676",Ramagundam,Telangana,121676.0,"Billing,_Shipping"
TS-08461,CUST-16175,"62/35,_Bhakta_Zila
Sirsa-356881",Sirsa,Haryana,356881.0,Shipping
MH-08463,CUST-06246,"40
Bava_Zila
Bhiwandi_038570",Bhiwandi,Maharashtra,38570.0,Shipping
UP-08464,CUST-08690,"H.No._212,_Kibe_Nagar,_Burhanpur-405232",Burhanpur,Madhya_Pradesh,405232.0,Shipping
UP-08465,CUST-17409,"26/88,_Contractor_Marg
Raiganj-056812",Raiganj,West_Bengal,56812.0,Billing
TN-08466,CUST-18347,"H.No._629
Dey
Tiruppur-144733",Tiruppur,Tamil_Nadu,144733.0,Billing
KL-08467,CUST-10382,"59,_Dora_Circle,_Kollam_532860",Kollam,Kerala,532860.0,Shipping
UP-08468,CUST-01729,"082
Dugal_Circle
Raiganj_070256",Raiganj,West_Bengal,70256.0,"Billing,_Shipping"
HR-08469,CUST-19868,"44/376
Hegde_Path
Bikaner_423940",Bikaner,Rajasthan,423940.0,Shipping
MP-08470,CUST-13369,"811
Shanker_Zila
Agra_123466",Agra,Uttar_Pradesh,123466.0,"Billing,_Shipping"
WB-08471,CUST-12927,"525,_Chander_Zila,_Arrah_375639",Arrah,Bihar,375639.0,Billing
TS-08472,CUST-17430,"73/444,_Khatri
Srinagar_240848",Srinagar,Jammu_and_Kashmir,240848.0,Billing
UP-08473,CUST-07672,"70/757,_Andra_Marg
Karimnagar_076140",Karimnagar,Telangana,76140.0,"Billing,_Shipping"
MP-08474,CUST-19693,"H.No._115,_Gour_Circle,_Khandwa_912156",Khandwa,Madhya_Pradesh,912156.0,Shipping
TS-08475,CUST-13246,"50/05,_Mangat_Ganj,_Srinagar_579143",Srinagar,Jammu_and_Kashmir,579143.0,Shipping
KA-08476,CUST-14383,"514
Dayal_Street
Amaravati-389638",Amaravati,Andhra_Pradesh,389638.0,Billing
OR-08477,CUST-16793,"H.No._255,_Sibal_Ganj,_Berhampur_264022",Berhampur,Odisha,264022.0,Billing
TN-08478,CUST-18951,"H.No._28,_Vyas
Salem-467460",Salem,Tamil_Nadu,467460.0,"Billing,_Shipping"
UK-08479,CUST-13813,"768,_Vora
Shivpuri_797438",Shivpuri,Madhya_Pradesh,797438.0,Billing
WB-08480,CUST-13081,"78,_Kamdar_Zila,_Bally_847731",Bally,West_Bengal,847731.0,Shipping
KA-08481,CUST-17680,"H.No._925,_Sunder_Marg,_Tumkur-529113",Tumkur,Karnataka,529113.0,Billing
TN-08482,CUST-05321,"97/89,_Konda_Zila
Chittoor_090307",Chittoor,Andhra_Pradesh,90307.0,Billing
AP-08483,CUST-13727,"11/611,_Aurora_Ganj,_Gudivada_529590",Gudivada,Andhra_Pradesh,529590.0,"Billing,_Shipping"
UP-08484,CUST-13227,"H.No._15,_Gupta_Chowk
Gurgaon_823152",Gurgaon,Haryana,823152.0,Shipping
BR-08486,CUST-14523,"715,_Dey_Marg
Munger_710347",Munger,Bihar,710347.0,"Billing,_Shipping"
UP-08487,CUST-08281,"H.No._500
Gade_Marg
Jamalpur_752458",Jamalpur,Bihar,752458.0,"Billing,_Shipping"
WB-08488,CUST-18116,"79/77,_Chandran_Zila,_Madhyamgram-429102",Madhyamgram,West_Bengal,429102.0,"Billing,_Shipping"
OR-08489,CUST-14370,"52/75,_Majumdar_Chowk,_Mathura_786575",Mathura,Uttar_Pradesh,786575.0,Shipping
MP-08490,CUST-10059,"H.No._175,_Comar_Chowk,_Ramgarh_382668",Ramgarh,Jharkhand,382668.0,"Billing,_Shipping"
TS-08491,CUST-13286,"H.No._645,_Date_Nagar,_Dindigul_589770",Dindigul,Tamil_Nadu,589770.0,Shipping
MH-08492,CUST-16748,"H.No._067,_Walia_Chowk,_Bhiwandi_201125",Bhiwandi,Maharashtra,201125.0,Shipping
WB-08493,CUST-03162,"94/740,_Sangha_Chowk
Bidhannagar_088382",Bidhannagar,West_Bengal,88382.0,Billing
WB-08494,CUST-11276,"25/26
Kothari_Chowk
Kamarhati_025857",Kamarhati,West_Bengal,25857.0,Billing
HP-08495,CUST-04902,"50
Hora_Ganj
Udaipur_798815",Udaipur,Rajasthan,798815.0,Shipping
UP-08496,CUST-14926,"88
Sunder_Marg
Bhagalpur-002140",Bhagalpur,Bihar,2140.0,"Billing,_Shipping"
MH-08497,CUST-01515,"H.No._30,_Saini_Zila,_Jalgaon-625195",Jalgaon,Maharashtra,625195.0,Billing
UP-08498,CUST-16447,"H.No._026,_Rama_Marg
Ahmedabad-286904",Ahmedabad,Gujarat,286904.0,"Billing,_Shipping"
UP-08499,CUST-03933,"85,_Yohannan_Circle
Ahmedabad-676155",Ahmedabad,Gujarat,676155.0,"Billing,_Shipping"
MP-08500,CUST-17783,"49
Dube_Chowk
Khandwa-344856",Khandwa,Madhya_Pradesh,344856.0,Billing
GJ-08501,CUST-09206,"23/293,_Gandhi_Chowk,_Hajipur_060445",Hajipur,Bihar,60445.0,Billing
AP-08502,CUST-01933,"31/568,_Gola_Chowk,_Dharmavaram_996629",Dharmavaram,Andhra_Pradesh,996629.0,"Billing,_Shipping"
UK-08503,CUST-03658,"09
Vaidya_Road
Shivpuri-387309",Shivpuri,Madhya_Pradesh,387309.0,Billing
MP-08504,CUST-16686,"H.No._568,_Srivastava_Nagar
Kota-164088",Kota,Rajasthan,164088.0,Shipping
TS-08505,CUST-06339,"H.No._333
Loke_Nagar
Sirsa_142571",Sirsa,Haryana,142571.0,Shipping
OR-08506,CUST-18293,"04
Varkey_Circle
Chandrapur-349994",Chandrapur,Maharashtra,349994.0,Billing
CG-08507,CUST-08616,"06/594
Sandhu_Street
Bhilai_661606",Bhilai,Chhattisgarh,661606.0,"Billing,_Shipping"
WB-08508,CUST-17471,"H.No._036,_Dhar,_Bhatpara-614571",Bhatpara,West_Bengal,614571.0,Billing
GJ-08509,CUST-04513,"H.No._010,_Kara_Marg,_Jabalpur-922116",Jabalpur,Madhya_Pradesh,922116.0,Billing
TN-08510,CUST-13783,"26/654,_Konda_Circle,_Pallavaram-254640",Pallavaram,Tamil_Nadu,254640.0,"Billing,_Shipping"
UP-08511,CUST-18484,"46/53,_Gulati_Road,_Shahjahanpur-277229",Shahjahanpur,Uttar_Pradesh,277229.0,"Billing,_Shipping"
OR-08512,CUST-13608,"97,_Sule_Circle
Kanpur_115524",Kanpur,Uttar_Pradesh,115524.0,Shipping
AP-08513,CUST-13316,"57,_Shankar_Nagar,_Gudivada_897982",Gudivada,Andhra_Pradesh,897982.0,Shipping
WB-08514,CUST-13301,"H.No._40
Das_Path
Naihati-599507",Naihati,West_Bengal,599507.0,Billing
AP-08515,CUST-08483,"862
Barad_Path
Gudivada_008709",Gudivada,Andhra_Pradesh,8709.0,Shipping
CG-08516,CUST-17610,"19/739
Chada_Ganj
Malda-114683",Malda,West_Bengal,114683.0,Billing
OR-08517,CUST-14579,"11/33,_Ramesh_Path
Kanpur-880331",Kanpur,Uttar_Pradesh,880331.0,"Billing,_Shipping"
UP-08518,CUST-18709,"H.No._497,_Arya_Street,_Mirzapur-856933",Mirzapur,Uttar_Pradesh,856933.0,Shipping
UP-08519,CUST-13176,"480
Khanna_Chowk
Raiganj-791061",Raiganj,West_Bengal,791061.0,"Billing,_Shipping"
TS-08520,CUST-10030,"906
Sami_Zila
Nizamabad_311943",Nizamabad,Telangana,311943.0,Shipping
TN-08521,CUST-11921,"54/50
Balasubramanian
Salem-216442",Salem,Tamil_Nadu,216442.0,"Billing,_Shipping"
MH-08522,CUST-17670,"20,_Anne_Nagar
Guntur-805701",Guntur,Andhra_Pradesh,805701.0,Shipping
TS-08523,CUST-10734,"46/571
Chana_Ganj
Dindigul_156332",Dindigul,Tamil_Nadu,156332.0,Shipping
TS-08524,CUST-08218,"H.No._714,_Taneja_Road,_Ambala-205287",Ambala,Haryana,205287.0,Shipping
MP-08525,CUST-18547,"949,_Venkatesh_Nagar,_Indore-352967",Indore,Madhya_Pradesh,352967.0,"Billing,_Shipping"
UK-08526,CUST-16818,"H.No._43,_Korpal_Street,_Shivpuri_797090",Shivpuri,Madhya_Pradesh,797090.0,"Billing,_Shipping"
MP-08527,CUST-17106,"021,_Saran_Zila
Kishanganj-215460",Kishanganj,Bihar,215460.0,Billing
HR-08528,CUST-10489,"H.No._69,_Yadav_Nagar
Siwan-340035",Siwan,Bihar,340035.0,Shipping
MH-08529,CUST-13607,"247,_Roy_Path
Nanded_084961",Nanded,Maharashtra,84961.0,Billing
TN-08530,CUST-12621,"70/521,_Gill_Path,_Vellore-937697",Vellore,Tamil_Nadu,937697.0,"Billing,_Shipping"
MH-08531,CUST-05889,"37/234,_Karan
Nanded-888227",Nanded,Maharashtra,888227.0,"Billing,_Shipping"
GJ-08532,CUST-15704,"H.No._410
Basu
Kavali_393932",Kavali,Andhra_Pradesh,393932.0,"Billing,_Shipping"
UP-08533,CUST-11713,"H.No._92,_Bains_Marg,_Gurgaon-161361",Gurgaon,Haryana,161361.0,Shipping
TR-08534,CUST-13555,"153
Toor_Path
Chandigarh_841672",Chandigarh,Chandigarh_(Union_Territory),841672.0,Billing
WB-08535,CUST-15978,"11/736
Devan
Naihati_110493",Naihati,West_Bengal,110493.0,Billing
AS-08536,CUST-12030,"95/658
Chandran_Circle
Siliguri-094891",Siliguri,West_Bengal,94891.0,"Billing,_Shipping"
KA-08537,CUST-09384,"795,_Gara_Chowk
Hospet-425539",Hospet,Karnataka,425539.0,Billing
RJ-08538,CUST-13318,"H.No._129
Ramaswamy_Chowk
Akola_566769",Akola,Maharashtra,566769.0,Billing
GJ-08539,CUST-10380,"96/709
Chakrabarti_Nagar
Kavali_879048",Kavali,Andhra_Pradesh,879048.0,Shipping
WB-08540,CUST-05144,"78/82,_Trivedi_Road
Kamarhati_195156",Kamarhati,West_Bengal,195156.0,"Billing,_Shipping"
MH-08541,CUST-19204,"H.No._56,_Sengupta_Marg
Malegaon_980943",Malegaon,Maharashtra,980943.0,Billing
WB-08542,CUST-15876,"54,_Garde_Street
Bidhannagar_933299",Bidhannagar,West_Bengal,933299.0,Shipping
RJ-08543,CUST-17109,"59/245,_Talwar_Street,_Rajkot-992038",Rajkot,Gujarat,992038.0,"Billing,_Shipping"
WB-08544,CUST-13585,"13/886,_Handa_Street,_Panihati_480844",Panihati,West_Bengal,480844.0,"Billing,_Shipping"
UP-08545,CUST-10651,"H.No._650,_Goyal_Path,_Karimnagar-442008",Karimnagar,Telangana,442008.0,Billing
MP-08546,CUST-15792,"87
Deol_Ganj
Khandwa-643218",Khandwa,Madhya_Pradesh,643218.0,"Billing,_Shipping"
UP-08547,CUST-06329,"37/19,_Bali_Path,_Muzaffarpur-936426",Muzaffarpur,Bihar,936426.0,"Billing,_Shipping"
UP-08548,CUST-16296,"H.No._051
Lad_Path
Shahjahanpur-580034",Shahjahanpur,Uttar_Pradesh,580034.0,Billing
AS-08549,CUST-09909,"013,_Wable_Street
Siliguri-699013",Siliguri,West_Bengal,699013.0,"Billing,_Shipping"
MH-08550,CUST-10782,"028,_Kari_Circle
Bhiwandi_019492",Bhiwandi,Maharashtra,19492.0,"Billing,_Shipping"
TS-08551,CUST-10465,"29/007,_Bobal_Chowk,_Srinagar-357808",Srinagar,Jammu_and_Kashmir,357808.0,Shipping
UP-08552,CUST-04464,"H.No._70
Seshadri_Circle
Bhagalpur_329735",Bhagalpur,Bihar,329735.0,Shipping
OR-08553,CUST-10767,"03
Shanker_Nagar
Chandrapur_145237",Chandrapur,Maharashtra,145237.0,"Billing,_Shipping"
MH-08554,CUST-13789,"H.No._05,_Rout
Guntur-410228",Guntur,Andhra_Pradesh,410228.0,Shipping
TS-08555,CUST-03449,"98/38,_Arora_Path,_Ramagundam_016032",Ramagundam,Telangana,16032.0,"Billing,_Shipping"
JH-08556,CUST-11401,"26/79,_Walia_Ganj
Mango_057898",Mango,Jharkhand,57898.0,Shipping
KA-08557,CUST-18783,"H.No._729
Khurana_Chowk
Solapur_307461",Solapur,Maharashtra,307461.0,Billing
JH-08558,CUST-13314,"H.No._452,_Thaker_Circle,_Kharagpur_653570",Kharagpur,West_Bengal,653570.0,Shipping
UP-08559,CUST-09916,"H.No._647,_Sahota_Nagar,_Raipur_381666",Raipur,Chhattisgarh,381666.0,Shipping
OR-08560,CUST-08983,"56/36,_Sandal_Nagar,_Anantapur_205886",Anantapur,Andhra_Pradesh,205886.0,"Billing,_Shipping"
KA-08561,CUST-12490,"24,_Dhaliwal_Street
Tumkur_114158",Tumkur,Karnataka,114158.0,Shipping
OR-08562,CUST-17213,"H.No._46
Batta_Chowk
Danapur_209469",Danapur,Bihar,209469.0,"Billing,_Shipping"
WB-08563,CUST-18325,"H.No._26,_Rau_Nagar,_Arrah_574690",Arrah,Bihar,574690.0,"Billing,_Shipping"
RJ-08564,CUST-09655,"H.No._981,_Dugar_Path
Dewas_001497",Dewas,Madhya_Pradesh,1497.0,Billing
GJ-08565,CUST-10246,"H.No._27,_Comar_Road
Ajmer_828038",Ajmer,Rajasthan,828038.0,Shipping
OR-08566,CUST-07209,"H.No._988,_Chakrabarti,_Chandrapur_010953",Chandrapur,Maharashtra,10953.0,Shipping
RJ-08567,CUST-05969,"43/39,_Badami_Street
Dewas-826915",Dewas,Madhya_Pradesh,826915.0,Shipping
HP-08568,CUST-02001,"95,_Vig_Marg,_Udaipur_417210",Udaipur,Rajasthan,417210.0,Shipping
UP-08569,CUST-18982,"01/276,_Ganesan_Street,_Mirzapur-331829",Mirzapur,Uttar_Pradesh,331829.0,"Billing,_Shipping"
CG-08570,CUST-10461,"H.No._13
Dyal_Path
Malda-157796",Malda,West_Bengal,157796.0,"Billing,_Shipping"
TR-08571,CUST-19790,"30
Subramanian_Road
Durgapur-104061",Durgapur,West_Bengal,104061.0,Shipping
GJ-08572,CUST-13475,"39/97,_Sahni_Path,_Ajmer_991525",Ajmer,Rajasthan,991525.0,Shipping
CG-08573,CUST-10952,"969
Gola_Zila
Sagar-968356",Sagar,Madhya_Pradesh,968356.0,"Billing,_Shipping"
KA-08574,CUST-11896,"61,_Dara_Path
Mangalore-475930",Mangalore,Karnataka,475930.0,Billing
AS-08575,CUST-15426,"484
Bora_Path
Siliguri_052810",Siliguri,West_Bengal,52810.0,Shipping
UP-08576,CUST-02486,"520,_Sharma_Ganj,_Sambhal_867692",Sambhal,Uttar_Pradesh,867692.0,Shipping
MP-08577,CUST-12612,"643,_Balakrishnan_Zila
Kishanganj-100919",Kishanganj,Bihar,100919.0,Billing
OR-08578,CUST-12537,"83/310
Banik_Marg
Berhampur_147324",Berhampur,Odisha,147324.0,Billing
WB-08579,CUST-14859,"H.No._129
Boase_Marg
Panihati_832776",Panihati,West_Bengal,832776.0,Shipping
UP-08580,CUST-18650,"44/12,_Sama
Jamalpur_198956",Jamalpur,Bihar,198956.0,Billing
MH-08581,CUST-02883,"247,_Din_Nagar,_Guntur-757764",Guntur,Andhra_Pradesh,757764.0,"Billing,_Shipping"
WB-08582,CUST-15585,"H.No._223,_Seth_Chowk,_Bidhannagar_566426",Bidhannagar,West_Bengal,566426.0,Shipping
WB-08583,CUST-09896,"H.No._44
Mallick_Ganj
Madhyamgram-362964",Madhyamgram,West_Bengal,362964.0,Billing
CG-08584,CUST-02439,"245,_Chopra_Marg,_Malda-817773",Malda,West_Bengal,817773.0,Billing
UP-08585,CUST-13249,"310,_Sura_Street,_Jamalpur_389652",Jamalpur,Bihar,389652.0,"Billing,_Shipping"
TN-08586,CUST-17040,"84
Jain_Path
Pali-267417",Pali,Rajasthan,267417.0,"Billing,_Shipping"
MH-08587,CUST-05126,"15/709,_Chandran
Guntur-215631",Guntur,Andhra_Pradesh,215631.0,Billing
WB-08588,CUST-19389,"479
Mall_Zila
Bally_497096",Bally,West_Bengal,497096.0,Billing
MH-08589,CUST-13870,"20/85
Bhatnagar_Marg
Nanded-235463",Nanded,Maharashtra,235463.0,Shipping
AS-08591,CUST-02389,"H.No._73,_Sharaf_Street
Bongaigaon-055686",Bongaigaon,Assam,55686.0,"Billing,_Shipping"
MP-08592,CUST-09946,"122,_Samra_Chowk,_Unnao-403641",Unnao,Uttar_Pradesh,403641.0,Shipping
WB-08593,CUST-04923,"11/83,_Varty_Ganj
Baranagar_846263",Baranagar,West_Bengal,846263.0,Billing
WB-08594,CUST-00830,"121,_Dani_Path,_Arrah-863276",Arrah,Bihar,863276.0,"Billing,_Shipping"
UP-08595,CUST-04339,"39/651
Raman_Circle
Karimnagar-598898",Karimnagar,Telangana,598898.0,Shipping
AP-08596,CUST-19141,"H.No._112,_Thakur_Nagar,_Dharmavaram_493355",Dharmavaram,Andhra_Pradesh,493355.0,Billing
KA-08597,CUST-03834,"H.No._840,_Upadhyay_Road
Hosur_761981",Hosur,Tamil_Nadu,761981.0,Billing
OR-08598,CUST-17797,"H.No._741
Chopra_Circle
Haldia-696239",Haldia,West_Bengal,696239.0,Billing
OR-08599,CUST-05407,"H.No._432,_Kade
Danapur_359198",Danapur,Bihar,359198.0,Billing
OR-08600,CUST-17997,"447
Sur_Path
Haldia-736585",Haldia,West_Bengal,736585.0,Billing
TS-08601,CUST-09900,"34/094,_Sahni
Ramagundam-074722",Ramagundam,Telangana,74722.0,"Billing,_Shipping"
TN-08602,CUST-17108,"83
Ahuja_Street
Avadi-825718",Avadi,Tamil_Nadu,825718.0,Billing
BR-08603,CUST-10896,"859
Brar_Circle
Ballia_567639",Ballia,Uttar_Pradesh,567639.0,Shipping
UP-08604,CUST-06884,"H.No._49,_Grover,_Raiganj_733269",Raiganj,West_Bengal,733269.0,Billing
MP-08605,CUST-02728,"H.No._26,_Shere,_Gopalpur-130204",Gopalpur,Odisha,130204.0,"Billing,_Shipping"
MH-08606,CUST-19885,"12/26
Tank_Ganj
Yamunanagar_320087",Yamunanagar,Haryana,320087.0,Billing
UK-08608,CUST-19589,"H.No._03
Walla_Path
Jalna_870763",Jalna,Maharashtra,870763.0,Shipping
MP-08609,CUST-09152,"H.No._381
Mahajan_Zila
Mau-274037",Mau,Uttar_Pradesh,274037.0,"Billing,_Shipping"
TN-08610,CUST-14922,"H.No._08
Saini
Vellore_405309",Vellore,Tamil_Nadu,405309.0,Shipping
UP-08611,CUST-17311,"93,_Gara_Zila,_Karimnagar_809305",Karimnagar,Telangana,809305.0,"Billing,_Shipping"
GJ-08612,CUST-10750,"843,_Wason_Chowk
Allahabad_195074",Allahabad,Uttar_Pradesh,195074.0,Shipping
JH-08613,CUST-01029,"65
Upadhyay_Circle
Mango-091736",Mango,Jharkhand,91736.0,Billing
WB-08614,CUST-05590,"791,_Wason_Nagar,_Arrah_200748",Arrah,Bihar,200748.0,Billing
GJ-08615,CUST-03721,"04,_Balasubramanian_Zila
Jabalpur-164641",Jabalpur,Madhya_Pradesh,164641.0,Billing
UP-08616,CUST-16344,"77/44
Bumb_Path
Burhanpur-983328",Burhanpur,Madhya_Pradesh,983328.0,Billing
TN-08617,CUST-05264,"H.No._97
Hayer_Nagar
Tiruppur_966066",Tiruppur,Tamil_Nadu,966066.0,Shipping
UP-08618,CUST-01998,"H.No._420,_Ratti_Zila
Sambhal_197333",Sambhal,Uttar_Pradesh,197333.0,Billing
HR-08619,CUST-11687,"63/57,_Wali,_Siwan_872159",Siwan,Bihar,872159.0,Shipping
MP-08620,CUST-17870,"H.No._063
Sharma_Ganj
Gorakhpur-372734",Gorakhpur,Uttar_Pradesh,372734.0,"Billing,_Shipping"
MP-08621,CUST-16751,"485,_Goyal_Ganj,_Jhansi_883679",Jhansi,Uttar_Pradesh,883679.0,Billing
MP-08622,CUST-17706,"711,_Gandhi_Zila
Jalandhar-309205",Jalandhar,Punjab,309205.0,"Billing,_Shipping"
UK-08623,CUST-18810,"H.No._91,_Yogi_Street
Haridwar-226366",Haridwar,Uttarakhand,226366.0,Shipping
MP-08624,CUST-19495,"61/85,_Kunda,_Ramgarh-273185",Ramgarh,Jharkhand,273185.0,Shipping
CG-08626,CUST-13719,"225,_Bhavsar_Chowk,_Sambalpur-529653",Sambalpur,Odisha,529653.0,Billing
MP-08627,CUST-03869,"H.No._239,_Banik_Street,_Jhansi_053793",Jhansi,Uttar_Pradesh,53793.0,"Billing,_Shipping"
MH-08628,CUST-01796,"73/034,_Bath_Path,_Yamunanagar-391086",Yamunanagar,Haryana,391086.0,"Billing,_Shipping"
WB-08629,CUST-11481,"77/651
Sabharwal_Road
Madhyamgram_145026",Madhyamgram,West_Bengal,145026.0,Shipping
OR-08630,CUST-12819,"05/12,_Basu_Road
Bijapur-855266",Bijapur,Karnataka,855266.0,Billing
CG-08631,CUST-14958,"358
Mani_Chowk
Sambalpur_810148",Sambalpur,Odisha,810148.0,Billing
UP-08632,CUST-13428,"04/12,_Borde_Ganj
Jamalpur_802960",Jamalpur,Bihar,802960.0,Billing
MP-08633,CUST-01462,"98/323,_Rajagopalan_Marg
Jhansi_372383",Jhansi,Uttar_Pradesh,372383.0,Shipping
OR-08634,CUST-10203,"72,_Chopra_Street
Anantapur-114844",Anantapur,Andhra_Pradesh,114844.0,Shipping
GJ-08635,CUST-17454,"48
Dua_Street
Jabalpur-120953",Jabalpur,Madhya_Pradesh,120953.0,Shipping
TS-08636,CUST-10853,"H.No._60
Dani_Street
Dindigul_224593",Dindigul,Tamil_Nadu,224593.0,Billing
TN-08637,CUST-09047,"767,_Chokshi_Street
Tiruvottiyur-605347",Tiruvottiyur,Tamil_Nadu,605347.0,Shipping
OR-08638,CUST-00318,"160,_Badal_Road
Mathura_254302",Mathura,Uttar_Pradesh,254302.0,"Billing,_Shipping"
UP-08639,CUST-13214,"53/72,_Chawla
Bhagalpur-054724",Bhagalpur,Bihar,54724.0,"Billing,_Shipping"
UP-08640,CUST-18514,"72/027
Devan_Road
Bhagalpur-936999",Bhagalpur,Bihar,936999.0,Billing
TS-08641,CUST-16863,"19
Chatterjee_Chowk
Ramagundam_887970",Ramagundam,Telangana,887970.0,Shipping
UP-08642,CUST-16732,"73,_Kalita_Chowk,_Muzaffarpur_452684",Muzaffarpur,Bihar,452684.0,Billing
AS-08643,CUST-05069,"44/930,_Mammen_Circle
Siliguri_934030",Siliguri,West_Bengal,934030.0,Billing
MP-08644,CUST-10524,"866,_Doshi_Street
Dehri_375608",Dehri,Bihar,375608.0,Billing
MH-08646,CUST-10151,"464
Vig_Road
Rampur-906385",Rampur,Uttar_Pradesh,906385.0,Billing
GJ-08647,CUST-02960,"968
Rege_Zila
Jabalpur_189222",Jabalpur,Madhya_Pradesh,189222.0,"Billing,_Shipping"
TS-08648,CUST-10615,"H.No._63
Srivastava_Path
Proddatur-106298",Proddatur,Andhra_Pradesh,106298.0,Shipping
MH-08649,CUST-11590,"84/02
Iyengar_Path
Yamunanagar-717075",Yamunanagar,Haryana,717075.0,Shipping
MH-08650,CUST-14372,"H.No._685
Goda_Road
Guntur_084443",Guntur,Andhra_Pradesh,84443.0,Billing
WB-08651,CUST-05197,"32/93
Bhakta_Zila
Kulti-227234",Kulti,West_Bengal,227234.0,Billing
OR-08652,CUST-17431,"H.No._93
Thakur_Marg
Chandrapur-584068",Chandrapur,Maharashtra,584068.0,Billing
WB-08653,CUST-19369,"H.No._44,_Varghese_Street,_Madhyamgram-219763",Madhyamgram,West_Bengal,219763.0,Billing
OR-08654,CUST-14813,"31/54
Bora_Zila
Patna_837513",Patna,Bihar,837513.0,Shipping
UP-08655,CUST-08040,"H.No._47,_Biswas_Zila,_Ahmedabad-679132",Ahmedabad,Gujarat,679132.0,Billing
OR-08656,CUST-10081,"H.No._693,_Singhal_Road,_Haldia-410341",Haldia,West_Bengal,410341.0,Billing
BR-08657,CUST-16713,"H.No._66
Korpal_Zila
Ballia-048613",Ballia,Uttar_Pradesh,48613.0,Shipping
TN-08658,CUST-18645,"H.No._45,_Sridhar_Street,_Chittoor_338070",Chittoor,Andhra_Pradesh,338070.0,Shipping
WB-08659,CUST-12769,"H.No._683
Dar_Road
Bally_477357",Bally,West_Bengal,477357.0,Shipping
RJ-08660,CUST-16319,"61,_Varghese_Street,_Rajkot-347830",Rajkot,Gujarat,347830.0,Billing
JH-08661,CUST-17743,"02,_Bobal_Ganj
Asansol-502075",Asansol,West_Bengal,502075.0,"Billing,_Shipping"
TN-08662,CUST-02730,"82
Brar
Vellore_443878",Vellore,Tamil_Nadu,443878.0,"Billing,_Shipping"
MH-08663,CUST-00638,"389,_Sachar_Chowk
Guntur-622488",Guntur,Andhra_Pradesh,622488.0,Billing
RJ-08664,CUST-12843,"H.No._612,_Thaman_Street,_Dewas_313563",Dewas,Madhya_Pradesh,313563.0,Shipping
MP-08665,CUST-08500,"H.No._166,_Deshpande_Marg
Unnao-873159",Unnao,Uttar_Pradesh,873159.0,Billing
WB-08666,CUST-10905,"H.No._738,_Chauhan_Circle,_Uluberia-793786",Uluberia,West_Bengal,793786.0,"Billing,_Shipping"
MP-08667,CUST-15395,"602
Khatri_Chowk
Kota_251046",Kota,Rajasthan,251046.0,Shipping
BR-08668,CUST-18703,"81/80,_Goda_Zila
Satna_868918",Satna,Madhya_Pradesh,868918.0,"Billing,_Shipping"
UK-08669,CUST-17667,"H.No._575,_Desai_Street,_Shivpuri_774557",Shivpuri,Madhya_Pradesh,774557.0,Billing
TS-08670,CUST-08514,"034,_Amble_Chowk,_Proddatur-231594",Proddatur,Andhra_Pradesh,231594.0,"Billing,_Shipping"
UP-08671,CUST-13175,"59/02,_Sarma_Circle
Burhanpur_401461",Burhanpur,Madhya_Pradesh,401461.0,Billing
UP-08672,CUST-10422,"H.No._92
Badami_Path
Burhanpur-162490",Burhanpur,Madhya_Pradesh,162490.0,"Billing,_Shipping"
GJ-08673,CUST-03314,"25/61
Dada_Circle
Jabalpur_573702",Jabalpur,Madhya_Pradesh,573702.0,Billing
MP-08674,CUST-16972,"H.No._485,_Badami,_Mau_830120",Mau,Uttar_Pradesh,830120.0,"Billing,_Shipping"
BR-08675,CUST-11880,"79/63,_Barman_Marg
Munger-299639",Munger,Bihar,299639.0,"Billing,_Shipping"
RJ-08676,CUST-10594,"23,_Chander_Marg
Dewas_138626",Dewas,Madhya_Pradesh,138626.0,Shipping
KA-08677,CUST-11093,"81
Choudhary_Road
Hosur_335996",Hosur,Tamil_Nadu,335996.0,"Billing,_Shipping"
AP-08678,CUST-10517,"29/170,_Sule_Road,_Srikakulam-061009",Srikakulam,Andhra_Pradesh,61009.0,"Billing,_Shipping"
WB-08679,CUST-14161,"29/35,_Gopal_Nagar
Naihati-866325",Naihati,West_Bengal,866325.0,Shipping
OR-08680,CUST-02016,"995,_Barad_Path,_Bharatpur_324366",Bharatpur,Rajasthan,324366.0,"Billing,_Shipping"
TS-08681,CUST-14203,"H.No._74,_Bal_Path
Srinagar-617686",Srinagar,Jammu_and_Kashmir,617686.0,Billing
UP-08682,CUST-19131,"H.No._52,_Edwin_Ganj
Shahjahanpur-637296",Shahjahanpur,Uttar_Pradesh,637296.0,Shipping
UP-08683,CUST-18959,"H.No._446,_Bahl_Marg
Chapra_143851",Chapra,Bihar,143851.0,"Billing,_Shipping"
UP-08684,CUST-17556,"81/01,_Hayer_Road
Chapra-046317",Chapra,Bihar,46317.0,"Billing,_Shipping"
OR-08685,CUST-11560,"52/441,_Bhatnagar_Path
Bilaspur_489805",Bilaspur,Chhattisgarh,489805.0,"Billing,_Shipping"
KL-08686,CUST-14509,"H.No._107,_Walla_Ganj,_Kollam-965098",Kollam,Kerala,965098.0,Shipping
TS-08687,CUST-08520,"90/75,_Wali
Ramagundam-488161",Ramagundam,Telangana,488161.0,"Billing,_Shipping"
MH-08688,CUST-05035,"62,_Shan_Circle
Loni_347122",Loni,Uttar_Pradesh,347122.0,Billing
MP-08689,CUST-13236,"331,_Sathe_Ganj,_Ramgarh-373696",Ramgarh,Jharkhand,373696.0,Shipping
MP-08690,CUST-15426,"45/617
Sankar_Zila
Kishanganj_506850",Kishanganj,Bihar,506850.0,Billing
MH-08691,CUST-13377,"15/627,_Bahl_Path,_Karnal_413127",Karnal,Haryana,413127.0,Shipping
BR-08692,CUST-10832,"57/27,_Warrior_Chowk,_Jaipur_943718",Jaipur,Rajasthan,943718.0,Shipping
TN-08693,CUST-10344,"28,_Malhotra
Tiruvottiyur_497735",Tiruvottiyur,Tamil_Nadu,497735.0,"Billing,_Shipping"
JH-08694,CUST-17919,"059,_Tata_Chowk
Asansol-548015",Asansol,West_Bengal,548015.0,Shipping
MP-08695,CUST-12816,"H.No._563
Kaul_Road
Ramgarh-412313",Ramgarh,Jharkhand,412313.0,Billing
JH-08696,CUST-10837,"67,_Ratta_Road
Asansol-834161",Asansol,West_Bengal,834161.0,Billing
MH-08697,CUST-00207,"625
Bawa_Path
Karnal-826906",Karnal,Haryana,826906.0,"Billing,_Shipping"
UP-08698,CUST-15324,"35/592
Dugar_Nagar
Bhagalpur_846626",Bhagalpur,Bihar,846626.0,Shipping
TS-08699,CUST-05472,"79/177,_Viswanathan
Nizamabad-122772",Nizamabad,Telangana,122772.0,Billing
WB-08700,CUST-12774,"51
Chopra_Path
Bidhannagar_595080",Bidhannagar,West_Bengal,595080.0,"Billing,_Shipping"
JH-08701,CUST-08024,"91/253,_Balasubramanian_Zila,_Phusro-723512",Phusro,Jharkhand,723512.0,"Billing,_Shipping"
TS-08702,CUST-13738,"94
Sagar_Street
Proddatur_925789",Proddatur,Andhra_Pradesh,925789.0,"Billing,_Shipping"
MP-08703,CUST-12835,"H.No._168
Sant_Road
Jhansi-647940",Jhansi,Uttar_Pradesh,647940.0,Billing
TR-08704,CUST-13442,"H.No._493,_Shan_Zila
Chandigarh_810155",Chandigarh,Chandigarh_(Union_Territory),810155.0,Shipping
UP-08705,CUST-01134,"H.No._47,_Korpal_Circle
Chapra_502810",Chapra,Bihar,502810.0,Billing
UK-08706,CUST-09099,"47/80,_Bains_Street
Haridwar-650657",Haridwar,Uttarakhand,650657.0,Shipping
TS-08707,CUST-03409,"25/733,_Kibe_Circle
Proddatur_532944",Proddatur,Andhra_Pradesh,532944.0,"Billing,_Shipping"
UP-08708,CUST-08747,"H.No._678
Jain_Chowk
Firozabad_799475",Firozabad,Uttar_Pradesh,799475.0,Shipping
MH-08709,CUST-10121,"12,_Deol_Road
Malegaon-511467",Malegaon,Maharashtra,511467.0,"Billing,_Shipping"
UP-08710,CUST-11853,"83/675,_Kashyap_Zila
Chapra_600890",Chapra,Bihar,600890.0,"Billing,_Shipping"
KL-08711,CUST-10705,"966,_Malhotra_Road,_Kollam-147834",Kollam,Kerala,147834.0,Billing
MH-08712,CUST-09814,"H.No._71,_Bath_Circle
Loni_550051",Loni,Uttar_Pradesh,550051.0,"Billing,_Shipping"
WB-08713,CUST-12090,"76
Baral_Zila
Kulti_506219",Kulti,West_Bengal,506219.0,Billing
UP-08714,CUST-11110,"30/109
Jaggi_Road
Raipur-983028",Raipur,Chhattisgarh,983028.0,Billing
MP-08715,CUST-05974,"79
Soni_Path
Khandwa_003727",Khandwa,Madhya_Pradesh,3727.0,"Billing,_Shipping"
HR-08716,CUST-10594,"90/465,_Sachar_Marg,_Aurangabad-935622",Aurangabad,Maharashtra,935622.0,Shipping
TN-08717,CUST-15785,"70
Mahal
Tiruvottiyur_954167",Tiruvottiyur,Tamil_Nadu,954167.0,Shipping
UP-08718,CUST-13735,"37/41,_Khurana_Ganj,_Burhanpur_992277",Burhanpur,Madhya_Pradesh,992277.0,Billing
AS-08719,CUST-10054,"H.No._85,_Thakur_Marg
Siliguri-468143",Siliguri,West_Bengal,468143.0,"Billing,_Shipping"
UK-08720,CUST-15711,"08/17,_Rau_Road,_Shivpuri-577087",Shivpuri,Madhya_Pradesh,577087.0,Billing
AS-08721,CUST-06520,"15/45
Kamdar_Street
Siliguri-161578",Siliguri,West_Bengal,161578.0,Shipping
MH-08722,CUST-10678,"05/719,_Subramaniam_Ganj,_Jalgaon_272867",Jalgaon,Maharashtra,272867.0,"Billing,_Shipping"
MH-08723,CUST-15527,"H.No._096,_Raval_Zila,_Rampur-822573",Rampur,Uttar_Pradesh,822573.0,Shipping
MH-08724,CUST-18178,"93/081
Mannan_Zila
Bhiwandi_717409",Bhiwandi,Maharashtra,717409.0,Billing
AS-08725,CUST-04323,"H.No._75
Aurora_Street
Nagaon-756884",Nagaon,Assam,756884.0,Billing
MH-08726,CUST-16245,"625,_Dani_Chowk,_Yamunanagar_304009",Yamunanagar,Haryana,304009.0,"Billing,_Shipping"
GJ-08727,CUST-03190,"99/08
Saha
Ajmer-945300",Ajmer,Rajasthan,945300.0,Shipping
UP-08728,CUST-05831,"H.No._19
Venkataraman_Street
Gurgaon-139713",Gurgaon,Haryana,139713.0,Billing
HR-08729,CUST-14567,"H.No._298
Sanghvi_Nagar
Siwan_618714",Siwan,Bihar,618714.0,Shipping
TN-08730,CUST-19328,"91,_Chander_Path
Vellore_174271",Vellore,Tamil_Nadu,174271.0,Shipping
GJ-08731,CUST-10620,"951,_Mani_Zila,_Vadodara_429415",Vadodara,Gujarat,429415.0,Shipping
KA-08733,CUST-18164,"H.No._45,_Saxena_Ganj,_Hosur_063766",Hosur,Tamil_Nadu,63766.0,Shipping
WB-08734,CUST-18911,"62/93,_Ravel_Zila
Aligarh_351519",Aligarh,Uttar_Pradesh,351519.0,"Billing,_Shipping"
UP-08735,CUST-15842,"20,_Das_Road
Sambhal_866050",Sambhal,Uttar_Pradesh,866050.0,Billing
MH-08736,CUST-14357,"56/852,_Aurora_Marg
Malegaon-421610",Malegaon,Maharashtra,421610.0,Billing
CG-08737,CUST-11064,"H.No._93
Mall_Marg
Malda_423594",Malda,West_Bengal,423594.0,Billing
MH-08738,CUST-09141,"H.No._150,_Vasa_Zila
Loni-811392",Loni,Uttar_Pradesh,811392.0,"Billing,_Shipping"
OR-08739,CUST-14129,"37/701
Amble_Path
Bilaspur_673762",Bilaspur,Chhattisgarh,673762.0,Billing
WB-08740,CUST-17669,"H.No._07,_Kibe_Road,_Baranagar-554875",Baranagar,West_Bengal,554875.0,"Billing,_Shipping"
TS-08741,CUST-01733,"72,_Kade_Zila,_Srinagar-356486",Srinagar,Jammu_and_Kashmir,356486.0,"Billing,_Shipping"
RJ-08742,CUST-19186,"52/154,_Chada_Street,_Dewas-605403",Dewas,Madhya_Pradesh,605403.0,Shipping
JH-08743,CUST-03022,"63/364
Bandi_Street
Mango-853177",Mango,Jharkhand,853177.0,Shipping
MP-08744,CUST-19194,"H.No._202,_Khatri_Ganj,_Ramgarh_335126",Ramgarh,Jharkhand,335126.0,Shipping
UK-08745,CUST-06379,"H.No._19,_Sama_Road,_Jalna-378671",Jalna,Maharashtra,378671.0,Shipping
UP-08746,CUST-10225,"H.No._792,_Sethi_Circle,_Farrukhabad_294973",Farrukhabad,Uttar_Pradesh,294973.0,Shipping
AS-08747,CUST-13827,"810
Kumer_Ganj
Siliguri_304906",Siliguri,West_Bengal,304906.0,"Billing,_Shipping"
TN-08748,CUST-11533,"01
Kar_Chowk
Gandhinagar_500265",Gandhinagar,Gujarat,500265.0,Shipping
KA-08749,CUST-16452,"11/574,_Suri_Circle,_Mangalore-500492",Mangalore,Karnataka,500492.0,Shipping
MP-08750,CUST-01047,"52/099,_Kibe_Zila,_Gopalpur_188299",Gopalpur,Odisha,188299.0,Billing
KA-08751,CUST-08292,"H.No._810,_Hayer,_Mangalore_820088",Mangalore,Karnataka,820088.0,"Billing,_Shipping"
AS-08752,CUST-17342,"33/491,_Sarna_Path,_Nagaon-937305",Nagaon,Assam,937305.0,Billing
AP-08753,CUST-15464,"H.No._281
Sura
Bhimavaram_500947",Bhimavaram,Andhra_Pradesh,500947.0,Shipping
WB-08754,CUST-03203,"H.No._53,_Bhatnagar_Circle
Uluberia-226648",Uluberia,West_Bengal,226648.0,"Billing,_Shipping"
GJ-08755,CUST-19863,"45,_Dayal_Ganj
Gandhidham-431730",Gandhidham,Gujarat,431730.0,"Billing,_Shipping"
KA-08756,CUST-10685,"43
Gulati_Ganj
Amaravati_145449",Amaravati,Andhra_Pradesh,145449.0,"Billing,_Shipping"
GJ-08757,CUST-18708,"H.No._075
Dutt_Path
Allahabad_124760",Allahabad,Uttar_Pradesh,124760.0,Billing
AP-08758,CUST-16912,"01/267,_Sengupta_Ganj
Srikakulam-716020",Srikakulam,Andhra_Pradesh,716020.0,Billing
TN-08759,CUST-09112,"98
Dugar_Chowk
Pallavaram_832862",Pallavaram,Tamil_Nadu,832862.0,"Billing,_Shipping"
WB-08760,CUST-17198,"18/629,_Krishna_Ganj
Bidhannagar-237608",Bidhannagar,West_Bengal,237608.0,Shipping
OR-08761,CUST-15607,"H.No._41,_Dua_Marg,_Kanpur_826586",Kanpur,Uttar_Pradesh,826586.0,Billing
MH-08762,CUST-15068,"H.No._649,_Kapadia_Circle
Rampur-405437",Rampur,Uttar_Pradesh,405437.0,Billing
OR-08763,CUST-05469,"08/32
Sibal_Ganj
Haldia_326113",Haldia,West_Bengal,326113.0,Shipping
MP-08764,CUST-12818,"35/42,_Bala
Dehri-738465",Dehri,Bihar,738465.0,Shipping
MP-08765,CUST-18714,"H.No._807
Bumb_Marg
Dehri_496326",Dehri,Bihar,496326.0,Shipping
RJ-08766,CUST-14590,"67,_Dixit_Circle
Rajkot_368943",Rajkot,Gujarat,368943.0,Billing
OR-08767,CUST-09422,"H.No._826
Bhavsar_Street
Kanpur_055334",Kanpur,Uttar_Pradesh,55334.0,Billing
AP-08768,CUST-00937,"H.No._06
Kurian
Dharmavaram-006271",Dharmavaram,Andhra_Pradesh,6271.0,Shipping
WB-08770,CUST-10498,"389
Magar_Nagar
Naihati-996841",Naihati,West_Bengal,996841.0,"Billing,_Shipping"
TS-08771,CUST-12309,"H.No._89
Kohli_Street
Dindigul_806889",Dindigul,Tamil_Nadu,806889.0,Shipping
BR-08772,CUST-08253,"99
Ganguly_Chowk
Jaipur_064858",Jaipur,Rajasthan,64858.0,Billing
UP-08773,CUST-11500,"12/348,_Dash,_Burhanpur-185324",Burhanpur,Madhya_Pradesh,185324.0,Billing
BR-08774,CUST-11798,"152,_Tak_Nagar,_Munger-777099",Munger,Bihar,777099.0,Shipping
OR-08775,CUST-10976,"H.No._00,_Dara_Road
Bilaspur_200954",Bilaspur,Chhattisgarh,200954.0,"Billing,_Shipping"
WB-08777,CUST-07834,"H.No._30,_Gupta_Path,_Naihati-187693",Naihati,West_Bengal,187693.0,Billing
HR-08778,CUST-05589,"20/93
Jain_Path
Siwan_328933",Siwan,Bihar,328933.0,"Billing,_Shipping"
UP-08779,CUST-13211,"H.No._247,_Handa_Nagar
Mirzapur-220849",Mirzapur,Uttar_Pradesh,220849.0,Shipping
UP-08780,CUST-14307,"74/05,_Dhingra_Road,_Chapra_089764",Chapra,Bihar,89764.0,"Billing,_Shipping"
MP-08781,CUST-14170,"21,_Sha_Path,_Gorakhpur_981728",Gorakhpur,Uttar_Pradesh,981728.0,Billing
MH-08782,CUST-13642,"21/924,_Zacharia_Street,_Guntur_780142",Guntur,Andhra_Pradesh,780142.0,Billing
WB-08783,CUST-18077,"H.No._68
Khanna_Chowk
Madhyamgram_205576",Madhyamgram,West_Bengal,205576.0,Billing
MH-08784,CUST-06528,"H.No._74,_Choudhury_Road,_Jalgaon-282704",Jalgaon,Maharashtra,282704.0,Billing
OR-08785,CUST-11285,"H.No._761,_Toor,_Haldia_229514",Haldia,West_Bengal,229514.0,"Billing,_Shipping"
GJ-08786,CUST-19669,"34/75,_Sanghvi_Road
Ajmer-144862",Ajmer,Rajasthan,144862.0,Billing
OR-08787,CUST-17252,"90/794,_Sathe_Nagar
Bijapur_777760",Bijapur,Karnataka,777760.0,"Billing,_Shipping"
TN-08788,CUST-11403,"26,_Gill,_Chittoor-550096",Chittoor,Andhra_Pradesh,550096.0,Shipping
OR-08789,CUST-17529,"494
Bhakta_Zila
Anantapur_514438",Anantapur,Andhra_Pradesh,514438.0,"Billing,_Shipping"
CG-08790,CUST-14531,"92/78,_Dugal_Road
Malda_039420",Malda,West_Bengal,39420.0,"Billing,_Shipping"
TS-08791,CUST-01063,"H.No._540,_Som_Street
Hindupur_603693",Hindupur,Andhra_Pradesh,603693.0,"Billing,_Shipping"
KA-08792,CUST-16859,"H.No._995
Bajwa_Zila
Solapur_844633",Solapur,Maharashtra,844633.0,"Billing,_Shipping"
MP-08793,CUST-08049,"89/64
Saraf_Road
Ramgarh_382932",Ramgarh,Jharkhand,382932.0,Billing
TS-08794,CUST-15566,"H.No._916,_Goda_Ganj,_Dindigul-101204",Dindigul,Tamil_Nadu,101204.0,Shipping
UK-08795,CUST-19512,"90/05
Dara_Circle
Jalna-040889",Jalna,Maharashtra,40889.0,Billing
UK-08796,CUST-10530,"313
Bajwa_Circle
Shivpuri-807664",Shivpuri,Madhya_Pradesh,807664.0,"Billing,_Shipping"
AP-08797,CUST-03751,"H.No._017,_Sampath_Road
Bhimavaram-931201",Bhimavaram,Andhra_Pradesh,931201.0,"Billing,_Shipping"
OR-08798,CUST-03215,"03,_Datta_Street
Mathura-099302",Mathura,Uttar_Pradesh,99302.0,"Billing,_Shipping"
OR-08799,CUST-03129,"H.No._644,_Sachar_Chowk
Mathura_942426",Mathura,Uttar_Pradesh,942426.0,Shipping
RJ-08800,CUST-09165,"H.No._734
Lal_Chowk
Akola_720684",Akola,Maharashtra,720684.0,Shipping
TN-08801,CUST-16867,"H.No._073
Chowdhury_Zila
Pallavaram_948242",Pallavaram,Tamil_Nadu,948242.0,Shipping
MH-08802,CUST-18303,"251,_Ramesh_Nagar
Satara-169318",Satara,Maharashtra,169318.0,Shipping
OR-08803,CUST-06786,"77/212,_Atwal_Nagar,_Bilaspur_327245",Bilaspur,Chhattisgarh,327245.0,"Billing,_Shipping"
AP-08804,CUST-14684,"856
Goyal_Chowk
Srikakulam-852841",Srikakulam,Andhra_Pradesh,852841.0,"Billing,_Shipping"
WB-08805,CUST-17314,"27/10
Choudhury_Street
Bhatpara-404568",Bhatpara,West_Bengal,404568.0,"Billing,_Shipping"
OR-08806,CUST-02251,"H.No._53,_Sheth_Marg
Mathura-120065",Mathura,Uttar_Pradesh,120065.0,Billing
HR-08807,CUST-13895,"H.No._485
Sanghvi_Street
Aurangabad-962603",Aurangabad,Maharashtra,962603.0,Shipping
GJ-08808,CUST-14466,"H.No._248,_Mallick_Ganj,_Jabalpur_846534",Jabalpur,Madhya_Pradesh,846534.0,Billing
GJ-08809,CUST-13761,"H.No._872,_Rout_Path
Ajmer-781226",Ajmer,Rajasthan,781226.0,Shipping
TR-08810,CUST-17657,"21/656,_Sankaran_Street
Durgapur-964872",Durgapur,West_Bengal,964872.0,Shipping
KA-08811,CUST-02856,"019
Vaidya_Street
Amaravati-164907",Amaravati,Andhra_Pradesh,164907.0,Billing
OR-08812,CUST-14791,"63/096
Sha_Ganj
Kanpur_695518",Kanpur,Uttar_Pradesh,695518.0,Billing
AS-08813,CUST-17896,"08/940
Anand_Marg
Nagaon-309377",Nagaon,Assam,309377.0,"Billing,_Shipping"
JH-08814,CUST-15297,"573,_Wable_Nagar,_Phusro-790566",Phusro,Jharkhand,790566.0,Billing
MH-08815,CUST-07762,"32/81,_Behl_Nagar,_Nanded-386648",Nanded,Maharashtra,386648.0,Shipping
OR-08816,CUST-15151,"609
Chaudhry_Chowk
Bijapur_185786",Bijapur,Karnataka,185786.0,"Billing,_Shipping"
CG-08817,CUST-11993,"32/764,_Sood_Chowk,_Bhilai_144267",Bhilai,Chhattisgarh,144267.0,"Billing,_Shipping"
OR-08818,CUST-16671,"72,_Bandi_Road
Chandrapur-177768",Chandrapur,Maharashtra,177768.0,Billing
BR-08819,CUST-06938,"77,_Bahl,_Purnia-153644",Purnia,Bihar,153644.0,"Billing,_Shipping"
TN-08820,CUST-16836,"87/71,_Sachdeva_Path,_Salem_036719",Salem,Tamil_Nadu,36719.0,Shipping
BR-08821,CUST-05447,"H.No._86
Ganguly
Satna_902922",Satna,Madhya_Pradesh,902922.0,"Billing,_Shipping"
CG-08822,CUST-14961,"564,_Dayal_Road
Nagpur-516689",Nagpur,Maharashtra,516689.0,"Billing,_Shipping"
TN-08823,CUST-00197,"17,_Ganesan_Marg
Tiruvottiyur_113251",Tiruvottiyur,Tamil_Nadu,113251.0,Shipping
JH-08824,CUST-01276,"26,_Karan_Circle
Mango_759080",Mango,Jharkhand,759080.0,Shipping
MP-08825,CUST-01652,"H.No._070,_Toor_Nagar
Mau_009885",Mau,Uttar_Pradesh,9885.0,Shipping
OR-08826,CUST-04773,"H.No._994,_Bava_Circle
Bijapur-110946",Bijapur,Karnataka,110946.0,"Billing,_Shipping"
OR-08827,CUST-05478,"H.No._17
Kurian_Marg
Berhampur_512032",Berhampur,Odisha,512032.0,Billing
MP-08828,CUST-03140,"98/599,_Krishna_Street,_Kishanganj_449628",Kishanganj,Bihar,449628.0,"Billing,_Shipping"
MH-08829,CUST-04986,"19,_Banik_Nagar
Rampur_806684",Rampur,Uttar_Pradesh,806684.0,"Billing,_Shipping"
WB-08830,CUST-06673,"H.No._194
Khalsa_Ganj
Kamarhati_462871",Kamarhati,West_Bengal,462871.0,Billing
KA-08831,CUST-11936,"H.No._06,_Konda_Chowk,_Hosur-258612",Hosur,Tamil_Nadu,258612.0,Shipping
HR-08832,CUST-03791,"H.No._62
Shankar
Aurangabad-959743",Aurangabad,Maharashtra,959743.0,"Billing,_Shipping"
MP-08833,CUST-02444,"98,_Brar_Circle,_Kota_342762",Kota,Rajasthan,342762.0,Shipping
GJ-08834,CUST-17453,"91/66,_Bera,_Gandhidham_538554",Gandhidham,Gujarat,538554.0,Shipping
UP-08835,CUST-15877,"860,_Kumer
Sambhal_269941",Sambhal,Uttar_Pradesh,269941.0,Billing
BR-08836,CUST-00758,"65
Mahajan_Chowk
Munger-354717",Munger,Bihar,354717.0,Billing
MP-08837,CUST-07321,"93/57
Banerjee_Nagar
Jhansi-406869",Jhansi,Uttar_Pradesh,406869.0,Shipping
UK-08838,CUST-19690,"H.No._83
Dixit_Chowk
Shivpuri-178130",Shivpuri,Madhya_Pradesh,178130.0,Shipping
UP-08839,CUST-10911,"73/025,_Hari_Zila,_Bhagalpur-111861",Bhagalpur,Bihar,111861.0,"Billing,_Shipping"
TN-08840,CUST-10324,"18/996,_Yogi_Road,_Chittoor-430341",Chittoor,Andhra_Pradesh,430341.0,"Billing,_Shipping"
MH-08841,CUST-15318,"545
Baria_Nagar
Guntur_198126",Guntur,Andhra_Pradesh,198126.0,Billing
KA-08842,CUST-17892,"164,_Kannan_Ganj,_Hosur_717266",Hosur,Tamil_Nadu,717266.0,"Billing,_Shipping"
OR-08843,CUST-12832,"034,_Ghosh_Path,_Haldia-256073",Haldia,West_Bengal,256073.0,"Billing,_Shipping"
OR-08844,CUST-01640,"91/94,_Chander_Zila,_Bharatpur_968285",Bharatpur,Rajasthan,968285.0,"Billing,_Shipping"
OR-08845,CUST-11484,"730,_Hora_Road
Bilaspur-787725",Bilaspur,Chhattisgarh,787725.0,"Billing,_Shipping"
TS-08846,CUST-10611,"69,_Ahluwalia_Nagar
Dindigul_144649",Dindigul,Tamil_Nadu,144649.0,Billing
OR-08847,CUST-12266,"734,_Kata_Ganj,_Danapur-837868",Danapur,Bihar,837868.0,Shipping
MH-08848,CUST-07263,"53/08
Shere_Circle
Satara_329491",Satara,Maharashtra,329491.0,Billing
TN-08849,CUST-11409,"22,_Sahni_Chowk,_Pali-858583",Pali,Rajasthan,858583.0,Shipping
HR-08850,CUST-19854,"74,_Andra_Marg,_Siwan_406537",Siwan,Bihar,406537.0,Shipping
KA-08851,CUST-13379,"30/88,_Sanghvi_Path
Amaravati_080115",Amaravati,Andhra_Pradesh,80115.0,Shipping
TS-08852,CUST-03071,"70/692,_Barman
Ambala_458660",Ambala,Haryana,458660.0,"Billing,_Shipping"
UP-08853,CUST-15357,"15
Choudhury_Zila
Muzaffarpur_807068",Muzaffarpur,Bihar,807068.0,Shipping
TS-08854,CUST-02790,"302,_Badami_Zila
Nizamabad-706828",Nizamabad,Telangana,706828.0,Shipping
WB-08855,CUST-02270,"16/436,_Varma_Street,_Aligarh-281149",Aligarh,Uttar_Pradesh,281149.0,Billing
TN-08856,CUST-09879,"H.No._640
Wason_Nagar
Gandhinagar_970097",Gandhinagar,Gujarat,970097.0,Billing
TS-08857,CUST-18563,"H.No._645,_Sidhu_Zila,_Dindigul-112431",Dindigul,Tamil_Nadu,112431.0,"Billing,_Shipping"
CG-08858,CUST-17229,"584
Bali_Ganj
Malda-781230",Malda,West_Bengal,781230.0,Billing
MH-08859,CUST-19368,"105,_De_Road
Rampur_262644",Rampur,Uttar_Pradesh,262644.0,Billing
WB-08860,CUST-08969,"533,_Zachariah_Marg,_Uluberia-514060",Uluberia,West_Bengal,514060.0,Billing
UP-08861,CUST-11557,"370,_Ben_Chowk
Ahmedabad_617886",Ahmedabad,Gujarat,617886.0,"Billing,_Shipping"
CG-08862,CUST-19080,"82/727,_Tella_Path
Sagar-748965",Sagar,Madhya_Pradesh,748965.0,Shipping
WB-08863,CUST-12172,"440
Setty_Road
Baranagar_971667",Baranagar,West_Bengal,971667.0,"Billing,_Shipping"
AP-08864,CUST-13709,"H.No._528
Garde_Road
Anantapuram_685330",Anantapuram,Andhra_Pradesh,685330.0,Shipping
HP-08865,CUST-12390,"95/42
Kothari_Ganj
Udaipur_235113",Udaipur,Rajasthan,235113.0,Billing
JH-08866,CUST-15428,"22/240,_Sidhu_Zila,_Kharagpur_114812",Kharagpur,West_Bengal,114812.0,Billing
JH-08867,CUST-05962,"56,_Sinha_Street,_Kharagpur_105160",Kharagpur,West_Bengal,105160.0,"Billing,_Shipping"
TR-08868,CUST-09107,"526,_Bal_Chowk,_Durgapur_674617",Durgapur,West_Bengal,674617.0,"Billing,_Shipping"
MH-08869,CUST-07378,"H.No._25,_Boase_Chowk
Loni_166925",Loni,Uttar_Pradesh,166925.0,Shipping
MP-08870,CUST-17299,"H.No._28
Sinha_Nagar
Ramgarh-185272",Ramgarh,Jharkhand,185272.0,Shipping
AS-08871,CUST-16326,"76,_Chaudry_Zila,_Nagaon-882721",Nagaon,Assam,882721.0,Billing
MH-08872,CUST-06150,"73
Choudhry_Nagar
Jalgaon-188915",Jalgaon,Maharashtra,188915.0,Billing
UK-08873,CUST-05366,"H.No._449
Chadha_Chowk
Haridwar-241013",Haridwar,Uttarakhand,241013.0,"Billing,_Shipping"
TS-08874,CUST-10557,"96/61,_Deshpande_Ganj,_Ramagundam-792905",Ramagundam,Telangana,792905.0,Shipping
KA-08875,CUST-10366,"25
Chauhan_Nagar
Hosur-805451",Hosur,Tamil_Nadu,805451.0,Billing
TN-08876,CUST-14502,"92
Shroff_Path
Pallavaram_983857",Pallavaram,Tamil_Nadu,983857.0,"Billing,_Shipping"
MP-08877,CUST-14499,"96/96,_Bir_Ganj
Jalandhar-188623",Jalandhar,Punjab,188623.0,"Billing,_Shipping"
WB-08878,CUST-11926,"30/87
Varghese_Road
Baranagar_573695",Baranagar,West_Bengal,573695.0,Billing
UK-08879,CUST-16552,"61/782,_Aggarwal_Marg,_Shivpuri-220436",Shivpuri,Madhya_Pradesh,220436.0,Shipping
OR-08880,CUST-05489,"H.No._61,_Divan_Street
Bharatpur_006749",Bharatpur,Rajasthan,6749.0,Shipping
HR-08881,CUST-10652,"99/11,_Mahal_Zila,_Siwan-075019",Siwan,Bihar,75019.0,"Billing,_Shipping"
OR-08883,CUST-07299,"H.No._483
Aurora_Chowk
Patna-211469",Patna,Bihar,211469.0,Billing
GJ-08884,CUST-17725,"H.No._755,_Dayal_Road,_Ajmer_925843",Ajmer,Rajasthan,925843.0,Shipping
BR-08885,CUST-12158,"40,_Shan_Street
Munger_184801",Munger,Bihar,184801.0,Shipping
TN-08886,CUST-16120,"27/85
Trivedi_Street
Pallavaram_763654",Pallavaram,Tamil_Nadu,763654.0,Billing
UK-08887,CUST-11168,"701
Suresh_Circle
Haridwar_729105",Haridwar,Uttarakhand,729105.0,Shipping
WB-08888,CUST-12604,"57
Ram_Circle
Panihati_141764",Panihati,West_Bengal,141764.0,Billing
UP-08889,CUST-10906,"47,_Dixit_Nagar,_Jamalpur_909835",Jamalpur,Bihar,909835.0,Billing
AS-08890,CUST-15355,"495
Bains_Street
Siliguri_816715",Siliguri,West_Bengal,816715.0,Billing
WB-08891,CUST-00269,"561,_Bali_Circle
Bhatpara_467649",Bhatpara,West_Bengal,467649.0,"Billing,_Shipping"
MP-08892,CUST-07057,"H.No._00
Ahluwalia_Path
Jhansi_459643",Jhansi,Uttar_Pradesh,459643.0,Shipping
UK-08893,CUST-11808,"572,_Gala_Nagar,_Shivpuri_026908",Shivpuri,Madhya_Pradesh,26908.0,"Billing,_Shipping"
TN-08894,CUST-12122,"29/048,_Saran
Avadi-955651",Avadi,Tamil_Nadu,955651.0,"Billing,_Shipping"
AP-08895,CUST-10626,"44/306
Savant_Zila
Bhimavaram_186154",Bhimavaram,Andhra_Pradesh,186154.0,Shipping
MH-08896,CUST-14837,"693,_Boase_Nagar
Karnal_451039",Karnal,Haryana,451039.0,"Billing,_Shipping"
OR-08897,CUST-02658,"177
Mall_Marg
Bijapur-644208",Bijapur,Karnataka,644208.0,"Billing,_Shipping"
MH-08898,CUST-08935,"67/15,_Kanda_Circle,_Guntur_290246",Guntur,Andhra_Pradesh,290246.0,Billing
TN-08899,CUST-17493,"13
Borah_Street
Vellore-476334",Vellore,Tamil_Nadu,476334.0,Billing
HR-08900,CUST-06883,"56/511
Guha
Aurangabad-343764",Aurangabad,Maharashtra,343764.0,"Billing,_Shipping"
WB-08901,CUST-16944,"48/692
Kalla_Marg
Bally_636823",Bally,West_Bengal,636823.0,"Billing,_Shipping"
WB-08902,CUST-14907,"06/322,_Konda_Chowk,_Bidhannagar-400589",Bidhannagar,West_Bengal,400589.0,Shipping
MP-08903,CUST-09526,"17/894
Ravi_Path
Jodhpur_954638",Jodhpur,Rajasthan,954638.0,Shipping
OR-08904,CUST-09166,"53,_Ram_Chowk,_Haldia-415877",Haldia,West_Bengal,415877.0,"Billing,_Shipping"
WB-08905,CUST-10682,"856
Wable_Circle
Bhatpara_557094",Bhatpara,West_Bengal,557094.0,Shipping
UP-08906,CUST-06594,"H.No._80,_Gupta_Street,_Muzaffarpur-206008",Muzaffarpur,Bihar,206008.0,"Billing,_Shipping"
OR-08907,CUST-14198,"H.No._997,_Taneja_Chowk
Mathura_312805",Mathura,Uttar_Pradesh,312805.0,"Billing,_Shipping"
AP-08909,CUST-05239,"09/888
Saxena_Road
Jammu_743484",Jammu,Jammu_and_Kashmir,743484.0,Shipping
UK-08910,CUST-10123,"56/366
Master
Haridwar-060016",Haridwar,Uttarakhand,60016.0,Shipping
WB-08911,CUST-00397,"24,_Ram
Panihati_586296",Panihati,West_Bengal,586296.0,Billing
MH-08912,CUST-19625,"34/632
Randhawa_Marg
Guntur-135969",Guntur,Andhra_Pradesh,135969.0,Shipping
RJ-08913,CUST-19422,"009
Lall_Circle
Akola_923767",Akola,Maharashtra,923767.0,Billing
MH-08914,CUST-18386,"H.No._005
Bhakta_Marg
Yamunanagar-062245",Yamunanagar,Haryana,62245.0,"Billing,_Shipping"
RJ-08915,CUST-09328,"H.No._641
Kashyap_Ganj
Rajkot-913970",Rajkot,Gujarat,913970.0,Billing
MH-08916,CUST-14979,"H.No._29,_Choudhry_Ganj,_Nanded_579179",Nanded,Maharashtra,579179.0,"Billing,_Shipping"
UP-08917,CUST-06482,"02,_Sawhney_Nagar,_Sambhal-912074",Sambhal,Uttar_Pradesh,912074.0,Billing
HR-08918,CUST-19505,"103,_Kalita_Ganj
Bikaner-516787",Bikaner,Rajasthan,516787.0,"Billing,_Shipping"
UP-08919,CUST-14577,"H.No._063,_Bains_Street,_Bhagalpur-396718",Bhagalpur,Bihar,396718.0,"Billing,_Shipping"
OR-08920,CUST-04849,"28/687
Maharaj_Circle
Chandrapur-639371",Chandrapur,Maharashtra,639371.0,Billing
MH-08921,CUST-15791,"47/909,_Sami_Circle
Yamunanagar_379523",Yamunanagar,Haryana,379523.0,Shipping
AS-08922,CUST-13287,"74/76,_Bhatia_Circle,_Nagaon-462679",Nagaon,Assam,462679.0,Shipping
BR-08923,CUST-18917,"83/23,_Aggarwal_Path
Jaipur-400596",Jaipur,Rajasthan,400596.0,"Billing,_Shipping"
WB-08924,CUST-19908,"514,_Aurora_Nagar,_Baranagar-405186",Baranagar,West_Bengal,405186.0,Billing
KA-08925,CUST-03216,"82/79,_Kamdar_Ganj,_Solapur_544439",Solapur,Maharashtra,544439.0,Billing
AP-08926,CUST-02891,"H.No._780
Iyengar_Ganj
Anantapuram_402482",Anantapuram,Andhra_Pradesh,402482.0,Billing
WB-08927,CUST-18213,"H.No._26
Tara_Zila
Bally-360909",Bally,West_Bengal,360909.0,"Billing,_Shipping"
KA-08928,CUST-11696,"91/782,_Goyal_Nagar,_Solapur-913953",Solapur,Maharashtra,913953.0,Billing
JH-08929,CUST-07369,"48,_Issac
Kharagpur_067091",Kharagpur,West_Bengal,67091.0,Shipping
MH-08930,CUST-06777,"45/38,_Batta_Street
Rampur_177983",Rampur,Uttar_Pradesh,177983.0,"Billing,_Shipping"
TN-08931,CUST-13552,"980
Date_Marg
Pallavaram_557941",Pallavaram,Tamil_Nadu,557941.0,Shipping
OR-08932,CUST-13101,"H.No._75,_Dhingra_Street
Bijapur-113391",Bijapur,Karnataka,113391.0,Billing
AS-08933,CUST-12456,"982
Balakrishnan_Path
Siliguri_935771",Siliguri,West_Bengal,935771.0,Shipping
MP-08934,CUST-09717,"02/94,_Anne
Agra_107826",Agra,Uttar_Pradesh,107826.0,Billing
RJ-08935,CUST-09596,"46
Behl
Rajkot_168912",Rajkot,Gujarat,168912.0,Shipping
MH-08936,CUST-10786,"09,_Saxena_Path,_Malegaon_280522",Malegaon,Maharashtra,280522.0,Billing
MP-08937,CUST-07167,"28/29,_Jani_Circle,_Kishanganj_248558",Kishanganj,Bihar,248558.0,"Billing,_Shipping"
OR-08938,CUST-10440,"30,_Chahal_Road
Kanpur-372730",Kanpur,Uttar_Pradesh,372730.0,"Billing,_Shipping"
AP-08939,CUST-16046,"H.No._57,_Deo_Marg,_Srikakulam_926722",Srikakulam,Andhra_Pradesh,926722.0,"Billing,_Shipping"
CG-08940,CUST-00360,"063,_Butala
Sambalpur-190870",Sambalpur,Odisha,190870.0,"Billing,_Shipping"
OR-08941,CUST-10612,"H.No._18,_Sawhney_Street,_Haldia-339187",Haldia,West_Bengal,339187.0,Billing
TN-08942,CUST-07475,"11
Sane
Vellore_724167",Vellore,Tamil_Nadu,724167.0,Billing
CG-08943,CUST-14292,"H.No._329,_Chana_Ganj,_Sagar-787239",Sagar,Madhya_Pradesh,787239.0,Billing
MP-08944,CUST-18254,"63/507,_Savant_Marg,_Jalandhar_389631",Jalandhar,Punjab,389631.0,Shipping
OR-08945,CUST-19884,"74/219,_Chatterjee
Haldia-147757",Haldia,West_Bengal,147757.0,"Billing,_Shipping"
UP-08946,CUST-13365,"H.No._52,_Ahuja_Chowk
Karimnagar_891454",Karimnagar,Telangana,891454.0,Billing
WB-08948,CUST-06488,"893,_Kakar_Circle
Panihati-318650",Panihati,West_Bengal,318650.0,Billing
UP-08949,CUST-12262,"H.No._517,_Dar_Nagar,_Farrukhabad-393882",Farrukhabad,Uttar_Pradesh,393882.0,"Billing,_Shipping"
TS-08950,CUST-14018,"05
Gola_Street
Ramagundam-290496",Ramagundam,Telangana,290496.0,Billing
BR-08951,CUST-06678,"H.No._882,_Kamdar_Nagar
Purnia-935050",Purnia,Bihar,935050.0,"Billing,_Shipping"
AS-08952,CUST-02800,"00/91,_Ganesh_Zila
Nagaon-826150",Nagaon,Assam,826150.0,"Billing,_Shipping"
OR-08953,CUST-08758,"830
Kadakia_Chowk
Bilaspur-427309",Bilaspur,Chhattisgarh,427309.0,Shipping
MH-08954,CUST-17141,"H.No._20
Uppal_Street
Loni_101735",Loni,Uttar_Pradesh,101735.0,"Billing,_Shipping"
GJ-08955,CUST-13213,"56
Keer_Nagar
Kavali_072680",Kavali,Andhra_Pradesh,72680.0,Shipping
UP-08956,CUST-04536,"52/724,_Khalsa_Ganj,_Muzaffarpur_960691",Muzaffarpur,Bihar,960691.0,Shipping
OR-08957,CUST-16980,"84/318
Mangal
Haldia-788902",Haldia,West_Bengal,788902.0,Billing
UP-08958,CUST-13685,"H.No._47,_Chandran_Ganj
Raipur_247299",Raipur,Chhattisgarh,247299.0,"Billing,_Shipping"
TN-08959,CUST-03493,"H.No._12,_Hegde_Ganj
Chittoor_419874",Chittoor,Andhra_Pradesh,419874.0,Billing
RJ-08960,CUST-12080,"603,_Vohra_Path,_Dewas-894495",Dewas,Madhya_Pradesh,894495.0,"Billing,_Shipping"
OR-08961,CUST-04621,"56,_Sabharwal_Ganj,_Bilaspur_068690",Bilaspur,Chhattisgarh,68690.0,Billing
UP-08962,CUST-18805,"332,_Saxena_Circle,_Mirzapur-833735",Mirzapur,Uttar_Pradesh,833735.0,Billing
AS-08963,CUST-03527,"75/856,_Soni_Ganj,_Bongaigaon_020587",Bongaigaon,Assam,20587.0,"Billing,_Shipping"
MH-08964,CUST-10669,"31/395,_Goyal_Circle
Loni_611005",Loni,Uttar_Pradesh,611005.0,Shipping
MP-08965,CUST-12877,"98/80,_Banerjee_Chowk
Agra_814414",Agra,Uttar_Pradesh,814414.0,Shipping
WB-08966,CUST-11802,"H.No._086,_Som_Ganj,_Bidhannagar_764717",Bidhannagar,West_Bengal,764717.0,Billing
UP-08967,CUST-19032,"11,_Chaudhry_Nagar,_Raiganj-901789",Raiganj,West_Bengal,901789.0,Billing
RJ-08968,CUST-17898,"51/24,_Basu_Road
Rajkot_413216",Rajkot,Gujarat,413216.0,Billing
MH-08969,CUST-00590,"H.No._78,_Kara_Road
Jalgaon_544973",Jalgaon,Maharashtra,544973.0,Billing
TR-08970,CUST-16266,"14/51
Dhar
Durgapur-933456",Durgapur,West_Bengal,933456.0,Billing
OR-08971,CUST-11720,"07/677
Vaidya_Road
Bilaspur_297224",Bilaspur,Chhattisgarh,297224.0,Shipping
OR-08972,CUST-01658,"62/168
Datta_Path
Berhampur-671195",Berhampur,Odisha,671195.0,Billing
TS-08973,CUST-15101,"58/474
Kala_Ganj
Sirsa-287278",Sirsa,Haryana,287278.0,Shipping
OR-08974,CUST-14136,"H.No._387
Deshmukh_Marg
Haldia_450653",Haldia,West_Bengal,450653.0,"Billing,_Shipping"
UK-08975,CUST-11807,"327
Magar_Road
Jalna-158792",Jalna,Maharashtra,158792.0,"Billing,_Shipping"
CG-08976,CUST-17090,"890
Khare_Street
Bhilai_554075",Bhilai,Chhattisgarh,554075.0,"Billing,_Shipping"
TS-08977,CUST-08374,"55,_Dhingra_Circle,_Srinagar-459926",Srinagar,Jammu_and_Kashmir,459926.0,Billing
UP-08978,CUST-05566,"782
Lalla_Marg
Bhagalpur_367159",Bhagalpur,Bihar,367159.0,Billing
KA-08979,CUST-12022,"848,_Sampath_Circle
Solapur-637463",Solapur,Maharashtra,637463.0,"Billing,_Shipping"
MP-08980,CUST-15232,"278,_Dada_Marg
Agra-587226",Agra,Uttar_Pradesh,587226.0,"Billing,_Shipping"
UP-08981,CUST-14944,"H.No._13,_Dua_Nagar
Burhanpur_537703",Burhanpur,Madhya_Pradesh,537703.0,"Billing,_Shipping"
UP-08982,CUST-15881,"35/49
Ramanathan_Zila
Bhagalpur-041084",Bhagalpur,Bihar,41084.0,"Billing,_Shipping"
HR-08983,CUST-19269,"62/976,_Seth_Ganj,_Aurangabad_665478",Aurangabad,Maharashtra,665478.0,"Billing,_Shipping"
CG-08984,CUST-00368,"405,_Dhawan_Chowk
Nagpur-287687",Nagpur,Maharashtra,287687.0,Shipping
OR-08985,CUST-04336,"183,_Ghosh,_Chandrapur-749321",Chandrapur,Maharashtra,749321.0,"Billing,_Shipping"
UP-08986,CUST-05519,"H.No._358
Kata_Chowk
Shahjahanpur_568319",Shahjahanpur,Uttar_Pradesh,568319.0,Shipping
UP-08987,CUST-16317,"395
Chatterjee
Chapra_221494",Chapra,Bihar,221494.0,"Billing,_Shipping"
RJ-08988,CUST-01940,"H.No._73,_Mahajan_Ganj,_Fatehpur_367360",Fatehpur,Uttar_Pradesh,367360.0,"Billing,_Shipping"
WB-08989,CUST-06680,"H.No._103
Lalla_Chowk
Aligarh-311231",Aligarh,Uttar_Pradesh,311231.0,Shipping
WB-08990,CUST-00107,"59/766,_Choudhry_Chowk
Uluberia_313561",Uluberia,West_Bengal,313561.0,"Billing,_Shipping"
OR-08991,CUST-18282,"42/53,_Gour_Path
Patna_761697",Patna,Bihar,761697.0,Billing
KA-08992,CUST-17840,"H.No._47,_Rattan_Marg
Solapur_832218",Solapur,Maharashtra,832218.0,Shipping
MH-08993,CUST-15574,"H.No._33,_Karnik_Ganj,_Nanded-989272",Nanded,Maharashtra,989272.0,"Billing,_Shipping"
MP-08994,CUST-09023,"H.No._14,_Balasubramanian_Ganj
Ramgarh-400152",Ramgarh,Jharkhand,400152.0,Shipping
WB-08995,CUST-13031,"895,_Doctor_Ganj
Kulti-131967",Kulti,West_Bengal,131967.0,Shipping
RJ-08996,CUST-06971,"H.No._44
Malhotra_Marg
Akola_346321",Akola,Maharashtra,346321.0,Shipping
CG-08997,CUST-10292,"39/328,_Devi_Marg,_Sambalpur_688948",Sambalpur,Odisha,688948.0,"Billing,_Shipping"
UP-08998,CUST-11917,"H.No._860
Gill_Nagar
Burhanpur_889789",Burhanpur,Madhya_Pradesh,889789.0,Shipping
TN-08999,CUST-06169,"36/32,_Dugal_Ganj
Chittoor_891890",Chittoor,Andhra_Pradesh,891890.0,Billing
AS-09000,CUST-06522,"H.No._01,_Kar_Marg
Nagaon_348361",Nagaon,Assam,348361.0,Billing
TN-09001,CUST-19576,"37/44
Vohra_Nagar
Vellore_750860",Vellore,Tamil_Nadu,750860.0,Shipping
AP-09002,CUST-05976,"H.No._92,_Sabharwal_Ganj
Dharmavaram_854486",Dharmavaram,Andhra_Pradesh,854486.0,Billing
UP-09003,CUST-16665,"H.No._24,_Badami_Street
Raiganj-635774",Raiganj,West_Bengal,635774.0,Shipping
BR-09004,CUST-07621,"50/645
Mammen_Street
Munger-854833",Munger,Bihar,854833.0,Shipping
MP-09005,CUST-11002,"11
Dewan_Street
Kota_545696",Kota,Rajasthan,545696.0,"Billing,_Shipping"
GJ-09006,CUST-02024,"20/398
Varma_Street
Jabalpur_863454",Jabalpur,Madhya_Pradesh,863454.0,Billing
MH-09007,CUST-15320,"13,_Lad_Chowk
Nanded-056375",Nanded,Maharashtra,56375.0,"Billing,_Shipping"
TN-09008,CUST-14121,"72/21,_Dyal_Road,_Vellore_672460",Vellore,Tamil_Nadu,672460.0,Billing
MP-09009,CUST-03481,"H.No._32,_Ram
Jalandhar_065979",Jalandhar,Punjab,65979.0,"Billing,_Shipping"
OR-09010,CUST-01603,"11/996,_Goda_Nagar,_Bijapur-884972",Bijapur,Karnataka,884972.0,Shipping
MP-09011,CUST-14332,"787,_Sampath_Ganj
Indore_165356",Indore,Madhya_Pradesh,165356.0,"Billing,_Shipping"
MP-09012,CUST-04685,"H.No._52,_Varghese_Nagar,_Mau_088899",Mau,Uttar_Pradesh,88899.0,"Billing,_Shipping"
JH-09013,CUST-00987,"82/553,_Virk_Chowk
Mango_376171",Mango,Jharkhand,376171.0,Shipping
UP-09014,CUST-05001,"48
Sibal_Ganj
Farrukhabad-837915",Farrukhabad,Uttar_Pradesh,837915.0,Billing
UK-09015,CUST-15479,"H.No._55
Kunda_Ganj
Haridwar_102856",Haridwar,Uttarakhand,102856.0,"Billing,_Shipping"
OR-09016,CUST-07437,"80,_Dora_Path
Danapur_051126",Danapur,Bihar,51126.0,Shipping
KA-09017,CUST-17407,"792,_Banik_Ganj
Solapur-443127",Solapur,Maharashtra,443127.0,Billing
KL-09018,CUST-14682,"H.No._63,_Shanker_Path,_Kollam-831995",Kollam,Kerala,831995.0,Shipping
TN-09019,CUST-15821,"46/990
Dutt
Gandhinagar_949870",Gandhinagar,Gujarat,949870.0,Billing
MH-09020,CUST-10255,"22/153,_Manne_Path
Loni-288118",Loni,Uttar_Pradesh,288118.0,Billing
AS-09021,CUST-10844,"H.No._79
Sha_Ganj
Nagaon-373289",Nagaon,Assam,373289.0,Shipping
AP-09022,CUST-15679,"87/09
Hans_Street
Dharmavaram-041222",Dharmavaram,Andhra_Pradesh,41222.0,Billing
MH-09023,CUST-02355,"H.No._464
Zacharia_Zila
Guntur-000207",Guntur,Andhra_Pradesh,207.0,Billing
RJ-09024,CUST-08317,"86/844
Aurora_Road
Dewas_099504",Dewas,Madhya_Pradesh,99504.0,Billing
UK-09025,CUST-11320,"H.No._183,_Sharaf_Circle,_Jalna-541678",Jalna,Maharashtra,541678.0,"Billing,_Shipping"
MP-09026,CUST-10943,"694
Gade_Street
Khandwa-332841",Khandwa,Madhya_Pradesh,332841.0,"Billing,_Shipping"
TS-09027,CUST-15837,"H.No._68,_Sami_Nagar,_Sirsa-522784",Sirsa,Haryana,522784.0,"Billing,_Shipping"
WB-09028,CUST-10273,"H.No._33,_Singhal
Bally_472017",Bally,West_Bengal,472017.0,Shipping
TR-09029,CUST-15775,"H.No._55
Kade_Road
Durgapur_372509",Durgapur,West_Bengal,372509.0,"Billing,_Shipping"
WB-09030,CUST-19442,"H.No._15,_Chacko_Road,_Madhyamgram-773703",Madhyamgram,West_Bengal,773703.0,"Billing,_Shipping"
TN-09031,CUST-19946,"H.No._228,_Ranganathan_Road,_Pallavaram-463331",Pallavaram,Tamil_Nadu,463331.0,"Billing,_Shipping"
MP-09032,CUST-13770,"H.No._36
Mane
Jodhpur-109977",Jodhpur,Rajasthan,109977.0,Billing
MP-09033,CUST-11181,"H.No._047,_Borra_Road,_Agra-077172",Agra,Uttar_Pradesh,77172.0,"Billing,_Shipping"
DL-09034,CUST-19082,"H.No._630,_Sami_Circle
Delhi_131039",Delhi,Delhi_(Union_Territory),131039.0,"Billing,_Shipping"
WB-09035,CUST-11220,"71/456,_Karnik_Chowk
Kamarhati_386580",Kamarhati,West_Bengal,386580.0,Billing
MP-09036,CUST-05129,"34/337,_Dhillon_Path
Kota-272832",Kota,Rajasthan,272832.0,Shipping
GJ-09037,CUST-09012,"16/915
Tara_Marg
Kavali-826022",Kavali,Andhra_Pradesh,826022.0,"Billing,_Shipping"
TN-09038,CUST-00530,"H.No._894,_Lalla_Path
Tiruppur-354579",Tiruppur,Tamil_Nadu,354579.0,Billing
TR-09039,CUST-15722,"97/312,_Comar_Circle
Chandigarh_978418",Chandigarh,Chandigarh_(Union_Territory),978418.0,"Billing,_Shipping"
RJ-09040,CUST-15715,"817,_Contractor_Circle
Dewas-858770",Dewas,Madhya_Pradesh,858770.0,Shipping
TN-09041,CUST-07645,"H.No._950,_Kade_Circle,_Gandhinagar_307649",Gandhinagar,Gujarat,307649.0,Billing
HR-09042,CUST-15211,"09/44
Solanki_Path
Aurangabad-889207",Aurangabad,Maharashtra,889207.0,Shipping
MH-09043,CUST-07456,"H.No._07,_Ghose_Ganj
Rampur_761105",Rampur,Uttar_Pradesh,761105.0,"Billing,_Shipping"
WB-09044,CUST-19587,"H.No._79
Bal_Marg
Bhatpara_687553",Bhatpara,West_Bengal,687553.0,Shipping
RJ-09045,CUST-05434,"H.No._908,_Talwar_Path
Rajkot_583079",Rajkot,Gujarat,583079.0,"Billing,_Shipping"
TN-09046,CUST-11028,"H.No._605,_Venkataraman_Ganj,_Tiruppur_953651",Tiruppur,Tamil_Nadu,953651.0,Shipping
WB-09047,CUST-15313,"H.No._664,_Barad_Zila
Bally_115866",Bally,West_Bengal,115866.0,"Billing,_Shipping"
BR-09048,CUST-16652,"96/09,_Sami_Nagar,_Purnia_251950",Purnia,Bihar,251950.0,"Billing,_Shipping"
TS-09049,CUST-18328,"55/88,_Anand_Ganj
Proddatur-344317",Proddatur,Andhra_Pradesh,344317.0,Shipping
MP-09050,CUST-16720,"H.No._647,_Lalla_Path
Gopalpur_919866",Gopalpur,Odisha,919866.0,"Billing,_Shipping"
MP-09051,CUST-09589,"H.No._86,_Koshy_Chowk
Mau-326194",Mau,Uttar_Pradesh,326194.0,Shipping
TR-09052,CUST-11834,"69,_Chaudry_Path
Durgapur-754031",Durgapur,West_Bengal,754031.0,Shipping
TN-09053,CUST-15069,"55,_Gopal,_Tiruvottiyur-623634",Tiruvottiyur,Tamil_Nadu,623634.0,"Billing,_Shipping"
OR-09054,CUST-12886,"78,_Bhakta_Circle
Patna_389782",Patna,Bihar,389782.0,Shipping
AP-09055,CUST-16948,"H.No._33
Sane_Nagar
Bhimavaram-480951",Bhimavaram,Andhra_Pradesh,480951.0,"Billing,_Shipping"
MP-09056,CUST-07975,"H.No._99,_Sastry_Path
Gorakhpur_878606",Gorakhpur,Uttar_Pradesh,878606.0,Billing
AS-09057,CUST-02949,"H.No._26,_Agrawal_Zila,_Nagaon_355839",Nagaon,Assam,355839.0,Billing
CG-09058,CUST-14776,"25,_Dayal,_Bhilai-333322",Bhilai,Chhattisgarh,333322.0,"Billing,_Shipping"
OR-09059,CUST-11263,"204,_Sodhi
Chandrapur_963220",Chandrapur,Maharashtra,963220.0,"Billing,_Shipping"
TN-09060,CUST-10087,"26/65,_Deo_Path,_Avadi-770099",Avadi,Tamil_Nadu,770099.0,Shipping
TS-09061,CUST-12757,"27/836,_Dasgupta_Marg
Hindupur-512652",Hindupur,Andhra_Pradesh,512652.0,Billing
AP-09062,CUST-13147,"613,_Master
Gudivada_889889",Gudivada,Andhra_Pradesh,889889.0,Shipping
MH-09063,CUST-19256,"60
Chauhan_Path
Nanded_179950",Nanded,Maharashtra,179950.0,Billing
MP-09064,CUST-00841,"07/111,_Agarwal_Chowk,_Jhansi_306885",Jhansi,Uttar_Pradesh,306885.0,"Billing,_Shipping"
BR-09065,CUST-12395,"288
Sane_Nagar
Munger_117513",Munger,Bihar,117513.0,Shipping
JH-09066,CUST-05265,"H.No._16,_Desai_Nagar,_Asansol_666993",Asansol,West_Bengal,666993.0,Billing
TN-09067,CUST-12731,"H.No._041,_Sant_Street
Tiruvottiyur-028583",Tiruvottiyur,Tamil_Nadu,28583.0,"Billing,_Shipping"
MP-09068,CUST-14029,"H.No._74
Varma_Nagar
Indore_626512",Indore,Madhya_Pradesh,626512.0,"Billing,_Shipping"
WB-09069,CUST-09134,"H.No._16,_Chakraborty_Path,_Arrah-714941",Arrah,Bihar,714941.0,"Billing,_Shipping"
MH-09070,CUST-04509,"23
Venkatesh
Nanded-108252",Nanded,Maharashtra,108252.0,"Billing,_Shipping"
WB-09071,CUST-06617,"H.No._88
Hayer_Zila
Aligarh-606530",Aligarh,Uttar_Pradesh,606530.0,"Billing,_Shipping"
TN-09072,CUST-15101,"11
Krish_Ganj
Vellore-802460",Vellore,Tamil_Nadu,802460.0,"Billing,_Shipping"
BR-09073,CUST-13142,"H.No._72,_Kata,_Jaipur_760760",Jaipur,Rajasthan,760760.0,"Billing,_Shipping"
TR-09074,CUST-15505,"86
Mane_Marg
Durgapur_320589",Durgapur,West_Bengal,320589.0,"Billing,_Shipping"
BR-09075,CUST-14620,"763,_Rege,_Munger-909970",Munger,Bihar,909970.0,"Billing,_Shipping"
GJ-09076,CUST-13809,"908
Varughese_Ganj
Kavali_722462",Kavali,Andhra_Pradesh,722462.0,"Billing,_Shipping"
CG-09077,CUST-16395,"97/26,_Kara
Nagpur-186061",Nagpur,Maharashtra,186061.0,"Billing,_Shipping"
KA-09078,CUST-15952,"20,_Virk_Chowk
Tumkur-207639",Tumkur,Karnataka,207639.0,Billing
MP-09079,CUST-01196,"50/078
Ahluwalia_Path
Kota-611388",Kota,Rajasthan,611388.0,"Billing,_Shipping"
UP-09080,CUST-11539,"H.No._437,_Kant_Marg,_Mirzapur_869807",Mirzapur,Uttar_Pradesh,869807.0,Shipping
MP-09081,CUST-15994,"H.No._15,_Dutt_Chowk,_Kishanganj-532103",Kishanganj,Bihar,532103.0,Billing
MH-09082,CUST-13841,"92/25,_Borde_Road,_Bhiwandi_659527",Bhiwandi,Maharashtra,659527.0,Shipping
TN-09083,CUST-02699,"67,_Agate_Chowk,_Vellore-086771",Vellore,Tamil_Nadu,86771.0,Billing
MP-09084,CUST-01015,"H.No._979,_Sampath
Jhansi_908752",Jhansi,Uttar_Pradesh,908752.0,Shipping
OR-09085,CUST-12276,"94,_Date_Marg
Danapur_842733",Danapur,Bihar,842733.0,"Billing,_Shipping"
TS-09086,CUST-01673,"42/01
Choudhary
Ambala_158357",Ambala,Haryana,158357.0,Billing
GJ-09087,CUST-17168,"52/81,_Borde_Zila,_Hajipur_332461",Hajipur,Bihar,332461.0,Shipping
BR-09088,CUST-00592,"64/095,_Kara_Street,_Jaipur_041753",Jaipur,Rajasthan,41753.0,"Billing,_Shipping"
RJ-09089,CUST-10198,"91/906
Jha_Marg
Dewas_863044",Dewas,Madhya_Pradesh,863044.0,"Billing,_Shipping"
WB-09090,CUST-09400,"08/99,_Ray_Circle,_Naihati_553670",Naihati,West_Bengal,553670.0,Billing
OR-09092,CUST-17060,"H.No._32
Ganesh_Marg
Mathura-864337",Mathura,Uttar_Pradesh,864337.0,Shipping
HP-09093,CUST-00121,"42/61,_Kale
Udaipur_626809",Udaipur,Rajasthan,626809.0,Shipping
GJ-09094,CUST-05008,"22/65,_Sawhney_Path,_Allahabad_805764",Allahabad,Uttar_Pradesh,805764.0,"Billing,_Shipping"
MP-09095,CUST-00045,"80/302
Virk
Kota_666924",Kota,Rajasthan,666924.0,Shipping
DL-09096,CUST-11212,"13/328
Golla_Circle
Delhi_320489",Delhi,Delhi_(Union_Territory),320489.0,Billing
MP-09097,CUST-05866,"61,_Hora_Nagar,_Jodhpur-166715",Jodhpur,Rajasthan,166715.0,"Billing,_Shipping"
MP-09098,CUST-14822,"82,_Chand_Ganj
Khandwa_428853",Khandwa,Madhya_Pradesh,428853.0,Shipping
MP-09099,CUST-00908,"29/41
Bala_Road
Jalandhar-976430",Jalandhar,Punjab,976430.0,"Billing,_Shipping"
TN-09100,CUST-16976,"H.No._19
Krishnan_Circle
Avadi-401824",Avadi,Tamil_Nadu,401824.0,"Billing,_Shipping"
OR-09101,CUST-15049,"58,_Dara_Marg
Chandrapur_297035",Chandrapur,Maharashtra,297035.0,Billing
BR-09102,CUST-18105,"42/55,_Bal_Street,_Jaipur_105671",Jaipur,Rajasthan,105671.0,Shipping
TS-09103,CUST-03043,"393,_Kibe_Zila,_Srinagar-853827",Srinagar,Jammu_and_Kashmir,853827.0,Billing
MP-09104,CUST-14782,"479,_Upadhyay_Nagar,_Agra-062100",Agra,Uttar_Pradesh,62100.0,Billing
WB-09105,CUST-15578,"H.No._906,_Varkey_Circle
Panihati-432479",Panihati,West_Bengal,432479.0,Billing
UP-09106,CUST-15046,"H.No._75,_Rajagopal_Marg,_Bhagalpur_296468",Bhagalpur,Bihar,296468.0,Billing
HP-09107,CUST-09699,"H.No._521,_Atwal_Zila,_Udaipur-656071",Udaipur,Rajasthan,656071.0,"Billing,_Shipping"
OR-09108,CUST-15496,"047,_Roy_Marg
Haldia-614008",Haldia,West_Bengal,614008.0,Shipping
UP-09109,CUST-14523,"H.No._40,_Shan_Path
Karimnagar-875819",Karimnagar,Telangana,875819.0,Billing
TS-09110,CUST-03232,"07,_Comar_Circle,_Ramagundam-968867",Ramagundam,Telangana,968867.0,Shipping
UK-09111,CUST-04935,"52/51,_Chacko_Circle,_Shivpuri_584333",Shivpuri,Madhya_Pradesh,584333.0,Billing
OR-09112,CUST-10514,"H.No._812,_Sarraf_Circle
Danapur_523566",Danapur,Bihar,523566.0,Billing
UK-09113,CUST-19017,"60/052,_Thaman_Marg,_Jalna-564730",Jalna,Maharashtra,564730.0,Shipping
TS-09114,CUST-02542,"30/805,_Dora_Marg
Dindigul-940256",Dindigul,Tamil_Nadu,940256.0,"Billing,_Shipping"
UK-09115,CUST-05259,"12/454
Kota_Marg
Shivpuri-737383",Shivpuri,Madhya_Pradesh,737383.0,Shipping
TN-09116,CUST-14797,"68/208,_Dada_Circle,_Tiruppur_623196",Tiruppur,Tamil_Nadu,623196.0,Billing
RJ-09117,CUST-10450,"454,_Khalsa_Street,_Akola-722713",Akola,Maharashtra,722713.0,Shipping
MH-09118,CUST-19637,"H.No._690
Srinivasan_Nagar
Satara-757922",Satara,Maharashtra,757922.0,"Billing,_Shipping"
KA-09119,CUST-15197,"H.No._558,_Dua_Nagar
Mangalore-305068",Mangalore,Karnataka,305068.0,"Billing,_Shipping"
MP-09120,CUST-02297,"H.No._359,_Vora_Ganj,_Dehri-907407",Dehri,Bihar,907407.0,Shipping
UP-09121,CUST-03133,"56
Kanda_Chowk
Raipur_935218",Raipur,Chhattisgarh,935218.0,"Billing,_Shipping"
RJ-09122,CUST-04534,"849
Mallick_Ganj
Fatehpur-663962",Fatehpur,Uttar_Pradesh,663962.0,"Billing,_Shipping"
OR-09123,CUST-11059,"600,_Jayaraman,_Mathura_706408",Mathura,Uttar_Pradesh,706408.0,Billing
BR-09124,CUST-08516,"H.No._49
Bail_Nagar
Jaipur_337972",Jaipur,Rajasthan,337972.0,Billing
AS-09125,CUST-17438,"762,_Kumer_Chowk
Siliguri-760628",Siliguri,West_Bengal,760628.0,"Billing,_Shipping"
MP-09126,CUST-13781,"549,_Master_Road
Kishanganj_029192",Kishanganj,Bihar,29192.0,"Billing,_Shipping"
AP-09127,CUST-13421,"70/00,_Dasgupta
Jammu_326231",Jammu,Jammu_and_Kashmir,326231.0,"Billing,_Shipping"
WB-09128,CUST-11151,"H.No._951,_Subramanian_Nagar,_Naihati_389240",Naihati,West_Bengal,389240.0,"Billing,_Shipping"
UP-09129,CUST-10097,"499,_Dass_Ganj
Shahjahanpur-150999",Shahjahanpur,Uttar_Pradesh,150999.0,"Billing,_Shipping"
KA-09130,CUST-15134,"H.No._445,_Jha_Ganj
Tumkur_249624",Tumkur,Karnataka,249624.0,Billing
TN-09131,CUST-12026,"103,_Bhasin_Path,_Vellore-800183",Vellore,Tamil_Nadu,800183.0,"Billing,_Shipping"
HP-09132,CUST-08513,"H.No._15,_Setty_Zila
Udaipur-265857",Udaipur,Rajasthan,265857.0,Shipping
WB-09133,CUST-01936,"30/391,_Kuruvilla_Nagar
Aligarh-547807",Aligarh,Uttar_Pradesh,547807.0,Billing
MH-09134,CUST-10674,"02,_Gokhale_Circle,_Bhiwandi-105803",Bhiwandi,Maharashtra,105803.0,"Billing,_Shipping"
AP-09135,CUST-02151,"H.No._422
Devi_Marg
Anantapuram_296114",Anantapuram,Andhra_Pradesh,296114.0,Shipping
OR-09136,CUST-19922,"36
Lall_Circle
Danapur_115038",Danapur,Bihar,115038.0,Shipping
MH-09137,CUST-09505,"40/351
Sandal_Path
Guntur-593476",Guntur,Andhra_Pradesh,593476.0,"Billing,_Shipping"
HR-09138,CUST-16750,"12,_Raja_Marg,_Siwan_752150",Siwan,Bihar,752150.0,Shipping
TS-09139,CUST-11433,"H.No._69
Dani_Street
Dindigul-123144",Dindigul,Tamil_Nadu,123144.0,Shipping
WB-09140,CUST-07309,"20
Rout_Zila
Panihati_314618",Panihati,West_Bengal,314618.0,"Billing,_Shipping"
TN-09141,CUST-02941,"08,_Khatri_Marg,_Avadi-794742",Avadi,Tamil_Nadu,794742.0,Shipping
JH-09142,CUST-07136,"31/068,_Goel_Street
Phusro-135189",Phusro,Jharkhand,135189.0,Shipping
UK-09143,CUST-11365,"H.No._565
Chander_Zila
Jalna-000905",Jalna,Maharashtra,905.0,"Billing,_Shipping"
UP-09144,CUST-18739,"H.No._28,_Gill_Road,_Karimnagar_989396",Karimnagar,Telangana,989396.0,"Billing,_Shipping"
GJ-09145,CUST-16919,"47
Banik_Path
Gandhidham_992251",Gandhidham,Gujarat,992251.0,Shipping
OR-09146,CUST-13079,"H.No._69,_Srinivas_Road,_Danapur-106008",Danapur,Bihar,106008.0,Billing
MH-09148,CUST-11072,"81/172
Dani_Marg
Rampur-705095",Rampur,Uttar_Pradesh,705095.0,Shipping
UP-09149,CUST-10766,"19/58,_Kamdar_Nagar
Sambhal_381133",Sambhal,Uttar_Pradesh,381133.0,Shipping
JH-09150,CUST-14801,"H.No._37,_Balay_Chowk,_Asansol-212139",Asansol,West_Bengal,212139.0,Billing
BR-09151,CUST-04903,"06/883,_Zachariah_Zila,_Ballia-694022",Ballia,Uttar_Pradesh,694022.0,Billing
UP-09152,CUST-14020,"924,_Seshadri_Road,_Shahjahanpur_240790",Shahjahanpur,Uttar_Pradesh,240790.0,Billing
MP-09153,CUST-01574,"H.No._40,_Chawla
Mau-387012",Mau,Uttar_Pradesh,387012.0,Billing
TN-09154,CUST-09815,"H.No._90,_Goyal_Chowk,_Tiruppur-812689",Tiruppur,Tamil_Nadu,812689.0,"Billing,_Shipping"
AS-09155,CUST-10056,"042,_Lall_Zila
Nagaon-717121",Nagaon,Assam,717121.0,Billing
WB-09156,CUST-19602,"74/52,_Chand_Ganj,_Naihati_412574",Naihati,West_Bengal,412574.0,"Billing,_Shipping"
MP-09157,CUST-11715,"H.No._73,_Hans_Ganj,_Ramgarh-368173",Ramgarh,Jharkhand,368173.0,Billing
MP-09158,CUST-06774,"82,_Sunder_Chowk
Ramgarh_368568",Ramgarh,Jharkhand,368568.0,Billing
TS-09159,CUST-12239,"87
Dada_Marg
Ambala_693299",Ambala,Haryana,693299.0,"Billing,_Shipping"
GJ-09160,CUST-14302,"H.No._299
Doctor_Marg
Gandhidham_774040",Gandhidham,Gujarat,774040.0,Billing
MP-09161,CUST-05747,"H.No._804
Singh_Road
Khandwa_045107",Khandwa,Madhya_Pradesh,45107.0,"Billing,_Shipping"
KA-09162,CUST-10289,"H.No._73
Gulati_Zila
Hosur-568044",Hosur,Tamil_Nadu,568044.0,Billing
WB-09163,CUST-09578,"91/735,_Bera_Circle,_Bidhannagar-453198",Bidhannagar,West_Bengal,453198.0,Shipping
OR-09164,CUST-16021,"50/021,_Anne_Marg
Patna_308567",Patna,Bihar,308567.0,"Billing,_Shipping"
CG-09165,CUST-13953,"H.No._646,_Dara_Road
Malda_340516",Malda,West_Bengal,340516.0,Shipping
RJ-09166,CUST-14823,"H.No._27
Mane_Road
Rajkot-531958",Rajkot,Gujarat,531958.0,Shipping
UP-09167,CUST-01995,"16/46
Gade_Circle
Raiganj-007887",Raiganj,West_Bengal,7887.0,"Billing,_Shipping"
OR-09168,CUST-01229,"187,_Atwal,_Mathura_992371",Mathura,Uttar_Pradesh,992371.0,"Billing,_Shipping"
OR-09169,CUST-16252,"60/33,_Krishnan_Nagar
Bilaspur-918954",Bilaspur,Chhattisgarh,918954.0,Billing
MH-09170,CUST-16307,"34/27
Barman_Chowk
Yamunanagar-449803",Yamunanagar,Haryana,449803.0,Billing
DL-09171,CUST-15222,"92/13,_Sarna_Circle,_Delhi-456898",Delhi,Delhi_(Union_Territory),456898.0,Shipping
TS-09172,CUST-15204,"34,_Mallick_Ganj,_Nizamabad-105736",Nizamabad,Telangana,105736.0,"Billing,_Shipping"
TS-09173,CUST-13526,"85/10,_Tripathi,_Hindupur-281593",Hindupur,Andhra_Pradesh,281593.0,Shipping
JH-09174,CUST-11929,"H.No._91,_Badal_Path
Phusro-625746",Phusro,Jharkhand,625746.0,Billing
MP-09175,CUST-13529,"H.No._871,_Rao_Marg,_Jalandhar-237087",Jalandhar,Punjab,237087.0,"Billing,_Shipping"
UP-09176,CUST-17845,"99
Raj_Road
Raipur_228748",Raipur,Chhattisgarh,228748.0,Shipping
UP-09177,CUST-11083,"H.No._707
Sahni_Marg
Raipur_166220",Raipur,Chhattisgarh,166220.0,"Billing,_Shipping"
CG-09179,CUST-02543,"25,_Sha_Ganj
Malda-106949",Malda,West_Bengal,106949.0,Shipping
CG-09180,CUST-15401,"H.No._66,_Gala_Zila,_Sambalpur_680654",Sambalpur,Odisha,680654.0,Billing
OR-09181,CUST-06328,"H.No._24,_Sami_Path,_Kanpur-765817",Kanpur,Uttar_Pradesh,765817.0,"Billing,_Shipping"
TS-09182,CUST-17098,"H.No._45,_Ranganathan_Circle
Nizamabad-814155",Nizamabad,Telangana,814155.0,Shipping
MH-09183,CUST-15129,"31/16,_Acharya_Path
Nanded-622163",Nanded,Maharashtra,622163.0,"Billing,_Shipping"
OR-09184,CUST-15624,"H.No._609
Mammen_Marg
Bijapur-539654",Bijapur,Karnataka,539654.0,Shipping
HP-09185,CUST-18971,"H.No._499,_Setty_Zila,_Udaipur-284730",Udaipur,Rajasthan,284730.0,"Billing,_Shipping"
GJ-09186,CUST-04995,"628,_Mane_Chowk,_Hajipur-187784",Hajipur,Bihar,187784.0,Billing
AP-09187,CUST-15511,"40
Borah_Marg
Bhimavaram_200559",Bhimavaram,Andhra_Pradesh,200559.0,Billing
CG-09188,CUST-19893,"28,_Ramakrishnan_Marg,_Nagpur_253455",Nagpur,Maharashtra,253455.0,Billing
RJ-09189,CUST-17118,"61,_Dash,_Rajkot-400869",Rajkot,Gujarat,400869.0,"Billing,_Shipping"
JH-09190,CUST-17153,"06
Ganesh_Circle
Phusro_784444",Phusro,Jharkhand,784444.0,Shipping
HR-09191,CUST-15668,"05
Bava_Chowk
Siwan-677395",Siwan,Bihar,677395.0,Shipping
RJ-09192,CUST-10984,"H.No._82,_Mangat_Circle,_Rajkot-112690",Rajkot,Gujarat,112690.0,Shipping
UP-09193,CUST-05246,"H.No._489,_Shan_Zila
Ahmedabad_663172",Ahmedabad,Gujarat,663172.0,Billing
BR-09194,CUST-14006,"20,_Sarraf_Chowk,_Jaipur_283860",Jaipur,Rajasthan,283860.0,Shipping
UP-09195,CUST-10726,"28/23,_Trivedi_Street
Jamalpur_790361",Jamalpur,Bihar,790361.0,Billing
TS-09196,CUST-11396,"67
Kothari_Road
Proddatur-089546",Proddatur,Andhra_Pradesh,89546.0,Billing
TS-09197,CUST-12949,"H.No._09
Kar
Srinagar_022282",Srinagar,Jammu_and_Kashmir,22282.0,"Billing,_Shipping"
HR-09198,CUST-09544,"44/77,_Goda_Nagar,_Bikaner_778047",Bikaner,Rajasthan,778047.0,Billing
AP-09199,CUST-13416,"85,_Raju_Chowk,_Anantapuram-558868",Anantapuram,Andhra_Pradesh,558868.0,Billing
MP-09200,CUST-10263,"24/62
Trivedi_Chowk
Unnao_079080",Unnao,Uttar_Pradesh,79080.0,Billing
UP-09202,CUST-01684,"34/81,_Bandi_Ganj
Muzaffarpur_721388",Muzaffarpur,Bihar,721388.0,Shipping
UK-09203,CUST-01128,"62/734,_Bava_Circle,_Jalna-914787",Jalna,Maharashtra,914787.0,Billing
KA-09204,CUST-13706,"872
Rana_Ganj
Hosur_165139",Hosur,Tamil_Nadu,165139.0,Billing
MP-09205,CUST-18381,"82
Thakkar_Nagar
Gopalpur_164971",Gopalpur,Odisha,164971.0,Shipping
MP-09206,CUST-15001,"15/98
Ranganathan_Path
Ramgarh-899234",Ramgarh,Jharkhand,899234.0,"Billing,_Shipping"
OR-09207,CUST-14586,"93/30,_Sha_Path
Patna-360377",Patna,Bihar,360377.0,"Billing,_Shipping"
TS-09208,CUST-18011,"H.No._214,_Dayal_Marg,_Ambala-333075",Ambala,Haryana,333075.0,"Billing,_Shipping"
RJ-09209,CUST-12861,"77,_Thaker_Marg,_Akola-622514",Akola,Maharashtra,622514.0,Shipping
HR-09210,CUST-14447,"89,_Bhatia_Zila,_Siwan-997845",Siwan,Bihar,997845.0,Shipping
UK-09211,CUST-15257,"40/76,_Shroff_Ganj,_Shivpuri_988684",Shivpuri,Madhya_Pradesh,988684.0,"Billing,_Shipping"
AP-09212,CUST-10922,"24/04,_Loke_Chowk,_Jammu-802581",Jammu,Jammu_and_Kashmir,802581.0,Billing
UP-09213,CUST-02517,"H.No._67,_Kale_Path,_Muzaffarpur_335067",Muzaffarpur,Bihar,335067.0,"Billing,_Shipping"
TN-09214,CUST-16150,"530,_Warrior,_Avadi-490706",Avadi,Tamil_Nadu,490706.0,"Billing,_Shipping"
AS-09215,CUST-16438,"904
Dada_Path
Nagaon_615338",Nagaon,Assam,615338.0,Billing
TN-09216,CUST-06816,"53/31
Dara_Zila
Chittoor_220228",Chittoor,Andhra_Pradesh,220228.0,"Billing,_Shipping"
MH-09217,CUST-14393,"58/083
Srivastava_Path
Guntur_579593",Guntur,Andhra_Pradesh,579593.0,Billing
MH-09218,CUST-01359,"660,_Chad_Street,_Guntur_958365",Guntur,Andhra_Pradesh,958365.0,Billing
TN-09219,CUST-16958,"62/86,_Soman
Chittoor_130012",Chittoor,Andhra_Pradesh,130012.0,"Billing,_Shipping"
JH-09221,CUST-13687,"88/44
Ravel_Chowk
Mango-629621",Mango,Jharkhand,629621.0,"Billing,_Shipping"
CG-09222,CUST-18077,"H.No._98
Mandal_Road
Sambalpur-063444",Sambalpur,Odisha,63444.0,Shipping
KA-09223,CUST-16610,"777,_Bala_Ganj
Solapur_365519",Solapur,Maharashtra,365519.0,Billing
WB-09224,CUST-08290,"11/168
Dave_Circle
Panihati_693233",Panihati,West_Bengal,693233.0,"Billing,_Shipping"
MP-09225,CUST-17606,"924,_Kanda_Nagar,_Unnao_178434",Unnao,Uttar_Pradesh,178434.0,Shipping
AP-09226,CUST-11951,"10/902,_Divan_Zila
Jammu_059571",Jammu,Jammu_and_Kashmir,59571.0,Billing
MP-09227,CUST-13738,"H.No._240
Vora_Road
Gopalpur_417157",Gopalpur,Odisha,417157.0,Billing
BR-09228,CUST-12932,"H.No._75,_Sharma
Jaipur-459371",Jaipur,Rajasthan,459371.0,Billing
MP-09229,CUST-18546,"79,_Goswami_Ganj,_Indore-879281",Indore,Madhya_Pradesh,879281.0,Shipping
JH-09230,CUST-05714,"67/236,_Bhakta_Ganj
Mango-634721",Mango,Jharkhand,634721.0,"Billing,_Shipping"
OR-09231,CUST-00681,"715,_Vora_Road,_Chandrapur-544113",Chandrapur,Maharashtra,544113.0,Shipping
KL-09232,CUST-12566,"02,_Baria_Nagar
Kollam_781557",Kollam,Kerala,781557.0,Billing
TN-09233,CUST-10404,"59,_Madan_Street
Salem-455305",Salem,Tamil_Nadu,455305.0,"Billing,_Shipping"
MH-09234,CUST-09718,"45,_Walla_Chowk
Karnal-668017",Karnal,Haryana,668017.0,"Billing,_Shipping"
UP-09235,CUST-15375,"306,_Subramaniam_Road,_Chapra_359988",Chapra,Bihar,359988.0,Shipping
MH-09236,CUST-17520,"H.No._80,_Saran
Bhiwandi-524369",Bhiwandi,Maharashtra,524369.0,"Billing,_Shipping"
UP-09237,CUST-12429,"H.No._76,_Gill_Path
Raipur-100925",Raipur,Chhattisgarh,100925.0,"Billing,_Shipping"
TS-09238,CUST-15229,"069,_Keer_Street,_Sirsa_044465",Sirsa,Haryana,44465.0,Shipping
MP-09239,CUST-15249,"70
Varughese_Nagar
Agra-658912",Agra,Uttar_Pradesh,658912.0,"Billing,_Shipping"
TN-09240,CUST-15385,"35/76,_Rajan_Road
Tiruvottiyur_629723",Tiruvottiyur,Tamil_Nadu,629723.0,Shipping
GJ-09241,CUST-12660,"H.No._195,_Solanki_Circle
Ajmer_515429",Ajmer,Rajasthan,515429.0,Shipping
WB-09242,CUST-03384,"11/55
Gandhi_Circle
Madhyamgram_496093",Madhyamgram,West_Bengal,496093.0,Shipping
UP-09243,CUST-16609,"H.No._23,_Chaudhry_Chowk,_Firozabad-854088",Firozabad,Uttar_Pradesh,854088.0,Shipping
MH-09244,CUST-18217,"27/29
Apte_Chowk
Jalgaon_909345",Jalgaon,Maharashtra,909345.0,"Billing,_Shipping"
AS-09245,CUST-16758,"H.No._907
Venkataraman_Nagar
Nagaon_869407",Nagaon,Assam,869407.0,Billing
HR-09246,CUST-11099,"H.No._11
Bala_Nagar
Aurangabad_225901",Aurangabad,Maharashtra,225901.0,"Billing,_Shipping"
MP-09247,CUST-14080,"900
Sarkar_Ganj
Gopalpur_887253",Gopalpur,Odisha,887253.0,"Billing,_Shipping"
MP-09248,CUST-13273,"H.No._752
Mand_Path
Jodhpur-520465",Jodhpur,Rajasthan,520465.0,"Billing,_Shipping"
AS-09249,CUST-14344,"H.No._106,_Sastry_Road,_Bongaigaon-637371",Bongaigaon,Assam,637371.0,"Billing,_Shipping"
JH-09250,CUST-08064,"30/39
Batta_Road
Asansol-214713",Asansol,West_Bengal,214713.0,"Billing,_Shipping"
TN-09251,CUST-18765,"H.No._94
Dara
Avadi-984142",Avadi,Tamil_Nadu,984142.0,Billing
WB-09252,CUST-16741,"30,_Contractor_Marg
Baranagar_016786",Baranagar,West_Bengal,16786.0,"Billing,_Shipping"
KA-09253,CUST-01421,"H.No._540,_Sodhi_Marg
Tumkur-109818",Tumkur,Karnataka,109818.0,"Billing,_Shipping"
OR-09254,CUST-05778,"H.No._474
Kanda
Kanpur-805914",Kanpur,Uttar_Pradesh,805914.0,"Billing,_Shipping"
KA-09255,CUST-01068,"H.No._790,_Banik_Ganj,_Amaravati-580611",Amaravati,Andhra_Pradesh,580611.0,Shipping
DL-09256,CUST-05199,"27/436,_Dixit_Zila
Delhi_587707",Delhi,Delhi_(Union_Territory),587707.0,Shipping
TN-09257,CUST-01943,"210,_Kalita_Path
Avadi-153375",Avadi,Tamil_Nadu,153375.0,Shipping
CG-09258,CUST-12509,"64/001
Loke_Road
Sambalpur_105318",Sambalpur,Odisha,105318.0,Billing
WB-09259,CUST-17260,"51/90
Gade_Chowk
Panihati-408801",Panihati,West_Bengal,408801.0,Billing
MP-09260,CUST-03970,"61/034
Mangal_Marg
Kota-485219",Kota,Rajasthan,485219.0,"Billing,_Shipping"
MP-09261,CUST-01737,"16/21
Dubey_Nagar
Ramgarh-032449",Ramgarh,Jharkhand,32449.0,"Billing,_Shipping"
CG-09262,CUST-19478,"H.No._514,_Gill_Path,_Bhilai-532072",Bhilai,Chhattisgarh,532072.0,Billing
RJ-09263,CUST-14753,"H.No._43,_Sridhar_Nagar,_Akola_667400",Akola,Maharashtra,667400.0,Billing
WB-09265,CUST-19023,"H.No._57
Balan_Chowk
Bidhannagar_482464",Bidhannagar,West_Bengal,482464.0,"Billing,_Shipping"
MH-09266,CUST-19265,"22/48
Sama_Circle
Rampur-356202",Rampur,Uttar_Pradesh,356202.0,"Billing,_Shipping"
MH-09267,CUST-12052,"34,_Chaudry_Marg
Karnal_411851",Karnal,Haryana,411851.0,Billing
MP-09268,CUST-08644,"35,_Hans_Path,_Gopalpur_317347",Gopalpur,Odisha,317347.0,Billing
TS-09269,CUST-05116,"H.No._96,_Kata_Ganj,_Nizamabad_203389",Nizamabad,Telangana,203389.0,Shipping
MH-09270,CUST-10473,"89/43
Baria_Zila
Loni_689818",Loni,Uttar_Pradesh,689818.0,Shipping
MP-09271,CUST-11038,"897,_Dalal_Chowk,_Kota_338823",Kota,Rajasthan,338823.0,Shipping
UP-09272,CUST-17171,"H.No._12,_Arya_Street
Raiganj-668410",Raiganj,West_Bengal,668410.0,"Billing,_Shipping"
WB-09273,CUST-17430,"75/89,_Handa_Path
Bally_455038",Bally,West_Bengal,455038.0,Shipping
AP-09274,CUST-16600,"12/787
Dash_Path
Dharmavaram-115045",Dharmavaram,Andhra_Pradesh,115045.0,Shipping
UP-09275,CUST-19966,"064
Sha_Nagar
Gurgaon_723017",Gurgaon,Haryana,723017.0,Shipping
MP-09276,CUST-13802,"36/55,_Butala_Road
Indore-311274",Indore,Madhya_Pradesh,311274.0,"Billing,_Shipping"
BR-09277,CUST-00039,"14/60
Arora_Ganj
Munger-511851",Munger,Bihar,511851.0,"Billing,_Shipping"
DL-09278,CUST-15535,"378,_Contractor_Circle
Delhi-255176",Delhi,Delhi_(Union_Territory),255176.0,Shipping
BR-09279,CUST-11716,"76
Ben
Munger-373084",Munger,Bihar,373084.0,Shipping
HR-09280,CUST-03482,"03/330,_Swamy_Road
Siwan_687074",Siwan,Bihar,687074.0,Billing
GJ-09281,CUST-10008,"69
Setty_Chowk
Ajmer-943435",Ajmer,Rajasthan,943435.0,Billing
AP-09282,CUST-15698,"963,_Bera_Circle,_Anantapuram_513302",Anantapuram,Andhra_Pradesh,513302.0,"Billing,_Shipping"
WB-09283,CUST-14794,"H.No._88,_Sem_Chowk
Naihati-679921",Naihati,West_Bengal,679921.0,"Billing,_Shipping"
UP-09284,CUST-17668,"38,_Gokhale_Marg,_Jamalpur-899362",Jamalpur,Bihar,899362.0,"Billing,_Shipping"
MP-09285,CUST-17139,"26
Sarma_Street
Ramgarh-716448",Ramgarh,Jharkhand,716448.0,Billing
CG-09286,CUST-11538,"68,_Dhillon_Road,_Nagpur-163641",Nagpur,Maharashtra,163641.0,Billing
AP-09287,CUST-05444,"31/428,_Chhabra_Circle,_Srikakulam_491190",Srikakulam,Andhra_Pradesh,491190.0,"Billing,_Shipping"
MP-09288,CUST-12156,"H.No._270,_Chaudhari_Road,_Indore_185300",Indore,Madhya_Pradesh,185300.0,"Billing,_Shipping"
UP-09289,CUST-14093,"H.No._29
Baral_Path
Muzaffarpur-181214",Muzaffarpur,Bihar,181214.0,"Billing,_Shipping"
UP-09290,CUST-11522,"H.No._558,_Ramaswamy_Path
Chapra-910672",Chapra,Bihar,910672.0,Shipping
AS-09291,CUST-19511,"32/62,_Chandra_Circle
Nagaon_681130",Nagaon,Assam,681130.0,Billing
MP-09292,CUST-04898,"H.No._472,_Master_Road,_Jhansi-000659",Jhansi,Uttar_Pradesh,659.0,Billing
WB-09293,CUST-16901,"69/02,_Varghese_Chowk,_Bidhannagar_887651",Bidhannagar,West_Bengal,887651.0,Shipping
RJ-09294,CUST-07655,"H.No._247,_Saini_Nagar,_Akola-099339",Akola,Maharashtra,99339.0,"Billing,_Shipping"
MP-09295,CUST-10001,"10/461
Banik_Nagar
Agra_386534",Agra,Uttar_Pradesh,386534.0,"Billing,_Shipping"
MH-09296,CUST-13505,"81/997,_Chopra_Path
Rampur_092499",Rampur,Uttar_Pradesh,92499.0,Shipping
AS-09297,CUST-12298,"H.No._37,_Bhatia_Chowk
Siliguri-591169",Siliguri,West_Bengal,591169.0,Shipping
GJ-09298,CUST-19157,"H.No._02,_Vig_Nagar,_Allahabad-070768",Allahabad,Uttar_Pradesh,70768.0,"Billing,_Shipping"
UK-09299,CUST-16995,"H.No._635,_Sengupta_Path
Shivpuri_500570",Shivpuri,Madhya_Pradesh,500570.0,"Billing,_Shipping"
MP-09300,CUST-07085,"83/068,_Mallick,_Jodhpur_228308",Jodhpur,Rajasthan,228308.0,"Billing,_Shipping"
TS-09301,CUST-15195,"628
Date_Chowk
Ramagundam-903502",Ramagundam,Telangana,903502.0,Billing
CG-09302,CUST-15845,"21,_Krishna_Ganj
Malda-437857",Malda,West_Bengal,437857.0,Shipping
MP-09303,CUST-18465,"H.No._80,_Comar_Street,_Kishanganj-948435",Kishanganj,Bihar,948435.0,Shipping
BR-09304,CUST-10683,"88/04,_Comar_Nagar
Buxar_096475",Buxar,Bihar,96475.0,Billing
HR-09305,CUST-05982,"H.No._401,_Gopal_Zila,_Aurangabad-773443",Aurangabad,Maharashtra,773443.0,"Billing,_Shipping"
WB-09306,CUST-06817,"543,_Kaur_Street
Uluberia_824844",Uluberia,West_Bengal,824844.0,Shipping
RJ-09307,CUST-08180,"38/90
Koshy_Road
Dewas-414298",Dewas,Madhya_Pradesh,414298.0,"Billing,_Shipping"
TN-09308,CUST-12679,"57/142,_Andra_Street
Pallavaram_844198",Pallavaram,Tamil_Nadu,844198.0,Shipping
JH-09309,CUST-18156,"50/20,_Sekhon_Marg,_Asansol_701965",Asansol,West_Bengal,701965.0,Billing
TN-09310,CUST-10098,"H.No._304,_Kadakia_Ganj
Tiruppur_662069",Tiruppur,Tamil_Nadu,662069.0,Billing
WB-09311,CUST-10760,"H.No._672,_Butala_Path,_Panihati-165579",Panihati,West_Bengal,165579.0,Billing
MP-09312,CUST-17397,"103
Thakur_Ganj
Jodhpur-589731",Jodhpur,Rajasthan,589731.0,Billing
OR-09313,CUST-10875,"29/383,_Goel_Road
Kanpur-225543",Kanpur,Uttar_Pradesh,225543.0,Shipping
MP-09314,CUST-12062,"76/49,_Sidhu_Chowk
Unnao_409347",Unnao,Uttar_Pradesh,409347.0,Billing
MH-09315,CUST-19569,"007,_Varughese_Chowk,_Malegaon_168857",Malegaon,Maharashtra,168857.0,Shipping
BR-09316,CUST-12110,"91/71,_Tailor_Ganj
Ballia-447754",Ballia,Uttar_Pradesh,447754.0,Shipping
WB-09318,CUST-19047,"H.No._619
Dubey_Path
Uluberia-656441",Uluberia,West_Bengal,656441.0,Billing
WB-09319,CUST-15347,"H.No._79,_Barman_Nagar
Bhatpara_810481",Bhatpara,West_Bengal,810481.0,Billing
AP-09320,CUST-19507,"004
Swamy_Nagar
Jammu_068110",Jammu,Jammu_and_Kashmir,68110.0,Billing
KA-09321,CUST-18669,"881,_Ramanathan_Zila,_Hosur-010290",Hosur,Tamil_Nadu,10290.0,Billing
HR-09322,CUST-16586,"H.No._26,_Shetty_Street
Aurangabad_845836",Aurangabad,Maharashtra,845836.0,"Billing,_Shipping"
AP-09323,CUST-02753,"606,_Karan_Nagar,_Bhimavaram-827144",Bhimavaram,Andhra_Pradesh,827144.0,Billing
MP-09324,CUST-06116,"81
Sathe_Road
Jhansi_355345",Jhansi,Uttar_Pradesh,355345.0,Shipping
UK-09325,CUST-01225,"94/363,_Chada_Circle,_Haridwar_150217",Haridwar,Uttarakhand,150217.0,"Billing,_Shipping"
BR-09326,CUST-02448,"H.No._59,_Sidhu_Chowk,_Jaipur_396663",Jaipur,Rajasthan,396663.0,Billing
UP-09327,CUST-08364,"H.No._27
Maharaj
Ahmedabad-382582",Ahmedabad,Gujarat,382582.0,"Billing,_Shipping"
OR-09328,CUST-08009,"26/403
Bhakta_Circle
Haldia-071370",Haldia,West_Bengal,71370.0,Billing
OR-09329,CUST-20000,"H.No._63,_Amble_Ganj
Bilaspur_108946",Bilaspur,Chhattisgarh,108946.0,Billing
BR-09330,CUST-17982,"H.No._05
Agrawal
Satna_245595",Satna,Madhya_Pradesh,245595.0,Billing
UP-09331,CUST-15590,"H.No._950
Sastry_Street
Bhagalpur-559394",Bhagalpur,Bihar,559394.0,Billing
AP-09332,CUST-09191,"88,_Kari_Path,_Gudivada-674874",Gudivada,Andhra_Pradesh,674874.0,Billing
OR-09333,CUST-10396,"H.No._881
Varkey
Mathura_646594",Mathura,Uttar_Pradesh,646594.0,Billing
UP-09334,CUST-14832,"H.No._902
Ramakrishnan_Marg
Sambhal-182025",Sambhal,Uttar_Pradesh,182025.0,Billing
HP-09335,CUST-15305,"H.No._140,_Baria_Nagar
Udaipur-649172",Udaipur,Rajasthan,649172.0,"Billing,_Shipping"
HR-09336,CUST-08003,"58/27,_Iyengar_Chowk,_Siwan-241314",Siwan,Bihar,241314.0,"Billing,_Shipping"
WB-09337,CUST-03749,"H.No._54
Bhat_Road
Uluberia-151479",Uluberia,West_Bengal,151479.0,Billing
BR-09338,CUST-12094,"96/822,_Biswas_Zila
Ballia-928929",Ballia,Uttar_Pradesh,928929.0,Shipping
TN-09339,CUST-11305,"H.No._959
Kannan_Street
Salem_549754",Salem,Tamil_Nadu,549754.0,"Billing,_Shipping"
MH-09340,CUST-15311,"38,_Sachar_Marg
Bhiwandi-817483",Bhiwandi,Maharashtra,817483.0,Billing
OR-09341,CUST-15413,"42
Comar_Circle
Anantapur-764758",Anantapur,Andhra_Pradesh,764758.0,Billing
JH-09342,CUST-16823,"H.No._223
Buch_Zila
Kharagpur-387651",Kharagpur,West_Bengal,387651.0,Shipping
TN-09343,CUST-13274,"71,_Khare_Zila,_Tiruppur_481640",Tiruppur,Tamil_Nadu,481640.0,Billing
BR-09344,CUST-10600,"816,_Salvi_Circle,_Munger_344481",Munger,Bihar,344481.0,Billing
UP-09345,CUST-12862,"H.No._50,_Bhagat_Street
Mirzapur_922741",Mirzapur,Uttar_Pradesh,922741.0,"Billing,_Shipping"
AP-09346,CUST-11379,"27/99,_Dar_Road
Srikakulam-486526",Srikakulam,Andhra_Pradesh,486526.0,"Billing,_Shipping"
GJ-09347,CUST-17352,"H.No._109,_Yogi_Zila
Ajmer_309280",Ajmer,Rajasthan,309280.0,"Billing,_Shipping"
MP-09348,CUST-00643,"54
Taneja_Road
Indore_185056",Indore,Madhya_Pradesh,185056.0,Shipping
UK-09349,CUST-17424,"H.No._322,_Chokshi_Ganj
Haridwar_030460",Haridwar,Uttarakhand,30460.0,"Billing,_Shipping"
TS-09350,CUST-17150,"06
Mander_Road
Proddatur_928680",Proddatur,Andhra_Pradesh,928680.0,"Billing,_Shipping"
CG-09351,CUST-09041,"18/727,_Guha_Road,_Nagpur_566894",Nagpur,Maharashtra,566894.0,Billing
GJ-09352,CUST-18957,"H.No._44
Manne
Ajmer-974023",Ajmer,Rajasthan,974023.0,"Billing,_Shipping"
BR-09353,CUST-15132,"48/703
Venkataraman_Street
Ballia-973053",Ballia,Uttar_Pradesh,973053.0,Shipping
AP-09354,CUST-08030,"29/44,_Cheema_Marg
Jammu-775374",Jammu,Jammu_and_Kashmir,775374.0,Shipping
WB-09355,CUST-18464,"85/64,_Garg_Zila,_Arrah-125997",Arrah,Bihar,125997.0,Billing
TS-09356,CUST-19317,"29,_Manda_Zila
Proddatur-735662",Proddatur,Andhra_Pradesh,735662.0,Billing
AP-09357,CUST-19259,"84,_Tara_Street,_Bhimavaram_134887",Bhimavaram,Andhra_Pradesh,134887.0,Shipping
JH-09358,CUST-05377,"H.No._814,_Deep_Circle,_Mango-596855",Mango,Jharkhand,596855.0,Billing
GJ-09359,CUST-08837,"81/479,_Ratta_Path,_Jabalpur_029493",Jabalpur,Madhya_Pradesh,29493.0,Shipping
KL-09360,CUST-15438,"07/052,_Jani_Marg,_Kollam_945776",Kollam,Kerala,945776.0,Billing
WB-09361,CUST-05516,"17
Banerjee_Road
Bhatpara-269011",Bhatpara,West_Bengal,269011.0,Shipping
HR-09362,CUST-17100,"H.No._255
Trivedi_Zila
Bikaner-147759",Bikaner,Rajasthan,147759.0,"Billing,_Shipping"
WB-09363,CUST-01151,"H.No._70,_Brahmbhatt
Uluberia-890291",Uluberia,West_Bengal,890291.0,Billing
MP-09364,CUST-00677,"H.No._887
Sathe
Jhansi-555491",Jhansi,Uttar_Pradesh,555491.0,Billing
UP-09365,CUST-18711,"931,_Setty_Path,_Ahmedabad_248975",Ahmedabad,Gujarat,248975.0,"Billing,_Shipping"
AP-09366,CUST-12007,"H.No._819,_Verma_Marg
Anantapuram_527109",Anantapuram,Andhra_Pradesh,527109.0,"Billing,_Shipping"
TS-09367,CUST-09841,"30/523,_Bakshi_Circle
Proddatur-378508",Proddatur,Andhra_Pradesh,378508.0,Billing
AP-09368,CUST-10737,"491,_Lanka
Dharmavaram-634533",Dharmavaram,Andhra_Pradesh,634533.0,"Billing,_Shipping"
MP-09369,CUST-11091,"H.No._792,_Gara_Marg,_Mau_991973",Mau,Uttar_Pradesh,991973.0,Shipping
OR-09370,CUST-05313,"38/072
Kala_Marg
Bilaspur_771956",Bilaspur,Chhattisgarh,771956.0,Shipping
RJ-09371,CUST-14615,"H.No._74,_Cherian_Ganj
Akola-095488",Akola,Maharashtra,95488.0,Billing
CG-09372,CUST-08672,"86/989,_Brahmbhatt,_Sambalpur-984305",Sambalpur,Odisha,984305.0,Shipping
TS-09373,CUST-06373,"48
Dani_Ganj
Ramagundam-081456",Ramagundam,Telangana,81456.0,"Billing,_Shipping"
MH-09374,CUST-12049,"75,_Wason_Path,_Rampur-511290",Rampur,Uttar_Pradesh,511290.0,Shipping
MH-09375,CUST-17492,"H.No._86,_Dasgupta,_Satara-748835",Satara,Maharashtra,748835.0,Shipping
WB-09376,CUST-02710,"H.No._60,_Ganesh_Path
Kulti-705349",Kulti,West_Bengal,705349.0,Shipping
OR-09377,CUST-10986,"H.No._26
Bhatnagar_Street
Danapur-084547",Danapur,Bihar,84547.0,Shipping
OR-09378,CUST-14864,"97/083,_Bains_Zila
Berhampur_107459",Berhampur,Odisha,107459.0,Shipping
BR-09379,CUST-11576,"569,_Kapoor_Nagar,_Jaipur-919293",Jaipur,Rajasthan,919293.0,Billing
TR-09380,CUST-04783,"H.No._346
Edwin
Durgapur-728205",Durgapur,West_Bengal,728205.0,"Billing,_Shipping"
CG-09381,CUST-03738,"H.No._327,_Divan_Nagar
Malda_551131",Malda,West_Bengal,551131.0,Shipping
JH-09382,CUST-13602,"11,_Rajagopal
Mango-896978",Mango,Jharkhand,896978.0,"Billing,_Shipping"
KA-09383,CUST-10193,"H.No._88,_Sahni_Road,_Mangalore-628398",Mangalore,Karnataka,628398.0,"Billing,_Shipping"
WB-09384,CUST-01303,"H.No._38
Venkatesh_Street
Uluberia-991675",Uluberia,West_Bengal,991675.0,"Billing,_Shipping"
GJ-09385,CUST-13799,"H.No._68,_Kade_Chowk
Vadodara-665169",Vadodara,Gujarat,665169.0,Billing
RJ-09386,CUST-19123,"05/66
Shere_Marg
Fatehpur_541161",Fatehpur,Uttar_Pradesh,541161.0,"Billing,_Shipping"
UK-09387,CUST-12810,"H.No._781,_Sunder_Zila,_Jalna-237544",Jalna,Maharashtra,237544.0,Shipping
JH-09388,CUST-06712,"12/386,_Rajagopalan_Road
Asansol-341359",Asansol,West_Bengal,341359.0,"Billing,_Shipping"
GJ-09389,CUST-13298,"H.No._561,_Som_Ganj,_Kavali-271640",Kavali,Andhra_Pradesh,271640.0,Billing
MH-09390,CUST-11315,"H.No._647,_Dube
Yamunanagar_880952",Yamunanagar,Haryana,880952.0,"Billing,_Shipping"
MP-09391,CUST-13856,"H.No._47,_Sanghvi,_Gopalpur-606846",Gopalpur,Odisha,606846.0,"Billing,_Shipping"
MH-09392,CUST-14746,"05/016
Mani_Road
Karnal-929038",Karnal,Haryana,929038.0,Billing
MH-09393,CUST-19324,"32/060,_Lal_Road,_Malegaon_542449",Malegaon,Maharashtra,542449.0,Billing
JH-09394,CUST-17540,"H.No._719
Char_Ganj
Mango-942281",Mango,Jharkhand,942281.0,Billing
OR-09395,CUST-05167,"43
Deep_Chowk
Chandrapur-967244",Chandrapur,Maharashtra,967244.0,Shipping
OR-09396,CUST-12399,"897
Bedi_Marg
Bilaspur-359024",Bilaspur,Chhattisgarh,359024.0,"Billing,_Shipping"
UP-09397,CUST-15463,"450,_Yogi_Street
Gurgaon_715505",Gurgaon,Haryana,715505.0,"Billing,_Shipping"
OR-09398,CUST-18285,"H.No._139
Rege_Street
Berhampur_288557",Berhampur,Odisha,288557.0,Billing
MP-09399,CUST-19855,"02/14,_Soni_Chowk
Jodhpur_255846",Jodhpur,Rajasthan,255846.0,"Billing,_Shipping"
GJ-09400,CUST-10167,"37/89
Sha_Chowk
Allahabad_236088",Allahabad,Uttar_Pradesh,236088.0,Billing
HR-09401,CUST-15710,"704,_Ray_Street,_Siwan_862019",Siwan,Bihar,862019.0,Shipping
TS-09402,CUST-00165,"33/275,_Seth_Street,_Sirsa-226205",Sirsa,Haryana,226205.0,Billing
GJ-09403,CUST-08226,"H.No._296
Gandhi_Circle
Hajipur-003243",Hajipur,Bihar,3243.0,"Billing,_Shipping"
UP-09404,CUST-19724,"461
Khanna_Zila
Mirzapur_242833",Mirzapur,Uttar_Pradesh,242833.0,Shipping
JH-09405,CUST-11488,"39,_Banerjee_Circle,_Kharagpur-561409",Kharagpur,West_Bengal,561409.0,Shipping
JH-09406,CUST-17375,"91/349,_Jaggi_Nagar,_Kharagpur_749611",Kharagpur,West_Bengal,749611.0,"Billing,_Shipping"
OR-09407,CUST-13621,"H.No._17
Solanki_Path
Bijapur_681494",Bijapur,Karnataka,681494.0,Shipping
UP-09408,CUST-17958,"H.No._30,_Gola
Karimnagar_192788",Karimnagar,Telangana,192788.0,Billing
KA-09409,CUST-07000,"46,_Kaul_Ganj
Amaravati-472838",Amaravati,Andhra_Pradesh,472838.0,Billing
WB-09410,CUST-16681,"495,_Sama_Circle
Kulti_985899",Kulti,West_Bengal,985899.0,"Billing,_Shipping"
MH-09411,CUST-09319,"366,_Bath_Chowk,_Jalgaon_975633",Jalgaon,Maharashtra,975633.0,Shipping
DL-09412,CUST-19224,"H.No._377
Ahluwalia_Nagar
Delhi_638232",Delhi,Delhi_(Union_Territory),638232.0,"Billing,_Shipping"
AS-09413,CUST-19006,"H.No._677,_Saran_Circle
Nagaon_896107",Nagaon,Assam,896107.0,Shipping
GJ-09414,CUST-06489,"H.No._604,_Sinha_Circle,_Gandhidham_836130",Gandhidham,Gujarat,836130.0,"Billing,_Shipping"
WB-09415,CUST-12935,"H.No._51,_Choudhury_Ganj,_Bidhannagar_451919",Bidhannagar,West_Bengal,451919.0,Shipping
WB-09416,CUST-06966,"91/907,_Goda,_Bidhannagar-448695",Bidhannagar,West_Bengal,448695.0,Billing
HP-09417,CUST-10170,"22,_Sehgal_Street
Udaipur-589233",Udaipur,Rajasthan,589233.0,Shipping
KA-09419,CUST-17583,"10/983,_Sankar_Zila
Amaravati_768360",Amaravati,Andhra_Pradesh,768360.0,Billing
RJ-09420,CUST-13350,"H.No._913,_Lal_Ganj,_Akola_645819",Akola,Maharashtra,645819.0,Billing
OR-09421,CUST-12135,"810
Bose_Ganj
Mathura-637803",Mathura,Uttar_Pradesh,637803.0,Shipping
BR-09422,CUST-13116,"38/01,_Mandal_Marg,_Jaipur-724591",Jaipur,Rajasthan,724591.0,"Billing,_Shipping"
BR-09423,CUST-14793,"73,_Kothari_Road,_Purnia_137166",Purnia,Bihar,137166.0,Billing
TN-09424,CUST-13322,"H.No._223,_Dani_Circle
Pallavaram_295944",Pallavaram,Tamil_Nadu,295944.0,"Billing,_Shipping"
TN-09425,CUST-10143,"H.No._66
Choudhary_Nagar
Gandhinagar-226250",Gandhinagar,Gujarat,226250.0,"Billing,_Shipping"
MP-09426,CUST-14959,"82,_Koshy_Road
Ramgarh-824460",Ramgarh,Jharkhand,824460.0,"Billing,_Shipping"
GJ-09427,CUST-08038,"H.No._838,_Devan_Chowk,_Kavali_459257",Kavali,Andhra_Pradesh,459257.0,Shipping
KA-09428,CUST-19729,"062,_Vora_Road
Amaravati-199828",Amaravati,Andhra_Pradesh,199828.0,"Billing,_Shipping"
RJ-09429,CUST-18449,"761,_Walia_Nagar,_Fatehpur_755443",Fatehpur,Uttar_Pradesh,755443.0,Shipping
AP-09430,CUST-19004,"21
Raj_Street
Srikakulam_231813",Srikakulam,Andhra_Pradesh,231813.0,Billing
BR-09431,CUST-00755,"75/437,_Roy_Marg
Buxar_387188",Buxar,Bihar,387188.0,Billing
MP-09432,CUST-14722,"485
Sama_Ganj
Khandwa_095477",Khandwa,Madhya_Pradesh,95477.0,"Billing,_Shipping"
TS-09433,CUST-10972,"58/306,_Sur_Path,_Srinagar_704521",Srinagar,Jammu_and_Kashmir,704521.0,"Billing,_Shipping"
KA-09434,CUST-01368,"39/470
Sarkar_Chowk
Amaravati_556591",Amaravati,Andhra_Pradesh,556591.0,Shipping
MH-09435,CUST-01873,"H.No._930,_Yohannan_Path
Jalgaon_911705",Jalgaon,Maharashtra,911705.0,Billing
JH-09436,CUST-14721,"H.No._54,_Thaker_Ganj
Asansol_287494",Asansol,West_Bengal,287494.0,Shipping
HR-09437,CUST-16729,"920
Gara
Aurangabad-929513",Aurangabad,Maharashtra,929513.0,"Billing,_Shipping"
OR-09438,CUST-11170,"41/53,_Rajan_Path
Chandrapur-533270",Chandrapur,Maharashtra,533270.0,"Billing,_Shipping"
UP-09439,CUST-12268,"96,_Mani_Chowk
Bhagalpur-527362",Bhagalpur,Bihar,527362.0,"Billing,_Shipping"
HR-09440,CUST-00478,"H.No._09,_Gokhale_Road,_Bikaner_697038",Bikaner,Rajasthan,697038.0,Shipping
UP-09441,CUST-14821,"259,_Borah_Road,_Ahmedabad_698036",Ahmedabad,Gujarat,698036.0,"Billing,_Shipping"
TN-09442,CUST-16155,"34/701,_Jaggi_Path,_Salem_926253",Salem,Tamil_Nadu,926253.0,Shipping
KL-09443,CUST-03189,"62/244,_Varghese_Marg
Kollam_929917",Kollam,Kerala,929917.0,Billing
TS-09444,CUST-11896,"H.No._34,_Suri_Marg,_Nizamabad_664833",Nizamabad,Telangana,664833.0,Billing
AP-09445,CUST-17206,"H.No._640,_Goda_Ganj
Bhimavaram-399961",Bhimavaram,Andhra_Pradesh,399961.0,Billing
WB-09446,CUST-09856,"95,_Rege,_Arrah-749657",Arrah,Bihar,749657.0,"Billing,_Shipping"
TN-09447,CUST-10753,"42,_Acharya_Road
Chittoor-258573",Chittoor,Andhra_Pradesh,258573.0,"Billing,_Shipping"
MH-09448,CUST-06463,"21/62,_Agate
Malegaon_755157",Malegaon,Maharashtra,755157.0,Shipping
RJ-09449,CUST-17288,"H.No._175,_Jha_Marg
Rajkot-694407",Rajkot,Gujarat,694407.0,"Billing,_Shipping"
MH-09450,CUST-13978,"44/02
Mani_Nagar
Bhiwandi-549831",Bhiwandi,Maharashtra,549831.0,"Billing,_Shipping"
RJ-09451,CUST-19090,"331
Varughese_Zila
Akola_872892",Akola,Maharashtra,872892.0,Billing
HR-09452,CUST-18509,"H.No._56,_Kale_Circle,_Bikaner_931051",Bikaner,Rajasthan,931051.0,"Billing,_Shipping"
MP-09453,CUST-12059,"70,_Mandal_Marg
Agra-334015",Agra,Uttar_Pradesh,334015.0,Billing
GJ-09454,CUST-00540,"24/920,_Rau_Chowk,_Vadodara-536895",Vadodara,Gujarat,536895.0,Billing
UP-09455,CUST-15647,"25,_Comar_Road
Firozabad-881403",Firozabad,Uttar_Pradesh,881403.0,Billing
CG-09456,CUST-18315,"71/24,_Venkataraman_Ganj
Nagpur_108956",Nagpur,Maharashtra,108956.0,Billing
UK-09457,CUST-09733,"03
Gour_Nagar
Haridwar_125053",Haridwar,Uttarakhand,125053.0,Shipping
KA-09458,CUST-14040,"H.No._506,_Dewan
Tumkur-966448",Tumkur,Karnataka,966448.0,Shipping
MH-09459,CUST-01929,"200
Ravel_Circle
Bhiwandi_760966",Bhiwandi,Maharashtra,760966.0,Shipping
AS-09460,CUST-18970,"603,_Borah_Road,_Bongaigaon-638893",Bongaigaon,Assam,638893.0,Shipping
CG-09461,CUST-05498,"H.No._10,_Saxena_Zila,_Sagar-757933",Sagar,Madhya_Pradesh,757933.0,Billing
UP-09462,CUST-08275,"985
Kala
Mirzapur_268938",Mirzapur,Uttar_Pradesh,268938.0,Shipping
UP-09463,CUST-12983,"558
Aurora_Street
Raipur_265580",Raipur,Chhattisgarh,265580.0,Shipping
AS-09464,CUST-15618,"83/530,_Srivastava_Circle,_Nagaon_180450",Nagaon,Assam,180450.0,Shipping
UK-09465,CUST-19699,"69,_Iyengar_Ganj,_Haridwar-931158",Haridwar,Uttarakhand,931158.0,"Billing,_Shipping"
TS-09467,CUST-16276,"95/718,_Chahal_Circle,_Ramagundam_226217",Ramagundam,Telangana,226217.0,Shipping
GJ-09468,CUST-08042,"472,_Keer_Path,_Hajipur-448309",Hajipur,Bihar,448309.0,Shipping
UP-09469,CUST-16689,"31/708,_Lalla_Circle
Sambhal-775989",Sambhal,Uttar_Pradesh,775989.0,"Billing,_Shipping"
WB-09470,CUST-00544,"65/146,_Kala_Zila,_Panihati-123389",Panihati,West_Bengal,123389.0,Shipping
AP-09471,CUST-05898,"93,_Maharaj_Circle
Anantapuram-885280",Anantapuram,Andhra_Pradesh,885280.0,Shipping
OR-09472,CUST-15052,"168,_Lanka_Zila
Haldia_410850",Haldia,West_Bengal,410850.0,Shipping
WB-09473,CUST-18017,"94/905,_Ghosh_Path
Aligarh_192376",Aligarh,Uttar_Pradesh,192376.0,Shipping
KL-09474,CUST-13953,"984,_Goswami_Road
Kollam-494648",Kollam,Kerala,494648.0,Shipping
WB-09475,CUST-14708,"07/34
Rout_Street
Kulti_577238",Kulti,West_Bengal,577238.0,Shipping
MH-09476,CUST-07307,"H.No._46,_Babu_Circle,_Karnal_544430",Karnal,Haryana,544430.0,Shipping
CG-09477,CUST-07527,"95,_Wable
Bhilai_626337",Bhilai,Chhattisgarh,626337.0,"Billing,_Shipping"
MP-09478,CUST-11822,"251,_Ratta_Marg
Agra-034464",Agra,Uttar_Pradesh,34464.0,Billing
TN-09479,CUST-15666,"65
Sood_Zila
Gandhinagar-054518",Gandhinagar,Gujarat,54518.0,"Billing,_Shipping"
OR-09480,CUST-05695,"H.No._010,_Khurana,_Chandrapur_417993",Chandrapur,Maharashtra,417993.0,"Billing,_Shipping"
TN-09482,CUST-15012,"H.No._726,_Ganesh_Street,_Vellore_190152",Vellore,Tamil_Nadu,190152.0,Billing
TS-09483,CUST-09202,"93,_Thaman_Road,_Hindupur_816903",Hindupur,Andhra_Pradesh,816903.0,"Billing,_Shipping"
UP-09484,CUST-13176,"H.No._78,_Wadhwa_Chowk,_Raiganj_132083",Raiganj,West_Bengal,132083.0,Billing
WB-09485,CUST-18700,"16/91
Bora_Chowk
Baranagar-821678",Baranagar,West_Bengal,821678.0,Billing
HR-09486,CUST-19371,"286,_Chanda_Road
Aurangabad_687925",Aurangabad,Maharashtra,687925.0,Shipping
UP-09487,CUST-12220,"57/901,_Rau_Nagar,_Ahmedabad-941618",Ahmedabad,Gujarat,941618.0,"Billing,_Shipping"
MH-09488,CUST-11433,"H.No._754,_Vala_Ganj
Rampur-081512",Rampur,Uttar_Pradesh,81512.0,Shipping
OR-09489,CUST-16730,"90,_Roy_Circle,_Bharatpur_467561",Bharatpur,Rajasthan,467561.0,"Billing,_Shipping"
HR-09490,CUST-17137,"H.No._90,_Shere_Circle
Aurangabad_865823",Aurangabad,Maharashtra,865823.0,"Billing,_Shipping"
MH-09491,CUST-10598,"740,_Goel_Street,_Malegaon-709879",Malegaon,Maharashtra,709879.0,"Billing,_Shipping"
MP-09492,CUST-01083,"H.No._95
Tak_Ganj
Ramgarh_801547",Ramgarh,Jharkhand,801547.0,Billing
TR-09493,CUST-05171,"086
Sridhar_Ganj
Durgapur_800522",Durgapur,West_Bengal,800522.0,Shipping
KA-09494,CUST-01605,"H.No._82
Hayre_Path
Hosur-449536",Hosur,Tamil_Nadu,449536.0,"Billing,_Shipping"
MP-09495,CUST-19546,"H.No._09,_Choudhry_Marg
Jalandhar-961944",Jalandhar,Punjab,961944.0,"Billing,_Shipping"
TN-09496,CUST-16289,"13/574,_Desai_Ganj
Chittoor-569517",Chittoor,Andhra_Pradesh,569517.0,Shipping
UP-09497,CUST-15628,"H.No._33
Balan_Road
Bhagalpur_380834",Bhagalpur,Bihar,380834.0,Billing
KA-09498,CUST-02892,"63/271,_Deo
Hosur_860270",Hosur,Tamil_Nadu,860270.0,Billing
UP-09499,CUST-08296,"H.No._95
Walla
Muzaffarpur-737543",Muzaffarpur,Bihar,737543.0,Shipping
OR-09500,CUST-12273,"H.No._28,_Bal_Circle,_Bharatpur_084768",Bharatpur,Rajasthan,84768.0,Billing
BR-09502,CUST-03797,"H.No._997
Banik_Marg
Munger-776942",Munger,Bihar,776942.0,Billing
UP-09503,CUST-14214,"23/768,_Chauhan_Zila,_Jamalpur_524655",Jamalpur,Bihar,524655.0,Billing
BR-09504,CUST-16741,"H.No._80,_Kala_Marg
Buxar_537129",Buxar,Bihar,537129.0,"Billing,_Shipping"
TN-09505,CUST-14230,"76/535
Soman_Circle
Gandhinagar_212119",Gandhinagar,Gujarat,212119.0,"Billing,_Shipping"
MH-09506,CUST-03503,"H.No._40,_Keer_Chowk
Malegaon_869405",Malegaon,Maharashtra,869405.0,Shipping
UP-09507,CUST-19097,"H.No._562
Bajwa_Zila
Sambhal_526097",Sambhal,Uttar_Pradesh,526097.0,"Billing,_Shipping"
WB-09508,CUST-09431,"81/89,_Bawa_Street
Aligarh_679849",Aligarh,Uttar_Pradesh,679849.0,Billing
UP-09509,CUST-19485,"36,_Grover_Marg
Bhagalpur-979253",Bhagalpur,Bihar,979253.0,"Billing,_Shipping"
HR-09510,CUST-01488,"710,_Maharaj_Path,_Aurangabad-645497",Aurangabad,Maharashtra,645497.0,"Billing,_Shipping"
MH-09511,CUST-13302,"987,_Upadhyay_Zila,_Bhiwandi-128159",Bhiwandi,Maharashtra,128159.0,Billing
HR-09512,CUST-10254,"815,_Dass,_Bikaner-074861",Bikaner,Rajasthan,74861.0,Shipping
CG-09513,CUST-19804,"H.No._521,_Setty
Sagar_192283",Sagar,Madhya_Pradesh,192283.0,"Billing,_Shipping"
JH-09514,CUST-06134,"H.No._08
Chana_Chowk
Asansol-072837",Asansol,West_Bengal,72837.0,Shipping
WB-09515,CUST-19712,"H.No._52,_Suri_Nagar,_Arrah_894439",Arrah,Bihar,894439.0,Shipping
TN-09516,CUST-10740,"45
Chana_Marg
Pallavaram-732554",Pallavaram,Tamil_Nadu,732554.0,Billing
TN-09517,CUST-12922,"H.No._91
Kumer_Road
Tiruvottiyur_524618",Tiruvottiyur,Tamil_Nadu,524618.0,Billing
BR-09518,CUST-16280,"584,_Dani_Road,_Jaipur_592596",Jaipur,Rajasthan,592596.0,Shipping
MP-09519,CUST-07294,"949,_Dhillon,_Kota_190428",Kota,Rajasthan,190428.0,"Billing,_Shipping"
UP-09520,CUST-00056,"826
Krishnamurthy_Nagar
Sambhal_465659",Sambhal,Uttar_Pradesh,465659.0,"Billing,_Shipping"
MP-09521,CUST-10667,"H.No._525,_Roy_Road,_Ramgarh_959494",Ramgarh,Jharkhand,959494.0,Billing
RJ-09522,CUST-04313,"H.No._25
Seshadri_Street
Fatehpur-655567",Fatehpur,Uttar_Pradesh,655567.0,Billing
KA-09523,CUST-02648,"671
Gokhale_Nagar
Hosur-633520",Hosur,Tamil_Nadu,633520.0,Shipping
MH-09524,CUST-02423,"H.No._79,_Khosla_Road
Satara-976203",Satara,Maharashtra,976203.0,Billing
WB-09526,CUST-17099,"55/909,_Kulkarni_Ganj,_Uluberia_520766",Uluberia,West_Bengal,520766.0,Shipping
MH-09527,CUST-19897,"68/45,_Doshi_Nagar,_Rampur-158478",Rampur,Uttar_Pradesh,158478.0,Billing
MP-09528,CUST-03940,"63/62,_Kumer_Zila,_Jalandhar-838630",Jalandhar,Punjab,838630.0,Shipping
UP-09529,CUST-03912,"95/18
Saxena_Zila
Farrukhabad-312037",Farrukhabad,Uttar_Pradesh,312037.0,Billing
WB-09530,CUST-19862,"29,_Butala_Nagar
Naihati-469806",Naihati,West_Bengal,469806.0,Shipping
UP-09531,CUST-15789,"65/315,_Kumar_Nagar
Raiganj_133499",Raiganj,West_Bengal,133499.0,"Billing,_Shipping"
OR-09532,CUST-15145,"866,_Barad_Path,_Danapur_752686",Danapur,Bihar,752686.0,"Billing,_Shipping"
GJ-09533,CUST-08746,"H.No._752,_Balan_Ganj
Ajmer_962776",Ajmer,Rajasthan,962776.0,Billing
MH-09534,CUST-02309,"60/931
Bir_Marg
Rampur-418698",Rampur,Uttar_Pradesh,418698.0,Shipping
MP-09535,CUST-04278,"H.No._262,_Vala_Nagar
Gorakhpur_384505",Gorakhpur,Uttar_Pradesh,384505.0,Billing
MH-09536,CUST-01215,"36/252,_Sha_Circle,_Yamunanagar-019561",Yamunanagar,Haryana,19561.0,"Billing,_Shipping"
UP-09537,CUST-11032,"H.No._39,_Kumer_Road
Karimnagar_709726",Karimnagar,Telangana,709726.0,Shipping
BR-09538,CUST-12118,"88
Apte_Street
Buxar_428609",Buxar,Bihar,428609.0,"Billing,_Shipping"
OR-09539,CUST-16034,"H.No._725,_Tripathi_Circle,_Bharatpur-323690",Bharatpur,Rajasthan,323690.0,Shipping
UP-09540,CUST-01569,"H.No._66,_Gupta_Marg
Jamalpur_860325",Jamalpur,Bihar,860325.0,"Billing,_Shipping"
UP-09541,CUST-10936,"906,_Jha_Road
Farrukhabad_220514",Farrukhabad,Uttar_Pradesh,220514.0,"Billing,_Shipping"
OR-09542,CUST-10721,"H.No._50,_Sandal
Bilaspur_558487",Bilaspur,Chhattisgarh,558487.0,Billing
AP-09543,CUST-12315,"H.No._93,_Kibe_Road,_Anantapuram_455748",Anantapuram,Andhra_Pradesh,455748.0,"Billing,_Shipping"
HP-09544,CUST-04051,"41/65,_Chauhan_Zila
Udaipur_181275",Udaipur,Rajasthan,181275.0,"Billing,_Shipping"
MP-09546,CUST-12169,"08/509,_Mallick_Ganj,_Ramgarh-960851",Ramgarh,Jharkhand,960851.0,"Billing,_Shipping"
WB-09547,CUST-17421,"47/852,_Venkataraman_Street,_Uluberia-668910",Uluberia,West_Bengal,668910.0,Billing
MP-09548,CUST-04557,"72/641,_Chandran_Marg,_Jodhpur-824164",Jodhpur,Rajasthan,824164.0,Billing
UK-09549,CUST-06967,"260,_Badal_Zila,_Jalna_035516",Jalna,Maharashtra,35516.0,Shipping
WB-09550,CUST-13666,"62/81,_Krish_Path
Kulti_499164",Kulti,West_Bengal,499164.0,Billing
TN-09551,CUST-18670,"57/16
Kakar_Ganj
Vellore-721714",Vellore,Tamil_Nadu,721714.0,"Billing,_Shipping"
JH-09552,CUST-18867,"41/463
Sane_Zila
Asansol_999045",Asansol,West_Bengal,999045.0,Shipping
MP-09553,CUST-00061,"93/101,_Mani_Marg,_Jodhpur-046300",Jodhpur,Rajasthan,46300.0,"Billing,_Shipping"
KA-09554,CUST-11641,"H.No._643
Jaggi_Road
Solapur-089089",Solapur,Maharashtra,89089.0,Billing
MP-09555,CUST-12911,"11
Kapur_Zila
Dehri-656809",Dehri,Bihar,656809.0,Shipping
WB-09556,CUST-05735,"10,_Bhatti_Road
Bidhannagar-197283",Bidhannagar,West_Bengal,197283.0,Billing
AP-09557,CUST-19537,"H.No._72,_Wagle_Chowk,_Dharmavaram-950274",Dharmavaram,Andhra_Pradesh,950274.0,Shipping
KA-09558,CUST-14103,"H.No._020
Chaudhuri
Hosur_848080",Hosur,Tamil_Nadu,848080.0,Billing
UP-09559,CUST-10820,"30/005,_Bassi_Road,_Raiganj_681338",Raiganj,West_Bengal,681338.0,Billing
HR-09560,CUST-14678,"28/25,_Dixit_Zila,_Bikaner-194307",Bikaner,Rajasthan,194307.0,"Billing,_Shipping"
AP-09561,CUST-13197,"59,_Sangha_Zila
Srikakulam_644943",Srikakulam,Andhra_Pradesh,644943.0,"Billing,_Shipping"
JH-09562,CUST-10743,"646
Kapadia_Zila
Mango-684459",Mango,Jharkhand,684459.0,Billing
UP-09563,CUST-19322,"19/13,_Gill_Ganj,_Chapra_912127",Chapra,Bihar,912127.0,"Billing,_Shipping"
UP-09564,CUST-15153,"H.No._630,_Madan_Path
Raiganj-108731",Raiganj,West_Bengal,108731.0,"Billing,_Shipping"
WB-09565,CUST-09314,"61/843,_Bedi_Nagar,_Uluberia-464573",Uluberia,West_Bengal,464573.0,"Billing,_Shipping"
MH-09566,CUST-11533,"96/255,_Deol_Ganj,_Guntur-164523",Guntur,Andhra_Pradesh,164523.0,"Billing,_Shipping"
MP-09567,CUST-04616,"H.No._012,_Tiwari_Zila,_Ramgarh-440415",Ramgarh,Jharkhand,440415.0,Billing
MH-09568,CUST-18945,"808,_Sinha_Zila
Satara_409487",Satara,Maharashtra,409487.0,Billing
TN-09569,CUST-18654,"H.No._69,_Bala_Marg
Vellore_242783",Vellore,Tamil_Nadu,242783.0,"Billing,_Shipping"
HP-09570,CUST-12434,"829,_Bhat_Marg
Udaipur_046620",Udaipur,Rajasthan,46620.0,Shipping
HR-09571,CUST-12826,"H.No._434,_Butala_Road
Siwan-774383",Siwan,Bihar,774383.0,"Billing,_Shipping"
TN-09572,CUST-19483,"320,_Krish_Road,_Tiruvottiyur-727494",Tiruvottiyur,Tamil_Nadu,727494.0,Shipping
WB-09573,CUST-13853,"124,_Dugar_Circle
Aligarh_621803",Aligarh,Uttar_Pradesh,621803.0,Billing
BR-09575,CUST-17373,"227
Gara_Road
Purnia-782382",Purnia,Bihar,782382.0,Billing
RJ-09576,CUST-10942,"91/25,_Thaman_Nagar,_Akola-763819",Akola,Maharashtra,763819.0,Billing
GJ-09577,CUST-12521,"H.No._348,_Gara_Nagar
Ajmer-513125",Ajmer,Rajasthan,513125.0,Billing
DL-09578,CUST-04809,"14/80,_Rattan_Street
Delhi_016014",Delhi,Delhi_(Union_Territory),16014.0,Shipping
HP-09579,CUST-10413,"07/83,_Arora_Marg,_Udaipur_539405",Udaipur,Rajasthan,539405.0,"Billing,_Shipping"
TS-09580,CUST-02987,"97/65
Lanka_Road
Dindigul-156685",Dindigul,Tamil_Nadu,156685.0,Shipping
UP-09581,CUST-18951,"89/78,_Singhal_Ganj
Raipur_730914",Raipur,Chhattisgarh,730914.0,Shipping
AP-09582,CUST-13466,"61/56,_Batra_Zila
Srikakulam-852191",Srikakulam,Andhra_Pradesh,852191.0,Billing
WB-09583,CUST-17802,"78/326,_Luthra_Circle
Madhyamgram-692599",Madhyamgram,West_Bengal,692599.0,Shipping
MP-09584,CUST-13389,"H.No._68
Raja_Zila
Indore_869501",Indore,Madhya_Pradesh,869501.0,"Billing,_Shipping"
CG-09585,CUST-06062,"046
Zacharia_Path
Bhilai-843862",Bhilai,Chhattisgarh,843862.0,Billing
TN-09586,CUST-15776,"16/250,_Kara_Circle
Chittoor_849910",Chittoor,Andhra_Pradesh,849910.0,"Billing,_Shipping"
UP-09587,CUST-19765,"887,_Sagar
Shahjahanpur-728687",Shahjahanpur,Uttar_Pradesh,728687.0,Billing
UK-09588,CUST-11759,"89/41,_Acharya_Circle
Jalna-433535",Jalna,Maharashtra,433535.0,"Billing,_Shipping"
KA-09589,CUST-11068,"H.No._610,_Karnik_Marg,_Solapur_509739",Solapur,Maharashtra,509739.0,Shipping
CG-09590,CUST-16002,"10/962,_Kannan_Path
Malda_549757",Malda,West_Bengal,549757.0,Shipping
UP-09591,CUST-17960,"H.No._55,_Ram_Marg
Raipur_092894",Raipur,Chhattisgarh,92894.0,Billing
TR-09592,CUST-19509,"H.No._562
Chhabra_Nagar
Chandigarh-539543",Chandigarh,Chandigarh_(Union_Territory),539543.0,Billing
OR-09593,CUST-00496,"H.No._42,_Barad_Zila
Anantapur_728937",Anantapur,Andhra_Pradesh,728937.0,Billing
BR-09594,CUST-02761,"23,_Bandi,_Buxar_533710",Buxar,Bihar,533710.0,"Billing,_Shipping"
OR-09595,CUST-10069,"11/92,_Bhatti
Bharatpur-126985",Bharatpur,Rajasthan,126985.0,Shipping
UP-09596,CUST-12368,"28/942,_Sidhu_Marg,_Firozabad-901837",Firozabad,Uttar_Pradesh,901837.0,Shipping
MP-09597,CUST-03042,"H.No._17,_Buch_Ganj
Gorakhpur-924557",Gorakhpur,Uttar_Pradesh,924557.0,Shipping
MH-09598,CUST-16886,"39,_Kulkarni_Nagar
Yamunanagar_514538",Yamunanagar,Haryana,514538.0,Billing
UP-09599,CUST-00243,"563,_Dave_Nagar,_Raipur-363954",Raipur,Chhattisgarh,363954.0,Billing
TS-09600,CUST-18414,"29/676,_Dhingra_Street,_Dindigul_688952",Dindigul,Tamil_Nadu,688952.0,Shipping
JH-09601,CUST-11224,"40,_Sharma_Path,_Phusro-742268",Phusro,Jharkhand,742268.0,"Billing,_Shipping"
TR-09602,CUST-18142,"H.No._786,_Chaudhari
Chandigarh_462326",Chandigarh,Chandigarh_(Union_Territory),462326.0,Billing
OR-09603,CUST-17778,"87/11,_Venkataraman_Circle
Mathura_139958",Mathura,Uttar_Pradesh,139958.0,"Billing,_Shipping"
CG-09604,CUST-12304,"H.No._766,_Lal_Zila,_Malda_045311",Malda,West_Bengal,45311.0,"Billing,_Shipping"
BR-09605,CUST-08086,"73,_Dasgupta_Nagar,_Jaipur-245659",Jaipur,Rajasthan,245659.0,Shipping
MH-09606,CUST-01010,"483,_Bhavsar_Ganj,_Satara-439125",Satara,Maharashtra,439125.0,Shipping
KA-09607,CUST-19472,"726,_Dutt_Chowk
Solapur_927166",Solapur,Maharashtra,927166.0,Billing
TR-09608,CUST-02135,"88/03,_Raman_Road
Chandigarh_346700",Chandigarh,Chandigarh_(Union_Territory),346700.0,Shipping
RJ-09609,CUST-13372,"923
Subramanian_Ganj
Fatehpur-061661",Fatehpur,Uttar_Pradesh,61661.0,Billing
BR-09610,CUST-13913,"H.No._097,_Gala_Path,_Buxar-277988",Buxar,Bihar,277988.0,"Billing,_Shipping"
OR-09611,CUST-16988,"06/937
Rege_Ganj
Kanpur_520320",Kanpur,Uttar_Pradesh,520320.0,Shipping
UP-09612,CUST-05276,"48/64,_Garde_Chowk
Mirzapur-620374",Mirzapur,Uttar_Pradesh,620374.0,"Billing,_Shipping"
TS-09613,CUST-16633,"80,_Sangha_Marg
Nizamabad_666359",Nizamabad,Telangana,666359.0,Billing
OR-09614,CUST-15232,"H.No._275,_Seth_Chowk
Haldia-394936",Haldia,West_Bengal,394936.0,Shipping
RJ-09615,CUST-14513,"225,_Wable_Marg
Rajkot_803956",Rajkot,Gujarat,803956.0,"Billing,_Shipping"
TR-09616,CUST-00007,"78
Chandran_Road
Durgapur-263585",Durgapur,West_Bengal,263585.0,Shipping
OR-09617,CUST-13302,"19/63
Setty_Zila
Kanpur_444717",Kanpur,Uttar_Pradesh,444717.0,Shipping
UP-09618,CUST-10619,"H.No._131,_Jha_Zila
Raipur-746755",Raipur,Chhattisgarh,746755.0,Billing
UP-09619,CUST-11524,"62
Mani_Chowk
Mirzapur-928946",Mirzapur,Uttar_Pradesh,928946.0,"Billing,_Shipping"
UP-09620,CUST-18145,"00,_Kata
Farrukhabad_408598",Farrukhabad,Uttar_Pradesh,408598.0,"Billing,_Shipping"
GJ-09621,CUST-12811,"H.No._907,_Mangat_Marg,_Kavali-296093",Kavali,Andhra_Pradesh,296093.0,"Billing,_Shipping"
MH-09622,CUST-14226,"H.No._61,_Saxena_Circle,_Karnal-590816",Karnal,Haryana,590816.0,"Billing,_Shipping"
UP-09623,CUST-18613,"27/761,_Mani,_Farrukhabad_999786",Farrukhabad,Uttar_Pradesh,999786.0,"Billing,_Shipping"
WB-09624,CUST-00472,"93/537
Khurana_Ganj
Bally-372969",Bally,West_Bengal,372969.0,Shipping
BR-09625,CUST-08330,"56/04
Kulkarni_Zila
Munger-199254",Munger,Bihar,199254.0,Shipping
UP-09626,CUST-19883,"H.No._32
Bath_Circle
Muzaffarpur-072518",Muzaffarpur,Bihar,72518.0,"Billing,_Shipping"
BR-09627,CUST-07704,"H.No._338
Deol_Marg
Satna-999225",Satna,Madhya_Pradesh,999225.0,Billing
MP-09628,CUST-01850,"H.No._998
Andra_Path
Ramgarh-529013",Ramgarh,Jharkhand,529013.0,Shipping
TN-09629,CUST-17184,"35/129,_Kade_Nagar,_Avadi_920873",Avadi,Tamil_Nadu,920873.0,Billing
AP-09630,CUST-05346,"24/13,_Manda_Path
Bhimavaram-423480",Bhimavaram,Andhra_Pradesh,423480.0,Billing
TN-09631,CUST-12694,"40/70,_Sengupta_Street
Salem-612995",Salem,Tamil_Nadu,612995.0,Shipping
JH-09632,CUST-12696,"H.No._799
Cherian_Road
Phusro-497626",Phusro,Jharkhand,497626.0,Billing
UK-09633,CUST-12434,"57,_Anand_Road
Jalna-822852",Jalna,Maharashtra,822852.0,Shipping
UK-09634,CUST-12927,"52
Varma_Circle
Haridwar_112082",Haridwar,Uttarakhand,112082.0,Billing
OR-09635,CUST-12057,"15/87
Vala_Nagar
Anantapur_510323",Anantapur,Andhra_Pradesh,510323.0,Billing
MH-09636,CUST-10699,"H.No._30,_Dutta_Road
Bhiwandi-496825",Bhiwandi,Maharashtra,496825.0,Shipping
JH-09637,CUST-08370,"27/86,_Deshpande_Nagar,_Kharagpur_340084",Kharagpur,West_Bengal,340084.0,Billing
UP-09638,CUST-17774,"H.No._38,_Madan_Marg
Jamalpur-742668",Jamalpur,Bihar,742668.0,Billing
HR-09639,CUST-14374,"H.No._447
Borra_Road
Aurangabad-259338",Aurangabad,Maharashtra,259338.0,Billing
TN-09640,CUST-11958,"894,_Vora_Ganj
Tiruppur_058276",Tiruppur,Tamil_Nadu,58276.0,Shipping
MP-09641,CUST-17940,"27/477
Ganesan
Jodhpur-627771",Jodhpur,Rajasthan,627771.0,"Billing,_Shipping"
MP-09642,CUST-17761,"12
Balay_Zila
Jodhpur-944206",Jodhpur,Rajasthan,944206.0,Shipping
WB-09643,CUST-04221,"29
Sengupta_Zila
Uluberia_010989",Uluberia,West_Bengal,10989.0,Billing
AS-09644,CUST-16146,"H.No._185,_Saxena_Path
Nagaon_083865",Nagaon,Assam,83865.0,Billing
KA-09645,CUST-15498,"01/41,_Mangat,_Hospet_766512",Hospet,Karnataka,766512.0,"Billing,_Shipping"
OR-09646,CUST-07336,"H.No._293,_Sarma_Ganj
Bharatpur-289645",Bharatpur,Rajasthan,289645.0,Billing
MP-09647,CUST-18504,"59,_Din_Chowk
Dehri_476834",Dehri,Bihar,476834.0,Billing
OR-09648,CUST-11154,"78,_Borah_Street
Anantapur_725523",Anantapur,Andhra_Pradesh,725523.0,Billing
OR-09649,CUST-01472,"H.No._38,_Bhatnagar_Chowk,_Berhampur-100925",Berhampur,Odisha,100925.0,"Billing,_Shipping"
OR-09650,CUST-00421,"H.No._480
Bawa_Street
Bilaspur_969712",Bilaspur,Chhattisgarh,969712.0,"Billing,_Shipping"
WB-09651,CUST-18183,"H.No._528,_Sankaran_Street
Madhyamgram_622433",Madhyamgram,West_Bengal,622433.0,Shipping
JH-09652,CUST-04895,"41
Rao_Nagar
Phusro_914412",Phusro,Jharkhand,914412.0,Billing
GJ-09653,CUST-16880,"59
Dhar_Zila
Gandhidham-001372",Gandhidham,Gujarat,1372.0,Shipping
CG-09654,CUST-17754,"H.No._670,_Kala_Zila
Sagar_069767",Sagar,Madhya_Pradesh,69767.0,Billing
UP-09655,CUST-16491,"85/312
Ranganathan_Path
Farrukhabad-871935",Farrukhabad,Uttar_Pradesh,871935.0,"Billing,_Shipping"
OR-09656,CUST-14649,"H.No._51
Kaul_Path
Chandrapur-669482",Chandrapur,Maharashtra,669482.0,"Billing,_Shipping"
WB-09657,CUST-13042,"55
Bajwa_Chowk
Kulti_324870",Kulti,West_Bengal,324870.0,"Billing,_Shipping"
DL-09658,CUST-10390,"H.No._71,_Ghosh
Delhi_880190",Delhi,Delhi_(Union_Territory),880190.0,"Billing,_Shipping"
MP-09659,CUST-13722,"H.No._602
Viswanathan_Chowk
Gorakhpur-387981",Gorakhpur,Uttar_Pradesh,387981.0,"Billing,_Shipping"
MP-09660,CUST-04678,"77/21,_Som_Nagar
Jhansi-374175",Jhansi,Uttar_Pradesh,374175.0,Billing
UP-09661,CUST-18274,"H.No._74,_Ratta_Road
Gurgaon_398666",Gurgaon,Haryana,398666.0,Shipping
GJ-09662,CUST-13426,"H.No._19,_Lanka_Chowk
Jabalpur-600082",Jabalpur,Madhya_Pradesh,600082.0,"Billing,_Shipping"
JH-09663,CUST-13982,"68,_Chadha
Asansol_311244",Asansol,West_Bengal,311244.0,Billing
MP-09664,CUST-16537,"11
Dugal_Zila
Agra_545415",Agra,Uttar_Pradesh,545415.0,Billing
TN-09665,CUST-04568,"80/28,_Kibe_Circle,_Chittoor_121120",Chittoor,Andhra_Pradesh,121120.0,Billing
AP-09666,CUST-18232,"39/50,_Sura_Ganj
Srikakulam-037330",Srikakulam,Andhra_Pradesh,37330.0,Billing
AP-09667,CUST-14975,"43/30,_Kalla_Road
Jammu_258598",Jammu,Jammu_and_Kashmir,258598.0,Billing
WB-09668,CUST-08878,"38/70,_Venkataraman_Ganj,_Madhyamgram-035465",Madhyamgram,West_Bengal,35465.0,Shipping
TN-09669,CUST-17235,"H.No._41,_Sood_Zila
Tiruppur-088569",Tiruppur,Tamil_Nadu,88569.0,Billing
MH-09670,CUST-12993,"H.No._378,_Mangal_Chowk
Malegaon_767189",Malegaon,Maharashtra,767189.0,"Billing,_Shipping"
UP-09671,CUST-06956,"H.No._558,_Shenoy_Zila,_Raipur_257680",Raipur,Chhattisgarh,257680.0,Shipping
HP-09672,CUST-08177,"80,_Lall_Circle
Udaipur-431676",Udaipur,Rajasthan,431676.0,Billing
KA-09673,CUST-16591,"H.No._426,_Vohra_Nagar
Hosur_279316",Hosur,Tamil_Nadu,279316.0,Shipping
WB-09674,CUST-10466,"H.No._150,_Bava_Path
Bhatpara-862576",Bhatpara,West_Bengal,862576.0,"Billing,_Shipping"
UP-09676,CUST-13863,"14
Rastogi_Ganj
Karimnagar-362461",Karimnagar,Telangana,362461.0,"Billing,_Shipping"
BR-09677,CUST-11471,"19/375,_Mani_Circle
Ballia_080563",Ballia,Uttar_Pradesh,80563.0,Billing
CG-09678,CUST-10834,"55/18
Shenoy_Circle
Malda-762878",Malda,West_Bengal,762878.0,Shipping
UP-09679,CUST-14863,"H.No._87,_Rao
Raipur_419580",Raipur,Chhattisgarh,419580.0,Billing
KA-09680,CUST-14936,"96,_Kapur_Chowk,_Tumkur_754473",Tumkur,Karnataka,754473.0,Billing
TN-09681,CUST-13422,"H.No._66,_Kamdar_Marg
Tiruvottiyur_011778",Tiruvottiyur,Tamil_Nadu,11778.0,"Billing,_Shipping"
UP-09682,CUST-17950,"86,_Magar_Nagar,_Shahjahanpur-883120",Shahjahanpur,Uttar_Pradesh,883120.0,Billing
BR-09683,CUST-08311,"79/41,_Amble_Marg
Munger_068017",Munger,Bihar,68017.0,Shipping
AP-09684,CUST-10467,"675,_Sandal_Circle,_Srikakulam-711250",Srikakulam,Andhra_Pradesh,711250.0,Shipping
MP-09685,CUST-18211,"131,_Sengupta_Zila,_Jodhpur-410284",Jodhpur,Rajasthan,410284.0,"Billing,_Shipping"
OR-09686,CUST-08013,"H.No._776
Kata_Path
Bilaspur-120577",Bilaspur,Chhattisgarh,120577.0,"Billing,_Shipping"
GJ-09687,CUST-19944,"H.No._389
Sahni_Chowk
Ajmer_432869",Ajmer,Rajasthan,432869.0,Shipping
MP-09688,CUST-15604,"67/03,_Uppal
Jhansi_699041",Jhansi,Uttar_Pradesh,699041.0,"Billing,_Shipping"
TN-09689,CUST-16208,"32/462,_Banik_Road
Tiruvottiyur-430642",Tiruvottiyur,Tamil_Nadu,430642.0,"Billing,_Shipping"
CG-09690,CUST-12972,"H.No._03
Goyal_Road
Sambalpur-202249",Sambalpur,Odisha,202249.0,Billing
OR-09691,CUST-04690,"80,_Saxena_Ganj,_Haldia_129336",Haldia,West_Bengal,129336.0,"Billing,_Shipping"
CG-09692,CUST-15892,"95/47,_Mane
Malda-863368",Malda,West_Bengal,863368.0,"Billing,_Shipping"
TS-09693,CUST-15212,"61,_Jain_Ganj,_Nizamabad_621894",Nizamabad,Telangana,621894.0,Billing
TS-09694,CUST-14091,"H.No._55,_Magar_Street,_Sirsa_034285",Sirsa,Haryana,34285.0,"Billing,_Shipping"
AP-09695,CUST-13075,"H.No._63
Yadav_Marg
Gudivada-303135",Gudivada,Andhra_Pradesh,303135.0,Billing
AS-09696,CUST-02576,"27/83
Kar_Street
Siliguri_642237",Siliguri,West_Bengal,642237.0,"Billing,_Shipping"
TN-09697,CUST-19380,"43
Garg_Zila
Vellore-376220",Vellore,Tamil_Nadu,376220.0,"Billing,_Shipping"
UP-09698,CUST-14020,"387
Chada
Mirzapur_344385",Mirzapur,Uttar_Pradesh,344385.0,Billing
OR-09699,CUST-12795,"97/702,_Chaudhary_Path
Berhampur_524578",Berhampur,Odisha,524578.0,"Billing,_Shipping"
TN-09700,CUST-11890,"48,_Basu_Zila
Avadi_283121",Avadi,Tamil_Nadu,283121.0,Shipping
AS-09701,CUST-13324,"843,_Kala_Chowk
Bongaigaon-793269",Bongaigaon,Assam,793269.0,Billing
OR-09702,CUST-17340,"34/772
Banik
Bijapur-233764",Bijapur,Karnataka,233764.0,"Billing,_Shipping"
WB-09703,CUST-02563,"98/850,_Basu_Marg,_Uluberia-768020",Uluberia,West_Bengal,768020.0,Shipping
TR-09704,CUST-00446,"H.No._67,_Wagle_Marg
Chandigarh_544464",Chandigarh,Chandigarh_(Union_Territory),544464.0,Shipping
TS-09705,CUST-02330,"H.No._79,_Goda_Nagar,_Nizamabad-133749",Nizamabad,Telangana,133749.0,Billing
MP-09706,CUST-10007,"153
Chahal_Street
Unnao-457113",Unnao,Uttar_Pradesh,457113.0,"Billing,_Shipping"
AS-09707,CUST-01659,"81,_Chawla
Bongaigaon-992987",Bongaigaon,Assam,992987.0,Shipping
TN-09708,CUST-09992,"831
Rastogi_Street
Pali-590296",Pali,Rajasthan,590296.0,Shipping
MH-09709,CUST-14223,"89/116,_Chandran_Circle
Yamunanagar-636940",Yamunanagar,Haryana,636940.0,Billing
TN-09710,CUST-16072,"54/07,_Keer_Path,_Chittoor_007819",Chittoor,Andhra_Pradesh,7819.0,Shipping
WB-09712,CUST-10343,"27/43,_Lala_Chowk,_Aligarh_058179",Aligarh,Uttar_Pradesh,58179.0,"Billing,_Shipping"
KA-09713,CUST-11441,"61/610,_Din_Path
Solapur-394047",Solapur,Maharashtra,394047.0,Shipping
UP-09714,CUST-10995,"36
Venkatesh_Street
Chapra-502347",Chapra,Bihar,502347.0,"Billing,_Shipping"
UP-09715,CUST-02210,"87,_Jani_Path,_Burhanpur-317410",Burhanpur,Madhya_Pradesh,317410.0,Billing
MP-09716,CUST-07631,"98/943,_Wable_Nagar
Dehri_774027",Dehri,Bihar,774027.0,Shipping
RJ-09717,CUST-00109,"H.No._129,_Mangat_Nagar
Dewas-441132",Dewas,Madhya_Pradesh,441132.0,Shipping
OR-09718,CUST-08142,"H.No._55,_Loyal_Ganj,_Berhampur-161455",Berhampur,Odisha,161455.0,Billing
UP-09719,CUST-00964,"H.No._171,_Deo_Path,_Mirzapur-568693",Mirzapur,Uttar_Pradesh,568693.0,Billing
MP-09720,CUST-11881,"H.No._37
Sangha_Road
Jalandhar-143870",Jalandhar,Punjab,143870.0,Billing
KA-09721,CUST-06747,"99,_Loyal_Marg
Amaravati-083260",Amaravati,Andhra_Pradesh,83260.0,Billing
TN-09722,CUST-17320,"009,_Gara_Path,_Chittoor-398826",Chittoor,Andhra_Pradesh,398826.0,Billing
KA-09723,CUST-13925,"14/89,_Buch_Marg
Mangalore_293693",Mangalore,Karnataka,293693.0,Shipping
TS-09724,CUST-04065,"70/040,_Kumar_Zila,_Dindigul-865499",Dindigul,Tamil_Nadu,865499.0,"Billing,_Shipping"
UK-09725,CUST-16002,"H.No._76,_Chand_Circle
Haridwar-958544",Haridwar,Uttarakhand,958544.0,Billing
UP-09726,CUST-14795,"H.No._61,_Shroff,_Gurgaon-738739",Gurgaon,Haryana,738739.0,"Billing,_Shipping"
MH-09727,CUST-16613,"210,_Iyengar_Road
Karnal-780371",Karnal,Haryana,780371.0,Shipping
AP-09728,CUST-16380,"H.No._01
Doshi_Path
Jammu_082294",Jammu,Jammu_and_Kashmir,82294.0,"Billing,_Shipping"
MH-09729,CUST-10386,"20
Halder
Satara-132000",Satara,Maharashtra,132000.0,"Billing,_Shipping"
BR-09730,CUST-14461,"91,_Deep_Path,_Jaipur_637871",Jaipur,Rajasthan,637871.0,Shipping
MP-09731,CUST-18220,"62/354
Chokshi
Dehri_661494",Dehri,Bihar,661494.0,"Billing,_Shipping"
TN-09732,CUST-10670,"11/36
Virk_Marg
Salem_878775",Salem,Tamil_Nadu,878775.0,"Billing,_Shipping"
UP-09733,CUST-19147,"38/606
Thaker_Zila
Farrukhabad_790088",Farrukhabad,Uttar_Pradesh,790088.0,"Billing,_Shipping"
CG-09734,CUST-14105,"54
Seshadri
Malda_155016",Malda,West_Bengal,155016.0,Billing
MH-09735,CUST-06679,"23,_Sankaran_Road,_Rampur-519699",Rampur,Uttar_Pradesh,519699.0,Shipping
TN-09736,CUST-17945,"58/497,_Kala_Marg,_Chittoor-415114",Chittoor,Andhra_Pradesh,415114.0,Shipping
WB-09737,CUST-19078,"H.No._02,_Hayer_Chowk,_Aligarh_758119",Aligarh,Uttar_Pradesh,758119.0,Billing
GJ-09738,CUST-12438,"04
Karnik_Nagar
Ajmer-789403",Ajmer,Rajasthan,789403.0,Shipping
OR-09739,CUST-18292,"25/20,_Kadakia_Marg,_Bharatpur-213907",Bharatpur,Rajasthan,213907.0,"Billing,_Shipping"
TN-09740,CUST-11322,"677
Lall_Path
Tiruvottiyur_073586",Tiruvottiyur,Tamil_Nadu,73586.0,Billing
MP-09741,CUST-03681,"H.No._418
Divan_Ganj
Khandwa_846805",Khandwa,Madhya_Pradesh,846805.0,Billing
AP-09742,CUST-16682,"046,_Cherian_Path
Srikakulam_859425",Srikakulam,Andhra_Pradesh,859425.0,Shipping
KA-09743,CUST-09502,"66,_Johal_Ganj
Mangalore-012451",Mangalore,Karnataka,12451.0,Billing
MP-09744,CUST-07066,"H.No._083,_Bera_Circle
Dehri-930151",Dehri,Bihar,930151.0,"Billing,_Shipping"
UK-09745,CUST-18322,"H.No._590
Banik_Road
Shivpuri-092779",Shivpuri,Madhya_Pradesh,92779.0,Shipping
CG-09746,CUST-10946,"H.No._900,_Dalal,_Sambalpur_843536",Sambalpur,Odisha,843536.0,Shipping
HR-09747,CUST-04244,"90,_Mann_Nagar
Aurangabad_583589",Aurangabad,Maharashtra,583589.0,Billing
TN-09748,CUST-01982,"H.No._32,_Raju_Nagar
Vellore_797137",Vellore,Tamil_Nadu,797137.0,"Billing,_Shipping"
OR-09749,CUST-14534,"53,_Mahajan_Circle
Anantapur_028741",Anantapur,Andhra_Pradesh,28741.0,Shipping
OR-09750,CUST-19355,"13/928
Agrawal_Nagar
Chandrapur_785960",Chandrapur,Maharashtra,785960.0,Billing
WB-09751,CUST-19416,"H.No._81,_Ram_Zila
Uluberia_102110",Uluberia,West_Bengal,102110.0,Billing
BR-09752,CUST-07882,"47/184,_Rajan_Nagar
Ballia-915056",Ballia,Uttar_Pradesh,915056.0,Shipping
MP-09753,CUST-18934,"H.No._94,_Roy_Chowk
Gopalpur-701187",Gopalpur,Odisha,701187.0,Billing
KA-09754,CUST-05734,"H.No._76
Srinivas_Chowk
Amaravati_808405",Amaravati,Andhra_Pradesh,808405.0,Shipping
BR-09755,CUST-03012,"67,_Sibal_Road
Buxar_711552",Buxar,Bihar,711552.0,"Billing,_Shipping"
UP-09756,CUST-03969,"H.No._373,_Ramachandran_Street
Ahmedabad_084357",Ahmedabad,Gujarat,84357.0,Billing
HR-09757,CUST-15258,"15/36,_Butala_Road
Aurangabad_565531",Aurangabad,Maharashtra,565531.0,"Billing,_Shipping"
AP-09759,CUST-10021,"91/266,_Vyas_Path
Anantapuram_514965",Anantapuram,Andhra_Pradesh,514965.0,Shipping
WB-09760,CUST-13904,"048,_Shukla_Ganj,_Bhatpara-107989",Bhatpara,West_Bengal,107989.0,Shipping
AP-09761,CUST-05018,"H.No._763,_Iyer_Road
Bhimavaram-353398",Bhimavaram,Andhra_Pradesh,353398.0,Billing
MP-09762,CUST-12301,"400,_Saraf_Zila,_Khandwa-477402",Khandwa,Madhya_Pradesh,477402.0,"Billing,_Shipping"
MP-09763,CUST-01897,"94/867
Ghose_Road
Jalandhar_031694",Jalandhar,Punjab,31694.0,"Billing,_Shipping"
UP-09764,CUST-10449,"66,_Magar_Marg
Jamalpur-686067",Jamalpur,Bihar,686067.0,Billing
OR-09765,CUST-07966,"18/40,_Srivastava_Ganj,_Chandrapur-955387",Chandrapur,Maharashtra,955387.0,Shipping
TS-09766,CUST-09693,"65/97
Yogi_Nagar
Ramagundam-103645",Ramagundam,Telangana,103645.0,Billing
UP-09767,CUST-19109,"H.No._41,_Bora_Path
Ahmedabad-700745",Ahmedabad,Gujarat,700745.0,Billing
AP-09768,CUST-13927,"40/610
Seth_Marg
Bhimavaram_187172",Bhimavaram,Andhra_Pradesh,187172.0,"Billing,_Shipping"
UP-09769,CUST-08920,"55/37,_Shere_Ganj
Sambhal_399256",Sambhal,Uttar_Pradesh,399256.0,Billing
GJ-09770,CUST-14174,"H.No._15
Bhalla_Street
Kavali_365756",Kavali,Andhra_Pradesh,365756.0,Billing
KA-09771,CUST-08904,"H.No._677
Buch_Zila
Tumkur-450431",Tumkur,Karnataka,450431.0,Billing
TN-09773,CUST-10661,"98/513,_Bora_Nagar,_Vellore_985046",Vellore,Tamil_Nadu,985046.0,"Billing,_Shipping"
OR-09774,CUST-16146,"H.No._02,_Ganesan_Path
Mathura_003233",Mathura,Uttar_Pradesh,3233.0,"Billing,_Shipping"
MP-09775,CUST-05570,"H.No._480
Chaudhry_Chowk
Jhansi-824334",Jhansi,Uttar_Pradesh,824334.0,Billing
AP-09776,CUST-14504,"59
Bhatnagar_Marg
Dharmavaram-930222",Dharmavaram,Andhra_Pradesh,930222.0,Billing
MP-09777,CUST-03106,"587
Bains_Ganj
Jhansi_935030",Jhansi,Uttar_Pradesh,935030.0,"Billing,_Shipping"
AP-09778,CUST-01677,"487
Char_Zila
Jammu-735934",Jammu,Jammu_and_Kashmir,735934.0,Shipping
BR-09779,CUST-16304,"H.No._45,_Dalal_Ganj
Munger_697966",Munger,Bihar,697966.0,Shipping
OR-09780,CUST-01623,"36
Bhavsar_Zila
Bilaspur_813142",Bilaspur,Chhattisgarh,813142.0,Billing
KA-09781,CUST-16665,"64,_Randhawa_Zila
Tumkur-912821",Tumkur,Karnataka,912821.0,Shipping
TS-09782,CUST-11326,"59
Chada_Ganj
Nizamabad_707361",Nizamabad,Telangana,707361.0,Billing
OR-09783,CUST-01186,"H.No._709,_Reddy,_Kanpur_547358",Kanpur,Uttar_Pradesh,547358.0,"Billing,_Shipping"
AS-09784,CUST-14969,"42/51,_Talwar_Circle,_Bongaigaon-098663",Bongaigaon,Assam,98663.0,"Billing,_Shipping"
CG-09785,CUST-17094,"18/187
Singhal_Ganj
Sambalpur_889842",Sambalpur,Odisha,889842.0,"Billing,_Shipping"
RJ-09787,CUST-15135,"H.No._662,_Kale_Path
Rajkot_049341",Rajkot,Gujarat,49341.0,"Billing,_Shipping"
UP-09788,CUST-17075,"173,_Gandhi
Jamalpur-453610",Jamalpur,Bihar,453610.0,"Billing,_Shipping"
TN-09789,CUST-14534,"37/59,_Dubey_Marg,_Tiruvottiyur-952699",Tiruvottiyur,Tamil_Nadu,952699.0,"Billing,_Shipping"
KA-09790,CUST-01207,"63/091,_Yohannan_Road,_Solapur_640681",Solapur,Maharashtra,640681.0,Shipping
BR-09791,CUST-15296,"01,_Jani_Road
Purnia_230986",Purnia,Bihar,230986.0,Shipping
TS-09792,CUST-11681,"030
Devan_Road
Dindigul_743919",Dindigul,Tamil_Nadu,743919.0,"Billing,_Shipping"
HP-09793,CUST-15990,"28/448,_Ghose_Path
Udaipur_312657",Udaipur,Rajasthan,312657.0,Billing
TN-09794,CUST-03302,"24/348
Sundaram_Street
Chittoor-324598",Chittoor,Andhra_Pradesh,324598.0,"Billing,_Shipping"
BR-09795,CUST-14154,"07/55
Gara_Marg
Satna-488787",Satna,Madhya_Pradesh,488787.0,"Billing,_Shipping"
KA-09796,CUST-12252,"90,_Kashyap_Path,_Hospet_044936",Hospet,Karnataka,44936.0,"Billing,_Shipping"
AS-09797,CUST-05653,"H.No._127,_Agrawal_Street
Nagaon-568979",Nagaon,Assam,568979.0,Shipping
OR-09798,CUST-15594,"H.No._66
Manda_Nagar
Haldia_939606",Haldia,West_Bengal,939606.0,Shipping
KA-09799,CUST-15382,"03,_Rajan_Nagar
Mangalore-844825",Mangalore,Karnataka,844825.0,Shipping
HP-09800,CUST-08715,"01,_Shan_Zila
Udaipur-554021",Udaipur,Rajasthan,554021.0,Shipping
WB-09801,CUST-11082,"905,_Raj_Ganj
Arrah_774207",Arrah,Bihar,774207.0,Shipping
MP-09803,CUST-16703,"47
Chokshi
Jodhpur_745773",Jodhpur,Rajasthan,745773.0,Billing
AP-09804,CUST-13485,"H.No._202,_Barman_Path
Gudivada_324895",Gudivada,Andhra_Pradesh,324895.0,Shipping
RJ-09805,CUST-13262,"730,_Kadakia_Zila
Dewas-686749",Dewas,Madhya_Pradesh,686749.0,Billing
KA-09806,CUST-02256,"70/98
Krishnan_Zila
Tumkur_201728",Tumkur,Karnataka,201728.0,"Billing,_Shipping"
MH-09807,CUST-10816,"78
Chaudhary_Ganj
Jalgaon-614102",Jalgaon,Maharashtra,614102.0,"Billing,_Shipping"
UK-09808,CUST-18987,"41/25,_Gulati_Zila,_Shivpuri-102526",Shivpuri,Madhya_Pradesh,102526.0,Billing
CG-09809,CUST-19141,"69/231
Seth_Nagar
Sagar-840410",Sagar,Madhya_Pradesh,840410.0,Shipping
HR-09810,CUST-09199,"64/715,_Dave_Nagar
Aurangabad_710743",Aurangabad,Maharashtra,710743.0,Billing
TS-09811,CUST-06307,"10/99
Raval_Chowk
Sirsa-715319",Sirsa,Haryana,715319.0,Billing
OR-09812,CUST-11974,"14/279,_Balakrishnan_Ganj,_Chandrapur-520091",Chandrapur,Maharashtra,520091.0,Shipping
TR-09813,CUST-06189,"74/78
Wali_Circle
Chandigarh_270708",Chandigarh,Chandigarh_(Union_Territory),270708.0,Billing
GJ-09814,CUST-18306,"70/862,_Brahmbhatt_Ganj,_Allahabad-052866",Allahabad,Uttar_Pradesh,52866.0,Shipping
MP-09815,CUST-14908,"456,_Sem_Marg,_Jalandhar-305891",Jalandhar,Punjab,305891.0,Shipping
CG-09816,CUST-19488,"81/774
Bora
Nagpur-349437",Nagpur,Maharashtra,349437.0,Shipping
UP-09817,CUST-17979,"36,_Kapadia_Nagar
Sambhal-960550",Sambhal,Uttar_Pradesh,960550.0,"Billing,_Shipping"
OR-09818,CUST-06901,"12,_Baria_Street
Bharatpur-286184",Bharatpur,Rajasthan,286184.0,"Billing,_Shipping"
OR-09819,CUST-04868,"73
Shere_Road
Bharatpur_358218",Bharatpur,Rajasthan,358218.0,Billing
MP-09820,CUST-16320,"H.No._74,_Kara_Path,_Ramgarh-158267",Ramgarh,Jharkhand,158267.0,Shipping
MH-09821,CUST-08509,"41,_Wali,_Karnal_631254",Karnal,Haryana,631254.0,Billing
JH-09822,CUST-13066,"H.No._12,_Ganesh,_Phusro-795557",Phusro,Jharkhand,795557.0,Shipping
TN-09823,CUST-00806,"739,_Bala_Chowk,_Tiruppur_469909",Tiruppur,Tamil_Nadu,469909.0,"Billing,_Shipping"
RJ-09824,CUST-18573,"H.No._17
Ramaswamy_Chowk
Akola_760289",Akola,Maharashtra,760289.0,Shipping
AP-09825,CUST-08021,"78,_Kata_Circle,_Bhimavaram-900509",Bhimavaram,Andhra_Pradesh,900509.0,Billing
UP-09826,CUST-17928,"H.No._923,_Mann_Nagar
Bhagalpur_324279",Bhagalpur,Bihar,324279.0,Shipping
UP-09827,CUST-14667,"155,_Sachar_Marg,_Muzaffarpur-383677",Muzaffarpur,Bihar,383677.0,Shipping
UP-09828,CUST-16301,"H.No._074,_Hans_Street,_Raipur-410983",Raipur,Chhattisgarh,410983.0,Billing
UK-09829,CUST-04828,"15/600
Chanda_Zila
Shivpuri-732146",Shivpuri,Madhya_Pradesh,732146.0,Shipping
MP-09830,CUST-12461,"68,_Chacko_Street,_Khandwa-554998",Khandwa,Madhya_Pradesh,554998.0,Billing
WB-09831,CUST-03065,"67,_Halder,_Baranagar_409054",Baranagar,West_Bengal,409054.0,"Billing,_Shipping"
WB-09832,CUST-18658,"33/85,_Bhagat_Marg
Kamarhati-272131",Kamarhati,West_Bengal,272131.0,"Billing,_Shipping"
HR-09833,CUST-13505,"60,_Raman_Marg
Bikaner-340843",Bikaner,Rajasthan,340843.0,Shipping
UP-09834,CUST-04115,"52/00
Dutta
Chapra_661739",Chapra,Bihar,661739.0,Billing
UK-09835,CUST-17482,"H.No._29,_Dutt_Street,_Jalna_094120",Jalna,Maharashtra,94120.0,Shipping
AP-09836,CUST-13610,"90,_Krishnan_Road
Srikakulam_521984",Srikakulam,Andhra_Pradesh,521984.0,"Billing,_Shipping"
OR-09837,CUST-16914,"83/68
Kota_Circle
Haldia_372567",Haldia,West_Bengal,372567.0,Shipping
WB-09838,CUST-03328,"H.No._33,_Tandon
Baranagar_893009",Baranagar,West_Bengal,893009.0,Billing
TN-09839,CUST-11674,"76
Sankaran_Zila
Pali_759722",Pali,Rajasthan,759722.0,Billing
KA-09840,CUST-01975,"30/896,_Chana,_Mangalore-617945",Mangalore,Karnataka,617945.0,Shipping
TN-09841,CUST-13899,"62/75
Kakar_Circle
Salem_360964",Salem,Tamil_Nadu,360964.0,Billing
AS-09842,CUST-14117,"H.No._01
Dhar_Path
Bongaigaon_581949",Bongaigaon,Assam,581949.0,Billing
GJ-09843,CUST-01663,"578,_Cherian_Circle,_Gandhidham-240788",Gandhidham,Gujarat,240788.0,Shipping
UP-09844,CUST-19427,"83/55
Subramanian_Ganj
Bhagalpur_203730",Bhagalpur,Bihar,203730.0,"Billing,_Shipping"
MP-09845,CUST-14404,"H.No._86
Rege_Ganj
Gorakhpur-744390",Gorakhpur,Uttar_Pradesh,744390.0,Billing
RJ-09846,CUST-12386,"H.No._691,_Tiwari_Circle,_Rajkot-677237",Rajkot,Gujarat,677237.0,Shipping
WB-09847,CUST-15951,"H.No._538,_Basu_Zila
Arrah_015146",Arrah,Bihar,15146.0,Shipping
WB-09848,CUST-12146,"47/247,_Chaudhuri_Circle
Uluberia_803333",Uluberia,West_Bengal,803333.0,"Billing,_Shipping"
WB-09849,CUST-15802,"697,_Shere
Aligarh-101286",Aligarh,Uttar_Pradesh,101286.0,Shipping
TN-09850,CUST-00084,"H.No._041,_Anne,_Tiruvottiyur-587950",Tiruvottiyur,Tamil_Nadu,587950.0,"Billing,_Shipping"
RJ-09851,CUST-15967,"01,_Dey,_Dewas-722919",Dewas,Madhya_Pradesh,722919.0,Shipping
MH-09852,CUST-14609,"H.No._592,_Yadav_Chowk,_Yamunanagar_896552",Yamunanagar,Haryana,896552.0,"Billing,_Shipping"
JH-09853,CUST-09772,"H.No._88,_Kapur_Path
Mango_925752",Mango,Jharkhand,925752.0,Billing
BR-09854,CUST-02283,"74/337,_Grewal_Zila
Purnia_422564",Purnia,Bihar,422564.0,Shipping
TN-09855,CUST-01233,"42,_Saraf_Road,_Gandhinagar-976098",Gandhinagar,Gujarat,976098.0,"Billing,_Shipping"
KA-09856,CUST-02982,"07,_Korpal_Zila
Hospet_841590",Hospet,Karnataka,841590.0,Billing
OR-09857,CUST-19780,"31/806
Jhaveri_Marg
Bijapur_964191",Bijapur,Karnataka,964191.0,Billing
KA-09858,CUST-15634,"05/93,_Manda_Path,_Hosur-229244",Hosur,Tamil_Nadu,229244.0,Shipping
MP-09859,CUST-12946,"44/913
Gopal_Road
Mau_046201",Mau,Uttar_Pradesh,46201.0,"Billing,_Shipping"
TN-09860,CUST-13432,"35/986,_Arya_Ganj,_Vellore-021561",Vellore,Tamil_Nadu,21561.0,Shipping
OR-09861,CUST-14160,"11/65,_Sekhon_Marg
Danapur_440938",Danapur,Bihar,440938.0,Billing
OR-09862,CUST-17777,"77/240,_Ahuja_Road,_Patna_652718",Patna,Bihar,652718.0,"Billing,_Shipping"
UP-09863,CUST-14885,"H.No._071
Yogi_Chowk
Shahjahanpur-417505",Shahjahanpur,Uttar_Pradesh,417505.0,Billing
TS-09864,CUST-16822,"24/846,_Chakrabarti_Ganj
Sirsa-459625",Sirsa,Haryana,459625.0,"Billing,_Shipping"
OR-09865,CUST-16247,"H.No._85,_Devan_Street
Danapur-168523",Danapur,Bihar,168523.0,Shipping
KA-09866,CUST-02069,"77,_Yadav_Marg
Hospet-960073",Hospet,Karnataka,960073.0,Billing
OR-09867,CUST-14180,"64/709,_Bhavsar_Chowk,_Mathura_441154",Mathura,Uttar_Pradesh,441154.0,Billing
OR-09868,CUST-13981,"25/818
Venkatesh_Street
Kanpur-705616",Kanpur,Uttar_Pradesh,705616.0,Shipping
UP-09869,CUST-13100,"69/13,_Arora_Chowk,_Jamalpur-301843",Jamalpur,Bihar,301843.0,"Billing,_Shipping"
OR-09870,CUST-05708,"H.No._99,_Srivastava_Nagar,_Chandrapur-318530",Chandrapur,Maharashtra,318530.0,"Billing,_Shipping"
CG-09871,CUST-11733,"57,_Devi,_Nagpur-117165",Nagpur,Maharashtra,117165.0,"Billing,_Shipping"
GJ-09872,CUST-08524,"34/55
Brahmbhatt_Marg
Ajmer-473454",Ajmer,Rajasthan,473454.0,"Billing,_Shipping"
BR-09873,CUST-10995,"44,_Ganesh_Ganj
Purnia_953220",Purnia,Bihar,953220.0,"Billing,_Shipping"
MH-09874,CUST-16763,"14/35,_Rattan_Chowk,_Karnal-048702",Karnal,Haryana,48702.0,"Billing,_Shipping"
MP-09875,CUST-18685,"H.No._673
Chana_Path
Agra_334261",Agra,Uttar_Pradesh,334261.0,Billing
TN-09876,CUST-18575,"08
Ghosh_Path
Vellore_713146",Vellore,Tamil_Nadu,713146.0,Billing
MH-09877,CUST-04862,"10/031
Atwal
Jalgaon-912813",Jalgaon,Maharashtra,912813.0,"Billing,_Shipping"
WB-09879,CUST-17554,"59
Rastogi_Path
Arrah_719347",Arrah,Bihar,719347.0,"Billing,_Shipping"
MP-09880,CUST-06295,"19/913,_Ratta_Zila,_Kishanganj-649469",Kishanganj,Bihar,649469.0,"Billing,_Shipping"
GJ-09881,CUST-11070,"76
Ratta_Circle
Gandhidham-971139",Gandhidham,Gujarat,971139.0,Billing
UP-09882,CUST-16099,"69/77,_Bir_Marg
Firozabad-499283",Firozabad,Uttar_Pradesh,499283.0,Billing
KA-09883,CUST-03192,"57/89,_Thakkar_Circle,_Amaravati_791655",Amaravati,Andhra_Pradesh,791655.0,Billing
HR-09884,CUST-15325,"01/061,_Bhatti_Chowk
Aurangabad-384216",Aurangabad,Maharashtra,384216.0,Shipping
CG-09885,CUST-15381,"37,_Chaudhary,_Malda-459869",Malda,West_Bengal,459869.0,Shipping
OR-09886,CUST-08205,"65/73,_Shanker_Nagar
Bilaspur-990569",Bilaspur,Chhattisgarh,990569.0,"Billing,_Shipping"
GJ-09887,CUST-17003,"H.No._24,_Raja_Zila
Allahabad_521433",Allahabad,Uttar_Pradesh,521433.0,"Billing,_Shipping"
RJ-09888,CUST-14595,"195,_Sastry_Street,_Dewas-856136",Dewas,Madhya_Pradesh,856136.0,Shipping
MP-09889,CUST-16889,"674,_Dayal_Nagar,_Jhansi_686654",Jhansi,Uttar_Pradesh,686654.0,Billing
BR-09890,CUST-16574,"066,_Das_Chowk
Jaipur-747717",Jaipur,Rajasthan,747717.0,Shipping
TS-09891,CUST-01255,"34/29
Karan_Zila
Ambala_015774",Ambala,Haryana,15774.0,Billing
OR-09892,CUST-11080,"H.No._081,_Kothari_Street
Anantapur-832785",Anantapur,Andhra_Pradesh,832785.0,"Billing,_Shipping"
HR-09893,CUST-15704,"92,_Kanda_Marg,_Siwan-950788",Siwan,Bihar,950788.0,Billing
OR-09894,CUST-05170,"54/44
Kurian
Patna-459604",Patna,Bihar,459604.0,Shipping
TN-09895,CUST-07609,"862
Sen_Chowk
Pallavaram-178704",Pallavaram,Tamil_Nadu,178704.0,Billing
BR-09896,CUST-18717,"H.No._32,_Grewal_Zila
Buxar-902395",Buxar,Bihar,902395.0,Billing
RJ-09897,CUST-09763,"91,_Lalla_Road,_Dewas_691716",Dewas,Madhya_Pradesh,691716.0,Billing
HR-09898,CUST-10897,"43/93,_Sandhu_Zila
Aurangabad_483769",Aurangabad,Maharashtra,483769.0,"Billing,_Shipping"
MP-09899,CUST-10869,"79
Chahal_Path
Ramgarh_354882",Ramgarh,Jharkhand,354882.0,Shipping
TS-09900,CUST-19908,"H.No._88,_Venkatesh_Path
Srinagar-204855",Srinagar,Jammu_and_Kashmir,204855.0,"Billing,_Shipping"
TS-09901,CUST-17984,"94,_Manda_Street
Hindupur-168431",Hindupur,Andhra_Pradesh,168431.0,Billing
MP-09902,CUST-04345,"H.No._72,_Talwar_Zila
Unnao-691133",Unnao,Uttar_Pradesh,691133.0,Shipping
CG-09903,CUST-00108,"H.No._46,_Badami_Marg
Nagpur-489297",Nagpur,Maharashtra,489297.0,Billing
MP-09904,CUST-03921,"H.No._77,_Bhakta_Road,_Unnao-070333",Unnao,Uttar_Pradesh,70333.0,Billing
TN-09905,CUST-14073,"H.No._862,_Tandon_Zila
Chittoor-927107",Chittoor,Andhra_Pradesh,927107.0,Shipping
MP-09906,CUST-10833,"82/60,_Khalsa_Zila,_Unnao-304830",Unnao,Uttar_Pradesh,304830.0,"Billing,_Shipping"
UK-09907,CUST-12881,"677
Vyas_Marg
Haridwar-732271",Haridwar,Uttarakhand,732271.0,Shipping
TN-09908,CUST-16650,"H.No._31
Subramanian_Circle
Tiruppur-752736",Tiruppur,Tamil_Nadu,752736.0,Billing
TN-09909,CUST-16065,"H.No._11,_Varma_Zila,_Vellore-143393",Vellore,Tamil_Nadu,143393.0,Shipping
KA-09910,CUST-19330,"18/69,_Sampath_Circle
Mangalore-567121",Mangalore,Karnataka,567121.0,Shipping
OR-09911,CUST-15283,"86,_Amble_Ganj,_Bilaspur_354216",Bilaspur,Chhattisgarh,354216.0,"Billing,_Shipping"
OR-09912,CUST-10029,"97/20,_Bora,_Mathura_791486",Mathura,Uttar_Pradesh,791486.0,Billing
OR-09913,CUST-10957,"H.No._438,_Sanghvi_Road
Bijapur_373224",Bijapur,Karnataka,373224.0,Billing
GJ-09914,CUST-03070,"77/260,_Shan_Ganj
Allahabad-021359",Allahabad,Uttar_Pradesh,21359.0,Billing
WB-09915,CUST-08494,"92
Atwal_Path
Kulti-853679",Kulti,West_Bengal,853679.0,Billing
MP-09916,CUST-19108,"53/555
Sur
Unnao_874697",Unnao,Uttar_Pradesh,874697.0,Shipping
CG-09917,CUST-19484,"536,_Kade_Marg,_Nagpur_179532",Nagpur,Maharashtra,179532.0,"Billing,_Shipping"
HP-09918,CUST-13342,"592,_Bawa_Ganj
Udaipur-667037",Udaipur,Rajasthan,667037.0,"Billing,_Shipping"
UP-09919,CUST-15097,"02,_Rama_Zila,_Muzaffarpur-464155",Muzaffarpur,Bihar,464155.0,Shipping
TN-09920,CUST-10107,"706,_Dash_Road
Avadi-023529",Avadi,Tamil_Nadu,23529.0,"Billing,_Shipping"
MP-09921,CUST-06435,"H.No._223,_Butala_Nagar
Kishanganj_281906",Kishanganj,Bihar,281906.0,Shipping
KA-09922,CUST-02294,"H.No._41,_Keer_Ganj,_Solapur-237285",Solapur,Maharashtra,237285.0,"Billing,_Shipping"
MP-09923,CUST-14049,"853
Das_Ganj
Jalandhar_641608",Jalandhar,Punjab,641608.0,"Billing,_Shipping"
UP-09924,CUST-00731,"H.No._524,_Yadav_Chowk
Gurgaon-943756",Gurgaon,Haryana,943756.0,Shipping
UK-09925,CUST-00028,"34/22,_Divan,_Haridwar-320110",Haridwar,Uttarakhand,320110.0,Billing
JH-09926,CUST-02436,"H.No._60,_Subramanian
Kharagpur_419077",Kharagpur,West_Bengal,419077.0,Billing
MP-09927,CUST-17947,"H.No._67
Dhar_Marg
Dehri_218001",Dehri,Bihar,218001.0,Billing
AP-09928,CUST-14571,"97/071
Thaker_Nagar
Srikakulam-156321",Srikakulam,Andhra_Pradesh,156321.0,Billing
TR-09929,CUST-14609,"193,_Andra_Marg
Chandigarh-546222",Chandigarh,Chandigarh_(Union_Territory),546222.0,Billing
WB-09930,CUST-12033,"40,_Ramakrishnan
Arrah_418403",Arrah,Bihar,418403.0,Shipping
GJ-09931,CUST-13501,"H.No._643,_Sani_Circle
Allahabad-968756",Allahabad,Uttar_Pradesh,968756.0,Shipping
WB-09932,CUST-02722,"847
Chada_Circle
Madhyamgram-330092",Madhyamgram,West_Bengal,330092.0,"Billing,_Shipping"
WB-09933,CUST-02840,"577,_Chopra_Nagar,_Panihati_827893",Panihati,West_Bengal,827893.0,Shipping
TN-09934,CUST-10639,"51
Karan_Ganj
Avadi-086007",Avadi,Tamil_Nadu,86007.0,Shipping
GJ-09935,CUST-15937,"260
Lata_Chowk
Kavali-952445",Kavali,Andhra_Pradesh,952445.0,Shipping
UK-09936,CUST-18888,"96/620,_Kapur_Path,_Haridwar_962523",Haridwar,Uttarakhand,962523.0,Billing
MP-09937,CUST-15894,"04/10,_Bhatia_Road
Khandwa-641320",Khandwa,Madhya_Pradesh,641320.0,"Billing,_Shipping"
RJ-09938,CUST-18388,"H.No._644,_Bhargava_Nagar
Dewas-734658",Dewas,Madhya_Pradesh,734658.0,Shipping
RJ-09939,CUST-13828,"12/108,_Ranganathan_Nagar
Akola-172221",Akola,Maharashtra,172221.0,Billing
MH-09940,CUST-07857,"H.No._09
Sangha_Ganj
Rampur_021940",Rampur,Uttar_Pradesh,21940.0,Shipping
HR-09941,CUST-06606,"32/929,_Sehgal_Marg
Siwan-944314",Siwan,Bihar,944314.0,Billing
KA-09942,CUST-00926,"H.No._04,_Dugal_Zila
Mangalore_577150",Mangalore,Karnataka,577150.0,Shipping
AP-09943,CUST-19804,"90/41
Bains_Street
Bhimavaram_930099",Bhimavaram,Andhra_Pradesh,930099.0,"Billing,_Shipping"
MP-09944,CUST-19599,"37,_Bhakta_Road,_Ramgarh-698802",Ramgarh,Jharkhand,698802.0,Billing
WB-09945,CUST-12083,"91
Lad_Road
Madhyamgram-411222",Madhyamgram,West_Bengal,411222.0,Shipping
MP-09946,CUST-02799,"H.No._62
Kale_Ganj
Indore_211115",Indore,Madhya_Pradesh,211115.0,Shipping
OR-09947,CUST-19479,"48/42,_Sura_Zila
Berhampur-513706",Berhampur,Odisha,513706.0,Shipping
TN-09948,CUST-04259,"H.No._090
Kanda_Road
Tiruppur_792823",Tiruppur,Tamil_Nadu,792823.0,"Billing,_Shipping"
MP-09949,CUST-10338,"354,_Bhalla_Ganj,_Indore_983695",Indore,Madhya_Pradesh,983695.0,"Billing,_Shipping"
TN-09950,CUST-08172,"H.No._47,_Tandon_Circle
Pallavaram-987965",Pallavaram,Tamil_Nadu,987965.0,Shipping
GJ-09951,CUST-07042,"H.No._85,_Contractor_Circle
Hajipur-705289",Hajipur,Bihar,705289.0,Billing
UP-09952,CUST-13985,"78,_Dugal_Road,_Gurgaon_336272",Gurgaon,Haryana,336272.0,"Billing,_Shipping"
MP-09953,CUST-01353,"H.No._481,_Sama_Marg,_Dehri_373996",Dehri,Bihar,373996.0,Billing
UP-09954,CUST-01911,"234,_Aggarwal_Ganj,_Raipur_494852",Raipur,Chhattisgarh,494852.0,Shipping
TS-09955,CUST-04857,"07,_Thaman_Street,_Ramagundam-164621",Ramagundam,Telangana,164621.0,"Billing,_Shipping"
OR-09956,CUST-04265,"H.No._169,_Das_Nagar
Berhampur-987290",Berhampur,Odisha,987290.0,"Billing,_Shipping"
WB-09957,CUST-18820,"51
Chakrabarti
Uluberia-679735",Uluberia,West_Bengal,679735.0,"Billing,_Shipping"
MP-09958,CUST-00366,"56,_Dewan_Marg
Unnao_944207",Unnao,Uttar_Pradesh,944207.0,"Billing,_Shipping"
HR-09959,CUST-11161,"H.No._15
Sarin_Zila
Bikaner_416478",Bikaner,Rajasthan,416478.0,"Billing,_Shipping"
TN-09960,CUST-16264,"10/12,_Jayaraman_Path,_Gandhinagar-514038",Gandhinagar,Gujarat,514038.0,"Billing,_Shipping"
UP-09961,CUST-02180,"69,_Grewal_Road
Raiganj-000341",Raiganj,West_Bengal,341.0,Shipping
WB-09962,CUST-01595,"31/03,_Hayer_Nagar,_Aligarh-227666",Aligarh,Uttar_Pradesh,227666.0,Shipping
WB-09963,CUST-10853,"877,_Doctor,_Kulti_800051",Kulti,West_Bengal,800051.0,"Billing,_Shipping"
TN-09964,CUST-13928,"H.No._789,_Bhalla_Chowk,_Gandhinagar_776802",Gandhinagar,Gujarat,776802.0,Billing
UP-09965,CUST-05775,"37/31,_Chowdhury_Path
Chapra-366537",Chapra,Bihar,366537.0,"Billing,_Shipping"
MH-09966,CUST-12197,"H.No._825,_Karpe_Zila
Loni-128379",Loni,Uttar_Pradesh,128379.0,Billing
WB-09967,CUST-07873,"72
Suresh_Ganj
Madhyamgram-696746",Madhyamgram,West_Bengal,696746.0,"Billing,_Shipping"
KA-09968,CUST-11294,"H.No._28
Goyal_Road
Solapur-095305",Solapur,Maharashtra,95305.0,"Billing,_Shipping"
GJ-09969,CUST-16664,"72/608,_Chauhan_Circle,_Allahabad-302929",Allahabad,Uttar_Pradesh,302929.0,"Billing,_Shipping"
TN-09970,CUST-15883,"43/86,_Dutta_Circle
Tiruvottiyur_652648",Tiruvottiyur,Tamil_Nadu,652648.0,Billing
TN-09971,CUST-07281,"68
Chada_Path
Vellore-009323",Vellore,Tamil_Nadu,9323.0,Billing
UK-09972,CUST-17242,"H.No._19,_Tara
Jalna-237859",Jalna,Maharashtra,237859.0,"Billing,_Shipping"
MP-09973,CUST-02808,"54,_Brar_Chowk
Khandwa_144070",Khandwa,Madhya_Pradesh,144070.0,"Billing,_Shipping"
TN-09974,CUST-07427,"08,_Dayal,_Vellore-052920",Vellore,Tamil_Nadu,52920.0,Billing
TS-09975,CUST-04494,"995
Varty_Circle
Hindupur_136493",Hindupur,Andhra_Pradesh,136493.0,"Billing,_Shipping"
UP-09976,CUST-12131,"734,_Ghose_Ganj,_Gurgaon_891137",Gurgaon,Haryana,891137.0,Billing
MP-09977,CUST-10730,"H.No._25
Vora_Ganj
Dehri_464871",Dehri,Bihar,464871.0,Shipping
UP-09978,CUST-11174,"76/273,_Walla_Marg
Farrukhabad_915911",Farrukhabad,Uttar_Pradesh,915911.0,Billing
CG-09979,CUST-01572,"H.No._34
Madan_Circle
Nagpur_476436",Nagpur,Maharashtra,476436.0,Billing
MP-09980,CUST-11983,"08,_Kapoor_Chowk
Jalandhar-908555",Jalandhar,Punjab,908555.0,"Billing,_Shipping"
BR-09981,CUST-13576,"H.No._54,_Char_Zila
Ballia_179229",Ballia,Uttar_Pradesh,179229.0,Shipping
KA-09982,CUST-15289,"H.No._85,_Iyengar_Zila,_Hospet_345687",Hospet,Karnataka,345687.0,Billing
WB-09983,CUST-19623,"32,_Choudhary_Nagar,_Aligarh_986489",Aligarh,Uttar_Pradesh,986489.0,Billing
HR-09984,CUST-11870,"85/26,_Dara_Ganj
Aurangabad_866838",Aurangabad,Maharashtra,866838.0,Billing
AP-09985,CUST-14024,"953
Gour
Dharmavaram-929330",Dharmavaram,Andhra_Pradesh,929330.0,Shipping
TS-09986,CUST-10776,"H.No._369,_Soman
Hindupur-306487",Hindupur,Andhra_Pradesh,306487.0,Billing
MH-09987,CUST-14124,"H.No._153,_Mahal,_Satara-845712",Satara,Maharashtra,845712.0,Shipping
HP-09988,CUST-18144,"H.No._88,_Joshi_Street
Udaipur-312634",Udaipur,Rajasthan,312634.0,Billing
TN-09989,CUST-16547,"H.No._087,_Sangha_Ganj
Avadi-021779",Avadi,Tamil_Nadu,21779.0,Shipping
TN-09991,CUST-10606,"H.No._85,_Gola_Nagar,_Vellore_120460",Vellore,Tamil_Nadu,120460.0,Shipping
AS-09992,CUST-00550,"H.No._48
Bawa_Marg
Siliguri_405576",Siliguri,West_Bengal,405576.0,Billing
DL-09993,CUST-14843,"H.No._16,_Gaba_Street
Delhi-850468",Delhi,Delhi_(Union_Territory),850468.0,Billing
JH-09994,CUST-17127,"36/157,_Gera_Street,_Asansol_194863",Asansol,West_Bengal,194863.0,"Billing,_Shipping"
MP-09995,CUST-17237,"15/44
Walla_Nagar
Jalandhar_126722",Jalandhar,Punjab,126722.0,Shipping
OR-09996,CUST-07697,"07
Bala_Road
Berhampur_483609",Berhampur,Odisha,483609.0,Shipping
OR-09997,CUST-02641,"29/272,_Thakkar_Road
Berhampur-255574",Berhampur,Odisha,255574.0,"Billing,_Shipping"
MH-09998,CUST-16721,"H.No._06
Joshi_Chowk
Karnal_625684",Karnal,Haryana,625684.0,"Billing,_Shipping"
MH-09999,CUST-06195,"H.No._913,_Borra_Nagar
Rampur_077751",Rampur,Uttar_Pradesh,77751.0,Shipping
TR-10000,CUST-17886,"30/19,_Sodhi_Path,_Durgapur_922625",Durgapur,West_Bengal,922625.0,Billing
JH-10001,CUST-15927,"02
Sastry_Road
Mango_483061",Mango,Jharkhand,483061.0,Billing
JH-10002,CUST-15814,"38,_Sekhon_Marg,_Phusro-985264",Phusro,Jharkhand,985264.0,"Billing,_Shipping"
UP-10003,CUST-11841,"H.No._29,_Bora_Zila,_Shahjahanpur_496856",Shahjahanpur,Uttar_Pradesh,496856.0,"Billing,_Shipping"
MH-10004,CUST-06920,"46,_Johal_Zila,_Yamunanagar-921289",Yamunanagar,Haryana,921289.0,Shipping
AP-10005,CUST-19469,"187,_Karnik_Street,_Dharmavaram-804479",Dharmavaram,Andhra_Pradesh,804479.0,Shipping
MP-10006,CUST-10847,"22/68,_Vora
Khandwa-276112",Khandwa,Madhya_Pradesh,276112.0,Billing
CG-10007,CUST-01314,"H.No._17,_Dutta_Road
Bhilai_991179",Bhilai,Chhattisgarh,991179.0,Billing
OR-10008,CUST-11175,"06
Barad_Circle
Bijapur_348724",Bijapur,Karnataka,348724.0,Shipping
GJ-10009,CUST-13868,"76/572
Hari_Path
Allahabad_935261",Allahabad,Uttar_Pradesh,935261.0,"Billing,_Shipping"
OR-10010,CUST-02453,"145,_Master_Street
Berhampur-649104",Berhampur,Odisha,649104.0,Billing
TN-10011,CUST-10883,"H.No._00
Deep_Zila
Salem-586650",Salem,Tamil_Nadu,586650.0,Shipping
UP-10012,CUST-15063,"H.No._226,_Mammen_Ganj
Gurgaon_770029",Gurgaon,Haryana,770029.0,"Billing,_Shipping"
CG-10013,CUST-11215,"07,_Shere_Nagar
Sambalpur_027317",Sambalpur,Odisha,27317.0,"Billing,_Shipping"
WB-10014,CUST-01755,"31,_Aurora_Path
Aligarh-880765",Aligarh,Uttar_Pradesh,880765.0,Shipping
CG-10015,CUST-17295,"H.No._772,_Bora_Ganj,_Malda_712808",Malda,West_Bengal,712808.0,Shipping
MP-10016,CUST-17289,"05/50
Reddy_Zila
Gorakhpur_910650",Gorakhpur,Uttar_Pradesh,910650.0,Billing
GJ-10018,CUST-02905,"H.No._079,_Bassi_Path
Kavali_957619",Kavali,Andhra_Pradesh,957619.0,"Billing,_Shipping"
AP-10019,CUST-18489,"30/38,_Arora_Chowk
Bhimavaram_081770",Bhimavaram,Andhra_Pradesh,81770.0,"Billing,_Shipping"
BR-10020,CUST-11662,"H.No._592,_Deo_Road
Satna_758279",Satna,Madhya_Pradesh,758279.0,Billing
OR-10021,CUST-10706,"H.No._78,_Kapur_Street
Patna_130605",Patna,Bihar,130605.0,Shipping
KA-10022,CUST-12385,"26/471,_Keer,_Tumkur_161944",Tumkur,Karnataka,161944.0,Billing
AS-10023,CUST-00439,"262,_Walia_Chowk,_Nagaon-432794",Nagaon,Assam,432794.0,"Billing,_Shipping"
GJ-10024,CUST-03076,"27
Tiwari_Chowk
Allahabad_046215",Allahabad,Uttar_Pradesh,46215.0,"Billing,_Shipping"
UP-10025,CUST-13739,"70
Mann
Burhanpur-424451",Burhanpur,Madhya_Pradesh,424451.0,"Billing,_Shipping"
MP-10026,CUST-12686,"98
Dara_Chowk
Jalandhar_036874",Jalandhar,Punjab,36874.0,Shipping
AP-10027,CUST-14163,"47/052
Chaudhry_Marg
Srikakulam-215462",Srikakulam,Andhra_Pradesh,215462.0,Shipping
OR-10028,CUST-11162,"116,_Sathe_Circle,_Patna-590640",Patna,Bihar,590640.0,Shipping
MP-10029,CUST-13962,"37/519
Kurian_Road
Dehri_683929",Dehri,Bihar,683929.0,Billing
UK-10030,CUST-10166,"23/49,_Tank_Marg,_Jalna_732019",Jalna,Maharashtra,732019.0,"Billing,_Shipping"
MP-10031,CUST-13267,"H.No._33,_Bhandari_Nagar,_Ramgarh-282618",Ramgarh,Jharkhand,282618.0,Shipping
TN-10032,CUST-13026,"33
Varghese_Zila
Gandhinagar_550926",Gandhinagar,Gujarat,550926.0,"Billing,_Shipping"
UP-10033,CUST-16300,"H.No._70,_Dani_Nagar
Ahmedabad_800649",Ahmedabad,Gujarat,800649.0,Shipping
TS-10034,CUST-13972,"63/92,_Koshy_Zila
Ambala-429535",Ambala,Haryana,429535.0,Billing
MP-10035,CUST-13808,"H.No._38,_Manda
Kishanganj-624959",Kishanganj,Bihar,624959.0,Billing
UP-10036,CUST-12186,"471,_Butala_Marg,_Burhanpur_535718",Burhanpur,Madhya_Pradesh,535718.0,"Billing,_Shipping"
JH-10037,CUST-05764,"H.No._98,_Deol_Path,_Mango_836905",Mango,Jharkhand,836905.0,Billing
OR-10038,CUST-14738,"H.No._630,_Manne_Nagar
Patna-076318",Patna,Bihar,76318.0,"Billing,_Shipping"
GJ-10039,CUST-14585,"H.No._10,_Sankaran_Street
Jabalpur-126889",Jabalpur,Madhya_Pradesh,126889.0,"Billing,_Shipping"
TN-10040,CUST-14044,"H.No._248
Kuruvilla
Salem-258538",Salem,Tamil_Nadu,258538.0,Shipping
MH-10041,CUST-19053,"H.No._56
Rajagopal
Rampur-757490",Rampur,Uttar_Pradesh,757490.0,Billing
DL-10042,CUST-10544,"49/308,_Srinivasan_Ganj
Delhi_343189",Delhi,Delhi_(Union_Territory),343189.0,Billing
UP-10043,CUST-00878,"H.No._38,_Lal_Path,_Farrukhabad_759888",Farrukhabad,Uttar_Pradesh,759888.0,Shipping
GJ-10044,CUST-19060,"H.No._77
Garde_Nagar
Ajmer_630812",Ajmer,Rajasthan,630812.0,Billing
WB-10045,CUST-00190,"97/21
Lall
Bidhannagar_032086",Bidhannagar,West_Bengal,32086.0,Shipping
TS-10046,CUST-12344,"74/279,_Barad_Zila
Nizamabad-870960",Nizamabad,Telangana,870960.0,Shipping
UP-10047,CUST-05644,"20,_Bahri_Circle,_Karimnagar_903560",Karimnagar,Telangana,903560.0,Billing
MH-10048,CUST-06659,"02/443,_Srivastava,_Nanded-214025",Nanded,Maharashtra,214025.0,Billing
OR-10049,CUST-19447,"757
Chandra_Nagar
Kanpur-810370",Kanpur,Uttar_Pradesh,810370.0,Shipping
BR-10050,CUST-11945,"H.No._183,_Vasa_Nagar
Jaipur_723035",Jaipur,Rajasthan,723035.0,"Billing,_Shipping"
UP-10051,CUST-09706,"37,_Kumar_Road
Gurgaon_973850",Gurgaon,Haryana,973850.0,Billing
WB-10052,CUST-14567,"50/135,_Kale_Marg,_Bhatpara-958557",Bhatpara,West_Bengal,958557.0,Shipping
BR-10053,CUST-14405,"53/17
Viswanathan_Marg
Ballia-386563",Ballia,Uttar_Pradesh,386563.0,"Billing,_Shipping"
MP-10054,CUST-10475,"97
Khare_Path
Indore_530912",Indore,Madhya_Pradesh,530912.0,Shipping
AP-10055,CUST-15367,"H.No._68,_Agate_Path
Gudivada-086789",Gudivada,Andhra_Pradesh,86789.0,"Billing,_Shipping"
UK-10056,CUST-06536,"26/810,_Setty_Road,_Jalna-459482",Jalna,Maharashtra,459482.0,Billing
CG-10057,CUST-16508,"48,_Sridhar_Street
Sambalpur_535455",Sambalpur,Odisha,535455.0,"Billing,_Shipping"
AP-10058,CUST-10426,"H.No._52,_Sachdev_Road
Srikakulam_425906",Srikakulam,Andhra_Pradesh,425906.0,Billing
BR-10059,CUST-00148,"46/31,_Majumdar_Nagar,_Munger-835036",Munger,Bihar,835036.0,Shipping
MP-10060,CUST-11905,"63
Saha
Agra-266076",Agra,Uttar_Pradesh,266076.0,"Billing,_Shipping"
JH-10061,CUST-10531,"H.No._455,_Chokshi
Phusro_706738",Phusro,Jharkhand,706738.0,Billing
RJ-10062,CUST-04978,"544,_Vora_Chowk,_Rajkot-459374",Rajkot,Gujarat,459374.0,Billing
MP-10063,CUST-15910,"246,_Bumb_Circle,_Kishanganj-645697",Kishanganj,Bihar,645697.0,Billing
WB-10064,CUST-15521,"H.No._529,_Ramakrishnan_Circle
Panihati_894725",Panihati,West_Bengal,894725.0,"Billing,_Shipping"
UK-10065,CUST-10302,"49/964,_Agrawal_Road
Shivpuri-475340",Shivpuri,Madhya_Pradesh,475340.0,Shipping
OR-10066,CUST-10592,"96/88
Shah_Street
Berhampur-631021",Berhampur,Odisha,631021.0,Billing
OR-10067,CUST-10974,"581,_Trivedi_Road,_Chandrapur_615080",Chandrapur,Maharashtra,615080.0,Billing
GJ-10068,CUST-09867,"H.No._41,_Arora_Nagar
Vadodara_676778",Vadodara,Gujarat,676778.0,Shipping
TS-10069,CUST-00510,"56/512,_Kaur_Chowk,_Nizamabad_763766",Nizamabad,Telangana,763766.0,"Billing,_Shipping"
KL-10070,CUST-11962,"H.No._942
Mahal_Road
Kollam_180346",Kollam,Kerala,180346.0,Billing
MP-10071,CUST-16269,"223
Sankaran_Zila
Ramgarh-312011",Ramgarh,Jharkhand,312011.0,Billing
TN-10072,CUST-19475,"459
Chada_Road
Avadi-192041",Avadi,Tamil_Nadu,192041.0,Shipping
MH-10073,CUST-17298,"508,_Bawa
Satara_878271",Satara,Maharashtra,878271.0,Shipping
OR-10074,CUST-10102,"H.No._071,_Dube_Chowk
Mathura_976964",Mathura,Uttar_Pradesh,976964.0,Shipping
WB-10075,CUST-13027,"H.No._815,_Sur_Zila,_Bidhannagar_835298",Bidhannagar,West_Bengal,835298.0,Billing
KA-10076,CUST-12376,"19,_Tara_Ganj,_Tumkur-327355",Tumkur,Karnataka,327355.0,Shipping
RJ-10077,CUST-15932,"22,_Ravi_Chowk
Rajkot_716370",Rajkot,Gujarat,716370.0,Billing
KA-10078,CUST-12041,"632,_Khurana_Chowk
Mangalore_803679",Mangalore,Karnataka,803679.0,"Billing,_Shipping"
WB-10079,CUST-19266,"H.No._28,_Chaudhry_Nagar,_Panihati_141850",Panihati,West_Bengal,141850.0,Shipping
UP-10080,CUST-15853,"529
Basu_Circle
Gurgaon_322908",Gurgaon,Haryana,322908.0,Billing
UP-10081,CUST-15011,"06,_Chaudry_Zila
Ahmedabad-801826",Ahmedabad,Gujarat,801826.0,Shipping
GJ-10082,CUST-13413,"44/462,_Shan_Ganj
Ajmer-005056",Ajmer,Rajasthan,5056.0,Shipping
KA-10083,CUST-18162,"H.No._901
Halder
Amaravati_149455",Amaravati,Andhra_Pradesh,149455.0,Shipping
KA-10084,CUST-12805,"H.No._298,_Deep
Mangalore-184396",Mangalore,Karnataka,184396.0,Billing
MH-10085,CUST-13897,"61/59,_Sharaf,_Karnal-138510",Karnal,Haryana,138510.0,Shipping
MP-10086,CUST-11933,"38/56,_Badami_Path,_Gorakhpur-802862",Gorakhpur,Uttar_Pradesh,802862.0,"Billing,_Shipping"
WB-10088,CUST-19062,"931,_Dugar_Zila,_Aligarh_931746",Aligarh,Uttar_Pradesh,931746.0,Shipping
MH-10089,CUST-11432,"44/756,_Mander_Path
Bhiwandi_144906",Bhiwandi,Maharashtra,144906.0,"Billing,_Shipping"
TN-10090,CUST-05893,"04,_Kohli_Circle
Gandhinagar-937686",Gandhinagar,Gujarat,937686.0,Shipping
WB-10091,CUST-01430,"552,_Sur_Nagar,_Naihati-674703",Naihati,West_Bengal,674703.0,Shipping
OR-10092,CUST-15591,"H.No._822,_Ravi_Street,_Berhampur-865897",Berhampur,Odisha,865897.0,"Billing,_Shipping"
MP-10093,CUST-13819,"47/662
Bhalla_Circle
Jhansi-300320",Jhansi,Uttar_Pradesh,300320.0,Shipping
DL-10094,CUST-13257,"75
Hayer_Ganj
Delhi_215700",Delhi,Delhi_(Union_Territory),215700.0,Billing
MH-10095,CUST-12338,"H.No._26
Brar
Malegaon-017121",Malegaon,Maharashtra,17121.0,Shipping
RJ-10096,CUST-12318,"19/77,_D’Alia_Marg,_Dewas-516314",Dewas,Madhya_Pradesh,516314.0,"Billing,_Shipping"
MP-10097,CUST-00265,"38/54,_Bhatnagar_Circle
Agra-391475",Agra,Uttar_Pradesh,391475.0,Shipping
TN-10098,CUST-05782,"H.No._366,_Mangal_Circle
Tiruvottiyur_680195",Tiruvottiyur,Tamil_Nadu,680195.0,"Billing,_Shipping"
AS-10099,CUST-12742,"098
Vala_Path
Siliguri-042883",Siliguri,West_Bengal,42883.0,Shipping
MH-10100,CUST-08549,"H.No._79
Wason_Road
Bhiwandi-835628",Bhiwandi,Maharashtra,835628.0,Shipping
GJ-10101,CUST-18003,"H.No._812,_Ghosh_Ganj,_Ajmer_966679",Ajmer,Rajasthan,966679.0,Shipping
CG-10102,CUST-01822,"90/932,_Venkatesh_Nagar
Sambalpur-976696",Sambalpur,Odisha,976696.0,Shipping
AP-10103,CUST-16657,"61
Chawla_Road
Bhimavaram_158361",Bhimavaram,Andhra_Pradesh,158361.0,Shipping
MP-10104,CUST-15548,"H.No._107,_Rout_Path,_Jalandhar-899742",Jalandhar,Punjab,899742.0,"Billing,_Shipping"
MH-10105,CUST-18695,"741
Tella
Jalgaon_219493",Jalgaon,Maharashtra,219493.0,"Billing,_Shipping"
BR-10107,CUST-03251,"H.No._72
Boase_Road
Munger-733812",Munger,Bihar,733812.0,Shipping
MP-10108,CUST-13991,"795,_Saraf_Nagar
Kota_492496",Kota,Rajasthan,492496.0,"Billing,_Shipping"
RJ-10109,CUST-19850,"676,_Saxena_Circle
Rajkot_900483",Rajkot,Gujarat,900483.0,Billing
JH-10110,CUST-01786,"01
Lal_Marg
Asansol_122413",Asansol,West_Bengal,122413.0,Billing
AP-10111,CUST-00044,"851,_Lanka_Street
Anantapuram_520961",Anantapuram,Andhra_Pradesh,520961.0,Shipping
TS-10112,CUST-13676,"10,_Krishna_Chowk,_Sirsa-950157",Sirsa,Haryana,950157.0,Billing
DL-10113,CUST-15601,"859,_Balay_Path,_Delhi_933087",Delhi,Delhi_(Union_Territory),933087.0,"Billing,_Shipping"
AP-10114,CUST-18266,"25/82,_Tiwari_Path
Jammu-671883",Jammu,Jammu_and_Kashmir,671883.0,Shipping
TS-10115,CUST-07181,"H.No._17,_De_Chowk
Hindupur-735359",Hindupur,Andhra_Pradesh,735359.0,Shipping
UP-10116,CUST-19340,"670,_Sanghvi_Road
Burhanpur-654694",Burhanpur,Madhya_Pradesh,654694.0,"Billing,_Shipping"
BR-10117,CUST-14280,"16,_Salvi_Street,_Munger-282434",Munger,Bihar,282434.0,"Billing,_Shipping"
GJ-10118,CUST-11745,"H.No._79,_D’Alia_Street
Allahabad-898005",Allahabad,Uttar_Pradesh,898005.0,Billing
OR-10119,CUST-12691,"H.No._728,_Mahajan_Road,_Bijapur_922741",Bijapur,Karnataka,922741.0,Shipping
JH-10120,CUST-00476,"H.No._404,_Som_Circle
Mango-108407",Mango,Jharkhand,108407.0,"Billing,_Shipping"
MH-10121,CUST-16605,"H.No._302
Vig_Chowk
Guntur_163470",Guntur,Andhra_Pradesh,163470.0,Shipping
RJ-10122,CUST-10296,"H.No._936,_Karan_Path,_Rajkot_560329",Rajkot,Gujarat,560329.0,Shipping
MH-10123,CUST-16071,"16
Shah_Street
Bhiwandi-687201",Bhiwandi,Maharashtra,687201.0,Shipping
KA-10124,CUST-13414,"H.No._363,_Hans_Zila,_Hospet_425142",Hospet,Karnataka,425142.0,"Billing,_Shipping"
GJ-10125,CUST-19687,"99/09,_Srinivasan,_Allahabad-668724",Allahabad,Uttar_Pradesh,668724.0,Billing
BR-10126,CUST-08416,"009,_Shukla_Path,_Buxar-437575",Buxar,Bihar,437575.0,"Billing,_Shipping"
GJ-10127,CUST-15445,"48/50,_Dar_Road
Jabalpur-151735",Jabalpur,Madhya_Pradesh,151735.0,Shipping
CG-10128,CUST-05419,"10,_Sule_Circle,_Sagar-855930",Sagar,Madhya_Pradesh,855930.0,"Billing,_Shipping"
KL-10129,CUST-11011,"13
Ram_Zila
Kollam-650525",Kollam,Kerala,650525.0,Shipping
MH-10130,CUST-13965,"27/88,_Bumb,_Jalgaon-770711",Jalgaon,Maharashtra,770711.0,Shipping
BR-10131,CUST-05541,"42/40,_Chaudry_Zila,_Purnia_637612",Purnia,Bihar,637612.0,"Billing,_Shipping"
HR-10132,CUST-13646,"H.No._18,_Apte_Zila,_Bikaner_213951",Bikaner,Rajasthan,213951.0,"Billing,_Shipping"
MP-10133,CUST-07682,"56/50,_Taneja_Ganj,_Indore_368168",Indore,Madhya_Pradesh,368168.0,"Billing,_Shipping"
AS-10134,CUST-14769,"97/777,_Kadakia
Siliguri-595528",Siliguri,West_Bengal,595528.0,Shipping
HR-10135,CUST-17125,"95,_Thaker_Road,_Siwan-035345",Siwan,Bihar,35345.0,"Billing,_Shipping"
WB-10136,CUST-13306,"97,_Mander_Marg
Baranagar-020786",Baranagar,West_Bengal,20786.0,"Billing,_Shipping"
MH-10137,CUST-10722,"025,_Gulati_Circle
Satara_420808",Satara,Maharashtra,420808.0,Billing
RJ-10138,CUST-06578,"H.No._300
Tandon_Nagar
Dewas_022345",Dewas,Madhya_Pradesh,22345.0,Shipping
CG-10139,CUST-15288,"29/79,_Bhandari_Marg,_Sagar_267136",Sagar,Madhya_Pradesh,267136.0,"Billing,_Shipping"
UP-10142,CUST-18231,"63/65,_Wable_Ganj,_Ahmedabad-541369",Ahmedabad,Gujarat,541369.0,Shipping
WB-10143,CUST-17061,"40/09,_Sehgal_Circle
Madhyamgram-040169",Madhyamgram,West_Bengal,40169.0,Billing
OR-10144,CUST-16522,"13/678,_Chana_Nagar
Bilaspur_142404",Bilaspur,Chhattisgarh,142404.0,Shipping
KA-10145,CUST-13198,"62/71,_Rao_Marg
Hospet-025151",Hospet,Karnataka,25151.0,Billing
HR-10146,CUST-03506,"47,_Yohannan_Zila,_Aurangabad-056256",Aurangabad,Maharashtra,56256.0,Billing
MP-10147,CUST-00254,"H.No._936,_Dayal_Ganj
Kota-240376",Kota,Rajasthan,240376.0,Billing
UP-10148,CUST-12634,"26/256,_Sundaram_Ganj
Chapra-544136",Chapra,Bihar,544136.0,Shipping
TR-10149,CUST-15334,"51/08,_Chowdhury_Path
Durgapur-503949",Durgapur,West_Bengal,503949.0,"Billing,_Shipping"
HR-10150,CUST-08453,"98/94,_Sengupta_Path,_Siwan-159480",Siwan,Bihar,159480.0,Shipping
WB-10151,CUST-14004,"93/167
Kannan
Baranagar_203731",Baranagar,West_Bengal,203731.0,"Billing,_Shipping"
MH-10152,CUST-03920,"H.No._754,_Vala_Zila,_Karnal-693063",Karnal,Haryana,693063.0,Shipping
OR-10153,CUST-08901,"H.No._56,_Chakrabarti_Zila
Mathura-219930",Mathura,Uttar_Pradesh,219930.0,Shipping
MP-10154,CUST-03124,"12/86,_Ratta_Zila
Ramgarh_360298",Ramgarh,Jharkhand,360298.0,Shipping
CG-10155,CUST-15808,"172,_Bobal_Path
Sagar-654526",Sagar,Madhya_Pradesh,654526.0,Billing
TR-10156,CUST-17810,"05,_Badami_Circle,_Chandigarh-789266",Chandigarh,Chandigarh_(Union_Territory),789266.0,Billing
MH-10157,CUST-12609,"417
Kota_Marg
Jalgaon_936677",Jalgaon,Maharashtra,936677.0,Shipping
AS-10158,CUST-15188,"H.No._725,_Joshi_Circle
Siliguri-011984",Siliguri,West_Bengal,11984.0,Billing
MH-10159,CUST-11083,"H.No._63,_Edwin_Path,_Malegaon-469923",Malegaon,Maharashtra,469923.0,Shipping
KA-10160,CUST-03592,"H.No._16,_Anne_Road,_Amaravati_687120",Amaravati,Andhra_Pradesh,687120.0,Billing
MP-10161,CUST-08431,"128
Lata_Chowk
Unnao-705673",Unnao,Uttar_Pradesh,705673.0,Shipping
KA-10162,CUST-15108,"50/12,_Vaidya_Path
Hosur-856556",Hosur,Tamil_Nadu,856556.0,Shipping
TS-10163,CUST-03286,"348,_Buch_Marg,_Proddatur-900082",Proddatur,Andhra_Pradesh,900082.0,"Billing,_Shipping"
KL-10164,CUST-07851,"98/86
Golla_Circle
Kollam_690363",Kollam,Kerala,690363.0,"Billing,_Shipping"
CG-10165,CUST-12758,"17,_Gokhale_Nagar,_Sambalpur-942481",Sambalpur,Odisha,942481.0,Shipping
MP-10166,CUST-15044,"643,_Bhat_Path,_Jhansi_325474",Jhansi,Uttar_Pradesh,325474.0,Shipping
MH-10167,CUST-13601,"52,_Chaudhari_Ganj,_Loni-328311",Loni,Uttar_Pradesh,328311.0,"Billing,_Shipping"
AS-10168,CUST-04682,"30/43,_Bobal_Street,_Siliguri-366062",Siliguri,West_Bengal,366062.0,Shipping
HR-10169,CUST-19316,"88,_Sane_Street
Bikaner_740082",Bikaner,Rajasthan,740082.0,Shipping
MP-10170,CUST-14227,"H.No._399
Sankaran
Jalandhar-316550",Jalandhar,Punjab,316550.0,Billing
UP-10171,CUST-19300,"H.No._36
Viswanathan_Zila
Farrukhabad_548457",Farrukhabad,Uttar_Pradesh,548457.0,Shipping
GJ-10172,CUST-06236,"07,_Dada_Nagar
Jabalpur-846021",Jabalpur,Madhya_Pradesh,846021.0,Shipping
OR-10173,CUST-18512,"15,_Kota_Nagar,_Mathura_878742",Mathura,Uttar_Pradesh,878742.0,"Billing,_Shipping"
MP-10174,CUST-19898,"H.No._157,_Grewal_Road
Kishanganj-538284",Kishanganj,Bihar,538284.0,"Billing,_Shipping"
OR-10175,CUST-14319,"H.No._93
Ganesan_Zila
Bijapur-477401",Bijapur,Karnataka,477401.0,"Billing,_Shipping"
AP-10176,CUST-04246,"H.No._19,_Kohli_Marg,_Bhimavaram_617526",Bhimavaram,Andhra_Pradesh,617526.0,"Billing,_Shipping"
UK-10177,CUST-10967,"23,_Viswanathan_Street
Haridwar-245758",Haridwar,Uttarakhand,245758.0,"Billing,_Shipping"
WB-10178,CUST-02815,"708,_Kalita_Street,_Naihati-595885",Naihati,West_Bengal,595885.0,Billing
AS-10179,CUST-04222,"66,_Lal_Street
Bongaigaon-746539",Bongaigaon,Assam,746539.0,Billing
TS-10180,CUST-18390,"66,_Subramanian_Circle
Ramagundam_448803",Ramagundam,Telangana,448803.0,Shipping
MH-10181,CUST-13540,"27/849,_Loke_Street,_Malegaon_796861",Malegaon,Maharashtra,796861.0,Shipping
UP-10182,CUST-10298,"H.No._37,_Cheema_Street
Raipur-883145",Raipur,Chhattisgarh,883145.0,"Billing,_Shipping"
HR-10183,CUST-18748,"43/98
Bora_Circle
Siwan_280977",Siwan,Bihar,280977.0,Shipping
KA-10184,CUST-10196,"143,_Ramesh_Zila
Amaravati_829718",Amaravati,Andhra_Pradesh,829718.0,Shipping
MP-10185,CUST-10790,"H.No._917,_Kibe_Nagar
Agra_604251",Agra,Uttar_Pradesh,604251.0,Billing
WB-10186,CUST-04943,"H.No._58,_Chad_Road,_Bally_608318",Bally,West_Bengal,608318.0,"Billing,_Shipping"
RJ-10187,CUST-11347,"36/41,_Ganesh_Circle,_Fatehpur-570089",Fatehpur,Uttar_Pradesh,570089.0,"Billing,_Shipping"
