AddressID,CustomerID,AddressLine1,City,State,PinCode,AddressType
WB-10188,CUST-12916,"H.No._34,_Kuruvilla_Path,_Kulti-325606",Kulti,West_Bengal,325606.0,Shipping
TS-10189,CUST-02779,"64
Cheema_Zila
Ramagundam-509309",Ramagundam,Telangana,509309.0,Shipping
MH-10190,CUST-10505,"H.No._957,_Biswas_Circle
Nanded_212224",Nanded,Maharashtra,212224.0,Shipping
MH-10191,CUST-15886,"84
Bhatnagar_Road
Nanded_846533",Nanded,Maharashtra,846533.0,Billing
UP-10192,CUST-18358,"33/43,_Shere_Road
Shahjahanpur-780247",Shahjahanpur,Uttar_Pradesh,780247.0,"Billing,_Shipping"
TR-10193,CUST-09965,"449
Iyer_Ganj
Durgapur_265507",Durgapur,West_Bengal,265507.0,"Billing,_Shipping"
MH-10194,CUST-19511,"H.No._594
Tak_Zila
Guntur-091712",Guntur,Andhra_Pradesh,91712.0,Billing
TS-10195,CUST-09325,"H.No._394
Jayaraman_Road
Srinagar-830749",Srinagar,Jammu_and_Kashmir,830749.0,Shipping
MP-10196,CUST-13058,"87
Gara_Road
Jodhpur-515044",Jodhpur,Rajasthan,515044.0,"Billing,_Shipping"
KL-10197,CUST-07220,"16/509,_Shere_Nagar
Kollam-234688",Kollam,Kerala,234688.0,Billing
MH-10198,CUST-19920,"H.No._99,_Boase_Ganj
Jalgaon-126322",Jalgaon,Maharashtra,126322.0,"Billing,_Shipping"
OR-10199,CUST-15024,"H.No._883,_Behl_Nagar
Chandrapur-199168",Chandrapur,Maharashtra,199168.0,"Billing,_Shipping"
HR-10200,CUST-11817,"190,_Rastogi_Circle
Aurangabad-261589",Aurangabad,Maharashtra,261589.0,Billing
MH-10201,CUST-09932,"54/235
Rattan
Rampur_374973",Rampur,Uttar_Pradesh,374973.0,Shipping
UP-10202,CUST-05101,"H.No._24,_Tella_Zila,_Shahjahanpur-330437",Shahjahanpur,Uttar_Pradesh,330437.0,Billing
CG-10203,CUST-11999,"51/979
Lall_Zila
Sambalpur-445282",Sambalpur,Odisha,445282.0,Shipping
HR-10204,CUST-02139,"H.No._68
Handa_Chowk
Aurangabad_720723",Aurangabad,Maharashtra,720723.0,Shipping
MH-10205,CUST-12464,"16/10,_Balan_Marg,_Rampur-488471",Rampur,Uttar_Pradesh,488471.0,Shipping
AS-10206,CUST-10067,"02,_Karnik_Path
Nagaon_175681",Nagaon,Assam,175681.0,"Billing,_Shipping"
UP-10207,CUST-04618,"H.No._045
Gole_Nagar
Raiganj-658004",Raiganj,West_Bengal,658004.0,"Billing,_Shipping"
OR-10208,CUST-00425,"53/97,_Rout_Circle
Kanpur_072803",Kanpur,Uttar_Pradesh,72803.0,"Billing,_Shipping"
KA-10210,CUST-18781,"H.No._97
Khosla_Chowk
Tumkur_048640",Tumkur,Karnataka,48640.0,"Billing,_Shipping"
JH-10211,CUST-11418,"00/506,_Yadav_Ganj
Mango-699242",Mango,Jharkhand,699242.0,Billing
BR-10212,CUST-13450,"H.No._676
Shere_Circle
Purnia_497515",Purnia,Bihar,497515.0,Shipping
HR-10213,CUST-06053,"65/520
Mangat_Circle
Bikaner_997643",Bikaner,Rajasthan,997643.0,Billing
MH-10214,CUST-03170,"49/537,_Chowdhury_Ganj
Guntur_586421",Guntur,Andhra_Pradesh,586421.0,Billing
GJ-10215,CUST-19419,"H.No._27,_Ramaswamy_Chowk
Allahabad_587291",Allahabad,Uttar_Pradesh,587291.0,"Billing,_Shipping"
BR-10216,CUST-10894,"H.No._86
Sibal_Chowk
Satna-449941",Satna,Madhya_Pradesh,449941.0,Shipping
AS-10217,CUST-17284,"47
Tailor_Path
Nagaon-779912",Nagaon,Assam,779912.0,Shipping
TN-10218,CUST-03770,"29/29
Aggarwal_Circle
Pallavaram-166637",Pallavaram,Tamil_Nadu,166637.0,"Billing,_Shipping"
TN-10220,CUST-13296,"70/87,_Bansal_Nagar,_Gandhinagar_917672",Gandhinagar,Gujarat,917672.0,"Billing,_Shipping"
GJ-10221,CUST-10311,"86/22,_Ahuja_Road,_Ajmer-441586",Ajmer,Rajasthan,441586.0,Billing
TN-10222,CUST-03563,"H.No._16,_Gola_Ganj
Avadi_644426",Avadi,Tamil_Nadu,644426.0,Billing
UP-10223,CUST-15021,"88/55,_Lata_Chowk,_Shahjahanpur_898413",Shahjahanpur,Uttar_Pradesh,898413.0,"Billing,_Shipping"
MP-10224,CUST-18621,"50/441
Deshpande_Circle
Jhansi-726941",Jhansi,Uttar_Pradesh,726941.0,Shipping
JH-10225,CUST-10358,"H.No._16
Saha_Street
Asansol_960561",Asansol,West_Bengal,960561.0,Shipping
UK-10226,CUST-11889,"H.No._65,_Boase,_Shivpuri-072272",Shivpuri,Madhya_Pradesh,72272.0,Billing
JH-10227,CUST-14724,"58/140,_Hayer_Road,_Mango_586603",Mango,Jharkhand,586603.0,Shipping
WB-10228,CUST-12066,"059,_Thaman_Ganj
Kulti-266635",Kulti,West_Bengal,266635.0,Shipping
BR-10229,CUST-01832,"48,_Hans_Path,_Ballia-441549",Ballia,Uttar_Pradesh,441549.0,"Billing,_Shipping"
OR-10230,CUST-09586,"H.No._622
Kale_Chowk
Haldia_243782",Haldia,West_Bengal,243782.0,Billing
TS-10231,CUST-02218,"433,_Jani_Chowk
Srinagar_723096",Srinagar,Jammu_and_Kashmir,723096.0,"Billing,_Shipping"
BR-10232,CUST-19225,"H.No._79,_Madan_Chowk,_Satna-065524",Satna,Madhya_Pradesh,65524.0,Billing
UP-10233,CUST-19103,"50/864,_Bansal_Zila
Ahmedabad-530870",Ahmedabad,Gujarat,530870.0,Billing
TN-10234,CUST-17483,"66/257
Batta_Zila
Avadi-062152",Avadi,Tamil_Nadu,62152.0,"Billing,_Shipping"
UP-10235,CUST-01116,"676
Chaudhry_Circle
Gurgaon-629950",Gurgaon,Haryana,629950.0,Billing
OR-10236,CUST-11530,"081,_Yogi_Marg
Mathura-587910",Mathura,Uttar_Pradesh,587910.0,Shipping
HR-10237,CUST-17860,"07,_Bali_Road,_Aurangabad_857371",Aurangabad,Maharashtra,857371.0,"Billing,_Shipping"
AP-10238,CUST-06573,"54/655,_Chowdhury_Street,_Dharmavaram-589471",Dharmavaram,Andhra_Pradesh,589471.0,"Billing,_Shipping"
MP-10239,CUST-15189,"H.No._869
Trivedi_Street
Kishanganj_239184",Kishanganj,Bihar,239184.0,Shipping
UP-10240,CUST-00247,"22,_Agate,_Bhagalpur_864254",Bhagalpur,Bihar,864254.0,"Billing,_Shipping"
TN-10241,CUST-11012,"76/211,_Kata_Circle,_Vellore_076683",Vellore,Tamil_Nadu,76683.0,"Billing,_Shipping"
GJ-10242,CUST-10191,"H.No._65
Warrior_Path
Vadodara-146451",Vadodara,Gujarat,146451.0,Billing
WB-10243,CUST-09128,"98/826,_Manne_Nagar
Kamarhati-492848",Kamarhati,West_Bengal,492848.0,Shipping
MP-10244,CUST-03274,"H.No._55
Rajan_Street
Unnao_830851",Unnao,Uttar_Pradesh,830851.0,"Billing,_Shipping"
RJ-10245,CUST-10398,"83/26,_Gaba_Chowk,_Dewas-261948",Dewas,Madhya_Pradesh,261948.0,Billing
CG-10246,CUST-17321,"895,_Dyal
Malda-319540",Malda,West_Bengal,319540.0,"Billing,_Shipping"
MP-10247,CUST-13448,"H.No._478,_Sarna_Marg
Indore-877421",Indore,Madhya_Pradesh,877421.0,Billing
UP-10248,CUST-14878,"87/64
Sura_Marg
Firozabad-686778",Firozabad,Uttar_Pradesh,686778.0,Billing
TS-10249,CUST-03872,"72/34,_Kulkarni_Street
Sirsa_413025",Sirsa,Haryana,413025.0,Billing
WB-10250,CUST-07147,"H.No._55,_Tella
Naihati-232806",Naihati,West_Bengal,232806.0,Billing
AS-10251,CUST-12620,"28,_Kumar_Circle
Nagaon-524942",Nagaon,Assam,524942.0,Billing
TN-10252,CUST-16737,"H.No._18,_Lad_Marg,_Pali_513204",Pali,Rajasthan,513204.0,"Billing,_Shipping"
TS-10253,CUST-01403,"H.No._21,_Varughese_Marg,_Dindigul_539128",Dindigul,Tamil_Nadu,539128.0,Shipping
TN-10254,CUST-18568,"010
Divan_Nagar
Pallavaram-006189",Pallavaram,Tamil_Nadu,6189.0,Billing
AP-10255,CUST-12608,"H.No._677,_Dass_Road,_Jammu-914371",Jammu,Jammu_and_Kashmir,914371.0,"Billing,_Shipping"
OR-10256,CUST-06698,"84/140,_Seth_Marg,_Berhampur-357436",Berhampur,Odisha,357436.0,Billing
MP-10257,CUST-18133,"H.No._33,_Bala,_Gorakhpur-689483",Gorakhpur,Uttar_Pradesh,689483.0,Billing
JH-10258,CUST-13136,"H.No._90,_Agate_Zila
Phusro_599320",Phusro,Jharkhand,599320.0,"Billing,_Shipping"
BR-10259,CUST-10234,"122,_Shan,_Buxar_476300",Buxar,Bihar,476300.0,Billing
HR-10260,CUST-13022,"44/74
Balasubramanian_Ganj
Aurangabad_695922",Aurangabad,Maharashtra,695922.0,Shipping
RJ-10261,CUST-19333,"78,_Ratti_Road
Akola-719341",Akola,Maharashtra,719341.0,Shipping
HR-10262,CUST-15028,"H.No._145
Dara_Zila
Siwan-291631",Siwan,Bihar,291631.0,Shipping
AS-10263,CUST-06695,"666,_Lad_Ganj,_Siliguri_854297",Siliguri,West_Bengal,854297.0,Shipping
OR-10264,CUST-17231,"85/89
Grover_Nagar
Bilaspur_695462",Bilaspur,Chhattisgarh,695462.0,Shipping
OR-10265,CUST-00228,"01/06,_Rajagopalan_Road,_Chandrapur-278739",Chandrapur,Maharashtra,278739.0,Shipping
TS-10266,CUST-02978,"H.No._83,_Vasa_Ganj
Nizamabad-066950",Nizamabad,Telangana,66950.0,Billing
GJ-10267,CUST-03351,"17,_Mangal_Zila
Allahabad_105874",Allahabad,Uttar_Pradesh,105874.0,"Billing,_Shipping"
AS-10268,CUST-18072,"59,_Kota_Path
Siliguri_133455",Siliguri,West_Bengal,133455.0,Shipping
UK-10269,CUST-00640,"490,_Dass_Chowk
Haridwar-889035",Haridwar,Uttarakhand,889035.0,Shipping
OR-10270,CUST-03498,"22,_Agrawal_Path
Patna-963943",Patna,Bihar,963943.0,"Billing,_Shipping"
MP-10271,CUST-15556,"73/34
Raval_Circle
Ramgarh_819608",Ramgarh,Jharkhand,819608.0,"Billing,_Shipping"
TN-10272,CUST-06669,"96
Kala_Path
Vellore-976277",Vellore,Tamil_Nadu,976277.0,"Billing,_Shipping"
UK-10273,CUST-19154,"444
Lata
Shivpuri_919997",Shivpuri,Madhya_Pradesh,919997.0,Shipping
UP-10274,CUST-15189,"18/65
Edwin_Road
Burhanpur-426960",Burhanpur,Madhya_Pradesh,426960.0,"Billing,_Shipping"
TN-10275,CUST-13334,"49/40,_Edwin_Zila
Chittoor-094486",Chittoor,Andhra_Pradesh,94486.0,Billing
WB-10276,CUST-02904,"779,_Arya_Zila,_Uluberia-557272",Uluberia,West_Bengal,557272.0,Billing
CG-10277,CUST-14795,"90/311
Venkataraman_Path
Sagar_575860",Sagar,Madhya_Pradesh,575860.0,"Billing,_Shipping"
HR-10278,CUST-10146,"63/585,_Wadhwa_Nagar,_Aurangabad_000990",Aurangabad,Maharashtra,990.0,Billing
BR-10279,CUST-05136,"94,_Tella_Path
Munger_820391",Munger,Bihar,820391.0,"Billing,_Shipping"
HR-10280,CUST-13059,"09/66,_Badal
Bikaner-708208",Bikaner,Rajasthan,708208.0,Shipping
TN-10281,CUST-12465,"H.No._35,_Das_Chowk,_Tiruppur-531967",Tiruppur,Tamil_Nadu,531967.0,Billing
UP-10282,CUST-10755,"72/03,_Balan_Path,_Raiganj-652184",Raiganj,West_Bengal,652184.0,Shipping
MH-10283,CUST-18186,"95/04
Khanna_Ganj
Rampur_548007",Rampur,Uttar_Pradesh,548007.0,Billing
DL-10284,CUST-08299,"13/43,_Dash_Ganj
Delhi-146709",Delhi,Delhi_(Union_Territory),146709.0,Billing
UP-10285,CUST-02099,"68/05,_Chaudry_Zila,_Ahmedabad_196100",Ahmedabad,Gujarat,196100.0,Shipping
MP-10286,CUST-06456,"23
Mannan_Nagar
Mau_694293",Mau,Uttar_Pradesh,694293.0,Shipping
GJ-10287,CUST-12840,"H.No._35,_Sule_Path,_Hajipur_912363",Hajipur,Bihar,912363.0,Shipping
MH-10288,CUST-01967,"H.No._22
Yohannan_Circle
Karnal-622426",Karnal,Haryana,622426.0,Billing
AP-10289,CUST-15206,"H.No._667,_Tak_Nagar
Jammu_279283",Jammu,Jammu_and_Kashmir,279283.0,Shipping
GJ-10290,CUST-10262,"88
Tank_Ganj
Ajmer_521500",Ajmer,Rajasthan,521500.0,"Billing,_Shipping"
TR-10291,CUST-06834,"581,_Dora_Ganj,_Durgapur-321096",Durgapur,West_Bengal,321096.0,Shipping
HP-10292,CUST-19285,"H.No._369
Rout_Road
Udaipur_601828",Udaipur,Rajasthan,601828.0,"Billing,_Shipping"
WB-10293,CUST-15566,"16/53
Gill_Path
Aligarh_061282",Aligarh,Uttar_Pradesh,61282.0,Billing
AS-10294,CUST-18200,"42,_Arora_Zila,_Siliguri_178304",Siliguri,West_Bengal,178304.0,Billing
AS-10295,CUST-02080,"227,_Bansal_Marg,_Siliguri_038677",Siliguri,West_Bengal,38677.0,"Billing,_Shipping"
UP-10296,CUST-00833,"19/71,_Bail_Street
Firozabad-972048",Firozabad,Uttar_Pradesh,972048.0,Billing
MP-10297,CUST-19685,"849,_Ratti_Marg
Jhansi_476733",Jhansi,Uttar_Pradesh,476733.0,Shipping
WB-10298,CUST-15278,"H.No._721,_Tailor_Road
Madhyamgram_231724",Madhyamgram,West_Bengal,231724.0,Shipping
MP-10299,CUST-02259,"H.No._186,_Gaba_Circle
Jhansi_469141",Jhansi,Uttar_Pradesh,469141.0,"Billing,_Shipping"
KL-10300,CUST-17212,"50/346,_D’Alia_Zila
Kollam-233718",Kollam,Kerala,233718.0,Shipping
OR-10301,CUST-01155,"H.No._40,_Kapadia_Street
Berhampur_178433",Berhampur,Odisha,178433.0,Shipping
UP-10302,CUST-15922,"03/422
Thakur_Street
Mirzapur_760589",Mirzapur,Uttar_Pradesh,760589.0,Shipping
KA-10303,CUST-18338,"H.No._220
Wali_Nagar
Tumkur_578757",Tumkur,Karnataka,578757.0,"Billing,_Shipping"
MH-10304,CUST-10313,"678,_Lata_Street,_Bhiwandi-599946",Bhiwandi,Maharashtra,599946.0,Billing
MH-10305,CUST-19372,"H.No._149,_Dhaliwal_Marg,_Jalgaon_457573",Jalgaon,Maharashtra,457573.0,Shipping
MH-10306,CUST-17035,"H.No._42
Bansal_Circle
Satara-708593",Satara,Maharashtra,708593.0,Billing
RJ-10307,CUST-10899,"667,_Talwar_Nagar,_Rajkot-240740",Rajkot,Gujarat,240740.0,Billing
JH-10308,CUST-11258,"H.No._63,_Shankar_Nagar
Asansol-785216",Asansol,West_Bengal,785216.0,"Billing,_Shipping"
UP-10309,CUST-11922,"003,_Kala_Zila
Firozabad-889607",Firozabad,Uttar_Pradesh,889607.0,Shipping
UP-10310,CUST-12909,"53/60,_Roy_Road,_Raiganj_902525",Raiganj,West_Bengal,902525.0,Billing
OR-10311,CUST-17477,"62/262
Hans_Nagar
Anantapur-059491",Anantapur,Andhra_Pradesh,59491.0,"Billing,_Shipping"
TS-10312,CUST-10112,"41/252,_Chander_Chowk,_Ramagundam-001747",Ramagundam,Telangana,1747.0,"Billing,_Shipping"
UP-10313,CUST-09102,"H.No._817
Mangal_Marg
Raipur-330321",Raipur,Chhattisgarh,330321.0,Billing
MH-10314,CUST-15833,"74/71,_Dugar
Malegaon_074721",Malegaon,Maharashtra,74721.0,Shipping
DL-10315,CUST-04871,"H.No._98
Sen_Ganj
Delhi_686598",Delhi,Delhi_(Union_Territory),686598.0,Billing
CG-10316,CUST-16494,"H.No._65,_Soman_Chowk
Sagar_998753",Sagar,Madhya_Pradesh,998753.0,Billing
MH-10317,CUST-12649,"42/328
Datta_Marg
Karnal-791411",Karnal,Haryana,791411.0,"Billing,_Shipping"
MP-10318,CUST-14059,"H.No._137,_Khanna_Chowk,_Agra_088725",Agra,Uttar_Pradesh,88725.0,"Billing,_Shipping"
WB-10319,CUST-19582,"39/43
Sunder_Marg
Aligarh_832064",Aligarh,Uttar_Pradesh,832064.0,Billing
TN-10320,CUST-18358,"85,_Chander_Road,_Gandhinagar-373681",Gandhinagar,Gujarat,373681.0,Billing
WB-10321,CUST-07016,"763
Dewan_Path
Baranagar_251716",Baranagar,West_Bengal,251716.0,Shipping
RJ-10322,CUST-14281,"77/191,_Lad_Zila,_Dewas-751691",Dewas,Madhya_Pradesh,751691.0,"Billing,_Shipping"
HR-10323,CUST-08305,"H.No._45,_Singhal_Marg,_Siwan-873325",Siwan,Bihar,873325.0,"Billing,_Shipping"
TN-10324,CUST-19769,"H.No._354,_Konda_Marg,_Pallavaram-546983",Pallavaram,Tamil_Nadu,546983.0,Shipping
GJ-10325,CUST-07859,"03/706,_Aggarwal_Marg,_Allahabad_086587",Allahabad,Uttar_Pradesh,86587.0,Shipping
UP-10326,CUST-00551,"H.No._55,_Dhingra_Marg
Mirzapur-282249",Mirzapur,Uttar_Pradesh,282249.0,Billing
KA-10327,CUST-07542,"H.No._31,_Edwin_Street
Tumkur_449731",Tumkur,Karnataka,449731.0,"Billing,_Shipping"
TN-10329,CUST-15205,"H.No._210,_Saha_Marg,_Tiruppur_716276",Tiruppur,Tamil_Nadu,716276.0,"Billing,_Shipping"
UP-10330,CUST-00954,"H.No._04
Wagle_Marg
Mirzapur-828946",Mirzapur,Uttar_Pradesh,828946.0,Shipping
UK-10331,CUST-10482,"80/219,_Kunda_Path,_Shivpuri_213380",Shivpuri,Madhya_Pradesh,213380.0,"Billing,_Shipping"
CG-10332,CUST-12733,"82/07,_Vaidya_Street
Sambalpur_270203",Sambalpur,Odisha,270203.0,Billing
HR-10333,CUST-11892,"10,_Raj,_Siwan-381188",Siwan,Bihar,381188.0,"Billing,_Shipping"
GJ-10334,CUST-07567,"84
Sani_Road
Allahabad-233858",Allahabad,Uttar_Pradesh,233858.0,Billing
TR-10335,CUST-02347,"427,_Divan_Street,_Durgapur-268369",Durgapur,West_Bengal,268369.0,"Billing,_Shipping"
MH-10336,CUST-10983,"H.No._449,_Ghose_Road,_Satara-228641",Satara,Maharashtra,228641.0,Shipping
WB-10337,CUST-17992,"H.No._14,_Sehgal_Road
Uluberia_142693",Uluberia,West_Bengal,142693.0,"Billing,_Shipping"
HR-10338,CUST-10062,"01,_Kurian_Circle
Siwan_881131",Siwan,Bihar,881131.0,Shipping
JH-10339,CUST-10512,"06/38,_Yogi_Zila,_Phusro-097908",Phusro,Jharkhand,97908.0,"Billing,_Shipping"
TS-10340,CUST-18666,"98
Bir_Circle
Srinagar_859916",Srinagar,Jammu_and_Kashmir,859916.0,"Billing,_Shipping"
BR-10341,CUST-02525,"46/449,_Ganesh_Chowk
Purnia-668666",Purnia,Bihar,668666.0,Shipping
KA-10342,CUST-02228,"H.No._885
Bose_Street
Hospet-085902",Hospet,Karnataka,85902.0,"Billing,_Shipping"
DL-10343,CUST-12286,"H.No._80
Kala_Chowk
Delhi_042964",Delhi,Delhi_(Union_Territory),42964.0,"Billing,_Shipping"
TN-10344,CUST-08152,"805,_Ray_Ganj
Chittoor-674490",Chittoor,Andhra_Pradesh,674490.0,Shipping
UK-10345,CUST-15859,"H.No._97,_Saxena_Chowk,_Jalna-884242",Jalna,Maharashtra,884242.0,"Billing,_Shipping"
UP-10346,CUST-01845,"H.No._615,_Walla_Marg
Gurgaon_573959",Gurgaon,Haryana,573959.0,Shipping
TS-10347,CUST-05450,"00,_Ravel
Ramagundam-000004",Ramagundam,Telangana,4.0,"Billing,_Shipping"
CG-10348,CUST-14438,"59/588
Saini_Circle
Sambalpur_737917",Sambalpur,Odisha,737917.0,Billing
HR-10349,CUST-18545,"H.No._584,_Garg_Road,_Aurangabad_613608",Aurangabad,Maharashtra,613608.0,"Billing,_Shipping"
BR-10350,CUST-06451,"H.No._86,_Vaidya_Circle,_Satna_463981",Satna,Madhya_Pradesh,463981.0,"Billing,_Shipping"
AS-10351,CUST-10689,"65/85,_Bala_Circle,_Bongaigaon-521566",Bongaigaon,Assam,521566.0,"Billing,_Shipping"
MH-10352,CUST-17502,"36,_Dayal_Marg
Malegaon-551681",Malegaon,Maharashtra,551681.0,Shipping
AP-10353,CUST-12804,"65,_Varughese_Path,_Bhimavaram-901633",Bhimavaram,Andhra_Pradesh,901633.0,"Billing,_Shipping"
UP-10354,CUST-00015,"115,_Bose_Nagar
Sambhal_633036",Sambhal,Uttar_Pradesh,633036.0,Billing
MH-10355,CUST-16134,"40/677,_Loyal_Chowk
Malegaon-041142",Malegaon,Maharashtra,41142.0,"Billing,_Shipping"
GJ-10356,CUST-17594,"38/584,_Dora_Chowk,_Hajipur-646701",Hajipur,Bihar,646701.0,"Billing,_Shipping"
UP-10357,CUST-10025,"11/336,_Barman_Marg
Ahmedabad_916366",Ahmedabad,Gujarat,916366.0,"Billing,_Shipping"
TS-10358,CUST-14597,"25,_Jhaveri_Nagar
Nizamabad_276505",Nizamabad,Telangana,276505.0,Shipping
WB-10359,CUST-15156,"692
Char_Circle
Naihati_801357",Naihati,West_Bengal,801357.0,Billing
TN-10360,CUST-06270,"12/968,_Boase_Ganj,_Gandhinagar_144401",Gandhinagar,Gujarat,144401.0,"Billing,_Shipping"
CG-10361,CUST-12890,"15/827
Gour_Chowk
Nagpur-511231",Nagpur,Maharashtra,511231.0,Shipping
CG-10362,CUST-06997,"522,_Sarna_Marg,_Malda_206670",Malda,West_Bengal,206670.0,Shipping
OR-10363,CUST-10688,"H.No._354,_Chandra,_Patna-860822",Patna,Bihar,860822.0,Billing
UP-10364,CUST-17351,"961,_Soni_Zila
Burhanpur_380511",Burhanpur,Madhya_Pradesh,380511.0,"Billing,_Shipping"
WB-10365,CUST-08119,"H.No._77,_Kulkarni_Street
Uluberia_515677",Uluberia,West_Bengal,515677.0,"Billing,_Shipping"
UP-10366,CUST-19988,"04/87
Venkatesh_Marg
Burhanpur-237104",Burhanpur,Madhya_Pradesh,237104.0,Billing
TN-10367,CUST-17664,"00/939,_Chana_Street,_Vellore_119345",Vellore,Tamil_Nadu,119345.0,"Billing,_Shipping"
TN-10368,CUST-04286,"56/36,_Kannan_Chowk,_Pali_294965",Pali,Rajasthan,294965.0,Shipping
CG-10369,CUST-01745,"95/281
Lal_Circle
Sagar_710312",Sagar,Madhya_Pradesh,710312.0,Shipping
GJ-10370,CUST-19163,"85/410
Bose_Zila
Allahabad_758224",Allahabad,Uttar_Pradesh,758224.0,Shipping
WB-10371,CUST-17707,"89,_Bhakta_Marg
Aligarh-294802",Aligarh,Uttar_Pradesh,294802.0,"Billing,_Shipping"
WB-10372,CUST-19779,"547,_Bumb_Ganj
Madhyamgram_380580",Madhyamgram,West_Bengal,380580.0,Billing
UP-10373,CUST-09240,"H.No._94,_Chander_Road
Jamalpur_734923",Jamalpur,Bihar,734923.0,Billing
UP-10374,CUST-16357,"14/70,_Borde,_Bhagalpur_171947",Bhagalpur,Bihar,171947.0,Billing
MP-10375,CUST-15584,"H.No._921,_Bedi_Ganj,_Agra_937820",Agra,Uttar_Pradesh,937820.0,Billing
MH-10376,CUST-12986,"17/658,_Bal_Street
Nanded_339931",Nanded,Maharashtra,339931.0,"Billing,_Shipping"
MP-10377,CUST-01970,"H.No._531
Mander_Nagar
Khandwa_929230",Khandwa,Madhya_Pradesh,929230.0,Billing
WB-10378,CUST-08662,"36
Dani_Path
Aligarh_578596",Aligarh,Uttar_Pradesh,578596.0,Billing
AP-10379,CUST-02674,"70/650
Tella_Street
Anantapuram_631696",Anantapuram,Andhra_Pradesh,631696.0,"Billing,_Shipping"
MP-10380,CUST-10953,"H.No._760,_Arya_Circle,_Agra_053353",Agra,Uttar_Pradesh,53353.0,Shipping
MP-10381,CUST-01457,"09/961,_Sankar_Circle,_Jalandhar-427129",Jalandhar,Punjab,427129.0,Billing
MP-10382,CUST-06441,"19,_Badal_Circle
Indore-608647",Indore,Madhya_Pradesh,608647.0,Shipping
UP-10383,CUST-03517,"381,_Ganesan_Road,_Mirzapur_660696",Mirzapur,Uttar_Pradesh,660696.0,Shipping
OR-10384,CUST-14291,"645
Sura_Road
Bijapur_184717",Bijapur,Karnataka,184717.0,Shipping
JH-10385,CUST-19556,"57,_Vasa_Marg
Kharagpur_701981",Kharagpur,West_Bengal,701981.0,Billing
OR-10386,CUST-19094,"409,_Wason_Chowk,_Anantapur-488839",Anantapur,Andhra_Pradesh,488839.0,Shipping
OR-10387,CUST-08155,"H.No._901
Kapoor_Ganj
Bharatpur_545087",Bharatpur,Rajasthan,545087.0,Shipping
OR-10388,CUST-06330,"81,_Dewan_Circle
Chandrapur_242475",Chandrapur,Maharashtra,242475.0,"Billing,_Shipping"
GJ-10389,CUST-04617,"14,_Chhabra_Road
Gandhidham_229529",Gandhidham,Gujarat,229529.0,Billing
MH-10390,CUST-02029,"573,_Dash_Circle
Karnal-292080",Karnal,Haryana,292080.0,Shipping
RJ-10392,CUST-14327,"25,_Srinivas_Chowk,_Fatehpur_708269",Fatehpur,Uttar_Pradesh,708269.0,Shipping
JH-10393,CUST-19174,"H.No._587,_Sunder_Road,_Mango_642792",Mango,Jharkhand,642792.0,"Billing,_Shipping"
WB-10394,CUST-13986,"75,_Varghese_Chowk
Kamarhati_248425",Kamarhati,West_Bengal,248425.0,"Billing,_Shipping"
TR-10395,CUST-11584,"75/55
Jani_Ganj
Durgapur-549589",Durgapur,West_Bengal,549589.0,"Billing,_Shipping"
JH-10396,CUST-14983,"43/653,_Kala_Path,_Phusro-261364",Phusro,Jharkhand,261364.0,Shipping
WB-10397,CUST-06491,"H.No._914
Sagar_Street
Bidhannagar-432050",Bidhannagar,West_Bengal,432050.0,"Billing,_Shipping"
RJ-10398,CUST-19327,"310
Verma_Path
Rajkot_042472",Rajkot,Gujarat,42472.0,Shipping
OR-10399,CUST-11572,"44
Shroff_Chowk
Patna-243320",Patna,Bihar,243320.0,Shipping
JH-10400,CUST-04113,"44/768,_Ray_Road
Kharagpur-052205",Kharagpur,West_Bengal,52205.0,Shipping
MP-10401,CUST-16706,"25/416
Amble_Chowk
Indore-506733",Indore,Madhya_Pradesh,506733.0,Shipping
TS-10402,CUST-10287,"82/525,_Sahni_Nagar
Ambala_428313",Ambala,Haryana,428313.0,Billing
KA-10403,CUST-14880,"H.No._95,_Deol_Marg
Hosur-294097",Hosur,Tamil_Nadu,294097.0,Shipping
UP-10404,CUST-11084,"H.No._90,_Sama_Chowk
Shahjahanpur_334060",Shahjahanpur,Uttar_Pradesh,334060.0,"Billing,_Shipping"
CG-10405,CUST-15025,"H.No._48,_Mani_Chowk
Malda_543221",Malda,West_Bengal,543221.0,Shipping
BR-10406,CUST-11531,"H.No._477,_Chanda_Road,_Jaipur-162959",Jaipur,Rajasthan,162959.0,"Billing,_Shipping"
AP-10407,CUST-12400,"712,_Chand_Path,_Gudivada_957820",Gudivada,Andhra_Pradesh,957820.0,Shipping
KA-10408,CUST-01621,"90/015,_Jayaraman_Path
Hosur-802665",Hosur,Tamil_Nadu,802665.0,Shipping
TN-10409,CUST-18267,"07,_Bahri_Zila,_Pallavaram_963799",Pallavaram,Tamil_Nadu,963799.0,Billing
MH-10410,CUST-14034,"H.No._28
Dhillon_Zila
Yamunanagar_384389",Yamunanagar,Haryana,384389.0,"Billing,_Shipping"
MP-10411,CUST-19182,"H.No._399
Luthra
Dehri-743709",Dehri,Bihar,743709.0,Billing
UK-10414,CUST-19456,"H.No._299,_Deol_Zila,_Shivpuri_631325",Shivpuri,Madhya_Pradesh,631325.0,Shipping
MH-10415,CUST-10848,"09/082
Bedi_Chowk
Rampur-224211",Rampur,Uttar_Pradesh,224211.0,Shipping
RJ-10416,CUST-11397,"735
Bahl_Marg
Dewas_354222",Dewas,Madhya_Pradesh,354222.0,"Billing,_Shipping"
UP-10417,CUST-09922,"64/641
Bhatti_Nagar
Farrukhabad_374666",Farrukhabad,Uttar_Pradesh,374666.0,Billing
MP-10418,CUST-10576,"73
Upadhyay_Nagar
Indore_157312",Indore,Madhya_Pradesh,157312.0,Shipping
WB-10419,CUST-02150,"H.No._20,_Borah_Ganj
Bhatpara-865789",Bhatpara,West_Bengal,865789.0,Shipping
JH-10420,CUST-10933,"H.No._478,_Srinivasan_Marg,_Asansol-756950",Asansol,West_Bengal,756950.0,Shipping
UP-10421,CUST-04992,"90/608,_Savant_Path,_Burhanpur_287386",Burhanpur,Madhya_Pradesh,287386.0,Shipping
GJ-10422,CUST-10402,"38,_Bhargava,_Vadodara_656522",Vadodara,Gujarat,656522.0,Shipping
OR-10423,CUST-13024,"648
Ghose_Path
Bilaspur_952380",Bilaspur,Chhattisgarh,952380.0,Billing
RJ-10424,CUST-12034,"H.No._65,_Tandon_Nagar,_Rajkot_086533",Rajkot,Gujarat,86533.0,"Billing,_Shipping"
BR-10425,CUST-17521,"H.No._32,_Varty_Circle
Buxar_368059",Buxar,Bihar,368059.0,Shipping
GJ-10426,CUST-14043,"13,_Dugar_Circle,_Vadodara_227002",Vadodara,Gujarat,227002.0,Shipping
AP-10427,CUST-05357,"34/580
Venkatesh_Ganj
Dharmavaram-622397",Dharmavaram,Andhra_Pradesh,622397.0,Billing
OR-10428,CUST-07438,"71,_Dhawan_Ganj
Mathura_788384",Mathura,Uttar_Pradesh,788384.0,Billing
BR-10429,CUST-11859,"259,_Bose_Chowk,_Satna-864729",Satna,Madhya_Pradesh,864729.0,Shipping
UP-10430,CUST-10690,"H.No._267,_Raman
Karimnagar-915298",Karimnagar,Telangana,915298.0,"Billing,_Shipping"
OR-10431,CUST-15293,"75/308,_Toor_Marg
Anantapur_769358",Anantapur,Andhra_Pradesh,769358.0,Billing
UP-10432,CUST-15091,"866,_Mallick_Street,_Ahmedabad_579733",Ahmedabad,Gujarat,579733.0,Billing
MP-10433,CUST-12390,"68/09,_Sanghvi_Street,_Jodhpur-184287",Jodhpur,Rajasthan,184287.0,"Billing,_Shipping"
GJ-10434,CUST-02931,"73
Bahl_Zila
Ajmer-304852",Ajmer,Rajasthan,304852.0,Billing
AP-10435,CUST-13979,"99/218,_Bahri
Gudivada_301119",Gudivada,Andhra_Pradesh,301119.0,"Billing,_Shipping"
TS-10436,CUST-18313,"51/39,_Kunda_Chowk
Sirsa_945160",Sirsa,Haryana,945160.0,Shipping
GJ-10437,CUST-08625,"H.No._594,_Randhawa_Nagar,_Gandhidham_791164",Gandhidham,Gujarat,791164.0,Shipping
BR-10438,CUST-05290,"H.No._78
Dewan_Ganj
Purnia-928062",Purnia,Bihar,928062.0,Shipping
MH-10439,CUST-16016,"943
Kade
Rampur-714397",Rampur,Uttar_Pradesh,714397.0,"Billing,_Shipping"
MP-10440,CUST-13182,"78
Johal_Street
Khandwa-189561",Khandwa,Madhya_Pradesh,189561.0,"Billing,_Shipping"
KA-10441,CUST-07798,"08/30
Sama_Circle
Amaravati-823275",Amaravati,Andhra_Pradesh,823275.0,Billing
TR-10442,CUST-12425,"952,_Sur_Zila,_Durgapur-599960",Durgapur,West_Bengal,599960.0,Billing
CG-10443,CUST-02269,"573
Swaminathan_Ganj
Sagar-290899",Sagar,Madhya_Pradesh,290899.0,Shipping
TN-10444,CUST-06699,"195,_Barad_Street,_Pallavaram-817507",Pallavaram,Tamil_Nadu,817507.0,"Billing,_Shipping"
AP-10445,CUST-10427,"13,_Johal_Path
Bhimavaram-731505",Bhimavaram,Andhra_Pradesh,731505.0,Billing
WB-10446,CUST-16467,"H.No._74,_Tak_Zila
Uluberia_028250",Uluberia,West_Bengal,28250.0,"Billing,_Shipping"
UP-10447,CUST-12857,"H.No._148,_Garg_Road,_Karimnagar_254483",Karimnagar,Telangana,254483.0,"Billing,_Shipping"
UP-10448,CUST-10480,"H.No._78,_Sagar_Nagar
Raipur_506258",Raipur,Chhattisgarh,506258.0,Shipping
MH-10449,CUST-16193,"H.No._700
Dalal_Street
Yamunanagar_133855",Yamunanagar,Haryana,133855.0,Billing
WB-10450,CUST-06644,"H.No._010,_Zacharia_Marg,_Aligarh-150578",Aligarh,Uttar_Pradesh,150578.0,"Billing,_Shipping"
BR-10451,CUST-07755,"H.No._850,_Choudhry_Nagar
Purnia-713713",Purnia,Bihar,713713.0,Shipping
KA-10452,CUST-18103,"27,_Sethi_Zila
Hosur-449609",Hosur,Tamil_Nadu,449609.0,Billing
MH-10453,CUST-17478,"H.No._334,_Sawhney_Street
Bhiwandi_344936",Bhiwandi,Maharashtra,344936.0,"Billing,_Shipping"
RJ-10454,CUST-15528,"36
Chanda_Nagar
Akola_495474",Akola,Maharashtra,495474.0,Shipping
GJ-10455,CUST-05369,"30/323
Magar_Marg
Jabalpur_024087",Jabalpur,Madhya_Pradesh,24087.0,Billing
MP-10456,CUST-09432,"H.No._962
Sachdeva_Ganj
Kota_948720",Kota,Rajasthan,948720.0,Billing
GJ-10457,CUST-19496,"18/084,_Khosla_Nagar,_Allahabad_270704",Allahabad,Uttar_Pradesh,270704.0,"Billing,_Shipping"
WB-10458,CUST-07707,"H.No._88
Seth_Street
Aligarh_483451",Aligarh,Uttar_Pradesh,483451.0,"Billing,_Shipping"
MP-10459,CUST-16310,"89/527
Basu
Khandwa_455809",Khandwa,Madhya_Pradesh,455809.0,Shipping
TS-10460,CUST-16478,"H.No._159,_Anne
Proddatur_251580",Proddatur,Andhra_Pradesh,251580.0,Billing
UK-10461,CUST-10362,"04,_Chakraborty_Marg,_Shivpuri_053807",Shivpuri,Madhya_Pradesh,53807.0,Billing
TS-10462,CUST-13639,"819
Vasa_Street
Nizamabad-292734",Nizamabad,Telangana,292734.0,"Billing,_Shipping"
BR-10463,CUST-19239,"91/437,_Dubey_Road
Jaipur_919289",Jaipur,Rajasthan,919289.0,Shipping
MP-10464,CUST-07563,"79
Dhawan
Indore-241182",Indore,Madhya_Pradesh,241182.0,Billing
CG-10465,CUST-16620,"63/76,_Srinivasan_Marg,_Sambalpur-315739",Sambalpur,Odisha,315739.0,"Billing,_Shipping"
AP-10466,CUST-12747,"H.No._391,_Dada_Nagar,_Jammu-231599",Jammu,Jammu_and_Kashmir,231599.0,Shipping
UK-10467,CUST-05596,"91/194,_Gandhi_Nagar,_Haridwar-109861",Haridwar,Uttarakhand,109861.0,Billing
MH-10468,CUST-13936,"80
Krishnan_Street
Satara-414352",Satara,Maharashtra,414352.0,Billing
UP-10469,CUST-12213,"858
Dhaliwal_Path
Jamalpur_029000",Jamalpur,Bihar,29000.0,Shipping
MP-10470,CUST-19275,"H.No._742
Sathe_Ganj
Jodhpur_709523",Jodhpur,Rajasthan,709523.0,Billing
KA-10471,CUST-17682,"27/068,_Malhotra_Zila
Solapur-226477",Solapur,Maharashtra,226477.0,"Billing,_Shipping"
MH-10472,CUST-10731,"H.No._221,_Baral_Circle,_Nanded-202892",Nanded,Maharashtra,202892.0,Billing
AS-10473,CUST-14945,"61/80,_Din_Circle
Nagaon_390773",Nagaon,Assam,390773.0,"Billing,_Shipping"
RJ-10474,CUST-01009,"12/79,_Korpal_Ganj,_Rajkot-825371",Rajkot,Gujarat,825371.0,Billing
GJ-10475,CUST-17072,"H.No._38,_Varma_Marg
Hajipur-931581",Hajipur,Bihar,931581.0,Shipping
UK-10476,CUST-10304,"H.No._657,_Ram_Ganj
Shivpuri_441840",Shivpuri,Madhya_Pradesh,441840.0,"Billing,_Shipping"
OR-10477,CUST-09892,"H.No._77,_Uppal
Bharatpur_451289",Bharatpur,Rajasthan,451289.0,Billing
UK-10478,CUST-07922,"72/38,_Tata_Road,_Jalna_403980",Jalna,Maharashtra,403980.0,Billing
MP-10479,CUST-18034,"24/755,_Datta_Marg,_Jhansi_644034",Jhansi,Uttar_Pradesh,644034.0,"Billing,_Shipping"
AS-10480,CUST-14873,"21/96
Dugar_Road
Nagaon_249615",Nagaon,Assam,249615.0,Billing
AP-10481,CUST-14725,"06,_Yadav_Road
Anantapuram-460429",Anantapuram,Andhra_Pradesh,460429.0,"Billing,_Shipping"
TS-10482,CUST-16488,"84/76,_Ravi
Proddatur-532389",Proddatur,Andhra_Pradesh,532389.0,Billing
MH-10483,CUST-14144,"87/721,_Kale_Street,_Rampur_603662",Rampur,Uttar_Pradesh,603662.0,"Billing,_Shipping"
KA-10484,CUST-11088,"32/12,_Dey_Nagar
Solapur-291456",Solapur,Maharashtra,291456.0,Shipping
WB-10485,CUST-16539,"73/06
Ghosh_Path
Uluberia-049666",Uluberia,West_Bengal,49666.0,"Billing,_Shipping"
TS-10486,CUST-15474,"32/353,_Kapur_Path
Ambala_072607",Ambala,Haryana,72607.0,"Billing,_Shipping"
UK-10487,CUST-10623,"69/54,_Badal,_Haridwar_540309",Haridwar,Uttarakhand,540309.0,Billing
BR-10488,CUST-00307,"30,_Sami_Nagar
Ballia_071220",Ballia,Uttar_Pradesh,71220.0,"Billing,_Shipping"
BR-10489,CUST-13281,"77/307,_Samra_Street,_Buxar_217752",Buxar,Bihar,217752.0,"Billing,_Shipping"
TS-10490,CUST-08390,"14/403
Gera_Path
Nizamabad-457277",Nizamabad,Telangana,457277.0,Shipping
MP-10491,CUST-05912,"55/67,_Atwal_Path
Kota_031137",Kota,Rajasthan,31137.0,Shipping
WB-10492,CUST-12398,"28/37,_Edwin_Chowk
Madhyamgram-721658",Madhyamgram,West_Bengal,721658.0,Billing
BR-10493,CUST-15266,"23
Som_Nagar
Buxar_159657",Buxar,Bihar,159657.0,Shipping
AS-10494,CUST-08016,"H.No._229,_Kalla_Road
Siliguri_888847",Siliguri,West_Bengal,888847.0,Shipping
MP-10495,CUST-16059,"13
Kapadia_Street
Mau-981244",Mau,Uttar_Pradesh,981244.0,Billing
AP-10496,CUST-18001,"H.No._38,_Raja_Marg
Bhimavaram_121991",Bhimavaram,Andhra_Pradesh,121991.0,"Billing,_Shipping"
JH-10497,CUST-17509,"26/393,_Sengupta_Zila,_Kharagpur-118292",Kharagpur,West_Bengal,118292.0,Shipping
WB-10498,CUST-18776,"37/33,_Khatri_Street
Bhatpara-810458",Bhatpara,West_Bengal,810458.0,Shipping
HR-10499,CUST-07188,"704
Edwin_Nagar
Bikaner-095501",Bikaner,Rajasthan,95501.0,Billing
BR-10500,CUST-19480,"285,_Virk_Ganj,_Jaipur_419930",Jaipur,Rajasthan,419930.0,Shipping
MH-10501,CUST-03664,"069,_Tailor,_Yamunanagar_623174",Yamunanagar,Haryana,623174.0,Billing
CG-10502,CUST-15702,"H.No._33,_Mannan_Path,_Bhilai-965163",Bhilai,Chhattisgarh,965163.0,"Billing,_Shipping"
BR-10503,CUST-16814,"48,_Kothari_Ganj
Buxar_119455",Buxar,Bihar,119455.0,"Billing,_Shipping"
TN-10504,CUST-08812,"51,_Bansal_Ganj
Tiruppur-704198",Tiruppur,Tamil_Nadu,704198.0,Shipping
OR-10505,CUST-18518,"984,_Agrawal_Nagar,_Chandrapur-142523",Chandrapur,Maharashtra,142523.0,"Billing,_Shipping"
MH-10506,CUST-13642,"H.No._843,_Ramakrishnan_Ganj
Karnal_730231",Karnal,Haryana,730231.0,Billing
TN-10507,CUST-18574,"H.No._59
Banik_Street
Tiruvottiyur_644568",Tiruvottiyur,Tamil_Nadu,644568.0,Billing
TR-10508,CUST-19910,"H.No._103
Chahal_Nagar
Durgapur-437770",Durgapur,West_Bengal,437770.0,"Billing,_Shipping"
UP-10509,CUST-02374,"26
Thaker_Road
Farrukhabad_951406",Farrukhabad,Uttar_Pradesh,951406.0,Billing
MH-10510,CUST-01197,"H.No._50
Mangat_Chowk
Rampur-849063",Rampur,Uttar_Pradesh,849063.0,Billing
MH-10511,CUST-17163,"H.No._13,_Behl_Zila
Satara-534377",Satara,Maharashtra,534377.0,Shipping
UP-10512,CUST-02167,"91/646,_Shere_Path
Chapra_683525",Chapra,Bihar,683525.0,Shipping
BR-10513,CUST-09752,"H.No._478,_Saran_Chowk
Munger-126856",Munger,Bihar,126856.0,"Billing,_Shipping"
TN-10514,CUST-07499,"38,_Deshmukh_Road,_Pali-815834",Pali,Rajasthan,815834.0,"Billing,_Shipping"
UP-10515,CUST-16878,"76,_Konda,_Karimnagar_438729",Karimnagar,Telangana,438729.0,Billing
OR-10516,CUST-15501,"230,_Sura_Path
Bharatpur_401717",Bharatpur,Rajasthan,401717.0,Shipping
OR-10517,CUST-12625,"45/517,_Shankar_Chowk,_Bijapur_101822",Bijapur,Karnataka,101822.0,Shipping
MH-10518,CUST-12033,"54
Virk_Nagar
Bhiwandi-913590",Bhiwandi,Maharashtra,913590.0,Billing
MH-10519,CUST-15854,"H.No._12,_Majumdar_Ganj
Loni_059744",Loni,Uttar_Pradesh,59744.0,Billing
RJ-10520,CUST-19544,"25/982
Raman_Street
Dewas_310556",Dewas,Madhya_Pradesh,310556.0,Shipping
BR-10521,CUST-17780,"82/865,_Doctor_Marg,_Purnia_134238",Purnia,Bihar,134238.0,"Billing,_Shipping"
MP-10522,CUST-15055,"833
Malhotra_Zila
Indore_114489",Indore,Madhya_Pradesh,114489.0,Shipping
JH-10524,CUST-03753,"020
Singh_Street
Phusro-641553",Phusro,Jharkhand,641553.0,Billing
RJ-10525,CUST-16972,"H.No._11,_Thaman_Path
Fatehpur_541831",Fatehpur,Uttar_Pradesh,541831.0,Billing
JH-10526,CUST-14203,"H.No._575,_Bal_Chowk,_Kharagpur-895874",Kharagpur,West_Bengal,895874.0,Shipping
AP-10527,CUST-15130,"53
Gokhale_Road
Bhimavaram_359400",Bhimavaram,Andhra_Pradesh,359400.0,"Billing,_Shipping"
KA-10528,CUST-06296,"H.No._90,_Saini
Hosur_674353",Hosur,Tamil_Nadu,674353.0,Shipping
UP-10529,CUST-11872,"58/083,_Tandon_Street,_Ahmedabad_328020",Ahmedabad,Gujarat,328020.0,Shipping
TN-10530,CUST-12519,"64/154,_Ramakrishnan_Marg,_Tiruvottiyur-831434",Tiruvottiyur,Tamil_Nadu,831434.0,Billing
WB-10531,CUST-00621,"62/140
Savant_Marg
Baranagar_415204",Baranagar,West_Bengal,415204.0,"Billing,_Shipping"
GJ-10532,CUST-16015,"27/882,_Dara
Ajmer_941124",Ajmer,Rajasthan,941124.0,Billing
MP-10533,CUST-14642,"H.No._01,_Manne_Nagar
Jhansi_658496",Jhansi,Uttar_Pradesh,658496.0,Shipping
MP-10534,CUST-08805,"H.No._313,_Kale_Zila
Unnao-635638",Unnao,Uttar_Pradesh,635638.0,"Billing,_Shipping"
MP-10535,CUST-17097,"38/84
Gaba_Nagar
Jhansi_640991",Jhansi,Uttar_Pradesh,640991.0,Shipping
UK-10536,CUST-09991,"23/188
Kohli_Path
Jalna_561827",Jalna,Maharashtra,561827.0,Billing
UP-10537,CUST-17972,"94/36,_Chakraborty_Ganj
Firozabad_374963",Firozabad,Uttar_Pradesh,374963.0,Billing
OR-10538,CUST-04335,"36
Chhabra_Nagar
Danapur_224974",Danapur,Bihar,224974.0,Shipping
TR-10539,CUST-10993,"08/26,_Chauhan_Road,_Chandigarh_711509",Chandigarh,Chandigarh_(Union_Territory),711509.0,Shipping
HR-10540,CUST-17137,"01/30
Agrawal_Circle
Siwan_242626",Siwan,Bihar,242626.0,"Billing,_Shipping"
UP-10541,CUST-12887,"35
Kanda_Zila
Raipur-227318",Raipur,Chhattisgarh,227318.0,Shipping
MH-10542,CUST-12640,"H.No._46,_Subramanian_Path,_Bhiwandi_016611",Bhiwandi,Maharashtra,16611.0,"Billing,_Shipping"
GJ-10543,CUST-01026,"63/090,_Reddy_Zila,_Jabalpur-918564",Jabalpur,Madhya_Pradesh,918564.0,"Billing,_Shipping"
BR-10544,CUST-18216,"619,_Brahmbhatt_Path,_Purnia-695775",Purnia,Bihar,695775.0,Shipping
HR-10545,CUST-07463,"41/110,_Dora_Road,_Bikaner-015081",Bikaner,Rajasthan,15081.0,Shipping
UP-10546,CUST-12639,"98/347
Kalita
Karimnagar-151081",Karimnagar,Telangana,151081.0,Shipping
OR-10547,CUST-17448,"H.No._703,_Bhatt_Path
Mathura-314494",Mathura,Uttar_Pradesh,314494.0,Shipping
UP-10548,CUST-12858,"91/754,_Bhattacharyya_Marg,_Jamalpur_238565",Jamalpur,Bihar,238565.0,"Billing,_Shipping"
HR-10549,CUST-02367,"H.No._351
Vora
Bikaner-165570",Bikaner,Rajasthan,165570.0,"Billing,_Shipping"
KA-10550,CUST-16126,"H.No._819,_Dar_Road
Tumkur-301396",Tumkur,Karnataka,301396.0,Billing
TS-10551,CUST-12871,"41/98,_Jani_Path
Proddatur-893319",Proddatur,Andhra_Pradesh,893319.0,Billing
HR-10552,CUST-15571,"88/419,_Srinivasan_Marg,_Aurangabad-865493",Aurangabad,Maharashtra,865493.0,Shipping
MP-10553,CUST-09537,"24/574
Biswas_Road
Gorakhpur-730667",Gorakhpur,Uttar_Pradesh,730667.0,"Billing,_Shipping"
UP-10554,CUST-14196,"023,_Sathe_Street
Raiganj-193385",Raiganj,West_Bengal,193385.0,Shipping
JH-10555,CUST-18147,"H.No._141,_Dara_Circle
Asansol_362112",Asansol,West_Bengal,362112.0,"Billing,_Shipping"
WB-10556,CUST-02505,"761
Venkataraman_Road
Kulti_703360",Kulti,West_Bengal,703360.0,Shipping
WB-10557,CUST-05122,"862
Yogi_Circle
Kamarhati_148164",Kamarhati,West_Bengal,148164.0,Shipping
GJ-10558,CUST-16104,"426,_Bath_Street,_Vadodara-530936",Vadodara,Gujarat,530936.0,Billing
MP-10559,CUST-17345,"276,_Mann_Zila
Kishanganj-717966",Kishanganj,Bihar,717966.0,"Billing,_Shipping"
WB-10560,CUST-19722,"H.No._70,_Ranganathan_Street,_Uluberia_085519",Uluberia,West_Bengal,85519.0,Shipping
UP-10561,CUST-07366,"90,_Kade_Circle
Chapra_099722",Chapra,Bihar,99722.0,Billing
CG-10562,CUST-18118,"H.No._81,_Bora_Path
Sagar_346505",Sagar,Madhya_Pradesh,346505.0,"Billing,_Shipping"
TN-10563,CUST-08407,"51/761
Shah_Zila
Gandhinagar-970833",Gandhinagar,Gujarat,970833.0,Billing
MH-10564,CUST-14316,"18/193
Savant_Road
Satara_335439",Satara,Maharashtra,335439.0,"Billing,_Shipping"
OR-10565,CUST-08107,"H.No._37
Samra_Ganj
Bharatpur_154987",Bharatpur,Rajasthan,154987.0,Shipping
BR-10566,CUST-04122,"41/984
Mani_Street
Purnia_519646",Purnia,Bihar,519646.0,Billing
OR-10567,CUST-09477,"984
Brahmbhatt_Marg
Mathura_710809",Mathura,Uttar_Pradesh,710809.0,Shipping
RJ-10568,CUST-16763,"948,_Kunda_Circle
Rajkot_783806",Rajkot,Gujarat,783806.0,Billing
OR-10569,CUST-03191,"559,_Dara_Zila,_Kanpur-321727",Kanpur,Uttar_Pradesh,321727.0,Billing
AP-10570,CUST-15749,"91
Verma_Path
Bhimavaram_861773",Bhimavaram,Andhra_Pradesh,861773.0,Billing
UP-10571,CUST-18569,"143,_Datta_Ganj,_Chapra_185812",Chapra,Bihar,185812.0,Billing
BR-10572,CUST-16484,"94
Khare_Nagar
Purnia-073856",Purnia,Bihar,73856.0,Shipping
KA-10573,CUST-18349,"05/26
Amble_Zila
Amaravati_742721",Amaravati,Andhra_Pradesh,742721.0,Billing
RJ-10574,CUST-15195,"24/97,_Tella_Path,_Dewas-806213",Dewas,Madhya_Pradesh,806213.0,Shipping
MP-10575,CUST-18278,"69
Dugar_Street
Khandwa-528061",Khandwa,Madhya_Pradesh,528061.0,Billing
TR-10576,CUST-07062,"935
Buch_Chowk
Durgapur-563842",Durgapur,West_Bengal,563842.0,Shipping
UP-10577,CUST-02438,"H.No._09,_Bava_Street,_Gurgaon-655273",Gurgaon,Haryana,655273.0,Shipping
MP-10578,CUST-07785,"72/182,_Dube_Road
Kishanganj-942962",Kishanganj,Bihar,942962.0,"Billing,_Shipping"
HR-10579,CUST-07332,"H.No._93,_Aggarwal
Aurangabad-977588",Aurangabad,Maharashtra,977588.0,"Billing,_Shipping"
KA-10580,CUST-12879,"H.No._464
Borah_Zila
Solapur_295901",Solapur,Maharashtra,295901.0,Shipping
DL-10581,CUST-16213,"H.No._70
Bava_Circle
Delhi_759911",Delhi,Delhi_(Union_Territory),759911.0,"Billing,_Shipping"
WB-10582,CUST-15869,"24/40,_Majumdar_Nagar,_Bidhannagar-161114",Bidhannagar,West_Bengal,161114.0,Billing
KA-10583,CUST-18410,"88
Kunda_Circle
Solapur_180738",Solapur,Maharashtra,180738.0,"Billing,_Shipping"
MP-10584,CUST-02944,"95/780,_Aggarwal_Nagar,_Kota-871076",Kota,Rajasthan,871076.0,Shipping
UP-10585,CUST-18507,"276
Dora_Nagar
Bhagalpur-035420",Bhagalpur,Bihar,35420.0,"Billing,_Shipping"
UK-10586,CUST-14346,"H.No._09,_Sahni_Ganj,_Shivpuri-428320",Shivpuri,Madhya_Pradesh,428320.0,Billing
BR-10587,CUST-16990,"H.No._683,_Loke_Road
Buxar-488926",Buxar,Bihar,488926.0,Billing
AP-10588,CUST-16082,"H.No._310
Date_Road
Dharmavaram-994610",Dharmavaram,Andhra_Pradesh,994610.0,Billing
AS-10589,CUST-02376,"H.No._375,_Hayer_Road,_Bongaigaon-227524",Bongaigaon,Assam,227524.0,Shipping
OR-10590,CUST-16941,"51/67
Kala_Marg
Haldia-108725",Haldia,West_Bengal,108725.0,Billing
AP-10591,CUST-17819,"49/863
Ramanathan_Circle
Anantapuram-332397",Anantapuram,Andhra_Pradesh,332397.0,"Billing,_Shipping"
MP-10592,CUST-12864,"283,_Hora_Circle
Jalandhar-172067",Jalandhar,Punjab,172067.0,"Billing,_Shipping"
HR-10593,CUST-17861,"H.No._65
Viswanathan
Bikaner_320877",Bikaner,Rajasthan,320877.0,"Billing,_Shipping"
HR-10594,CUST-01853,"60,_Lanka_Chowk,_Siwan-134954",Siwan,Bihar,134954.0,"Billing,_Shipping"
MH-10595,CUST-15082,"H.No._39
De_Nagar
Bhiwandi-413333",Bhiwandi,Maharashtra,413333.0,Shipping
UP-10596,CUST-14713,"34/984,_Badal_Path,_Bhagalpur_850769",Bhagalpur,Bihar,850769.0,Shipping
MP-10597,CUST-19899,"05/23,_Wali_Nagar,_Agra-968760",Agra,Uttar_Pradesh,968760.0,Shipping
BR-10598,CUST-00965,"H.No._94,_Gupta,_Buxar-661778",Buxar,Bihar,661778.0,Shipping
WB-10599,CUST-05611,"311,_Kakar_Street,_Panihati-743406",Panihati,West_Bengal,743406.0,"Billing,_Shipping"
HR-10600,CUST-10232,"14/47
Choudhury_Street
Siwan_295978",Siwan,Bihar,295978.0,Billing
OR-10601,CUST-11610,"H.No._115,_Bassi
Patna-479347",Patna,Bihar,479347.0,"Billing,_Shipping"
WB-10602,CUST-17255,"995
Mall_Path
Kamarhati-149723",Kamarhati,West_Bengal,149723.0,Billing
RJ-10603,CUST-13047,"99,_Arora_Zila,_Dewas-648786",Dewas,Madhya_Pradesh,648786.0,Billing
DL-10604,CUST-18505,"59/541
Bala_Street
Delhi-297719",Delhi,Delhi_(Union_Territory),297719.0,Billing
MP-10605,CUST-12177,"637
Kadakia_Street
Mau_527849",Mau,Uttar_Pradesh,527849.0,Billing
UK-10606,CUST-12708,"02/29
Dash_Ganj
Jalna_143570",Jalna,Maharashtra,143570.0,Billing
UP-10607,CUST-10345,"23/47,_Dugar_Street,_Sambhal-389298",Sambhal,Uttar_Pradesh,389298.0,"Billing,_Shipping"
MP-10608,CUST-16862,"61/310,_Varghese_Nagar,_Kishanganj_113421",Kishanganj,Bihar,113421.0,"Billing,_Shipping"
UP-10609,CUST-10229,"H.No._494,_Kala_Ganj,_Mirzapur_713038",Mirzapur,Uttar_Pradesh,713038.0,Shipping
BR-10610,CUST-04755,"838
Chandra_Chowk
Satna_473326",Satna,Madhya_Pradesh,473326.0,Billing
OR-10611,CUST-11374,"78/33,_Arora_Path,_Haldia-292289",Haldia,West_Bengal,292289.0,"Billing,_Shipping"
MH-10612,CUST-10249,"82,_Bhardwaj_Nagar
Rampur-003029",Rampur,Uttar_Pradesh,3029.0,Billing
OR-10613,CUST-02655,"46/981,_Dyal_Ganj,_Danapur-549101",Danapur,Bihar,549101.0,"Billing,_Shipping"
CG-10614,CUST-13956,"H.No._59,_Dave_Path,_Malda_410704",Malda,West_Bengal,410704.0,Billing
OR-10615,CUST-14608,"48/09,_Khatri_Road,_Kanpur-535697",Kanpur,Uttar_Pradesh,535697.0,Billing
UK-10616,CUST-00143,"H.No._69,_Master_Marg
Haridwar_493721",Haridwar,Uttarakhand,493721.0,Shipping
CG-10617,CUST-14602,"16/952,_Dar_Nagar
Sambalpur-491190",Sambalpur,Odisha,491190.0,"Billing,_Shipping"
GJ-10618,CUST-00035,"09,_Raman_Road
Allahabad-340089",Allahabad,Uttar_Pradesh,340089.0,Billing
UP-10619,CUST-02821,"55/106,_Ranganathan_Marg
Sambhal_976354",Sambhal,Uttar_Pradesh,976354.0,"Billing,_Shipping"
GJ-10620,CUST-02971,"H.No._53,_Goswami_Ganj,_Gandhidham-259552",Gandhidham,Gujarat,259552.0,Billing
JH-10621,CUST-18694,"56/81,_Bhalla_Street,_Kharagpur_710453",Kharagpur,West_Bengal,710453.0,"Billing,_Shipping"
OR-10622,CUST-00314,"86/46
Gill_Chowk
Bijapur-415745",Bijapur,Karnataka,415745.0,Billing
WB-10623,CUST-18191,"80,_Bedi_Path
Bhatpara-546454",Bhatpara,West_Bengal,546454.0,"Billing,_Shipping"
TS-10624,CUST-12414,"H.No._299,_Jayaraman_Path,_Ramagundam_406289",Ramagundam,Telangana,406289.0,Billing
WB-10625,CUST-13634,"H.No._456
Chauhan_Ganj
Baranagar-352681",Baranagar,West_Bengal,352681.0,Billing
WB-10626,CUST-14635,"H.No._783,_Chanda_Ganj,_Bally-114527",Bally,West_Bengal,114527.0,Shipping
TN-10627,CUST-07889,"51
Vora_Road
Salem_081760",Salem,Tamil_Nadu,81760.0,Billing
WB-10628,CUST-17282,"055
Edwin_Zila
Aligarh-626505",Aligarh,Uttar_Pradesh,626505.0,Shipping
GJ-10629,CUST-14199,"H.No._36,_Bhagat_Path,_Gandhidham-560067",Gandhidham,Gujarat,560067.0,Shipping
MH-10630,CUST-15743,"05/06,_Sharma_Chowk
Jalgaon-487627",Jalgaon,Maharashtra,487627.0,"Billing,_Shipping"
MP-10631,CUST-00996,"806
Balasubramanian_Street
Unnao-656608",Unnao,Uttar_Pradesh,656608.0,"Billing,_Shipping"
UP-10632,CUST-11382,"H.No._19
Dhar_Nagar
Chapra-698858",Chapra,Bihar,698858.0,Shipping
TN-10633,CUST-17260,"142,_Korpal_Zila
Pallavaram-806702",Pallavaram,Tamil_Nadu,806702.0,Billing
MP-10634,CUST-18378,"43,_Bahri_Circle,_Jhansi-042069",Jhansi,Uttar_Pradesh,42069.0,Billing
CG-10635,CUST-04390,"H.No._20,_Sen_Road,_Malda-958361",Malda,West_Bengal,958361.0,Shipping
BR-10636,CUST-16184,"H.No._114,_Magar_Street,_Satna_302840",Satna,Madhya_Pradesh,302840.0,"Billing,_Shipping"
UP-10637,CUST-10000,"H.No._339,_Doctor,_Karimnagar_093839",Karimnagar,Telangana,93839.0,Billing
WB-10638,CUST-06580,"88/12
Suri_Zila
Madhyamgram_529774",Madhyamgram,West_Bengal,529774.0,"Billing,_Shipping"
BR-10639,CUST-00171,"H.No._249
Anand_Marg
Jaipur-379015",Jaipur,Rajasthan,379015.0,"Billing,_Shipping"
HP-10640,CUST-19635,"H.No._519,_Badami_Path,_Udaipur-933630",Udaipur,Rajasthan,933630.0,"Billing,_Shipping"
OR-10641,CUST-18160,"95/12
Vyas_Nagar
Haldia-893559",Haldia,West_Bengal,893559.0,Shipping
WB-10642,CUST-15737,"28
Mandal_Street
Uluberia-190087",Uluberia,West_Bengal,190087.0,Billing
WB-10643,CUST-08206,"284
Sane_Street
Uluberia-351844",Uluberia,West_Bengal,351844.0,Billing
UP-10644,CUST-02195,"33,_Kannan,_Burhanpur-418465",Burhanpur,Madhya_Pradesh,418465.0,"Billing,_Shipping"
RJ-10645,CUST-16555,"04/692
Sandal
Akola_093759",Akola,Maharashtra,93759.0,Shipping
CG-10646,CUST-11256,"H.No._105
Chandra_Marg
Malda-311928",Malda,West_Bengal,311928.0,"Billing,_Shipping"
MH-10647,CUST-07636,"378,_Dey_Marg,_Karnal_711559",Karnal,Haryana,711559.0,"Billing,_Shipping"
UP-10648,CUST-08507,"48,_Badami_Street,_Chapra_543888",Chapra,Bihar,543888.0,Billing
UP-10649,CUST-16851,"H.No._29,_Bakshi_Zila
Muzaffarpur-519694",Muzaffarpur,Bihar,519694.0,"Billing,_Shipping"
TN-10650,CUST-12069,"020,_Sandhu_Circle,_Gandhinagar_950421",Gandhinagar,Gujarat,950421.0,Shipping
AP-10651,CUST-10892,"96/823
Deep_Road
Gudivada-742055",Gudivada,Andhra_Pradesh,742055.0,Billing
MP-10652,CUST-13131,"H.No._90
Loke_Road
Indore_672040",Indore,Madhya_Pradesh,672040.0,"Billing,_Shipping"
WB-10653,CUST-16411,"410,_Raval_Marg,_Baranagar_760631",Baranagar,West_Bengal,760631.0,Billing
KA-10654,CUST-03442,"81/410
Shanker_Circle
Hospet-682552",Hospet,Karnataka,682552.0,Shipping
MH-10655,CUST-11998,"H.No._586,_Handa_Nagar
Loni_714890",Loni,Uttar_Pradesh,714890.0,Billing
UP-10656,CUST-11740,"17,_Bora_Nagar,_Jamalpur_344097",Jamalpur,Bihar,344097.0,"Billing,_Shipping"
UP-10657,CUST-10393,"62/334,_Shanker,_Farrukhabad-123885",Farrukhabad,Uttar_Pradesh,123885.0,Shipping
BR-10658,CUST-18463,"H.No._067,_Sarkar
Munger-278297",Munger,Bihar,278297.0,Shipping
UP-10659,CUST-10972,"716,_Saini_Marg,_Firozabad_825053",Firozabad,Uttar_Pradesh,825053.0,"Billing,_Shipping"
OR-10661,CUST-15393,"66/699
Saraf_Chowk
Anantapur_207810",Anantapur,Andhra_Pradesh,207810.0,Shipping
WB-10662,CUST-09547,"H.No._61,_Rama_Nagar,_Uluberia_860492",Uluberia,West_Bengal,860492.0,Shipping
HR-10663,CUST-19734,"H.No._346,_Biswas_Road,_Bikaner-384450",Bikaner,Rajasthan,384450.0,Billing
GJ-10664,CUST-13875,"H.No._492
Swaminathan_Ganj
Gandhidham-270747",Gandhidham,Gujarat,270747.0,Billing
OR-10665,CUST-04444,"03,_Dhingra_Circle
Bilaspur-861247",Bilaspur,Chhattisgarh,861247.0,"Billing,_Shipping"
UK-10666,CUST-17553,"33/60,_Varkey_Path,_Haridwar_572381",Haridwar,Uttarakhand,572381.0,Billing
UP-10667,CUST-03505,"H.No._888,_Reddy_Circle
Bhagalpur_464782",Bhagalpur,Bihar,464782.0,Billing
TN-10668,CUST-19247,"971
Tailor_Road
Pallavaram_432656",Pallavaram,Tamil_Nadu,432656.0,Shipping
UP-10669,CUST-01863,"16/772,_Verma_Road
Mirzapur-708694",Mirzapur,Uttar_Pradesh,708694.0,Billing
KA-10670,CUST-01222,"47/745,_Ahuja_Path
Amaravati_055055",Amaravati,Andhra_Pradesh,55055.0,Billing
TR-10671,CUST-14354,"H.No._237,_Chacko
Chandigarh_430081",Chandigarh,Chandigarh_(Union_Territory),430081.0,"Billing,_Shipping"
TR-10672,CUST-18900,"380,_Kulkarni_Circle
Durgapur_321561",Durgapur,West_Bengal,321561.0,Billing
MP-10673,CUST-12727,"10,_Sahni_Circle
Gopalpur_277965",Gopalpur,Odisha,277965.0,Shipping
UP-10674,CUST-03683,"H.No._881
Ranganathan_Chowk
Ahmedabad-006475",Ahmedabad,Gujarat,6475.0,"Billing,_Shipping"
TN-10675,CUST-14058,"69/482,_Divan_Marg,_Avadi-796907",Avadi,Tamil_Nadu,796907.0,Billing
UP-10676,CUST-02106,"H.No._80,_Tella_Road
Sambhal-875892",Sambhal,Uttar_Pradesh,875892.0,Billing
WB-10677,CUST-19910,"34/087,_Bains_Nagar
Aligarh_701199",Aligarh,Uttar_Pradesh,701199.0,Shipping
UP-10678,CUST-18387,"13/796
Bera_Chowk
Firozabad_325144",Firozabad,Uttar_Pradesh,325144.0,Shipping
RJ-10679,CUST-06394,"34,_Som_Marg
Rajkot-292802",Rajkot,Gujarat,292802.0,Shipping
TS-10680,CUST-02274,"60/576,_Sami_Nagar,_Dindigul-181042",Dindigul,Tamil_Nadu,181042.0,Billing
TN-10681,CUST-03152,"21/45,_Sandal_Street,_Salem-346446",Salem,Tamil_Nadu,346446.0,"Billing,_Shipping"
CG-10682,CUST-15370,"H.No._10,_Malhotra_Path,_Sambalpur-877438",Sambalpur,Odisha,877438.0,"Billing,_Shipping"
UP-10683,CUST-19418,"50/735
Jain_Marg
Gurgaon-483967",Gurgaon,Haryana,483967.0,Billing
MP-10684,CUST-13101,"99,_Date_Ganj
Kota-926665",Kota,Rajasthan,926665.0,Shipping
MH-10685,CUST-16999,"H.No._188
Rattan_Nagar
Yamunanagar_580181",Yamunanagar,Haryana,580181.0,Shipping
OR-10686,CUST-19858,"H.No._54,_Divan_Road,_Danapur_092324",Danapur,Bihar,92324.0,Billing
AS-10687,CUST-16475,"670,_Chhabra_Nagar
Bongaigaon-988899",Bongaigaon,Assam,988899.0,Shipping
TS-10688,CUST-03512,"35,_Raval_Road
Ramagundam_380461",Ramagundam,Telangana,380461.0,"Billing,_Shipping"
TN-10689,CUST-00379,"36/677,_Tella_Zila
Vellore-644964",Vellore,Tamil_Nadu,644964.0,"Billing,_Shipping"
JH-10690,CUST-04052,"15,_Chahal_Zila
Phusro-499767",Phusro,Jharkhand,499767.0,Shipping
OR-10691,CUST-18033,"H.No._50,_Walla_Circle,_Haldia-995434",Haldia,West_Bengal,995434.0,Shipping
MP-10692,CUST-16355,"70/087
Kala_Marg
Unnao-455345",Unnao,Uttar_Pradesh,455345.0,Billing
RJ-10693,CUST-16220,"H.No._346,_Sandhu_Ganj
Akola_185460",Akola,Maharashtra,185460.0,"Billing,_Shipping"
MH-10694,CUST-17106,"050
Chahal_Street
Malegaon-771672",Malegaon,Maharashtra,771672.0,"Billing,_Shipping"
BR-10695,CUST-17277,"449,_Lad_Road,_Jaipur-090639",Jaipur,Rajasthan,90639.0,"Billing,_Shipping"
BR-10696,CUST-18332,"00/07
Raju_Circle
Ballia-246989",Ballia,Uttar_Pradesh,246989.0,"Billing,_Shipping"
OR-10697,CUST-02272,"97/904,_Kala_Road
Bijapur-834778",Bijapur,Karnataka,834778.0,Shipping
MP-10698,CUST-04144,"522,_Kumar_Path
Jhansi-923801",Jhansi,Uttar_Pradesh,923801.0,Shipping
MH-10699,CUST-09500,"056,_Kannan,_Bhiwandi_416603",Bhiwandi,Maharashtra,416603.0,Billing
OR-10700,CUST-14492,"H.No._15,_Ramakrishnan_Ganj,_Berhampur_553620",Berhampur,Odisha,553620.0,"Billing,_Shipping"
MH-10701,CUST-06612,"61/98
Karpe_Ganj
Guntur-217286",Guntur,Andhra_Pradesh,217286.0,Billing
MP-10702,CUST-15059,"30/92,_Sani_Zila
Kota_750734",Kota,Rajasthan,750734.0,Billing
OR-10703,CUST-09724,"H.No._421,_Dyal_Circle
Anantapur_165140",Anantapur,Andhra_Pradesh,165140.0,"Billing,_Shipping"
TN-10704,CUST-19113,"284,_Chada_Path
Tiruppur-727048",Tiruppur,Tamil_Nadu,727048.0,"Billing,_Shipping"
UK-10705,CUST-17503,"51
Magar_Street
Haridwar-065143",Haridwar,Uttarakhand,65143.0,"Billing,_Shipping"
TR-10706,CUST-13984,"72,_Dhaliwal_Nagar,_Durgapur-936013",Durgapur,West_Bengal,936013.0,Shipping
WB-10707,CUST-06224,"H.No._011
Singhal
Kulti-067308",Kulti,West_Bengal,67308.0,Shipping
OR-10708,CUST-05707,"H.No._59,_Kadakia_Street
Danapur_241200",Danapur,Bihar,241200.0,Shipping
WB-10709,CUST-02350,"35,_Bal_Nagar
Panihati-000458",Panihati,West_Bengal,458.0,"Billing,_Shipping"
MP-10710,CUST-07052,"H.No._91
Kala_Chowk
Kishanganj_873905",Kishanganj,Bihar,873905.0,"Billing,_Shipping"
UP-10711,CUST-19906,"H.No._350
Dora_Road
Bhagalpur_395167",Bhagalpur,Bihar,395167.0,Shipping
MP-10712,CUST-13725,"H.No._79
Kuruvilla_Chowk
Mau_230937",Mau,Uttar_Pradesh,230937.0,Shipping
KA-10713,CUST-11891,"43
Walia_Marg
Solapur_532908",Solapur,Maharashtra,532908.0,Shipping
KA-10714,CUST-05993,"999
Vig_Street
Tumkur-525044",Tumkur,Karnataka,525044.0,Shipping
TS-10715,CUST-12665,"18,_Tandon_Road
Nizamabad-808443",Nizamabad,Telangana,808443.0,Billing
WB-10716,CUST-13536,"865
Dhingra_Nagar
Bally_451000",Bally,West_Bengal,451000.0,Shipping
RJ-10717,CUST-11208,"86/107,_Behl_Path,_Rajkot-022215",Rajkot,Gujarat,22215.0,"Billing,_Shipping"
GJ-10718,CUST-02284,"H.No._200,_Karpe_Marg
Jabalpur_299841",Jabalpur,Madhya_Pradesh,299841.0,Shipping
MH-10719,CUST-07896,"186,_Rege_Ganj,_Loni_532063",Loni,Uttar_Pradesh,532063.0,Shipping
WB-10720,CUST-01583,"19/941
Comar_Marg
Aligarh_777997",Aligarh,Uttar_Pradesh,777997.0,Shipping
RJ-10721,CUST-10827,"H.No._01
Manda_Zila
Fatehpur_188448",Fatehpur,Uttar_Pradesh,188448.0,Shipping
TN-10722,CUST-16154,"99/780,_Grewal,_Gandhinagar_329297",Gandhinagar,Gujarat,329297.0,"Billing,_Shipping"
MH-10723,CUST-04801,"572,_Gade_Road
Nanded_558455",Nanded,Maharashtra,558455.0,"Billing,_Shipping"
AP-10724,CUST-17694,"H.No._83,_Sathe_Path,_Srikakulam_866011",Srikakulam,Andhra_Pradesh,866011.0,Billing
OR-10725,CUST-18673,"64/509,_Cheema_Nagar,_Haldia-854575",Haldia,West_Bengal,854575.0,Shipping
OR-10726,CUST-12459,"H.No._165,_Shankar_Chowk,_Bijapur_401065",Bijapur,Karnataka,401065.0,Shipping
WB-10727,CUST-07398,"H.No._678,_Uppal,_Baranagar-578297",Baranagar,West_Bengal,578297.0,Shipping
UP-10728,CUST-14663,"H.No._63,_Chandran,_Raiganj-249060",Raiganj,West_Bengal,249060.0,"Billing,_Shipping"
KA-10729,CUST-06611,"07,_Rajagopal_Street,_Amaravati_539744",Amaravati,Andhra_Pradesh,539744.0,"Billing,_Shipping"
UP-10730,CUST-16932,"H.No._53
Bandi_Marg
Shahjahanpur-886934",Shahjahanpur,Uttar_Pradesh,886934.0,"Billing,_Shipping"
KA-10731,CUST-03290,"38/58,_Kulkarni_Zila
Amaravati_650910",Amaravati,Andhra_Pradesh,650910.0,"Billing,_Shipping"
MH-10732,CUST-17472,"683,_Wason_Marg,_Jalgaon-128539",Jalgaon,Maharashtra,128539.0,Billing
MH-10733,CUST-04515,"800,_Mandal_Circle
Guntur-745197",Guntur,Andhra_Pradesh,745197.0,Billing
AS-10734,CUST-07162,"H.No._120,_Joshi,_Bongaigaon-549777",Bongaigaon,Assam,549777.0,Billing
MH-10735,CUST-12620,"H.No._830,_Sen_Street,_Satara-156160",Satara,Maharashtra,156160.0,Billing
MP-10736,CUST-04501,"778,_Ghosh_Circle
Unnao-915140",Unnao,Uttar_Pradesh,915140.0,Billing
CG-10737,CUST-05014,"866,_Sanghvi_Ganj
Sagar-388465",Sagar,Madhya_Pradesh,388465.0,Shipping
BR-10738,CUST-17966,"H.No._96,_Ratta_Path
Munger-085875",Munger,Bihar,85875.0,"Billing,_Shipping"
TS-10739,CUST-17974,"H.No._83,_Bhasin_Circle,_Proddatur_779867",Proddatur,Andhra_Pradesh,779867.0,Billing
KA-10740,CUST-01528,"H.No._60,_Aggarwal_Ganj
Hospet-485444",Hospet,Karnataka,485444.0,Billing
OR-10741,CUST-07715,"79/87
Kar
Chandrapur_481849",Chandrapur,Maharashtra,481849.0,Shipping
WB-10742,CUST-17452,"48/092,_Rajagopalan_Marg,_Uluberia_729745",Uluberia,West_Bengal,729745.0,"Billing,_Shipping"
AS-10743,CUST-08260,"H.No._073
Tak_Marg
Siliguri_583166",Siliguri,West_Bengal,583166.0,Shipping
BR-10744,CUST-05134,"H.No._92,_Shankar_Path,_Jaipur_732257",Jaipur,Rajasthan,732257.0,Billing
AP-10745,CUST-01885,"H.No._029
Buch_Street
Bhimavaram-816170",Bhimavaram,Andhra_Pradesh,816170.0,Shipping
AS-10746,CUST-11739,"241,_Bhattacharyya_Marg
Bongaigaon-049598",Bongaigaon,Assam,49598.0,Billing
TS-10747,CUST-18305,"15/20
Sandhu_Ganj
Nizamabad_109769",Nizamabad,Telangana,109769.0,"Billing,_Shipping"
AP-10748,CUST-13304,"H.No._166
Bhalla_Zila
Srikakulam_819983",Srikakulam,Andhra_Pradesh,819983.0,Shipping
WB-10749,CUST-16198,"73
Karnik_Chowk
Panihati-843577",Panihati,West_Bengal,843577.0,Shipping
TS-10750,CUST-05359,"H.No._096,_Dasgupta_Nagar
Hindupur_611522",Hindupur,Andhra_Pradesh,611522.0,Billing
UP-10751,CUST-15393,"953,_Ravel_Road
Mirzapur_520164",Mirzapur,Uttar_Pradesh,520164.0,Shipping
MP-10752,CUST-04374,"H.No._46
Das_Path
Khandwa-835542",Khandwa,Madhya_Pradesh,835542.0,Billing
JH-10753,CUST-06581,"33/772,_Butala_Marg,_Asansol-359951",Asansol,West_Bengal,359951.0,Billing
TN-10754,CUST-17819,"H.No._61,_Setty_Circle,_Salem-932874",Salem,Tamil_Nadu,932874.0,Billing
OR-10755,CUST-11825,"05/384
Chad_Street
Haldia-504296",Haldia,West_Bengal,504296.0,Shipping
TN-10756,CUST-12119,"H.No._395
Sastry_Nagar
Gandhinagar-940136",Gandhinagar,Gujarat,940136.0,Shipping
TN-10757,CUST-17738,"597
Vyas_Path
Chittoor_672330",Chittoor,Andhra_Pradesh,672330.0,"Billing,_Shipping"
UP-10758,CUST-16838,"H.No._59,_Bhandari_Ganj,_Raipur_085323",Raipur,Chhattisgarh,85323.0,Shipping
GJ-10759,CUST-18637,"H.No._645
Lad_Ganj
Kavali-255729",Kavali,Andhra_Pradesh,255729.0,Shipping
HR-10760,CUST-13795,"322,_Johal_Path
Aurangabad_874940",Aurangabad,Maharashtra,874940.0,Shipping
TN-10761,CUST-15457,"78/16,_Balasubramanian_Chowk,_Chittoor-722271",Chittoor,Andhra_Pradesh,722271.0,"Billing,_Shipping"
GJ-10762,CUST-08530,"993,_Anne_Zila,_Gandhidham_327626",Gandhidham,Gujarat,327626.0,Shipping
MP-10763,CUST-17616,"36,_Sood
Indore-512830",Indore,Madhya_Pradesh,512830.0,Billing
TN-10764,CUST-07120,"H.No._779,_Srinivas_Path
Salem-144286",Salem,Tamil_Nadu,144286.0,Shipping
MP-10765,CUST-00933,"53/80
Chhabra_Zila
Indore-505173",Indore,Madhya_Pradesh,505173.0,Billing
BR-10766,CUST-02012,"03/44,_Ghosh,_Ballia_619934",Ballia,Uttar_Pradesh,619934.0,"Billing,_Shipping"
BR-10767,CUST-04625,"12/321,_Sheth_Circle
Munger_509722",Munger,Bihar,509722.0,Shipping
WB-10768,CUST-11492,"24/860,_Chandran_Street,_Baranagar_716562",Baranagar,West_Bengal,716562.0,"Billing,_Shipping"
AP-10769,CUST-16263,"43/57,_Korpal_Chowk
Dharmavaram-812210",Dharmavaram,Andhra_Pradesh,812210.0,Shipping
UP-10770,CUST-19805,"H.No._75
Johal_Zila
Chapra_267498",Chapra,Bihar,267498.0,Shipping
TR-10771,CUST-03937,"28,_Krishnan_Street
Durgapur_627540",Durgapur,West_Bengal,627540.0,Billing
CG-10772,CUST-13499,"311
Chada_Chowk
Sagar_137112",Sagar,Madhya_Pradesh,137112.0,"Billing,_Shipping"
HP-10773,CUST-16471,"37/04,_Dube_Path,_Udaipur-797546",Udaipur,Rajasthan,797546.0,Billing
BR-10774,CUST-10124,"29/752,_Sankar_Zila,_Satna_888437",Satna,Madhya_Pradesh,888437.0,"Billing,_Shipping"
AP-10775,CUST-15817,"00/436,_Madan_Path,_Dharmavaram_696126",Dharmavaram,Andhra_Pradesh,696126.0,Billing
RJ-10776,CUST-03686,"47
Malhotra_Marg
Dewas-447047",Dewas,Madhya_Pradesh,447047.0,Billing
AP-10777,CUST-13771,"12/39,_Dhar_Ganj
Bhimavaram-556728",Bhimavaram,Andhra_Pradesh,556728.0,Shipping
CG-10778,CUST-09150,"54/34,_Dayal_Nagar
Nagpur-844443",Nagpur,Maharashtra,844443.0,"Billing,_Shipping"
UP-10779,CUST-05291,"80/191,_Sangha_Street,_Muzaffarpur-289051",Muzaffarpur,Bihar,289051.0,Shipping
UP-10780,CUST-10720,"H.No._302,_Gulati_Road
Mirzapur-342552",Mirzapur,Uttar_Pradesh,342552.0,Shipping
WB-10781,CUST-17129,"H.No._989,_Sagar
Naihati_841656",Naihati,West_Bengal,841656.0,"Billing,_Shipping"
AS-10782,CUST-14121,"59,_Dhar_Nagar
Bongaigaon_018077",Bongaigaon,Assam,18077.0,Billing
UP-10783,CUST-02841,"57/86
Chaudry_Road
Firozabad_043460",Firozabad,Uttar_Pradesh,43460.0,"Billing,_Shipping"
TS-10784,CUST-18263,"94/65,_Gade_Street,_Proddatur_310802",Proddatur,Andhra_Pradesh,310802.0,Billing
BR-10785,CUST-07245,"13/035,_Sehgal_Street
Ballia-462669",Ballia,Uttar_Pradesh,462669.0,Billing
KA-10786,CUST-09210,"H.No._662,_Dewan_Street
Solapur-187531",Solapur,Maharashtra,187531.0,Billing
KA-10787,CUST-01828,"H.No._23
Bal_Zila
Mangalore-094270",Mangalore,Karnataka,94270.0,"Billing,_Shipping"
MP-10788,CUST-19674,"H.No._94,_Tella
Mau_289552",Mau,Uttar_Pradesh,289552.0,Shipping
AP-10789,CUST-09368,"852,_Sahota,_Gudivada_440606",Gudivada,Andhra_Pradesh,440606.0,Billing
RJ-10790,CUST-08880,"H.No._611
Kapoor
Rajkot-907349",Rajkot,Gujarat,907349.0,Billing
HR-10791,CUST-16678,"70/57,_Chaudhari_Circle
Aurangabad-341430",Aurangabad,Maharashtra,341430.0,Shipping
BR-10792,CUST-16390,"H.No._729
Kale_Chowk
Purnia_551588",Purnia,Bihar,551588.0,Shipping
MH-10793,CUST-11301,"H.No._361,_Yohannan_Ganj,_Jalgaon-192048",Jalgaon,Maharashtra,192048.0,Shipping
JH-10794,CUST-13855,"04/944,_Dada_Street,_Asansol_143133",Asansol,West_Bengal,143133.0,Shipping
MP-10795,CUST-16067,"H.No._038
Grover_Path
Mau_965916",Mau,Uttar_Pradesh,965916.0,Shipping
UP-10796,CUST-13280,"54/79
Ganesan_Road
Ahmedabad-009336",Ahmedabad,Gujarat,9336.0,Shipping
AP-10797,CUST-05180,"806
Krishnamurthy_Circle
Anantapuram-451569",Anantapuram,Andhra_Pradesh,451569.0,Billing
GJ-10798,CUST-16273,"923,_De_Circle
Jabalpur_589656",Jabalpur,Madhya_Pradesh,589656.0,Shipping
KL-10799,CUST-03083,"H.No._95,_Luthra_Nagar,_Kollam_059719",Kollam,Kerala,59719.0,"Billing,_Shipping"
WB-10800,CUST-05354,"449
Ray_Ganj
Bhatpara_110087",Bhatpara,West_Bengal,110087.0,Billing
MP-10801,CUST-02687,"H.No._25,_Jha_Zila
Agra-086144",Agra,Uttar_Pradesh,86144.0,"Billing,_Shipping"
OR-10802,CUST-05465,"53/196,_Jayaraman_Nagar,_Chandrapur_600287",Chandrapur,Maharashtra,600287.0,"Billing,_Shipping"
UP-10803,CUST-11707,"47,_Guha_Zila
Chapra-487290",Chapra,Bihar,487290.0,Shipping
TN-10804,CUST-05919,"22/434
Ganguly_Road
Tiruvottiyur-642463",Tiruvottiyur,Tamil_Nadu,642463.0,"Billing,_Shipping"
JH-10805,CUST-15303,"H.No._757
Kaur_Circle
Mango-583789",Mango,Jharkhand,583789.0,"Billing,_Shipping"
HR-10806,CUST-15050,"40,_Bali_Chowk
Aurangabad-280024",Aurangabad,Maharashtra,280024.0,Billing
UP-10807,CUST-17425,"31/13,_Bhatnagar_Chowk
Chapra_301877",Chapra,Bihar,301877.0,"Billing,_Shipping"
WB-10808,CUST-00738,"H.No._630,_Thakur_Circle
Arrah-412447",Arrah,Bihar,412447.0,"Billing,_Shipping"
OR-10809,CUST-17878,"28/444,_Gandhi_Chowk
Haldia-547523",Haldia,West_Bengal,547523.0,"Billing,_Shipping"
RJ-10810,CUST-16323,"32,_Saxena_Road,_Akola_865519",Akola,Maharashtra,865519.0,Billing
TS-10811,CUST-05681,"H.No._031,_Sunder_Road,_Dindigul_533549",Dindigul,Tamil_Nadu,533549.0,Shipping
MH-10812,CUST-13891,"156,_Tripathi_Road,_Yamunanagar-468400",Yamunanagar,Haryana,468400.0,Shipping
DL-10813,CUST-18094,"397,_Sheth_Nagar
Delhi_591351",Delhi,Delhi_(Union_Territory),591351.0,"Billing,_Shipping"
OR-10814,CUST-12653,"H.No._550,_Sarna_Circle
Kanpur_972059",Kanpur,Uttar_Pradesh,972059.0,"Billing,_Shipping"
JH-10815,CUST-18452,"H.No._824,_Kuruvilla
Asansol-011919",Asansol,West_Bengal,11919.0,Billing
UP-10816,CUST-17056,"45
Barman_Nagar
Sambhal_414120",Sambhal,Uttar_Pradesh,414120.0,Billing
MH-10817,CUST-15495,"05/74,_Borah_Road,_Malegaon_374866",Malegaon,Maharashtra,374866.0,"Billing,_Shipping"
TS-10818,CUST-16433,"13/473,_Bala_Ganj
Sirsa_209548",Sirsa,Haryana,209548.0,"Billing,_Shipping"
BR-10819,CUST-11175,"31/12
Majumdar_Marg
Munger_317110",Munger,Bihar,317110.0,Shipping
UP-10820,CUST-19565,"208,_Dixit_Chowk
Bhagalpur-821804",Bhagalpur,Bihar,821804.0,"Billing,_Shipping"
TS-10821,CUST-14854,"26/39,_Rao_Nagar
Sirsa-826786",Sirsa,Haryana,826786.0,Billing
UK-10822,CUST-10332,"657
Bhandari_Street
Jalna-640647",Jalna,Maharashtra,640647.0,"Billing,_Shipping"
HR-10823,CUST-03551,"494
Suri_Path
Bikaner_915697",Bikaner,Rajasthan,915697.0,"Billing,_Shipping"
KA-10824,CUST-13552,"55/438,_Vala_Ganj
Solapur-527684",Solapur,Maharashtra,527684.0,"Billing,_Shipping"
TS-10825,CUST-07565,"78/40
Bali_Road
Ramagundam-596859",Ramagundam,Telangana,596859.0,"Billing,_Shipping"
TN-10826,CUST-11468,"H.No._31,_Sant_Zila
Pallavaram-436064",Pallavaram,Tamil_Nadu,436064.0,"Billing,_Shipping"
UK-10828,CUST-12758,"519,_Devi
Jalna-271415",Jalna,Maharashtra,271415.0,Billing
WB-10829,CUST-13335,"H.No._12,_Bhardwaj_Chowk,_Aligarh-578650",Aligarh,Uttar_Pradesh,578650.0,Shipping
BR-10830,CUST-13713,"570
Devan_Road
Buxar-481436",Buxar,Bihar,481436.0,"Billing,_Shipping"
GJ-10831,CUST-08393,"56,_Som_Street
Jabalpur-922147",Jabalpur,Madhya_Pradesh,922147.0,Billing
AP-10832,CUST-13368,"70/75
Wable_Street
Gudivada_901175",Gudivada,Andhra_Pradesh,901175.0,Shipping
BR-10833,CUST-12585,"28/727,_Badami_Road
Ballia_047011",Ballia,Uttar_Pradesh,47011.0,Shipping
UP-10834,CUST-13148,"H.No._770,_Chowdhury_Street
Raiganj_863888",Raiganj,West_Bengal,863888.0,"Billing,_Shipping"
OR-10835,CUST-17437,"21
Tandon_Ganj
Anantapur-463399",Anantapur,Andhra_Pradesh,463399.0,Shipping
KA-10836,CUST-19424,"337,_Roy_Street
Hosur_785614",Hosur,Tamil_Nadu,785614.0,Shipping
HR-10837,CUST-10197,"10,_Srivastava_Path
Siwan-905757",Siwan,Bihar,905757.0,Billing
UP-10838,CUST-07008,"H.No._23,_Butala_Zila
Farrukhabad_035904",Farrukhabad,Uttar_Pradesh,35904.0,"Billing,_Shipping"
OR-10839,CUST-01682,"03
Tailor_Street
Patna-615898",Patna,Bihar,615898.0,Shipping
AS-10840,CUST-15219,"H.No._80
Sharma_Nagar
Nagaon_219622",Nagaon,Assam,219622.0,"Billing,_Shipping"
MP-10841,CUST-04188,"40/851
Bhat_Road
Jodhpur_628130",Jodhpur,Rajasthan,628130.0,Billing
MH-10842,CUST-11522,"26,_Biswas_Street
Karnal-808894",Karnal,Haryana,808894.0,Billing
UP-10843,CUST-14118,"H.No._37,_Sawhney_Road
Mirzapur-971477",Mirzapur,Uttar_Pradesh,971477.0,Billing
HP-10844,CUST-11025,"H.No._800,_Wali,_Udaipur_679986",Udaipur,Rajasthan,679986.0,Shipping
OR-10845,CUST-17164,"63/73,_Manne_Ganj
Patna_386781",Patna,Bihar,386781.0,Shipping
TN-10846,CUST-02457,"H.No._455
Dhaliwal_Chowk
Tiruppur-896704",Tiruppur,Tamil_Nadu,896704.0,Billing
UK-10847,CUST-02839,"07
Gour_Circle
Haridwar_739818",Haridwar,Uttarakhand,739818.0,Shipping
AS-10848,CUST-06066,"89/11
Buch_Zila
Bongaigaon_737300",Bongaigaon,Assam,737300.0,"Billing,_Shipping"
UP-10849,CUST-00293,"H.No._821,_Balasubramanian_Circle
Burhanpur-275336",Burhanpur,Madhya_Pradesh,275336.0,Shipping
MP-10850,CUST-03097,"31/756,_Raman_Zila
Gopalpur_904859",Gopalpur,Odisha,904859.0,"Billing,_Shipping"
UP-10851,CUST-01475,"H.No._886
Sha_Path
Sambhal-107690",Sambhal,Uttar_Pradesh,107690.0,Shipping
UP-10852,CUST-04818,"13/331,_Chander_Nagar,_Karimnagar_292840",Karimnagar,Telangana,292840.0,Shipping
TS-10853,CUST-17059,"23/16,_Shetty_Road,_Ambala-351509",Ambala,Haryana,351509.0,Shipping
WB-10854,CUST-18791,"41/378
Shere_Road
Bidhannagar_159404",Bidhannagar,West_Bengal,159404.0,Shipping
OR-10855,CUST-15703,"H.No._92,_Dara_Chowk
Haldia_859176",Haldia,West_Bengal,859176.0,Shipping
GJ-10856,CUST-00892,"H.No._589,_Lal_Street
Allahabad_588295",Allahabad,Uttar_Pradesh,588295.0,"Billing,_Shipping"
MH-10857,CUST-18411,"62/072,_Dutt_Ganj
Rampur_120155",Rampur,Uttar_Pradesh,120155.0,Shipping
OR-10858,CUST-02652,"784,_Walia_Street
Danapur_258192",Danapur,Bihar,258192.0,"Billing,_Shipping"
GJ-10859,CUST-07971,"H.No._21,_Ranganathan_Path,_Ajmer-888540",Ajmer,Rajasthan,888540.0,Shipping
MP-10860,CUST-11502,"89/171,_Vala_Marg,_Agra-845127",Agra,Uttar_Pradesh,845127.0,Shipping
BR-10861,CUST-19939,"H.No._644,_Viswanathan_Path
Munger-146836",Munger,Bihar,146836.0,Shipping
OR-10862,CUST-03235,"H.No._693
Doshi
Bijapur_349486",Bijapur,Karnataka,349486.0,"Billing,_Shipping"
TS-10863,CUST-14952,"19/358,_Lad,_Proddatur-023104",Proddatur,Andhra_Pradesh,23104.0,Billing
CG-10864,CUST-16179,"489,_Upadhyay_Nagar,_Sambalpur_643006",Sambalpur,Odisha,643006.0,"Billing,_Shipping"
OR-10865,CUST-12432,"41
Bhandari_Street
Bharatpur-370223",Bharatpur,Rajasthan,370223.0,"Billing,_Shipping"
OR-10866,CUST-14338,"35/94,_Master_Nagar
Mathura-760378",Mathura,Uttar_Pradesh,760378.0,Billing
OR-10867,CUST-12289,"53/554,_Sarna_Road,_Bilaspur-485821",Bilaspur,Chhattisgarh,485821.0,Shipping
WB-10868,CUST-18840,"624,_Dube_Road,_Baranagar-754124",Baranagar,West_Bengal,754124.0,Billing
UP-10869,CUST-06727,"05/38,_Thakkar_Nagar,_Jamalpur_059155",Jamalpur,Bihar,59155.0,Billing
TS-10870,CUST-05656,"84/26,_Randhawa_Nagar
Ramagundam-638008",Ramagundam,Telangana,638008.0,Billing
OR-10871,CUST-00796,"H.No._077
Kanda_Circle
Bharatpur_092666",Bharatpur,Rajasthan,92666.0,"Billing,_Shipping"
KA-10872,CUST-09504,"996,_Dugal_Path
Tumkur-161124",Tumkur,Karnataka,161124.0,Billing
MP-10873,CUST-01095,"53,_Chada_Circle,_Indore_661074",Indore,Madhya_Pradesh,661074.0,"Billing,_Shipping"
TN-10874,CUST-10691,"H.No._80,_Mannan_Path
Chittoor_344338",Chittoor,Andhra_Pradesh,344338.0,Billing
RJ-10875,CUST-18719,"H.No._94,_Sanghvi_Circle,_Dewas_724279",Dewas,Madhya_Pradesh,724279.0,Billing
KA-10876,CUST-04535,"84/961,_Ramesh_Nagar,_Solapur-081932",Solapur,Maharashtra,81932.0,Shipping
HR-10877,CUST-15565,"H.No._36,_Devan_Marg
Bikaner_244246",Bikaner,Rajasthan,244246.0,Billing
TS-10878,CUST-16775,"H.No._141
Deep_Street
Srinagar-329994",Srinagar,Jammu_and_Kashmir,329994.0,Billing
BR-10879,CUST-15018,"32/52,_Dass_Ganj
Purnia-284254",Purnia,Bihar,284254.0,"Billing,_Shipping"
KA-10880,CUST-10969,"H.No._87,_Bava_Street
Hosur_269006",Hosur,Tamil_Nadu,269006.0,Shipping
GJ-10881,CUST-11635,"H.No._840
Sehgal_Path
Gandhidham_102969",Gandhidham,Gujarat,102969.0,"Billing,_Shipping"
CG-10882,CUST-18788,"H.No._104
Goyal_Nagar
Sagar_554606",Sagar,Madhya_Pradesh,554606.0,Shipping
TN-10883,CUST-18595,"89/131
Kibe
Tiruppur-870511",Tiruppur,Tamil_Nadu,870511.0,Billing
TS-10884,CUST-16310,"H.No._77,_Tak_Street
Hindupur_204450",Hindupur,Andhra_Pradesh,204450.0,Shipping
MH-10885,CUST-17582,"H.No._31,_Gupta_Street,_Jalgaon_703782",Jalgaon,Maharashtra,703782.0,Billing
MP-10886,CUST-11378,"741,_Chakraborty_Marg
Gopalpur-500204",Gopalpur,Odisha,500204.0,Billing
UP-10887,CUST-17131,"079,_Mallick_Road,_Firozabad-270782",Firozabad,Uttar_Pradesh,270782.0,"Billing,_Shipping"
AP-10888,CUST-19448,"51/55,_Lalla,_Srikakulam-767981",Srikakulam,Andhra_Pradesh,767981.0,Billing
OR-10889,CUST-16469,"H.No._66,_Dayal_Street,_Chandrapur-513209",Chandrapur,Maharashtra,513209.0,Billing
WB-10890,CUST-19426,"26/64,_Behl
Bhatpara_443753",Bhatpara,West_Bengal,443753.0,Shipping
OR-10891,CUST-15851,"319
Bedi_Ganj
Kanpur-941383",Kanpur,Uttar_Pradesh,941383.0,"Billing,_Shipping"
KA-10892,CUST-18479,"73/41,_Kapoor_Street,_Hospet-483885",Hospet,Karnataka,483885.0,Shipping
AP-10893,CUST-05155,"H.No._63,_Walla_Ganj
Anantapuram_991206",Anantapuram,Andhra_Pradesh,991206.0,Billing
TS-10894,CUST-05654,"H.No._08
Shah_Ganj
Srinagar_906597",Srinagar,Jammu_and_Kashmir,906597.0,"Billing,_Shipping"
MH-10895,CUST-19446,"H.No._17
Loyal_Ganj
Rampur-456671",Rampur,Uttar_Pradesh,456671.0,Billing
JH-10896,CUST-07089,"84/834,_Bail_Nagar,_Mango_730511",Mango,Jharkhand,730511.0,Billing
AP-10897,CUST-14765,"H.No._16,_Kumer_Chowk
Gudivada-676863",Gudivada,Andhra_Pradesh,676863.0,Billing
OR-10898,CUST-19276,"75/16,_Shere_Chowk,_Bijapur-219834",Bijapur,Karnataka,219834.0,Billing
CG-10899,CUST-17903,"853
Anne_Street
Malda_657223",Malda,West_Bengal,657223.0,Shipping
MP-10900,CUST-10622,"083
Dhaliwal_Zila
Mau-644832",Mau,Uttar_Pradesh,644832.0,Shipping
KA-10901,CUST-08188,"72,_Sen
Mangalore_159023",Mangalore,Karnataka,159023.0,Shipping
MH-10902,CUST-17400,"H.No._289,_Chandran_Zila,_Bhiwandi-211378",Bhiwandi,Maharashtra,211378.0,Shipping
MH-10903,CUST-08800,"H.No._74,_Rajagopalan_Circle,_Guntur_349908",Guntur,Andhra_Pradesh,349908.0,Shipping
UP-10904,CUST-16417,"48/570,_Luthra_Ganj,_Raipur-791566",Raipur,Chhattisgarh,791566.0,Billing
MH-10905,CUST-18403,"87
Iyer_Chowk
Malegaon-754238",Malegaon,Maharashtra,754238.0,"Billing,_Shipping"
MP-10906,CUST-01857,"67/781,_Krishna_Circle
Jodhpur-954009",Jodhpur,Rajasthan,954009.0,Billing
UK-10907,CUST-19197,"59/228
Gandhi_Circle
Haridwar-378217",Haridwar,Uttarakhand,378217.0,"Billing,_Shipping"
UP-10908,CUST-17709,"475,_Kara_Road
Chapra-360179",Chapra,Bihar,360179.0,"Billing,_Shipping"
KL-10909,CUST-15630,"11/136
Anne_Circle
Kollam_897220",Kollam,Kerala,897220.0,Shipping
BR-10910,CUST-14525,"791
Zachariah_Marg
Buxar-203729",Buxar,Bihar,203729.0,"Billing,_Shipping"
MP-10911,CUST-17320,"H.No._94
Sankar_Marg
Mau_859841",Mau,Uttar_Pradesh,859841.0,"Billing,_Shipping"
CG-10912,CUST-05224,"33/56
Sankar_Path
Sagar_422756",Sagar,Madhya_Pradesh,422756.0,Billing
UP-10913,CUST-16635,"67/641
Banerjee_Street
Burhanpur-625121",Burhanpur,Madhya_Pradesh,625121.0,Shipping
MP-10914,CUST-08965,"51/83,_Chaudhuri_Nagar
Kota_070752",Kota,Rajasthan,70752.0,Billing
TN-10915,CUST-17298,"27,_Bath_Path,_Tiruvottiyur_728531",Tiruvottiyur,Tamil_Nadu,728531.0,Shipping
MP-10916,CUST-16314,"343
Rau_Street
Dehri-228389",Dehri,Bihar,228389.0,Billing
TS-10917,CUST-04504,"38
Rattan_Street
Proddatur-783516",Proddatur,Andhra_Pradesh,783516.0,Shipping
MP-10918,CUST-11500,"H.No._912
Rajagopal_Road
Kota-514589",Kota,Rajasthan,514589.0,Shipping
CG-10919,CUST-12683,"H.No._064,_Dani_Nagar,_Sambalpur_036366",Sambalpur,Odisha,36366.0,Billing
JH-10920,CUST-06521,"25/917
Kapoor_Street
Asansol-207046",Asansol,West_Bengal,207046.0,"Billing,_Shipping"
BR-10921,CUST-18446,"H.No._977,_Garg_Zila,_Satna-423630",Satna,Madhya_Pradesh,423630.0,Shipping
CG-10922,CUST-12583,"71,_Som_Ganj,_Nagpur-495965",Nagpur,Maharashtra,495965.0,Billing
TN-10923,CUST-03918,"H.No._466
Bhandari_Chowk
Avadi-512172",Avadi,Tamil_Nadu,512172.0,"Billing,_Shipping"
UK-10924,CUST-10836,"H.No._17,_Gopal_Circle
Haridwar-370606",Haridwar,Uttarakhand,370606.0,Billing
TN-10925,CUST-13329,"H.No._38,_Sheth_Circle,_Tiruppur_946600",Tiruppur,Tamil_Nadu,946600.0,Shipping
BR-10926,CUST-18513,"32,_Jaggi_Path
Satna-508342",Satna,Madhya_Pradesh,508342.0,Billing
WB-10927,CUST-16189,"H.No._67,_Buch_Street
Baranagar_116506",Baranagar,West_Bengal,116506.0,Billing
MP-10928,CUST-07271,"83/508,_Guha_Nagar,_Jhansi-474182",Jhansi,Uttar_Pradesh,474182.0,Billing
JH-10929,CUST-12562,"194,_Agarwal
Mango-502120",Mango,Jharkhand,502120.0,"Billing,_Shipping"
TR-10930,CUST-17989,"H.No._46,_Gaba_Circle,_Durgapur-074225",Durgapur,West_Bengal,74225.0,"Billing,_Shipping"
CG-10931,CUST-03392,"H.No._996,_Wable_Chowk,_Sambalpur-670514",Sambalpur,Odisha,670514.0,Shipping
WB-10932,CUST-11561,"66/626
Mammen_Road
Bidhannagar_169241",Bidhannagar,West_Bengal,169241.0,Billing
KA-10933,CUST-18562,"H.No._17,_Wadhwa_Marg,_Mangalore_215654",Mangalore,Karnataka,215654.0,"Billing,_Shipping"
HP-10934,CUST-18197,"H.No._34
Jhaveri_Zila
Udaipur_837174",Udaipur,Rajasthan,837174.0,Billing
TR-10935,CUST-15320,"66/70,_Chaudhary
Chandigarh-088258",Chandigarh,Chandigarh_(Union_Territory),88258.0,"Billing,_Shipping"
WB-10936,CUST-19560,"H.No._10,_Borde_Marg
Naihati-273672",Naihati,West_Bengal,273672.0,Shipping
GJ-10937,CUST-06717,"20/72
Warrior_Ganj
Gandhidham-975740",Gandhidham,Gujarat,975740.0,Billing
AP-10938,CUST-10310,"H.No._25
Basak_Circle
Gudivada_125967",Gudivada,Andhra_Pradesh,125967.0,Shipping
UP-10939,CUST-02727,"04/14,_Dhawan_Nagar,_Sambhal-373746",Sambhal,Uttar_Pradesh,373746.0,Shipping
HR-10940,CUST-03115,"136
Viswanathan
Aurangabad-653387",Aurangabad,Maharashtra,653387.0,Shipping
MH-10941,CUST-13123,"00/917
Bala_Street
Guntur-707232",Guntur,Andhra_Pradesh,707232.0,Shipping
TS-10942,CUST-10818,"994,_Gole_Nagar,_Ambala-363693",Ambala,Haryana,363693.0,Billing
BR-10943,CUST-01106,"72,_Tella_Path,_Munger-958464",Munger,Bihar,958464.0,Shipping
KA-10944,CUST-03524,"H.No._219,_Bhandari_Street
Hosur_934083",Hosur,Tamil_Nadu,934083.0,Shipping
UP-10945,CUST-19446,"H.No._684,_Bahl_Marg,_Ahmedabad-645946",Ahmedabad,Gujarat,645946.0,Shipping
CG-10946,CUST-06609,"05/06,_Johal_Road,_Sagar-807560",Sagar,Madhya_Pradesh,807560.0,Billing
MP-10947,CUST-16573,"H.No._666,_Sheth,_Ramgarh_035076",Ramgarh,Jharkhand,35076.0,"Billing,_Shipping"
TS-10948,CUST-07677,"257
Jaggi
Srinagar_302598",Srinagar,Jammu_and_Kashmir,302598.0,"Billing,_Shipping"
GJ-10949,CUST-14367,"H.No._89,_Swaminathan_Chowk
Gandhidham_371171",Gandhidham,Gujarat,371171.0,"Billing,_Shipping"
WB-10950,CUST-03652,"98/94
Khalsa_Marg
Bhatpara-534895",Bhatpara,West_Bengal,534895.0,"Billing,_Shipping"
GJ-10951,CUST-14954,"65/784,_Suri_Road,_Kavali-130446",Kavali,Andhra_Pradesh,130446.0,Billing
OR-10953,CUST-19331,"H.No._54,_Din_Zila
Patna_927710",Patna,Bihar,927710.0,Billing
JH-10954,CUST-02706,"19/627,_Gandhi_Path,_Mango-306827",Mango,Jharkhand,306827.0,Shipping
TS-10955,CUST-13266,"33/218,_Dugar_Nagar,_Hindupur-289666",Hindupur,Andhra_Pradesh,289666.0,"Billing,_Shipping"
JH-10956,CUST-13943,"97/946,_Agate_Path,_Phusro-545497",Phusro,Jharkhand,545497.0,Billing
TR-10957,CUST-13538,"H.No._08,_Wali,_Durgapur_803636",Durgapur,West_Bengal,803636.0,Billing
TR-10958,CUST-14740,"28/64
Choudhary_Circle
Durgapur-576814",Durgapur,West_Bengal,576814.0,"Billing,_Shipping"
BR-10959,CUST-06620,"703,_Gala_Chowk
Satna-623827",Satna,Madhya_Pradesh,623827.0,Billing
TS-10960,CUST-10733,"83,_Bandi_Marg,_Sirsa-051544",Sirsa,Haryana,51544.0,Billing
TS-10961,CUST-18494,"H.No._407
Sani_Marg
Ambala_315553",Ambala,Haryana,315553.0,Billing
OR-10962,CUST-14112,"H.No._85,_Hari_Circle
Bijapur-621772",Bijapur,Karnataka,621772.0,"Billing,_Shipping"
KA-10963,CUST-12421,"813
Kapur_Chowk
Hospet_955073",Hospet,Karnataka,955073.0,Billing
CG-10965,CUST-18415,"H.No._05,_Chaudry_Chowk
Sambalpur_258483",Sambalpur,Odisha,258483.0,Shipping
JH-10966,CUST-01981,"249,_Tak_Zila,_Asansol_084180",Asansol,West_Bengal,84180.0,Billing
TN-10967,CUST-14016,"03,_Lad_Chowk,_Salem-816731",Salem,Tamil_Nadu,816731.0,Shipping
MP-10968,CUST-19756,"44/95
Rana_Road
Dehri_814454",Dehri,Bihar,814454.0,Billing
OR-10969,CUST-05549,"75
Sood_Road
Bijapur_732017",Bijapur,Karnataka,732017.0,Billing
AP-10971,CUST-06217,"H.No._24
Karnik_Path
Jammu_451722",Jammu,Jammu_and_Kashmir,451722.0,Shipping
OR-10972,CUST-02939,"H.No._819,_Iyengar_Chowk,_Bijapur-663358",Bijapur,Karnataka,663358.0,Shipping
TN-10973,CUST-17216,"51,_Bhasin_Chowk,_Pali_617691",Pali,Rajasthan,617691.0,Billing
OR-10974,CUST-01002,"90,_Sama_Zila,_Bharatpur-102650",Bharatpur,Rajasthan,102650.0,Shipping
TS-10975,CUST-01317,"H.No._932,_Contractor_Marg,_Hindupur_913515",Hindupur,Andhra_Pradesh,913515.0,"Billing,_Shipping"
TN-10976,CUST-15652,"74/44,_Chauhan,_Pallavaram_690264",Pallavaram,Tamil_Nadu,690264.0,Billing
RJ-10977,CUST-01283,"H.No._369,_Dugar_Marg
Akola-536034",Akola,Maharashtra,536034.0,Shipping
MH-10978,CUST-10545,"H.No._702
Mall_Chowk
Satara_845263",Satara,Maharashtra,845263.0,Shipping
MP-10979,CUST-10930,"H.No._773
Soman_Circle
Jhansi-474691",Jhansi,Uttar_Pradesh,474691.0,Shipping
UP-10980,CUST-02143,"77
Ray_Circle
Ahmedabad_158268",Ahmedabad,Gujarat,158268.0,Billing
UP-10981,CUST-06625,"81/054
Som_Chowk
Farrukhabad_848706",Farrukhabad,Uttar_Pradesh,848706.0,Billing
RJ-10982,CUST-11241,"H.No._912,_Dave,_Rajkot-892596",Rajkot,Gujarat,892596.0,"Billing,_Shipping"
TS-10983,CUST-13683,"15/25,_Wadhwa_Street
Sirsa-281024",Sirsa,Haryana,281024.0,Billing
RJ-10984,CUST-16999,"93/794
Sarna_Road
Rajkot-862935",Rajkot,Gujarat,862935.0,Shipping
TN-10985,CUST-06934,"H.No._243
Seshadri_Street
Pallavaram-911485",Pallavaram,Tamil_Nadu,911485.0,Shipping
DL-10986,CUST-01082,"856,_Choudhry_Zila
Delhi-791617",Delhi,Delhi_(Union_Territory),791617.0,Shipping
BR-10987,CUST-04612,"30/88
Lad_Path
Satna_927690",Satna,Madhya_Pradesh,927690.0,"Billing,_Shipping"
WB-10988,CUST-07359,"H.No._58
Apte_Street
Naihati_368218",Naihati,West_Bengal,368218.0,Shipping
TN-10989,CUST-13601,"97/99,_Mannan_Road,_Salem-764677",Salem,Tamil_Nadu,764677.0,Shipping
MH-10990,CUST-06737,"H.No._390
Kota_Chowk
Guntur_257476",Guntur,Andhra_Pradesh,257476.0,Shipping
RJ-10991,CUST-10299,"H.No._70
Deshpande_Zila
Fatehpur_411496",Fatehpur,Uttar_Pradesh,411496.0,"Billing,_Shipping"
AP-10992,CUST-06238,"H.No._511,_Atwal_Ganj
Anantapuram_917974",Anantapuram,Andhra_Pradesh,917974.0,Billing
OR-10993,CUST-01220,"53/35,_Divan_Path,_Haldia-231319",Haldia,West_Bengal,231319.0,Shipping
MP-10994,CUST-10936,"488
Singhal_Road
Mau_716124",Mau,Uttar_Pradesh,716124.0,Billing
MH-10995,CUST-19608,"088,_Sathe_Circle,_Loni_598793",Loni,Uttar_Pradesh,598793.0,Billing
AP-10996,CUST-02418,"H.No._211,_Bumb_Circle,_Bhimavaram_576715",Bhimavaram,Andhra_Pradesh,576715.0,Billing
UP-10997,CUST-14497,"H.No._61,_Divan_Marg,_Raiganj-622686",Raiganj,West_Bengal,622686.0,Shipping
MP-10998,CUST-08863,"43,_Warrior_Road
Jhansi-567011",Jhansi,Uttar_Pradesh,567011.0,Shipping
HR-10999,CUST-00810,"72/84,_Choudhry_Nagar
Bikaner-115621",Bikaner,Rajasthan,115621.0,"Billing,_Shipping"
GJ-11000,CUST-10810,"H.No._75,_Bajaj_Path
Kavali-813262",Kavali,Andhra_Pradesh,813262.0,Billing
MH-11001,CUST-06033,"99
Raja_Path
Satara_026219",Satara,Maharashtra,26219.0,Shipping
CG-11002,CUST-19923,"H.No._17,_Magar_Path
Sagar-624075",Sagar,Madhya_Pradesh,624075.0,Billing
MH-11003,CUST-11147,"83/328,_Kaul_Circle
Guntur-783497",Guntur,Andhra_Pradesh,783497.0,Billing
WB-11004,CUST-19381,"H.No._75
Choudhury_Chowk
Kulti_711491",Kulti,West_Bengal,711491.0,Shipping
TN-11005,CUST-18198,"H.No._59,_Rout_Street
Pali-119528",Pali,Rajasthan,119528.0,Billing
MP-11006,CUST-06759,"H.No._99,_Subramanian
Ramgarh-006562",Ramgarh,Jharkhand,6562.0,Billing
MP-11007,CUST-10431,"77,_Singh_Ganj,_Kishanganj-937656",Kishanganj,Bihar,937656.0,Shipping
MP-11008,CUST-15708,"70/42
Kata_Road
Kota-390831",Kota,Rajasthan,390831.0,"Billing,_Shipping"
UP-11009,CUST-17991,"83/575
Chandra_Circle
Muzaffarpur-993937",Muzaffarpur,Bihar,993937.0,"Billing,_Shipping"
TN-11010,CUST-10644,"04,_Sawhney_Street
Tiruvottiyur_396824",Tiruvottiyur,Tamil_Nadu,396824.0,Shipping
MH-11011,CUST-10786,"36/30,_Ghosh_Street,_Nanded-078351",Nanded,Maharashtra,78351.0,Billing
UP-11012,CUST-02670,"H.No._50,_Suri
Chapra_091853",Chapra,Bihar,91853.0,Billing
KL-11013,CUST-06952,"H.No._38,_Bhatti_Nagar,_Kollam_637466",Kollam,Kerala,637466.0,Billing
WB-11014,CUST-13664,"820
Swaminathan_Ganj
Baranagar-260357",Baranagar,West_Bengal,260357.0,Shipping
MH-11015,CUST-00306,"45/343
Balan_Chowk
Nanded-700376",Nanded,Maharashtra,700376.0,"Billing,_Shipping"
UP-11016,CUST-16336,"23,_Uppal_Marg,_Bhagalpur-375109",Bhagalpur,Bihar,375109.0,Shipping
TS-11017,CUST-10302,"98/97,_Bala_Chowk
Nizamabad_412917",Nizamabad,Telangana,412917.0,Shipping
MH-11018,CUST-13049,"H.No._404,_Chandra_Nagar
Loni_748881",Loni,Uttar_Pradesh,748881.0,Billing
MH-11019,CUST-16211,"59/19,_Sarkar_Zila,_Nanded-765645",Nanded,Maharashtra,765645.0,Shipping
RJ-11020,CUST-12275,"H.No._159
Kant_Path
Fatehpur_753191",Fatehpur,Uttar_Pradesh,753191.0,"Billing,_Shipping"
MP-11021,CUST-09876,"H.No._209,_Ravel_Chowk,_Khandwa-442596",Khandwa,Madhya_Pradesh,442596.0,"Billing,_Shipping"
MP-11022,CUST-10092,"80/345,_Rajan_Path,_Gorakhpur-906731",Gorakhpur,Uttar_Pradesh,906731.0,"Billing,_Shipping"
KA-11023,CUST-03618,"H.No._33
Srinivas
Mangalore_822813",Mangalore,Karnataka,822813.0,Shipping
UP-11024,CUST-03616,"H.No._40,_Seshadri_Path,_Muzaffarpur-780541",Muzaffarpur,Bihar,780541.0,Shipping
JH-11025,CUST-17716,"H.No._011
Sodhi_Marg
Mango-947062",Mango,Jharkhand,947062.0,"Billing,_Shipping"
KA-11026,CUST-13280,"111
Tripathi_Marg
Solapur_232305",Solapur,Maharashtra,232305.0,Billing
TS-11027,CUST-18789,"198,_Mane_Path,_Ramagundam_745577",Ramagundam,Telangana,745577.0,"Billing,_Shipping"
JH-11028,CUST-05892,"326,_Deol_Nagar
Asansol_720928",Asansol,West_Bengal,720928.0,Shipping
HP-11029,CUST-10976,"98,_Kumar_Street,_Udaipur-156486",Udaipur,Rajasthan,156486.0,Shipping
OR-11030,CUST-15463,"99,_Vig_Ganj,_Chandrapur-548552",Chandrapur,Maharashtra,548552.0,"Billing,_Shipping"
HR-11031,CUST-10398,"H.No._08,_Sankar_Chowk,_Aurangabad_304847",Aurangabad,Maharashtra,304847.0,"Billing,_Shipping"
WB-11032,CUST-09742,"H.No._492,_Dhaliwal,_Arrah-933187",Arrah,Bihar,933187.0,Billing
MP-11033,CUST-00807,"H.No._226,_Gole_Zila,_Agra-619242",Agra,Uttar_Pradesh,619242.0,"Billing,_Shipping"
AP-11034,CUST-12299,"16,_Luthra_Road,_Jammu-888461",Jammu,Jammu_and_Kashmir,888461.0,Shipping
MP-11035,CUST-18090,"928
Grewal_Chowk
Dehri_290107",Dehri,Bihar,290107.0,"Billing,_Shipping"
JH-11036,CUST-14392,"H.No._646
Goswami_Path
Phusro_172930",Phusro,Jharkhand,172930.0,"Billing,_Shipping"
UP-11037,CUST-10337,"H.No._469,_Sibal_Circle
Firozabad-668900",Firozabad,Uttar_Pradesh,668900.0,Billing
KA-11038,CUST-09341,"13/54,_Dewan_Ganj,_Solapur_753731",Solapur,Maharashtra,753731.0,"Billing,_Shipping"
HR-11039,CUST-17717,"59/971,_Swaminathan_Marg
Aurangabad_379143",Aurangabad,Maharashtra,379143.0,Billing
OR-11040,CUST-19554,"H.No._52,_Swamy
Anantapur_298635",Anantapur,Andhra_Pradesh,298635.0,Billing
WB-11041,CUST-07754,"20/822,_Bakshi_Nagar,_Panihati-157411",Panihati,West_Bengal,157411.0,Shipping
TS-11042,CUST-17623,"85/48,_Joshi_Path,_Ambala-479136",Ambala,Haryana,479136.0,Shipping
WB-11043,CUST-07999,"82,_Bhalla_Ganj,_Naihati-354655",Naihati,West_Bengal,354655.0,"Billing,_Shipping"
TS-11044,CUST-03489,"96,_Saraf_Street
Proddatur_315268",Proddatur,Andhra_Pradesh,315268.0,Shipping
OR-11045,CUST-14368,"83
Manda_Circle
Haldia-906104",Haldia,West_Bengal,906104.0,"Billing,_Shipping"
UP-11046,CUST-07979,"792,_Bajaj_Zila
Raiganj-393410",Raiganj,West_Bengal,393410.0,Billing
GJ-11047,CUST-19775,"H.No._60
Batra_Street
Ajmer-584646",Ajmer,Rajasthan,584646.0,"Billing,_Shipping"
CG-11048,CUST-15228,"65/90
Kari_Zila
Bhilai_653176",Bhilai,Chhattisgarh,653176.0,Shipping
MH-11049,CUST-00364,"99/432,_Dutta_Circle,_Satara_019056",Satara,Maharashtra,19056.0,"Billing,_Shipping"
AP-11050,CUST-13470,"60,_Sengupta,_Dharmavaram_145693",Dharmavaram,Andhra_Pradesh,145693.0,"Billing,_Shipping"
MP-11051,CUST-00021,"680
Tank
Kishanganj_307976",Kishanganj,Bihar,307976.0,Shipping
OR-11052,CUST-18635,"871,_Andra_Ganj
Danapur-242302",Danapur,Bihar,242302.0,Shipping
RJ-11053,CUST-16427,"H.No._78,_Sarkar_Marg,_Akola-468593",Akola,Maharashtra,468593.0,Shipping
MP-11054,CUST-12554,"H.No._45
D’Alia_Zila
Dehri_998030",Dehri,Bihar,998030.0,Billing
OR-11055,CUST-19803,"H.No._370,_Ahluwalia_Ganj,_Berhampur_511372",Berhampur,Odisha,511372.0,Billing
MH-11056,CUST-14666,"H.No._03
Batra_Marg
Yamunanagar_847358",Yamunanagar,Haryana,847358.0,Shipping
TS-11057,CUST-04332,"317,_Ramachandran_Chowk
Ambala-765723",Ambala,Haryana,765723.0,"Billing,_Shipping"
CG-11058,CUST-02496,"42/00,_Dubey_Ganj
Nagpur-836069",Nagpur,Maharashtra,836069.0,Billing
TS-11059,CUST-08985,"H.No._77
Bath_Marg
Srinagar-320183",Srinagar,Jammu_and_Kashmir,320183.0,Billing
WB-11060,CUST-12450,"67/96,_Mahajan_Marg
Kulti-611517",Kulti,West_Bengal,611517.0,Shipping
UK-11061,CUST-02782,"77
Mall_Street
Shivpuri_087191",Shivpuri,Madhya_Pradesh,87191.0,Billing
MP-11062,CUST-11249,"H.No._177,_Buch_Chowk,_Jhansi_328551",Jhansi,Uttar_Pradesh,328551.0,"Billing,_Shipping"
AS-11063,CUST-13409,"H.No._098
Kothari_Zila
Nagaon_344525",Nagaon,Assam,344525.0,"Billing,_Shipping"
WB-11064,CUST-12166,"37/50,_Ramaswamy_Marg,_Kamarhati-481723",Kamarhati,West_Bengal,481723.0,Billing
HR-11065,CUST-14429,"227,_Som_Street
Aurangabad_637668",Aurangabad,Maharashtra,637668.0,"Billing,_Shipping"
DL-11066,CUST-02372,"14/226,_Dhar_Ganj
Delhi-227041",Delhi,Delhi_(Union_Territory),227041.0,"Billing,_Shipping"
BR-11067,CUST-08886,"H.No._079,_Gara_Circle,_Munger-331404",Munger,Bihar,331404.0,Shipping
KA-11068,CUST-13746,"H.No._227,_Rajagopal_Nagar
Amaravati-676929",Amaravati,Andhra_Pradesh,676929.0,Billing
MH-11069,CUST-10640,"05/015,_Walia_Street,_Rampur_260304",Rampur,Uttar_Pradesh,260304.0,"Billing,_Shipping"
MH-11070,CUST-19707,"366,_Sinha_Road,_Malegaon-071660",Malegaon,Maharashtra,71660.0,Shipping
AS-11071,CUST-11668,"H.No._636
Dave_Nagar
Siliguri_995267",Siliguri,West_Bengal,995267.0,Shipping
KA-11072,CUST-05013,"H.No._233,_Garde_Path,_Solapur-320895",Solapur,Maharashtra,320895.0,Shipping
MH-11073,CUST-07883,"78,_Rajan_Road,_Rampur-423103",Rampur,Uttar_Pradesh,423103.0,"Billing,_Shipping"
MH-11074,CUST-15485,"72/26,_Walia_Path
Guntur_248470",Guntur,Andhra_Pradesh,248470.0,Billing
MP-11075,CUST-19994,"H.No._075
Baral_Zila
Mau_843908",Mau,Uttar_Pradesh,843908.0,"Billing,_Shipping"
WB-11076,CUST-07283,"71,_Chadha_Marg,_Arrah_461952",Arrah,Bihar,461952.0,"Billing,_Shipping"
BR-11077,CUST-19166,"75/063,_Seshadri_Marg,_Munger_975881",Munger,Bihar,975881.0,"Billing,_Shipping"
GJ-11078,CUST-01741,"81/14
Chad_Nagar
Ajmer_518845",Ajmer,Rajasthan,518845.0,"Billing,_Shipping"
KL-11079,CUST-04552,"H.No._147,_Bala_Marg
Kollam_168321",Kollam,Kerala,168321.0,"Billing,_Shipping"
BR-11080,CUST-01034,"51/319,_Bandi_Street
Buxar_421043",Buxar,Bihar,421043.0,Shipping
AP-11081,CUST-05951,"92/08,_Butala_Chowk,_Bhimavaram_068669",Bhimavaram,Andhra_Pradesh,68669.0,"Billing,_Shipping"
TS-11082,CUST-16079,"092,_Kar_Street
Proddatur_063275",Proddatur,Andhra_Pradesh,63275.0,"Billing,_Shipping"
MP-11083,CUST-15509,"87/797,_Ravel_Marg,_Jodhpur-370458",Jodhpur,Rajasthan,370458.0,Shipping
MH-11084,CUST-16006,"69,_Thakur,_Rampur-043223",Rampur,Uttar_Pradesh,43223.0,Shipping
OR-11085,CUST-10372,"H.No._86
Gola_Nagar
Anantapur-008464",Anantapur,Andhra_Pradesh,8464.0,Billing
JH-11086,CUST-04032,"H.No._11,_Dora_Path,_Asansol_262285",Asansol,West_Bengal,262285.0,Billing
UK-11087,CUST-11971,"H.No._215,_Saha_Ganj,_Jalna_637758",Jalna,Maharashtra,637758.0,"Billing,_Shipping"
WB-11088,CUST-08552,"H.No._95,_Choudhary_Street
Bally-197825",Bally,West_Bengal,197825.0,"Billing,_Shipping"
MP-11089,CUST-19016,"57/210
Dhaliwal_Chowk
Jodhpur-654657",Jodhpur,Rajasthan,654657.0,"Billing,_Shipping"
TS-11090,CUST-18756,"H.No._783
Vala_Nagar
Nizamabad-787778",Nizamabad,Telangana,787778.0,Billing
OR-11091,CUST-12997,"48/45,_Kurian_Path
Bharatpur_570492",Bharatpur,Rajasthan,570492.0,Shipping
UP-11092,CUST-19564,"95,_Cherian_Ganj
Farrukhabad-351540",Farrukhabad,Uttar_Pradesh,351540.0,Shipping
KA-11093,CUST-07648,"64/863,_Sheth_Road,_Tumkur_274441",Tumkur,Karnataka,274441.0,Billing
AP-11094,CUST-04875,"H.No._54,_Bedi_Circle,_Gudivada-988489",Gudivada,Andhra_Pradesh,988489.0,"Billing,_Shipping"
CG-11095,CUST-13189,"33/707,_Setty
Bhilai_652669",Bhilai,Chhattisgarh,652669.0,Shipping
MP-11096,CUST-09645,"50,_Gole_Nagar,_Unnao_463757",Unnao,Uttar_Pradesh,463757.0,Billing
OR-11097,CUST-09811,"66/420
Ghosh_Path
Bharatpur-536261",Bharatpur,Rajasthan,536261.0,Shipping
RJ-11098,CUST-00485,"83/685
Ramakrishnan_Circle
Rajkot-551197",Rajkot,Gujarat,551197.0,Shipping
WB-11099,CUST-05267,"20/208,_Krishnamurthy,_Naihati-988976",Naihati,West_Bengal,988976.0,Shipping
UP-11100,CUST-18880,"24,_Soman,_Muzaffarpur_093911",Muzaffarpur,Bihar,93911.0,"Billing,_Shipping"
MH-11101,CUST-14582,"967,_Ramaswamy_Ganj,_Bhiwandi-423587",Bhiwandi,Maharashtra,423587.0,Billing
OR-11102,CUST-14017,"H.No._868,_Venkatesh_Marg,_Chandrapur_379428",Chandrapur,Maharashtra,379428.0,"Billing,_Shipping"
UP-11103,CUST-16415,"20
Sodhi_Nagar
Muzaffarpur-029651",Muzaffarpur,Bihar,29651.0,"Billing,_Shipping"
WB-11104,CUST-11038,"H.No._95
D’Alia_Marg
Aligarh-698589",Aligarh,Uttar_Pradesh,698589.0,Billing
WB-11105,CUST-00456,"71
Wason_Road
Bidhannagar_077897",Bidhannagar,West_Bengal,77897.0,Shipping
WB-11106,CUST-12749,"37,_Kata_Street,_Uluberia-220554",Uluberia,West_Bengal,220554.0,"Billing,_Shipping"
MP-11107,CUST-13076,"69/774,_Raman_Marg
Jodhpur-556844",Jodhpur,Rajasthan,556844.0,Shipping
WB-11108,CUST-14474,"30,_Balasubramanian_Circle
Baranagar_149397",Baranagar,West_Bengal,149397.0,"Billing,_Shipping"
BR-11109,CUST-06542,"46,_Vasa_Path
Purnia_479345",Purnia,Bihar,479345.0,"Billing,_Shipping"
MP-11110,CUST-17793,"46/655,_Bedi_Circle,_Gorakhpur_529119",Gorakhpur,Uttar_Pradesh,529119.0,"Billing,_Shipping"
CG-11111,CUST-12002,"H.No._747
Baria
Malda_716378",Malda,West_Bengal,716378.0,Billing
TN-11112,CUST-13010,"78,_Sanghvi_Ganj
Tiruppur-519984",Tiruppur,Tamil_Nadu,519984.0,Shipping
UK-11113,CUST-08574,"H.No._857,_Saha
Jalna_619830",Jalna,Maharashtra,619830.0,Shipping
BR-11114,CUST-11671,"61,_Bail_Zila,_Buxar_907671",Buxar,Bihar,907671.0,Billing
RJ-11115,CUST-09476,"288
Iyer_Street
Rajkot-808353",Rajkot,Gujarat,808353.0,"Billing,_Shipping"
MH-11116,CUST-16619,"H.No._55,_Sule_Marg,_Rampur-586935",Rampur,Uttar_Pradesh,586935.0,"Billing,_Shipping"
UK-11117,CUST-00152,"912,_Korpal_Nagar
Shivpuri_242183",Shivpuri,Madhya_Pradesh,242183.0,Billing
GJ-11118,CUST-17562,"572
Hegde_Street
Vadodara-964839",Vadodara,Gujarat,964839.0,Shipping
TS-11119,CUST-03069,"58/87,_Lad_Circle,_Srinagar-325702",Srinagar,Jammu_and_Kashmir,325702.0,"Billing,_Shipping"
UP-11120,CUST-08810,"48/93
Chowdhury_Road
Bhagalpur_801957",Bhagalpur,Bihar,801957.0,Billing
WB-11121,CUST-17109,"H.No._01,_Chowdhury_Zila,_Naihati-668934",Naihati,West_Bengal,668934.0,"Billing,_Shipping"
MH-11122,CUST-11907,"50/138
Singhal_Road
Guntur_114620",Guntur,Andhra_Pradesh,114620.0,"Billing,_Shipping"
WB-11123,CUST-11278,"056,_Bail_Chowk,_Kamarhati_135927",Kamarhati,West_Bengal,135927.0,Shipping
TN-11124,CUST-02647,"H.No._41,_Arora,_Vellore_003027",Vellore,Tamil_Nadu,3027.0,Billing
UP-11125,CUST-04425,"54,_Goyal_Road,_Firozabad_060605",Firozabad,Uttar_Pradesh,60605.0,"Billing,_Shipping"
UP-11126,CUST-13136,"H.No._22,_Bora
Shahjahanpur_963679",Shahjahanpur,Uttar_Pradesh,963679.0,"Billing,_Shipping"
MP-11127,CUST-01926,"45/364,_Choudhry_Ganj,_Mau_170675",Mau,Uttar_Pradesh,170675.0,"Billing,_Shipping"
TR-11128,CUST-09360,"82/019,_Raja_Marg
Durgapur-089784",Durgapur,West_Bengal,89784.0,Billing
TS-11129,CUST-13522,"384,_Sabharwal_Chowk,_Sirsa-641273",Sirsa,Haryana,641273.0,Shipping
MP-11130,CUST-14889,"23/97,_Chaudhary_Marg,_Indore_425129",Indore,Madhya_Pradesh,425129.0,"Billing,_Shipping"
UP-11131,CUST-15520,"89/92,_Gala,_Muzaffarpur-513720",Muzaffarpur,Bihar,513720.0,Shipping
TN-11132,CUST-12343,"13/916
Babu_Street
Tiruppur-753134",Tiruppur,Tamil_Nadu,753134.0,Billing
MP-11133,CUST-16681,"62/872,_Gokhale_Circle,_Unnao-141110",Unnao,Uttar_Pradesh,141110.0,"Billing,_Shipping"
BR-11134,CUST-01345,"86/16,_Bhargava_Marg,_Munger-991419",Munger,Bihar,991419.0,"Billing,_Shipping"
TN-11135,CUST-00881,"26/39
Chopra_Street
Salem-996044",Salem,Tamil_Nadu,996044.0,Shipping
MP-11136,CUST-13068,"376,_Dhawan_Zila,_Agra_212241",Agra,Uttar_Pradesh,212241.0,Billing
WB-11137,CUST-08940,"H.No._303
Kala_Ganj
Bhatpara_487892",Bhatpara,West_Bengal,487892.0,Billing
MH-11138,CUST-08689,"H.No._316
Toor_Nagar
Guntur_224256",Guntur,Andhra_Pradesh,224256.0,"Billing,_Shipping"
OR-11139,CUST-04229,"H.No._92,_Sane_Road,_Bilaspur_091924",Bilaspur,Chhattisgarh,91924.0,"Billing,_Shipping"
GJ-11140,CUST-10277,"937,_Yogi_Road
Kavali_108627",Kavali,Andhra_Pradesh,108627.0,"Billing,_Shipping"
UP-11141,CUST-11616,"04/155,_Bose
Farrukhabad-970696",Farrukhabad,Uttar_Pradesh,970696.0,"Billing,_Shipping"
WB-11142,CUST-10538,"82,_Bava_Path
Bhatpara_746421",Bhatpara,West_Bengal,746421.0,Shipping
GJ-11143,CUST-11383,"H.No._53,_Chakrabarti_Zila,_Gandhidham-741884",Gandhidham,Gujarat,741884.0,"Billing,_Shipping"
CG-11144,CUST-04173,"H.No._674,_Lad_Chowk
Bhilai_356798",Bhilai,Chhattisgarh,356798.0,Billing
GJ-11145,CUST-16482,"H.No._855,_Aurora_Nagar
Vadodara-275030",Vadodara,Gujarat,275030.0,Shipping
TS-11146,CUST-13431,"H.No._77,_Chandra,_Proddatur-420049",Proddatur,Andhra_Pradesh,420049.0,Billing
OR-11147,CUST-18407,"83/404
Choudhary_Road
Anantapur-092158",Anantapur,Andhra_Pradesh,92158.0,Shipping
UK-11148,CUST-17912,"81,_Dara,_Jalna_155573",Jalna,Maharashtra,155573.0,"Billing,_Shipping"
TS-11149,CUST-09123,"08/91,_Rau,_Hindupur_464086",Hindupur,Andhra_Pradesh,464086.0,Shipping
RJ-11150,CUST-15078,"H.No._33,_Mander_Chowk
Akola-663395",Akola,Maharashtra,663395.0,"Billing,_Shipping"
UP-11151,CUST-11748,"71,_Chadha_Path,_Gurgaon-905130",Gurgaon,Haryana,905130.0,"Billing,_Shipping"
AP-11152,CUST-10429,"H.No._209,_Cherian_Circle
Anantapuram_431620",Anantapuram,Andhra_Pradesh,431620.0,Shipping
TN-11153,CUST-14202,"H.No._745,_Koshy
Salem-197510",Salem,Tamil_Nadu,197510.0,Billing
TR-11154,CUST-13594,"H.No._047,_Suri_Zila
Durgapur_805720",Durgapur,West_Bengal,805720.0,Shipping
GJ-11155,CUST-19994,"394,_Sarraf_Ganj,_Allahabad_532421",Allahabad,Uttar_Pradesh,532421.0,Billing
WB-11156,CUST-13194,"H.No._43,_Sachar_Zila,_Arrah-074553",Arrah,Bihar,74553.0,Billing
AP-11157,CUST-03319,"H.No._033,_Shanker_Road
Dharmavaram-975687",Dharmavaram,Andhra_Pradesh,975687.0,Shipping
MP-11158,CUST-04421,"34/83
Varkey_Zila
Gorakhpur_015861",Gorakhpur,Uttar_Pradesh,15861.0,Billing
KA-11159,CUST-07394,"14,_Upadhyay_Zila
Hosur-532407",Hosur,Tamil_Nadu,532407.0,Shipping
MP-11160,CUST-13321,"H.No._90,_Bhat_Nagar
Unnao_457078",Unnao,Uttar_Pradesh,457078.0,Billing
MH-11161,CUST-11408,"H.No._959
Saran_Path
Malegaon_522420",Malegaon,Maharashtra,522420.0,Shipping
MH-11162,CUST-12607,"H.No._35,_Samra_Ganj
Malegaon_800994",Malegaon,Maharashtra,800994.0,Billing
CG-11163,CUST-00875,"474,_Sundaram_Chowk
Nagpur_141723",Nagpur,Maharashtra,141723.0,Billing
KA-11164,CUST-10575,"H.No._909,_Guha_Street,_Tumkur-727644",Tumkur,Karnataka,727644.0,Shipping
KA-11165,CUST-16061,"16/41,_Shroff_Chowk,_Hosur-677811",Hosur,Tamil_Nadu,677811.0,Shipping
MP-11166,CUST-17281,"80,_De_Road,_Kota-099278",Kota,Rajasthan,99278.0,Shipping
KA-11167,CUST-14318,"09,_Banik_Chowk,_Mangalore_490086",Mangalore,Karnataka,490086.0,"Billing,_Shipping"
BR-11168,CUST-18450,"H.No._637,_Seshadri_Nagar
Buxar-136784",Buxar,Bihar,136784.0,Shipping
WB-11169,CUST-11055,"308
Doshi_Zila
Bhatpara_794640",Bhatpara,West_Bengal,794640.0,"Billing,_Shipping"
BR-11170,CUST-14786,"H.No._971,_Sehgal_Zila,_Ballia_206937",Ballia,Uttar_Pradesh,206937.0,Shipping
MP-11171,CUST-12020,"54/05,_Gour_Circle,_Jodhpur-311891",Jodhpur,Rajasthan,311891.0,Billing
UP-11172,CUST-13876,"H.No._27,_Magar
Firozabad-670183",Firozabad,Uttar_Pradesh,670183.0,Shipping
OR-11173,CUST-16051,"92/08
Taneja_Zila
Berhampur-637612",Berhampur,Odisha,637612.0,Shipping
BR-11174,CUST-19963,"63,_Chopra_Nagar,_Munger_830461",Munger,Bihar,830461.0,Shipping
UK-11175,CUST-08937,"826,_Gara_Zila,_Haridwar_163493",Haridwar,Uttarakhand,163493.0,"Billing,_Shipping"
UK-11176,CUST-18075,"05
Sarin_Road
Jalna_427401",Jalna,Maharashtra,427401.0,"Billing,_Shipping"
TN-11177,CUST-06705,"392
Srinivasan_Road
Gandhinagar-811425",Gandhinagar,Gujarat,811425.0,Shipping
TS-11178,CUST-12336,"H.No._49
Sarma_Street
Nizamabad-703436",Nizamabad,Telangana,703436.0,Billing
AP-11179,CUST-00747,"55
Thaker_Circle
Dharmavaram_677124",Dharmavaram,Andhra_Pradesh,677124.0,Shipping
HR-11180,CUST-18091,"85,_Khalsa_Road
Bikaner_660576",Bikaner,Rajasthan,660576.0,Shipping
WB-11181,CUST-14130,"63/38
Randhawa_Marg
Kamarhati-840788",Kamarhati,West_Bengal,840788.0,Billing
WB-11182,CUST-14686,"H.No._87,_Chander_Zila
Kamarhati_700208",Kamarhati,West_Bengal,700208.0,"Billing,_Shipping"
WB-11183,CUST-15917,"39/394
Sengupta_Path
Panihati-816671",Panihati,West_Bengal,816671.0,Billing
TN-11184,CUST-14191,"534
Gopal_Path
Chittoor-090002",Chittoor,Andhra_Pradesh,90002.0,Shipping
TN-11185,CUST-03819,"H.No._602
Iyer_Chowk
Tiruppur_334476",Tiruppur,Tamil_Nadu,334476.0,Billing
TR-11186,CUST-01157,"H.No._16
Chawla_Ganj
Chandigarh-896984",Chandigarh,Chandigarh_(Union_Territory),896984.0,Shipping
UP-11187,CUST-11858,"03/49
Balakrishnan_Street
Firozabad_123061",Firozabad,Uttar_Pradesh,123061.0,Shipping
UP-11188,CUST-08605,"85
Jaggi
Raipur-676970",Raipur,Chhattisgarh,676970.0,"Billing,_Shipping"
RJ-11189,CUST-01508,"063,_Chokshi_Road
Dewas-351195",Dewas,Madhya_Pradesh,351195.0,Shipping
GJ-11190,CUST-11335,"551,_Yadav_Street
Vadodara_437841",Vadodara,Gujarat,437841.0,"Billing,_Shipping"
MH-11191,CUST-03210,"17/00
Iyengar_Chowk
Jalgaon-697989",Jalgaon,Maharashtra,697989.0,Billing
RJ-11192,CUST-19516,"20/875,_Sastry
Fatehpur_327204",Fatehpur,Uttar_Pradesh,327204.0,"Billing,_Shipping"
HR-11193,CUST-04046,"61/003,_Chad_Circle,_Aurangabad_789622",Aurangabad,Maharashtra,789622.0,Shipping
MH-11194,CUST-18413,"22/565
Dara_Street
Guntur_111574",Guntur,Andhra_Pradesh,111574.0,Billing
KA-11195,CUST-05337,"00,_Bhardwaj_Ganj,_Hosur-897680",Hosur,Tamil_Nadu,897680.0,"Billing,_Shipping"
MP-11196,CUST-10585,"57,_Chokshi_Path
Kota-383510",Kota,Rajasthan,383510.0,"Billing,_Shipping"
KL-11197,CUST-12123,"H.No._37
Khalsa_Road
Kollam-444939",Kollam,Kerala,444939.0,Shipping
KA-11198,CUST-03383,"869,_Bahl_Street
Solapur_403528",Solapur,Maharashtra,403528.0,Shipping
CG-11199,CUST-02282,"H.No._844,_Mannan_Marg
Bhilai_828553",Bhilai,Chhattisgarh,828553.0,Shipping
BR-11200,CUST-10215,"H.No._57,_Dhar_Zila
Buxar_269142",Buxar,Bihar,269142.0,"Billing,_Shipping"
MP-11201,CUST-19339,"61/034,_Sehgal_Marg
Dehri-934323",Dehri,Bihar,934323.0,"Billing,_Shipping"
AS-11202,CUST-13692,"061,_Bera_Chowk
Bongaigaon_350646",Bongaigaon,Assam,350646.0,"Billing,_Shipping"
TS-11203,CUST-11694,"40,_Chander,_Sirsa-593671",Sirsa,Haryana,593671.0,"Billing,_Shipping"
OR-11204,CUST-14335,"151,_Golla_Road
Anantapur-827807",Anantapur,Andhra_Pradesh,827807.0,"Billing,_Shipping"
RJ-11205,CUST-19984,"86/38,_Chandran_Circle
Akola-284857",Akola,Maharashtra,284857.0,Shipping
KA-11206,CUST-14731,"85,_Khalsa_Street
Hosur-090719",Hosur,Tamil_Nadu,90719.0,Shipping
UP-11207,CUST-13683,"28/367
Wali_Street
Firozabad-806475",Firozabad,Uttar_Pradesh,806475.0,Billing
UP-11208,CUST-06591,"12/082
Sabharwal_Marg
Farrukhabad_583248",Farrukhabad,Uttar_Pradesh,583248.0,Shipping
TR-11209,CUST-19498,"H.No._21,_Jani_Chowk
Durgapur_443561",Durgapur,West_Bengal,443561.0,"Billing,_Shipping"
AP-11210,CUST-12404,"72/286
Ghosh_Street
Gudivada-856794",Gudivada,Andhra_Pradesh,856794.0,Shipping
UP-11211,CUST-13032,"H.No._110
Raman_Chowk
Firozabad_941300",Firozabad,Uttar_Pradesh,941300.0,Billing
MP-11212,CUST-05312,"26/98,_Ramaswamy_Nagar
Kishanganj-863434",Kishanganj,Bihar,863434.0,"Billing,_Shipping"
UP-11213,CUST-04795,"15/216
Baria_Street
Raipur_071939",Raipur,Chhattisgarh,71939.0,Billing
MH-11214,CUST-18583,"24/73,_Dar_Circle
Nanded-644530",Nanded,Maharashtra,644530.0,Shipping
TS-11215,CUST-17222,"71,_Batra_Circle,_Nizamabad_832207",Nizamabad,Telangana,832207.0,"Billing,_Shipping"
MP-11216,CUST-10887,"75,_Edwin_Ganj
Ramgarh_785367",Ramgarh,Jharkhand,785367.0,Billing
MP-11217,CUST-15015,"120,_Bhavsar
Unnao-036047",Unnao,Uttar_Pradesh,36047.0,"Billing,_Shipping"
UP-11218,CUST-11107,"63
Gopal_Road
Farrukhabad-513581",Farrukhabad,Uttar_Pradesh,513581.0,Billing
GJ-11219,CUST-02331,"817,_Dhingra_Ganj
Vadodara-486059",Vadodara,Gujarat,486059.0,"Billing,_Shipping"
MP-11220,CUST-17918,"321
Thaker_Circle
Jalandhar-321919",Jalandhar,Punjab,321919.0,"Billing,_Shipping"
WB-11221,CUST-10596,"H.No._272,_Mahal_Marg
Uluberia_278135",Uluberia,West_Bengal,278135.0,Shipping
JH-11222,CUST-14833,"270,_Varty_Marg
Kharagpur_808696",Kharagpur,West_Bengal,808696.0,Shipping
TR-11223,CUST-10237,"H.No._746
Srinivas_Marg
Chandigarh-842731",Chandigarh,Chandigarh_(Union_Territory),842731.0,"Billing,_Shipping"
TN-11224,CUST-17666,"H.No._029,_Deo_Path,_Chittoor_218502",Chittoor,Andhra_Pradesh,218502.0,Shipping
UP-11225,CUST-05606,"02/16,_Konda_Circle
Bhagalpur-605401",Bhagalpur,Bihar,605401.0,Shipping
KA-11226,CUST-12664,"H.No._45
Raj_Marg
Mangalore_209272",Mangalore,Karnataka,209272.0,Billing
MP-11227,CUST-06430,"89/291,_Dada_Circle,_Dehri-899386",Dehri,Bihar,899386.0,"Billing,_Shipping"
MH-11228,CUST-06017,"H.No._94,_Luthra_Circle
Loni_091580",Loni,Uttar_Pradesh,91580.0,"Billing,_Shipping"
KA-11229,CUST-13335,"32,_Kala_Nagar,_Mangalore_921674",Mangalore,Karnataka,921674.0,"Billing,_Shipping"
GJ-11230,CUST-03838,"H.No._948,_Maharaj
Kavali_015576",Kavali,Andhra_Pradesh,15576.0,Shipping
GJ-11231,CUST-15663,"H.No._73,_Din_Street,_Jabalpur-454469",Jabalpur,Madhya_Pradesh,454469.0,Billing
UP-11232,CUST-04967,"H.No._028,_Aggarwal_Nagar
Jamalpur_622457",Jamalpur,Bihar,622457.0,Shipping
OR-11233,CUST-17614,"45/840,_Krishna_Nagar
Danapur_224438",Danapur,Bihar,224438.0,Shipping
UP-11234,CUST-04059,"247,_Deep_Ganj,_Chapra_736021",Chapra,Bihar,736021.0,Billing
KA-11235,CUST-16902,"H.No._270,_Deshpande_Street
Hosur-152556",Hosur,Tamil_Nadu,152556.0,Shipping
BR-11236,CUST-06346,"05,_Divan_Marg
Buxar-421284",Buxar,Bihar,421284.0,Billing
CG-11237,CUST-01779,"36,_Rao_Zila,_Malda-355745",Malda,West_Bengal,355745.0,Shipping
MP-11238,CUST-17757,"99,_Barad_Road,_Ramgarh-758729",Ramgarh,Jharkhand,758729.0,Billing
MH-11239,CUST-14866,"73
Kade_Nagar
Guntur-910161",Guntur,Andhra_Pradesh,910161.0,Billing
OR-11240,CUST-10402,"91/372,_Malhotra_Street,_Danapur_552068",Danapur,Bihar,552068.0,Shipping
TS-11241,CUST-19013,"44,_Doctor_Street,_Ramagundam-493039",Ramagundam,Telangana,493039.0,Shipping
AS-11242,CUST-19297,"656
Sachdev_Zila
Bongaigaon-130097",Bongaigaon,Assam,130097.0,"Billing,_Shipping"
UP-11243,CUST-14993,"H.No._83
Mane_Road
Mirzapur-520470",Mirzapur,Uttar_Pradesh,520470.0,Shipping
RJ-11244,CUST-12144,"H.No._73,_Hans_Ganj,_Dewas_867722",Dewas,Madhya_Pradesh,867722.0,Billing
RJ-11245,CUST-14387,"469,_Johal_Chowk
Dewas-564214",Dewas,Madhya_Pradesh,564214.0,Billing
UP-11246,CUST-13822,"H.No._37
Boase_Circle
Firozabad-468782",Firozabad,Uttar_Pradesh,468782.0,Billing
CG-11247,CUST-13613,"H.No._912,_Chaudhry_Chowk
Malda-233742",Malda,West_Bengal,233742.0,Billing
WB-11248,CUST-00775,"56,_Mangal_Ganj
Panihati_835162",Panihati,West_Bengal,835162.0,Shipping
HP-11249,CUST-15274,"78/711
Apte_Chowk
Udaipur-661203",Udaipur,Rajasthan,661203.0,Shipping
WB-11250,CUST-02755,"H.No._920
Bhagat_Zila
Uluberia-666197",Uluberia,West_Bengal,666197.0,Billing
WB-11251,CUST-09231,"899
Gokhale_Road
Panihati_801605",Panihati,West_Bengal,801605.0,Shipping
TS-11252,CUST-01496,"H.No._285,_Sankar_Road,_Hindupur-347244",Hindupur,Andhra_Pradesh,347244.0,Shipping
HR-11253,CUST-11187,"707
Barman_Chowk
Aurangabad_396542",Aurangabad,Maharashtra,396542.0,Billing
WB-11254,CUST-00046,"H.No._73,_Agate_Nagar
Aligarh_012873",Aligarh,Uttar_Pradesh,12873.0,"Billing,_Shipping"
TS-11255,CUST-18379,"84,_Gara_Ganj,_Sirsa-721094",Sirsa,Haryana,721094.0,Billing
AP-11256,CUST-06147,"H.No._10,_Subramaniam_Zila,_Jammu_026172",Jammu,Jammu_and_Kashmir,26172.0,"Billing,_Shipping"
AS-11257,CUST-11040,"H.No._66,_Ghose_Circle
Siliguri-570203",Siliguri,West_Bengal,570203.0,"Billing,_Shipping"
TN-11258,CUST-16400,"89/188,_Wagle_Marg,_Salem-658983",Salem,Tamil_Nadu,658983.0,Billing
AP-11259,CUST-05760,"701,_Tella_Street,_Bhimavaram_777129",Bhimavaram,Andhra_Pradesh,777129.0,"Billing,_Shipping"
WB-11260,CUST-07624,"31/46,_Chaudhary_Chowk
Bhatpara_910273",Bhatpara,West_Bengal,910273.0,Billing
BR-11261,CUST-17769,"H.No._11
Garg_Path
Buxar_793011",Buxar,Bihar,793011.0,Shipping
MH-11262,CUST-19670,"63,_Sachdeva_Circle
Guntur-302850",Guntur,Andhra_Pradesh,302850.0,Billing
KA-11263,CUST-11018,"90/72,_Bandi_Nagar
Hosur-878841",Hosur,Tamil_Nadu,878841.0,Billing
UK-11264,CUST-06004,"H.No._188,_Sathe_Road
Haridwar-697785",Haridwar,Uttarakhand,697785.0,Shipping
KA-11265,CUST-19536,"083,_Badal_Marg
Hospet_244299",Hospet,Karnataka,244299.0,Shipping
HR-11266,CUST-18735,"760,_Varkey_Ganj
Bikaner_696154",Bikaner,Rajasthan,696154.0,Billing
TR-11267,CUST-05921,"178,_Goyal
Chandigarh-352577",Chandigarh,Chandigarh_(Union_Territory),352577.0,"Billing,_Shipping"
MP-11268,CUST-07747,"H.No._62,_Keer_Ganj
Jhansi-964722",Jhansi,Uttar_Pradesh,964722.0,Billing
WB-11269,CUST-11119,"64
Chopra
Arrah_240711",Arrah,Bihar,240711.0,Shipping
WB-11270,CUST-19086,"56/810,_Bhasin_Marg
Bidhannagar_447802",Bidhannagar,West_Bengal,447802.0,"Billing,_Shipping"
UP-11271,CUST-10816,"18/885,_Kari_Circle,_Gurgaon-741442",Gurgaon,Haryana,741442.0,Billing
BR-11272,CUST-12839,"61
Singhal_Ganj
Buxar_839615",Buxar,Bihar,839615.0,Shipping
OR-11273,CUST-07073,"850,_Lanka_Circle,_Bilaspur-167529",Bilaspur,Chhattisgarh,167529.0,Billing
AP-11274,CUST-17828,"H.No._06,_Bhattacharyya_Zila,_Dharmavaram-023183",Dharmavaram,Andhra_Pradesh,23183.0,Shipping
GJ-11275,CUST-07998,"80
D’Alia_Zila
Hajipur_114966",Hajipur,Bihar,114966.0,Billing
AS-11276,CUST-00081,"31/008
Bandi
Nagaon-600141",Nagaon,Assam,600141.0,Shipping
UK-11277,CUST-11598,"008,_Ganguly_Nagar
Jalna_101757",Jalna,Maharashtra,101757.0,Billing
TN-11278,CUST-17334,"39
Atwal
Gandhinagar-702867",Gandhinagar,Gujarat,702867.0,Shipping
WB-11279,CUST-13970,"66/542
Mandal_Road
Arrah-302600",Arrah,Bihar,302600.0,Shipping
WB-11280,CUST-01874,"82/18
Chandra_Path
Arrah_614966",Arrah,Bihar,614966.0,Shipping
WB-11281,CUST-12618,"H.No._935
Talwar_Road
Kamarhati-419107",Kamarhati,West_Bengal,419107.0,"Billing,_Shipping"
UK-11282,CUST-18611,"046,_Arora_Road
Jalna-314553",Jalna,Maharashtra,314553.0,Billing
JH-11283,CUST-14643,"H.No._35,_Varma_Zila,_Kharagpur-350695",Kharagpur,West_Bengal,350695.0,Billing
WB-11284,CUST-16528,"H.No._37
Bhattacharyya_Street
Bhatpara-051811",Bhatpara,West_Bengal,51811.0,Shipping
GJ-11285,CUST-18068,"40/64,_Sharma_Chowk
Gandhidham-787583",Gandhidham,Gujarat,787583.0,"Billing,_Shipping"
TR-11286,CUST-13627,"H.No._053
Saha_Ganj
Chandigarh-023465",Chandigarh,Chandigarh_(Union_Territory),23465.0,Shipping
WB-11287,CUST-13911,"46/70
Upadhyay_Chowk
Madhyamgram-909428",Madhyamgram,West_Bengal,909428.0,Billing
WB-11288,CUST-13468,"26,_Randhawa_Nagar
Arrah-257234",Arrah,Bihar,257234.0,"Billing,_Shipping"
CG-11289,CUST-16742,"10,_Krishnan_Chowk
Sambalpur-725587",Sambalpur,Odisha,725587.0,"Billing,_Shipping"
UP-11290,CUST-14655,"46/444,_Samra_Zila,_Ahmedabad-496438",Ahmedabad,Gujarat,496438.0,Shipping
MP-11291,CUST-03091,"65/78,_Borah_Marg,_Jalandhar_178344",Jalandhar,Punjab,178344.0,"Billing,_Shipping"
HR-11292,CUST-18398,"90,_Dugar_Path,_Aurangabad_887776",Aurangabad,Maharashtra,887776.0,Billing
AP-11293,CUST-09548,"08/01,_Singhal,_Anantapuram_626934",Anantapuram,Andhra_Pradesh,626934.0,Billing
UP-11294,CUST-16517,"296,_Kala_Road,_Shahjahanpur-573101",Shahjahanpur,Uttar_Pradesh,573101.0,Billing
GJ-11295,CUST-18786,"26/865,_Keer_Ganj,_Allahabad_242342",Allahabad,Uttar_Pradesh,242342.0,Shipping
UK-11296,CUST-16939,"H.No._336,_Kanda_Nagar
Shivpuri_123281",Shivpuri,Madhya_Pradesh,123281.0,"Billing,_Shipping"
MP-11297,CUST-13864,"H.No._532,_Sharma_Circle,_Jhansi_102029",Jhansi,Uttar_Pradesh,102029.0,Shipping
MP-11298,CUST-11617,"33/996,_Joshi_Zila,_Jalandhar_591906",Jalandhar,Punjab,591906.0,Shipping
KA-11299,CUST-18688,"775,_Ganesan_Path
Hosur-526318",Hosur,Tamil_Nadu,526318.0,Billing
AS-11300,CUST-18813,"39/81,_Saraf_Street,_Siliguri-220447",Siliguri,West_Bengal,220447.0,Billing
MH-11301,CUST-02013,"H.No._602,_Khanna_Zila,_Yamunanagar_709042",Yamunanagar,Haryana,709042.0,"Billing,_Shipping"
MP-11302,CUST-19808,"51/791
Yohannan_Circle
Jalandhar_256933",Jalandhar,Punjab,256933.0,Billing
UP-11303,CUST-18174,"47/60,_Madan_Path
Muzaffarpur_863890",Muzaffarpur,Bihar,863890.0,Shipping
MP-11304,CUST-17824,"00/462,_Chana_Nagar
Unnao-229006",Unnao,Uttar_Pradesh,229006.0,Billing
MP-11305,CUST-12985,"95/07,_Varughese_Chowk
Gorakhpur-228149",Gorakhpur,Uttar_Pradesh,228149.0,"Billing,_Shipping"
TN-11306,CUST-01012,"58/913,_Chanda_Ganj
Tiruppur_929522",Tiruppur,Tamil_Nadu,929522.0,Shipping
BR-11307,CUST-15206,"70,_Majumdar_Marg,_Munger_185556",Munger,Bihar,185556.0,Shipping
UP-11308,CUST-05565,"H.No._714,_Yohannan_Zila
Mirzapur-503469",Mirzapur,Uttar_Pradesh,503469.0,Shipping
UP-11309,CUST-15803,"27,_Kapoor_Circle,_Bhagalpur-001588",Bhagalpur,Bihar,1588.0,Shipping
HR-11310,CUST-05830,"667,_Char_Nagar
Siwan-259102",Siwan,Bihar,259102.0,Billing
WB-11311,CUST-12895,"307,_Sarraf_Zila,_Kamarhati_527970",Kamarhati,West_Bengal,527970.0,"Billing,_Shipping"
MP-11312,CUST-07358,"39/40,_Sunder,_Indore_392129",Indore,Madhya_Pradesh,392129.0,Billing
OR-11313,CUST-16243,"H.No._643,_Gola_Nagar
Patna_702625",Patna,Bihar,702625.0,Shipping
TN-11314,CUST-07155,"H.No._139,_Kapoor_Road
Avadi-304120",Avadi,Tamil_Nadu,304120.0,Billing
MP-11315,CUST-03973,"H.No._454,_Sibal_Street,_Gopalpur_313965",Gopalpur,Odisha,313965.0,Billing
KA-11316,CUST-08117,"52/29,_Dhar_Road
Hospet-512339",Hospet,Karnataka,512339.0,Billing
MH-11317,CUST-16268,"31/067,_Khosla
Guntur_242990",Guntur,Andhra_Pradesh,242990.0,"Billing,_Shipping"
OR-11318,CUST-18224,"71/860
Thakkar_Chowk
Chandrapur-374966",Chandrapur,Maharashtra,374966.0,Billing
MH-11319,CUST-10918,"86/759
Sheth_Circle
Jalgaon-056702",Jalgaon,Maharashtra,56702.0,"Billing,_Shipping"
MH-11320,CUST-13144,"79,_Verma_Street,_Bhiwandi_611842",Bhiwandi,Maharashtra,611842.0,Shipping
WB-11321,CUST-18390,"608
Choudhry_Marg
Arrah_890297",Arrah,Bihar,890297.0,Billing
UP-11322,CUST-09427,"27/083
Gola_Path
Mirzapur_693648",Mirzapur,Uttar_Pradesh,693648.0,"Billing,_Shipping"
HP-11323,CUST-09799,"182
Taneja_Path
Udaipur-438186",Udaipur,Rajasthan,438186.0,Billing
TN-11324,CUST-19606,"H.No._772
Raj
Chittoor_577403",Chittoor,Andhra_Pradesh,577403.0,"Billing,_Shipping"
AP-11325,CUST-07044,"H.No._225,_Magar_Path
Anantapuram_361129",Anantapuram,Andhra_Pradesh,361129.0,Shipping
TR-11326,CUST-09947,"42/405,_Goel_Road
Durgapur-548682",Durgapur,West_Bengal,548682.0,Billing
HP-11327,CUST-12342,"79/872,_Sama_Circle
Udaipur-450437",Udaipur,Rajasthan,450437.0,Billing
TS-11328,CUST-18607,"65/51
Kohli_Road
Dindigul-422195",Dindigul,Tamil_Nadu,422195.0,"Billing,_Shipping"
UP-11329,CUST-12161,"533,_Som_Circle,_Raiganj_748169",Raiganj,West_Bengal,748169.0,Billing
TS-11330,CUST-13474,"H.No._061,_Hari
Proddatur-540947",Proddatur,Andhra_Pradesh,540947.0,"Billing,_Shipping"
WB-11331,CUST-10166,"46/17
Trivedi_Road
Madhyamgram_763168",Madhyamgram,West_Bengal,763168.0,Billing
BR-11332,CUST-13013,"H.No._73
Vala_Street
Jaipur_036404",Jaipur,Rajasthan,36404.0,"Billing,_Shipping"
OR-11333,CUST-11472,"47
Keer_Nagar
Bilaspur-331745",Bilaspur,Chhattisgarh,331745.0,"Billing,_Shipping"
AP-11334,CUST-04435,"H.No._307
Tandon_Path
Anantapuram_914964",Anantapuram,Andhra_Pradesh,914964.0,Billing
AP-11335,CUST-00249,"48/641,_Dave_Chowk
Bhimavaram_152110",Bhimavaram,Andhra_Pradesh,152110.0,Shipping
UP-11336,CUST-08910,"H.No._51
Bhatt_Road
Burhanpur_068732",Burhanpur,Madhya_Pradesh,68732.0,Shipping
GJ-11337,CUST-04469,"456
Baral_Nagar
Kavali-500250",Kavali,Andhra_Pradesh,500250.0,Shipping
MH-11338,CUST-10827,"H.No._443
Karnik_Chowk
Nanded-080766",Nanded,Maharashtra,80766.0,"Billing,_Shipping"
JH-11339,CUST-10718,"H.No._42
Chandran
Kharagpur_687417",Kharagpur,West_Bengal,687417.0,Shipping
TS-11340,CUST-14245,"H.No._80,_Sood_Path,_Srinagar_259084",Srinagar,Jammu_and_Kashmir,259084.0,Shipping
TN-11341,CUST-15966,"H.No._72
Walia_Road
Vellore-651697",Vellore,Tamil_Nadu,651697.0,Billing
BR-11342,CUST-09744,"H.No._11,_Ramakrishnan_Ganj,_Buxar_202652",Buxar,Bihar,202652.0,Billing
KA-11343,CUST-15422,"347,_Kala_Ganj,_Hosur_202532",Hosur,Tamil_Nadu,202532.0,"Billing,_Shipping"
MH-11344,CUST-00792,"354
Virk_Zila
Karnal-874953",Karnal,Haryana,874953.0,Shipping
MP-11345,CUST-07511,"62,_Mane_Street,_Gorakhpur_441220",Gorakhpur,Uttar_Pradesh,441220.0,Billing
AS-11346,CUST-17369,"514,_Dhillon_Nagar,_Bongaigaon_644908",Bongaigaon,Assam,644908.0,Billing
TN-11347,CUST-17275,"H.No._159,_Sharaf
Gandhinagar_425410",Gandhinagar,Gujarat,425410.0,Billing
KL-11348,CUST-12483,"800
Rout_Ganj
Kollam-988911",Kollam,Kerala,988911.0,Billing
CG-11349,CUST-08612,"21/032,_Arora_Circle
Sagar_423833",Sagar,Madhya_Pradesh,423833.0,Shipping
RJ-11350,CUST-13377,"H.No._61,_Vala_Path
Rajkot_944333",Rajkot,Gujarat,944333.0,Shipping
GJ-11351,CUST-15369,"62/263,_Chahal_Marg
Jabalpur-128449",Jabalpur,Madhya_Pradesh,128449.0,Shipping
MP-11352,CUST-14446,"09,_Bhargava_Zila
Mau-536281",Mau,Uttar_Pradesh,536281.0,"Billing,_Shipping"
TS-11353,CUST-19983,"47,_Bala_Marg,_Srinagar-351670",Srinagar,Jammu_and_Kashmir,351670.0,Shipping
BR-11354,CUST-06922,"20/271
Solanki_Chowk
Ballia-778340",Ballia,Uttar_Pradesh,778340.0,"Billing,_Shipping"
UP-11355,CUST-17617,"598,_Thaman_Path
Shahjahanpur_507751",Shahjahanpur,Uttar_Pradesh,507751.0,"Billing,_Shipping"
MH-11356,CUST-18490,"75
Johal_Road
Rampur_172945",Rampur,Uttar_Pradesh,172945.0,Shipping
AP-11357,CUST-06822,"846,_Kapoor_Chowk
Dharmavaram-065682",Dharmavaram,Andhra_Pradesh,65682.0,Shipping
OR-11358,CUST-02495,"30/75
Wason_Circle
Mathura_048850",Mathura,Uttar_Pradesh,48850.0,Billing
UP-11359,CUST-11284,"88/28,_Badami_Circle
Raiganj-416633",Raiganj,West_Bengal,416633.0,Shipping
WB-11360,CUST-13310,"95/61
Dixit_Road
Kamarhati_604256",Kamarhati,West_Bengal,604256.0,"Billing,_Shipping"
BR-11361,CUST-15574,"H.No._490,_Dixit_Path
Satna-434947",Satna,Madhya_Pradesh,434947.0,"Billing,_Shipping"
BR-11362,CUST-00055,"99,_Sinha_Circle
Satna_817341",Satna,Madhya_Pradesh,817341.0,"Billing,_Shipping"
JH-11363,CUST-08840,"H.No._912,_Chad_Nagar,_Asansol_899072",Asansol,West_Bengal,899072.0,Shipping
MP-11364,CUST-08473,"H.No._456,_Karpe,_Unnao_054693",Unnao,Uttar_Pradesh,54693.0,"Billing,_Shipping"
MH-11365,CUST-19690,"H.No._94,_Bumb_Nagar
Guntur-332637",Guntur,Andhra_Pradesh,332637.0,"Billing,_Shipping"
TS-11366,CUST-15115,"865
Bassi_Circle
Nizamabad_514982",Nizamabad,Telangana,514982.0,Shipping
AS-11367,CUST-12945,"65,_Bava_Ganj,_Nagaon-785059",Nagaon,Assam,785059.0,Shipping
UP-11368,CUST-09546,"H.No._101,_Bath_Nagar
Raipur_955657",Raipur,Chhattisgarh,955657.0,Shipping
TN-11369,CUST-18218,"H.No._360
Vaidya_Chowk
Avadi_055245",Avadi,Tamil_Nadu,55245.0,"Billing,_Shipping"
CG-11370,CUST-19953,"H.No._995
Vaidya_Road
Nagpur-378058",Nagpur,Maharashtra,378058.0,Billing
UP-11371,CUST-01808,"H.No._65
Koshy_Street
Jamalpur-371514",Jamalpur,Bihar,371514.0,Billing
HR-11372,CUST-19096,"22/91
Chaudhry_Nagar
Aurangabad_383192",Aurangabad,Maharashtra,383192.0,Shipping
MP-11373,CUST-06500,"H.No._04,_Borah_Nagar,_Kota_322768",Kota,Rajasthan,322768.0,Billing
TN-11374,CUST-19204,"83/785,_Rajagopal_Ganj
Chittoor_783088",Chittoor,Andhra_Pradesh,783088.0,Shipping
OR-11375,CUST-11978,"H.No._44,_Khurana_Circle
Kanpur-626586",Kanpur,Uttar_Pradesh,626586.0,Shipping
RJ-11376,CUST-18257,"H.No._61
Doctor_Marg
Akola-388277",Akola,Maharashtra,388277.0,Shipping
KA-11377,CUST-11026,"64,_Gill_Path
Hosur-579077",Hosur,Tamil_Nadu,579077.0,"Billing,_Shipping"
BR-11378,CUST-09667,"938,_Gaba,_Purnia-149222",Purnia,Bihar,149222.0,Billing
WB-11379,CUST-11377,"62,_Tara_Zila
Naihati-780422",Naihati,West_Bengal,780422.0,Billing
WB-11380,CUST-16518,"H.No._23
Johal_Circle
Bally_054439",Bally,West_Bengal,54439.0,Shipping
MH-11381,CUST-04403,"H.No._88,_Kalita,_Jalgaon_565952",Jalgaon,Maharashtra,565952.0,"Billing,_Shipping"
UP-11382,CUST-02968,"60
Raval_Circle
Raipur_640930",Raipur,Chhattisgarh,640930.0,Shipping
WB-11383,CUST-06032,"54/098,_Varkey_Zila,_Kulti-547342",Kulti,West_Bengal,547342.0,"Billing,_Shipping"
MP-11384,CUST-15289,"501
Kale_Path
Ramgarh_219395",Ramgarh,Jharkhand,219395.0,Billing
UP-11385,CUST-17105,"65/72,_Char_Zila,_Raipur_082024",Raipur,Chhattisgarh,82024.0,Shipping
UP-11386,CUST-16348,"544
Dalal_Road
Jamalpur_866293",Jamalpur,Bihar,866293.0,Shipping
WB-11387,CUST-03798,"62/51
Sethi_Path
Arrah-300867",Arrah,Bihar,300867.0,"Billing,_Shipping"
TS-11388,CUST-15655,"46/427,_Bhalla
Ambala-280945",Ambala,Haryana,280945.0,"Billing,_Shipping"
AP-11389,CUST-04294,"54,_Maharaj_Ganj,_Anantapuram_554620",Anantapuram,Andhra_Pradesh,554620.0,Shipping
WB-11390,CUST-15569,"H.No._338
Bhat_Chowk
Aligarh-999968",Aligarh,Uttar_Pradesh,999968.0,Billing
HR-11391,CUST-19709,"H.No._692,_Ganesh_Marg
Aurangabad-323333",Aurangabad,Maharashtra,323333.0,"Billing,_Shipping"
UP-11392,CUST-16920,"576
Rajagopal_Path
Gurgaon_324004",Gurgaon,Haryana,324004.0,"Billing,_Shipping"
WB-11393,CUST-02524,"83/60
Iyer_Zila
Arrah_705413",Arrah,Bihar,705413.0,Shipping
OR-11394,CUST-13580,"32/41,_Buch_Zila,_Bharatpur_215479",Bharatpur,Rajasthan,215479.0,Shipping
HR-11395,CUST-17279,"H.No._643,_Khalsa_Nagar,_Bikaner-810577",Bikaner,Rajasthan,810577.0,Billing
WB-11396,CUST-07941,"08,_D’Alia_Road,_Aligarh_502106",Aligarh,Uttar_Pradesh,502106.0,Shipping
HR-11397,CUST-16829,"H.No._83,_Dugar_Street
Aurangabad_792945",Aurangabad,Maharashtra,792945.0,Billing
MP-11398,CUST-03194,"H.No._50
Baria_Ganj
Unnao-285143",Unnao,Uttar_Pradesh,285143.0,Shipping
TN-11399,CUST-16935,"22/28,_Dugal_Street
Tiruvottiyur_729119",Tiruvottiyur,Tamil_Nadu,729119.0,Billing
OR-11400,CUST-18433,"52/56
Garg_Street
Patna_096884",Patna,Bihar,96884.0,Billing
UP-11401,CUST-04168,"76/75,_Dasgupta_Ganj
Firozabad-082256",Firozabad,Uttar_Pradesh,82256.0,Billing
BR-11402,CUST-00385,"084
Karpe_Marg
Buxar-158992",Buxar,Bihar,158992.0,Shipping
JH-11403,CUST-05300,"515
Sachdev_Circle
Phusro_910320",Phusro,Jharkhand,910320.0,Shipping
TN-11404,CUST-00578,"H.No._56,_Tripathi,_Tiruvottiyur-248806",Tiruvottiyur,Tamil_Nadu,248806.0,"Billing,_Shipping"
MP-11405,CUST-11926,"46,_Vala
Agra_088325",Agra,Uttar_Pradesh,88325.0,Shipping
UK-11406,CUST-01585,"672,_Som_Circle,_Shivpuri-100299",Shivpuri,Madhya_Pradesh,100299.0,"Billing,_Shipping"
OR-11407,CUST-16147,"44,_Bawa_Path
Mathura_757733",Mathura,Uttar_Pradesh,757733.0,Billing
TS-11408,CUST-02577,"37,_Bajwa_Ganj,_Hindupur-525819",Hindupur,Andhra_Pradesh,525819.0,Shipping
TS-11409,CUST-07809,"373,_Chowdhury_Circle,_Proddatur-393841",Proddatur,Andhra_Pradesh,393841.0,"Billing,_Shipping"
UP-11410,CUST-19694,"55/94,_Kulkarni_Circle
Bhagalpur_242546",Bhagalpur,Bihar,242546.0,Billing
TN-11411,CUST-13205,"46/962,_Khanna_Nagar,_Salem_098748",Salem,Tamil_Nadu,98748.0,Billing
WB-11412,CUST-15650,"H.No._59,_Sami_Chowk
Bidhannagar-829875",Bidhannagar,West_Bengal,829875.0,"Billing,_Shipping"
MP-11413,CUST-11940,"H.No._448,_Saha_Path,_Jalandhar-797420",Jalandhar,Punjab,797420.0,"Billing,_Shipping"
WB-11414,CUST-17452,"559,_Maharaj_Street
Arrah_661436",Arrah,Bihar,661436.0,"Billing,_Shipping"
WB-11415,CUST-17216,"69
Raman_Ganj
Baranagar_461527",Baranagar,West_Bengal,461527.0,"Billing,_Shipping"
CG-11416,CUST-07643,"H.No._347,_Gopal_Street,_Bhilai-368416",Bhilai,Chhattisgarh,368416.0,"Billing,_Shipping"
KA-11417,CUST-03894,"H.No._094,_Comar_Road
Hosur_539045",Hosur,Tamil_Nadu,539045.0,Shipping
MP-11418,CUST-18744,"49,_Malhotra_Zila,_Gopalpur-372466",Gopalpur,Odisha,372466.0,"Billing,_Shipping"
RJ-11419,CUST-11823,"H.No._12,_Saini_Marg
Rajkot-973810",Rajkot,Gujarat,973810.0,"Billing,_Shipping"
UP-11420,CUST-05594,"H.No._73,_Basak_Zila,_Farrukhabad_902359",Farrukhabad,Uttar_Pradesh,902359.0,"Billing,_Shipping"
UP-11422,CUST-06814,"70/72,_Andra_Chowk
Bhagalpur-311684",Bhagalpur,Bihar,311684.0,Shipping
MH-11423,CUST-00575,"02/04,_Bhargava_Street,_Karnal-115013",Karnal,Haryana,115013.0,"Billing,_Shipping"
AP-11424,CUST-13060,"42,_Rout
Anantapuram-737754",Anantapuram,Andhra_Pradesh,737754.0,Shipping
MP-11425,CUST-02581,"89/96
Issac_Street
Mau-122314",Mau,Uttar_Pradesh,122314.0,Shipping
TS-11426,CUST-19836,"813,_Taneja_Circle,_Hindupur-401229",Hindupur,Andhra_Pradesh,401229.0,Shipping
HR-11427,CUST-05515,"H.No._636,_Bose_Road
Aurangabad_360220",Aurangabad,Maharashtra,360220.0,Billing
OR-11428,CUST-12175,"454
Biswas_Chowk
Berhampur-025750",Berhampur,Odisha,25750.0,Shipping
AP-11429,CUST-12773,"H.No._248
Roy_Marg
Bhimavaram-565704",Bhimavaram,Andhra_Pradesh,565704.0,"Billing,_Shipping"
OR-11430,CUST-13960,"94/103
Mallick_Nagar
Anantapur-491171",Anantapur,Andhra_Pradesh,491171.0,Shipping
AP-11431,CUST-14276,"56/463
Korpal_Street
Gudivada-951589",Gudivada,Andhra_Pradesh,951589.0,Shipping
AP-11432,CUST-16836,"14/34
Garde
Dharmavaram-403085",Dharmavaram,Andhra_Pradesh,403085.0,Billing
KA-11433,CUST-10921,"H.No._819,_Sani_Nagar,_Solapur_036994",Solapur,Maharashtra,36994.0,"Billing,_Shipping"
MH-11434,CUST-09697,"H.No._84
Uppal_Ganj
Yamunanagar_329340",Yamunanagar,Haryana,329340.0,Billing
MP-11437,CUST-17658,"H.No._74
Kumer_Street
Khandwa_562789",Khandwa,Madhya_Pradesh,562789.0,Shipping
BR-11438,CUST-18641,"02/60,_Chakraborty_Zila
Satna_641192",Satna,Madhya_Pradesh,641192.0,Billing
MP-11439,CUST-03438,"H.No._248,_Chaudhary_Path,_Ramgarh-562432",Ramgarh,Jharkhand,562432.0,Billing
GJ-11440,CUST-01245,"578,_Samra_Zila
Hajipur_779786",Hajipur,Bihar,779786.0,Billing
MH-11441,CUST-10199,"65/674,_Chakrabarti_Zila
Karnal_514212",Karnal,Haryana,514212.0,Shipping
MH-11442,CUST-00218,"628
Issac_Zila
Jalgaon-974630",Jalgaon,Maharashtra,974630.0,"Billing,_Shipping"
CG-11443,CUST-05876,"30/239
Ghosh_Chowk
Bhilai_512196",Bhilai,Chhattisgarh,512196.0,Shipping
UP-11444,CUST-02100,"05/550
Agate_Street
Sambhal_596751",Sambhal,Uttar_Pradesh,596751.0,Billing
WB-11445,CUST-01459,"H.No._552,_Ratta_Marg
Bidhannagar-521420",Bidhannagar,West_Bengal,521420.0,Shipping
UK-11446,CUST-17131,"30/60,_Mangal_Nagar,_Jalna-012673",Jalna,Maharashtra,12673.0,Billing
TS-11447,CUST-07210,"39,_Jha_Street,_Proddatur-394825",Proddatur,Andhra_Pradesh,394825.0,Billing
MP-11448,CUST-00162,"456,_Lalla_Path
Ramgarh-873211",Ramgarh,Jharkhand,873211.0,Billing
TS-11449,CUST-19887,"748,_Andra_Path,_Proddatur_049972",Proddatur,Andhra_Pradesh,49972.0,Shipping
WB-11450,CUST-15183,"93/58
Bhakta
Naihati-544799",Naihati,West_Bengal,544799.0,Billing
BR-11451,CUST-03390,"H.No._81,_Madan_Ganj,_Buxar-934524",Buxar,Bihar,934524.0,Shipping
TN-11452,CUST-15366,"H.No._99,_Zachariah_Street
Gandhinagar-042217",Gandhinagar,Gujarat,42217.0,Shipping
AS-11453,CUST-19771,"77/07,_Choudhary_Circle,_Siliguri-108902",Siliguri,West_Bengal,108902.0,Billing
UP-11454,CUST-09489,"276,_Guha_Marg,_Bhagalpur-288504",Bhagalpur,Bihar,288504.0,"Billing,_Shipping"
KA-11455,CUST-19443,"H.No._063,_Sami_Marg,_Solapur-934495",Solapur,Maharashtra,934495.0,"Billing,_Shipping"
CG-11456,CUST-03669,"524,_Chada_Street
Nagpur-857650",Nagpur,Maharashtra,857650.0,Billing
BR-11457,CUST-11415,"H.No._61,_Sankaran_Marg,_Jaipur_579291",Jaipur,Rajasthan,579291.0,Billing
UP-11458,CUST-13075,"H.No._73,_Zacharia_Zila,_Karimnagar_929597",Karimnagar,Telangana,929597.0,Shipping
WB-11459,CUST-12397,"H.No._93,_Iyengar_Zila,_Baranagar-388248",Baranagar,West_Bengal,388248.0,Shipping
TS-11460,CUST-00531,"19/910
Yadav_Circle
Srinagar_469589",Srinagar,Jammu_and_Kashmir,469589.0,Billing
TN-11461,CUST-07897,"808,_Ahluwalia_Zila
Tiruvottiyur_588667",Tiruvottiyur,Tamil_Nadu,588667.0,"Billing,_Shipping"
MP-11462,CUST-04521,"H.No._731
Bhatnagar_Path
Unnao_569192",Unnao,Uttar_Pradesh,569192.0,"Billing,_Shipping"
KA-11463,CUST-00340,"313
Gala_Nagar
Amaravati-120936",Amaravati,Andhra_Pradesh,120936.0,"Billing,_Shipping"
TS-11464,CUST-10068,"66/09
Badami_Nagar
Dindigul_431206",Dindigul,Tamil_Nadu,431206.0,Billing
RJ-11465,CUST-19184,"H.No._86,_Lala_Path
Akola_450645",Akola,Maharashtra,450645.0,"Billing,_Shipping"
KA-11466,CUST-12291,"H.No._82
Mahajan
Hospet_644889",Hospet,Karnataka,644889.0,Billing
RJ-11467,CUST-02467,"H.No._43,_Shroff_Street,_Fatehpur_220835",Fatehpur,Uttar_Pradesh,220835.0,Shipping
BR-11468,CUST-14743,"28,_Ray_Circle,_Jaipur_590160",Jaipur,Rajasthan,590160.0,"Billing,_Shipping"
MP-11469,CUST-10385,"77/803,_Kaul_Zila,_Kishanganj-185513",Kishanganj,Bihar,185513.0,Billing
CG-11470,CUST-12542,"712,_Chakrabarti_Ganj
Bhilai_984330",Bhilai,Chhattisgarh,984330.0,"Billing,_Shipping"
BR-11471,CUST-10142,"H.No._72,_Tara_Zila,_Satna-567978",Satna,Madhya_Pradesh,567978.0,Billing
TN-11472,CUST-12738,"82/86
Andra_Nagar
Pali_098925",Pali,Rajasthan,98925.0,Shipping
HR-11473,CUST-12178,"87/731
Yogi_Street
Bikaner-856652",Bikaner,Rajasthan,856652.0,Shipping
OR-11474,CUST-00969,"70/50,_Dada_Marg,_Bilaspur-058568",Bilaspur,Chhattisgarh,58568.0,Billing
RJ-11475,CUST-13429,"802,_Shankar_Path,_Dewas-423082",Dewas,Madhya_Pradesh,423082.0,"Billing,_Shipping"
UP-11476,CUST-14134,"H.No._372,_Sem_Road
Sambhal_968359",Sambhal,Uttar_Pradesh,968359.0,"Billing,_Shipping"
TN-11477,CUST-13212,"47/39
Gopal
Tiruvottiyur-578378",Tiruvottiyur,Tamil_Nadu,578378.0,Billing
KA-11478,CUST-05448,"30/61,_Soni_Ganj,_Solapur_610086",Solapur,Maharashtra,610086.0,Shipping
CG-11479,CUST-10990,"766,_Deep_Road
Nagpur_009392",Nagpur,Maharashtra,9392.0,"Billing,_Shipping"
TR-11480,CUST-10314,"48/609
Loke
Chandigarh_914309",Chandigarh,Chandigarh_(Union_Territory),914309.0,"Billing,_Shipping"
AS-11481,CUST-17603,"31/290,_Chander_Nagar
Bongaigaon-971730",Bongaigaon,Assam,971730.0,"Billing,_Shipping"
KA-11482,CUST-18902,"317,_Kata_Ganj,_Hospet-016934",Hospet,Karnataka,16934.0,Shipping
AP-11483,CUST-12031,"30/36,_Cherian_Circle
Srikakulam_152185",Srikakulam,Andhra_Pradesh,152185.0,Shipping
UP-11484,CUST-00495,"814,_Saran_Street
Raipur-081381",Raipur,Chhattisgarh,81381.0,"Billing,_Shipping"
OR-11485,CUST-04774,"033,_Deshpande_Zila,_Anantapur-422655",Anantapur,Andhra_Pradesh,422655.0,"Billing,_Shipping"
RJ-11486,CUST-13264,"083
Dugar_Path
Akola-483622",Akola,Maharashtra,483622.0,Shipping
WB-11487,CUST-09176,"514,_Kapur_Path,_Arrah_426738",Arrah,Bihar,426738.0,"Billing,_Shipping"
BR-11488,CUST-10270,"H.No._91,_Deshmukh_Circle,_Ballia-895365",Ballia,Uttar_Pradesh,895365.0,Shipping
MH-11489,CUST-13193,"55/613
Lata_Marg
Guntur-888119",Guntur,Andhra_Pradesh,888119.0,Billing
MH-11490,CUST-14773,"81/72
Golla_Street
Bhiwandi-357593",Bhiwandi,Maharashtra,357593.0,Billing
AP-11491,CUST-18793,"96/84
Verma_Ganj
Gudivada-757203",Gudivada,Andhra_Pradesh,757203.0,"Billing,_Shipping"
HR-11492,CUST-11961,"85/04,_Bassi_Nagar,_Aurangabad-265454",Aurangabad,Maharashtra,265454.0,"Billing,_Shipping"
TS-11493,CUST-10699,"41/98,_Sabharwal_Road,_Nizamabad_854724",Nizamabad,Telangana,854724.0,"Billing,_Shipping"
CG-11494,CUST-12549,"767,_Chawla
Bhilai-961022",Bhilai,Chhattisgarh,961022.0,Shipping
BR-11495,CUST-19851,"H.No._057,_Hayer
Jaipur-839218",Jaipur,Rajasthan,839218.0,Billing
WB-11496,CUST-08531,"475,_Khosla
Kamarhati-576462",Kamarhati,West_Bengal,576462.0,Shipping
TN-11497,CUST-14315,"H.No._308,_Kota
Tiruvottiyur-555330",Tiruvottiyur,Tamil_Nadu,555330.0,Shipping
TS-11498,CUST-12942,"67,_Halder_Ganj,_Proddatur-616392",Proddatur,Andhra_Pradesh,616392.0,Shipping
UP-11499,CUST-06937,"063
Johal_Nagar
Mirzapur_709876",Mirzapur,Uttar_Pradesh,709876.0,Billing
WB-11500,CUST-13354,"09/81
Luthra
Uluberia-417107",Uluberia,West_Bengal,417107.0,"Billing,_Shipping"
KA-11501,CUST-16726,"97/995,_Khanna_Nagar,_Amaravati_862933",Amaravati,Andhra_Pradesh,862933.0,Shipping
MH-11502,CUST-16471,"62/757,_Tara_Circle
Karnal_855660",Karnal,Haryana,855660.0,Shipping
RJ-11503,CUST-07666,"H.No._91,_Dhawan_Street,_Fatehpur_529364",Fatehpur,Uttar_Pradesh,529364.0,Billing
CG-11504,CUST-12265,"60/85,_Doctor
Sagar_601374",Sagar,Madhya_Pradesh,601374.0,Billing
MP-11505,CUST-14869,"566,_Badami_Nagar
Gopalpur_656655",Gopalpur,Odisha,656655.0,Shipping
MH-11506,CUST-15541,"659
Rajagopalan_Road
Satara_847875",Satara,Maharashtra,847875.0,Billing
CG-11507,CUST-01852,"H.No._78,_Hari_Circle,_Bhilai_029084",Bhilai,Chhattisgarh,29084.0,Shipping
MH-11508,CUST-02551,"H.No._554
Bajwa_Nagar
Loni-255508",Loni,Uttar_Pradesh,255508.0,Billing
AS-11509,CUST-18277,"777,_Majumdar_Street,_Bongaigaon_223418",Bongaigaon,Assam,223418.0,"Billing,_Shipping"
UP-11510,CUST-18140,"60/576,_Sethi_Street
Chapra_760462",Chapra,Bihar,760462.0,Billing
DL-11511,CUST-15409,"H.No._06
Issac_Ganj
Delhi_931255",Delhi,Delhi_(Union_Territory),931255.0,Shipping
MP-11512,CUST-17860,"H.No._003,_Lala_Circle,_Kishanganj-841006",Kishanganj,Bihar,841006.0,Billing
TS-11513,CUST-15107,"H.No._055,_Borra_Chowk
Proddatur-809017",Proddatur,Andhra_Pradesh,809017.0,Shipping
TS-11514,CUST-02483,"781,_Venkatesh_Zila,_Srinagar_752500",Srinagar,Jammu_and_Kashmir,752500.0,Shipping
GJ-11516,CUST-09639,"60
Sen
Kavali_598136",Kavali,Andhra_Pradesh,598136.0,"Billing,_Shipping"
UP-11517,CUST-18734,"55/749
Bhattacharyya_Ganj
Firozabad_665131",Firozabad,Uttar_Pradesh,665131.0,"Billing,_Shipping"
UK-11518,CUST-01291,"99/884,_Agate_Street,_Shivpuri-540822",Shivpuri,Madhya_Pradesh,540822.0,Shipping
TN-11519,CUST-10002,"H.No._792,_Chhabra_Marg,_Avadi_334485",Avadi,Tamil_Nadu,334485.0,"Billing,_Shipping"
KA-11520,CUST-06160,"H.No._46,_Kibe_Zila
Solapur-521464",Solapur,Maharashtra,521464.0,Billing
WB-11521,CUST-15603,"40,_Korpal_Zila,_Madhyamgram-676812",Madhyamgram,West_Bengal,676812.0,Billing
KA-11522,CUST-01580,"32/84,_Bose_Road,_Hospet_027975",Hospet,Karnataka,27975.0,Shipping
RJ-11523,CUST-00662,"35
Bhargava_Path
Fatehpur-223438",Fatehpur,Uttar_Pradesh,223438.0,Billing
TN-11524,CUST-09396,"H.No._552,_Deol_Zila,_Vellore_427887",Vellore,Tamil_Nadu,427887.0,Billing
OR-11525,CUST-10425,"H.No._691,_Uppal_Nagar
Danapur_865766",Danapur,Bihar,865766.0,Billing
MP-11526,CUST-12692,"99,_Shankar_Circle,_Kishanganj-025189",Kishanganj,Bihar,25189.0,"Billing,_Shipping"
MP-11527,CUST-07031,"53/770
Sen_Path
Jhansi_278740",Jhansi,Uttar_Pradesh,278740.0,Billing
JH-11528,CUST-09189,"515
Mall_Path
Phusro-803663",Phusro,Jharkhand,803663.0,Billing
CG-11529,CUST-17631,"82/472,_Borra
Sambalpur_209435",Sambalpur,Odisha,209435.0,"Billing,_Shipping"
MP-11530,CUST-12146,"H.No._445,_Arora_Zila
Dehri_816513",Dehri,Bihar,816513.0,Shipping
BR-11531,CUST-09620,"756,_Zacharia_Chowk,_Jaipur_793181",Jaipur,Rajasthan,793181.0,"Billing,_Shipping"
KA-11532,CUST-13318,"21/61,_Bava_Chowk
Amaravati-808126",Amaravati,Andhra_Pradesh,808126.0,Billing
WB-11533,CUST-12902,"49/30,_Kara_Street,_Kamarhati_690982",Kamarhati,West_Bengal,690982.0,Billing
UP-11534,CUST-15421,"01
De_Zila
Mirzapur-092982",Mirzapur,Uttar_Pradesh,92982.0,Shipping
MH-11535,CUST-10901,"H.No._34,_Kohli_Path,_Bhiwandi_873480",Bhiwandi,Maharashtra,873480.0,Shipping
WB-11536,CUST-03811,"H.No._010,_Ben_Nagar,_Bhatpara_854626",Bhatpara,West_Bengal,854626.0,Shipping
UP-11537,CUST-17173,"087
Korpal_Zila
Burhanpur_343523",Burhanpur,Madhya_Pradesh,343523.0,"Billing,_Shipping"
BR-11538,CUST-15637,"16/24,_Ratti_Nagar,_Purnia_755699",Purnia,Bihar,755699.0,Billing
RJ-11539,CUST-19904,"97/058,_Agrawal_Chowk
Akola_835698",Akola,Maharashtra,835698.0,"Billing,_Shipping"
UP-11540,CUST-09471,"607,_Dugal_Street
Karimnagar_691045",Karimnagar,Telangana,691045.0,Billing
CG-11541,CUST-07384,"55/17,_Sathe_Circle,_Nagpur_854221",Nagpur,Maharashtra,854221.0,Billing
TS-11542,CUST-11043,"H.No._865,_Gulati_Street,_Hindupur-414630",Hindupur,Andhra_Pradesh,414630.0,"Billing,_Shipping"
TN-11543,CUST-15560,"33/39,_Jhaveri_Road,_Salem-482425",Salem,Tamil_Nadu,482425.0,Shipping
MP-11544,CUST-05330,"34/489,_Gera_Marg
Dehri-923296",Dehri,Bihar,923296.0,Billing
MH-11545,CUST-13195,"H.No._993
Chatterjee_Circle
Nanded_302397",Nanded,Maharashtra,302397.0,"Billing,_Shipping"
RJ-11546,CUST-04925,"H.No._302,_Soman_Road
Fatehpur-414291",Fatehpur,Uttar_Pradesh,414291.0,Shipping
BR-11547,CUST-04940,"63/587,_Master_Zila
Ballia_020564",Ballia,Uttar_Pradesh,20564.0,"Billing,_Shipping"
WB-11548,CUST-05425,"85
Kale_Ganj
Bhatpara-374198",Bhatpara,West_Bengal,374198.0,Billing
UP-11549,CUST-17338,"H.No._690,_Issac_Nagar
Jamalpur-258999",Jamalpur,Bihar,258999.0,"Billing,_Shipping"
MP-11550,CUST-18578,"17
Balan_Marg
Dehri-607267",Dehri,Bihar,607267.0,Shipping
UK-11551,CUST-17900,"H.No._04
Sachdev_Ganj
Shivpuri-551058",Shivpuri,Madhya_Pradesh,551058.0,Billing
TS-11552,CUST-17552,"287,_Khare_Street,_Proddatur_565776",Proddatur,Andhra_Pradesh,565776.0,"Billing,_Shipping"
TS-11553,CUST-06292,"H.No._159,_Kade_Marg,_Srinagar-545696",Srinagar,Jammu_and_Kashmir,545696.0,Billing
UP-11554,CUST-17185,"H.No._914,_Bhakta
Bhagalpur-419123",Bhagalpur,Bihar,419123.0,"Billing,_Shipping"
CG-11555,CUST-09497,"683,_Gera_Marg
Bhilai-521760",Bhilai,Chhattisgarh,521760.0,Shipping
KA-11556,CUST-11366,"71/764,_Bava_Marg
Hospet_544660",Hospet,Karnataka,544660.0,Billing
KA-11557,CUST-16782,"448,_Agarwal
Tumkur-990926",Tumkur,Karnataka,990926.0,"Billing,_Shipping"
WB-11558,CUST-04537,"H.No._89,_Bora_Nagar,_Panihati-611946",Panihati,West_Bengal,611946.0,Billing
TS-11559,CUST-05550,"H.No._203
Ratti_Street
Srinagar_183978",Srinagar,Jammu_and_Kashmir,183978.0,Shipping
UP-11560,CUST-19303,"512,_Contractor_Path
Karimnagar_256509",Karimnagar,Telangana,256509.0,Billing
OR-11561,CUST-09073,"092
Kant_Circle
Bharatpur_292912",Bharatpur,Rajasthan,292912.0,"Billing,_Shipping"
MH-11562,CUST-15194,"H.No._633,_Setty_Circle
Nanded_034692",Nanded,Maharashtra,34692.0,"Billing,_Shipping"
TS-11563,CUST-19142,"148,_Dutta_Circle
Ramagundam_092903",Ramagundam,Telangana,92903.0,Shipping
WB-11564,CUST-03826,"05,_Ben_Road,_Madhyamgram-838971",Madhyamgram,West_Bengal,838971.0,Shipping
MP-11565,CUST-14291,"H.No._02,_Dutta_Ganj
Kota-949110",Kota,Rajasthan,949110.0,"Billing,_Shipping"
WB-11566,CUST-14418,"91,_Cherian_Chowk,_Panihati-057988",Panihati,West_Bengal,57988.0,"Billing,_Shipping"
AS-11567,CUST-15546,"63/45,_Bose_Chowk,_Siliguri_871515",Siliguri,West_Bengal,871515.0,"Billing,_Shipping"
BR-11568,CUST-16420,"H.No._93,_Sankaran_Ganj
Munger-526066",Munger,Bihar,526066.0,Billing
MP-11569,CUST-02516,"19
Bhalla_Road
Jalandhar-950037",Jalandhar,Punjab,950037.0,Shipping
BR-11570,CUST-16009,"082
Salvi_Circle
Purnia_717786",Purnia,Bihar,717786.0,Billing
BR-11571,CUST-13668,"H.No._96,_Bandi_Path,_Munger_957973",Munger,Bihar,957973.0,"Billing,_Shipping"
CG-11572,CUST-06064,"46/57
Tata_Nagar
Nagpur-590886",Nagpur,Maharashtra,590886.0,"Billing,_Shipping"
KA-11573,CUST-00313,"136
Bhatia_Chowk
Hospet-608015",Hospet,Karnataka,608015.0,"Billing,_Shipping"
MP-11574,CUST-17144,"347,_Ramesh_Street
Khandwa_437855",Khandwa,Madhya_Pradesh,437855.0,"Billing,_Shipping"
BR-11575,CUST-01332,"31/952,_Dixit_Nagar
Ballia-941741",Ballia,Uttar_Pradesh,941741.0,Shipping
TR-11576,CUST-19158,"H.No._628,_Khosla,_Durgapur_916066",Durgapur,West_Bengal,916066.0,Shipping
UP-11577,CUST-17788,"52/89
Sundaram_Circle
Burhanpur_347653",Burhanpur,Madhya_Pradesh,347653.0,Billing
BR-11578,CUST-18172,"H.No._80,_Balakrishnan_Chowk
Satna-180761",Satna,Madhya_Pradesh,180761.0,Billing
HR-11579,CUST-07688,"H.No._259
Sahni_Marg
Aurangabad-012813",Aurangabad,Maharashtra,12813.0,Shipping
MP-11580,CUST-01790,"675
Deep_Circle
Jalandhar-707774",Jalandhar,Punjab,707774.0,Shipping
MP-11581,CUST-02934,"22/758,_Kanda_Path
Ramgarh-987949",Ramgarh,Jharkhand,987949.0,"Billing,_Shipping"
AP-11582,CUST-15096,"23/960
Zachariah_Chowk
Anantapuram_757354",Anantapuram,Andhra_Pradesh,757354.0,Shipping
AS-11583,CUST-05107,"722,_Thaman_Zila
Siliguri-670499",Siliguri,West_Bengal,670499.0,"Billing,_Shipping"
UP-11584,CUST-19038,"60/65
Chhabra_Marg
Raiganj-597019",Raiganj,West_Bengal,597019.0,Billing
JH-11585,CUST-13934,"36/21
Rao_Street
Phusro-406020",Phusro,Jharkhand,406020.0,Shipping
WB-11586,CUST-10799,"H.No._27,_Upadhyay_Ganj
Panihati-476533",Panihati,West_Bengal,476533.0,Shipping
AS-11587,CUST-06097,"864,_Kalla_Circle
Nagaon-197861",Nagaon,Assam,197861.0,Billing
MP-11588,CUST-07010,"H.No._216
Kannan_Path
Agra-274771",Agra,Uttar_Pradesh,274771.0,"Billing,_Shipping"
HR-11589,CUST-19279,"489,_Desai_Street
Bikaner-986882",Bikaner,Rajasthan,986882.0,Shipping
TN-11590,CUST-18039,"385
Mallick_Ganj
Pali-389711",Pali,Rajasthan,389711.0,Billing
MH-11591,CUST-13483,"H.No._144,_Sangha_Road,_Yamunanagar-135759",Yamunanagar,Haryana,135759.0,Billing
HP-11592,CUST-07143,"93/56
Dhaliwal_Circle
Udaipur-059006",Udaipur,Rajasthan,59006.0,Shipping
RJ-11593,CUST-17916,"H.No._94
Sachdeva
Dewas_671687",Dewas,Madhya_Pradesh,671687.0,Billing
KA-11594,CUST-14336,"99/641,_Chandran_Chowk
Hospet-316582",Hospet,Karnataka,316582.0,Shipping
TN-11595,CUST-15364,"H.No._550
Ranganathan_Circle
Avadi-975479",Avadi,Tamil_Nadu,975479.0,Shipping
GJ-11596,CUST-14428,"33/363
Thaker_Road
Ajmer-739242",Ajmer,Rajasthan,739242.0,Shipping
TS-11597,CUST-14879,"H.No._676,_Bajaj_Road
Dindigul_089753",Dindigul,Tamil_Nadu,89753.0,Shipping
MH-11598,CUST-14262,"45
Barad_Street
Malegaon_300564",Malegaon,Maharashtra,300564.0,"Billing,_Shipping"
OR-11599,CUST-04841,"53,_Dubey_Circle
Haldia_468936",Haldia,West_Bengal,468936.0,Billing
UP-11600,CUST-11197,"H.No._47,_Biswas_Chowk,_Burhanpur_165274",Burhanpur,Madhya_Pradesh,165274.0,Billing
UP-11601,CUST-05920,"09,_Badami_Road
Shahjahanpur_812297",Shahjahanpur,Uttar_Pradesh,812297.0,Shipping
UP-11602,CUST-14861,"10/989,_Wable_Zila,_Farrukhabad-237142",Farrukhabad,Uttar_Pradesh,237142.0,"Billing,_Shipping"
WB-11603,CUST-15294,"21/959,_Krishnamurthy_Nagar
Bally-950981",Bally,West_Bengal,950981.0,Billing
BR-11604,CUST-11747,"67/67
Chand_Marg
Buxar_970060",Buxar,Bihar,970060.0,Shipping
OR-11605,CUST-12792,"H.No._682,_Devan_Zila
Chandrapur-382207",Chandrapur,Maharashtra,382207.0,Billing
RJ-11606,CUST-13309,"21,_Dayal_Street
Rajkot_121529",Rajkot,Gujarat,121529.0,Shipping
WB-11607,CUST-15466,"H.No._65,_Jhaveri_Nagar
Bally_056819",Bally,West_Bengal,56819.0,Billing
MP-11608,CUST-15572,"H.No._45,_Taneja_Street,_Jalandhar_973055",Jalandhar,Punjab,973055.0,Shipping
MH-11609,CUST-13584,"H.No._40,_Agate
Karnal_671631",Karnal,Haryana,671631.0,"Billing,_Shipping"
HR-11610,CUST-11346,"48,_Mander_Ganj,_Aurangabad-585861",Aurangabad,Maharashtra,585861.0,Shipping
JH-11611,CUST-12598,"13/196,_Reddy_Path
Kharagpur-974043",Kharagpur,West_Bengal,974043.0,Shipping
MH-11612,CUST-06019,"H.No._107
Roy_Marg
Karnal-202097",Karnal,Haryana,202097.0,"Billing,_Shipping"
MP-11613,CUST-02952,"21/008,_Kumar_Path
Gopalpur-940360",Gopalpur,Odisha,940360.0,Billing
KL-11614,CUST-15612,"H.No._55
Dass_Chowk
Kollam-198177",Kollam,Kerala,198177.0,Shipping
CG-11615,CUST-11793,"20,_Anne_Nagar,_Malda_222392",Malda,West_Bengal,222392.0,"Billing,_Shipping"
MH-11616,CUST-16464,"99,_Mani_Circle
Karnal-868501",Karnal,Haryana,868501.0,Billing
UK-11617,CUST-12388,"327,_Chander_Circle
Shivpuri-176533",Shivpuri,Madhya_Pradesh,176533.0,Billing
RJ-11618,CUST-11680,"H.No._27,_Gola_Path
Fatehpur-803521",Fatehpur,Uttar_Pradesh,803521.0,Shipping
DL-11619,CUST-04258,"H.No._14
Vig_Ganj
Delhi_659547",Delhi,Delhi_(Union_Territory),659547.0,"Billing,_Shipping"
OR-11620,CUST-16536,"22/37,_Kunda_Path
Berhampur-202754",Berhampur,Odisha,202754.0,Shipping
MH-11622,CUST-15394,"H.No._84,_Dhingra_Zila
Rampur_340866",Rampur,Uttar_Pradesh,340866.0,Shipping
TN-11623,CUST-14075,"80/453
Din_Path
Gandhinagar_236496",Gandhinagar,Gujarat,236496.0,Billing
UP-11624,CUST-14238,"37/146,_Sahni_Nagar,_Karimnagar-002149",Karimnagar,Telangana,2149.0,Shipping
MH-11625,CUST-19717,"35,_Bhatt_Zila
Loni_883116",Loni,Uttar_Pradesh,883116.0,Billing
TS-11626,CUST-19817,"748
Hora_Marg
Srinagar-092687",Srinagar,Jammu_and_Kashmir,92687.0,Billing
KA-11627,CUST-11606,"H.No._32,_Kohli_Marg
Solapur-933520",Solapur,Maharashtra,933520.0,Shipping
RJ-11628,CUST-10552,"H.No._983,_Ben_Nagar,_Dewas_464537",Dewas,Madhya_Pradesh,464537.0,Billing
HR-11629,CUST-12666,"H.No._49
Thaman_Ganj
Aurangabad-658826",Aurangabad,Maharashtra,658826.0,Shipping
TN-11630,CUST-18860,"54/227,_Dhillon_Path
Vellore-957672",Vellore,Tamil_Nadu,957672.0,"Billing,_Shipping"
MP-11631,CUST-07932,"96/171
Bala_Marg
Jhansi-655640",Jhansi,Uttar_Pradesh,655640.0,Billing
MH-11632,CUST-10419,"89,_Kalita_Path,_Bhiwandi_435132",Bhiwandi,Maharashtra,435132.0,"Billing,_Shipping"
MH-11633,CUST-10686,"44/59,_Gara_Zila,_Yamunanagar-539213",Yamunanagar,Haryana,539213.0,"Billing,_Shipping"
UP-11634,CUST-07808,"398,_Divan_Marg,_Shahjahanpur_872048",Shahjahanpur,Uttar_Pradesh,872048.0,"Billing,_Shipping"
UP-11635,CUST-01584,"H.No._303
Choudhury_Circle
Gurgaon-832604",Gurgaon,Haryana,832604.0,Billing
MH-11636,CUST-14005,"63/40,_Joshi_Nagar
Nanded-310593",Nanded,Maharashtra,310593.0,Shipping
BR-11637,CUST-10534,"52/274
Datta_Chowk
Munger-906624",Munger,Bihar,906624.0,Shipping
WB-11638,CUST-07279,"80/508
Dewan_Zila
Arrah-994050",Arrah,Bihar,994050.0,"Billing,_Shipping"
MH-11639,CUST-11195,"25,_Sethi_Marg
Rampur_944473",Rampur,Uttar_Pradesh,944473.0,Billing
UP-11640,CUST-16166,"H.No._865,_Chhabra_Nagar,_Farrukhabad_005383",Farrukhabad,Uttar_Pradesh,5383.0,"Billing,_Shipping"
GJ-11641,CUST-13648,"991
Ramakrishnan_Ganj
Vadodara_193226",Vadodara,Gujarat,193226.0,Billing
KA-11642,CUST-08202,"36/21,_Upadhyay_Ganj,_Hospet-725735",Hospet,Karnataka,725735.0,Billing
GJ-11643,CUST-19988,"389
Swamy_Marg
Allahabad_336461",Allahabad,Uttar_Pradesh,336461.0,Billing
UP-11644,CUST-14659,"H.No._48
Sankar_Nagar
Jamalpur-096785",Jamalpur,Bihar,96785.0,Billing
UP-11645,CUST-14847,"H.No._519,_Mahajan_Chowk,_Bhagalpur_446536",Bhagalpur,Bihar,446536.0,Billing
UP-11646,CUST-03036,"14/02,_Korpal_Marg,_Mirzapur-425209",Mirzapur,Uttar_Pradesh,425209.0,Shipping
OR-11647,CUST-15130,"72/504
Upadhyay_Nagar
Anantapur_018698",Anantapur,Andhra_Pradesh,18698.0,Billing
UK-11648,CUST-13091,"53
Yadav_Zila
Haridwar-148279",Haridwar,Uttarakhand,148279.0,Billing
BR-11649,CUST-11292,"H.No._194,_Dara_Path,_Buxar_045180",Buxar,Bihar,45180.0,"Billing,_Shipping"
MH-11650,CUST-13307,"041,_Saini_Circle,_Jalgaon-690852",Jalgaon,Maharashtra,690852.0,Billing
AP-11651,CUST-12115,"66/84,_Chadha_Marg,_Anantapuram-029729",Anantapuram,Andhra_Pradesh,29729.0,"Billing,_Shipping"
BR-11652,CUST-18190,"16/704,_Raju_Marg
Buxar_642551",Buxar,Bihar,642551.0,Billing
MP-11653,CUST-00041,"92,_Chhabra_Street,_Khandwa-036456",Khandwa,Madhya_Pradesh,36456.0,Billing
MP-11654,CUST-14071,"188,_Sundaram_Path,_Mau_432294",Mau,Uttar_Pradesh,432294.0,"Billing,_Shipping"
WB-11655,CUST-11299,"68/99
Raman_Path
Aligarh-650350",Aligarh,Uttar_Pradesh,650350.0,Shipping
TS-11656,CUST-16985,"H.No._017
Dugal_Path
Hindupur-520260",Hindupur,Andhra_Pradesh,520260.0,Billing
AP-11657,CUST-19754,"802
Bhargava_Street
Bhimavaram_727253",Bhimavaram,Andhra_Pradesh,727253.0,"Billing,_Shipping"
CG-11658,CUST-13780,"H.No._95,_Jhaveri_Circle
Sambalpur-865996",Sambalpur,Odisha,865996.0,Billing
UP-11659,CUST-18317,"69/012,_Dyal_Street,_Chapra-347784",Chapra,Bihar,347784.0,Billing
UP-11660,CUST-15176,"96,_Sarna_Ganj
Ahmedabad-994272",Ahmedabad,Gujarat,994272.0,"Billing,_Shipping"
KA-11661,CUST-13406,"H.No._72,_Saini_Road
Tumkur-351582",Tumkur,Karnataka,351582.0,"Billing,_Shipping"
UP-11662,CUST-00515,"38
Khosla_Nagar
Bhagalpur_774334",Bhagalpur,Bihar,774334.0,Billing
OR-11663,CUST-06139,"H.No._88,_Varkey_Chowk
Bharatpur-696194",Bharatpur,Rajasthan,696194.0,Shipping
MP-11664,CUST-14787,"60/44,_Tripathi_Nagar,_Kota_363669",Kota,Rajasthan,363669.0,"Billing,_Shipping"
WB-11665,CUST-15570,"69,_Dhingra_Circle
Kamarhati_486011",Kamarhati,West_Bengal,486011.0,Shipping
GJ-11666,CUST-16346,"60/287,_Sahni_Nagar
Hajipur-416844",Hajipur,Bihar,416844.0,"Billing,_Shipping"
KL-11667,CUST-11569,"H.No._08,_Vora_Marg,_Kollam-738356",Kollam,Kerala,738356.0,"Billing,_Shipping"
JH-11668,CUST-08173,"576,_Basak,_Phusro_839582",Phusro,Jharkhand,839582.0,Billing
CG-11669,CUST-10539,"H.No._921
Bains_Circle
Bhilai_671993",Bhilai,Chhattisgarh,671993.0,Shipping
UK-11670,CUST-09634,"H.No._39,_Magar_Chowk,_Jalna_028548",Jalna,Maharashtra,28548.0,"Billing,_Shipping"
MH-11671,CUST-12805,"09/76,_Choudhry_Road
Jalgaon-817648",Jalgaon,Maharashtra,817648.0,"Billing,_Shipping"
CG-11672,CUST-15973,"614,_Tandon_Ganj
Sagar_202752",Sagar,Madhya_Pradesh,202752.0,"Billing,_Shipping"
TS-11673,CUST-14469,"26/671,_Choudhury_Zila
Sirsa_818744",Sirsa,Haryana,818744.0,Billing
TR-11674,CUST-03433,"H.No._77,_Luthra_Circle,_Durgapur_295589",Durgapur,West_Bengal,295589.0,Shipping
MH-11675,CUST-05820,"60/862
Kata_Zila
Karnal_399660",Karnal,Haryana,399660.0,Shipping
GJ-11676,CUST-07247,"59/49
Bajwa_Nagar
Ajmer-865763",Ajmer,Rajasthan,865763.0,Shipping
TN-11677,CUST-12168,"084
Roy_Path
Tiruppur_291069",Tiruppur,Tamil_Nadu,291069.0,"Billing,_Shipping"
OR-11678,CUST-17084,"13/035,_Loke_Chowk,_Bijapur_668408",Bijapur,Karnataka,668408.0,Shipping
WB-11679,CUST-14041,"H.No._09,_Keer_Zila,_Arrah_546113",Arrah,Bihar,546113.0,Shipping
OR-11680,CUST-03052,"625,_Sampath_Circle,_Anantapur-256892",Anantapur,Andhra_Pradesh,256892.0,Billing
RJ-11681,CUST-02332,"461
Kannan_Nagar
Rajkot-523133",Rajkot,Gujarat,523133.0,Shipping
UP-11682,CUST-14746,"H.No._41,_Chhabra_Marg
Ahmedabad-812520",Ahmedabad,Gujarat,812520.0,"Billing,_Shipping"
JH-11683,CUST-12989,"03,_Sur_Road
Phusro_162880",Phusro,Jharkhand,162880.0,Billing
OR-11684,CUST-06391,"222,_Sarna_Nagar
Berhampur_726482",Berhampur,Odisha,726482.0,Billing
MP-11685,CUST-03833,"H.No._043,_Chander_Road
Mau_262975",Mau,Uttar_Pradesh,262975.0,"Billing,_Shipping"
MP-11686,CUST-09410,"07/74
Mane_Zila
Ramgarh_407681",Ramgarh,Jharkhand,407681.0,Shipping
OR-11687,CUST-08898,"12/02
Khosla_Chowk
Danapur-972851",Danapur,Bihar,972851.0,"Billing,_Shipping"
OR-11688,CUST-02406,"28/678,_Ray_Marg,_Haldia-772220",Haldia,West_Bengal,772220.0,Shipping
MP-11689,CUST-19307,"67/42,_Lad_Street,_Kishanganj_038299",Kishanganj,Bihar,38299.0,Shipping
TS-11690,CUST-05009,"01/94
Sidhu_Ganj
Proddatur_179308",Proddatur,Andhra_Pradesh,179308.0,Shipping
UK-11691,CUST-10468,"733,_Kari_Zila,_Jalna-447062",Jalna,Maharashtra,447062.0,"Billing,_Shipping"
TN-11692,CUST-00005,"48,_Chaudhary_Ganj,_Pallavaram_020389",Pallavaram,Tamil_Nadu,20389.0,Billing
MP-11693,CUST-13274,"H.No._49,_Khare_Circle,_Gopalpur-404950",Gopalpur,Odisha,404950.0,"Billing,_Shipping"
MH-11694,CUST-13964,"178
Sagar_Circle
Bhiwandi-154209",Bhiwandi,Maharashtra,154209.0,Billing
HR-11695,CUST-07603,"H.No._327,_Kota_Street
Aurangabad_178860",Aurangabad,Maharashtra,178860.0,Billing
WB-11696,CUST-18200,"54/887
Warrior_Chowk
Baranagar-187869",Baranagar,West_Bengal,187869.0,Billing
TN-11697,CUST-18804,"H.No._379
Chahal
Chittoor_437721",Chittoor,Andhra_Pradesh,437721.0,Billing
BR-11698,CUST-05409,"70/98
Bhardwaj_Zila
Jaipur_205764",Jaipur,Rajasthan,205764.0,Billing
UP-11699,CUST-12040,"85/69,_Ravi_Zila
Gurgaon_126126",Gurgaon,Haryana,126126.0,Billing
OR-11700,CUST-00645,"H.No._17,_Karnik_Zila
Bijapur-750840",Bijapur,Karnataka,750840.0,Shipping
RJ-11701,CUST-18360,"04/86,_Dewan_Road,_Akola_469423",Akola,Maharashtra,469423.0,"Billing,_Shipping"
WB-11702,CUST-17939,"86
Dewan_Chowk
Uluberia-096751",Uluberia,West_Bengal,96751.0,Billing
WB-11703,CUST-01407,"H.No._190,_Dar_Road,_Aligarh-526361",Aligarh,Uttar_Pradesh,526361.0,Billing
OR-11704,CUST-00687,"290
Ranganathan_Chowk
Bijapur_901494",Bijapur,Karnataka,901494.0,Shipping
MP-11705,CUST-04442,"H.No._05
Dugar
Kishanganj_010218",Kishanganj,Bihar,10218.0,Shipping
MP-11706,CUST-13051,"H.No._10,_Bhandari_Marg
Unnao-851936",Unnao,Uttar_Pradesh,851936.0,"Billing,_Shipping"
OR-11707,CUST-02159,"17/65,_Kapur_Chowk
Bilaspur-264436",Bilaspur,Chhattisgarh,264436.0,Billing
BR-11708,CUST-00733,"66/274,_Kala_Zila
Buxar-753157",Buxar,Bihar,753157.0,"Billing,_Shipping"
WB-11710,CUST-15829,"H.No._64,_Talwar_Ganj,_Kamarhati_238374",Kamarhati,West_Bengal,238374.0,"Billing,_Shipping"
KA-11711,CUST-18617,"01/476
Rajagopalan_Street
Amaravati-943588",Amaravati,Andhra_Pradesh,943588.0,Billing
TN-11712,CUST-17850,"H.No._933,_Rege,_Gandhinagar_362666",Gandhinagar,Gujarat,362666.0,Billing
UK-11713,CUST-10787,"66/90,_Goda,_Haridwar_765626",Haridwar,Uttarakhand,765626.0,"Billing,_Shipping"
TN-11714,CUST-07367,"20
Sastry_Nagar
Gandhinagar_610512",Gandhinagar,Gujarat,610512.0,Shipping
AP-11715,CUST-10709,"83/14,_Mammen_Road,_Anantapuram_210076",Anantapuram,Andhra_Pradesh,210076.0,Shipping
AP-11716,CUST-09994,"H.No._053
Ram_Path
Gudivada_867694",Gudivada,Andhra_Pradesh,867694.0,"Billing,_Shipping"
WB-11717,CUST-11388,"H.No._53,_Ghosh_Path
Panihati_108375",Panihati,West_Bengal,108375.0,Billing
RJ-11718,CUST-12278,"89,_Desai_Path,_Rajkot-916643",Rajkot,Gujarat,916643.0,"Billing,_Shipping"
BR-11719,CUST-16379,"24/455,_Buch_Nagar
Satna_332598",Satna,Madhya_Pradesh,332598.0,Shipping
AS-11720,CUST-16904,"H.No._11
Borah_Ganj
Siliguri-915003",Siliguri,West_Bengal,915003.0,"Billing,_Shipping"
KA-11721,CUST-18497,"01,_Savant_Street,_Mangalore-711987",Mangalore,Karnataka,711987.0,"Billing,_Shipping"
CG-11722,CUST-18701,"H.No._925,_Wali_Nagar
Sagar_917160",Sagar,Madhya_Pradesh,917160.0,Billing
TS-11723,CUST-10147,"71/838,_Bhatti_Road
Dindigul-721177",Dindigul,Tamil_Nadu,721177.0,Billing
KA-11724,CUST-13591,"63/43
Sachdev_Circle
Amaravati_578325",Amaravati,Andhra_Pradesh,578325.0,"Billing,_Shipping"
HR-11725,CUST-13034,"010
Maharaj_Path
Siwan-201806",Siwan,Bihar,201806.0,"Billing,_Shipping"
UP-11726,CUST-03892,"H.No._500,_D’Alia_Chowk,_Sambhal_115184",Sambhal,Uttar_Pradesh,115184.0,Shipping
WB-11727,CUST-03306,"H.No._249,_Kibe_Chowk,_Panihati-512677",Panihati,West_Bengal,512677.0,Billing
TS-11728,CUST-06773,"H.No._74,_Bhatnagar_Zila
Ramagundam_346645",Ramagundam,Telangana,346645.0,"Billing,_Shipping"
BR-11729,CUST-12530,"H.No._47,_Dyal_Nagar,_Satna_323772",Satna,Madhya_Pradesh,323772.0,Billing
TS-11730,CUST-11623,"H.No._869,_Bahri_Street,_Ambala-098313",Ambala,Haryana,98313.0,Billing
CG-11731,CUST-13717,"97/39
Kade
Malda_631075",Malda,West_Bengal,631075.0,"Billing,_Shipping"
MP-11732,CUST-05665,"H.No._120
Jaggi_Nagar
Kishanganj_504813",Kishanganj,Bihar,504813.0,Shipping
HR-11733,CUST-16000,"43/49,_Kala
Bikaner_521719",Bikaner,Rajasthan,521719.0,Billing
UP-11734,CUST-13925,"H.No._751
Kunda_Chowk
Gurgaon-059273",Gurgaon,Haryana,59273.0,"Billing,_Shipping"
UP-11735,CUST-15664,"H.No._69,_Khalsa_Road
Farrukhabad_311094",Farrukhabad,Uttar_Pradesh,311094.0,Billing
TS-11736,CUST-15529,"H.No._61,_Gole_Nagar,_Nizamabad_627603",Nizamabad,Telangana,627603.0,Billing
MP-11737,CUST-12348,"17/329,_Bhandari_Road,_Unnao_752504",Unnao,Uttar_Pradesh,752504.0,"Billing,_Shipping"
MH-11738,CUST-13961,"H.No._885
Goyal_Path
Karnal-442659",Karnal,Haryana,442659.0,Billing
OR-11739,CUST-00224,"83,_Dhar,_Bilaspur_890051",Bilaspur,Chhattisgarh,890051.0,Billing
WB-11740,CUST-14690,"76,_Din_Path,_Bally-328631",Bally,West_Bengal,328631.0,"Billing,_Shipping"
KA-11741,CUST-18974,"H.No._92,_Balasubramanian_Street,_Hosur-213991",Hosur,Tamil_Nadu,213991.0,Shipping
JH-11742,CUST-06077,"191
Kulkarni
Phusro_219208",Phusro,Jharkhand,219208.0,Billing
TN-11743,CUST-10712,"H.No._947,_Kurian,_Gandhinagar_863618",Gandhinagar,Gujarat,863618.0,Shipping
MP-11744,CUST-17509,"41
Sampath_Zila
Kishanganj-304023",Kishanganj,Bihar,304023.0,Billing
UP-11745,CUST-07362,"H.No._82
Chandra_Circle
Karimnagar_916924",Karimnagar,Telangana,916924.0,Billing
OR-11746,CUST-00762,"43,_Rattan_Zila,_Mathura_634862",Mathura,Uttar_Pradesh,634862.0,Shipping
RJ-11747,CUST-10126,"207
Subramaniam_Chowk
Akola_234506",Akola,Maharashtra,234506.0,Shipping
TN-11748,CUST-01117,"216,_Dalal
Salem-980313",Salem,Tamil_Nadu,980313.0,Billing
GJ-11749,CUST-16806,"H.No._84,_Randhawa_Nagar,_Vadodara_338184",Vadodara,Gujarat,338184.0,Billing
RJ-11750,CUST-01396,"84,_Bora_Street
Akola-575637",Akola,Maharashtra,575637.0,Shipping
UK-11751,CUST-13157,"H.No._289,_Sinha_Road
Jalna_937063",Jalna,Maharashtra,937063.0,Shipping
BR-11752,CUST-06323,"89,_Konda_Marg
Purnia_139208",Purnia,Bihar,139208.0,Shipping
TN-11753,CUST-09886,"41
Kurian_Road
Pallavaram_562435",Pallavaram,Tamil_Nadu,562435.0,"Billing,_Shipping"
RJ-11754,CUST-13399,"H.No._81,_Sane_Chowk,_Rajkot_411533",Rajkot,Gujarat,411533.0,Shipping
CG-11755,CUST-15677,"260,_Doshi_Zila
Sagar-795545",Sagar,Madhya_Pradesh,795545.0,Billing
CG-11756,CUST-12000,"H.No._47,_Dugar_Nagar
Malda_948907",Malda,West_Bengal,948907.0,Shipping
CG-11757,CUST-16459,"H.No._14,_Biswas_Zila
Nagpur-883975",Nagpur,Maharashtra,883975.0,"Billing,_Shipping"
UP-11758,CUST-11457,"35/590,_Goyal_Ganj,_Raipur-510918",Raipur,Chhattisgarh,510918.0,Shipping
OR-11759,CUST-06888,"46/132,_Chakraborty_Marg
Danapur-321156",Danapur,Bihar,321156.0,"Billing,_Shipping"
MH-11760,CUST-08510,"36/69,_Chacko_Nagar,_Karnal_546880",Karnal,Haryana,546880.0,"Billing,_Shipping"
UP-11761,CUST-12384,"143,_Yohannan_Chowk,_Sambhal_322990",Sambhal,Uttar_Pradesh,322990.0,"Billing,_Shipping"
TS-11762,CUST-01948,"656
Sarkar_Marg
Proddatur_969818",Proddatur,Andhra_Pradesh,969818.0,Shipping
WB-11763,CUST-18656,"H.No._53,_Jhaveri_Chowk
Kamarhati-944590",Kamarhati,West_Bengal,944590.0,"Billing,_Shipping"
WB-11764,CUST-02133,"84/577,_Balan_Road
Kulti-728266",Kulti,West_Bengal,728266.0,Billing
MH-11765,CUST-06554,"629
Bahl_Road
Satara-649007",Satara,Maharashtra,649007.0,"Billing,_Shipping"
HR-11766,CUST-18444,"H.No._999
Bora_Circle
Siwan-962705",Siwan,Bihar,962705.0,Billing
TS-11767,CUST-01203,"H.No._21,_Chander_Nagar,_Ramagundam-370534",Ramagundam,Telangana,370534.0,"Billing,_Shipping"
UP-11768,CUST-01876,"62,_Cheema_Road
Gurgaon_209541",Gurgaon,Haryana,209541.0,"Billing,_Shipping"
MP-11769,CUST-02479,"99,_Kalla_Road,_Jodhpur_698080",Jodhpur,Rajasthan,698080.0,Shipping
AP-11770,CUST-06654,"93/54
Kara_Street
Dharmavaram-649049",Dharmavaram,Andhra_Pradesh,649049.0,Shipping
BR-11771,CUST-15878,"66,_Bora_Marg,_Jaipur_432040",Jaipur,Rajasthan,432040.0,Billing
BR-11772,CUST-14185,"H.No._346
Borra_Street
Jaipur-225656",Jaipur,Rajasthan,225656.0,"Billing,_Shipping"
OR-11773,CUST-17502,"H.No._33,_Tara_Circle,_Anantapur-414846",Anantapur,Andhra_Pradesh,414846.0,"Billing,_Shipping"
BR-11774,CUST-19866,"76
Dutta
Ballia_726332",Ballia,Uttar_Pradesh,726332.0,Shipping
HP-11775,CUST-16403,"91/033,_Dewan_Path,_Udaipur-729522",Udaipur,Rajasthan,729522.0,Shipping
TN-11776,CUST-15285,"H.No._10,_Mannan_Path,_Tiruppur_884200",Tiruppur,Tamil_Nadu,884200.0,"Billing,_Shipping"
UP-11777,CUST-02417,"953,_Wali,_Bhagalpur-245135",Bhagalpur,Bihar,245135.0,Shipping
UP-11778,CUST-07415,"98/671
Savant
Ahmedabad-313183",Ahmedabad,Gujarat,313183.0,Billing
HR-11780,CUST-09435,"01/286
Saini_Street
Siwan-250083",Siwan,Bihar,250083.0,Shipping
MP-11781,CUST-03964,"29,_Basak_Path
Kota-571908",Kota,Rajasthan,571908.0,Billing
UP-11782,CUST-01413,"65/68
Saini_Chowk
Raiganj-467216",Raiganj,West_Bengal,467216.0,Shipping
HP-11783,CUST-09609,"23/130,_Reddy_Path,_Udaipur-032737",Udaipur,Rajasthan,32737.0,Shipping
WB-11784,CUST-14114,"246,_Gandhi_Path,_Bally_089979",Bally,West_Bengal,89979.0,Shipping
RJ-11785,CUST-17551,"89,_Wadhwa_Ganj,_Dewas_758716",Dewas,Madhya_Pradesh,758716.0,Shipping
MH-11786,CUST-15194,"H.No._37,_Behl_Ganj,_Yamunanagar-254373",Yamunanagar,Haryana,254373.0,"Billing,_Shipping"
MP-11787,CUST-12177,"H.No._60
Issac_Path
Gopalpur-308016",Gopalpur,Odisha,308016.0,Shipping
UK-11788,CUST-06561,"73/369,_Gade_Road
Jalna_103361",Jalna,Maharashtra,103361.0,Shipping
UP-11789,CUST-01699,"60
Dora_Nagar
Mirzapur-524713",Mirzapur,Uttar_Pradesh,524713.0,Billing
UP-11790,CUST-17588,"32/687
Sharaf_Ganj
Gurgaon-989010",Gurgaon,Haryana,989010.0,Billing
TR-11791,CUST-17444,"66/56,_Swamy_Marg,_Durgapur_941329",Durgapur,West_Bengal,941329.0,Shipping
TS-11792,CUST-16767,"H.No._33,_Dasgupta,_Ramagundam_565628",Ramagundam,Telangana,565628.0,Shipping
TN-11793,CUST-19962,"70/530,_Reddy_Ganj,_Pali-540755",Pali,Rajasthan,540755.0,Billing
AS-11794,CUST-12499,"H.No._602,_Agrawal_Road
Nagaon_372021",Nagaon,Assam,372021.0,"Billing,_Shipping"
MP-11795,CUST-01639,"H.No._90,_Soni_Ganj,_Kishanganj-435793",Kishanganj,Bihar,435793.0,Billing
TS-11796,CUST-01302,"H.No._04,_Issac_Circle,_Nizamabad_560224",Nizamabad,Telangana,560224.0,"Billing,_Shipping"
AS-11797,CUST-11109,"28/12,_Rajagopalan,_Bongaigaon_871628",Bongaigaon,Assam,871628.0,Shipping
AS-11798,CUST-13821,"16,_Yogi_Zila
Nagaon-202752",Nagaon,Assam,202752.0,Shipping
WB-11799,CUST-04198,"79/54
Sundaram_Zila
Madhyamgram_301944",Madhyamgram,West_Bengal,301944.0,Shipping
TN-11800,CUST-16745,"63,_Magar_Chowk
Vellore-976463",Vellore,Tamil_Nadu,976463.0,Billing
TN-11801,CUST-15602,"H.No._569
Bose_Road
Pallavaram-662852",Pallavaram,Tamil_Nadu,662852.0,Shipping
MH-11802,CUST-01801,"64/28,_Buch
Malegaon_938297",Malegaon,Maharashtra,938297.0,Billing
UP-11803,CUST-11453,"04/176
Raj_Ganj
Raipur-543518",Raipur,Chhattisgarh,543518.0,"Billing,_Shipping"
AS-11804,CUST-02189,"61/19,_Rao_Zila
Siliguri_995996",Siliguri,West_Bengal,995996.0,"Billing,_Shipping"
UK-11805,CUST-18553,"89/68,_Sane_Street,_Jalna_170260",Jalna,Maharashtra,170260.0,"Billing,_Shipping"
MH-11806,CUST-11437,"11/45
Goyal_Path
Karnal_951145",Karnal,Haryana,951145.0,"Billing,_Shipping"
HP-11807,CUST-02129,"22,_Barad_Circle
Udaipur-633422",Udaipur,Rajasthan,633422.0,Billing
HP-11808,CUST-13543,"03
Taneja_Path
Udaipur_219001",Udaipur,Rajasthan,219001.0,Shipping
WB-11809,CUST-19720,"999
Sandhu_Zila
Bally-463970",Bally,West_Bengal,463970.0,"Billing,_Shipping"
UK-11810,CUST-15122,"H.No._22,_Chauhan_Nagar
Shivpuri-989931",Shivpuri,Madhya_Pradesh,989931.0,"Billing,_Shipping"
CG-11811,CUST-12852,"H.No._158,_Khosla_Road
Bhilai-357996",Bhilai,Chhattisgarh,357996.0,Billing
JH-11812,CUST-13266,"39/86,_Bhatnagar_Circle,_Mango-556091",Mango,Jharkhand,556091.0,"Billing,_Shipping"
UP-11814,CUST-18438,"H.No._75,_Dayal_Circle,_Firozabad-722188",Firozabad,Uttar_Pradesh,722188.0,"Billing,_Shipping"
AS-11815,CUST-14859,"21
Ramanathan_Street
Siliguri_066095",Siliguri,West_Bengal,66095.0,Shipping
TS-11816,CUST-03766,"460,_Goda_Chowk
Sirsa_069511",Sirsa,Haryana,69511.0,Shipping
AP-11817,CUST-14113,"H.No._31
Sibal_Marg
Srikakulam_628361",Srikakulam,Andhra_Pradesh,628361.0,"Billing,_Shipping"
GJ-11818,CUST-11886,"514,_Gill_Road,_Gandhidham_077840",Gandhidham,Gujarat,77840.0,"Billing,_Shipping"
UP-11819,CUST-06819,"48/13,_Kadakia_Ganj,_Shahjahanpur_317102",Shahjahanpur,Uttar_Pradesh,317102.0,"Billing,_Shipping"
HR-11820,CUST-18803,"52/003,_Dhar_Nagar,_Bikaner-292019",Bikaner,Rajasthan,292019.0,Shipping
GJ-11821,CUST-18872,"H.No._188,_Dada_Street,_Kavali_465439",Kavali,Andhra_Pradesh,465439.0,Shipping
UK-11822,CUST-12238,"83/92
Chandran_Ganj
Shivpuri-861006",Shivpuri,Madhya_Pradesh,861006.0,"Billing,_Shipping"
WB-11823,CUST-06900,"245,_Kaur_Ganj,_Bhatpara-581466",Bhatpara,West_Bengal,581466.0,Shipping
MH-11824,CUST-12979,"72
Wadhwa_Road
Yamunanagar-157991",Yamunanagar,Haryana,157991.0,"Billing,_Shipping"
MP-11825,CUST-16885,"529
Garde_Path
Unnao-878980",Unnao,Uttar_Pradesh,878980.0,Shipping
TN-11826,CUST-19313,"64,_Keer_Chowk
Salem-554702",Salem,Tamil_Nadu,554702.0,Billing
MH-11827,CUST-05916,"271
Apte_Circle
Malegaon-063295",Malegaon,Maharashtra,63295.0,Billing
BR-11828,CUST-10539,"450,_Yogi_Nagar,_Purnia-692397",Purnia,Bihar,692397.0,Shipping
JH-11829,CUST-16555,"H.No._74,_Chand_Ganj,_Mango-727461",Mango,Jharkhand,727461.0,Billing
MP-11830,CUST-09598,"H.No._32,_Mander_Zila,_Ramgarh_209745",Ramgarh,Jharkhand,209745.0,"Billing,_Shipping"
GJ-11831,CUST-13757,"72
Dhingra_Chowk
Hajipur_020328",Hajipur,Bihar,20328.0,"Billing,_Shipping"
BR-11832,CUST-19658,"64,_Anand_Zila,_Munger-933946",Munger,Bihar,933946.0,"Billing,_Shipping"
UP-11833,CUST-12837,"H.No._753
Dora_Marg
Muzaffarpur_409536",Muzaffarpur,Bihar,409536.0,Shipping
MH-11834,CUST-14106,"567,_Dhillon_Road
Jalgaon_555168",Jalgaon,Maharashtra,555168.0,Shipping
GJ-11835,CUST-14155,"47/711,_Deo_Chowk
Jabalpur_886784",Jabalpur,Madhya_Pradesh,886784.0,"Billing,_Shipping"
UP-11836,CUST-04055,"H.No._81
Kaul_Zila
Sambhal-504931",Sambhal,Uttar_Pradesh,504931.0,"Billing,_Shipping"
GJ-11837,CUST-16631,"H.No._44,_Randhawa_Ganj,_Kavali-393738",Kavali,Andhra_Pradesh,393738.0,"Billing,_Shipping"
WB-11838,CUST-01343,"78,_Brahmbhatt_Zila
Uluberia-832710",Uluberia,West_Bengal,832710.0,Billing
WB-11839,CUST-12691,"89/793,_Sekhon_Circle
Bally-390713",Bally,West_Bengal,390713.0,Billing
WB-11840,CUST-13443,"08,_Warrior,_Kulti-664926",Kulti,West_Bengal,664926.0,"Billing,_Shipping"
MP-11841,CUST-13643,"634,_Gala_Path
Kishanganj_153579",Kishanganj,Bihar,153579.0,Billing
MP-11842,CUST-18862,"841
Lanka_Ganj
Ramgarh-344492",Ramgarh,Jharkhand,344492.0,Shipping
TS-11843,CUST-18458,"H.No._244
Deshpande_Ganj
Sirsa_140391",Sirsa,Haryana,140391.0,"Billing,_Shipping"
UP-11844,CUST-11318,"H.No._93,_Tandon
Mirzapur-387873",Mirzapur,Uttar_Pradesh,387873.0,Shipping
MP-11845,CUST-02172,"49/38
Reddy_Chowk
Indore_043796",Indore,Madhya_Pradesh,43796.0,"Billing,_Shipping"
UP-11846,CUST-00834,"63/10
Walia_Path
Ahmedabad-318411",Ahmedabad,Gujarat,318411.0,Billing
AP-11847,CUST-15787,"10,_Mandal_Path,_Bhimavaram_135512",Bhimavaram,Andhra_Pradesh,135512.0,Shipping
TS-11848,CUST-03281,"43
Jayaraman_Zila
Srinagar-138887",Srinagar,Jammu_and_Kashmir,138887.0,Billing
JH-11849,CUST-15526,"H.No._43
Seth_Marg
Mango_123388",Mango,Jharkhand,123388.0,Billing
WB-11850,CUST-06829,"73,_Datta_Road,_Baranagar-185051",Baranagar,West_Bengal,185051.0,Shipping
MH-11852,CUST-03824,"H.No._821,_Agarwal_Ganj,_Loni-348481",Loni,Uttar_Pradesh,348481.0,Billing
UP-11853,CUST-16650,"14/138,_Ramaswamy_Path,_Shahjahanpur_576348",Shahjahanpur,Uttar_Pradesh,576348.0,"Billing,_Shipping"
TN-11854,CUST-12664,"70/522,_Barad_Nagar
Avadi_708644",Avadi,Tamil_Nadu,708644.0,Billing
MH-11855,CUST-12829,"464,_Chowdhury_Street,_Rampur-300157",Rampur,Uttar_Pradesh,300157.0,Shipping
WB-11856,CUST-11031,"H.No._53,_Dhawan_Nagar
Uluberia-347921",Uluberia,West_Bengal,347921.0,"Billing,_Shipping"
UP-11857,CUST-17773,"H.No._28
Dayal_Road
Sambhal_224780",Sambhal,Uttar_Pradesh,224780.0,"Billing,_Shipping"
TN-11858,CUST-14366,"64/208,_Bedi_Road
Pallavaram-314889",Pallavaram,Tamil_Nadu,314889.0,"Billing,_Shipping"
AP-11859,CUST-18334,"14/56,_Divan_Street,_Anantapuram_819578",Anantapuram,Andhra_Pradesh,819578.0,Shipping
KA-11860,CUST-16299,"93/218
Sachdev_Chowk
Amaravati-803153",Amaravati,Andhra_Pradesh,803153.0,"Billing,_Shipping"
UP-11861,CUST-13638,"06/34,_Mani_Chowk
Mirzapur_252280",Mirzapur,Uttar_Pradesh,252280.0,"Billing,_Shipping"
WB-11862,CUST-18749,"H.No._456,_Rajagopal_Road,_Kulti_424422",Kulti,West_Bengal,424422.0,"Billing,_Shipping"
MH-11863,CUST-11739,"973,_Maharaj_Marg
Guntur-188468",Guntur,Andhra_Pradesh,188468.0,Billing
KA-11864,CUST-01323,"65,_Wali_Zila,_Amaravati-419835",Amaravati,Andhra_Pradesh,419835.0,Billing
WB-11865,CUST-10741,"31/89,_Bal_Road,_Bally_828776",Bally,West_Bengal,828776.0,Shipping
RJ-11866,CUST-16355,"71,_Loyal
Fatehpur_130282",Fatehpur,Uttar_Pradesh,130282.0,"Billing,_Shipping"
MP-11867,CUST-11909,"40/265,_Shere_Path
Agra-102675",Agra,Uttar_Pradesh,102675.0,"Billing,_Shipping"
UP-11868,CUST-14038,"H.No._587
Soni_Circle
Farrukhabad_228307",Farrukhabad,Uttar_Pradesh,228307.0,"Billing,_Shipping"
UP-11869,CUST-19007,"62/71,_Wali_Marg
Karimnagar_672932",Karimnagar,Telangana,672932.0,Shipping
WB-11870,CUST-10675,"H.No._77,_Iyer_Chowk,_Baranagar-762024",Baranagar,West_Bengal,762024.0,Shipping
GJ-11871,CUST-04406,"97/93,_Lata_Chowk,_Hajipur-074032",Hajipur,Bihar,74032.0,Billing
AP-11872,CUST-01172,"93
Gera_Nagar
Srikakulam_495418",Srikakulam,Andhra_Pradesh,495418.0,Shipping
MH-11873,CUST-13035,"H.No._434,_Cheema_Chowk,_Yamunanagar_455333",Yamunanagar,Haryana,455333.0,"Billing,_Shipping"
UP-11874,CUST-15674,"78/491
Sem_Path
Sambhal_851931",Sambhal,Uttar_Pradesh,851931.0,Billing
KA-11875,CUST-15236,"48,_Johal
Tumkur_066743",Tumkur,Karnataka,66743.0,Shipping
UP-11876,CUST-13829,"H.No._11,_Krish_Zila,_Sambhal-581245",Sambhal,Uttar_Pradesh,581245.0,"Billing,_Shipping"
TN-11877,CUST-04855,"11/68
Thaker_Road
Chittoor-130982",Chittoor,Andhra_Pradesh,130982.0,Billing
KL-11878,CUST-18455,"80/950,_Shetty_Road
Kollam-896718",Kollam,Kerala,896718.0,"Billing,_Shipping"
AS-11879,CUST-12887,"581,_Sachar_Chowk,_Nagaon_903012",Nagaon,Assam,903012.0,Billing
WB-11880,CUST-07030,"48,_Balan_Marg
Aligarh_590941",Aligarh,Uttar_Pradesh,590941.0,Shipping
KA-11881,CUST-16726,"23,_Cherian_Ganj,_Hosur_562656",Hosur,Tamil_Nadu,562656.0,"Billing,_Shipping"
HR-11882,CUST-11237,"424,_Saraf_Chowk,_Bikaner-536220",Bikaner,Rajasthan,536220.0,Shipping
JH-11883,CUST-04669,"H.No._23,_Sama_Nagar,_Mango-023105",Mango,Jharkhand,23105.0,Billing
OR-11884,CUST-12132,"95/04
Dua
Bharatpur-297040",Bharatpur,Rajasthan,297040.0,"Billing,_Shipping"
OR-11885,CUST-03603,"37/66,_Master_Marg,_Patna-973309",Patna,Bihar,973309.0,Billing
TN-11886,CUST-09356,"H.No._473,_Kale_Zila,_Pallavaram-160637",Pallavaram,Tamil_Nadu,160637.0,Billing
HR-11887,CUST-11944,"99/478,_Dhar_Path
Bikaner_246309",Bikaner,Rajasthan,246309.0,"Billing,_Shipping"
TS-11889,CUST-11628,"H.No._46
Baria
Dindigul-282102",Dindigul,Tamil_Nadu,282102.0,Billing
MP-11890,CUST-17827,"80/79,_Bala_Path
Indore_243486",Indore,Madhya_Pradesh,243486.0,Shipping
MH-11891,CUST-10096,"H.No._146,_Talwar,_Malegaon-291430",Malegaon,Maharashtra,291430.0,Shipping
TN-11892,CUST-12072,"H.No._39,_Balan,_Salem-369697",Salem,Tamil_Nadu,369697.0,"Billing,_Shipping"
TN-11893,CUST-18668,"565
Barad_Path
Chittoor_508467",Chittoor,Andhra_Pradesh,508467.0,Shipping
TS-11894,CUST-01478,"100,_Sagar_Ganj,_Dindigul-742009",Dindigul,Tamil_Nadu,742009.0,Billing
TN-11895,CUST-01525,"30/744,_Sant_Path,_Vellore_134059",Vellore,Tamil_Nadu,134059.0,"Billing,_Shipping"
OR-11896,CUST-00418,"40
Yadav_Ganj
Danapur_455352",Danapur,Bihar,455352.0,"Billing,_Shipping"
RJ-11897,CUST-07346,"27
Tak_Street
Dewas_157666",Dewas,Madhya_Pradesh,157666.0,"Billing,_Shipping"
CG-11898,CUST-17691,"H.No._22,_Magar_Road,_Nagpur-040102",Nagpur,Maharashtra,40102.0,"Billing,_Shipping"
MH-11899,CUST-19837,"468,_Varughese_Street,_Loni-650378",Loni,Uttar_Pradesh,650378.0,Shipping
BR-11900,CUST-16010,"716,_Grewal_Zila,_Satna_385809",Satna,Madhya_Pradesh,385809.0,Shipping
HR-11901,CUST-06148,"458,_Karnik_Zila,_Aurangabad-508121",Aurangabad,Maharashtra,508121.0,Billing
TS-11902,CUST-05235,"38/91
Kadakia_Path
Ramagundam_157248",Ramagundam,Telangana,157248.0,Billing
MP-11903,CUST-07164,"66/19,_Banik_Road
Unnao_868955",Unnao,Uttar_Pradesh,868955.0,Shipping
UP-11904,CUST-07840,"H.No._90
Khalsa_Ganj
Farrukhabad-857548",Farrukhabad,Uttar_Pradesh,857548.0,"Billing,_Shipping"
WB-11905,CUST-01608,"73,_Sawhney_Path
Bidhannagar_534437",Bidhannagar,West_Bengal,534437.0,Shipping
MH-11906,CUST-16094,"834,_Mandal_Street
Karnal-818027",Karnal,Haryana,818027.0,"Billing,_Shipping"
MP-11907,CUST-18111,"H.No._19,_Salvi_Ganj,_Unnao_037528",Unnao,Uttar_Pradesh,37528.0,Billing
BR-11908,CUST-08714,"81,_Bala_Street
Ballia-389121",Ballia,Uttar_Pradesh,389121.0,"Billing,_Shipping"
MH-11909,CUST-16709,"97/06,_Comar_Zila,_Nanded-153884",Nanded,Maharashtra,153884.0,Shipping
UP-11910,CUST-09276,"71/098
Raj_Marg
Gurgaon-518892",Gurgaon,Haryana,518892.0,Billing
TN-11911,CUST-01097,"60/274,_Sachar_Marg
Avadi-419528",Avadi,Tamil_Nadu,419528.0,Billing
MP-11912,CUST-09949,"88/57
Kata_Path
Jhansi-292820",Jhansi,Uttar_Pradesh,292820.0,Shipping
AP-11913,CUST-14655,"H.No._303
Wali_Zila
Dharmavaram_514647",Dharmavaram,Andhra_Pradesh,514647.0,Billing
UP-11914,CUST-10997,"H.No._39
Kumar_Ganj
Bhagalpur-570759",Bhagalpur,Bihar,570759.0,"Billing,_Shipping"
BR-11915,CUST-12611,"60
Karpe_Ganj
Purnia_995122",Purnia,Bihar,995122.0,Billing
BR-11916,CUST-11843,"48/945
Baria_Marg
Purnia-698723",Purnia,Bihar,698723.0,"Billing,_Shipping"
OR-11918,CUST-03145,"25,_Goswami_Chowk
Haldia-744485",Haldia,West_Bengal,744485.0,Shipping
TN-11919,CUST-13476,"290,_Gola_Path
Vellore-912983",Vellore,Tamil_Nadu,912983.0,"Billing,_Shipping"
GJ-11920,CUST-10191,"615
Sibal_Chowk
Vadodara_203385",Vadodara,Gujarat,203385.0,Shipping
MH-11921,CUST-17188,"H.No._906
Choudhury_Path
Yamunanagar-221438",Yamunanagar,Haryana,221438.0,"Billing,_Shipping"
UP-11922,CUST-10195,"H.No._42,_Kaur_Marg
Raiganj-784921",Raiganj,West_Bengal,784921.0,Shipping
AS-11923,CUST-17564,"H.No._305
Biswas_Circle
Bongaigaon_112575",Bongaigaon,Assam,112575.0,"Billing,_Shipping"
MH-11924,CUST-15783,"H.No._118
Mander_Zila
Satara_945051",Satara,Maharashtra,945051.0,Billing
AP-11925,CUST-16808,"59/790,_Amble_Zila
Anantapuram_054802",Anantapuram,Andhra_Pradesh,54802.0,"Billing,_Shipping"
GJ-11926,CUST-11846,"H.No._390,_Bawa_Ganj
Hajipur-038381",Hajipur,Bihar,38381.0,Shipping
RJ-11927,CUST-02571,"H.No._020
Sibal
Rajkot-486323",Rajkot,Gujarat,486323.0,Shipping
UK-11928,CUST-19019,"49/819,_Khalsa_Circle,_Jalna-728841",Jalna,Maharashtra,728841.0,Billing
KA-11929,CUST-00257,"570
Balasubramanian
Mangalore-038979",Mangalore,Karnataka,38979.0,Shipping
MH-11930,CUST-08278,"44
Rau_Marg
Bhiwandi_728078",Bhiwandi,Maharashtra,728078.0,Shipping
WB-11931,CUST-14423,"23,_Balay_Nagar,_Kulti-931878",Kulti,West_Bengal,931878.0,"Billing,_Shipping"
TN-11932,CUST-14323,"839,_Chanda_Ganj
Vellore_854704",Vellore,Tamil_Nadu,854704.0,"Billing,_Shipping"
AS-11933,CUST-12361,"16,_Swamy_Chowk,_Siliguri-914541",Siliguri,West_Bengal,914541.0,Shipping
WB-11934,CUST-16330,"H.No._37,_Chaudhuri_Path,_Baranagar_215168",Baranagar,West_Bengal,215168.0,Billing
WB-11935,CUST-19184,"116,_Bose_Ganj
Uluberia-784288",Uluberia,West_Bengal,784288.0,Shipping
BR-11936,CUST-04999,"17/01,_Walla_Road,_Jaipur_562426",Jaipur,Rajasthan,562426.0,Shipping
AP-11937,CUST-05731,"56/82,_Dubey_Circle,_Bhimavaram-054395",Bhimavaram,Andhra_Pradesh,54395.0,Shipping
JH-11938,CUST-03327,"84,_Garde_Road
Asansol_414237",Asansol,West_Bengal,414237.0,Billing
MP-11939,CUST-11152,"98,_Rege_Marg,_Gopalpur_323735",Gopalpur,Odisha,323735.0,Shipping
MP-11940,CUST-17097,"70,_Arya_Road
Indore-500631",Indore,Madhya_Pradesh,500631.0,Billing
GJ-11941,CUST-10411,"H.No._798,_Garde_Path,_Vadodara-724067",Vadodara,Gujarat,724067.0,Billing
MP-11942,CUST-03263,"10,_Grover_Marg,_Indore-002520",Indore,Madhya_Pradesh,2520.0,Billing
TN-11943,CUST-17906,"H.No._41,_Choudhury_Path,_Vellore_088688",Vellore,Tamil_Nadu,88688.0,Billing
DL-11944,CUST-03779,"534,_Ratta_Path
Delhi-943513",Delhi,Delhi_(Union_Territory),943513.0,"Billing,_Shipping"
TS-11945,CUST-06635,"H.No._240,_Sastry_Circle
Srinagar-375127",Srinagar,Jammu_and_Kashmir,375127.0,Shipping
TS-11946,CUST-10702,"52,_Kara_Circle
Nizamabad_687579",Nizamabad,Telangana,687579.0,"Billing,_Shipping"
AP-11947,CUST-08420,"80
Sachdeva
Jammu_295263",Jammu,Jammu_and_Kashmir,295263.0,Billing
JH-11948,CUST-10227,"88/635
Seth_Path
Kharagpur-077898",Kharagpur,West_Bengal,77898.0,Shipping
WB-11949,CUST-01793,"H.No._402,_Krishnan_Zila,_Bhatpara_631334",Bhatpara,West_Bengal,631334.0,"Billing,_Shipping"
TN-11950,CUST-13154,"28/996,_Bala_Ganj
Salem_708319",Salem,Tamil_Nadu,708319.0,Shipping
WB-11951,CUST-14661,"97/484,_Divan
Bidhannagar_773429",Bidhannagar,West_Bengal,773429.0,Shipping
DL-11952,CUST-19573,"80/16,_Chandran_Chowk,_Delhi-286246",Delhi,Delhi_(Union_Territory),286246.0,Shipping
BR-11953,CUST-12637,"446,_Dey_Path,_Purnia_005121",Purnia,Bihar,5121.0,Billing
JH-11954,CUST-07363,"366,_Shukla
Phusro_858355",Phusro,Jharkhand,858355.0,"Billing,_Shipping"
BR-11955,CUST-16511,"H.No._293,_Banerjee_Nagar
Buxar_217472",Buxar,Bihar,217472.0,Shipping
TS-11956,CUST-08725,"16,_Johal_Zila
Ramagundam-881518",Ramagundam,Telangana,881518.0,Billing
MH-11957,CUST-15384,"H.No._390
Bhatt_Ganj
Nanded_431265",Nanded,Maharashtra,431265.0,Billing
KA-11958,CUST-13589,"H.No._886
Chander_Road
Mangalore_878263",Mangalore,Karnataka,878263.0,"Billing,_Shipping"
WB-11959,CUST-18928,"H.No._72
Buch_Chowk
Bally-283433",Bally,West_Bengal,283433.0,"Billing,_Shipping"
TN-11960,CUST-16936,"H.No._42,_Taneja_Zila
Pali_168817",Pali,Rajasthan,168817.0,Shipping
AS-11961,CUST-10963,"93
Rama_Street
Siliguri_109840",Siliguri,West_Bengal,109840.0,Shipping
WB-11962,CUST-10133,"H.No._48,_Tandon_Ganj
Madhyamgram_700184",Madhyamgram,West_Bengal,700184.0,Billing
OR-11963,CUST-04399,"H.No._38,_Varma_Circle,_Mathura-264184",Mathura,Uttar_Pradesh,264184.0,"Billing,_Shipping"
MH-11964,CUST-10401,"84
Bhatia_Road
Yamunanagar_269676",Yamunanagar,Haryana,269676.0,"Billing,_Shipping"
WB-11965,CUST-16515,"60/51,_Jayaraman_Path
Panihati-864661",Panihati,West_Bengal,864661.0,"Billing,_Shipping"
KA-11966,CUST-12022,"81,_Guha_Road
Amaravati_336774",Amaravati,Andhra_Pradesh,336774.0,Shipping
TN-11967,CUST-16067,"261,_Kumar_Nagar
Gandhinagar-561971",Gandhinagar,Gujarat,561971.0,Billing
WB-11968,CUST-07887,"H.No._54,_Ram_Zila
Naihati_877185",Naihati,West_Bengal,877185.0,"Billing,_Shipping"
OR-11969,CUST-11279,"933,_Sankar,_Anantapur-475129",Anantapur,Andhra_Pradesh,475129.0,"Billing,_Shipping"
UK-11971,CUST-01296,"908,_Jayaraman_Nagar
Haridwar-426762",Haridwar,Uttarakhand,426762.0,"Billing,_Shipping"
MP-11972,CUST-11092,"91/13
Majumdar
Indore_474279",Indore,Madhya_Pradesh,474279.0,Billing
AP-11973,CUST-16531,"96/89
Viswanathan_Road
Srikakulam-370440",Srikakulam,Andhra_Pradesh,370440.0,Billing
GJ-11974,CUST-14213,"635,_Mane_Nagar,_Vadodara_753821",Vadodara,Gujarat,753821.0,Billing
HR-11975,CUST-13765,"597
Kumer_Road
Bikaner-514544",Bikaner,Rajasthan,514544.0,Shipping
MH-11976,CUST-18139,"H.No._05,_Vyas_Ganj,_Yamunanagar_225487",Yamunanagar,Haryana,225487.0,"Billing,_Shipping"
BR-11977,CUST-17629,"30/231
Datta_Circle
Jaipur-054188",Jaipur,Rajasthan,54188.0,"Billing,_Shipping"
WB-11978,CUST-18493,"H.No._216,_Gola_Ganj
Madhyamgram-891094",Madhyamgram,West_Bengal,891094.0,Shipping
CG-11979,CUST-11231,"892,_Mane_Road,_Sagar_693095",Sagar,Madhya_Pradesh,693095.0,Shipping
TS-11980,CUST-06557,"76,_Manne_Circle,_Dindigul-001488",Dindigul,Tamil_Nadu,1488.0,Billing
MH-11981,CUST-06526,"H.No._690,_Thakkar_Chowk,_Nanded_552786",Nanded,Maharashtra,552786.0,Billing
WB-11982,CUST-13641,"89/78,_Swaminathan,_Kamarhati_068550",Kamarhati,West_Bengal,68550.0,Shipping
AS-11983,CUST-09740,"66/316,_Sinha_Marg
Bongaigaon-528778",Bongaigaon,Assam,528778.0,Billing
WB-11984,CUST-16874,"H.No._099,_Kibe,_Aligarh_847073",Aligarh,Uttar_Pradesh,847073.0,Shipping
WB-11985,CUST-15648,"20/547
Srinivas_Chowk
Uluberia_825788",Uluberia,West_Bengal,825788.0,"Billing,_Shipping"
UP-11986,CUST-16953,"H.No._91
Chandran_Path
Bhagalpur_753739",Bhagalpur,Bihar,753739.0,Billing
MH-11987,CUST-05651,"38/330,_Mane_Circle,_Satara_726162",Satara,Maharashtra,726162.0,Billing
UK-11988,CUST-01913,"018
Kulkarni_Road
Shivpuri-536464",Shivpuri,Madhya_Pradesh,536464.0,Shipping
CG-11989,CUST-03020,"08/708,_Char_Chowk
Bhilai_753753",Bhilai,Chhattisgarh,753753.0,Billing
TR-11990,CUST-06696,"07/051,_Sabharwal_Path
Chandigarh_497595",Chandigarh,Chandigarh_(Union_Territory),497595.0,Billing
OR-11991,CUST-15499,"H.No._485
Kurian_Road
Kanpur_664376",Kanpur,Uttar_Pradesh,664376.0,Billing
OR-11992,CUST-10806,"42,_Arora_Nagar,_Kanpur-810857",Kanpur,Uttar_Pradesh,810857.0,Shipping
GJ-11993,CUST-13307,"879
Iyer_Path
Vadodara-572278",Vadodara,Gujarat,572278.0,Shipping
RJ-11994,CUST-05142,"95/62,_Mangal_Nagar
Rajkot-600314",Rajkot,Gujarat,600314.0,Shipping
TS-11995,CUST-19860,"91/70,_Gopal_Marg
Hindupur-502376",Hindupur,Andhra_Pradesh,502376.0,Billing
MP-11996,CUST-16262,"48,_Ahuja_Zila,_Indore_330378",Indore,Madhya_Pradesh,330378.0,"Billing,_Shipping"
MH-11997,CUST-16155,"94,_Subramaniam_Nagar,_Loni-131254",Loni,Uttar_Pradesh,131254.0,"Billing,_Shipping"
BR-11998,CUST-14079,"93/02,_Raju,_Satna_898417",Satna,Madhya_Pradesh,898417.0,Shipping
RJ-11999,CUST-13085,"H.No._429
Mahal
Rajkot-190504",Rajkot,Gujarat,190504.0,Shipping
TN-12000,CUST-11924,"13/49,_Varty_Zila
Salem-056098",Salem,Tamil_Nadu,56098.0,Shipping
OR-12001,CUST-10751,"617,_Desai_Nagar
Chandrapur-597683",Chandrapur,Maharashtra,597683.0,"Billing,_Shipping"
AP-12002,CUST-12006,"64/35,_Yadav_Ganj
Jammu_538444",Jammu,Jammu_and_Kashmir,538444.0,Billing
BR-12003,CUST-18353,"H.No._722,_Tripathi_Chowk,_Munger_349717",Munger,Bihar,349717.0,Billing
BR-12004,CUST-10177,"H.No._73,_Thakkar
Jaipur_927825",Jaipur,Rajasthan,927825.0,"Billing,_Shipping"
TS-12005,CUST-10070,"H.No._07,_Bains_Ganj
Sirsa_206203",Sirsa,Haryana,206203.0,Billing
TN-12006,CUST-14259,"49/28,_Deshpande_Zila,_Pali-794687",Pali,Rajasthan,794687.0,"Billing,_Shipping"
MP-12007,CUST-18978,"92,_Kata_Street,_Indore_073550",Indore,Madhya_Pradesh,73550.0,Shipping
RJ-12008,CUST-12783,"302
Shah_Zila
Akola-871737",Akola,Maharashtra,871737.0,Billing
RJ-12009,CUST-15291,"65/218
Chakrabarti_Marg
Rajkot-304718",Rajkot,Gujarat,304718.0,Shipping
HR-12010,CUST-15675,"57/198,_Shetty_Road
Siwan-908465",Siwan,Bihar,908465.0,Shipping
UP-12011,CUST-15251,"23/833,_Sekhon_Ganj,_Gurgaon-404591",Gurgaon,Haryana,404591.0,"Billing,_Shipping"
OR-12012,CUST-18762,"04/04,_Mall_Nagar,_Bijapur-413893",Bijapur,Karnataka,413893.0,Billing
MP-12013,CUST-11554,"717
Maharaj_Ganj
Jodhpur_094685",Jodhpur,Rajasthan,94685.0,Shipping
HP-12014,CUST-17985,"H.No._127,_Tella_Ganj,_Udaipur_498631",Udaipur,Rajasthan,498631.0,"Billing,_Shipping"
TS-12015,CUST-09403,"28
Comar_Marg
Nizamabad-129839",Nizamabad,Telangana,129839.0,"Billing,_Shipping"
AP-12016,CUST-17291,"72/965
Kohli
Dharmavaram-435239",Dharmavaram,Andhra_Pradesh,435239.0,Billing
TS-12017,CUST-07267,"16/230,_Deshpande,_Dindigul_318777",Dindigul,Tamil_Nadu,318777.0,Shipping
MP-12018,CUST-14839,"H.No._286,_Deshpande_Path
Unnao-162764",Unnao,Uttar_Pradesh,162764.0,Shipping
TN-12019,CUST-14416,"H.No._66
Chacko_Street
Tiruvottiyur_994368",Tiruvottiyur,Tamil_Nadu,994368.0,Billing
JH-12020,CUST-13699,"H.No._881
Gokhale_Street
Mango_201666",Mango,Jharkhand,201666.0,Shipping
MP-12021,CUST-04180,"76/797,_Mahajan_Nagar
Kota_940293",Kota,Rajasthan,940293.0,Billing
BR-12022,CUST-05793,"H.No._941,_Luthra
Satna_012126",Satna,Madhya_Pradesh,12126.0,Shipping
UK-12023,CUST-06075,"H.No._730,_Sinha
Jalna-946590",Jalna,Maharashtra,946590.0,Billing
MH-12024,CUST-15324,"61/150,_Agarwal_Path,_Rampur_360038",Rampur,Uttar_Pradesh,360038.0,"Billing,_Shipping"
WB-12025,CUST-12259,"H.No._505,_Ahluwalia_Circle
Arrah-593683",Arrah,Bihar,593683.0,Billing
UP-12026,CUST-11785,"13/032,_Hayer_Circle,_Chapra_901351",Chapra,Bihar,901351.0,Shipping
CG-12027,CUST-10821,"H.No._086,_Balakrishnan_Street,_Malda-581575",Malda,West_Bengal,581575.0,"Billing,_Shipping"
HR-12028,CUST-14700,"H.No._280
Bora_Marg
Bikaner-180651",Bikaner,Rajasthan,180651.0,Billing
UP-12029,CUST-07797,"91/007,_Desai_Chowk,_Bhagalpur_848052",Bhagalpur,Bihar,848052.0,Billing
OR-12030,CUST-15736,"113,_Sahni_Nagar,_Bharatpur-431972",Bharatpur,Rajasthan,431972.0,"Billing,_Shipping"
OR-12031,CUST-13080,"94/498
Devi_Ganj
Chandrapur-857659",Chandrapur,Maharashtra,857659.0,Billing
UP-12032,CUST-18608,"84/50
Gera_Road
Raipur_310687",Raipur,Chhattisgarh,310687.0,Shipping
TS-12033,CUST-16565,"H.No._320,_Subramaniam_Zila
Proddatur-672221",Proddatur,Andhra_Pradesh,672221.0,"Billing,_Shipping"
GJ-12034,CUST-15301,"H.No._407,_Thaker_Ganj
Hajipur-312957",Hajipur,Bihar,312957.0,Billing
MP-12035,CUST-17010,"06,_Kant_Marg,_Khandwa-756128",Khandwa,Madhya_Pradesh,756128.0,Shipping
MP-12036,CUST-15722,"H.No._718
Sarraf_Nagar
Jodhpur-045798",Jodhpur,Rajasthan,45798.0,"Billing,_Shipping"
WB-12037,CUST-03852,"52,_Gaba_Circle
Kamarhati_713394",Kamarhati,West_Bengal,713394.0,"Billing,_Shipping"
UP-12038,CUST-13674,"H.No._516,_Sankaran_Circle
Firozabad_446966",Firozabad,Uttar_Pradesh,446966.0,Billing
TN-12039,CUST-06166,"72
Khalsa_Ganj
Tiruvottiyur_948752",Tiruvottiyur,Tamil_Nadu,948752.0,Shipping
TS-12040,CUST-07201,"05/80
Bandi_Marg
Ramagundam-555399",Ramagundam,Telangana,555399.0,Billing
OR-12041,CUST-16055,"788
Sunder_Zila
Danapur-769876",Danapur,Bihar,769876.0,Shipping
DL-12042,CUST-03878,"065
Saha_Marg
Delhi-245164",Delhi,Delhi_(Union_Territory),245164.0,Billing
TN-12043,CUST-18571,"H.No._392,_Kala_Circle,_Pallavaram_018364",Pallavaram,Tamil_Nadu,18364.0,Billing
UP-12044,CUST-04255,"22/951,_Ram_Road,_Burhanpur-150456",Burhanpur,Madhya_Pradesh,150456.0,"Billing,_Shipping"
CG-12045,CUST-09187,"43,_Dutt_Chowk,_Sagar-610821",Sagar,Madhya_Pradesh,610821.0,Billing
UP-12046,CUST-04805,"H.No._153,_Saini_Road,_Gurgaon-977541",Gurgaon,Haryana,977541.0,"Billing,_Shipping"
KA-12047,CUST-11273,"16/425,_Tara_Nagar
Amaravati_935182",Amaravati,Andhra_Pradesh,935182.0,Billing
OR-12048,CUST-02556,"79/05,_Jaggi_Road,_Berhampur-006033",Berhampur,Odisha,6033.0,Billing
UK-12049,CUST-19156,"26/22,_Vaidya_Zila,_Haridwar_893651",Haridwar,Uttarakhand,893651.0,Billing
MH-12050,CUST-09115,"29,_Jhaveri_Path,_Yamunanagar_019496",Yamunanagar,Haryana,19496.0,"Billing,_Shipping"
RJ-12051,CUST-12491,"98/818,_Chander_Nagar,_Dewas_657957",Dewas,Madhya_Pradesh,657957.0,"Billing,_Shipping"
OR-12052,CUST-05039,"73
Bose_Circle
Kanpur_775569",Kanpur,Uttar_Pradesh,775569.0,"Billing,_Shipping"
OR-12053,CUST-10493,"H.No._55
Apte
Kanpur_947281",Kanpur,Uttar_Pradesh,947281.0,Billing
GJ-12054,CUST-16844,"08/72,_Krishnan_Nagar,_Gandhidham-359143",Gandhidham,Gujarat,359143.0,"Billing,_Shipping"
TN-12055,CUST-11726,"033,_Chowdhury_Circle,_Pallavaram_561783",Pallavaram,Tamil_Nadu,561783.0,"Billing,_Shipping"
JH-12056,CUST-19954,"87/845,_Banerjee_Circle
Asansol_608472",Asansol,West_Bengal,608472.0,"Billing,_Shipping"
JH-12057,CUST-00654,"00/36,_Lata_Nagar,_Phusro-684434",Phusro,Jharkhand,684434.0,Shipping
AP-12058,CUST-01871,"59,_Bahl_Street,_Dharmavaram_117677",Dharmavaram,Andhra_Pradesh,117677.0,Billing
MH-12059,CUST-08193,"70,_Dhar,_Jalgaon-471147",Jalgaon,Maharashtra,471147.0,Shipping
JH-12060,CUST-18307,"H.No._06,_Hayre
Mango-547577",Mango,Jharkhand,547577.0,Billing
BR-12061,CUST-15952,"20
Bhasin_Ganj
Jaipur_321057",Jaipur,Rajasthan,321057.0,"Billing,_Shipping"
BR-12062,CUST-12179,"66,_Sahni_Path
Satna_527219",Satna,Madhya_Pradesh,527219.0,"Billing,_Shipping"
WB-12063,CUST-10183,"786,_Tak_Zila,_Bidhannagar-740153",Bidhannagar,West_Bengal,740153.0,"Billing,_Shipping"
AS-12064,CUST-15681,"53,_Swamy_Street,_Nagaon-097680",Nagaon,Assam,97680.0,Shipping
UP-12065,CUST-10409,"H.No._03
Baral_Zila
Mirzapur-060994",Mirzapur,Uttar_Pradesh,60994.0,Billing
TR-12066,CUST-03743,"H.No._694,_Ghose,_Chandigarh_612823",Chandigarh,Chandigarh_(Union_Territory),612823.0,Shipping
UK-12067,CUST-15107,"44/824,_Roy,_Shivpuri-570679",Shivpuri,Madhya_Pradesh,570679.0,"Billing,_Shipping"
MP-12068,CUST-05763,"91/434
Barman_Street
Jodhpur-216537",Jodhpur,Rajasthan,216537.0,Billing
TS-12069,CUST-07324,"92/741,_Bhagat_Street,_Proddatur_268458",Proddatur,Andhra_Pradesh,268458.0,"Billing,_Shipping"
AP-12070,CUST-10493,"H.No._986,_Joshi_Street,_Srikakulam-707625",Srikakulam,Andhra_Pradesh,707625.0,Billing
BR-12071,CUST-16517,"938,_Som_Street
Satna_630925",Satna,Madhya_Pradesh,630925.0,Billing
UP-12072,CUST-13209,"H.No._45
Sahni_Path
Firozabad_884799",Firozabad,Uttar_Pradesh,884799.0,Shipping
AP-12073,CUST-05798,"17,_Sankar_Chowk,_Dharmavaram-350173",Dharmavaram,Andhra_Pradesh,350173.0,"Billing,_Shipping"
UP-12074,CUST-09523,"43/102,_Mangat_Circle
Raipur-126951",Raipur,Chhattisgarh,126951.0,"Billing,_Shipping"
UP-12075,CUST-13059,"397
Kulkarni_Nagar
Gurgaon-785326",Gurgaon,Haryana,785326.0,Shipping
OR-12076,CUST-10886,"H.No._81,_Sarin_Path
Bilaspur_221598",Bilaspur,Chhattisgarh,221598.0,"Billing,_Shipping"
TN-12077,CUST-18190,"14/94,_Gola_Ganj
Salem-521875",Salem,Tamil_Nadu,521875.0,Shipping
TS-12078,CUST-17755,"47
Lala_Ganj
Proddatur-436530",Proddatur,Andhra_Pradesh,436530.0,Shipping
DL-12079,CUST-03298,"H.No._186,_Sarna_Marg
Delhi_047547",Delhi,Delhi_(Union_Territory),47547.0,"Billing,_Shipping"
JH-12080,CUST-14547,"21/046,_Devi_Circle
Phusro_760977",Phusro,Jharkhand,760977.0,Billing
UP-12081,CUST-09797,"H.No._84
Raman_Marg
Raipur_582469",Raipur,Chhattisgarh,582469.0,Billing
BR-12082,CUST-00766,"24/43,_Das_Ganj
Satna_996453",Satna,Madhya_Pradesh,996453.0,Billing
KA-12083,CUST-04475,"21/70,_Andra_Road,_Mangalore_502632",Mangalore,Karnataka,502632.0,Billing
TN-12084,CUST-11744,"67/784
Hayer_Chowk
Chittoor-922421",Chittoor,Andhra_Pradesh,922421.0,"Billing,_Shipping"
AP-12086,CUST-04449,"H.No._262
Rege_Ganj
Gudivada_918435",Gudivada,Andhra_Pradesh,918435.0,"Billing,_Shipping"
WB-12087,CUST-18906,"H.No._85,_Banerjee_Street
Arrah-598090",Arrah,Bihar,598090.0,Shipping
TS-12088,CUST-15585,"H.No._93,_Tiwari_Circle
Dindigul-849580",Dindigul,Tamil_Nadu,849580.0,Shipping
MP-12089,CUST-01189,"H.No._61,_Wable_Marg
Khandwa_913589",Khandwa,Madhya_Pradesh,913589.0,Shipping
MH-12090,CUST-07074,"557,_Chada_Nagar,_Yamunanagar_239893",Yamunanagar,Haryana,239893.0,"Billing,_Shipping"
CG-12091,CUST-13047,"36
Gulati
Sagar-264845",Sagar,Madhya_Pradesh,264845.0,Shipping
MP-12092,CUST-14100,"H.No._58
Goel_Marg
Khandwa_848256",Khandwa,Madhya_Pradesh,848256.0,Shipping
KL-12094,CUST-11604,"069,_Bassi_Nagar,_Kollam_487816",Kollam,Kerala,487816.0,Billing
GJ-12095,CUST-19776,"32/73,_Sawhney_Ganj,_Ajmer-078383",Ajmer,Rajasthan,78383.0,Billing
UP-12096,CUST-01672,"71,_Raj_Circle,_Burhanpur-313475",Burhanpur,Madhya_Pradesh,313475.0,"Billing,_Shipping"
MP-12097,CUST-12932,"H.No._127,_Sinha_Road,_Indore_951187",Indore,Madhya_Pradesh,951187.0,Billing
TN-12098,CUST-17526,"614,_Varghese_Path
Tiruvottiyur_842932",Tiruvottiyur,Tamil_Nadu,842932.0,Billing
CG-12099,CUST-02249,"35/70
Soni_Chowk
Bhilai-754651",Bhilai,Chhattisgarh,754651.0,Billing
TN-12100,CUST-19928,"H.No._70,_Roy_Path,_Vellore-023182",Vellore,Tamil_Nadu,23182.0,"Billing,_Shipping"
UP-12101,CUST-12347,"13/565,_Keer,_Bhagalpur-233994",Bhagalpur,Bihar,233994.0,Shipping
RJ-12102,CUST-18684,"89/974
Chahal_Ganj
Akola_655497",Akola,Maharashtra,655497.0,Shipping
UK-12103,CUST-08762,"H.No._643,_Iyengar_Chowk,_Haridwar-941619",Haridwar,Uttarakhand,941619.0,Shipping
MH-12104,CUST-02966,"H.No._247
Ahuja_Road
Bhiwandi-346386",Bhiwandi,Maharashtra,346386.0,"Billing,_Shipping"
UP-12105,CUST-09986,"H.No._248,_Contractor_Nagar
Ahmedabad_307469",Ahmedabad,Gujarat,307469.0,Shipping
MP-12106,CUST-11364,"49/196,_Gill_Ganj
Mau_936089",Mau,Uttar_Pradesh,936089.0,Billing
OR-12107,CUST-17554,"83,_Gole_Nagar
Haldia-478368",Haldia,West_Bengal,478368.0,Shipping
UK-12108,CUST-10184,"89
Kulkarni_Chowk
Jalna-152054",Jalna,Maharashtra,152054.0,Billing
RJ-12109,CUST-16201,"20/334,_Sarin_Road,_Akola-142547",Akola,Maharashtra,142547.0,Billing
GJ-12110,CUST-19548,"H.No._14
Sabharwal_Zila
Allahabad_407317",Allahabad,Uttar_Pradesh,407317.0,"Billing,_Shipping"
GJ-12111,CUST-15967,"21/894
Mammen_Ganj
Jabalpur-044691",Jabalpur,Madhya_Pradesh,44691.0,Shipping
MH-12112,CUST-03632,"41/05,_Sandhu,_Malegaon_022481",Malegaon,Maharashtra,22481.0,Billing
KA-12113,CUST-17315,"09/631,_Kurian_Ganj,_Tumkur-365886",Tumkur,Karnataka,365886.0,Shipping
AP-12114,CUST-14242,"00/523,_Rana_Path,_Gudivada-736642",Gudivada,Andhra_Pradesh,736642.0,Shipping
TS-12115,CUST-15392,"78/979
Rama_Marg
Nizamabad-278577",Nizamabad,Telangana,278577.0,"Billing,_Shipping"
UP-12116,CUST-13062,"736,_Mannan,_Mirzapur-855505",Mirzapur,Uttar_Pradesh,855505.0,Shipping
RJ-12117,CUST-19927,"15/92,_Randhawa,_Dewas-173919",Dewas,Madhya_Pradesh,173919.0,Billing
TR-12118,CUST-11076,"20/092
Bhattacharyya_Marg
Chandigarh-186116",Chandigarh,Chandigarh_(Union_Territory),186116.0,Shipping
BR-12119,CUST-03102,"47,_Krishna_Road
Ballia_443203",Ballia,Uttar_Pradesh,443203.0,"Billing,_Shipping"
TN-12120,CUST-18182,"56/309
Johal_Street
Gandhinagar-760271",Gandhinagar,Gujarat,760271.0,Billing
WB-12121,CUST-19097,"H.No._201,_Mahal_Nagar,_Aligarh-006744",Aligarh,Uttar_Pradesh,6744.0,"Billing,_Shipping"
BR-12122,CUST-08962,"16/746
Bandi_Road
Buxar_690840",Buxar,Bihar,690840.0,"Billing,_Shipping"
WB-12123,CUST-05767,"460,_Balasubramanian_Ganj,_Bhatpara-694868",Bhatpara,West_Bengal,694868.0,"Billing,_Shipping"
UP-12124,CUST-14792,"H.No._13,_Jaggi_Road,_Karimnagar_454541",Karimnagar,Telangana,454541.0,"Billing,_Shipping"
KA-12125,CUST-14181,"H.No._336,_Shanker_Street,_Amaravati_204449",Amaravati,Andhra_Pradesh,204449.0,Shipping
TN-12126,CUST-14302,"H.No._378,_Vasa_Nagar
Gandhinagar-629759",Gandhinagar,Gujarat,629759.0,"Billing,_Shipping"
UP-12127,CUST-14482,"05/13
Ramanathan
Gurgaon-070222",Gurgaon,Haryana,70222.0,"Billing,_Shipping"
OR-12128,CUST-19741,"067,_Bir_Street
Danapur_701489",Danapur,Bihar,701489.0,Shipping
AP-12129,CUST-13146,"94/650
Ramakrishnan_Nagar
Bhimavaram-135668",Bhimavaram,Andhra_Pradesh,135668.0,"Billing,_Shipping"
TN-12130,CUST-16707,"97/804,_Chauhan_Ganj
Gandhinagar-117826",Gandhinagar,Gujarat,117826.0,Shipping
WB-12131,CUST-19852,"H.No._737,_Soman_Zila
Naihati-134850",Naihati,West_Bengal,134850.0,"Billing,_Shipping"
GJ-12132,CUST-12244,"02/743
Saini_Street
Jabalpur_326793",Jabalpur,Madhya_Pradesh,326793.0,Shipping
AS-12133,CUST-13709,"H.No._61,_Ram,_Nagaon-170116",Nagaon,Assam,170116.0,Shipping
MP-12134,CUST-09610,"H.No._978,_Walia_Zila
Agra-800675",Agra,Uttar_Pradesh,800675.0,Billing
CG-12135,CUST-15791,"39/24
Chhabra_Street
Sambalpur-145332",Sambalpur,Odisha,145332.0,"Billing,_Shipping"
TR-12136,CUST-13006,"47/115,_Venkataraman_Street
Durgapur-903509",Durgapur,West_Bengal,903509.0,"Billing,_Shipping"
KA-12137,CUST-10682,"61/69,_Sathe_Marg,_Solapur-147272",Solapur,Maharashtra,147272.0,Billing
KA-12138,CUST-09444,"H.No._29,_Singh_Path,_Mangalore_150701",Mangalore,Karnataka,150701.0,"Billing,_Shipping"
TR-12139,CUST-15491,"12/08
Tara_Path
Chandigarh-335117",Chandigarh,Chandigarh_(Union_Territory),335117.0,Shipping
TN-12140,CUST-17973,"25/911
Goel_Nagar
Pali-444856",Pali,Rajasthan,444856.0,Billing
AS-12141,CUST-15048,"71/304
Bains_Marg
Bongaigaon_096228",Bongaigaon,Assam,96228.0,Shipping
MP-12142,CUST-14616,"H.No._830
Brahmbhatt
Indore-305923",Indore,Madhya_Pradesh,305923.0,Billing
KA-12143,CUST-17117,"44
Shere_Street
Tumkur-946366",Tumkur,Karnataka,946366.0,Shipping
WB-12144,CUST-15228,"10,_Jaggi_Path,_Uluberia_534694",Uluberia,West_Bengal,534694.0,"Billing,_Shipping"
TN-12145,CUST-00164,"81/30,_Dixit_Ganj,_Salem_756755",Salem,Tamil_Nadu,756755.0,Billing
AP-12146,CUST-16825,"206,_Thaman_Chowk,_Dharmavaram_962786",Dharmavaram,Andhra_Pradesh,962786.0,Billing
WB-12147,CUST-14225,"H.No._730,_Brar_Road
Kamarhati-012213",Kamarhati,West_Bengal,12213.0,"Billing,_Shipping"
TN-12148,CUST-17343,"H.No._66,_Basu_Chowk,_Avadi_796755",Avadi,Tamil_Nadu,796755.0,Shipping
JH-12149,CUST-10015,"721,_Iyer_Chowk
Phusro_483630",Phusro,Jharkhand,483630.0,Shipping
TR-12150,CUST-17547,"734,_Shan,_Durgapur_778219",Durgapur,West_Bengal,778219.0,Billing
OR-12151,CUST-03535,"68/61,_Issac_Marg,_Haldia-247749",Haldia,West_Bengal,247749.0,"Billing,_Shipping"
MP-12152,CUST-13814,"H.No._962
Zacharia_Path
Jhansi-251595",Jhansi,Uttar_Pradesh,251595.0,Shipping
TS-12153,CUST-02844,"H.No._35,_Sahni_Road
Dindigul-998104",Dindigul,Tamil_Nadu,998104.0,Shipping
GJ-12154,CUST-11240,"62/56,_Bhagat_Path,_Gandhidham_030468",Gandhidham,Gujarat,30468.0,"Billing,_Shipping"
OR-12155,CUST-11188,"05,_Ben,_Mathura_880943",Mathura,Uttar_Pradesh,880943.0,Shipping
MP-12156,CUST-17053,"74/32
Zachariah_Street
Jalandhar-812093",Jalandhar,Punjab,812093.0,Shipping
TR-12157,CUST-01646,"70/17,_Kumer_Street
Chandigarh-097587",Chandigarh,Chandigarh_(Union_Territory),97587.0,Shipping
UK-12158,CUST-13752,"H.No._830,_Chacko_Street
Haridwar-491208",Haridwar,Uttarakhand,491208.0,Billing
OR-12159,CUST-12771,"353,_Sawhney_Zila
Chandrapur-338554",Chandrapur,Maharashtra,338554.0,Shipping
UP-12160,CUST-01442,"H.No._423,_Raju_Ganj,_Shahjahanpur_983164",Shahjahanpur,Uttar_Pradesh,983164.0,"Billing,_Shipping"
UK-12162,CUST-17882,"250,_Datta_Nagar
Haridwar-070480",Haridwar,Uttarakhand,70480.0,Shipping
UP-12163,CUST-13590,"H.No._10
Chakrabarti_Zila
Farrukhabad-299696",Farrukhabad,Uttar_Pradesh,299696.0,Shipping
RJ-12164,CUST-18119,"H.No._120,_Srinivasan_Chowk,_Dewas-297076",Dewas,Madhya_Pradesh,297076.0,Billing
OR-12165,CUST-03519,"69/473
Mani_Road
Mathura_575613",Mathura,Uttar_Pradesh,575613.0,"Billing,_Shipping"
UP-12166,CUST-13427,"019
Mand_Circle
Burhanpur-733833",Burhanpur,Madhya_Pradesh,733833.0,"Billing,_Shipping"
MP-12167,CUST-17245,"H.No._54
Trivedi_Path
Jalandhar_274694",Jalandhar,Punjab,274694.0,"Billing,_Shipping"
TN-12168,CUST-11738,"H.No._419,_Salvi
Tiruvottiyur-446737",Tiruvottiyur,Tamil_Nadu,446737.0,Shipping
TN-12169,CUST-19940,"602
Kara_Circle
Avadi-247842",Avadi,Tamil_Nadu,247842.0,Shipping
JH-12170,CUST-01500,"06,_Bir_Path,_Asansol-251393",Asansol,West_Bengal,251393.0,Billing
UP-12171,CUST-15668,"50/426,_Aggarwal_Circle,_Farrukhabad_266245",Farrukhabad,Uttar_Pradesh,266245.0,Billing
CG-12172,CUST-13327,"76
Chaudhari_Circle
Sambalpur-226509",Sambalpur,Odisha,226509.0,Billing
GJ-12173,CUST-19377,"548,_Ray_Nagar,_Gandhidham_137202",Gandhidham,Gujarat,137202.0,Shipping
CG-12174,CUST-16929,"H.No._364
Ganguly
Sambalpur-139878",Sambalpur,Odisha,139878.0,Billing
UP-12175,CUST-14427,"73/27
Handa_Road
Burhanpur-049135",Burhanpur,Madhya_Pradesh,49135.0,"Billing,_Shipping"
RJ-12176,CUST-01707,"854,_Mannan_Street,_Fatehpur_087734",Fatehpur,Uttar_Pradesh,87734.0,Billing
WB-12177,CUST-17752,"H.No._711
Verma_Nagar
Arrah-734445",Arrah,Bihar,734445.0,Shipping
CG-12178,CUST-15581,"94/06
Uppal_Path
Sagar-904813",Sagar,Madhya_Pradesh,904813.0,"Billing,_Shipping"
TS-12179,CUST-08745,"00
Krishna_Chowk
Ambala_613763",Ambala,Haryana,613763.0,"Billing,_Shipping"
TN-12180,CUST-17763,"329
Saxena_Marg
Avadi_163680",Avadi,Tamil_Nadu,163680.0,Billing
HP-12181,CUST-17682,"23,_Dugal,_Udaipur_318692",Udaipur,Rajasthan,318692.0,Shipping
AP-12182,CUST-10370,"91/062,_Singh
Bhimavaram_445089",Bhimavaram,Andhra_Pradesh,445089.0,Billing
UP-12183,CUST-07912,"H.No._54,_Rao_Street,_Raiganj-322795",Raiganj,West_Bengal,322795.0,Billing
UP-12184,CUST-04075,"05/508,_Karpe,_Burhanpur-444108",Burhanpur,Madhya_Pradesh,444108.0,Billing
UK-12185,CUST-17695,"11/966,_Apte_Path
Haridwar-394015",Haridwar,Uttarakhand,394015.0,"Billing,_Shipping"
UP-12186,CUST-16814,"038,_Lad_Marg
Ahmedabad_992427",Ahmedabad,Gujarat,992427.0,Shipping
GJ-12187,CUST-03153,"42,_Setty_Marg,_Hajipur-153130",Hajipur,Bihar,153130.0,"Billing,_Shipping"
WB-12188,CUST-02801,"91,_Dhingra_Circle
Uluberia-970706",Uluberia,West_Bengal,970706.0,Shipping
WB-12189,CUST-03875,"H.No._54,_Seth
Panihati_872454",Panihati,West_Bengal,872454.0,"Billing,_Shipping"
UK-12190,CUST-12427,"39
Gour
Haridwar_684120",Haridwar,Uttarakhand,684120.0,Shipping
CG-12191,CUST-17650,"H.No._04,_Bawa_Marg,_Bhilai-500929",Bhilai,Chhattisgarh,500929.0,"Billing,_Shipping"
KA-12192,CUST-15268,"62/78,_Krishna_Marg,_Mangalore_029180",Mangalore,Karnataka,29180.0,Shipping
WB-12193,CUST-08074,"H.No._641,_Tailor_Road
Uluberia_689375",Uluberia,West_Bengal,689375.0,Shipping
OR-12194,CUST-14158,"H.No._901,_Mani_Chowk
Anantapur-377073",Anantapur,Andhra_Pradesh,377073.0,"Billing,_Shipping"
TN-12195,CUST-04146,"84/51
Lata_Zila
Tiruvottiyur_362891",Tiruvottiyur,Tamil_Nadu,362891.0,Shipping
OR-12196,CUST-04585,"H.No._90,_Trivedi_Road
Bharatpur_301546",Bharatpur,Rajasthan,301546.0,"Billing,_Shipping"
MP-12197,CUST-17366,"38/13,_Subramaniam_Zila,_Kota-122408",Kota,Rajasthan,122408.0,Shipping
AP-12198,CUST-15806,"H.No._75
Chacko_Street
Gudivada-905105",Gudivada,Andhra_Pradesh,905105.0,Billing
RJ-12199,CUST-14632,"64/86,_Dey_Path
Akola_664973",Akola,Maharashtra,664973.0,"Billing,_Shipping"
WB-12200,CUST-13933,"08/125,_Deo_Path
Uluberia_846918",Uluberia,West_Bengal,846918.0,"Billing,_Shipping"
MH-12201,CUST-02154,"H.No._16
Agarwal_Path
Yamunanagar-670706",Yamunanagar,Haryana,670706.0,Shipping
MP-12202,CUST-09532,"83,_Chauhan_Road,_Jhansi_648438",Jhansi,Uttar_Pradesh,648438.0,Billing
MH-12203,CUST-19260,"H.No._10,_Apte_Zila,_Karnal_349507",Karnal,Haryana,349507.0,Shipping
JH-12204,CUST-15379,"H.No._407
Bhatnagar_Marg
Mango_149258",Mango,Jharkhand,149258.0,"Billing,_Shipping"
TR-12205,CUST-12687,"H.No._86,_Bajaj_Path
Durgapur-072064",Durgapur,West_Bengal,72064.0,"Billing,_Shipping"
KL-12206,CUST-14747,"H.No._95
Tailor_Marg
Kollam_619652",Kollam,Kerala,619652.0,Billing
CG-12207,CUST-14454,"98/447
Dugar_Path
Nagpur-935837",Nagpur,Maharashtra,935837.0,Shipping
UP-12208,CUST-12834,"H.No._10
Chopra_Nagar
Karimnagar_938996",Karimnagar,Telangana,938996.0,"Billing,_Shipping"
MH-12210,CUST-01565,"92/410
Lall_Marg
Karnal_822740",Karnal,Haryana,822740.0,"Billing,_Shipping"
RJ-12211,CUST-11548,"24,_Kuruvilla_Nagar
Fatehpur-551915",Fatehpur,Uttar_Pradesh,551915.0,Shipping
CG-12212,CUST-19899,"04/91,_Sarna_Circle,_Sagar_288894",Sagar,Madhya_Pradesh,288894.0,Billing
GJ-12213,CUST-09011,"717,_Rajagopalan_Road,_Vadodara-962738",Vadodara,Gujarat,962738.0,Billing
MH-12214,CUST-16466,"H.No._59,_Jayaraman_Marg
Bhiwandi-555839",Bhiwandi,Maharashtra,555839.0,Shipping
TN-12215,CUST-19355,"59/00,_Rajagopalan_Path,_Pallavaram_204546",Pallavaram,Tamil_Nadu,204546.0,Billing
TN-12216,CUST-14770,"844
Deep_Path
Avadi-823427",Avadi,Tamil_Nadu,823427.0,Billing
DL-12217,CUST-11200,"H.No._17
Shankar_Path
Delhi_436564",Delhi,Delhi_(Union_Territory),436564.0,"Billing,_Shipping"
MH-12218,CUST-11208,"H.No._084
Kothari_Road
Bhiwandi_532990",Bhiwandi,Maharashtra,532990.0,"Billing,_Shipping"
AS-12219,CUST-03585,"85
Khatri_Road
Siliguri_986547",Siliguri,West_Bengal,986547.0,Shipping
UP-12220,CUST-13504,"25,_Handa_Chowk
Ahmedabad_797239",Ahmedabad,Gujarat,797239.0,Billing
JH-12221,CUST-01089,"889,_Saran_Marg
Phusro-948933",Phusro,Jharkhand,948933.0,"Billing,_Shipping"
TN-12222,CUST-16723,"H.No._03,_Sura_Marg,_Chittoor-704424",Chittoor,Andhra_Pradesh,704424.0,"Billing,_Shipping"
UP-12223,CUST-12246,"06/259,_Reddy_Path
Raipur_330764",Raipur,Chhattisgarh,330764.0,"Billing,_Shipping"
UP-12224,CUST-11430,"49
Basu_Marg
Mirzapur-896588",Mirzapur,Uttar_Pradesh,896588.0,Billing
RJ-12225,CUST-14076,"H.No._100,_Garg_Ganj
Dewas-578076",Dewas,Madhya_Pradesh,578076.0,Shipping
GJ-12226,CUST-12933,"59/81,_Chaudhari_Circle
Vadodara_026827",Vadodara,Gujarat,26827.0,Billing
HR-12227,CUST-05494,"H.No._80
Krish_Path
Siwan_914611",Siwan,Bihar,914611.0,"Billing,_Shipping"
OR-12228,CUST-04950,"650
Hans_Circle
Haldia-865305",Haldia,West_Bengal,865305.0,Shipping
MH-12229,CUST-05031,"67/25,_Mani_Marg
Karnal_777139",Karnal,Haryana,777139.0,"Billing,_Shipping"
WB-12230,CUST-16110,"50/16
Devi_Ganj
Naihati_166295",Naihati,West_Bengal,166295.0,Billing
TS-12231,CUST-15114,"H.No._249
Bhasin
Proddatur_108925",Proddatur,Andhra_Pradesh,108925.0,Shipping
TS-12232,CUST-19148,"23
Korpal_Marg
Ramagundam_358190",Ramagundam,Telangana,358190.0,"Billing,_Shipping"
BR-12233,CUST-14231,"82/691
Sabharwal_Path
Ballia-775947",Ballia,Uttar_Pradesh,775947.0,Billing
TS-12235,CUST-07993,"410,_Gera_Nagar,_Nizamabad_926062",Nizamabad,Telangana,926062.0,Shipping
MH-12236,CUST-04472,"37,_Roy
Bhiwandi_606400",Bhiwandi,Maharashtra,606400.0,"Billing,_Shipping"
WB-12237,CUST-00182,"54,_Subramaniam_Chowk
Bhatpara-429683",Bhatpara,West_Bengal,429683.0,"Billing,_Shipping"
AP-12238,CUST-13830,"23
Deshmukh_Path
Dharmavaram-267977",Dharmavaram,Andhra_Pradesh,267977.0,"Billing,_Shipping"
OR-12239,CUST-16708,"51/58
Chander_Road
Chandrapur-539086",Chandrapur,Maharashtra,539086.0,Billing
AP-12240,CUST-15735,"496,_Lal_Marg,_Jammu_632038",Jammu,Jammu_and_Kashmir,632038.0,"Billing,_Shipping"
HR-12241,CUST-03818,"32/58,_Dhawan_Chowk,_Bikaner_579117",Bikaner,Rajasthan,579117.0,Billing
MP-12242,CUST-09877,"15/72
Sarin_Chowk
Jhansi_479079",Jhansi,Uttar_Pradesh,479079.0,"Billing,_Shipping"
WB-12243,CUST-04080,"98/566,_Shroff_Marg
Arrah_493602",Arrah,Bihar,493602.0,"Billing,_Shipping"
TS-12244,CUST-15717,"45
Batra_Chowk
Ramagundam-693782",Ramagundam,Telangana,693782.0,"Billing,_Shipping"
TN-12245,CUST-15671,"64,_Dalal_Zila,_Pallavaram_300755",Pallavaram,Tamil_Nadu,300755.0,"Billing,_Shipping"
RJ-12246,CUST-03893,"761
Agarwal_Road
Fatehpur_485771",Fatehpur,Uttar_Pradesh,485771.0,Billing
WB-12247,CUST-18975,"H.No._09,_Koshy,_Bhatpara_375617",Bhatpara,West_Bengal,375617.0,Shipping
KA-12248,CUST-04588,"45/482
Dewan_Zila
Mangalore-439629",Mangalore,Karnataka,439629.0,Shipping
MH-12249,CUST-18843,"239,_Ramaswamy_Nagar,_Yamunanagar_634950",Yamunanagar,Haryana,634950.0,Shipping
TS-12250,CUST-05814,"H.No._28,_Ranganathan_Ganj,_Ambala_002689",Ambala,Haryana,2689.0,"Billing,_Shipping"
UP-12251,CUST-18021,"H.No._17,_Kari_Street,_Shahjahanpur-166664",Shahjahanpur,Uttar_Pradesh,166664.0,Shipping
TS-12252,CUST-02816,"H.No._922,_Mammen_Circle
Sirsa-297022",Sirsa,Haryana,297022.0,Billing
RJ-12253,CUST-12417,"52,_Ganguly_Path
Dewas-266406",Dewas,Madhya_Pradesh,266406.0,"Billing,_Shipping"
TN-12254,CUST-12950,"20/800
Ganesh_Nagar
Chittoor_934608",Chittoor,Andhra_Pradesh,934608.0,"Billing,_Shipping"
OR-12255,CUST-12579,"H.No._61,_Kapadia
Chandrapur_177111",Chandrapur,Maharashtra,177111.0,Billing
KA-12256,CUST-05517,"39/26,_Brar_Marg
Tumkur-501011",Tumkur,Karnataka,501011.0,Shipping
TS-12257,CUST-14984,"H.No._005,_Rege_Ganj,_Dindigul-651976",Dindigul,Tamil_Nadu,651976.0,Billing
MH-12258,CUST-17420,"H.No._63,_Wagle_Nagar,_Malegaon_171230",Malegaon,Maharashtra,171230.0,Shipping
HR-12259,CUST-00543,"23
Suri_Chowk
Bikaner_713183",Bikaner,Rajasthan,713183.0,Billing
RJ-12261,CUST-11980,"20/918,_Doctor_Chowk,_Akola-915290",Akola,Maharashtra,915290.0,Shipping
WB-12262,CUST-04759,"H.No._08
Tank_Chowk
Uluberia-704696",Uluberia,West_Bengal,704696.0,Shipping
TN-12263,CUST-12581,"280,_Hari_Circle
Salem_305607",Salem,Tamil_Nadu,305607.0,Shipping
TS-12264,CUST-15588,"741,_Banerjee_Chowk
Ambala_958952",Ambala,Haryana,958952.0,"Billing,_Shipping"
GJ-12265,CUST-05049,"98/17,_Varghese_Circle,_Gandhidham_940592",Gandhidham,Gujarat,940592.0,Billing
KL-12266,CUST-10027,"H.No._731
Kale_Chowk
Kollam_062588",Kollam,Kerala,62588.0,Billing
UK-12267,CUST-13220,"52/493,_Doctor_Nagar,_Jalna_394317",Jalna,Maharashtra,394317.0,"Billing,_Shipping"
TN-12268,CUST-03214,"H.No._980,_Cheema_Marg
Salem-360915",Salem,Tamil_Nadu,360915.0,Shipping
OR-12269,CUST-10057,"H.No._821,_Bhalla_Path,_Bharatpur_867743",Bharatpur,Rajasthan,867743.0,Shipping
TN-12270,CUST-17518,"808
Ahluwalia_Path
Pali-084026",Pali,Rajasthan,84026.0,Shipping
TS-12271,CUST-07429,"27
Kar_Circle
Nizamabad_749124",Nizamabad,Telangana,749124.0,Shipping
JH-12272,CUST-06121,"H.No._002,_Chacko_Zila,_Mango_604490",Mango,Jharkhand,604490.0,Billing
UP-12273,CUST-19955,"68/028,_Buch_Marg
Chapra_701771",Chapra,Bihar,701771.0,Shipping
MP-12274,CUST-00113,"H.No._239,_Rao_Circle,_Jalandhar_367333",Jalandhar,Punjab,367333.0,Shipping
MH-12275,CUST-12418,"33/413,_Banik_Road,_Nanded-421088",Nanded,Maharashtra,421088.0,"Billing,_Shipping"
AP-12276,CUST-13480,"79,_Kuruvilla_Circle,_Jammu-900066",Jammu,Jammu_and_Kashmir,900066.0,"Billing,_Shipping"
KA-12277,CUST-01381,"H.No._170,_Kade_Circle
Hospet_552472",Hospet,Karnataka,552472.0,Billing
MP-12278,CUST-18551,"69,_Balan,_Kishanganj_635144",Kishanganj,Bihar,635144.0,"Billing,_Shipping"
AP-12279,CUST-00823,"686,_Rao_Circle
Srikakulam_803382",Srikakulam,Andhra_Pradesh,803382.0,Shipping
AP-12280,CUST-19621,"H.No._51,_Doctor_Nagar
Bhimavaram_724076",Bhimavaram,Andhra_Pradesh,724076.0,"Billing,_Shipping"
TN-12281,CUST-11629,"66/985
Keer_Chowk
Vellore-157317",Vellore,Tamil_Nadu,157317.0,Billing
UP-12282,CUST-02554,"076
Raju_Road
Gurgaon_691993",Gurgaon,Haryana,691993.0,Billing
BR-12283,CUST-17961,"48/032,_Hayre_Street
Jaipur-854017",Jaipur,Rajasthan,854017.0,"Billing,_Shipping"
WB-12284,CUST-11888,"25/310,_Acharya_Nagar
Aligarh_674539",Aligarh,Uttar_Pradesh,674539.0,Shipping
TS-12285,CUST-14476,"H.No._61
Sankaran_Zila
Hindupur_239954",Hindupur,Andhra_Pradesh,239954.0,Shipping
MH-12286,CUST-11832,"H.No._51
Rau_Ganj
Karnal_471495",Karnal,Haryana,471495.0,Shipping
GJ-12287,CUST-16499,"H.No._479,_Sami_Zila,_Ajmer_182357",Ajmer,Rajasthan,182357.0,Billing
OR-12288,CUST-00058,"84,_Bava_Ganj,_Haldia_794776",Haldia,West_Bengal,794776.0,Shipping
UP-12289,CUST-12503,"239,_Dugar,_Burhanpur-724421",Burhanpur,Madhya_Pradesh,724421.0,Shipping
DL-12290,CUST-12757,"223,_Sen_Chowk
Delhi_256369",Delhi,Delhi_(Union_Territory),256369.0,Billing
BR-12291,CUST-14464,"H.No._96
Banik_Zila
Buxar-548826",Buxar,Bihar,548826.0,Billing
TS-12292,CUST-12453,"171
Dugal_Zila
Sirsa-379985",Sirsa,Haryana,379985.0,"Billing,_Shipping"
OR-12293,CUST-09698,"37/28
Kari
Bilaspur_381428",Bilaspur,Chhattisgarh,381428.0,"Billing,_Shipping"
TN-12294,CUST-15937,"94/57
Choudhury_Marg
Vellore-048454",Vellore,Tamil_Nadu,48454.0,Shipping
OR-12295,CUST-17190,"H.No._86,_Vohra_Ganj
Berhampur_920115",Berhampur,Odisha,920115.0,Shipping
TS-12296,CUST-13014,"H.No._051
Swamy_Marg
Proddatur-327836",Proddatur,Andhra_Pradesh,327836.0,Billing
OR-12297,CUST-00223,"79/426
Chopra_Chowk
Anantapur_892806",Anantapur,Andhra_Pradesh,892806.0,Shipping
WB-12298,CUST-19756,"H.No._425
Thakur_Ganj
Panihati_078967",Panihati,West_Bengal,78967.0,Shipping
AP-12299,CUST-11638,"H.No._436
Iyengar_Path
Gudivada_295635",Gudivada,Andhra_Pradesh,295635.0,Billing
UP-12300,CUST-02595,"26
Shanker_Ganj
Mirzapur-928704",Mirzapur,Uttar_Pradesh,928704.0,"Billing,_Shipping"
MH-12301,CUST-17308,"217,_Ahluwalia_Street,_Nanded_907561",Nanded,Maharashtra,907561.0,"Billing,_Shipping"
OR-12302,CUST-16912,"998,_Talwar_Road
Berhampur_565877",Berhampur,Odisha,565877.0,Shipping
CG-12303,CUST-08883,"H.No._914
Chahal_Ganj
Bhilai-164517",Bhilai,Chhattisgarh,164517.0,Shipping
MH-12304,CUST-16437,"42/771,_Chandra_Chowk
Rampur_046114",Rampur,Uttar_Pradesh,46114.0,Billing
MP-12305,CUST-12718,"75/25,_Kaul_Ganj,_Jhansi-891021",Jhansi,Uttar_Pradesh,891021.0,Shipping
OR-12306,CUST-19785,"H.No._15,_Majumdar_Nagar
Haldia_449873",Haldia,West_Bengal,449873.0,Shipping
TS-12307,CUST-02440,"72,_Sachdeva_Ganj
Dindigul_873437",Dindigul,Tamil_Nadu,873437.0,Billing
JH-12308,CUST-14114,"820,_Jaggi_Road
Kharagpur_755022",Kharagpur,West_Bengal,755022.0,"Billing,_Shipping"
CG-12309,CUST-18079,"47/79,_Sinha_Path
Nagpur-627710",Nagpur,Maharashtra,627710.0,"Billing,_Shipping"
MP-12310,CUST-01011,"H.No._550
Dalal_Zila
Kota_100047",Kota,Rajasthan,100047.0,"Billing,_Shipping"
CG-12311,CUST-19886,"54/98,_Rout_Circle
Nagpur_810866",Nagpur,Maharashtra,810866.0,"Billing,_Shipping"
MP-12312,CUST-05092,"H.No._37,_Chad_Path,_Kishanganj-950426",Kishanganj,Bihar,950426.0,Billing
TS-12313,CUST-18487,"23/79
Kulkarni_Zila
Srinagar-781209",Srinagar,Jammu_and_Kashmir,781209.0,Billing
WB-12314,CUST-01935,"46/001,_Chaudhary_Circle,_Aligarh-561111",Aligarh,Uttar_Pradesh,561111.0,Billing
HR-12315,CUST-18683,"171,_Swaminathan_Zila
Aurangabad-075342",Aurangabad,Maharashtra,75342.0,Shipping
AS-12316,CUST-01651,"H.No._548
Brar
Nagaon-385783",Nagaon,Assam,385783.0,Shipping
CG-12317,CUST-05770,"H.No._30
Sahota_Path
Sambalpur_895112",Sambalpur,Odisha,895112.0,Billing
WB-12318,CUST-09222,"H.No._799,_Loke_Path
Kulti-274739",Kulti,West_Bengal,274739.0,"Billing,_Shipping"
GJ-12319,CUST-11056,"637
Chaudhry
Ajmer-099342",Ajmer,Rajasthan,99342.0,"Billing,_Shipping"
UK-12320,CUST-17731,"32/01
Dar_Zila
Jalna-856153",Jalna,Maharashtra,856153.0,Billing
UP-12321,CUST-00897,"H.No._26,_Goda_Road
Ahmedabad_134222",Ahmedabad,Gujarat,134222.0,Billing
TS-12322,CUST-14212,"H.No._098,_Kara_Road,_Ambala-413632",Ambala,Haryana,413632.0,Shipping
MP-12323,CUST-18710,"H.No._10,_Johal_Street
Gorakhpur-134001",Gorakhpur,Uttar_Pradesh,134001.0,"Billing,_Shipping"
MP-12324,CUST-15062,"87/22,_Wagle_Road
Kishanganj_666614",Kishanganj,Bihar,666614.0,Shipping
WB-12325,CUST-03582,"H.No._307,_Bir_Nagar,_Bidhannagar-788880",Bidhannagar,West_Bengal,788880.0,Billing
UP-12326,CUST-07140,"H.No._218
Malhotra_Street
Shahjahanpur_875102",Shahjahanpur,Uttar_Pradesh,875102.0,Billing
GJ-12327,CUST-16839,"86,_Krishna_Road,_Vadodara-875331",Vadodara,Gujarat,875331.0,"Billing,_Shipping"
TS-12328,CUST-08191,"45,_Mann_Ganj,_Ambala_888426",Ambala,Haryana,888426.0,Shipping
WB-12329,CUST-00953,"31/23,_Sagar_Chowk,_Bidhannagar-400334",Bidhannagar,West_Bengal,400334.0,"Billing,_Shipping"
TS-12330,CUST-10559,"H.No._358,_Sunder_Zila,_Ambala_738436",Ambala,Haryana,738436.0,Billing
WB-12331,CUST-14701,"H.No._97,_Kaur_Chowk
Panihati_196077",Panihati,West_Bengal,196077.0,Shipping
WB-12332,CUST-17306,"H.No._88,_Sarkar_Street,_Arrah_023392",Arrah,Bihar,23392.0,"Billing,_Shipping"
AP-12333,CUST-11495,"24,_Kar_Ganj,_Gudivada_091584",Gudivada,Andhra_Pradesh,91584.0,Shipping
GJ-12334,CUST-12184,"91/59
Sahni_Zila
Jabalpur_493031",Jabalpur,Madhya_Pradesh,493031.0,"Billing,_Shipping"
MP-12335,CUST-10011,"397
Thaker_Ganj
Kishanganj-016963",Kishanganj,Bihar,16963.0,"Billing,_Shipping"
UP-12336,CUST-07323,"H.No._476
Halder_Zila
Burhanpur-254675",Burhanpur,Madhya_Pradesh,254675.0,"Billing,_Shipping"
KA-12338,CUST-14564,"02,_Vyas_Marg,_Amaravati-912227",Amaravati,Andhra_Pradesh,912227.0,Shipping
JH-12339,CUST-08409,"05/100,_Verma
Phusro-077732",Phusro,Jharkhand,77732.0,"Billing,_Shipping"
UP-12340,CUST-06733,"43/80,_Shankar_Nagar,_Ahmedabad_766722",Ahmedabad,Gujarat,766722.0,Billing
UP-12341,CUST-01607,"346,_Wagle_Marg
Raiganj_361298",Raiganj,West_Bengal,361298.0,Billing
TN-12342,CUST-16174,"90
Bahl_Road
Tiruppur-814404",Tiruppur,Tamil_Nadu,814404.0,Billing
DL-12343,CUST-13994,"636
Sarraf_Road
Delhi-625081",Delhi,Delhi_(Union_Territory),625081.0,"Billing,_Shipping"
TS-12344,CUST-05065,"H.No._055
Sarraf_Zila
Ambala_913836",Ambala,Haryana,913836.0,"Billing,_Shipping"
HR-12345,CUST-08732,"92/34,_Sane_Path,_Bikaner-294664",Bikaner,Rajasthan,294664.0,Shipping
UP-12346,CUST-17265,"67/53,_Deshmukh_Street,_Sambhal_872252",Sambhal,Uttar_Pradesh,872252.0,Billing
GJ-12347,CUST-11386,"691,_Vala_Street,_Hajipur_360819",Hajipur,Bihar,360819.0,"Billing,_Shipping"
UP-12348,CUST-18651,"03/198,_Borde_Road,_Raipur-018835",Raipur,Chhattisgarh,18835.0,Billing
TS-12349,CUST-14627,"H.No._95
Hegde
Ambala-374366",Ambala,Haryana,374366.0,"Billing,_Shipping"
MP-12350,CUST-10253,"98,_Kapadia_Ganj
Agra-796535",Agra,Uttar_Pradesh,796535.0,Billing
UP-12351,CUST-18964,"88/253,_Kata_Marg,_Gurgaon-136412",Gurgaon,Haryana,136412.0,"Billing,_Shipping"
AP-12352,CUST-16807,"H.No._85,_Kamdar_Circle,_Dharmavaram_306051",Dharmavaram,Andhra_Pradesh,306051.0,Billing
MP-12353,CUST-04234,"H.No._36,_Varkey_Chowk
Agra-353628",Agra,Uttar_Pradesh,353628.0,Shipping
OR-12354,CUST-05746,"H.No._94,_Dar_Nagar
Chandrapur_508852",Chandrapur,Maharashtra,508852.0,"Billing,_Shipping"
MP-12355,CUST-11688,"89/19
Sekhon_Nagar
Kishanganj-081019",Kishanganj,Bihar,81019.0,Billing
AS-12356,CUST-10336,"876
Ramesh_Marg
Siliguri_363638",Siliguri,West_Bengal,363638.0,"Billing,_Shipping"
HP-12357,CUST-05495,"94/01,_Seshadri_Zila
Udaipur-108244",Udaipur,Rajasthan,108244.0,"Billing,_Shipping"
WB-12358,CUST-12153,"50/96
Mann_Marg
Naihati_897656",Naihati,West_Bengal,897656.0,"Billing,_Shipping"
GJ-12359,CUST-17999,"H.No._335
Chauhan_Road
Allahabad_616140",Allahabad,Uttar_Pradesh,616140.0,Shipping
WB-12360,CUST-05127,"39,_Keer_Ganj,_Uluberia-096380",Uluberia,West_Bengal,96380.0,"Billing,_Shipping"
WB-12361,CUST-12748,"H.No._672,_Guha_Marg,_Bally-296414",Bally,West_Bengal,296414.0,Shipping
UK-12362,CUST-10650,"H.No._913,_Desai_Zila,_Jalna-912973",Jalna,Maharashtra,912973.0,Shipping
MP-12363,CUST-10978,"348,_Hari_Marg,_Jalandhar_928492",Jalandhar,Punjab,928492.0,"Billing,_Shipping"
BR-12364,CUST-10325,"H.No._34,_Sant_Circle
Buxar_766072",Buxar,Bihar,766072.0,"Billing,_Shipping"
MP-12365,CUST-19132,"H.No._630
Dey_Circle
Dehri_946412",Dehri,Bihar,946412.0,"Billing,_Shipping"
WB-12366,CUST-13903,"951,_Bhalla_Marg,_Bally-939067",Bally,West_Bengal,939067.0,"Billing,_Shipping"
BR-12367,CUST-07591,"H.No._84,_Sani_Road
Munger-170028",Munger,Bihar,170028.0,"Billing,_Shipping"
MP-12368,CUST-19088,"79/18,_Mangat_Chowk,_Dehri_482264",Dehri,Bihar,482264.0,Shipping
WB-12369,CUST-18168,"H.No._46
Sharma_Nagar
Madhyamgram_303042",Madhyamgram,West_Bengal,303042.0,Billing
TN-12370,CUST-17019,"H.No._362,_Mannan_Marg,_Tiruvottiyur-737264",Tiruvottiyur,Tamil_Nadu,737264.0,Shipping
BR-12371,CUST-16261,"30/70,_Din_Nagar,_Satna_434535",Satna,Madhya_Pradesh,434535.0,Billing
OR-12372,CUST-12661,"H.No._01,_Krishnan_Path,_Anantapur-130716",Anantapur,Andhra_Pradesh,130716.0,"Billing,_Shipping"
MH-12373,CUST-18937,"H.No._910,_Mane_Ganj
Malegaon-665019",Malegaon,Maharashtra,665019.0,Billing
MH-12374,CUST-18342,"00,_Saran_Nagar
Guntur_081016",Guntur,Andhra_Pradesh,81016.0,Billing
KA-12375,CUST-05481,"834,_Lanka_Marg
Hosur_315235",Hosur,Tamil_Nadu,315235.0,"Billing,_Shipping"
RJ-12376,CUST-08231,"H.No._606,_Chanda_Road
Fatehpur-959740",Fatehpur,Uttar_Pradesh,959740.0,Billing
KA-12377,CUST-19314,"38/32,_Chad_Zila,_Amaravati-207457",Amaravati,Andhra_Pradesh,207457.0,Shipping
KA-12378,CUST-07306,"60
Wason_Nagar
Amaravati_105161",Amaravati,Andhra_Pradesh,105161.0,"Billing,_Shipping"
MP-12379,CUST-02442,"84/330,_Sibal_Path
Indore_818908",Indore,Madhya_Pradesh,818908.0,"Billing,_Shipping"
TN-12380,CUST-16694,"H.No._95,_Shetty_Zila
Vellore_852320",Vellore,Tamil_Nadu,852320.0,"Billing,_Shipping"
UP-12381,CUST-18238,"15,_Biswas_Path,_Karimnagar_593909",Karimnagar,Telangana,593909.0,"Billing,_Shipping"
TS-12382,CUST-18801,"56/49
Sahni_Nagar
Sirsa_361514",Sirsa,Haryana,361514.0,Shipping
MH-12383,CUST-19187,"88/70,_Bedi_Road
Bhiwandi_456405",Bhiwandi,Maharashtra,456405.0,"Billing,_Shipping"
WB-12384,CUST-11781,"978,_Hayre_Marg
Kulti_680696",Kulti,West_Bengal,680696.0,Billing
OR-12385,CUST-05560,"04
Sanghvi_Nagar
Bharatpur_557279",Bharatpur,Rajasthan,557279.0,Billing
KA-12386,CUST-10334,"364,_Bala_Zila,_Hospet-153534",Hospet,Karnataka,153534.0,Billing
GJ-12387,CUST-16524,"H.No._730,_Shetty_Road,_Allahabad_647595",Allahabad,Uttar_Pradesh,647595.0,Billing
MH-12388,CUST-16478,"430,_Shankar,_Guntur-809104",Guntur,Andhra_Pradesh,809104.0,Billing
RJ-12389,CUST-14665,"60
Dey
Rajkot_708772",Rajkot,Gujarat,708772.0,Shipping
MP-12390,CUST-16605,"066,_Datta_Circle
Unnao-092268",Unnao,Uttar_Pradesh,92268.0,Billing
AP-12391,CUST-17413,"H.No._286,_Venkataraman_Road,_Srikakulam-467891",Srikakulam,Andhra_Pradesh,467891.0,Shipping
AS-12392,CUST-10316,"98/211,_Bal_Chowk,_Siliguri_550717",Siliguri,West_Bengal,550717.0,"Billing,_Shipping"
OR-12393,CUST-07402,"23/968
Bains_Zila
Chandrapur-424131",Chandrapur,Maharashtra,424131.0,"Billing,_Shipping"
UP-12394,CUST-06743,"H.No._099,_Bava_Nagar
Bhagalpur-870516",Bhagalpur,Bihar,870516.0,"Billing,_Shipping"
HR-12395,CUST-13860,"458,_Kala_Chowk,_Aurangabad_861210",Aurangabad,Maharashtra,861210.0,"Billing,_Shipping"
TS-12396,CUST-01230,"H.No._38,_Hora_Circle,_Ramagundam-051592",Ramagundam,Telangana,51592.0,Shipping
RJ-12397,CUST-13942,"35/61,_Goswami_Street
Dewas_562468",Dewas,Madhya_Pradesh,562468.0,Shipping
MP-12398,CUST-05113,"80/771
Saran_Chowk
Mau-843356",Mau,Uttar_Pradesh,843356.0,"Billing,_Shipping"
RJ-12399,CUST-11003,"87,_Dhingra_Circle,_Fatehpur_768388",Fatehpur,Uttar_Pradesh,768388.0,Shipping
KA-12400,CUST-13868,"H.No._89
Jaggi
Hospet_027863",Hospet,Karnataka,27863.0,"Billing,_Shipping"
UP-12401,CUST-08814,"64/02
Kakar
Firozabad-689093",Firozabad,Uttar_Pradesh,689093.0,"Billing,_Shipping"
UP-12402,CUST-10392,"H.No._941
Hans_Road
Raiganj-771232",Raiganj,West_Bengal,771232.0,"Billing,_Shipping"
AP-12403,CUST-03774,"80
Samra_Zila
Jammu_323147",Jammu,Jammu_and_Kashmir,323147.0,Shipping
GJ-12404,CUST-16928,"H.No._93,_Chaudhary_Road,_Allahabad-701336",Allahabad,Uttar_Pradesh,701336.0,Shipping
MH-12405,CUST-05525,"88/05,_Sastry_Ganj
Jalgaon_483950",Jalgaon,Maharashtra,483950.0,Shipping
TS-12406,CUST-09660,"H.No._118,_Tella_Marg
Ambala-740928",Ambala,Haryana,740928.0,Shipping
UP-12407,CUST-06256,"74/74,_Kamdar_Marg
Bhagalpur-950989",Bhagalpur,Bihar,950989.0,Shipping
OR-12408,CUST-07925,"92/50,_Deep_Zila
Berhampur-277784",Berhampur,Odisha,277784.0,Shipping
HR-12409,CUST-15229,"13/923,_Bhasin_Road,_Aurangabad-246501",Aurangabad,Maharashtra,246501.0,"Billing,_Shipping"
GJ-12410,CUST-17111,"H.No._948,_Sem_Nagar
Ajmer_517004",Ajmer,Rajasthan,517004.0,Billing
CG-12411,CUST-13703,"H.No._437
Chokshi_Path
Sagar-160572",Sagar,Madhya_Pradesh,160572.0,"Billing,_Shipping"
WB-12412,CUST-05857,"H.No._086
Mahal_Road
Bally-408105",Bally,West_Bengal,408105.0,Billing
BR-12413,CUST-14976,"31,_Dave_Road,_Jaipur-124450",Jaipur,Rajasthan,124450.0,"Billing,_Shipping"
MP-12414,CUST-10646,"68,_Mane_Nagar
Ramgarh_344646",Ramgarh,Jharkhand,344646.0,"Billing,_Shipping"
MP-12415,CUST-07291,"H.No._89
Rama_Chowk
Dehri-084478",Dehri,Bihar,84478.0,Billing
KL-12416,CUST-19379,"13/43,_Kota,_Kollam-188076",Kollam,Kerala,188076.0,Shipping
RJ-12417,CUST-13663,"04/02,_Hari_Circle
Akola-162501",Akola,Maharashtra,162501.0,Shipping
UP-12418,CUST-17459,"47/419,_Jain_Road
Raiganj_814206",Raiganj,West_Bengal,814206.0,Billing
UP-12419,CUST-03846,"69/71
Bala_Marg
Karimnagar-742752",Karimnagar,Telangana,742752.0,"Billing,_Shipping"
UP-12420,CUST-10780,"74
Tailor_Chowk
Mirzapur_965835",Mirzapur,Uttar_Pradesh,965835.0,"Billing,_Shipping"
TR-12421,CUST-06716,"H.No._41,_Varty_Nagar,_Durgapur_125664",Durgapur,West_Bengal,125664.0,Shipping
MP-12422,CUST-11207,"H.No._672,_Ramaswamy_Ganj,_Dehri_625672",Dehri,Bihar,625672.0,"Billing,_Shipping"
WB-12423,CUST-07449,"863
Sawhney_Circle
Aligarh_354093",Aligarh,Uttar_Pradesh,354093.0,Billing
MP-12424,CUST-11361,"H.No._93,_Rana_Nagar,_Kota-014066",Kota,Rajasthan,14066.0,"Billing,_Shipping"
BR-12425,CUST-12984,"62,_Bath_Chowk,_Munger_672125",Munger,Bihar,672125.0,Shipping
KA-12426,CUST-04147,"H.No._876,_Bhatia_Ganj,_Solapur_280742",Solapur,Maharashtra,280742.0,Shipping
UP-12427,CUST-00406,"478
Setty_Ganj
Karimnagar_904432",Karimnagar,Telangana,904432.0,Shipping
TN-12428,CUST-02178,"695,_Venkataraman_Chowk,_Tiruppur-389969",Tiruppur,Tamil_Nadu,389969.0,Billing
TS-12429,CUST-05986,"H.No._203,_Bakshi_Nagar
Dindigul-203216",Dindigul,Tamil_Nadu,203216.0,"Billing,_Shipping"
OR-12430,CUST-10608,"59/848,_Grewal_Marg,_Chandrapur_351152",Chandrapur,Maharashtra,351152.0,Shipping
BR-12431,CUST-01962,"H.No._078,_Ratta_Zila
Jaipur_934939",Jaipur,Rajasthan,934939.0,Shipping
MP-12432,CUST-02748,"H.No._131
Sekhon_Nagar
Gorakhpur-177652",Gorakhpur,Uttar_Pradesh,177652.0,"Billing,_Shipping"
UP-12433,CUST-14639,"185,_Agrawal_Ganj
Mirzapur-672087",Mirzapur,Uttar_Pradesh,672087.0,"Billing,_Shipping"
RJ-12434,CUST-12677,"225,_Rajagopal_Marg
Rajkot_904965",Rajkot,Gujarat,904965.0,Billing
MP-12435,CUST-13169,"508
Arora_Street
Kota_790300",Kota,Rajasthan,790300.0,"Billing,_Shipping"
KA-12436,CUST-16229,"347,_Arora_Circle,_Tumkur-919485",Tumkur,Karnataka,919485.0,Billing
MP-12437,CUST-03668,"19,_Manda_Marg,_Gopalpur-454147",Gopalpur,Odisha,454147.0,"Billing,_Shipping"
AP-12438,CUST-03732,"H.No._362
Bajwa_Nagar
Srikakulam_421257",Srikakulam,Andhra_Pradesh,421257.0,Billing
MH-12439,CUST-02866,"87/84
Mannan_Path
Satara-172386",Satara,Maharashtra,172386.0,"Billing,_Shipping"
TN-12440,CUST-08900,"65
Bawa_Nagar
Pallavaram_461687",Pallavaram,Tamil_Nadu,461687.0,Shipping
TN-12441,CUST-13937,"H.No._725,_Banerjee_Road,_Pali-306612",Pali,Rajasthan,306612.0,"Billing,_Shipping"
TS-12442,CUST-17911,"42,_Rau_Road,_Hindupur_582729",Hindupur,Andhra_Pradesh,582729.0,Shipping
CG-12443,CUST-07728,"H.No._522,_Behl_Chowk
Malda_847073",Malda,West_Bengal,847073.0,Billing
MH-12444,CUST-14712,"62/563,_Issac_Ganj
Yamunanagar_535923",Yamunanagar,Haryana,535923.0,"Billing,_Shipping"
WB-12445,CUST-13502,"621
Kalla
Bhatpara-458639",Bhatpara,West_Bengal,458639.0,"Billing,_Shipping"
UK-12446,CUST-19848,"H.No._40
Ratta_Marg
Haridwar-377861",Haridwar,Uttarakhand,377861.0,Shipping
MP-12447,CUST-19491,"H.No._26,_Lad_Nagar
Indore_420152",Indore,Madhya_Pradesh,420152.0,Shipping
UP-12448,CUST-19543,"09
Bora_Chowk
Shahjahanpur-300338",Shahjahanpur,Uttar_Pradesh,300338.0,"Billing,_Shipping"
RJ-12449,CUST-16422,"44,_Wadhwa_Road,_Fatehpur_011308",Fatehpur,Uttar_Pradesh,11308.0,Billing
GJ-12450,CUST-10921,"19/782
Rama_Ganj
Gandhidham-451013",Gandhidham,Gujarat,451013.0,"Billing,_Shipping"
MP-12451,CUST-17534,"47/08
Goyal_Nagar
Mau-949929",Mau,Uttar_Pradesh,949929.0,Shipping
BR-12452,CUST-19800,"99/37,_Sharaf,_Buxar_450620",Buxar,Bihar,450620.0,Shipping
GJ-12453,CUST-15408,"890,_Sethi_Path,_Vadodara_221154",Vadodara,Gujarat,221154.0,Shipping
TN-12454,CUST-17059,"H.No._69,_Barad_Circle,_Avadi_030105",Avadi,Tamil_Nadu,30105.0,Shipping
CG-12455,CUST-16666,"218,_Saha_Ganj
Malda_234860",Malda,West_Bengal,234860.0,"Billing,_Shipping"
MH-12456,CUST-06823,"65/99,_Brar_Zila,_Guntur_278079",Guntur,Andhra_Pradesh,278079.0,Shipping
MP-12457,CUST-11120,"71,_Kale_Ganj,_Khandwa_002959",Khandwa,Madhya_Pradesh,2959.0,Billing
MH-12458,CUST-18671,"H.No._826,_Karan_Nagar,_Nanded_600802",Nanded,Maharashtra,600802.0,Shipping
BR-12459,CUST-01416,"32/323,_Mann_Circle,_Munger_286751",Munger,Bihar,286751.0,Shipping
MH-12460,CUST-18281,"05/51,_Arya_Nagar
Rampur-804323",Rampur,Uttar_Pradesh,804323.0,"Billing,_Shipping"
WB-12461,CUST-12698,"H.No._412,_Lanka_Zila,_Panihati_823235",Panihati,West_Bengal,823235.0,Shipping
CG-12462,CUST-06912,"18/639
Vora
Nagpur_876731",Nagpur,Maharashtra,876731.0,"Billing,_Shipping"
AP-12463,CUST-09836,"H.No._65
Aggarwal_Road
Gudivada_445020",Gudivada,Andhra_Pradesh,445020.0,Shipping
MH-12464,CUST-16968,"748,_Buch_Street,_Guntur_305334",Guntur,Andhra_Pradesh,305334.0,Shipping
TS-12465,CUST-14722,"770,_Ranganathan_Chowk
Sirsa_961464",Sirsa,Haryana,961464.0,"Billing,_Shipping"
JH-12466,CUST-10885,"63/201
Guha_Marg
Kharagpur_177010",Kharagpur,West_Bengal,177010.0,Shipping
MH-12467,CUST-14419,"H.No._09,_Chander_Marg,_Guntur_499398",Guntur,Andhra_Pradesh,499398.0,Shipping
JH-12468,CUST-10701,"H.No._466
Tandon_Marg
Asansol-575941",Asansol,West_Bengal,575941.0,Shipping
GJ-12469,CUST-19127,"43
Swaminathan_Marg
Kavali_989863",Kavali,Andhra_Pradesh,989863.0,Billing
WB-12470,CUST-11538,"61/77
Kade_Road
Panihati-938028",Panihati,West_Bengal,938028.0,"Billing,_Shipping"
TN-12471,CUST-18332,"42,_Sarma_Circle
Avadi_329944",Avadi,Tamil_Nadu,329944.0,Shipping
WB-12472,CUST-17089,"H.No._145,_Cherian_Marg,_Bally_633680",Bally,West_Bengal,633680.0,"Billing,_Shipping"
DL-12473,CUST-07494,"H.No._82
Dasgupta_Path
Delhi_690220",Delhi,Delhi_(Union_Territory),690220.0,"Billing,_Shipping"
GJ-12474,CUST-02185,"H.No._849,_Boase_Road,_Jabalpur_444442",Jabalpur,Madhya_Pradesh,444442.0,"Billing,_Shipping"
WB-12475,CUST-00460,"44/602
Ranganathan_Circle
Bally-934373",Bally,West_Bengal,934373.0,Billing
UP-12476,CUST-11862,"89
Chaudhary_Road
Bhagalpur_659139",Bhagalpur,Bihar,659139.0,Billing
WB-12477,CUST-18850,"H.No._46
Grover_Street
Bally_022654",Bally,West_Bengal,22654.0,"Billing,_Shipping"
MP-12478,CUST-09434,"136,_Sampath_Marg,_Jhansi_536276",Jhansi,Uttar_Pradesh,536276.0,"Billing,_Shipping"
MP-12479,CUST-18603,"444
Agrawal_Ganj
Unnao_681661",Unnao,Uttar_Pradesh,681661.0,"Billing,_Shipping"
KA-12480,CUST-02232,"H.No._16
Majumdar
Tumkur_524507",Tumkur,Karnataka,524507.0,Billing
RJ-12481,CUST-08679,"78,_Tandon_Nagar
Dewas_687242",Dewas,Madhya_Pradesh,687242.0,Billing
WB-12482,CUST-07258,"33,_Sarraf_Street,_Madhyamgram_864417",Madhyamgram,West_Bengal,864417.0,Shipping
JH-12483,CUST-11203,"60,_Sura_Marg,_Kharagpur-831172",Kharagpur,West_Bengal,831172.0,"Billing,_Shipping"
CG-12484,CUST-12100,"823
Sachdeva_Circle
Sambalpur_054167",Sambalpur,Odisha,54167.0,"Billing,_Shipping"
GJ-12485,CUST-17750,"30/97,_Kadakia_Zila
Ajmer-840696",Ajmer,Rajasthan,840696.0,Shipping
MH-12486,CUST-11072,"06,_Deo_Circle,_Bhiwandi-675542",Bhiwandi,Maharashtra,675542.0,"Billing,_Shipping"
JH-12487,CUST-16125,"59,_Char_Chowk
Kharagpur_164963",Kharagpur,West_Bengal,164963.0,Shipping
OR-12488,CUST-01491,"H.No._949,_Banerjee_Path,_Chandrapur-967872",Chandrapur,Maharashtra,967872.0,Shipping
GJ-12489,CUST-02045,"97/413
Kapur_Street
Kavali_262971",Kavali,Andhra_Pradesh,262971.0,Billing
UK-12490,CUST-17443,"H.No._834
Sem_Marg
Jalna-227037",Jalna,Maharashtra,227037.0,"Billing,_Shipping"
MP-12491,CUST-10624,"68/84,_Khurana_Zila,_Khandwa_471717",Khandwa,Madhya_Pradesh,471717.0,Shipping
TN-12492,CUST-01087,"H.No._613,_Sani_Zila
Pali_629042",Pali,Rajasthan,629042.0,"Billing,_Shipping"
AP-12493,CUST-16377,"59/47
Goel_Nagar
Dharmavaram-416429",Dharmavaram,Andhra_Pradesh,416429.0,"Billing,_Shipping"
GJ-12494,CUST-19764,"575,_Apte_Zila,_Hajipur_300148",Hajipur,Bihar,300148.0,Billing
UK-12495,CUST-04931,"22/086,_Gopal_Circle,_Haridwar_898509",Haridwar,Uttarakhand,898509.0,"Billing,_Shipping"
TS-12496,CUST-19974,"77
Kumar_Street
Proddatur-941293",Proddatur,Andhra_Pradesh,941293.0,"Billing,_Shipping"
OR-12497,CUST-19070,"53/408,_Khurana_Road,_Anantapur_913845",Anantapur,Andhra_Pradesh,913845.0,"Billing,_Shipping"
JH-12498,CUST-13228,"28/85
Raman_Ganj
Mango-647416",Mango,Jharkhand,647416.0,Billing
CG-12499,CUST-11272,"77,_Madan_Chowk,_Malda_953217",Malda,West_Bengal,953217.0,Billing
OR-12500,CUST-12902,"H.No._23
Manne_Road
Bijapur_768167",Bijapur,Karnataka,768167.0,Shipping
MP-12501,CUST-11667,"461,_Desai_Street,_Unnao-146442",Unnao,Uttar_Pradesh,146442.0,Billing
CG-12502,CUST-04136,"H.No._09,_Savant_Marg,_Bhilai_105326",Bhilai,Chhattisgarh,105326.0,Shipping
KA-12503,CUST-00452,"510,_Rana_Nagar
Amaravati-904576",Amaravati,Andhra_Pradesh,904576.0,"Billing,_Shipping"
GJ-12504,CUST-17624,"H.No._00,_Sehgal_Road,_Jabalpur-060941",Jabalpur,Madhya_Pradesh,60941.0,"Billing,_Shipping"
GJ-12505,CUST-13883,"60/44,_Shanker_Nagar
Vadodara-232113",Vadodara,Gujarat,232113.0,Billing
TR-12506,CUST-14976,"845
Viswanathan
Chandigarh_472267",Chandigarh,Chandigarh_(Union_Territory),472267.0,Shipping
HP-12507,CUST-11956,"H.No._940,_Subramanian_Path,_Udaipur-087639",Udaipur,Rajasthan,87639.0,Billing
CG-12508,CUST-04997,"H.No._649
Chahal_Street
Bhilai_222999",Bhilai,Chhattisgarh,222999.0,Shipping
AS-12509,CUST-03836,"233,_Mallick_Nagar
Nagaon-642131",Nagaon,Assam,642131.0,Billing
WB-12510,CUST-13460,"417,_Chanda_Zila
Kulti_833857",Kulti,West_Bengal,833857.0,"Billing,_Shipping"
TS-12511,CUST-16388,"98,_Goyal_Zila,_Srinagar-303749",Srinagar,Jammu_and_Kashmir,303749.0,Billing
MP-12512,CUST-11283,"H.No._904,_Guha_Ganj
Agra-108813",Agra,Uttar_Pradesh,108813.0,Billing
WB-12513,CUST-10541,"16/212,_Chacko
Baranagar-947689",Baranagar,West_Bengal,947689.0,"Billing,_Shipping"
TS-12514,CUST-11828,"H.No._18,_Dani_Circle
Ambala_169434",Ambala,Haryana,169434.0,Shipping
WB-12515,CUST-19107,"28/01
Sha_Street
Bhatpara_633750",Bhatpara,West_Bengal,633750.0,Shipping
TR-12516,CUST-14542,"98/176,_Arora_Path
Durgapur_638377",Durgapur,West_Bengal,638377.0,Billing
BR-12517,CUST-09564,"081,_Mahal_Ganj
Satna-305886",Satna,Madhya_Pradesh,305886.0,Shipping
JH-12518,CUST-01429,"89/887
Tara_Nagar
Kharagpur_475143",Kharagpur,West_Bengal,475143.0,Billing
AS-12519,CUST-10223,"225,_Thakur_Road,_Bongaigaon-950873",Bongaigaon,Assam,950873.0,"Billing,_Shipping"
OR-12520,CUST-08026,"84/374,_Sahota_Chowk,_Anantapur-886943",Anantapur,Andhra_Pradesh,886943.0,Billing
WB-12521,CUST-04087,"23/16,_Wali_Ganj
Bhatpara-397737",Bhatpara,West_Bengal,397737.0,Billing
AP-12522,CUST-06244,"H.No._815
Sastry
Jammu_160299",Jammu,Jammu_and_Kashmir,160299.0,"Billing,_Shipping"
WB-12523,CUST-17881,"44,_Dhingra_Path,_Bidhannagar_810690",Bidhannagar,West_Bengal,810690.0,"Billing,_Shipping"
HR-12524,CUST-19710,"H.No._547,_Bir_Circle,_Aurangabad_156998",Aurangabad,Maharashtra,156998.0,Billing
WB-12525,CUST-16727,"90,_Jha_Chowk
Bally-396999",Bally,West_Bengal,396999.0,Billing
TS-12526,CUST-13127,"H.No._90
Bumb_Marg
Srinagar-451431",Srinagar,Jammu_and_Kashmir,451431.0,Shipping
TS-12527,CUST-04353,"H.No._90,_Kapoor_Road
Ramagundam_607263",Ramagundam,Telangana,607263.0,"Billing,_Shipping"
GJ-12528,CUST-12766,"H.No._14
Gandhi_Circle
Hajipur-613053",Hajipur,Bihar,613053.0,Billing
WB-12529,CUST-12518,"H.No._75,_Bawa
Kamarhati_274640",Kamarhati,West_Bengal,274640.0,Billing
GJ-12530,CUST-12290,"16/307,_Bir_Street,_Vadodara_499284",Vadodara,Gujarat,499284.0,Billing
AS-12531,CUST-10471,"53/27
Tripathi_Nagar
Siliguri_582914",Siliguri,West_Bengal,582914.0,"Billing,_Shipping"
AP-12532,CUST-12296,"55/53,_Dash_Nagar
Jammu_296724",Jammu,Jammu_and_Kashmir,296724.0,Billing
AS-12533,CUST-08636,"89/32,_Kumer_Street
Nagaon-186931",Nagaon,Assam,186931.0,"Billing,_Shipping"
BR-12534,CUST-10535,"95/73
Basak_Path
Jaipur-326880",Jaipur,Rajasthan,326880.0,Billing
MP-12535,CUST-14425,"53/083
Gaba_Nagar
Ramgarh-737302",Ramgarh,Jharkhand,737302.0,"Billing,_Shipping"
UP-12536,CUST-01035,"92/25,_Sule_Nagar,_Chapra_155544",Chapra,Bihar,155544.0,Shipping
OR-12537,CUST-08929,"33,_Batta_Nagar
Kanpur-299547",Kanpur,Uttar_Pradesh,299547.0,Shipping
UP-12538,CUST-12552,"97
Rama_Street
Muzaffarpur-638813",Muzaffarpur,Bihar,638813.0,Shipping
WB-12539,CUST-11482,"H.No._038
Chandran_Zila
Aligarh_739798",Aligarh,Uttar_Pradesh,739798.0,Shipping
OR-12540,CUST-13419,"42
Dora_Path
Bilaspur-431954",Bilaspur,Chhattisgarh,431954.0,Shipping
AP-12541,CUST-01292,"27/87,_Dass_Nagar,_Anantapuram-294911",Anantapuram,Andhra_Pradesh,294911.0,Shipping
UP-12542,CUST-16029,"64/847
Luthra_Path
Shahjahanpur_651407",Shahjahanpur,Uttar_Pradesh,651407.0,"Billing,_Shipping"
OR-12543,CUST-00448,"19/220,_Saini_Circle,_Patna-826849",Patna,Bihar,826849.0,Billing
GJ-12544,CUST-02394,"06,_Mannan_Chowk
Vadodara_226477",Vadodara,Gujarat,226477.0,Billing
TN-12545,CUST-03955,"H.No._09,_Mangal_Circle,_Vellore-008854",Vellore,Tamil_Nadu,8854.0,Shipping
MP-12546,CUST-15233,"432,_Halder_Chowk
Gopalpur_291597",Gopalpur,Odisha,291597.0,Shipping
WB-12547,CUST-19704,"143
Bava_Nagar
Arrah-690834",Arrah,Bihar,690834.0,"Billing,_Shipping"
MP-12548,CUST-08034,"H.No._31,_Talwar
Dehri-992655",Dehri,Bihar,992655.0,Billing
OR-12549,CUST-17727,"95/60
Banerjee_Nagar
Anantapur_100564",Anantapur,Andhra_Pradesh,100564.0,Billing
TN-12550,CUST-16080,"H.No._07
Vohra_Chowk
Vellore_970228",Vellore,Tamil_Nadu,970228.0,Billing
WB-12551,CUST-12229,"29,_Dayal_Marg,_Bhatpara_400217",Bhatpara,West_Bengal,400217.0,Shipping
AS-12552,CUST-08228,"H.No._678,_Kale_Zila,_Nagaon-381944",Nagaon,Assam,381944.0,Billing
BR-12553,CUST-02711,"H.No._64
Soman_Ganj
Jaipur-873484",Jaipur,Rajasthan,873484.0,Billing
AP-12554,CUST-14009,"H.No._58,_Kannan
Srikakulam-508854",Srikakulam,Andhra_Pradesh,508854.0,Shipping
TN-12555,CUST-01742,"90,_Ramachandran_Zila,_Gandhinagar-625408",Gandhinagar,Gujarat,625408.0,Shipping
UP-12556,CUST-10578,"04/906,_Kumar,_Gurgaon_425802",Gurgaon,Haryana,425802.0,"Billing,_Shipping"
TS-12558,CUST-17675,"65/284,_Basak_Road,_Nizamabad_675647",Nizamabad,Telangana,675647.0,Shipping
UP-12559,CUST-12173,"H.No._65
Anand_Nagar
Shahjahanpur_798220",Shahjahanpur,Uttar_Pradesh,798220.0,"Billing,_Shipping"
KL-12560,CUST-06278,"H.No._06,_Sangha_Street
Kollam-886850",Kollam,Kerala,886850.0,Billing
DL-12561,CUST-12242,"296,_Kapur
Delhi-622643",Delhi,Delhi_(Union_Territory),622643.0,"Billing,_Shipping"
UP-12562,CUST-07926,"804,_Deshmukh_Marg
Gurgaon-547728",Gurgaon,Haryana,547728.0,Billing
WB-12563,CUST-10694,"29/53,_Chopra_Nagar
Kamarhati_540717",Kamarhati,West_Bengal,540717.0,Billing
TN-12564,CUST-05691,"59/06,_Hora_Street
Vellore-621941",Vellore,Tamil_Nadu,621941.0,Shipping
UP-12565,CUST-15995,"H.No._07,_Kade_Chowk
Farrukhabad-028556",Farrukhabad,Uttar_Pradesh,28556.0,Billing
OR-12566,CUST-01228,"H.No._171,_Walia_Chowk,_Mathura-910206",Mathura,Uttar_Pradesh,910206.0,Shipping
UP-12567,CUST-02796,"15/24
Contractor_Circle
Bhagalpur_354165",Bhagalpur,Bihar,354165.0,Billing
OR-12568,CUST-09049,"62/933,_Choudhary_Zila,_Danapur-634310",Danapur,Bihar,634310.0,Shipping
MH-12569,CUST-15579,"48/995
Dayal_Chowk
Malegaon_163065",Malegaon,Maharashtra,163065.0,Shipping
GJ-12570,CUST-11619,"34/30,_Varughese_Nagar,_Hajipur_399485",Hajipur,Bihar,399485.0,Billing
TS-12571,CUST-15331,"05/523,_Kumer_Nagar,_Proddatur_751401",Proddatur,Andhra_Pradesh,751401.0,"Billing,_Shipping"
MP-12572,CUST-14003,"07,_Sidhu_Path
Mau-234982",Mau,Uttar_Pradesh,234982.0,Shipping
HP-12573,CUST-11516,"H.No._83
Batra_Marg
Udaipur_404399",Udaipur,Rajasthan,404399.0,"Billing,_Shipping"
MP-12574,CUST-04893,"H.No._491,_Thakkar_Marg,_Jodhpur_968289",Jodhpur,Rajasthan,968289.0,"Billing,_Shipping"
TS-12575,CUST-10462,"H.No._54,_Kohli_Zila,_Srinagar_963732",Srinagar,Jammu_and_Kashmir,963732.0,"Billing,_Shipping"
JH-12576,CUST-12849,"17/05
Bansal_Marg
Asansol-953481",Asansol,West_Bengal,953481.0,Shipping
KA-12577,CUST-02400,"H.No._328,_Khare_Path
Hosur_935528",Hosur,Tamil_Nadu,935528.0,Billing
TN-12578,CUST-17904,"H.No._864,_Khatri_Street,_Tiruppur_685527",Tiruppur,Tamil_Nadu,685527.0,"Billing,_Shipping"
UP-12579,CUST-16911,"H.No._22,_Badal_Zila
Farrukhabad-912969",Farrukhabad,Uttar_Pradesh,912969.0,"Billing,_Shipping"
GJ-12580,CUST-15624,"50/888,_Dixit_Zila
Kavali_223471",Kavali,Andhra_Pradesh,223471.0,"Billing,_Shipping"
TN-12581,CUST-04938,"H.No._60,_Khatri,_Chittoor-515978",Chittoor,Andhra_Pradesh,515978.0,Billing
WB-12582,CUST-04670,"48/761,_Wason_Path
Madhyamgram-117266",Madhyamgram,West_Bengal,117266.0,Billing
CG-12583,CUST-10148,"042
Roy_Zila
Nagpur-573948",Nagpur,Maharashtra,573948.0,Shipping
UP-12584,CUST-18146,"23/448,_Comar_Chowk,_Muzaffarpur-412752",Muzaffarpur,Bihar,412752.0,Billing
DL-12585,CUST-16781,"80/95,_Krishna_Circle
Delhi_252942",Delhi,Delhi_(Union_Territory),252942.0,Shipping
JH-12586,CUST-11451,"H.No._368
Madan_Zila
Kharagpur-265774",Kharagpur,West_Bengal,265774.0,Shipping
MP-12587,CUST-02379,"H.No._73
Bains_Path
Gopalpur-244177",Gopalpur,Odisha,244177.0,Billing
GJ-12588,CUST-12182,"104
Kalita_Ganj
Ajmer-519282",Ajmer,Rajasthan,519282.0,Shipping
CG-12589,CUST-19711,"92/773,_Dey,_Sagar_920845",Sagar,Madhya_Pradesh,920845.0,Shipping
MH-12590,CUST-15792,"H.No._41
Upadhyay_Street
Karnal-750526",Karnal,Haryana,750526.0,"Billing,_Shipping"
KL-12591,CUST-19310,"H.No._391
Tandon_Road
Kollam-781137",Kollam,Kerala,781137.0,"Billing,_Shipping"
WB-12592,CUST-17083,"67/39,_Sidhu_Road,_Bidhannagar_739446",Bidhannagar,West_Bengal,739446.0,"Billing,_Shipping"
AP-12593,CUST-17548,"H.No._361
Grover_Circle
Bhimavaram-885275",Bhimavaram,Andhra_Pradesh,885275.0,Shipping
BR-12594,CUST-12508,"86/258
Wagle
Ballia-270600",Ballia,Uttar_Pradesh,270600.0,Billing
WB-12595,CUST-17128,"H.No._026,_Trivedi_Street
Naihati_256186",Naihati,West_Bengal,256186.0,Billing
MH-12596,CUST-16971,"H.No._765,_Gopal_Road
Rampur-754168",Rampur,Uttar_Pradesh,754168.0,Billing
UP-12597,CUST-13003,"H.No._507,_Raja_Ganj
Farrukhabad-971975",Farrukhabad,Uttar_Pradesh,971975.0,Billing
OR-12598,CUST-10329,"983
Krishna_Chowk
Anantapur-575237",Anantapur,Andhra_Pradesh,575237.0,Shipping
OR-12599,CUST-19662,"66,_Dara_Path,_Chandrapur-475232",Chandrapur,Maharashtra,475232.0,"Billing,_Shipping"
BR-12600,CUST-17388,"55/657,_Banerjee_Path
Satna-034007",Satna,Madhya_Pradesh,34007.0,"Billing,_Shipping"
WB-12601,CUST-14928,"575,_Deep_Circle
Naihati_796354",Naihati,West_Bengal,796354.0,Billing
GJ-12602,CUST-13455,"74,_Kota_Zila,_Jabalpur-547641",Jabalpur,Madhya_Pradesh,547641.0,Shipping
GJ-12603,CUST-19773,"07/52,_Dave_Zila
Hajipur_438088",Hajipur,Bihar,438088.0,"Billing,_Shipping"
KA-12604,CUST-06550,"641,_Kapoor_Marg
Tumkur_857522",Tumkur,Karnataka,857522.0,Shipping
TN-12605,CUST-16219,"09
Gaba_Circle
Pallavaram_501928",Pallavaram,Tamil_Nadu,501928.0,"Billing,_Shipping"
KA-12606,CUST-15912,"H.No._35,_Goswami_Chowk
Mangalore_336323",Mangalore,Karnataka,336323.0,Shipping
MH-12607,CUST-15766,"34/905,_Kashyap_Street,_Jalgaon-799457",Jalgaon,Maharashtra,799457.0,Billing
CG-12608,CUST-19534,"44/39,_Mandal_Chowk,_Sagar-131911",Sagar,Madhya_Pradesh,131911.0,Shipping
TN-12609,CUST-04489,"H.No._446,_Keer_Street,_Pallavaram_395777",Pallavaram,Tamil_Nadu,395777.0,"Billing,_Shipping"
UP-12610,CUST-16937,"58/580,_Wagle_Nagar,_Karimnagar-758530",Karimnagar,Telangana,758530.0,"Billing,_Shipping"
MH-12611,CUST-06768,"89/28,_Kant_Zila
Jalgaon-195051",Jalgaon,Maharashtra,195051.0,Billing
MP-12612,CUST-03207,"566
Bansal_Chowk
Kishanganj_585494",Kishanganj,Bihar,585494.0,Billing
WB-12613,CUST-10429,"H.No._565
Toor_Chowk
Kamarhati-043130",Kamarhati,West_Bengal,43130.0,"Billing,_Shipping"
KA-12615,CUST-17503,"156,_Raval_Marg
Solapur_738794",Solapur,Maharashtra,738794.0,"Billing,_Shipping"
UP-12616,CUST-18219,"73/88,_Dash_Road
Shahjahanpur-559434",Shahjahanpur,Uttar_Pradesh,559434.0,"Billing,_Shipping"
TS-12617,CUST-16501,"H.No._315,_Sibal_Circle
Proddatur_447652",Proddatur,Andhra_Pradesh,447652.0,Billing
TS-12618,CUST-16122,"54/103,_Bhardwaj_Street,_Ramagundam_307053",Ramagundam,Telangana,307053.0,"Billing,_Shipping"
WB-12619,CUST-18294,"H.No._203
Comar_Ganj
Kulti-003041",Kulti,West_Bengal,3041.0,"Billing,_Shipping"
TS-12620,CUST-10149,"H.No._483
Bhavsar_Circle
Srinagar-655588",Srinagar,Jammu_and_Kashmir,655588.0,Billing
MH-12621,CUST-17875,"H.No._240,_Yadav_Zila
Jalgaon-086018",Jalgaon,Maharashtra,86018.0,"Billing,_Shipping"
CG-12622,CUST-04728,"H.No._47,_Agate_Circle
Nagpur_989873",Nagpur,Maharashtra,989873.0,Billing
WB-12623,CUST-10287,"H.No._32
Mandal_Marg
Naihati-187632",Naihati,West_Bengal,187632.0,Billing
UP-12624,CUST-05971,"H.No._704,_Batra_Zila,_Gurgaon-018874",Gurgaon,Haryana,18874.0,Shipping
UP-12625,CUST-09373,"H.No._83,_Ahuja_Zila,_Karimnagar_481554",Karimnagar,Telangana,481554.0,Billing
KA-12626,CUST-00429,"53/108,_Upadhyay_Circle,_Solapur_973625",Solapur,Maharashtra,973625.0,"Billing,_Shipping"
RJ-12627,CUST-09357,"67/82,_Kadakia_Marg,_Rajkot_252542",Rajkot,Gujarat,252542.0,Billing
AP-12628,CUST-06642,"H.No._461,_Venkataraman_Road
Gudivada_743699",Gudivada,Andhra_Pradesh,743699.0,Billing
TR-12629,CUST-07493,"05/340,_Sodhi,_Chandigarh-411429",Chandigarh,Chandigarh_(Union_Territory),411429.0,Billing
WB-12630,CUST-06263,"71/01
Golla_Marg
Bally_728385",Bally,West_Bengal,728385.0,Billing
AP-12631,CUST-12147,"H.No._72,_Bali_Chowk,_Dharmavaram-149445",Dharmavaram,Andhra_Pradesh,149445.0,"Billing,_Shipping"
WB-12632,CUST-03839,"H.No._813,_Krishnan_Street,_Bhatpara_921776",Bhatpara,West_Bengal,921776.0,"Billing,_Shipping"
UP-12633,CUST-05620,"H.No._86,_Kanda_Marg,_Burhanpur_618990",Burhanpur,Madhya_Pradesh,618990.0,Shipping
AS-12635,CUST-03639,"74,_Ramakrishnan_Road
Siliguri_756698",Siliguri,West_Bengal,756698.0,"Billing,_Shipping"
MP-12636,CUST-08577,"364,_Halder_Zila,_Mau-745278",Mau,Uttar_Pradesh,745278.0,Billing
OR-12637,CUST-16113,"H.No._496
Rajagopalan_Circle
Chandrapur_885531",Chandrapur,Maharashtra,885531.0,"Billing,_Shipping"
MP-12638,CUST-12127,"57/01
Kar_Nagar
Gorakhpur-904544",Gorakhpur,Uttar_Pradesh,904544.0,"Billing,_Shipping"
WB-12639,CUST-17076,"H.No._15,_Kara_Chowk,_Bhatpara_992972",Bhatpara,West_Bengal,992972.0,"Billing,_Shipping"
AS-12640,CUST-10097,"H.No._868
Ramanathan_Nagar
Nagaon-006180",Nagaon,Assam,6180.0,Shipping
KA-12641,CUST-17617,"738,_Ratta_Zila
Hospet_947480",Hospet,Karnataka,947480.0,"Billing,_Shipping"
MP-12642,CUST-15577,"H.No._65
Chakraborty_Path
Gorakhpur_709716",Gorakhpur,Uttar_Pradesh,709716.0,Billing
UP-12643,CUST-11554,"H.No._12,_Yogi_Nagar,_Chapra-378967",Chapra,Bihar,378967.0,"Billing,_Shipping"
OR-12644,CUST-00220,"47/215,_Kapadia_Street
Haldia_981116",Haldia,West_Bengal,981116.0,Shipping
MP-12645,CUST-14317,"H.No._751
Kurian
Indore-747313",Indore,Madhya_Pradesh,747313.0,Billing
WB-12646,CUST-17168,"H.No._781
Cheema
Naihati_368881",Naihati,West_Bengal,368881.0,Billing
UP-12647,CUST-19545,"629,_Goyal_Circle,_Mirzapur_666089",Mirzapur,Uttar_Pradesh,666089.0,Shipping
MH-12648,CUST-08321,"74/825,_Badal_Street,_Yamunanagar_343605",Yamunanagar,Haryana,343605.0,Billing
MP-12649,CUST-16116,"485,_Chowdhury_Chowk
Indore_239666",Indore,Madhya_Pradesh,239666.0,"Billing,_Shipping"
AS-12650,CUST-14926,"551,_Dewan_Path,_Siliguri_022819",Siliguri,West_Bengal,22819.0,Shipping
MH-12651,CUST-19542,"01/375
Balan_Chowk
Loni_580304",Loni,Uttar_Pradesh,580304.0,Billing
UK-12652,CUST-19377,"064
Thaman_Zila
Shivpuri_119429",Shivpuri,Madhya_Pradesh,119429.0,Shipping
OR-12653,CUST-06931,"73
Rao_Nagar
Chandrapur-744999",Chandrapur,Maharashtra,744999.0,Billing
UK-12654,CUST-07614,"80/817,_Dube_Road,_Haridwar-265341",Haridwar,Uttarakhand,265341.0,Billing
TS-12655,CUST-12870,"69/893
Sem
Hindupur-065451",Hindupur,Andhra_Pradesh,65451.0,Shipping
CG-12656,CUST-14781,"46/40
Chaudhry_Path
Malda_697485",Malda,West_Bengal,697485.0,Billing
MP-12657,CUST-15457,"541,_Sangha_Path
Unnao-246822",Unnao,Uttar_Pradesh,246822.0,"Billing,_Shipping"
TN-12658,CUST-17100,"97/275,_Kanda_Road,_Pallavaram-105754",Pallavaram,Tamil_Nadu,105754.0,"Billing,_Shipping"
TS-12659,CUST-16415,"85,_Gandhi_Zila
Nizamabad_855233",Nizamabad,Telangana,855233.0,Billing
GJ-12660,CUST-13459,"26/710
Luthra_Ganj
Gandhidham_625955",Gandhidham,Gujarat,625955.0,Shipping
WB-12661,CUST-11214,"H.No._53,_Toor_Ganj
Bally-493000",Bally,West_Bengal,493000.0,Shipping
OR-12662,CUST-05905,"H.No._19
Kade_Marg
Kanpur-106284",Kanpur,Uttar_Pradesh,106284.0,Shipping
UP-12663,CUST-12426,"04/726,_Garg_Road,_Ahmedabad_279091",Ahmedabad,Gujarat,279091.0,"Billing,_Shipping"
GJ-12664,CUST-10183,"H.No._20,_Chowdhury_Road
Allahabad-728282",Allahabad,Uttar_Pradesh,728282.0,Shipping
TN-12665,CUST-11079,"623
Shere_Zila
Tiruvottiyur-500435",Tiruvottiyur,Tamil_Nadu,500435.0,"Billing,_Shipping"
MP-12666,CUST-18741,"30/58,_Sachdeva_Road,_Agra-889820",Agra,Uttar_Pradesh,889820.0,Billing
RJ-12667,CUST-15575,"91/23
Ray_Chowk
Fatehpur_599231",Fatehpur,Uttar_Pradesh,599231.0,Shipping
WB-12668,CUST-11182,"H.No._773
Thaman_Path
Bidhannagar_384256",Bidhannagar,West_Bengal,384256.0,"Billing,_Shipping"
GJ-12669,CUST-15182,"164,_Bhardwaj
Kavali-662251",Kavali,Andhra_Pradesh,662251.0,"Billing,_Shipping"
JH-12670,CUST-19278,"27/138,_Bhat_Chowk,_Kharagpur_632274",Kharagpur,West_Bengal,632274.0,"Billing,_Shipping"
BR-12671,CUST-12889,"266,_Bir,_Purnia_507108",Purnia,Bihar,507108.0,"Billing,_Shipping"
RJ-12672,CUST-06876,"H.No._810
Sheth_Marg
Akola-021325",Akola,Maharashtra,21325.0,Billing
MH-12673,CUST-17929,"H.No._077
Ghose_Zila
Malegaon-864249",Malegaon,Maharashtra,864249.0,Billing
GJ-12674,CUST-10565,"16/382,_Luthra,_Vadodara_424186",Vadodara,Gujarat,424186.0,Billing
OR-12675,CUST-09072,"H.No._62,_Bath_Chowk
Mathura-748939",Mathura,Uttar_Pradesh,748939.0,Shipping
BR-12676,CUST-01676,"92
Savant_Nagar
Purnia-422506",Purnia,Bihar,422506.0,Shipping
OR-12677,CUST-15670,"H.No._69,_Bala_Marg
Chandrapur_006789",Chandrapur,Maharashtra,6789.0,Shipping
AS-12678,CUST-17350,"66/028,_Hegde_Ganj
Bongaigaon-873209",Bongaigaon,Assam,873209.0,"Billing,_Shipping"
DL-12679,CUST-00358,"660
Kanda_Marg
Delhi_855904",Delhi,Delhi_(Union_Territory),855904.0,Shipping
KA-12680,CUST-04183,"H.No._322,_Balasubramanian_Marg,_Mangalore-802846",Mangalore,Karnataka,802846.0,Shipping
KA-12681,CUST-10085,"454,_Ganguly_Zila
Amaravati_701419",Amaravati,Andhra_Pradesh,701419.0,Shipping
HP-12682,CUST-06360,"17/09
Bir_Road
Udaipur_394154",Udaipur,Rajasthan,394154.0,Billing
UP-12683,CUST-14399,"79/13
Krishnamurthy_Path
Raiganj_731270",Raiganj,West_Bengal,731270.0,"Billing,_Shipping"
TN-12684,CUST-09353,"H.No._778,_Atwal_Path
Vellore_288851",Vellore,Tamil_Nadu,288851.0,Shipping
KA-12685,CUST-09654,"54/822,_Lanka
Amaravati-431889",Amaravati,Andhra_Pradesh,431889.0,"Billing,_Shipping"
BR-12686,CUST-15718,"H.No._08,_Ramesh_Marg,_Jaipur_434316",Jaipur,Rajasthan,434316.0,"Billing,_Shipping"
GJ-12687,CUST-17037,"010,_Kapur_Road,_Vadodara_155773",Vadodara,Gujarat,155773.0,Shipping
MH-12688,CUST-13839,"H.No._04,_Randhawa_Street
Rampur-972311",Rampur,Uttar_Pradesh,972311.0,"Billing,_Shipping"
TN-12689,CUST-14965,"H.No._44,_Rege_Ganj
Tiruppur_642994",Tiruppur,Tamil_Nadu,642994.0,Shipping
MH-12690,CUST-07794,"13,_Saran_Road,_Bhiwandi_633955",Bhiwandi,Maharashtra,633955.0,"Billing,_Shipping"
JH-12691,CUST-02152,"H.No._00,_Ganguly,_Asansol_499390",Asansol,West_Bengal,499390.0,Shipping
WB-12692,CUST-01143,"27/45,_Hayre_Marg
Bally-495170",Bally,West_Bengal,495170.0,"Billing,_Shipping"
WB-12693,CUST-11486,"947
Khalsa_Circle
Panihati-850162",Panihati,West_Bengal,850162.0,Shipping
JH-12694,CUST-19287,"651,_Gokhale_Zila
Phusro-183251",Phusro,Jharkhand,183251.0,Billing
TN-12695,CUST-18395,"H.No._04
Gaba_Marg
Tiruppur_970148",Tiruppur,Tamil_Nadu,970148.0,Shipping
UP-12696,CUST-13267,"037,_Rama_Path
Mirzapur-269435",Mirzapur,Uttar_Pradesh,269435.0,Shipping
JH-12697,CUST-00479,"89,_Bhasin_Zila,_Mango-665622",Mango,Jharkhand,665622.0,Billing
OR-12698,CUST-06204,"025
Johal_Circle
Chandrapur-833188",Chandrapur,Maharashtra,833188.0,Billing
WB-12699,CUST-15773,"43/49,_Ahuja_Nagar,_Bidhannagar_856385",Bidhannagar,West_Bengal,856385.0,"Billing,_Shipping"
RJ-12700,CUST-03125,"362,_Chahal_Chowk,_Akola_969977",Akola,Maharashtra,969977.0,Shipping
KA-12701,CUST-05248,"319
Kibe
Solapur_194964",Solapur,Maharashtra,194964.0,Billing
MP-12702,CUST-12392,"669,_Maharaj_Road,_Jodhpur-852912",Jodhpur,Rajasthan,852912.0,Shipping
MP-12703,CUST-07678,"94
Ravel_Chowk
Mau-230107",Mau,Uttar_Pradesh,230107.0,Shipping
MP-12704,CUST-13768,"H.No._60,_Gola_Zila,_Jhansi-749192",Jhansi,Uttar_Pradesh,749192.0,Billing
WB-12705,CUST-08887,"60
Rajagopal_Road
Kamarhati-121718",Kamarhati,West_Bengal,121718.0,Billing
AS-12706,CUST-04789,"439,_Yogi_Street,_Bongaigaon-023582",Bongaigaon,Assam,23582.0,Shipping
AP-12707,CUST-17234,"27,_Sankaran
Bhimavaram_752267",Bhimavaram,Andhra_Pradesh,752267.0,"Billing,_Shipping"
TN-12708,CUST-04990,"H.No._221,_Comar_Path
Avadi-941728",Avadi,Tamil_Nadu,941728.0,Shipping
RJ-12709,CUST-00626,"H.No._49
Basak_Zila
Fatehpur-054048",Fatehpur,Uttar_Pradesh,54048.0,Billing
AS-12710,CUST-18393,"H.No._840,_Mannan_Street
Nagaon_629359",Nagaon,Assam,629359.0,"Billing,_Shipping"
RJ-12711,CUST-19951,"766,_Kadakia_Marg,_Rajkot-386517",Rajkot,Gujarat,386517.0,"Billing,_Shipping"
TS-12712,CUST-12637,"H.No._32,_Mangat_Chowk
Ramagundam-440071",Ramagundam,Telangana,440071.0,"Billing,_Shipping"
AS-12713,CUST-17867,"23,_Chakrabarti_Circle
Nagaon_710070",Nagaon,Assam,710070.0,Shipping
AS-12714,CUST-13477,"19/016,_Bedi_Circle,_Bongaigaon-166587",Bongaigaon,Assam,166587.0,Billing
MP-12715,CUST-10151,"51/42,_Mangal_Nagar
Gopalpur-072579",Gopalpur,Odisha,72579.0,Shipping
UP-12716,CUST-06003,"61/147,_Kumar_Marg
Gurgaon_445759",Gurgaon,Haryana,445759.0,"Billing,_Shipping"
MH-12717,CUST-01424,"84
Iyer
Bhiwandi-741392",Bhiwandi,Maharashtra,741392.0,Shipping
AS-12718,CUST-10349,"H.No._384
Butala_Street
Siliguri_433972",Siliguri,West_Bengal,433972.0,Shipping
WB-12719,CUST-18774,"H.No._845
Badami_Road
Naihati_288286",Naihati,West_Bengal,288286.0,Shipping
KA-12720,CUST-18134,"20/77
Tripathi_Circle
Mangalore_935899",Mangalore,Karnataka,935899.0,Billing
HR-12721,CUST-11589,"H.No._96,_Andra_Path
Siwan-514495",Siwan,Bihar,514495.0,"Billing,_Shipping"
UP-12722,CUST-01404,"22/86,_Kaur_Chowk,_Firozabad-208089",Firozabad,Uttar_Pradesh,208089.0,"Billing,_Shipping"
WB-12723,CUST-05148,"H.No._42
Shenoy_Ganj
Kulti-550877",Kulti,West_Bengal,550877.0,"Billing,_Shipping"
MH-12724,CUST-19880,"H.No._521,_Shenoy_Ganj
Yamunanagar-379636",Yamunanagar,Haryana,379636.0,"Billing,_Shipping"
KA-12725,CUST-03737,"H.No._989,_Grewal_Nagar,_Solapur_085725",Solapur,Maharashtra,85725.0,"Billing,_Shipping"
CG-12726,CUST-07618,"H.No._71
Vaidya
Nagpur-955345",Nagpur,Maharashtra,955345.0,"Billing,_Shipping"
WB-12727,CUST-19930,"970,_Dhar_Path
Uluberia-209555",Uluberia,West_Bengal,209555.0,Billing
GJ-12728,CUST-04417,"141,_Sura_Marg,_Kavali-549341",Kavali,Andhra_Pradesh,549341.0,Billing
KA-12729,CUST-14570,"H.No._18,_Edwin_Marg
Mangalore_168430",Mangalore,Karnataka,168430.0,Shipping
MP-12730,CUST-17264,"H.No._72
Shroff_Zila
Gorakhpur_050331",Gorakhpur,Uttar_Pradesh,50331.0,Shipping
OR-12731,CUST-05492,"816
Dayal_Path
Anantapur-898827",Anantapur,Andhra_Pradesh,898827.0,Shipping
OR-12732,CUST-19654,"67/16
Gulati_Nagar
Mathura-357119",Mathura,Uttar_Pradesh,357119.0,Billing
CG-12733,CUST-10895,"167
Anand_Path
Sambalpur_682166",Sambalpur,Odisha,682166.0,"Billing,_Shipping"
OR-12734,CUST-16882,"26/678
Saran_Marg
Danapur-192849",Danapur,Bihar,192849.0,"Billing,_Shipping"
RJ-12735,CUST-13330,"51/67,_Krishnamurthy_Street,_Akola_848362",Akola,Maharashtra,848362.0,Billing
KA-12736,CUST-04070,"H.No._005
Khatri_Road
Mangalore_552207",Mangalore,Karnataka,552207.0,Billing
MH-12737,CUST-06202,"44/914
Kibe_Street
Malegaon-183353",Malegaon,Maharashtra,183353.0,Shipping
MH-12738,CUST-18337,"56/988
Seshadri_Circle
Guntur-254113",Guntur,Andhra_Pradesh,254113.0,Billing
OR-12739,CUST-04627,"26/06
Bhagat_Ganj
Patna_433654",Patna,Bihar,433654.0,"Billing,_Shipping"
UP-12740,CUST-03595,"H.No._165
Choudhary_Nagar
Farrukhabad_088050",Farrukhabad,Uttar_Pradesh,88050.0,Billing
AP-12741,CUST-12888,"55/888
Soman_Path
Jammu_467680",Jammu,Jammu_and_Kashmir,467680.0,"Billing,_Shipping"
UK-12742,CUST-11977,"H.No._910,_Kala_Street,_Jalna_102189",Jalna,Maharashtra,102189.0,"Billing,_Shipping"
RJ-12743,CUST-01922,"99/112
Gopal_Zila
Rajkot-134704",Rajkot,Gujarat,134704.0,Billing
RJ-12744,CUST-14967,"H.No._651,_Sha,_Akola-704145",Akola,Maharashtra,704145.0,"Billing,_Shipping"
MP-12745,CUST-12721,"H.No._87,_Lad_Marg
Kota_847176",Kota,Rajasthan,847176.0,Shipping
JH-12746,CUST-04581,"H.No._24,_Kohli_Zila,_Phusro_739826",Phusro,Jharkhand,739826.0,Billing
WB-12747,CUST-07230,"H.No._949,_Tella_Zila
Baranagar_995596",Baranagar,West_Bengal,995596.0,Shipping
TN-12748,CUST-00053,"95,_Kata_Chowk,_Avadi-478704",Avadi,Tamil_Nadu,478704.0,Billing
RJ-12749,CUST-09833,"H.No._21,_Varty_Chowk
Rajkot_069462",Rajkot,Gujarat,69462.0,Shipping
MH-12750,CUST-12015,"H.No._511,_Lad_Circle,_Rampur_947749",Rampur,Uttar_Pradesh,947749.0,Billing
MH-12751,CUST-11161,"47/36,_Sethi_Circle
Karnal-437396",Karnal,Haryana,437396.0,"Billing,_Shipping"
WB-12752,CUST-10876,"689,_Mahajan_Street
Uluberia_180327",Uluberia,West_Bengal,180327.0,Billing
RJ-12753,CUST-16289,"495
Kumar_Marg
Rajkot_884767",Rajkot,Gujarat,884767.0,"Billing,_Shipping"
TN-12754,CUST-18477,"41,_Arya_Marg
Tiruvottiyur_839627",Tiruvottiyur,Tamil_Nadu,839627.0,Shipping
GJ-12755,CUST-06874,"H.No._66,_Anand_Path,_Hajipur_440148",Hajipur,Bihar,440148.0,"Billing,_Shipping"
CG-12756,CUST-13234,"490,_Sinha_Chowk
Sambalpur-106633",Sambalpur,Odisha,106633.0,"Billing,_Shipping"
GJ-12757,CUST-18469,"H.No._374
Comar_Street
Ajmer-293687",Ajmer,Rajasthan,293687.0,"Billing,_Shipping"
OR-12758,CUST-17406,"84/48,_Sengupta_Ganj,_Chandrapur_088500",Chandrapur,Maharashtra,88500.0,"Billing,_Shipping"
BR-12759,CUST-14548,"96/626,_Lalla,_Purnia_110119",Purnia,Bihar,110119.0,"Billing,_Shipping"
WB-12760,CUST-10918,"H.No._642
Halder_Zila
Naihati-125182",Naihati,West_Bengal,125182.0,"Billing,_Shipping"
WB-12761,CUST-18363,"17,_Arya_Street,_Madhyamgram_744300",Madhyamgram,West_Bengal,744300.0,Shipping
HP-12762,CUST-10515,"09,_Kashyap_Road,_Udaipur_350807",Udaipur,Rajasthan,350807.0,"Billing,_Shipping"
TS-12763,CUST-01648,"62,_Buch_Road,_Dindigul_132663",Dindigul,Tamil_Nadu,132663.0,Shipping
MH-12764,CUST-12101,"86/25
Kala_Zila
Bhiwandi-498496",Bhiwandi,Maharashtra,498496.0,Billing
OR-12765,CUST-12304,"H.No._299,_Halder_Marg
Bijapur-054441",Bijapur,Karnataka,54441.0,"Billing,_Shipping"
CG-12766,CUST-00829,"207,_Konda_Nagar
Sagar_349025",Sagar,Madhya_Pradesh,349025.0,"Billing,_Shipping"
TS-12767,CUST-16338,"015,_Jhaveri_Ganj
Hindupur_104325",Hindupur,Andhra_Pradesh,104325.0,Billing
KL-12768,CUST-06437,"H.No._297
Uppal_Zila
Kollam-703803",Kollam,Kerala,703803.0,Billing
JH-12769,CUST-02171,"H.No._18
Dugal_Zila
Asansol-601453",Asansol,West_Bengal,601453.0,Billing
WB-12770,CUST-14273,"33/865,_Yogi_Road,_Aligarh_229770",Aligarh,Uttar_Pradesh,229770.0,Shipping
JH-12771,CUST-10841,"19,_Balasubramanian_Road
Phusro-422055",Phusro,Jharkhand,422055.0,Billing
TN-12772,CUST-03701,"H.No._27
Sharma_Street
Salem_051682",Salem,Tamil_Nadu,51682.0,Billing
TR-12773,CUST-04800,"01/837,_Sawhney_Nagar,_Chandigarh-856044",Chandigarh,Chandigarh_(Union_Territory),856044.0,"Billing,_Shipping"
MH-12774,CUST-04777,"57,_Sodhi
Karnal_383835",Karnal,Haryana,383835.0,"Billing,_Shipping"
MH-12775,CUST-10397,"42/96,_Gara_Street
Nanded_370641",Nanded,Maharashtra,370641.0,Billing
HR-12776,CUST-14772,"16/08,_Kara_Nagar,_Aurangabad-986546",Aurangabad,Maharashtra,986546.0,"Billing,_Shipping"
KA-12777,CUST-04883,"81,_Dutt_Street,_Amaravati_613812",Amaravati,Andhra_Pradesh,613812.0,Billing
WB-12778,CUST-17652,"210
Varma_Zila
Panihati-348461",Panihati,West_Bengal,348461.0,Shipping
MP-12779,CUST-05433,"H.No._650,_Acharya_Nagar
Unnao-760130",Unnao,Uttar_Pradesh,760130.0,Shipping
WB-12780,CUST-19356,"28,_Chowdhury_Path,_Bidhannagar-313883",Bidhannagar,West_Bengal,313883.0,Billing
TS-12781,CUST-09509,"48,_Bhatia_Road
Ambala_373476",Ambala,Haryana,373476.0,Billing
UK-12782,CUST-10308,"H.No._03
Sood
Shivpuri_130151",Shivpuri,Madhya_Pradesh,130151.0,Billing
HR-12783,CUST-08947,"57,_Chopra_Road,_Siwan-044715",Siwan,Bihar,44715.0,Billing
GJ-12784,CUST-17273,"382
Kunda_Path
Allahabad_542578",Allahabad,Uttar_Pradesh,542578.0,"Billing,_Shipping"
JH-12785,CUST-16309,"74
Dutt_Zila
Kharagpur-336107",Kharagpur,West_Bengal,336107.0,"Billing,_Shipping"
UP-12786,CUST-13686,"H.No._105
Apte_Road
Mirzapur-934561",Mirzapur,Uttar_Pradesh,934561.0,Billing
UP-12787,CUST-18999,"11/819
Kade_Path
Muzaffarpur-498459",Muzaffarpur,Bihar,498459.0,"Billing,_Shipping"
KA-12788,CUST-11312,"H.No._46,_Sankar_Nagar,_Mangalore-737588",Mangalore,Karnataka,737588.0,Shipping
AP-12789,CUST-11190,"38/264,_Lad_Chowk
Jammu_224615",Jammu,Jammu_and_Kashmir,224615.0,"Billing,_Shipping"
AP-12791,CUST-06798,"32,_Dani_Path
Anantapuram_210139",Anantapuram,Andhra_Pradesh,210139.0,"Billing,_Shipping"
GJ-12792,CUST-15888,"88/506,_Kakar_Ganj,_Allahabad_452761",Allahabad,Uttar_Pradesh,452761.0,Shipping
GJ-12793,CUST-04110,"370
Cherian_Marg
Ajmer_787497",Ajmer,Rajasthan,787497.0,"Billing,_Shipping"
TR-12794,CUST-19010,"52/70,_Atwal_Chowk,_Chandigarh-272409",Chandigarh,Chandigarh_(Union_Territory),272409.0,Billing
MP-12795,CUST-03249,"H.No._87,_Sagar_Chowk,_Ramgarh_017467",Ramgarh,Jharkhand,17467.0,Shipping
CG-12796,CUST-04003,"44
Ahluwalia_Nagar
Malda-009385",Malda,West_Bengal,9385.0,Billing
MP-12797,CUST-19164,"H.No._02
Kakar_Road
Jhansi_379828",Jhansi,Uttar_Pradesh,379828.0,Shipping
TS-12798,CUST-18194,"34/65,_Tailor_Nagar,_Proddatur-533690",Proddatur,Andhra_Pradesh,533690.0,Shipping
JH-12799,CUST-07098,"54/36
Andra_Chowk
Phusro_516329",Phusro,Jharkhand,516329.0,Billing
WB-12800,CUST-14427,"21/303,_Kakar_Path
Uluberia_259220",Uluberia,West_Bengal,259220.0,Billing
AP-12801,CUST-13894,"59
Chhabra_Circle
Bhimavaram-434008",Bhimavaram,Andhra_Pradesh,434008.0,Billing
MP-12802,CUST-14679,"H.No._35
Thakkar_Circle
Gorakhpur-662185",Gorakhpur,Uttar_Pradesh,662185.0,Billing
BR-12803,CUST-14423,"H.No._898,_Gade_Street,_Jaipur_078743",Jaipur,Rajasthan,78743.0,"Billing,_Shipping"
UP-12804,CUST-01356,"90/658
Gera
Raiganj-412893",Raiganj,West_Bengal,412893.0,Shipping
GJ-12805,CUST-12896,"H.No._454,_Mannan_Marg,_Gandhidham_564121",Gandhidham,Gujarat,564121.0,"Billing,_Shipping"
UP-12806,CUST-15441,"92/21,_Khatri_Road,_Muzaffarpur_277518",Muzaffarpur,Bihar,277518.0,"Billing,_Shipping"
AP-12807,CUST-13682,"669
Bora_Street
Srikakulam-286441",Srikakulam,Andhra_Pradesh,286441.0,"Billing,_Shipping"
UP-12808,CUST-02557,"H.No._124,_Tak_Street,_Burhanpur-975038",Burhanpur,Madhya_Pradesh,975038.0,"Billing,_Shipping"
JH-12809,CUST-18881,"12/51,_Reddy_Street
Phusro_310012",Phusro,Jharkhand,310012.0,Billing
GJ-12810,CUST-00216,"H.No._833,_Kanda_Zila,_Gandhidham_369291",Gandhidham,Gujarat,369291.0,Shipping
MP-12811,CUST-10891,"H.No._795,_Bala_Nagar
Agra_264880",Agra,Uttar_Pradesh,264880.0,Billing
KA-12812,CUST-18713,"H.No._60,_Sidhu_Chowk,_Amaravati-274067",Amaravati,Andhra_Pradesh,274067.0,Shipping
OR-12813,CUST-18350,"93/61,_Ranganathan_Path
Patna_797907",Patna,Bihar,797907.0,Billing
TN-12814,CUST-08720,"91/162
Shetty_Circle
Tiruppur_833598",Tiruppur,Tamil_Nadu,833598.0,"Billing,_Shipping"
MH-12815,CUST-18244,"H.No._092,_Chandran_Path,_Loni-661604",Loni,Uttar_Pradesh,661604.0,Billing
MH-12816,CUST-19932,"88,_Bava_Marg,_Bhiwandi_889304",Bhiwandi,Maharashtra,889304.0,"Billing,_Shipping"
OR-12817,CUST-17428,"51/383,_Iyengar_Zila
Haldia_113404",Haldia,West_Bengal,113404.0,Shipping
UP-12818,CUST-00411,"18/10,_Bala_Road,_Firozabad_685526",Firozabad,Uttar_Pradesh,685526.0,Billing
MP-12820,CUST-12719,"45,_Wable_Circle
Jhansi_409323",Jhansi,Uttar_Pradesh,409323.0,Billing
MH-12821,CUST-05443,"10/389
Apte_Zila
Jalgaon-059890",Jalgaon,Maharashtra,59890.0,"Billing,_Shipping"
BR-12822,CUST-15934,"H.No._33,_Chacko_Path
Satna_616869",Satna,Madhya_Pradesh,616869.0,"Billing,_Shipping"
AP-12823,CUST-17946,"H.No._40,_Vaidya_Path
Anantapuram_575994",Anantapuram,Andhra_Pradesh,575994.0,Shipping
MP-12824,CUST-14063,"77/94
Ramaswamy_Marg
Jalandhar-313866",Jalandhar,Punjab,313866.0,"Billing,_Shipping"
RJ-12825,CUST-12333,"45
Bhandari_Street
Rajkot-311373",Rajkot,Gujarat,311373.0,"Billing,_Shipping"
JH-12826,CUST-08017,"19,_Lad_Zila,_Phusro_168856",Phusro,Jharkhand,168856.0,"Billing,_Shipping"
BR-12827,CUST-17702,"49/592
Gole_Road
Munger_225782",Munger,Bihar,225782.0,Billing
BR-12828,CUST-16100,"H.No._829,_Chander,_Munger_206619",Munger,Bihar,206619.0,"Billing,_Shipping"
MH-12829,CUST-08309,"H.No._84,_Soman_Ganj,_Rampur-916445",Rampur,Uttar_Pradesh,916445.0,Shipping
MP-12830,CUST-14327,"H.No._947
Bora_Nagar
Indore_062798",Indore,Madhya_Pradesh,62798.0,"Billing,_Shipping"
WB-12831,CUST-07756,"H.No._140,_Dey_Nagar
Naihati_985206",Naihati,West_Bengal,985206.0,"Billing,_Shipping"
AP-12832,CUST-19357,"H.No._527
Hans_Marg
Jammu-076042",Jammu,Jammu_and_Kashmir,76042.0,Shipping
UP-12833,CUST-07535,"H.No._090
Baral_Road
Ahmedabad_371958",Ahmedabad,Gujarat,371958.0,"Billing,_Shipping"
UP-12834,CUST-15065,"H.No._224
Dhingra_Path
Burhanpur_891780",Burhanpur,Madhya_Pradesh,891780.0,Shipping
BR-12835,CUST-18343,"39/201,_Dave_Marg
Munger-348635",Munger,Bihar,348635.0,Billing
TN-12836,CUST-09058,"H.No._983,_Kara_Circle,_Vellore-948763",Vellore,Tamil_Nadu,948763.0,"Billing,_Shipping"
UP-12837,CUST-17229,"H.No._695,_Behl_Road
Karimnagar_743871",Karimnagar,Telangana,743871.0,Billing
UP-12838,CUST-01458,"499,_Garde,_Karimnagar_150808",Karimnagar,Telangana,150808.0,Billing
AS-12839,CUST-04362,"32/067,_Bhatt
Nagaon-093248",Nagaon,Assam,93248.0,Shipping
HR-12840,CUST-00469,"H.No._84,_Dada_Nagar
Bikaner_208318",Bikaner,Rajasthan,208318.0,"Billing,_Shipping"
RJ-12841,CUST-16050,"H.No._190
Dass_Circle
Akola_900184",Akola,Maharashtra,900184.0,Shipping
OR-12842,CUST-19004,"74/51,_Vora_Nagar,_Mathura_147961",Mathura,Uttar_Pradesh,147961.0,Billing
TN-12843,CUST-18557,"H.No._342
Kar_Road
Gandhinagar_834723",Gandhinagar,Gujarat,834723.0,Billing
UP-12844,CUST-04170,"719,_Randhawa_Road,_Burhanpur-991540",Burhanpur,Madhya_Pradesh,991540.0,Billing
UP-12845,CUST-11391,"H.No._036
Magar_Road
Ahmedabad-290682",Ahmedabad,Gujarat,290682.0,Billing
UP-12846,CUST-16685,"75/222,_Sem_Street
Bhagalpur-996445",Bhagalpur,Bihar,996445.0,Shipping
BR-12847,CUST-18727,"65/847
Dave_Marg
Jaipur_950920",Jaipur,Rajasthan,950920.0,Shipping
WB-12848,CUST-13305,"H.No._25,_Walla_Nagar
Naihati-609055",Naihati,West_Bengal,609055.0,Billing
UP-12849,CUST-19878,"72/46,_Zachariah_Street,_Mirzapur-638018",Mirzapur,Uttar_Pradesh,638018.0,Shipping
MP-12850,CUST-06153,"46,_Badami_Path,_Ramgarh_827383",Ramgarh,Jharkhand,827383.0,"Billing,_Shipping"
TN-12851,CUST-01287,"H.No._79,_Dhaliwal_Circle,_Vellore-723771",Vellore,Tamil_Nadu,723771.0,Shipping
TN-12852,CUST-01931,"46/643,_Saini_Chowk
Chittoor-216717",Chittoor,Andhra_Pradesh,216717.0,Billing
DL-12853,CUST-03387,"55,_Kapur_Path,_Delhi_294405",Delhi,Delhi_(Union_Territory),294405.0,"Billing,_Shipping"
HR-12854,CUST-19431,"923
Ramaswamy_Nagar
Aurangabad-766498",Aurangabad,Maharashtra,766498.0,Shipping
OR-12855,CUST-11327,"282,_Brar
Danapur_242130",Danapur,Bihar,242130.0,Billing
MP-12856,CUST-08772,"14,_Saha_Road
Jhansi_497393",Jhansi,Uttar_Pradesh,497393.0,Billing
TN-12857,CUST-03689,"H.No._424,_Dass_Path,_Vellore_759920",Vellore,Tamil_Nadu,759920.0,Shipping
OR-12858,CUST-11714,"62/68,_Golla_Chowk,_Haldia_103763",Haldia,West_Bengal,103763.0,Shipping
UP-12859,CUST-10677,"57/148
Choudhry_Zila
Farrukhabad-256247",Farrukhabad,Uttar_Pradesh,256247.0,Billing
WB-12860,CUST-15373,"10/859
Thaker_Road
Baranagar-625709",Baranagar,West_Bengal,625709.0,"Billing,_Shipping"
TR-12861,CUST-06249,"73/45,_Kale_Ganj
Durgapur-132487",Durgapur,West_Bengal,132487.0,Shipping
GJ-12862,CUST-03935,"H.No._164,_Kapadia_Road,_Kavali_745733",Kavali,Andhra_Pradesh,745733.0,Billing
KA-12863,CUST-15077,"13/001
Dash_Path
Tumkur_714399",Tumkur,Karnataka,714399.0,Billing
MP-12864,CUST-14051,"H.No._38,_Keer_Road
Dehri_990702",Dehri,Bihar,990702.0,Billing
GJ-12865,CUST-12960,"917,_Chhabra_Road,_Kavali_280043",Kavali,Andhra_Pradesh,280043.0,Billing
JH-12866,CUST-01540,"H.No._16
Bedi_Circle
Kharagpur-791344",Kharagpur,West_Bengal,791344.0,"Billing,_Shipping"
UP-12867,CUST-15315,"20/77
Bal_Nagar
Mirzapur_573737",Mirzapur,Uttar_Pradesh,573737.0,Billing
TN-12868,CUST-15034,"80/223
Barad_Circle
Gandhinagar_979291",Gandhinagar,Gujarat,979291.0,Shipping
TN-12869,CUST-14398,"63/058,_Subramanian_Road
Tiruvottiyur-470124",Tiruvottiyur,Tamil_Nadu,470124.0,"Billing,_Shipping"
JH-12870,CUST-01086,"07,_Aurora_Chowk,_Mango-489326",Mango,Jharkhand,489326.0,Shipping
UP-12871,CUST-10050,"H.No._270
Chawla_Street
Mirzapur_042640",Mirzapur,Uttar_Pradesh,42640.0,Billing
TS-12872,CUST-03710,"00,_Mangat,_Ramagundam_702932",Ramagundam,Telangana,702932.0,Shipping
BR-12873,CUST-08011,"261
Bhagat_Marg
Ballia-986524",Ballia,Uttar_Pradesh,986524.0,"Billing,_Shipping"
MH-12874,CUST-10331,"969,_Khatri_Nagar
Malegaon_545152",Malegaon,Maharashtra,545152.0,"Billing,_Shipping"
WB-12875,CUST-05363,"313,_Ramakrishnan_Zila,_Naihati_811505",Naihati,West_Bengal,811505.0,"Billing,_Shipping"
CG-12876,CUST-07175,"66/816
Sehgal_Chowk
Sagar-738842",Sagar,Madhya_Pradesh,738842.0,Billing
MH-12877,CUST-16140,"706
Varghese_Marg
Yamunanagar_696130",Yamunanagar,Haryana,696130.0,Shipping
GJ-12878,CUST-16368,"H.No._82,_Mahal_Circle,_Vadodara-150051",Vadodara,Gujarat,150051.0,Billing
CG-12879,CUST-00580,"H.No._288
Saini_Marg
Sambalpur_659924",Sambalpur,Odisha,659924.0,Shipping
UP-12880,CUST-05739,"31
Vyas
Farrukhabad-416680",Farrukhabad,Uttar_Pradesh,416680.0,Shipping
TS-12881,CUST-09963,"259
Wali_Road
Ramagundam_443004",Ramagundam,Telangana,443004.0,Billing
UP-12882,CUST-18338,"68/063,_Agate_Street,_Muzaffarpur_955116",Muzaffarpur,Bihar,955116.0,Billing
MP-12883,CUST-02631,"H.No._29,_Bajaj,_Jalandhar_856126",Jalandhar,Punjab,856126.0,"Billing,_Shipping"
GJ-12884,CUST-13866,"01/82,_Seth_Nagar,_Gandhidham_845697",Gandhidham,Gujarat,845697.0,"Billing,_Shipping"
WB-12885,CUST-15187,"83/187,_Kothari_Nagar
Kulti-222318",Kulti,West_Bengal,222318.0,Shipping
AP-12886,CUST-13694,"06/82,_Badami_Chowk,_Bhimavaram-480910",Bhimavaram,Andhra_Pradesh,480910.0,Shipping
AP-12887,CUST-12302,"85/71
Lanka
Bhimavaram-615696",Bhimavaram,Andhra_Pradesh,615696.0,Shipping
TN-12888,CUST-19376,"H.No._475,_Rau_Circle
Chittoor_763192",Chittoor,Andhra_Pradesh,763192.0,Billing
WB-12889,CUST-10854,"H.No._64,_Shah_Chowk,_Aligarh-387785",Aligarh,Uttar_Pradesh,387785.0,Billing
AP-12890,CUST-18085,"73/510
Lata_Chowk
Gudivada-801258",Gudivada,Andhra_Pradesh,801258.0,Shipping
HP-12891,CUST-17973,"60/439,_Mangat_Ganj,_Udaipur_502171",Udaipur,Rajasthan,502171.0,"Billing,_Shipping"
MP-12892,CUST-17787,"048
Sen_Circle
Khandwa_559931",Khandwa,Madhya_Pradesh,559931.0,Billing
TS-12893,CUST-19295,"H.No._84,_Sarraf_Road
Dindigul_384585",Dindigul,Tamil_Nadu,384585.0,Billing
CG-12894,CUST-04546,"77/98
Johal_Ganj
Nagpur-158827",Nagpur,Maharashtra,158827.0,Billing
RJ-12895,CUST-18195,"72,_Grover_Ganj,_Rajkot_963377",Rajkot,Gujarat,963377.0,Shipping
TS-12896,CUST-09120,"H.No._66
Salvi_Chowk
Nizamabad-583162",Nizamabad,Telangana,583162.0,"Billing,_Shipping"
OR-12897,CUST-05241,"87/60
Master_Marg
Anantapur-698194",Anantapur,Andhra_Pradesh,698194.0,Billing
GJ-12898,CUST-02809,"940,_Anand_Marg,_Hajipur-831335",Hajipur,Bihar,831335.0,"Billing,_Shipping"
GJ-12899,CUST-19105,"69,_Hari_Circle
Hajipur-279410",Hajipur,Bihar,279410.0,Billing
MH-12900,CUST-16084,"H.No._535
Rama_Ganj
Karnal-518965",Karnal,Haryana,518965.0,Billing
OR-12902,CUST-18296,"49
Hora
Bharatpur_484116",Bharatpur,Rajasthan,484116.0,Shipping
UP-12903,CUST-19525,"66
Dhar_Road
Shahjahanpur_589026",Shahjahanpur,Uttar_Pradesh,589026.0,"Billing,_Shipping"
UP-12904,CUST-07799,"H.No._482,_Rajan_Circle,_Muzaffarpur-155973",Muzaffarpur,Bihar,155973.0,Billing
UP-12905,CUST-06744,"245,_Kara_Street,_Shahjahanpur_047736",Shahjahanpur,Uttar_Pradesh,47736.0,Shipping
JH-12906,CUST-05299,"53/82
Wali_Path
Asansol_139702",Asansol,West_Bengal,139702.0,"Billing,_Shipping"
RJ-12907,CUST-15100,"50,_Deo_Zila
Rajkot_604223",Rajkot,Gujarat,604223.0,Shipping
WB-12908,CUST-18316,"24/76,_Shetty_Street
Kamarhati-850999",Kamarhati,West_Bengal,850999.0,Shipping
TN-12909,CUST-18229,"68/711,_Chakraborty_Nagar,_Tiruppur_895132",Tiruppur,Tamil_Nadu,895132.0,Shipping
WB-12910,CUST-12328,"28/097
Krish_Marg
Bally_346731",Bally,West_Bengal,346731.0,Shipping
UP-12911,CUST-15631,"86/06,_Badal_Nagar
Karimnagar_100590",Karimnagar,Telangana,100590.0,"Billing,_Shipping"
MP-12912,CUST-13972,"H.No._73,_Sarkar_Road,_Mau_854491",Mau,Uttar_Pradesh,854491.0,"Billing,_Shipping"
KA-12913,CUST-18581,"H.No._106,_Suresh_Road
Tumkur_826457",Tumkur,Karnataka,826457.0,"Billing,_Shipping"
CG-12914,CUST-02716,"H.No._43,_Barad_Ganj,_Nagpur_726997",Nagpur,Maharashtra,726997.0,Billing
MP-12915,CUST-18677,"H.No._51,_Bawa_Zila
Mau_638218",Mau,Uttar_Pradesh,638218.0,"Billing,_Shipping"
GJ-12916,CUST-14967,"20/373,_Saini
Vadodara_654876",Vadodara,Gujarat,654876.0,"Billing,_Shipping"
MH-12917,CUST-07111,"H.No._383,_Kala_Chowk,_Bhiwandi-648479",Bhiwandi,Maharashtra,648479.0,"Billing,_Shipping"
CG-12918,CUST-05724,"H.No._97,_Ramakrishnan_Path
Sambalpur-355481",Sambalpur,Odisha,355481.0,"Billing,_Shipping"
OR-12919,CUST-12926,"75/453,_Rattan_Circle
Mathura_446319",Mathura,Uttar_Pradesh,446319.0,Shipping
GJ-12920,CUST-13208,"05/18,_Chowdhury_Road,_Kavali_514610",Kavali,Andhra_Pradesh,514610.0,Shipping
MP-12921,CUST-08895,"36/957,_Lad_Road,_Unnao_694170",Unnao,Uttar_Pradesh,694170.0,Billing
GJ-12922,CUST-19723,"H.No._566,_Dhar_Ganj
Jabalpur_395998",Jabalpur,Madhya_Pradesh,395998.0,"Billing,_Shipping"
TN-12923,CUST-15231,"H.No._942
Jani_Street
Pali-056553",Pali,Rajasthan,56553.0,Billing
JH-12924,CUST-18501,"629,_Shetty_Nagar
Kharagpur-417614",Kharagpur,West_Bengal,417614.0,"Billing,_Shipping"
TN-12925,CUST-10081,"62/967,_Gaba_Road,_Chittoor_936439",Chittoor,Andhra_Pradesh,936439.0,Shipping
TR-12926,CUST-12419,"14/425
Kapoor_Marg
Chandigarh-443578",Chandigarh,Chandigarh_(Union_Territory),443578.0,Shipping
GJ-12927,CUST-14796,"H.No._901,_Lalla_Marg,_Vadodara_261848",Vadodara,Gujarat,261848.0,Billing
TS-12928,CUST-03756,"23/276,_Savant_Marg,_Sirsa-757846",Sirsa,Haryana,757846.0,Billing
TS-12929,CUST-10082,"019
Sane_Ganj
Ramagundam-584878",Ramagundam,Telangana,584878.0,Billing
RJ-12930,CUST-19976,"04/10
Chad_Path
Rajkot-710435",Rajkot,Gujarat,710435.0,"Billing,_Shipping"
TN-12931,CUST-10491,"59,_Datta_Ganj,_Pali_794636",Pali,Rajasthan,794636.0,Billing
HR-12932,CUST-04778,"04/24
Rajagopal_Circle
Bikaner-467937",Bikaner,Rajasthan,467937.0,Billing
MP-12933,CUST-08822,"65/21,_Dubey_Zila,_Jhansi_789692",Jhansi,Uttar_Pradesh,789692.0,Billing
UP-12934,CUST-13963,"65/66,_Mannan_Nagar,_Chapra_788999",Chapra,Bihar,788999.0,"Billing,_Shipping"
AS-12935,CUST-00032,"74
Batra_Circle
Bongaigaon_098210",Bongaigaon,Assam,98210.0,Billing
WB-12936,CUST-15026,"876,_Ganesan_Circle
Kulti_082292",Kulti,West_Bengal,82292.0,"Billing,_Shipping"
OR-12937,CUST-08648,"H.No._459,_Shah_Marg,_Bijapur_508580",Bijapur,Karnataka,508580.0,Billing
JH-12938,CUST-13398,"03,_Bala_Path
Asansol_259704",Asansol,West_Bengal,259704.0,"Billing,_Shipping"
UP-12939,CUST-15060,"H.No._374
Khatri_Path
Jamalpur-197934",Jamalpur,Bihar,197934.0,Shipping
CG-12940,CUST-13319,"305
Sandhu_Zila
Sagar_805562",Sagar,Madhya_Pradesh,805562.0,Billing
WB-12941,CUST-09891,"05/100,_Kannan_Chowk,_Bally-167402",Bally,West_Bengal,167402.0,"Billing,_Shipping"
BR-12942,CUST-11233,"859,_Rana_Circle
Buxar_391506",Buxar,Bihar,391506.0,"Billing,_Shipping"
AS-12943,CUST-18326,"H.No._056
Buch_Nagar
Nagaon-349475",Nagaon,Assam,349475.0,Shipping
OR-12944,CUST-19070,"66/947
Zacharia_Ganj
Patna-713624",Patna,Bihar,713624.0,Billing
AP-12945,CUST-13810,"469,_Talwar_Road
Srikakulam-787281",Srikakulam,Andhra_Pradesh,787281.0,Shipping
WB-12946,CUST-00895,"H.No._091,_Mall_Ganj,_Madhyamgram-168743",Madhyamgram,West_Bengal,168743.0,Billing
KA-12947,CUST-17628,"90/803,_Malhotra_Circle
Mangalore_429323",Mangalore,Karnataka,429323.0,Billing
UP-12948,CUST-17888,"71/079
Badal_Road
Mirzapur-339271",Mirzapur,Uttar_Pradesh,339271.0,"Billing,_Shipping"
UP-12949,CUST-11894,"H.No._213,_Tella_Path,_Raiganj-048879",Raiganj,West_Bengal,48879.0,Shipping
UP-12950,CUST-15841,"H.No._02
Sankar_Marg
Karimnagar_468302",Karimnagar,Telangana,468302.0,"Billing,_Shipping"
MP-12951,CUST-05792,"H.No._59,_Randhawa_Chowk
Indore_746237",Indore,Madhya_Pradesh,746237.0,Shipping
WB-12952,CUST-10646,"755,_Guha_Path,_Bhatpara-719330",Bhatpara,West_Bengal,719330.0,Shipping
OR-12953,CUST-18726,"851,_Din_Ganj
Patna-368710",Patna,Bihar,368710.0,Billing
WB-12954,CUST-05699,"49/787,_Konda_Zila
Bidhannagar-847863",Bidhannagar,West_Bengal,847863.0,Billing
MP-12955,CUST-18605,"68
Kari_Nagar
Ramgarh-352408",Ramgarh,Jharkhand,352408.0,Shipping
TN-12956,CUST-10516,"90/32
Sura
Vellore_459812",Vellore,Tamil_Nadu,459812.0,Billing
TS-12957,CUST-18196,"46/157,_Warrior_Path
Srinagar_005754",Srinagar,Jammu_and_Kashmir,5754.0,Billing
TS-12958,CUST-03285,"24
Borah_Marg
Nizamabad_193062",Nizamabad,Telangana,193062.0,Shipping
MP-12959,CUST-13312,"H.No._87,_Kata_Path,_Gorakhpur-174019",Gorakhpur,Uttar_Pradesh,174019.0,Billing
JH-12961,CUST-14257,"597,_Dhar_Zila
Mango_039620",Mango,Jharkhand,39620.0,Billing
AP-12962,CUST-07679,"46/63,_Walla_Zila,_Anantapuram_039894",Anantapuram,Andhra_Pradesh,39894.0,Billing
OR-12963,CUST-15040,"H.No._11,_Dey_Ganj
Bijapur-784249",Bijapur,Karnataka,784249.0,Billing
TN-12964,CUST-06052,"H.No._89
Biswas_Road
Avadi_106027",Avadi,Tamil_Nadu,106027.0,Shipping
MH-12965,CUST-08138,"012
Lala_Road
Jalgaon-258196",Jalgaon,Maharashtra,258196.0,Billing
OR-12966,CUST-14245,"755,_Wadhwa_Road,_Chandrapur_696253",Chandrapur,Maharashtra,696253.0,Shipping
UP-12967,CUST-11626,"H.No._39
Seth
Burhanpur_528916",Burhanpur,Madhya_Pradesh,528916.0,Billing
RJ-12968,CUST-14990,"H.No._71
Lalla_Street
Akola_278739",Akola,Maharashtra,278739.0,Shipping
TN-12969,CUST-14938,"31,_Guha_Chowk
Chittoor_902920",Chittoor,Andhra_Pradesh,902920.0,"Billing,_Shipping"
TN-12970,CUST-13889,"535
Chadha_Ganj
Salem_891119",Salem,Tamil_Nadu,891119.0,Billing
BR-12971,CUST-00809,"16,_Rout_Circle,_Jaipur-260080",Jaipur,Rajasthan,260080.0,Shipping
BR-12972,CUST-19589,"18/253
Kumar
Munger-092071",Munger,Bihar,92071.0,"Billing,_Shipping"
MP-12973,CUST-10975,"584,_Khatri
Gorakhpur_834030",Gorakhpur,Uttar_Pradesh,834030.0,Shipping
AP-12974,CUST-00742,"76/07
Mandal
Bhimavaram-671645",Bhimavaram,Andhra_Pradesh,671645.0,"Billing,_Shipping"
AP-12975,CUST-04197,"01
Srivastava_Marg
Jammu_981772",Jammu,Jammu_and_Kashmir,981772.0,Billing
MH-12976,CUST-18354,"06/117,_Bassi_Path
Karnal-926387",Karnal,Haryana,926387.0,"Billing,_Shipping"
BR-12977,CUST-11556,"H.No._51,_Dhaliwal_Marg
Buxar_182990",Buxar,Bihar,182990.0,"Billing,_Shipping"
UK-12978,CUST-18912,"15,_Kothari_Ganj,_Jalna-182718",Jalna,Maharashtra,182718.0,"Billing,_Shipping"
HP-12980,CUST-01028,"H.No._13
Chawla_Chowk
Udaipur_444976",Udaipur,Rajasthan,444976.0,Shipping
UP-12981,CUST-19271,"11,_Yohannan_Zila
Sambhal_947578",Sambhal,Uttar_Pradesh,947578.0,Billing
OR-12982,CUST-01518,"38/903,_Bhandari_Zila
Anantapur_912875",Anantapur,Andhra_Pradesh,912875.0,Billing
UP-12983,CUST-17001,"375,_Goda_Path,_Raipur-297764",Raipur,Chhattisgarh,297764.0,Shipping
AP-12984,CUST-18799,"H.No._35,_Bhavsar_Path,_Dharmavaram_758596",Dharmavaram,Andhra_Pradesh,758596.0,Shipping
RJ-12985,CUST-13514,"888,_Chandran_Ganj,_Rajkot_720024",Rajkot,Gujarat,720024.0,Billing
UK-12986,CUST-18319,"706,_Goda_Road
Haridwar-021525",Haridwar,Uttarakhand,21525.0,"Billing,_Shipping"
UP-12987,CUST-00624,"06/241
Keer_Chowk
Karimnagar_345023",Karimnagar,Telangana,345023.0,Shipping
OR-12988,CUST-08002,"H.No._619
Kaul_Road
Haldia_319314",Haldia,West_Bengal,319314.0,"Billing,_Shipping"
WB-12989,CUST-14809,"H.No._58,_Rattan_Nagar,_Madhyamgram-123892",Madhyamgram,West_Bengal,123892.0,Billing
MP-12990,CUST-14665,"H.No._318,_Joshi_Street
Mau-213865",Mau,Uttar_Pradesh,213865.0,Shipping
JH-12991,CUST-15410,"12/471
Chopra_Nagar
Asansol-289162",Asansol,West_Bengal,289162.0,Billing
OR-12992,CUST-12082,"599,_Sunder_Ganj,_Chandrapur_463214",Chandrapur,Maharashtra,463214.0,Billing
MH-12993,CUST-19343,"H.No._78
Dar_Nagar
Yamunanagar_191664",Yamunanagar,Haryana,191664.0,Billing
UP-12994,CUST-03092,"90/105,_Chhabra_Circle,_Shahjahanpur_875796",Shahjahanpur,Uttar_Pradesh,875796.0,Shipping
UP-12995,CUST-16963,"34/92,_D’Alia_Marg,_Burhanpur_045422",Burhanpur,Madhya_Pradesh,45422.0,Billing
OR-12996,CUST-07221,"H.No._43
Mand_Road
Anantapur-564668",Anantapur,Andhra_Pradesh,564668.0,Shipping
MP-12997,CUST-16303,"98/27,_Vyas_Nagar
Khandwa_886524",Khandwa,Madhya_Pradesh,886524.0,Billing
WB-12998,CUST-09348,"H.No._803,_Bali,_Naihati_404480",Naihati,West_Bengal,404480.0,"Billing,_Shipping"
AP-12999,CUST-05720,"H.No._367,_Ganesh_Marg,_Anantapuram_974960",Anantapuram,Andhra_Pradesh,974960.0,"Billing,_Shipping"
OR-13000,CUST-11376,"78/962
Sandal
Chandrapur_134452",Chandrapur,Maharashtra,134452.0,"Billing,_Shipping"
AP-13001,CUST-04459,"34/767,_Kata_Circle
Jammu_394168",Jammu,Jammu_and_Kashmir,394168.0,"Billing,_Shipping"
BR-13002,CUST-11609,"739,_Thaker_Street,_Munger_408046",Munger,Bihar,408046.0,Billing
TS-13003,CUST-12170,"H.No._478
Dalal_Street
Nizamabad-538859",Nizamabad,Telangana,538859.0,Billing
BR-13004,CUST-18476,"685,_Randhawa_Road,_Buxar_780033",Buxar,Bihar,780033.0,"Billing,_Shipping"
MH-13005,CUST-07145,"97
Iyengar_Circle
Nanded-159726",Nanded,Maharashtra,159726.0,Billing
UP-13006,CUST-19719,"42/28
Ratta_Zila
Jamalpur_130828",Jamalpur,Bihar,130828.0,Billing
WB-13007,CUST-06946,"004
Kari_Ganj
Aligarh-130538",Aligarh,Uttar_Pradesh,130538.0,Shipping
WB-13008,CUST-13771,"03/858
Chada_Zila
Baranagar_729399",Baranagar,West_Bengal,729399.0,Billing
KA-13009,CUST-03136,"18/52,_Bose_Road,_Hospet-359669",Hospet,Karnataka,359669.0,Shipping
KA-13010,CUST-16311,"690,_Bala_Street
Mangalore_101586",Mangalore,Karnataka,101586.0,"Billing,_Shipping"
UK-13011,CUST-19389,"31,_Chokshi_Zila,_Jalna_093798",Jalna,Maharashtra,93798.0,Shipping
MH-13012,CUST-08660,"16,_Chahal_Road
Rampur-501572",Rampur,Uttar_Pradesh,501572.0,Billing
MP-13013,CUST-05823,"32/322
Kadakia_Marg
Gopalpur-569090",Gopalpur,Odisha,569090.0,Billing
OR-13014,CUST-15458,"85/550,_Sachdev_Nagar,_Kanpur_295709",Kanpur,Uttar_Pradesh,295709.0,"Billing,_Shipping"
TS-13015,CUST-14887,"47,_Rajan_Street,_Ambala_769511",Ambala,Haryana,769511.0,"Billing,_Shipping"
HP-13016,CUST-15488,"12,_Buch_Marg
Udaipur-762005",Udaipur,Rajasthan,762005.0,Shipping
KA-13017,CUST-14943,"73/48
Divan_Chowk
Amaravati-716003",Amaravati,Andhra_Pradesh,716003.0,Billing
UP-13018,CUST-03888,"H.No._22,_Agarwal_Road
Shahjahanpur-720394",Shahjahanpur,Uttar_Pradesh,720394.0,Shipping
GJ-13019,CUST-06321,"H.No._018,_Brar_Chowk
Allahabad-676374",Allahabad,Uttar_Pradesh,676374.0,Shipping
UP-13020,CUST-16581,"H.No._345,_Ravel_Path
Shahjahanpur_325828",Shahjahanpur,Uttar_Pradesh,325828.0,"Billing,_Shipping"
CG-13021,CUST-13260,"260,_Agarwal,_Bhilai-022223",Bhilai,Chhattisgarh,22223.0,Billing
HP-13022,CUST-17463,"49
Mani_Street
Udaipur_434188",Udaipur,Rajasthan,434188.0,Billing
JH-13023,CUST-18913,"241
Wali
Phusro_220954",Phusro,Jharkhand,220954.0,Billing
OR-13024,CUST-05906,"98,_Sharma_Marg,_Chandrapur_412115",Chandrapur,Maharashtra,412115.0,Shipping
MP-13025,CUST-05391,"44/06,_Thakur_Road
Gopalpur_721777",Gopalpur,Odisha,721777.0,"Billing,_Shipping"
WB-13026,CUST-02149,"81/95,_Baria,_Bhatpara-033898",Bhatpara,West_Bengal,33898.0,"Billing,_Shipping"
KL-13027,CUST-12212,"47/739,_Bera_Nagar,_Kollam_812150",Kollam,Kerala,812150.0,"Billing,_Shipping"
UP-13028,CUST-07070,"76/644,_Krish_Street
Bhagalpur_325342",Bhagalpur,Bihar,325342.0,"Billing,_Shipping"
UP-13029,CUST-19954,"904,_Majumdar_Path
Raipur-654183",Raipur,Chhattisgarh,654183.0,Billing
MP-13030,CUST-13659,"H.No._83,_Sur_Street,_Khandwa-093386",Khandwa,Madhya_Pradesh,93386.0,"Billing,_Shipping"
UP-13032,CUST-19900,"H.No._46,_Kade_Chowk
Jamalpur_809672",Jamalpur,Bihar,809672.0,Shipping
UP-13033,CUST-02365,"97
Vala_Ganj
Shahjahanpur_699634",Shahjahanpur,Uttar_Pradesh,699634.0,"Billing,_Shipping"
UP-13034,CUST-15667,"H.No._10,_Sarraf_Road,_Raipur-119647",Raipur,Chhattisgarh,119647.0,"Billing,_Shipping"
BR-13035,CUST-03296,"92
Konda_Nagar
Satna-225867",Satna,Madhya_Pradesh,225867.0,"Billing,_Shipping"
TS-13036,CUST-08261,"73,_Lala
Srinagar-387410",Srinagar,Jammu_and_Kashmir,387410.0,Shipping
MH-13037,CUST-14078,"01/22,_Bhakta_Path,_Satara-364144",Satara,Maharashtra,364144.0,"Billing,_Shipping"
TN-13038,CUST-11388,"045,_Bakshi_Chowk,_Avadi-209991",Avadi,Tamil_Nadu,209991.0,Billing
MH-13039,CUST-18472,"H.No._684,_Soni_Street,_Bhiwandi_249084",Bhiwandi,Maharashtra,249084.0,"Billing,_Shipping"
MH-13040,CUST-04838,"H.No._98,_Suri_Street
Nanded-550994",Nanded,Maharashtra,550994.0,"Billing,_Shipping"
AS-13041,CUST-14325,"H.No._18,_Srinivasan_Road
Nagaon-427037",Nagaon,Assam,427037.0,"Billing,_Shipping"
UP-13042,CUST-05753,"23,_Master_Chowk,_Firozabad-255536",Firozabad,Uttar_Pradesh,255536.0,"Billing,_Shipping"
WB-13043,CUST-10312,"32,_Bir_Road
Bidhannagar_973986",Bidhannagar,West_Bengal,973986.0,Billing
BR-13044,CUST-12280,"H.No._88,_Mane_Road,_Munger-313046",Munger,Bihar,313046.0,Billing
UP-13045,CUST-01451,"H.No._328,_Ahluwalia_Road
Gurgaon_147285",Gurgaon,Haryana,147285.0,"Billing,_Shipping"
RJ-13046,CUST-07769,"80/261
Agrawal_Ganj
Akola-727946",Akola,Maharashtra,727946.0,Shipping
HR-13047,CUST-06283,"H.No._128
Bath_Circle
Aurangabad_014449",Aurangabad,Maharashtra,14449.0,"Billing,_Shipping"
WB-13048,CUST-19404,"49/635
Savant_Marg
Kamarhati-723468",Kamarhati,West_Bengal,723468.0,"Billing,_Shipping"
WB-13049,CUST-14126,"02/362
Sagar_Marg
Aligarh_267877",Aligarh,Uttar_Pradesh,267877.0,Billing
WB-13050,CUST-17339,"51/50,_Agrawal_Street
Aligarh_847556",Aligarh,Uttar_Pradesh,847556.0,Shipping
WB-13051,CUST-13905,"09/44
Mallick_Chowk
Bally-894430",Bally,West_Bengal,894430.0,Billing
MP-13052,CUST-00075,"13
Dhar_Nagar
Khandwa-978727",Khandwa,Madhya_Pradesh,978727.0,"Billing,_Shipping"
TN-13053,CUST-17613,"07/58,_Sachar_Marg
Pali-930861",Pali,Rajasthan,930861.0,Shipping
MH-13054,CUST-08819,"76/89
Loke_Street
Yamunanagar-822912",Yamunanagar,Haryana,822912.0,Shipping
MP-13055,CUST-14572,"461,_Goswami_Marg,_Gorakhpur-658528",Gorakhpur,Uttar_Pradesh,658528.0,Billing
KA-13056,CUST-03313,"H.No._48,_Chander_Ganj,_Amaravati_203209",Amaravati,Andhra_Pradesh,203209.0,Shipping
WB-13057,CUST-09442,"49,_Samra_Zila,_Naihati_167251",Naihati,West_Bengal,167251.0,"Billing,_Shipping"
GJ-13058,CUST-18993,"15/96,_Bains
Kavali-541813",Kavali,Andhra_Pradesh,541813.0,Shipping
HR-13059,CUST-08071,"H.No._86,_Borra_Ganj,_Bikaner-422371",Bikaner,Rajasthan,422371.0,"Billing,_Shipping"
BR-13060,CUST-12663,"717
Kala_Nagar
Munger-764796",Munger,Bihar,764796.0,Billing
KA-13061,CUST-18475,"H.No._81,_Garg_Ganj,_Mangalore_584464",Mangalore,Karnataka,584464.0,Shipping
CG-13062,CUST-06266,"98,_Garde_Zila,_Sagar-948066",Sagar,Madhya_Pradesh,948066.0,"Billing,_Shipping"
TN-13063,CUST-13092,"03/95,_Taneja_Ganj
Avadi_687093",Avadi,Tamil_Nadu,687093.0,"Billing,_Shipping"
CG-13064,CUST-08391,"H.No._08,_Saxena_Ganj
Sambalpur_839012",Sambalpur,Odisha,839012.0,"Billing,_Shipping"
UP-13065,CUST-09950,"17,_Bawa,_Farrukhabad-423631",Farrukhabad,Uttar_Pradesh,423631.0,"Billing,_Shipping"
RJ-13066,CUST-13511,"H.No._794,_Dash_Path,_Akola-239091",Akola,Maharashtra,239091.0,Shipping
HR-13067,CUST-18026,"299,_Tella,_Aurangabad-173073",Aurangabad,Maharashtra,173073.0,"Billing,_Shipping"
MP-13068,CUST-04822,"96/90
Manda_Street
Mau_011611",Mau,Uttar_Pradesh,11611.0,Shipping
WB-13069,CUST-05208,"24,_Andra_Circle,_Bally-869400",Bally,West_Bengal,869400.0,Shipping
GJ-13070,CUST-09414,"90/899
Warrior_Path
Ajmer_344886",Ajmer,Rajasthan,344886.0,Billing
UK-13071,CUST-04422,"30/28
Ramaswamy_Street
Shivpuri-667765",Shivpuri,Madhya_Pradesh,667765.0,Shipping
AP-13072,CUST-16895,"H.No._905,_Karpe_Street
Bhimavaram_063114",Bhimavaram,Andhra_Pradesh,63114.0,"Billing,_Shipping"
AP-13073,CUST-14111,"20/091
Sachdev_Zila
Dharmavaram-782602",Dharmavaram,Andhra_Pradesh,782602.0,Billing
WB-13074,CUST-11773,"190,_Karnik_Zila,_Bhatpara-191289",Bhatpara,West_Bengal,191289.0,"Billing,_Shipping"
HR-13075,CUST-18544,"842
Thaman_Ganj
Bikaner-713326",Bikaner,Rajasthan,713326.0,Billing
OR-13076,CUST-04527,"H.No._48
Karnik
Haldia_395741",Haldia,West_Bengal,395741.0,Billing
TS-13077,CUST-09337,"85/67,_Butala_Path
Sirsa_225902",Sirsa,Haryana,225902.0,"Billing,_Shipping"
KA-13078,CUST-13862,"H.No._168,_Sheth_Circle,_Mangalore_914673",Mangalore,Karnataka,914673.0,Billing
TN-13079,CUST-10914,"392,_Butala_Zila,_Gandhinagar-913127",Gandhinagar,Gujarat,913127.0,"Billing,_Shipping"
MP-13080,CUST-19227,"13/007,_Srinivas_Path
Jodhpur-026440",Jodhpur,Rajasthan,26440.0,Billing
UK-13081,CUST-19672,"61,_Bains_Ganj
Haridwar_680793",Haridwar,Uttarakhand,680793.0,Billing
WB-13082,CUST-11419,"31,_Kata_Marg
Arrah_211570",Arrah,Bihar,211570.0,Billing
TN-13083,CUST-07154,"792,_Yadav_Path
Pallavaram-588849",Pallavaram,Tamil_Nadu,588849.0,Shipping
GJ-13084,CUST-19997,"41/34
Saraf_Zila
Vadodara_485818",Vadodara,Gujarat,485818.0,Billing
OR-13085,CUST-19111,"H.No._11,_Lala_Ganj
Haldia_437602",Haldia,West_Bengal,437602.0,"Billing,_Shipping"
UP-13086,CUST-02834,"672
Sawhney_Zila
Raiganj_950019",Raiganj,West_Bengal,950019.0,Billing
TN-13087,CUST-16210,"09/89,_Tiwari_Zila,_Salem_881369",Salem,Tamil_Nadu,881369.0,Billing
TN-13088,CUST-02678,"514,_Thakkar
Pali_904117",Pali,Rajasthan,904117.0,Shipping
OR-13089,CUST-16815,"49/062,_Khalsa_Path
Bijapur_221006",Bijapur,Karnataka,221006.0,"Billing,_Shipping"
MP-13090,CUST-14071,"64/44,_Chaudhuri_Chowk,_Khandwa_931530",Khandwa,Madhya_Pradesh,931530.0,"Billing,_Shipping"
UP-13091,CUST-19238,"60,_Chaudhuri,_Farrukhabad-449943",Farrukhabad,Uttar_Pradesh,449943.0,Billing
MP-13092,CUST-18468,"09,_Bhagat_Zila,_Gorakhpur_198314",Gorakhpur,Uttar_Pradesh,198314.0,"Billing,_Shipping"
AP-13093,CUST-18874,"H.No._578
Atwal
Bhimavaram-216376",Bhimavaram,Andhra_Pradesh,216376.0,"Billing,_Shipping"
AP-13094,CUST-15512,"H.No._68,_Mannan_Road
Jammu_378664",Jammu,Jammu_and_Kashmir,378664.0,Shipping
OR-13095,CUST-16436,"H.No._630,_Bajwa_Zila,_Danapur-823166",Danapur,Bihar,823166.0,Billing
TS-13096,CUST-12072,"55,_Kadakia_Path,_Hindupur-843240",Hindupur,Andhra_Pradesh,843240.0,Shipping
WB-13097,CUST-16973,"41/32
Thakkar_Zila
Baranagar-769516",Baranagar,West_Bengal,769516.0,"Billing,_Shipping"
TS-13098,CUST-04506,"H.No._714
Lad_Street
Nizamabad-542089",Nizamabad,Telangana,542089.0,Shipping
TN-13099,CUST-03085,"11/277,_Anand_Marg,_Pali_697729",Pali,Rajasthan,697729.0,Shipping
CG-13100,CUST-01351,"H.No._00,_Kanda_Street,_Sambalpur_175678",Sambalpur,Odisha,175678.0,Shipping
OR-13101,CUST-13811,"H.No._02,_Wason_Road
Kanpur_143840",Kanpur,Uttar_Pradesh,143840.0,"Billing,_Shipping"
UP-13102,CUST-11906,"H.No._415
Bhavsar_Marg
Raiganj_672430",Raiganj,West_Bengal,672430.0,Shipping
WB-13103,CUST-05468,"23/13
Bawa_Road
Baranagar-010664",Baranagar,West_Bengal,10664.0,Billing
GJ-13104,CUST-04029,"71/188,_Saraf,_Gandhidham_453661",Gandhidham,Gujarat,453661.0,"Billing,_Shipping"
GJ-13105,CUST-16623,"864,_Sethi_Zila,_Hajipur_114644",Hajipur,Bihar,114644.0,Shipping
GJ-13106,CUST-09079,"H.No._232,_Barman_Chowk
Gandhidham_311875",Gandhidham,Gujarat,311875.0,Shipping
UP-13107,CUST-16825,"81/05,_Ravi_Marg,_Chapra-332775",Chapra,Bihar,332775.0,"Billing,_Shipping"
AP-13108,CUST-07489,"H.No._49,_Jani_Zila,_Bhimavaram-147771",Bhimavaram,Andhra_Pradesh,147771.0,"Billing,_Shipping"
HR-13109,CUST-18306,"H.No._702,_Singh_Road
Aurangabad-850437",Aurangabad,Maharashtra,850437.0,Billing
CG-13110,CUST-11133,"H.No._52,_Keer_Chowk
Nagpur_935564",Nagpur,Maharashtra,935564.0,Billing
MH-13111,CUST-18364,"H.No._591,_Chowdhury_Path
Bhiwandi-305553",Bhiwandi,Maharashtra,305553.0,"Billing,_Shipping"
JH-13112,CUST-15909,"23/518
Boase_Road
Kharagpur-533698",Kharagpur,West_Bengal,533698.0,"Billing,_Shipping"
OR-13113,CUST-01858,"83,_Hora_Street,_Mathura-299703",Mathura,Uttar_Pradesh,299703.0,Shipping
MH-13114,CUST-19192,"86/406
Dass_Nagar
Nanded-145204",Nanded,Maharashtra,145204.0,Shipping
MP-13115,CUST-12330,"746,_Apte_Chowk
Jalandhar_032635",Jalandhar,Punjab,32635.0,Shipping
OR-13116,CUST-13565,"90/397
Shere_Chowk
Haldia-139390",Haldia,West_Bengal,139390.0,Shipping
OR-13117,CUST-06377,"22/36
Rao
Danapur-364413",Danapur,Bihar,364413.0,"Billing,_Shipping"
RJ-13118,CUST-00577,"59,_Sarkar_Nagar,_Fatehpur-820571",Fatehpur,Uttar_Pradesh,820571.0,Shipping
RJ-13119,CUST-10223,"67/859
Viswanathan_Road
Rajkot-512327",Rajkot,Gujarat,512327.0,"Billing,_Shipping"
WB-13120,CUST-18010,"H.No._952,_Gola_Circle,_Panihati-649019",Panihati,West_Bengal,649019.0,"Billing,_Shipping"
UP-13121,CUST-19606,"H.No._64,_Lall_Zila,_Mirzapur_194084",Mirzapur,Uttar_Pradesh,194084.0,"Billing,_Shipping"
KA-13122,CUST-18466,"27/137,_Chanda_Path,_Tumkur_077188",Tumkur,Karnataka,77188.0,Billing
KA-13123,CUST-18596,"H.No._71
Bajwa_Street
Mangalore_206144",Mangalore,Karnataka,206144.0,Billing
OR-13124,CUST-14750,"746,_Balakrishnan_Marg,_Bilaspur_739203",Bilaspur,Chhattisgarh,739203.0,"Billing,_Shipping"
GJ-13125,CUST-14349,"72/320,_Khalsa_Nagar,_Jabalpur_020790",Jabalpur,Madhya_Pradesh,20790.0,"Billing,_Shipping"
JH-13126,CUST-07911,"742,_Kumar_Street
Asansol-293766",Asansol,West_Bengal,293766.0,Billing
HR-13127,CUST-11421,"68,_Gill_Ganj
Siwan-435816",Siwan,Bihar,435816.0,Shipping
UP-13128,CUST-01868,"89/297
Kashyap_Marg
Shahjahanpur-857625",Shahjahanpur,Uttar_Pradesh,857625.0,"Billing,_Shipping"
MH-13129,CUST-15817,"30/684,_Dhaliwal_Zila
Satara_384536",Satara,Maharashtra,384536.0,"Billing,_Shipping"
MP-13130,CUST-05812,"H.No._63,_Keer_Road,_Jhansi-483547",Jhansi,Uttar_Pradesh,483547.0,Billing
OR-13131,CUST-07041,"657,_Saha_Chowk,_Patna-710748",Patna,Bihar,710748.0,Shipping
MH-13132,CUST-17034,"H.No._39
Keer_Nagar
Guntur-731963",Guntur,Andhra_Pradesh,731963.0,Shipping
CG-13133,CUST-02302,"H.No._512
Bhasin_Ganj
Nagpur-711694",Nagpur,Maharashtra,711694.0,"Billing,_Shipping"
MP-13134,CUST-18451,"H.No._90,_Agarwal_Marg,_Unnao_429895",Unnao,Uttar_Pradesh,429895.0,Shipping
UP-13135,CUST-13568,"00/94
Chaudhari_Nagar
Chapra-566736",Chapra,Bihar,566736.0,"Billing,_Shipping"
BR-13136,CUST-12888,"81,_Rama_Marg,_Ballia-780559",Ballia,Uttar_Pradesh,780559.0,Billing
CG-13137,CUST-12939,"24/46
Bahl_Road
Sagar-034266",Sagar,Madhya_Pradesh,34266.0,Shipping
UP-13138,CUST-04511,"H.No._434,_Badami_Ganj
Chapra_988527",Chapra,Bihar,988527.0,Shipping
CG-13139,CUST-10546,"11,_Sinha_Circle,_Nagpur-116523",Nagpur,Maharashtra,116523.0,Shipping
AS-13140,CUST-01362,"38/84
Swaminathan_Marg
Siliguri_844000",Siliguri,West_Bengal,844000.0,Billing
CG-13141,CUST-18304,"158,_Chakraborty_Chowk,_Sagar_072244",Sagar,Madhya_Pradesh,72244.0,Billing
TS-13142,CUST-07536,"33
Ganesh
Dindigul_926262",Dindigul,Tamil_Nadu,926262.0,Shipping
OR-13143,CUST-15371,"387,_Krishna_Nagar
Haldia-811392",Haldia,West_Bengal,811392.0,Billing
CG-13144,CUST-03199,"39/681
Toor_Circle
Nagpur-039432",Nagpur,Maharashtra,39432.0,"Billing,_Shipping"
MH-13145,CUST-14619,"H.No._329
Ray_Marg
Rampur_872503",Rampur,Uttar_Pradesh,872503.0,Shipping
MP-13146,CUST-18819,"H.No._92
Sarin_Marg
Jhansi_610344",Jhansi,Uttar_Pradesh,610344.0,Shipping
BR-13147,CUST-14295,"47
Goswami
Ballia-497434",Ballia,Uttar_Pradesh,497434.0,Billing
BR-13148,CUST-15434,"31
Ganesan_Nagar
Satna-558208",Satna,Madhya_Pradesh,558208.0,Shipping
GJ-13149,CUST-06290,"60/979
Chauhan_Street
Allahabad_914175",Allahabad,Uttar_Pradesh,914175.0,"Billing,_Shipping"
GJ-13150,CUST-01329,"668
Batra_Ganj
Hajipur-443236",Hajipur,Bihar,443236.0,Billing
AP-13151,CUST-18747,"307,_Bhatt_Marg,_Anantapuram-636935",Anantapuram,Andhra_Pradesh,636935.0,Shipping
AP-13152,CUST-19462,"H.No._532,_Shetty_Street
Anantapuram-299465",Anantapuram,Andhra_Pradesh,299465.0,Shipping
MH-13153,CUST-00274,"08/01,_Kashyap_Marg
Jalgaon_111425",Jalgaon,Maharashtra,111425.0,"Billing,_Shipping"
GJ-13154,CUST-12668,"81/294,_Ghose,_Kavali_887685",Kavali,Andhra_Pradesh,887685.0,Shipping
AP-13155,CUST-15159,"53,_Jani_Zila,_Srikakulam-920095",Srikakulam,Andhra_Pradesh,920095.0,"Billing,_Shipping"
UP-13156,CUST-13074,"36/82
Hayre_Zila
Jamalpur_911649",Jamalpur,Bihar,911649.0,Shipping
UP-13157,CUST-13784,"42/86
Majumdar
Muzaffarpur-034381",Muzaffarpur,Bihar,34381.0,"Billing,_Shipping"
UP-13158,CUST-15213,"H.No._12,_Hayer_Path,_Chapra-615771",Chapra,Bihar,615771.0,Shipping
TN-13159,CUST-00082,"98/043
Devan_Circle
Salem-816142",Salem,Tamil_Nadu,816142.0,Billing
TN-13160,CUST-11999,"35/332,_Ahluwalia,_Tiruppur-366158",Tiruppur,Tamil_Nadu,366158.0,"Billing,_Shipping"
HR-13161,CUST-18540,"817,_Sankar_Marg
Aurangabad-259552",Aurangabad,Maharashtra,259552.0,Shipping
CG-13162,CUST-04367,"21,_Kadakia_Road
Sagar_392680",Sagar,Madhya_Pradesh,392680.0,Billing
TN-13163,CUST-16241,"09/088,_Hayre_Circle,_Pallavaram-390043",Pallavaram,Tamil_Nadu,390043.0,"Billing,_Shipping"
UK-13164,CUST-17198,"135,_Gera_Street,_Shivpuri_745080",Shivpuri,Madhya_Pradesh,745080.0,Billing
MH-13165,CUST-10589,"40/73,_Sethi_Road,_Guntur_079507",Guntur,Andhra_Pradesh,79507.0,Billing
GJ-13166,CUST-15933,"H.No._367
Seth_Circle
Allahabad_816507",Allahabad,Uttar_Pradesh,816507.0,"Billing,_Shipping"
MH-13168,CUST-18216,"H.No._624
Suresh
Satara_396006",Satara,Maharashtra,396006.0,Shipping
GJ-13169,CUST-17661,"14/25,_Mann_Zila,_Vadodara-327529",Vadodara,Gujarat,327529.0,Billing
UK-13170,CUST-10504,"886,_Rama_Road
Jalna-675821",Jalna,Maharashtra,675821.0,Billing
BR-13171,CUST-12074,"96
Sahni_Nagar
Buxar-391946",Buxar,Bihar,391946.0,"Billing,_Shipping"
OR-13172,CUST-07485,"56,_Madan_Path,_Haldia_193832",Haldia,West_Bengal,193832.0,Billing
OR-13173,CUST-12533,"81/14,_Gola_Path,_Bijapur_113948",Bijapur,Karnataka,113948.0,Shipping
UK-13174,CUST-04288,"64/999,_Brahmbhatt_Zila
Jalna-674056",Jalna,Maharashtra,674056.0,Billing
RJ-13175,CUST-13849,"15/26,_Kashyap
Dewas-331397",Dewas,Madhya_Pradesh,331397.0,Billing
TN-13176,CUST-15128,"21,_Gala_Chowk
Tiruvottiyur_998401",Tiruvottiyur,Tamil_Nadu,998401.0,"Billing,_Shipping"
KA-13177,CUST-17648,"H.No._825
Gokhale_Path
Solapur-844860",Solapur,Maharashtra,844860.0,"Billing,_Shipping"
BR-13178,CUST-13983,"02
Tailor_Road
Buxar_858493",Buxar,Bihar,858493.0,Billing
AP-13179,CUST-17159,"H.No._23,_Jha_Chowk,_Jammu_271866",Jammu,Jammu_and_Kashmir,271866.0,Shipping
KA-13180,CUST-02997,"69,_Varkey_Path
Hosur_999775",Hosur,Tamil_Nadu,999775.0,"Billing,_Shipping"
BR-13181,CUST-13681,"H.No._153,_Tailor_Nagar,_Jaipur_703623",Jaipur,Rajasthan,703623.0,"Billing,_Shipping"
GJ-13182,CUST-03379,"H.No._99
Edwin_Marg
Vadodara_673008",Vadodara,Gujarat,673008.0,Billing
JH-13183,CUST-05803,"H.No._84
Ratta_Path
Mango_205878",Mango,Jharkhand,205878.0,Shipping
TN-13184,CUST-16803,"H.No._971,_Gade_Marg,_Tiruppur-036673",Tiruppur,Tamil_Nadu,36673.0,Shipping
KA-13185,CUST-15442,"47/074,_Agarwal_Path,_Hospet_793416",Hospet,Karnataka,793416.0,"Billing,_Shipping"
BR-13186,CUST-12847,"H.No._77,_Ben_Nagar,_Satna_240020",Satna,Madhya_Pradesh,240020.0,Billing
MP-13187,CUST-19990,"716,_Kata
Indore_955255",Indore,Madhya_Pradesh,955255.0,Billing
TN-13188,CUST-17622,"H.No._61
Bala_Marg
Chittoor_393523",Chittoor,Andhra_Pradesh,393523.0,Billing
OR-13189,CUST-13208,"53,_Kapoor_Ganj,_Patna-052327",Patna,Bihar,52327.0,"Billing,_Shipping"
JH-13190,CUST-15547,"560,_Jayaraman_Path,_Mango_728188",Mango,Jharkhand,728188.0,Shipping
TN-13191,CUST-02079,"H.No._86,_Khatri_Zila
Vellore_940454",Vellore,Tamil_Nadu,940454.0,"Billing,_Shipping"
AP-13192,CUST-16766,"H.No._760,_Krish_Road
Bhimavaram_647888",Bhimavaram,Andhra_Pradesh,647888.0,Billing
MH-13193,CUST-02462,"057
Kumer_Circle
Loni_491922",Loni,Uttar_Pradesh,491922.0,Billing
GJ-13194,CUST-14615,"30/47,_Dass_Path
Gandhidham_817536",Gandhidham,Gujarat,817536.0,"Billing,_Shipping"
JH-13195,CUST-10913,"23,_Khalsa_Nagar,_Kharagpur-431371",Kharagpur,West_Bengal,431371.0,"Billing,_Shipping"
MP-13196,CUST-12383,"14,_Lad_Circle
Jodhpur_976309",Jodhpur,Rajasthan,976309.0,Billing
HR-13197,CUST-11460,"H.No._317,_Sabharwal_Marg,_Aurangabad_851210",Aurangabad,Maharashtra,851210.0,Shipping
MH-13198,CUST-04965,"82/461
Mani
Loni_521194",Loni,Uttar_Pradesh,521194.0,Billing
MP-13199,CUST-15754,"H.No._390,_Zacharia_Chowk
Gopalpur_371083",Gopalpur,Odisha,371083.0,Billing
HR-13200,CUST-11379,"36/422,_Baria_Road
Aurangabad-722492",Aurangabad,Maharashtra,722492.0,Billing
WB-13201,CUST-15225,"54/76,_Apte_Chowk
Aligarh_723231",Aligarh,Uttar_Pradesh,723231.0,Shipping
KA-13202,CUST-16709,"H.No._709,_Dass_Chowk,_Solapur_742883",Solapur,Maharashtra,742883.0,Shipping
MP-13203,CUST-12396,"506
Chaudhari
Kishanganj_109845",Kishanganj,Bihar,109845.0,Shipping
AS-13204,CUST-19615,"373,_Sahota_Road
Nagaon-294560",Nagaon,Assam,294560.0,Shipping
MP-13205,CUST-04488,"33,_Master_Nagar,_Kota_398981",Kota,Rajasthan,398981.0,Shipping
CG-13206,CUST-13373,"25,_Tandon_Road,_Sambalpur-241166",Sambalpur,Odisha,241166.0,Billing
WB-13207,CUST-13522,"43/073,_Anne_Street,_Arrah-446730",Arrah,Bihar,446730.0,Shipping
GJ-13208,CUST-00911,"30
Rajagopal_Road
Hajipur-484490",Hajipur,Bihar,484490.0,Shipping
RJ-13209,CUST-17849,"78,_Kapur_Chowk
Fatehpur-446619",Fatehpur,Uttar_Pradesh,446619.0,Billing
OR-13210,CUST-11550,"H.No._77,_Rajagopal_Street,_Haldia-670098",Haldia,West_Bengal,670098.0,Billing
WB-13211,CUST-02850,"118,_Bhavsar_Chowk
Bally_994490",Bally,West_Bengal,994490.0,Billing
UP-13212,CUST-12710,"H.No._458,_Kata_Path,_Raiganj-824133",Raiganj,West_Bengal,824133.0,Shipping
MH-13213,CUST-07401,"94/69
Bail_Chowk
Bhiwandi_114101",Bhiwandi,Maharashtra,114101.0,"Billing,_Shipping"
MP-13214,CUST-18831,"25/759,_Dani_Zila,_Agra-298277",Agra,Uttar_Pradesh,298277.0,Shipping
MP-13215,CUST-13039,"48,_Kumer_Nagar
Mau-657210",Mau,Uttar_Pradesh,657210.0,"Billing,_Shipping"
MP-13216,CUST-15500,"28
Kara_Ganj
Unnao-219639",Unnao,Uttar_Pradesh,219639.0,"Billing,_Shipping"
UP-13217,CUST-18131,"662,_Tank_Ganj
Bhagalpur-663038",Bhagalpur,Bihar,663038.0,Shipping
TS-13218,CUST-19639,"909,_Hari_Road,_Srinagar_558913",Srinagar,Jammu_and_Kashmir,558913.0,"Billing,_Shipping"
GJ-13219,CUST-19195,"H.No._92,_Majumdar_Road,_Gandhidham-606596",Gandhidham,Gujarat,606596.0,Billing
TS-13220,CUST-03322,"02/02,_Sani_Ganj,_Nizamabad_029567",Nizamabad,Telangana,29567.0,"Billing,_Shipping"
MP-13221,CUST-19370,"18/19,_Wali_Chowk
Jhansi-612752",Jhansi,Uttar_Pradesh,612752.0,Shipping
AS-13222,CUST-14414,"H.No._077
Deo_Road
Bongaigaon_682508",Bongaigaon,Assam,682508.0,Shipping
RJ-13223,CUST-05880,"200,_Bahri_Nagar,_Rajkot-391703",Rajkot,Gujarat,391703.0,"Billing,_Shipping"
MP-13224,CUST-14827,"071
Chander_Circle
Kota-296702",Kota,Rajasthan,296702.0,Billing
AP-13225,CUST-13309,"45/479,_Madan
Anantapuram_591373",Anantapuram,Andhra_Pradesh,591373.0,"Billing,_Shipping"
MP-13226,CUST-11191,"594
Mallick_Ganj
Agra-084529",Agra,Uttar_Pradesh,84529.0,Billing
WB-13227,CUST-13753,"86/00,_Hegde_Ganj,_Arrah-288872",Arrah,Bihar,288872.0,Billing
MH-13228,CUST-06060,"31/46,_Mann_Ganj,_Karnal_128933",Karnal,Haryana,128933.0,"Billing,_Shipping"
KA-13229,CUST-18032,"34,_Bhardwaj_Nagar
Hospet_737421",Hospet,Karnataka,737421.0,Shipping
MH-13230,CUST-10135,"826,_Chakraborty_Nagar
Yamunanagar_698959",Yamunanagar,Haryana,698959.0,"Billing,_Shipping"
UP-13231,CUST-01077,"05/52,_Saxena_Path
Ahmedabad_848596",Ahmedabad,Gujarat,848596.0,"Billing,_Shipping"
GJ-13232,CUST-17723,"H.No._03,_Buch_Zila
Gandhidham-771147",Gandhidham,Gujarat,771147.0,"Billing,_Shipping"
MP-13233,CUST-06319,"H.No._417
Bahl
Kishanganj-646544",Kishanganj,Bihar,646544.0,Shipping
CG-13234,CUST-13086,"88/96
Sant_Marg
Bhilai_696154",Bhilai,Chhattisgarh,696154.0,Billing
DL-13235,CUST-17226,"H.No._676
Grewal_Street
Delhi-265869",Delhi,Delhi_(Union_Territory),265869.0,Shipping
TN-13236,CUST-13317,"H.No._83,_Bhatti_Road,_Pali-214855",Pali,Rajasthan,214855.0,Shipping
MP-13237,CUST-06193,"68/481,_Shere_Marg,_Unnao_896684",Unnao,Uttar_Pradesh,896684.0,Shipping
AS-13239,CUST-19786,"79
Kothari_Circle
Nagaon_367020",Nagaon,Assam,367020.0,Shipping
OR-13240,CUST-13799,"992
Deep_Ganj
Patna_106612",Patna,Bihar,106612.0,Shipping
MP-13241,CUST-19989,"H.No._33,_Edwin_Road,_Agra-660633",Agra,Uttar_Pradesh,660633.0,"Billing,_Shipping"
MP-13242,CUST-18273,"55/929,_Viswanathan_Marg,_Dehri-188472",Dehri,Bihar,188472.0,"Billing,_Shipping"
OR-13243,CUST-19867,"33/456,_Bail_Circle,_Anantapur_536438",Anantapur,Andhra_Pradesh,536438.0,Shipping
TN-13244,CUST-13419,"12,_Sura_Marg,_Chittoor_682130",Chittoor,Andhra_Pradesh,682130.0,Billing
AP-13245,CUST-13885,"704
Kulkarni_Road
Dharmavaram_489255",Dharmavaram,Andhra_Pradesh,489255.0,Shipping
CG-13246,CUST-09017,"52/623,_Dar,_Malda-134632",Malda,West_Bengal,134632.0,Shipping
BR-13247,CUST-06180,"04/23,_Chatterjee_Chowk
Satna-686940",Satna,Madhya_Pradesh,686940.0,"Billing,_Shipping"
MP-13248,CUST-06262,"H.No._16,_Dara
Agra_724422",Agra,Uttar_Pradesh,724422.0,Shipping
GJ-13249,CUST-10988,"H.No._36,_Chakraborty_Circle,_Ajmer_533462",Ajmer,Rajasthan,533462.0,Shipping
RJ-13250,CUST-08198,"H.No._150
Khanna_Chowk
Dewas_225967",Dewas,Madhya_Pradesh,225967.0,Shipping
WB-13251,CUST-15858,"45
Saha_Path
Arrah-579252",Arrah,Bihar,579252.0,Billing
GJ-13252,CUST-06215,"76/245,_Krishna_Nagar
Jabalpur_554938",Jabalpur,Madhya_Pradesh,554938.0,Billing
TS-13253,CUST-15234,"H.No._02
Suri_Circle
Sirsa_972391",Sirsa,Haryana,972391.0,Shipping
TS-13254,CUST-17241,"366
Loke_Path
Proddatur_143862",Proddatur,Andhra_Pradesh,143862.0,Shipping
HP-13255,CUST-11505,"38,_Zacharia
Udaipur_262584",Udaipur,Rajasthan,262584.0,"Billing,_Shipping"
TS-13256,CUST-07602,"725,_Arya
Sirsa_047423",Sirsa,Haryana,47423.0,Shipping
TS-13257,CUST-10656,"86/69,_Balasubramanian_Street,_Sirsa-594821",Sirsa,Haryana,594821.0,Billing
WB-13259,CUST-14507,"H.No._52,_Wali_Marg
Uluberia_451740",Uluberia,West_Bengal,451740.0,"Billing,_Shipping"
HR-13260,CUST-04544,"49/242,_Keer_Ganj,_Aurangabad_106706",Aurangabad,Maharashtra,106706.0,Shipping
MH-13261,CUST-15824,"H.No._229,_Sunder_Zila
Yamunanagar-966995",Yamunanagar,Haryana,966995.0,Shipping
TN-13262,CUST-15115,"85/88,_Rastogi_Ganj,_Tiruvottiyur-703642",Tiruvottiyur,Tamil_Nadu,703642.0,Shipping
OR-13263,CUST-06607,"H.No._858,_Kakar_Street,_Danapur_765222",Danapur,Bihar,765222.0,Billing
UP-13264,CUST-03775,"H.No._834,_Madan_Circle
Chapra-744945",Chapra,Bihar,744945.0,Billing
KA-13265,CUST-04852,"07/976,_Ganesan,_Hosur-283501",Hosur,Tamil_Nadu,283501.0,Billing
KA-13266,CUST-02686,"987,_Behl_Street
Mangalore-651289",Mangalore,Karnataka,651289.0,Billing
HR-13267,CUST-19315,"26/682
Roy_Road
Siwan_893247",Siwan,Bihar,893247.0,Shipping
GJ-13268,CUST-13226,"49/82,_Luthra_Nagar,_Hajipur_788625",Hajipur,Bihar,788625.0,"Billing,_Shipping"
GJ-13269,CUST-18431,"H.No._864,_Tak_Road,_Vadodara-622269",Vadodara,Gujarat,622269.0,Billing
MP-13270,CUST-15470,"H.No._468
Mammen_Street
Jodhpur_327584",Jodhpur,Rajasthan,327584.0,Billing
OR-13271,CUST-01305,"53/66,_Chandran_Ganj
Bilaspur_968370",Bilaspur,Chhattisgarh,968370.0,Billing
WB-13272,CUST-10763,"H.No._033,_Mannan_Marg,_Bally_604364",Bally,West_Bengal,604364.0,Shipping
KL-13273,CUST-11529,"51
Bal_Street
Kollam-493732",Kollam,Kerala,493732.0,Shipping
KA-13274,CUST-16523,"785
Barman_Nagar
Mangalore-034183",Mangalore,Karnataka,34183.0,Billing
RJ-13275,CUST-18539,"H.No._367,_Sandal_Path
Dewas-932755",Dewas,Madhya_Pradesh,932755.0,"Billing,_Shipping"
UP-13276,CUST-18801,"10/351,_Walia_Marg
Firozabad-549434",Firozabad,Uttar_Pradesh,549434.0,Shipping
BR-13277,CUST-18638,"H.No._237,_Choudhry_Marg,_Buxar_037928",Buxar,Bihar,37928.0,Billing
JH-13278,CUST-12490,"H.No._79
Kalita_Path
Mango_664928",Mango,Jharkhand,664928.0,Billing
WB-13279,CUST-10563,"H.No._319,_Barad_Nagar
Madhyamgram_037771",Madhyamgram,West_Bengal,37771.0,Billing
AP-13280,CUST-19866,"H.No._42
Dar
Bhimavaram-298027",Bhimavaram,Andhra_Pradesh,298027.0,Billing
BR-13281,CUST-11263,"77,_Mahajan_Zila,_Ballia_987761",Ballia,Uttar_Pradesh,987761.0,Shipping
AP-13282,CUST-18385,"11/93
Grover_Ganj
Bhimavaram_777085",Bhimavaram,Andhra_Pradesh,777085.0,"Billing,_Shipping"
TS-13283,CUST-10722,"69/48,_Korpal_Ganj,_Sirsa-048923",Sirsa,Haryana,48923.0,Shipping
WB-13284,CUST-12138,"53/96,_Atwal_Circle,_Madhyamgram_390449",Madhyamgram,West_Bengal,390449.0,Shipping
MP-13285,CUST-11616,"H.No._13,_Loke_Zila,_Gorakhpur_758361",Gorakhpur,Uttar_Pradesh,758361.0,"Billing,_Shipping"
MH-13286,CUST-19223,"H.No._26,_Sidhu_Path,_Satara_519077",Satara,Maharashtra,519077.0,Billing
CG-13287,CUST-04408,"H.No._39,_Gade_Road
Nagpur-430914",Nagpur,Maharashtra,430914.0,"Billing,_Shipping"
CG-13288,CUST-15531,"978,_Mallick_Street
Malda-697910",Malda,West_Bengal,697910.0,"Billing,_Shipping"
TS-13289,CUST-17689,"857,_Loyal_Nagar
Sirsa_554955",Sirsa,Haryana,554955.0,"Billing,_Shipping"
MH-13290,CUST-01727,"H.No._482,_Dewan_Chowk,_Malegaon_338667",Malegaon,Maharashtra,338667.0,Billing
MP-13291,CUST-01513,"175,_Deshpande_Marg
Dehri-178633",Dehri,Bihar,178633.0,Shipping
OR-13292,CUST-01055,"H.No._937,_Thakkar_Zila,_Danapur_314429",Danapur,Bihar,314429.0,"Billing,_Shipping"
TN-13293,CUST-10831,"087
Ratti
Salem_532219",Salem,Tamil_Nadu,532219.0,"Billing,_Shipping"
OR-13294,CUST-08111,"48/920,_Borah_Marg,_Chandrapur-087153",Chandrapur,Maharashtra,87153.0,"Billing,_Shipping"
KA-13295,CUST-04107,"82,_Saraf_Circle
Tumkur-013326",Tumkur,Karnataka,13326.0,"Billing,_Shipping"
UP-13296,CUST-12949,"H.No._03,_Mani_Path
Burhanpur_674491",Burhanpur,Madhya_Pradesh,674491.0,Billing
OR-13297,CUST-12796,"H.No._715,_Edwin_Zila,_Bilaspur-952186",Bilaspur,Chhattisgarh,952186.0,Billing
JH-13298,CUST-09981,"67/79
Mammen_Circle
Asansol-381696",Asansol,West_Bengal,381696.0,"Billing,_Shipping"
MP-13299,CUST-17239,"H.No._18,_Chanda_Road
Gorakhpur-479892",Gorakhpur,Uttar_Pradesh,479892.0,Shipping
AP-13300,CUST-06513,"H.No._085
Dixit_Chowk
Dharmavaram-030052",Dharmavaram,Andhra_Pradesh,30052.0,Shipping
GJ-13301,CUST-17690,"H.No._338
Bassi_Ganj
Gandhidham-610882",Gandhidham,Gujarat,610882.0,Shipping
MP-13302,CUST-19845,"35,_Kata_Nagar
Kota_040558",Kota,Rajasthan,40558.0,"Billing,_Shipping"
WB-13303,CUST-10055,"H.No._327,_Chowdhury_Chowk,_Madhyamgram_534887",Madhyamgram,West_Bengal,534887.0,Billing
TS-13304,CUST-08384,"22/48,_Lata_Road,_Nizamabad_481929",Nizamabad,Telangana,481929.0,Shipping
GJ-13305,CUST-19019,"H.No._366,_Deshmukh_Road,_Kavali-383718",Kavali,Andhra_Pradesh,383718.0,Billing
MP-13307,CUST-10592,"97/71
Bhasin_Nagar
Jhansi_188740",Jhansi,Uttar_Pradesh,188740.0,Billing
KA-13308,CUST-05195,"12,_Yadav_Marg
Hosur_243953",Hosur,Tamil_Nadu,243953.0,"Billing,_Shipping"
GJ-13309,CUST-14651,"H.No._650
Din_Chowk
Hajipur-628515",Hajipur,Bihar,628515.0,Billing
AS-13310,CUST-14881,"03/29,_Kannan_Chowk,_Siliguri_132749",Siliguri,West_Bengal,132749.0,Shipping
TN-13311,CUST-01109,"H.No._53,_Sathe_Circle,_Pali_100321",Pali,Rajasthan,100321.0,Billing
GJ-13312,CUST-18343,"H.No._48,_Mann_Chowk,_Vadodara-959394",Vadodara,Gujarat,959394.0,Billing
TN-13313,CUST-01711,"43,_Datta
Pali_791909",Pali,Rajasthan,791909.0,"Billing,_Shipping"
MH-13314,CUST-16281,"268,_Kaul_Street,_Loni_962513",Loni,Uttar_Pradesh,962513.0,"Billing,_Shipping"
AP-13315,CUST-15169,"H.No._941
Raman_Street
Srikakulam-694797",Srikakulam,Andhra_Pradesh,694797.0,Shipping
WB-13316,CUST-14849,"H.No._81,_Mahajan
Bally-661503",Bally,West_Bengal,661503.0,Shipping
KA-13317,CUST-17456,"H.No._78
Raja_Circle
Hosur_510324",Hosur,Tamil_Nadu,510324.0,"Billing,_Shipping"
TN-13318,CUST-13111,"294,_Shukla_Zila,_Chittoor-456286",Chittoor,Andhra_Pradesh,456286.0,"Billing,_Shipping"
TS-13319,CUST-11156,"H.No._432
Mallick
Hindupur-123263",Hindupur,Andhra_Pradesh,123263.0,"Billing,_Shipping"
BR-13320,CUST-15182,"04,_Bhalla
Jaipur_033272",Jaipur,Rajasthan,33272.0,Billing
GJ-13321,CUST-14201,"612,_Mand_Marg
Jabalpur-202316",Jabalpur,Madhya_Pradesh,202316.0,"Billing,_Shipping"
MH-13322,CUST-00471,"94/80
Dhaliwal_Marg
Satara_362534",Satara,Maharashtra,362534.0,Billing
MP-13323,CUST-14310,"37/49
Bose_Zila
Ramgarh-082957",Ramgarh,Jharkhand,82957.0,Billing
AS-13324,CUST-06015,"460,_Dara
Bongaigaon-145543",Bongaigaon,Assam,145543.0,"Billing,_Shipping"
WB-13325,CUST-04456,"59/079,_Kanda
Bally-166793",Bally,West_Bengal,166793.0,"Billing,_Shipping"
GJ-13326,CUST-10447,"H.No._190,_Hans_Path
Hajipur_425655",Hajipur,Bihar,425655.0,Shipping
MH-13327,CUST-16041,"37,_Goyal_Road
Nanded_524862",Nanded,Maharashtra,524862.0,Shipping
HR-13328,CUST-12265,"97,_Barad_Ganj
Bikaner-506221",Bikaner,Rajasthan,506221.0,Billing
TS-13329,CUST-04679,"319,_Varghese,_Proddatur_462065",Proddatur,Andhra_Pradesh,462065.0,Shipping
RJ-13330,CUST-00040,"98
Ghosh_Chowk
Fatehpur_244270",Fatehpur,Uttar_Pradesh,244270.0,Shipping
CG-13331,CUST-10688,"36,_Sundaram,_Sagar-236482",Sagar,Madhya_Pradesh,236482.0,Shipping
UP-13332,CUST-14237,"34/038,_Tailor_Street
Mirzapur-326103",Mirzapur,Uttar_Pradesh,326103.0,"Billing,_Shipping"
MP-13333,CUST-07090,"860,_Kaur,_Jodhpur_525494",Jodhpur,Rajasthan,525494.0,Billing
MH-13334,CUST-17700,"83/03,_Kala,_Nanded_231892",Nanded,Maharashtra,231892.0,"Billing,_Shipping"
DL-13335,CUST-10710,"13/71,_Rajagopal_Nagar
Delhi-278968",Delhi,Delhi_(Union_Territory),278968.0,Billing
BR-13336,CUST-16884,"H.No._496
Dara_Zila
Ballia_497509",Ballia,Uttar_Pradesh,497509.0,Billing
AS-13337,CUST-18843,"221,_Lad,_Nagaon-648599",Nagaon,Assam,648599.0,"Billing,_Shipping"
OR-13338,CUST-12499,"H.No._89,_Magar_Circle,_Mathura_369405",Mathura,Uttar_Pradesh,369405.0,Billing
TN-13339,CUST-15220,"24
Raja_Nagar
Pali_110831",Pali,Rajasthan,110831.0,Shipping
AS-13340,CUST-15837,"34/708,_Jain,_Nagaon_861313",Nagaon,Assam,861313.0,Shipping
KA-13341,CUST-17024,"H.No._81,_Batta_Street
Mangalore_194561",Mangalore,Karnataka,194561.0,Shipping
AP-13342,CUST-12511,"028,_Seshadri_Ganj,_Srikakulam_751827",Srikakulam,Andhra_Pradesh,751827.0,"Billing,_Shipping"
GJ-13343,CUST-02954,"H.No._265,_Andra_Road
Allahabad-826136",Allahabad,Uttar_Pradesh,826136.0,"Billing,_Shipping"
TN-13344,CUST-04315,"33
Bhandari_Chowk
Vellore_064661",Vellore,Tamil_Nadu,64661.0,"Billing,_Shipping"
GJ-13345,CUST-16292,"H.No._81,_Bhasin_Marg,_Gandhidham-491865",Gandhidham,Gujarat,491865.0,Shipping
MH-13346,CUST-16927,"00/87
Sodhi_Ganj
Guntur-308121",Guntur,Andhra_Pradesh,308121.0,"Billing,_Shipping"
GJ-13347,CUST-05273,"83/00,_Toor_Ganj,_Jabalpur_989816",Jabalpur,Madhya_Pradesh,989816.0,Billing
OR-13348,CUST-03412,"711,_Cherian
Kanpur-730390",Kanpur,Uttar_Pradesh,730390.0,Billing
WB-13349,CUST-17747,"12/321,_Deshpande_Zila
Arrah_779135",Arrah,Bihar,779135.0,"Billing,_Shipping"
WB-13350,CUST-07238,"H.No._430,_Bora_Chowk,_Baranagar-981340",Baranagar,West_Bengal,981340.0,Shipping
AP-13351,CUST-13740,"24,_Vohra_Chowk
Srikakulam-212090",Srikakulam,Andhra_Pradesh,212090.0,Shipping
RJ-13352,CUST-00876,"632,_Chaudhari_Road,_Dewas-916715",Dewas,Madhya_Pradesh,916715.0,Billing
TS-13353,CUST-10970,"83/970
Bhat_Street
Proddatur-499001",Proddatur,Andhra_Pradesh,499001.0,Shipping
MP-13354,CUST-11645,"07,_Thaman_Road
Khandwa-943723",Khandwa,Madhya_Pradesh,943723.0,"Billing,_Shipping"
TS-13355,CUST-05657,"04,_Malhotra_Chowk,_Ambala-224416",Ambala,Haryana,224416.0,Billing
CG-13356,CUST-00342,"470
Bhatnagar_Road
Sagar_521263",Sagar,Madhya_Pradesh,521263.0,"Billing,_Shipping"
MH-13357,CUST-13763,"99/761,_Chopra_Circle
Bhiwandi_525652",Bhiwandi,Maharashtra,525652.0,"Billing,_Shipping"
OR-13358,CUST-18755,"751,_Chakrabarti_Chowk
Patna_619233",Patna,Bihar,619233.0,"Billing,_Shipping"
BR-13359,CUST-04914,"67,_Edwin_Marg,_Satna-132447",Satna,Madhya_Pradesh,132447.0,"Billing,_Shipping"
KA-13360,CUST-12243,"60,_Deep_Road
Amaravati_678918",Amaravati,Andhra_Pradesh,678918.0,Billing
BR-13361,CUST-15487,"18/04,_Khare_Chowk
Ballia_097527",Ballia,Uttar_Pradesh,97527.0,Billing
KL-13362,CUST-14046,"H.No._43,_Manne_Path,_Kollam_099593",Kollam,Kerala,99593.0,Billing
RJ-13364,CUST-11221,"083,_Shan_Chowk
Rajkot-879350",Rajkot,Gujarat,879350.0,Billing
TN-13365,CUST-14290,"H.No._177
Bumb
Gandhinagar-850689",Gandhinagar,Gujarat,850689.0,Shipping
MH-13366,CUST-09993,"94/847,_Sem_Ganj
Jalgaon_776675",Jalgaon,Maharashtra,776675.0,Billing
BR-13367,CUST-13778,"36/435,_Wadhwa_Nagar
Jaipur-381543",Jaipur,Rajasthan,381543.0,Billing
CG-13368,CUST-10381,"062,_Kohli_Nagar
Sambalpur-705525",Sambalpur,Odisha,705525.0,"Billing,_Shipping"
UP-13369,CUST-00680,"H.No._113
Bail
Mirzapur-650325",Mirzapur,Uttar_Pradesh,650325.0,"Billing,_Shipping"
KA-13370,CUST-10409,"H.No._160,_Biswas_Road
Hosur_832135",Hosur,Tamil_Nadu,832135.0,"Billing,_Shipping"
GJ-13371,CUST-16290,"H.No._21
Batta_Circle
Kavali-513545",Kavali,Andhra_Pradesh,513545.0,Shipping
AP-13372,CUST-14153,"929,_Sekhon_Zila,_Gudivada-546228",Gudivada,Andhra_Pradesh,546228.0,"Billing,_Shipping"
UP-13373,CUST-04843,"706
Ramakrishnan_Circle
Ahmedabad-365052",Ahmedabad,Gujarat,365052.0,Billing
JH-13374,CUST-01606,"57/654,_Kashyap_Marg
Phusro-218089",Phusro,Jharkhand,218089.0,Billing
JH-13375,CUST-01210,"18/83,_Sharaf_Nagar,_Phusro-986549",Phusro,Jharkhand,986549.0,Billing
UP-13376,CUST-00437,"79/459,_Batta_Zila
Chapra_002544",Chapra,Bihar,2544.0,Shipping
AP-13377,CUST-15123,"H.No._180
Bansal_Street
Jammu-066724",Jammu,Jammu_and_Kashmir,66724.0,"Billing,_Shipping"
TN-13378,CUST-14351,"26/466,_Wagle_Road,_Gandhinagar_822671",Gandhinagar,Gujarat,822671.0,Billing
MH-13379,CUST-00970,"18/02,_Lata_Road,_Loni-789474",Loni,Uttar_Pradesh,789474.0,Shipping
RJ-13380,CUST-11811,"H.No._397
Sharaf_Path
Akola-731367",Akola,Maharashtra,731367.0,Billing
TS-13381,CUST-04330,"480,_Srinivas_Nagar
Ramagundam_225638",Ramagundam,Telangana,225638.0,Shipping
CG-13382,CUST-18831,"71/95,_Venkatesh
Nagpur-978436",Nagpur,Maharashtra,978436.0,Billing
KA-13383,CUST-18803,"73/628
Sagar_Circle
Mangalore_672860",Mangalore,Karnataka,672860.0,"Billing,_Shipping"
MH-13384,CUST-08315,"H.No._946,_Kakar_Circle
Nanded_542209",Nanded,Maharashtra,542209.0,Shipping
JH-13385,CUST-15045,"60/356
Bhattacharyya_Ganj
Mango_817488",Mango,Jharkhand,817488.0,"Billing,_Shipping"
WB-13386,CUST-12153,"H.No._00,_Mallick
Uluberia-140913",Uluberia,West_Bengal,140913.0,Billing
WB-13387,CUST-16391,"08/24
Mallick_Chowk
Kamarhati-402704",Kamarhati,West_Bengal,402704.0,Shipping
JH-13388,CUST-08472,"H.No._29,_Ratta_Zila
Asansol-974661",Asansol,West_Bengal,974661.0,"Billing,_Shipping"
TN-13389,CUST-12361,"688
Bhatt_Marg
Pallavaram-645550",Pallavaram,Tamil_Nadu,645550.0,"Billing,_Shipping"
TS-13390,CUST-17469,"45,_Ghose_Zila,_Nizamabad_045163",Nizamabad,Telangana,45163.0,Shipping
HR-13391,CUST-08073,"664,_Toor_Chowk,_Bikaner_991760",Bikaner,Rajasthan,991760.0,"Billing,_Shipping"
MP-13392,CUST-07244,"H.No._411,_Ghose_Marg,_Ramgarh-559563",Ramgarh,Jharkhand,559563.0,Billing
MH-13393,CUST-14499,"H.No._02
Sastry_Chowk
Satara-112979",Satara,Maharashtra,112979.0,"Billing,_Shipping"
UP-13394,CUST-13573,"207,_Ramakrishnan_Road
Burhanpur-003642",Burhanpur,Madhya_Pradesh,3642.0,"Billing,_Shipping"
AP-13395,CUST-13571,"H.No._294
Kannan_Circle
Dharmavaram_181632",Dharmavaram,Andhra_Pradesh,181632.0,Billing
UP-13396,CUST-16404,"214
Kata_Road
Shahjahanpur_389376",Shahjahanpur,Uttar_Pradesh,389376.0,Shipping
UP-13397,CUST-08579,"10/303,_Iyer_Road,_Shahjahanpur_562901",Shahjahanpur,Uttar_Pradesh,562901.0,Shipping
UP-13398,CUST-16372,"H.No._11
Bora_Street
Ahmedabad_170591",Ahmedabad,Gujarat,170591.0,Billing
MH-13399,CUST-19926,"72/936
Balay_Circle
Yamunanagar_508271",Yamunanagar,Haryana,508271.0,Shipping
WB-13400,CUST-01414,"H.No._44,_Grover_Marg
Naihati-038874",Naihati,West_Bengal,38874.0,Shipping
UP-13401,CUST-11795,"H.No._13
Din_Street
Karimnagar_978933",Karimnagar,Telangana,978933.0,Shipping
UP-13402,CUST-12292,"H.No._375,_Hayer_Circle
Bhagalpur-455992",Bhagalpur,Bihar,455992.0,Billing
AS-13403,CUST-09254,"55/868,_Sodhi_Ganj,_Nagaon_585883",Nagaon,Assam,585883.0,Shipping
MP-13404,CUST-00413,"H.No._128
Chhabra_Road
Kota-619026",Kota,Rajasthan,619026.0,Billing
MH-13405,CUST-16446,"55/827
Johal_Path
Jalgaon-056835",Jalgaon,Maharashtra,56835.0,"Billing,_Shipping"
AP-13406,CUST-09862,"73
Kakar_Nagar
Dharmavaram_953089",Dharmavaram,Andhra_Pradesh,953089.0,Billing
MH-13407,CUST-18375,"40
Khurana_Street
Nanded-871652",Nanded,Maharashtra,871652.0,Billing
KA-13408,CUST-14851,"H.No._04,_Tara
Mangalore-301303",Mangalore,Karnataka,301303.0,"Billing,_Shipping"
JH-13409,CUST-08730,"163,_Anne_Circle
Asansol-650659",Asansol,West_Bengal,650659.0,"Billing,_Shipping"
CG-13410,CUST-18886,"06,_Deep_Zila
Sagar_724390",Sagar,Madhya_Pradesh,724390.0,"Billing,_Shipping"
GJ-13411,CUST-01498,"49,_Bains_Ganj
Hajipur_075595",Hajipur,Bihar,75595.0,Shipping
AP-13412,CUST-05564,"H.No._20,_Ram_Marg
Dharmavaram-295989",Dharmavaram,Andhra_Pradesh,295989.0,"Billing,_Shipping"
GJ-13413,CUST-13974,"H.No._464,_Saxena_Zila
Hajipur_051006",Hajipur,Bihar,51006.0,"Billing,_Shipping"
UP-13414,CUST-14883,"H.No._766
Sabharwal_Circle
Sambhal-251660",Sambhal,Uttar_Pradesh,251660.0,Billing
HR-13415,CUST-15405,"803
Amble_Nagar
Siwan-430293",Siwan,Bihar,430293.0,Billing
CG-13416,CUST-11496,"30/206,_Khare_Marg
Nagpur-093726",Nagpur,Maharashtra,93726.0,Shipping
TN-13417,CUST-14408,"H.No._90,_Keer_Nagar,_Pali_781577",Pali,Rajasthan,781577.0,Shipping
MH-13418,CUST-10309,"H.No._566,_Dugar_Street
Rampur-395582",Rampur,Uttar_Pradesh,395582.0,"Billing,_Shipping"
GJ-13419,CUST-14406,"H.No._470,_Raval_Road,_Ajmer-738021",Ajmer,Rajasthan,738021.0,Billing
UP-13420,CUST-04096,"94/60,_Chatterjee_Zila,_Chapra_213506",Chapra,Bihar,213506.0,Shipping
AS-13421,CUST-12365,"063,_Walla,_Bongaigaon-539965",Bongaigaon,Assam,539965.0,"Billing,_Shipping"
OR-13422,CUST-13038,"90,_Sood
Haldia-683090",Haldia,West_Bengal,683090.0,Shipping
GJ-13423,CUST-11359,"H.No._21,_Atwal_Circle
Jabalpur_767478",Jabalpur,Madhya_Pradesh,767478.0,Shipping
DL-13424,CUST-04293,"H.No._41
Choudhry_Nagar
Delhi-010267",Delhi,Delhi_(Union_Territory),10267.0,"Billing,_Shipping"
UP-13425,CUST-01238,"46/18
Karan_Ganj
Jamalpur-927529",Jamalpur,Bihar,927529.0,"Billing,_Shipping"
UP-13426,CUST-18806,"H.No._296,_Chaudhari_Marg,_Ahmedabad-130549",Ahmedabad,Gujarat,130549.0,"Billing,_Shipping"
OR-13427,CUST-12414,"H.No._15
Acharya_Road
Bijapur-423946",Bijapur,Karnataka,423946.0,"Billing,_Shipping"
UP-13428,CUST-19678,"15/269,_Gara_Circle
Firozabad_530582",Firozabad,Uttar_Pradesh,530582.0,Shipping
UP-13429,CUST-10260,"37,_Kapur_Zila
Farrukhabad-541527",Farrukhabad,Uttar_Pradesh,541527.0,"Billing,_Shipping"
AP-13430,CUST-10931,"H.No._76,_Sagar_Path
Srikakulam_240283",Srikakulam,Andhra_Pradesh,240283.0,"Billing,_Shipping"
KA-13431,CUST-10434,"107
Acharya_Road
Mangalore_855659",Mangalore,Karnataka,855659.0,"Billing,_Shipping"
DL-13432,CUST-12399,"728,_Mannan,_Delhi-044342",Delhi,Delhi_(Union_Territory),44342.0,Shipping
BR-13433,CUST-10218,"H.No._571
Kala_Circle
Jaipur_211259",Jaipur,Rajasthan,211259.0,Shipping
TN-13434,CUST-10765,"27,_Atwal_Street,_Pali-850377",Pali,Rajasthan,850377.0,Billing
OR-13435,CUST-10658,"H.No._46
Kala_Nagar
Bilaspur-641314",Bilaspur,Chhattisgarh,641314.0,Billing
MP-13436,CUST-03572,"73/743
Aurora_Marg
Agra_243656",Agra,Uttar_Pradesh,243656.0,Shipping
WB-13437,CUST-18348,"48/548,_Dugar_Road
Bally-608169",Bally,West_Bengal,608169.0,Billing
WB-13438,CUST-03212,"726,_Mannan_Zila,_Bhatpara-027372",Bhatpara,West_Bengal,27372.0,"Billing,_Shipping"
WB-13439,CUST-14623,"H.No._06
Ahluwalia_Ganj
Aligarh-923159",Aligarh,Uttar_Pradesh,923159.0,Billing
UK-13440,CUST-18013,"64,_Gopal
Jalna_278544",Jalna,Maharashtra,278544.0,Billing
AP-13441,CUST-13745,"H.No._886,_Varma_Circle,_Bhimavaram_391679",Bhimavaram,Andhra_Pradesh,391679.0,Billing
TN-13442,CUST-12491,"036,_Gupta_Nagar
Vellore-485446",Vellore,Tamil_Nadu,485446.0,Billing
KA-13443,CUST-01934,"41,_Cheema_Road,_Tumkur_206370",Tumkur,Karnataka,206370.0,Billing
UP-13444,CUST-07361,"89/78,_Anand_Circle,_Ahmedabad_804363",Ahmedabad,Gujarat,804363.0,"Billing,_Shipping"
WB-13445,CUST-03015,"62/824,_Saraf_Path,_Bhatpara-183596",Bhatpara,West_Bengal,183596.0,Billing
RJ-13446,CUST-06387,"76/510,_Kumar_Chowk,_Akola_195774",Akola,Maharashtra,195774.0,Shipping
TN-13447,CUST-07156,"H.No._67,_Sangha_Path,_Vellore-311738",Vellore,Tamil_Nadu,311738.0,Billing
CG-13448,CUST-00119,"16,_Sahni_Road
Bhilai-157517",Bhilai,Chhattisgarh,157517.0,Shipping
AP-13449,CUST-03542,"H.No._01,_Dave,_Srikakulam-081671",Srikakulam,Andhra_Pradesh,81671.0,Billing
GJ-13450,CUST-16402,"31,_Choudhry_Marg
Hajipur-871518",Hajipur,Bihar,871518.0,"Billing,_Shipping"
AS-13451,CUST-10939,"H.No._33,_Dixit_Zila,_Bongaigaon-094411",Bongaigaon,Assam,94411.0,Shipping
BR-13452,CUST-06303,"H.No._72
Lall_Marg
Ballia_514365",Ballia,Uttar_Pradesh,514365.0,Shipping
KA-13453,CUST-14830,"H.No._476
Baral_Road
Amaravati-922092",Amaravati,Andhra_Pradesh,922092.0,"Billing,_Shipping"
TS-13454,CUST-07021,"H.No._309,_Saini_Marg
Sirsa-950005",Sirsa,Haryana,950005.0,Shipping
AP-13455,CUST-12829,"H.No._72,_Batra_Zila
Bhimavaram_733756",Bhimavaram,Andhra_Pradesh,733756.0,Shipping
TS-13456,CUST-13501,"H.No._11,_Ramaswamy_Road
Hindupur_505024",Hindupur,Andhra_Pradesh,505024.0,Shipping
UP-13457,CUST-10747,"264
Goyal_Nagar
Shahjahanpur-112869",Shahjahanpur,Uttar_Pradesh,112869.0,Billing
UP-13458,CUST-02015,"00/327,_Acharya_Path,_Muzaffarpur_983137",Muzaffarpur,Bihar,983137.0,"Billing,_Shipping"
WB-13459,CUST-15097,"40/19,_Toor_Chowk
Madhyamgram_061570",Madhyamgram,West_Bengal,61570.0,"Billing,_Shipping"
KA-13460,CUST-06519,"343,_Saha_Street
Tumkur-648509",Tumkur,Karnataka,648509.0,Billing
RJ-13461,CUST-18600,"82/728,_Iyengar_Path,_Fatehpur_314154",Fatehpur,Uttar_Pradesh,314154.0,Shipping
UP-13462,CUST-14122,"463,_Raj_Circle,_Karimnagar_343006",Karimnagar,Telangana,343006.0,"Billing,_Shipping"
KA-13463,CUST-04483,"H.No._405,_Kar_Marg
Mangalore-106716",Mangalore,Karnataka,106716.0,Shipping
AP-13464,CUST-12298,"42/533,_Buch_Circle,_Jammu-126526",Jammu,Jammu_and_Kashmir,126526.0,"Billing,_Shipping"
UP-13465,CUST-03156,"H.No._434,_Chaudhari_Zila,_Firozabad_470507",Firozabad,Uttar_Pradesh,470507.0,"Billing,_Shipping"
HR-13466,CUST-07195,"449,_Magar_Path
Aurangabad-536669",Aurangabad,Maharashtra,536669.0,Shipping
GJ-13467,CUST-15286,"34/071
Sahota
Vadodara-947865",Vadodara,Gujarat,947865.0,Shipping
JH-13468,CUST-11159,"34/242,_Seth_Path,_Kharagpur-976890",Kharagpur,West_Bengal,976890.0,"Billing,_Shipping"
UK-13469,CUST-12674,"852
Choudhary_Chowk
Haridwar-851758",Haridwar,Uttarakhand,851758.0,"Billing,_Shipping"
CG-13470,CUST-13602,"H.No._65,_Lala_Nagar
Nagpur-888697",Nagpur,Maharashtra,888697.0,Shipping
RJ-13471,CUST-18724,"H.No._21,_Garde
Akola_493338",Akola,Maharashtra,493338.0,"Billing,_Shipping"
UP-13472,CUST-19726,"44/66,_D’Alia_Marg,_Jamalpur_887208",Jamalpur,Bihar,887208.0,"Billing,_Shipping"
OR-13473,CUST-04411,"180
Hari_Ganj
Bijapur_607749",Bijapur,Karnataka,607749.0,Shipping
TN-13474,CUST-08192,"908,_Vaidya_Marg
Pali_801732",Pali,Rajasthan,801732.0,Billing
MP-13475,CUST-18853,"H.No._40,_Kant_Zila,_Jalandhar_137830",Jalandhar,Punjab,137830.0,Billing
CG-13476,CUST-14992,"225,_Ben_Zila
Malda_492045",Malda,West_Bengal,492045.0,Billing
BR-13477,CUST-08124,"57,_Lal,_Buxar_923376",Buxar,Bihar,923376.0,"Billing,_Shipping"
MH-13478,CUST-14363,"57/971,_Butala_Zila,_Karnal_233388",Karnal,Haryana,233388.0,"Billing,_Shipping"
MP-13479,CUST-19069,"354
Gulati_Nagar
Khandwa_192061",Khandwa,Madhya_Pradesh,192061.0,Shipping
AS-13480,CUST-17668,"H.No._643,_Ramanathan_Road
Siliguri-242873",Siliguri,West_Bengal,242873.0,"Billing,_Shipping"
KA-13481,CUST-17033,"040,_Shukla_Marg,_Solapur-977771",Solapur,Maharashtra,977771.0,Shipping
TN-13482,CUST-04037,"24/66
Deep_Marg
Tiruppur-972410",Tiruppur,Tamil_Nadu,972410.0,Shipping
WB-13483,CUST-09640,"92/35,_Deep_Chowk,_Bhatpara_898584",Bhatpara,West_Bengal,898584.0,"Billing,_Shipping"
MH-13484,CUST-04380,"604,_Grover_Circle
Satara_136878",Satara,Maharashtra,136878.0,"Billing,_Shipping"
BR-13485,CUST-01067,"389,_Tandon_Chowk
Purnia_149946",Purnia,Bihar,149946.0,"Billing,_Shipping"
CG-13486,CUST-00648,"00
Wagle_Nagar
Sagar_442582",Sagar,Madhya_Pradesh,442582.0,Billing
MH-13487,CUST-16762,"51/86
Kade_Zila
Bhiwandi-822171",Bhiwandi,Maharashtra,822171.0,Billing
UP-13488,CUST-04352,"91/297,_Rajagopalan_Marg
Shahjahanpur-976122",Shahjahanpur,Uttar_Pradesh,976122.0,Billing
WB-13489,CUST-18856,"64
Shroff_Road
Bidhannagar-790256",Bidhannagar,West_Bengal,790256.0,"Billing,_Shipping"
JH-13491,CUST-01434,"53/09,_Chatterjee_Chowk,_Kharagpur_022431",Kharagpur,West_Bengal,22431.0,Shipping
TN-13492,CUST-17356,"H.No._87,_Swamy_Chowk,_Gandhinagar-969369",Gandhinagar,Gujarat,969369.0,Billing
DL-13493,CUST-19879,"H.No._522,_Chaudry_Street,_Delhi-376057",Delhi,Delhi_(Union_Territory),376057.0,Billing
WB-13495,CUST-05621,"139
Goyal_Zila
Naihati-414289",Naihati,West_Bengal,414289.0,Shipping
BR-13496,CUST-06112,"06
Rastogi_Street
Buxar_598183",Buxar,Bihar,598183.0,Billing
UP-13497,CUST-15332,"24,_Singhal_Marg
Chapra-854134",Chapra,Bihar,854134.0,Billing
UP-13498,CUST-17542,"H.No._71
Kaur_Path
Gurgaon_782514",Gurgaon,Haryana,782514.0,Shipping
AS-13499,CUST-13825,"H.No._35,_Sengupta
Bongaigaon-153980",Bongaigaon,Assam,153980.0,"Billing,_Shipping"
MP-13500,CUST-03832,"25,_Shan_Chowk
Khandwa_468507",Khandwa,Madhya_Pradesh,468507.0,Billing
AP-13501,CUST-09685,"57,_Samra,_Srikakulam_611059",Srikakulam,Andhra_Pradesh,611059.0,Billing
MH-13502,CUST-14932,"H.No._22
Khatri_Street
Jalgaon_116962",Jalgaon,Maharashtra,116962.0,Shipping
CG-13503,CUST-19493,"35/875,_Yadav_Street
Bhilai_018992",Bhilai,Chhattisgarh,18992.0,Shipping
CG-13504,CUST-11787,"44/16,_Salvi_Circle,_Malda-337227",Malda,West_Bengal,337227.0,Billing
GJ-13505,CUST-13518,"H.No._012
Bora
Hajipur-252929",Hajipur,Bihar,252929.0,Billing
MH-13506,CUST-15606,"547,_Vala,_Guntur-573723",Guntur,Andhra_Pradesh,573723.0,Shipping
CG-13507,CUST-12999,"31/635
Soman_Street
Malda_676723",Malda,West_Bengal,676723.0,Billing
WB-13508,CUST-02212,"676,_Gala_Path,_Madhyamgram-067809",Madhyamgram,West_Bengal,67809.0,Billing
GJ-13509,CUST-14433,"H.No._69,_Taneja_Chowk,_Vadodara-272916",Vadodara,Gujarat,272916.0,Shipping
TS-13510,CUST-15602,"41,_Kala_Zila,_Dindigul-303067",Dindigul,Tamil_Nadu,303067.0,"Billing,_Shipping"
MP-13511,CUST-17269,"58/627,_Saini_Nagar
Unnao-843432",Unnao,Uttar_Pradesh,843432.0,Billing
MH-13512,CUST-07023,"338,_Mannan_Ganj
Malegaon-577092",Malegaon,Maharashtra,577092.0,"Billing,_Shipping"
GJ-13513,CUST-08182,"H.No._24
Tara_Circle
Vadodara-813243",Vadodara,Gujarat,813243.0,Shipping
WB-13514,CUST-17472,"42/70
Hari_Marg
Bhatpara-581206",Bhatpara,West_Bengal,581206.0,Billing
UK-13515,CUST-04322,"H.No._43,_Bhandari_Street,_Shivpuri-038553",Shivpuri,Madhya_Pradesh,38553.0,Shipping
OR-13517,CUST-02042,"41/912,_Balasubramanian_Street,_Danapur_786619",Danapur,Bihar,786619.0,Shipping
MP-13518,CUST-16244,"H.No._353,_Kalla
Unnao_994869",Unnao,Uttar_Pradesh,994869.0,Shipping
MP-13519,CUST-19641,"171,_Gour_Path
Gopalpur-345028",Gopalpur,Odisha,345028.0,Billing
WB-13520,CUST-08580,"92/64,_Shenoy_Road
Bhatpara_973452",Bhatpara,West_Bengal,973452.0,Shipping
AP-13521,CUST-11996,"39
Ranganathan_Ganj
Srikakulam_575004",Srikakulam,Andhra_Pradesh,575004.0,Billing
JH-13522,CUST-15173,"09/15,_Mandal_Ganj,_Asansol-617847",Asansol,West_Bengal,617847.0,"Billing,_Shipping"
MH-13523,CUST-07813,"H.No._717,_Keer_Circle,_Satara-809887",Satara,Maharashtra,809887.0,Billing
OR-13524,CUST-06024,"911
Rout_Marg
Mathura_458575",Mathura,Uttar_Pradesh,458575.0,"Billing,_Shipping"
AP-13525,CUST-18829,"85/97
Sanghvi_Circle
Jammu_879990",Jammu,Jammu_and_Kashmir,879990.0,"Billing,_Shipping"
CG-13526,CUST-12885,"440
Sankar_Ganj
Nagpur-985072",Nagpur,Maharashtra,985072.0,"Billing,_Shipping"
BR-13527,CUST-19301,"97/388,_Gera_Nagar,_Satna-736765",Satna,Madhya_Pradesh,736765.0,Billing
OR-13528,CUST-19503,"86/48,_Buch_Street
Bharatpur-074962",Bharatpur,Rajasthan,74962.0,Shipping
UP-13529,CUST-03141,"H.No._837,_Mallick_Road
Farrukhabad_601354",Farrukhabad,Uttar_Pradesh,601354.0,Shipping
CG-13530,CUST-15449,"22/414,_Rajan_Street,_Sagar-492802",Sagar,Madhya_Pradesh,492802.0,"Billing,_Shipping"
UP-13531,CUST-19805,"H.No._895,_Rajagopalan_Ganj
Shahjahanpur_834009",Shahjahanpur,Uttar_Pradesh,834009.0,Shipping
AP-13532,CUST-09270,"75/692,_Kara_Nagar
Bhimavaram-266702",Bhimavaram,Andhra_Pradesh,266702.0,Shipping
AS-13533,CUST-17911,"32/99,_Hayer_Nagar,_Nagaon_320699",Nagaon,Assam,320699.0,Shipping
MP-13534,CUST-13145,"168,_Shenoy_Nagar
Khandwa_106834",Khandwa,Madhya_Pradesh,106834.0,"Billing,_Shipping"
UK-13535,CUST-04224,"H.No._59
Dasgupta_Circle
Haridwar_938648",Haridwar,Uttarakhand,938648.0,"Billing,_Shipping"
JH-13536,CUST-07985,"154
Kakar
Mango_197473",Mango,Jharkhand,197473.0,"Billing,_Shipping"
TR-13537,CUST-14324,"H.No._056
Garde_Street
Chandigarh_396637",Chandigarh,Chandigarh_(Union_Territory),396637.0,"Billing,_Shipping"
MP-13538,CUST-18081,"H.No._229,_Sarkar_Circle,_Agra-098448",Agra,Uttar_Pradesh,98448.0,Billing
BR-13539,CUST-18176,"88/41,_Hayer_Circle
Munger-136189",Munger,Bihar,136189.0,"Billing,_Shipping"
OR-13540,CUST-17476,"64/186,_Thaman_Circle,_Bharatpur-939091",Bharatpur,Rajasthan,939091.0,Shipping
TS-13541,CUST-17655,"48,_Chander_Path,_Srinagar_848892",Srinagar,Jammu_and_Kashmir,848892.0,Billing
TS-13542,CUST-09588,"H.No._706,_Lalla_Ganj,_Srinagar-397780",Srinagar,Jammu_and_Kashmir,397780.0,Shipping
GJ-13543,CUST-09225,"92
Thakur
Hajipur-526198",Hajipur,Bihar,526198.0,Billing
WB-13544,CUST-09067,"H.No._668,_Raj_Marg,_Madhyamgram-661018",Madhyamgram,West_Bengal,661018.0,Billing
TN-13545,CUST-10622,"60
Subramaniam_Circle
Pali-179850",Pali,Rajasthan,179850.0,Billing
UK-13546,CUST-07020,"H.No._14,_Chander_Ganj
Jalna_220295",Jalna,Maharashtra,220295.0,Billing
OR-13547,CUST-03929,"32/76,_Varma_Marg
Anantapur_287039",Anantapur,Andhra_Pradesh,287039.0,Billing
MH-13548,CUST-11856,"11/470,_Kadakia_Nagar
Bhiwandi-534788",Bhiwandi,Maharashtra,534788.0,"Billing,_Shipping"
RJ-13549,CUST-11211,"89/765,_Thakur_Zila,_Fatehpur_888012",Fatehpur,Uttar_Pradesh,888012.0,Shipping
WB-13550,CUST-12524,"460
Bora_Road
Panihati_190127",Panihati,West_Bengal,190127.0,Billing
UP-13551,CUST-12924,"68/363,_Tank_Street,_Gurgaon_788082",Gurgaon,Haryana,788082.0,"Billing,_Shipping"
MH-13552,CUST-19585,"H.No._14
Sane_Road
Satara_312922",Satara,Maharashtra,312922.0,Billing
GJ-13553,CUST-08786,"70/45,_Dora_Circle
Jabalpur-316866",Jabalpur,Madhya_Pradesh,316866.0,Billing
MH-13554,CUST-18156,"08/237,_Ray_Zila,_Guntur_380844",Guntur,Andhra_Pradesh,380844.0,Shipping
MP-13555,CUST-18459,"80/13,_Sagar_Chowk,_Indore_778900",Indore,Madhya_Pradesh,778900.0,Shipping
CG-13556,CUST-19137,"H.No._773,_Saha,_Sagar-868745",Sagar,Madhya_Pradesh,868745.0,"Billing,_Shipping"
WB-13557,CUST-18664,"05/025,_Chauhan_Road,_Arrah-645345",Arrah,Bihar,645345.0,Billing
TN-13558,CUST-05787,"81
Deol_Ganj
Salem_670270",Salem,Tamil_Nadu,670270.0,Shipping
MH-13559,CUST-11743,"63/315
Sastry_Zila
Malegaon-075150",Malegaon,Maharashtra,75150.0,Shipping
BR-13560,CUST-01304,"H.No._056,_Jayaraman_Circle
Buxar_688559",Buxar,Bihar,688559.0,Billing
MP-13561,CUST-10751,"H.No._00,_Bhardwaj_Circle
Gopalpur-448726",Gopalpur,Odisha,448726.0,Billing
KA-13562,CUST-02176,"91/046,_Vyas_Street,_Tumkur_193267",Tumkur,Karnataka,193267.0,Billing
OR-13563,CUST-16334,"21/035,_Shankar_Ganj
Chandrapur-598594",Chandrapur,Maharashtra,598594.0,"Billing,_Shipping"
BR-13564,CUST-12907,"H.No._383
Kara_Road
Buxar-143503",Buxar,Bihar,143503.0,Shipping
TS-13565,CUST-07541,"776,_Kari_Nagar,_Ramagundam-339693",Ramagundam,Telangana,339693.0,Shipping
UK-13566,CUST-19115,"01,_Gade_Ganj
Shivpuri-732058",Shivpuri,Madhya_Pradesh,732058.0,Billing
WB-13567,CUST-05461,"589,_Ramaswamy_Path
Bhatpara-375796",Bhatpara,West_Bengal,375796.0,Shipping
TN-13568,CUST-11606,"45/32
Comar_Street
Vellore-477003",Vellore,Tamil_Nadu,477003.0,Shipping
AP-13569,CUST-08163,"98/819,_Bawa
Anantapuram_221690",Anantapuram,Andhra_Pradesh,221690.0,Shipping
UP-13570,CUST-15302,"927,_Sahni_Road,_Ahmedabad-610120",Ahmedabad,Gujarat,610120.0,Shipping
TN-13571,CUST-02601,"138,_Ahuja_Path,_Tiruppur-947669",Tiruppur,Tamil_Nadu,947669.0,Shipping
UK-13572,CUST-00923,"H.No._405,_Sarkar_Circle
Haridwar_331619",Haridwar,Uttarakhand,331619.0,"Billing,_Shipping"
MH-13573,CUST-18416,"71/573,_Reddy_Chowk
Rampur_900766",Rampur,Uttar_Pradesh,900766.0,"Billing,_Shipping"
BR-13574,CUST-02637,"232
Agrawal_Nagar
Purnia-347558",Purnia,Bihar,347558.0,"Billing,_Shipping"
MP-13575,CUST-13788,"245,_Vohra_Ganj,_Unnao-322493",Unnao,Uttar_Pradesh,322493.0,Billing
TS-13576,CUST-18978,"18
Sharaf_Path
Ambala_514883",Ambala,Haryana,514883.0,Shipping
GJ-13577,CUST-11445,"29/068,_Sen_Chowk,_Allahabad_759062",Allahabad,Uttar_Pradesh,759062.0,"Billing,_Shipping"
OR-13578,CUST-05501,"H.No._847,_Ranganathan_Nagar,_Kanpur_143053",Kanpur,Uttar_Pradesh,143053.0,Billing
AP-13579,CUST-19043,"76/18,_Garg_Nagar
Jammu_200885",Jammu,Jammu_and_Kashmir,200885.0,Billing
KA-13580,CUST-19443,"39,_Bandi_Nagar,_Tumkur-450697",Tumkur,Karnataka,450697.0,Shipping
RJ-13581,CUST-07228,"42/61,_Madan_Ganj
Akola_645598",Akola,Maharashtra,645598.0,"Billing,_Shipping"
TN-13582,CUST-01338,"59,_Chawla_Circle
Tiruvottiyur_604667",Tiruvottiyur,Tamil_Nadu,604667.0,Shipping
KA-13583,CUST-12235,"H.No._888,_Bala_Path
Hospet-308816",Hospet,Karnataka,308816.0,"Billing,_Shipping"
MP-13584,CUST-10881,"71/469
Ganesh
Gorakhpur_237930",Gorakhpur,Uttar_Pradesh,237930.0,"Billing,_Shipping"
OR-13585,CUST-01290,"669
Sheth_Road
Anantapur_231034",Anantapur,Andhra_Pradesh,231034.0,Shipping
GJ-13586,CUST-12916,"H.No._14
Uppal_Zila
Vadodara_074531",Vadodara,Gujarat,74531.0,"Billing,_Shipping"
WB-13587,CUST-10721,"H.No._563,_Madan_Nagar,_Kamarhati-700229",Kamarhati,West_Bengal,700229.0,Billing
AP-13588,CUST-01989,"H.No._617,_Bali,_Dharmavaram_301068",Dharmavaram,Andhra_Pradesh,301068.0,Billing
AP-13589,CUST-07251,"05/99
Bassi_Nagar
Srikakulam_319700",Srikakulam,Andhra_Pradesh,319700.0,"Billing,_Shipping"
WB-13590,CUST-09068,"H.No._738,_Dass,_Kulti-146131",Kulti,West_Bengal,146131.0,Shipping
MH-13591,CUST-17007,"124
Maharaj_Zila
Rampur_016841",Rampur,Uttar_Pradesh,16841.0,"Billing,_Shipping"
WB-13592,CUST-12531,"25/37,_Bir_Street
Bidhannagar-390316",Bidhannagar,West_Bengal,390316.0,Billing
HP-13593,CUST-11497,"H.No._86
Chowdhury_Zila
Udaipur_027416",Udaipur,Rajasthan,27416.0,Shipping
MH-13594,CUST-04389,"91/761,_Madan_Circle
Yamunanagar_229489",Yamunanagar,Haryana,229489.0,Shipping
TN-13595,CUST-17123,"H.No._999
Devi_Path
Chittoor_619450",Chittoor,Andhra_Pradesh,619450.0,Shipping
MP-13596,CUST-09488,"825,_Krish_Zila,_Khandwa-813909",Khandwa,Madhya_Pradesh,813909.0,"Billing,_Shipping"
MP-13597,CUST-18524,"142,_Apte,_Kota_128918",Kota,Rajasthan,128918.0,"Billing,_Shipping"
MH-13598,CUST-18689,"40,_Srinivasan_Path,_Bhiwandi_034280",Bhiwandi,Maharashtra,34280.0,Shipping
MP-13599,CUST-16724,"47/69,_Kannan_Zila,_Agra_106723",Agra,Uttar_Pradesh,106723.0,Billing
CG-13600,CUST-19434,"48,_Krish_Street,_Nagpur_978144",Nagpur,Maharashtra,978144.0,Billing
KA-13601,CUST-13794,"75/915,_Bhasin_Marg,_Mangalore-388388",Mangalore,Karnataka,388388.0,Shipping
UP-13602,CUST-12741,"84/178,_Bal_Street
Chapra_867733",Chapra,Bihar,867733.0,Billing
UP-13603,CUST-10365,"68/987,_Mangat_Ganj,_Firozabad-647201",Firozabad,Uttar_Pradesh,647201.0,Billing
OR-13604,CUST-13838,"166,_Gade_Road,_Bijapur-944732",Bijapur,Karnataka,944732.0,Shipping
KA-13605,CUST-09751,"89/504,_Kamdar_Nagar,_Tumkur_185596",Tumkur,Karnataka,185596.0,Billing
UP-13606,CUST-15968,"45/63,_Cheema_Path
Raipur_645812",Raipur,Chhattisgarh,645812.0,Billing
MP-13607,CUST-18565,"203,_Sood
Gorakhpur_342769",Gorakhpur,Uttar_Pradesh,342769.0,Shipping
TN-13608,CUST-10091,"H.No._384,_Butala_Zila,_Pali-119244",Pali,Rajasthan,119244.0,Shipping
GJ-13609,CUST-12556,"81,_Dani_Zila,_Ajmer_430283",Ajmer,Rajasthan,430283.0,Shipping
UP-13610,CUST-13220,"H.No._985,_Gera_Ganj
Raiganj-172139",Raiganj,West_Bengal,172139.0,"Billing,_Shipping"
AS-13611,CUST-11043,"H.No._291,_Solanki_Road,_Nagaon_553630",Nagaon,Assam,553630.0,Billing
WB-13612,CUST-18409,"360,_Gupta_Circle
Aligarh_678012",Aligarh,Uttar_Pradesh,678012.0,"Billing,_Shipping"
WB-13613,CUST-07972,"99,_Kothari,_Madhyamgram_922207",Madhyamgram,West_Bengal,922207.0,"Billing,_Shipping"
WB-13614,CUST-09494,"14/43,_Deshpande_Chowk,_Naihati-078818",Naihati,West_Bengal,78818.0,Shipping
GJ-13615,CUST-15870,"873,_Srinivas_Zila,_Jabalpur-759717",Jabalpur,Madhya_Pradesh,759717.0,Shipping
WB-13616,CUST-11776,"H.No._37,_Jani_Circle,_Kulti-713220",Kulti,West_Bengal,713220.0,Billing
MP-13617,CUST-11423,"14/77,_Srinivasan_Nagar
Jalandhar-979328",Jalandhar,Punjab,979328.0,Shipping
TS-13618,CUST-19740,"H.No._84,_Walia_Street
Dindigul_504596",Dindigul,Tamil_Nadu,504596.0,Billing
MH-13619,CUST-14243,"H.No._25
Rama_Ganj
Yamunanagar-757302",Yamunanagar,Haryana,757302.0,"Billing,_Shipping"
MP-13620,CUST-10725,"H.No._15,_Chhabra_Zila
Mau-988016",Mau,Uttar_Pradesh,988016.0,Billing
AS-13621,CUST-19619,"09/687,_Edwin_Nagar,_Nagaon_741802",Nagaon,Assam,741802.0,"Billing,_Shipping"
UP-13622,CUST-16348,"H.No._90
Ben_Marg
Jamalpur-894578",Jamalpur,Bihar,894578.0,"Billing,_Shipping"
MP-13623,CUST-12842,"60/35,_Chahal_Road
Unnao_223528",Unnao,Uttar_Pradesh,223528.0,Billing
GJ-13624,CUST-00826,"H.No._150
Din_Chowk
Ajmer-091032",Ajmer,Rajasthan,91032.0,Shipping
MP-13625,CUST-01653,"51/80,_Swamy_Path,_Kota-528368",Kota,Rajasthan,528368.0,"Billing,_Shipping"
TN-13626,CUST-03402,"37,_Doshi_Circle,_Chittoor_065235",Chittoor,Andhra_Pradesh,65235.0,Billing
HR-13627,CUST-17323,"H.No._75,_Kalla_Path,_Aurangabad_329293",Aurangabad,Maharashtra,329293.0,Shipping
TS-13628,CUST-13920,"71/247,_Manda_Zila,_Nizamabad_414809",Nizamabad,Telangana,414809.0,"Billing,_Shipping"
KA-13629,CUST-10849,"87/574
Choudhary_Ganj
Tumkur-569961",Tumkur,Karnataka,569961.0,Shipping
BR-13630,CUST-06282,"85
Balay_Zila
Munger_637168",Munger,Bihar,637168.0,Billing
CG-13631,CUST-06444,"H.No._551,_Setty_Zila
Sagar-979280",Sagar,Madhya_Pradesh,979280.0,"Billing,_Shipping"
HR-13632,CUST-10352,"H.No._55
Kala_Ganj
Siwan_527280",Siwan,Bihar,527280.0,"Billing,_Shipping"
MH-13633,CUST-08665,"66/661,_Balakrishnan_Zila,_Jalgaon-426150",Jalgaon,Maharashtra,426150.0,"Billing,_Shipping"
WB-13634,CUST-01575,"H.No._035
Chanda
Aligarh-573747",Aligarh,Uttar_Pradesh,573747.0,"Billing,_Shipping"
MP-13635,CUST-16835,"38/474
Gokhale_Street
Dehri_724563",Dehri,Bihar,724563.0,"Billing,_Shipping"
KA-13636,CUST-14969,"73/07,_Batta_Marg
Mangalore-249674",Mangalore,Karnataka,249674.0,"Billing,_Shipping"
UP-13637,CUST-02885,"35/170,_Bawa_Ganj
Chapra_174218",Chapra,Bihar,174218.0,Billing
MH-13638,CUST-09411,"43/32,_Desai_Circle,_Rampur_385682",Rampur,Uttar_Pradesh,385682.0,Shipping
OR-13639,CUST-00799,"H.No._61,_Soni_Path
Patna_215486",Patna,Bihar,215486.0,Billing
GJ-13640,CUST-14924,"94/971,_Chandra_Zila
Ajmer-808194",Ajmer,Rajasthan,808194.0,"Billing,_Shipping"
DL-13641,CUST-11022,"H.No._69,_Soman_Road,_Delhi_627723",Delhi,Delhi_(Union_Territory),627723.0,Shipping
TS-13642,CUST-18029,"280,_Subramaniam_Ganj,_Ramagundam-786913",Ramagundam,Telangana,786913.0,"Billing,_Shipping"
MH-13643,CUST-13106,"86/440,_Kashyap
Yamunanagar-060942",Yamunanagar,Haryana,60942.0,Billing
MP-13644,CUST-11708,"82,_Kakar_Street,_Mau-567014",Mau,Uttar_Pradesh,567014.0,Shipping
TS-13645,CUST-18629,"624,_Sabharwal_Chowk,_Ramagundam_144274",Ramagundam,Telangana,144274.0,Shipping
WB-13646,CUST-11410,"H.No._62
Varty_Street
Arrah_373551",Arrah,Bihar,373551.0,Shipping
BR-13647,CUST-16601,"16/902,_Bandi_Ganj,_Jaipur-103107",Jaipur,Rajasthan,103107.0,Shipping
GJ-13648,CUST-11931,"17/058,_Reddy_Path,_Hajipur_629221",Hajipur,Bihar,629221.0,Billing
TR-13649,CUST-15675,"44/55
Soman_Nagar
Chandigarh-457364",Chandigarh,Chandigarh_(Union_Territory),457364.0,"Billing,_Shipping"
GJ-13650,CUST-03446,"83
Chawla_Marg
Vadodara_172508",Vadodara,Gujarat,172508.0,Billing
TN-13651,CUST-15673,"597,_Dugar
Gandhinagar_321198",Gandhinagar,Gujarat,321198.0,Billing
TN-13652,CUST-13755,"95
Chad_Chowk
Vellore_235846",Vellore,Tamil_Nadu,235846.0,"Billing,_Shipping"
GJ-13653,CUST-16483,"00/62
Manne_Street
Jabalpur-044577",Jabalpur,Madhya_Pradesh,44577.0,Shipping
TS-13654,CUST-10456,"07/22,_Bhargava
Srinagar-989860",Srinagar,Jammu_and_Kashmir,989860.0,"Billing,_Shipping"
CG-13655,CUST-09125,"361,_Gera_Nagar
Malda-733828",Malda,West_Bengal,733828.0,"Billing,_Shipping"
WB-13656,CUST-03662,"88/242
Chhabra_Path
Kamarhati-864011",Kamarhati,West_Bengal,864011.0,"Billing,_Shipping"
CG-13657,CUST-12743,"277,_Kale_Nagar
Malda_972918",Malda,West_Bengal,972918.0,Shipping
KA-13658,CUST-05052,"H.No._574,_Balakrishnan_Road
Solapur_253294",Solapur,Maharashtra,253294.0,Shipping
UP-13659,CUST-16337,"60/59,_Dugar_Chowk,_Karimnagar_152059",Karimnagar,Telangana,152059.0,Billing
AP-13660,CUST-16934,"51/281
Bhalla_Nagar
Bhimavaram_848210",Bhimavaram,Andhra_Pradesh,848210.0,Billing
MP-13661,CUST-11657,"386
Kumer_Road
Unnao_713724",Unnao,Uttar_Pradesh,713724.0,Billing
UP-13662,CUST-05070,"H.No._154,_Deol,_Jamalpur_593796",Jamalpur,Bihar,593796.0,Shipping
UP-13663,CUST-12977,"88
Rattan_Road
Chapra-956811",Chapra,Bihar,956811.0,Billing
TN-13664,CUST-16465,"763,_Hans_Nagar,_Tiruppur_254759",Tiruppur,Tamil_Nadu,254759.0,Billing
JH-13665,CUST-18837,"707,_Mann_Road,_Phusro_314280",Phusro,Jharkhand,314280.0,"Billing,_Shipping"
OR-13666,CUST-04031,"H.No._15,_Saraf_Marg,_Anantapur-983221",Anantapur,Andhra_Pradesh,983221.0,"Billing,_Shipping"
BR-13667,CUST-14806,"431
Ranganathan_Ganj
Munger-669787",Munger,Bihar,669787.0,Shipping
TS-13668,CUST-10702,"31,_Sekhon_Nagar,_Hindupur_803823",Hindupur,Andhra_Pradesh,803823.0,"Billing,_Shipping"
TN-13669,CUST-00054,"287,_Subramaniam,_Vellore-671381",Vellore,Tamil_Nadu,671381.0,"Billing,_Shipping"
AP-13670,CUST-15687,"H.No._91,_Dey_Zila
Jammu-111194",Jammu,Jammu_and_Kashmir,111194.0,Billing
BR-13671,CUST-18350,"09/54
Comar_Street
Jaipur_108730",Jaipur,Rajasthan,108730.0,Shipping
WB-13672,CUST-14662,"H.No._63
Savant_Zila
Bally_352012",Bally,West_Bengal,352012.0,"Billing,_Shipping"
BR-13673,CUST-16441,"78/026,_Savant_Marg
Satna-450026",Satna,Madhya_Pradesh,450026.0,"Billing,_Shipping"
WB-13674,CUST-10647,"H.No._87,_Kannan_Road
Bhatpara_364204",Bhatpara,West_Bengal,364204.0,"Billing,_Shipping"
AP-13675,CUST-15564,"75/02,_Barad_Road,_Gudivada_994584",Gudivada,Andhra_Pradesh,994584.0,"Billing,_Shipping"
UP-13676,CUST-19537,"H.No._398
Dey_Chowk
Farrukhabad_313997",Farrukhabad,Uttar_Pradesh,313997.0,"Billing,_Shipping"
OR-13677,CUST-02989,"861,_Reddy_Nagar,_Bilaspur-817132",Bilaspur,Chhattisgarh,817132.0,Shipping
TN-13678,CUST-08791,"95/20,_Warrior_Nagar,_Gandhinagar_090811",Gandhinagar,Gujarat,90811.0,"Billing,_Shipping"
WB-13679,CUST-11049,"834,_Swamy_Circle
Baranagar-832383",Baranagar,West_Bengal,832383.0,Shipping
MP-13680,CUST-00732,"23/03,_Lal
Kota-743935",Kota,Rajasthan,743935.0,"Billing,_Shipping"
MH-13681,CUST-13483,"53/934
Dugar_Road
Rampur_143185",Rampur,Uttar_Pradesh,143185.0,Shipping
BR-13682,CUST-08945,"17,_Mammen_Chowk,_Purnia-305205",Purnia,Bihar,305205.0,Billing
MH-13683,CUST-14828,"35/29,_Kamdar_Road
Rampur-184911",Rampur,Uttar_Pradesh,184911.0,Billing
MP-13684,CUST-09980,"22/582,_Bhattacharyya_Zila,_Jodhpur_980824",Jodhpur,Rajasthan,980824.0,"Billing,_Shipping"
KA-13685,CUST-00376,"15/010
Wali_Nagar
Mangalore-090646",Mangalore,Karnataka,90646.0,Shipping
BR-13686,CUST-16552,"63/88
Deol_Circle
Jaipur-548585",Jaipur,Rajasthan,548585.0,Billing
MP-13687,CUST-15524,"53/056,_Goswami_Marg
Khandwa-944832",Khandwa,Madhya_Pradesh,944832.0,Billing
GJ-13688,CUST-00060,"92,_Maharaj_Chowk,_Vadodara_462494",Vadodara,Gujarat,462494.0,Billing
CG-13689,CUST-06492,"H.No._97,_Lall_Marg
Malda-011445",Malda,West_Bengal,11445.0,"Billing,_Shipping"
WB-13690,CUST-01195,"H.No._33,_Krish_Chowk,_Kamarhati_673391",Kamarhati,West_Bengal,673391.0,"Billing,_Shipping"
AS-13691,CUST-14942,"49/59,_Virk_Street,_Bongaigaon-285172",Bongaigaon,Assam,285172.0,Shipping
BR-13692,CUST-15904,"805,_Dasgupta_Marg
Jaipur-283820",Jaipur,Rajasthan,283820.0,Billing
JH-13693,CUST-18925,"H.No._278,_Tank_Ganj,_Mango_609544",Mango,Jharkhand,609544.0,Billing
TS-13694,CUST-14628,"856,_Dada_Ganj,_Ramagundam-373556",Ramagundam,Telangana,373556.0,Shipping
KA-13695,CUST-16907,"23/70,_Yadav
Solapur-910780",Solapur,Maharashtra,910780.0,Billing
HR-13696,CUST-10745,"84,_Dayal_Nagar,_Bikaner-737759",Bikaner,Rajasthan,737759.0,Billing
AP-13697,CUST-11266,"H.No._16,_D’Alia_Road,_Anantapuram_285829",Anantapuram,Andhra_Pradesh,285829.0,Shipping
UP-13698,CUST-05641,"71/493,_Iyer_Nagar
Shahjahanpur_143127",Shahjahanpur,Uttar_Pradesh,143127.0,Billing
KA-13699,CUST-17089,"94
Cherian_Circle
Mangalore_226725",Mangalore,Karnataka,226725.0,Billing
JH-13700,CUST-11912,"91/47
Chander_Ganj
Mango-906445",Mango,Jharkhand,906445.0,"Billing,_Shipping"
MH-13701,CUST-14757,"H.No._33
Kurian_Zila
Satara-908274",Satara,Maharashtra,908274.0,Billing
OR-13702,CUST-04769,"31,_Borah_Circle,_Bilaspur_434240",Bilaspur,Chhattisgarh,434240.0,"Billing,_Shipping"
MH-13703,CUST-11827,"H.No._435,_Kar_Circle,_Bhiwandi_161447",Bhiwandi,Maharashtra,161447.0,Shipping
TN-13704,CUST-13389,"H.No._77,_Kibe_Path
Tiruvottiyur-337211",Tiruvottiyur,Tamil_Nadu,337211.0,Shipping
AP-13705,CUST-05062,"H.No._164,_Kala_Circle,_Gudivada_530581",Gudivada,Andhra_Pradesh,530581.0,Billing
RJ-13706,CUST-13603,"780,_Johal_Chowk,_Rajkot_210561",Rajkot,Gujarat,210561.0,Shipping
WB-13707,CUST-16943,"54/014,_Kalla,_Aligarh_186415",Aligarh,Uttar_Pradesh,186415.0,Billing
OR-13708,CUST-12458,"H.No._748
Arora_Zila
Anantapur-621165",Anantapur,Andhra_Pradesh,621165.0,Billing
WB-13709,CUST-13015,"07/13
Dass_Nagar
Naihati_631548",Naihati,West_Bengal,631548.0,Shipping
UP-13710,CUST-18368,"53/705,_Sen_Road
Chapra-904013",Chapra,Bihar,904013.0,"Billing,_Shipping"
TR-13711,CUST-04485,"H.No._92,_Zachariah_Chowk
Chandigarh-338126",Chandigarh,Chandigarh_(Union_Territory),338126.0,Shipping
UK-13712,CUST-11756,"278
Majumdar_Chowk
Jalna_832713",Jalna,Maharashtra,832713.0,Billing
JH-13713,CUST-15728,"503,_Gokhale_Circle,_Phusro_965270",Phusro,Jharkhand,965270.0,"Billing,_Shipping"
WB-13714,CUST-00352,"H.No._517,_Bajwa_Ganj,_Bhatpara-154241",Bhatpara,West_Bengal,154241.0,Billing
WB-13715,CUST-16529,"70,_Balan_Road,_Arrah-933241",Arrah,Bihar,933241.0,Shipping
JH-13716,CUST-02199,"298,_Chada_Street,_Phusro_497593",Phusro,Jharkhand,497593.0,Billing
TS-13717,CUST-13520,"H.No._30,_Chauhan_Circle,_Proddatur-540415",Proddatur,Andhra_Pradesh,540415.0,Shipping
TS-13718,CUST-17138,"21,_Taneja_Circle,_Sirsa_472880",Sirsa,Haryana,472880.0,Shipping
HR-13719,CUST-12593,"43/99,_Ravel_Marg
Aurangabad_258222",Aurangabad,Maharashtra,258222.0,Shipping
OR-13720,CUST-18461,"H.No._84
Sarma_Ganj
Danapur_823293",Danapur,Bihar,823293.0,Shipping
HR-13721,CUST-10075,"38,_Loyal_Street,_Aurangabad_952430",Aurangabad,Maharashtra,952430.0,Billing
CG-13722,CUST-19677,"34/74
Shere_Road
Sambalpur_198733",Sambalpur,Odisha,198733.0,Shipping
WB-13723,CUST-18341,"H.No._89,_Chahal
Aligarh_831876",Aligarh,Uttar_Pradesh,831876.0,Shipping
MH-13724,CUST-16554,"95/34,_Bali_Road,_Malegaon_944614",Malegaon,Maharashtra,944614.0,Billing
AP-13725,CUST-12483,"64/55,_Gulati_Circle
Dharmavaram-073774",Dharmavaram,Andhra_Pradesh,73774.0,Shipping
UP-13726,CUST-18928,"76
Sahota_Chowk
Raipur-029974",Raipur,Chhattisgarh,29974.0,"Billing,_Shipping"
UP-13727,CUST-15454,"035
Saxena_Path
Raipur_787894",Raipur,Chhattisgarh,787894.0,Shipping
RJ-13728,CUST-00765,"87/47,_Bhasin_Circle
Akola-058636",Akola,Maharashtra,58636.0,"Billing,_Shipping"
BR-13729,CUST-11071,"74,_Bhasin_Street,_Munger_153520",Munger,Bihar,153520.0,"Billing,_Shipping"
GJ-13730,CUST-10769,"18/282,_Magar_Ganj,_Gandhidham-957659",Gandhidham,Gujarat,957659.0,Billing
WB-13731,CUST-09579,"01/45,_Khurana_Street,_Aligarh-116109",Aligarh,Uttar_Pradesh,116109.0,Billing
JH-13732,CUST-18675,"H.No._770,_Bawa_Path
Asansol-248845",Asansol,West_Bengal,248845.0,Billing
RJ-13733,CUST-02526,"33
Kara_Road
Rajkot-978808",Rajkot,Gujarat,978808.0,Billing
HP-13734,CUST-19067,"H.No._41
Vig_Ganj
Udaipur_667695",Udaipur,Rajasthan,667695.0,"Billing,_Shipping"
TR-13735,CUST-00968,"16/040,_Ramakrishnan_Nagar
Chandigarh_866554",Chandigarh,Chandigarh_(Union_Territory),866554.0,Shipping
UP-13736,CUST-06363,"28/230,_Madan
Shahjahanpur_038556",Shahjahanpur,Uttar_Pradesh,38556.0,Billing
AS-13737,CUST-11582,"H.No._586
Iyer_Zila
Nagaon-711583",Nagaon,Assam,711583.0,"Billing,_Shipping"
KA-13738,CUST-11178,"61/36
Dey_Ganj
Solapur-185904",Solapur,Maharashtra,185904.0,Shipping
GJ-13739,CUST-01797,"H.No._32,_Reddy_Marg,_Gandhidham-101871",Gandhidham,Gujarat,101871.0,Billing
AP-13740,CUST-05694,"19/122
Sankar_Marg
Gudivada_327526",Gudivada,Andhra_Pradesh,327526.0,Shipping
WB-13741,CUST-18624,"15/89
Bhatnagar_Marg
Bhatpara-651543",Bhatpara,West_Bengal,651543.0,Billing
AP-13742,CUST-17925,"H.No._06,_Lal,_Dharmavaram_121512",Dharmavaram,Andhra_Pradesh,121512.0,Billing
BR-13743,CUST-05137,"H.No._946
Bhavsar_Circle
Jaipur-864654",Jaipur,Rajasthan,864654.0,Billing
UK-13744,CUST-14393,"H.No._69,_Korpal_Marg
Haridwar_254924",Haridwar,Uttarakhand,254924.0,Shipping
TS-13745,CUST-03625,"44
Subramanian_Path
Hindupur_127103",Hindupur,Andhra_Pradesh,127103.0,Shipping
MH-13746,CUST-13698,"93/41
Chowdhury_Nagar
Rampur_996817",Rampur,Uttar_Pradesh,996817.0,Shipping
KA-13747,CUST-15177,"H.No._650,_Mangal_Nagar
Mangalore-427192",Mangalore,Karnataka,427192.0,Shipping
MP-13748,CUST-09272,"H.No._192,_Kata_Street,_Gorakhpur_439173",Gorakhpur,Uttar_Pradesh,439173.0,"Billing,_Shipping"
OR-13749,CUST-11376,"03
Chada_Zila
Chandrapur-202778",Chandrapur,Maharashtra,202778.0,Billing
WB-13750,CUST-16292,"H.No._91
Din_Marg
Bhatpara_999795",Bhatpara,West_Bengal,999795.0,Shipping
GJ-13751,CUST-18441,"14
Sathe_Zila
Allahabad-899242",Allahabad,Uttar_Pradesh,899242.0,Billing
RJ-13752,CUST-15800,"H.No._90,_Dasgupta_Nagar,_Fatehpur_737374",Fatehpur,Uttar_Pradesh,737374.0,Billing
WB-13753,CUST-16854,"89/91,_Chopra_Marg
Uluberia-251175",Uluberia,West_Bengal,251175.0,Shipping
TS-13754,CUST-11375,"506,_Tata_Road,_Ramagundam_035002",Ramagundam,Telangana,35002.0,Shipping
TN-13755,CUST-18756,"H.No._643,_Mahajan_Path,_Vellore_884797",Vellore,Tamil_Nadu,884797.0,Shipping
TN-13756,CUST-14318,"H.No._165,_Singhal_Nagar
Pali_806495",Pali,Rajasthan,806495.0,"Billing,_Shipping"
HR-13757,CUST-13144,"38/58,_Basak_Street,_Siwan-944611",Siwan,Bihar,944611.0,Shipping
TS-13758,CUST-18376,"46/72,_Singhal_Ganj
Sirsa_316580",Sirsa,Haryana,316580.0,"Billing,_Shipping"
TN-13759,CUST-08889,"H.No._755,_Arya_Ganj,_Chittoor-442448",Chittoor,Andhra_Pradesh,442448.0,"Billing,_Shipping"
KA-13760,CUST-00144,"38/54,_Hegde_Marg,_Amaravati_878558",Amaravati,Andhra_Pradesh,878558.0,Shipping
BR-13761,CUST-11832,"H.No._509,_Savant_Street,_Buxar_256595",Buxar,Bihar,256595.0,Shipping
MH-13762,CUST-16944,"40,_Samra_Ganj,_Karnal_397820",Karnal,Haryana,397820.0,Billing
UP-13763,CUST-17776,"87,_Joshi_Road
Raipur_031687",Raipur,Chhattisgarh,31687.0,Billing
MH-13764,CUST-06165,"81/28,_Biswas_Circle
Jalgaon-032551",Jalgaon,Maharashtra,32551.0,Shipping
MP-13765,CUST-10728,"85/35
Madan_Path
Indore-045688",Indore,Madhya_Pradesh,45688.0,"Billing,_Shipping"
TN-13766,CUST-19272,"300,_Lanka_Street,_Vellore_810213",Vellore,Tamil_Nadu,810213.0,Billing
TR-13767,CUST-14248,"29/680,_Samra
Durgapur-594191",Durgapur,West_Bengal,594191.0,Billing
MP-13768,CUST-11459,"70/812,_Vyas_Road
Jhansi_531512",Jhansi,Uttar_Pradesh,531512.0,Shipping
KA-13769,CUST-00847,"54/028,_Bhargava_Chowk
Mangalore_531866",Mangalore,Karnataka,531866.0,Shipping
TN-13770,CUST-14896,"90/044
Ravi_Marg
Pali-455598",Pali,Rajasthan,455598.0,"Billing,_Shipping"
TN-13771,CUST-14918,"10/442,_Subramaniam_Ganj,_Pali_047990",Pali,Rajasthan,47990.0,Shipping
HR-13772,CUST-10110,"H.No._73
Yogi_Circle
Bikaner-924054",Bikaner,Rajasthan,924054.0,"Billing,_Shipping"
TS-13773,CUST-02768,"56/96,_Som_Path
Proddatur-532787",Proddatur,Andhra_Pradesh,532787.0,Shipping
DL-13774,CUST-13080,"26
Basu_Zila
Delhi_127671",Delhi,Delhi_(Union_Territory),127671.0,Shipping
JH-13775,CUST-06057,"H.No._53,_Cheema,_Kharagpur_171983",Kharagpur,West_Bengal,171983.0,Billing
MP-13776,CUST-02691,"H.No._766
Thakkar_Ganj
Jodhpur-482974",Jodhpur,Rajasthan,482974.0,"Billing,_Shipping"
MP-13777,CUST-15414,"H.No._280,_Loke_Street
Agra-371786",Agra,Uttar_Pradesh,371786.0,Billing
BR-13778,CUST-05506,"10/724
Bir_Circle
Jaipur_417072",Jaipur,Rajasthan,417072.0,Billing
HR-13779,CUST-13743,"501,_Bora_Marg,_Bikaner-004926",Bikaner,Rajasthan,4926.0,Shipping
UP-13780,CUST-08053,"345,_Sankaran_Marg,_Mirzapur_207152",Mirzapur,Uttar_Pradesh,207152.0,Billing
GJ-13781,CUST-08591,"12/64
Savant_Circle
Vadodara_150418",Vadodara,Gujarat,150418.0,Billing
UP-13782,CUST-07304,"H.No._30
Ratta_Path
Sambhal_346013",Sambhal,Uttar_Pradesh,346013.0,"Billing,_Shipping"
MH-13783,CUST-11765,"553,_Konda_Ganj
Bhiwandi-186694",Bhiwandi,Maharashtra,186694.0,"Billing,_Shipping"
AS-13784,CUST-18945,"27/45,_Kata_Path
Nagaon_595223",Nagaon,Assam,595223.0,"Billing,_Shipping"
AP-13785,CUST-06808,"H.No._03
De
Gudivada-651685",Gudivada,Andhra_Pradesh,651685.0,"Billing,_Shipping"
MP-13786,CUST-19427,"H.No._03,_Bansal_Ganj,_Khandwa_621290",Khandwa,Madhya_Pradesh,621290.0,"Billing,_Shipping"
WB-13787,CUST-16064,"H.No._79,_Randhawa_Nagar
Panihati_259701",Panihati,West_Bengal,259701.0,Billing
AS-13788,CUST-09839,"04/60,_Dhillon_Circle,_Bongaigaon_146796",Bongaigaon,Assam,146796.0,"Billing,_Shipping"
OR-13789,CUST-11074,"97/43,_Chaudhary_Chowk,_Mathura_245581",Mathura,Uttar_Pradesh,245581.0,Shipping
TS-13790,CUST-07583,"H.No._083
Halder_Chowk
Nizamabad_122504",Nizamabad,Telangana,122504.0,Billing
HP-13791,CUST-12690,"H.No._33,_Rastogi_Path
Udaipur-338032",Udaipur,Rajasthan,338032.0,Shipping
DL-13792,CUST-15987,"H.No._674,_Aurora_Nagar
Delhi-530352",Delhi,Delhi_(Union_Territory),530352.0,Billing
HP-13793,CUST-12185,"H.No._70,_Kaul
Udaipur-534399",Udaipur,Rajasthan,534399.0,Billing
TS-13794,CUST-10034,"H.No._160,_Master_Street
Srinagar-717847",Srinagar,Jammu_and_Kashmir,717847.0,"Billing,_Shipping"
UK-13795,CUST-05019,"03
Sodhi_Road
Shivpuri-520822",Shivpuri,Madhya_Pradesh,520822.0,Billing
AP-13796,CUST-12365,"96/42
Sachdeva_Nagar
Dharmavaram_315558",Dharmavaram,Andhra_Pradesh,315558.0,Billing
WB-13797,CUST-06767,"H.No._584,_Chada_Path
Bally-870536",Bally,West_Bengal,870536.0,Billing
HR-13798,CUST-15335,"H.No._172,_Ganesh_Marg,_Aurangabad_763117",Aurangabad,Maharashtra,763117.0,"Billing,_Shipping"
GJ-13799,CUST-07300,"H.No._24,_Kakar_Street
Kavali_831752",Kavali,Andhra_Pradesh,831752.0,Billing
WB-13800,CUST-05687,"965,_Khatri_Nagar,_Panihati-613949",Panihati,West_Bengal,613949.0,Billing
BR-13801,CUST-02010,"94/692,_Ray_Zila
Ballia-819697",Ballia,Uttar_Pradesh,819697.0,"Billing,_Shipping"
OR-13802,CUST-13096,"00/61
Bali_Circle
Bijapur-355573",Bijapur,Karnataka,355573.0,"Billing,_Shipping"
BR-13803,CUST-04061,"H.No._755,_Madan_Ganj
Ballia-279743",Ballia,Uttar_Pradesh,279743.0,Shipping
TN-13804,CUST-17751,"64
Bhakta_Zila
Pali_236179",Pali,Rajasthan,236179.0,"Billing,_Shipping"
KA-13805,CUST-01258,"H.No._27,_Kumer_Ganj
Tumkur-197444",Tumkur,Karnataka,197444.0,Shipping
WB-13806,CUST-12133,"55/759
Suresh_Road
Kamarhati_699874",Kamarhati,West_Bengal,699874.0,"Billing,_Shipping"
UP-13807,CUST-15660,"32,_Kar_Circle,_Mirzapur_837015",Mirzapur,Uttar_Pradesh,837015.0,Shipping
MP-13808,CUST-19242,"40
Zachariah_Road
Khandwa_489168",Khandwa,Madhya_Pradesh,489168.0,Billing
BR-13809,CUST-19565,"33/79,_Deo,_Munger-643900",Munger,Bihar,643900.0,"Billing,_Shipping"
AS-13811,CUST-14022,"15,_Bahl_Street,_Bongaigaon_276580",Bongaigaon,Assam,276580.0,Shipping
UP-13812,CUST-04448,"13/02
Mahajan_Circle
Raipur_061408",Raipur,Chhattisgarh,61408.0,Shipping
OR-13813,CUST-18896,"00,_Walia_Street
Berhampur_091339",Berhampur,Odisha,91339.0,"Billing,_Shipping"
CG-13814,CUST-08565,"H.No._21,_Agate_Road
Sagar_967517",Sagar,Madhya_Pradesh,967517.0,Shipping
OR-13815,CUST-18187,"28
Balasubramanian
Patna_394798",Patna,Bihar,394798.0,Shipping
HR-13816,CUST-06977,"57/27
Ramachandran_Street
Aurangabad-234174",Aurangabad,Maharashtra,234174.0,Shipping
GJ-13817,CUST-08858,"H.No._26,_Apte_Ganj,_Vadodara-040561",Vadodara,Gujarat,40561.0,Billing
GJ-13818,CUST-02248,"H.No._516
Dutt
Jabalpur-874186",Jabalpur,Madhya_Pradesh,874186.0,"Billing,_Shipping"
UP-13819,CUST-07453,"63/08,_Sachar,_Farrukhabad-469837",Farrukhabad,Uttar_Pradesh,469837.0,Billing
MP-13820,CUST-05462,"25/104
Tandon_Ganj
Khandwa_538449",Khandwa,Madhya_Pradesh,538449.0,Shipping
TS-13821,CUST-10655,"74/509
Manda
Hindupur_552654",Hindupur,Andhra_Pradesh,552654.0,Shipping
WB-13822,CUST-12754,"H.No._083
Warrior_Circle
Uluberia-637381",Uluberia,West_Bengal,637381.0,Shipping
UK-13823,CUST-02717,"360
Bahl_Zila
Shivpuri-838574",Shivpuri,Madhya_Pradesh,838574.0,Billing
JH-13824,CUST-12705,"99/678
Suri_Chowk
Mango-543433",Mango,Jharkhand,543433.0,"Billing,_Shipping"
TS-13825,CUST-03428,"82/412
Sarma
Hindupur_170240",Hindupur,Andhra_Pradesh,170240.0,Billing
HR-13826,CUST-08213,"74/720
Warrior_Path
Siwan-115843",Siwan,Bihar,115843.0,Shipping
OR-13827,CUST-03679,"H.No._35,_Kapoor_Zila
Bharatpur-840470",Bharatpur,Rajasthan,840470.0,Shipping
TS-13828,CUST-01576,"706
Vasa_Street
Srinagar-910408",Srinagar,Jammu_and_Kashmir,910408.0,Shipping
RJ-13829,CUST-15072,"81/04,_Shroff,_Akola_113530",Akola,Maharashtra,113530.0,"Billing,_Shipping"
UP-13830,CUST-09198,"396,_Lala
Bhagalpur_954470",Bhagalpur,Bihar,954470.0,Shipping
JH-13831,CUST-13503,"H.No._93,_Singhal_Zila,_Kharagpur-400111",Kharagpur,West_Bengal,400111.0,"Billing,_Shipping"
AP-13832,CUST-09478,"H.No._965,_Balan_Road,_Dharmavaram-176778",Dharmavaram,Andhra_Pradesh,176778.0,Shipping
JH-13833,CUST-06490,"74/55,_Srinivasan_Circle
Asansol-828354",Asansol,West_Bengal,828354.0,"Billing,_Shipping"
GJ-13834,CUST-12845,"35
Mani_Path
Ajmer_768562",Ajmer,Rajasthan,768562.0,Billing
MP-13835,CUST-12613,"H.No._03,_Ray_Zila
Indore-425683",Indore,Madhya_Pradesh,425683.0,Billing
JH-13836,CUST-15999,"20/18
Ramesh_Ganj
Mango-995428",Mango,Jharkhand,995428.0,Shipping
AP-13837,CUST-15068,"H.No._342,_Venkatesh_Path
Gudivada_607943",Gudivada,Andhra_Pradesh,607943.0,Shipping
MP-13838,CUST-15336,"H.No._15,_Sanghvi,_Indore_742529",Indore,Madhya_Pradesh,742529.0,"Billing,_Shipping"
TN-13839,CUST-00752,"H.No._51,_Raval_Road,_Tiruppur-394011",Tiruppur,Tamil_Nadu,394011.0,Billing
UK-13840,CUST-03469,"04/383
Khatri
Haridwar-207314",Haridwar,Uttarakhand,207314.0,"Billing,_Shipping"
MP-13841,CUST-14021,"80,_Kalla_Street,_Khandwa_739324",Khandwa,Madhya_Pradesh,739324.0,Billing
JH-13842,CUST-13681,"H.No._287,_Contractor_Road,_Phusro_428087",Phusro,Jharkhand,428087.0,"Billing,_Shipping"
WB-13843,CUST-17079,"54/18,_Sheth_Marg
Kulti_276189",Kulti,West_Bengal,276189.0,Billing
JH-13844,CUST-08324,"H.No._206,_Kar_Nagar,_Mango_015735",Mango,Jharkhand,15735.0,Shipping
GJ-13845,CUST-13411,"77/155
Shan_Marg
Hajipur_181058",Hajipur,Bihar,181058.0,"Billing,_Shipping"
OR-13846,CUST-13098,"43/24,_Sha,_Mathura_169488",Mathura,Uttar_Pradesh,169488.0,Shipping
TS-13847,CUST-19711,"75,_Rajagopal_Circle,_Hindupur_092179",Hindupur,Andhra_Pradesh,92179.0,Billing
BR-13848,CUST-00520,"H.No._358,_Aggarwal_Circle
Satna_928021",Satna,Madhya_Pradesh,928021.0,"Billing,_Shipping"
MH-13849,CUST-04407,"H.No._156,_Barman_Circle,_Yamunanagar_061586",Yamunanagar,Haryana,61586.0,"Billing,_Shipping"
JH-13850,CUST-07413,"68
Krishna_Nagar
Mango_671163",Mango,Jharkhand,671163.0,Billing
MH-13851,CUST-13600,"79,_Jani_Circle,_Nanded_896982",Nanded,Maharashtra,896982.0,Billing
OR-13852,CUST-15538,"H.No._662,_Brahmbhatt_Circle,_Bijapur_609650",Bijapur,Karnataka,609650.0,"Billing,_Shipping"
AP-13853,CUST-16819,"20/790,_Borra_Zila,_Gudivada-463940",Gudivada,Andhra_Pradesh,463940.0,Shipping
OR-13854,CUST-17855,"766,_Viswanathan_Ganj
Berhampur_446509",Berhampur,Odisha,446509.0,"Billing,_Shipping"
AS-13855,CUST-19595,"69/18
Kala_Zila
Nagaon-620904",Nagaon,Assam,620904.0,Shipping
KA-13856,CUST-13617,"22,_Lad_Zila,_Hosur_546389",Hosur,Tamil_Nadu,546389.0,"Billing,_Shipping"
TN-13857,CUST-19675,"54
Dhar_Road
Chittoor_071882",Chittoor,Andhra_Pradesh,71882.0,Billing
RJ-13858,CUST-16864,"H.No._946
Ray_Road
Akola-084129",Akola,Maharashtra,84129.0,"Billing,_Shipping"
TS-13859,CUST-15839,"88,_Baria_Circle
Nizamabad-826799",Nizamabad,Telangana,826799.0,"Billing,_Shipping"
MP-13860,CUST-07526,"50
Dube_Street
Gopalpur_290321",Gopalpur,Odisha,290321.0,Shipping
OR-13861,CUST-00331,"H.No._655
Bhakta_Circle
Patna-347873",Patna,Bihar,347873.0,Billing
GJ-13862,CUST-19414,"61/769,_Sood_Circle,_Hajipur-378587",Hajipur,Bihar,378587.0,"Billing,_Shipping"
MP-13863,CUST-01411,"32/61,_Raman_Ganj
Agra-522000",Agra,Uttar_Pradesh,522000.0,Shipping
CG-13864,CUST-17174,"93
Shenoy_Ganj
Sagar-177335",Sagar,Madhya_Pradesh,177335.0,"Billing,_Shipping"
TS-13865,CUST-12631,"H.No._61,_Jha
Proddatur-864140",Proddatur,Andhra_Pradesh,864140.0,Shipping
OR-13866,CUST-08484,"704,_Kade_Circle,_Berhampur-139689",Berhampur,Odisha,139689.0,Billing
WB-13867,CUST-05100,"89
Tella_Ganj
Bhatpara_942975",Bhatpara,West_Bengal,942975.0,"Billing,_Shipping"
MP-13868,CUST-11328,"46/271
Kalita_Path
Khandwa_814947",Khandwa,Madhya_Pradesh,814947.0,Shipping
WB-13869,CUST-13800,"776,_Yadav
Bally-931029",Bally,West_Bengal,931029.0,"Billing,_Shipping"
AP-13870,CUST-05932,"034,_Sengupta_Street
Bhimavaram-394040",Bhimavaram,Andhra_Pradesh,394040.0,"Billing,_Shipping"
UP-13871,CUST-16638,"32/18
Dhaliwal_Marg
Jamalpur-794372",Jamalpur,Bihar,794372.0,Shipping
WB-13872,CUST-14816,"67/228,_Sachar_Road,_Baranagar_494150",Baranagar,West_Bengal,494150.0,"Billing,_Shipping"
WB-13873,CUST-03990,"56
Raval_Path
Kulti-603473",Kulti,West_Bengal,603473.0,Shipping
TN-13874,CUST-18646,"H.No._675,_Ganguly_Marg
Avadi_510756",Avadi,Tamil_Nadu,510756.0,Shipping
MH-13875,CUST-17678,"H.No._225
Sabharwal
Guntur_345503",Guntur,Andhra_Pradesh,345503.0,"Billing,_Shipping"
OR-13876,CUST-18248,"H.No._751,_Srinivas_Nagar,_Patna_135317",Patna,Bihar,135317.0,Billing
WB-13877,CUST-09803,"51/54,_Dass_Street,_Madhyamgram-585187",Madhyamgram,West_Bengal,585187.0,Shipping
MP-13878,CUST-12963,"76,_Sodhi_Marg,_Ramgarh-797488",Ramgarh,Jharkhand,797488.0,Shipping
HR-13879,CUST-18601,"22/077,_Soman_Nagar
Aurangabad_672133",Aurangabad,Maharashtra,672133.0,Billing
UP-13880,CUST-19172,"42
Kothari_Street
Firozabad_884614",Firozabad,Uttar_Pradesh,884614.0,Billing
AP-13881,CUST-19645,"840,_Doshi_Zila,_Gudivada-799828",Gudivada,Andhra_Pradesh,799828.0,Billing
MP-13882,CUST-07208,"H.No._57
Dave_Path
Dehri-181338",Dehri,Bihar,181338.0,"Billing,_Shipping"
MH-13883,CUST-15793,"73/33
Chawla_Zila
Rampur-167199",Rampur,Uttar_Pradesh,167199.0,"Billing,_Shipping"
AP-13884,CUST-04432,"H.No._448
Lanka_Circle
Dharmavaram-508940",Dharmavaram,Andhra_Pradesh,508940.0,Billing
MP-13885,CUST-15348,"37/556,_Choudhary_Ganj,_Indore_788111",Indore,Madhya_Pradesh,788111.0,"Billing,_Shipping"
UK-13886,CUST-16690,"H.No._094,_Talwar_Ganj,_Haridwar_563283",Haridwar,Uttarakhand,563283.0,Billing
BR-13887,CUST-12410,"89/722,_Tripathi_Street,_Jaipur-492790",Jaipur,Rajasthan,492790.0,Shipping
TS-13888,CUST-07605,"H.No._904,_Choudhury_Path,_Proddatur-927914",Proddatur,Andhra_Pradesh,927914.0,Shipping
WB-13889,CUST-13297,"H.No._46,_Sur_Chowk,_Baranagar_349745",Baranagar,West_Bengal,349745.0,"Billing,_Shipping"
WB-13890,CUST-06234,"68
Dada_Zila
Naihati-496488",Naihati,West_Bengal,496488.0,Shipping
MP-13891,CUST-17161,"H.No._05,_Bala_Ganj,_Gopalpur-486662",Gopalpur,Odisha,486662.0,Shipping
WB-13892,CUST-15528,"H.No._75,_Bhatt_Path,_Panihati_779638",Panihati,West_Bengal,779638.0,Billing
UP-13893,CUST-19678,"87,_Rattan_Path
Gurgaon_651553",Gurgaon,Haryana,651553.0,Billing
MP-13894,CUST-17205,"73/25
Shere
Jalandhar-350964",Jalandhar,Punjab,350964.0,"Billing,_Shipping"
UP-13895,CUST-16233,"19/42,_Varkey_Marg,_Chapra_793252",Chapra,Bihar,793252.0,Billing
WB-13896,CUST-12580,"H.No._881
Bajwa_Marg
Bidhannagar_022646",Bidhannagar,West_Bengal,22646.0,Billing
BR-13897,CUST-15200,"71/25,_De_Nagar
Jaipur-476104",Jaipur,Rajasthan,476104.0,Shipping
BR-13898,CUST-14436,"H.No._37,_Khosla_Chowk,_Ballia-262838",Ballia,Uttar_Pradesh,262838.0,"Billing,_Shipping"
TS-13899,CUST-16697,"H.No._778,_Balasubramanian,_Ambala_433804",Ambala,Haryana,433804.0,"Billing,_Shipping"
AP-13900,CUST-11024,"H.No._80,_Sidhu_Road,_Dharmavaram-788597",Dharmavaram,Andhra_Pradesh,788597.0,Shipping
KA-13901,CUST-07619,"H.No._955
Dhar
Amaravati-803764",Amaravati,Andhra_Pradesh,803764.0,Billing
OR-13902,CUST-17335,"72/972,_Trivedi_Road,_Mathura_489214",Mathura,Uttar_Pradesh,489214.0,"Billing,_Shipping"
BR-13903,CUST-05533,"52,_Tella_Circle
Jaipur_097312",Jaipur,Rajasthan,97312.0,"Billing,_Shipping"
MH-13904,CUST-17568,"11/20,_Rattan,_Bhiwandi_949196",Bhiwandi,Maharashtra,949196.0,"Billing,_Shipping"
KA-13905,CUST-14634,"24,_Hans_Circle
Tumkur_232236",Tumkur,Karnataka,232236.0,Billing
MP-13906,CUST-11247,"77/363,_Sabharwal_Nagar,_Agra-123468",Agra,Uttar_Pradesh,123468.0,Billing
TS-13907,CUST-07531,"74/017,_Kade_Zila,_Ramagundam-659282",Ramagundam,Telangana,659282.0,"Billing,_Shipping"
GJ-13908,CUST-14712,"38,_Kaul_Circle,_Vadodara_740389",Vadodara,Gujarat,740389.0,"Billing,_Shipping"
MH-13909,CUST-18039,"H.No._84,_Kannan_Road
Yamunanagar-969409",Yamunanagar,Haryana,969409.0,"Billing,_Shipping"
BR-13910,CUST-08272,"H.No._016,_Sarkar_Nagar
Purnia-776320",Purnia,Bihar,776320.0,Shipping
TN-13913,CUST-06647,"66
Hayer_Path
Tiruvottiyur_294618",Tiruvottiyur,Tamil_Nadu,294618.0,"Billing,_Shipping"
MP-13914,CUST-09661,"20,_Sangha_Circle,_Indore-152696",Indore,Madhya_Pradesh,152696.0,Shipping
OR-13915,CUST-15477,"578,_Venkataraman_Path
Anantapur-960301",Anantapur,Andhra_Pradesh,960301.0,"Billing,_Shipping"
MH-13916,CUST-04412,"68,_Trivedi_Ganj,_Rampur-273199",Rampur,Uttar_Pradesh,273199.0,Shipping
MH-13917,CUST-12157,"00/448,_Bhatt_Road,_Yamunanagar-298921",Yamunanagar,Haryana,298921.0,Shipping
MP-13918,CUST-18517,"H.No._55,_Kapur_Road,_Dehri-759818",Dehri,Bihar,759818.0,Shipping
MH-13919,CUST-08654,"64,_Mahajan_Marg
Karnal_436430",Karnal,Haryana,436430.0,"Billing,_Shipping"
MP-13920,CUST-08569,"877
Ahluwalia_Path
Jodhpur_246800",Jodhpur,Rajasthan,246800.0,Shipping
UP-13921,CUST-19439,"02/340
Borde_Nagar
Karimnagar-667223",Karimnagar,Telangana,667223.0,"Billing,_Shipping"
WB-13922,CUST-00723,"H.No._79,_Kumar_Ganj,_Kulti-628354",Kulti,West_Bengal,628354.0,"Billing,_Shipping"
TN-13923,CUST-03800,"25,_Amble_Marg,_Avadi_631644",Avadi,Tamil_Nadu,631644.0,Billing
TS-13924,CUST-11447,"60,_Sarkar_Ganj,_Ambala_971698",Ambala,Haryana,971698.0,Billing
TS-13925,CUST-19253,"29/706
Grover
Dindigul-158558",Dindigul,Tamil_Nadu,158558.0,"Billing,_Shipping"
MH-13926,CUST-18721,"H.No._68,_Balakrishnan_Nagar
Guntur-380401",Guntur,Andhra_Pradesh,380401.0,"Billing,_Shipping"
RJ-13927,CUST-12214,"67/773,_Acharya,_Akola_254683",Akola,Maharashtra,254683.0,Shipping
MP-13928,CUST-12919,"490,_Gola_Marg,_Unnao_167163",Unnao,Uttar_Pradesh,167163.0,Billing
CG-13929,CUST-19538,"H.No._25,_Bir_Circle
Bhilai_249772",Bhilai,Chhattisgarh,249772.0,"Billing,_Shipping"
TN-13930,CUST-03580,"871,_Bhattacharyya_Path
Pallavaram_411187",Pallavaram,Tamil_Nadu,411187.0,Shipping
AP-13931,CUST-19486,"H.No._413
Sawhney_Zila
Dharmavaram_612637",Dharmavaram,Andhra_Pradesh,612637.0,"Billing,_Shipping"
JH-13932,CUST-05024,"67
Bir_Chowk
Kharagpur-844857",Kharagpur,West_Bengal,844857.0,Shipping
HR-13933,CUST-18227,"976
Comar_Path
Aurangabad_741515",Aurangabad,Maharashtra,741515.0,Billing
OR-13934,CUST-18474,"12/59
Babu_Street
Berhampur_126966",Berhampur,Odisha,126966.0,Shipping
KA-13935,CUST-00066,"82/784,_Goswami_Path
Tumkur_200865",Tumkur,Karnataka,200865.0,"Billing,_Shipping"
MP-13936,CUST-06913,"57/384,_Chowdhury_Road
Gopalpur-263191",Gopalpur,Odisha,263191.0,Shipping
TN-13937,CUST-16230,"79,_Sood
Avadi-591421",Avadi,Tamil_Nadu,591421.0,Shipping
TR-13938,CUST-10744,"H.No._185
Sodhi_Nagar
Chandigarh_131391",Chandigarh,Chandigarh_(Union_Territory),131391.0,Billing
TS-13939,CUST-13263,"58/358,_Wadhwa_Nagar
Dindigul_544956",Dindigul,Tamil_Nadu,544956.0,Shipping
UK-13940,CUST-03787,"10
Chaudhry_Street
Haridwar-328147",Haridwar,Uttarakhand,328147.0,Billing
HR-13941,CUST-18979,"705
Yogi_Street
Bikaner-235765",Bikaner,Rajasthan,235765.0,"Billing,_Shipping"
TN-13942,CUST-16270,"H.No._331,_Bava_Road
Avadi_578618",Avadi,Tamil_Nadu,578618.0,Shipping
KA-13943,CUST-14252,"718,_Jaggi_Nagar
Hosur_365892",Hosur,Tamil_Nadu,365892.0,"Billing,_Shipping"
RJ-13944,CUST-09559,"09/30,_Brar_Zila,_Fatehpur_393260",Fatehpur,Uttar_Pradesh,393260.0,"Billing,_Shipping"
UK-13945,CUST-14455,"H.No._16,_Banerjee_Nagar,_Haridwar_032285",Haridwar,Uttarakhand,32285.0,"Billing,_Shipping"
KA-13946,CUST-12053,"05/746
Hora_Street
Solapur_186542",Solapur,Maharashtra,186542.0,Shipping
UP-13947,CUST-11697,"39/43,_Chopra_Marg,_Chapra-822710",Chapra,Bihar,822710.0,Billing
OR-13948,CUST-16029,"H.No._17
Chakraborty_Nagar
Chandrapur-704604",Chandrapur,Maharashtra,704604.0,Billing
KA-13949,CUST-07076,"H.No._400,_Shanker_Chowk
Amaravati_466649",Amaravati,Andhra_Pradesh,466649.0,Billing
TN-13950,CUST-02407,"750,_Sem_Marg,_Gandhinagar-033577",Gandhinagar,Gujarat,33577.0,Shipping
OR-13951,CUST-03282,"889,_Golla_Road,_Mathura-518358",Mathura,Uttar_Pradesh,518358.0,"Billing,_Shipping"
UP-13952,CUST-13939,"24,_Sami_Street
Muzaffarpur-460920",Muzaffarpur,Bihar,460920.0,Shipping
TN-13954,CUST-17908,"979,_Shere_Nagar,_Tiruvottiyur_366042",Tiruvottiyur,Tamil_Nadu,366042.0,Shipping
UP-13955,CUST-06208,"H.No._55,_Hans_Circle,_Mirzapur-433764",Mirzapur,Uttar_Pradesh,433764.0,Shipping
AP-13957,CUST-09412,"H.No._25,_Batta_Road
Bhimavaram_634918",Bhimavaram,Andhra_Pradesh,634918.0,Shipping
KA-13958,CUST-11443,"H.No._12,_Varghese_Nagar
Amaravati_687954",Amaravati,Andhra_Pradesh,687954.0,Shipping
UK-13959,CUST-00990,"H.No._960,_Varkey_Circle
Shivpuri-942156",Shivpuri,Madhya_Pradesh,942156.0,Billing
MP-13960,CUST-07773,"97/79
Savant_Ganj
Gopalpur_372511",Gopalpur,Odisha,372511.0,Shipping
TN-13961,CUST-18935,"72
Borde_Ganj
Pallavaram_751763",Pallavaram,Tamil_Nadu,751763.0,Billing
UP-13962,CUST-13549,"H.No._86
Seshadri_Circle
Shahjahanpur_825414",Shahjahanpur,Uttar_Pradesh,825414.0,Shipping
JH-13963,CUST-01144,"09/835,_Kale_Circle,_Phusro_133435",Phusro,Jharkhand,133435.0,Shipping
OR-13964,CUST-04443,"H.No._86,_Sagar_Road,_Anantapur-356614",Anantapur,Andhra_Pradesh,356614.0,"Billing,_Shipping"
MP-13965,CUST-10782,"16,_Dada_Nagar
Jodhpur_873106",Jodhpur,Rajasthan,873106.0,Billing
WB-13966,CUST-19454,"19
Seth_Circle
Baranagar-399043",Baranagar,West_Bengal,399043.0,Billing
CG-13967,CUST-15720,"97/485,_Soman_Street
Nagpur-929904",Nagpur,Maharashtra,929904.0,Shipping
TS-13968,CUST-11162,"H.No._04,_Varma_Zila,_Dindigul_125789",Dindigul,Tamil_Nadu,125789.0,"Billing,_Shipping"
MH-13969,CUST-14854,"H.No._80,_Shetty_Circle
Bhiwandi-451668",Bhiwandi,Maharashtra,451668.0,"Billing,_Shipping"
MP-13970,CUST-13958,"H.No._816
Malhotra
Jhansi-350150",Jhansi,Uttar_Pradesh,350150.0,Shipping
GJ-13971,CUST-12005,"H.No._95,_Ghosh_Circle,_Ajmer-054510",Ajmer,Rajasthan,54510.0,Shipping
MP-13972,CUST-18204,"22,_Gole_Road
Jalandhar_623589",Jalandhar,Punjab,623589.0,"Billing,_Shipping"
WB-13973,CUST-12419,"H.No._66,_Shah_Ganj
Baranagar-040871",Baranagar,West_Bengal,40871.0,Shipping
UK-13974,CUST-13435,"H.No._049,_Randhawa_Street
Jalna-746260",Jalna,Maharashtra,746260.0,Billing
BR-13975,CUST-12533,"H.No._135
Ratta_Ganj
Purnia-673968",Purnia,Bihar,673968.0,Billing
TS-13976,CUST-17096,"49
Sunder_Circle
Hindupur_290413",Hindupur,Andhra_Pradesh,290413.0,Shipping
WB-13977,CUST-17166,"50/448
Mahal_Path
Kulti_917187",Kulti,West_Bengal,917187.0,Shipping
HR-13978,CUST-19269,"H.No._628,_Cherian_Path
Bikaner_959081",Bikaner,Rajasthan,959081.0,Shipping
MH-13979,CUST-12980,"H.No._61,_Devan_Ganj
Rampur_055939",Rampur,Uttar_Pradesh,55939.0,Billing
UK-13980,CUST-07286,"H.No._974
Srinivasan_Street
Haridwar_234691",Haridwar,Uttarakhand,234691.0,Shipping
MP-13981,CUST-12286,"H.No._180
Kunda_Path
Ramgarh_088802",Ramgarh,Jharkhand,88802.0,Shipping
GJ-13982,CUST-17772,"H.No._443,_Dyal_Road,_Gandhidham_762430",Gandhidham,Gujarat,762430.0,Shipping
MP-13983,CUST-12684,"H.No._565,_Mane_Road,_Jalandhar_323289",Jalandhar,Punjab,323289.0,Billing
OR-13984,CUST-18119,"51
Goel_Street
Danapur-067040",Danapur,Bihar,67040.0,Shipping
AS-13985,CUST-02247,"H.No._32
Bhatnagar
Nagaon_747597",Nagaon,Assam,747597.0,Billing
GJ-13986,CUST-17461,"H.No._177,_Thaker_Marg
Kavali-282428",Kavali,Andhra_Pradesh,282428.0,Shipping
MH-13987,CUST-08149,"744
Arora_Chowk
Malegaon-512552",Malegaon,Maharashtra,512552.0,Billing
MH-13988,CUST-17431,"H.No._33
Kannan_Nagar
Malegaon_265052",Malegaon,Maharashtra,265052.0,Shipping
MP-13989,CUST-09010,"276,_Arya_Street,_Kota_659817",Kota,Rajasthan,659817.0,Shipping
BR-13990,CUST-16016,"29/109
Sabharwal_Path
Jaipur-112432",Jaipur,Rajasthan,112432.0,Billing
TN-13991,CUST-02344,"43,_Badal_Street
Avadi-831130",Avadi,Tamil_Nadu,831130.0,Billing
TN-13992,CUST-07116,"16/39
Doctor_Chowk
Pali-561335",Pali,Rajasthan,561335.0,Shipping
UP-13993,CUST-15874,"25,_Sampath_Path,_Firozabad-053585",Firozabad,Uttar_Pradesh,53585.0,Billing
AP-13994,CUST-07694,"827
De_Circle
Dharmavaram_260482",Dharmavaram,Andhra_Pradesh,260482.0,Billing
BR-13995,CUST-04583,"05/08
Borde_Circle
Buxar_233913",Buxar,Bihar,233913.0,Billing
BR-13996,CUST-10306,"H.No._12,_Bala_Street,_Purnia_887149",Purnia,Bihar,887149.0,Billing
JH-13997,CUST-10893,"H.No._45,_Hora_Marg,_Phusro-534277",Phusro,Jharkhand,534277.0,"Billing,_Shipping"
UP-13998,CUST-15215,"20
Raj_Chowk
Burhanpur-827885",Burhanpur,Madhya_Pradesh,827885.0,"Billing,_Shipping"
TS-13999,CUST-01977,"H.No._801
Dubey_Circle
Dindigul_920618",Dindigul,Tamil_Nadu,920618.0,Shipping
MP-14000,CUST-11618,"H.No._020,_Kaur_Road,_Gopalpur-933244",Gopalpur,Odisha,933244.0,"Billing,_Shipping"
TN-14001,CUST-11245,"09/23,_Jayaraman_Nagar
Tiruvottiyur-365872",Tiruvottiyur,Tamil_Nadu,365872.0,Shipping
UP-14002,CUST-18443,"04,_Jain_Road
Jamalpur-045986",Jamalpur,Bihar,45986.0,"Billing,_Shipping"
AS-14003,CUST-00946,"507,_Agate_Ganj,_Siliguri-839966",Siliguri,West_Bengal,839966.0,Billing
AS-14004,CUST-13557,"04/50
Handa_Chowk
Siliguri_810977",Siliguri,West_Bengal,810977.0,Billing
WB-14005,CUST-10152,"62/455,_Tak_Road,_Naihati_537553",Naihati,West_Bengal,537553.0,Shipping
OR-14006,CUST-04254,"H.No._478,_Bansal_Road,_Haldia-299517",Haldia,West_Bengal,299517.0,"Billing,_Shipping"
BR-14007,CUST-11969,"247,_Samra_Marg,_Munger-593750",Munger,Bihar,593750.0,Shipping
BR-14008,CUST-07146,"19
Tak_Ganj
Satna_334832",Satna,Madhya_Pradesh,334832.0,"Billing,_Shipping"
WB-14009,CUST-11219,"37/50,_Bhat_Nagar,_Uluberia_168952",Uluberia,West_Bengal,168952.0,Billing
HR-14010,CUST-14449,"H.No._385,_Kumer_Ganj,_Bikaner_164990",Bikaner,Rajasthan,164990.0,Shipping
GJ-14011,CUST-19523,"H.No._94
Luthra_Path
Gandhidham-430612",Gandhidham,Gujarat,430612.0,Shipping
RJ-14012,CUST-02988,"07/497,_Madan_Road
Fatehpur_731983",Fatehpur,Uttar_Pradesh,731983.0,Billing
TN-14013,CUST-10947,"H.No._326,_Bhargava
Vellore-499005",Vellore,Tamil_Nadu,499005.0,"Billing,_Shipping"
OR-14014,CUST-13968,"10,_Ratta_Circle,_Anantapur_693776",Anantapur,Andhra_Pradesh,693776.0,Billing
UP-14015,CUST-00634,"54/73,_Kunda_Ganj,_Raipur-655878",Raipur,Chhattisgarh,655878.0,"Billing,_Shipping"
TS-14016,CUST-11572,"75/11,_Suresh_Circle
Hindupur-140286",Hindupur,Andhra_Pradesh,140286.0,Shipping
OR-14017,CUST-09111,"31/59,_Shukla_Chowk,_Haldia-359970",Haldia,West_Bengal,359970.0,"Billing,_Shipping"
HR-14018,CUST-15890,"H.No._184,_Sengupta_Nagar,_Aurangabad_416238",Aurangabad,Maharashtra,416238.0,Shipping
MH-14020,CUST-00298,"792
Sood_Nagar
Nanded_409359",Nanded,Maharashtra,409359.0,Billing
TN-14021,CUST-12435,"411,_Dada_Zila
Pali-267428",Pali,Rajasthan,267428.0,Shipping
BR-14022,CUST-18434,"H.No._51,_Lala_Nagar,_Munger_885666",Munger,Bihar,885666.0,Billing
OR-14023,CUST-17687,"83/280,_Brahmbhatt_Nagar
Chandrapur_155415",Chandrapur,Maharashtra,155415.0,"Billing,_Shipping"
AS-14024,CUST-11156,"52/881,_Gaba_Path
Nagaon_897941",Nagaon,Assam,897941.0,Billing
WB-14025,CUST-16018,"338,_Sood_Street,_Naihati-230201",Naihati,West_Bengal,230201.0,Shipping
KA-14026,CUST-17823,"H.No._690
Keer_Circle
Mangalore-634789",Mangalore,Karnataka,634789.0,"Billing,_Shipping"
OR-14027,CUST-10550,"82,_Mahal
Haldia-000666",Haldia,West_Bengal,666.0,Billing
WB-14028,CUST-19039,"77/977
Ravi_Nagar
Bhatpara-848699",Bhatpara,West_Bengal,848699.0,"Billing,_Shipping"
KA-14029,CUST-04461,"480
Krishnamurthy_Street
Tumkur_259187",Tumkur,Karnataka,259187.0,Billing
WB-14030,CUST-13125,"752,_Luthra_Nagar
Aligarh-117859",Aligarh,Uttar_Pradesh,117859.0,Billing
GJ-14031,CUST-13143,"H.No._09,_Kanda_Road,_Vadodara_378689",Vadodara,Gujarat,378689.0,Shipping
MH-14032,CUST-12732,"72,_Dewan_Street
Karnal-065884",Karnal,Haryana,65884.0,"Billing,_Shipping"
BR-14033,CUST-17712,"55/37,_Mallick_Ganj,_Purnia_012258",Purnia,Bihar,12258.0,"Billing,_Shipping"
MH-14034,CUST-15184,"H.No._341
Vora_Path
Nanded-535548",Nanded,Maharashtra,535548.0,"Billing,_Shipping"
GJ-14035,CUST-12225,"23,_Swaminathan_Marg,_Ajmer_447024",Ajmer,Rajasthan,447024.0,Billing
MP-14036,CUST-12099,"75/300,_Raval_Ganj
Jalandhar-382876",Jalandhar,Punjab,382876.0,Shipping
MH-14037,CUST-11919,"H.No._102
Chatterjee_Zila
Rampur_398226",Rampur,Uttar_Pradesh,398226.0,Shipping
TS-14038,CUST-18207,"32/796,_Kota
Ambala-503012",Ambala,Haryana,503012.0,Shipping
MH-14039,CUST-05771,"H.No._06,_Date_Marg
Yamunanagar_701649",Yamunanagar,Haryana,701649.0,Shipping
WB-14040,CUST-06324,"H.No._94
Randhawa_Chowk
Naihati_952245",Naihati,West_Bengal,952245.0,Billing
CG-14041,CUST-14309,"85/260
Ratti_Zila
Sagar_755739",Sagar,Madhya_Pradesh,755739.0,Billing
UP-14042,CUST-19631,"H.No._242
Gala_Marg
Farrukhabad_770157",Farrukhabad,Uttar_Pradesh,770157.0,Billing
AS-14043,CUST-17519,"H.No._36,_Bhagat_Zila
Nagaon-616128",Nagaon,Assam,616128.0,"Billing,_Shipping"
UP-14044,CUST-07273,"22,_Gera_Path
Jamalpur_028279",Jamalpur,Bihar,28279.0,Shipping
TR-14045,CUST-14396,"H.No._14,_Khurana_Nagar
Chandigarh-132777",Chandigarh,Chandigarh_(Union_Territory),132777.0,Billing
GJ-14046,CUST-07863,"H.No._117,_Sinha_Road,_Gandhidham-713968",Gandhidham,Gujarat,713968.0,"Billing,_Shipping"
UP-14047,CUST-02774,"25/850,_Sawhney_Street
Bhagalpur_206753",Bhagalpur,Bihar,206753.0,Shipping
OR-14048,CUST-05683,"74/77,_Saha_Road,_Patna-233893",Patna,Bihar,233893.0,Billing
WB-14049,CUST-11718,"89/025,_Virk_Zila,_Panihati_042386",Panihati,West_Bengal,42386.0,"Billing,_Shipping"
WB-14050,CUST-13183,"72,_Manne_Zila,_Baranagar_557248",Baranagar,West_Bengal,557248.0,Billing
HR-14051,CUST-11725,"63/029
Sridhar_Ganj
Aurangabad-697901",Aurangabad,Maharashtra,697901.0,Shipping
KA-14052,CUST-12138,"13/81,_Chawla_Path
Hosur_002426",Hosur,Tamil_Nadu,2426.0,Billing
UP-14053,CUST-06404,"09/27
Khurana_Zila
Bhagalpur_296459",Bhagalpur,Bihar,296459.0,"Billing,_Shipping"
UP-14054,CUST-04446,"90/03,_Jain_Street,_Farrukhabad_862282",Farrukhabad,Uttar_Pradesh,862282.0,Shipping
HR-14055,CUST-16792,"H.No._85,_Chand_Chowk,_Siwan-374331",Siwan,Bihar,374331.0,Billing
TN-14056,CUST-19230,"H.No._17,_Chahal_Marg,_Salem-739196",Salem,Tamil_Nadu,739196.0,Billing
HR-14057,CUST-10179,"515
Basu_Street
Bikaner_562345",Bikaner,Rajasthan,562345.0,Shipping
AP-14058,CUST-14220,"02/20
Khare_Path
Anantapuram-254973",Anantapuram,Andhra_Pradesh,254973.0,Shipping
AP-14059,CUST-19508,"01/78,_Contractor_Chowk,_Jammu-218883",Jammu,Jammu_and_Kashmir,218883.0,"Billing,_Shipping"
GJ-14060,CUST-06860,"64/024,_Agrawal_Ganj,_Kavali-764709",Kavali,Andhra_Pradesh,764709.0,Shipping
RJ-14061,CUST-18921,"977,_Chhabra
Rajkot_044904",Rajkot,Gujarat,44904.0,Shipping
OR-14062,CUST-10067,"H.No._964,_Kaul_Zila
Haldia-481612",Haldia,West_Bengal,481612.0,Billing
AP-14063,CUST-13338,"H.No._327
Seth_Path
Gudivada_366839",Gudivada,Andhra_Pradesh,366839.0,Shipping
UP-14064,CUST-04272,"514,_Chowdhury_Street
Bhagalpur-526661",Bhagalpur,Bihar,526661.0,Shipping
AS-14065,CUST-13656,"430,_Ganesan_Ganj
Siliguri-222068",Siliguri,West_Bengal,222068.0,Shipping
UP-14066,CUST-06596,"15/842,_Basak_Zila,_Muzaffarpur_158336",Muzaffarpur,Bihar,158336.0,"Billing,_Shipping"
MH-14067,CUST-09919,"79,_Butala_Zila,_Loni_419739",Loni,Uttar_Pradesh,419739.0,Billing
UK-14068,CUST-19806,"13,_Choudhry_Street,_Haridwar-113739",Haridwar,Uttarakhand,113739.0,Billing
JH-14069,CUST-12776,"42,_Hans_Nagar
Mango_997713",Mango,Jharkhand,997713.0,Billing
AP-14070,CUST-10125,"H.No._92,_Halder,_Anantapuram_649767",Anantapuram,Andhra_Pradesh,649767.0,"Billing,_Shipping"
UP-14071,CUST-17621,"41/59
Dhaliwal_Ganj
Chapra_436798",Chapra,Bihar,436798.0,"Billing,_Shipping"
KL-14072,CUST-10474,"26/225,_Bath_Nagar
Kollam_131320",Kollam,Kerala,131320.0,Billing
TS-14073,CUST-10006,"H.No._538
Vig_Ganj
Dindigul-793739",Dindigul,Tamil_Nadu,793739.0,"Billing,_Shipping"
BR-14074,CUST-03794,"H.No._84,_Dey_Circle
Jaipur-032552",Jaipur,Rajasthan,32552.0,Billing
BR-14075,CUST-18199,"19,_Mangal_Marg
Munger_819869",Munger,Bihar,819869.0,"Billing,_Shipping"
OR-14076,CUST-14077,"75/18,_Dyal_Road,_Kanpur-968137",Kanpur,Uttar_Pradesh,968137.0,Shipping
MH-14077,CUST-13609,"H.No._81,_Chacko_Path,_Jalgaon_179863",Jalgaon,Maharashtra,179863.0,Shipping
OR-14078,CUST-13041,"165
Trivedi_Zila
Bilaspur-626242",Bilaspur,Chhattisgarh,626242.0,Shipping
OR-14079,CUST-19876,"65,_Shenoy,_Bijapur-034026",Bijapur,Karnataka,34026.0,Billing
WB-14080,CUST-12208,"H.No._01,_Vyas_Zila,_Bhatpara_718556",Bhatpara,West_Bengal,718556.0,Billing
BR-14081,CUST-18476,"39
Badami
Ballia-457742",Ballia,Uttar_Pradesh,457742.0,"Billing,_Shipping"
UP-14082,CUST-03494,"24/491
Mall_Path
Chapra-837729",Chapra,Bihar,837729.0,"Billing,_Shipping"
MP-14083,CUST-15067,"03/234
Suri
Gopalpur_106251",Gopalpur,Odisha,106251.0,Shipping
UP-14084,CUST-04959,"79/274
Hayre_Chowk
Sambhal-905892",Sambhal,Uttar_Pradesh,905892.0,"Billing,_Shipping"
UP-14085,CUST-13607,"564,_Sachar_Road
Shahjahanpur-673067",Shahjahanpur,Uttar_Pradesh,673067.0,Shipping
TN-14086,CUST-14298,"37/052,_Sem_Ganj,_Salem_956227",Salem,Tamil_Nadu,956227.0,Billing
TS-14087,CUST-12403,"18,_Tata_Marg,_Ambala_849321",Ambala,Haryana,849321.0,Shipping
GJ-14088,CUST-12192,"31,_Yohannan_Path
Allahabad_913422",Allahabad,Uttar_Pradesh,913422.0,"Billing,_Shipping"
OR-14089,CUST-01983,"H.No._266
Chokshi_Zila
Danapur-727486",Danapur,Bihar,727486.0,"Billing,_Shipping"
AP-14090,CUST-02148,"77/19,_Rao_Ganj,_Bhimavaram-772107",Bhimavaram,Andhra_Pradesh,772107.0,"Billing,_Shipping"
AS-14091,CUST-17396,"334,_Dhingra_Nagar
Nagaon_811643",Nagaon,Assam,811643.0,"Billing,_Shipping"
AP-14092,CUST-11421,"33/950
Karan_Nagar
Srikakulam-451504",Srikakulam,Andhra_Pradesh,451504.0,"Billing,_Shipping"
MP-14093,CUST-13412,"H.No._79
Lad
Kota-196486",Kota,Rajasthan,196486.0,Shipping
AP-14094,CUST-17048,"08/90
Chacko_Ganj
Jammu_116227",Jammu,Jammu_and_Kashmir,116227.0,Billing
MP-14096,CUST-10736,"02/505
Bhatia_Marg
Gopalpur-350108",Gopalpur,Odisha,350108.0,Shipping
MH-14097,CUST-12789,"236,_Kant_Street,_Rampur-525437",Rampur,Uttar_Pradesh,525437.0,"Billing,_Shipping"
KL-14098,CUST-17425,"37/05,_Viswanathan_Nagar
Kollam_184385",Kollam,Kerala,184385.0,Billing
WB-14099,CUST-13350,"80/041,_Hayre_Path
Aligarh_772873",Aligarh,Uttar_Pradesh,772873.0,Shipping
MH-14100,CUST-06035,"471,_Dewan_Ganj,_Jalgaon-499885",Jalgaon,Maharashtra,499885.0,Billing
UP-14101,CUST-16492,"75,_Bawa_Path
Gurgaon-025506",Gurgaon,Haryana,25506.0,Shipping
MH-14102,CUST-01306,"22,_De_Road,_Bhiwandi_689269",Bhiwandi,Maharashtra,689269.0,Billing
KL-14103,CUST-14673,"580,_Sarma_Marg,_Kollam-364922",Kollam,Kerala,364922.0,Billing
MP-14104,CUST-14877,"45/93
Dewan_Street
Unnao-325728",Unnao,Uttar_Pradesh,325728.0,Billing
TN-14105,CUST-02433,"39/41,_Sridhar_Circle
Chittoor_626426",Chittoor,Andhra_Pradesh,626426.0,Shipping
GJ-14106,CUST-00305,"H.No._99,_Gola_Zila
Ajmer-001605",Ajmer,Rajasthan,1605.0,Billing
GJ-14107,CUST-13398,"H.No._07,_Sundaram_Nagar,_Jabalpur-280855",Jabalpur,Madhya_Pradesh,280855.0,Billing
MH-14108,CUST-09904,"88/345,_Shukla_Zila,_Nanded-961676",Nanded,Maharashtra,961676.0,Billing
UP-14109,CUST-05051,"61,_Devan_Chowk,_Karimnagar_930530",Karimnagar,Telangana,930530.0,Billing
OR-14110,CUST-15801,"612,_Bhargava_Street
Bijapur_682810",Bijapur,Karnataka,682810.0,Shipping
OR-14111,CUST-02643,"H.No._063,_Ranganathan
Kanpur_736860",Kanpur,Uttar_Pradesh,736860.0,Billing
AP-14112,CUST-19325,"H.No._19,_Raju
Jammu_741730",Jammu,Jammu_and_Kashmir,741730.0,Billing
OR-14113,CUST-15295,"H.No._568
Desai_Nagar
Patna-579483",Patna,Bihar,579483.0,"Billing,_Shipping"
AS-14114,CUST-11621,"H.No._76,_Krishna_Marg,_Nagaon-495597",Nagaon,Assam,495597.0,Billing
CG-14115,CUST-18427,"39/029
Garde_Chowk
Malda_211055",Malda,West_Bengal,211055.0,"Billing,_Shipping"
TS-14116,CUST-12079,"H.No._210
Devi_Street
Ambala_980801",Ambala,Haryana,980801.0,Shipping
RJ-14117,CUST-12092,"20/71,_Ratta_Street,_Fatehpur-608277",Fatehpur,Uttar_Pradesh,608277.0,"Billing,_Shipping"
KL-14118,CUST-11382,"79/51,_Loke_Path
Kollam_697655",Kollam,Kerala,697655.0,"Billing,_Shipping"
KA-14119,CUST-17391,"13/368
Apte_Zila
Mangalore-201323",Mangalore,Karnataka,201323.0,"Billing,_Shipping"
WB-14120,CUST-08594,"H.No._03,_Setty_Zila,_Bidhannagar_303820",Bidhannagar,West_Bengal,303820.0,Billing
MH-14121,CUST-13445,"88,_Bhasin_Road,_Yamunanagar_482189",Yamunanagar,Haryana,482189.0,Shipping
MP-14122,CUST-11706,"H.No._155,_Goda_Street
Kishanganj-834692",Kishanganj,Bihar,834692.0,"Billing,_Shipping"
MH-14123,CUST-12236,"28/900,_Taneja_Street
Karnal-027937",Karnal,Haryana,27937.0,"Billing,_Shipping"
TN-14124,CUST-09188,"39/095,_Dhar_Marg,_Vellore-526465",Vellore,Tamil_Nadu,526465.0,Billing
MP-14125,CUST-02874,"H.No._249
Barad_Ganj
Ramgarh-511850",Ramgarh,Jharkhand,511850.0,Billing
OR-14126,CUST-14135,"16/99,_Sastry_Zila,_Patna-412792",Patna,Bihar,412792.0,Billing
UP-14127,CUST-19273,"42
Gopal_Nagar
Raipur_873741",Raipur,Chhattisgarh,873741.0,Billing
UP-14129,CUST-15899,"73,_Amble_Path,_Ahmedabad_270476",Ahmedabad,Gujarat,270476.0,"Billing,_Shipping"
MP-14130,CUST-12194,"479
Bhandari_Chowk
Agra_578984",Agra,Uttar_Pradesh,578984.0,"Billing,_Shipping"
UP-14131,CUST-13873,"43/198,_Grover_Marg
Raiganj_040772",Raiganj,West_Bengal,40772.0,Shipping
TS-14132,CUST-16511,"853,_Kalla_Marg
Ambala_911651",Ambala,Haryana,911651.0,"Billing,_Shipping"
MP-14133,CUST-12201,"H.No._564,_Viswanathan_Path
Jalandhar_672792",Jalandhar,Punjab,672792.0,Shipping
OR-14134,CUST-11064,"55/02,_Srinivasan_Circle,_Haldia-093031",Haldia,West_Bengal,93031.0,Shipping
CG-14135,CUST-19919,"91,_Manne_Road,_Sambalpur_832742",Sambalpur,Odisha,832742.0,"Billing,_Shipping"
TN-14136,CUST-07436,"H.No._392
Maharaj
Salem-549450",Salem,Tamil_Nadu,549450.0,"Billing,_Shipping"
TS-14137,CUST-13242,"24/807,_Sehgal_Nagar,_Sirsa_092535",Sirsa,Haryana,92535.0,"Billing,_Shipping"
OR-14138,CUST-17450,"721,_Singh_Path
Haldia_485708",Haldia,West_Bengal,485708.0,Billing
TN-14139,CUST-19358,"10/001,_Jayaraman_Zila
Pallavaram-302154",Pallavaram,Tamil_Nadu,302154.0,Shipping
MH-14140,CUST-09565,"377,_Dhar_Road
Guntur-713558",Guntur,Andhra_Pradesh,713558.0,Billing
MP-14141,CUST-10797,"64/44,_Dhingra_Marg
Khandwa-448041",Khandwa,Madhya_Pradesh,448041.0,"Billing,_Shipping"
MH-14142,CUST-11063,"H.No._942,_Sankaran_Ganj,_Satara-096295",Satara,Maharashtra,96295.0,"Billing,_Shipping"
MH-14143,CUST-08973,"H.No._61,_Jhaveri_Path
Karnal_368052",Karnal,Haryana,368052.0,"Billing,_Shipping"
KA-14144,CUST-11659,"43,_Barman_Nagar
Tumkur-357368",Tumkur,Karnataka,357368.0,Billing
OR-14145,CUST-08153,"231,_Gulati_Path
Kanpur-021167",Kanpur,Uttar_Pradesh,21167.0,"Billing,_Shipping"
MH-14146,CUST-08817,"01/85,_Deshpande_Marg
Rampur_007451",Rampur,Uttar_Pradesh,7451.0,"Billing,_Shipping"
OR-14147,CUST-12943,"66/961,_Srinivasan_Street
Bilaspur-178507",Bilaspur,Chhattisgarh,178507.0,Billing
MH-14148,CUST-17307,"H.No._007,_Jayaraman_Ganj,_Rampur_304109",Rampur,Uttar_Pradesh,304109.0,Shipping
DL-14149,CUST-08821,"492,_Trivedi_Ganj,_Delhi-854305",Delhi,Delhi_(Union_Territory),854305.0,"Billing,_Shipping"
HR-14150,CUST-16597,"84/65,_Garg_Circle,_Bikaner-821921",Bikaner,Rajasthan,821921.0,Billing
TN-14151,CUST-13722,"022
Uppal_Chowk
Chittoor-788191",Chittoor,Andhra_Pradesh,788191.0,Billing
WB-14152,CUST-06124,"H.No._81,_Mallick_Circle,_Bally_380505",Bally,West_Bengal,380505.0,Billing
UP-14153,CUST-11924,"H.No._28,_Das_Path
Karimnagar-471087",Karimnagar,Telangana,471087.0,"Billing,_Shipping"
MP-14154,CUST-11998,"65
Chawla_Chowk
Kishanganj-402874",Kishanganj,Bihar,402874.0,Shipping
UK-14155,CUST-01531,"694,_Dani,_Jalna-530255",Jalna,Maharashtra,530255.0,Billing
MP-14156,CUST-13120,"57,_Brar_Chowk,_Jodhpur-504845",Jodhpur,Rajasthan,504845.0,Shipping
WB-14157,CUST-11287,"93/99,_Badal_Street,_Naihati_236985",Naihati,West_Bengal,236985.0,Billing
OR-14158,CUST-14848,"H.No._49,_Setty_Ganj,_Bharatpur-054833",Bharatpur,Rajasthan,54833.0,"Billing,_Shipping"
KA-14159,CUST-10163,"H.No._850,_Hari
Tumkur_272520",Tumkur,Karnataka,272520.0,"Billing,_Shipping"
MP-14160,CUST-14685,"44,_Dey
Mau-563144",Mau,Uttar_Pradesh,563144.0,Shipping
KA-14161,CUST-05286,"H.No._48,_Bakshi,_Hosur_099905",Hosur,Tamil_Nadu,99905.0,Shipping
KA-14162,CUST-16049,"62/440,_Singh_Street,_Solapur_155143",Solapur,Maharashtra,155143.0,Billing
CG-14163,CUST-17398,"23/545,_Shanker_Nagar
Malda-192086",Malda,West_Bengal,192086.0,Shipping
OR-14164,CUST-14689,"H.No._36,_Sarma_Marg
Berhampur-896656",Berhampur,Odisha,896656.0,Shipping
BR-14165,CUST-16224,"H.No._127,_Kurian_Chowk
Purnia_650423",Purnia,Bihar,650423.0,Shipping
MP-14166,CUST-11123,"H.No._984,_Dua_Street,_Gopalpur_635078",Gopalpur,Odisha,635078.0,Shipping
MH-14167,CUST-05845,"81/57,_Devan_Road
Loni_427595",Loni,Uttar_Pradesh,427595.0,Billing
TN-14168,CUST-04532,"H.No._165,_Sangha_Circle
Gandhinagar-481290",Gandhinagar,Gujarat,481290.0,Shipping
UP-14169,CUST-00336,"86
Jhaveri_Ganj
Karimnagar_632039",Karimnagar,Telangana,632039.0,Billing
MH-14170,CUST-19561,"86/24,_Dugar,_Jalgaon-699286",Jalgaon,Maharashtra,699286.0,Billing
BR-14171,CUST-09533,"58/65,_Yogi_Marg,_Satna-077691",Satna,Madhya_Pradesh,77691.0,Billing
BR-14172,CUST-10851,"40
Wali_Marg
Munger-130379",Munger,Bihar,130379.0,Shipping
BR-14173,CUST-19815,"05/670,_Sankaran_Chowk,_Satna-278651",Satna,Madhya_Pradesh,278651.0,Billing
WB-14174,CUST-10556,"01/98,_Mangat_Zila
Madhyamgram_600871",Madhyamgram,West_Bengal,600871.0,"Billing,_Shipping"
OR-14175,CUST-03802,"H.No._26
Bhatt_Zila
Danapur-939279",Danapur,Bihar,939279.0,Shipping
OR-14176,CUST-14360,"H.No._92,_Kara_Chowk,_Haldia-496158",Haldia,West_Bengal,496158.0,"Billing,_Shipping"
TS-14177,CUST-19157,"H.No._481
Sami_Road
Proddatur-715469",Proddatur,Andhra_Pradesh,715469.0,Shipping
HP-14178,CUST-07788,"79,_Raja_Nagar,_Udaipur-712009",Udaipur,Rajasthan,712009.0,Shipping
TN-14179,CUST-04909,"576,_Subramaniam_Marg
Tiruppur_946695",Tiruppur,Tamil_Nadu,946695.0,Billing
UP-14180,CUST-12784,"88
Keer_Circle
Chapra_666960",Chapra,Bihar,666960.0,"Billing,_Shipping"
TR-14181,CUST-12671,"H.No._942,_Magar_Chowk
Chandigarh_680675",Chandigarh,Chandigarh_(Union_Territory),680675.0,Shipping
CG-14182,CUST-12282,"02/196,_Dada_Ganj,_Sagar_731778",Sagar,Madhya_Pradesh,731778.0,Billing
MP-14183,CUST-09511,"11/638,_Jaggi_Circle
Jhansi_708735",Jhansi,Uttar_Pradesh,708735.0,Shipping
OR-14184,CUST-06374,"39,_Saxena_Nagar
Mathura-588624",Mathura,Uttar_Pradesh,588624.0,"Billing,_Shipping"
OR-14185,CUST-13027,"85/088
Bava_Street
Danapur-245721",Danapur,Bihar,245721.0,Shipping
TR-14186,CUST-01674,"389
Kothari_Circle
Durgapur-442242",Durgapur,West_Bengal,442242.0,"Billing,_Shipping"
UP-14187,CUST-14207,"64/978,_Swamy_Circle
Shahjahanpur_946706",Shahjahanpur,Uttar_Pradesh,946706.0,"Billing,_Shipping"
WB-14188,CUST-14660,"H.No._227
Madan_Nagar
Arrah_380647",Arrah,Bihar,380647.0,"Billing,_Shipping"
MH-14189,CUST-15866,"H.No._44,_Khanna_Path
Malegaon-087657",Malegaon,Maharashtra,87657.0,Shipping
AP-14190,CUST-01821,"407,_Chand_Ganj,_Anantapuram_197703",Anantapuram,Andhra_Pradesh,197703.0,"Billing,_Shipping"
BR-14191,CUST-05232,"66/803
Dixit_Chowk
Ballia-861722",Ballia,Uttar_Pradesh,861722.0,Shipping
MH-14192,CUST-13789,"03/756
Lal_Street
Bhiwandi_118997",Bhiwandi,Maharashtra,118997.0,Shipping
UP-14193,CUST-08948,"H.No._025
Bhat_Street
Firozabad-529027",Firozabad,Uttar_Pradesh,529027.0,"Billing,_Shipping"
TN-14194,CUST-13143,"172
Contractor
Pallavaram-225737",Pallavaram,Tamil_Nadu,225737.0,Billing
AP-14195,CUST-18199,"67
Kapoor_Circle
Bhimavaram_871554",Bhimavaram,Andhra_Pradesh,871554.0,Shipping
MP-14196,CUST-11222,"15
Malhotra_Road
Dehri-319344",Dehri,Bihar,319344.0,Billing
WB-14197,CUST-16826,"69
Bhavsar_Nagar
Kamarhati_158730",Kamarhati,West_Bengal,158730.0,Billing
TN-14198,CUST-14437,"H.No._83,_Sinha_Ganj,_Avadi-529985",Avadi,Tamil_Nadu,529985.0,"Billing,_Shipping"
MH-14199,CUST-06667,"547,_Madan,_Loni_895813",Loni,Uttar_Pradesh,895813.0,Shipping
MH-14200,CUST-06162,"400,_Bera_Chowk,_Nanded-086313",Nanded,Maharashtra,86313.0,"Billing,_Shipping"
WB-14201,CUST-11144,"30/26,_Sarna_Road
Uluberia-552644",Uluberia,West_Bengal,552644.0,Shipping
GJ-14202,CUST-16426,"47/05,_Rattan_Nagar
Jabalpur-002602",Jabalpur,Madhya_Pradesh,2602.0,"Billing,_Shipping"
UP-14203,CUST-07520,"H.No._623,_Bora_Nagar
Gurgaon-175283",Gurgaon,Haryana,175283.0,Billing
OR-14204,CUST-03010,"60/628
Rao_Chowk
Bilaspur-748567",Bilaspur,Chhattisgarh,748567.0,Billing
MP-14205,CUST-05146,"81/39
Shanker_Marg
Khandwa_274125",Khandwa,Madhya_Pradesh,274125.0,Billing
AP-14207,CUST-18150,"63/751,_Ranganathan_Marg,_Gudivada_437812",Gudivada,Andhra_Pradesh,437812.0,Billing
UP-14208,CUST-04326,"H.No._69,_Chaudhari_Zila
Bhagalpur_726550",Bhagalpur,Bihar,726550.0,"Billing,_Shipping"
BR-14209,CUST-16430,"H.No._625
Bail_Marg
Jaipur-785832",Jaipur,Rajasthan,785832.0,Billing
TR-14210,CUST-06240,"05/545
Subramanian_Nagar
Chandigarh_870963",Chandigarh,Chandigarh_(Union_Territory),870963.0,Billing
UP-14211,CUST-12979,"084
Yogi_Path
Farrukhabad_977780",Farrukhabad,Uttar_Pradesh,977780.0,Shipping
TS-14212,CUST-12392,"H.No._409
Varty_Street
Hindupur-107914",Hindupur,Andhra_Pradesh,107914.0,Billing
WB-14213,CUST-00606,"H.No._44,_Sha,_Aligarh-278949",Aligarh,Uttar_Pradesh,278949.0,Billing
GJ-14214,CUST-10322,"397
Edwin_Nagar
Gandhidham-230413",Gandhidham,Gujarat,230413.0,Shipping
TS-14215,CUST-19540,"45/82,_Virk_Street,_Sirsa_934101",Sirsa,Haryana,934101.0,Billing
UP-14216,CUST-02128,"H.No._98
Sampath_Chowk
Gurgaon_499866",Gurgaon,Haryana,499866.0,"Billing,_Shipping"
KL-14217,CUST-12830,"16
Sekhon_Road
Kollam_069893",Kollam,Kerala,69893.0,Shipping
MH-14218,CUST-11532,"H.No._444,_Kaul_Circle,_Karnal-950007",Karnal,Haryana,950007.0,Shipping
MH-14219,CUST-18127,"69/538,_Sengupta_Ganj
Karnal_126822",Karnal,Haryana,126822.0,Billing
BR-14220,CUST-12180,"27/509
Bera_Road
Munger-246916",Munger,Bihar,246916.0,Shipping
GJ-14221,CUST-16349,"45/896,_Maharaj_Ganj
Kavali-878531",Kavali,Andhra_Pradesh,878531.0,"Billing,_Shipping"
RJ-14222,CUST-14778,"423
Gokhale_Marg
Rajkot-349320",Rajkot,Gujarat,349320.0,"Billing,_Shipping"
JH-14223,CUST-11693,"996,_Sekhon_Ganj
Mango-612976",Mango,Jharkhand,612976.0,"Billing,_Shipping"
CG-14224,CUST-13115,"99/57,_Bhatt_Circle
Sambalpur_086039",Sambalpur,Odisha,86039.0,"Billing,_Shipping"
KA-14226,CUST-11813,"H.No._067
Rege_Ganj
Hospet-509184",Hospet,Karnataka,509184.0,Billing
MP-14227,CUST-06750,"64/23
Bala_Ganj
Jalandhar-316749",Jalandhar,Punjab,316749.0,Billing
UK-14228,CUST-15172,"H.No._73
Dara_Marg
Haridwar_672505",Haridwar,Uttarakhand,672505.0,Billing
AS-14229,CUST-19806,"68/62
Kulkarni_Chowk
Nagaon-350671",Nagaon,Assam,350671.0,Shipping
BR-14230,CUST-14963,"54,_Sura
Ballia-455036",Ballia,Uttar_Pradesh,455036.0,"Billing,_Shipping"
UP-14231,CUST-10496,"57
Das_Ganj
Gurgaon-805471",Gurgaon,Haryana,805471.0,Billing
UP-14232,CUST-05490,"H.No._38,_Bajaj_Zila
Raipur_272311",Raipur,Chhattisgarh,272311.0,Shipping
WB-14233,CUST-15110,"156,_Sekhon,_Kulti_305779",Kulti,West_Bengal,305779.0,Shipping
TN-14234,CUST-13886,"H.No._15
Hans_Road
Vellore-589001",Vellore,Tamil_Nadu,589001.0,Shipping
GJ-14235,CUST-12063,"60/13,_Varughese
Gandhidham_278223",Gandhidham,Gujarat,278223.0,Shipping
TN-14236,CUST-14811,"01,_Raju_Street
Salem-974970",Salem,Tamil_Nadu,974970.0,Shipping
WB-14237,CUST-18223,"83/491
Desai_Zila
Aligarh_226050",Aligarh,Uttar_Pradesh,226050.0,Billing
OR-14238,CUST-17270,"33,_Mane_Nagar,_Berhampur-825675",Berhampur,Odisha,825675.0,"Billing,_Shipping"
BR-14239,CUST-03854,"146
Soni_Nagar
Satna_001657",Satna,Madhya_Pradesh,1657.0,Shipping
CG-14240,CUST-16282,"36,_Barad_Zila
Sambalpur-979221",Sambalpur,Odisha,979221.0,Billing
OR-14241,CUST-14565,"H.No._257
Swaminathan_Street
Anantapur_712603",Anantapur,Andhra_Pradesh,712603.0,Billing
TN-14242,CUST-16443,"45
Gera_Chowk
Tiruppur-608465",Tiruppur,Tamil_Nadu,608465.0,Billing
TN-14243,CUST-15692,"H.No._00,_Sharma_Chowk,_Tiruppur_200551",Tiruppur,Tamil_Nadu,200551.0,Shipping
JH-14244,CUST-08739,"439
Anand_Road
Kharagpur-000251",Kharagpur,West_Bengal,251.0,Billing
JH-14245,CUST-11107,"39,_Sule_Zila
Mango_348667",Mango,Jharkhand,348667.0,Shipping
KA-14246,CUST-00728,"H.No._814,_Bath_Chowk,_Hospet_889042",Hospet,Karnataka,889042.0,Billing
TS-14247,CUST-15742,"69/04
Chokshi_Circle
Ambala-873525",Ambala,Haryana,873525.0,Billing
AP-14248,CUST-13030,"26/85,_Mannan_Street
Anantapuram-271482",Anantapuram,Andhra_Pradesh,271482.0,Shipping
OR-14249,CUST-17082,"06
Tak
Chandrapur-231997",Chandrapur,Maharashtra,231997.0,"Billing,_Shipping"
BR-14251,CUST-14248,"H.No._48,_Gola
Satna_546310",Satna,Madhya_Pradesh,546310.0,"Billing,_Shipping"
WB-14252,CUST-19661,"948,_Kothari_Circle,_Bidhannagar-452174",Bidhannagar,West_Bengal,452174.0,Shipping
MH-14253,CUST-14557,"92,_Bora_Zila
Yamunanagar-356203",Yamunanagar,Haryana,356203.0,Shipping
TN-14254,CUST-14085,"13,_Krishnamurthy_Circle
Chittoor_469001",Chittoor,Andhra_Pradesh,469001.0,"Billing,_Shipping"
TS-14255,CUST-12474,"87/50,_Dar_Street
Dindigul_800118",Dindigul,Tamil_Nadu,800118.0,Billing
UP-14256,CUST-03529,"588,_Chawla_Road
Chapra-230804",Chapra,Bihar,230804.0,Shipping
UK-14257,CUST-14217,"46/620,_Sarraf_Path
Jalna-695303",Jalna,Maharashtra,695303.0,Shipping
BR-14258,CUST-14348,"26,_Lata_Chowk
Jaipur_413493",Jaipur,Rajasthan,413493.0,Shipping
TN-14259,CUST-06493,"H.No._793,_Contractor_Zila,_Pallavaram_652152",Pallavaram,Tamil_Nadu,652152.0,Shipping
UP-14260,CUST-00628,"43/98
Maharaj_Nagar
Muzaffarpur-150985",Muzaffarpur,Bihar,150985.0,"Billing,_Shipping"
MH-14261,CUST-15074,"46
Bail_Road
Satara-909107",Satara,Maharashtra,909107.0,Billing
UP-14262,CUST-17659,"27
Subramanian_Street
Muzaffarpur_005527",Muzaffarpur,Bihar,5527.0,Shipping
RJ-14263,CUST-10581,"H.No._82
Chaudry_Path
Dewas-043623",Dewas,Madhya_Pradesh,43623.0,"Billing,_Shipping"
MH-14264,CUST-09327,"H.No._301
Sandal_Circle
Jalgaon-127203",Jalgaon,Maharashtra,127203.0,Billing
OR-14265,CUST-08930,"725,_Raju_Zila,_Chandrapur_539562",Chandrapur,Maharashtra,539562.0,Shipping
WB-14266,CUST-13617,"00,_Aggarwal_Marg,_Arrah_075809",Arrah,Bihar,75809.0,Shipping
CG-14267,CUST-15787,"753,_Sant_Ganj,_Nagpur-421169",Nagpur,Maharashtra,421169.0,Shipping
MP-14268,CUST-07686,"H.No._944,_Badal_Marg,_Dehri-388906",Dehri,Bihar,388906.0,Shipping
BR-14269,CUST-17414,"H.No._64
Ghosh_Chowk
Satna_220236",Satna,Madhya_Pradesh,220236.0,Shipping
UP-14270,CUST-18634,"60
Bhattacharyya
Chapra_236704",Chapra,Bihar,236704.0,Billing
GJ-14271,CUST-12123,"76/433,_Hegde_Zila,_Allahabad-750386",Allahabad,Uttar_Pradesh,750386.0,"Billing,_Shipping"
UP-14272,CUST-01688,"99/961
Thakur_Zila
Karimnagar_597832",Karimnagar,Telangana,597832.0,"Billing,_Shipping"
JH-14273,CUST-11456,"H.No._541,_Chandra_Zila,_Kharagpur_515905",Kharagpur,West_Bengal,515905.0,Shipping
KA-14274,CUST-09466,"H.No._41
Sood_Road
Solapur_179493",Solapur,Maharashtra,179493.0,"Billing,_Shipping"
CG-14275,CUST-18261,"H.No._059
Johal_Path
Nagpur-774769",Nagpur,Maharashtra,774769.0,"Billing,_Shipping"
RJ-14276,CUST-09675,"H.No._302
Bhatnagar_Path
Fatehpur-630803",Fatehpur,Uttar_Pradesh,630803.0,"Billing,_Shipping"
OR-14277,CUST-07599,"H.No._52
Cheema_Ganj
Chandrapur_183900",Chandrapur,Maharashtra,183900.0,Shipping
GJ-14278,CUST-05669,"38/282,_Seth_Marg
Ajmer_078618",Ajmer,Rajasthan,78618.0,Billing
WB-14279,CUST-10236,"83/00,_Lanka_Circle
Kamarhati-910235",Kamarhati,West_Bengal,910235.0,Billing
BR-14280,CUST-08424,"158,_Yogi_Path
Jaipur_976440",Jaipur,Rajasthan,976440.0,Billing
UP-14281,CUST-13415,"83/343,_Agrawal_Marg
Shahjahanpur-972374",Shahjahanpur,Uttar_Pradesh,972374.0,"Billing,_Shipping"
MP-14282,CUST-05080,"36/33,_Dora_Chowk,_Gorakhpur_836738",Gorakhpur,Uttar_Pradesh,836738.0,Shipping
TR-14283,CUST-12346,"06/815,_Salvi_Path
Durgapur_136951",Durgapur,West_Bengal,136951.0,Shipping
OR-14284,CUST-05761,"H.No._81
Venkataraman_Zila
Mathura_796593",Mathura,Uttar_Pradesh,796593.0,"Billing,_Shipping"
WB-14285,CUST-19113,"93/910,_Varma_Ganj
Bally_572163",Bally,West_Bengal,572163.0,Billing
WB-14286,CUST-12572,"H.No._117,_Balakrishnan_Path,_Uluberia-410911",Uluberia,West_Bengal,410911.0,Billing
RJ-14287,CUST-13196,"83/632,_Dubey,_Rajkot_091430",Rajkot,Gujarat,91430.0,Billing
MP-14288,CUST-09581,"H.No._43,_Das_Marg
Mau-764639",Mau,Uttar_Pradesh,764639.0,"Billing,_Shipping"
TR-14289,CUST-07717,"H.No._510
Yohannan_Zila
Chandigarh_400439",Chandigarh,Chandigarh_(Union_Territory),400439.0,Billing
MH-14290,CUST-06332,"72/15,_Batta,_Jalgaon_664247",Jalgaon,Maharashtra,664247.0,Shipping
WB-14291,CUST-06420,"04/899,_Dhillon_Nagar
Madhyamgram_591898",Madhyamgram,West_Bengal,591898.0,Shipping
MP-14292,CUST-12167,"H.No._81
Baral_Chowk
Ramgarh-419764",Ramgarh,Jharkhand,419764.0,"Billing,_Shipping"
JH-14293,CUST-19851,"855
Bera_Zila
Mango_033292",Mango,Jharkhand,33292.0,Billing
RJ-14294,CUST-16045,"20/80,_Desai_Path
Dewas-630171",Dewas,Madhya_Pradesh,630171.0,Billing
WB-14296,CUST-03107,"69/062,_Shankar_Marg
Arrah-482432",Arrah,Bihar,482432.0,"Billing,_Shipping"
AS-14297,CUST-05588,"593,_Varty_Zila
Siliguri_746878",Siliguri,West_Bengal,746878.0,Billing
OR-14298,CUST-08680,"H.No._01,_Sathe_Marg,_Kanpur_018151",Kanpur,Uttar_Pradesh,18151.0,Billing
TN-14299,CUST-19626,"H.No._128,_Ratta_Circle,_Salem_320665",Salem,Tamil_Nadu,320665.0,Billing
OR-14300,CUST-12800,"58/66,_Sur_Road,_Patna_479975",Patna,Bihar,479975.0,Shipping
HR-14301,CUST-17736,"H.No._87
Krishnan_Zila
Aurangabad-303210",Aurangabad,Maharashtra,303210.0,Billing
TS-14302,CUST-14303,"11
Basak_Ganj
Ambala-239042",Ambala,Haryana,239042.0,Shipping
MH-14303,CUST-11310,"029,_Raman_Path
Guntur_437617",Guntur,Andhra_Pradesh,437617.0,"Billing,_Shipping"
GJ-14304,CUST-10879,"H.No._923,_Goda_Street
Gandhidham-857284",Gandhidham,Gujarat,857284.0,Shipping
MP-14305,CUST-06685,"H.No._238,_Kunda_Road
Ramgarh_623073",Ramgarh,Jharkhand,623073.0,Billing
TN-14306,CUST-19373,"77/15
Babu_Path
Avadi-612794",Avadi,Tamil_Nadu,612794.0,"Billing,_Shipping"
GJ-14307,CUST-16200,"19/275
Sahni_Marg
Vadodara-770352",Vadodara,Gujarat,770352.0,"Billing,_Shipping"
KA-14308,CUST-02027,"06,_Taneja_Ganj
Solapur_078385",Solapur,Maharashtra,78385.0,"Billing,_Shipping"
MP-14309,CUST-17256,"23,_Konda_Zila
Kota_386011",Kota,Rajasthan,386011.0,Shipping
AS-14310,CUST-09090,"H.No._967,_Chacko_Chowk
Bongaigaon_910442",Bongaigaon,Assam,910442.0,Billing
CG-14311,CUST-19131,"33
Bath_Path
Sagar-020937",Sagar,Madhya_Pradesh,20937.0,Shipping
BR-14312,CUST-05303,"49/395,_Bakshi_Street
Munger_236134",Munger,Bihar,236134.0,"Billing,_Shipping"
UP-14313,CUST-18096,"33/286
Bajaj
Bhagalpur_075589",Bhagalpur,Bihar,75589.0,Shipping
TN-14314,CUST-13034,"H.No._960
Dhar_Road
Tiruppur_261941",Tiruppur,Tamil_Nadu,261941.0,Billing
UK-14315,CUST-14326,"H.No._62,_Rama_Road,_Shivpuri_655926",Shivpuri,Madhya_Pradesh,655926.0,Shipping
WB-14316,CUST-14792,"92,_Wadhwa_Circle
Kulti-686814",Kulti,West_Bengal,686814.0,Shipping
CG-14317,CUST-12004,"082
Krish_Marg
Malda-202544",Malda,West_Bengal,202544.0,Shipping
RJ-14318,CUST-03171,"H.No._88,_Sridhar_Street
Rajkot-413166",Rajkot,Gujarat,413166.0,Billing
AP-14319,CUST-11352,"72/586,_Dhawan_Ganj
Gudivada_445705",Gudivada,Andhra_Pradesh,445705.0,"Billing,_Shipping"
UP-14320,CUST-05386,"39,_Dey_Zila
Bhagalpur_557478",Bhagalpur,Bihar,557478.0,"Billing,_Shipping"
OR-14321,CUST-16828,"69/07
Tripathi
Danapur-005752",Danapur,Bihar,5752.0,"Billing,_Shipping"
MP-14322,CUST-00563,"76,_Chana_Chowk,_Khandwa_207636",Khandwa,Madhya_Pradesh,207636.0,Shipping
WB-14323,CUST-08225,"H.No._350,_Basak_Marg
Aligarh_464476",Aligarh,Uttar_Pradesh,464476.0,Billing
TS-14324,CUST-00155,"H.No._560,_Jha_Marg
Ambala-613572",Ambala,Haryana,613572.0,Billing
GJ-14325,CUST-08771,"H.No._35,_Johal_Marg,_Allahabad-514050",Allahabad,Uttar_Pradesh,514050.0,Shipping
TS-14326,CUST-18304,"46/256
Soman_Chowk
Ramagundam_291508",Ramagundam,Telangana,291508.0,Shipping
MP-14327,CUST-14582,"H.No._83
Choudhry
Kota-961562",Kota,Rajasthan,961562.0,Billing
HP-14328,CUST-17538,"95
Subramaniam_Chowk
Udaipur-442989",Udaipur,Rajasthan,442989.0,Shipping
AP-14329,CUST-15581,"H.No._34,_Hans,_Jammu_897540",Jammu,Jammu_and_Kashmir,897540.0,Billing
WB-14330,CUST-13712,"277,_Aurora_Chowk,_Kamarhati-220450",Kamarhati,West_Bengal,220450.0,"Billing,_Shipping"
MP-14331,CUST-00764,"H.No._444,_Randhawa_Road,_Agra-067707",Agra,Uttar_Pradesh,67707.0,"Billing,_Shipping"
GJ-14332,CUST-18158,"H.No._821
Dube_Path
Vadodara-792488",Vadodara,Gujarat,792488.0,Billing
KA-14333,CUST-14172,"H.No._82,_Hari_Chowk,_Solapur_080367",Solapur,Maharashtra,80367.0,"Billing,_Shipping"
TN-14334,CUST-05703,"H.No._55,_Khosla_Street
Tiruppur-653910",Tiruppur,Tamil_Nadu,653910.0,Shipping
MP-14335,CUST-12612,"88/680,_Banerjee_Road
Jhansi-285584",Jhansi,Uttar_Pradesh,285584.0,Shipping
TN-14336,CUST-01813,"82,_Aurora_Path,_Pallavaram_036543",Pallavaram,Tamil_Nadu,36543.0,Shipping
WB-14337,CUST-12295,"H.No._173,_Cheema_Ganj,_Kamarhati-765946",Kamarhati,West_Bengal,765946.0,Shipping
OR-14338,CUST-12914,"857
Hayer_Chowk
Bharatpur_301526",Bharatpur,Rajasthan,301526.0,"Billing,_Shipping"
UP-14339,CUST-16823,"51/003,_Rama_Path
Muzaffarpur-031770",Muzaffarpur,Bihar,31770.0,Shipping
GJ-14340,CUST-11251,"15/671,_Doshi_Path
Allahabad_309976",Allahabad,Uttar_Pradesh,309976.0,"Billing,_Shipping"
UP-14341,CUST-09510,"H.No._794,_Zacharia_Marg,_Muzaffarpur-425108",Muzaffarpur,Bihar,425108.0,"Billing,_Shipping"
MP-14342,CUST-19207,"H.No._62
Chaudhry_Ganj
Agra_059317",Agra,Uttar_Pradesh,59317.0,Shipping
WB-14343,CUST-08642,"73/75,_Wali_Ganj
Bally-545133",Bally,West_Bengal,545133.0,"Billing,_Shipping"
OR-14344,CUST-16341,"H.No._91
Viswanathan_Marg
Bharatpur_913166",Bharatpur,Rajasthan,913166.0,Shipping
MP-14345,CUST-04092,"68/68
Borah_Circle
Unnao_702511",Unnao,Uttar_Pradesh,702511.0,"Billing,_Shipping"
MH-14346,CUST-15833,"89,_Rama_Chowk,_Yamunanagar_825064",Yamunanagar,Haryana,825064.0,Shipping
UP-14347,CUST-02795,"80
Boase_Nagar
Gurgaon_653800",Gurgaon,Haryana,653800.0,Shipping
MH-14348,CUST-17934,"05,_Sama_Zila,_Karnal-239685",Karnal,Haryana,239685.0,Shipping
CG-14349,CUST-09906,"H.No._98,_Bhakta_Circle,_Nagpur-645375",Nagpur,Maharashtra,645375.0,Shipping
WB-14350,CUST-15922,"H.No._801,_Sahota_Chowk
Uluberia-754415",Uluberia,West_Bengal,754415.0,"Billing,_Shipping"
RJ-14351,CUST-13942,"279,_Johal_Nagar
Fatehpur_259972",Fatehpur,Uttar_Pradesh,259972.0,Billing
GJ-14352,CUST-06514,"62,_Savant,_Allahabad-475630",Allahabad,Uttar_Pradesh,475630.0,Billing
CG-14353,CUST-08067,"H.No._215,_Yogi_Road,_Nagpur-630545",Nagpur,Maharashtra,630545.0,"Billing,_Shipping"
GJ-14354,CUST-06099,"01,_Hegde_Marg,_Allahabad-760606",Allahabad,Uttar_Pradesh,760606.0,"Billing,_Shipping"
JH-14355,CUST-05561,"57/71,_Salvi_Chowk
Phusro_467049",Phusro,Jharkhand,467049.0,Shipping
WB-14356,CUST-06929,"H.No._215,_Ramanathan_Marg,_Kamarhati-010683",Kamarhati,West_Bengal,10683.0,Shipping
WB-14357,CUST-13823,"372,_Behl_Marg
Kulti-321461",Kulti,West_Bengal,321461.0,Billing
OR-14358,CUST-02527,"75
Yohannan_Ganj
Patna-116234",Patna,Bihar,116234.0,"Billing,_Shipping"
GJ-14359,CUST-00729,"H.No._415
Ramachandran_Street
Hajipur-514239",Hajipur,Bihar,514239.0,Billing
GJ-14360,CUST-15537,"854
Srinivas_Marg
Vadodara_641161",Vadodara,Gujarat,641161.0,Billing
UP-14361,CUST-10186,"36/989
Dugar_Road
Mirzapur_042452",Mirzapur,Uttar_Pradesh,42452.0,Shipping
GJ-14362,CUST-08048,"H.No._447,_Ghosh_Nagar,_Ajmer-181760",Ajmer,Rajasthan,181760.0,Billing
UP-14363,CUST-11996,"88/06
Agarwal_Road
Mirzapur-863985",Mirzapur,Uttar_Pradesh,863985.0,Billing
HR-14364,CUST-18921,"78,_Chander,_Bikaner_495719",Bikaner,Rajasthan,495719.0,Shipping
OR-14365,CUST-16562,"H.No._648,_Grewal_Circle,_Mathura_412192",Mathura,Uttar_Pradesh,412192.0,"Billing,_Shipping"
GJ-14366,CUST-15928,"H.No._45
Gara_Ganj
Ajmer-355066",Ajmer,Rajasthan,355066.0,Shipping
KA-14367,CUST-08587,"046,_Tiwari_Street
Amaravati-354222",Amaravati,Andhra_Pradesh,354222.0,Billing
GJ-14368,CUST-17636,"73,_Sathe_Circle,_Allahabad_306704",Allahabad,Uttar_Pradesh,306704.0,Billing
WB-14369,CUST-10049,"H.No._35,_Malhotra_Street,_Bidhannagar-950447",Bidhannagar,West_Bengal,950447.0,Billing
BR-14370,CUST-18562,"379,_Choudhury_Chowk,_Satna-868635",Satna,Madhya_Pradesh,868635.0,Shipping
AP-14371,CUST-18959,"18/52
Ahluwalia
Gudivada-279265",Gudivada,Andhra_Pradesh,279265.0,"Billing,_Shipping"
AS-14372,CUST-16990,"255,_Wagle_Zila,_Nagaon_425488",Nagaon,Assam,425488.0,"Billing,_Shipping"
MP-14373,CUST-03055,"55/817,_Wadhwa_Road,_Unnao-865935",Unnao,Uttar_Pradesh,865935.0,Shipping
TN-14374,CUST-00019,"H.No._48,_Soni,_Pallavaram-280593",Pallavaram,Tamil_Nadu,280593.0,Shipping
OR-14375,CUST-11794,"H.No._141,_Chauhan_Zila
Kanpur_034469",Kanpur,Uttar_Pradesh,34469.0,Shipping
UP-14376,CUST-13724,"74/02,_Golla_Zila,_Gurgaon_993378",Gurgaon,Haryana,993378.0,Billing
CG-14377,CUST-03748,"H.No._40
Dewan_Circle
Malda-068181",Malda,West_Bengal,68181.0,"Billing,_Shipping"
MP-14378,CUST-09197,"15
Hayer_Chowk
Indore-166362",Indore,Madhya_Pradesh,166362.0,Billing
UK-14379,CUST-12134,"028,_Tiwari_Street,_Shivpuri-729026",Shivpuri,Madhya_Pradesh,729026.0,Billing
JH-14380,CUST-10857,"25/69,_Krishnan_Road
Asansol-040284",Asansol,West_Bengal,40284.0,Billing
MH-14381,CUST-02096,"H.No._44,_Jain_Zila,_Yamunanagar-655042",Yamunanagar,Haryana,655042.0,Billing
BR-14382,CUST-13414,"95/86,_Sachar_Street
Buxar_740140",Buxar,Bihar,740140.0,Billing
CG-14383,CUST-05723,"88,_Vora_Zila,_Bhilai_873502",Bhilai,Chhattisgarh,873502.0,Shipping
TN-14384,CUST-13342,"71/11,_Borde,_Pali-795493",Pali,Rajasthan,795493.0,Shipping
AP-14385,CUST-17256,"H.No._789,_Bhatnagar_Chowk
Bhimavaram-675543",Bhimavaram,Andhra_Pradesh,675543.0,Billing
TS-14386,CUST-05143,"10/741
Master_Circle
Sirsa_341869",Sirsa,Haryana,341869.0,"Billing,_Shipping"
GJ-14387,CUST-18070,"15/79,_Bava_Ganj
Allahabad-991616",Allahabad,Uttar_Pradesh,991616.0,"Billing,_Shipping"
UK-14388,CUST-16989,"28/738,_Subramaniam_Marg,_Haridwar-622437",Haridwar,Uttarakhand,622437.0,Billing
TN-14389,CUST-03773,"H.No._89,_Balay_Marg
Pali-780714",Pali,Rajasthan,780714.0,Shipping
OR-14390,CUST-05877,"49/26,_Keer_Street
Patna-087569",Patna,Bihar,87569.0,Shipping
AP-14391,CUST-18060,"H.No._28,_Rattan_Nagar,_Gudivada-562153",Gudivada,Andhra_Pradesh,562153.0,Shipping
HR-14392,CUST-01139,"77/13,_Karnik_Path,_Aurangabad-750689",Aurangabad,Maharashtra,750689.0,"Billing,_Shipping"
WB-14393,CUST-12357,"054,_Sur_Chowk
Aligarh_345670",Aligarh,Uttar_Pradesh,345670.0,Billing
WB-14394,CUST-12880,"567,_Rege_Marg
Baranagar_459386",Baranagar,West_Bengal,459386.0,Billing
WB-14395,CUST-01129,"H.No._462
Kar_Street
Bidhannagar_303564",Bidhannagar,West_Bengal,303564.0,Billing
BR-14396,CUST-17038,"H.No._149
Guha_Circle
Jaipur-293587",Jaipur,Rajasthan,293587.0,Shipping
AP-14397,CUST-12001,"H.No._07,_Butala_Road,_Srikakulam_247963",Srikakulam,Andhra_Pradesh,247963.0,"Billing,_Shipping"
AS-14398,CUST-04009,"78/967,_Doshi_Zila,_Nagaon-006715",Nagaon,Assam,6715.0,Shipping
WB-14399,CUST-05769,"291,_Sule_Marg
Kamarhati-339513",Kamarhati,West_Bengal,339513.0,"Billing,_Shipping"
UP-14400,CUST-19725,"11/38,_Arya_Path,_Shahjahanpur_045464",Shahjahanpur,Uttar_Pradesh,45464.0,"Billing,_Shipping"
WB-14401,CUST-19217,"426,_Hans_Circle,_Bidhannagar-479010",Bidhannagar,West_Bengal,479010.0,"Billing,_Shipping"
OR-14402,CUST-05865,"H.No._182
Golla_Nagar
Danapur-005618",Danapur,Bihar,5618.0,Billing
GJ-14403,CUST-17604,"74/78,_Dutta_Street
Gandhidham_666964",Gandhidham,Gujarat,666964.0,"Billing,_Shipping"
OR-14404,CUST-18711,"03,_Chadha_Ganj,_Kanpur-511468",Kanpur,Uttar_Pradesh,511468.0,"Billing,_Shipping"
OR-14405,CUST-12568,"38,_Hari_Road
Danapur_404235",Danapur,Bihar,404235.0,"Billing,_Shipping"
AS-14406,CUST-10403,"056,_Shetty
Siliguri-248882",Siliguri,West_Bengal,248882.0,Billing
DL-14407,CUST-18787,"83/988,_Bakshi_Path
Delhi_494705",Delhi,Delhi_(Union_Territory),494705.0,Billing
UK-14408,CUST-03695,"H.No._55
Issac_Path
Haridwar_083997",Haridwar,Uttarakhand,83997.0,Shipping
UP-14410,CUST-17262,"H.No._10,_Sarna_Road
Raipur-131580",Raipur,Chhattisgarh,131580.0,"Billing,_Shipping"
WB-14411,CUST-16505,"098
Bhasin_Circle
Bidhannagar-282521",Bidhannagar,West_Bengal,282521.0,Shipping
AS-14412,CUST-13597,"H.No._53,_Bhatti_Nagar
Bongaigaon_150402",Bongaigaon,Assam,150402.0,Shipping
TN-14413,CUST-09149,"H.No._820
Sampath_Zila
Pali_015024",Pali,Rajasthan,15024.0,Shipping
RJ-14414,CUST-10633,"H.No._02,_Sachdev_Path,_Dewas-921180",Dewas,Madhya_Pradesh,921180.0,Shipping
TN-14415,CUST-12940,"H.No._989,_Zachariah_Chowk,_Pali_779539",Pali,Rajasthan,779539.0,Shipping
HP-14416,CUST-18248,"H.No._23,_Khurana_Marg,_Udaipur_381170",Udaipur,Rajasthan,381170.0,Shipping
WB-14417,CUST-18330,"439
Sastry_Chowk
Kulti-141407",Kulti,West_Bengal,141407.0,Shipping
TS-14418,CUST-10591,"H.No._358,_Chaudhuri_Path,_Proddatur-816036",Proddatur,Andhra_Pradesh,816036.0,"Billing,_Shipping"
TN-14419,CUST-12351,"21/90
Vala_Ganj
Gandhinagar_657392",Gandhinagar,Gujarat,657392.0,Shipping
TN-14420,CUST-06724,"65,_Gera_Street,_Vellore_788455",Vellore,Tamil_Nadu,788455.0,"Billing,_Shipping"
TS-14421,CUST-02126,"H.No._67,_Kalita_Circle
Ambala_815890",Ambala,Haryana,815890.0,Shipping
UP-14422,CUST-04703,"89/404
Bassi_Chowk
Mirzapur_448880",Mirzapur,Uttar_Pradesh,448880.0,Billing
AS-14423,CUST-10876,"261,_Ramesh_Street,_Nagaon_931824",Nagaon,Assam,931824.0,Shipping
WB-14424,CUST-15689,"H.No._63,_Dara_Chowk
Aligarh_118707",Aligarh,Uttar_Pradesh,118707.0,Billing
RJ-14425,CUST-15241,"084,_Gupta_Circle
Fatehpur_918632",Fatehpur,Uttar_Pradesh,918632.0,Billing
WB-14426,CUST-13415,"67/39,_Iyer_Path
Aligarh_180870",Aligarh,Uttar_Pradesh,180870.0,"Billing,_Shipping"
GJ-14427,CUST-16746,"H.No._67,_Shetty_Chowk
Jabalpur_848809",Jabalpur,Madhya_Pradesh,848809.0,"Billing,_Shipping"
TN-14428,CUST-19750,"29/57,_Lad_Ganj,_Pallavaram-262430",Pallavaram,Tamil_Nadu,262430.0,Billing
GJ-14429,CUST-13889,"71/670,_Bhat_Street,_Hajipur-236710",Hajipur,Bihar,236710.0,"Billing,_Shipping"
GJ-14430,CUST-09262,"H.No._73,_Rout_Path,_Gandhidham_122200",Gandhidham,Gujarat,122200.0,Shipping
RJ-14431,CUST-03311,"98/494,_Mahal_Circle,_Dewas-287343",Dewas,Madhya_Pradesh,287343.0,Billing
MP-14432,CUST-19408,"H.No._645,_Varma_Nagar,_Gorakhpur_279532",Gorakhpur,Uttar_Pradesh,279532.0,Billing
GJ-14433,CUST-01820,"H.No._47,_Tella_Ganj,_Hajipur-621636",Hajipur,Bihar,621636.0,Shipping
TS-14434,CUST-11993,"295
Bhagat_Circle
Dindigul_089654",Dindigul,Tamil_Nadu,89654.0,Shipping
UP-14435,CUST-10219,"H.No._29
Kaul_Ganj
Karimnagar_994720",Karimnagar,Telangana,994720.0,Billing
MP-14436,CUST-11821,"600
Choudhury_Ganj
Jodhpur-943309",Jodhpur,Rajasthan,943309.0,Shipping
TS-14437,CUST-11470,"H.No._63,_Ghosh_Ganj,_Srinagar-585091",Srinagar,Jammu_and_Kashmir,585091.0,Shipping
MP-14438,CUST-00235,"34/588,_Ravel_Marg,_Indore-059873",Indore,Madhya_Pradesh,59873.0,Billing
UK-14439,CUST-14045,"00/43,_Devan_Marg
Jalna_969548",Jalna,Maharashtra,969548.0,Shipping
AP-14440,CUST-10740,"79/19,_Jhaveri_Nagar,_Jammu_382433",Jammu,Jammu_and_Kashmir,382433.0,Shipping
AP-14441,CUST-15522,"H.No._18,_Swamy_Ganj
Bhimavaram_219352",Bhimavaram,Andhra_Pradesh,219352.0,Shipping
TS-14442,CUST-12251,"43/37
Shankar_Chowk
Ramagundam_317478",Ramagundam,Telangana,317478.0,Billing
CG-14443,CUST-14670,"267,_Gola,_Malda-519602",Malda,West_Bengal,519602.0,"Billing,_Shipping"
AP-14444,CUST-13646,"527
Dhaliwal_Zila
Gudivada_888573",Gudivada,Andhra_Pradesh,888573.0,Shipping
OR-14445,CUST-12579,"H.No._37,_Talwar_Marg
Anantapur_251001",Anantapur,Andhra_Pradesh,251001.0,"Billing,_Shipping"
OR-14446,CUST-12615,"H.No._531
Sant_Nagar
Chandrapur_917696",Chandrapur,Maharashtra,917696.0,Shipping
CG-14447,CUST-15280,"263
Karan_Ganj
Sagar-078210",Sagar,Madhya_Pradesh,78210.0,"Billing,_Shipping"
WB-14448,CUST-03821,"71,_Mander_Road
Arrah-777363",Arrah,Bihar,777363.0,Shipping
UP-14449,CUST-15439,"07,_Barman_Circle
Firozabad-158418",Firozabad,Uttar_Pradesh,158418.0,Billing
MP-14450,CUST-15387,"H.No._640,_Chaudhari_Chowk
Kishanganj-442717",Kishanganj,Bihar,442717.0,Shipping
KA-14451,CUST-08999,"96/54,_Doctor_Circle
Mangalore_831841",Mangalore,Karnataka,831841.0,Billing
KL-14452,CUST-16075,"78,_Varghese_Zila
Kollam_245982",Kollam,Kerala,245982.0,Billing
WB-14453,CUST-19384,"897,_Arya_Street
Bally-882197",Bally,West_Bengal,882197.0,"Billing,_Shipping"
UP-14454,CUST-01269,"53/204,_Sahota_Path,_Chapra-009052",Chapra,Bihar,9052.0,Billing
BR-14455,CUST-16369,"775,_Arora
Buxar_131611",Buxar,Bihar,131611.0,Billing
MP-14456,CUST-07049,"62,_Atwal_Street,_Jodhpur-992445",Jodhpur,Rajasthan,992445.0,Billing
HR-14457,CUST-06058,"848,_Cherian_Road
Bikaner_294952",Bikaner,Rajasthan,294952.0,Billing
UP-14458,CUST-12623,"H.No._89,_Sangha_Path
Mirzapur_284234",Mirzapur,Uttar_Pradesh,284234.0,Shipping
TN-14459,CUST-03213,"H.No._798,_Majumdar_Nagar,_Tiruppur_889081",Tiruppur,Tamil_Nadu,889081.0,Shipping
TS-14460,CUST-05455,"H.No._50,_Gola_Nagar,_Ramagundam_834853",Ramagundam,Telangana,834853.0,"Billing,_Shipping"
MH-14461,CUST-15376,"11/81
Chacko_Nagar
Satara_386691",Satara,Maharashtra,386691.0,Billing
WB-14462,CUST-14669,"641,_Bajaj_Circle
Bally_555628",Bally,West_Bengal,555628.0,Shipping
MH-14463,CUST-14151,"H.No._51,_Saini
Nanded-080007",Nanded,Maharashtra,80007.0,Billing
HR-14464,CUST-04655,"H.No._606,_Venkataraman_Circle
Aurangabad_724100",Aurangabad,Maharashtra,724100.0,Billing
UP-14465,CUST-12882,"77/291,_Ahluwalia_Street
Karimnagar-172493",Karimnagar,Telangana,172493.0,Shipping
WB-14466,CUST-13480,"H.No._04,_Khatri_Circle
Naihati_732619",Naihati,West_Bengal,732619.0,Billing
TR-14467,CUST-06039,"93/827,_Baria_Ganj,_Chandigarh-021420",Chandigarh,Chandigarh_(Union_Territory),21420.0,Billing
TS-14468,CUST-04100,"H.No._60,_Issac_Ganj
Ambala-897107",Ambala,Haryana,897107.0,Shipping
OR-14469,CUST-19476,"28/765,_Seshadri,_Bilaspur_613343",Bilaspur,Chhattisgarh,613343.0,"Billing,_Shipping"
UP-14470,CUST-05610,"H.No._375,_Shere_Circle
Karimnagar-342302",Karimnagar,Telangana,342302.0,Billing
WB-14471,CUST-05353,"03/86
Saxena_Marg
Madhyamgram-110296",Madhyamgram,West_Bengal,110296.0,Shipping
RJ-14472,CUST-17759,"63/126,_Sethi_Marg
Fatehpur-127918",Fatehpur,Uttar_Pradesh,127918.0,Shipping
BR-14473,CUST-15242,"69
Iyer_Zila
Buxar_179068",Buxar,Bihar,179068.0,Shipping
BR-14474,CUST-00669,"H.No._85,_Saha_Path
Munger-344542",Munger,Bihar,344542.0,Billing
TS-14475,CUST-04945,"419
Agate_Road
Nizamabad_703785",Nizamabad,Telangana,703785.0,"Billing,_Shipping"
TN-14476,CUST-07640,"H.No._29
Sathe_Street
Gandhinagar_990998",Gandhinagar,Gujarat,990998.0,Billing
CG-14477,CUST-18794,"59/88,_Bedi_Marg
Sambalpur-172836",Sambalpur,Odisha,172836.0,"Billing,_Shipping"
BR-14478,CUST-18483,"97/130,_Batra_Circle,_Satna-241571",Satna,Madhya_Pradesh,241571.0,Shipping
MP-14479,CUST-04947,"H.No._578,_Bhakta_Marg
Ramgarh-978083",Ramgarh,Jharkhand,978083.0,Shipping
WB-14480,CUST-13332,"48/97,_Tak,_Aligarh_568563",Aligarh,Uttar_Pradesh,568563.0,Billing
KA-14481,CUST-18151,"H.No._859,_Lal_Chowk,_Solapur-684427",Solapur,Maharashtra,684427.0,"Billing,_Shipping"
AP-14482,CUST-17210,"H.No._716
Kurian_Zila
Srikakulam_614023",Srikakulam,Andhra_Pradesh,614023.0,Billing
TS-14483,CUST-14077,"122,_Dara_Street,_Ambala-612035",Ambala,Haryana,612035.0,Shipping
CG-14484,CUST-14894,"36,_Verma_Zila
Sagar-201278",Sagar,Madhya_Pradesh,201278.0,Billing
UK-14485,CUST-15252,"21/17,_Char_Street,_Jalna_737970",Jalna,Maharashtra,737970.0,Shipping
OR-14486,CUST-13893,"73/004
De_Circle
Mathura_948737",Mathura,Uttar_Pradesh,948737.0,Billing
MH-14487,CUST-01854,"H.No._66,_Jha_Chowk
Nanded-783157",Nanded,Maharashtra,783157.0,Shipping
KA-14488,CUST-16177,"75/226,_Sinha_Nagar,_Hospet-207611",Hospet,Karnataka,207611.0,Billing
MP-14489,CUST-15628,"39/86
Bala_Path
Khandwa_949943",Khandwa,Madhya_Pradesh,949943.0,Shipping
TN-14490,CUST-09691,"H.No._50,_Agate_Ganj,_Chittoor-380386",Chittoor,Andhra_Pradesh,380386.0,"Billing,_Shipping"
TS-14492,CUST-12159,"304,_Soni
Sirsa-559602",Sirsa,Haryana,559602.0,Shipping
AS-14493,CUST-10768,"205,_Bath_Chowk,_Siliguri-606605",Siliguri,West_Bengal,606605.0,"Billing,_Shipping"
UP-14494,CUST-16638,"H.No._05,_Kapoor_Ganj,_Raiganj_640772",Raiganj,West_Bengal,640772.0,Shipping
TN-14495,CUST-05166,"396,_Deol,_Tiruvottiyur_436290",Tiruvottiyur,Tamil_Nadu,436290.0,Shipping
WB-14496,CUST-02865,"19/096
Bhatt_Ganj
Arrah-588056",Arrah,Bihar,588056.0,"Billing,_Shipping"
GJ-14497,CUST-16023,"H.No._75
Mangat_Street
Ajmer_794796",Ajmer,Rajasthan,794796.0,Shipping
RJ-14498,CUST-12117,"76,_Desai_Road
Akola-653091",Akola,Maharashtra,653091.0,Shipping
WB-14499,CUST-19519,"388,_Sarkar_Street,_Bally-306755",Bally,West_Bengal,306755.0,Billing
UP-14500,CUST-16039,"10/19,_Chada_Path,_Firozabad-204064",Firozabad,Uttar_Pradesh,204064.0,Billing
MP-14501,CUST-13506,"61/87,_Kala_Road
Kota_836246",Kota,Rajasthan,836246.0,"Billing,_Shipping"
JH-14502,CUST-18463,"H.No._899,_Basu
Phusro_199776",Phusro,Jharkhand,199776.0,"Billing,_Shipping"
UK-14503,CUST-17865,"31/08,_Atwal_Chowk,_Jalna_468949",Jalna,Maharashtra,468949.0,"Billing,_Shipping"
OR-14504,CUST-10177,"H.No._081,_Sankaran_Path
Mathura-575730",Mathura,Uttar_Pradesh,575730.0,Billing
UK-14505,CUST-16503,"07/73,_Kale,_Haridwar-556392",Haridwar,Uttarakhand,556392.0,"Billing,_Shipping"
MP-14506,CUST-17831,"H.No._713
Raja
Khandwa_246663",Khandwa,Madhya_Pradesh,246663.0,Shipping
MH-14507,CUST-18135,"82/229
Sehgal_Circle
Loni-185012",Loni,Uttar_Pradesh,185012.0,Billing
OR-14508,CUST-04725,"15/04
Khalsa_Circle
Anantapur_347220",Anantapur,Andhra_Pradesh,347220.0,Shipping
UK-14509,CUST-10075,"425,_Din_Nagar,_Haridwar-054765",Haridwar,Uttarakhand,54765.0,Billing
UP-14510,CUST-13355,"83/111
Gade_Ganj
Jamalpur_170631",Jamalpur,Bihar,170631.0,"Billing,_Shipping"
WB-14511,CUST-10708,"H.No._684
Sharaf_Zila
Kamarhati-436408",Kamarhati,West_Bengal,436408.0,Billing
TS-14512,CUST-13181,"42,_Thaker_Ganj,_Ambala_566894",Ambala,Haryana,566894.0,"Billing,_Shipping"
UP-14513,CUST-19398,"64/74,_Karpe_Marg
Farrukhabad_726048",Farrukhabad,Uttar_Pradesh,726048.0,Billing
MP-14515,CUST-11509,"81/32,_Bala_Road,_Kota_797611",Kota,Rajasthan,797611.0,"Billing,_Shipping"
WB-14516,CUST-15138,"46,_Chandran,_Bidhannagar_977183",Bidhannagar,West_Bengal,977183.0,Shipping
TS-14517,CUST-06467,"H.No._384,_Zacharia_Nagar
Nizamabad_841386",Nizamabad,Telangana,841386.0,Shipping
UP-14518,CUST-17758,"310
Chand_Ganj
Chapra-267095",Chapra,Bihar,267095.0,Shipping
AS-14519,CUST-04949,"83/593
Mall_Street
Siliguri-694815",Siliguri,West_Bengal,694815.0,Billing
OR-14520,CUST-10184,"828
Tailor_Street
Bharatpur-197398",Bharatpur,Rajasthan,197398.0,Billing
BR-14521,CUST-01051,"80/494,_Bakshi_Ganj
Ballia-875568",Ballia,Uttar_Pradesh,875568.0,"Billing,_Shipping"
UP-14522,CUST-15221,"H.No._728,_Tandon_Path,_Sambhal_022550",Sambhal,Uttar_Pradesh,22550.0,Billing
MP-14523,CUST-14953,"H.No._794
Kala_Path
Mau_716790",Mau,Uttar_Pradesh,716790.0,"Billing,_Shipping"
MH-14524,CUST-10408,"80
Kale_Marg
Jalgaon-867075",Jalgaon,Maharashtra,867075.0,"Billing,_Shipping"
HR-14525,CUST-02884,"070,_Dave_Chowk
Aurangabad-734057",Aurangabad,Maharashtra,734057.0,"Billing,_Shipping"
GJ-14526,CUST-19195,"H.No._81
Kala_Zila
Hajipur_424171",Hajipur,Bihar,424171.0,Billing
MH-14527,CUST-05502,"42/289,_Dora_Zila
Guntur_821699",Guntur,Andhra_Pradesh,821699.0,Billing
GJ-14528,CUST-03784,"H.No._78,_Mandal_Circle
Ajmer_848146",Ajmer,Rajasthan,848146.0,Billing
TS-14529,CUST-15995,"522,_Chokshi_Circle
Srinagar_477282",Srinagar,Jammu_and_Kashmir,477282.0,Billing
TN-14530,CUST-19668,"84,_Gala_Road
Chittoor_073766",Chittoor,Andhra_Pradesh,73766.0,Shipping
CG-14531,CUST-10870,"15,_Butala_Nagar
Bhilai-282136",Bhilai,Chhattisgarh,282136.0,Shipping
OR-14532,CUST-05428,"H.No._382,_Kari_Nagar
Kanpur_062171",Kanpur,Uttar_Pradesh,62171.0,Billing
AS-14533,CUST-10650,"90/92,_Khare_Circle
Bongaigaon_755111",Bongaigaon,Assam,755111.0,Shipping
KA-14534,CUST-06345,"40/557
Chopra_Circle
Mangalore-938111",Mangalore,Karnataka,938111.0,Billing
GJ-14535,CUST-18813,"74,_Dugar_Path,_Kavali_625113",Kavali,Andhra_Pradesh,625113.0,"Billing,_Shipping"
TS-14536,CUST-02926,"13,_Kunda_Circle,_Sirsa_651340",Sirsa,Haryana,651340.0,Billing
UP-14537,CUST-08256,"19,_Wadhwa_Nagar
Chapra-744327",Chapra,Bihar,744327.0,"Billing,_Shipping"
OR-14538,CUST-09753,"05,_Sathe_Zila,_Chandrapur-148327",Chandrapur,Maharashtra,148327.0,"Billing,_Shipping"
OR-14539,CUST-16846,"87/261,_Krishna_Street,_Anantapur_150748",Anantapur,Andhra_Pradesh,150748.0,Shipping
BR-14540,CUST-06837,"02/969,_Karpe_Path,_Ballia-943065",Ballia,Uttar_Pradesh,943065.0,Shipping
TN-14541,CUST-01194,"43/48
Karpe_Path
Gandhinagar_408963",Gandhinagar,Gujarat,408963.0,"Billing,_Shipping"
MH-14542,CUST-14165,"H.No._22
Ramesh
Yamunanagar-350465",Yamunanagar,Haryana,350465.0,Billing
BR-14543,CUST-18693,"H.No._204
Sehgal_Road
Ballia_972617",Ballia,Uttar_Pradesh,972617.0,Billing
OR-14544,CUST-18890,"021,_Cheema,_Bilaspur_049062",Bilaspur,Chhattisgarh,49062.0,"Billing,_Shipping"
DL-14545,CUST-12041,"H.No._378
Rajagopalan
Delhi-669015",Delhi,Delhi_(Union_Territory),669015.0,Billing
DL-14546,CUST-14562,"09
Thaker_Nagar
Delhi-110160",Delhi,Delhi_(Union_Territory),110160.0,Billing
JH-14547,CUST-16144,"91/354,_Brahmbhatt_Zila
Mango-987469",Mango,Jharkhand,987469.0,Billing
MH-14548,CUST-11474,"33/39
Gokhale_Zila
Jalgaon-111518",Jalgaon,Maharashtra,111518.0,Billing
OR-14549,CUST-18009,"94/909,_Master_Street
Haldia_242624",Haldia,West_Bengal,242624.0,Billing
UP-14550,CUST-14632,"H.No._126
Gara_Ganj
Raipur-648607",Raipur,Chhattisgarh,648607.0,Billing
UP-14551,CUST-10335,"512
Wali_Zila
Farrukhabad-566496",Farrukhabad,Uttar_Pradesh,566496.0,"Billing,_Shipping"
BR-14552,CUST-07711,"342,_Wagle_Street
Purnia-841254",Purnia,Bihar,841254.0,Shipping
AP-14553,CUST-18013,"H.No._185,_Hora_Marg
Anantapuram_447174",Anantapuram,Andhra_Pradesh,447174.0,Shipping
KA-14554,CUST-17862,"02,_Bhagat_Path,_Hosur_739646",Hosur,Tamil_Nadu,739646.0,Billing
UP-14555,CUST-12034,"H.No._111,_Dara_Zila
Chapra_340352",Chapra,Bihar,340352.0,Billing
AP-14556,CUST-12730,"086,_Sha,_Bhimavaram_201556",Bhimavaram,Andhra_Pradesh,201556.0,Shipping
UP-14557,CUST-13537,"932
Dani_Marg
Bhagalpur-053913",Bhagalpur,Bihar,53913.0,"Billing,_Shipping"
BR-14558,CUST-16645,"21/411
Salvi_Chowk
Buxar-300065",Buxar,Bihar,300065.0,Billing
CG-14559,CUST-18415,"95/08,_Goyal_Nagar,_Malda-367735",Malda,West_Bengal,367735.0,Shipping
WB-14560,CUST-16173,"17/46
Sahni
Bally-232711",Bally,West_Bengal,232711.0,Shipping
MH-14561,CUST-10127,"56,_Sachar_Marg,_Yamunanagar-952557",Yamunanagar,Haryana,952557.0,Shipping
TS-14562,CUST-16433,"73/16
Raval_Chowk
Sirsa_729282",Sirsa,Haryana,729282.0,"Billing,_Shipping"
UK-14563,CUST-09852,"56/342
Sanghvi_Street
Shivpuri-482510",Shivpuri,Madhya_Pradesh,482510.0,Shipping
UP-14564,CUST-16223,"31/579,_Saxena_Road,_Ahmedabad-901980",Ahmedabad,Gujarat,901980.0,Shipping
UP-14565,CUST-11073,"H.No._915
Anne
Gurgaon-768839",Gurgaon,Haryana,768839.0,"Billing,_Shipping"
JH-14566,CUST-17760,"466,_Gade_Nagar,_Mango_868370",Mango,Jharkhand,868370.0,"Billing,_Shipping"
GJ-14567,CUST-16265,"60,_Kothari_Circle
Jabalpur-175288",Jabalpur,Madhya_Pradesh,175288.0,Shipping
BR-14568,CUST-10960,"H.No._068,_Sethi_Street,_Jaipur-832347",Jaipur,Rajasthan,832347.0,Shipping
DL-14569,CUST-16327,"H.No._04,_Amble_Chowk,_Delhi-902571",Delhi,Delhi_(Union_Territory),902571.0,Shipping
MP-14570,CUST-19649,"25,_Shukla_Path,_Gopalpur_329103",Gopalpur,Odisha,329103.0,Shipping
MH-14571,CUST-11016,"453,_Mani_Path,_Guntur_794225",Guntur,Andhra_Pradesh,794225.0,Shipping
WB-14572,CUST-01807,"H.No._637,_Chowdhury_Ganj
Bally-561877",Bally,West_Bengal,561877.0,Shipping
WB-14573,CUST-11594,"H.No._809,_Ramanathan_Street,_Bhatpara-140325",Bhatpara,West_Bengal,140325.0,Shipping
TN-14574,CUST-04656,"09/91,_Ravi_Zila
Pallavaram-002671",Pallavaram,Tamil_Nadu,2671.0,Billing
MP-14575,CUST-16421,"H.No._03,_Chopra_Path
Agra_083888",Agra,Uttar_Pradesh,83888.0,Billing
UP-14576,CUST-13095,"H.No._15,_Doshi_Circle
Burhanpur-055976",Burhanpur,Madhya_Pradesh,55976.0,Shipping
MH-14577,CUST-10352,"057
Sodhi_Street
Satara_169642",Satara,Maharashtra,169642.0,Billing
RJ-14578,CUST-12063,"12,_Sharaf_Marg,_Rajkot_838700",Rajkot,Gujarat,838700.0,Shipping
TN-14579,CUST-11230,"85/857
Sagar_Road
Tiruppur-408346",Tiruppur,Tamil_Nadu,408346.0,Shipping
MP-14580,CUST-14760,"09/110,_Wadhwa_Road,_Mau-399388",Mau,Uttar_Pradesh,399388.0,"Billing,_Shipping"
MH-14581,CUST-18074,"90/11,_Deshmukh_Zila
Satara_135221",Satara,Maharashtra,135221.0,Billing
OR-14582,CUST-15437,"17/240
Baral
Berhampur_945024",Berhampur,Odisha,945024.0,"Billing,_Shipping"
UP-14583,CUST-00115,"H.No._532,_Bora_Chowk,_Jamalpur-273691",Jamalpur,Bihar,273691.0,Billing
AP-14584,CUST-17074,"05/055
Chaudhari_Street
Anantapuram_281787",Anantapuram,Andhra_Pradesh,281787.0,Billing
TN-14585,CUST-18029,"H.No._82,_Sarin_Marg
Vellore-736707",Vellore,Tamil_Nadu,736707.0,Shipping
GJ-14586,CUST-17918,"20/756
Kaul_Nagar
Gandhidham_118097",Gandhidham,Gujarat,118097.0,Shipping
WB-14587,CUST-13543,"044
Sethi_Nagar
Madhyamgram-411992",Madhyamgram,West_Bengal,411992.0,Shipping
UP-14588,CUST-18380,"H.No._85,_Gandhi_Zila,_Shahjahanpur_402280",Shahjahanpur,Uttar_Pradesh,402280.0,Shipping
MP-14589,CUST-15126,"86/10,_Venkatesh_Zila,_Indore_250456",Indore,Madhya_Pradesh,250456.0,Shipping
UP-14590,CUST-02359,"93/37
Guha_Street
Shahjahanpur_190897",Shahjahanpur,Uttar_Pradesh,190897.0,"Billing,_Shipping"
WB-14591,CUST-11396,"19/208,_Sahni_Street,_Bhatpara-161265",Bhatpara,West_Bengal,161265.0,Shipping
BR-14592,CUST-16979,"446
Dhar_Zila
Ballia-262690",Ballia,Uttar_Pradesh,262690.0,Shipping
UP-14593,CUST-07262,"H.No._706
Cheema_Nagar
Bhagalpur_432512",Bhagalpur,Bihar,432512.0,Shipping
MP-14594,CUST-14994,"H.No._064,_Tailor_Path
Jhansi_221825",Jhansi,Uttar_Pradesh,221825.0,Shipping
HR-14595,CUST-10495,"25/61
Acharya_Chowk
Siwan_008931",Siwan,Bihar,8931.0,Shipping
HR-14596,CUST-14458,"27,_Ghosh_Nagar,_Siwan_167106",Siwan,Bihar,167106.0,Billing
UP-14597,CUST-01257,"H.No._69,_Gupta_Ganj
Gurgaon-138829",Gurgaon,Haryana,138829.0,Billing
CG-14598,CUST-01376,"20,_Krishnamurthy_Road,_Sagar-549280",Sagar,Madhya_Pradesh,549280.0,Billing
JH-14599,CUST-19298,"55
Jaggi_Chowk
Mango-173177",Mango,Jharkhand,173177.0,Billing
KA-14600,CUST-05843,"H.No._32
Ravel_Zila
Mangalore_948294",Mangalore,Karnataka,948294.0,Billing
WB-14601,CUST-07703,"75/21
Luthra_Zila
Panihati_487407",Panihati,West_Bengal,487407.0,Shipping
UP-14602,CUST-07875,"H.No._059,_Chakrabarti_Street,_Raiganj-475273",Raiganj,West_Bengal,475273.0,"Billing,_Shipping"
JH-14603,CUST-16931,"H.No._313,_Deshpande_Street,_Kharagpur_380176",Kharagpur,West_Bengal,380176.0,"Billing,_Shipping"
TS-14604,CUST-01601,"188,_Sule_Street,_Srinagar-225635",Srinagar,Jammu_and_Kashmir,225635.0,Billing
AP-14605,CUST-11794,"H.No._44,_Lalla_Road
Bhimavaram_910581",Bhimavaram,Andhra_Pradesh,910581.0,"Billing,_Shipping"
CG-14606,CUST-17672,"53/74,_Sood,_Sambalpur_840310",Sambalpur,Odisha,840310.0,Shipping
GJ-14607,CUST-17944,"043,_Chauhan_Ganj
Gandhidham_000756",Gandhidham,Gujarat,756.0,Billing
MP-14608,CUST-17124,"651,_Borra_Marg,_Jalandhar_136555",Jalandhar,Punjab,136555.0,"Billing,_Shipping"
UP-14609,CUST-10863,"29/116,_Ahluwalia_Zila
Shahjahanpur-617091",Shahjahanpur,Uttar_Pradesh,617091.0,"Billing,_Shipping"
MP-14610,CUST-16938,"466
Sachdev_Chowk
Jhansi_295487",Jhansi,Uttar_Pradesh,295487.0,Billing
OR-14611,CUST-17367,"358
Sankaran_Zila
Mathura-536138",Mathura,Uttar_Pradesh,536138.0,Billing
UK-14612,CUST-00622,"321,_Sani_Circle
Haridwar_134745",Haridwar,Uttarakhand,134745.0,Billing
KA-14613,CUST-12465,"016,_Balay_Zila
Solapur_328309",Solapur,Maharashtra,328309.0,"Billing,_Shipping"
MP-14614,CUST-14489,"76,_Bala
Jodhpur_952955",Jodhpur,Rajasthan,952955.0,"Billing,_Shipping"
BR-14615,CUST-17564,"56/844,_Kale_Chowk,_Ballia_345622",Ballia,Uttar_Pradesh,345622.0,Billing
TN-14616,CUST-03467,"09/926
Varkey_Street
Gandhinagar_239044",Gandhinagar,Gujarat,239044.0,Billing
UP-14617,CUST-11063,"23/49,_Mander_Chowk,_Karimnagar-752117",Karimnagar,Telangana,752117.0,Billing
TS-14618,CUST-14561,"H.No._976,_Kamdar_Nagar,_Sirsa_254802",Sirsa,Haryana,254802.0,Shipping
UK-14619,CUST-08267,"742,_Shukla_Path
Jalna-137315",Jalna,Maharashtra,137315.0,Shipping
CG-14620,CUST-19705,"H.No._63,_Dutta_Path,_Bhilai-085175",Bhilai,Chhattisgarh,85175.0,"Billing,_Shipping"
TN-14621,CUST-17662,"945
Singh_Road
Avadi-290790",Avadi,Tamil_Nadu,290790.0,Shipping
OR-14622,CUST-12126,"95,_Barman_Street,_Berhampur-041460",Berhampur,Odisha,41460.0,"Billing,_Shipping"
UP-14623,CUST-17091,"92/649,_Atwal_Chowk
Bhagalpur_855824",Bhagalpur,Bihar,855824.0,Billing
MH-14624,CUST-13563,"172
Vyas_Zila
Karnal-679793",Karnal,Haryana,679793.0,Billing
MP-14625,CUST-10241,"05,_Babu
Dehri_882220",Dehri,Bihar,882220.0,Shipping
UP-14626,CUST-12761,"H.No._278,_Bir_Path
Jamalpur-311367",Jamalpur,Bihar,311367.0,Shipping
TN-14627,CUST-13664,"40
Dora_Ganj
Pallavaram-263118",Pallavaram,Tamil_Nadu,263118.0,Shipping
AS-14628,CUST-06877,"07/03,_Singh_Marg
Nagaon-754079",Nagaon,Assam,754079.0,"Billing,_Shipping"
KA-14629,CUST-04310,"84/15,_Salvi_Chowk
Tumkur_689087",Tumkur,Karnataka,689087.0,"Billing,_Shipping"
MH-14630,CUST-14233,"33/314
Varma
Bhiwandi-537683",Bhiwandi,Maharashtra,537683.0,"Billing,_Shipping"
MP-14631,CUST-11925,"H.No._586
Shere_Ganj
Ramgarh-710892",Ramgarh,Jharkhand,710892.0,"Billing,_Shipping"
TS-14632,CUST-10213,"H.No._95,_Sridhar
Sirsa-565720",Sirsa,Haryana,565720.0,Shipping
RJ-14633,CUST-13358,"271
Mann
Rajkot-336266",Rajkot,Gujarat,336266.0,Shipping
UK-14634,CUST-02911,"H.No._594,_Cheema_Marg,_Haridwar-376808",Haridwar,Uttarakhand,376808.0,Shipping
BR-14635,CUST-07119,"H.No._46,_Dugar
Munger_872077",Munger,Bihar,872077.0,"Billing,_Shipping"
KA-14636,CUST-15351,"H.No._86,_Rajagopal,_Mangalore-438067",Mangalore,Karnataka,438067.0,Shipping
UP-14637,CUST-11715,"H.No._693,_Bath_Path,_Sambhal-715394",Sambhal,Uttar_Pradesh,715394.0,Shipping
RJ-14638,CUST-02633,"885,_Thaker_Circle
Fatehpur-287263",Fatehpur,Uttar_Pradesh,287263.0,Billing
OR-14639,CUST-06701,"29
Comar_Street
Anantapur-457585",Anantapur,Andhra_Pradesh,457585.0,"Billing,_Shipping"
KL-14640,CUST-05476,"31/365,_Bakshi_Zila,_Kollam_726154",Kollam,Kerala,726154.0,Billing
OR-14641,CUST-07083,"H.No._15,_Dubey_Zila,_Anantapur-216370",Anantapur,Andhra_Pradesh,216370.0,Shipping
KA-14642,CUST-12747,"36
Boase_Ganj
Hospet-263591",Hospet,Karnataka,263591.0,Shipping
MP-14643,CUST-13628,"39/949,_Rajan_Street
Jalandhar-590046",Jalandhar,Punjab,590046.0,"Billing,_Shipping"
TN-14644,CUST-16037,"39,_Joshi_Road,_Gandhinagar-536996",Gandhinagar,Gujarat,536996.0,Billing
UP-14645,CUST-12873,"H.No._03,_Uppal_Road
Sambhal-553487",Sambhal,Uttar_Pradesh,553487.0,Billing
MP-14646,CUST-15234,"13/940,_Devan_Path,_Jodhpur_148285",Jodhpur,Rajasthan,148285.0,Shipping
HP-14647,CUST-18436,"41/802,_Maharaj_Circle,_Udaipur_684910",Udaipur,Rajasthan,684910.0,"Billing,_Shipping"
BR-14648,CUST-00770,"H.No._50,_Jain_Chowk,_Purnia_738497",Purnia,Bihar,738497.0,"Billing,_Shipping"
TN-14650,CUST-05980,"55,_Lad
Pallavaram-238293",Pallavaram,Tamil_Nadu,238293.0,Shipping
WB-14651,CUST-13754,"10
Bakshi_Street
Madhyamgram-983964",Madhyamgram,West_Bengal,983964.0,"Billing,_Shipping"
DL-14652,CUST-01261,"29,_Golla_Street
Delhi_085765",Delhi,Delhi_(Union_Territory),85765.0,Shipping
MP-14653,CUST-18608,"H.No._331
Barman
Dehri-707723",Dehri,Bihar,707723.0,Billing
AP-14654,CUST-15156,"118,_Keer_Chowk,_Anantapuram-113231",Anantapuram,Andhra_Pradesh,113231.0,Billing
TN-14655,CUST-19986,"974,_Sachar_Ganj
Chittoor-505216",Chittoor,Andhra_Pradesh,505216.0,Shipping
JH-14656,CUST-17652,"H.No._601,_Issac_Road,_Kharagpur-039037",Kharagpur,West_Bengal,39037.0,Billing
GJ-14657,CUST-14629,"49/154,_Badal,_Gandhidham-149588",Gandhidham,Gujarat,149588.0,Shipping
UP-14658,CUST-14988,"H.No._153,_Rattan_Road
Chapra-708541",Chapra,Bihar,708541.0,"Billing,_Shipping"
WB-14659,CUST-19829,"678
Deshpande
Bidhannagar-273171",Bidhannagar,West_Bengal,273171.0,Shipping
TS-14660,CUST-02408,"55
Doshi_Nagar
Srinagar-525164",Srinagar,Jammu_and_Kashmir,525164.0,"Billing,_Shipping"
MP-14661,CUST-03131,"H.No._748,_Bala_Chowk,_Mau-284798",Mau,Uttar_Pradesh,284798.0,"Billing,_Shipping"
MP-14662,CUST-14210,"63/279
Devi_Nagar
Unnao_585564",Unnao,Uttar_Pradesh,585564.0,Shipping
OR-14663,CUST-13926,"H.No._333,_Vig_Road,_Haldia-941988",Haldia,West_Bengal,941988.0,"Billing,_Shipping"
OR-14664,CUST-19996,"H.No._49,_Ram_Nagar,_Bharatpur-240483",Bharatpur,Rajasthan,240483.0,Shipping
UP-14665,CUST-14676,"45,_Subramanian,_Sambhal-365136",Sambhal,Uttar_Pradesh,365136.0,Billing
TS-14666,CUST-19025,"H.No._197,_Raja_Chowk
Sirsa-691684",Sirsa,Haryana,691684.0,"Billing,_Shipping"
UK-14667,CUST-10596,"00/662,_Datta_Chowk
Haridwar_468402",Haridwar,Uttarakhand,468402.0,"Billing,_Shipping"
MP-14668,CUST-02513,"H.No._547
Dara_Road
Jodhpur-683899",Jodhpur,Rajasthan,683899.0,Billing
TR-14669,CUST-11979,"559,_Tara_Nagar,_Chandigarh_788518",Chandigarh,Chandigarh_(Union_Territory),788518.0,Billing
AP-14670,CUST-05307,"335,_Kakar_Marg,_Gudivada_008136",Gudivada,Andhra_Pradesh,8136.0,"Billing,_Shipping"
OR-14671,CUST-18302,"15/61
Bala_Marg
Anantapur-690132",Anantapur,Andhra_Pradesh,690132.0,Shipping
WB-14672,CUST-15411,"H.No._81
Bal_Circle
Kamarhati-834856",Kamarhati,West_Bengal,834856.0,Billing
JH-14673,CUST-15356,"37/355
Roy_Path
Kharagpur-547406",Kharagpur,West_Bengal,547406.0,"Billing,_Shipping"
BR-14674,CUST-17988,"38/498
Ahuja_Chowk
Satna_888001",Satna,Madhya_Pradesh,888001.0,Billing
TR-14675,CUST-14622,"906,_Sahni_Chowk
Chandigarh_466721",Chandigarh,Chandigarh_(Union_Territory),466721.0,Shipping
MH-14676,CUST-14637,"37/785
Singhal_Zila
Nanded_386358",Nanded,Maharashtra,386358.0,"Billing,_Shipping"
TS-14677,CUST-14683,"H.No._917,_Sathe_Nagar
Ramagundam-666913",Ramagundam,Telangana,666913.0,Shipping
TS-14678,CUST-02758,"H.No._119,_Kaur_Ganj
Dindigul_896112",Dindigul,Tamil_Nadu,896112.0,Shipping
CG-14679,CUST-15835,"H.No._235,_Raja_Ganj
Nagpur-256792",Nagpur,Maharashtra,256792.0,Shipping
WB-14680,CUST-10053,"70/968
Sani_Marg
Bally-204877",Bally,West_Bengal,204877.0,"Billing,_Shipping"
MH-14681,CUST-19263,"H.No._907
Jaggi
Bhiwandi_879084",Bhiwandi,Maharashtra,879084.0,"Billing,_Shipping"
UP-14682,CUST-18102,"773,_Barad_Chowk
Chapra-899223",Chapra,Bihar,899223.0,"Billing,_Shipping"
MH-14683,CUST-16329,"49/25,_Jha_Nagar
Karnal_904869",Karnal,Haryana,904869.0,Shipping
AP-14684,CUST-00346,"21/46
Devi_Nagar
Srikakulam-424913",Srikakulam,Andhra_Pradesh,424913.0,"Billing,_Shipping"
GJ-14685,CUST-00431,"38/09
Raja_Street
Kavali-826152",Kavali,Andhra_Pradesh,826152.0,Shipping
UP-14686,CUST-19287,"H.No._56,_Gupta_Nagar,_Farrukhabad-879615",Farrukhabad,Uttar_Pradesh,879615.0,Shipping
CG-14687,CUST-16374,"51/85,_Devi_Circle
Sagar_199895",Sagar,Madhya_Pradesh,199895.0,Shipping
TR-14688,CUST-17300,"H.No._50,_Varty_Ganj
Chandigarh_186114",Chandigarh,Chandigarh_(Union_Territory),186114.0,"Billing,_Shipping"
TN-14689,CUST-15695,"982
Soman_Chowk
Pali_466122",Pali,Rajasthan,466122.0,Shipping
AP-14690,CUST-07740,"H.No._640
Tandon_Circle
Bhimavaram-930359",Bhimavaram,Andhra_Pradesh,930359.0,Billing
BR-14691,CUST-17085,"88/75,_Kata_Circle
Purnia-522567",Purnia,Bihar,522567.0,"Billing,_Shipping"
AS-14692,CUST-03398,"87/56,_Bakshi_Chowk
Bongaigaon-729660",Bongaigaon,Assam,729660.0,Billing
MP-14693,CUST-12405,"067,_Tata_Ganj
Jalandhar-024204",Jalandhar,Punjab,24204.0,"Billing,_Shipping"
WB-14694,CUST-16221,"H.No._76,_Chawla_Ganj,_Bally_559253",Bally,West_Bengal,559253.0,Billing
KA-14695,CUST-00800,"88/281,_Thakkar
Hosur-251762",Hosur,Tamil_Nadu,251762.0,"Billing,_Shipping"
HR-14696,CUST-10982,"522
Kala
Aurangabad-132561",Aurangabad,Maharashtra,132561.0,Shipping
AP-14697,CUST-11705,"28/560,_Bera_Road,_Anantapuram-744723",Anantapuram,Andhra_Pradesh,744723.0,Billing
KA-14698,CUST-06119,"23/22
Tara_Path
Mangalore-239381",Mangalore,Karnataka,239381.0,Shipping
WB-14699,CUST-10523,"19/324
Bhargava_Zila
Bidhannagar_954368",Bidhannagar,West_Bengal,954368.0,"Billing,_Shipping"
TN-14700,CUST-08873,"H.No._808
Walla_Ganj
Salem_699713",Salem,Tamil_Nadu,699713.0,"Billing,_Shipping"
TS-14701,CUST-15810,"27/83
Brahmbhatt_Road
Srinagar-896212",Srinagar,Jammu_and_Kashmir,896212.0,Billing
TN-14702,CUST-11397,"64,_Tripathi_Zila
Tiruppur_273486",Tiruppur,Tamil_Nadu,273486.0,Shipping
MP-14703,CUST-11923,"10/418,_Comar_Zila,_Mau_336905",Mau,Uttar_Pradesh,336905.0,Billing
TS-14704,CUST-19415,"234,_Bahri_Path,_Sirsa-080866",Sirsa,Haryana,80866.0,Shipping
MP-14705,CUST-14798,"64
Dugal_Path
Khandwa-097940",Khandwa,Madhya_Pradesh,97940.0,Billing
OR-14706,CUST-13108,"606,_Ranganathan_Street
Bijapur-760532",Bijapur,Karnataka,760532.0,Billing
TR-14707,CUST-06622,"08
Chakrabarti_Road
Chandigarh-175758",Chandigarh,Chandigarh_(Union_Territory),175758.0,Shipping
GJ-14708,CUST-11793,"22/62,_Saha_Road
Hajipur_135433",Hajipur,Bihar,135433.0,"Billing,_Shipping"
AP-14709,CUST-13580,"H.No._373,_Bora_Marg
Srikakulam-919287",Srikakulam,Andhra_Pradesh,919287.0,Shipping
MH-14710,CUST-17195,"878
Boase_Road
Yamunanagar-805052",Yamunanagar,Haryana,805052.0,Billing
TN-14711,CUST-18845,"13,_Loke_Road,_Gandhinagar_769047",Gandhinagar,Gujarat,769047.0,"Billing,_Shipping"
CG-14712,CUST-15077,"70/64,_Hora_Ganj,_Malda-330002",Malda,West_Bengal,330002.0,Billing
TN-14713,CUST-03205,"H.No._39,_Loke_Path,_Gandhinagar-041341",Gandhinagar,Gujarat,41341.0,Billing
TS-14714,CUST-10383,"81/581,_Sagar_Path,_Ambala_441378",Ambala,Haryana,441378.0,Billing
JH-14715,CUST-05406,"H.No._966,_Deo_Nagar,_Mango-072632",Mango,Jharkhand,72632.0,Shipping
HR-14716,CUST-01867,"59
Bhasin_Road
Bikaner-794949",Bikaner,Rajasthan,794949.0,Shipping
RJ-14717,CUST-08028,"H.No._069,_Dugar_Street,_Dewas_119831",Dewas,Madhya_Pradesh,119831.0,Billing
UP-14718,CUST-10574,"01/98
Salvi_Road
Mirzapur_240754",Mirzapur,Uttar_Pradesh,240754.0,Billing
KL-14719,CUST-16564,"H.No._77,_Dayal_Chowk
Kollam-472761",Kollam,Kerala,472761.0,Billing
KA-14720,CUST-14758,"40,_Mall_Chowk
Hospet-339843",Hospet,Karnataka,339843.0,"Billing,_Shipping"
UP-14721,CUST-01761,"H.No._37,_Kalla_Chowk,_Mirzapur_097353",Mirzapur,Uttar_Pradesh,97353.0,Billing
UP-14722,CUST-10610,"H.No._84
Din_Zila
Shahjahanpur-930994",Shahjahanpur,Uttar_Pradesh,930994.0,Shipping
GJ-14723,CUST-12904,"H.No._31
Goda_Path
Vadodara-072625",Vadodara,Gujarat,72625.0,"Billing,_Shipping"
MH-14724,CUST-18587,"613,_Lall_Street
Yamunanagar-463402",Yamunanagar,Haryana,463402.0,"Billing,_Shipping"
MP-14725,CUST-11813,"H.No._33
Raja_Street
Mau_969266",Mau,Uttar_Pradesh,969266.0,Shipping
WB-14726,CUST-13485,"030,_Deol_Street,_Naihati_273187",Naihati,West_Bengal,273187.0,Shipping
WB-14727,CUST-13495,"H.No._946,_Jani_Marg,_Kulti-249495",Kulti,West_Bengal,249495.0,Billing
GJ-14728,CUST-04226,"76/162
Sule_Zila
Gandhidham-726272",Gandhidham,Gujarat,726272.0,Shipping
AS-14729,CUST-17199,"612,_Dhingra_Street,_Nagaon-713261",Nagaon,Assam,713261.0,Shipping
HR-14730,CUST-15470,"H.No._013,_Sankar_Street,_Bikaner_769542",Bikaner,Rajasthan,769542.0,Shipping
RJ-14731,CUST-16967,"32,_Babu_Ganj
Fatehpur_675590",Fatehpur,Uttar_Pradesh,675590.0,"Billing,_Shipping"
JH-14732,CUST-10808,"29/89,_Grover_Circle,_Mango_055896",Mango,Jharkhand,55896.0,Shipping
TN-14733,CUST-02196,"14
Zachariah_Marg
Chittoor_821041",Chittoor,Andhra_Pradesh,821041.0,"Billing,_Shipping"
TS-14734,CUST-08151,"H.No._813,_Gour_Marg,_Sirsa_188923",Sirsa,Haryana,188923.0,Shipping
CG-14735,CUST-06730,"H.No._96,_Balakrishnan_Nagar
Malda-533035",Malda,West_Bengal,533035.0,Billing
JH-14736,CUST-16639,"H.No._468
Dua_Ganj
Mango_336605",Mango,Jharkhand,336605.0,Billing
MP-14737,CUST-15897,"231,_Chandra_Road,_Gopalpur_478240",Gopalpur,Odisha,478240.0,Shipping
MP-14738,CUST-19728,"H.No._793,_Shenoy,_Khandwa_514187",Khandwa,Madhya_Pradesh,514187.0,Billing
AS-14739,CUST-19394,"358
Soman_Road
Siliguri_270511",Siliguri,West_Bengal,270511.0,"Billing,_Shipping"
TN-14740,CUST-13214,"37/42
Deshpande_Nagar
Pali-860468",Pali,Rajasthan,860468.0,Shipping
MH-14741,CUST-03560,"74/78,_Chahal_Chowk,_Loni_347057",Loni,Uttar_Pradesh,347057.0,Shipping
MH-14742,CUST-18205,"365,_Krish_Ganj,_Karnal-004640",Karnal,Haryana,4640.0,Shipping
HP-14743,CUST-19455,"56/462
Bhalla_Path
Udaipur-501168",Udaipur,Rajasthan,501168.0,Shipping
MH-14744,CUST-13907,"25,_Wali_Zila
Nanded-532545",Nanded,Maharashtra,532545.0,"Billing,_Shipping"
OR-14745,CUST-09283,"064,_Tak_Nagar
Chandrapur_827037",Chandrapur,Maharashtra,827037.0,"Billing,_Shipping"
HR-14746,CUST-18048,"77/15
Char_Circle
Bikaner_024055",Bikaner,Rajasthan,24055.0,"Billing,_Shipping"
TN-14747,CUST-04675,"17/954,_Varma_Circle
Gandhinagar_419127",Gandhinagar,Gujarat,419127.0,Billing
JH-14748,CUST-16831,"734
Basu_Road
Phusro-541997",Phusro,Jharkhand,541997.0,"Billing,_Shipping"
OR-14749,CUST-18241,"64,_Bhatti_Ganj,_Danapur_038322",Danapur,Bihar,38322.0,Shipping
OR-14750,CUST-15002,"91,_Dhaliwal_Circle,_Anantapur_776364",Anantapur,Andhra_Pradesh,776364.0,"Billing,_Shipping"
UP-14751,CUST-06047,"096,_Chander_Ganj
Gurgaon_110497",Gurgaon,Haryana,110497.0,Shipping
AP-14752,CUST-01182,"949,_Dani_Road
Anantapuram_044154",Anantapuram,Andhra_Pradesh,44154.0,Billing
MH-14753,CUST-10575,"46,_Choudhary,_Guntur_920924",Guntur,Andhra_Pradesh,920924.0,"Billing,_Shipping"
BR-14754,CUST-03793,"04/14,_Kuruvilla_Street
Munger-323852",Munger,Bihar,323852.0,Billing
KL-14755,CUST-13365,"H.No._90,_Ghosh_Street,_Kollam-925264",Kollam,Kerala,925264.0,Shipping
CG-14756,CUST-12522,"10/48,_Rana_Chowk
Sagar_661621",Sagar,Madhya_Pradesh,661621.0,Billing
KA-14757,CUST-08072,"02/98
Kara_Zila
Tumkur_612601",Tumkur,Karnataka,612601.0,Shipping
KA-14758,CUST-12497,"40/14
Kala_Marg
Hosur_503598",Hosur,Tamil_Nadu,503598.0,Shipping
MP-14759,CUST-15750,"76,_Das_Nagar,_Ramgarh-383456",Ramgarh,Jharkhand,383456.0,Billing
KA-14760,CUST-18336,"882
Varghese_Path
Tumkur_226445",Tumkur,Karnataka,226445.0,Billing
UP-14761,CUST-16796,"799,_Wable_Path,_Muzaffarpur-965042",Muzaffarpur,Bihar,965042.0,Shipping
BR-14762,CUST-12179,"H.No._19,_Bhatti_Zila,_Satna_516590",Satna,Madhya_Pradesh,516590.0,Billing
TS-14763,CUST-16256,"H.No._984,_Kota_Chowk
Dindigul-235386",Dindigul,Tamil_Nadu,235386.0,Billing
HR-14764,CUST-18940,"H.No._84,_Chander_Circle
Aurangabad-596898",Aurangabad,Maharashtra,596898.0,Shipping
WB-14765,CUST-05263,"H.No._86,_Sood
Baranagar_057879",Baranagar,West_Bengal,57879.0,"Billing,_Shipping"
MP-14766,CUST-15902,"04,_Tak_Ganj
Khandwa-767735",Khandwa,Madhya_Pradesh,767735.0,"Billing,_Shipping"
OR-14767,CUST-09374,"51/74,_Dutt_Nagar
Mathura-053272",Mathura,Uttar_Pradesh,53272.0,Billing
TS-14768,CUST-18667,"H.No._175,_Savant_Marg,_Dindigul-682265",Dindigul,Tamil_Nadu,682265.0,Shipping
TS-14769,CUST-19972,"H.No._132
Dash_Chowk
Srinagar-844894",Srinagar,Jammu_and_Kashmir,844894.0,Shipping
OR-14770,CUST-17093,"40/067,_Kulkarni_Chowk
Haldia_371224",Haldia,West_Bengal,371224.0,Shipping
UP-14771,CUST-05205,"74/51
Andra
Farrukhabad-416915",Farrukhabad,Uttar_Pradesh,416915.0,"Billing,_Shipping"
OR-14772,CUST-05456,"37/223,_Batra_Path
Mathura-618017",Mathura,Uttar_Pradesh,618017.0,Billing
TS-14773,CUST-00505,"989,_Dubey_Road,_Dindigul-966384",Dindigul,Tamil_Nadu,966384.0,"Billing,_Shipping"
MP-14774,CUST-15680,"043,_Singh_Marg
Khandwa_962419",Khandwa,Madhya_Pradesh,962419.0,Shipping
RJ-14775,CUST-07347,"37/406,_Kapur_Nagar
Rajkot_657431",Rajkot,Gujarat,657431.0,Billing
WB-14776,CUST-08722,"H.No._232
Mahajan_Circle
Uluberia-336658",Uluberia,West_Bengal,336658.0,"Billing,_Shipping"
HR-14777,CUST-06380,"98,_Sundaram_Zila,_Aurangabad_821472",Aurangabad,Maharashtra,821472.0,Billing
RJ-14778,CUST-04212,"736,_Tara_Nagar,_Dewas-712874",Dewas,Madhya_Pradesh,712874.0,Shipping
MH-14779,CUST-02197,"H.No._698,_Kaur_Ganj
Karnal-935896",Karnal,Haryana,935896.0,"Billing,_Shipping"
MP-14780,CUST-11165,"08/35,_Kunda
Kota-070983",Kota,Rajasthan,70983.0,"Billing,_Shipping"
TN-14781,CUST-12538,"06,_Jhaveri_Ganj
Avadi-962095",Avadi,Tamil_Nadu,962095.0,"Billing,_Shipping"
WB-14782,CUST-14244,"462,_Kuruvilla_Path,_Kulti_695701",Kulti,West_Bengal,695701.0,"Billing,_Shipping"
JH-14783,CUST-03475,"H.No._380
Randhawa_Zila
Asansol-610246",Asansol,West_Bengal,610246.0,"Billing,_Shipping"
RJ-14784,CUST-15416,"35/36
Divan_Path
Fatehpur-258539",Fatehpur,Uttar_Pradesh,258539.0,"Billing,_Shipping"
MP-14786,CUST-07580,"75/13
Anne
Ramgarh-219311",Ramgarh,Jharkhand,219311.0,Shipping
CG-14787,CUST-00403,"615
Shenoy_Nagar
Malda-669463",Malda,West_Bengal,669463.0,"Billing,_Shipping"
MP-14788,CUST-18988,"H.No._53,_Wali_Road
Jodhpur-294729",Jodhpur,Rajasthan,294729.0,Billing
TN-14789,CUST-00350,"115
Varty_Nagar
Tiruvottiyur_824192",Tiruvottiyur,Tamil_Nadu,824192.0,Shipping
KA-14790,CUST-15412,"H.No._46,_Dayal_Nagar,_Mangalore-202261",Mangalore,Karnataka,202261.0,Billing
WB-14791,CUST-11878,"H.No._944
Tailor
Naihati-123578",Naihati,West_Bengal,123578.0,Shipping
CG-14792,CUST-08567,"55/60,_Mand_Nagar
Sambalpur-446038",Sambalpur,Odisha,446038.0,Billing
TS-14793,CUST-11282,"H.No._32,_Ghosh_Path
Srinagar_836102",Srinagar,Jammu_and_Kashmir,836102.0,Billing
MH-14794,CUST-19234,"H.No._974,_Bal_Path,_Malegaon-517883",Malegaon,Maharashtra,517883.0,Shipping
TN-14795,CUST-00069,"536,_Grewal_Street,_Chittoor-108820",Chittoor,Andhra_Pradesh,108820.0,Shipping
OR-14796,CUST-14420,"03/318,_Chokshi_Circle
Kanpur_815816",Kanpur,Uttar_Pradesh,815816.0,"Billing,_Shipping"
MP-14797,CUST-00846,"H.No._45,_Varghese_Marg,_Gopalpur-740422",Gopalpur,Odisha,740422.0,Billing
MP-14798,CUST-02299,"39
Kota_Nagar
Agra-105171",Agra,Uttar_Pradesh,105171.0,Billing
UP-14799,CUST-16580,"91/57,_Goda_Circle,_Jamalpur_997009",Jamalpur,Bihar,997009.0,Shipping
BR-14800,CUST-08709,"33/61,_Khanna_Chowk,_Satna-489642",Satna,Madhya_Pradesh,489642.0,Billing
MP-14801,CUST-07234,"80,_Suri_Street
Indore_793030",Indore,Madhya_Pradesh,793030.0,Billing
UK-14802,CUST-17104,"H.No._71,_Jayaraman_Marg,_Haridwar_161725",Haridwar,Uttarakhand,161725.0,"Billing,_Shipping"
MH-14803,CUST-17161,"515,_Dhar_Chowk,_Malegaon_520854",Malegaon,Maharashtra,520854.0,Billing
AP-14804,CUST-14569,"41,_Manda_Path
Bhimavaram_318931",Bhimavaram,Andhra_Pradesh,318931.0,Billing
UP-14805,CUST-14082,"23,_Lad_Circle
Karimnagar-052445",Karimnagar,Telangana,52445.0,"Billing,_Shipping"
KA-14806,CUST-01092,"H.No._912,_Sunder_Road,_Tumkur-195276",Tumkur,Karnataka,195276.0,Shipping
UK-14807,CUST-07662,"671,_Khurana_Road
Jalna_278500",Jalna,Maharashtra,278500.0,Shipping
WB-14808,CUST-10190,"798,_Sathe_Street,_Madhyamgram-568001",Madhyamgram,West_Bengal,568001.0,Billing
JH-14809,CUST-18651,"91/844,_Saraf_Circle,_Phusro-423277",Phusro,Jharkhand,423277.0,"Billing,_Shipping"
TN-14810,CUST-05367,"05
Bhargava
Tiruppur-160893",Tiruppur,Tamil_Nadu,160893.0,Billing
MH-14811,CUST-03650,"69,_Kakar_Path
Yamunanagar-723622",Yamunanagar,Haryana,723622.0,Shipping
KL-14812,CUST-12275,"95/26
Sundaram
Kollam-911551",Kollam,Kerala,911551.0,Billing
MH-14813,CUST-02233,"H.No._46,_Bava_Path,_Yamunanagar-797036",Yamunanagar,Haryana,797036.0,Billing
JH-14814,CUST-07422,"H.No._641,_Chad_Circle
Phusro_469717",Phusro,Jharkhand,469717.0,Billing
MH-14815,CUST-15245,"H.No._336,_Sekhon_Zila,_Bhiwandi_988382",Bhiwandi,Maharashtra,988382.0,Shipping
TS-14816,CUST-08462,"24/84,_Wali,_Ambala_636512",Ambala,Haryana,636512.0,Shipping
DL-14817,CUST-19462,"H.No._989,_Varty_Marg,_Delhi_036309",Delhi,Delhi_(Union_Territory),36309.0,"Billing,_Shipping"
KL-14818,CUST-03559,"H.No._170,_Devan,_Kollam-060667",Kollam,Kerala,60667.0,Billing
MP-14819,CUST-10484,"21/25,_Banerjee_Chowk
Jalandhar_851863",Jalandhar,Punjab,851863.0,"Billing,_Shipping"
BR-14820,CUST-11370,"H.No._08,_Bassi_Circle,_Munger_492968",Munger,Bihar,492968.0,"Billing,_Shipping"
TS-14821,CUST-10222,"92/145,_Sathe_Street
Sirsa-238757",Sirsa,Haryana,238757.0,Billing
KA-14822,CUST-11530,"H.No._053
Viswanathan_Road
Amaravati_077973",Amaravati,Andhra_Pradesh,77973.0,Shipping
GJ-14823,CUST-03597,"H.No._03
Varma_Path
Ajmer_167676",Ajmer,Rajasthan,167676.0,"Billing,_Shipping"
GJ-14824,CUST-14501,"35,_Deep_Marg
Gandhidham_479716",Gandhidham,Gujarat,479716.0,Shipping
AP-14825,CUST-12385,"704,_Mander_Road,_Anantapuram-470615",Anantapuram,Andhra_Pradesh,470615.0,"Billing,_Shipping"
OR-14826,CUST-08832,"H.No._78,_Tak_Circle
Danapur-112991",Danapur,Bihar,112991.0,Billing
WB-14827,CUST-12975,"58/088
Datta_Road
Baranagar_694949",Baranagar,West_Bengal,694949.0,Billing
HR-14828,CUST-01952,"H.No._231,_Dua_Ganj
Aurangabad_345868",Aurangabad,Maharashtra,345868.0,"Billing,_Shipping"
TS-14829,CUST-12481,"91,_Dewan_Street
Ambala_746501",Ambala,Haryana,746501.0,"Billing,_Shipping"
UP-14830,CUST-16393,"H.No._58,_Zachariah_Street
Karimnagar-500068",Karimnagar,Telangana,500068.0,Billing
AP-14831,CUST-16793,"85/248,_Sant,_Srikakulam-756713",Srikakulam,Andhra_Pradesh,756713.0,"Billing,_Shipping"
OR-14832,CUST-15906,"H.No._917
Balay_Ganj
Kanpur_134651",Kanpur,Uttar_Pradesh,134651.0,Billing
UP-14833,CUST-16004,"22
Talwar_Nagar
Karimnagar-699536",Karimnagar,Telangana,699536.0,Billing
TS-14834,CUST-14240,"H.No._355
Acharya_Zila
Proddatur_516952",Proddatur,Andhra_Pradesh,516952.0,"Billing,_Shipping"
MH-14835,CUST-10195,"H.No._531
Mallick_Ganj
Bhiwandi_206082",Bhiwandi,Maharashtra,206082.0,"Billing,_Shipping"
OR-14836,CUST-08924,"61/71,_Lanka_Marg
Danapur_730596",Danapur,Bihar,730596.0,"Billing,_Shipping"
MH-14837,CUST-16502,"H.No._417
Vyas_Ganj
Guntur_766679",Guntur,Andhra_Pradesh,766679.0,"Billing,_Shipping"
MP-14838,CUST-18204,"H.No._03,_Virk_Street
Kishanganj-916847",Kishanganj,Bihar,916847.0,"Billing,_Shipping"
KA-14839,CUST-19917,"18/58
Sarma_Zila
Amaravati_278950",Amaravati,Andhra_Pradesh,278950.0,Shipping
MP-14840,CUST-14447,"H.No._18,_Chad_Ganj,_Gopalpur_459338",Gopalpur,Odisha,459338.0,Shipping
TR-14841,CUST-13451,"55/085,_Bava_Chowk,_Chandigarh-260943",Chandigarh,Chandigarh_(Union_Territory),260943.0,Shipping
MH-14842,CUST-04275,"00/551,_Anne_Ganj,_Bhiwandi_053714",Bhiwandi,Maharashtra,53714.0,Shipping
KA-14843,CUST-19322,"H.No._784,_Krishnamurthy_Circle,_Hosur-749946",Hosur,Tamil_Nadu,749946.0,Billing
WB-14844,CUST-10138,"H.No._487,_Varkey_Street
Madhyamgram_785503",Madhyamgram,West_Bengal,785503.0,"Billing,_Shipping"
BR-14845,CUST-16254,"69/19
Som_Street
Munger-491902",Munger,Bihar,491902.0,Shipping
TN-14846,CUST-17963,"H.No._11,_Lad_Path,_Pallavaram-781160",Pallavaram,Tamil_Nadu,781160.0,Billing
RJ-14847,CUST-03220,"05/95,_Tank_Ganj,_Akola_621161",Akola,Maharashtra,621161.0,Billing
WB-14848,CUST-06248,"03,_Hora,_Baranagar-206222",Baranagar,West_Bengal,206222.0,Billing
UK-14849,CUST-11196,"H.No._279,_Chaudhuri_Street,_Haridwar_609756",Haridwar,Uttarakhand,609756.0,Billing
UP-14850,CUST-04832,"H.No._134,_Din_Marg
Gurgaon_241027",Gurgaon,Haryana,241027.0,"Billing,_Shipping"
AP-14852,CUST-01383,"07,_Kade,_Gudivada_983645",Gudivada,Andhra_Pradesh,983645.0,Shipping
WB-14853,CUST-18759,"82/88
Rattan
Bhatpara-951287",Bhatpara,West_Bengal,951287.0,Shipping
MH-14854,CUST-11395,"32/53,_Hayer_Ganj,_Malegaon_441563",Malegaon,Maharashtra,441563.0,Shipping
DL-14855,CUST-11392,"33
Rau_Chowk
Delhi-908759",Delhi,Delhi_(Union_Territory),908759.0,Shipping
TS-14856,CUST-16103,"64,_Magar_Chowk,_Dindigul-893584",Dindigul,Tamil_Nadu,893584.0,Billing
TS-14857,CUST-10090,"H.No._98,_Khalsa_Path
Ambala_116385",Ambala,Haryana,116385.0,"Billing,_Shipping"
MH-14858,CUST-19061,"21
Ramesh_Ganj
Karnal-116003",Karnal,Haryana,116003.0,"Billing,_Shipping"
MP-14859,CUST-08307,"74/63,_Shere_Marg
Khandwa-760858",Khandwa,Madhya_Pradesh,760858.0,Billing
UP-14860,CUST-13171,"25,_Chowdhury_Road
Firozabad_756857",Firozabad,Uttar_Pradesh,756857.0,Shipping
WB-14861,CUST-07370,"57,_Apte_Marg
Kamarhati-666343",Kamarhati,West_Bengal,666343.0,Billing
AP-14862,CUST-15262,"13/45,_Jhaveri_Street
Anantapuram_723806",Anantapuram,Andhra_Pradesh,723806.0,Shipping
WB-14863,CUST-01669,"77/640,_Lalla_Street
Kamarhati-711522",Kamarhati,West_Bengal,711522.0,Shipping
GJ-14864,CUST-10451,"21/422,_Loyal_Marg
Gandhidham-789319",Gandhidham,Gujarat,789319.0,"Billing,_Shipping"
RJ-14865,CUST-11966,"294,_Warrior_Circle
Dewas-866589",Dewas,Madhya_Pradesh,866589.0,"Billing,_Shipping"
TN-14866,CUST-04395,"86,_Tata_Nagar
Tiruvottiyur-787912",Tiruvottiyur,Tamil_Nadu,787912.0,Billing
CG-14867,CUST-17418,"H.No._74
Chakrabarti_Zila
Nagpur_629352",Nagpur,Maharashtra,629352.0,"Billing,_Shipping"
RJ-14868,CUST-10586,"75/435,_Bora_Chowk,_Rajkot_765954",Rajkot,Gujarat,765954.0,Shipping
TS-14869,CUST-00695,"H.No._61,_Chad_Chowk,_Sirsa_451614",Sirsa,Haryana,451614.0,Shipping
TS-14870,CUST-14298,"66
Sandal_Path
Ramagundam_981645",Ramagundam,Telangana,981645.0,"Billing,_Shipping"
OR-14871,CUST-15219,"H.No._24,_Hari_Nagar
Kanpur_040155",Kanpur,Uttar_Pradesh,40155.0,Billing
OR-14872,CUST-19716,"02,_Bhandari_Zila
Chandrapur-992861",Chandrapur,Maharashtra,992861.0,"Billing,_Shipping"
WB-14873,CUST-15941,"H.No._891,_Buch_Nagar,_Aligarh_146775",Aligarh,Uttar_Pradesh,146775.0,Shipping
TN-14874,CUST-12554,"68,_Ramanathan_Zila
Salem-279631",Salem,Tamil_Nadu,279631.0,Shipping
AS-14875,CUST-09580,"07/62,_Bhagat_Street
Nagaon-442141",Nagaon,Assam,442141.0,"Billing,_Shipping"
BR-14876,CUST-12467,"89/197,_Desai
Purnia-826252",Purnia,Bihar,826252.0,"Billing,_Shipping"
KL-14877,CUST-13697,"742,_Borde_Street,_Kollam_877412",Kollam,Kerala,877412.0,"Billing,_Shipping"
AP-14878,CUST-17504,"H.No._55
Mammen_Marg
Anantapuram-896248",Anantapuram,Andhra_Pradesh,896248.0,"Billing,_Shipping"
BR-14879,CUST-04812,"H.No._60,_Ravel_Road,_Munger_357259",Munger,Bihar,357259.0,Shipping
MP-14880,CUST-09386,"43/970
Garde
Mau-115917",Mau,Uttar_Pradesh,115917.0,Billing
AP-14881,CUST-11380,"124,_Sanghvi_Nagar
Srikakulam-184087",Srikakulam,Andhra_Pradesh,184087.0,Shipping
OR-14882,CUST-05870,"03/19
Bhandari_Circle
Bharatpur-707078",Bharatpur,Rajasthan,707078.0,Billing
AS-14883,CUST-11620,"70
Acharya_Marg
Nagaon_301454",Nagaon,Assam,301454.0,Billing
HP-14884,CUST-17257,"H.No._67,_Dutta_Path
Udaipur_634590",Udaipur,Rajasthan,634590.0,Billing
UP-14885,CUST-01244,"235,_Tailor_Marg
Ahmedabad_616150",Ahmedabad,Gujarat,616150.0,Shipping
BR-14886,CUST-11882,"66,_Shanker_Circle
Ballia_465416",Ballia,Uttar_Pradesh,465416.0,Billing
HP-14887,CUST-17374,"H.No._26,_Barad_Marg,_Udaipur-305248",Udaipur,Rajasthan,305248.0,Shipping
DL-14888,CUST-16184,"83/335
Lata_Nagar
Delhi-584969",Delhi,Delhi_(Union_Territory),584969.0,Billing
TN-14889,CUST-18359,"99/422
Reddy_Marg
Vellore_620828",Vellore,Tamil_Nadu,620828.0,Shipping
UP-14890,CUST-06009,"H.No._49,_Goel
Firozabad-764115",Firozabad,Uttar_Pradesh,764115.0,Shipping
MH-14891,CUST-14473,"364
Sarna_Chowk
Rampur-557142",Rampur,Uttar_Pradesh,557142.0,"Billing,_Shipping"
CG-14892,CUST-02460,"795,_Bhat_Marg
Nagpur-692725",Nagpur,Maharashtra,692725.0,"Billing,_Shipping"
HR-14893,CUST-17243,"03/521,_Basak_Circle
Aurangabad_870531",Aurangabad,Maharashtra,870531.0,Billing
OR-14894,CUST-18437,"15/26,_Kade_Path
Mathura-926510",Mathura,Uttar_Pradesh,926510.0,Billing
UP-14895,CUST-19717,"94/40,_Sundaram_Street,_Farrukhabad_681594",Farrukhabad,Uttar_Pradesh,681594.0,Shipping
OR-14896,CUST-11594,"09/473,_Goda_Zila,_Bilaspur_208053",Bilaspur,Chhattisgarh,208053.0,"Billing,_Shipping"
OR-14897,CUST-13405,"H.No._894,_Bose_Circle
Bijapur_627153",Bijapur,Karnataka,627153.0,"Billing,_Shipping"
BR-14898,CUST-02639,"35/00
Kapur_Nagar
Jaipur_418832",Jaipur,Rajasthan,418832.0,"Billing,_Shipping"
JH-14899,CUST-15127,"99/241
Goswami_Road
Mango-731301",Mango,Jharkhand,731301.0,Billing
UP-14900,CUST-00502,"H.No._49,_Mann_Chowk
Sambhal-055160",Sambhal,Uttar_Pradesh,55160.0,Shipping
TS-14901,CUST-18389,"44/62
Baria_Nagar
Nizamabad-233093",Nizamabad,Telangana,233093.0,"Billing,_Shipping"
MP-14902,CUST-09375,"62,_Deshpande_Zila,_Indore-337914",Indore,Madhya_Pradesh,337914.0,Billing
MH-14903,CUST-15887,"88
Bansal_Road
Nanded-671634",Nanded,Maharashtra,671634.0,Shipping
TR-14904,CUST-07506,"51/75,_Raman_Zila
Chandigarh-626014",Chandigarh,Chandigarh_(Union_Territory),626014.0,Billing
MH-14905,CUST-14132,"75/20,_Mallick_Circle
Loni-862080",Loni,Uttar_Pradesh,862080.0,Billing
TS-14906,CUST-13357,"131,_Ramanathan_Path,_Dindigul-252430",Dindigul,Tamil_Nadu,252430.0,Billing
AS-14907,CUST-12142,"52/886,_Mahal_Street,_Bongaigaon_811577",Bongaigaon,Assam,811577.0,Billing
RJ-14908,CUST-16074,"H.No._740
Agate_Path
Fatehpur_125013",Fatehpur,Uttar_Pradesh,125013.0,Shipping
UP-14909,CUST-15253,"57/025,_Sundaram_Ganj,_Bhagalpur-235412",Bhagalpur,Bihar,235412.0,"Billing,_Shipping"
MP-14910,CUST-10973,"H.No._543
Ganguly_Chowk
Kota_160337",Kota,Rajasthan,160337.0,Billing
KA-14911,CUST-10393,"H.No._757,_Jayaraman_Path,_Amaravati-833582",Amaravati,Andhra_Pradesh,833582.0,Shipping
MP-14912,CUST-00372,"47/864,_Karan_Nagar
Kota-487791",Kota,Rajasthan,487791.0,Billing
MP-14913,CUST-01768,"59,_Sachdev_Marg
Dehri_245488",Dehri,Bihar,245488.0,Shipping
CG-14914,CUST-18235,"557,_Agate_Marg,_Nagpur_784342",Nagpur,Maharashtra,784342.0,Billing
UP-14915,CUST-18537,"00/689,_Bhandari,_Raiganj_853079",Raiganj,West_Bengal,853079.0,"Billing,_Shipping"
MP-14916,CUST-14239,"35/83
Kala_Ganj
Dehri_768984",Dehri,Bihar,768984.0,Shipping
KA-14917,CUST-08489,"H.No._630,_Kunda_Path,_Hospet-165339",Hospet,Karnataka,165339.0,Shipping
UP-14918,CUST-00958,"96/400,_Raval_Circle
Burhanpur-549762",Burhanpur,Madhya_Pradesh,549762.0,Billing
OR-14919,CUST-07768,"H.No._829,_Deo_Marg,_Anantapur_838421",Anantapur,Andhra_Pradesh,838421.0,Billing
WB-14920,CUST-09704,"H.No._494,_Boase_Marg
Baranagar_977387",Baranagar,West_Bengal,977387.0,Billing
JH-14921,CUST-02166,"H.No._371
Karan_Circle
Asansol-402309",Asansol,West_Bengal,402309.0,"Billing,_Shipping"
MP-14922,CUST-19733,"H.No._03,_Garg_Marg,_Kishanganj-289044",Kishanganj,Bihar,289044.0,"Billing,_Shipping"
TN-14923,CUST-19520,"450,_Ramesh_Path
Chittoor-838842",Chittoor,Andhra_Pradesh,838842.0,Billing
TN-14924,CUST-12826,"09,_Batra_Road,_Salem-204838",Salem,Tamil_Nadu,204838.0,"Billing,_Shipping"
TN-14925,CUST-03520,"84/90,_Lad_Ganj,_Tiruvottiyur_879188",Tiruvottiyur,Tamil_Nadu,879188.0,"Billing,_Shipping"
TS-14926,CUST-14108,"18/64
Mander_Chowk
Proddatur-935602",Proddatur,Andhra_Pradesh,935602.0,"Billing,_Shipping"
MH-14927,CUST-19572,"19/313,_Kala_Circle,_Rampur-550436",Rampur,Uttar_Pradesh,550436.0,"Billing,_Shipping"
KA-14928,CUST-16672,"H.No._949,_Shroff_Road,_Mangalore-328532",Mangalore,Karnataka,328532.0,"Billing,_Shipping"
AP-14929,CUST-11048,"07/771
Hari_Ganj
Srikakulam-576711",Srikakulam,Andhra_Pradesh,576711.0,Shipping
KL-14930,CUST-11672,"65/64
Verma_Road
Kollam-223447",Kollam,Kerala,223447.0,Shipping
MH-14931,CUST-15298,"H.No._431,_Kumar_Zila,_Yamunanagar-309779",Yamunanagar,Haryana,309779.0,Shipping
KA-14932,CUST-17507,"41
Choudhary_Street
Amaravati-780486",Amaravati,Andhra_Pradesh,780486.0,Billing
UP-14933,CUST-07594,"87/16,_Dave_Street,_Raipur_622150",Raipur,Chhattisgarh,622150.0,Shipping
MH-14936,CUST-03680,"56,_Das
Loni_718661",Loni,Uttar_Pradesh,718661.0,"Billing,_Shipping"
MP-14937,CUST-12210,"43/420,_Dubey_Ganj,_Indore_697348",Indore,Madhya_Pradesh,697348.0,Shipping
BR-14938,CUST-08326,"19/26,_Venkatesh_Chowk
Munger-319256",Munger,Bihar,319256.0,Shipping
OR-14939,CUST-15714,"58/657
Lad_Road
Patna_724545",Patna,Bihar,724545.0,Billing
BR-14940,CUST-14371,"16/64,_Chacko_Road
Munger_121643",Munger,Bihar,121643.0,"Billing,_Shipping"
KA-14941,CUST-08168,"65,_Loke_Nagar
Amaravati-445641",Amaravati,Andhra_Pradesh,445641.0,"Billing,_Shipping"
TR-14942,CUST-19273,"91/102,_Biswas_Ganj,_Chandigarh-131831",Chandigarh,Chandigarh_(Union_Territory),131831.0,Billing
WB-14943,CUST-16973,"87/000,_Bandi_Zila
Aligarh-339695",Aligarh,Uttar_Pradesh,339695.0,"Billing,_Shipping"
TS-14944,CUST-15032,"78/712,_Mannan_Path
Hindupur-100545",Hindupur,Andhra_Pradesh,100545.0,Billing
TN-14945,CUST-18317,"54/25
Kapadia_Zila
Tiruppur_776729",Tiruppur,Tamil_Nadu,776729.0,Shipping
MP-14946,CUST-00906,"H.No._688,_Rau_Ganj,_Jodhpur-863004",Jodhpur,Rajasthan,863004.0,Shipping
UP-14947,CUST-19368,"26
Tandon_Road
Firozabad_032382",Firozabad,Uttar_Pradesh,32382.0,Billing
OR-14948,CUST-15759,"775
Konda_Zila
Anantapur-843280",Anantapur,Andhra_Pradesh,843280.0,Billing
AS-14949,CUST-19068,"H.No._65,_Sami_Marg
Siliguri-319952",Siliguri,West_Bengal,319952.0,"Billing,_Shipping"
GJ-14950,CUST-19139,"43,_Bera_Road,_Jabalpur-303298",Jabalpur,Madhya_Pradesh,303298.0,Shipping
HR-14951,CUST-17730,"H.No._65,_Jaggi_Road
Bikaner_056721",Bikaner,Rajasthan,56721.0,"Billing,_Shipping"
WB-14952,CUST-18423,"88/169
Dua_Ganj
Uluberia-359816",Uluberia,West_Bengal,359816.0,Shipping
GJ-14953,CUST-19820,"38/221,_Chopra_Chowk,_Kavali-208692",Kavali,Andhra_Pradesh,208692.0,Billing
OR-14954,CUST-14733,"78/31,_Anne,_Mathura_005831",Mathura,Uttar_Pradesh,5831.0,Shipping
BR-14955,CUST-16946,"73/77,_Bhargava
Purnia-638136",Purnia,Bihar,638136.0,Shipping
RJ-14956,CUST-11424,"11
Sankaran_Marg
Rajkot_292767",Rajkot,Gujarat,292767.0,"Billing,_Shipping"
MP-14957,CUST-07537,"25/91,_Raja_Street
Mau_027928",Mau,Uttar_Pradesh,27928.0,"Billing,_Shipping"
RJ-14958,CUST-12988,"H.No._60,_Khalsa,_Rajkot_895416",Rajkot,Gujarat,895416.0,"Billing,_Shipping"
KA-14959,CUST-15925,"H.No._42
Hari_Marg
Amaravati-605143",Amaravati,Andhra_Pradesh,605143.0,"Billing,_Shipping"
AS-14960,CUST-15646,"35,_Swamy_Zila,_Bongaigaon-313691",Bongaigaon,Assam,313691.0,Billing
MP-14961,CUST-19210,"49/184
Srinivas_Circle
Jalandhar-246314",Jalandhar,Punjab,246314.0,Billing
MP-14962,CUST-14056,"H.No._528,_Deo_Ganj
Ramgarh_214351",Ramgarh,Jharkhand,214351.0,Billing
TS-14963,CUST-17432,"07
Mane_Road
Ramagundam_711958",Ramagundam,Telangana,711958.0,Shipping
WB-14964,CUST-15440,"70/99,_Goswami_Zila,_Aligarh_879860",Aligarh,Uttar_Pradesh,879860.0,"Billing,_Shipping"
RJ-14965,CUST-13892,"436,_Chaudhry_Chowk,_Dewas_015649",Dewas,Madhya_Pradesh,15649.0,Shipping
TN-14966,CUST-09796,"066,_Mander_Path
Pallavaram_052839",Pallavaram,Tamil_Nadu,52839.0,"Billing,_Shipping"
KA-14967,CUST-12860,"H.No._47,_Chanda_Nagar,_Solapur-728911",Solapur,Maharashtra,728911.0,"Billing,_Shipping"
KA-14969,CUST-11025,"41/85,_Sankaran_Path
Tumkur-761613",Tumkur,Karnataka,761613.0,Billing
MP-14970,CUST-15413,"45
Shah_Marg
Dehri_717765",Dehri,Bihar,717765.0,Billing
MP-14971,CUST-18439,"785
Savant
Jalandhar-722951",Jalandhar,Punjab,722951.0,Billing
KA-14972,CUST-15163,"58/80
Keer_Nagar
Hospet_145882",Hospet,Karnataka,145882.0,Shipping
MP-14973,CUST-11055,"64,_Ghose_Circle
Ramgarh_597851",Ramgarh,Jharkhand,597851.0,Shipping
TN-14974,CUST-14984,"13/11,_Vora,_Chittoor_416849",Chittoor,Andhra_Pradesh,416849.0,Billing
BR-14975,CUST-14365,"77/13,_Chandra_Zila
Satna_943633",Satna,Madhya_Pradesh,943633.0,Shipping
WB-14976,CUST-18088,"483,_Sant_Path,_Arrah_245874",Arrah,Bihar,245874.0,"Billing,_Shipping"
BR-14977,CUST-11319,"889,_Johal_Nagar,_Purnia-522604",Purnia,Bihar,522604.0,Shipping
JH-14978,CUST-14604,"H.No._235,_Tak_Ganj
Asansol-222498",Asansol,West_Bengal,222498.0,Shipping
AP-14979,CUST-11259,"35/60,_Srivastava_Path,_Gudivada_412112",Gudivada,Andhra_Pradesh,412112.0,Shipping
AP-14980,CUST-17092,"H.No._276,_Randhawa_Street,_Bhimavaram-254068",Bhimavaram,Andhra_Pradesh,254068.0,Billing
MH-14981,CUST-01121,"333,_Dada_Street
Jalgaon-962476",Jalgaon,Maharashtra,962476.0,"Billing,_Shipping"
WB-14982,CUST-10373,"61,_Chandran
Bally-877666",Bally,West_Bengal,877666.0,"Billing,_Shipping"
WB-14983,CUST-05206,"13/87
Saxena_Path
Panihati_995991",Panihati,West_Bengal,995991.0,"Billing,_Shipping"
AS-14984,CUST-18205,"76/731,_Vyas_Marg,_Bongaigaon_554758",Bongaigaon,Assam,554758.0,Billing
AS-14985,CUST-04175,"H.No._18,_Sarna_Marg
Siliguri-739555",Siliguri,West_Bengal,739555.0,Billing
TN-14986,CUST-07845,"07/497,_Banerjee_Zila,_Chittoor-053428",Chittoor,Andhra_Pradesh,53428.0,Billing
UP-14987,CUST-15905,"16/01
Kar_Ganj
Shahjahanpur-959255",Shahjahanpur,Uttar_Pradesh,959255.0,Billing
OR-14988,CUST-05676,"H.No._92,_Iyer_Ganj,_Haldia-755720",Haldia,West_Bengal,755720.0,"Billing,_Shipping"
KA-14989,CUST-11189,"87,_Kalita_Chowk
Amaravati-592516",Amaravati,Andhra_Pradesh,592516.0,Billing
WB-14990,CUST-19640,"39/55,_Tella_Zila
Bidhannagar_457082",Bidhannagar,West_Bengal,457082.0,Billing
RJ-14991,CUST-17891,"71,_Cheema_Road,_Rajkot-252445",Rajkot,Gujarat,252445.0,"Billing,_Shipping"
UP-14992,CUST-14191,"H.No._17,_Raval_Path
Firozabad_579122",Firozabad,Uttar_Pradesh,579122.0,Billing
AS-14993,CUST-10749,"38/353
Kumer_Street
Siliguri_189655",Siliguri,West_Bengal,189655.0,"Billing,_Shipping"
GJ-14994,CUST-08608,"H.No._052,_Dara_Chowk,_Jabalpur_321771",Jabalpur,Madhya_Pradesh,321771.0,"Billing,_Shipping"
TN-14995,CUST-03025,"53/92
Wable_Path
Chittoor_882911",Chittoor,Andhra_Pradesh,882911.0,"Billing,_Shipping"
MP-14996,CUST-10825,"86/62
Magar_Path
Unnao-971377",Unnao,Uttar_Pradesh,971377.0,Billing
TR-14997,CUST-19833,"H.No._48,_Baral_Chowk
Chandigarh_241034",Chandigarh,Chandigarh_(Union_Territory),241034.0,Shipping
MH-14998,CUST-13967,"929,_Rana_Circle,_Malegaon_516075",Malegaon,Maharashtra,516075.0,"Billing,_Shipping"
TN-14999,CUST-01628,"H.No._57
Chaudhary_Street
Tiruvottiyur-487527",Tiruvottiyur,Tamil_Nadu,487527.0,Billing
UP-15000,CUST-18495,"62/00,_Ratta_Path
Burhanpur_970766",Burhanpur,Madhya_Pradesh,970766.0,Shipping
WB-15001,CUST-05848,"35/70,_Dhar_Street
Bidhannagar-843671",Bidhannagar,West_Bengal,843671.0,Shipping
CG-15002,CUST-10642,"00/63,_Wali_Road,_Malda-251661",Malda,West_Bengal,251661.0,"Billing,_Shipping"
MH-15003,CUST-19232,"560,_Dar_Road
Loni_465515",Loni,Uttar_Pradesh,465515.0,Shipping
GJ-15004,CUST-18784,"75/359
Rout_Marg
Vadodara_181792",Vadodara,Gujarat,181792.0,Shipping
TN-15005,CUST-11017,"36,_Yohannan_Circle,_Gandhinagar_560142",Gandhinagar,Gujarat,560142.0,"Billing,_Shipping"
HR-15006,CUST-10404,"16/76
Sinha_Ganj
Aurangabad-780165",Aurangabad,Maharashtra,780165.0,Shipping
GJ-15007,CUST-14355,"93/51,_Shukla_Road
Allahabad_648435",Allahabad,Uttar_Pradesh,648435.0,Shipping
JH-15008,CUST-09658,"37/998,_Anand
Kharagpur_756926",Kharagpur,West_Bengal,756926.0,Billing
HR-15009,CUST-05006,"H.No._305,_Thaman_Marg,_Bikaner_947946",Bikaner,Rajasthan,947946.0,"Billing,_Shipping"
TN-15010,CUST-03089,"714,_Dada_Circle,_Avadi-888160",Avadi,Tamil_Nadu,888160.0,"Billing,_Shipping"
UP-15011,CUST-01014,"H.No._46,_Saha_Zila
Bhagalpur_518995",Bhagalpur,Bihar,518995.0,"Billing,_Shipping"
UP-15012,CUST-15831,"82,_Mallick_Street
Jamalpur-519112",Jamalpur,Bihar,519112.0,Shipping
MP-15013,CUST-14337,"38/83,_Kaul_Zila
Jhansi_658459",Jhansi,Uttar_Pradesh,658459.0,Billing
CG-15014,CUST-18309,"77/14,_Shroff
Sambalpur-612915",Sambalpur,Odisha,612915.0,Shipping
UP-15015,CUST-04954,"61
Gade_Zila
Raipur-678969",Raipur,Chhattisgarh,678969.0,Billing
GJ-15016,CUST-11615,"67/805
Kalita_Path
Allahabad_213204",Allahabad,Uttar_Pradesh,213204.0,"Billing,_Shipping"
WB-15017,CUST-13748,"004,_Seshadri_Road,_Bidhannagar-458203",Bidhannagar,West_Bengal,458203.0,"Billing,_Shipping"
GJ-15018,CUST-03777,"H.No._323
Roy_Zila
Allahabad-390277",Allahabad,Uttar_Pradesh,390277.0,"Billing,_Shipping"
TN-15019,CUST-15603,"30/70,_Walia_Zila,_Pali_488853",Pali,Rajasthan,488853.0,Shipping
GJ-15020,CUST-07800,"34/888
Uppal_Circle
Jabalpur-964936",Jabalpur,Madhya_Pradesh,964936.0,"Billing,_Shipping"
UK-15021,CUST-17674,"46,_Anand_Zila
Jalna-784076",Jalna,Maharashtra,784076.0,"Billing,_Shipping"
MH-15022,CUST-17703,"526,_Vasa_Zila,_Guntur_453083",Guntur,Andhra_Pradesh,453083.0,Billing
UP-15023,CUST-04798,"03/652,_Thakur_Nagar
Mirzapur_177622",Mirzapur,Uttar_Pradesh,177622.0,Shipping
WB-15024,CUST-14023,"H.No._419,_Mall_Path,_Kamarhati-263398",Kamarhati,West_Bengal,263398.0,Billing
MP-15025,CUST-01456,"18/67,_Toor
Agra-272399",Agra,Uttar_Pradesh,272399.0,Shipping
MP-15026,CUST-13857,"H.No._77
Saran_Chowk
Jalandhar-102911",Jalandhar,Punjab,102911.0,Billing
UP-15027,CUST-11757,"888
Babu_Path
Mirzapur_556745",Mirzapur,Uttar_Pradesh,556745.0,Shipping
AS-15028,CUST-15861,"011
Lata
Siliguri_344798",Siliguri,West_Bengal,344798.0,Billing
OR-15029,CUST-13919,"07
Kapur_Chowk
Mathura-565811",Mathura,Uttar_Pradesh,565811.0,Shipping
HR-15030,CUST-12343,"02/47,_Singhal_Zila
Aurangabad-183912",Aurangabad,Maharashtra,183912.0,Shipping
RJ-15031,CUST-15586,"262,_Tank_Road,_Akola-742778",Akola,Maharashtra,742778.0,Shipping
UP-15032,CUST-05304,"09/75,_Grover_Marg
Jamalpur_553859",Jamalpur,Bihar,553859.0,"Billing,_Shipping"
MP-15033,CUST-09318,"H.No._83,_Sinha_Marg,_Gorakhpur-319049",Gorakhpur,Uttar_Pradesh,319049.0,Billing
KL-15034,CUST-10417,"H.No._59
Dani_Chowk
Kollam-757577",Kollam,Kerala,757577.0,Shipping
CG-15035,CUST-14402,"63,_Bhakta_Zila,_Sambalpur_118278",Sambalpur,Odisha,118278.0,Billing
WB-15036,CUST-05064,"23/49,_Rout_Zila
Aligarh_922968",Aligarh,Uttar_Pradesh,922968.0,Shipping
GJ-15037,CUST-06140,"33/045,_Ravi_Ganj,_Allahabad_419904",Allahabad,Uttar_Pradesh,419904.0,Billing
UP-15038,CUST-15416,"317
Warrior_Zila
Karimnagar_636768",Karimnagar,Telangana,636768.0,"Billing,_Shipping"
BR-15039,CUST-05963,"252
Amble_Ganj
Jaipur-371495",Jaipur,Rajasthan,371495.0,"Billing,_Shipping"
UK-15040,CUST-17823,"73/21,_Bhasin_Road,_Haridwar-767246",Haridwar,Uttarakhand,767246.0,Shipping
TN-15041,CUST-12252,"03/838,_Bir_Circle,_Pali-642041",Pali,Rajasthan,642041.0,Shipping
WB-15042,CUST-01732,"68/628
Dugar_Marg
Uluberia_676817",Uluberia,West_Bengal,676817.0,Billing
BR-15043,CUST-10064,"H.No._876
Lad_Path
Purnia-729102",Purnia,Bihar,729102.0,"Billing,_Shipping"
GJ-15044,CUST-11390,"36/030
Rattan_Ganj
Kavali-265762",Kavali,Andhra_Pradesh,265762.0,"Billing,_Shipping"
UP-15045,CUST-18019,"453
Verma_Zila
Gurgaon_887640",Gurgaon,Haryana,887640.0,Billing
BR-15046,CUST-16480,"57/064
Borra_Marg
Jaipur_719599",Jaipur,Rajasthan,719599.0,Billing
MH-15047,CUST-08328,"04,_Chhabra_Road,_Yamunanagar-816771",Yamunanagar,Haryana,816771.0,Shipping
BR-15048,CUST-13320,"H.No._468,_Din_Road
Buxar-646778",Buxar,Bihar,646778.0,Shipping
UP-15049,CUST-11191,"H.No._943,_Dhillon_Chowk,_Mirzapur_095832",Mirzapur,Uttar_Pradesh,95832.0,"Billing,_Shipping"
RJ-15050,CUST-11518,"76/489,_Kalita_Circle
Rajkot-127737",Rajkot,Gujarat,127737.0,Billing
RJ-15051,CUST-18007,"254,_Gola_Zila,_Fatehpur-294628",Fatehpur,Uttar_Pradesh,294628.0,Billing
MP-15052,CUST-19501,"H.No._66,_Sachdeva_Path
Agra_682352",Agra,Uttar_Pradesh,682352.0,"Billing,_Shipping"
TR-15053,CUST-01578,"H.No._279,_Ganesh,_Durgapur-594914",Durgapur,West_Bengal,594914.0,"Billing,_Shipping"
JH-15054,CUST-08589,"11/04,_Sarraf_Ganj,_Asansol_049987",Asansol,West_Bengal,49987.0,"Billing,_Shipping"
GJ-15055,CUST-19252,"79/58
Banerjee_Ganj
Hajipur-136999",Hajipur,Bihar,136999.0,Billing
RJ-15056,CUST-00424,"04/64,_Batra_Circle,_Rajkot-884608",Rajkot,Gujarat,884608.0,Billing
TS-15057,CUST-13517,"703
Choudhary_Path
Proddatur-747944",Proddatur,Andhra_Pradesh,747944.0,"Billing,_Shipping"
OR-15058,CUST-16666,"H.No._418
Gaba_Marg
Kanpur_905277",Kanpur,Uttar_Pradesh,905277.0,Billing
UK-15059,CUST-11532,"129,_Swaminathan_Street,_Jalna-707443",Jalna,Maharashtra,707443.0,Billing
JH-15060,CUST-16013,"416,_Sabharwal_Marg,_Mango_530473",Mango,Jharkhand,530473.0,Shipping
MP-15061,CUST-14556,"18/12
Rout
Gorakhpur_326214",Gorakhpur,Uttar_Pradesh,326214.0,Billing
GJ-15062,CUST-14780,"H.No._568
Varma_Marg
Kavali_772792",Kavali,Andhra_Pradesh,772792.0,Shipping
CG-15063,CUST-03096,"31
Borah_Nagar
Bhilai_005621",Bhilai,Chhattisgarh,5621.0,Shipping
GJ-15064,CUST-03228,"244
Ramanathan_Circle
Ajmer_810276",Ajmer,Rajasthan,810276.0,Billing
OR-15065,CUST-04934,"67/758,_Deshmukh_Marg,_Anantapur-617243",Anantapur,Andhra_Pradesh,617243.0,"Billing,_Shipping"
OR-15066,CUST-11337,"H.No._669,_Wali
Anantapur-997631",Anantapur,Andhra_Pradesh,997631.0,Shipping
TN-15067,CUST-10440,"81/95,_Sani_Street
Chittoor_136890",Chittoor,Andhra_Pradesh,136890.0,Shipping
UP-15068,CUST-07842,"153
Sarkar_Road
Ahmedabad-661729",Ahmedabad,Gujarat,661729.0,Billing
JH-15069,CUST-11070,"H.No._41,_Bakshi,_Phusro-327087",Phusro,Jharkhand,327087.0,"Billing,_Shipping"
MP-15070,CUST-15020,"65/984
Bhasin
Kishanganj-687020",Kishanganj,Bihar,687020.0,Billing
KL-15071,CUST-17997,"407,_Dani_Nagar
Kollam-645292",Kollam,Kerala,645292.0,Shipping
BR-15072,CUST-13913,"47/402
Chadha_Street
Buxar_449958",Buxar,Bihar,449958.0,Shipping
TN-15073,CUST-14445,"H.No._81,_Sridhar_Ganj
Pallavaram_323262",Pallavaram,Tamil_Nadu,323262.0,"Billing,_Shipping"
UK-15074,CUST-09055,"H.No._43,_Sinha,_Jalna_665194",Jalna,Maharashtra,665194.0,Shipping
KA-15075,CUST-15146,"48/698
Ramaswamy_Marg
Solapur_757994",Solapur,Maharashtra,757994.0,"Billing,_Shipping"
DL-15076,CUST-10951,"H.No._746,_Sha_Road,_Delhi-932586",Delhi,Delhi_(Union_Territory),932586.0,"Billing,_Shipping"
KL-15077,CUST-11159,"H.No._09,_Keer_Chowk,_Kollam-413780",Kollam,Kerala,413780.0,Shipping
TN-15078,CUST-17011,"264
Brar_Marg
Tiruvottiyur-521924",Tiruvottiyur,Tamil_Nadu,521924.0,Billing
MH-15079,CUST-08871,"63/57,_Cheema_Chowk,_Malegaon_263662",Malegaon,Maharashtra,263662.0,Billing
OR-15080,CUST-16412,"705,_Goel_Zila,_Berhampur_298236",Berhampur,Odisha,298236.0,Billing
UP-15082,CUST-07786,"H.No._30,_Sodhi_Circle,_Burhanpur_279445",Burhanpur,Madhya_Pradesh,279445.0,Shipping
UP-15083,CUST-18835,"80/994
Wali_Marg
Jamalpur_314992",Jamalpur,Bihar,314992.0,Shipping
MP-15084,CUST-16195,"29/18,_Ravi_Nagar
Agra-155345",Agra,Uttar_Pradesh,155345.0,"Billing,_Shipping"
MP-15085,CUST-18844,"H.No._93,_Garg_Zila
Dehri_943847",Dehri,Bihar,943847.0,Billing
HR-15086,CUST-10944,"53
Saxena_Marg
Siwan_920142",Siwan,Bihar,920142.0,Billing
DL-15087,CUST-00516,"168,_Balasubramanian_Zila
Delhi_490908",Delhi,Delhi_(Union_Territory),490908.0,"Billing,_Shipping"
MH-15088,CUST-13523,"40/537,_Chacko_Circle
Yamunanagar_783285",Yamunanagar,Haryana,783285.0,Shipping
AP-15089,CUST-19077,"H.No._281,_Walla_Chowk,_Srikakulam-323829",Srikakulam,Andhra_Pradesh,323829.0,Shipping
UP-15090,CUST-11155,"H.No._38
Gour_Zila
Karimnagar-421845",Karimnagar,Telangana,421845.0,Billing
OR-15091,CUST-10817,"520
Dar_Zila
Bharatpur-469962",Bharatpur,Rajasthan,469962.0,Shipping
AP-15092,CUST-07470,"40/31,_Lall_Marg,_Bhimavaram-432063",Bhimavaram,Andhra_Pradesh,432063.0,Shipping
GJ-15093,CUST-07978,"H.No._04
Goda_Nagar
Jabalpur_952776",Jabalpur,Madhya_Pradesh,952776.0,Billing
TS-15094,CUST-00435,"67/35
Gopal_Zila
Dindigul-739061",Dindigul,Tamil_Nadu,739061.0,Shipping
MP-15095,CUST-19215,"H.No._519
Seth_Zila
Mau-400113",Mau,Uttar_Pradesh,400113.0,"Billing,_Shipping"
MH-15096,CUST-19254,"36,_Bora_Circle,_Loni-343884",Loni,Uttar_Pradesh,343884.0,"Billing,_Shipping"
TS-15097,CUST-18103,"50/80
Amble_Circle
Proddatur-637568",Proddatur,Andhra_Pradesh,637568.0,"Billing,_Shipping"
GJ-15098,CUST-17052,"383,_Bhatia_Marg,_Ajmer-594026",Ajmer,Rajasthan,594026.0,Billing
WB-15099,CUST-14252,"07/705
Bhatnagar_Road
Baranagar_388299",Baranagar,West_Bengal,388299.0,"Billing,_Shipping"
UP-15100,CUST-15666,"H.No._796,_Chana_Circle
Mirzapur-695195",Mirzapur,Uttar_Pradesh,695195.0,Shipping
UP-15101,CUST-13776,"57/41,_Bawa_Circle,_Jamalpur-269854",Jamalpur,Bihar,269854.0,"Billing,_Shipping"
HR-15102,CUST-14845,"55/811
Krishnan_Circle
Aurangabad-388607",Aurangabad,Maharashtra,388607.0,"Billing,_Shipping"
TS-15103,CUST-03780,"846,_Ramachandran_Street
Nizamabad-024246",Nizamabad,Telangana,24246.0,"Billing,_Shipping"
TS-15104,CUST-18870,"80/184,_Sharaf
Srinagar_139742",Srinagar,Jammu_and_Kashmir,139742.0,"Billing,_Shipping"
AP-15105,CUST-16170,"13/95,_Chacko_Nagar
Anantapuram_513802",Anantapuram,Andhra_Pradesh,513802.0,Billing
OR-15106,CUST-12301,"H.No._66
Dada_Path
Mathura_417303",Mathura,Uttar_Pradesh,417303.0,Billing
TS-15107,CUST-11744,"86/33
Rattan_Nagar
Ambala-194519",Ambala,Haryana,194519.0,Billing
MP-15108,CUST-08548,"647,_Srinivasan_Chowk
Agra_873086",Agra,Uttar_Pradesh,873086.0,Shipping
WB-15109,CUST-19387,"33,_Baria_Nagar,_Madhyamgram_938220",Madhyamgram,West_Bengal,938220.0,Shipping
AS-15110,CUST-15610,"09/379
Rana_Path
Bongaigaon-458470",Bongaigaon,Assam,458470.0,Shipping
BR-15111,CUST-13812,"441,_Krishnamurthy_Circle
Jaipur_115226",Jaipur,Rajasthan,115226.0,Shipping
CG-15112,CUST-16070,"93,_Swaminathan_Marg
Sambalpur-310123",Sambalpur,Odisha,310123.0,"Billing,_Shipping"
MH-15113,CUST-08651,"84,_Wason_Ganj
Yamunanagar-525807",Yamunanagar,Haryana,525807.0,"Billing,_Shipping"
OR-15114,CUST-19821,"29/82,_Verma_Street
Berhampur-759426",Berhampur,Odisha,759426.0,"Billing,_Shipping"
KA-15115,CUST-02750,"H.No._82
Karan_Nagar
Tumkur_229689",Tumkur,Karnataka,229689.0,Shipping
OR-15116,CUST-07867,"615,_Ahluwalia_Zila,_Anantapur-784885",Anantapur,Andhra_Pradesh,784885.0,"Billing,_Shipping"
RJ-15117,CUST-13462,"H.No._73,_Sarkar_Marg
Rajkot-866060",Rajkot,Gujarat,866060.0,Shipping
RJ-15118,CUST-06348,"919,_Karnik_Circle,_Rajkot_077075",Rajkot,Gujarat,77075.0,Billing
TR-15119,CUST-14735,"601
Dutt_Ganj
Chandigarh-106780",Chandigarh,Chandigarh_(Union_Territory),106780.0,Billing
WB-15120,CUST-11047,"94
Lalla_Chowk
Bally-911875",Bally,West_Bengal,911875.0,Shipping
UP-15121,CUST-09401,"91/28,_Kalla_Street,_Raipur_637253",Raipur,Chhattisgarh,637253.0,Shipping
UP-15122,CUST-18540,"295,_Comar_Zila
Burhanpur_445774",Burhanpur,Madhya_Pradesh,445774.0,Shipping
BR-15123,CUST-14436,"50/26,_Suri_Road,_Buxar-394328",Buxar,Bihar,394328.0,Shipping
MH-15124,CUST-00264,"H.No._22,_Varughese_Road
Yamunanagar_553899",Yamunanagar,Haryana,553899.0,Shipping
TN-15125,CUST-12846,"00/832,_Manda_Nagar,_Chittoor_100398",Chittoor,Andhra_Pradesh,100398.0,Billing
JH-15126,CUST-04917,"076
Kamdar_Circle
Asansol_420499",Asansol,West_Bengal,420499.0,Billing
BR-15127,CUST-03186,"06,_Kothari_Zila,_Buxar-516597",Buxar,Bihar,516597.0,Shipping
TN-15128,CUST-07268,"661
Yohannan_Nagar
Chittoor-564397",Chittoor,Andhra_Pradesh,564397.0,"Billing,_Shipping"
UP-15129,CUST-18301,"H.No._763,_Kurian_Chowk,_Raiganj_728523",Raiganj,West_Bengal,728523.0,Billing
KL-15130,CUST-19791,"H.No._770,_Choudhury_Path
Kollam_867379",Kollam,Kerala,867379.0,Shipping
CG-15131,CUST-10307,"H.No._247
Lanka_Street
Malda-556899",Malda,West_Bengal,556899.0,Billing
UP-15132,CUST-00633,"H.No._01
Sethi_Zila
Raipur-297897",Raipur,Chhattisgarh,297897.0,"Billing,_Shipping"
OR-15133,CUST-18508,"H.No._30
Hayer_Street
Bharatpur-127653",Bharatpur,Rajasthan,127653.0,"Billing,_Shipping"
KA-15134,CUST-14294,"72/69,_Majumdar_Chowk,_Amaravati-184325",Amaravati,Andhra_Pradesh,184325.0,Billing
GJ-15135,CUST-16616,"162
Deshpande_Zila
Gandhidham-081731",Gandhidham,Gujarat,81731.0,Shipping
UK-15136,CUST-12078,"11,_Rattan_Circle,_Shivpuri-251089",Shivpuri,Madhya_Pradesh,251089.0,"Billing,_Shipping"
OR-15137,CUST-05754,"H.No._976
Soni_Road
Bilaspur-110356",Bilaspur,Chhattisgarh,110356.0,Billing
UP-15138,CUST-15908,"H.No._08
Garde_Marg
Burhanpur-027602",Burhanpur,Madhya_Pradesh,27602.0,Shipping
TR-15139,CUST-18087,"587,_Sarma_Marg,_Chandigarh-635904",Chandigarh,Chandigarh_(Union_Territory),635904.0,Shipping
KA-15140,CUST-19609,"299,_Gaba_Nagar
Tumkur_967592",Tumkur,Karnataka,967592.0,"Billing,_Shipping"
RJ-15141,CUST-10519,"68/172,_Toor_Chowk
Akola_239230",Akola,Maharashtra,239230.0,"Billing,_Shipping"
UP-15142,CUST-14081,"96/34,_Devan_Chowk
Gurgaon-818739",Gurgaon,Haryana,818739.0,Shipping
UP-15143,CUST-18796,"54/76,_Choudhury_Nagar,_Chapra-933045",Chapra,Bihar,933045.0,Billing
HR-15144,CUST-12977,"11/68,_Setty_Circle
Bikaner-889366",Bikaner,Rajasthan,889366.0,"Billing,_Shipping"
GJ-15145,CUST-12762,"H.No._67,_Sanghvi_Marg
Allahabad_581212",Allahabad,Uttar_Pradesh,581212.0,Billing
TR-15146,CUST-18017,"40/72,_Gaba_Circle
Chandigarh_567888",Chandigarh,Chandigarh_(Union_Territory),567888.0,Billing
TS-15147,CUST-15642,"05/010
Krishna_Circle
Dindigul_776441",Dindigul,Tamil_Nadu,776441.0,"Billing,_Shipping"
CG-15148,CUST-14664,"H.No._20
Vora_Road
Sambalpur_980732",Sambalpur,Odisha,980732.0,"Billing,_Shipping"
AP-15149,CUST-17663,"H.No._813,_Rastogi_Path,_Bhimavaram_004252",Bhimavaram,Andhra_Pradesh,4252.0,Shipping
MP-15150,CUST-19227,"290,_Ray_Nagar
Jalandhar_041174",Jalandhar,Punjab,41174.0,Billing
BR-15151,CUST-18020,"H.No._122
Setty_Chowk
Jaipur_611537",Jaipur,Rajasthan,611537.0,Shipping
BR-15152,CUST-18981,"H.No._00,_Subramaniam
Satna-187761",Satna,Madhya_Pradesh,187761.0,Billing
UP-15153,CUST-17890,"28/60,_Anne_Road,_Raiganj-106365",Raiganj,West_Bengal,106365.0,Shipping
WB-15154,CUST-05684,"023,_Seth_Road,_Arrah_687360",Arrah,Bihar,687360.0,Shipping
CG-15155,CUST-19798,"96,_Bakshi_Chowk
Sambalpur_757554",Sambalpur,Odisha,757554.0,Shipping
MH-15156,CUST-09323,"H.No._232,_Dalal_Road
Jalgaon_650639",Jalgaon,Maharashtra,650639.0,Shipping
WB-15157,CUST-18028,"H.No._217
Dhar_Chowk
Kamarhati_582914",Kamarhati,West_Bengal,582914.0,Billing
CG-15158,CUST-15205,"23/46
Char_Street
Sambalpur_827631",Sambalpur,Odisha,827631.0,"Billing,_Shipping"
UP-15159,CUST-16095,"H.No._66,_Sahni_Marg,_Mirzapur-353521",Mirzapur,Uttar_Pradesh,353521.0,Shipping
UP-15160,CUST-04208,"825,_Barad_Path
Muzaffarpur-446785",Muzaffarpur,Bihar,446785.0,Billing
KA-15161,CUST-09264,"288
Golla_Marg
Tumkur_052515",Tumkur,Karnataka,52515.0,Shipping
WB-15162,CUST-19345,"H.No._20,_Ravi_Marg
Bhatpara-028634",Bhatpara,West_Bengal,28634.0,Shipping
MP-15163,CUST-13232,"062,_Bala_Marg
Agra-624139",Agra,Uttar_Pradesh,624139.0,Billing
UP-15164,CUST-08209,"H.No._09,_Grover_Zila,_Raipur_019676",Raipur,Chhattisgarh,19676.0,Billing
OR-15165,CUST-15945,"H.No._378
Lall_Nagar
Kanpur-992513",Kanpur,Uttar_Pradesh,992513.0,"Billing,_Shipping"
MP-15166,CUST-07472,"72/86,_Grover_Street
Gopalpur_253797",Gopalpur,Odisha,253797.0,"Billing,_Shipping"
UP-15167,CUST-17527,"H.No._238,_Jani_Street
Mirzapur_602687",Mirzapur,Uttar_Pradesh,602687.0,Shipping
OR-15168,CUST-13243,"H.No._479,_Hayer_Street,_Patna_083418",Patna,Bihar,83418.0,Billing
TN-15169,CUST-02322,"36/364,_Kanda_Marg,_Salem-548429",Salem,Tamil_Nadu,548429.0,Billing
TS-15170,CUST-14162,"661,_Sanghvi_Road,_Ramagundam_335008",Ramagundam,Telangana,335008.0,Shipping
UP-15171,CUST-15235,"18,_Cheema_Circle,_Sambhal-106595",Sambhal,Uttar_Pradesh,106595.0,Shipping
TR-15172,CUST-05729,"H.No._532,_Gala_Road
Chandigarh-577941",Chandigarh,Chandigarh_(Union_Territory),577941.0,"Billing,_Shipping"
HR-15173,CUST-09982,"846,_Bains_Road
Bikaner-922770",Bikaner,Rajasthan,922770.0,Billing
WB-15174,CUST-07515,"33/216,_Toor_Street,_Naihati-168361",Naihati,West_Bengal,168361.0,Shipping
RJ-15175,CUST-15811,"H.No._95
Golla_Circle
Fatehpur_455726",Fatehpur,Uttar_Pradesh,455726.0,Billing
BR-15176,CUST-13742,"50/38
Agate_Ganj
Purnia_619166",Purnia,Bihar,619166.0,"Billing,_Shipping"
MH-15177,CUST-08336,"65/408
Bali_Marg
Bhiwandi-147444",Bhiwandi,Maharashtra,147444.0,"Billing,_Shipping"
HR-15178,CUST-11859,"78/237
Dora_Circle
Aurangabad_655527",Aurangabad,Maharashtra,655527.0,"Billing,_Shipping"
UP-15179,CUST-02973,"H.No._05,_Bains_Path,_Jamalpur-951857",Jamalpur,Bihar,951857.0,Billing
TS-15180,CUST-17294,"H.No._07
Dayal_Zila
Srinagar_683790",Srinagar,Jammu_and_Kashmir,683790.0,"Billing,_Shipping"
AP-15181,CUST-16583,"59/74
Zacharia
Bhimavaram-938080",Bhimavaram,Andhra_Pradesh,938080.0,"Billing,_Shipping"
MP-15182,CUST-03739,"91/31,_Chana_Circle
Khandwa_644299",Khandwa,Madhya_Pradesh,644299.0,Shipping
WB-15183,CUST-12191,"H.No._334,_Sarna_Ganj,_Panihati-432283",Panihati,West_Bengal,432283.0,Shipping
DL-15184,CUST-02307,"64/762,_Rao_Ganj
Delhi-539642",Delhi,Delhi_(Union_Territory),539642.0,Billing
TN-15185,CUST-11707,"H.No._415
Tripathi_Nagar
Avadi_133722",Avadi,Tamil_Nadu,133722.0,Shipping
UP-15186,CUST-17809,"421,_Varma_Nagar
Burhanpur_901210",Burhanpur,Madhya_Pradesh,901210.0,Billing
HR-15187,CUST-09330,"H.No._43,_Shukla,_Aurangabad-200522",Aurangabad,Maharashtra,200522.0,Billing
GJ-15188,CUST-03074,"H.No._84,_Samra_Nagar
Vadodara-796999",Vadodara,Gujarat,796999.0,Billing
HR-15189,CUST-17928,"H.No._74
Ben_Ganj
Siwan_174042",Siwan,Bihar,174042.0,Shipping
HR-15190,CUST-14688,"99,_Dar_Nagar
Siwan_412172",Siwan,Bihar,412172.0,Billing
OR-15191,CUST-12353,"H.No._090,_Koshy_Path,_Patna_899458",Patna,Bihar,899458.0,"Billing,_Shipping"
MH-15192,CUST-07199,"37/842,_Kunda_Circle,_Loni-334249",Loni,Uttar_Pradesh,334249.0,Billing
MH-15194,CUST-08265,"816,_Kannan_Path
Satara-214877",Satara,Maharashtra,214877.0,"Billing,_Shipping"
GJ-15195,CUST-17010,"931
Datta_Ganj
Ajmer_167335",Ajmer,Rajasthan,167335.0,"Billing,_Shipping"
TS-15196,CUST-10917,"32/203,_Arya_Road,_Nizamabad_338346",Nizamabad,Telangana,338346.0,Shipping
OR-15197,CUST-18755,"H.No._183
Loyal_Ganj
Patna-857757",Patna,Bihar,857757.0,Shipping
MH-15198,CUST-14200,"941
Sabharwal_Chowk
Guntur-692881",Guntur,Andhra_Pradesh,692881.0,Billing
WB-15199,CUST-04012,"H.No._657
Solanki_Path
Kamarhati-939583",Kamarhati,West_Bengal,939583.0,Billing
UP-15200,CUST-05445,"H.No._76
Chaudhuri_Ganj
Gurgaon-305370",Gurgaon,Haryana,305370.0,"Billing,_Shipping"
AP-15201,CUST-10488,"68,_Gokhale_Road
Dharmavaram-349730",Dharmavaram,Andhra_Pradesh,349730.0,Billing
CG-15202,CUST-01289,"111,_Sinha_Chowk
Malda-287539",Malda,West_Bengal,287539.0,Billing
OR-15203,CUST-08976,"62/101,_Joshi_Nagar,_Bilaspur-587366",Bilaspur,Chhattisgarh,587366.0,"Billing,_Shipping"
WB-15204,CUST-07486,"H.No._834
Raval_Nagar
Baranagar_893406",Baranagar,West_Bengal,893406.0,Billing
WB-15205,CUST-16497,"93/425,_Sarraf_Path,_Naihati-974166",Naihati,West_Bengal,974166.0,"Billing,_Shipping"
TS-15206,CUST-18953,"H.No._36
Kala_Nagar
Proddatur_123336",Proddatur,Andhra_Pradesh,123336.0,"Billing,_Shipping"
AP-15207,CUST-07376,"52/65,_Hora_Street
Jammu-163898",Jammu,Jammu_and_Kashmir,163898.0,Billing
UK-15208,CUST-14814,"H.No._61,_Dada_Circle
Shivpuri_084383",Shivpuri,Madhya_Pradesh,84383.0,"Billing,_Shipping"
TN-15209,CUST-01604,"55/68
Gala_Marg
Salem-119149",Salem,Tamil_Nadu,119149.0,"Billing,_Shipping"
WB-15210,CUST-03848,"80/86,_Agrawal
Bhatpara-634193",Bhatpara,West_Bengal,634193.0,Shipping
OR-15211,CUST-11196,"39/787
Verma_Road
Mathura-137532",Mathura,Uttar_Pradesh,137532.0,Shipping
AP-15212,CUST-16014,"49/533,_Sathe
Anantapuram_134379",Anantapuram,Andhra_Pradesh,134379.0,"Billing,_Shipping"
MP-15213,CUST-19214,"66/58
Kapoor_Nagar
Jodhpur_562736",Jodhpur,Rajasthan,562736.0,Billing
OR-15214,CUST-16770,"285,_Borde
Patna-885265",Patna,Bihar,885265.0,Billing
TS-15215,CUST-19008,"H.No._72,_Saini_Path
Dindigul_934118",Dindigul,Tamil_Nadu,934118.0,Shipping
OR-15216,CUST-03312,"512,_Sarkar_Zila
Patna_098437",Patna,Bihar,98437.0,Shipping
TN-15217,CUST-19760,"H.No._786,_Dasgupta_Road
Pali-140861",Pali,Rajasthan,140861.0,"Billing,_Shipping"
TN-15218,CUST-19922,"H.No._19,_Gole_Nagar,_Pallavaram_594848",Pallavaram,Tamil_Nadu,594848.0,Billing
AP-15219,CUST-07015,"H.No._82,_Gulati_Circle
Srikakulam_631316",Srikakulam,Andhra_Pradesh,631316.0,Shipping
MH-15220,CUST-10501,"543,_Dhaliwal_Chowk,_Satara_587156",Satara,Maharashtra,587156.0,Billing
WB-15221,CUST-17842,"456
Kapur_Road
Uluberia_014263",Uluberia,West_Bengal,14263.0,"Billing,_Shipping"
TR-15222,CUST-04733,"11,_Chhabra_Circle,_Durgapur_169146",Durgapur,West_Bengal,169146.0,"Billing,_Shipping"
MH-15223,CUST-14955,"H.No._59,_Sami_Chowk,_Nanded-109333",Nanded,Maharashtra,109333.0,Shipping
MP-15224,CUST-15626,"68/82
Sant_Marg
Kishanganj_905533",Kishanganj,Bihar,905533.0,Shipping
OR-15225,CUST-06177,"H.No._787,_Kar_Circle,_Bijapur_033919",Bijapur,Karnataka,33919.0,Billing
BR-15226,CUST-12480,"59/89,_Chhabra_Road
Munger-764211",Munger,Bihar,764211.0,"Billing,_Shipping"
RJ-15227,CUST-08379,"81/41,_Jha_Nagar
Rajkot-899719",Rajkot,Gujarat,899719.0,"Billing,_Shipping"
MH-15228,CUST-08284,"190
Dhawan_Nagar
Karnal-819753",Karnal,Haryana,819753.0,Billing
OR-15229,CUST-10452,"420,_Khalsa_Zila
Patna-303821",Patna,Bihar,303821.0,Billing
MP-15230,CUST-13579,"35/285
Sandhu_Zila
Dehri-225799",Dehri,Bihar,225799.0,"Billing,_Shipping"
UP-15231,CUST-10562,"03/83,_Dua_Marg
Firozabad-585475",Firozabad,Uttar_Pradesh,585475.0,Billing
MP-15232,CUST-02183,"340,_Tailor
Kota-297513",Kota,Rajasthan,297513.0,"Billing,_Shipping"
KA-15233,CUST-03468,"H.No._78,_Shenoy_Road
Hospet_009144",Hospet,Karnataka,9144.0,Billing
UP-15234,CUST-18394,"976
Gandhi_Marg
Farrukhabad-116497",Farrukhabad,Uttar_Pradesh,116497.0,Shipping
TS-15235,CUST-13787,"824,_Bal,_Dindigul-341625",Dindigul,Tamil_Nadu,341625.0,"Billing,_Shipping"
HP-15236,CUST-13242,"46/04,_Lata_Chowk,_Udaipur-747222",Udaipur,Rajasthan,747222.0,Billing
WB-15237,CUST-03719,"H.No._414,_Ramakrishnan_Marg
Baranagar-247071",Baranagar,West_Bengal,247071.0,Billing
BR-15238,CUST-16675,"H.No._368,_Sastry_Road
Munger-520270",Munger,Bihar,520270.0,"Billing,_Shipping"
KA-15239,CUST-15545,"H.No._89
Rau_Zila
Mangalore-159858",Mangalore,Karnataka,159858.0,Billing
WB-15240,CUST-11468,"H.No._49,_Sekhon_Chowk
Kulti_425247",Kulti,West_Bengal,425247.0,Billing
WB-15241,CUST-07045,"84/54
Sinha_Ganj
Bhatpara_956803",Bhatpara,West_Bengal,956803.0,Billing
MH-15242,CUST-04191,"07
Srinivas_Circle
Loni-596192",Loni,Uttar_Pradesh,596192.0,"Billing,_Shipping"
OR-15243,CUST-14150,"H.No._783,_Seshadri_Street
Bijapur-841265",Bijapur,Karnataka,841265.0,Billing
JH-15244,CUST-06316,"34,_Yohannan_Ganj,_Asansol_824363",Asansol,West_Bengal,824363.0,Billing
KA-15245,CUST-15004,"H.No._698
Mallick_Circle
Solapur_610777",Solapur,Maharashtra,610777.0,Billing
BR-15246,CUST-15170,"H.No._46,_Choudhary_Road,_Satna-728473",Satna,Madhya_Pradesh,728473.0,"Billing,_Shipping"
MP-15247,CUST-07771,"31/515,_Bhatia_Circle
Kishanganj-380789",Kishanganj,Bihar,380789.0,"Billing,_Shipping"
UP-15248,CUST-15725,"734
Brar_Ganj
Firozabad-508807",Firozabad,Uttar_Pradesh,508807.0,"Billing,_Shipping"
WB-15249,CUST-10994,"78/552
Bose_Ganj
Aligarh-957677",Aligarh,Uttar_Pradesh,957677.0,Billing
UP-15250,CUST-13767,"08,_Rajagopal
Sambhal-068184",Sambhal,Uttar_Pradesh,68184.0,"Billing,_Shipping"
UP-15251,CUST-04066,"H.No._73
Keer
Ahmedabad-859635",Ahmedabad,Gujarat,859635.0,Billing
OR-15252,CUST-09560,"H.No._97,_Kuruvilla,_Berhampur_154768",Berhampur,Odisha,154768.0,Shipping
MH-15253,CUST-12116,"H.No._935,_Mahajan_Circle
Yamunanagar_881107",Yamunanagar,Haryana,881107.0,"Billing,_Shipping"
UP-15254,CUST-12118,"95/91,_Kakar_Marg,_Jamalpur-782018",Jamalpur,Bihar,782018.0,"Billing,_Shipping"
MH-15255,CUST-00754,"95,_Vala_Ganj,_Karnal_202902",Karnal,Haryana,202902.0,Shipping
WB-15256,CUST-13769,"H.No._983,_Ravi_Path,_Baranagar_168960",Baranagar,West_Bengal,168960.0,Billing
TS-15257,CUST-05888,"32,_Jaggi_Marg
Ramagundam_549410",Ramagundam,Telangana,549410.0,"Billing,_Shipping"
MP-15258,CUST-17387,"88,_Shah_Zila
Gorakhpur-631075",Gorakhpur,Uttar_Pradesh,631075.0,Shipping
GJ-15259,CUST-18457,"H.No._75,_Divan_Street
Hajipur_817927",Hajipur,Bihar,817927.0,Shipping
RJ-15260,CUST-15168,"28,_Mallick_Path,_Dewas_034316",Dewas,Madhya_Pradesh,34316.0,Shipping
BR-15261,CUST-03736,"H.No._468,_Chatterjee_Nagar,_Satna-115229",Satna,Madhya_Pradesh,115229.0,Shipping
GJ-15263,CUST-19022,"57/40,_Jhaveri_Path,_Ajmer_239755",Ajmer,Rajasthan,239755.0,Billing
MP-15264,CUST-00541,"H.No._582,_Arora_Chowk,_Jhansi_438465",Jhansi,Uttar_Pradesh,438465.0,"Billing,_Shipping"
KA-15265,CUST-10167,"H.No._163,_Solanki_Road,_Hosur-098849",Hosur,Tamil_Nadu,98849.0,Billing
MH-15266,CUST-12965,"17/498,_Lala_Ganj
Guntur_298894",Guntur,Andhra_Pradesh,298894.0,"Billing,_Shipping"
CG-15267,CUST-09391,"H.No._59,_Dhar_Path
Sagar_411118",Sagar,Madhya_Pradesh,411118.0,"Billing,_Shipping"
BR-15268,CUST-19533,"81/377
Chandran_Path
Munger_461487",Munger,Bihar,461487.0,Billing
OR-15269,CUST-17464,"47/355,_Kashyap_Nagar
Haldia_896757",Haldia,West_Bengal,896757.0,Billing
TS-15270,CUST-04968,"H.No._292
Barad_Marg
Ambala-418742",Ambala,Haryana,418742.0,Billing
GJ-15271,CUST-15656,"93,_Choudhury_Road,_Hajipur-505009",Hajipur,Bihar,505009.0,Shipping
CG-15272,CUST-19758,"950,_Hora_Ganj
Sambalpur_974487",Sambalpur,Odisha,974487.0,"Billing,_Shipping"
RJ-15273,CUST-06756,"57/69,_Deep_Path,_Rajkot_285510",Rajkot,Gujarat,285510.0,"Billing,_Shipping"
TN-15274,CUST-14195,"13/09,_Hayer_Road
Pallavaram_132679",Pallavaram,Tamil_Nadu,132679.0,Shipping
TN-15275,CUST-10746,"H.No._839,_Trivedi_Marg
Avadi_910031",Avadi,Tamil_Nadu,910031.0,Billing
BR-15276,CUST-12891,"02/16,_Dani_Zila
Jaipur-927846",Jaipur,Rajasthan,927846.0,Shipping
KL-15277,CUST-19175,"H.No._407,_Mani_Zila,_Kollam-414797",Kollam,Kerala,414797.0,Shipping
JH-15278,CUST-18170,"H.No._84,_Bala_Street
Asansol-545688",Asansol,West_Bengal,545688.0,Shipping
GJ-15279,CUST-09692,"85,_Chaudhary_Zila,_Kavali-435807",Kavali,Andhra_Pradesh,435807.0,"Billing,_Shipping"
UP-15280,CUST-17673,"88/765
Ghose_Ganj
Karimnagar_599574",Karimnagar,Telangana,599574.0,"Billing,_Shipping"
JH-15281,CUST-18107,"21/337,_Sidhu_Road
Kharagpur-836017",Kharagpur,West_Bengal,836017.0,Billing
UK-15282,CUST-04109,"02,_Sandal_Path
Shivpuri-966870",Shivpuri,Madhya_Pradesh,966870.0,Billing
CG-15283,CUST-17930,"25/886,_Ghose_Nagar
Sagar_324357",Sagar,Madhya_Pradesh,324357.0,Shipping
HR-15284,CUST-01792,"H.No._96,_Lall_Path
Aurangabad-124448",Aurangabad,Maharashtra,124448.0,Billing
WB-15285,CUST-05578,"93/215,_Sridhar_Path
Bally-093837",Bally,West_Bengal,93837.0,Shipping
CG-15286,CUST-09766,"554
Zachariah_Circle
Malda_294313",Malda,West_Bengal,294313.0,Shipping
MH-15287,CUST-11225,"73/483,_Brar_Marg,_Karnal_178656",Karnal,Haryana,178656.0,"Billing,_Shipping"
KA-15288,CUST-06310,"H.No._026,_Virk_Circle,_Solapur_615444",Solapur,Maharashtra,615444.0,Billing
OR-15289,CUST-00836,"H.No._36,_Zacharia_Chowk
Haldia-882587",Haldia,West_Bengal,882587.0,Shipping
JH-15290,CUST-18323,"01/474
Kar
Asansol-131914",Asansol,West_Bengal,131914.0,Billing
WB-15291,CUST-18448,"77,_Kara_Ganj
Arrah_346665",Arrah,Bihar,346665.0,"Billing,_Shipping"
MP-15293,CUST-12705,"H.No._97,_Rana_Path,_Gorakhpur_269983",Gorakhpur,Uttar_Pradesh,269983.0,"Billing,_Shipping"
HP-15294,CUST-11566,"84/25
Rout_Path
Udaipur-451345",Udaipur,Rajasthan,451345.0,Shipping
MH-15295,CUST-17082,"H.No._126,_Sibal_Marg,_Yamunanagar_688674",Yamunanagar,Haryana,688674.0,Shipping
WB-15296,CUST-16092,"H.No._963,_Ratti_Path
Bally_713673",Bally,West_Bengal,713673.0,"Billing,_Shipping"
AP-15297,CUST-04696,"H.No._421
Khalsa_Street
Srikakulam-944537",Srikakulam,Andhra_Pradesh,944537.0,"Billing,_Shipping"
GJ-15298,CUST-00849,"74/712,_Chander_Marg
Kavali-323801",Kavali,Andhra_Pradesh,323801.0,Shipping
CG-15299,CUST-10042,"00,_Bandi_Path,_Sagar_380821",Sagar,Madhya_Pradesh,380821.0,Shipping
BR-15300,CUST-13175,"H.No._359,_Krish_Chowk,_Jaipur_068433",Jaipur,Rajasthan,68433.0,Shipping
KA-15301,CUST-06103,"40,_Tailor_Chowk,_Hospet-035620",Hospet,Karnataka,35620.0,Billing
BR-15302,CUST-19907,"31/017,_Dass_Chowk
Munger-589005",Munger,Bihar,589005.0,Billing
WB-15303,CUST-09344,"H.No._83,_Sarraf_Circle,_Bidhannagar_015296",Bidhannagar,West_Bengal,15296.0,Shipping
DL-15304,CUST-00280,"53,_Issac_Ganj
Delhi_508300",Delhi,Delhi_(Union_Territory),508300.0,"Billing,_Shipping"
KA-15305,CUST-18288,"34
Karpe_Zila
Hosur-086079",Hosur,Tamil_Nadu,86079.0,Shipping
UK-15306,CUST-19393,"516,_Bahri_Chowk
Haridwar-545175",Haridwar,Uttarakhand,545175.0,Billing
OR-15307,CUST-00553,"678
Jayaraman_Street
Berhampur-979313",Berhampur,Odisha,979313.0,Billing
GJ-15308,CUST-11090,"H.No._298,_Bala_Zila,_Hajipur_692755",Hajipur,Bihar,692755.0,Billing
RJ-15309,CUST-15442,"H.No._16,_Kapur_Ganj
Dewas-717077",Dewas,Madhya_Pradesh,717077.0,Billing
BR-15310,CUST-19380,"19/28,_Sabharwal_Path
Satna_883780",Satna,Madhya_Pradesh,883780.0,Shipping
AP-15311,CUST-19875,"H.No._815,_Loke_Street
Srikakulam-916242",Srikakulam,Andhra_Pradesh,916242.0,"Billing,_Shipping"
OR-15312,CUST-13065,"78
Dhar_Marg
Patna_676463",Patna,Bihar,676463.0,Billing
BR-15313,CUST-15512,"70/695
Chada_Ganj
Buxar-341630",Buxar,Bihar,341630.0,Billing
MP-15314,CUST-18283,"34/754
Loyal_Zila
Agra-720799",Agra,Uttar_Pradesh,720799.0,Shipping
CG-15315,CUST-13948,"H.No._69,_Chaudhari_Circle
Bhilai-096938",Bhilai,Chhattisgarh,96938.0,"Billing,_Shipping"
GJ-15316,CUST-14099,"H.No._17
Kumar_Circle
Kavali-447025",Kavali,Andhra_Pradesh,447025.0,"Billing,_Shipping"
WB-15317,CUST-14601,"23/66
Saha_Marg
Uluberia_818182",Uluberia,West_Bengal,818182.0,Shipping
MP-15318,CUST-10321,"H.No._22
Yadav_Path
Unnao_672510",Unnao,Uttar_Pradesh,672510.0,"Billing,_Shipping"
GJ-15319,CUST-17323,"70/393
Dey_Marg
Hajipur-937876",Hajipur,Bihar,937876.0,Billing
MP-15320,CUST-15168,"H.No._863,_Ratta_Path,_Kishanganj-670318",Kishanganj,Bihar,670318.0,Billing
MH-15321,CUST-13316,"81,_Behl_Circle
Karnal-696013",Karnal,Haryana,696013.0,Billing
OR-15322,CUST-03072,"43/68
Chaudry_Circle
Bijapur_310098",Bijapur,Karnataka,310098.0,"Billing,_Shipping"
GJ-15323,CUST-15160,"58/58,_Chauhan_Circle,_Kavali_691601",Kavali,Andhra_Pradesh,691601.0,"Billing,_Shipping"
WB-15324,CUST-12388,"124
Sharma_Zila
Bally_832089",Bally,West_Bengal,832089.0,"Billing,_Shipping"
CG-15325,CUST-12198,"H.No._504
Sankaran_Path
Nagpur-310113",Nagpur,Maharashtra,310113.0,"Billing,_Shipping"
GJ-15326,CUST-11647,"86/35,_Seshadri_Street
Hajipur_958114",Hajipur,Bihar,958114.0,"Billing,_Shipping"
MP-15327,CUST-12489,"64
Cheema_Marg
Mau-778541",Mau,Uttar_Pradesh,778541.0,Billing
UP-15328,CUST-14028,"532,_Ben_Road
Jamalpur_041821",Jamalpur,Bihar,41821.0,Shipping
TS-15329,CUST-15346,"347,_Shankar_Nagar,_Proddatur_376621",Proddatur,Andhra_Pradesh,376621.0,Shipping
GJ-15330,CUST-18480,"33/132,_Ben_Zila,_Jabalpur-374966",Jabalpur,Madhya_Pradesh,374966.0,Shipping
CG-15331,CUST-19542,"187
Boase_Circle
Malda_363158",Malda,West_Bengal,363158.0,Billing
HP-15332,CUST-12037,"H.No._05
Mander_Zila
Udaipur_619479",Udaipur,Rajasthan,619479.0,Shipping
TS-15333,CUST-17827,"H.No._91,_Sule_Road
Ambala-491720",Ambala,Haryana,491720.0,"Billing,_Shipping"
AP-15334,CUST-16632,"494,_Bail_Circle
Jammu-671712",Jammu,Jammu_and_Kashmir,671712.0,Shipping
TN-15335,CUST-08415,"110
Dewan_Path
Tiruppur-653996",Tiruppur,Tamil_Nadu,653996.0,"Billing,_Shipping"
KA-15336,CUST-06416,"68,_Sehgal_Street,_Solapur_401017",Solapur,Maharashtra,401017.0,"Billing,_Shipping"
KA-15337,CUST-18221,"16,_Mallick_Nagar
Mangalore-505552",Mangalore,Karnataka,505552.0,"Billing,_Shipping"
RJ-15338,CUST-12582,"46
Saraf_Street
Akola_996159",Akola,Maharashtra,996159.0,Shipping
MP-15339,CUST-12013,"H.No._96,_Sharaf,_Khandwa_817058",Khandwa,Madhya_Pradesh,817058.0,Billing
TS-15340,CUST-04810,"10/69,_Swaminathan_Zila,_Sirsa_147283",Sirsa,Haryana,147283.0,Billing
MP-15341,CUST-03080,"91/433,_Ganesan_Nagar
Jalandhar-756231",Jalandhar,Punjab,756231.0,Billing
CG-15342,CUST-17355,"527,_Ravi_Circle,_Bhilai-928384",Bhilai,Chhattisgarh,928384.0,Shipping
OR-15343,CUST-03017,"46/443
Dayal_Circle
Chandrapur-107426",Chandrapur,Maharashtra,107426.0,"Billing,_Shipping"
MP-15344,CUST-10733,"359,_Bhasin_Zila
Unnao-828733",Unnao,Uttar_Pradesh,828733.0,Shipping
WB-15345,CUST-02688,"H.No._54,_Khare_Marg,_Kamarhati_520132",Kamarhati,West_Bengal,520132.0,Billing
RJ-15346,CUST-19960,"70/717,_Sura
Rajkot_497473",Rajkot,Gujarat,497473.0,Shipping
TN-15347,CUST-12645,"41,_Tripathi_Zila
Avadi_744381",Avadi,Tamil_Nadu,744381.0,"Billing,_Shipping"
WB-15348,CUST-16500,"H.No._32,_Ganguly_Chowk
Panihati-074635",Panihati,West_Bengal,74635.0,Shipping
TS-15349,CUST-06688,"H.No._507,_Acharya_Street,_Nizamabad-318112",Nizamabad,Telangana,318112.0,Shipping
OR-15350,CUST-15857,"663,_Ravel_Circle
Haldia-972759",Haldia,West_Bengal,972759.0,Shipping
MP-15351,CUST-07831,"05/86,_Kalla_Ganj
Jhansi-948724",Jhansi,Uttar_Pradesh,948724.0,Billing
BR-15352,CUST-15830,"H.No._01
Sha_Path
Satna_288156",Satna,Madhya_Pradesh,288156.0,Shipping
UK-15353,CUST-17191,"51/650,_Grover_Ganj
Shivpuri-661438",Shivpuri,Madhya_Pradesh,661438.0,Billing
WB-15354,CUST-13950,"86/13
Acharya
Arrah-706531",Arrah,Bihar,706531.0,Shipping
TS-15355,CUST-03635,"H.No._76,_Iyer_Path
Srinagar_376858",Srinagar,Jammu_and_Kashmir,376858.0,Billing
AP-15356,CUST-16378,"67,_Chahal_Circle,_Anantapuram-136293",Anantapuram,Andhra_Pradesh,136293.0,Billing
MH-15357,CUST-09687,"H.No._632,_Ramanathan_Chowk,_Guntur_966782",Guntur,Andhra_Pradesh,966782.0,Shipping
OR-15358,CUST-17303,"78/709
Issac_Marg
Danapur-553801",Danapur,Bihar,553801.0,Shipping
UK-15359,CUST-16333,"06/042,_Lall_Chowk,_Haridwar-735222",Haridwar,Uttarakhand,735222.0,Shipping
RJ-15360,CUST-15968,"932,_Bandi_Street,_Rajkot_061609",Rajkot,Gujarat,61609.0,Billing
UP-15361,CUST-10610,"H.No._603,_Kale_Zila,_Jamalpur-352373",Jamalpur,Bihar,352373.0,Shipping
AS-15362,CUST-19276,"31/340,_Apte_Street
Nagaon-079135",Nagaon,Assam,79135.0,"Billing,_Shipping"
UP-15363,CUST-08913,"21/577
Dugar_Chowk
Firozabad-704154",Firozabad,Uttar_Pradesh,704154.0,Billing
TN-15364,CUST-16551,"20,_Wadhwa_Marg,_Tiruvottiyur_853636",Tiruvottiyur,Tamil_Nadu,853636.0,Shipping
WB-15365,CUST-08235,"62/087,_Boase_Marg,_Kamarhati-510779",Kamarhati,West_Bengal,510779.0,"Billing,_Shipping"
MP-15366,CUST-14138,"14,_Sankaran_Road
Ramgarh_614317",Ramgarh,Jharkhand,614317.0,Shipping
JH-15367,CUST-15084,"87,_Goel_Ganj
Kharagpur-174146",Kharagpur,West_Bengal,174146.0,Shipping
UP-15368,CUST-15173,"57/22,_Dass_Zila,_Farrukhabad-869769",Farrukhabad,Uttar_Pradesh,869769.0,Billing
CG-15369,CUST-12310,"87/57,_Kamdar_Circle,_Bhilai_182453",Bhilai,Chhattisgarh,182453.0,Billing
MH-15370,CUST-16325,"H.No._91
Venkataraman_Zila
Rampur-006687",Rampur,Uttar_Pradesh,6687.0,Shipping
WB-15371,CUST-17344,"H.No._84,_Kumar_Ganj,_Uluberia_013777",Uluberia,West_Bengal,13777.0,Billing
KA-15372,CUST-16236,"95/12
Gour
Tumkur_629218",Tumkur,Karnataka,629218.0,Shipping
HR-15373,CUST-03168,"H.No._542,_Saini_Nagar,_Aurangabad_552413",Aurangabad,Maharashtra,552413.0,Billing
MH-15374,CUST-10434,"H.No._096,_Bali_Chowk
Karnal_901661",Karnal,Haryana,901661.0,Shipping
OR-15375,CUST-12488,"28/09
Sood_Marg
Danapur-678414",Danapur,Bihar,678414.0,Billing
KA-15376,CUST-10748,"H.No._44,_Dash_Chowk,_Hosur_706950",Hosur,Tamil_Nadu,706950.0,Billing
AS-15377,CUST-15387,"H.No._95,_Dasgupta_Circle,_Nagaon_015298",Nagaon,Assam,15298.0,Shipping
GJ-15378,CUST-15005,"18/668,_Randhawa_Ganj,_Jabalpur-542942",Jabalpur,Madhya_Pradesh,542942.0,Billing
HR-15379,CUST-01642,"H.No._609,_Yadav_Marg,_Bikaner-735184",Bikaner,Rajasthan,735184.0,"Billing,_Shipping"
WB-15380,CUST-05360,"18,_Gaba_Ganj,_Bhatpara-669725",Bhatpara,West_Bengal,669725.0,Billing
AP-15381,CUST-14696,"33/876
Gala_Path
Gudivada-739758",Gudivada,Andhra_Pradesh,739758.0,Shipping
MP-15382,CUST-18778,"914
Mallick_Ganj
Jodhpur_990616",Jodhpur,Rajasthan,990616.0,"Billing,_Shipping"
MP-15383,CUST-01716,"61/25
Suresh_Path
Ramgarh-787099",Ramgarh,Jharkhand,787099.0,Shipping
TS-15384,CUST-09473,"H.No._78,_Rajagopal_Circle,_Sirsa_239375",Sirsa,Haryana,239375.0,"Billing,_Shipping"
TN-15385,CUST-09295,"H.No._77,_Garde_Zila
Chittoor_029216",Chittoor,Andhra_Pradesh,29216.0,"Billing,_Shipping"
UP-15386,CUST-15891,"H.No._72,_Mahal_Circle
Firozabad_588264",Firozabad,Uttar_Pradesh,588264.0,Shipping
JH-15387,CUST-13676,"47/371,_Sarin_Circle,_Asansol_088727",Asansol,West_Bengal,88727.0,"Billing,_Shipping"
KA-15388,CUST-19630,"00/297,_Srinivas_Nagar,_Amaravati_002379",Amaravati,Andhra_Pradesh,2379.0,Shipping
TR-15389,CUST-12058,"99/12,_Sami_Marg,_Chandigarh-039754",Chandigarh,Chandigarh_(Union_Territory),39754.0,"Billing,_Shipping"
UP-15390,CUST-13677,"08,_Kata_Street,_Raipur_157032",Raipur,Chhattisgarh,157032.0,Shipping
OR-15391,CUST-11309,"49/10,_Goel_Marg,_Bharatpur_807380",Bharatpur,Rajasthan,807380.0,Shipping
TN-15392,CUST-05981,"37/369
Shan_Ganj
Gandhinagar_640689",Gandhinagar,Gujarat,640689.0,Billing
WB-15393,CUST-14869,"H.No._734
Chhabra_Circle
Madhyamgram_859973",Madhyamgram,West_Bengal,859973.0,"Billing,_Shipping"
TR-15394,CUST-14247,"H.No._07,_Kakar_Street,_Durgapur_127194",Durgapur,West_Bengal,127194.0,Billing
WB-15395,CUST-04305,"97/050,_Kapoor_Street
Baranagar_767078",Baranagar,West_Bengal,767078.0,"Billing,_Shipping"
MP-15396,CUST-11772,"H.No._02,_Anand_Road,_Khandwa_998276",Khandwa,Madhya_Pradesh,998276.0,Shipping
AP-15397,CUST-00404,"09,_Bhavsar_Path
Dharmavaram_062055",Dharmavaram,Andhra_Pradesh,62055.0,"Billing,_Shipping"
MH-15398,CUST-17953,"242
Sandal_Road
Yamunanagar_402345",Yamunanagar,Haryana,402345.0,"Billing,_Shipping"
RJ-15399,CUST-08781,"62/77
Ramesh_Nagar
Fatehpur-831577",Fatehpur,Uttar_Pradesh,831577.0,"Billing,_Shipping"
OR-15400,CUST-12248,"H.No._84,_Dey_Chowk,_Kanpur_742097",Kanpur,Uttar_Pradesh,742097.0,"Billing,_Shipping"
WB-15401,CUST-16982,"H.No._08,_Samra_Road
Bidhannagar-186845",Bidhannagar,West_Bengal,186845.0,Shipping
UP-15402,CUST-08790,"22/086,_Kapur_Road
Muzaffarpur-161518",Muzaffarpur,Bihar,161518.0,"Billing,_Shipping"
WB-15403,CUST-14909,"19/44,_Rajagopalan_Ganj,_Arrah-610361",Arrah,Bihar,610361.0,Billing
MP-15404,CUST-15824,"H.No._364,_Dhillon
Jodhpur-678696",Jodhpur,Rajasthan,678696.0,Shipping
TR-15405,CUST-14834,"H.No._722,_Dhaliwal_Ganj,_Durgapur-402506",Durgapur,West_Bengal,402506.0,"Billing,_Shipping"
MH-15406,CUST-10569,"55/35,_Vohra_Street,_Malegaon_704221",Malegaon,Maharashtra,704221.0,"Billing,_Shipping"
OR-15407,CUST-09220,"94/737,_Vyas_Marg
Kanpur-163905",Kanpur,Uttar_Pradesh,163905.0,Shipping
JH-15408,CUST-18527,"37/83,_Sharaf_Zila
Phusro-056144",Phusro,Jharkhand,56144.0,Billing
BR-15409,CUST-11592,"33/90
Kaul_Road
Buxar_738493",Buxar,Bihar,738493.0,Shipping
MH-15410,CUST-14529,"08/706,_Malhotra_Chowk,_Nanded-534207",Nanded,Maharashtra,534207.0,Shipping
UP-15411,CUST-15392,"H.No._540
Hayer_Marg
Gurgaon_662046",Gurgaon,Haryana,662046.0,Shipping
UP-15412,CUST-19710,"57/83,_Sibal_Chowk,_Raipur-521090",Raipur,Chhattisgarh,521090.0,Shipping
MH-15413,CUST-15712,"H.No._89
Ganguly_Marg
Satara_203076",Satara,Maharashtra,203076.0,Billing
WB-15414,CUST-10868,"H.No._501
Bhakta_Road
Panihati-116770",Panihati,West_Bengal,116770.0,Billing
GJ-15415,CUST-08857,"98/11,_Ratti_Marg
Allahabad_012430",Allahabad,Uttar_Pradesh,12430.0,Shipping
AP-15416,CUST-12502,"67/39
Sheth
Jammu_541755",Jammu,Jammu_and_Kashmir,541755.0,Shipping
MP-15417,CUST-14452,"11/67
Vala_Marg
Dehri-550417",Dehri,Bihar,550417.0,"Billing,_Shipping"
UP-15418,CUST-12603,"H.No._840
Batta_Chowk
Ahmedabad-187432",Ahmedabad,Gujarat,187432.0,"Billing,_Shipping"
OR-15419,CUST-02552,"16/032,_Mandal_Ganj,_Bilaspur_738730",Bilaspur,Chhattisgarh,738730.0,Billing
BR-15420,CUST-13867,"H.No._75,_Sankaran_Zila,_Ballia-959830",Ballia,Uttar_Pradesh,959830.0,Billing
BR-15421,CUST-08723,"463
Sampath_Path
Jaipur-649235",Jaipur,Rajasthan,649235.0,"Billing,_Shipping"
MH-15422,CUST-10106,"H.No._21,_Dhingra_Street,_Malegaon-068972",Malegaon,Maharashtra,68972.0,"Billing,_Shipping"
TS-15423,CUST-11390,"25/126,_Khalsa_Marg
Dindigul_661004",Dindigul,Tamil_Nadu,661004.0,Shipping
CG-15424,CUST-12391,"39/668,_Hari_Circle
Nagpur-080808",Nagpur,Maharashtra,80808.0,Shipping
MP-15425,CUST-17826,"08
Dhawan_Ganj
Gopalpur-926009",Gopalpur,Odisha,926009.0,Billing
KA-15426,CUST-12669,"H.No._38,_Rout_Ganj
Solapur-624053",Solapur,Maharashtra,624053.0,"Billing,_Shipping"
RJ-15427,CUST-14556,"39
Gaba_Chowk
Rajkot_622376",Rajkot,Gujarat,622376.0,"Billing,_Shipping"
GJ-15428,CUST-07152,"H.No._367,_Balakrishnan_Chowk,_Hajipur-947714",Hajipur,Bihar,947714.0,Shipping
OR-15429,CUST-14833,"53,_Kaul_Road,_Mathura-180261",Mathura,Uttar_Pradesh,180261.0,Billing
UP-15430,CUST-16879,"H.No._739
Deshpande_Street
Gurgaon_562562",Gurgaon,Haryana,562562.0,Shipping
UP-15431,CUST-09592,"36,_Behl_Path
Muzaffarpur-752264",Muzaffarpur,Bihar,752264.0,Billing
TR-15432,CUST-17523,"H.No._611,_Bumb_Path,_Chandigarh_223396",Chandigarh,Chandigarh_(Union_Territory),223396.0,Billing
WB-15433,CUST-03359,"46/085,_Trivedi_Road
Bidhannagar-172776",Bidhannagar,West_Bengal,172776.0,Billing
MP-15434,CUST-15776,"H.No._22
Acharya_Ganj
Indore-664779",Indore,Madhya_Pradesh,664779.0,Billing
WB-15435,CUST-05627,"H.No._465
Vohra_Road
Bally-398536",Bally,West_Bengal,398536.0,"Billing,_Shipping"
CG-15436,CUST-19482,"01/82,_Bhatnagar
Sambalpur_161630",Sambalpur,Odisha,161630.0,"Billing,_Shipping"
WB-15437,CUST-12435,"187,_Barman_Ganj,_Arrah_654993",Arrah,Bihar,654993.0,"Billing,_Shipping"
UK-15438,CUST-10120,"56/24,_Saxena_Nagar,_Haridwar_929015",Haridwar,Uttarakhand,929015.0,Billing
GJ-15439,CUST-01697,"H.No._930,_Bedi_Chowk,_Hajipur-002629",Hajipur,Bihar,2629.0,"Billing,_Shipping"
RJ-15440,CUST-03539,"04/49,_Chopra
Rajkot_617850",Rajkot,Gujarat,617850.0,"Billing,_Shipping"
MH-15441,CUST-18560,"476,_Dhillon_Chowk,_Bhiwandi-726116",Bhiwandi,Maharashtra,726116.0,Billing
OR-15442,CUST-16406,"H.No._520
Bakshi_Marg
Bharatpur-324107",Bharatpur,Rajasthan,324107.0,"Billing,_Shipping"
MH-15443,CUST-09616,"H.No._010,_Setty_Path,_Nanded_665040",Nanded,Maharashtra,665040.0,"Billing,_Shipping"
OR-15444,CUST-00213,"H.No._28
Sehgal_Nagar
Bilaspur-079715",Bilaspur,Chhattisgarh,79715.0,Billing
OR-15445,CUST-03411,"51
Ravi_Nagar
Berhampur_115820",Berhampur,Odisha,115820.0,"Billing,_Shipping"
RJ-15446,CUST-19614,"707
Tella_Chowk
Rajkot-874158",Rajkot,Gujarat,874158.0,Shipping
AS-15447,CUST-08248,"H.No._34
Sachdev
Nagaon_610310",Nagaon,Assam,610310.0,Billing
HR-15448,CUST-16583,"42/505
Bhatti_Street
Aurangabad_124133",Aurangabad,Maharashtra,124133.0,Billing
WB-15449,CUST-11108,"05/437,_Goda_Chowk,_Baranagar-859240",Baranagar,West_Bengal,859240.0,Billing
UP-15450,CUST-16684,"51/294,_Bhattacharyya_Chowk
Firozabad_163231",Firozabad,Uttar_Pradesh,163231.0,Billing
OR-15451,CUST-18710,"50/95,_Bala_Road,_Haldia-573814",Haldia,West_Bengal,573814.0,Shipping
TS-15452,CUST-13297,"00/457,_Chatterjee_Road,_Dindigul_381139",Dindigul,Tamil_Nadu,381139.0,"Billing,_Shipping"
MH-15454,CUST-01701,"72/11,_Iyengar_Marg,_Karnal_335095",Karnal,Haryana,335095.0,"Billing,_Shipping"
OR-15455,CUST-14815,"510
Batra_Chowk
Anantapur-046143",Anantapur,Andhra_Pradesh,46143.0,"Billing,_Shipping"
MH-15456,CUST-01914,"34/44
Deshpande_Ganj
Yamunanagar-585229",Yamunanagar,Haryana,585229.0,Billing
UK-15457,CUST-04091,"880
Sachdev_Path
Shivpuri-361505",Shivpuri,Madhya_Pradesh,361505.0,"Billing,_Shipping"
JH-15458,CUST-13083,"H.No._110,_Behl_Road
Phusro_350288",Phusro,Jharkhand,350288.0,Billing
KL-15459,CUST-17532,"H.No._66,_Shanker_Ganj
Kollam_697168",Kollam,Kerala,697168.0,Billing
KA-15460,CUST-14119,"H.No._507
Sandal_Zila
Hospet_702626",Hospet,Karnataka,702626.0,Billing
UP-15461,CUST-15676,"H.No._520
Dugar_Road
Sambhal_666583",Sambhal,Uttar_Pradesh,666583.0,"Billing,_Shipping"
MP-15462,CUST-15104,"H.No._68
Korpal_Marg
Ramgarh-894714",Ramgarh,Jharkhand,894714.0,"Billing,_Shipping"
CG-15463,CUST-15248,"H.No._636
Chander_Circle
Nagpur-058359",Nagpur,Maharashtra,58359.0,"Billing,_Shipping"
TS-15464,CUST-03778,"H.No._49,_Goel_Chowk
Ambala_339444",Ambala,Haryana,339444.0,"Billing,_Shipping"
WB-15465,CUST-07077,"H.No._90
Buch_Zila
Kamarhati_700169",Kamarhati,West_Bengal,700169.0,Billing
MP-15466,CUST-18215,"18,_Konda,_Mau-059830",Mau,Uttar_Pradesh,59830.0,Billing
OR-15467,CUST-18033,"H.No._30
Hegde_Circle
Kanpur-038639",Kanpur,Uttar_Pradesh,38639.0,"Billing,_Shipping"
BR-15468,CUST-00284,"86/092,_Rajagopalan_Circle,_Munger-389752",Munger,Bihar,389752.0,Shipping
MP-15469,CUST-16439,"47/44,_Manda_Nagar
Unnao-621091",Unnao,Uttar_Pradesh,621091.0,"Billing,_Shipping"
WB-15470,CUST-16022,"H.No._522,_Lanka_Ganj
Kulti-254700",Kulti,West_Bengal,254700.0,Billing
WB-15471,CUST-19100,"57/85
Kalla_Marg
Bally-035694",Bally,West_Bengal,35694.0,Shipping
WB-15472,CUST-12954,"H.No._463
Brahmbhatt_Ganj
Panihati-493874",Panihati,West_Bengal,493874.0,"Billing,_Shipping"
KL-15473,CUST-19782,"H.No._06
Ratta_Nagar
Kollam-150411",Kollam,Kerala,150411.0,Billing
OR-15474,CUST-02646,"271,_Vohra_Street
Haldia_000351",Haldia,West_Bengal,351.0,"Billing,_Shipping"
MH-15475,CUST-08217,"64
Chandra_Street
Guntur-954727",Guntur,Andhra_Pradesh,954727.0,Billing
CG-15476,CUST-10793,"74,_Ramaswamy
Sambalpur-804905",Sambalpur,Odisha,804905.0,"Billing,_Shipping"
HR-15477,CUST-06602,"H.No._84,_Grover_Street,_Aurangabad_111893",Aurangabad,Maharashtra,111893.0,Billing
MH-15478,CUST-17282,"H.No._849
Sundaram_Ganj
Loni-524557",Loni,Uttar_Pradesh,524557.0,Billing
UK-15479,CUST-17037,"H.No._19,_Ram_Path
Shivpuri-312341",Shivpuri,Madhya_Pradesh,312341.0,Billing
JH-15480,CUST-07191,"H.No._96,_Barman,_Asansol-174297",Asansol,West_Bengal,174297.0,"Billing,_Shipping"
AP-15481,CUST-10099,"H.No._969
Kari_Zila
Srikakulam_916595",Srikakulam,Andhra_Pradesh,916595.0,Shipping
AS-15482,CUST-03565,"H.No._998,_Kapadia
Nagaon_078172",Nagaon,Assam,78172.0,"Billing,_Shipping"
MH-15483,CUST-11101,"66/501,_Dalal_Zila
Malegaon-978295",Malegaon,Maharashtra,978295.0,"Billing,_Shipping"
UP-15484,CUST-19119,"H.No._87
Zacharia_Circle
Raiganj-385441",Raiganj,West_Bengal,385441.0,"Billing,_Shipping"
OR-15485,CUST-09385,"32/144
Chad_Street
Berhampur-096506",Berhampur,Odisha,96506.0,Billing
MP-15486,CUST-08334,"145,_Deol_Circle
Mau-822541",Mau,Uttar_Pradesh,822541.0,"Billing,_Shipping"
WB-15487,CUST-13909,"H.No._399,_Date_Nagar
Kamarhati_190522",Kamarhati,West_Bengal,190522.0,"Billing,_Shipping"
JH-15488,CUST-15014,"H.No._77,_Gupta_Road,_Phusro-653518",Phusro,Jharkhand,653518.0,"Billing,_Shipping"
BR-15489,CUST-15765,"266,_Virk_Path,_Jaipur_251816",Jaipur,Rajasthan,251816.0,Shipping
WB-15490,CUST-11986,"H.No._935,_Shan_Circle,_Bally_425769",Bally,West_Bengal,425769.0,"Billing,_Shipping"
MP-15491,CUST-15185,"H.No._396
Choudhury_Chowk
Jhansi-733571",Jhansi,Uttar_Pradesh,733571.0,Billing
WB-15492,CUST-16464,"H.No._50
Sunder_Nagar
Bhatpara_022039",Bhatpara,West_Bengal,22039.0,"Billing,_Shipping"
MP-15493,CUST-18276,"35,_Wali,_Agra_596936",Agra,Uttar_Pradesh,596936.0,"Billing,_Shipping"
MP-15494,CUST-08481,"52/106,_Gour_Ganj,_Agra_702464",Agra,Uttar_Pradesh,702464.0,Shipping
TN-15495,CUST-09930,"35,_Swamy_Street
Chittoor-471326",Chittoor,Andhra_Pradesh,471326.0,Billing
KA-15496,CUST-15879,"H.No._473,_Datta_Ganj
Amaravati_736611",Amaravati,Andhra_Pradesh,736611.0,"Billing,_Shipping"
HR-15497,CUST-14506,"H.No._27,_Keer_Chowk
Aurangabad_526272",Aurangabad,Maharashtra,526272.0,Billing
JH-15498,CUST-15774,"082
Hayre_Zila
Asansol-694998",Asansol,West_Bengal,694998.0,Shipping
TS-15499,CUST-16361,"H.No._300,_Sen
Srinagar_512743",Srinagar,Jammu_and_Kashmir,512743.0,Billing
RJ-15500,CUST-15524,"H.No._93,_Karan_Nagar,_Akola_838803",Akola,Maharashtra,838803.0,Shipping
CG-15502,CUST-17637,"H.No._611,_Bhavsar_Street,_Malda-281787",Malda,West_Bengal,281787.0,Shipping
WB-15503,CUST-18420,"28,_Korpal_Circle,_Bhatpara-406012",Bhatpara,West_Bengal,406012.0,Shipping
KA-15504,CUST-10950,"057,_Dayal_Ganj,_Solapur_021133",Solapur,Maharashtra,21133.0,"Billing,_Shipping"
TN-15505,CUST-07444,"297,_Raju
Chittoor_356594",Chittoor,Andhra_Pradesh,356594.0,Shipping
MH-15506,CUST-02704,"93/38,_Chahal_Chowk
Guntur-420758",Guntur,Andhra_Pradesh,420758.0,Shipping
AS-15507,CUST-16717,"54,_Wable_Nagar
Nagaon-213273",Nagaon,Assam,213273.0,Billing
GJ-15508,CUST-13714,"832,_Mahal_Marg,_Allahabad-501392",Allahabad,Uttar_Pradesh,501392.0,Billing
HR-15509,CUST-10727,"H.No._50,_Chand_Road,_Siwan-474479",Siwan,Bihar,474479.0,"Billing,_Shipping"
KL-15510,CUST-06598,"133,_Goswami_Street
Kollam-542576",Kollam,Kerala,542576.0,"Billing,_Shipping"
OR-15511,CUST-18569,"H.No._288
Sabharwal_Chowk
Haldia_834084",Haldia,West_Bengal,834084.0,"Billing,_Shipping"
AS-15512,CUST-11777,"14,_Kaul_Marg,_Nagaon_475819",Nagaon,Assam,475819.0,Shipping
TR-15513,CUST-09063,"72/47,_Ramaswamy_Nagar,_Chandigarh-454490",Chandigarh,Chandigarh_(Union_Territory),454490.0,"Billing,_Shipping"
MH-15514,CUST-18072,"615,_Deep_Marg,_Karnal_866398",Karnal,Haryana,866398.0,Shipping
UP-15515,CUST-11200,"74/209
Reddy_Ganj
Raiganj_519782",Raiganj,West_Bengal,519782.0,Billing
MP-15516,CUST-14480,"H.No._172,_Sheth_Ganj
Mau_427927",Mau,Uttar_Pradesh,427927.0,Shipping
CG-15517,CUST-18701,"885
Karan_Marg
Sagar_647664",Sagar,Madhya_Pradesh,647664.0,Shipping
AP-15518,CUST-10623,"H.No._705
Apte_Circle
Anantapuram_344812",Anantapuram,Andhra_Pradesh,344812.0,Billing
MP-15519,CUST-10400,"010,_Shankar_Circle,_Kota-125747",Kota,Rajasthan,125747.0,Billing
AP-15520,CUST-00705,"06,_Solanki_Street,_Gudivada_057571",Gudivada,Andhra_Pradesh,57571.0,"Billing,_Shipping"
GJ-15521,CUST-03028,"71/91
Venkataraman_Zila
Jabalpur_530907",Jabalpur,Madhya_Pradesh,530907.0,Billing
MH-15522,CUST-19091,"94/645,_Varty_Street
Loni-970763",Loni,Uttar_Pradesh,970763.0,Billing
MH-15523,CUST-09122,"07/655,_Sood_Street
Jalgaon-653907",Jalgaon,Maharashtra,653907.0,Shipping
KA-15524,CUST-14917,"H.No._24,_Gara_Path,_Hosur-594980",Hosur,Tamil_Nadu,594980.0,Billing
TR-15525,CUST-19744,"H.No._00
Sathe_Zila
Durgapur_807093",Durgapur,West_Bengal,807093.0,"Billing,_Shipping"
MH-15526,CUST-17844,"57/205,_Lal_Road,_Satara-864811",Satara,Maharashtra,864811.0,"Billing,_Shipping"
TN-15527,CUST-18223,"H.No._248
Sami_Path
Pali-459893",Pali,Rajasthan,459893.0,Billing
OR-15528,CUST-16473,"64,_Dayal_Path,_Kanpur-617167",Kanpur,Uttar_Pradesh,617167.0,Billing
AS-15529,CUST-13556,"05,_Devi_Circle,_Siliguri-141969",Siliguri,West_Bengal,141969.0,Billing
MH-15530,CUST-19544,"15,_Kohli_Ganj,_Karnal_154481",Karnal,Haryana,154481.0,Shipping
BR-15531,CUST-00863,"49/517,_Lalla_Zila
Munger_232034",Munger,Bihar,232034.0,"Billing,_Shipping"
TN-15532,CUST-11246,"761
Dalal_Zila
Pallavaram_802023",Pallavaram,Tamil_Nadu,802023.0,"Billing,_Shipping"
UP-15533,CUST-18012,"56/97,_Ratti_Zila
Sambhal-213130",Sambhal,Uttar_Pradesh,213130.0,"Billing,_Shipping"
TS-15534,CUST-03510,"27/57
Rama_Zila
Ramagundam-185713",Ramagundam,Telangana,185713.0,"Billing,_Shipping"
MP-15535,CUST-11304,"H.No._19
Chakrabarti_Circle
Jodhpur-359379",Jodhpur,Rajasthan,359379.0,Shipping
MP-15536,CUST-12804,"832,_Manda_Nagar
Indore_461721",Indore,Madhya_Pradesh,461721.0,Billing
WB-15537,CUST-11106,"04
Swaminathan_Chowk
Kulti_996835",Kulti,West_Bengal,996835.0,Shipping
KA-15538,CUST-10821,"17/84
Sunder_Nagar
Hospet_859489",Hospet,Karnataka,859489.0,Shipping
WB-15539,CUST-10150,"31,_Khosla_Road,_Bhatpara_943616",Bhatpara,West_Bengal,943616.0,"Billing,_Shipping"
AP-15540,CUST-10855,"04,_Issac_Road
Bhimavaram_313894",Bhimavaram,Andhra_Pradesh,313894.0,Shipping
BR-15541,CUST-18998,"43/463,_Bhavsar_Zila
Satna-674451",Satna,Madhya_Pradesh,674451.0,Shipping
WB-15542,CUST-17800,"H.No._700
Ghosh_Street
Panihati-721656",Panihati,West_Bengal,721656.0,Billing
RJ-15544,CUST-18848,"31,_Master_Ganj,_Akola_444643",Akola,Maharashtra,444643.0,Shipping
MP-15545,CUST-13221,"88/14,_Brar_Circle,_Ramgarh_405157",Ramgarh,Jharkhand,405157.0,Billing
TR-15546,CUST-18176,"47,_Krish_Road,_Durgapur_674713",Durgapur,West_Bengal,674713.0,Billing
TS-15547,CUST-12701,"57,_Sabharwal_Circle
Ambala_435790",Ambala,Haryana,435790.0,Billing
UP-15548,CUST-16768,"62/85,_Ravel_Zila
Firozabad-819023",Firozabad,Uttar_Pradesh,819023.0,Shipping
OR-15549,CUST-16454,"40/167,_Kaur_Nagar,_Mathura-105375",Mathura,Uttar_Pradesh,105375.0,Shipping
MP-15550,CUST-16126,"702
Tandon_Marg
Jodhpur_149107",Jodhpur,Rajasthan,149107.0,"Billing,_Shipping"
TN-15551,CUST-06674,"24,_Sunder_Ganj,_Gandhinagar-382634",Gandhinagar,Gujarat,382634.0,Billing
DL-15552,CUST-09927,"69,_Dey_Circle,_Delhi-344899",Delhi,Delhi_(Union_Territory),344899.0,Shipping
MP-15553,CUST-16442,"02
Virk_Ganj
Jhansi-507919",Jhansi,Uttar_Pradesh,507919.0,Shipping
MP-15554,CUST-18604,"H.No._31
Sachdev_Street
Kishanganj-078648",Kishanganj,Bihar,78648.0,"Billing,_Shipping"
GJ-15555,CUST-10992,"H.No._01,_Dugal_Street,_Gandhidham-900407",Gandhidham,Gujarat,900407.0,Billing
AP-15556,CUST-04049,"H.No._39,_Sinha_Circle
Anantapuram-479661",Anantapuram,Andhra_Pradesh,479661.0,Shipping
GJ-15557,CUST-16158,"486,_Ganguly_Zila
Vadodara_199625",Vadodara,Gujarat,199625.0,"Billing,_Shipping"
TN-15558,CUST-08029,"H.No._776,_Batra_Circle
Pali-958651",Pali,Rajasthan,958651.0,Billing
WB-15559,CUST-02605,"99/797
Kala_Street
Baranagar-095505",Baranagar,West_Bengal,95505.0,Billing
MH-15560,CUST-18131,"29/590,_Shere_Chowk
Rampur_607047",Rampur,Uttar_Pradesh,607047.0,"Billing,_Shipping"
TN-15561,CUST-14621,"59/811,_Balan_Nagar,_Tiruppur-849895",Tiruppur,Tamil_Nadu,849895.0,"Billing,_Shipping"
UP-15562,CUST-17806,"580,_Mann_Zila,_Karimnagar-825774",Karimnagar,Telangana,825774.0,"Billing,_Shipping"
MH-15563,CUST-10638,"H.No._802,_Konda_Road,_Rampur_260171",Rampur,Uttar_Pradesh,260171.0,Shipping
AP-15564,CUST-11363,"23/14,_Gara_Marg,_Anantapuram_519844",Anantapuram,Andhra_Pradesh,519844.0,"Billing,_Shipping"
RJ-15565,CUST-18197,"H.No._369,_Jha_Path,_Dewas_040634",Dewas,Madhya_Pradesh,40634.0,Shipping
BR-15566,CUST-13055,"91,_Issac_Chowk,_Buxar_454266",Buxar,Bihar,454266.0,"Billing,_Shipping"
BR-15567,CUST-16587,"03/16,_Lalla_Nagar,_Purnia-279586",Purnia,Bihar,279586.0,"Billing,_Shipping"
GJ-15568,CUST-17111,"559,_Bail_Marg
Kavali_219826",Kavali,Andhra_Pradesh,219826.0,"Billing,_Shipping"
WB-15569,CUST-05220,"896
Srinivas_Road
Bhatpara_461192",Bhatpara,West_Bengal,461192.0,Billing
HR-15570,CUST-10572,"150,_Toor_Street,_Siwan_271923",Siwan,Bihar,271923.0,Billing
MP-15571,CUST-15472,"H.No._881,_Saxena_Zila,_Ramgarh_491025",Ramgarh,Jharkhand,491025.0,"Billing,_Shipping"
HR-15572,CUST-05402,"34/458
Sura_Path
Aurangabad-040096",Aurangabad,Maharashtra,40096.0,"Billing,_Shipping"
MH-15573,CUST-01588,"399,_Ray
Satara_415598",Satara,Maharashtra,415598.0,Billing
AS-15574,CUST-09872,"H.No._08,_Golla_Street,_Siliguri-351687",Siliguri,West_Bengal,351687.0,Shipping
UP-15575,CUST-14759,"H.No._74,_Garde_Nagar,_Ahmedabad-782638",Ahmedabad,Gujarat,782638.0,Billing
RJ-15576,CUST-19640,"H.No._32,_Sura_Zila,_Fatehpur_305611",Fatehpur,Uttar_Pradesh,305611.0,Shipping
WB-15577,CUST-14731,"75/45,_Basak,_Uluberia-964108",Uluberia,West_Bengal,964108.0,Shipping
WB-15578,CUST-17694,"H.No._502,_Mall_Marg
Bally-828396",Bally,West_Bengal,828396.0,Billing
AP-15579,CUST-12903,"622
Mannan_Street
Anantapuram-568247",Anantapuram,Andhra_Pradesh,568247.0,"Billing,_Shipping"
TN-15580,CUST-19045,"H.No._41,_Jayaraman_Street
Salem_436516",Salem,Tamil_Nadu,436516.0,Shipping
UK-15581,CUST-17741,"81/823,_Venkataraman_Zila
Shivpuri-009295",Shivpuri,Madhya_Pradesh,9295.0,Billing
KA-15582,CUST-13691,"01
Karan_Circle
Hosur_682482",Hosur,Tamil_Nadu,682482.0,Billing
WB-15583,CUST-06450,"72/96,_Vala_Road,_Panihati_313479",Panihati,West_Bengal,313479.0,Billing
OR-15584,CUST-12555,"95/900
Bhakta_Zila
Haldia-080347",Haldia,West_Bengal,80347.0,Billing
TS-15585,CUST-14210,"H.No._37
Ganguly_Nagar
Ambala-296803",Ambala,Haryana,296803.0,Shipping
CG-15586,CUST-08084,"59/734,_Issac_Zila
Sambalpur-884744",Sambalpur,Odisha,884744.0,"Billing,_Shipping"
TS-15587,CUST-04963,"666
Sinha_Chowk
Sirsa-820207",Sirsa,Haryana,820207.0,"Billing,_Shipping"
WB-15588,CUST-15921,"10/70
Kade_Street
Uluberia-729657",Uluberia,West_Bengal,729657.0,Billing
GJ-15589,CUST-08032,"72/09,_Borde_Road,_Vadodara_141439",Vadodara,Gujarat,141439.0,Billing
MP-15590,CUST-12088,"H.No._09,_Korpal
Gorakhpur_644639",Gorakhpur,Uttar_Pradesh,644639.0,Billing
OR-15591,CUST-10868,"86/43
Seshadri_Zila
Berhampur-499715",Berhampur,Odisha,499715.0,Billing
OR-15592,CUST-06187,"83/34
Bera_Marg
Patna-727842",Patna,Bihar,727842.0,"Billing,_Shipping"
BR-15593,CUST-00771,"H.No._791,_Roy_Nagar
Ballia_712446",Ballia,Uttar_Pradesh,712446.0,Billing
MP-15594,CUST-11797,"287,_Bir_Ganj
Mau_158329",Mau,Uttar_Pradesh,158329.0,Shipping
UK-15595,CUST-08449,"H.No._20
Rajagopal_Road
Jalna_123850",Jalna,Maharashtra,123850.0,"Billing,_Shipping"
MP-15596,CUST-19177,"84,_Mander,_Kishanganj-476412",Kishanganj,Bihar,476412.0,Billing
MH-15597,CUST-01173,"00/353
Sridhar_Chowk
Rampur-233099",Rampur,Uttar_Pradesh,233099.0,"Billing,_Shipping"
MP-15598,CUST-16047,"H.No._12,_Gandhi_Zila,_Ramgarh-545546",Ramgarh,Jharkhand,545546.0,"Billing,_Shipping"
CG-15599,CUST-01300,"80/48,_Khare_Ganj,_Sagar_749072",Sagar,Madhya_Pradesh,749072.0,"Billing,_Shipping"
UK-15600,CUST-16243,"642,_Varughese_Nagar
Shivpuri_336482",Shivpuri,Madhya_Pradesh,336482.0,"Billing,_Shipping"
RJ-15601,CUST-02485,"53/49,_Aurora_Path,_Fatehpur_052168",Fatehpur,Uttar_Pradesh,52168.0,Shipping
HR-15602,CUST-00652,"33/72
Varghese_Chowk
Siwan-105271",Siwan,Bihar,105271.0,Shipping
MH-15604,CUST-01728,"80/388,_Karnik_Nagar
Malegaon-292546",Malegaon,Maharashtra,292546.0,Shipping
MH-15605,CUST-18149,"H.No._687,_Khare_Marg,_Guntur_325273",Guntur,Andhra_Pradesh,325273.0,"Billing,_Shipping"
AS-15606,CUST-16013,"67,_Bansal_Path,_Nagaon-622897",Nagaon,Assam,622897.0,Billing
BR-15607,CUST-10727,"42/18,_Agrawal_Marg
Ballia-964266",Ballia,Uttar_Pradesh,964266.0,Billing
MP-15608,CUST-03429,"H.No._89,_Bala_Marg
Mau-957554",Mau,Uttar_Pradesh,957554.0,Billing
UP-15609,CUST-03401,"45/855,_Chaudhuri_Road,_Karimnagar_188412",Karimnagar,Telangana,188412.0,Shipping
CG-15610,CUST-16852,"54
Dalal_Nagar
Sagar-426048",Sagar,Madhya_Pradesh,426048.0,"Billing,_Shipping"
MH-15611,CUST-01834,"H.No._499,_Agarwal
Guntur-945456",Guntur,Andhra_Pradesh,945456.0,"Billing,_Shipping"
TN-15612,CUST-02751,"H.No._34
Uppal_Marg
Salem-796911",Salem,Tamil_Nadu,796911.0,"Billing,_Shipping"
OR-15613,CUST-18709,"H.No._92,_Uppal_Marg
Bijapur_024493",Bijapur,Karnataka,24493.0,"Billing,_Shipping"
AP-15614,CUST-06128,"259,_Rana_Circle
Bhimavaram_006323",Bhimavaram,Andhra_Pradesh,6323.0,Billing
HR-15615,CUST-13665,"72/449,_Srinivasan_Nagar
Bikaner-299197",Bikaner,Rajasthan,299197.0,Billing
AS-15616,CUST-07903,"19/540,_Karnik_Circle
Siliguri-735281",Siliguri,West_Bengal,735281.0,Shipping
TN-15617,CUST-02657,"071
Kaur_Nagar
Salem-471759",Salem,Tamil_Nadu,471759.0,"Billing,_Shipping"
AP-15618,CUST-14367,"174,_Hari_Marg
Srikakulam-428369",Srikakulam,Andhra_Pradesh,428369.0,Billing
UK-15619,CUST-12856,"H.No._498,_Chada
Shivpuri_744041",Shivpuri,Madhya_Pradesh,744041.0,Shipping
MP-15620,CUST-18871,"78,_Deep_Path
Kishanganj_756335",Kishanganj,Bihar,756335.0,"Billing,_Shipping"
CG-15621,CUST-04430,"65/058,_Bava_Path,_Sagar-411912",Sagar,Madhya_Pradesh,411912.0,"Billing,_Shipping"
UP-15622,CUST-19795,"77/900
Ahuja_Zila
Muzaffarpur_506176",Muzaffarpur,Bihar,506176.0,Billing
TN-15623,CUST-02876,"19
Sahota
Tiruvottiyur-723352",Tiruvottiyur,Tamil_Nadu,723352.0,"Billing,_Shipping"
WB-15624,CUST-08167,"H.No._765
Basu_Marg
Kulti-993488",Kulti,West_Bengal,993488.0,"Billing,_Shipping"
UP-15625,CUST-17501,"67,_Sarma_Ganj,_Karimnagar-868201",Karimnagar,Telangana,868201.0,Billing
MP-15626,CUST-07848,"73/60
Sridhar_Ganj
Ramgarh-382887",Ramgarh,Jharkhand,382887.0,"Billing,_Shipping"
UP-15627,CUST-02518,"893
Upadhyay_Path
Raipur_129704",Raipur,Chhattisgarh,129704.0,"Billing,_Shipping"
CG-15628,CUST-05032,"80/050
Dhar_Marg
Sagar-070800",Sagar,Madhya_Pradesh,70800.0,Billing
GJ-15629,CUST-01928,"80,_Vasa_Nagar,_Kavali_174569",Kavali,Andhra_Pradesh,174569.0,"Billing,_Shipping"
TS-15630,CUST-04112,"91
Kanda_Road
Dindigul_358318",Dindigul,Tamil_Nadu,358318.0,Billing
WB-15631,CUST-07014,"862,_Sarin_Circle,_Aligarh_384459",Aligarh,Uttar_Pradesh,384459.0,Billing
MH-15632,CUST-18292,"639,_Jani_Zila
Satara-229910",Satara,Maharashtra,229910.0,Shipping
UP-15633,CUST-10799,"83
Bhargava_Street
Jamalpur-140945",Jamalpur,Bihar,140945.0,"Billing,_Shipping"
TR-15634,CUST-16028,"H.No._476
Chhabra
Chandigarh_690547",Chandigarh,Chandigarh_(Union_Territory),690547.0,Billing
GJ-15635,CUST-16659,"05/773
Ramanathan_Ganj
Ajmer_049594",Ajmer,Rajasthan,49594.0,Shipping
WB-15637,CUST-14010,"85/290,_Suri_Circle
Kulti_147465",Kulti,West_Bengal,147465.0,"Billing,_Shipping"
TS-15638,CUST-06911,"72/640
Rajagopal_Nagar
Srinagar-429871",Srinagar,Jammu_and_Kashmir,429871.0,Shipping
MP-15640,CUST-11354,"H.No._29,_Varma_Street,_Indore-485210",Indore,Madhya_Pradesh,485210.0,"Billing,_Shipping"
MH-15641,CUST-17926,"46,_Upadhyay_Zila,_Malegaon-405583",Malegaon,Maharashtra,405583.0,Shipping
UP-15642,CUST-13187,"54/612,_Ramaswamy_Circle
Raiganj_949666",Raiganj,West_Bengal,949666.0,Billing
RJ-15643,CUST-19724,"82/49,_Hegde_Zila,_Akola-293724",Akola,Maharashtra,293724.0,"Billing,_Shipping"
OR-15644,CUST-16365,"H.No._05
Kale_Marg
Anantapur-299257",Anantapur,Andhra_Pradesh,299257.0,Billing
UP-15645,CUST-19613,"08/501
Dasgupta_Road
Chapra_602150",Chapra,Bihar,602150.0,Shipping
MH-15646,CUST-18725,"25,_Swaminathan_Nagar
Loni-307097",Loni,Uttar_Pradesh,307097.0,Billing
JH-15647,CUST-14642,"64/382,_Chatterjee_Road,_Mango-456101",Mango,Jharkhand,456101.0,"Billing,_Shipping"
OR-15648,CUST-09448,"26,_Chandra_Circle
Patna_128246",Patna,Bihar,128246.0,Billing
OR-15649,CUST-16533,"45/346,_Deep_Zila
Chandrapur-913774",Chandrapur,Maharashtra,913774.0,Shipping
BR-15650,CUST-17583,"27,_Keer_Zila,_Satna-950582",Satna,Madhya_Pradesh,950582.0,Shipping
RJ-15651,CUST-06974,"33
Saran_Chowk
Rajkot_593427",Rajkot,Gujarat,593427.0,Billing
MH-15652,CUST-05215,"H.No._058,_Barman
Satara-760457",Satara,Maharashtra,760457.0,Shipping
KL-15653,CUST-16238,"182,_Jha_Nagar,_Kollam-733156",Kollam,Kerala,733156.0,"Billing,_Shipping"
TS-15654,CUST-18173,"H.No._47,_Sidhu_Marg,_Ambala_752736",Ambala,Haryana,752736.0,Billing
MP-15655,CUST-07196,"H.No._036,_Biswas_Ganj,_Khandwa_219005",Khandwa,Madhya_Pradesh,219005.0,Billing
MP-15656,CUST-02919,"43/124,_Kulkarni_Chowk,_Agra_016249",Agra,Uttar_Pradesh,16249.0,Shipping
MP-15657,CUST-14923,"78,_Kant_Path,_Gorakhpur-203181",Gorakhpur,Uttar_Pradesh,203181.0,Shipping
GJ-15658,CUST-19681,"72/891,_Chakrabarti,_Hajipur_198742",Hajipur,Bihar,198742.0,Shipping
KA-15659,CUST-19134,"91/77
Borah_Nagar
Hosur-645687",Hosur,Tamil_Nadu,645687.0,"Billing,_Shipping"
KA-15660,CUST-08398,"H.No._52,_Swaminathan_Zila
Tumkur-760842",Tumkur,Karnataka,760842.0,"Billing,_Shipping"
KA-15661,CUST-12520,"H.No._602,_Walia_Path,_Amaravati-228419",Amaravati,Andhra_Pradesh,228419.0,"Billing,_Shipping"
WB-15662,CUST-04307,"553,_Dasgupta_Zila,_Kulti_341315",Kulti,West_Bengal,341315.0,Billing
TR-15663,CUST-07899,"56
Gulati_Road
Durgapur-823265",Durgapur,West_Bengal,823265.0,Billing
UP-15664,CUST-15061,"52/88
Bhatt
Burhanpur-563130",Burhanpur,Madhya_Pradesh,563130.0,Billing
OR-15665,CUST-17943,"H.No._07,_Sane_Marg
Berhampur-001642",Berhampur,Odisha,1642.0,"Billing,_Shipping"
MH-15666,CUST-15425,"H.No._24
Dey_Circle
Bhiwandi-012026",Bhiwandi,Maharashtra,12026.0,Shipping
WB-15667,CUST-13920,"152
Sankar_Nagar
Baranagar-009663",Baranagar,West_Bengal,9663.0,Shipping
MP-15668,CUST-18724,"01,_Amble_Chowk
Ramgarh-288036",Ramgarh,Jharkhand,288036.0,Billing
WB-15669,CUST-00089,"94
Bhatt_Road
Kulti_770083",Kulti,West_Bengal,770083.0,"Billing,_Shipping"
MH-15670,CUST-16549,"28/019,_Johal_Ganj
Malegaon-035958",Malegaon,Maharashtra,35958.0,"Billing,_Shipping"
AS-15671,CUST-07950,"H.No._596,_Divan_Circle,_Siliguri-599217",Siliguri,West_Bengal,599217.0,"Billing,_Shipping"
MP-15672,CUST-09527,"780
Khanna_Road
Gorakhpur_574862",Gorakhpur,Uttar_Pradesh,574862.0,Billing
AP-15673,CUST-05608,"78,_Raja_Marg,_Dharmavaram_437597",Dharmavaram,Andhra_Pradesh,437597.0,Billing
AP-15674,CUST-19127,"H.No._220,_Subramaniam_Marg,_Gudivada-015834",Gudivada,Andhra_Pradesh,15834.0,Shipping
JH-15675,CUST-00869,"99/309,_Vaidya_Ganj,_Kharagpur-328595",Kharagpur,West_Bengal,328595.0,Billing
CG-15676,CUST-11179,"H.No._783,_Konda_Marg
Sambalpur_530370",Sambalpur,Odisha,530370.0,Shipping
AP-15677,CUST-13567,"254,_Master_Zila,_Anantapuram_187841",Anantapuram,Andhra_Pradesh,187841.0,"Billing,_Shipping"
AP-15678,CUST-08344,"01/032
Chaudhary_Path
Srikakulam-703922",Srikakulam,Andhra_Pradesh,703922.0,"Billing,_Shipping"
UP-15679,CUST-13268,"10/41,_Hayer
Burhanpur_578170",Burhanpur,Madhya_Pradesh,578170.0,Shipping
MH-15680,CUST-14856,"072
Kapoor_Chowk
Karnal-593406",Karnal,Haryana,593406.0,Shipping
TS-15681,CUST-16997,"228
Chandra_Path
Dindigul-691731",Dindigul,Tamil_Nadu,691731.0,"Billing,_Shipping"
OR-15682,CUST-13256,"185,_Wadhwa_Zila,_Anantapur_864624",Anantapur,Andhra_Pradesh,864624.0,Billing
GJ-15683,CUST-11679,"82/593,_Kamdar_Ganj,_Jabalpur_230113",Jabalpur,Madhya_Pradesh,230113.0,"Billing,_Shipping"
KA-15684,CUST-02950,"234,_Mani_Nagar,_Hosur-583072",Hosur,Tamil_Nadu,583072.0,Shipping
OR-15685,CUST-14147,"03/88
Sachar_Marg
Mathura-165545",Mathura,Uttar_Pradesh,165545.0,"Billing,_Shipping"
MP-15686,CUST-14656,"51/53,_Sankaran_Circle
Unnao-650584",Unnao,Uttar_Pradesh,650584.0,"Billing,_Shipping"
JH-15687,CUST-08300,"95,_Chaudhari_Road,_Asansol_872664",Asansol,West_Bengal,872664.0,Shipping
MP-15688,CUST-18134,"H.No._489,_Keer_Ganj
Dehri_313212",Dehri,Bihar,313212.0,Shipping
TS-15689,CUST-12607,"18
Balasubramanian_Street
Nizamabad-436263",Nizamabad,Telangana,436263.0,Billing
UP-15690,CUST-05875,"H.No._796,_Dani_Marg,_Raipur-565772",Raipur,Chhattisgarh,565772.0,"Billing,_Shipping"
KA-15691,CUST-15483,"872,_Deshpande_Path,_Tumkur-888641",Tumkur,Karnataka,888641.0,Billing
TS-15692,CUST-16602,"H.No._79
Ahuja_Road
Ramagundam-277630",Ramagundam,Telangana,277630.0,Billing
TS-15693,CUST-15988,"47/09
Dara_Path
Ambala_111484",Ambala,Haryana,111484.0,"Billing,_Shipping"
BR-15694,CUST-15458,"H.No._526,_Kanda_Circle
Ballia-975332",Ballia,Uttar_Pradesh,975332.0,"Billing,_Shipping"
TN-15695,CUST-11023,"78/29,_Kohli_Circle,_Salem_861915",Salem,Tamil_Nadu,861915.0,"Billing,_Shipping"
BR-15696,CUST-00975,"H.No._813
Seshadri_Zila
Buxar-717054",Buxar,Bihar,717054.0,Shipping
HR-15697,CUST-15970,"52
Koshy_Nagar
Aurangabad_623881",Aurangabad,Maharashtra,623881.0,Billing
OR-15698,CUST-18289,"13,_Badami_Ganj,_Bharatpur_052652",Bharatpur,Rajasthan,52652.0,Billing
MH-15699,CUST-08070,"35
Shukla_Chowk
Bhiwandi-938269",Bhiwandi,Maharashtra,938269.0,Shipping
MP-15700,CUST-15163,"84/037
Bajwa_Path
Ramgarh-730124",Ramgarh,Jharkhand,730124.0,Billing
TN-15701,CUST-15914,"18
Sagar_Nagar
Tiruppur-512361",Tiruppur,Tamil_Nadu,512361.0,Billing
UP-15702,CUST-10984,"H.No._27
Shan_Path
Gurgaon-813949",Gurgaon,Haryana,813949.0,Shipping
MP-15703,CUST-18049,"16/84,_Thakkar_Road,_Jhansi-522044",Jhansi,Uttar_Pradesh,522044.0,Billing
MH-15704,CUST-15576,"79,_Mand_Circle
Bhiwandi-641730",Bhiwandi,Maharashtra,641730.0,"Billing,_Shipping"
AP-15705,CUST-14406,"H.No._353
Rout_Path
Jammu-273562",Jammu,Jammu_and_Kashmir,273562.0,"Billing,_Shipping"
HR-15706,CUST-01613,"H.No._13,_Dixit_Street
Aurangabad_468831",Aurangabad,Maharashtra,468831.0,"Billing,_Shipping"
WB-15707,CUST-11849,"34/99,_Wason_Street
Baranagar_846062",Baranagar,West_Bengal,846062.0,"Billing,_Shipping"
GJ-15708,CUST-07357,"816,_Sastry_Ganj
Allahabad-736026",Allahabad,Uttar_Pradesh,736026.0,"Billing,_Shipping"
MP-15709,CUST-05933,"191,_Sachar_Circle,_Ramgarh-070915",Ramgarh,Jharkhand,70915.0,Billing
RJ-15710,CUST-19609,"51/01
Kari_Nagar
Akola_319555",Akola,Maharashtra,319555.0,Billing
TS-15711,CUST-07298,"H.No._892
Luthra_Circle
Ambala_562531",Ambala,Haryana,562531.0,Billing
WB-15712,CUST-12336,"03
Sandal
Naihati-817933",Naihati,West_Bengal,817933.0,"Billing,_Shipping"
UK-15713,CUST-19736,"50/790
Buch_Chowk
Jalna-769526",Jalna,Maharashtra,769526.0,Shipping
BR-15714,CUST-11190,"31
Sahota_Ganj
Satna_175985",Satna,Madhya_Pradesh,175985.0,Billing
AP-15715,CUST-11097,"94/71
Dalal_Circle
Anantapuram-276861",Anantapuram,Andhra_Pradesh,276861.0,Shipping
MH-15716,CUST-09773,"15,_Andra_Nagar
Satara-383545",Satara,Maharashtra,383545.0,Shipping
MP-15717,CUST-08348,"H.No._06,_Rege_Marg,_Unnao-975275",Unnao,Uttar_Pradesh,975275.0,Billing
AP-15718,CUST-11722,"H.No._10
Kunda_Ganj
Jammu-919823",Jammu,Jammu_and_Kashmir,919823.0,Billing
GJ-15719,CUST-17593,"73/419,_Balay_Street
Hajipur_090984",Hajipur,Bihar,90984.0,Shipping
TN-15720,CUST-19794,"505,_Agarwal_Marg,_Avadi_744233",Avadi,Tamil_Nadu,744233.0,Shipping
OR-15721,CUST-13068,"33,_Mall_Circle,_Danapur_016962",Danapur,Bihar,16962.0,"Billing,_Shipping"
GJ-15722,CUST-18323,"H.No._569,_Mangal_Zila
Kavali_466196",Kavali,Andhra_Pradesh,466196.0,"Billing,_Shipping"
HP-15723,CUST-16118,"24/105,_Ravi_Nagar
Udaipur_415803",Udaipur,Rajasthan,415803.0,Shipping
UP-15724,CUST-11485,"H.No._707
Dave_Street
Burhanpur_104143",Burhanpur,Madhya_Pradesh,104143.0,Billing
MP-15725,CUST-00094,"914,_Chana_Nagar,_Kota_872144",Kota,Rajasthan,872144.0,"Billing,_Shipping"
UK-15726,CUST-07454,"33,_Khanna_Road
Shivpuri-698388",Shivpuri,Madhya_Pradesh,698388.0,Shipping
MP-15727,CUST-13040,"068,_Sengupta_Ganj,_Indore-786725",Indore,Madhya_Pradesh,786725.0,"Billing,_Shipping"
MH-15728,CUST-14806,"H.No._448,_Rana_Path,_Malegaon-480481",Malegaon,Maharashtra,480481.0,Billing
HR-15729,CUST-19114,"389,_Behl
Siwan_806657",Siwan,Bihar,806657.0,"Billing,_Shipping"
TS-15730,CUST-03840,"H.No._945,_Ben,_Sirsa_980810",Sirsa,Haryana,980810.0,Shipping
GJ-15731,CUST-10212,"06/52
Warrior_Street
Allahabad_206284",Allahabad,Uttar_Pradesh,206284.0,"Billing,_Shipping"
TS-15732,CUST-16510,"H.No._473,_Krishna_Ganj
Dindigul_455485",Dindigul,Tamil_Nadu,455485.0,"Billing,_Shipping"
KA-15733,CUST-13561,"89,_Kala_Ganj
Tumkur-832855",Tumkur,Karnataka,832855.0,Billing
GJ-15734,CUST-16860,"04/918
Devan_Nagar
Vadodara_065505",Vadodara,Gujarat,65505.0,"Billing,_Shipping"
KA-15735,CUST-15963,"H.No._75,_Agate_Marg
Amaravati-069575",Amaravati,Andhra_Pradesh,69575.0,Shipping
BR-15736,CUST-06568,"60
Suri_Street
Purnia-387997",Purnia,Bihar,387997.0,Shipping
RJ-15737,CUST-12360,"H.No._81,_Dar_Road
Fatehpur_223870",Fatehpur,Uttar_Pradesh,223870.0,"Billing,_Shipping"
AP-15738,CUST-14019,"31/470
Chowdhury_Zila
Gudivada_973799",Gudivada,Andhra_Pradesh,973799.0,Shipping
JH-15739,CUST-18967,"55,_Balasubramanian_Street
Kharagpur-085628",Kharagpur,West_Bengal,85628.0,Shipping
OR-15740,CUST-15429,"42,_Arora_Marg,_Patna-846168",Patna,Bihar,846168.0,Billing
AP-15741,CUST-17835,"47/968,_Bandi_Nagar,_Bhimavaram_752268",Bhimavaram,Andhra_Pradesh,752268.0,"Billing,_Shipping"
WB-15742,CUST-18127,"78
Lad_Road
Bhatpara_154466",Bhatpara,West_Bengal,154466.0,"Billing,_Shipping"
WB-15743,CUST-14431,"44/750,_Agate_Nagar,_Naihati_481170",Naihati,West_Bengal,481170.0,Billing
WB-15744,CUST-02487,"36,_Sahota_Path
Baranagar-692361",Baranagar,West_Bengal,692361.0,Billing
GJ-15745,CUST-16526,"06
Dyal_Path
Jabalpur_712729",Jabalpur,Madhya_Pradesh,712729.0,"Billing,_Shipping"
KA-15746,CUST-10485,"83
Dass
Amaravati-457778",Amaravati,Andhra_Pradesh,457778.0,Billing
TS-15747,CUST-18088,"30/126,_Cheema_Marg
Srinagar-034196",Srinagar,Jammu_and_Kashmir,34196.0,Shipping
UP-15748,CUST-18630,"98,_Bose_Circle,_Muzaffarpur-501049",Muzaffarpur,Bihar,501049.0,Shipping
JH-15749,CUST-12379,"32,_Sanghvi_Path,_Kharagpur-507720",Kharagpur,West_Bengal,507720.0,Shipping
RJ-15750,CUST-19714,"50
Bhakta_Chowk
Akola_317895",Akola,Maharashtra,317895.0,"Billing,_Shipping"
UP-15751,CUST-08383,"H.No._46,_Sehgal_Nagar,_Shahjahanpur-756276",Shahjahanpur,Uttar_Pradesh,756276.0,Billing
MH-15752,CUST-16906,"20/31,_Sandhu_Road,_Jalgaon_891591",Jalgaon,Maharashtra,891591.0,"Billing,_Shipping"
TS-15753,CUST-09196,"H.No._321
Bhat_Marg
Ambala-834457",Ambala,Haryana,834457.0,Billing
OR-15754,CUST-03577,"H.No._39,_Sabharwal_Path,_Danapur_709433",Danapur,Bihar,709433.0,Billing
TS-15755,CUST-18833,"69/37
Halder_Road
Sirsa-073135",Sirsa,Haryana,73135.0,"Billing,_Shipping"
UP-15756,CUST-17150,"084
Din_Ganj
Firozabad-430899",Firozabad,Uttar_Pradesh,430899.0,Billing
MH-15757,CUST-13874,"821,_Dara_Path,_Karnal-516668",Karnal,Haryana,516668.0,"Billing,_Shipping"
MP-15758,CUST-00463,"H.No._290,_Mahal
Ramgarh-696853",Ramgarh,Jharkhand,696853.0,"Billing,_Shipping"
TR-15759,CUST-16144,"H.No._57,_Varughese_Marg,_Chandigarh_818152",Chandigarh,Chandigarh_(Union_Territory),818152.0,Shipping
GJ-15760,CUST-19219,"H.No._917,_Varughese_Ganj
Ajmer_941670",Ajmer,Rajasthan,941670.0,"Billing,_Shipping"
WB-15761,CUST-13532,"57/112,_Doshi_Circle
Uluberia-198905",Uluberia,West_Bengal,198905.0,Billing
KA-15762,CUST-18139,"H.No._573,_Bava_Circle,_Hosur-201962",Hosur,Tamil_Nadu,201962.0,"Billing,_Shipping"
JH-15763,CUST-05900,"40/11
Chaudhuri_Path
Asansol-002395",Asansol,West_Bengal,2395.0,Billing
GJ-15764,CUST-19087,"13
Mandal_Ganj
Gandhidham_882920",Gandhidham,Gujarat,882920.0,Billing
AS-15765,CUST-19174,"845
Tripathi_Nagar
Nagaon_560889",Nagaon,Assam,560889.0,Billing
OR-15766,CUST-15972,"87/39
Aggarwal_Chowk
Bharatpur_558976",Bharatpur,Rajasthan,558976.0,"Billing,_Shipping"
AP-15767,CUST-02789,"67,_Sethi_Circle
Gudivada_143245",Gudivada,Andhra_Pradesh,143245.0,"Billing,_Shipping"
WB-15768,CUST-14950,"H.No._32,_Kant_Ganj,_Kamarhati_899429",Kamarhati,West_Bengal,899429.0,"Billing,_Shipping"
MH-15769,CUST-01465,"H.No._747,_Wali_Chowk,_Rampur_000530",Rampur,Uttar_Pradesh,530.0,"Billing,_Shipping"
DL-15770,CUST-09040,"43,_Wali_Road,_Delhi-026165",Delhi,Delhi_(Union_Territory),26165.0,Shipping
OR-15771,CUST-07141,"H.No._694
Gara
Bilaspur-661071",Bilaspur,Chhattisgarh,661071.0,Shipping
UP-15772,CUST-15307,"79/51,_Dayal_Ganj,_Farrukhabad-076801",Farrukhabad,Uttar_Pradesh,76801.0,"Billing,_Shipping"
KL-15773,CUST-14650,"50/35,_Badami_Street,_Kollam_797600",Kollam,Kerala,797600.0,Shipping
TS-15774,CUST-18333,"H.No._08,_Apte_Street
Nizamabad_571963",Nizamabad,Telangana,571963.0,Billing
MP-15775,CUST-10292,"H.No._110
Dhar
Ramgarh-284079",Ramgarh,Jharkhand,284079.0,"Billing,_Shipping"
UP-15776,CUST-12591,"94/247,_Buch_Ganj
Firozabad-290725",Firozabad,Uttar_Pradesh,290725.0,Shipping
KA-15777,CUST-05364,"H.No._837,_Joshi_Chowk
Hosur-411777",Hosur,Tamil_Nadu,411777.0,"Billing,_Shipping"
RJ-15778,CUST-18034,"H.No._213,_Rastogi_Road
Dewas_257423",Dewas,Madhya_Pradesh,257423.0,Shipping
KA-15779,CUST-14422,"H.No._928,_Chandra_Path
Solapur-684099",Solapur,Maharashtra,684099.0,Shipping
BR-15780,CUST-14919,"28/411
Samra
Satna-621342",Satna,Madhya_Pradesh,621342.0,"Billing,_Shipping"
CG-15781,CUST-07593,"38/42
Jayaraman_Nagar
Malda_591325",Malda,West_Bengal,591325.0,"Billing,_Shipping"
OR-15782,CUST-00916,"H.No._908
Bhardwaj
Bijapur_242026",Bijapur,Karnataka,242026.0,Shipping
MH-15783,CUST-08146,"66,_Saraf_Circle
Bhiwandi-776466",Bhiwandi,Maharashtra,776466.0,Shipping
TS-15784,CUST-17856,"H.No._03,_Chandran_Road
Ramagundam-383228",Ramagundam,Telangana,383228.0,"Billing,_Shipping"
JH-15785,CUST-04937,"H.No._90,_Doshi_Street
Mango_496857",Mango,Jharkhand,496857.0,Billing
TN-15786,CUST-18086,"67,_Atwal_Nagar,_Gandhinagar-998304",Gandhinagar,Gujarat,998304.0,"Billing,_Shipping"
WB-15787,CUST-06046,"H.No._156,_Din_Nagar,_Bidhannagar-924807",Bidhannagar,West_Bengal,924807.0,Shipping
UK-15788,CUST-08112,"H.No._78,_Sant_Zila
Jalna_624857",Jalna,Maharashtra,624857.0,Billing
MH-15789,CUST-11126,"H.No._718,_Goswami_Zila,_Bhiwandi_620457",Bhiwandi,Maharashtra,620457.0,Billing
MP-15790,CUST-13150,"H.No._771,_Buch_Chowk,_Kota-644608",Kota,Rajasthan,644608.0,Shipping
UP-15792,CUST-17373,"81,_Sekhon_Path
Raiganj-434579",Raiganj,West_Bengal,434579.0,Shipping
UK-15793,CUST-01740,"44,_Doshi_Circle,_Jalna-518675",Jalna,Maharashtra,518675.0,Shipping
WB-15794,CUST-18000,"H.No._30,_Gokhale
Kulti_310328",Kulti,West_Bengal,310328.0,Shipping
OR-15795,CUST-03952,"H.No._84,_Rattan_Street
Haldia-751642",Haldia,West_Bengal,751642.0,"Billing,_Shipping"
MH-15796,CUST-06172,"029,_Ghosh_Chowk,_Nanded_283588",Nanded,Maharashtra,283588.0,Shipping
TN-15797,CUST-02236,"16/88,_Mane_Street
Pallavaram-728211",Pallavaram,Tamil_Nadu,728211.0,Billing
GJ-15798,CUST-14971,"85/38,_Krishnamurthy_Zila,_Gandhidham_963959",Gandhidham,Gujarat,963959.0,"Billing,_Shipping"
MP-15799,CUST-06553,"H.No._19
Khosla_Circle
Dehri_329425",Dehri,Bihar,329425.0,"Billing,_Shipping"
MP-15800,CUST-17369,"95/75
Barad_Road
Kishanganj_730339",Kishanganj,Bihar,730339.0,"Billing,_Shipping"
AS-15801,CUST-10965,"H.No._55,_Subramaniam_Zila
Nagaon-978664",Nagaon,Assam,978664.0,Billing
OR-15802,CUST-10971,"H.No._83,_Dhingra_Circle
Bijapur_889790",Bijapur,Karnataka,889790.0,Shipping
MP-15803,CUST-12569,"H.No._047,_Bakshi_Road
Jhansi-573859",Jhansi,Uttar_Pradesh,573859.0,Billing
UP-15804,CUST-18808,"234
Mann_Chowk
Firozabad-152893",Firozabad,Uttar_Pradesh,152893.0,"Billing,_Shipping"
MP-15805,CUST-18080,"H.No._36,_Swamy_Marg
Jalandhar_729638",Jalandhar,Punjab,729638.0,Billing
OR-15806,CUST-19583,"011
Guha
Bharatpur-131350",Bharatpur,Rajasthan,131350.0,Shipping
KA-15807,CUST-17753,"659
Saini_Marg
Amaravati-777233",Amaravati,Andhra_Pradesh,777233.0,Shipping
MP-15808,CUST-15530,"80,_Rao_Street,_Gorakhpur-719325",Gorakhpur,Uttar_Pradesh,719325.0,Billing
TS-15809,CUST-16782,"80,_Kakar_Ganj
Sirsa-876650",Sirsa,Haryana,876650.0,Shipping
UP-15810,CUST-19837,"61/832
Venkataraman_Zila
Raiganj_759964",Raiganj,West_Bengal,759964.0,"Billing,_Shipping"
TS-15811,CUST-15198,"759
Sarkar
Srinagar_630057",Srinagar,Jammu_and_Kashmir,630057.0,Billing
HR-15812,CUST-18697,"71/67,_Bandi_Marg
Bikaner-207932",Bikaner,Rajasthan,207932.0,Shipping
UP-15813,CUST-16809,"H.No._385,_Manda_Circle
Muzaffarpur_443199",Muzaffarpur,Bihar,443199.0,Billing
AP-15814,CUST-15420,"56/885,_Bajwa_Chowk,_Jammu-036632",Jammu,Jammu_and_Kashmir,36632.0,"Billing,_Shipping"
KL-15815,CUST-13007,"H.No._86
Yohannan_Path
Kollam-214011",Kollam,Kerala,214011.0,"Billing,_Shipping"
TN-15817,CUST-10342,"H.No._35,_Hayer_Path
Tiruvottiyur-652046",Tiruvottiyur,Tamil_Nadu,652046.0,Shipping
HR-15818,CUST-09455,"31/863
Bandi_Marg
Aurangabad_233481",Aurangabad,Maharashtra,233481.0,"Billing,_Shipping"
TN-15819,CUST-00215,"90/62,_Malhotra_Road
Avadi-633947",Avadi,Tamil_Nadu,633947.0,"Billing,_Shipping"
KA-15820,CUST-00639,"H.No._84,_Bhatnagar_Path
Tumkur_598574",Tumkur,Karnataka,598574.0,Shipping
OR-15821,CUST-07441,"H.No._869,_Sehgal_Path,_Bijapur_042352",Bijapur,Karnataka,42352.0,Shipping
GJ-15822,CUST-17581,"H.No._28,_Kakar_Nagar,_Ajmer_152267",Ajmer,Rajasthan,152267.0,"Billing,_Shipping"
AP-15823,CUST-11634,"H.No._223,_Korpal_Chowk
Jammu-388542",Jammu,Jammu_and_Kashmir,388542.0,Billing
BR-15824,CUST-13180,"H.No._559,_Cheema_Path
Purnia_702096",Purnia,Bihar,702096.0,Billing
UP-15825,CUST-14035,"447
Bava_Ganj
Burhanpur_805315",Burhanpur,Madhya_Pradesh,805315.0,Shipping
BR-15826,CUST-01546,"H.No._831,_Goyal_Marg
Buxar-727254",Buxar,Bihar,727254.0,Billing
TS-15827,CUST-00042,"52/75,_Vyas_Road
Dindigul-746358",Dindigul,Tamil_Nadu,746358.0,Shipping
MH-15828,CUST-10414,"H.No._21
Gola_Ganj
Jalgaon-379071",Jalgaon,Maharashtra,379071.0,Billing
MP-15829,CUST-10771,"H.No._876,_Sem
Mau-945075",Mau,Uttar_Pradesh,945075.0,Shipping
WB-15830,CUST-12061,"46/343,_Shere_Marg
Bally-681733",Bally,West_Bengal,681733.0,Billing
MP-15831,CUST-12614,"443,_Kata_Marg,_Jhansi-932915",Jhansi,Uttar_Pradesh,932915.0,Billing
TS-15832,CUST-17887,"H.No._579,_Thakkar_Chowk,_Proddatur_690658",Proddatur,Andhra_Pradesh,690658.0,Billing
UP-15833,CUST-02381,"H.No._26
Anne_Marg
Bhagalpur_490877",Bhagalpur,Bihar,490877.0,Billing
MP-15834,CUST-16357,"569,_Sankar_Chowk
Gorakhpur_285304",Gorakhpur,Uttar_Pradesh,285304.0,Billing
CG-15835,CUST-11968,"532,_Toor_Path
Sagar_694931",Sagar,Madhya_Pradesh,694931.0,Billing
MP-15836,CUST-12767,"H.No._712,_Shetty_Marg,_Unnao-154272",Unnao,Uttar_Pradesh,154272.0,"Billing,_Shipping"
TS-15837,CUST-01041,"17/096,_Gola_Marg
Ambala-355622",Ambala,Haryana,355622.0,"Billing,_Shipping"
CG-15838,CUST-10844,"823,_Bhatnagar_Nagar
Bhilai-152943",Bhilai,Chhattisgarh,152943.0,Shipping
MP-15839,CUST-18049,"H.No._518
Balasubramanian
Kota-938438",Kota,Rajasthan,938438.0,Billing
UK-15840,CUST-17046,"662,_Ganesan_Road,_Haridwar_878359",Haridwar,Uttarakhand,878359.0,"Billing,_Shipping"
AP-15841,CUST-12453,"01/95,_Tak
Dharmavaram-730962",Dharmavaram,Andhra_Pradesh,730962.0,Shipping
MP-15842,CUST-13982,"H.No._90,_Shankar_Marg,_Indore-518208",Indore,Madhya_Pradesh,518208.0,Billing
UP-15843,CUST-18673,"H.No._68
Dhingra_Path
Ahmedabad-373166",Ahmedabad,Gujarat,373166.0,Shipping
MP-15844,CUST-10048,"66/87
Doshi_Ganj
Indore_175854",Indore,Madhya_Pradesh,175854.0,"Billing,_Shipping"
GJ-15845,CUST-00620,"H.No._74,_Bhattacharyya_Chowk
Kavali_828416",Kavali,Andhra_Pradesh,828416.0,Billing
TS-15846,CUST-04726,"430,_Tripathi_Nagar
Dindigul-225208",Dindigul,Tamil_Nadu,225208.0,Billing
UK-15847,CUST-18767,"H.No._50
Dhingra
Shivpuri_963682",Shivpuri,Madhya_Pradesh,963682.0,Billing
CG-15848,CUST-19223,"H.No._389,_Gera_Ganj
Bhilai-497444",Bhilai,Chhattisgarh,497444.0,"Billing,_Shipping"
WB-15849,CUST-18401,"46/460,_Atwal_Road,_Bally_344878",Bally,West_Bengal,344878.0,"Billing,_Shipping"
MH-15850,CUST-16470,"H.No._020
Sen_Street
Jalgaon_078279",Jalgaon,Maharashtra,78279.0,Billing
TN-15851,CUST-12726,"63/772
Chacko_Zila
Tiruppur_441844",Tiruppur,Tamil_Nadu,441844.0,Shipping
BR-15852,CUST-05844,"61/38,_Bali
Munger_367306",Munger,Bihar,367306.0,Shipping
MP-15853,CUST-10655,"592,_Sharaf,_Unnao-445675",Unnao,Uttar_Pradesh,445675.0,Shipping
WB-15854,CUST-01033,"220
Bakshi_Zila
Arrah-697287",Arrah,Bihar,697287.0,"Billing,_Shipping"
TN-15855,CUST-19571,"48/30,_Iyengar_Road
Chittoor-260278",Chittoor,Andhra_Pradesh,260278.0,Billing
MP-15856,CUST-00748,"59,_Jani_Chowk
Agra-099217",Agra,Uttar_Pradesh,99217.0,Billing
MH-15857,CUST-17745,"80/19,_Shukla_Nagar
Rampur-339884",Rampur,Uttar_Pradesh,339884.0,Billing
GJ-15858,CUST-06801,"293,_Chauhan_Circle,_Jabalpur-161854",Jabalpur,Madhya_Pradesh,161854.0,Shipping
MH-15859,CUST-07217,"H.No._257,_Sharaf_Ganj,_Guntur_496478",Guntur,Andhra_Pradesh,496478.0,"Billing,_Shipping"
JH-15860,CUST-16033,"H.No._12,_Lanka_Nagar
Kharagpur_623362",Kharagpur,West_Bengal,623362.0,Billing
TN-15861,CUST-18043,"53/22,_Bora_Path
Tiruppur-456274",Tiruppur,Tamil_Nadu,456274.0,Shipping
MH-15862,CUST-14296,"H.No._96,_Sood
Yamunanagar_983519",Yamunanagar,Haryana,983519.0,Billing
DL-15863,CUST-06179,"48/28,_Sastry_Path
Delhi-681846",Delhi,Delhi_(Union_Territory),681846.0,Billing
RJ-15864,CUST-08850,"73/20,_Agate_Street
Akola_440888",Akola,Maharashtra,440888.0,Billing
KA-15865,CUST-12677,"H.No._933,_Arora,_Tumkur-977064",Tumkur,Karnataka,977064.0,Shipping
HR-15866,CUST-12081,"44/779,_Kapoor_Circle,_Aurangabad_871564",Aurangabad,Maharashtra,871564.0,Shipping
AP-15867,CUST-11019,"06/07,_Khalsa_Nagar,_Anantapuram_407722",Anantapuram,Andhra_Pradesh,407722.0,Billing
OR-15868,CUST-12745,"H.No._856,_Gupta_Zila
Chandrapur-340925",Chandrapur,Maharashtra,340925.0,Billing
UK-15869,CUST-03913,"H.No._406,_Sekhon_Zila,_Haridwar-259634",Haridwar,Uttarakhand,259634.0,"Billing,_Shipping"
TN-15870,CUST-16346,"623,_Talwar_Ganj
Avadi-862961",Avadi,Tamil_Nadu,862961.0,Billing
UP-15871,CUST-17073,"30,_Chaudhari
Mirzapur_630788",Mirzapur,Uttar_Pradesh,630788.0,Shipping
OR-15872,CUST-09673,"28/304
Barad_Marg
Bijapur_192830",Bijapur,Karnataka,192830.0,Shipping
CG-15873,CUST-13931,"H.No._49
Master_Marg
Nagpur_130342",Nagpur,Maharashtra,130342.0,Billing
AP-15874,CUST-19231,"H.No._70,_Shetty_Ganj,_Jammu-387555",Jammu,Jammu_and_Kashmir,387555.0,Billing
MH-15875,CUST-07909,"H.No._54
Mallick
Satara-883416",Satara,Maharashtra,883416.0,Shipping
UP-15876,CUST-03423,"59,_Sekhon_Nagar
Ahmedabad_409878",Ahmedabad,Gujarat,409878.0,Shipping
MH-15877,CUST-11769,"03/368
Ravi_Path
Guntur_865394",Guntur,Andhra_Pradesh,865394.0,Shipping
UP-15878,CUST-15521,"45,_Sahota_Ganj
Muzaffarpur-458658",Muzaffarpur,Bihar,458658.0,Billing
MH-15879,CUST-11180,"475,_Sandal_Path
Loni_792747",Loni,Uttar_Pradesh,792747.0,Billing
GJ-15880,CUST-04245,"289,_Swaminathan_Nagar,_Allahabad-786627",Allahabad,Uttar_Pradesh,786627.0,Shipping
TN-15881,CUST-13697,"42/494,_Biswas
Vellore-564050",Vellore,Tamil_Nadu,564050.0,Shipping
GJ-15882,CUST-03385,"61/189,_Raja
Vadodara-390117",Vadodara,Gujarat,390117.0,Shipping
CG-15883,CUST-12418,"491,_Sibal_Marg
Sambalpur-266492",Sambalpur,Odisha,266492.0,"Billing,_Shipping"
OR-15884,CUST-15446,"73/88
Bora_Nagar
Kanpur_627218",Kanpur,Uttar_Pradesh,627218.0,Billing
BR-15885,CUST-06650,"81,_Gopal_Nagar,_Jaipur_494558",Jaipur,Rajasthan,494558.0,Shipping
UP-15886,CUST-13021,"96/474,_Tailor_Circle
Jamalpur_662510",Jamalpur,Bihar,662510.0,Shipping
KA-15887,CUST-13805,"95/187
Kumer_Circle
Hosur-645976",Hosur,Tamil_Nadu,645976.0,Shipping
RJ-15888,CUST-13502,"66/744
Cherian_Zila
Akola_761003",Akola,Maharashtra,761003.0,Billing
TN-15889,CUST-01909,"41/759
Bains_Marg
Vellore_529913",Vellore,Tamil_Nadu,529913.0,"Billing,_Shipping"
HR-15890,CUST-12096,"99/25,_Biswas_Street,_Siwan-720079",Siwan,Bihar,720079.0,Billing
UK-15891,CUST-13241,"H.No._135,_Dora_Marg
Haridwar-283010",Haridwar,Uttarakhand,283010.0,"Billing,_Shipping"
WB-15892,CUST-04854,"H.No._961
Mangat_Nagar
Kulti-491108",Kulti,West_Bengal,491108.0,"Billing,_Shipping"
JH-15893,CUST-19521,"H.No._02,_Roy_Street,_Kharagpur_680878",Kharagpur,West_Bengal,680878.0,"Billing,_Shipping"
BR-15894,CUST-11112,"22/78,_Raju_Path
Munger_390969",Munger,Bihar,390969.0,Shipping
WB-15895,CUST-11366,"62/37,_Lal_Zila
Bhatpara-448424",Bhatpara,West_Bengal,448424.0,Billing
OR-15896,CUST-04835,"H.No._89,_Rajagopal_Nagar,_Berhampur_908761",Berhampur,Odisha,908761.0,"Billing,_Shipping"
JH-15897,CUST-02131,"64/82,_Acharya,_Mango_063671",Mango,Jharkhand,63671.0,Billing
MH-15898,CUST-01135,"56/05,_Zacharia_Nagar
Rampur_796495",Rampur,Uttar_Pradesh,796495.0,"Billing,_Shipping"
MP-15899,CUST-00338,"44,_Bhatt_Ganj
Jalandhar-664731",Jalandhar,Punjab,664731.0,Billing
UP-15900,CUST-13686,"22/754,_Mani_Road,_Karimnagar-921510",Karimnagar,Telangana,921510.0,"Billing,_Shipping"
TN-15901,CUST-11727,"H.No._000,_Wali_Nagar
Vellore-605949",Vellore,Tamil_Nadu,605949.0,Shipping
UP-15902,CUST-19562,"H.No._087,_Salvi
Chapra_563329",Chapra,Bihar,563329.0,Billing
JH-15903,CUST-16219,"04/84,_Butala_Street,_Mango-125054",Mango,Jharkhand,125054.0,Billing
TN-15905,CUST-18718,"10/20,_Varughese_Ganj,_Avadi_952340",Avadi,Tamil_Nadu,952340.0,"Billing,_Shipping"
OR-15906,CUST-10094,"19/98,_Rao_Path,_Haldia_771849",Haldia,West_Bengal,771849.0,"Billing,_Shipping"
KA-15907,CUST-12567,"02,_Khare_Path
Hospet-570382",Hospet,Karnataka,570382.0,"Billing,_Shipping"
MP-15908,CUST-11386,"H.No._677,_Thaman_Ganj
Kishanganj-928764",Kishanganj,Bihar,928764.0,Shipping
UP-15909,CUST-01661,"514,_Gade_Ganj
Shahjahanpur_814310",Shahjahanpur,Uttar_Pradesh,814310.0,"Billing,_Shipping"
MH-15910,CUST-18814,"344,_Kapoor_Street
Karnal_079228",Karnal,Haryana,79228.0,Billing
GJ-15911,CUST-04640,"42/51,_Uppal_Path
Hajipur-015041",Hajipur,Bihar,15041.0,Billing
AS-15912,CUST-02397,"38/17
Dyal_Ganj
Siliguri_926885",Siliguri,West_Bengal,926885.0,Shipping
OR-15913,CUST-10014,"98,_Rao_Road
Kanpur-071434",Kanpur,Uttar_Pradesh,71434.0,Billing
MH-15914,CUST-01861,"60
Ram_Path
Bhiwandi-319169",Bhiwandi,Maharashtra,319169.0,Billing
JH-15915,CUST-01770,"83/071
Gupta_Nagar
Mango_891129",Mango,Jharkhand,891129.0,Shipping
MP-15916,CUST-19971,"H.No._542,_Bahri_Marg,_Dehri_563218",Dehri,Bihar,563218.0,Billing
MP-15917,CUST-08801,"83,_Jani_Ganj,_Dehri-473356",Dehri,Bihar,473356.0,"Billing,_Shipping"
WB-15918,CUST-14311,"H.No._71,_Karnik_Path
Naihati-590906",Naihati,West_Bengal,590906.0,Shipping
TN-15920,CUST-14585,"51/565,_Ghose_Circle
Avadi-773384",Avadi,Tamil_Nadu,773384.0,"Billing,_Shipping"
UP-15921,CUST-19844,"23/823,_Basak_Chowk,_Ahmedabad-250104",Ahmedabad,Gujarat,250104.0,Billing
BR-15922,CUST-19485,"84/074,_Dutt_Path
Buxar_285799",Buxar,Bihar,285799.0,"Billing,_Shipping"
HR-15923,CUST-14693,"H.No._78
Chander_Path
Aurangabad-045374",Aurangabad,Maharashtra,45374.0,Shipping
TN-15924,CUST-09670,"H.No._14,_Wagle_Street,_Tiruppur-445355",Tiruppur,Tamil_Nadu,445355.0,Shipping
UP-15925,CUST-18584,"253,_Dara
Raipur-019511",Raipur,Chhattisgarh,19511.0,"Billing,_Shipping"
TS-15926,CUST-11448,"H.No._24
Upadhyay_Zila
Ambala_056127",Ambala,Haryana,56127.0,Shipping
TS-15927,CUST-06429,"49/809,_Bandi_Marg,_Sirsa_402032",Sirsa,Haryana,402032.0,Billing
WB-15928,CUST-13926,"19/45,_Sodhi_Zila
Uluberia-193790",Uluberia,West_Bengal,193790.0,Billing
MP-15929,CUST-13845,"88/08,_Dutt_Marg,_Jodhpur_849935",Jodhpur,Rajasthan,849935.0,Shipping
UP-15930,CUST-19830,"56/413,_Deol_Zila
Gurgaon-467092",Gurgaon,Haryana,467092.0,Shipping
RJ-15931,CUST-15789,"H.No._845,_Kari,_Fatehpur-989200",Fatehpur,Uttar_Pradesh,989200.0,"Billing,_Shipping"
TN-15932,CUST-13087,"H.No._61,_Ravi_Marg,_Tiruppur-623031",Tiruppur,Tamil_Nadu,623031.0,"Billing,_Shipping"
MP-15933,CUST-07620,"52/16
Sengupta_Road
Jodhpur-546708",Jodhpur,Rajasthan,546708.0,"Billing,_Shipping"
OR-15934,CUST-04431,"10/72,_Gokhale_Street,_Danapur-851391",Danapur,Bihar,851391.0,Billing
RJ-15935,CUST-11906,"H.No._86,_Kumar_Path
Fatehpur_714289",Fatehpur,Uttar_Pradesh,714289.0,"Billing,_Shipping"
UP-15936,CUST-11154,"800,_Barad_Zila,_Farrukhabad_001400",Farrukhabad,Uttar_Pradesh,1400.0,"Billing,_Shipping"
TN-15938,CUST-11192,"435,_Dada_Marg
Pallavaram_779774",Pallavaram,Tamil_Nadu,779774.0,Billing
UP-15939,CUST-15588,"58/19,_Kumar_Street
Raiganj_817185",Raiganj,West_Bengal,817185.0,"Billing,_Shipping"
OR-15940,CUST-14290,"98,_Shah,_Haldia-795979",Haldia,West_Bengal,795979.0,"Billing,_Shipping"
MH-15941,CUST-15149,"53,_Halder_Street,_Yamunanagar-523730",Yamunanagar,Haryana,523730.0,Shipping
MH-15942,CUST-17937,"H.No._072,_Borah_Circle,_Yamunanagar_974115",Yamunanagar,Haryana,974115.0,Billing
TS-15943,CUST-12760,"584
Shanker_Marg
Hindupur_694273",Hindupur,Andhra_Pradesh,694273.0,"Billing,_Shipping"
WB-15944,CUST-11670,"17/50,_Dewan_Marg
Panihati-816118",Panihati,West_Bengal,816118.0,Shipping
GJ-15945,CUST-16287,"20,_Doshi_Marg,_Allahabad_985335",Allahabad,Uttar_Pradesh,985335.0,Shipping
AP-15946,CUST-05718,"84/93,_Raju_Circle,_Dharmavaram-262154",Dharmavaram,Andhra_Pradesh,262154.0,Billing
WB-15947,CUST-15441,"H.No._93,_Shan_Circle
Baranagar-913597",Baranagar,West_Bengal,913597.0,"Billing,_Shipping"
OR-15948,CUST-19807,"H.No._344,_Madan_Nagar
Bharatpur_274838",Bharatpur,Rajasthan,274838.0,Shipping
AP-15949,CUST-17654,"57/26,_Sama_Circle
Srikakulam-349372",Srikakulam,Andhra_Pradesh,349372.0,Shipping
JH-15950,CUST-13278,"H.No._711,_Sankar_Chowk,_Asansol-530324",Asansol,West_Bengal,530324.0,Shipping
MP-15951,CUST-14992,"68/942,_Contractor,_Dehri-749867",Dehri,Bihar,749867.0,Billing
KA-15952,CUST-11784,"87/477,_Andra_Marg
Hosur-046790",Hosur,Tamil_Nadu,46790.0,Shipping
OR-15953,CUST-13001,"H.No._82
Sandal
Patna_969512",Patna,Bihar,969512.0,Shipping
JH-15954,CUST-17042,"H.No._31
Shankar_Chowk
Mango_618108",Mango,Jharkhand,618108.0,"Billing,_Shipping"
OR-15955,CUST-19205,"66/792
Choudhry
Patna-369434",Patna,Bihar,369434.0,"Billing,_Shipping"
TN-15956,CUST-10990,"H.No._33,_Arya,_Pali-525437",Pali,Rajasthan,525437.0,"Billing,_Shipping"
OR-15957,CUST-09638,"559,_Dugal_Street
Bijapur_031568",Bijapur,Karnataka,31568.0,Shipping
WB-15958,CUST-05233,"21
Manda_Chowk
Bidhannagar_870014",Bidhannagar,West_Bengal,870014.0,Shipping
BR-15959,CUST-18047,"H.No._858,_Kala_Zila,_Satna-807278",Satna,Madhya_Pradesh,807278.0,"Billing,_Shipping"
TS-15961,CUST-11269,"47,_Sagar,_Ambala-211245",Ambala,Haryana,211245.0,Billing
TN-15962,CUST-16056,"68,_Banerjee_Zila
Avadi-262712",Avadi,Tamil_Nadu,262712.0,Billing
MP-15963,CUST-17159,"448,_Doctor_Path,_Dehri_804735",Dehri,Bihar,804735.0,Shipping
DL-15964,CUST-07713,"H.No._34,_Kar_Ganj
Delhi-741097",Delhi,Delhi_(Union_Territory),741097.0,"Billing,_Shipping"
MH-15965,CUST-15508,"95/030,_Samra_Marg
Guntur-803841",Guntur,Andhra_Pradesh,803841.0,Shipping
UP-15966,CUST-16731,"H.No._97,_Sankar_Road
Karimnagar_484670",Karimnagar,Telangana,484670.0,Billing
OR-15967,CUST-12859,"47,_Konda_Circle
Haldia_376540",Haldia,West_Bengal,376540.0,"Billing,_Shipping"
UP-15968,CUST-10173,"52,_Kohli_Nagar
Bhagalpur-931397",Bhagalpur,Bihar,931397.0,Billing
AP-15969,CUST-06544,"H.No._644,_Tiwari_Street,_Jammu-496043",Jammu,Jammu_and_Kashmir,496043.0,Billing
JH-15970,CUST-14287,"87,_Dhar_Road,_Phusro_894939",Phusro,Jharkhand,894939.0,Billing
UP-15971,CUST-02920,"58/924
Sama_Road
Mirzapur-183360",Mirzapur,Uttar_Pradesh,183360.0,Billing
CG-15972,CUST-17851,"56,_Yadav
Bhilai-867635",Bhilai,Chhattisgarh,867635.0,Billing
MH-15973,CUST-19527,"73/043,_Chandran_Road
Jalgaon-640617",Jalgaon,Maharashtra,640617.0,"Billing,_Shipping"
MP-15974,CUST-14037,"82/32
Hayer_Zila
Gopalpur-870538",Gopalpur,Odisha,870538.0,Billing
JH-15975,CUST-13146,"38/905,_Chatterjee_Path
Phusro-894203",Phusro,Jharkhand,894203.0,Billing
CG-15976,CUST-05017,"H.No._336,_Ram_Road
Sambalpur-168748",Sambalpur,Odisha,168748.0,"Billing,_Shipping"
HR-15977,CUST-07161,"18,_Sami_Path
Siwan-056085",Siwan,Bihar,56085.0,Shipping
RJ-15979,CUST-17990,"H.No._28,_Hayer_Nagar
Akola_095886",Akola,Maharashtra,95886.0,"Billing,_Shipping"
WB-15980,CUST-03053,"73,_Cheema_Zila,_Arrah-884912",Arrah,Bihar,884912.0,"Billing,_Shipping"
AS-15981,CUST-14964,"80/85,_Sampath_Nagar,_Nagaon-246362",Nagaon,Assam,246362.0,Billing
HR-15982,CUST-14554,"30/754,_Korpal_Chowk,_Siwan_948674",Siwan,Bihar,948674.0,"Billing,_Shipping"
WB-15983,CUST-16647,"780,_Chandran
Bidhannagar_540143",Bidhannagar,West_Bengal,540143.0,Shipping
BR-15984,CUST-02087,"33/10,_Sule_Chowk,_Jaipur_804390",Jaipur,Rajasthan,804390.0,Billing
AP-15985,CUST-19689,"84/624,_Som
Srikakulam_466426",Srikakulam,Andhra_Pradesh,466426.0,"Billing,_Shipping"
JH-15986,CUST-08938,"H.No._50,_Bobal_Path,_Phusro_446420",Phusro,Jharkhand,446420.0,"Billing,_Shipping"
MP-15987,CUST-09569,"068,_Jayaraman_Circle
Jalandhar_547430",Jalandhar,Punjab,547430.0,"Billing,_Shipping"
UP-15988,CUST-17054,"63,_Kakar_Road,_Chapra_703540",Chapra,Bihar,703540.0,Shipping
MH-15989,CUST-13651,"H.No._41,_Tara_Circle,_Karnal-757553",Karnal,Haryana,757553.0,"Billing,_Shipping"
TN-15990,CUST-12516,"798,_Bains_Chowk,_Chittoor_508657",Chittoor,Andhra_Pradesh,508657.0,Shipping
JH-15991,CUST-10652,"77,_Som_Circle,_Kharagpur-749850",Kharagpur,West_Bengal,749850.0,Billing
TR-15992,CUST-05460,"H.No._046,_Varkey_Nagar
Durgapur-020307",Durgapur,West_Bengal,20307.0,"Billing,_Shipping"
MH-15993,CUST-13455,"60/157,_Kulkarni_Path
Nanded-698042",Nanded,Maharashtra,698042.0,Billing
MP-15994,CUST-16896,"H.No._362,_Behl_Path,_Indore-728124",Indore,Madhya_Pradesh,728124.0,"Billing,_Shipping"
WB-15995,CUST-05862,"H.No._92,_Tak_Nagar
Madhyamgram_409075",Madhyamgram,West_Bengal,409075.0,"Billing,_Shipping"
WB-15996,CUST-00345,"54/980,_Deep_Zila
Panihati-829357",Panihati,West_Bengal,829357.0,Shipping
KA-15997,CUST-06601,"50,_Rege_Road,_Mangalore_376005",Mangalore,Karnataka,376005.0,"Billing,_Shipping"
TS-15998,CUST-18514,"H.No._46,_Grewal_Circle,_Ramagundam-553497",Ramagundam,Telangana,553497.0,Billing
WB-15999,CUST-09376,"H.No._25,_Mallick_Ganj
Panihati-097429",Panihati,West_Bengal,97429.0,"Billing,_Shipping"
OR-16000,CUST-13258,"01,_Rastogi_Zila,_Bharatpur_115108",Bharatpur,Rajasthan,115108.0,Shipping
UP-16001,CUST-03870,"04/203
Karnik_Nagar
Muzaffarpur-761506",Muzaffarpur,Bihar,761506.0,"Billing,_Shipping"
MP-16002,CUST-07581,"69
Bera_Ganj
Unnao-574663",Unnao,Uttar_Pradesh,574663.0,Shipping
TN-16003,CUST-12808,"01/138,_Khalsa_Street,_Pallavaram_568730",Pallavaram,Tamil_Nadu,568730.0,"Billing,_Shipping"
UK-16004,CUST-01280,"H.No._174
Deo_Road
Shivpuri-135794",Shivpuri,Madhya_Pradesh,135794.0,"Billing,_Shipping"
RJ-16005,CUST-15111,"57/871
Sekhon
Dewas-930138",Dewas,Madhya_Pradesh,930138.0,Billing
TR-16006,CUST-03267,"88
Luthra_Path
Chandigarh_460687",Chandigarh,Chandigarh_(Union_Territory),460687.0,"Billing,_Shipping"
TS-16007,CUST-10024,"H.No._391,_Gulati_Ganj,_Ambala-499332",Ambala,Haryana,499332.0,"Billing,_Shipping"
DL-16008,CUST-18807,"58
D’Alia_Path
Delhi-381331",Delhi,Delhi_(Union_Territory),381331.0,Billing
BR-16009,CUST-01378,"13/600,_Rajagopal_Street,_Ballia_004500",Ballia,Uttar_Pradesh,4500.0,Shipping
BR-16010,CUST-10293,"928,_Grover_Path,_Buxar-661359",Buxar,Bihar,661359.0,Billing
CG-16011,CUST-10088,"36
Dash_Street
Sagar_170500",Sagar,Madhya_Pradesh,170500.0,Billing
MP-16012,CUST-12611,"H.No._965,_Swaminathan_Zila
Mau_604600",Mau,Uttar_Pradesh,604600.0,Billing
TR-16013,CUST-19499,"H.No._251,_Loke_Street
Durgapur_712852",Durgapur,West_Bengal,712852.0,Billing
WB-16014,CUST-19021,"45/01,_Thakur_Chowk,_Madhyamgram-780006",Madhyamgram,West_Bengal,780006.0,"Billing,_Shipping"
UP-16015,CUST-17429,"88/68,_Subramanian_Road,_Gurgaon-732926",Gurgaon,Haryana,732926.0,Billing
OR-16016,CUST-13545,"26/88,_Chandra,_Patna_422950",Patna,Bihar,422950.0,Shipping
TR-16017,CUST-16024,"40
Madan_Zila
Durgapur-922152",Durgapur,West_Bengal,922152.0,Shipping
UP-16018,CUST-17549,"802,_Varma_Ganj
Farrukhabad_234897",Farrukhabad,Uttar_Pradesh,234897.0,Shipping
MH-16019,CUST-12370,"15/64,_Hayer_Marg
Bhiwandi-470096",Bhiwandi,Maharashtra,470096.0,"Billing,_Shipping"
TN-16020,CUST-13153,"H.No._11
Ravi_Street
Gandhinagar-185815",Gandhinagar,Gujarat,185815.0,Billing
RJ-16021,CUST-19120,"83/85
Deol_Nagar
Akola-100961",Akola,Maharashtra,100961.0,Shipping
RJ-16022,CUST-12295,"77,_Jha_Marg,_Akola-674367",Akola,Maharashtra,674367.0,Shipping
MP-16023,CUST-11737,"90
Contractor_Marg
Indore_395142",Indore,Madhya_Pradesh,395142.0,Billing
WB-16024,CUST-14838,"H.No._135
Warrior_Chowk
Arrah_462901",Arrah,Bihar,462901.0,"Billing,_Shipping"
MP-16025,CUST-14049,"84/446,_Keer_Zila,_Khandwa_352901",Khandwa,Madhya_Pradesh,352901.0,Billing
BR-16026,CUST-13273,"58/011,_Hora_Street,_Satna-837832",Satna,Madhya_Pradesh,837832.0,"Billing,_Shipping"
WB-16027,CUST-14583,"47/67,_Kumer_Path,_Bally_784262",Bally,West_Bengal,784262.0,Billing
MP-16028,CUST-18193,"H.No._784,_Tara_Chowk,_Jhansi-786409",Jhansi,Uttar_Pradesh,786409.0,"Billing,_Shipping"
MP-16029,CUST-19061,"H.No._47,_Rout_Path
Unnao-738931",Unnao,Uttar_Pradesh,738931.0,Billing
TN-16030,CUST-10395,"688
Mane_Chowk
Vellore_152661",Vellore,Tamil_Nadu,152661.0,Shipping
KL-16031,CUST-13271,"445
Kibe_Circle
Kollam-148760",Kollam,Kerala,148760.0,Billing
MP-16032,CUST-01916,"H.No._431,_Doctor_Chowk
Khandwa-949454",Khandwa,Madhya_Pradesh,949454.0,"Billing,_Shipping"
OR-16033,CUST-02409,"H.No._00,_Baria_Marg,_Danapur_164150",Danapur,Bihar,164150.0,Billing
UP-16034,CUST-19146,"H.No._941,_Rajagopalan_Zila
Chapra-518296",Chapra,Bihar,518296.0,"Billing,_Shipping"
AP-16035,CUST-18487,"78/674,_Bhatnagar_Nagar,_Bhimavaram-878680",Bhimavaram,Andhra_Pradesh,878680.0,Billing
UP-16036,CUST-13744,"H.No._54
Dada_Chowk
Farrukhabad-125078",Farrukhabad,Uttar_Pradesh,125078.0,"Billing,_Shipping"
UP-16037,CUST-18319,"35/689
Viswanathan
Muzaffarpur-697990",Muzaffarpur,Bihar,697990.0,"Billing,_Shipping"
OR-16038,CUST-18339,"H.No._955,_Amble_Street,_Kanpur-749990",Kanpur,Uttar_Pradesh,749990.0,"Billing,_Shipping"
GJ-16039,CUST-02725,"H.No._114
Banik_Path
Hajipur-654044",Hajipur,Bihar,654044.0,"Billing,_Shipping"
GJ-16040,CUST-13253,"H.No._44,_Iyengar_Path,_Kavali-780159",Kavali,Andhra_Pradesh,780159.0,Billing
KA-16041,CUST-19642,"81,_Thakkar,_Mangalore-531049",Mangalore,Karnataka,531049.0,"Billing,_Shipping"
TS-16042,CUST-18363,"H.No._73,_Jaggi_Chowk,_Ramagundam-563251",Ramagundam,Telangana,563251.0,Billing
MP-16043,CUST-02964,"H.No._319
Dhar_Ganj
Jhansi_509149",Jhansi,Uttar_Pradesh,509149.0,Billing
OR-16044,CUST-15923,"H.No._146
Datta_Street
Danapur-274406",Danapur,Bihar,274406.0,Billing
KA-16045,CUST-11513,"H.No._82,_Kanda_Nagar,_Tumkur-574004",Tumkur,Karnataka,574004.0,"Billing,_Shipping"
KL-16046,CUST-18740,"H.No._993,_Chaudhuri_Zila
Kollam-852879",Kollam,Kerala,852879.0,"Billing,_Shipping"
BR-16047,CUST-05758,"90/98,_Borah_Nagar,_Ballia-376371",Ballia,Uttar_Pradesh,376371.0,"Billing,_Shipping"
MH-16048,CUST-05093,"H.No._909,_Anand_Ganj
Malegaon-194221",Malegaon,Maharashtra,194221.0,Billing
MP-16049,CUST-00668,"76/297,_Sunder_Ganj
Jhansi-496669",Jhansi,Uttar_Pradesh,496669.0,"Billing,_Shipping"
MP-16050,CUST-10357,"99/655
Lad_Ganj
Kishanganj-808149",Kishanganj,Bihar,808149.0,Shipping
OR-16051,CUST-04824,"H.No._36
Wadhwa_Marg
Anantapur-098404",Anantapur,Andhra_Pradesh,98404.0,Shipping
TS-16052,CUST-07223,"19/369,_Bedi_Ganj,_Nizamabad_253899",Nizamabad,Telangana,253899.0,Shipping
HR-16053,CUST-12113,"890,_Kapadia_Zila,_Siwan_859145",Siwan,Bihar,859145.0,"Billing,_Shipping"
TS-16054,CUST-15608,"09/90
Bhattacharyya_Zila
Ramagundam_026617",Ramagundam,Telangana,26617.0,"Billing,_Shipping"
RJ-16055,CUST-15240,"05
Arora_Circle
Akola_122842",Akola,Maharashtra,122842.0,Shipping
KL-16056,CUST-19659,"490,_Dash_Path
Kollam-398414",Kollam,Kerala,398414.0,Billing
TR-16057,CUST-00494,"30/16,_Chandran_Zila
Durgapur-388240",Durgapur,West_Bengal,388240.0,Shipping
UP-16058,CUST-18106,"17/076,_Deo_Nagar
Burhanpur_364064",Burhanpur,Madhya_Pradesh,364064.0,Shipping
OR-16059,CUST-15756,"03
Dhingra
Haldia-895811",Haldia,West_Bengal,895811.0,Shipping
MP-16060,CUST-15593,"943
Halder_Nagar
Jhansi_182440",Jhansi,Uttar_Pradesh,182440.0,Billing
WB-16061,CUST-05998,"69/446,_Guha
Bidhannagar-451130",Bidhannagar,West_Bengal,451130.0,"Billing,_Shipping"
MH-16062,CUST-07275,"17/429,_Garde_Chowk,_Jalgaon_650882",Jalgaon,Maharashtra,650882.0,Billing
TR-16063,CUST-05115,"83/945
Tandon_Zila
Durgapur-601833",Durgapur,West_Bengal,601833.0,"Billing,_Shipping"
MP-16064,CUST-12557,"H.No._344,_Bakshi_Chowk
Dehri_715700",Dehri,Bihar,715700.0,Billing
TS-16065,CUST-03915,"H.No._603,_Rattan,_Ambala-118380",Ambala,Haryana,118380.0,"Billing,_Shipping"
MH-16066,CUST-16524,"49,_Dada
Yamunanagar-949176",Yamunanagar,Haryana,949176.0,"Billing,_Shipping"
JH-16067,CUST-17941,"77/34,_Gulati_Circle,_Mango_375845",Mango,Jharkhand,375845.0,Shipping
UP-16068,CUST-13987,"42/547,_Zachariah_Ganj,_Chapra-823475",Chapra,Bihar,823475.0,Shipping
UK-16069,CUST-19514,"73/71,_Sachar
Jalna_717794",Jalna,Maharashtra,717794.0,Shipping
MP-16070,CUST-13976,"59,_Loke_Circle,_Indore_205607",Indore,Madhya_Pradesh,205607.0,"Billing,_Shipping"
MH-16071,CUST-06326,"H.No._88,_Anand_Marg,_Satara_102961",Satara,Maharashtra,102961.0,"Billing,_Shipping"
BR-16072,CUST-12865,"H.No._182,_Roy_Zila,_Buxar-477219",Buxar,Bihar,477219.0,Shipping
TS-16073,CUST-16609,"50/85,_Choudhry
Nizamabad_267680",Nizamabad,Telangana,267680.0,Shipping
UK-16074,CUST-09351,"891,_Krishnan_Circle
Jalna_778504",Jalna,Maharashtra,778504.0,"Billing,_Shipping"
RJ-16075,CUST-03972,"H.No._340,_Thaman
Rajkot-008699",Rajkot,Gujarat,8699.0,Shipping
KA-16076,CUST-10016,"08/890,_Dewan_Street,_Hospet_663128",Hospet,Karnataka,663128.0,"Billing,_Shipping"
CG-16077,CUST-18283,"02/092,_Samra_Road
Bhilai_480573",Bhilai,Chhattisgarh,480573.0,Billing
OR-16078,CUST-19663,"00/28
Sinha_Ganj
Bilaspur_490071",Bilaspur,Chhattisgarh,490071.0,Billing
WB-16079,CUST-11116,"H.No._31,_Master_Road,_Uluberia_785500",Uluberia,West_Bengal,785500.0,Shipping
WB-16080,CUST-15766,"57/58
Dora_Path
Bidhannagar-419664",Bidhannagar,West_Bengal,419664.0,"Billing,_Shipping"
CG-16081,CUST-17471,"72/296
Jayaraman_Path
Sambalpur-724292",Sambalpur,Odisha,724292.0,Shipping
TN-16082,CUST-00673,"417,_Iyengar_Nagar
Vellore-327741",Vellore,Tamil_Nadu,327741.0,"Billing,_Shipping"
HR-16083,CUST-17489,"33/64,_Yadav_Circle
Aurangabad-512383",Aurangabad,Maharashtra,512383.0,"Billing,_Shipping"
MP-16085,CUST-11710,"23/977,_Sidhu_Nagar
Unnao_617573",Unnao,Uttar_Pradesh,617573.0,"Billing,_Shipping"
MH-16086,CUST-02041,"89,_Bhatt_Marg,_Yamunanagar_330524",Yamunanagar,Haryana,330524.0,"Billing,_Shipping"
GJ-16087,CUST-13037,"H.No._47,_Mall_Ganj
Kavali-639190",Kavali,Andhra_Pradesh,639190.0,Shipping
TS-16088,CUST-08461,"13/21,_Aurora_Circle,_Hindupur_055684",Hindupur,Andhra_Pradesh,55684.0,Shipping
UK-16089,CUST-12697,"H.No._123,_Dass_Ganj,_Haridwar-566110",Haridwar,Uttarakhand,566110.0,Billing
UK-16090,CUST-08853,"H.No._97
Rau_Zila
Haridwar_601836",Haridwar,Uttarakhand,601836.0,"Billing,_Shipping"
AS-16091,CUST-15703,"H.No._329,_Yadav_Zila
Bongaigaon_912676",Bongaigaon,Assam,912676.0,Shipping
RJ-16092,CUST-19605,"533,_Ramachandran_Ganj
Dewas-752602",Dewas,Madhya_Pradesh,752602.0,Billing
WB-16093,CUST-18890,"H.No._17
Ramakrishnan_Chowk
Bhatpara-938544",Bhatpara,West_Bengal,938544.0,Billing
RJ-16094,CUST-11274,"32/59,_Mannan_Nagar
Fatehpur_450748",Fatehpur,Uttar_Pradesh,450748.0,Billing
MP-16095,CUST-14973,"H.No._62
Arya
Dehri-494149",Dehri,Bihar,494149.0,"Billing,_Shipping"
TN-16096,CUST-08590,"H.No._93,_Swaminathan_Street
Chittoor-066954",Chittoor,Andhra_Pradesh,66954.0,Shipping
GJ-16097,CUST-19229,"01/07,_Wagle_Zila,_Allahabad-494729",Allahabad,Uttar_Pradesh,494729.0,"Billing,_Shipping"
UP-16098,CUST-04048,"49,_Keer_Street
Raipur-315454",Raipur,Chhattisgarh,315454.0,"Billing,_Shipping"
RJ-16099,CUST-12582,"71/65
Chander_Nagar
Dewas_889325",Dewas,Madhya_Pradesh,889325.0,Billing
AS-16100,CUST-07532,"H.No._712,_Savant_Marg,_Siliguri_237333",Siliguri,West_Bengal,237333.0,Billing
UP-16101,CUST-19933,"334,_Swamy_Nagar,_Raiganj-130917",Raiganj,West_Bengal,130917.0,Shipping
UP-16103,CUST-10645,"27/149,_Sem_Ganj
Firozabad_410392",Firozabad,Uttar_Pradesh,410392.0,Shipping
WB-16104,CUST-13303,"H.No._01
Krishnamurthy
Bidhannagar-543925",Bidhannagar,West_Bengal,543925.0,"Billing,_Shipping"
AP-16105,CUST-14440,"H.No._96,_Chaudhary_Street,_Srikakulam_313205",Srikakulam,Andhra_Pradesh,313205.0,Shipping
RJ-16106,CUST-00100,"H.No._534
Shroff_Zila
Fatehpur_913180",Fatehpur,Uttar_Pradesh,913180.0,Billing
OR-16107,CUST-12068,"26/29,_Bava,_Mathura-122766",Mathura,Uttar_Pradesh,122766.0,Shipping
GJ-16108,CUST-00699,"89,_Gulati_Ganj
Vadodara_974095",Vadodara,Gujarat,974095.0,"Billing,_Shipping"
TN-16109,CUST-16995,"202,_Chander_Chowk,_Pali-118116",Pali,Rajasthan,118116.0,Billing
TR-16110,CUST-07149,"82,_Dash_Circle
Chandigarh-432708",Chandigarh,Chandigarh_(Union_Territory),432708.0,Billing
JH-16111,CUST-14197,"42/14,_Sachar_Path,_Phusro_194109",Phusro,Jharkhand,194109.0,Billing
WB-16112,CUST-01529,"528,_Ratti_Zila,_Arrah_089407",Arrah,Bihar,89407.0,"Billing,_Shipping"
HR-16113,CUST-19149,"32/051
Yadav_Circle
Siwan-534185",Siwan,Bihar,534185.0,Shipping
JH-16114,CUST-11838,"15/316,_Wadhwa_Nagar,_Kharagpur_574230",Kharagpur,West_Bengal,574230.0,Shipping
UK-16115,CUST-12899,"99/516,_Kulkarni,_Haridwar_834409",Haridwar,Uttarakhand,834409.0,"Billing,_Shipping"
MP-16116,CUST-00384,"43,_Contractor_Road,_Kishanganj_309520",Kishanganj,Bihar,309520.0,Billing
OR-16117,CUST-09555,"95/377
Bajwa_Nagar
Haldia-289102",Haldia,West_Bengal,289102.0,Billing
AP-16118,CUST-14533,"H.No._46,_Gill_Street,_Dharmavaram-650624",Dharmavaram,Andhra_Pradesh,650624.0,"Billing,_Shipping"
BR-16119,CUST-11027,"42/853,_Sheth
Satna_743171",Satna,Madhya_Pradesh,743171.0,Shipping
UP-16120,CUST-02053,"15/116
Lal_Zila
Chapra_270814",Chapra,Bihar,270814.0,Shipping
MP-16121,CUST-12199,"H.No._315,_Char_Nagar,_Dehri-264012",Dehri,Bihar,264012.0,"Billing,_Shipping"
MH-16122,CUST-10452,"203,_Savant_Street
Nanded-411596",Nanded,Maharashtra,411596.0,Billing
OR-16123,CUST-10734,"33/77,_Goyal_Marg,_Berhampur_826395",Berhampur,Odisha,826395.0,Billing
BR-16124,CUST-11338,"63/420,_Mammen_Chowk,_Buxar-796032",Buxar,Bihar,796032.0,"Billing,_Shipping"
MH-16125,CUST-10613,"045,_Rajan_Chowk
Satara-180062",Satara,Maharashtra,180062.0,Shipping
TS-16126,CUST-12878,"H.No._48,_Dave_Ganj,_Ramagundam_888981",Ramagundam,Telangana,888981.0,"Billing,_Shipping"
JH-16127,CUST-15872,"981
Boase_Circle
Asansol_681502",Asansol,West_Bengal,681502.0,Shipping
JH-16128,CUST-01326,"47/144
Gokhale_Zila
Mango_813154",Mango,Jharkhand,813154.0,"Billing,_Shipping"
MP-16129,CUST-16567,"234,_Lall_Circle,_Mau-317253",Mau,Uttar_Pradesh,317253.0,"Billing,_Shipping"
MH-16130,CUST-01218,"H.No._41,_Jayaraman_Ganj
Loni-899551",Loni,Uttar_Pradesh,899551.0,Billing
MH-16131,CUST-11356,"H.No._420,_Basak_Ganj
Nanded_109713",Nanded,Maharashtra,109713.0,"Billing,_Shipping"
AP-16132,CUST-08602,"H.No._30,_Tandon
Bhimavaram_006358",Bhimavaram,Andhra_Pradesh,6358.0,Shipping
OR-16133,CUST-04331,"77/159,_Dora_Chowk
Bilaspur_139073",Bilaspur,Chhattisgarh,139073.0,Shipping
KA-16134,CUST-01968,"39/655,_Anand_Road
Hosur_859201",Hosur,Tamil_Nadu,859201.0,"Billing,_Shipping"
UP-16135,CUST-02613,"51/75,_Saran_Road,_Chapra-147714",Chapra,Bihar,147714.0,"Billing,_Shipping"
AS-16136,CUST-17619,"H.No._87,_Mannan_Marg,_Siliguri-441517",Siliguri,West_Bengal,441517.0,Shipping
RJ-16137,CUST-16124,"09/898,_Sahota_Road
Fatehpur_551947",Fatehpur,Uttar_Pradesh,551947.0,"Billing,_Shipping"
TN-16138,CUST-14096,"62,_Balakrishnan_Circle,_Gandhinagar_004199",Gandhinagar,Gujarat,4199.0,Shipping
MP-16139,CUST-07764,"322
Gara_Chowk
Mau_344075",Mau,Uttar_Pradesh,344075.0,"Billing,_Shipping"
UP-16140,CUST-14339,"H.No._56,_Dutt_Ganj,_Shahjahanpur-849460",Shahjahanpur,Uttar_Pradesh,849460.0,Billing
KA-16141,CUST-09847,"945
Solanki_Marg
Solapur_005672",Solapur,Maharashtra,5672.0,Shipping
CG-16142,CUST-16165,"94
Dass_Chowk
Sambalpur-329993",Sambalpur,Odisha,329993.0,Billing
TS-16143,CUST-00477,"75/204
Dave_Zila
Srinagar_007804",Srinagar,Jammu_and_Kashmir,7804.0,Billing
TR-16144,CUST-15469,"46/404,_Bhalla_Nagar,_Durgapur_835238",Durgapur,West_Bengal,835238.0,"Billing,_Shipping"
MP-16145,CUST-07135,"76,_Vohra_Road
Kishanganj-457757",Kishanganj,Bihar,457757.0,Billing
MP-16146,CUST-19386,"742
D’Alia_Nagar
Ramgarh_744675",Ramgarh,Jharkhand,744675.0,"Billing,_Shipping"
MP-16147,CUST-14932,"26/37,_Ratti_Zila,_Mau-353650",Mau,Uttar_Pradesh,353650.0,Billing
HR-16148,CUST-11134,"17,_Sarkar_Marg
Bikaner-987131",Bikaner,Rajasthan,987131.0,Shipping
BR-16149,CUST-10271,"35
Handa_Zila
Buxar_584639",Buxar,Bihar,584639.0,Shipping
TR-16150,CUST-05556,"H.No._473,_Bhardwaj_Marg
Chandigarh-135822",Chandigarh,Chandigarh_(Union_Territory),135822.0,Shipping
GJ-16151,CUST-18530,"H.No._59
Ganesh
Kavali-409776",Kavali,Andhra_Pradesh,409776.0,"Billing,_Shipping"
MH-16152,CUST-11266,"H.No._49,_Borah_Street
Jalgaon_629930",Jalgaon,Maharashtra,629930.0,Billing
RJ-16153,CUST-02597,"65/75,_Chander_Road,_Rajkot-392399",Rajkot,Gujarat,392399.0,Billing
UP-16154,CUST-07443,"67,_Sant_Road
Sambhal_036117",Sambhal,Uttar_Pradesh,36117.0,Shipping
OR-16155,CUST-18280,"36,_Chander_Nagar
Mathura_895562",Mathura,Uttar_Pradesh,895562.0,Billing
GJ-16156,CUST-14899,"22/042,_Bandi_Path,_Allahabad-034679",Allahabad,Uttar_Pradesh,34679.0,"Billing,_Shipping"
KA-16157,CUST-11672,"40,_Venkatesh_Marg
Tumkur_493014",Tumkur,Karnataka,493014.0,Shipping
RJ-16158,CUST-04863,"H.No._56
Sule_Chowk
Dewas-408607",Dewas,Madhya_Pradesh,408607.0,Billing
CG-16159,CUST-06628,"H.No._29,_Dara_Nagar
Sagar_640564",Sagar,Madhya_Pradesh,640564.0,"Billing,_Shipping"
OR-16160,CUST-16277,"71
Shenoy_Street
Chandrapur_765285",Chandrapur,Maharashtra,765285.0,"Billing,_Shipping"
TS-16161,CUST-10903,"H.No._41,_Kamdar_Ganj,_Nizamabad-937560",Nizamabad,Telangana,937560.0,Billing
WB-16162,CUST-12187,"065,_Sabharwal_Path,_Naihati-601070",Naihati,West_Bengal,601070.0,Billing
UP-16163,CUST-08291,"H.No._41
Balan_Path
Chapra-543142",Chapra,Bihar,543142.0,"Billing,_Shipping"
KL-16164,CUST-03605,"14,_Sule,_Kollam-051003",Kollam,Kerala,51003.0,Shipping
UP-16165,CUST-13674,"36/76
Dasgupta_Marg
Farrukhabad_609321",Farrukhabad,Uttar_Pradesh,609321.0,Billing
TN-16166,CUST-07553,"28/94,_Rajan_Path,_Avadi_970095",Avadi,Tamil_Nadu,970095.0,Shipping
OR-16167,CUST-12101,"11,_Sharaf_Circle,_Anantapur-942083",Anantapur,Andhra_Pradesh,942083.0,"Billing,_Shipping"
UP-16168,CUST-01747,"H.No._73,_Hans,_Bhagalpur_727990",Bhagalpur,Bihar,727990.0,"Billing,_Shipping"
JH-16169,CUST-16843,"707
Gill_Street
Mango_945354",Mango,Jharkhand,945354.0,Shipping
TN-16170,CUST-13726,"221
Vora_Circle
Vellore-699591",Vellore,Tamil_Nadu,699591.0,Shipping
WB-16171,CUST-02519,"56/19,_Goyal
Bally-021723",Bally,West_Bengal,21723.0,"Billing,_Shipping"
MP-16172,CUST-10291,"24/367
Wable_Circle
Gorakhpur_695810",Gorakhpur,Uttar_Pradesh,695810.0,Billing
MH-16173,CUST-10386,"849
Shenoy_Zila
Karnal_819814",Karnal,Haryana,819814.0,Shipping
WB-16174,CUST-15488,"39,_Solanki_Marg
Baranagar-680328",Baranagar,West_Bengal,680328.0,Shipping
UP-16175,CUST-15477,"662,_Varma_Ganj
Gurgaon_773949",Gurgaon,Haryana,773949.0,"Billing,_Shipping"
MP-16176,CUST-16004,"44,_Dasgupta_Road
Mau_296818",Mau,Uttar_Pradesh,296818.0,Shipping
WB-16177,CUST-10826,"25,_Dhaliwal_Marg,_Arrah_423943",Arrah,Bihar,423943.0,Billing
BR-16178,CUST-13839,"H.No._107,_Singh_Road,_Ballia-203375",Ballia,Uttar_Pradesh,203375.0,Billing
WB-16179,CUST-18657,"H.No._539
Gera
Baranagar-214298",Baranagar,West_Bengal,214298.0,Billing
MH-16180,CUST-09646,"63/828
Loyal_Marg
Yamunanagar-935791",Yamunanagar,Haryana,935791.0,Billing
OR-16181,CUST-19129,"80/44,_Bath_Path,_Berhampur-464401",Berhampur,Odisha,464401.0,Billing
UK-16182,CUST-16401,"59,_Goda_Zila
Haridwar_456511",Haridwar,Uttarakhand,456511.0,Billing
TN-16183,CUST-06399,"80,_Dua,_Avadi-526628",Avadi,Tamil_Nadu,526628.0,Billing
TS-16184,CUST-14756,"18,_Rajagopalan_Road,_Ambala_733156",Ambala,Haryana,733156.0,Shipping
AS-16186,CUST-13392,"24/822,_Balan_Circle,_Nagaon-305515",Nagaon,Assam,305515.0,Billing
MH-16187,CUST-13196,"H.No._223,_Shroff_Ganj
Nanded-232692",Nanded,Maharashtra,232692.0,"Billing,_Shipping"
UP-16188,CUST-11782,"767
Chahal_Zila
Jamalpur-342601",Jamalpur,Bihar,342601.0,Shipping
HR-16189,CUST-13623,"569
Bumb_Circle
Bikaner-456253",Bikaner,Rajasthan,456253.0,"Billing,_Shipping"
RJ-16190,CUST-12945,"18,_Dugar_Ganj,_Fatehpur_614659",Fatehpur,Uttar_Pradesh,614659.0,"Billing,_Shipping"
WB-16191,CUST-11656,"H.No._385,_Dewan_Chowk
Madhyamgram-471413",Madhyamgram,West_Bengal,471413.0,"Billing,_Shipping"
WB-16192,CUST-05864,"H.No._89,_Desai_Nagar
Naihati-415062",Naihati,West_Bengal,415062.0,Shipping
MP-16193,CUST-12909,"H.No._952,_Som
Gopalpur_164460",Gopalpur,Odisha,164460.0,Billing
MH-16194,CUST-09679,"473
Tandon
Bhiwandi_046760",Bhiwandi,Maharashtra,46760.0,Billing
KA-16195,CUST-17897,"01/05,_Rout_Marg,_Hosur_903153",Hosur,Tamil_Nadu,903153.0,Billing
UP-16196,CUST-15771,"H.No._64
Sastry_Chowk
Sambhal_550921",Sambhal,Uttar_Pradesh,550921.0,"Billing,_Shipping"
TS-16197,CUST-02886,"37/15,_Bora_Path,_Sirsa_837189",Sirsa,Haryana,837189.0,Billing
AP-16198,CUST-10359,"H.No._42,_Seshadri
Dharmavaram_144474",Dharmavaram,Andhra_Pradesh,144474.0,"Billing,_Shipping"
TN-16199,CUST-04008,"52/04,_Deshpande_Marg
Tiruvottiyur_375380",Tiruvottiyur,Tamil_Nadu,375380.0,Billing
BR-16200,CUST-13696,"H.No._72,_Sridhar_Zila
Ballia_079827",Ballia,Uttar_Pradesh,79827.0,"Billing,_Shipping"
MP-16201,CUST-05947,"306,_Sridhar_Chowk
Mau_759984",Mau,Uttar_Pradesh,759984.0,Billing
WB-16202,CUST-13869,"H.No._049,_Gole_Ganj,_Bally-672484",Bally,West_Bengal,672484.0,Shipping
TN-16203,CUST-19647,"63/77,_Mangat_Ganj,_Pali-084982",Pali,Rajasthan,84982.0,"Billing,_Shipping"
DL-16204,CUST-18406,"03/25
Chokshi_Marg
Delhi-780120",Delhi,Delhi_(Union_Territory),780120.0,"Billing,_Shipping"
MH-16205,CUST-04398,"H.No._374,_Kara_Nagar
Loni-933135",Loni,Uttar_Pradesh,933135.0,Billing
KA-16206,CUST-13340,"06/44
Dash_Path
Hosur-031994",Hosur,Tamil_Nadu,31994.0,"Billing,_Shipping"
TS-16207,CUST-16900,"70/87,_Sabharwal_Road
Ambala-579852",Ambala,Haryana,579852.0,Shipping
GJ-16208,CUST-15398,"H.No._523
Dube_Circle
Allahabad_456459",Allahabad,Uttar_Pradesh,456459.0,Shipping
OR-16209,CUST-09715,"H.No._82,_Kothari_Zila,_Bharatpur_842926",Bharatpur,Rajasthan,842926.0,Billing
WB-16210,CUST-17664,"H.No._536,_Edwin_Path,_Arrah-619393",Arrah,Bihar,619393.0,"Billing,_Shipping"
UP-16211,CUST-11786,"41/02,_Barman,_Ahmedabad_892373",Ahmedabad,Gujarat,892373.0,"Billing,_Shipping"
GJ-16212,CUST-11086,"94
Bobal_Chowk
Kavali-551720",Kavali,Andhra_Pradesh,551720.0,Shipping
BR-16213,CUST-16390,"10/237,_Shenoy
Satna_897373",Satna,Madhya_Pradesh,897373.0,"Billing,_Shipping"
AP-16214,CUST-13306,"95/68
Shankar_Street
Jammu_587700",Jammu,Jammu_and_Kashmir,587700.0,"Billing,_Shipping"
TS-16215,CUST-16797,"22/79
Rajan_Marg
Ramagundam-588141",Ramagundam,Telangana,588141.0,Billing
WB-16216,CUST-08341,"68/39,_Kar,_Panihati_770723",Panihati,West_Bengal,770723.0,Billing
CG-16217,CUST-14605,"H.No._770,_Raju_Path,_Nagpur-717645",Nagpur,Maharashtra,717645.0,Billing
AP-16219,CUST-18772,"H.No._26,_Varty
Anantapuram-823817",Anantapuram,Andhra_Pradesh,823817.0,Shipping
WB-16220,CUST-18934,"H.No._669,_Reddy_Street
Kulti_399840",Kulti,West_Bengal,399840.0,Billing
TS-16221,CUST-18936,"H.No._02,_Sachdev_Chowk
Dindigul_161748",Dindigul,Tamil_Nadu,161748.0,Billing
UK-16222,CUST-15983,"93/47,_Agate_Chowk,_Shivpuri-708812",Shivpuri,Madhya_Pradesh,708812.0,Shipping
TN-16223,CUST-10072,"H.No._565
Batta_Zila
Pali_744823",Pali,Rajasthan,744823.0,"Billing,_Shipping"
AP-16224,CUST-19121,"318,_Amble,_Jammu-968206",Jammu,Jammu_and_Kashmir,968206.0,Billing
TS-16225,CUST-12576,"58/819,_Batta_Path,_Srinagar_533211",Srinagar,Jammu_and_Kashmir,533211.0,Billing
TR-16226,CUST-11355,"H.No._469
Gupta_Street
Durgapur_838198",Durgapur,West_Bengal,838198.0,"Billing,_Shipping"
MH-16227,CUST-11828,"19/120,_Kar
Satara-452346",Satara,Maharashtra,452346.0,Billing
RJ-16228,CUST-02057,"68,_Dayal_Nagar,_Fatehpur-993436",Fatehpur,Uttar_Pradesh,993436.0,Shipping
MH-16229,CUST-10813,"H.No._611
Salvi_Chowk
Guntur_896962",Guntur,Andhra_Pradesh,896962.0,Billing
MH-16230,CUST-18968,"H.No._50
Ravel_Ganj
Bhiwandi_565498",Bhiwandi,Maharashtra,565498.0,Billing
MH-16231,CUST-13408,"H.No._12,_Kanda_Marg,_Satara-895260",Satara,Maharashtra,895260.0,Billing
OR-16232,CUST-14851,"50/190,_Seshadri_Street,_Anantapur-579128",Anantapur,Andhra_Pradesh,579128.0,Billing
AP-16233,CUST-11455,"H.No._22
Borde_Nagar
Gudivada-908114",Gudivada,Andhra_Pradesh,908114.0,Billing
TR-16234,CUST-06812,"91,_Kade_Zila,_Chandigarh_684922",Chandigarh,Chandigarh_(Union_Territory),684922.0,Billing
AP-16235,CUST-04341,"H.No._561
Randhawa_Road
Gudivada_685729",Gudivada,Andhra_Pradesh,685729.0,Shipping
UP-16236,CUST-00217,"89/00
Chaudhuri_Zila
Burhanpur-013945",Burhanpur,Madhya_Pradesh,13945.0,"Billing,_Shipping"
MP-16237,CUST-14790,"19/048
Bhandari
Indore_737239",Indore,Madhya_Pradesh,737239.0,Shipping
TS-16238,CUST-12541,"99/04,_Sarma_Circle,_Ramagundam_782617",Ramagundam,Telangana,782617.0,Shipping
UP-16239,CUST-15646,"47/902,_Magar_Zila
Sambhal-088111",Sambhal,Uttar_Pradesh,88111.0,"Billing,_Shipping"
UK-16240,CUST-06754,"H.No._10,_Mani_Marg,_Jalna-412702",Jalna,Maharashtra,412702.0,Billing
GJ-16241,CUST-02975,"95/890
Bhakta_Nagar
Gandhidham_893395",Gandhidham,Gujarat,893395.0,"Billing,_Shipping"
JH-16242,CUST-13564,"31/237
Ganesan_Circle
Phusro_780551",Phusro,Jharkhand,780551.0,"Billing,_Shipping"
UP-16243,CUST-09800,"36,_Srivastava_Ganj,_Gurgaon_129967",Gurgaon,Haryana,129967.0,Shipping
AP-16244,CUST-13149,"H.No._269,_Kumer_Ganj,_Gudivada_376633",Gudivada,Andhra_Pradesh,376633.0,Billing
MP-16246,CUST-18577,"H.No._81,_Mand_Road,_Gopalpur_656202",Gopalpur,Odisha,656202.0,Shipping
AS-16247,CUST-12450,"331,_Yohannan_Chowk
Siliguri_577786",Siliguri,West_Bengal,577786.0,Billing
TN-16248,CUST-10435,"H.No._502,_Bumb_Path
Tiruvottiyur-160295",Tiruvottiyur,Tamil_Nadu,160295.0,Billing
TN-16249,CUST-18528,"H.No._156
Jayaraman_Road
Avadi-534259",Avadi,Tamil_Nadu,534259.0,Shipping
TR-16250,CUST-13959,"806
Dave_Nagar
Chandigarh_722022",Chandigarh,Chandigarh_(Union_Territory),722022.0,Billing
AS-16251,CUST-02085,"H.No._85,_Brahmbhatt_Nagar,_Bongaigaon-928327",Bongaigaon,Assam,928327.0,"Billing,_Shipping"
AP-16252,CUST-18891,"H.No._58,_Dua_Street
Jammu_011238",Jammu,Jammu_and_Kashmir,11238.0,"Billing,_Shipping"
HR-16253,CUST-14750,"H.No._703,_Sarin
Aurangabad-972428",Aurangabad,Maharashtra,972428.0,Billing
TN-16254,CUST-08289,"46/01,_Bera_Marg,_Chittoor-251752",Chittoor,Andhra_Pradesh,251752.0,Billing
UP-16255,CUST-11400,"720
Sastry_Road
Bhagalpur-874800",Bhagalpur,Bihar,874800.0,"Billing,_Shipping"
OR-16256,CUST-08116,"21/62
Bajwa_Circle
Bijapur_954245",Bijapur,Karnataka,954245.0,"Billing,_Shipping"
UP-16257,CUST-04162,"96/67
Sama_Ganj
Raiganj-215838",Raiganj,West_Bengal,215838.0,Billing
CG-16258,CUST-12883,"49,_Hora_Circle
Malda_959667",Malda,West_Bengal,959667.0,Shipping
TS-16259,CUST-16674,"833
Datta_Chowk
Nizamabad_080031",Nizamabad,Telangana,80031.0,"Billing,_Shipping"
TS-16260,CUST-19769,"H.No._857
Garde_Street
Hindupur-826867",Hindupur,Andhra_Pradesh,826867.0,Billing
UP-16261,CUST-20000,"H.No._76
Loke_Marg
Raiganj-353640",Raiganj,West_Bengal,353640.0,"Billing,_Shipping"
AP-16262,CUST-13363,"H.No._90
Goel_Street
Jammu-330763",Jammu,Jammu_and_Kashmir,330763.0,"Billing,_Shipping"
KA-16263,CUST-18627,"89/505,_Balan_Nagar,_Hosur_105782",Hosur,Tamil_Nadu,105782.0,Shipping
WB-16264,CUST-14475,"H.No._93
Mandal_Road
Bally-166405",Bally,West_Bengal,166405.0,Shipping
GJ-16265,CUST-05317,"64/88,_Chowdhury_Road,_Gandhidham-660652",Gandhidham,Gujarat,660652.0,Shipping
WB-16266,CUST-15688,"H.No._56,_Bhavsar_Path
Madhyamgram_777499",Madhyamgram,West_Bengal,777499.0,"Billing,_Shipping"
MP-16267,CUST-05358,"01/870,_Chaudhry_Circle
Jhansi-278695",Jhansi,Uttar_Pradesh,278695.0,"Billing,_Shipping"
RJ-16268,CUST-10882,"H.No._14,_Chadha_Road,_Akola-319142",Akola,Maharashtra,319142.0,Shipping
MP-16269,CUST-00679,"848,_Thakur_Street
Gorakhpur-569118",Gorakhpur,Uttar_Pradesh,569118.0,Shipping
GJ-16270,CUST-03094,"311,_Mandal_Marg
Hajipur-768023",Hajipur,Bihar,768023.0,Shipping
OR-16271,CUST-09990,"55
Shroff_Nagar
Bilaspur-716699",Bilaspur,Chhattisgarh,716699.0,Shipping
WB-16272,CUST-02281,"76/20,_Singh_Chowk
Bally-690361",Bally,West_Bengal,690361.0,Shipping
KA-16273,CUST-06651,"H.No._904,_Gade_Marg,_Solapur_609965",Solapur,Maharashtra,609965.0,Shipping
OR-16274,CUST-03208,"40/392,_Ramachandran_Road
Kanpur-515048",Kanpur,Uttar_Pradesh,515048.0,Billing
AP-16275,CUST-11743,"07/46,_Bhatti,_Gudivada_924392",Gudivada,Andhra_Pradesh,924392.0,"Billing,_Shipping"
WB-16276,CUST-17822,"67,_Gour_Circle,_Bhatpara-224679",Bhatpara,West_Bengal,224679.0,Shipping
TS-16277,CUST-16880,"84/559
Kale_Zila
Hindupur-327034",Hindupur,Andhra_Pradesh,327034.0,"Billing,_Shipping"
AP-16278,CUST-16414,"H.No._674,_Mand,_Jammu-619806",Jammu,Jammu_and_Kashmir,619806.0,Shipping
TS-16279,CUST-03581,"233,_Boase_Marg,_Srinagar-966191",Srinagar,Jammu_and_Kashmir,966191.0,"Billing,_Shipping"
TN-16280,CUST-16684,"93
Dugal_Ganj
Salem_795483",Salem,Tamil_Nadu,795483.0,"Billing,_Shipping"
TR-16281,CUST-19168,"H.No._264,_Hayer_Marg
Chandigarh-095217",Chandigarh,Chandigarh_(Union_Territory),95217.0,"Billing,_Shipping"
MP-16282,CUST-01517,"H.No._15,_Sharma_Road
Mau_267475",Mau,Uttar_Pradesh,267475.0,Shipping
TN-16283,CUST-05573,"H.No._71,_Jayaraman_Circle
Tiruvottiyur-834024",Tiruvottiyur,Tamil_Nadu,834024.0,Shipping
UP-16284,CUST-06093,"88/28,_Sangha_Road
Jamalpur_353112",Jamalpur,Bihar,353112.0,"Billing,_Shipping"
MH-16285,CUST-08001,"789,_Gola_Nagar,_Yamunanagar-206496",Yamunanagar,Haryana,206496.0,Shipping
MH-16286,CUST-17805,"H.No._855
Master
Jalgaon_100773",Jalgaon,Maharashtra,100773.0,Shipping
RJ-16287,CUST-03454,"56/281,_Ganguly_Zila
Rajkot-784944",Rajkot,Gujarat,784944.0,Billing
MP-16288,CUST-14433,"H.No._91
Grover_Circle
Unnao_139413",Unnao,Uttar_Pradesh,139413.0,Billing
GJ-16289,CUST-06454,"34
Ramesh_Ganj
Ajmer-559069",Ajmer,Rajasthan,559069.0,"Billing,_Shipping"
TR-16290,CUST-06941,"H.No._38,_Kanda_Marg,_Chandigarh_992312",Chandigarh,Chandigarh_(Union_Territory),992312.0,Billing
WB-16291,CUST-10778,"74/81,_Lanka,_Panihati-415744",Panihati,West_Bengal,415744.0,Billing
KA-16292,CUST-15605,"695,_Swaminathan_Nagar,_Tumkur_072182",Tumkur,Karnataka,72182.0,Billing
TN-16293,CUST-08343,"H.No._32,_Kapadia_Ganj,_Vellore_107854",Vellore,Tamil_Nadu,107854.0,Shipping
GJ-16294,CUST-18674,"H.No._02,_Choudhury,_Allahabad_513324",Allahabad,Uttar_Pradesh,513324.0,"Billing,_Shipping"
MP-16295,CUST-00918,"82/57
Rege_Zila
Unnao_814648",Unnao,Uttar_Pradesh,814648.0,"Billing,_Shipping"
MP-16296,CUST-12023,"42/47
Borra_Zila
Jodhpur_243030",Jodhpur,Rajasthan,243030.0,Shipping
UP-16297,CUST-11581,"96,_Varty_Circle,_Shahjahanpur-486887",Shahjahanpur,Uttar_Pradesh,486887.0,"Billing,_Shipping"
WB-16298,CUST-03827,"36/81,_Bora_Zila
Naihati_588018",Naihati,West_Bengal,588018.0,Billing
KA-16299,CUST-18700,"13/101,_Majumdar_Ganj
Hosur-009373",Hosur,Tamil_Nadu,9373.0,"Billing,_Shipping"
WB-16300,CUST-02067,"032
Rattan_Street
Kamarhati_874205",Kamarhati,West_Bengal,874205.0,Shipping
HR-16301,CUST-12095,"25/95,_Grover_Zila,_Siwan-238887",Siwan,Bihar,238887.0,Shipping
TS-16302,CUST-10641,"77/022,_Dugar_Road,_Nizamabad_508179",Nizamabad,Telangana,508179.0,Billing
WB-16303,CUST-05698,"89
Sagar_Nagar
Panihati_453164",Panihati,West_Bengal,453164.0,"Billing,_Shipping"
AP-16304,CUST-14194,"H.No._529,_Issac_Nagar,_Dharmavaram_748261",Dharmavaram,Andhra_Pradesh,748261.0,"Billing,_Shipping"
OR-16305,CUST-15549,"540,_Bava_Ganj,_Haldia-406355",Haldia,West_Bengal,406355.0,Shipping
KA-16306,CUST-17226,"H.No._654
Bhagat
Solapur-614098",Solapur,Maharashtra,614098.0,Billing
TN-16307,CUST-16314,"H.No._30
Kashyap_Nagar
Pali_644858",Pali,Rajasthan,644858.0,Shipping
KA-16308,CUST-16881,"H.No._555
Virk_Road
Amaravati_186287",Amaravati,Andhra_Pradesh,186287.0,Shipping
MP-16309,CUST-10211,"074,_Atwal_Ganj
Unnao_344991",Unnao,Uttar_Pradesh,344991.0,Billing
BR-16310,CUST-02553,"474
Sandal_Path
Munger_174936",Munger,Bihar,174936.0,Shipping
MP-16311,CUST-19663,"71/15
Biswas_Path
Unnao_931609",Unnao,Uttar_Pradesh,931609.0,"Billing,_Shipping"
OR-16312,CUST-12996,"47,_Salvi_Circle
Chandrapur_536411",Chandrapur,Maharashtra,536411.0,Billing
GJ-16313,CUST-07253,"87/40,_Kaur_Street,_Ajmer_002134",Ajmer,Rajasthan,2134.0,"Billing,_Shipping"
AS-16314,CUST-02112,"86,_Mahajan_Zila,_Bongaigaon_842502",Bongaigaon,Assam,842502.0,"Billing,_Shipping"
MH-16315,CUST-19504,"71/86
Lad_Chowk
Yamunanagar-417653",Yamunanagar,Haryana,417653.0,Shipping
KA-16316,CUST-04584,"59/951
Kade_Path
Mangalore-490808",Mangalore,Karnataka,490808.0,"Billing,_Shipping"
KA-16317,CUST-14384,"77/342
Kibe_Street
Solapur_576625",Solapur,Maharashtra,576625.0,Billing
WB-16318,CUST-16178,"549,_Krishna_Nagar
Bally_420114",Bally,West_Bengal,420114.0,Billing
TS-16319,CUST-09849,"59/44
Hegde_Marg
Nizamabad_780595",Nizamabad,Telangana,780595.0,Billing
TN-16320,CUST-12356,"077,_Venkatesh_Circle,_Vellore_650913",Vellore,Tamil_Nadu,650913.0,Shipping
TN-16321,CUST-08346,"H.No._27
Srinivasan_Zila
Gandhinagar_839593",Gandhinagar,Gujarat,839593.0,Shipping
TS-16322,CUST-18329,"H.No._75,_Rao
Dindigul-018061",Dindigul,Tamil_Nadu,18061.0,Shipping
UP-16323,CUST-00501,"638
Gaba_Street
Bhagalpur_579804",Bhagalpur,Bihar,579804.0,Shipping
MP-16324,CUST-06219,"11/757,_Vala_Nagar,_Jhansi_910194",Jhansi,Uttar_Pradesh,910194.0,Billing
OR-16325,CUST-13816,"H.No._807,_Vasa_Nagar
Mathura-974445",Mathura,Uttar_Pradesh,974445.0,"Billing,_Shipping"
TS-16326,CUST-05789,"021,_Batra_Street
Srinagar-969109",Srinagar,Jammu_and_Kashmir,969109.0,Billing
BR-16327,CUST-17174,"30/562,_Batra_Chowk
Buxar_668307",Buxar,Bihar,668307.0,"Billing,_Shipping"
MH-16328,CUST-10197,"01/379
Varkey_Zila
Bhiwandi_262634",Bhiwandi,Maharashtra,262634.0,"Billing,_Shipping"
UP-16329,CUST-10741,"H.No._03,_Chaudhuri_Marg,_Raiganj_263752",Raiganj,West_Bengal,263752.0,Billing
UP-16330,CUST-14306,"H.No._14
Chandran_Street
Ahmedabad_266862",Ahmedabad,Gujarat,266862.0,Billing
OR-16331,CUST-13823,"65,_Arora_Zila
Patna-015353",Patna,Bihar,15353.0,Billing
WB-16332,CUST-15425,"57/476,_Dhingra_Zila
Uluberia-425319",Uluberia,West_Bengal,425319.0,Shipping
UK-16333,CUST-11416,"70/091,_Randhawa,_Haridwar_845988",Haridwar,Uttarakhand,845988.0,Shipping
OR-16334,CUST-02627,"82/63,_Buch_Nagar,_Kanpur_595663",Kanpur,Uttar_Pradesh,595663.0,Shipping
UP-16335,CUST-09426,"H.No._332,_Kaur_Chowk,_Jamalpur_526364",Jamalpur,Bihar,526364.0,Billing
CG-16336,CUST-10919,"31/49,_Sama_Marg,_Sagar_696105",Sagar,Madhya_Pradesh,696105.0,Billing
KA-16337,CUST-12223,"H.No._66,_Dash_Chowk
Solapur-929637",Solapur,Maharashtra,929637.0,Shipping
OR-16338,CUST-14827,"025,_Maharaj_Road,_Bilaspur_882198",Bilaspur,Chhattisgarh,882198.0,"Billing,_Shipping"
HP-16339,CUST-11394,"98/523,_Chawla_Marg,_Udaipur-483475",Udaipur,Rajasthan,483475.0,"Billing,_Shipping"
UP-16340,CUST-11972,"H.No._66,_Wali_Chowk
Gurgaon-354525",Gurgaon,Haryana,354525.0,Billing
MH-16341,CUST-17942,"12
Venkatesh_Zila
Rampur-714624",Rampur,Uttar_Pradesh,714624.0,Shipping
TS-16342,CUST-16974,"48,_Shankar_Chowk
Dindigul-101835",Dindigul,Tamil_Nadu,101835.0,Billing
OR-16343,CUST-19803,"H.No._083
Biswas_Marg
Bharatpur_782248",Bharatpur,Rajasthan,782248.0,"Billing,_Shipping"
TS-16344,CUST-12193,"12/25,_Atwal_Circle
Dindigul-403863",Dindigul,Tamil_Nadu,403863.0,Shipping
TS-16345,CUST-18531,"362,_Bhalla_Chowk
Hindupur_818639",Hindupur,Andhra_Pradesh,818639.0,Billing
MP-16346,CUST-18572,"28
Sharma
Dehri_937058",Dehri,Bihar,937058.0,"Billing,_Shipping"
CG-16347,CUST-14451,"08,_Raval_Ganj,_Malda_169997",Malda,West_Bengal,169997.0,Billing
TN-16348,CUST-15164,"54/60
Lala_Chowk
Vellore-678505",Vellore,Tamil_Nadu,678505.0,Shipping
UP-16349,CUST-12091,"281
Kota
Jamalpur_659978",Jamalpur,Bihar,659978.0,Billing
BR-16350,CUST-10996,"503,_Wagle_Chowk
Munger_606135",Munger,Bihar,606135.0,Shipping
MP-16351,CUST-10955,"H.No._119
Konda_Zila
Gorakhpur_823363",Gorakhpur,Uttar_Pradesh,823363.0,Billing
HR-16352,CUST-10193,"H.No._486
Kaur_Circle
Bikaner-040887",Bikaner,Rajasthan,40887.0,"Billing,_Shipping"
TR-16353,CUST-16780,"041,_Dugar_Circle
Durgapur_793096",Durgapur,West_Bengal,793096.0,"Billing,_Shipping"
WB-16354,CUST-12731,"34/88,_Kade
Aligarh_066006",Aligarh,Uttar_Pradesh,66006.0,Shipping
OR-16355,CUST-12982,"H.No._205,_Som_Chowk
Berhampur-333681",Berhampur,Odisha,333681.0,"Billing,_Shipping"
OR-16356,CUST-19613,"H.No._079,_Srinivasan_Ganj
Haldia_506207",Haldia,West_Bengal,506207.0,Billing
KA-16357,CUST-13570,"29/653
Chada_Chowk
Amaravati-672582",Amaravati,Andhra_Pradesh,672582.0,Shipping
KA-16358,CUST-15979,"00
Rau_Zila
Amaravati-780663",Amaravati,Andhra_Pradesh,780663.0,Billing
BR-16359,CUST-03651,"066,_Sawhney_Ganj,_Jaipur_799825",Jaipur,Rajasthan,799825.0,Shipping
HR-16360,CUST-11307,"H.No._01,_Kakar_Zila
Aurangabad_235311",Aurangabad,Maharashtra,235311.0,Billing
BR-16361,CUST-17364,"H.No._863,_Thaman,_Buxar-072737",Buxar,Bihar,72737.0,Billing
AP-16362,CUST-14311,"H.No._72
Zacharia_Circle
Anantapuram-821808",Anantapuram,Andhra_Pradesh,821808.0,"Billing,_Shipping"
MH-16363,CUST-09710,"H.No._989,_Deol,_Satara_541862",Satara,Maharashtra,541862.0,Shipping
RJ-16364,CUST-16164,"33,_Bora_Nagar
Akola_033180",Akola,Maharashtra,33180.0,"Billing,_Shipping"
MH-16365,CUST-02217,"501,_Lalla_Street,_Jalgaon-603097",Jalgaon,Maharashtra,603097.0,"Billing,_Shipping"
MP-16366,CUST-13732,"H.No._23
Bhavsar_Ganj
Gopalpur_548498",Gopalpur,Odisha,548498.0,Billing
AS-16367,CUST-14140,"H.No._725
Randhawa
Nagaon-136023",Nagaon,Assam,136023.0,Billing
JH-16368,CUST-13442,"64/932,_Khosla_Circle
Kharagpur_846637",Kharagpur,West_Bengal,846637.0,"Billing,_Shipping"
MP-16369,CUST-16965,"H.No._36,_Rastogi_Road
Unnao_102149",Unnao,Uttar_Pradesh,102149.0,Billing
AS-16370,CUST-09394,"090
Chand_Ganj
Nagaon_320492",Nagaon,Assam,320492.0,Shipping
OR-16371,CUST-05847,"08/98,_Kade_Path
Patna_359133",Patna,Bihar,359133.0,Shipping
WB-16372,CUST-12755,"67/310
Dalal_Path
Baranagar_939967",Baranagar,West_Bengal,939967.0,Shipping
BR-16373,CUST-11874,"94
Brahmbhatt_Path
Munger-305755",Munger,Bihar,305755.0,"Billing,_Shipping"
UK-16374,CUST-12813,"923
Kaul_Marg
Haridwar-868597",Haridwar,Uttarakhand,868597.0,"Billing,_Shipping"
MP-16375,CUST-10066,"H.No._933
Singh_Path
Gopalpur-929067",Gopalpur,Odisha,929067.0,"Billing,_Shipping"
KA-16376,CUST-12422,"H.No._13,_Kade,_Hospet-029272",Hospet,Karnataka,29272.0,Shipping
KA-16377,CUST-17733,"618,_Basu_Zila
Amaravati_952361",Amaravati,Andhra_Pradesh,952361.0,"Billing,_Shipping"
KA-16378,CUST-05012,"88/134,_Sane_Zila,_Hosur_490117",Hosur,Tamil_Nadu,490117.0,Shipping
WB-16379,CUST-14757,"32/473,_Khosla,_Baranagar-466183",Baranagar,West_Bengal,466183.0,Billing
MP-16380,CUST-13871,"54,_Doctor_Circle,_Khandwa_044146",Khandwa,Madhya_Pradesh,44146.0,"Billing,_Shipping"
UK-16381,CUST-13129,"H.No._45
Barad_Marg
Haridwar-603149",Haridwar,Uttarakhand,603149.0,"Billing,_Shipping"
TN-16382,CUST-19857,"30,_Gole_Zila
Chittoor-082059",Chittoor,Andhra_Pradesh,82059.0,Shipping
AP-16383,CUST-14219,"657
Dubey
Jammu_609668",Jammu,Jammu_and_Kashmir,609668.0,"Billing,_Shipping"
UP-16384,CUST-02492,"56/520,_Baria_Road
Mirzapur-637871",Mirzapur,Uttar_Pradesh,637871.0,Shipping
UK-16385,CUST-07574,"09/51,_Loyal,_Shivpuri_291658",Shivpuri,Madhya_Pradesh,291658.0,"Billing,_Shipping"
UK-16386,CUST-00867,"74,_Sunder_Street
Haridwar-181818",Haridwar,Uttarakhand,181818.0,Billing
MP-16387,CUST-10578,"H.No._491,_Wable_Road,_Gopalpur_742744",Gopalpur,Odisha,742744.0,Shipping
JH-16388,CUST-14505,"H.No._666,_Swaminathan_Street,_Mango-993244",Mango,Jharkhand,993244.0,"Billing,_Shipping"
RJ-16389,CUST-12972,"51
Deol_Path
Akola-346271",Akola,Maharashtra,346271.0,"Billing,_Shipping"
GJ-16390,CUST-15577,"24/750,_Krishnamurthy_Zila,_Hajipur_231007",Hajipur,Bihar,231007.0,Shipping
MP-16391,CUST-13779,"36/114,_Basu_Chowk
Kota_345125",Kota,Rajasthan,345125.0,"Billing,_Shipping"
GJ-16392,CUST-03546,"89/40
Ben_Zila
Allahabad-402308",Allahabad,Uttar_Pradesh,402308.0,Shipping
OR-16393,CUST-16159,"H.No._15,_Garde_Street,_Chandrapur-482629",Chandrapur,Maharashtra,482629.0,"Billing,_Shipping"
MP-16394,CUST-15215,"H.No._426,_Kapadia_Chowk,_Mau_142478",Mau,Uttar_Pradesh,142478.0,Shipping
TN-16395,CUST-13850,"H.No._120,_Bora_Chowk,_Chittoor_846164",Chittoor,Andhra_Pradesh,846164.0,"Billing,_Shipping"
UP-16396,CUST-18014,"85/284,_Kota_Chowk
Gurgaon-059937",Gurgaon,Haryana,59937.0,Billing
GJ-16397,CUST-11042,"733
D’Alia_Zila
Vadodara_835842",Vadodara,Gujarat,835842.0,Shipping
HP-16398,CUST-04200,"H.No._84
Swaminathan_Road
Udaipur-870481",Udaipur,Rajasthan,870481.0,Billing
MP-16399,CUST-00401,"H.No._162,_Bhardwaj_Chowk
Kota_950173",Kota,Rajasthan,950173.0,Shipping
UP-16400,CUST-14198,"39/924,_Master_Path
Shahjahanpur_847262",Shahjahanpur,Uttar_Pradesh,847262.0,Shipping
MH-16401,CUST-16965,"H.No._203,_Wali_Chowk
Nanded_124109",Nanded,Maharashtra,124109.0,"Billing,_Shipping"
UP-16402,CUST-08353,"93/757,_Dhingra_Zila,_Ahmedabad-970502",Ahmedabad,Gujarat,970502.0,"Billing,_Shipping"
UP-16403,CUST-17355,"38,_Malhotra_Path,_Bhagalpur_476242",Bhagalpur,Bihar,476242.0,Shipping
CG-16404,CUST-15481,"H.No._16
Sankar_Path
Nagpur_514559",Nagpur,Maharashtra,514559.0,Billing
CG-16405,CUST-01539,"378,_Sidhu_Ganj,_Sagar-228370",Sagar,Madhya_Pradesh,228370.0,Shipping
TS-16406,CUST-19694,"H.No._739
Goel_Circle
Ramagundam_916714",Ramagundam,Telangana,916714.0,Billing
UP-16407,CUST-19490,"01/002,_Dey_Chowk,_Sambhal_068340",Sambhal,Uttar_Pradesh,68340.0,Shipping
OR-16408,CUST-13917,"H.No._344,_Kakar_Ganj
Patna-281913",Patna,Bihar,281913.0,Billing
UP-16409,CUST-13807,"55/258,_Chacko_Road,_Ahmedabad_191932",Ahmedabad,Gujarat,191932.0,Shipping
HR-16410,CUST-01610,"92,_Jayaraman_Chowk,_Aurangabad-830107",Aurangabad,Maharashtra,830107.0,Shipping
AS-16411,CUST-13454,"H.No._88,_Chawla_Road,_Nagaon_591610",Nagaon,Assam,591610.0,Billing
MH-16412,CUST-18525,"44/59,_Khanna_Zila,_Malegaon_456222",Malegaon,Maharashtra,456222.0,"Billing,_Shipping"
MH-16413,CUST-18649,"H.No._382
Baria_Road
Rampur_646036",Rampur,Uttar_Pradesh,646036.0,Billing
AS-16414,CUST-17939,"16/37
Madan_Path
Nagaon_324025",Nagaon,Assam,324025.0,"Billing,_Shipping"
BR-16415,CUST-15900,"H.No._653
Brar_Ganj
Buxar_697567",Buxar,Bihar,697567.0,Shipping
MH-16416,CUST-05021,"123,_Keer_Street,_Malegaon-401047",Malegaon,Maharashtra,401047.0,Billing
TN-16417,CUST-10659,"34/94
Jhaveri_Ganj
Pallavaram-632109",Pallavaram,Tamil_Nadu,632109.0,"Billing,_Shipping"
TS-16418,CUST-09423,"H.No._87,_Sanghvi_Street,_Srinagar-715440",Srinagar,Jammu_and_Kashmir,715440.0,Billing
RJ-16419,CUST-15043,"66/842,_Sood_Path
Fatehpur_616495",Fatehpur,Uttar_Pradesh,616495.0,"Billing,_Shipping"
UK-16420,CUST-15431,"50/312,_Chaudry
Shivpuri_651446",Shivpuri,Madhya_Pradesh,651446.0,"Billing,_Shipping"
TS-16421,CUST-14383,"49/559
Soni_Chowk
Dindigul_798335",Dindigul,Tamil_Nadu,798335.0,"Billing,_Shipping"
AP-16422,CUST-17512,"56,_Golla_Road
Anantapuram-286295",Anantapuram,Andhra_Pradesh,286295.0,Shipping
TR-16423,CUST-11686,"H.No._962
Hora_Nagar
Durgapur_951203",Durgapur,West_Bengal,951203.0,"Billing,_Shipping"
RJ-16424,CUST-15657,"334,_Mander_Path,_Dewas-024162",Dewas,Madhya_Pradesh,24162.0,Shipping
WB-16425,CUST-09696,"01/28
Sandhu_Street
Panihati_565374",Panihati,West_Bengal,565374.0,"Billing,_Shipping"
OR-16426,CUST-14789,"73/42,_Gopal_Path
Bijapur-743670",Bijapur,Karnataka,743670.0,"Billing,_Shipping"
HR-16427,CUST-11509,"75/22
Seshadri
Aurangabad-136643",Aurangabad,Maharashtra,136643.0,"Billing,_Shipping"
TN-16428,CUST-02390,"H.No._053,_Shetty_Circle,_Avadi_104384",Avadi,Tamil_Nadu,104384.0,Billing
MP-16429,CUST-04349,"43/524
Vasa
Khandwa-610953",Khandwa,Madhya_Pradesh,610953.0,"Billing,_Shipping"
UP-16430,CUST-07114,"H.No._48,_Verma_Zila,_Raipur-473411",Raipur,Chhattisgarh,473411.0,Shipping
KA-16431,CUST-11599,"15/21
Uppal_Nagar
Amaravati-809256",Amaravati,Andhra_Pradesh,809256.0,Shipping
CG-16432,CUST-04924,"63/486,_Kapur,_Nagpur-789642",Nagpur,Maharashtra,789642.0,Shipping
UP-16433,CUST-14872,"H.No._21,_Walla
Karimnagar-319087",Karimnagar,Telangana,319087.0,Shipping
MP-16434,CUST-11603,"H.No._03
Ramesh_Ganj
Unnao_574473",Unnao,Uttar_Pradesh,574473.0,Billing
AP-16435,CUST-19341,"08/143
Koshy_Ganj
Dharmavaram-002335",Dharmavaram,Andhra_Pradesh,2335.0,Shipping
WB-16436,CUST-04451,"H.No._980,_Divan_Circle,_Bhatpara_023076",Bhatpara,West_Bengal,23076.0,"Billing,_Shipping"
OR-16437,CUST-18112,"01,_Chaudry_Chowk
Chandrapur-726587",Chandrapur,Maharashtra,726587.0,Billing
UP-16438,CUST-17558,"65/514,_Sandhu_Chowk
Burhanpur_535213",Burhanpur,Madhya_Pradesh,535213.0,Shipping
TS-16439,CUST-11171,"721,_Madan_Road
Ambala-386441",Ambala,Haryana,386441.0,Shipping
TS-16440,CUST-02514,"H.No._689,_Sawhney_Ganj,_Srinagar-608616",Srinagar,Jammu_and_Kashmir,608616.0,Shipping
KA-16441,CUST-01959,"H.No._79,_Kota_Path
Mangalore-939164",Mangalore,Karnataka,939164.0,Shipping
AP-16442,CUST-19040,"37/124
Bansal_Zila
Srikakulam_540228",Srikakulam,Andhra_Pradesh,540228.0,"Billing,_Shipping"
TN-16443,CUST-01133,"371,_Acharya_Marg,_Tiruvottiyur_451607",Tiruvottiyur,Tamil_Nadu,451607.0,Billing
AP-16444,CUST-15701,"H.No._907,_Kumer_Marg
Bhimavaram-932520",Bhimavaram,Andhra_Pradesh,932520.0,"Billing,_Shipping"
UP-16445,CUST-13941,"H.No._269,_Loyal,_Muzaffarpur_332730",Muzaffarpur,Bihar,332730.0,Shipping
BR-16446,CUST-10036,"38/675
Keer_Circle
Munger-430307",Munger,Bihar,430307.0,Shipping
OR-16447,CUST-08008,"36/06,_Garde_Road,_Mathura_143889",Mathura,Uttar_Pradesh,143889.0,Shipping
WB-16448,CUST-18626,"H.No._93,_Mangal_Road
Baranagar-824780",Baranagar,West_Bengal,824780.0,"Billing,_Shipping"
AP-16449,CUST-13547,"76
Behl_Ganj
Jammu-840496",Jammu,Jammu_and_Kashmir,840496.0,Shipping
OR-16450,CUST-10071,"440
Chad_Marg
Haldia-094155",Haldia,West_Bengal,94155.0,Shipping
MP-16451,CUST-15784,"167
Saha_Zila
Ramgarh_855848",Ramgarh,Jharkhand,855848.0,Shipping
MP-16452,CUST-06351,"21/48
Maharaj_Path
Jhansi-999551",Jhansi,Uttar_Pradesh,999551.0,Billing
RJ-16453,CUST-11724,"H.No._729,_Singhal_Road,_Rajkot_260106",Rajkot,Gujarat,260106.0,Billing
WB-16454,CUST-00193,"H.No._247
Solanki_Zila
Bally-232958",Bally,West_Bengal,232958.0,"Billing,_Shipping"
UP-16455,CUST-17792,"H.No._081,_Buch_Nagar,_Burhanpur_543872",Burhanpur,Madhya_Pradesh,543872.0,"Billing,_Shipping"
AP-16456,CUST-19492,"34/072,_Srivastava_Street,_Srikakulam_615523",Srikakulam,Andhra_Pradesh,615523.0,Billing
WB-16457,CUST-04827,"H.No._89,_Hans_Ganj
Baranagar-027406",Baranagar,West_Bengal,27406.0,Shipping
HR-16458,CUST-19816,"23/457,_Sen_Path,_Aurangabad-207697",Aurangabad,Maharashtra,207697.0,Shipping
AS-16459,CUST-02540,"349,_Tank_Circle,_Bongaigaon_994817",Bongaigaon,Assam,994817.0,"Billing,_Shipping"
TS-16460,CUST-07198,"H.No._94,_Singh_Circle
Ramagundam-638710",Ramagundam,Telangana,638710.0,"Billing,_Shipping"
TS-16461,CUST-12200,"H.No._33,_Ramaswamy_Nagar
Hindupur-008114",Hindupur,Andhra_Pradesh,8114.0,Shipping
RJ-16462,CUST-17585,"H.No._21
Char_Street
Rajkot_453441",Rajkot,Gujarat,453441.0,Billing
HR-16463,CUST-10228,"53,_Bala_Zila,_Bikaner_202866",Bikaner,Rajasthan,202866.0,Billing
TR-16464,CUST-12584,"H.No._949
Bath_Street
Durgapur-036174",Durgapur,West_Bengal,36174.0,Billing
UP-16465,CUST-12636,"H.No._40,_Setty_Marg,_Chapra-591169",Chapra,Bihar,591169.0,Billing
WB-16466,CUST-13689,"H.No._00,_Sengupta_Road,_Kulti_853209",Kulti,West_Bengal,853209.0,"Billing,_Shipping"
MP-16467,CUST-03757,"75/92
Tella_Path
Dehri_640045",Dehri,Bihar,640045.0,Billing
CG-16468,CUST-16063,"H.No._901
Mall_Circle
Sagar-836488",Sagar,Madhya_Pradesh,836488.0,Billing
TN-16469,CUST-13105,"20/22
Kohli_Street
Salem-574733",Salem,Tamil_Nadu,574733.0,Billing
UP-16470,CUST-07838,"46/33,_Sagar_Street
Farrukhabad-342058",Farrukhabad,Uttar_Pradesh,342058.0,Shipping
HP-16471,CUST-11922,"478,_Sethi_Ganj,_Udaipur-664204",Udaipur,Rajasthan,664204.0,Shipping
HP-16472,CUST-00568,"H.No._325,_Rastogi_Zila
Udaipur-431309",Udaipur,Rajasthan,431309.0,"Billing,_Shipping"
UP-16473,CUST-07816,"913
Ramachandran_Road
Shahjahanpur-962641",Shahjahanpur,Uttar_Pradesh,962641.0,Billing
UP-16474,CUST-19814,"06/866
Mangat_Chowk
Gurgaon_396782",Gurgaon,Haryana,396782.0,"Billing,_Shipping"
TR-16475,CUST-01322,"H.No._032
Sodhi_Street
Durgapur-702669",Durgapur,West_Bengal,702669.0,Billing
CG-16476,CUST-19817,"H.No._917,_Kumar_Chowk,_Malda_487212",Malda,West_Bengal,487212.0,"Billing,_Shipping"
GJ-16477,CUST-10450,"282,_Divan_Zila
Gandhidham_827164",Gandhidham,Gujarat,827164.0,"Billing,_Shipping"
AP-16478,CUST-11911,"76,_Shah_Nagar
Bhimavaram-672853",Bhimavaram,Andhra_Pradesh,672853.0,"Billing,_Shipping"
OR-16479,CUST-18713,"H.No._417,_Raju_Chowk,_Bharatpur-956035",Bharatpur,Rajasthan,956035.0,Shipping
MH-16480,CUST-15275,"54
De
Satara-317833",Satara,Maharashtra,317833.0,"Billing,_Shipping"
TN-16481,CUST-09804,"09/98,_Dutta_Zila,_Tiruvottiyur_164364",Tiruvottiyur,Tamil_Nadu,164364.0,Billing
BR-16482,CUST-02582,"49/87,_Balay_Circle,_Satna_828304",Satna,Madhya_Pradesh,828304.0,"Billing,_Shipping"
BR-16483,CUST-05640,"H.No._031,_Jhaveri_Chowk
Buxar_526788",Buxar,Bihar,526788.0,"Billing,_Shipping"
UP-16484,CUST-12241,"H.No._752
Tank_Road
Ahmedabad_691038",Ahmedabad,Gujarat,691038.0,Shipping
TS-16485,CUST-14709,"694
Ratti_Marg
Hindupur_427126",Hindupur,Andhra_Pradesh,427126.0,Shipping
MP-16486,CUST-17128,"462,_Ghose_Zila
Jalandhar-526701",Jalandhar,Punjab,526701.0,Billing
KA-16487,CUST-16922,"H.No._83
Bose_Circle
Tumkur-516242",Tumkur,Karnataka,516242.0,"Billing,_Shipping"
TN-16488,CUST-17770,"827,_Rajan,_Avadi-215220",Avadi,Tamil_Nadu,215220.0,Shipping
CG-16490,CUST-11105,"H.No._42
Tara
Sagar-666170",Sagar,Madhya_Pradesh,666170.0,Billing
UP-16491,CUST-06475,"58/12
Sura
Raiganj-612897",Raiganj,West_Bengal,612897.0,Billing
OR-16492,CUST-19721,"64/46,_Srivastava_Zila
Bilaspur_614481",Bilaspur,Chhattisgarh,614481.0,Shipping
TN-16493,CUST-07562,"H.No._333
Vora_Chowk
Avadi-962473",Avadi,Tamil_Nadu,962473.0,"Billing,_Shipping"
KL-16494,CUST-12251,"64/78
Choudhary_Circle
Kollam-216833",Kollam,Kerala,216833.0,Shipping
UK-16495,CUST-02093,"02,_Sachdev_Nagar,_Haridwar-211222",Haridwar,Uttarakhand,211222.0,Billing
UK-16496,CUST-15186,"H.No._045,_Dhawan_Road,_Haridwar_954119",Haridwar,Uttarakhand,954119.0,Billing
CG-16497,CUST-00789,"H.No._498,_Char_Street,_Nagpur-640862",Nagpur,Maharashtra,640862.0,"Billing,_Shipping"
UK-16498,CUST-15269,"H.No._579
Magar
Jalna-569536",Jalna,Maharashtra,569536.0,"Billing,_Shipping"
MH-16499,CUST-17815,"08/980
Saha_Marg
Jalgaon-192159",Jalgaon,Maharashtra,192159.0,Billing
OR-16500,CUST-15527,"95/334
Raja
Bijapur-932946",Bijapur,Karnataka,932946.0,"Billing,_Shipping"
MP-16501,CUST-05615,"25/524,_Kamdar_Marg,_Kishanganj_110532",Kishanganj,Bihar,110532.0,Billing
WB-16502,CUST-04858,"85/014,_Goel_Path,_Naihati_058463",Naihati,West_Bengal,58463.0,Shipping
MP-16503,CUST-13212,"H.No._01,_Venkatesh_Ganj,_Gopalpur-897031",Gopalpur,Odisha,897031.0,"Billing,_Shipping"
WB-16504,CUST-15723,"H.No._24
Kapoor_Chowk
Baranagar-283245",Baranagar,West_Bengal,283245.0,Billing
OR-16505,CUST-01242,"H.No._07,_Trivedi_Street,_Bijapur-681426",Bijapur,Karnataka,681426.0,Shipping
HP-16506,CUST-11042,"608,_Gill_Path,_Udaipur-793413",Udaipur,Rajasthan,793413.0,"Billing,_Shipping"
AP-16507,CUST-10924,"H.No._27,_Banerjee_Chowk,_Dharmavaram_800441",Dharmavaram,Andhra_Pradesh,800441.0,Billing
JH-16508,CUST-11965,"H.No._69,_Sawhney
Mango-505511",Mango,Jharkhand,505511.0,Billing
OR-16509,CUST-00717,"42/20,_Chawla,_Chandrapur-960307",Chandrapur,Maharashtra,960307.0,"Billing,_Shipping"
TN-16510,CUST-15782,"H.No._03
Sami
Salem-473194",Salem,Tamil_Nadu,473194.0,"Billing,_Shipping"
WB-16511,CUST-15165,"H.No._24,_Deol,_Bidhannagar_305973",Bidhannagar,West_Bengal,305973.0,"Billing,_Shipping"
UP-16512,CUST-11791,"H.No._99,_Chauhan_Nagar,_Mirzapur-194879",Mirzapur,Uttar_Pradesh,194879.0,"Billing,_Shipping"
MP-16513,CUST-13954,"118,_Ahuja_Marg,_Jodhpur_398578",Jodhpur,Rajasthan,398578.0,"Billing,_Shipping"
MP-16514,CUST-03717,"15/29
Ahuja_Street
Khandwa-227990",Khandwa,Madhya_Pradesh,227990.0,"Billing,_Shipping"
JH-16515,CUST-12183,"85/479,_Deo_Nagar,_Asansol_335203",Asansol,West_Bengal,335203.0,Billing
RJ-16516,CUST-16696,"H.No._918,_Choudhury_Chowk
Akola-834077",Akola,Maharashtra,834077.0,Shipping
UK-16517,CUST-04458,"468
Arora_Marg
Haridwar_975571",Haridwar,Uttarakhand,975571.0,Billing
UP-16518,CUST-19872,"22/925,_Sathe_Circle
Jamalpur_183394",Jamalpur,Bihar,183394.0,Shipping
HP-16519,CUST-11899,"38/20,_Kunda_Street,_Udaipur_275420",Udaipur,Rajasthan,275420.0,Shipping
UP-16520,CUST-07495,"15
Thakur_Nagar
Raiganj_781236",Raiganj,West_Bengal,781236.0,Billing
MP-16521,CUST-15040,"H.No._64
Dua_Street
Unnao-496693",Unnao,Uttar_Pradesh,496693.0,"Billing,_Shipping"
UP-16522,CUST-16462,"01,_Shetty_Chowk,_Mirzapur-260709",Mirzapur,Uttar_Pradesh,260709.0,"Billing,_Shipping"
AS-16523,CUST-15291,"59,_Ramachandran_Chowk,_Nagaon-205039",Nagaon,Assam,205039.0,Billing
HR-16524,CUST-16695,"29,_Yogi_Ganj,_Bikaner-593089",Bikaner,Rajasthan,593089.0,Billing
JH-16525,CUST-02262,"H.No._42,_Sekhon_Marg,_Phusro_122543",Phusro,Jharkhand,122543.0,Shipping
RJ-16526,CUST-17365,"H.No._69,_Raj,_Fatehpur-555599",Fatehpur,Uttar_Pradesh,555599.0,Shipping
WB-16527,CUST-15272,"H.No._790,_Johal_Nagar
Uluberia_203277",Uluberia,West_Bengal,203277.0,Billing
HR-16528,CUST-01070,"828,_Dugal_Nagar,_Bikaner-094910",Bikaner,Rajasthan,94910.0,"Billing,_Shipping"
MP-16529,CUST-12651,"H.No._60,_Kulkarni_Circle
Gorakhpur-275826",Gorakhpur,Uttar_Pradesh,275826.0,"Billing,_Shipping"
MH-16530,CUST-15716,"52/68,_Yohannan_Ganj
Guntur-826003",Guntur,Andhra_Pradesh,826003.0,Shipping
TS-16531,CUST-19813,"H.No._552
Raval_Street
Ambala-309513",Ambala,Haryana,309513.0,Shipping
OR-16532,CUST-18786,"160,_Jha_Street,_Patna-695606",Patna,Bihar,695606.0,Billing
AP-16533,CUST-13383,"75/61,_Kata_Zila
Dharmavaram-606628",Dharmavaram,Andhra_Pradesh,606628.0,Shipping
CG-16534,CUST-12809,"003,_Badal_Path
Nagpur-206886",Nagpur,Maharashtra,206886.0,Shipping
UP-16535,CUST-03245,"H.No._49
Chada_Path
Ahmedabad-036555",Ahmedabad,Gujarat,36555.0,Shipping
MP-16536,CUST-09346,"50/46,_Arora_Road
Agra_117071",Agra,Uttar_Pradesh,117071.0,Shipping
RJ-16537,CUST-16931,"04,_Wali_Road,_Fatehpur_373178",Fatehpur,Uttar_Pradesh,373178.0,Shipping
OR-16538,CUST-16128,"H.No._851,_Chaudhuri_Chowk,_Kanpur-655652",Kanpur,Uttar_Pradesh,655652.0,"Billing,_Shipping"
AP-16539,CUST-10022,"748
Grover_Street
Gudivada-819727",Gudivada,Andhra_Pradesh,819727.0,"Billing,_Shipping"
UP-16540,CUST-06141,"48/14,_Saha_Path,_Sambhal_801778",Sambhal,Uttar_Pradesh,801778.0,Shipping
MP-16541,CUST-00839,"96/842,_Walia_Ganj,_Mau-927363",Mau,Uttar_Pradesh,927363.0,Billing
UP-16542,CUST-10745,"18/57,_Raval_Path,_Chapra-530389",Chapra,Bihar,530389.0,Billing
MP-16543,CUST-13112,"H.No._75,_Trivedi_Circle,_Indore_695323",Indore,Madhya_Pradesh,695323.0,Shipping
TN-16544,CUST-19054,"068,_Dixit_Nagar,_Tiruppur_443418",Tiruppur,Tamil_Nadu,443418.0,Shipping
WB-16545,CUST-19715,"H.No._913,_Shetty_Chowk,_Naihati-166782",Naihati,West_Bengal,166782.0,Shipping
JH-16546,CUST-16455,"82
Batta_Chowk
Asansol_058008",Asansol,West_Bengal,58008.0,"Billing,_Shipping"
HR-16547,CUST-10005,"H.No._687
Dugar_Street
Bikaner_888732",Bikaner,Rajasthan,888732.0,Shipping
UK-16548,CUST-14935,"49,_Sahota_Chowk,_Shivpuri-210086",Shivpuri,Madhya_Pradesh,210086.0,Shipping
WB-16549,CUST-06251,"H.No._09
Bajaj_Road
Arrah-625145",Arrah,Bihar,625145.0,Shipping
UP-16550,CUST-18506,"64/30
Vohra_Chowk
Burhanpur-769991",Burhanpur,Madhya_Pradesh,769991.0,"Billing,_Shipping"
TS-16551,CUST-14256,"04/482,_Sachar_Zila
Sirsa-782974",Sirsa,Haryana,782974.0,"Billing,_Shipping"
HR-16552,CUST-17909,"33,_Chopra_Marg
Bikaner_849752",Bikaner,Rajasthan,849752.0,"Billing,_Shipping"
AP-16553,CUST-16787,"10,_Shanker_Zila,_Anantapuram-999266",Anantapuram,Andhra_Pradesh,999266.0,"Billing,_Shipping"
UK-16554,CUST-12723,"H.No._60
Setty_Road
Haridwar_205293",Haridwar,Uttarakhand,205293.0,Billing
GJ-16555,CUST-17265,"33,_Kamdar_Zila
Gandhidham-184373",Gandhidham,Gujarat,184373.0,"Billing,_Shipping"
TS-16556,CUST-16057,"91,_Tripathi_Nagar
Hindupur_732430",Hindupur,Andhra_Pradesh,732430.0,Billing
MH-16557,CUST-18574,"96/05,_Lanka_Zila
Bhiwandi-822136",Bhiwandi,Maharashtra,822136.0,Billing
WB-16558,CUST-08934,"H.No._844,_Baral_Circle,_Bally-806009",Bally,West_Bengal,806009.0,"Billing,_Shipping"
CG-16559,CUST-06953,"431
Ahuja_Zila
Sagar-122319",Sagar,Madhya_Pradesh,122319.0,"Billing,_Shipping"
MP-16560,CUST-02028,"76,_Sachdeva_Ganj
Jhansi_012043",Jhansi,Uttar_Pradesh,12043.0,"Billing,_Shipping"
MP-16561,CUST-15485,"H.No._663,_Chand_Road,_Gopalpur-277214",Gopalpur,Odisha,277214.0,"Billing,_Shipping"
WB-16562,CUST-12393,"380,_Grewal_Chowk,_Panihati_970180",Panihati,West_Bengal,970180.0,Shipping
UP-16563,CUST-17253,"595,_Thaker_Street
Muzaffarpur-256793",Muzaffarpur,Bihar,256793.0,"Billing,_Shipping"
GJ-16564,CUST-16928,"38/31,_Deshpande_Zila
Kavali_903819",Kavali,Andhra_Pradesh,903819.0,Billing
OR-16565,CUST-17916,"H.No._19
Bhandari_Nagar
Bilaspur-186279",Bilaspur,Chhattisgarh,186279.0,Shipping
UP-16566,CUST-06702,"45/55,_Kar_Nagar,_Farrukhabad_454177",Farrukhabad,Uttar_Pradesh,454177.0,Billing
KA-16567,CUST-11837,"33
Kanda_Nagar
Tumkur-922124",Tumkur,Karnataka,922124.0,"Billing,_Shipping"
KA-16568,CUST-15023,"H.No._16,_Rastogi
Mangalore-074691",Mangalore,Karnataka,74691.0,Shipping
MH-16569,CUST-15781,"061,_Sankar_Path
Nanded-399246",Nanded,Maharashtra,399246.0,Shipping
BR-16571,CUST-11961,"62
Tata
Buxar_421869",Buxar,Bihar,421869.0,"Billing,_Shipping"
TR-16572,CUST-07079,"72
Tank
Chandigarh_280823",Chandigarh,Chandigarh_(Union_Territory),280823.0,Billing
RJ-16573,CUST-06389,"00
Issac_Path
Rajkot_281509",Rajkot,Gujarat,281509.0,Billing
UP-16574,CUST-03239,"H.No._61,_Tella
Chapra_038284",Chapra,Bihar,38284.0,Billing
MH-16575,CUST-18682,"79/65
Cheema_Marg
Bhiwandi-210272",Bhiwandi,Maharashtra,210272.0,Billing
UK-16576,CUST-07348,"01/579
Andra
Jalna-284749",Jalna,Maharashtra,284749.0,Billing
UP-16577,CUST-08668,"00/276
D’Alia_Road
Burhanpur_927145",Burhanpur,Madhya_Pradesh,927145.0,Shipping
BR-16578,CUST-19056,"H.No._41
Iyengar_Nagar
Ballia-917245",Ballia,Uttar_Pradesh,917245.0,"Billing,_Shipping"
UP-16579,CUST-19915,"813
D’Alia_Chowk
Raipur_102227",Raipur,Chhattisgarh,102227.0,Billing
BR-16580,CUST-04111,"13/295
Thaman_Path
Ballia_583335",Ballia,Uttar_Pradesh,583335.0,"Billing,_Shipping"
BR-16581,CUST-15903,"29/076,_Rao_Circle,_Munger_726954",Munger,Bihar,726954.0,Billing
GJ-16582,CUST-16495,"55/26,_Iyer_Street,_Gandhidham_043499",Gandhidham,Gujarat,43499.0,"Billing,_Shipping"
OR-16583,CUST-16251,"H.No._33,_Sachdeva_Road,_Bijapur-112531",Bijapur,Karnataka,112531.0,Shipping
WB-16584,CUST-00641,"11/01,_Chhabra_Chowk
Arrah-861044",Arrah,Bihar,861044.0,Billing
MP-16585,CUST-19784,"H.No._92,_Guha_Circle,_Indore_880288",Indore,Madhya_Pradesh,880288.0,Shipping
MH-16586,CUST-14771,"91/606
Doctor_Ganj
Nanded-708214",Nanded,Maharashtra,708214.0,Shipping
OR-16587,CUST-19399,"49/246,_Dora_Road,_Berhampur_622713",Berhampur,Odisha,622713.0,Billing
OR-16588,CUST-16773,"H.No._66
Batta_Zila
Berhampur_259922",Berhampur,Odisha,259922.0,"Billing,_Shipping"
TN-16589,CUST-13705,"60
Raju_Circle
Pallavaram-805615",Pallavaram,Tamil_Nadu,805615.0,"Billing,_Shipping"
TS-16590,CUST-06294,"H.No._59
Guha_Zila
Ambala_871790",Ambala,Haryana,871790.0,Billing
OR-16591,CUST-04063,"25/024
Sen_Chowk
Danapur-724259",Danapur,Bihar,724259.0,Billing
CG-16592,CUST-00455,"H.No._624,_Bumb_Road
Malda_363935",Malda,West_Bengal,363935.0,Shipping
HR-16593,CUST-12381,"H.No._205,_Batta_Nagar
Aurangabad-154114",Aurangabad,Maharashtra,154114.0,"Billing,_Shipping"
UP-16594,CUST-11946,"94/280
Sathe_Circle
Ahmedabad_360831",Ahmedabad,Gujarat,360831.0,Shipping
TS-16595,CUST-03868,"69/503
Mall_Marg
Nizamabad-662600",Nizamabad,Telangana,662600.0,Billing
WB-16596,CUST-16305,"H.No._225
Gole_Nagar
Bidhannagar-921067",Bidhannagar,West_Bengal,921067.0,"Billing,_Shipping"
OR-16597,CUST-13452,"20/53,_Devan_Zila
Anantapur-748785",Anantapur,Andhra_Pradesh,748785.0,"Billing,_Shipping"
GJ-16598,CUST-17637,"H.No._947,_Dora_Ganj,_Vadodara_754298",Vadodara,Gujarat,754298.0,"Billing,_Shipping"
TR-16599,CUST-16442,"H.No._98,_Iyengar_Marg,_Chandigarh-174869",Chandigarh,Chandigarh_(Union_Territory),174869.0,Billing
UP-16600,CUST-13290,"05/70,_Balakrishnan_Nagar
Shahjahanpur_254485",Shahjahanpur,Uttar_Pradesh,254485.0,Billing
UK-16601,CUST-17124,"781
Koshy_Chowk
Haridwar-712022",Haridwar,Uttarakhand,712022.0,Billing
JH-16602,CUST-18018,"96/75
Sani_Zila
Kharagpur-062975",Kharagpur,West_Bengal,62975.0,"Billing,_Shipping"
KA-16603,CUST-09052,"55/165,_Dyal,_Mangalore_577155",Mangalore,Karnataka,577155.0,Shipping
BR-16604,CUST-19568,"839,_Bhakta_Marg
Jaipur-909364",Jaipur,Rajasthan,909364.0,Shipping
TN-16605,CUST-19843,"522,_Savant_Street
Avadi_986667",Avadi,Tamil_Nadu,986667.0,"Billing,_Shipping"
MP-16606,CUST-17837,"13/86
Bali_Nagar
Jalandhar-560843",Jalandhar,Punjab,560843.0,Billing
UK-16607,CUST-18132,"H.No._37,_Talwar_Nagar,_Shivpuri-576955",Shivpuri,Madhya_Pradesh,576955.0,Shipping
AP-16608,CUST-07833,"880
Vora
Jammu_330310",Jammu,Jammu_and_Kashmir,330310.0,"Billing,_Shipping"
CG-16609,CUST-01804,"505,_Samra_Street
Sagar-741864",Sagar,Madhya_Pradesh,741864.0,Shipping
MP-16610,CUST-13834,"45/231,_Bhakta_Street,_Unnao_950467",Unnao,Uttar_Pradesh,950467.0,"Billing,_Shipping"
TR-16611,CUST-04633,"H.No._885,_Khanna_Chowk,_Durgapur-003810",Durgapur,West_Bengal,3810.0,Shipping
TN-16612,CUST-10118,"26/364,_Kota_Road
Tiruvottiyur_484294",Tiruvottiyur,Tamil_Nadu,484294.0,"Billing,_Shipping"
WB-16613,CUST-12504,"H.No._06,_Bahl_Path
Naihati_936002",Naihati,West_Bengal,936002.0,Billing
MP-16614,CUST-14283,"55/62
Tella_Zila
Khandwa-937296",Khandwa,Madhya_Pradesh,937296.0,Shipping
MP-16615,CUST-03979,"H.No._277
Banerjee_Marg
Ramgarh_291536",Ramgarh,Jharkhand,291536.0,Shipping
UP-16616,CUST-12325,"969,_Kannan_Road
Muzaffarpur_773795",Muzaffarpur,Bihar,773795.0,Shipping
CG-16617,CUST-16869,"474,_Bhakta_Street,_Nagpur_062859",Nagpur,Maharashtra,62859.0,"Billing,_Shipping"
GJ-16618,CUST-09161,"H.No._488,_Kashyap,_Vadodara-656729",Vadodara,Gujarat,656729.0,Billing
MP-16619,CUST-14959,"H.No._894,_Hayer_Ganj
Ramgarh-037109",Ramgarh,Jharkhand,37109.0,Shipping
JH-16620,CUST-16132,"636
Ramanathan_Chowk
Mango_397948",Mango,Jharkhand,397948.0,Billing
KL-16621,CUST-13836,"H.No._18,_Andra_Zila,_Kollam-628357",Kollam,Kerala,628357.0,Billing
WB-16622,CUST-11750,"H.No._570
Kant_Road
Aligarh-582447",Aligarh,Uttar_Pradesh,582447.0,Billing
OR-16623,CUST-00627,"H.No._09
Kala_Circle
Danapur_753130",Danapur,Bihar,753130.0,Shipping
OR-16624,CUST-02056,"H.No._451
Goswami_Nagar
Berhampur_503112",Berhampur,Odisha,503112.0,Billing
WB-16625,CUST-11779,"048,_Yadav
Arrah-177478",Arrah,Bihar,177478.0,Billing
UP-16626,CUST-06089,"H.No._42,_Soman_Street,_Raipur-356534",Raipur,Chhattisgarh,356534.0,Shipping
UP-16627,CUST-11407,"H.No._77,_Sundaram_Ganj
Gurgaon_977567",Gurgaon,Haryana,977567.0,Shipping
TS-16628,CUST-10884,"16,_Mammen,_Nizamabad-126850",Nizamabad,Telangana,126850.0,Billing
MP-16629,CUST-11385,"02/93
Balan_Path
Gopalpur_974659",Gopalpur,Odisha,974659.0,Billing
TN-16630,CUST-04976,"76/48
Vyas_Road
Chittoor_231799",Chittoor,Andhra_Pradesh,231799.0,Shipping
TS-16631,CUST-01481,"29/151,_Saha_Street,_Ambala-094847",Ambala,Haryana,94847.0,Shipping
GJ-16632,CUST-04972,"391,_Dara_Nagar,_Gandhidham-654466",Gandhidham,Gujarat,654466.0,Billing
MP-16633,CUST-07272,"52/675
Kant_Ganj
Jhansi_442323",Jhansi,Uttar_Pradesh,442323.0,Billing
OR-16634,CUST-09119,"79/867
Brar_Marg
Bijapur_186214",Bijapur,Karnataka,186214.0,Billing
CG-16635,CUST-11723,"H.No._346,_Sampath_Path,_Nagpur-915151",Nagpur,Maharashtra,915151.0,Billing
WB-16636,CUST-16868,"H.No._072,_Reddy_Chowk,_Kamarhati-583795",Kamarhati,West_Bengal,583795.0,Billing
TS-16637,CUST-19335,"H.No._775
Bawa_Nagar
Sirsa-641818",Sirsa,Haryana,641818.0,Shipping
AP-16638,CUST-16992,"21/20,_Sagar_Circle,_Dharmavaram-706353",Dharmavaram,Andhra_Pradesh,706353.0,"Billing,_Shipping"
MP-16639,CUST-07802,"67,_Gopal_Path
Unnao-434934",Unnao,Uttar_Pradesh,434934.0,Billing
HR-16640,CUST-12893,"91/96,_Venkatesh_Circle
Aurangabad-820809",Aurangabad,Maharashtra,820809.0,Billing
MP-16641,CUST-11820,"H.No._271,_Yohannan_Street
Unnao-160031",Unnao,Uttar_Pradesh,160031.0,Billing
MH-16642,CUST-10628,"49,_Garg_Path,_Malegaon-941146",Malegaon,Maharashtra,941146.0,Shipping
TS-16643,CUST-14902,"48/63,_Chaudhry_Road,_Ambala_795561",Ambala,Haryana,795561.0,Shipping
KA-16644,CUST-04387,"50/72,_Kulkarni_Zila
Amaravati-749468",Amaravati,Andhra_Pradesh,749468.0,Billing
JH-16645,CUST-13223,"46/37,_Gulati_Circle
Kharagpur-538560",Kharagpur,West_Bengal,538560.0,Billing
GJ-16646,CUST-10406,"H.No._54,_Gill_Circle
Allahabad-501946",Allahabad,Uttar_Pradesh,501946.0,Shipping
BR-16647,CUST-19574,"19,_Gour_Circle
Satna_652731",Satna,Madhya_Pradesh,652731.0,Shipping
AP-16649,CUST-17000,"25/72,_Ranganathan_Road,_Gudivada-791453",Gudivada,Andhra_Pradesh,791453.0,"Billing,_Shipping"
CG-16650,CUST-11842,"902,_Chakrabarti_Path
Malda_042895",Malda,West_Bengal,42895.0,Shipping
TN-16651,CUST-10580,"H.No._304,_Kant_Road
Pali-082721",Pali,Rajasthan,82721.0,Shipping
TS-16652,CUST-00030,"H.No._83,_Krishnan_Street
Ambala-495026",Ambala,Haryana,495026.0,Billing
RJ-16653,CUST-17032,"78/111
Aggarwal_Path
Fatehpur-677549",Fatehpur,Uttar_Pradesh,677549.0,"Billing,_Shipping"
TS-16654,CUST-02193,"H.No._09
Kar_Chowk
Sirsa_553473",Sirsa,Haryana,553473.0,Shipping
MP-16655,CUST-19936,"07/644
Sharaf_Zila
Kishanganj_448310",Kishanganj,Bihar,448310.0,Shipping
CG-16656,CUST-19464,"H.No._53
Biswas_Street
Sagar_098235",Sagar,Madhya_Pradesh,98235.0,Billing
WB-16657,CUST-09300,"H.No._365,_Rama_Road,_Naihati_110653",Naihati,West_Bengal,110653.0,"Billing,_Shipping"
OR-16658,CUST-14526,"25,_Kale_Marg,_Patna-361625",Patna,Bihar,361625.0,Billing
TN-16659,CUST-14547,"06,_Cheema_Chowk,_Pallavaram_891787",Pallavaram,Tamil_Nadu,891787.0,"Billing,_Shipping"
KA-16660,CUST-10383,"67/94
Bandi_Road
Solapur-523412",Solapur,Maharashtra,523412.0,Shipping
AS-16661,CUST-06735,"H.No._679,_Kanda_Street
Nagaon-301350",Nagaon,Assam,301350.0,Billing
AP-16662,CUST-03440,"H.No._058,_Aggarwal_Ganj,_Anantapuram-068331",Anantapuram,Andhra_Pradesh,68331.0,Shipping
TN-16663,CUST-15853,"05/35
Tandon_Nagar
Chittoor-424769",Chittoor,Andhra_Pradesh,424769.0,Billing
TN-16664,CUST-03711,"39,_Chaudry_Road
Vellore_767533",Vellore,Tamil_Nadu,767533.0,"Billing,_Shipping"
JH-16665,CUST-08553,"H.No._612,_Banerjee_Ganj,_Kharagpur_539683",Kharagpur,West_Bengal,539683.0,Shipping
MP-16666,CUST-01401,"01,_Shankar_Zila,_Ramgarh-247847",Ramgarh,Jharkhand,247847.0,Billing
MP-16667,CUST-17789,"81/409
Sathe_Road
Jalandhar_245874",Jalandhar,Punjab,245874.0,Shipping
MP-16668,CUST-05872,"H.No._007,_Balasubramanian_Zila
Unnao_041834",Unnao,Uttar_Pradesh,41834.0,Billing
WB-16669,CUST-10673,"93/183,_Bhagat_Path,_Madhyamgram_856685",Madhyamgram,West_Bengal,856685.0,Billing
UP-16670,CUST-09938,"H.No._45,_Kumar_Zila
Bhagalpur_257332",Bhagalpur,Bihar,257332.0,"Billing,_Shipping"
MH-16671,CUST-12678,"H.No._94,_Anand_Circle
Malegaon-894497",Malegaon,Maharashtra,894497.0,Billing
AP-16672,CUST-18470,"61/583
Bava_Nagar
Bhimavaram_627652",Bhimavaram,Andhra_Pradesh,627652.0,Billing
TN-16673,CUST-14038,"10/46,_Rattan_Zila
Gandhinagar_985882",Gandhinagar,Gujarat,985882.0,"Billing,_Shipping"
JH-16674,CUST-17678,"H.No._52
Mangat_Marg
Asansol-549878",Asansol,West_Bengal,549878.0,"Billing,_Shipping"
UP-16675,CUST-11311,"33/22
Borde_Zila
Jamalpur_650836",Jamalpur,Bihar,650836.0,Shipping
MH-16676,CUST-14810,"02/456
Vyas_Marg
Karnal-166648",Karnal,Haryana,166648.0,Billing
UK-16677,CUST-13760,"H.No._31,_Lala_Road
Shivpuri-855118",Shivpuri,Madhya_Pradesh,855118.0,Shipping
WB-16678,CUST-06772,"39,_Saini_Path
Bidhannagar_413800",Bidhannagar,West_Bengal,413800.0,Billing
JH-16679,CUST-10696,"713,_Salvi_Road,_Phusro-111415",Phusro,Jharkhand,111415.0,Shipping
KA-16680,CUST-08661,"748,_Seth_Road
Solapur-231551",Solapur,Maharashtra,231551.0,Shipping
OR-16681,CUST-08826,"31,_Kurian_Road
Bilaspur_878460",Bilaspur,Chhattisgarh,878460.0,Billing
MP-16682,CUST-15129,"350,_Jhaveri_Nagar,_Gorakhpur-389260",Gorakhpur,Uttar_Pradesh,389260.0,"Billing,_Shipping"
BR-16683,CUST-17864,"03,_Sehgal_Circle
Satna-332245",Satna,Madhya_Pradesh,332245.0,Shipping
OR-16684,CUST-12283,"632
Chakrabarti_Street
Bharatpur-550262",Bharatpur,Rajasthan,550262.0,"Billing,_Shipping"
GJ-16685,CUST-13922,"H.No._074,_Dhaliwal_Road
Jabalpur-347686",Jabalpur,Madhya_Pradesh,347686.0,Shipping
GJ-16686,CUST-05595,"27,_Chatterjee_Chowk,_Jabalpur_004979",Jabalpur,Madhya_Pradesh,4979.0,Billing
AS-16687,CUST-02181,"66/089,_Gopal_Zila,_Nagaon-368571",Nagaon,Assam,368571.0,Shipping
TN-16688,CUST-18899,"42/71,_Anand_Nagar
Pallavaram_655808",Pallavaram,Tamil_Nadu,655808.0,Billing
OR-16689,CUST-10181,"H.No._443
Ramachandran
Patna-066757",Patna,Bihar,66757.0,Billing
TN-16690,CUST-09795,"52/512,_Sengupta_Zila
Pali_885957",Pali,Rajasthan,885957.0,Shipping
WB-16691,CUST-16256,"74/68,_Rajagopal
Naihati_901763",Naihati,West_Bengal,901763.0,Shipping
KA-16692,CUST-15133,"H.No._386
Shenoy_Zila
Amaravati-894124",Amaravati,Andhra_Pradesh,894124.0,Billing
TS-16693,CUST-01896,"H.No._219,_Das
Sirsa-435405",Sirsa,Haryana,435405.0,"Billing,_Shipping"
TR-16694,CUST-12765,"02,_Vala_Zila,_Durgapur_832779",Durgapur,West_Bengal,832779.0,"Billing,_Shipping"
UP-16695,CUST-12751,"19,_Uppal_Zila
Chapra_038186",Chapra,Bihar,38186.0,Billing
OR-16696,CUST-10629,"22/10,_Yohannan_Street,_Danapur-653190",Danapur,Bihar,653190.0,"Billing,_Shipping"
OR-16697,CUST-13477,"63/127,_Lata_Street
Kanpur_768702",Kanpur,Uttar_Pradesh,768702.0,"Billing,_Shipping"
MP-16698,CUST-13385,"H.No._03
Sodhi_Street
Gopalpur-546142",Gopalpur,Odisha,546142.0,"Billing,_Shipping"
GJ-16699,CUST-09228,"H.No._783,_Kar_Path
Gandhidham-604703",Gandhidham,Gujarat,604703.0,"Billing,_Shipping"
RJ-16700,CUST-07726,"H.No._52,_Master_Zila
Akola_126873",Akola,Maharashtra,126873.0,Billing
HR-16701,CUST-14216,"16,_Rege_Nagar
Aurangabad_523803",Aurangabad,Maharashtra,523803.0,Billing
MP-16702,CUST-17328,"H.No._967
Magar_Marg
Unnao-815836",Unnao,Uttar_Pradesh,815836.0,Shipping
OR-16703,CUST-19713,"423,_Sengupta_Circle,_Berhampur_026827",Berhampur,Odisha,26827.0,Shipping
MP-16704,CUST-15620,"H.No._32
Trivedi_Path
Khandwa_297226",Khandwa,Madhya_Pradesh,297226.0,Billing
TN-16705,CUST-17426,"052
Ramaswamy_Path
Pali_618602",Pali,Rajasthan,618602.0,Shipping
OR-16707,CUST-14026,"79/834,_Tak,_Chandrapur_318450",Chandrapur,Maharashtra,318450.0,Billing
WB-16708,CUST-16820,"57,_Krishna_Chowk
Bidhannagar_500540",Bidhannagar,West_Bengal,500540.0,"Billing,_Shipping"
TS-16709,CUST-01483,"H.No._10
Badal_Chowk
Proddatur_865050",Proddatur,Andhra_Pradesh,865050.0,"Billing,_Shipping"
HR-16710,CUST-12790,"H.No._277
Cheema_Path
Bikaner-941503",Bikaner,Rajasthan,941503.0,"Billing,_Shipping"
WB-16711,CUST-12707,"46/925
Rout
Bidhannagar_415814",Bidhannagar,West_Bengal,415814.0,Shipping
MP-16712,CUST-19128,"43/76,_Dani_Circle,_Jodhpur_757219",Jodhpur,Rajasthan,757219.0,Billing
MP-16713,CUST-15273,"632,_Ray_Circle,_Kota-514390",Kota,Rajasthan,514390.0,Billing
BR-16714,CUST-17982,"69,_Rajagopalan_Marg
Ballia-769255",Ballia,Uttar_Pradesh,769255.0,"Billing,_Shipping"
JH-16715,CUST-16074,"85/95
Goyal_Circle
Asansol-094947",Asansol,West_Bengal,94947.0,Shipping
BR-16716,CUST-08114,"H.No._550
Vyas_Street
Satna_634912",Satna,Madhya_Pradesh,634912.0,"Billing,_Shipping"
GJ-16717,CUST-06265,"35,_Chandra_Circle,_Gandhidham-487575",Gandhidham,Gujarat,487575.0,"Billing,_Shipping"
OR-16718,CUST-07784,"14,_Gour_Path
Berhampur-873751",Berhampur,Odisha,873751.0,Shipping
MP-16719,CUST-12338,"28,_Batra_Ganj
Jodhpur-975072",Jodhpur,Rajasthan,975072.0,Billing
AP-16720,CUST-13826,"596,_Chhabra_Marg,_Gudivada_805803",Gudivada,Andhra_Pradesh,805803.0,Shipping
TS-16721,CUST-16855,"184,_Saini_Road,_Dindigul-139565",Dindigul,Tamil_Nadu,139565.0,"Billing,_Shipping"
CG-16722,CUST-06778,"330,_Kapoor_Chowk,_Sagar-520459",Sagar,Madhya_Pradesh,520459.0,Billing
JH-16723,CUST-03317,"89/084
Subramaniam_Street
Kharagpur-782513",Kharagpur,West_Bengal,782513.0,"Billing,_Shipping"
WB-16724,CUST-09576,"H.No._50,_Dey
Uluberia-657870",Uluberia,West_Bengal,657870.0,"Billing,_Shipping"
OR-16725,CUST-19171,"H.No._225
Chauhan_Circle
Haldia-441256",Haldia,West_Bengal,441256.0,Shipping
TN-16726,CUST-11224,"H.No._33,_Barad_Street
Salem-406177",Salem,Tamil_Nadu,406177.0,"Billing,_Shipping"
BR-16727,CUST-07820,"H.No._39
Guha_Ganj
Purnia_005843",Purnia,Bihar,5843.0,"Billing,_Shipping"
MP-16728,CUST-12889,"H.No._281,_Dhar_Marg
Kishanganj_246216",Kishanganj,Bihar,246216.0,"Billing,_Shipping"
MH-16729,CUST-01622,"83,_Kaul_Street
Rampur-658450",Rampur,Uttar_Pradesh,658450.0,"Billing,_Shipping"
TN-16730,CUST-02091,"64,_Lalla_Path
Tiruppur-383044",Tiruppur,Tamil_Nadu,383044.0,Shipping
BR-16731,CUST-11935,"38,_Ben_Chowk,_Munger_633036",Munger,Bihar,633036.0,"Billing,_Shipping"
AS-16732,CUST-07902,"41,_Viswanathan_Path
Nagaon_894139",Nagaon,Assam,894139.0,Billing
UP-16733,CUST-16642,"76,_Borra
Firozabad_284661",Firozabad,Uttar_Pradesh,284661.0,"Billing,_Shipping"
MP-16734,CUST-15252,"H.No._34,_Raju_Zila,_Dehri-196690",Dehri,Bihar,196690.0,Billing
MP-16735,CUST-11077,"973,_Taneja_Ganj,_Unnao-263137",Unnao,Uttar_Pradesh,263137.0,Shipping
KA-16736,CUST-14715,"H.No._090
Swamy_Circle
Tumkur_350577",Tumkur,Karnataka,350577.0,"Billing,_Shipping"
KA-16737,CUST-10297,"83/629
Dayal_Path
Solapur-307965",Solapur,Maharashtra,307965.0,Billing
MP-16738,CUST-13901,"18/53
Soni_Street
Khandwa_262289",Khandwa,Madhya_Pradesh,262289.0,"Billing,_Shipping"
GJ-16739,CUST-02871,"982
Chacko_Marg
Jabalpur-668444",Jabalpur,Madhya_Pradesh,668444.0,Billing
GJ-16740,CUST-15030,"H.No._19
Bhatt_Ganj
Hajipur-141806",Hajipur,Bihar,141806.0,Billing
KA-16741,CUST-14416,"34,_Grover_Chowk,_Solapur-919785",Solapur,Maharashtra,919785.0,Shipping
TN-16742,CUST-15116,"45/04,_Guha_Ganj
Tiruppur-271978",Tiruppur,Tamil_Nadu,271978.0,Billing
TS-16743,CUST-16384,"350
Gole_Path
Nizamabad_887607",Nizamabad,Telangana,887607.0,"Billing,_Shipping"
GJ-16744,CUST-08255,"77/97,_Maharaj_Nagar
Kavali-702988",Kavali,Andhra_Pradesh,702988.0,Billing
OR-16745,CUST-02257,"91/895,_Thaman_Ganj,_Chandrapur_517597",Chandrapur,Maharashtra,517597.0,Shipping
KA-16746,CUST-05295,"H.No._658,_Khatri_Street
Hosur_432910",Hosur,Tamil_Nadu,432910.0,Billing
BR-16747,CUST-18251,"441,_Sodhi_Street,_Satna_388776",Satna,Madhya_Pradesh,388776.0,"Billing,_Shipping"
GJ-16748,CUST-14510,"11/88,_Bora
Allahabad_789493",Allahabad,Uttar_Pradesh,789493.0,"Billing,_Shipping"
MH-16749,CUST-19290,"73/05
Dua_Chowk
Bhiwandi-746689",Bhiwandi,Maharashtra,746689.0,"Billing,_Shipping"
TN-16750,CUST-06007,"030
Barman_Zila
Pallavaram_775532",Pallavaram,Tamil_Nadu,775532.0,Billing
AP-16751,CUST-13141,"99
Ram_Marg
Jammu-426640",Jammu,Jammu_and_Kashmir,426640.0,Billing
UP-16752,CUST-18433,"16
Raja_Nagar
Firozabad-355764",Firozabad,Uttar_Pradesh,355764.0,Billing
RJ-16753,CUST-10815,"H.No._269
Dhar_Chowk
Fatehpur_698355",Fatehpur,Uttar_Pradesh,698355.0,"Billing,_Shipping"
BR-16754,CUST-00267,"H.No._517,_Reddy_Nagar,_Ballia_381882",Ballia,Uttar_Pradesh,381882.0,Billing
JH-16755,CUST-12263,"48/20,_Saraf_Street,_Asansol_124597",Asansol,West_Bengal,124597.0,Billing
BR-16756,CUST-19281,"926,_Venkataraman_Chowk,_Ballia_263319",Ballia,Uttar_Pradesh,263319.0,"Billing,_Shipping"
UP-16757,CUST-16048,"76/69
Andra_Marg
Raipur_924831",Raipur,Chhattisgarh,924831.0,Billing
OR-16759,CUST-08767,"41/77
Taneja_Path
Anantapur_018287",Anantapur,Andhra_Pradesh,18287.0,Shipping
UP-16760,CUST-14468,"48/47
Cherian_Nagar
Sambhal_817452",Sambhal,Uttar_Pradesh,817452.0,"Billing,_Shipping"
KA-16761,CUST-06729,"46/483
Dar_Path
Hospet-836216",Hospet,Karnataka,836216.0,Shipping
MH-16762,CUST-10845,"22/368,_Majumdar
Malegaon-968899",Malegaon,Maharashtra,968899.0,"Billing,_Shipping"
WB-16763,CUST-18165,"46/20
Shetty_Zila
Kulti_193308",Kulti,West_Bengal,193308.0,Billing
WB-16764,CUST-18657,"70/13
Jain_Circle
Naihati_164738",Naihati,West_Bengal,164738.0,Billing
GJ-16765,CUST-00609,"61/85,_D’Alia_Path,_Hajipur_326083",Hajipur,Bihar,326083.0,Billing
MP-16766,CUST-17934,"21
Chacko_Road
Ramgarh-261978",Ramgarh,Jharkhand,261978.0,Billing
MP-16767,CUST-19705,"46/87
Ranganathan_Marg
Jodhpur_528812",Jodhpur,Rajasthan,528812.0,Shipping
MH-16768,CUST-13293,"H.No._889
Date_Road
Malegaon-490303",Malegaon,Maharashtra,490303.0,"Billing,_Shipping"
TR-16769,CUST-10104,"H.No._56,_Chawla_Road,_Chandigarh_033010",Chandigarh,Chandigarh_(Union_Territory),33010.0,Billing
BR-16770,CUST-19494,"35/221,_Doshi_Marg,_Purnia-114220",Purnia,Bihar,114220.0,Shipping
MP-16771,CUST-17392,"914
Hegde_Nagar
Jhansi-517641",Jhansi,Uttar_Pradesh,517641.0,Shipping
MP-16772,CUST-05397,"H.No._88,_Buch_Circle
Mau-321704",Mau,Uttar_Pradesh,321704.0,Shipping
JH-16773,CUST-03139,"H.No._783,_Char_Zila
Mango-288303",Mango,Jharkhand,288303.0,"Billing,_Shipping"
KA-16774,CUST-08854,"41
Kaur_Ganj
Mangalore-609885",Mangalore,Karnataka,609885.0,Shipping
MP-16775,CUST-14543,"H.No._51,_Behl_Chowk
Jodhpur_544540",Jodhpur,Rajasthan,544540.0,Billing
UP-16776,CUST-19714,"73/340,_Goyal_Circle
Mirzapur-770636",Mirzapur,Uttar_Pradesh,770636.0,Billing
JH-16777,CUST-04470,"345,_Kumar_Circle,_Kharagpur_162240",Kharagpur,West_Bengal,162240.0,Billing
AP-16778,CUST-14494,"90/05,_Varty_Nagar
Bhimavaram-189105",Bhimavaram,Andhra_Pradesh,189105.0,Billing
WB-16779,CUST-17173,"H.No._360
Brahmbhatt_Marg
Aligarh_261223",Aligarh,Uttar_Pradesh,261223.0,"Billing,_Shipping"
WB-16780,CUST-15583,"13/115,_Dugar_Nagar
Aligarh_117360",Aligarh,Uttar_Pradesh,117360.0,"Billing,_Shipping"
MH-16781,CUST-12402,"27
Johal_Circle
Loni-161347",Loni,Uttar_Pradesh,161347.0,Billing
DL-16782,CUST-15279,"995,_Sahni
Delhi-221597",Delhi,Delhi_(Union_Territory),221597.0,Billing
RJ-16783,CUST-08717,"265,_Keer_Ganj,_Akola-424923",Akola,Maharashtra,424923.0,Shipping
UK-16784,CUST-07122,"57/406
Sharma_Road
Shivpuri_471739",Shivpuri,Madhya_Pradesh,471739.0,Billing
AP-16785,CUST-15625,"15,_Raja_Marg,_Anantapuram-646946",Anantapuram,Andhra_Pradesh,646946.0,Shipping
DL-16786,CUST-13905,"31,_Tak_Chowk
Delhi_646493",Delhi,Delhi_(Union_Territory),646493.0,Billing
OR-16787,CUST-16037,"95/611,_Sengupta_Circle
Bilaspur-171166",Bilaspur,Chhattisgarh,171166.0,"Billing,_Shipping"
OR-16788,CUST-13794,"66/462
Baria_Street
Bharatpur_519411",Bharatpur,Rajasthan,519411.0,Billing
TS-16789,CUST-12269,"H.No._46
Loyal_Road
Sirsa_479889",Sirsa,Haryana,479889.0,Shipping
MH-16790,CUST-09553,"00
Agate_Street
Jalgaon_480164",Jalgaon,Maharashtra,480164.0,Billing
TS-16791,CUST-18640,"H.No._382,_Dar_Street
Dindigul-573744",Dindigul,Tamil_Nadu,573744.0,"Billing,_Shipping"
UP-16793,CUST-15359,"22/924,_Chowdhury,_Firozabad_358820",Firozabad,Uttar_Pradesh,358820.0,Shipping
TR-16794,CUST-03726,"H.No._98,_Ramesh_Chowk
Durgapur_547331",Durgapur,West_Bengal,547331.0,Billing
WB-16795,CUST-07067,"13/517,_Mallick_Street,_Bidhannagar-983885",Bidhannagar,West_Bengal,983885.0,"Billing,_Shipping"
BR-16796,CUST-18941,"H.No._694
Sachdeva
Purnia_310366",Purnia,Bihar,310366.0,"Billing,_Shipping"
GJ-16797,CUST-00142,"69/88
Soni_Zila
Jabalpur_269196",Jabalpur,Madhya_Pradesh,269196.0,Shipping
UP-16798,CUST-09100,"68/92,_Roy_Street,_Muzaffarpur-935468",Muzaffarpur,Bihar,935468.0,Billing
MP-16799,CUST-10463,"80,_Ratti_Street
Gorakhpur_046335",Gorakhpur,Uttar_Pradesh,46335.0,Billing
MP-16800,CUST-18575,"08/406,_Dar_Road
Mau-335305",Mau,Uttar_Pradesh,335305.0,Shipping
UP-16801,CUST-16794,"59/085,_Vora_Zila,_Firozabad_689069",Firozabad,Uttar_Pradesh,689069.0,Billing
UP-16802,CUST-13964,"H.No._834,_Chokshi_Zila
Shahjahanpur_695736",Shahjahanpur,Uttar_Pradesh,695736.0,"Billing,_Shipping"
HR-16803,CUST-15472,"43,_Subramaniam_Street
Aurangabad-331646",Aurangabad,Maharashtra,331646.0,Shipping
GJ-16804,CUST-09362,"H.No._86,_Hora_Street
Ajmer-277164",Ajmer,Rajasthan,277164.0,"Billing,_Shipping"
BR-16805,CUST-12433,"H.No._608,_Sachdev_Ganj,_Buxar-146445",Buxar,Bihar,146445.0,Shipping
MP-16806,CUST-13226,"H.No._363,_Dar_Street
Unnao-915490",Unnao,Uttar_Pradesh,915490.0,Shipping
TN-16807,CUST-02588,"H.No._73,_Bera_Path
Salem_605156",Salem,Tamil_Nadu,605156.0,Billing
UP-16808,CUST-03962,"H.No._769
Dhingra_Path
Bhagalpur_805381",Bhagalpur,Bihar,805381.0,"Billing,_Shipping"
KA-16809,CUST-13138,"18
Kala
Tumkur_714669",Tumkur,Karnataka,714669.0,Billing
BR-16810,CUST-14039,"727
Dugar_Circle
Buxar-039657",Buxar,Bihar,39657.0,Billing
AP-16811,CUST-04114,"609
Kashyap_Zila
Gudivada_848723",Gudivada,Andhra_Pradesh,848723.0,Shipping
CG-16812,CUST-00989,"60/50,_Chhabra_Circle
Nagpur-992100",Nagpur,Maharashtra,992100.0,Billing
UP-16813,CUST-09286,"04,_Roy_Ganj
Burhanpur-110976",Burhanpur,Madhya_Pradesh,110976.0,Shipping
RJ-16814,CUST-15250,"H.No._100,_Mall,_Fatehpur-203287",Fatehpur,Uttar_Pradesh,203287.0,Shipping
AP-16815,CUST-12066,"75,_Koshy
Jammu-794667",Jammu,Jammu_and_Kashmir,794667.0,Billing
CG-16816,CUST-11105,"543,_Sankar_Zila
Sambalpur_982234",Sambalpur,Odisha,982234.0,Shipping
KA-16817,CUST-05956,"122
Bath_Street
Mangalore-821127",Mangalore,Karnataka,821127.0,"Billing,_Shipping"
UP-16818,CUST-15518,"H.No._322,_Sankaran,_Sambhal-703373",Sambhal,Uttar_Pradesh,703373.0,Billing
UP-16819,CUST-05061,"H.No._608
Sarna_Zila
Muzaffarpur-000052",Muzaffarpur,Bihar,52.0,"Billing,_Shipping"
UP-16820,CUST-05777,"H.No._78
Vasa_Street
Gurgaon_966331",Gurgaon,Haryana,966331.0,Billing
MP-16821,CUST-19264,"446,_Varma,_Kota_443778",Kota,Rajasthan,443778.0,Shipping
BR-16822,CUST-11748,"50/30,_Ramesh_Path,_Munger_370751",Munger,Bihar,370751.0,Billing
OR-16823,CUST-14330,"H.No._59
Ghosh_Chowk
Danapur_061959",Danapur,Bihar,61959.0,Billing
AS-16824,CUST-02352,"H.No._804,_Sidhu_Road
Bongaigaon_344380",Bongaigaon,Assam,344380.0,Shipping
TR-16825,CUST-08412,"H.No._36,_Magar_Circle
Durgapur-563868",Durgapur,West_Bengal,563868.0,Billing
TS-16826,CUST-17349,"86/289,_Rana_Chowk
Ambala-906768",Ambala,Haryana,906768.0,Billing
OR-16827,CUST-19964,"H.No._48,_Kurian_Road,_Danapur_103386",Danapur,Bihar,103386.0,Billing
TS-16828,CUST-16651,"473
Sura_Street
Ambala_185147",Ambala,Haryana,185147.0,Shipping
MP-16829,CUST-10993,"43/939
Chander
Indore-650546",Indore,Madhya_Pradesh,650546.0,"Billing,_Shipping"
UP-16830,CUST-08699,"86/37,_Krishna_Ganj
Jamalpur_788837",Jamalpur,Bihar,788837.0,Billing
CG-16831,CUST-02122,"47/542
Shetty_Zila
Nagpur_967451",Nagpur,Maharashtra,967451.0,"Billing,_Shipping"
GJ-16832,CUST-08031,"22/66,_Sood_Zila,_Hajipur-361014",Hajipur,Bihar,361014.0,Billing
OR-16833,CUST-17048,"19,_Barad_Path,_Chandrapur-481002",Chandrapur,Maharashtra,481002.0,"Billing,_Shipping"
GJ-16834,CUST-03211,"38/23,_Grover,_Ajmer-790151",Ajmer,Rajasthan,790151.0,"Billing,_Shipping"
AP-16835,CUST-05710,"17/374,_Dave_Circle,_Bhimavaram_090734",Bhimavaram,Andhra_Pradesh,90734.0,"Billing,_Shipping"
KA-16836,CUST-09962,"H.No._925
Lall_Road
Solapur_654278",Solapur,Maharashtra,654278.0,Shipping
TS-16837,CUST-04977,"744
Varty
Sirsa-656032",Sirsa,Haryana,656032.0,"Billing,_Shipping"
MP-16838,CUST-19629,"79/05,_Lala_Ganj,_Khandwa_726850",Khandwa,Madhya_Pradesh,726850.0,"Billing,_Shipping"
UP-16839,CUST-00105,"630,_Doctor_Nagar,_Shahjahanpur-804347",Shahjahanpur,Uttar_Pradesh,804347.0,Shipping
OR-16840,CUST-00491,"89/812,_Vala_Nagar
Berhampur-706452",Berhampur,Odisha,706452.0,Shipping
KA-16841,CUST-17965,"08,_Thakur
Tumkur-612316",Tumkur,Karnataka,612316.0,Shipping
UP-16842,CUST-17238,"61/78,_Chaudhari_Street,_Mirzapur_595988",Mirzapur,Uttar_Pradesh,595988.0,"Billing,_Shipping"
GJ-16843,CUST-18991,"18/482,_Rajagopalan_Marg
Hajipur_876946",Hajipur,Bihar,876946.0,Shipping
CG-16844,CUST-15008,"01,_Warrior_Nagar
Sagar_818799",Sagar,Madhya_Pradesh,818799.0,"Billing,_Shipping"
UP-16845,CUST-10005,"33/13
Chandra_Street
Raiganj-585787",Raiganj,West_Bengal,585787.0,"Billing,_Shipping"
MH-16846,CUST-03436,"441
Hayer_Chowk
Guntur_280129",Guntur,Andhra_Pradesh,280129.0,Billing
WB-16847,CUST-18872,"92
Shankar_Road
Kamarhati_947545",Kamarhati,West_Bengal,947545.0,Shipping
AP-16849,CUST-06579,"H.No._11
Mahal
Srikakulam_112578",Srikakulam,Andhra_Pradesh,112578.0,"Billing,_Shipping"
UP-16850,CUST-07078,"46/220
Kakar
Raipur-625675",Raipur,Chhattisgarh,625675.0,Billing
MH-16851,CUST-16286,"79/11
Kant_Ganj
Jalgaon_748405",Jalgaon,Maharashtra,748405.0,Billing
MH-16852,CUST-12974,"81/00,_Hayre
Yamunanagar_059640",Yamunanagar,Haryana,59640.0,"Billing,_Shipping"
KA-16853,CUST-17122,"71,_Bali_Path
Hosur-031340",Hosur,Tamil_Nadu,31340.0,Billing
MP-16854,CUST-19202,"06/22
Dey
Jhansi_136316",Jhansi,Uttar_Pradesh,136316.0,Shipping
TR-16855,CUST-04683,"H.No._342,_Sagar_Ganj,_Chandigarh_727798",Chandigarh,Chandigarh_(Union_Territory),727798.0,Shipping
TS-16856,CUST-07168,"H.No._70,_Swamy_Nagar
Nizamabad-186011",Nizamabad,Telangana,186011.0,"Billing,_Shipping"
AP-16857,CUST-09133,"61/31,_Andra_Zila
Srikakulam_421944",Srikakulam,Andhra_Pradesh,421944.0,Shipping
TS-16858,CUST-16086,"34/08,_Manne_Ganj,_Nizamabad_626691",Nizamabad,Telangana,626691.0,"Billing,_Shipping"
OR-16859,CUST-11780,"H.No._94
Sankar_Street
Bijapur_440890",Bijapur,Karnataka,440890.0,Billing
BR-16860,CUST-04150,"21/082,_Bakshi_Chowk
Satna_539274",Satna,Madhya_Pradesh,539274.0,"Billing,_Shipping"
OR-16861,CUST-19122,"221,_Kale_Ganj,_Chandrapur-677670",Chandrapur,Maharashtra,677670.0,Shipping
AS-16862,CUST-09475,"H.No._14,_Bhattacharyya_Path,_Nagaon-211636",Nagaon,Assam,211636.0,Billing
MP-16863,CUST-09552,"H.No._18
Bava_Chowk
Jodhpur_969627",Jodhpur,Rajasthan,969627.0,"Billing,_Shipping"
HR-16864,CUST-13582,"22,_Cheema_Nagar,_Siwan-902105",Siwan,Bihar,902105.0,"Billing,_Shipping"
RJ-16865,CUST-03206,"806
Srinivasan_Nagar
Fatehpur_695815",Fatehpur,Uttar_Pradesh,695815.0,"Billing,_Shipping"
TS-16866,CUST-04624,"038
Ghosh_Road
Dindigul_025374",Dindigul,Tamil_Nadu,25374.0,Shipping
UP-16867,CUST-16145,"20/43,_Kuruvilla_Zila
Burhanpur_359055",Burhanpur,Madhya_Pradesh,359055.0,"Billing,_Shipping"
WB-16868,CUST-19986,"99
Balay_Chowk
Kulti_877763",Kulti,West_Bengal,877763.0,Shipping
UP-16869,CUST-01284,"36
Doctor_Road
Jamalpur-036880",Jamalpur,Bihar,36880.0,Shipping
WB-16870,CUST-03233,"996,_Ramanathan_Nagar,_Madhyamgram-462892",Madhyamgram,West_Bengal,462892.0,"Billing,_Shipping"
MP-16871,CUST-11927,"12
Khalsa_Marg
Ramgarh-022534",Ramgarh,Jharkhand,22534.0,"Billing,_Shipping"
MH-16872,CUST-11235,"59,_Bhat_Nagar
Nanded_514831",Nanded,Maharashtra,514831.0,Shipping
UP-16873,CUST-10865,"H.No._86,_Tailor_Road,_Raiganj_396574",Raiganj,West_Bengal,396574.0,Shipping
TN-16874,CUST-11914,"38/256
Sridhar
Tiruvottiyur_799628",Tiruvottiyur,Tamil_Nadu,799628.0,Billing
UK-16875,CUST-10842,"H.No._58,_Mandal_Path
Haridwar-524098",Haridwar,Uttarakhand,524098.0,"Billing,_Shipping"
KL-16876,CUST-14814,"46/48
Saran_Street
Kollam_371798",Kollam,Kerala,371798.0,"Billing,_Shipping"
MP-16877,CUST-03842,"19/98
Agarwal_Road
Mau-043935",Mau,Uttar_Pradesh,43935.0,Shipping
UP-16878,CUST-15686,"H.No._46
Datta
Raipur-230565",Raipur,Chhattisgarh,230565.0,"Billing,_Shipping"
TR-16879,CUST-12577,"87/43,_Ramaswamy_Circle,_Chandigarh-732573",Chandigarh,Chandigarh_(Union_Territory),732573.0,Billing
MH-16880,CUST-18563,"79,_Sant_Ganj,_Guntur-034435",Guntur,Andhra_Pradesh,34435.0,Billing
TN-16881,CUST-17034,"137,_Chacko_Ganj
Avadi-377234",Avadi,Tamil_Nadu,377234.0,"Billing,_Shipping"
MH-16882,CUST-04084,"38/572,_Dugar_Chowk
Nanded_913254",Nanded,Maharashtra,913254.0,Shipping
AS-16883,CUST-13121,"H.No._52
Chander
Nagaon-372157",Nagaon,Assam,372157.0,"Billing,_Shipping"
GJ-16884,CUST-14998,"00/724
Shetty_Ganj
Ajmer_398241",Ajmer,Rajasthan,398241.0,Billing
MH-16885,CUST-03769,"23,_Kannan_Ganj
Nanded_508041",Nanded,Maharashtra,508041.0,Billing
UP-16886,CUST-08738,"H.No._252,_Guha,_Sambhal_744893",Sambhal,Uttar_Pradesh,744893.0,Billing
AS-16887,CUST-08160,"H.No._550
Soman_Circle
Siliguri_011401",Siliguri,West_Bengal,11401.0,Shipping
MP-16889,CUST-06624,"42/500,_Som_Road
Jalandhar_912580",Jalandhar,Punjab,912580.0,"Billing,_Shipping"
MP-16890,CUST-18542,"H.No._41,_Kashyap_Chowk
Mau_819452",Mau,Uttar_Pradesh,819452.0,Shipping
UP-16891,CUST-12693,"H.No._90,_Hayre_Path
Ahmedabad-389271",Ahmedabad,Gujarat,389271.0,Billing
WB-16892,CUST-10742,"062,_Ramakrishnan_Path
Arrah-074838",Arrah,Bihar,74838.0,Shipping
UP-16893,CUST-10611,"68,_Swaminathan_Zila,_Firozabad-491675",Firozabad,Uttar_Pradesh,491675.0,"Billing,_Shipping"
MP-16894,CUST-13292,"H.No._622
Kala_Zila
Ramgarh_381757",Ramgarh,Jharkhand,381757.0,Billing
AP-16895,CUST-11863,"91,_Lad_Circle,_Gudivada_322076",Gudivada,Andhra_Pradesh,322076.0,"Billing,_Shipping"
TN-16896,CUST-17962,"H.No._284,_Sathe_Zila,_Salem_543804",Salem,Tamil_Nadu,543804.0,"Billing,_Shipping"
CG-16897,CUST-01564,"H.No._821
Deo_Chowk
Bhilai_839892",Bhilai,Chhattisgarh,839892.0,Billing
OR-16898,CUST-16661,"46/52,_Dasgupta_Zila,_Bijapur-420739",Bijapur,Karnataka,420739.0,Shipping
TN-16899,CUST-10617,"H.No._750,_Chaudhuri_Marg,_Tiruvottiyur-055251",Tiruvottiyur,Tamil_Nadu,55251.0,Billing
WB-16900,CUST-00693,"H.No._19
Tailor_Nagar
Kulti-025450",Kulti,West_Bengal,25450.0,Shipping
MH-16901,CUST-15517,"H.No._30
Gola_Street
Rampur_947174",Rampur,Uttar_Pradesh,947174.0,Billing
GJ-16902,CUST-13308,"06/098
Sathe_Road
Vadodara_304655",Vadodara,Gujarat,304655.0,"Billing,_Shipping"
GJ-16903,CUST-15786,"H.No._45,_Balay_Nagar,_Gandhidham_875587",Gandhidham,Gujarat,875587.0,Billing
GJ-16904,CUST-17573,"827
Taneja_Chowk
Hajipur_878677",Hajipur,Bihar,878677.0,Billing
MP-16905,CUST-12776,"H.No._96
Vaidya
Indore-042170",Indore,Madhya_Pradesh,42170.0,Shipping
TS-16906,CUST-05475,"H.No._53
Chowdhury_Circle
Ambala_286759",Ambala,Haryana,286759.0,Billing
MH-16907,CUST-13633,"231,_Dhaliwal_Ganj,_Loni-103247",Loni,Uttar_Pradesh,103247.0,Shipping
CG-16908,CUST-11608,"H.No._787,_Dara
Bhilai-909503",Bhilai,Chhattisgarh,909503.0,Billing
UP-16909,CUST-13914,"H.No._04,_Tandon_Circle,_Muzaffarpur-978249",Muzaffarpur,Bihar,978249.0,"Billing,_Shipping"
JH-16911,CUST-17132,"59/80,_Walia_Street,_Mango_634896",Mango,Jharkhand,634896.0,"Billing,_Shipping"
UP-16912,CUST-01369,"40/131,_Sama_Ganj,_Mirzapur_505147",Mirzapur,Uttar_Pradesh,505147.0,Billing
TN-16913,CUST-15309,"58,_Bawa_Chowk,_Pali-222026",Pali,Rajasthan,222026.0,Shipping
WB-16914,CUST-04081,"88
Swaminathan_Street
Bidhannagar-059545",Bidhannagar,West_Bengal,59545.0,Billing
CG-16915,CUST-14081,"36,_Majumdar_Circle,_Sambalpur-630648",Sambalpur,Odisha,630648.0,"Billing,_Shipping"
UP-16916,CUST-19072,"79
Gera_Marg
Chapra_575390",Chapra,Bihar,575390.0,"Billing,_Shipping"
MH-16917,CUST-11528,"156,_Karnik_Zila,_Jalgaon_357066",Jalgaon,Maharashtra,357066.0,"Billing,_Shipping"
UP-16918,CUST-08731,"25,_Banik_Path
Chapra_014872",Chapra,Bihar,14872.0,Billing
TS-16919,CUST-14579,"H.No._442,_Brahmbhatt_Road,_Proddatur-482385",Proddatur,Andhra_Pradesh,482385.0,Billing
UP-16920,CUST-08403,"737,_Bhatia_Path
Mirzapur_825645",Mirzapur,Uttar_Pradesh,825645.0,Billing
WB-16921,CUST-08518,"78/248,_Ganesan_Marg,_Panihati_858126",Panihati,West_Bengal,858126.0,Billing
TN-16922,CUST-04528,"H.No._629
Bhatia_Road
Pallavaram_071383",Pallavaram,Tamil_Nadu,71383.0,"Billing,_Shipping"
UP-16923,CUST-15747,"14/716
Khare_Street
Farrukhabad-163751",Farrukhabad,Uttar_Pradesh,163751.0,"Billing,_Shipping"
AP-16924,CUST-17240,"01/42,_Sastry_Street
Gudivada-324611",Gudivada,Andhra_Pradesh,324611.0,Shipping
OR-16925,CUST-01191,"H.No._014,_Mangal_Chowk
Anantapur-955110",Anantapur,Andhra_Pradesh,955110.0,Shipping
TR-16926,CUST-01000,"H.No._485,_Sinha_Road,_Durgapur-741246",Durgapur,West_Bengal,741246.0,Billing
RJ-16927,CUST-05389,"87/96,_Buch_Street,_Rajkot_863902",Rajkot,Gujarat,863902.0,"Billing,_Shipping"
JH-16928,CUST-10289,"55/105,_Krishnan_Road,_Phusro-032163",Phusro,Jharkhand,32163.0,Billing
OR-16929,CUST-05569,"H.No._262,_Shah_Road
Patna-710536",Patna,Bihar,710536.0,Billing
KA-16930,CUST-14771,"17
Dua
Mangalore-991888",Mangalore,Karnataka,991888.0,Billing
TS-16931,CUST-16129,"H.No._782
Krishna_Marg
Ramagundam_850523",Ramagundam,Telangana,850523.0,Billing
WB-16932,CUST-09676,"85,_Sagar_Nagar,_Aligarh_912879",Aligarh,Uttar_Pradesh,912879.0,"Billing,_Shipping"
MH-16933,CUST-01017,"H.No._76,_Ratti_Marg,_Nanded_692348",Nanded,Maharashtra,692348.0,Shipping
MP-16934,CUST-11558,"H.No._603
Dixit_Marg
Jodhpur-452241",Jodhpur,Rajasthan,452241.0,Shipping
GJ-16935,CUST-19071,"25/878,_Sahota_Nagar,_Gandhidham_090247",Gandhidham,Gujarat,90247.0,Shipping
TS-16936,CUST-09171,"587,_Dasgupta_Ganj
Nizamabad-478866",Nizamabad,Telangana,478866.0,Shipping
WB-16937,CUST-11452,"H.No._652,_Venkataraman_Circle,_Aligarh-163419",Aligarh,Uttar_Pradesh,163419.0,Billing
MP-16938,CUST-10587,"80/966
Vyas_Marg
Unnao-119000",Unnao,Uttar_Pradesh,119000.0,"Billing,_Shipping"
WB-16939,CUST-13083,"00
Borra
Bidhannagar_762992",Bidhannagar,West_Bengal,762992.0,"Billing,_Shipping"
JH-16940,CUST-16189,"93/772
Toor_Nagar
Asansol_490292",Asansol,West_Bengal,490292.0,Shipping
GJ-16941,CUST-10107,"449
Kumer_Chowk
Hajipur-873980",Hajipur,Bihar,873980.0,Billing
MH-16942,CUST-18286,"126,_Gupta_Marg
Loni-576869",Loni,Uttar_Pradesh,576869.0,Shipping
KA-16943,CUST-08823,"480
Ghose_Path
Solapur_482072",Solapur,Maharashtra,482072.0,Billing
TS-16944,CUST-18817,"H.No._504,_Divan
Srinagar-942772",Srinagar,Jammu_and_Kashmir,942772.0,Shipping
RJ-16945,CUST-19728,"H.No._41
Bora_Road
Akola-876741",Akola,Maharashtra,876741.0,Billing
UP-16946,CUST-11130,"53
Dugal_Chowk
Gurgaon-137057",Gurgaon,Haryana,137057.0,Shipping
JH-16947,CUST-00777,"35/65,_Barad,_Asansol_170668",Asansol,West_Bengal,170668.0,Shipping
TN-16948,CUST-10602,"224,_Kaur_Ganj,_Chittoor-398346",Chittoor,Andhra_Pradesh,398346.0,Shipping
UK-16949,CUST-14184,"89,_Shenoy_Marg,_Shivpuri_799967",Shivpuri,Madhya_Pradesh,799967.0,"Billing,_Shipping"
UK-16950,CUST-11549,"469,_Chandra_Road,_Shivpuri_774998",Shivpuri,Madhya_Pradesh,774998.0,"Billing,_Shipping"
KA-16951,CUST-07601,"423,_Sangha_Circle
Hosur_729424",Hosur,Tamil_Nadu,729424.0,Shipping
TN-16952,CUST-14808,"H.No._359
Acharya_Ganj
Chittoor_300267",Chittoor,Andhra_Pradesh,300267.0,Shipping
TN-16953,CUST-01372,"989,_Subramanian_Marg,_Pallavaram-122015",Pallavaram,Tamil_Nadu,122015.0,Shipping
BR-16954,CUST-10573,"26/571,_Salvi_Marg,_Purnia_233391",Purnia,Bihar,233391.0,Shipping
MP-16955,CUST-11651,"72/58,_Sura_Path
Jalandhar_547326",Jalandhar,Punjab,547326.0,"Billing,_Shipping"
BR-16956,CUST-11655,"478,_Sarma_Zila,_Satna-689085",Satna,Madhya_Pradesh,689085.0,Shipping
MP-16957,CUST-03355,"155
Malhotra_Ganj
Khandwa_184531",Khandwa,Madhya_Pradesh,184531.0,Shipping
OR-16958,CUST-02512,"H.No._220,_Goyal_Path
Berhampur_909105",Berhampur,Odisha,909105.0,Shipping
TN-16959,CUST-03178,"H.No._45,_Sridhar_Nagar
Chittoor_176163",Chittoor,Andhra_Pradesh,176163.0,Shipping
UP-16960,CUST-16434,"85/244,_Mane,_Sambhal-946175",Sambhal,Uttar_Pradesh,946175.0,"Billing,_Shipping"
WB-16961,CUST-04722,"04/492,_Yohannan_Chowk
Baranagar_637269",Baranagar,West_Bengal,637269.0,Billing
OR-16962,CUST-19466,"65
Basak_Circle
Danapur-745479",Danapur,Bihar,745479.0,Billing
JH-16963,CUST-12928,"23/51
Kari_Circle
Asansol-533393",Asansol,West_Bengal,533393.0,Billing
MP-16964,CUST-15872,"80/248,_Tank_Nagar
Mau-855264",Mau,Uttar_Pradesh,855264.0,"Billing,_Shipping"
UP-16965,CUST-02226,"69/46,_Bhatt_Marg
Firozabad-800933",Firozabad,Uttar_Pradesh,800933.0,Shipping
MP-16966,CUST-18123,"427,_Saraf
Jalandhar-922825",Jalandhar,Punjab,922825.0,Shipping
OR-16967,CUST-01174,"H.No._37
Kumar
Bijapur_381350",Bijapur,Karnataka,381350.0,Billing
OR-16968,CUST-19403,"18,_Aurora,_Anantapur-510347",Anantapur,Andhra_Pradesh,510347.0,Shipping
MP-16970,CUST-05806,"15/609,_Gour_Road,_Gorakhpur-603742",Gorakhpur,Uttar_Pradesh,603742.0,"Billing,_Shipping"
MH-16971,CUST-03323,"H.No._321,_Kala_Street,_Karnal_071332",Karnal,Haryana,71332.0,Billing
TN-16972,CUST-10871,"H.No._610,_Raj_Chowk,_Chittoor-312332",Chittoor,Andhra_Pradesh,312332.0,Billing
BR-16973,CUST-00332,"10/965,_Bhatti_Road,_Ballia-614189",Ballia,Uttar_Pradesh,614189.0,"Billing,_Shipping"
AP-16974,CUST-11638,"26/88,_Lalla_Street,_Dharmavaram-706369",Dharmavaram,Andhra_Pradesh,706369.0,"Billing,_Shipping"
OR-16975,CUST-11994,"18/87,_Seth
Mathura-210141",Mathura,Uttar_Pradesh,210141.0,Billing
TS-16976,CUST-11918,"36,_Saraf_Road,_Dindigul-983192",Dindigul,Tamil_Nadu,983192.0,Shipping
AP-16977,CUST-11355,"H.No._479,_Lanka_Zila,_Srikakulam-913494",Srikakulam,Andhra_Pradesh,913494.0,"Billing,_Shipping"
MH-16978,CUST-14167,"86/308,_Chandran_Chowk
Yamunanagar_927220",Yamunanagar,Haryana,927220.0,Shipping
KA-16979,CUST-09573,"H.No._52,_Soni_Ganj
Hosur-264499",Hosur,Tamil_Nadu,264499.0,"Billing,_Shipping"
KA-16980,CUST-11328,"84/30,_Sangha_Road
Hosur_923432",Hosur,Tamil_Nadu,923432.0,Shipping
UP-16981,CUST-17929,"H.No._63,_Master_Circle
Firozabad-231319",Firozabad,Uttar_Pradesh,231319.0,Billing
UP-16982,CUST-15747,"01
Gokhale_Street
Ahmedabad_697668",Ahmedabad,Gujarat,697668.0,Shipping
UP-16983,CUST-00112,"95/09,_Lanka_Circle,_Muzaffarpur_166429",Muzaffarpur,Bihar,166429.0,Billing
WB-16984,CUST-05693,"484,_Loyal,_Kamarhati_329887",Kamarhati,West_Bengal,329887.0,Shipping
RJ-16985,CUST-00474,"97/41
Bhargava_Circle
Rajkot-503166",Rajkot,Gujarat,503166.0,"Billing,_Shipping"
GJ-16986,CUST-10510,"82/40,_Thakur_Circle
Ajmer-721554",Ajmer,Rajasthan,721554.0,Billing
RJ-16987,CUST-11145,"54/58,_Sunder_Road
Fatehpur-955308",Fatehpur,Uttar_Pradesh,955308.0,Billing
KA-16988,CUST-04693,"46/150,_Banik,_Mangalore_183362",Mangalore,Karnataka,183362.0,Billing
UP-16989,CUST-14866,"46/80,_Sandal_Zila
Karimnagar-371478",Karimnagar,Telangana,371478.0,Billing
HP-16990,CUST-03617,"57/48
Chand_Zila
Udaipur-728169",Udaipur,Rajasthan,728169.0,"Billing,_Shipping"
TR-16991,CUST-13947,"18/58,_Bakshi_Nagar
Durgapur_257680",Durgapur,West_Bengal,257680.0,Shipping
CG-16992,CUST-14639,"80/24
Goyal_Nagar
Bhilai-943715",Bhilai,Chhattisgarh,943715.0,Billing
UP-16993,CUST-09065,"62/81,_Kashyap_Zila
Karimnagar-547767",Karimnagar,Telangana,547767.0,Billing
KA-16994,CUST-18300,"86/83,_Tandon_Street,_Solapur-674600",Solapur,Maharashtra,674600.0,Shipping
GJ-16995,CUST-00711,"74/236
Kara_Zila
Ajmer_049259",Ajmer,Rajasthan,49259.0,Shipping
TR-16996,CUST-13579,"205
Kari_Road
Durgapur_190244",Durgapur,West_Bengal,190244.0,Billing
HP-16997,CUST-05189,"H.No._229,_Hayre_Marg,_Udaipur-126067",Udaipur,Rajasthan,126067.0,Billing
RJ-16998,CUST-16353,"H.No._049,_Sane_Circle
Dewas-460386",Dewas,Madhya_Pradesh,460386.0,Billing
MH-16999,CUST-15351,"34/054
Bera_Marg
Jalgaon-572268",Jalgaon,Maharashtra,572268.0,Shipping
HR-17000,CUST-10288,"H.No._38,_Kamdar_Ganj,_Bikaner-293746",Bikaner,Rajasthan,293746.0,Billing
UP-17001,CUST-09077,"531
Singhal_Ganj
Burhanpur_680377",Burhanpur,Madhya_Pradesh,680377.0,"Billing,_Shipping"
OR-17002,CUST-00320,"H.No._83
Bajaj_Circle
Haldia_012001",Haldia,West_Bengal,12001.0,"Billing,_Shipping"
UP-17003,CUST-14465,"66,_Gill_Path,_Sambhal_788942",Sambhal,Uttar_Pradesh,788942.0,"Billing,_Shipping"
TN-17004,CUST-12015,"H.No._34,_Lal_Zila,_Vellore-959814",Vellore,Tamil_Nadu,959814.0,"Billing,_Shipping"
JH-17005,CUST-16457,"34,_Gola_Nagar
Asansol_087234",Asansol,West_Bengal,87234.0,Billing
UP-17006,CUST-17921,"27
Bala_Road
Mirzapur-972793",Mirzapur,Uttar_Pradesh,972793.0,Billing
CG-17007,CUST-13572,"H.No._995,_Shanker_Path
Malda_888395",Malda,West_Bengal,888395.0,Billing
TN-17008,CUST-10862,"33/74,_Krishnan_Chowk,_Tiruvottiyur_424198",Tiruvottiyur,Tamil_Nadu,424198.0,Billing
CG-17009,CUST-04514,"74/31,_Sarma_Nagar,_Sambalpur-299516",Sambalpur,Odisha,299516.0,"Billing,_Shipping"
HR-17011,CUST-03110,"80/44,_Mani_Circle,_Bikaner-623417",Bikaner,Rajasthan,623417.0,Billing
UP-17012,CUST-05637,"12/88
Tata_Circle
Raiganj_583273",Raiganj,West_Bengal,583273.0,Shipping
WB-17013,CUST-18840,"H.No._79,_Anne_Marg
Bidhannagar-942033",Bidhannagar,West_Bengal,942033.0,Shipping
OR-17014,CUST-10103,"08/23,_Sidhu_Ganj,_Mathura_670818",Mathura,Uttar_Pradesh,670818.0,"Billing,_Shipping"
TR-17015,CUST-11797,"H.No._305
Chaudhuri_Circle
Chandigarh-225056",Chandigarh,Chandigarh_(Union_Territory),225056.0,Shipping
TR-17016,CUST-12332,"H.No._13
Desai_Chowk
Durgapur-345194",Durgapur,West_Bengal,345194.0,Billing
UK-17017,CUST-11668,"H.No._190
Dhar_Circle
Shivpuri_560006",Shivpuri,Madhya_Pradesh,560006.0,Shipping
AP-17018,CUST-14251,"282
Kumer
Srikakulam-304808",Srikakulam,Andhra_Pradesh,304808.0,Shipping
MP-17019,CUST-15623,"11,_Jhaveri_Chowk
Kota_767534",Kota,Rajasthan,767534.0,Shipping
BR-17020,CUST-11471,"H.No._788,_Goyal_Street
Munger_804688",Munger,Bihar,804688.0,Billing
BR-17021,CUST-15276,"01/841
Garg
Ballia_056520",Ballia,Uttar_Pradesh,56520.0,"Billing,_Shipping"
WB-17022,CUST-05582,"44/477
Kumar_Path
Bally-573046",Bally,West_Bengal,573046.0,"Billing,_Shipping"
UP-17023,CUST-19875,"46/32,_Kohli_Street
Burhanpur_669960",Burhanpur,Madhya_Pradesh,669960.0,Shipping
WB-17024,CUST-01486,"25/32,_D’Alia_Path,_Naihati-457480",Naihati,West_Bengal,457480.0,Shipping
RJ-17025,CUST-00872,"59/82,_Devi_Chowk,_Rajkot-060306",Rajkot,Gujarat,60306.0,"Billing,_Shipping"
UP-17026,CUST-09567,"H.No._06,_Ramesh_Road
Bhagalpur_446137",Bhagalpur,Bihar,446137.0,Billing
AP-17027,CUST-04166,"H.No._92,_Bandi_Zila,_Bhimavaram-591092",Bhimavaram,Andhra_Pradesh,591092.0,Shipping
JH-17028,CUST-12196,"10/16,_Vohra_Path,_Mango-386969",Mango,Jharkhand,386969.0,Shipping
OR-17029,CUST-01473,"15/56
Bhatnagar_Street
Patna_302138",Patna,Bihar,302138.0,"Billing,_Shipping"
OR-17030,CUST-18385,"347,_Dara_Zila
Anantapur-216314",Anantapur,Andhra_Pradesh,216314.0,Shipping
MP-17031,CUST-14813,"H.No._27,_Sant_Zila
Jalandhar_643692",Jalandhar,Punjab,643692.0,"Billing,_Shipping"
MH-17032,CUST-02749,"H.No._67,_Bali_Chowk
Nanded-014508",Nanded,Maharashtra,14508.0,Shipping
MP-17033,CUST-11289,"H.No._395,_Sibal_Marg
Mau-172076",Mau,Uttar_Pradesh,172076.0,Shipping
TS-17034,CUST-13358,"04
Sibal_Marg
Hindupur_822710",Hindupur,Andhra_Pradesh,822710.0,Billing
TS-17035,CUST-15190,"H.No._413
Som_Path
Ramagundam_971249",Ramagundam,Telangana,971249.0,Shipping
TS-17036,CUST-16527,"79/88,_Bali_Nagar,_Dindigul_310388",Dindigul,Tamil_Nadu,310388.0,"Billing,_Shipping"
OR-17037,CUST-05555,"373,_Raval_Road,_Chandrapur_749575",Chandrapur,Maharashtra,749575.0,Billing
UP-17038,CUST-19183,"21/07,_Sami_Circle
Jamalpur_866305",Jamalpur,Bihar,866305.0,Shipping
BR-17039,CUST-18080,"24,_Chopra_Street
Ballia_374813",Ballia,Uttar_Pradesh,374813.0,Shipping
CG-17040,CUST-15757,"715
Chandra_Circle
Sambalpur_682389",Sambalpur,Odisha,682389.0,"Billing,_Shipping"
BR-17041,CUST-17527,"13/40,_Bhardwaj_Chowk,_Ballia-266493",Ballia,Uttar_Pradesh,266493.0,Billing
UP-17042,CUST-07674,"58/59,_Kala_Circle,_Mirzapur-785898",Mirzapur,Uttar_Pradesh,785898.0,"Billing,_Shipping"
CG-17043,CUST-10387,"714,_Varty_Circle
Sambalpur_763124",Sambalpur,Odisha,763124.0,"Billing,_Shipping"
AP-17044,CUST-15762,"26/484,_Chacko_Marg
Jammu-364454",Jammu,Jammu_and_Kashmir,364454.0,"Billing,_Shipping"
HR-17045,CUST-10568,"51/11
Rana_Chowk
Siwan-087587",Siwan,Bihar,87587.0,Billing
UP-17046,CUST-09988,"89/32
Vora_Ganj
Gurgaon_022030",Gurgaon,Haryana,22030.0,Billing
AP-17047,CUST-18167,"509,_Ramakrishnan_Road,_Gudivada_004748",Gudivada,Andhra_Pradesh,4748.0,Shipping
AS-17048,CUST-18280,"984
Chanda_Ganj
Siliguri_854162",Siliguri,West_Bengal,854162.0,Shipping
MP-17049,CUST-16677,"H.No._095,_Maharaj_Chowk
Jalandhar-395394",Jalandhar,Punjab,395394.0,"Billing,_Shipping"
MP-17050,CUST-03114,"10,_Iyer_Ganj,_Unnao-483998",Unnao,Uttar_Pradesh,483998.0,Billing
KA-17051,CUST-11275,"H.No._65,_Sibal_Chowk
Amaravati-838578",Amaravati,Andhra_Pradesh,838578.0,"Billing,_Shipping"
AS-17052,CUST-17858,"230,_Ahluwalia,_Bongaigaon-215586",Bongaigaon,Assam,215586.0,Shipping
MH-17053,CUST-14115,"244,_Salvi_Zila,_Yamunanagar-665306",Yamunanagar,Haryana,665306.0,Shipping
BR-17054,CUST-10471,"53/94,_Vohra_Road,_Ballia-648199",Ballia,Uttar_Pradesh,648199.0,Billing
MP-17055,CUST-15279,"H.No._00
Ravi_Road
Kishanganj_863789",Kishanganj,Bihar,863789.0,"Billing,_Shipping"
UP-17056,CUST-18266,"229
Agarwal_Zila
Raipur-185881",Raipur,Chhattisgarh,185881.0,"Billing,_Shipping"
CG-17057,CUST-12855,"59,_Sastry_Road,_Sagar_883763",Sagar,Madhya_Pradesh,883763.0,"Billing,_Shipping"
OR-17058,CUST-01293,"09,_Aurora,_Bharatpur_866783",Bharatpur,Rajasthan,866783.0,Shipping
TN-17059,CUST-16258,"H.No._229
Goda_Chowk
Tiruppur-636323",Tiruppur,Tamil_Nadu,636323.0,"Billing,_Shipping"
KA-17060,CUST-19033,"07/62
Kaul_Nagar
Mangalore-197476",Mangalore,Karnataka,197476.0,Billing
TS-17061,CUST-11256,"01/62,_Chowdhury_Zila,_Proddatur_430998",Proddatur,Andhra_Pradesh,430998.0,Shipping
KA-17062,CUST-14440,"11/48,_Bahl
Tumkur-635037",Tumkur,Karnataka,635037.0,"Billing,_Shipping"
MH-17063,CUST-08712,"19,_Baral_Chowk
Loni_185018",Loni,Uttar_Pradesh,185018.0,Billing
TS-17064,CUST-01955,"24/955,_Kapadia_Road
Ramagundam_470419",Ramagundam,Telangana,470419.0,"Billing,_Shipping"
KA-17065,CUST-18191,"36,_Guha_Circle,_Solapur_047524",Solapur,Maharashtra,47524.0,"Billing,_Shipping"
OR-17066,CUST-16923,"84,_Sha_Chowk
Haldia_038092",Haldia,West_Bengal,38092.0,"Billing,_Shipping"
CG-17067,CUST-08441,"H.No._800,_Deep_Zila,_Sambalpur_720063",Sambalpur,Odisha,720063.0,Billing
AP-17068,CUST-04882,"H.No._43
Kala_Circle
Gudivada-838666",Gudivada,Andhra_Pradesh,838666.0,Billing
RJ-17069,CUST-03495,"03
Mandal_Street
Dewas_307345",Dewas,Madhya_Pradesh,307345.0,"Billing,_Shipping"
UK-17070,CUST-17981,"03/62,_Kamdar_Nagar
Shivpuri-566508",Shivpuri,Madhya_Pradesh,566508.0,"Billing,_Shipping"
UK-17071,CUST-18958,"30,_Sandal_Road,_Jalna_708719",Jalna,Maharashtra,708719.0,Shipping
CG-17072,CUST-11045,"62/13,_Mall_Nagar,_Sambalpur_758665",Sambalpur,Odisha,758665.0,"Billing,_Shipping"
TS-17073,CUST-10285,"H.No._109,_Hayre_Ganj
Ambala-652907",Ambala,Haryana,652907.0,Shipping
GJ-17074,CUST-15979,"H.No._57
Gopal_Circle
Allahabad-793221",Allahabad,Uttar_Pradesh,793221.0,Shipping
HR-17075,CUST-03880,"H.No._31,_Balasubramanian_Ganj,_Siwan-407614",Siwan,Bihar,407614.0,Shipping
TR-17077,CUST-04283,"95/529
Khatri_Path
Durgapur_311202",Durgapur,West_Bengal,311202.0,Shipping
JH-17078,CUST-10735,"815
Barman_Marg
Phusro-725272",Phusro,Jharkhand,725272.0,Shipping
GJ-17079,CUST-18552,"H.No._173,_Ganguly_Road
Ajmer_845304",Ajmer,Rajasthan,845304.0,"Billing,_Shipping"
OR-17080,CUST-15721,"48/47,_Kota_Circle
Berhampur-925716",Berhampur,Odisha,925716.0,Billing
MH-17081,CUST-17394,"357
Goel_Nagar
Loni_509061",Loni,Uttar_Pradesh,509061.0,Billing
GJ-17082,CUST-19737,"46/587,_Shan_Zila,_Gandhidham-984017",Gandhidham,Gujarat,984017.0,Billing
WB-17083,CUST-05849,"69,_Wagle_Nagar,_Naihati_383362",Naihati,West_Bengal,383362.0,Billing
UP-17084,CUST-13430,"68/80,_Ratti_Marg
Bhagalpur-264919",Bhagalpur,Bihar,264919.0,"Billing,_Shipping"
MP-17085,CUST-09554,"H.No._95,_Batra_Street
Dehri_737605",Dehri,Bihar,737605.0,Billing
MH-17086,CUST-07393,"48,_Bora_Ganj,_Guntur_508543",Guntur,Andhra_Pradesh,508543.0,Shipping
HR-17087,CUST-00740,"57/93,_Dugal_Zila
Siwan_381985",Siwan,Bihar,381985.0,Billing
WB-17088,CUST-01105,"H.No._591,_Karnik_Nagar,_Uluberia-367538",Uluberia,West_Bengal,367538.0,Shipping
CG-17089,CUST-11691,"46/836,_Sodhi_Marg
Nagpur_107492",Nagpur,Maharashtra,107492.0,Shipping
OR-17090,CUST-10060,"15/290,_Gala,_Anantapur-659099",Anantapur,Andhra_Pradesh,659099.0,Shipping
CG-17091,CUST-10371,"585
Mallick_Nagar
Sagar_791108",Sagar,Madhya_Pradesh,791108.0,Shipping
AS-17092,CUST-00381,"326,_Sharma_Street
Bongaigaon_295250",Bongaigaon,Assam,295250.0,"Billing,_Shipping"
RJ-17093,CUST-11001,"559
Amble_Ganj
Rajkot_784025",Rajkot,Gujarat,784025.0,"Billing,_Shipping"
KA-17094,CUST-14225,"H.No._693,_Apte_Street,_Hospet-414891",Hospet,Karnataka,414891.0,"Billing,_Shipping"
MP-17095,CUST-17016,"H.No._07,_Tripathi
Gorakhpur_488438",Gorakhpur,Uttar_Pradesh,488438.0,Billing
OR-17096,CUST-19650,"862
Deshmukh_Chowk
Chandrapur_787671",Chandrapur,Maharashtra,787671.0,Billing
GJ-17097,CUST-18768,"485,_Luthra_Nagar
Kavali-749610",Kavali,Andhra_Pradesh,749610.0,"Billing,_Shipping"
GJ-17098,CUST-11075,"754
Khurana_Nagar
Jabalpur_334956",Jabalpur,Madhya_Pradesh,334956.0,Shipping
JH-17099,CUST-03629,"H.No._05,_Kaur_Path,_Asansol_678891",Asansol,West_Bengal,678891.0,"Billing,_Shipping"
MP-17100,CUST-16845,"40/85,_Chopra_Ganj,_Kishanganj_170638",Kishanganj,Bihar,170638.0,"Billing,_Shipping"
AS-17101,CUST-02428,"94/257,_Sinha_Road,_Nagaon-903642",Nagaon,Assam,903642.0,Shipping
OR-17102,CUST-12281,"41/766,_Basak_Street,_Danapur_132412",Danapur,Bihar,132412.0,Billing
BR-17103,CUST-09304,"823
Tripathi_Path
Ballia_999682",Ballia,Uttar_Pradesh,999682.0,"Billing,_Shipping"
WB-17105,CUST-15092,"61/231,_Deep_Chowk
Panihati-254989",Panihati,West_Bengal,254989.0,"Billing,_Shipping"
UP-17106,CUST-17214,"H.No._278,_Dhillon_Zila
Raipur-528932",Raipur,Chhattisgarh,528932.0,Billing
GJ-17107,CUST-15258,"716,_Comar_Zila
Vadodara-910294",Vadodara,Gujarat,910294.0,Billing
TN-17108,CUST-17981,"H.No._242,_Mandal_Road,_Vellore-097741",Vellore,Tamil_Nadu,97741.0,Billing
UP-17109,CUST-16848,"38/82,_Magar_Road
Raipur_819734",Raipur,Chhattisgarh,819734.0,Billing
MH-17110,CUST-18345,"47,_Talwar_Path
Jalgaon_374545",Jalgaon,Maharashtra,374545.0,Billing
MH-17111,CUST-11913,"32,_Batta_Path,_Guntur-531598",Guntur,Andhra_Pradesh,531598.0,Shipping
WB-17112,CUST-12853,"515
Handa_Street
Panihati_732436",Panihati,West_Bengal,732436.0,Shipping
JH-17113,CUST-11888,"01/626,_Kurian_Circle
Asansol_033295",Asansol,West_Bengal,33295.0,"Billing,_Shipping"
MP-17114,CUST-04433,"33/26,_Dewan,_Kishanganj-536401",Kishanganj,Bihar,536401.0,Shipping
AS-17115,CUST-19958,"H.No._891
Mann_Zila
Nagaon_930912",Nagaon,Assam,930912.0,Billing
GJ-17116,CUST-15164,"67/154,_Srinivasan_Road,_Kavali-874819",Kavali,Andhra_Pradesh,874819.0,Shipping
MH-17117,CUST-17135,"50/119,_Krishnan_Zila,_Jalgaon_831303",Jalgaon,Maharashtra,831303.0,"Billing,_Shipping"
MP-17118,CUST-17710,"97,_Wable,_Gopalpur-957030",Gopalpur,Odisha,957030.0,Shipping
MH-17119,CUST-13393,"27/41
Behl_Street
Loni-709156",Loni,Uttar_Pradesh,709156.0,Shipping
MP-17120,CUST-13199,"20
Shere_Street
Jhansi-878689",Jhansi,Uttar_Pradesh,878689.0,Shipping
MH-17121,CUST-15478,"78/572
Shukla_Ganj
Loni-814761",Loni,Uttar_Pradesh,814761.0,Shipping
MP-17122,CUST-12165,"06/914
Sarna_Circle
Dehri_991042",Dehri,Bihar,991042.0,"Billing,_Shipping"
TS-17123,CUST-01217,"61/969
Gara_Circle
Ambala_616008",Ambala,Haryana,616008.0,Billing
MP-17124,CUST-17640,"46/46,_Sood_Street
Khandwa_130937",Khandwa,Madhya_Pradesh,130937.0,"Billing,_Shipping"
MP-17125,CUST-17236,"H.No._274
Tiwari_Chowk
Kishanganj-733880",Kishanganj,Bihar,733880.0,Shipping
UP-17126,CUST-03665,"88/46
Sengupta_Circle
Ahmedabad-976603",Ahmedabad,Gujarat,976603.0,Billing
HR-17127,CUST-10072,"09/99,_Kashyap_Ganj,_Aurangabad-440694",Aurangabad,Maharashtra,440694.0,"Billing,_Shipping"
OR-17128,CUST-04468,"H.No._56,_Boase_Nagar
Bharatpur-276905",Bharatpur,Rajasthan,276905.0,Billing
WB-17129,CUST-16381,"H.No._80,_Swaminathan_Zila,_Bhatpara_541259",Bhatpara,West_Bengal,541259.0,Billing
HR-17130,CUST-17234,"76,_Brahmbhatt_Zila,_Siwan_607293",Siwan,Bihar,607293.0,"Billing,_Shipping"
GJ-17131,CUST-12794,"59/22,_Madan_Chowk,_Hajipur_841824",Hajipur,Bihar,841824.0,Shipping
JH-17132,CUST-19467,"61
Char_Chowk
Asansol-123795",Asansol,West_Bengal,123795.0,"Billing,_Shipping"
MH-17133,CUST-17811,"H.No._50,_Chahal_Street
Yamunanagar_094058",Yamunanagar,Haryana,94058.0,Shipping
UP-17134,CUST-10121,"H.No._81
Bhardwaj_Circle
Firozabad_963736",Firozabad,Uttar_Pradesh,963736.0,"Billing,_Shipping"
KA-17135,CUST-01726,"05,_Tara_Marg,_Hosur_554959",Hosur,Tamil_Nadu,554959.0,Billing
TN-17137,CUST-16481,"H.No._63,_Brahmbhatt_Circle
Salem_825483",Salem,Tamil_Nadu,825483.0,Shipping
WB-17138,CUST-19597,"44
Setty_Road
Aligarh-650632",Aligarh,Uttar_Pradesh,650632.0,Billing
MP-17139,CUST-04720,"437,_Ghose_Ganj
Jalandhar_463201",Jalandhar,Punjab,463201.0,"Billing,_Shipping"
TN-17140,CUST-14805,"68/395
Bhattacharyya_Circle
Avadi-699724",Avadi,Tamil_Nadu,699724.0,Shipping
MP-17141,CUST-14522,"08/48,_Bava
Dehri-296837",Dehri,Bihar,296837.0,"Billing,_Shipping"
AS-17142,CUST-17348,"795
Sharaf_Road
Nagaon-156534",Nagaon,Assam,156534.0,Shipping
MP-17143,CUST-12093,"286,_Ravel_Marg,_Unnao-490872",Unnao,Uttar_Pradesh,490872.0,Shipping
OR-17144,CUST-04405,"38/937,_Batra_Marg,_Bharatpur_302317",Bharatpur,Rajasthan,302317.0,Shipping
CG-17145,CUST-04377,"89/88
Sandal
Malda-789886",Malda,West_Bengal,789886.0,Shipping
TN-17146,CUST-16121,"434,_Singhal_Ganj,_Avadi_559779",Avadi,Tamil_Nadu,559779.0,Billing
UP-17147,CUST-00191,"H.No._656,_Kulkarni_Chowk
Raipur-877412",Raipur,Chhattisgarh,877412.0,Shipping
OR-17149,CUST-11330,"H.No._614
Bhakta_Nagar
Kanpur_666500",Kanpur,Uttar_Pradesh,666500.0,"Billing,_Shipping"
BR-17150,CUST-16210,"H.No._58,_Divan_Circle
Jaipur_351659",Jaipur,Rajasthan,351659.0,Billing
WB-17151,CUST-17975,"H.No._534,_Chahal_Chowk
Naihati-465752",Naihati,West_Bengal,465752.0,"Billing,_Shipping"
AP-17152,CUST-14939,"12/58
Sha_Zila
Jammu_220140",Jammu,Jammu_and_Kashmir,220140.0,Shipping
UP-17153,CUST-09540,"08
Atwal
Bhagalpur-590711",Bhagalpur,Bihar,590711.0,Billing
AS-17154,CUST-14785,"72/612,_Babu_Circle,_Siliguri_748206",Siliguri,West_Bengal,748206.0,"Billing,_Shipping"
OR-17155,CUST-13044,"84/04,_Sharaf_Ganj,_Kanpur-190702",Kanpur,Uttar_Pradesh,190702.0,Shipping
GJ-17156,CUST-17119,"26/14,_Gill
Hajipur-089801",Hajipur,Bihar,89801.0,"Billing,_Shipping"
CG-17157,CUST-17876,"59/469,_Loke_Path,_Bhilai_838011",Bhilai,Chhattisgarh,838011.0,"Billing,_Shipping"
UP-17158,CUST-13425,"H.No._06
Som_Chowk
Bhagalpur-487506",Bhagalpur,Bihar,487506.0,"Billing,_Shipping"
WB-17160,CUST-13217,"451,_Tailor_Path
Bally-405305",Bally,West_Bengal,405305.0,Billing
MP-17161,CUST-17506,"09/474
Comar_Nagar
Gopalpur_514786",Gopalpur,Odisha,514786.0,Billing
AP-17162,CUST-13033,"62/23
Shan_Nagar
Srikakulam-325290",Srikakulam,Andhra_Pradesh,325290.0,Shipping
GJ-17163,CUST-01309,"87/746
Bose_Street
Jabalpur_111328",Jabalpur,Madhya_Pradesh,111328.0,Shipping
OR-17164,CUST-19895,"68/18,_Kulkarni_Street
Chandrapur-976943",Chandrapur,Maharashtra,976943.0,"Billing,_Shipping"
OR-17165,CUST-06113,"H.No._312,_Gaba_Zila,_Mathura-422962",Mathura,Uttar_Pradesh,422962.0,Shipping
MH-17166,CUST-14435,"H.No._13,_Srivastava_Zila,_Nanded_415763",Nanded,Maharashtra,415763.0,"Billing,_Shipping"
UP-17167,CUST-19815,"31/232
Boase_Chowk
Bhagalpur-288927",Bhagalpur,Bihar,288927.0,Shipping
UP-17168,CUST-05801,"16/59,_Jani_Chowk
Gurgaon-669748",Gurgaon,Haryana,669748.0,Shipping
DL-17169,CUST-15117,"H.No._72,_Choudhury_Road
Delhi_925619",Delhi,Delhi_(Union_Territory),925619.0,Shipping
TS-17170,CUST-10900,"944,_Kala_Road,_Srinagar-551079",Srinagar,Jammu_and_Kashmir,551079.0,"Billing,_Shipping"
MH-17171,CUST-17643,"H.No._62,_Char_Chowk,_Malegaon-883995",Malegaon,Maharashtra,883995.0,Shipping
AP-17172,CUST-18313,"H.No._20,_Mallick_Zila
Srikakulam_237026",Srikakulam,Andhra_Pradesh,237026.0,Shipping
HR-17173,CUST-03886,"57/277
Bhatti_Circle
Aurangabad-628140",Aurangabad,Maharashtra,628140.0,Billing
WB-17174,CUST-12003,"33,_Kala_Nagar,_Bally-359938",Bally,West_Bengal,359938.0,Shipping
AP-17175,CUST-06181,"H.No._00,_Tiwari
Dharmavaram_873193",Dharmavaram,Andhra_Pradesh,873193.0,Billing
MH-17176,CUST-11726,"969
Sarma_Zila
Rampur_892221",Rampur,Uttar_Pradesh,892221.0,Shipping
HR-17177,CUST-13247,"52,_Gera_Zila
Bikaner-449462",Bikaner,Rajasthan,449462.0,Shipping
OR-17178,CUST-19680,"93/974,_Loyal_Path
Berhampur_488915",Berhampur,Odisha,488915.0,Billing
MP-17179,CUST-11639,"82,_Khanna_Path
Jhansi_542424",Jhansi,Uttar_Pradesh,542424.0,Billing
RJ-17180,CUST-08327,"H.No._52
Devi
Rajkot_710462",Rajkot,Gujarat,710462.0,Billing
UP-17181,CUST-00337,"82/958,_Sekhon_Marg,_Farrukhabad-505116",Farrukhabad,Uttar_Pradesh,505116.0,Billing
WB-17182,CUST-07451,"16/493,_Doshi_Path,_Bally_778310",Bally,West_Bengal,778310.0,Shipping
TN-17183,CUST-13707,"302,_Khare_Marg,_Tiruvottiyur-907439",Tiruvottiyur,Tamil_Nadu,907439.0,Shipping
OR-17184,CUST-16675,"H.No._378,_Saini_Ganj
Bilaspur_788445",Bilaspur,Chhattisgarh,788445.0,Billing
BR-17185,CUST-06385,"H.No._346,_Sur_Marg
Jaipur_482651",Jaipur,Rajasthan,482651.0,"Billing,_Shipping"
MH-17186,CUST-12958,"H.No._017,_Gera_Nagar,_Nanded-703280",Nanded,Maharashtra,703280.0,"Billing,_Shipping"
AS-17187,CUST-10031,"03/92
Sengupta_Marg
Bongaigaon_766763",Bongaigaon,Assam,766763.0,Billing
TS-17188,CUST-08366,"H.No._93,_Yohannan_Road,_Hindupur_952967",Hindupur,Andhra_Pradesh,952967.0,"Billing,_Shipping"
AP-17189,CUST-14177,"H.No._50,_Mahal_Nagar,_Jammu-590907",Jammu,Jammu_and_Kashmir,590907.0,Billing
TS-17190,CUST-16430,"270,_Loke
Ramagundam_158079",Ramagundam,Telangana,158079.0,Shipping
TN-17191,CUST-10442,"H.No._56,_Mannan_Marg
Pali_690886",Pali,Rajasthan,690886.0,"Billing,_Shipping"
RJ-17192,CUST-00858,"H.No._73
Kala_Marg
Fatehpur-657742",Fatehpur,Uttar_Pradesh,657742.0,"Billing,_Shipping"
MH-17193,CUST-10467,"H.No._70
Vala_Chowk
Jalgaon-478778",Jalgaon,Maharashtra,478778.0,Shipping
KA-17194,CUST-15261,"598
Dora_Marg
Hosur-500496",Hosur,Tamil_Nadu,500496.0,Billing
BR-17195,CUST-12108,"67/161,_Mangal_Marg,_Ballia_815335",Ballia,Uttar_Pradesh,815335.0,Billing
UP-17196,CUST-02685,"82/654,_Bains_Street
Burhanpur_961942",Burhanpur,Madhya_Pradesh,961942.0,Shipping
MH-17197,CUST-17605,"H.No._09
Hayer_Circle
Karnal-792233",Karnal,Haryana,792233.0,Billing
WB-17198,CUST-13614,"87/155,_Deol_Marg,_Madhyamgram-521077",Madhyamgram,West_Bengal,521077.0,Billing
CG-17199,CUST-17853,"H.No._261
Bath_Circle
Nagpur_813773",Nagpur,Maharashtra,813773.0,Shipping
UP-17200,CUST-16472,"H.No._46
Shanker_Zila
Jamalpur_579395",Jamalpur,Bihar,579395.0,Billing
OR-17201,CUST-16914,"912,_Dash_Circle,_Haldia-652032",Haldia,West_Bengal,652032.0,Shipping
MP-17202,CUST-12412,"57/67,_Kata_Zila
Mau-259016",Mau,Uttar_Pradesh,259016.0,"Billing,_Shipping"
TR-17203,CUST-18002,"35/42,_Sethi_Path
Durgapur_493143",Durgapur,West_Bengal,493143.0,"Billing,_Shipping"
KA-17204,CUST-16035,"20/07,_Balakrishnan_Ganj
Mangalore-476628",Mangalore,Karnataka,476628.0,"Billing,_Shipping"
HR-17205,CUST-01516,"25/76,_Keer_Circle
Aurangabad_162270",Aurangabad,Maharashtra,162270.0,"Billing,_Shipping"
BR-17206,CUST-03079,"32/929,_Atwal_Marg
Jaipur_937695",Jaipur,Rajasthan,937695.0,Billing
CG-17207,CUST-04615,"H.No._69,_Magar_Path
Bhilai_902945",Bhilai,Chhattisgarh,902945.0,"Billing,_Shipping"
TS-17208,CUST-17416,"64
Bora_Chowk
Ramagundam_123577",Ramagundam,Telangana,123577.0,Billing
GJ-17209,CUST-00957,"H.No._52,_Shenoy_Nagar
Ajmer_667442",Ajmer,Rajasthan,667442.0,Shipping
OR-17210,CUST-19515,"13/80,_Bora_Path,_Berhampur_898067",Berhampur,Odisha,898067.0,Shipping
BR-17211,CUST-04688,"H.No._819,_Chacko,_Ballia_343953",Ballia,Uttar_Pradesh,343953.0,"Billing,_Shipping"
MP-17212,CUST-14380,"H.No._05,_Vasa_Ganj
Agra_738078",Agra,Uttar_Pradesh,738078.0,"Billing,_Shipping"
UP-17213,CUST-16618,"H.No._83,_Garg_Circle
Mirzapur_955381",Mirzapur,Uttar_Pradesh,955381.0,Shipping
MP-17214,CUST-05084,"53/052,_Bakshi_Ganj,_Kishanganj-482370",Kishanganj,Bihar,482370.0,Shipping
UK-17215,CUST-18925,"13/601
Sastry_Road
Shivpuri-622929",Shivpuri,Madhya_Pradesh,622929.0,"Billing,_Shipping"
KA-17216,CUST-10514,"H.No._59,_Thaker_Nagar
Hospet_474914",Hospet,Karnataka,474914.0,Shipping
MH-17217,CUST-12290,"H.No._62
Johal_Street
Loni-116345",Loni,Uttar_Pradesh,116345.0,Billing
TN-17218,CUST-13719,"24/506,_Rastogi_Chowk
Avadi-916152",Avadi,Tamil_Nadu,916152.0,"Billing,_Shipping"
OR-17219,CUST-14830,"H.No._85
Rana_Nagar
Chandrapur-052560",Chandrapur,Maharashtra,52560.0,Billing
MP-17220,CUST-14278,"13,_Mallick_Marg,_Kishanganj_697108",Kishanganj,Bihar,697108.0,Billing
BR-17221,CUST-13724,"64/11,_Swamy_Marg,_Purnia_129744",Purnia,Bihar,129744.0,Shipping
UP-17222,CUST-08733,"71
Vasa_Road
Ahmedabad_179808",Ahmedabad,Gujarat,179808.0,"Billing,_Shipping"
GJ-17223,CUST-11071,"466,_Walia_Zila
Kavali_006276",Kavali,Andhra_Pradesh,6276.0,"Billing,_Shipping"
TN-17224,CUST-08980,"13,_Mangal_Zila,_Gandhinagar-870677",Gandhinagar,Gujarat,870677.0,Shipping
OR-17225,CUST-17785,"H.No._19,_Bava,_Haldia-054882",Haldia,West_Bengal,54882.0,Billing
MH-17226,CUST-14478,"20,_Mammen_Road
Nanded-179630",Nanded,Maharashtra,179630.0,Shipping
UP-17227,CUST-09669,"29/20,_Sachdev_Ganj
Shahjahanpur-684936",Shahjahanpur,Uttar_Pradesh,684936.0,Billing
MP-17228,CUST-19792,"10
Sethi_Ganj
Jalandhar-876953",Jalandhar,Punjab,876953.0,Billing
UP-17229,CUST-14545,"77/38,_Sane_Ganj
Ahmedabad-326281",Ahmedabad,Gujarat,326281.0,Billing
MP-17230,CUST-11267,"893,_Dhaliwal_Marg,_Khandwa_891158",Khandwa,Madhya_Pradesh,891158.0,Shipping
MP-17231,CUST-02930,"H.No._794,_Grewal_Ganj
Unnao_419502",Unnao,Uttar_Pradesh,419502.0,"Billing,_Shipping"
AP-17232,CUST-15506,"88/04,_Swaminathan_Zila,_Gudivada_940081",Gudivada,Andhra_Pradesh,940081.0,Billing
RJ-17233,CUST-06955,"12/850,_Suri_Marg,_Rajkot-822817",Rajkot,Gujarat,822817.0,"Billing,_Shipping"
BR-17234,CUST-18841,"901,_Sen_Path
Jaipur_281243",Jaipur,Rajasthan,281243.0,Shipping
OR-17235,CUST-05470,"12/235,_Ramaswamy_Chowk
Danapur-800902",Danapur,Bihar,800902.0,"Billing,_Shipping"
BR-17236,CUST-12235,"H.No._81,_Dyal_Street,_Munger_796272",Munger,Bihar,796272.0,"Billing,_Shipping"
MP-17237,CUST-10957,"92/60
Dara_Street
Gorakhpur_371538",Gorakhpur,Uttar_Pradesh,371538.0,Shipping
BR-17238,CUST-03882,"H.No._912,_Dada_Circle
Munger_234687",Munger,Bihar,234687.0,"Billing,_Shipping"
TN-17239,CUST-06364,"04/68,_Bail_Road
Pallavaram-986628",Pallavaram,Tamil_Nadu,986628.0,Shipping
BR-17240,CUST-02849,"28
Gulati_Chowk
Munger_051076",Munger,Bihar,51076.0,Billing
WB-17241,CUST-11050,"56/250,_Bala_Street,_Panihati-513275",Panihati,West_Bengal,513275.0,Shipping
AP-17242,CUST-16090,"99/95,_Jain_Street
Dharmavaram_352685",Dharmavaram,Andhra_Pradesh,352685.0,Shipping
CG-17243,CUST-18628,"H.No._463,_Mani_Chowk,_Malda_696149",Malda,West_Bengal,696149.0,Shipping
KA-17244,CUST-11262,"65
Varughese_Ganj
Hosur_973933",Hosur,Tamil_Nadu,973933.0,Shipping
KA-17245,CUST-10911,"883,_Sodhi_Nagar,_Amaravati_401719",Amaravati,Andhra_Pradesh,401719.0,Billing
UP-17246,CUST-16559,"H.No._024,_Batta_Ganj,_Chapra_868217",Chapra,Bihar,868217.0,Shipping
UP-17247,CUST-18158,"11/06,_Swamy_Path
Jamalpur_236872",Jamalpur,Bihar,236872.0,Shipping
OR-17248,CUST-10715,"H.No._17,_Dasgupta_Ganj,_Berhampur_148618",Berhampur,Odisha,148618.0,"Billing,_Shipping"
TN-17249,CUST-17435,"86,_Keer_Chowk,_Salem_187918",Salem,Tamil_Nadu,187918.0,Billing
MP-17250,CUST-00125,"41,_Krishna_Marg
Gopalpur-257513",Gopalpur,Odisha,257513.0,Shipping
UK-17251,CUST-13670,"22/713,_Ratta_Street
Haridwar_989868",Haridwar,Uttarakhand,989868.0,"Billing,_Shipping"
WB-17252,CUST-17734,"296
Lanka_Chowk
Uluberia_072885",Uluberia,West_Bengal,72885.0,Billing
CG-17253,CUST-14264,"H.No._153,_Ratta_Street
Sambalpur_634541",Sambalpur,Odisha,634541.0,"Billing,_Shipping"
MP-17254,CUST-10126,"32/538,_Khatri_Nagar,_Gorakhpur_681577",Gorakhpur,Uttar_Pradesh,681577.0,"Billing,_Shipping"
TN-17255,CUST-15506,"H.No._604,_Kalla_Marg
Pali_961335",Pali,Rajasthan,961335.0,"Billing,_Shipping"
TS-17256,CUST-00646,"20/891
Das
Hindupur-691857",Hindupur,Andhra_Pradesh,691857.0,"Billing,_Shipping"
HR-17257,CUST-03543,"713
Kalita_Ganj
Bikaner_680580",Bikaner,Rajasthan,680580.0,Shipping
UP-17258,CUST-11717,"H.No._38,_Doctor_Street
Raiganj-299419",Raiganj,West_Bengal,299419.0,"Billing,_Shipping"
KA-17259,CUST-13269,"30/58
Vala_Road
Hosur-788889",Hosur,Tamil_Nadu,788889.0,Billing
KA-17260,CUST-04731,"H.No._91
Sen_Nagar
Tumkur-474796",Tumkur,Karnataka,474796.0,Shipping
MH-17261,CUST-12936,"63/40,_Keer,_Bhiwandi_671874",Bhiwandi,Maharashtra,671874.0,"Billing,_Shipping"
OR-17262,CUST-01386,"H.No._519,_Karan_Path,_Kanpur-757119",Kanpur,Uttar_Pradesh,757119.0,"Billing,_Shipping"
WB-17263,CUST-04553,"733
Mall_Path
Bally_900389",Bally,West_Bengal,900389.0,"Billing,_Shipping"
UP-17264,CUST-02912,"H.No._854,_Sant_Marg,_Bhagalpur-348044",Bhagalpur,Bihar,348044.0,Shipping
MH-17265,CUST-08694,"79,_Bal_Marg,_Rampur-518850",Rampur,Uttar_Pradesh,518850.0,Billing
TR-17266,CUST-16687,"07/54
Chada_Ganj
Chandigarh-608850",Chandigarh,Chandigarh_(Union_Territory),608850.0,"Billing,_Shipping"
TS-17268,CUST-00447,"359,_Sanghvi_Zila,_Srinagar-810523",Srinagar,Jammu_and_Kashmir,810523.0,Billing
OR-17269,CUST-17115,"H.No._532,_Gulati_Path,_Anantapur-720640",Anantapur,Andhra_Pradesh,720640.0,Billing
UP-17270,CUST-07409,"63/48
Aurora
Shahjahanpur_311980",Shahjahanpur,Uttar_Pradesh,311980.0,Billing
TS-17271,CUST-11308,"H.No._268,_Dave_Circle,_Dindigul-740547",Dindigul,Tamil_Nadu,740547.0,Shipping
JH-17272,CUST-05741,"50,_Kant_Road,_Asansol_525263",Asansol,West_Bengal,525263.0,Shipping
UK-17274,CUST-18590,"494,_Balakrishnan_Circle,_Shivpuri-026089",Shivpuri,Madhya_Pradesh,26089.0,"Billing,_Shipping"
TS-17275,CUST-12391,"03/75,_Bala
Srinagar_171241",Srinagar,Jammu_and_Kashmir,171241.0,Shipping
KL-17276,CUST-13741,"75,_Goswami_Zila,_Kollam_928621",Kollam,Kerala,928621.0,"Billing,_Shipping"
BR-17277,CUST-19822,"82/304
Chahal_Path
Munger_206390",Munger,Bihar,206390.0,Shipping
HR-17278,CUST-15471,"H.No._45,_Savant_Nagar,_Aurangabad-388771",Aurangabad,Maharashtra,388771.0,Shipping
WB-17280,CUST-02026,"H.No._279,_Kata_Chowk
Naihati-258951",Naihati,West_Bengal,258951.0,"Billing,_Shipping"
MP-17281,CUST-10444,"H.No._40
Kohli_Chowk
Khandwa_167249",Khandwa,Madhya_Pradesh,167249.0,Shipping
MP-17282,CUST-02640,"H.No._830
Deol_Street
Kota_378319",Kota,Rajasthan,378319.0,Billing
MP-17283,CUST-19681,"85
Raval
Kishanganj_029374",Kishanganj,Bihar,29374.0,Billing
UP-17284,CUST-18481,"379,_Saha_Circle
Raipur-292588",Raipur,Chhattisgarh,292588.0,"Billing,_Shipping"
MH-17285,CUST-16141,"633,_Sen_Circle
Karnal-466062",Karnal,Haryana,466062.0,Billing
MP-17286,CUST-04304,"89/400
Butala_Marg
Gopalpur-503154",Gopalpur,Odisha,503154.0,"Billing,_Shipping"
RJ-17287,CUST-06138,"33/75
Walla_Zila
Akola-961441",Akola,Maharashtra,961441.0,Billing
MH-17288,CUST-09858,"962,_Dash_Chowk,_Malegaon_175782",Malegaon,Maharashtra,175782.0,Billing
MP-17289,CUST-19749,"97/573,_Chhabra_Circle
Agra-218671",Agra,Uttar_Pradesh,218671.0,Shipping
KL-17290,CUST-03023,"H.No._46
Bath_Circle
Kollam_797682",Kollam,Kerala,797682.0,"Billing,_Shipping"
RJ-17291,CUST-17271,"H.No._377,_Issac_Chowk,_Dewas-314871",Dewas,Madhya_Pradesh,314871.0,Shipping
KA-17292,CUST-11085,"H.No._78,_Dhingra_Marg,_Tumkur_254339",Tumkur,Karnataka,254339.0,"Billing,_Shipping"
MP-17293,CUST-14388,"H.No._943,_Hayer_Marg
Ramgarh_995716",Ramgarh,Jharkhand,995716.0,"Billing,_Shipping"
HR-17294,CUST-19781,"H.No._133,_Kala,_Aurangabad_593161",Aurangabad,Maharashtra,593161.0,Billing
UP-17295,CUST-04782,"67
Keer
Karimnagar_456127",Karimnagar,Telangana,456127.0,"Billing,_Shipping"
BR-17296,CUST-10898,"32/30
Basu_Chowk
Buxar_408853",Buxar,Bihar,408853.0,Billing
GJ-17297,CUST-02742,"H.No._05,_Ramakrishnan_Circle,_Jabalpur-393789",Jabalpur,Madhya_Pradesh,393789.0,"Billing,_Shipping"
TN-17298,CUST-03182,"60/170,_Bal_Nagar
Avadi_960277",Avadi,Tamil_Nadu,960277.0,Billing
OR-17299,CUST-06320,"05/260,_Khare_Marg
Danapur_082041",Danapur,Bihar,82041.0,"Billing,_Shipping"
GJ-17301,CUST-11524,"95/631,_Setty_Street
Jabalpur_269305",Jabalpur,Madhya_Pradesh,269305.0,"Billing,_Shipping"
WB-17302,CUST-19838,"65/53,_Badal_Street
Kulti_433031",Kulti,West_Bengal,433031.0,Billing
WB-17303,CUST-12925,"656,_Dass
Uluberia_825446",Uluberia,West_Bengal,825446.0,Billing
OR-17304,CUST-17075,"H.No._59
Majumdar_Road
Kanpur_896802",Kanpur,Uttar_Pradesh,896802.0,Shipping
MH-17305,CUST-00088,"31,_Bhavsar_Street,_Bhiwandi-619585",Bhiwandi,Maharashtra,619585.0,Billing
UP-17306,CUST-01061,"H.No._54,_Keer_Chowk
Gurgaon-746630",Gurgaon,Haryana,746630.0,"Billing,_Shipping"
GJ-17307,CUST-15513,"02/76,_Bhasin_Circle
Vadodara-445810",Vadodara,Gujarat,445810.0,Shipping
MH-17308,CUST-17043,"99/04,_Banik,_Bhiwandi_780208",Bhiwandi,Maharashtra,780208.0,Shipping
UP-17309,CUST-05923,"327,_Sant
Gurgaon_238274",Gurgaon,Haryana,238274.0,Shipping
JH-17310,CUST-12469,"01/50,_Chaudhary_Ganj
Phusro_500980",Phusro,Jharkhand,500980.0,Billing
TN-17311,CUST-05196,"643,_Subramaniam,_Chittoor-017921",Chittoor,Andhra_Pradesh,17921.0,Billing
OR-17312,CUST-07329,"602,_Balay_Zila
Berhampur_370898",Berhampur,Odisha,370898.0,Billing
WB-17313,CUST-12543,"26,_Das_Nagar
Arrah_089673",Arrah,Bihar,89673.0,"Billing,_Shipping"
MH-17314,CUST-10671,"49/21,_Venkatesh_Marg
Satara_178462",Satara,Maharashtra,178462.0,Shipping
MH-17315,CUST-10157,"30/072
Bose_Road
Satara_887153",Satara,Maharashtra,887153.0,Shipping
AP-17316,CUST-10209,"23/53
Dash_Ganj
Srikakulam_728048",Srikakulam,Andhra_Pradesh,728048.0,Shipping
TN-17317,CUST-19578,"05,_Char_Chowk,_Salem-390679",Salem,Tamil_Nadu,390679.0,Billing
UP-17318,CUST-08115,"067
Cherian_Marg
Ahmedabad_353118",Ahmedabad,Gujarat,353118.0,Billing
BR-17319,CUST-11852,"H.No._98,_Randhawa,_Munger_010160",Munger,Bihar,10160.0,"Billing,_Shipping"
TS-17320,CUST-15882,"H.No._782,_Arya_Street,_Sirsa-556051",Sirsa,Haryana,556051.0,Billing
GJ-17321,CUST-18289,"786,_Handa_Chowk,_Hajipur_356190",Hajipur,Bihar,356190.0,Billing
MP-17322,CUST-16648,"H.No._73,_Chadha_Street,_Jalandhar_727359",Jalandhar,Punjab,727359.0,Billing
UP-17323,CUST-14629,"08/329,_Kibe_Street,_Burhanpur_553403",Burhanpur,Madhya_Pradesh,553403.0,Shipping
KA-17324,CUST-14282,"829,_Ramaswamy_Marg
Solapur-103751",Solapur,Maharashtra,103751.0,"Billing,_Shipping"
JH-17326,CUST-11010,"H.No._47,_Shere_Chowk
Mango_500394",Mango,Jharkhand,500394.0,"Billing,_Shipping"
JH-17327,CUST-00763,"H.No._574
Banik
Mango-468769",Mango,Jharkhand,468769.0,Shipping
CG-17328,CUST-14966,"625,_Manda_Nagar
Bhilai_631390",Bhilai,Chhattisgarh,631390.0,"Billing,_Shipping"
UK-17329,CUST-17214,"03/99,_Chaudry_Zila
Jalna-963270",Jalna,Maharashtra,963270.0,Shipping
TN-17331,CUST-18849,"070,_Hegde_Circle,_Tiruppur-499809",Tiruppur,Tamil_Nadu,499809.0,Shipping
KA-17332,CUST-19336,"86/157,_Dhillon_Zila
Amaravati_438880",Amaravati,Andhra_Pradesh,438880.0,Shipping
JH-17333,CUST-16405,"H.No._628
Amble
Asansol-138033",Asansol,West_Bengal,138033.0,Billing
TS-17334,CUST-14131,"20
Khosla_Street
Nizamabad-018674",Nizamabad,Telangana,18674.0,"Billing,_Shipping"
AS-17335,CUST-03978,"13
Mahajan_Circle
Bongaigaon_009512",Bongaigaon,Assam,9512.0,Shipping
AS-17336,CUST-05278,"102,_Krishna_Ganj
Siliguri_635275",Siliguri,West_Bengal,635275.0,Shipping
UP-17337,CUST-06664,"60/08
Roy_Chowk
Karimnagar_633035",Karimnagar,Telangana,633035.0,"Billing,_Shipping"
TS-17338,CUST-18383,"H.No._081,_Loke_Circle
Sirsa_081395",Sirsa,Haryana,81395.0,"Billing,_Shipping"
MP-17339,CUST-05915,"H.No._443,_Dutta_Marg,_Kota_845424",Kota,Rajasthan,845424.0,Shipping
UP-17340,CUST-04676,"91/77,_Badami_Circle,_Ahmedabad-455878",Ahmedabad,Gujarat,455878.0,Billing
TS-17341,CUST-11148,"42/77,_Sastry_Street
Ramagundam-647802",Ramagundam,Telangana,647802.0,"Billing,_Shipping"
TN-17342,CUST-15889,"48/366,_Sur_Chowk
Vellore-996683",Vellore,Tamil_Nadu,996683.0,"Billing,_Shipping"
KA-17343,CUST-17971,"H.No._57,_Sarkar_Path,_Solapur-118503",Solapur,Maharashtra,118503.0,Billing
MP-17344,CUST-04171,"H.No._992,_Mahajan_Ganj
Gorakhpur_265342",Gorakhpur,Uttar_Pradesh,265342.0,Billing
BR-17345,CUST-07072,"H.No._40
Wadhwa_Nagar
Ballia-754285",Ballia,Uttar_Pradesh,754285.0,Shipping
CG-17346,CUST-09680,"89/061
Keer_Chowk
Malda_355906",Malda,West_Bengal,355906.0,Billing
OR-17347,CUST-10069,"H.No._81
Deol_Nagar
Mathura-009237",Mathura,Uttar_Pradesh,9237.0,"Billing,_Shipping"
OR-17348,CUST-10820,"89
Dhar_Marg
Anantapur_905796",Anantapur,Andhra_Pradesh,905796.0,"Billing,_Shipping"
RJ-17349,CUST-18906,"91/95
Trivedi_Street
Fatehpur-344034",Fatehpur,Uttar_Pradesh,344034.0,"Billing,_Shipping"
MH-17350,CUST-10334,"915,_Agate_Path
Satara_125872",Satara,Maharashtra,125872.0,Shipping
UP-17351,CUST-19011,"031,_Edwin
Chapra-492436",Chapra,Bihar,492436.0,Billing
TN-17352,CUST-05895,"95/549,_Sastry_Chowk,_Pali-397837",Pali,Rajasthan,397837.0,"Billing,_Shipping"
UK-17353,CUST-10465,"00/83
Sheth_Road
Shivpuri-532589",Shivpuri,Madhya_Pradesh,532589.0,Shipping
UP-17354,CUST-18580,"60/950,_Shukla_Path
Chapra-545398",Chapra,Bihar,545398.0,Billing
WB-17355,CUST-14766,"19/966,_Talwar_Path
Bidhannagar_042724",Bidhannagar,West_Bengal,42724.0,"Billing,_Shipping"
BR-17356,CUST-00250,"31/36,_Magar_Street
Ballia_197275",Ballia,Uttar_Pradesh,197275.0,Shipping
MP-17357,CUST-00073,"351
Iyer_Street
Mau-026502",Mau,Uttar_Pradesh,26502.0,Billing
OR-17358,CUST-16529,"16,_Khare_Circle
Bilaspur-340589",Bilaspur,Chhattisgarh,340589.0,"Billing,_Shipping"
MP-17359,CUST-06178,"96/776,_Sura_Marg
Jalandhar_121349",Jalandhar,Punjab,121349.0,Shipping
RJ-17360,CUST-11464,"H.No._932,_Thaman_Road,_Akola_577373",Akola,Maharashtra,577373.0,"Billing,_Shipping"
TN-17361,CUST-16841,"17/165
Sandhu_Zila
Tiruvottiyur_649550",Tiruvottiyur,Tamil_Nadu,649550.0,Billing
TS-17362,CUST-18268,"216,_Vig_Chowk
Srinagar-896454",Srinagar,Jammu_and_Kashmir,896454.0,Billing
UP-17363,CUST-09437,"600,_Ganesan
Raipur-007724",Raipur,Chhattisgarh,7724.0,Shipping
AP-17364,CUST-19502,"03/38,_Sehgal_Circle
Anantapuram-217422",Anantapuram,Andhra_Pradesh,217422.0,Shipping
WB-17365,CUST-17499,"H.No._997,_Kulkarni_Ganj,_Bhatpara-784855",Bhatpara,West_Bengal,784855.0,"Billing,_Shipping"
WB-17366,CUST-14407,"H.No._86
Balay_Path
Baranagar_163996",Baranagar,West_Bengal,163996.0,Billing
TN-17367,CUST-00209,"H.No._86,_Thaker_Circle
Pali_488426",Pali,Rajasthan,488426.0,Billing
BR-17368,CUST-14172,"58/42
Saran_Chowk
Satna-117213",Satna,Madhya_Pradesh,117213.0,Shipping
MP-17369,CUST-10018,"01/57
Vasa_Zila
Kota-949110",Kota,Rajasthan,949110.0,Billing
UP-17370,CUST-10492,"H.No._61,_Bhandari_Ganj
Jamalpur-322011",Jamalpur,Bihar,322011.0,"Billing,_Shipping"
AP-17371,CUST-17316,"H.No._350,_Solanki_Path
Bhimavaram_420194",Bhimavaram,Andhra_Pradesh,420194.0,Billing
TS-17372,CUST-03113,"764,_Mangal_Chowk
Proddatur_116909",Proddatur,Andhra_Pradesh,116909.0,Shipping
OR-17373,CUST-06988,"39,_Sabharwal_Marg,_Chandrapur_120057",Chandrapur,Maharashtra,120057.0,"Billing,_Shipping"
UP-17374,CUST-16173,"31/61
Dash_Nagar
Karimnagar-905624",Karimnagar,Telangana,905624.0,Shipping
UP-17375,CUST-19275,"H.No._95,_Dalal_Zila
Farrukhabad-486575",Farrukhabad,Uttar_Pradesh,486575.0,Billing
WB-17376,CUST-14776,"35/68,_Majumdar_Circle,_Kamarhati_168884",Kamarhati,West_Bengal,168884.0,"Billing,_Shipping"
KA-17377,CUST-15174,"94,_Sangha_Circle
Solapur-995696",Solapur,Maharashtra,995696.0,Shipping
WB-17378,CUST-13137,"23/517,_Choudhry_Street
Madhyamgram_907480",Madhyamgram,West_Bengal,907480.0,"Billing,_Shipping"
UP-17379,CUST-17021,"02/119
Karan_Chowk
Jamalpur_780630",Jamalpur,Bihar,780630.0,Shipping
MP-17380,CUST-07965,"52/079
Balay_Zila
Jodhpur_769857",Jodhpur,Rajasthan,769857.0,Billing
WB-17381,CUST-08966,"H.No._01,_Ramesh_Path
Bidhannagar-705518",Bidhannagar,West_Bengal,705518.0,Shipping
MH-17382,CUST-15415,"H.No._204,_Badami_Circle
Nanded_214653",Nanded,Maharashtra,214653.0,Shipping
TS-17383,CUST-17956,"H.No._808,_Wason_Street,_Srinagar_978424",Srinagar,Jammu_and_Kashmir,978424.0,Billing
HR-17384,CUST-12201,"56
Char_Circle
Siwan-624009",Siwan,Bihar,624009.0,Shipping
WB-17385,CUST-04261,"H.No._48,_Saini_Chowk
Baranagar_700674",Baranagar,West_Bengal,700674.0,"Billing,_Shipping"
TS-17386,CUST-15988,"657,_Kaul_Road
Dindigul-926478",Dindigul,Tamil_Nadu,926478.0,Shipping
GJ-17387,CUST-01750,"H.No._41,_Balay_Circle
Jabalpur-457633",Jabalpur,Madhya_Pradesh,457633.0,Shipping
BR-17388,CUST-18095,"38
Dave_Street
Jaipur_254716",Jaipur,Rajasthan,254716.0,Shipping
MP-17389,CUST-16143,"25/736,_Buch_Marg,_Gorakhpur-061125",Gorakhpur,Uttar_Pradesh,61125.0,Billing
CG-17390,CUST-08583,"H.No._527,_Sridhar_Road,_Malda-446448",Malda,West_Bengal,446448.0,"Billing,_Shipping"
WB-17391,CUST-17941,"40/74,_Sarna_Ganj,_Panihati-009521",Panihati,West_Bengal,9521.0,"Billing,_Shipping"
WB-17392,CUST-11731,"H.No._75
Kumer_Path
Bhatpara_726466",Bhatpara,West_Bengal,726466.0,Billing
OR-17393,CUST-18291,"645,_Venkatesh,_Chandrapur_296573",Chandrapur,Maharashtra,296573.0,"Billing,_Shipping"
TN-17394,CUST-13997,"H.No._122,_Thakur_Chowk,_Avadi_550772",Avadi,Tamil_Nadu,550772.0,Billing
KA-17395,CUST-01150,"98/987,_Zachariah_Street
Amaravati-244561",Amaravati,Andhra_Pradesh,244561.0,"Billing,_Shipping"
HP-17396,CUST-07121,"75/31,_Varkey_Road
Udaipur_753806",Udaipur,Rajasthan,753806.0,"Billing,_Shipping"
UK-17397,CUST-08971,"H.No._949
Gokhale_Zila
Shivpuri_069755",Shivpuri,Madhya_Pradesh,69755.0,Billing
KL-17398,CUST-06269,"92/23,_Madan_Path
Kollam-217158",Kollam,Kerala,217158.0,Shipping
TS-17399,CUST-13668,"17/83
Tiwari_Marg
Ramagundam-937983",Ramagundam,Telangana,937983.0,"Billing,_Shipping"
OR-17400,CUST-14358,"H.No._26,_Andra_Marg,_Bharatpur-036174",Bharatpur,Rajasthan,36174.0,"Billing,_Shipping"
UP-17401,CUST-18054,"00/579,_Basak_Marg
Gurgaon-549582",Gurgaon,Haryana,549582.0,Billing
MH-17402,CUST-10127,"91/02,_Talwar_Nagar,_Yamunanagar-828665",Yamunanagar,Haryana,828665.0,"Billing,_Shipping"
UK-17403,CUST-05004,"H.No._64,_Iyengar_Marg,_Shivpuri-400116",Shivpuri,Madhya_Pradesh,400116.0,Billing
TS-17404,CUST-15124,"54,_Loyal_Ganj,_Ramagundam-516288",Ramagundam,Telangana,516288.0,Billing
AP-17405,CUST-14449,"48/45,_Bhatti_Nagar
Gudivada-326437",Gudivada,Andhra_Pradesh,326437.0,"Billing,_Shipping"
GJ-17406,CUST-10662,"52,_Hayre,_Jabalpur_059622",Jabalpur,Madhya_Pradesh,59622.0,Billing
BR-17407,CUST-12981,"349
Cherian_Nagar
Ballia_516662",Ballia,Uttar_Pradesh,516662.0,Shipping
MH-17408,CUST-05177,"399
Jha_Path
Satara-809082",Satara,Maharashtra,809082.0,"Billing,_Shipping"
MP-17409,CUST-12070,"94/53
Bakshi_Marg
Indore-566812",Indore,Madhya_Pradesh,566812.0,Billing
MH-17410,CUST-19307,"20,_Swamy_Path
Satara_826710",Satara,Maharashtra,826710.0,Billing
MH-17411,CUST-09208,"83,_Basak_Road
Rampur_713805",Rampur,Uttar_Pradesh,713805.0,"Billing,_Shipping"
UP-17412,CUST-09148,"83/81
Deep
Ahmedabad-318491",Ahmedabad,Gujarat,318491.0,"Billing,_Shipping"
TN-17413,CUST-03108,"654,_Sane_Road
Gandhinagar_172478",Gandhinagar,Gujarat,172478.0,"Billing,_Shipping"
WB-17414,CUST-07313,"H.No._138,_Arya_Nagar
Madhyamgram-264555",Madhyamgram,West_Bengal,264555.0,Billing
KL-17415,CUST-17329,"256
Barad_Street
Kollam-110358",Kollam,Kerala,110358.0,Shipping
HR-17416,CUST-10785,"45/297,_Kashyap_Street,_Siwan-518267",Siwan,Bihar,518267.0,Shipping
UP-17417,CUST-11163,"H.No._34,_Manda_Road,_Mirzapur-703802",Mirzapur,Uttar_Pradesh,703802.0,Shipping
AP-17418,CUST-12349,"28/272
Tiwari_Circle
Dharmavaram_787889",Dharmavaram,Andhra_Pradesh,787889.0,"Billing,_Shipping"
JH-17419,CUST-17110,"63,_Sampath_Road
Phusro-475798",Phusro,Jharkhand,475798.0,Billing
CG-17420,CUST-14871,"22/238,_Varghese_Marg,_Nagpur_777008",Nagpur,Maharashtra,777008.0,"Billing,_Shipping"
UP-17421,CUST-14305,"H.No._602
Chakrabarti_Zila
Farrukhabad_652472",Farrukhabad,Uttar_Pradesh,652472.0,"Billing,_Shipping"
TN-17422,CUST-16117,"142
Bhavsar_Street
Pali-129653",Pali,Rajasthan,129653.0,Billing
WB-17423,CUST-15126,"00/004
Talwar_Street
Baranagar-305669",Baranagar,West_Bengal,305669.0,Billing
WB-17424,CUST-10481,"H.No._53,_Dar_Street
Arrah_718560",Arrah,Bihar,718560.0,Shipping
MP-17425,CUST-18696,"88
Din_Path
Agra-889006",Agra,Uttar_Pradesh,889006.0,"Billing,_Shipping"
TN-17426,CUST-14696,"193,_Dash_Chowk,_Tiruvottiyur-830565",Tiruvottiyur,Tamil_Nadu,830565.0,Shipping
TN-17427,CUST-03583,"130,_Jha_Marg
Vellore_907510",Vellore,Tamil_Nadu,907510.0,Billing
MP-17428,CUST-16717,"73/034
Lad_Road
Agra-494323",Agra,Uttar_Pradesh,494323.0,"Billing,_Shipping"
MP-17429,CUST-14422,"46
Tak_Road
Agra-753874",Agra,Uttar_Pradesh,753874.0,Shipping
UP-17430,CUST-15790,"H.No._94,_Atwal_Zila,_Burhanpur_140319",Burhanpur,Madhya_Pradesh,140319.0,"Billing,_Shipping"
UP-17431,CUST-16447,"69/620,_Borah_Marg,_Mirzapur-012388",Mirzapur,Uttar_Pradesh,12388.0,"Billing,_Shipping"
GJ-17432,CUST-08700,"H.No._40,_Kale_Zila,_Vadodara_888764",Vadodara,Gujarat,888764.0,Shipping
BR-17433,CUST-00868,"32/10
Chakrabarti_Chowk
Jaipur_422576",Jaipur,Rajasthan,422576.0,"Billing,_Shipping"
UP-17434,CUST-14498,"047,_Joshi_Zila
Chapra-534393",Chapra,Bihar,534393.0,Billing
CG-17435,CUST-10824,"677,_Mane_Ganj
Sambalpur-292822",Sambalpur,Odisha,292822.0,Billing
MH-17436,CUST-11076,"68
Sengupta_Zila
Satara_201977",Satara,Maharashtra,201977.0,Billing
AP-17437,CUST-10693,"09/10
Barad_Zila
Bhimavaram_511377",Bhimavaram,Andhra_Pradesh,511377.0,"Billing,_Shipping"
MH-17438,CUST-16701,"H.No._516,_Loyal_Path
Malegaon-751692",Malegaon,Maharashtra,751692.0,Billing
AS-17439,CUST-13558,"68,_Wagle_Road
Bongaigaon-373562",Bongaigaon,Assam,373562.0,"Billing,_Shipping"
MH-17440,CUST-04210,"76
Vohra_Marg
Loni_648927",Loni,Uttar_Pradesh,648927.0,Shipping
GJ-17442,CUST-10941,"15/593,_Bandi_Road,_Ajmer-238608",Ajmer,Rajasthan,238608.0,Billing
TS-17443,CUST-14996,"85/751
Khatri_Street
Nizamabad-024598",Nizamabad,Telangana,24598.0,Billing
OR-17444,CUST-10406,"32/52,_Shan_Street,_Bharatpur_036225",Bharatpur,Rajasthan,36225.0,"Billing,_Shipping"
TN-17445,CUST-17484,"023,_Mangal_Marg
Pali_434709",Pali,Rajasthan,434709.0,Shipping
TN-17446,CUST-10200,"H.No._385,_Kakar,_Vellore_512634",Vellore,Tamil_Nadu,512634.0,"Billing,_Shipping"
BR-17447,CUST-17573,"H.No._222
Kar_Road
Jaipur-097206",Jaipur,Rajasthan,97206.0,Billing
WB-17448,CUST-06529,"H.No._926,_Sridhar_Street
Bally-023950",Bally,West_Bengal,23950.0,Shipping
HR-17449,CUST-16145,"H.No._893
Dube_Zila
Aurangabad_658474",Aurangabad,Maharashtra,658474.0,Billing
OR-17450,CUST-12617,"25/275,_Hari_Road,_Chandrapur_508066",Chandrapur,Maharashtra,508066.0,Shipping
AP-17451,CUST-18632,"H.No._951,_Chacko_Marg,_Srikakulam_576925",Srikakulam,Andhra_Pradesh,576925.0,"Billing,_Shipping"
MP-17452,CUST-01751,"19/39
Bassi_Circle
Unnao_757340",Unnao,Uttar_Pradesh,757340.0,Shipping
WB-17453,CUST-12475,"582,_Lad_Nagar,_Aligarh_218299",Aligarh,Uttar_Pradesh,218299.0,"Billing,_Shipping"
UK-17454,CUST-04093,"320
Chatterjee_Street
Jalna_956438",Jalna,Maharashtra,956438.0,Shipping
DL-17455,CUST-00945,"23
Kara_Road
Delhi_232238",Delhi,Delhi_(Union_Territory),232238.0,Billing
CG-17456,CUST-12166,"64,_Shere_Zila
Sagar-168411",Sagar,Madhya_Pradesh,168411.0,Billing
MP-17457,CUST-12356,"657,_Sheth_Path
Dehri-224266",Dehri,Bihar,224266.0,Billing
MH-17458,CUST-18888,"53/76,_Thakkar_Chowk,_Guntur-029987",Guntur,Andhra_Pradesh,29987.0,Shipping
BR-17459,CUST-12097,"49
Tank_Street
Ballia-966408",Ballia,Uttar_Pradesh,966408.0,Shipping
WB-17460,CUST-16394,"H.No._14,_Deshpande_Road,_Aligarh-642712",Aligarh,Uttar_Pradesh,642712.0,"Billing,_Shipping"
KA-17461,CUST-19642,"99/050,_Mallick_Chowk,_Amaravati-673137",Amaravati,Andhra_Pradesh,673137.0,Shipping
MP-17462,CUST-17316,"89/88
Dey_Chowk
Gopalpur_778787",Gopalpur,Odisha,778787.0,Billing
CG-17463,CUST-12587,"930
Ramanathan_Nagar
Malda_391620",Malda,West_Bengal,391620.0,"Billing,_Shipping"
MH-17464,CUST-16202,"H.No._40,_Trivedi_Nagar,_Loni-554266",Loni,Uttar_Pradesh,554266.0,Shipping
OR-17465,CUST-19235,"H.No._59,_Shere_Nagar
Bharatpur_918629",Bharatpur,Rajasthan,918629.0,Billing
DL-17466,CUST-18087,"H.No._79,_Walla_Nagar,_Delhi-677367",Delhi,Delhi_(Union_Territory),677367.0,Shipping
MH-17467,CUST-02097,"04,_Agarwal_Path,_Malegaon-143641",Malegaon,Maharashtra,143641.0,"Billing,_Shipping"
UP-17468,CUST-06718,"96/841
Bhalla_Chowk
Farrukhabad_828740",Farrukhabad,Uttar_Pradesh,828740.0,Billing
UP-17470,CUST-05097,"88/599,_Kaul
Chapra_338606",Chapra,Bihar,338606.0,Billing
TR-17471,CUST-14691,"53/446
Kadakia_Path
Durgapur_240039",Durgapur,West_Bengal,240039.0,Billing
JH-17472,CUST-07589,"197,_Sant_Zila,_Kharagpur-907841",Kharagpur,West_Bengal,907841.0,"Billing,_Shipping"
UP-17473,CUST-01389,"39/79,_Khatri_Zila
Burhanpur_608524",Burhanpur,Madhya_Pradesh,608524.0,"Billing,_Shipping"
OR-17474,CUST-12559,"06/03,_Saraf_Path
Kanpur_370351",Kanpur,Uttar_Pradesh,370351.0,"Billing,_Shipping"
OR-17475,CUST-09743,"H.No._819,_Khosla_Street,_Anantapur_591520",Anantapur,Andhra_Pradesh,591520.0,"Billing,_Shipping"
TR-17476,CUST-09570,"82/089,_Raju_Marg,_Durgapur-977019",Durgapur,West_Bengal,977019.0,"Billing,_Shipping"
HR-17477,CUST-00323,"516,_Khatri_Street,_Aurangabad_510028",Aurangabad,Maharashtra,510028.0,Billing
WB-17479,CUST-17480,"36,_Ganesan_Road
Bidhannagar-844562",Bidhannagar,West_Bengal,844562.0,"Billing,_Shipping"
TR-17480,CUST-11710,"H.No._557
Dada_Chowk
Durgapur_964558",Durgapur,West_Bengal,964558.0,Billing
GJ-17481,CUST-13537,"H.No._878
Vaidya_Zila
Jabalpur-236990",Jabalpur,Madhya_Pradesh,236990.0,Billing
AP-17482,CUST-14376,"H.No._193,_Tripathi_Path,_Jammu-777507",Jammu,Jammu_and_Kashmir,777507.0,"Billing,_Shipping"
UP-17483,CUST-10959,"87
Rastogi_Path
Bhagalpur_022353",Bhagalpur,Bihar,22353.0,Billing
TN-17484,CUST-11135,"H.No._34,_Kara_Zila,_Avadi-677337",Avadi,Tamil_Nadu,677337.0,"Billing,_Shipping"
JH-17486,CUST-14751,"493
Rege_Street
Asansol_605938",Asansol,West_Bengal,605938.0,"Billing,_Shipping"
CG-17487,CUST-14483,"H.No._941
Sarin_Chowk
Sagar_139330",Sagar,Madhya_Pradesh,139330.0,"Billing,_Shipping"
BR-17488,CUST-18759,"H.No._24,_Kurian_Nagar,_Munger_817277",Munger,Bihar,817277.0,"Billing,_Shipping"
MH-17489,CUST-11586,"72/74,_Varty_Marg,_Rampur-895670",Rampur,Uttar_Pradesh,895670.0,Billing
UP-17490,CUST-14820,"14/464
Sagar_Ganj
Raiganj-654797",Raiganj,West_Bengal,654797.0,"Billing,_Shipping"
BR-17491,CUST-03310,"H.No._58
Agarwal_Marg
Purnia-274500",Purnia,Bihar,274500.0,Billing
MP-17492,CUST-14835,"990,_Butala_Chowk,_Dehri-039443",Dehri,Bihar,39443.0,"Billing,_Shipping"
AP-17493,CUST-16682,"H.No._277
Bajaj_Ganj
Dharmavaram_300884",Dharmavaram,Andhra_Pradesh,300884.0,"Billing,_Shipping"
WB-17494,CUST-07959,"67
Saini_Circle
Madhyamgram-904970",Madhyamgram,West_Bengal,904970.0,Shipping
AS-17495,CUST-15678,"92/160
Luthra_Chowk
Siliguri_077526",Siliguri,West_Bengal,77526.0,"Billing,_Shipping"
MP-17496,CUST-10543,"43/902,_Bala,_Gorakhpur-849685",Gorakhpur,Uttar_Pradesh,849685.0,Shipping
KL-17497,CUST-11437,"803
Vig_Street
Kollam-893886",Kollam,Kerala,893886.0,"Billing,_Shipping"
OR-17498,CUST-05537,"H.No._66
Swaminathan
Mathura-684338",Mathura,Uttar_Pradesh,684338.0,Billing
MP-17499,CUST-12145,"47/610,_Char_Marg,_Ramgarh-345594",Ramgarh,Jharkhand,345594.0,"Billing,_Shipping"
TS-17500,CUST-12433,"56/85,_Tara_Nagar,_Srinagar-668497",Srinagar,Jammu_and_Kashmir,668497.0,Shipping
RJ-17501,CUST-14361,"369
Sundaram_Road
Fatehpur_352393",Fatehpur,Uttar_Pradesh,352393.0,"Billing,_Shipping"
UP-17502,CUST-11848,"H.No._53,_Sibal_Circle,_Gurgaon_896605",Gurgaon,Haryana,896605.0,Billing
MH-17503,CUST-15141,"09/12,_Kala_Road
Malegaon-253441",Malegaon,Maharashtra,253441.0,"Billing,_Shipping"
AS-17504,CUST-12522,"277
Luthra_Circle
Bongaigaon-152615",Bongaigaon,Assam,152615.0,Billing
MH-17505,CUST-10361,"25,_Din_Ganj,_Bhiwandi_728123",Bhiwandi,Maharashtra,728123.0,Shipping
MH-17506,CUST-06639,"911
Sarna_Street
Yamunanagar_488457",Yamunanagar,Haryana,488457.0,"Billing,_Shipping"
OR-17507,CUST-11588,"05,_Contractor_Zila
Anantapur-077472",Anantapur,Andhra_Pradesh,77472.0,Shipping
WB-17508,CUST-11115,"H.No._744,_Bera_Circle,_Uluberia_840198",Uluberia,West_Bengal,840198.0,Shipping
MH-17509,CUST-17359,"93/442,_Bhat_Road,_Jalgaon-225154",Jalgaon,Maharashtra,225154.0,Billing
WB-17510,CUST-04692,"H.No._971,_Chokshi_Ganj,_Madhyamgram_286310",Madhyamgram,West_Bengal,286310.0,Billing
MH-17511,CUST-16104,"477,_Gupta_Ganj
Yamunanagar-677610",Yamunanagar,Haryana,677610.0,Shipping
TN-17512,CUST-18267,"76/49
Dar_Zila
Vellore-310808",Vellore,Tamil_Nadu,310808.0,Billing
KA-17513,CUST-01920,"87/556,_Venkatesh_Path,_Amaravati_684422",Amaravati,Andhra_Pradesh,684422.0,Billing
TN-17514,CUST-12652,"55,_Balan_Marg,_Pallavaram_005481",Pallavaram,Tamil_Nadu,5481.0,"Billing,_Shipping"
UP-17515,CUST-11385,"07/42
Contractor_Nagar
Karimnagar_152701",Karimnagar,Telangana,152701.0,Shipping
UP-17516,CUST-18743,"72,_Krish_Path
Mirzapur_639828",Mirzapur,Uttar_Pradesh,639828.0,Shipping
UP-17517,CUST-16809,"97/000,_Bhalla,_Sambhal-988600",Sambhal,Uttar_Pradesh,988600.0,"Billing,_Shipping"
AS-17518,CUST-08495,"69/15
Cheema_Zila
Siliguri-075669",Siliguri,West_Bengal,75669.0,Billing
RJ-17519,CUST-17371,"55/127
Dhawan_Path
Rajkot_875656",Rajkot,Gujarat,875656.0,"Billing,_Shipping"
TN-17520,CUST-16469,"H.No._347
Sengupta_Road
Vellore-768691",Vellore,Tamil_Nadu,768691.0,Shipping
GJ-17521,CUST-02020,"34/201,_Choudhury_Road,_Allahabad_604562",Allahabad,Uttar_Pradesh,604562.0,"Billing,_Shipping"
CG-17522,CUST-08158,"80/58,_Dass_Circle
Malda-501547",Malda,West_Bengal,501547.0,"Billing,_Shipping"
UP-17523,CUST-19950,"H.No._102,_Balay_Nagar
Raipur_627062",Raipur,Chhattisgarh,627062.0,Billing
KA-17524,CUST-13599,"01,_Tank_Chowk
Amaravati-544529",Amaravati,Andhra_Pradesh,544529.0,Shipping
HR-17525,CUST-07914,"42/631
Mani
Aurangabad-869614",Aurangabad,Maharashtra,869614.0,Billing
UP-17526,CUST-14985,"73/44
Batra_Chowk
Karimnagar_872870",Karimnagar,Telangana,872870.0,"Billing,_Shipping"
KA-17527,CUST-07739,"H.No._156
De
Amaravati_454932",Amaravati,Andhra_Pradesh,454932.0,Shipping
OR-17528,CUST-03476,"H.No._42,_Tank_Chowk,_Anantapur-910016",Anantapur,Andhra_Pradesh,910016.0,Billing
TS-17529,CUST-19764,"465,_Sen_Zila
Dindigul-163721",Dindigul,Tamil_Nadu,163721.0,Shipping
TS-17530,CUST-08891,"212,_Hora_Marg
Dindigul-091740",Dindigul,Tamil_Nadu,91740.0,Billing
TS-17531,CUST-14789,"729,_Cherian_Ganj,_Srinagar-457283",Srinagar,Jammu_and_Kashmir,457283.0,Shipping
JH-17532,CUST-15827,"H.No._751
Ganesan_Street
Mango-788098",Mango,Jharkhand,788098.0,Shipping
MH-17533,CUST-09248,"14/831,_Acharya_Road,_Guntur-300444",Guntur,Andhra_Pradesh,300444.0,Billing
MP-17534,CUST-03419,"69/222,_Desai_Circle,_Dehri_545971",Dehri,Bihar,545971.0,Billing
OR-17535,CUST-14470,"98/645,_Varty_Ganj
Mathura_311363",Mathura,Uttar_Pradesh,311363.0,"Billing,_Shipping"
OR-17536,CUST-00832,"22/64,_Sethi_Path,_Patna-090032",Patna,Bihar,90032.0,"Billing,_Shipping"
WB-17537,CUST-00601,"61/074
Randhawa
Bidhannagar-512421",Bidhannagar,West_Bengal,512421.0,Shipping
UP-17538,CUST-14540,"H.No._35,_Chana_Path
Muzaffarpur_560006",Muzaffarpur,Bihar,560006.0,"Billing,_Shipping"
UP-17539,CUST-18044,"74
Lanka_Zila
Mirzapur_050493",Mirzapur,Uttar_Pradesh,50493.0,Billing
AP-17540,CUST-16881,"H.No._291,_Sunder_Path
Srikakulam_221325",Srikakulam,Andhra_Pradesh,221325.0,Shipping
MH-17541,CUST-04174,"57/91,_Reddy_Street
Guntur_650355",Guntur,Andhra_Pradesh,650355.0,"Billing,_Shipping"
RJ-17542,CUST-19878,"H.No._586
Venkatesh_Path
Fatehpur-280314",Fatehpur,Uttar_Pradesh,280314.0,Shipping
WB-17543,CUST-11660,"39
Bansal_Path
Naihati_883665",Naihati,West_Bengal,883665.0,Billing
TS-17544,CUST-02565,"32,_Sahni_Chowk
Ambala-419543",Ambala,Haryana,419543.0,"Billing,_Shipping"
GJ-17545,CUST-19833,"53/41,_Varghese_Street
Ajmer_897207",Ajmer,Rajasthan,897207.0,Shipping
TS-17546,CUST-06452,"H.No._901
Maharaj_Chowk
Ramagundam-509683",Ramagundam,Telangana,509683.0,"Billing,_Shipping"
MH-17547,CUST-18480,"66/20,_Chowdhury_Chowk
Loni-670530",Loni,Uttar_Pradesh,670530.0,Billing
TS-17548,CUST-02470,"H.No._20,_Barad_Ganj
Dindigul_768932",Dindigul,Tamil_Nadu,768932.0,Billing
MH-17549,CUST-01320,"739,_Ratti_Nagar,_Nanded_803163",Nanded,Maharashtra,803163.0,Billing
UP-17550,CUST-13340,"H.No._353,_Doshi_Zila
Chapra_838338",Chapra,Bihar,838338.0,Billing
OR-17551,CUST-09861,"H.No._304,_Wali_Street
Bijapur-318082",Bijapur,Karnataka,318082.0,"Billing,_Shipping"
MP-17552,CUST-09770,"92/87,_Biswas_Ganj
Dehri-000529",Dehri,Bihar,529.0,"Billing,_Shipping"
TN-17553,CUST-16951,"H.No._64,_Swamy_Nagar
Pallavaram-568001",Pallavaram,Tamil_Nadu,568001.0,Shipping
KL-17554,CUST-10919,"57/28,_Uppal_Ganj,_Kollam-097008",Kollam,Kerala,97008.0,"Billing,_Shipping"
MH-17555,CUST-00200,"98
Mani_Marg
Loni_981240",Loni,Uttar_Pradesh,981240.0,Shipping
RJ-17556,CUST-14016,"685,_Madan_Zila,_Akola_248118",Akola,Maharashtra,248118.0,Billing
TN-17557,CUST-06314,"85/413,_Kanda_Path,_Gandhinagar-989452",Gandhinagar,Gujarat,989452.0,"Billing,_Shipping"
MH-17558,CUST-06571,"H.No._67,_Ramakrishnan_Path,_Rampur-870173",Rampur,Uttar_Pradesh,870173.0,Shipping
UK-17559,CUST-14410,"81/563,_Bora_Path,_Haridwar_613797",Haridwar,Uttarakhand,613797.0,"Billing,_Shipping"
AS-17560,CUST-10359,"92/178,_Bandi_Nagar
Siliguri_305957",Siliguri,West_Bengal,305957.0,Shipping
UP-17561,CUST-00931,"H.No._58,_Sarraf_Chowk,_Muzaffarpur-146062",Muzaffarpur,Bihar,146062.0,Shipping
GJ-17562,CUST-06281,"458
Venkatesh_Marg
Hajipur-341315",Hajipur,Bihar,341315.0,Shipping
TN-17563,CUST-14717,"608,_Sandal_Marg
Chittoor_846442",Chittoor,Andhra_Pradesh,846442.0,Shipping
GJ-17564,CUST-05662,"47,_Krish_Marg
Ajmer_694620",Ajmer,Rajasthan,694620.0,"Billing,_Shipping"
MP-17565,CUST-16614,"H.No._711,_Rout,_Kishanganj_670798",Kishanganj,Bihar,670798.0,Billing
MP-17566,CUST-18932,"46,_Kanda_Marg
Gorakhpur_123468",Gorakhpur,Uttar_Pradesh,123468.0,Shipping
KA-17567,CUST-18560,"62,_Bora_Nagar
Amaravati-606059",Amaravati,Andhra_Pradesh,606059.0,Billing
MP-17568,CUST-18767,"46/22,_Vig_Street,_Unnao-088536",Unnao,Uttar_Pradesh,88536.0,Shipping
BR-17569,CUST-18083,"61/986,_Dyal_Street
Munger_242766",Munger,Bihar,242766.0,Shipping
TS-17570,CUST-10729,"H.No._86,_Behl_Path
Proddatur_125716",Proddatur,Andhra_Pradesh,125716.0,"Billing,_Shipping"
UP-17572,CUST-14578,"H.No._413,_Tak_Circle,_Muzaffarpur_579001",Muzaffarpur,Bihar,579001.0,Billing
MP-17573,CUST-05791,"056
Bajaj_Zila
Unnao_960048",Unnao,Uttar_Pradesh,960048.0,Billing
CG-17574,CUST-11753,"32,_Mangal_Chowk,_Sagar_455010",Sagar,Madhya_Pradesh,455010.0,Billing
MH-17575,CUST-03350,"58,_Kapoor_Zila,_Loni-904756",Loni,Uttar_Pradesh,904756.0,"Billing,_Shipping"
MH-17576,CUST-17915,"H.No._54,_Ravel_Zila,_Guntur-562524",Guntur,Andhra_Pradesh,562524.0,Billing
KL-17577,CUST-09091,"66/10,_Amble_Nagar,_Kollam-171239",Kollam,Kerala,171239.0,Billing
AS-17578,CUST-04018,"52/977
Gara_Circle
Bongaigaon_090607",Bongaigaon,Assam,90607.0,Shipping
OR-17579,CUST-04680,"32/293
Deol_Marg
Danapur_929022",Danapur,Bihar,929022.0,Billing
WB-17580,CUST-03492,"58/73,_Jaggi_Path
Bally-825094",Bally,West_Bengal,825094.0,"Billing,_Shipping"
WB-17581,CUST-14134,"H.No._434
Garg_Street
Bhatpara_450619",Bhatpara,West_Bengal,450619.0,Billing
WB-17582,CUST-11928,"H.No._16,_Ramaswamy_Circle
Bally_377116",Bally,West_Bengal,377116.0,Billing
UP-17583,CUST-12938,"H.No._917
Sankar
Sambhal_976023",Sambhal,Uttar_Pradesh,976023.0,Billing
AP-17584,CUST-02445,"79/56,_Bawa_Circle
Jammu-750805",Jammu,Jammu_and_Kashmir,750805.0,Shipping
TS-17585,CUST-15176,"H.No._702,_Bhargava,_Ambala_034553",Ambala,Haryana,34553.0,Billing
MP-17586,CUST-04762,"H.No._286
Desai_Ganj
Indore-421643",Indore,Madhya_Pradesh,421643.0,Billing
JH-17588,CUST-11800,"703,_Barad_Path
Mango_743175",Mango,Jharkhand,743175.0,Billing
UP-17589,CUST-13237,"22/418
Atwal_Street
Farrukhabad_067723",Farrukhabad,Uttar_Pradesh,67723.0,Billing
TN-17590,CUST-17021,"H.No._76
Kari_Chowk
Salem_508565",Salem,Tamil_Nadu,508565.0,"Billing,_Shipping"
MP-17591,CUST-09651,"025
Bal_Path
Kishanganj-964838",Kishanganj,Bihar,964838.0,"Billing,_Shipping"
GJ-17592,CUST-05553,"H.No._931,_Deshpande_Path
Kavali-766154",Kavali,Andhra_Pradesh,766154.0,Billing
UP-17593,CUST-13045,"30/678,_Hayre_Circle
Jamalpur-567498",Jamalpur,Bihar,567498.0,Billing
UK-17594,CUST-18561,"77/701,_Rajagopalan_Circle,_Jalna-930536",Jalna,Maharashtra,930536.0,Billing
MP-17595,CUST-15044,"19/29,_Bains_Road,_Unnao-274019",Unnao,Uttar_Pradesh,274019.0,Shipping
UP-17596,CUST-12503,"260
Sabharwal_Marg
Ahmedabad_398314",Ahmedabad,Gujarat,398314.0,Billing
KA-17597,CUST-13120,"689,_Vig_Road,_Amaravati_853393",Amaravati,Andhra_Pradesh,853393.0,"Billing,_Shipping"
RJ-17598,CUST-16821,"H.No._80
Doctor_Road
Rajkot-764526",Rajkot,Gujarat,764526.0,"Billing,_Shipping"
UP-17599,CUST-14418,"970,_Dhingra_Zila,_Sambhal_273170",Sambhal,Uttar_Pradesh,273170.0,Shipping
RJ-17600,CUST-12406,"165,_Subramaniam_Circle,_Dewas_036704",Dewas,Madhya_Pradesh,36704.0,"Billing,_Shipping"
UP-17601,CUST-11104,"949,_Golla_Circle,_Karimnagar-471436",Karimnagar,Telangana,471436.0,Billing
TS-17602,CUST-12084,"54/489,_Krishnamurthy_Circle
Hindupur-407960",Hindupur,Andhra_Pradesh,407960.0,"Billing,_Shipping"
RJ-17603,CUST-14785,"594
Chadha_Road
Akola_888905",Akola,Maharashtra,888905.0,Shipping
WB-17604,CUST-10886,"40/55,_Apte_Nagar,_Bally-890062",Bally,West_Bengal,890062.0,"Billing,_Shipping"
AP-17605,CUST-12217,"38,_Venkataraman_Street
Gudivada-744686",Gudivada,Andhra_Pradesh,744686.0,"Billing,_Shipping"
MH-17606,CUST-18055,"523
Chatterjee_Path
Karnal_896402",Karnal,Haryana,896402.0,"Billing,_Shipping"
TN-17607,CUST-11818,"H.No._92,_Dhaliwal_Path
Pali_091724",Pali,Rajasthan,91724.0,Shipping
UP-17608,CUST-08201,"H.No._82,_Chokshi_Marg
Bhagalpur-755638",Bhagalpur,Bihar,755638.0,Shipping
WB-17609,CUST-00977,"54/75,_Sahni_Nagar
Kulti-760112",Kulti,West_Bengal,760112.0,Billing
UP-17610,CUST-19268,"159
Kala_Nagar
Ahmedabad_738373",Ahmedabad,Gujarat,738373.0,Shipping
OR-17611,CUST-10238,"H.No._956,_Ranganathan
Haldia-263921",Haldia,West_Bengal,263921.0,"Billing,_Shipping"
TS-17612,CUST-19638,"15,_Borah_Road
Dindigul-090518",Dindigul,Tamil_Nadu,90518.0,Billing
TS-17613,CUST-11778,"27/148,_Bumb_Street
Dindigul_856444",Dindigul,Tamil_Nadu,856444.0,"Billing,_Shipping"
KA-17614,CUST-18536,"H.No._74
Chaudhry_Zila
Amaravati-097744",Amaravati,Andhra_Pradesh,97744.0,"Billing,_Shipping"
MH-17615,CUST-09200,"375,_Shukla_Circle
Bhiwandi_592842",Bhiwandi,Maharashtra,592842.0,"Billing,_Shipping"
UK-17616,CUST-08492,"965,_Sengupta_Road
Haridwar_339192",Haridwar,Uttarakhand,339192.0,Billing
UP-17617,CUST-17905,"28,_Verma_Street
Sambhal-152162",Sambhal,Uttar_Pradesh,152162.0,Shipping
UP-17618,CUST-12724,"H.No._78
Chaudhari_Zila
Farrukhabad_629843",Farrukhabad,Uttar_Pradesh,629843.0,Billing
WB-17619,CUST-19435,"04/46,_Luthra_Circle
Uluberia-608742",Uluberia,West_Bengal,608742.0,Shipping
OR-17620,CUST-08323,"H.No._68,_Magar
Chandrapur-215489",Chandrapur,Maharashtra,215489.0,"Billing,_Shipping"
UP-17621,CUST-19221,"36/481,_Singhal,_Shahjahanpur_695860",Shahjahanpur,Uttar_Pradesh,695860.0,"Billing,_Shipping"
OR-17622,CUST-05805,"061
Chakraborty_Ganj
Bijapur-130830",Bijapur,Karnataka,130830.0,Shipping
MP-17623,CUST-11192,"20/73
Sane_Circle
Indore_538260",Indore,Madhya_Pradesh,538260.0,"Billing,_Shipping"
MH-17624,CUST-19156,"H.No._54
Wali_Chowk
Bhiwandi_786387",Bhiwandi,Maharashtra,786387.0,"Billing,_Shipping"
TN-17625,CUST-14590,"24/971,_Gade_Ganj
Chittoor-622662",Chittoor,Andhra_Pradesh,622662.0,"Billing,_Shipping"
UP-17626,CUST-10761,"21/67,_Raval,_Chapra_388457",Chapra,Bihar,388457.0,"Billing,_Shipping"
UK-17627,CUST-19263,"H.No._07,_Sridhar_Path
Jalna_753178",Jalna,Maharashtra,753178.0,Shipping
AP-17628,CUST-03154,"95
Raman_Circle
Bhimavaram_460001",Bhimavaram,Andhra_Pradesh,460001.0,"Billing,_Shipping"
GJ-17629,CUST-07714,"90,_Ganesan_Road,_Kavali-510016",Kavali,Andhra_Pradesh,510016.0,Billing
UP-17630,CUST-12719,"079,_Sachar
Bhagalpur-907264",Bhagalpur,Bihar,907264.0,Billing
OR-17631,CUST-09557,"H.No._233,_Bains_Ganj,_Mathura_426721",Mathura,Uttar_Pradesh,426721.0,"Billing,_Shipping"
MP-17632,CUST-15538,"H.No._14
Seshadri_Zila
Kishanganj_200494",Kishanganj,Bihar,200494.0,Billing
TS-17633,CUST-17415,"16
Kade_Ganj
Sirsa-177096",Sirsa,Haryana,177096.0,Billing
AP-17634,CUST-11800,"84,_Tak_Nagar
Jammu-250769",Jammu,Jammu_and_Kashmir,250769.0,Shipping
UP-17635,CUST-04794,"H.No._62,_Kale_Nagar
Ahmedabad-932899",Ahmedabad,Gujarat,932899.0,"Billing,_Shipping"
UP-17636,CUST-14723,"70/08,_Dora_Circle
Mirzapur-473683",Mirzapur,Uttar_Pradesh,473683.0,"Billing,_Shipping"
MH-17637,CUST-19029,"H.No._789
Mallick
Rampur_871747",Rampur,Uttar_Pradesh,871747.0,"Billing,_Shipping"
UP-17638,CUST-16543,"H.No._766,_Sem_Circle,_Chapra-849435",Chapra,Bihar,849435.0,"Billing,_Shipping"
GJ-17639,CUST-16985,"01/925
Bains_Zila
Allahabad-116401",Allahabad,Uttar_Pradesh,116401.0,"Billing,_Shipping"
AP-17640,CUST-03181,"41
Chand_Circle
Jammu_829588",Jammu,Jammu_and_Kashmir,829588.0,"Billing,_Shipping"
KA-17641,CUST-12043,"H.No._743,_Lalla_Road,_Amaravati-436536",Amaravati,Andhra_Pradesh,436536.0,Billing
OR-17642,CUST-15984,"H.No._999
Saraf_Zila
Patna-957596",Patna,Bihar,957596.0,Billing
WB-17643,CUST-17713,"47/896
Bhagat_Ganj
Bhatpara_751374",Bhatpara,West_Bengal,751374.0,"Billing,_Shipping"
BR-17644,CUST-16676,"96/580,_Butala_Zila
Munger_272802",Munger,Bihar,272802.0,Billing
KA-17645,CUST-15136,"78/497
Seth_Chowk
Mangalore-041022",Mangalore,Karnataka,41022.0,Shipping
MH-17646,CUST-06890,"23/98,_Majumdar_Path,_Loni_659541",Loni,Uttar_Pradesh,659541.0,"Billing,_Shipping"
HR-17647,CUST-10680,"H.No._82,_Rajagopal_Path
Bikaner-835178",Bikaner,Rajasthan,835178.0,Shipping
MH-17648,CUST-19403,"44,_Sethi,_Loni_196267",Loni,Uttar_Pradesh,196267.0,Billing
BR-17649,CUST-10129,"88/96,_Sabharwal_Chowk,_Buxar-973241",Buxar,Bihar,973241.0,Shipping
OR-17650,CUST-14297,"H.No._913,_Khanna_Chowk
Haldia-910451",Haldia,West_Bengal,910451.0,Billing
TN-17651,CUST-15479,"19,_Saini_Street
Pali-769142",Pali,Rajasthan,769142.0,"Billing,_Shipping"
KA-17652,CUST-18704,"80/52,_Vasa_Circle
Hosur_810432",Hosur,Tamil_Nadu,810432.0,Billing
WB-17653,CUST-10484,"H.No._675,_Deshpande
Arrah-276007",Arrah,Bihar,276007.0,"Billing,_Shipping"
HR-17654,CUST-06370,"84/038,_Kala_Chowk
Bikaner-919805",Bikaner,Rajasthan,919805.0,Billing
MH-17655,CUST-11029,"110
Ghosh_Chowk
Loni-083300",Loni,Uttar_Pradesh,83300.0,Billing
MH-17656,CUST-13973,"H.No._145,_Samra_Circle,_Guntur_656249",Guntur,Andhra_Pradesh,656249.0,Shipping
JH-17657,CUST-11123,"36/422,_Lal_Circle,_Asansol-971607",Asansol,West_Bengal,971607.0,Shipping
DL-17659,CUST-00704,"H.No._256
Brar_Chowk
Delhi-709172",Delhi,Delhi_(Union_Territory),709172.0,Shipping
OR-17660,CUST-16305,"73/589,_Chaudhry_Road,_Bilaspur-500421",Bilaspur,Chhattisgarh,500421.0,"Billing,_Shipping"
WB-17661,CUST-12274,"H.No._49
Devi_Street
Uluberia-269273",Uluberia,West_Bengal,269273.0,"Billing,_Shipping"
KA-17662,CUST-12047,"97/250,_Kumar_Street
Solapur-986847",Solapur,Maharashtra,986847.0,Shipping
TS-17663,CUST-07751,"88/77,_Dash_Marg
Dindigul_709308",Dindigul,Tamil_Nadu,709308.0,Billing
GJ-17664,CUST-00276,"96/814
Acharya_Marg
Ajmer-194248",Ajmer,Rajasthan,194248.0,Billing
MH-17665,CUST-05395,"H.No._27,_Badami_Path,_Nanded-131891",Nanded,Maharashtra,131891.0,Shipping
MP-17666,CUST-00236,"79/157,_Srinivas
Jodhpur-961150",Jodhpur,Rajasthan,961150.0,"Billing,_Shipping"
HR-17667,CUST-03781,"H.No._301
Samra
Aurangabad_289577",Aurangabad,Maharashtra,289577.0,"Billing,_Shipping"
UP-17668,CUST-13921,"H.No._641,_Subramaniam_Marg
Raipur_133721",Raipur,Chhattisgarh,133721.0,Billing
MP-17669,CUST-11575,"065
Uppal
Jodhpur-983901",Jodhpur,Rajasthan,983901.0,Shipping
OR-17670,CUST-19067,"553
Soni_Circle
Berhampur_806743",Berhampur,Odisha,806743.0,Billing
CG-17671,CUST-16630,"72/33,_Thakur_Nagar,_Nagpur-423272",Nagpur,Maharashtra,423272.0,Billing
KL-17672,CUST-14243,"94,_Madan_Road
Kollam-318674",Kollam,Kerala,318674.0,"Billing,_Shipping"
TN-17673,CUST-13396,"42/870,_Issac_Zila
Salem_739664",Salem,Tamil_Nadu,739664.0,Billing
KA-17674,CUST-17332,"11,_Bahl_Path
Tumkur-857186",Tumkur,Karnataka,857186.0,Billing
OR-17675,CUST-18553,"283,_Mahal_Nagar
Bharatpur-994955",Bharatpur,Rajasthan,994955.0,Billing
JH-17676,CUST-16557,"458,_Kala_Zila
Kharagpur_627662",Kharagpur,West_Bengal,627662.0,"Billing,_Shipping"
GJ-17677,CUST-17233,"79
Bora_Road
Allahabad-418865",Allahabad,Uttar_Pradesh,418865.0,"Billing,_Shipping"
AS-17678,CUST-11456,"95/432,_Bera
Bongaigaon-828795",Bongaigaon,Assam,828795.0,Billing
TN-17679,CUST-10319,"60/599
Savant_Path
Gandhinagar_335806",Gandhinagar,Gujarat,335806.0,Billing
KA-17680,CUST-08792,"421
Kibe_Chowk
Hosur_904759",Hosur,Tamil_Nadu,904759.0,Billing
MP-17681,CUST-12877,"22/39
Kamdar_Circle
Jhansi-558937",Jhansi,Uttar_Pradesh,558937.0,Billing
OR-17682,CUST-14409,"68/478
Bhalla_Marg
Haldia_063675",Haldia,West_Bengal,63675.0,Shipping
AS-17683,CUST-02765,"78,_Sundaram_Zila,_Nagaon-666656",Nagaon,Assam,666656.0,"Billing,_Shipping"
MP-17684,CUST-18210,"H.No._50
Badal_Street
Unnao_193540",Unnao,Uttar_Pradesh,193540.0,Billing
BR-17686,CUST-01406,"646
Ray_Street
Munger-452168",Munger,Bihar,452168.0,Billing
KL-17687,CUST-00901,"546,_Bobal_Path,_Kollam_994701",Kollam,Kerala,994701.0,Billing
OR-17688,CUST-15850,"45/09,_Wadhwa_Zila,_Mathura_714148",Mathura,Uttar_Pradesh,714148.0,"Billing,_Shipping"
OR-17689,CUST-02235,"H.No._87,_Choudhury_Street,_Berhampur_506284",Berhampur,Odisha,506284.0,"Billing,_Shipping"
UP-17690,CUST-18757,"H.No._04
Datta_Road
Sambhal-532803",Sambhal,Uttar_Pradesh,532803.0,Billing
MP-17691,CUST-13156,"H.No._229,_Savant_Path
Mau-310938",Mau,Uttar_Pradesh,310938.0,"Billing,_Shipping"
MH-17692,CUST-16607,"H.No._906,_Sridhar_Path
Satara-548870",Satara,Maharashtra,548870.0,Billing
TR-17693,CUST-09840,"H.No._79,_Rege_Road
Durgapur-110748",Durgapur,West_Bengal,110748.0,Shipping
UP-17694,CUST-06123,"63/70,_Vasa_Circle
Muzaffarpur-167765",Muzaffarpur,Bihar,167765.0,Shipping
WB-17695,CUST-10109,"40,_Dass_Nagar
Kulti_030325",Kulti,West_Bengal,30325.0,Billing
KA-17696,CUST-10538,"H.No._72,_Sangha_Ganj,_Solapur-934539",Solapur,Maharashtra,934539.0,"Billing,_Shipping"
TN-17697,CUST-05574,"H.No._824,_Sankaran_Ganj
Salem_401015",Salem,Tamil_Nadu,401015.0,"Billing,_Shipping"
BR-17698,CUST-11536,"77/02,_Ganguly_Ganj
Purnia_886284",Purnia,Bihar,886284.0,Billing
MP-17700,CUST-11041,"H.No._678
Kakar_Chowk
Jodhpur_155360",Jodhpur,Rajasthan,155360.0,Billing
OR-17701,CUST-19785,"71,_Dhillon_Chowk,_Anantapur-459898",Anantapur,Andhra_Pradesh,459898.0,Billing
TS-17702,CUST-19116,"19/560
Dixit_Road
Dindigul-381995",Dindigul,Tamil_Nadu,381995.0,Shipping
MH-17703,CUST-15765,"16/649,_Chauhan_Ganj
Satara_319849",Satara,Maharashtra,319849.0,Shipping
OR-17704,CUST-14948,"H.No._75,_Sinha
Chandrapur_825012",Chandrapur,Maharashtra,825012.0,Billing
BR-17705,CUST-00725,"04/48,_Lall_Road,_Jaipur_036647",Jaipur,Rajasthan,36647.0,"Billing,_Shipping"
TS-17706,CUST-17586,"970,_Lal,_Dindigul-538493",Dindigul,Tamil_Nadu,538493.0,Shipping
TN-17707,CUST-05884,"16/17,_Bumb_Circle,_Pallavaram-938759",Pallavaram,Tamil_Nadu,938759.0,Billing
HP-17708,CUST-10070,"93/51
Mall_Marg
Udaipur_745843",Udaipur,Rajasthan,745843.0,"Billing,_Shipping"
GJ-17709,CUST-01071,"H.No._522,_Anand_Circle,_Ajmer_589414",Ajmer,Rajasthan,589414.0,"Billing,_Shipping"
DL-17710,CUST-07549,"20/66,_Toor_Chowk
Delhi_840619",Delhi,Delhi_(Union_Territory),840619.0,Shipping
CG-17711,CUST-16796,"H.No._01,_Sachar_Zila,_Malda-954530",Malda,West_Bengal,954530.0,Billing
MP-17712,CUST-02775,"397,_Deep_Nagar
Gopalpur_344632",Gopalpur,Odisha,344632.0,Shipping
HR-17713,CUST-14378,"67/08,_Magar_Road,_Bikaner-657094",Bikaner,Rajasthan,657094.0,"Billing,_Shipping"
UP-17714,CUST-05323,"H.No._533,_Sachar_Road,_Karimnagar_261525",Karimnagar,Telangana,261525.0,Shipping
OR-17715,CUST-13343,"07
Varghese
Berhampur-891964",Berhampur,Odisha,891964.0,"Billing,_Shipping"
BR-17716,CUST-18812,"625
Bhalla_Marg
Munger_585839",Munger,Bihar,585839.0,Shipping
WB-17717,CUST-18467,"44,_Chaudhuri_Chowk
Bhatpara_843008",Bhatpara,West_Bengal,843008.0,Billing
TN-17718,CUST-14236,"651,_Sharma_Zila
Tiruvottiyur_352440",Tiruvottiyur,Tamil_Nadu,352440.0,Billing
OR-17719,CUST-03606,"H.No._59,_Kulkarni_Zila
Bijapur_504765",Bijapur,Karnataka,504765.0,Billing
TN-17720,CUST-12630,"04/171
Dasgupta_Ganj
Salem-553308",Salem,Tamil_Nadu,553308.0,Billing
OR-17721,CUST-19119,"H.No._71
Bhat_Nagar
Danapur-882164",Danapur,Bihar,882164.0,Shipping
MH-17722,CUST-18777,"H.No._832,_Acharya_Marg,_Satara_104802",Satara,Maharashtra,104802.0,Billing
AP-17724,CUST-11941,"H.No._70
Sehgal_Street
Jammu_615752",Jammu,Jammu_and_Kashmir,615752.0,Billing
BR-17725,CUST-03919,"H.No._911
Ramaswamy_Zila
Purnia_705888",Purnia,Bihar,705888.0,"Billing,_Shipping"
AP-17726,CUST-17897,"33
Kothari_Street
Bhimavaram_743679",Bhimavaram,Andhra_Pradesh,743679.0,Shipping
TN-17727,CUST-18609,"H.No._64
Johal_Marg
Avadi_686572",Avadi,Tamil_Nadu,686572.0,Billing
BR-17728,CUST-12069,"65,_Das_Street,_Buxar_324044",Buxar,Bihar,324044.0,"Billing,_Shipping"
KA-17729,CUST-00719,"495,_Dugal_Street,_Tumkur-726365",Tumkur,Karnataka,726365.0,Billing
TN-17730,CUST-00467,"H.No._211,_Dar_Nagar,_Avadi-908724",Avadi,Tamil_Nadu,908724.0,Shipping
AP-17731,CUST-19761,"H.No._01,_Mammen
Bhimavaram-910965",Bhimavaram,Andhra_Pradesh,910965.0,Shipping
JH-17732,CUST-19541,"H.No._164,_Sundaram_Chowk,_Phusro_826377",Phusro,Jharkhand,826377.0,"Billing,_Shipping"
MH-17733,CUST-17310,"11
Varughese
Satara-483563",Satara,Maharashtra,483563.0,"Billing,_Shipping"
UP-17734,CUST-16554,"H.No._94,_Viswanathan,_Mirzapur_792802",Mirzapur,Uttar_Pradesh,792802.0,Shipping
JH-17735,CUST-12589,"04/19
Sahota_Chowk
Asansol_849869",Asansol,West_Bengal,849869.0,Billing
TS-17736,CUST-13206,"H.No._186
Som_Circle
Sirsa_525689",Sirsa,Haryana,525689.0,Billing
CG-17737,CUST-19395,"30/937,_Bhatia_Path,_Sagar_458619",Sagar,Madhya_Pradesh,458619.0,"Billing,_Shipping"
UP-17738,CUST-01589,"769
Kunda_Chowk
Firozabad_114120",Firozabad,Uttar_Pradesh,114120.0,"Billing,_Shipping"
GJ-17739,CUST-08123,"H.No._575,_Kurian_Chowk
Hajipur_788369",Hajipur,Bihar,788369.0,"Billing,_Shipping"
AP-17740,CUST-07025,"H.No._54,_Anne_Path,_Srikakulam_560395",Srikakulam,Andhra_Pradesh,560395.0,Billing
KA-17741,CUST-18785,"H.No._368
Tiwari_Marg
Hospet_442565",Hospet,Karnataka,442565.0,Billing
TS-17742,CUST-14439,"H.No._16,_Kari
Proddatur_545447",Proddatur,Andhra_Pradesh,545447.0,"Billing,_Shipping"
BR-17743,CUST-15106,"41,_Mangal_Chowk,_Purnia-050410",Purnia,Bihar,50410.0,"Billing,_Shipping"
MP-17744,CUST-06871,"H.No._66,_Saini_Chowk,_Jodhpur-905078",Jodhpur,Rajasthan,905078.0,"Billing,_Shipping"
GJ-17745,CUST-08560,"43,_Sachdeva_Street,_Allahabad-211343",Allahabad,Uttar_Pradesh,211343.0,"Billing,_Shipping"
BR-17746,CUST-04262,"66,_Sankar_Circle
Munger-225641",Munger,Bihar,225641.0,Billing
TN-17747,CUST-05711,"H.No._120
Kapur_Nagar
Pali-036767",Pali,Rajasthan,36767.0,Billing
MH-17748,CUST-12957,"91/84,_Sur_Nagar,_Loni-231349",Loni,Uttar_Pradesh,231349.0,Billing
UP-17749,CUST-19586,"512,_Sengupta_Path,_Raiganj_691492",Raiganj,West_Bengal,691492.0,Shipping
MP-17750,CUST-07638,"02/40,_Dara
Indore-007706",Indore,Madhya_Pradesh,7706.0,Shipping
TS-17751,CUST-12643,"81/617
Kota_Road
Hindupur-108837",Hindupur,Andhra_Pradesh,108837.0,Shipping
GJ-17752,CUST-16603,"44/587
Kumar_Marg
Hajipur-243846",Hajipur,Bihar,243846.0,Billing
CG-17753,CUST-17267,"60/814,_Ramaswamy_Chowk,_Sambalpur_403623",Sambalpur,Odisha,403623.0,Billing
TR-17754,CUST-07278,"80,_Dyal,_Chandigarh_594524",Chandigarh,Chandigarh_(Union_Territory),594524.0,Billing
MH-17755,CUST-11702,"242
Kurian_Path
Loni-564392",Loni,Uttar_Pradesh,564392.0,"Billing,_Shipping"
MP-17756,CUST-17900,"74/75
Sharaf_Chowk
Indore-816495",Indore,Madhya_Pradesh,816495.0,"Billing,_Shipping"
UP-17757,CUST-09370,"53/68
Zacharia_Zila
Gurgaon-089826",Gurgaon,Haryana,89826.0,Billing
UP-17758,CUST-04870,"020
Varma_Path
Karimnagar_700044",Karimnagar,Telangana,700044.0,Shipping
MP-17759,CUST-11402,"12/829,_Shetty
Gopalpur-093764",Gopalpur,Odisha,93764.0,Billing
BR-17760,CUST-09630,"54/971,_Madan_Ganj,_Satna-467940",Satna,Madhya_Pradesh,467940.0,Shipping
OR-17761,CUST-19957,"39/076,_Acharya_Nagar
Chandrapur_108650",Chandrapur,Maharashtra,108650.0,Shipping
TR-17762,CUST-15054,"H.No._02,_Kala_Zila
Chandigarh-787341",Chandigarh,Chandigarh_(Union_Territory),787341.0,Shipping
WB-17763,CUST-03873,"40/96,_Ram_Chowk
Bidhannagar-854603",Bidhannagar,West_Bengal,854603.0,Shipping
JH-17764,CUST-13594,"646,_Bedi_Ganj
Phusro-012299",Phusro,Jharkhand,12299.0,Shipping
MP-17765,CUST-10329,"H.No._77
Trivedi_Road
Unnao_023194",Unnao,Uttar_Pradesh,23194.0,"Billing,_Shipping"
UP-17766,CUST-08093,"069,_Raja_Zila
Firozabad_279668",Firozabad,Uttar_Pradesh,279668.0,Shipping
AS-17767,CUST-08314,"25/54,_Gala_Chowk
Nagaon_755082",Nagaon,Assam,755082.0,"Billing,_Shipping"
MH-17768,CUST-06268,"44/28,_Maharaj_Zila,_Malegaon-298109",Malegaon,Maharashtra,298109.0,Shipping
UK-17769,CUST-13885,"175
Apte_Zila
Haridwar-988377",Haridwar,Uttarakhand,988377.0,Shipping
HP-17770,CUST-15950,"94/10,_Hayre_Circle,_Udaipur-883650",Udaipur,Rajasthan,883650.0,Billing
MP-17771,CUST-15519,"883,_Krish_Path,_Khandwa_731819",Khandwa,Madhya_Pradesh,731819.0,"Billing,_Shipping"
MH-17772,CUST-17210,"73/065,_Saraf_Circle,_Malegaon_861455",Malegaon,Maharashtra,861455.0,Billing
UP-17773,CUST-12783,"88/641
Dayal_Circle
Bhagalpur_255356",Bhagalpur,Bihar,255356.0,"Billing,_Shipping"
WB-17774,CUST-17642,"H.No._23,_Soman_Ganj
Kulti_322702",Kulti,West_Bengal,322702.0,Shipping
JH-17775,CUST-15014,"428
Goel_Street
Phusro_165799",Phusro,Jharkhand,165799.0,"Billing,_Shipping"
MP-17776,CUST-12221,"347,_Chauhan_Street,_Indore-062250",Indore,Madhya_Pradesh,62250.0,"Billing,_Shipping"
KA-17777,CUST-14970,"047,_Barman_Street
Hospet-012755",Hospet,Karnataka,12755.0,Billing
BR-17778,CUST-17618,"244,_Aurora_Nagar
Satna_271969",Satna,Madhya_Pradesh,271969.0,"Billing,_Shipping"
MP-17779,CUST-00013,"47/99,_Buch_Ganj,_Gopalpur-883226",Gopalpur,Odisha,883226.0,Shipping
OR-17780,CUST-17432,"72,_Sridhar_Circle
Patna-353458",Patna,Bihar,353458.0,"Billing,_Shipping"
RJ-17781,CUST-02174,"11/41,_Goda_Zila
Fatehpur_421622",Fatehpur,Uttar_Pradesh,421622.0,"Billing,_Shipping"
KA-17782,CUST-11399,"72/764,_Sangha,_Tumkur_731287",Tumkur,Karnataka,731287.0,Shipping
TN-17783,CUST-14214,"980
Gara_Nagar
Avadi_576651",Avadi,Tamil_Nadu,576651.0,Shipping
GJ-17784,CUST-05945,"H.No._555,_Dewan_Road,_Ajmer-709002",Ajmer,Rajasthan,709002.0,"Billing,_Shipping"
KA-17785,CUST-10290,"53,_Thaman_Zila
Mangalore-602818",Mangalore,Karnataka,602818.0,Shipping
MP-17786,CUST-15450,"H.No._97,_Bains_Ganj
Gorakhpur-782402",Gorakhpur,Uttar_Pradesh,782402.0,Billing
TS-17787,CUST-16495,"H.No._465
Dada_Chowk
Sirsa_678847",Sirsa,Haryana,678847.0,"Billing,_Shipping"
KA-17788,CUST-13577,"47/93,_Chahal_Street
Tumkur_016030",Tumkur,Karnataka,16030.0,"Billing,_Shipping"
OR-17789,CUST-19283,"17/12
Chaudhari_Road
Danapur_759241",Danapur,Bihar,759241.0,Billing
MP-17790,CUST-17211,"23/86
Dewan
Jodhpur-975592",Jodhpur,Rajasthan,975592.0,"Billing,_Shipping"
WB-17791,CUST-16947,"74
Majumdar_Chowk
Uluberia_156692",Uluberia,West_Bengal,156692.0,Billing
MP-17792,CUST-16453,"H.No._62,_Bhatia_Nagar,_Agra-491299",Agra,Uttar_Pradesh,491299.0,Shipping
TR-17793,CUST-07399,"H.No._64,_Borra_Circle
Durgapur-439328",Durgapur,West_Bengal,439328.0,Billing
TN-17794,CUST-12240,"43/483
Anand_Road
Pali_176990",Pali,Rajasthan,176990.0,Shipping
MH-17795,CUST-13510,"233,_Dada_Street
Malegaon_860016",Malegaon,Maharashtra,860016.0,"Billing,_Shipping"
OR-17796,CUST-08371,"834
Dhar_Street
Danapur_218191",Danapur,Bihar,218191.0,"Billing,_Shipping"
AP-17798,CUST-19318,"22/781,_Deol_Ganj
Bhimavaram-820778",Bhimavaram,Andhra_Pradesh,820778.0,"Billing,_Shipping"
MP-17799,CUST-10354,"229,_Konda_Marg,_Khandwa_160619",Khandwa,Madhya_Pradesh,160619.0,Billing
UK-17800,CUST-08372,"H.No._76
Bhagat_Ganj
Shivpuri-008037",Shivpuri,Madhya_Pradesh,8037.0,"Billing,_Shipping"
WB-17801,CUST-14694,"H.No._820,_Bora_Path,_Baranagar-967224",Baranagar,West_Bengal,967224.0,"Billing,_Shipping"
AS-17802,CUST-15296,"H.No._733,_Doctor_Road,_Siliguri-291833",Siliguri,West_Bengal,291833.0,Billing
TN-17803,CUST-17296,"143,_Badal_Circle
Vellore_816595",Vellore,Tamil_Nadu,816595.0,Shipping
UP-17804,CUST-07759,"31,_Date_Nagar
Chapra-993317",Chapra,Bihar,993317.0,Shipping
GJ-17805,CUST-00603,"11/281
Wagle_Zila
Jabalpur-932392",Jabalpur,Madhya_Pradesh,932392.0,Shipping
HR-17806,CUST-16025,"H.No._860,_Ranganathan_Path,_Aurangabad_660098",Aurangabad,Maharashtra,660098.0,Shipping
UP-17807,CUST-13150,"82
Swamy_Chowk
Mirzapur-903955",Mirzapur,Uttar_Pradesh,903955.0,Billing
MH-17808,CUST-12045,"59/880,_Sekhon_Road
Yamunanagar_783950",Yamunanagar,Haryana,783950.0,"Billing,_Shipping"
AP-17809,CUST-18247,"915,_Kant_Circle
Bhimavaram-725352",Bhimavaram,Andhra_Pradesh,725352.0,Shipping
GJ-17810,CUST-11217,"H.No._55
Dhar_Street
Ajmer-023106",Ajmer,Rajasthan,23106.0,Billing
GJ-17811,CUST-16203,"902
Hans_Zila
Jabalpur_412685",Jabalpur,Madhya_Pradesh,412685.0,"Billing,_Shipping"
UP-17812,CUST-16253,"75/063,_Amble_Circle,_Raipur_187934",Raipur,Chhattisgarh,187934.0,Billing
UP-17813,CUST-04102,"H.No._598
Dhingra_Ganj
Chapra_774580",Chapra,Bihar,774580.0,"Billing,_Shipping"
TS-17814,CUST-05335,"72/708
Sen_Path
Ramagundam_714540",Ramagundam,Telangana,714540.0,Billing
MP-17815,CUST-19951,"H.No._140,_Yadav_Zila,_Jalandhar_918998",Jalandhar,Punjab,918998.0,"Billing,_Shipping"
MH-17816,CUST-11942,"84/75
Kanda_Marg
Bhiwandi-771147",Bhiwandi,Maharashtra,771147.0,Shipping
UP-17817,CUST-00237,"H.No._10
Sodhi
Ahmedabad-778298",Ahmedabad,Gujarat,778298.0,"Billing,_Shipping"
OR-17818,CUST-11141,"85/971,_Chopra_Road
Patna_105981",Patna,Bihar,105981.0,Shipping
WB-17819,CUST-08777,"H.No._86,_Chadha_Chowk
Panihati_674378",Panihati,West_Bengal,674378.0,Shipping
WB-17820,CUST-12928,"15/97
Issac_Road
Naihati_919632",Naihati,West_Bengal,919632.0,Billing
MP-17821,CUST-13045,"69/407,_Trivedi_Street
Khandwa-578617",Khandwa,Madhya_Pradesh,578617.0,"Billing,_Shipping"
OR-17822,CUST-19035,"85,_Char_Circle,_Berhampur_947190",Berhampur,Odisha,947190.0,"Billing,_Shipping"
AP-17823,CUST-19230,"30/87
Shukla_Marg
Dharmavaram_770014",Dharmavaram,Andhra_Pradesh,770014.0,Shipping
AP-17824,CUST-16140,"50,_Kulkarni_Path,_Dharmavaram_821529",Dharmavaram,Andhra_Pradesh,821529.0,Shipping
BR-17825,CUST-12667,"H.No._67,_Kalita_Street,_Munger_148583",Munger,Bihar,148583.0,"Billing,_Shipping"
MP-17826,CUST-18346,"095,_Bhandari_Nagar,_Gopalpur_339059",Gopalpur,Odisha,339059.0,Billing
MP-17827,CUST-15447,"916,_Ben_Nagar,_Gorakhpur-412904",Gorakhpur,Uttar_Pradesh,412904.0,Shipping
HP-17828,CUST-12476,"344,_Walla_Chowk
Udaipur_825349",Udaipur,Rajasthan,825349.0,"Billing,_Shipping"
UK-17829,CUST-17064,"H.No._017
Raman_Path
Haridwar-319609",Haridwar,Uttarakhand,319609.0,"Billing,_Shipping"
WB-17830,CUST-11771,"80/131,_Bera_Road
Kulti-633318",Kulti,West_Bengal,633318.0,Billing
HR-17831,CUST-04241,"H.No._73,_Kannan_Chowk
Aurangabad-294342",Aurangabad,Maharashtra,294342.0,Billing
MP-17832,CUST-08584,"59/613,_Din_Chowk
Agra-301106",Agra,Uttar_Pradesh,301106.0,Shipping
WB-17833,CUST-17763,"65,_Khatri_Path
Bidhannagar-983335",Bidhannagar,West_Bengal,983335.0,"Billing,_Shipping"
OR-17834,CUST-19604,"524
Raj_Street
Anantapur_381190",Anantapur,Andhra_Pradesh,381190.0,"Billing,_Shipping"
UP-17835,CUST-14231,"81/732,_Kashyap_Ganj
Farrukhabad-732789",Farrukhabad,Uttar_Pradesh,732789.0,Billing
TS-17836,CUST-11709,"H.No._155
Rana_Nagar
Ambala-007036",Ambala,Haryana,7036.0,Billing
UK-17837,CUST-17876,"95/10,_Keer_Street,_Jalna_840001",Jalna,Maharashtra,840001.0,Billing
AS-17838,CUST-02580,"35,_Gopal_Circle,_Siliguri_695947",Siliguri,West_Bengal,695947.0,"Billing,_Shipping"
OR-17839,CUST-11377,"24/508
Majumdar_Marg
Bijapur-374929",Bijapur,Karnataka,374929.0,Billing
OR-17840,CUST-14686,"H.No._97,_Butala_Circle
Bijapur_969766",Bijapur,Karnataka,969766.0,Billing
BR-17841,CUST-19453,"H.No._58,_Bawa_Ganj
Purnia_573540",Purnia,Bihar,573540.0,Shipping
MP-17842,CUST-09382,"74/80
Goda
Jodhpur_329153",Jodhpur,Rajasthan,329153.0,Billing
RJ-17843,CUST-10756,"74/546,_Srivastava_Path,_Akola_801012",Akola,Maharashtra,801012.0,Billing
MH-17844,CUST-17125,"40/202,_Gole_Circle
Bhiwandi-662268",Bhiwandi,Maharashtra,662268.0,"Billing,_Shipping"
OR-17845,CUST-08637,"344
Deshpande_Chowk
Mathura-262654",Mathura,Uttar_Pradesh,262654.0,"Billing,_Shipping"
BR-17846,CUST-02278,"H.No._986,_Jayaraman_Path
Munger-217621",Munger,Bihar,217621.0,"Billing,_Shipping"
MP-17847,CUST-15930,"223,_Anand_Marg,_Kota_092975",Kota,Rajasthan,92975.0,Shipping
KA-17848,CUST-17764,"05/60,_Karpe_Nagar
Tumkur-604374",Tumkur,Karnataka,604374.0,Billing
KL-17849,CUST-09098,"690
Magar_Circle
Kollam-347793",Kollam,Kerala,347793.0,Shipping
TN-17850,CUST-05376,"H.No._607,_Setty_Path,_Vellore-965981",Vellore,Tamil_Nadu,965981.0,Billing
TN-17851,CUST-15192,"225,_Saini_Path,_Chittoor-427756",Chittoor,Andhra_Pradesh,427756.0,"Billing,_Shipping"
TN-17852,CUST-14183,"173
Chaudry_Circle
Gandhinagar_598257",Gandhinagar,Gujarat,598257.0,Shipping
OR-17853,CUST-06704,"H.No._263,_Jhaveri_Chowk,_Chandrapur-190229",Chandrapur,Maharashtra,190229.0,Shipping
AS-17854,CUST-15856,"30/05,_De_Zila,_Bongaigaon-571376",Bongaigaon,Assam,571376.0,Billing
KA-17855,CUST-08006,"755,_Som,_Mangalore-601337",Mangalore,Karnataka,601337.0,Billing
WB-17856,CUST-19743,"802
Chandra_Zila
Kamarhati-120688",Kamarhati,West_Bengal,120688.0,Shipping
MP-17857,CUST-18421,"05/21,_Arora_Chowk
Jodhpur_943043",Jodhpur,Rajasthan,943043.0,Shipping
KA-17858,CUST-16819,"03
Sharaf_Road
Mangalore_637851",Mangalore,Karnataka,637851.0,Shipping
WB-17859,CUST-16260,"33/484,_Kannan_Path
Kulti-824526",Kulti,West_Bengal,824526.0,Billing
HR-17860,CUST-16278,"60/28
Buch_Zila
Aurangabad_886747",Aurangabad,Maharashtra,886747.0,Shipping
WB-17861,CUST-14573,"H.No._448
Hari_Circle
Uluberia_908947",Uluberia,West_Bengal,908947.0,"Billing,_Shipping"
WB-17862,CUST-01471,"68/797
Sehgal_Zila
Bally_735925",Bally,West_Bengal,735925.0,Shipping
JH-17863,CUST-19341,"H.No._18,_Krishnan_Circle,_Kharagpur-368151",Kharagpur,West_Bengal,368151.0,Shipping
UK-17864,CUST-09911,"44/690,_Dua_Ganj
Jalna-102691",Jalna,Maharashtra,102691.0,Shipping
GJ-17865,CUST-02961,"02
Dhaliwal_Road
Vadodara_104684",Vadodara,Gujarat,104684.0,"Billing,_Shipping"
TN-17866,CUST-13444,"73/326,_Shah_Road,_Gandhinagar_864104",Gandhinagar,Gujarat,864104.0,Billing
TS-17867,CUST-02113,"H.No._21,_Tandon_Street,_Sirsa_493743",Sirsa,Haryana,493743.0,Billing
AS-17868,CUST-18170,"931
Jhaveri_Circle
Bongaigaon-296522",Bongaigaon,Assam,296522.0,"Billing,_Shipping"
HR-17869,CUST-15081,"067,_Mandal_Path
Aurangabad-414973",Aurangabad,Maharashtra,414973.0,"Billing,_Shipping"
RJ-17870,CUST-11883,"551,_Kuruvilla_Chowk,_Rajkot-553479",Rajkot,Gujarat,553479.0,Billing
DL-17871,CUST-19971,"H.No._438,_Deol_Zila,_Delhi-522391",Delhi,Delhi_(Union_Territory),522391.0,Shipping
WB-17872,CUST-15746,"633
Chadha_Nagar
Panihati_669076",Panihati,West_Bengal,669076.0,Shipping
TS-17873,CUST-05647,"033,_Wali_Path,_Dindigul-396689",Dindigul,Tamil_Nadu,396689.0,Shipping
CG-17874,CUST-12720,"H.No._76
Brahmbhatt_Chowk
Malda-357599",Malda,West_Bengal,357599.0,Shipping
WB-17875,CUST-15797,"97/032
Bahri_Zila
Panihati-160373",Panihati,West_Bengal,160373.0,Shipping
AS-17876,CUST-18826,"21
Hayer_Marg
Siliguri-527585",Siliguri,West_Bengal,527585.0,"Billing,_Shipping"
UP-17877,CUST-10423,"H.No._921
Sule_Circle
Ahmedabad_486609",Ahmedabad,Gujarat,486609.0,Shipping
CG-17878,CUST-17645,"999
Mahajan_Marg
Nagpur-438200",Nagpur,Maharashtra,438200.0,Shipping
TS-17879,CUST-16513,"H.No._061,_Varughese_Marg,_Srinagar_256298",Srinagar,Jammu_and_Kashmir,256298.0,Billing
JH-17880,CUST-12791,"H.No._806,_Singh,_Kharagpur_417208",Kharagpur,West_Bengal,417208.0,Shipping
UP-17881,CUST-16318,"H.No._755,_Sundaram_Nagar
Farrukhabad_382405",Farrukhabad,Uttar_Pradesh,382405.0,"Billing,_Shipping"
JH-17882,CUST-19311,"015,_Gandhi_Chowk,_Mango-011316",Mango,Jharkhand,11316.0,Shipping
TN-17883,CUST-19849,"97/272
Dubey_Chowk
Tiruppur-402575",Tiruppur,Tamil_Nadu,402575.0,Billing
JH-17884,CUST-16479,"46,_Soman
Mango-521694",Mango,Jharkhand,521694.0,"Billing,_Shipping"
AP-17885,CUST-16940,"911,_Agrawal_Path
Bhimavaram-707846",Bhimavaram,Andhra_Pradesh,707846.0,"Billing,_Shipping"
GJ-17886,CUST-14491,"29/22,_Karpe_Street,_Jabalpur_874206",Jabalpur,Madhya_Pradesh,874206.0,Billing
MP-17887,CUST-08954,"H.No._274
Ravi
Indore_716726",Indore,Madhya_Pradesh,716726.0,Billing
MP-17888,CUST-14968,"76/91,_Rama_Street
Gorakhpur_247774",Gorakhpur,Uttar_Pradesh,247774.0,Billing
KA-17889,CUST-19128,"73/47,_Sha_Nagar,_Hospet-556825",Hospet,Karnataka,556825.0,"Billing,_Shipping"
RJ-17890,CUST-12314,"H.No._02,_Jhaveri_Road,_Akola_663572",Akola,Maharashtra,663572.0,Shipping
UP-17891,CUST-04880,"75/02,_Bhasin_Circle
Jamalpur_306867",Jamalpur,Bihar,306867.0,Shipping
MH-17892,CUST-12606,"30/60,_Chakraborty_Path
Rampur_411748",Rampur,Uttar_Pradesh,411748.0,Billing
WB-17893,CUST-16569,"809,_Goda_Road,_Panihati_806436",Panihati,West_Bengal,806436.0,"Billing,_Shipping"
TS-17894,CUST-07613,"53,_Boase_Ganj
Dindigul_388585",Dindigul,Tamil_Nadu,388585.0,"Billing,_Shipping"
TN-17895,CUST-07458,"17/283
Grover
Pallavaram-507387",Pallavaram,Tamil_Nadu,507387.0,Billing
MP-17896,CUST-03347,"H.No._450
Lanka_Zila
Gorakhpur_980575",Gorakhpur,Uttar_Pradesh,980575.0,Billing
MP-17897,CUST-14752,"H.No._443,_Badal_Circle,_Jhansi-264350",Jhansi,Uttar_Pradesh,264350.0,Billing
CG-17898,CUST-15767,"27,_Doctor_Path
Sagar-488178",Sagar,Madhya_Pradesh,488178.0,"Billing,_Shipping"
AP-17899,CUST-08288,"H.No._187,_Hayer_Circle,_Dharmavaram-664240",Dharmavaram,Andhra_Pradesh,664240.0,Billing
GJ-17900,CUST-07349,"H.No._584,_Sethi_Path,_Ajmer-696263",Ajmer,Rajasthan,696263.0,Billing
UP-17901,CUST-18076,"53/731,_Sangha_Street,_Shahjahanpur-985439",Shahjahanpur,Uttar_Pradesh,985439.0,Shipping
AP-17902,CUST-02203,"97,_Khanna,_Anantapuram_602493",Anantapuram,Andhra_Pradesh,602493.0,Shipping
AP-17903,CUST-10161,"70/421
Babu_Ganj
Bhimavaram-372736",Bhimavaram,Andhra_Pradesh,372736.0,"Billing,_Shipping"
TS-17904,CUST-10796,"H.No._05,_Kamdar
Proddatur-892147",Proddatur,Andhra_Pradesh,892147.0,Shipping
CG-17905,CUST-06210,"21/74,_Dugal_Path
Sambalpur_250872",Sambalpur,Odisha,250872.0,"Billing,_Shipping"
WB-17906,CUST-12438,"486,_Khosla_Chowk
Kamarhati-395756",Kamarhati,West_Bengal,395756.0,Billing
MP-17907,CUST-01267,"44/83,_Rana_Nagar,_Ramgarh-999703",Ramgarh,Jharkhand,999703.0,"Billing,_Shipping"
TS-17908,CUST-17009,"077,_Samra_Chowk,_Nizamabad-514003",Nizamabad,Telangana,514003.0,Shipping
MH-17909,CUST-16515,"677,_Batta_Road,_Satara_648091",Satara,Maharashtra,648091.0,Shipping
OR-17910,CUST-04030,"H.No._077,_Khatri_Zila,_Patna_902286",Patna,Bihar,902286.0,"Billing,_Shipping"
GJ-17911,CUST-10355,"693,_Bajaj_Street
Allahabad-887634",Allahabad,Uttar_Pradesh,887634.0,Shipping
HR-17912,CUST-16595,"H.No._853
Chauhan_Ganj
Aurangabad-614181",Aurangabad,Maharashtra,614181.0,Billing
RJ-17913,CUST-17692,"23/445
Dixit
Dewas-032313",Dewas,Madhya_Pradesh,32313.0,Billing
AP-17914,CUST-07202,"17/599,_Choudhury,_Anantapuram-883933",Anantapuram,Andhra_Pradesh,883933.0,"Billing,_Shipping"
TR-17915,CUST-01764,"31,_Chahal_Ganj,_Chandigarh_584114",Chandigarh,Chandigarh_(Union_Territory),584114.0,Billing
MH-17916,CUST-13124,"H.No._89,_Sundaram_Circle
Rampur-136874",Rampur,Uttar_Pradesh,136874.0,Billing
UP-17917,CUST-18277,"94,_Bhatia_Road
Muzaffarpur-871740",Muzaffarpur,Bihar,871740.0,Shipping
TS-17918,CUST-11731,"H.No._96,_Ganesan_Chowk,_Dindigul-624653",Dindigul,Tamil_Nadu,624653.0,Shipping
UP-17919,CUST-18974,"14,_Choudhary_Nagar,_Raipur_867152",Raipur,Chhattisgarh,867152.0,"Billing,_Shipping"
UP-17920,CUST-13511,"H.No._52
Chada
Gurgaon_157780",Gurgaon,Haryana,157780.0,"Billing,_Shipping"
GJ-17921,CUST-03905,"H.No._46,_Zacharia_Street,_Jabalpur_243262",Jabalpur,Madhya_Pradesh,243262.0,"Billing,_Shipping"
JH-17922,CUST-16232,"83/490
Char_Zila
Asansol-379219",Asansol,West_Bengal,379219.0,Shipping
RJ-17924,CUST-16486,"34/370,_Kunda_Circle,_Rajkot_785891",Rajkot,Gujarat,785891.0,Shipping
MP-17925,CUST-17597,"89
Thaman_Ganj
Jodhpur-718662",Jodhpur,Rajasthan,718662.0,"Billing,_Shipping"
OR-17926,CUST-13232,"H.No._24,_Banik_Street
Mathura-494700",Mathura,Uttar_Pradesh,494700.0,"Billing,_Shipping"
UP-17927,CUST-13545,"H.No._449,_Bose_Chowk
Muzaffarpur_578165",Muzaffarpur,Bihar,578165.0,Shipping
TN-17928,CUST-01042,"H.No._33,_Srinivas_Marg
Pali_754307",Pali,Rajasthan,754307.0,Shipping
HR-17929,CUST-17115,"51/464,_Bobal_Chowk
Aurangabad-650699",Aurangabad,Maharashtra,650699.0,"Billing,_Shipping"
MH-17930,CUST-19766,"087,_Saraf,_Bhiwandi_932598",Bhiwandi,Maharashtra,932598.0,Shipping
GJ-17931,CUST-13233,"065,_Shah_Street,_Vadodara_289323",Vadodara,Gujarat,289323.0,"Billing,_Shipping"
KA-17932,CUST-01939,"91/37,_Hayre_Marg
Hosur-422784",Hosur,Tamil_Nadu,422784.0,Shipping
GJ-17933,CUST-11314,"H.No._91
Jaggi
Allahabad_969457",Allahabad,Uttar_Pradesh,969457.0,Billing
OR-17934,CUST-16363,"70/25,_Ahuja
Mathura-465414",Mathura,Uttar_Pradesh,465414.0,Billing
TN-17935,CUST-19625,"75/48
Keer_Path
Pallavaram-871286",Pallavaram,Tamil_Nadu,871286.0,"Billing,_Shipping"
BR-17936,CUST-16308,"96/76,_Bansal
Buxar-204772",Buxar,Bihar,204772.0,Shipping
TN-17937,CUST-18568,"H.No._96,_Ramachandran_Ganj
Tiruppur-947436",Tiruppur,Tamil_Nadu,947436.0,Billing
GJ-17938,CUST-12213,"H.No._71,_Kale_Street,_Gandhidham-337587",Gandhidham,Gujarat,337587.0,Billing
TS-17939,CUST-07669,"646,_Saraf_Nagar
Proddatur_141354",Proddatur,Andhra_Pradesh,141354.0,"Billing,_Shipping"
MH-17940,CUST-13204,"51,_Karan_Marg,_Rampur-288864",Rampur,Uttar_Pradesh,288864.0,Billing
RJ-17941,CUST-01691,"H.No._86
Badal
Akola_011001",Akola,Maharashtra,11001.0,Shipping
HR-17942,CUST-08294,"53
Bal_Road
Aurangabad-556327",Aurangabad,Maharashtra,556327.0,Shipping
UK-17943,CUST-12281,"76/599
Bali_Nagar
Jalna-700158",Jalna,Maharashtra,700158.0,Shipping
MH-17944,CUST-16542,"H.No._85,_Kara_Ganj
Karnal-354259",Karnal,Haryana,354259.0,Shipping
UK-17945,CUST-02287,"H.No._00,_Badami_Chowk,_Shivpuri_905076",Shivpuri,Madhya_Pradesh,905076.0,Shipping
MP-17946,CUST-03713,"37,_Maharaj_Street,_Ramgarh_340589",Ramgarh,Jharkhand,340589.0,Shipping
MH-17947,CUST-03006,"16/420,_Viswanathan_Street,_Bhiwandi_831185",Bhiwandi,Maharashtra,831185.0,"Billing,_Shipping"
UK-17948,CUST-18617,"188,_Sridhar_Road
Jalna-225989",Jalna,Maharashtra,225989.0,Shipping
CG-17949,CUST-19036,"05,_Shenoy
Sagar_612367",Sagar,Madhya_Pradesh,612367.0,Billing
CG-17950,CUST-18460,"42,_Sankar_Nagar
Sagar_663202",Sagar,Madhya_Pradesh,663202.0,Shipping
MP-17951,CUST-05382,"844
Varkey_Nagar
Kota_159218",Kota,Rajasthan,159218.0,"Billing,_Shipping"
TN-17952,CUST-13630,"015,_Dutt_Circle,_Vellore_313136",Vellore,Tamil_Nadu,313136.0,Shipping
CG-17953,CUST-19772,"H.No._302
Bhardwaj_Road
Bhilai_950555",Bhilai,Chhattisgarh,950555.0,Billing
TS-17954,CUST-05568,"09/692
Varty_Chowk
Srinagar-260134",Srinagar,Jammu_and_Kashmir,260134.0,Shipping
MH-17955,CUST-07783,"49
Bali_Ganj
Nanded_165314",Nanded,Maharashtra,165314.0,"Billing,_Shipping"
TN-17956,CUST-11089,"15,_Bora_Road
Tiruppur-817859",Tiruppur,Tamil_Nadu,817859.0,Billing
CG-17957,CUST-18252,"87
Vora_Street
Sambalpur_149246",Sambalpur,Odisha,149246.0,Billing
UP-17958,CUST-02317,"53/25,_Vaidya_Marg,_Raipur-060354",Raipur,Chhattisgarh,60354.0,"Billing,_Shipping"
WB-17959,CUST-13847,"52/91
Aurora_Zila
Bhatpara_111376",Bhatpara,West_Bengal,111376.0,Billing
UP-17960,CUST-13922,"65/469,_Reddy_Circle,_Burhanpur_424891",Burhanpur,Madhya_Pradesh,424891.0,"Billing,_Shipping"
BR-17961,CUST-13110,"H.No._44,_Deshpande_Ganj
Satna-384840",Satna,Madhya_Pradesh,384840.0,Billing
TN-17962,CUST-04904,"39
Bose
Tiruvottiyur-588468",Tiruvottiyur,Tamil_Nadu,588468.0,"Billing,_Shipping"
GJ-17963,CUST-03987,"44/47
Devan_Ganj
Kavali-066045",Kavali,Andhra_Pradesh,66045.0,"Billing,_Shipping"
WB-17964,CUST-13726,"62,_Chowdhury_Street
Madhyamgram_499109",Madhyamgram,West_Bengal,499109.0,Shipping
WB-17965,CUST-13271,"76/580,_Bir_Street,_Baranagar_895585",Baranagar,West_Bengal,895585.0,Billing
MP-17966,CUST-19364,"90/57,_Bhakta_Ganj,_Indore_691598",Indore,Madhya_Pradesh,691598.0,Shipping
OR-17967,CUST-07956,"93,_Sehgal_Path
Anantapur-828854",Anantapur,Andhra_Pradesh,828854.0,"Billing,_Shipping"
HR-17968,CUST-08287,"529,_Goyal_Ganj
Aurangabad-682121",Aurangabad,Maharashtra,682121.0,Billing
OR-17969,CUST-09280,"13/302,_Randhawa,_Bilaspur-859738",Bilaspur,Chhattisgarh,859738.0,"Billing,_Shipping"
AP-17970,CUST-13650,"96/24,_Bora_Circle
Jammu_893164",Jammu,Jammu_and_Kashmir,893164.0,Billing
WB-17971,CUST-17011,"948,_Ratti_Marg
Naihati_067512",Naihati,West_Bengal,67512.0,Billing
TN-17972,CUST-14487,"79/52,_Yogi_Path,_Tiruvottiyur-608944",Tiruvottiyur,Tamil_Nadu,608944.0,Shipping
TR-17973,CUST-13897,"98/703,_Lanka_Circle
Durgapur_505579",Durgapur,West_Bengal,505579.0,"Billing,_Shipping"
TN-17974,CUST-14670,"H.No._36
Mandal_Zila
Avadi_041117",Avadi,Tamil_Nadu,41117.0,Billing
OR-17975,CUST-19571,"H.No._670
Chatterjee_Nagar
Bharatpur_459648",Bharatpur,Rajasthan,459648.0,Shipping
HR-17977,CUST-17813,"824,_Ben_Street,_Bikaner_095732",Bikaner,Rajasthan,95732.0,Billing
MP-17978,CUST-19942,"89
Dhingra_Street
Jodhpur_438021",Jodhpur,Rajasthan,438021.0,Shipping
TS-17979,CUST-03354,"H.No._554
Sundaram_Ganj
Nizamabad-120137",Nizamabad,Telangana,120137.0,"Billing,_Shipping"
TN-17980,CUST-16313,"30/677,_Bawa,_Gandhinagar-834302",Gandhinagar,Gujarat,834302.0,"Billing,_Shipping"
MH-17981,CUST-11321,"342,_Chaudhry_Chowk
Bhiwandi-551257",Bhiwandi,Maharashtra,551257.0,Shipping
UP-17982,CUST-14574,"46/73,_Sengupta_Street,_Jamalpur-365364",Jamalpur,Bihar,365364.0,Billing
AP-17983,CUST-11207,"257,_Srinivasan_Street
Anantapuram-222913",Anantapuram,Andhra_Pradesh,222913.0,Shipping
MH-17984,CUST-18465,"H.No._799
Chandran_Path
Karnal_979414",Karnal,Haryana,979414.0,"Billing,_Shipping"
TN-17985,CUST-11821,"70/36,_Ramanathan_Zila
Tiruppur-399486",Tiruppur,Tamil_Nadu,399486.0,Billing
MP-17986,CUST-13644,"14
Banik_Chowk
Jhansi_887403",Jhansi,Uttar_Pradesh,887403.0,Shipping
OR-17987,CUST-19261,"35/879,_Deshmukh
Bharatpur-835548",Bharatpur,Rajasthan,835548.0,"Billing,_Shipping"
KA-17988,CUST-14638,"03/597
Chaudry_Road
Solapur_166950",Solapur,Maharashtra,166950.0,Billing
KA-17989,CUST-10230,"97/45,_Iyer_Zila,_Tumkur_734179",Tumkur,Karnataka,734179.0,Billing
TS-17990,CUST-02668,"33/327
Dayal
Srinagar_582319",Srinagar,Jammu_and_Kashmir,582319.0,Billing
CG-17991,CUST-18413,"29/624,_Karpe,_Bhilai-223698",Bhilai,Chhattisgarh,223698.0,"Billing,_Shipping"
UP-17992,CUST-17953,"90,_Kumer_Zila
Firozabad-049493",Firozabad,Uttar_Pradesh,49493.0,Shipping
UP-17993,CUST-09880,"736,_Apte_Marg,_Farrukhabad_864260",Farrukhabad,Uttar_Pradesh,864260.0,"Billing,_Shipping"
GJ-17994,CUST-18799,"H.No._93,_Rajagopalan_Chowk
Vadodara-359974",Vadodara,Gujarat,359974.0,"Billing,_Shipping"
OR-17995,CUST-16315,"92/82,_Bir_Chowk,_Bilaspur-285795",Bilaspur,Chhattisgarh,285795.0,"Billing,_Shipping"
KA-17996,CUST-03278,"H.No._53
Wason_Chowk
Tumkur-575707",Tumkur,Karnataka,575707.0,Billing
MP-17997,CUST-11067,"562,_Edwin
Jhansi-709809",Jhansi,Uttar_Pradesh,709809.0,Billing
AP-17998,CUST-13185,"79/64,_Kurian_Zila,_Gudivada-145177",Gudivada,Andhra_Pradesh,145177.0,Shipping
WB-17999,CUST-00614,"38/56,_Konda_Street
Aligarh_165587",Aligarh,Uttar_Pradesh,165587.0,"Billing,_Shipping"
OR-18000,CUST-19392,"68/041,_Bhatt_Circle,_Bilaspur-817387",Bilaspur,Chhattisgarh,817387.0,"Billing,_Shipping"
GJ-18001,CUST-05289,"H.No._630,_Ram_Street,_Ajmer-732465",Ajmer,Rajasthan,732465.0,Billing
KA-18002,CUST-12970,"H.No._720,_Lanka_Street
Tumkur_761366",Tumkur,Karnataka,761366.0,Shipping
WB-18003,CUST-03554,"04,_Saran_Zila,_Bhatpara-595067",Bhatpara,West_Bengal,595067.0,Billing
TN-18004,CUST-16398,"16
Rastogi_Road
Chittoor_447503",Chittoor,Andhra_Pradesh,447503.0,Shipping
AP-18005,CUST-13567,"H.No._78
Rout_Street
Anantapuram_180036",Anantapuram,Andhra_Pradesh,180036.0,"Billing,_Shipping"
UK-18006,CUST-15259,"H.No._61,_Ram_Path,_Shivpuri_972578",Shivpuri,Madhya_Pradesh,972578.0,"Billing,_Shipping"
TS-18007,CUST-17047,"349,_Lala_Street,_Nizamabad-532293",Nizamabad,Telangana,532293.0,Billing
TS-18008,CUST-19754,"36/051
Ranganathan_Nagar
Nizamabad_408969",Nizamabad,Telangana,408969.0,"Billing,_Shipping"
HP-18009,CUST-14466,"H.No._526,_Rau
Udaipur_264741",Udaipur,Rajasthan,264741.0,Billing
MH-18010,CUST-18754,"H.No._47,_Saxena_Marg,_Bhiwandi_018399",Bhiwandi,Maharashtra,18399.0,Billing
RJ-18011,CUST-16275,"47/314
Wason_Circle
Fatehpur_864454",Fatehpur,Uttar_Pradesh,864454.0,Shipping
UP-18012,CUST-15644,"163
Bail_Chowk
Shahjahanpur_088746",Shahjahanpur,Uttar_Pradesh,88746.0,Billing
MP-18014,CUST-11425,"688,_Varma_Marg,_Agra-550100",Agra,Uttar_Pradesh,550100.0,"Billing,_Shipping"
KA-18015,CUST-16302,"H.No._444,_Seth_Street,_Amaravati_943282",Amaravati,Andhra_Pradesh,943282.0,Shipping
KA-18016,CUST-05809,"H.No._577,_Deep_Chowk
Hospet_506151",Hospet,Karnataka,506151.0,Billing
HR-18017,CUST-18728,"H.No._94
Hayer_Chowk
Bikaner-258995",Bikaner,Rajasthan,258995.0,Billing
DL-18018,CUST-10555,"61
Andra
Delhi_636970",Delhi,Delhi_(Union_Territory),636970.0,"Billing,_Shipping"
MP-18019,CUST-13055,"040
Boase_Chowk
Mau-625124",Mau,Uttar_Pradesh,625124.0,Shipping
RJ-18020,CUST-18057,"H.No._58,_Chopra_Zila
Rajkot_446749",Rajkot,Gujarat,446749.0,"Billing,_Shipping"
TS-18021,CUST-06516,"86,_Agate_Ganj
Ambala-918599",Ambala,Haryana,918599.0,Billing
WB-18022,CUST-11209,"716
Gill_Street
Naihati-501597",Naihati,West_Bengal,501597.0,"Billing,_Shipping"
AP-18023,CUST-03148,"08/468,_Karan_Zila,_Bhimavaram_751216",Bhimavaram,Andhra_Pradesh,751216.0,Billing
MP-18024,CUST-01192,"102,_Mahal_Marg
Indore_855676",Indore,Madhya_Pradesh,855676.0,"Billing,_Shipping"
UP-18025,CUST-08110,"H.No._92,_Kibe_Chowk,_Ahmedabad-493727",Ahmedabad,Gujarat,493727.0,Shipping
MP-18026,CUST-12016,"05/971,_Bhatt_Ganj
Gopalpur_506746",Gopalpur,Odisha,506746.0,"Billing,_Shipping"
UP-18027,CUST-18082,"H.No._67,_Aurora_Marg
Burhanpur-858717",Burhanpur,Madhya_Pradesh,858717.0,Billing
WB-18028,CUST-14060,"H.No._61,_Subramaniam_Street,_Panihati_991524",Panihati,West_Bengal,991524.0,Shipping
OR-18029,CUST-03431,"H.No._689,_Shankar_Nagar,_Berhampur-544994",Berhampur,Odisha,544994.0,"Billing,_Shipping"
UP-18030,CUST-12436,"66/434
Bhattacharyya_Road
Gurgaon-206890",Gurgaon,Haryana,206890.0,"Billing,_Shipping"
AS-18031,CUST-13135,"044,_Acharya_Street,_Siliguri-553854",Siliguri,West_Bengal,553854.0,"Billing,_Shipping"
GJ-18032,CUST-18884,"10/08,_Kade_Nagar,_Hajipur-766106",Hajipur,Bihar,766106.0,Shipping
WB-18033,CUST-01361,"32/36,_Chhabra_Nagar
Arrah-590410",Arrah,Bihar,590410.0,Billing
AP-18034,CUST-10637,"17/054
Sangha_Road
Srikakulam_672458",Srikakulam,Andhra_Pradesh,672458.0,Billing
MP-18035,CUST-01161,"589
Bahl_Path
Agra_449938",Agra,Uttar_Pradesh,449938.0,Billing
MP-18036,CUST-18089,"53/005
Madan_Marg
Indore-271634",Indore,Madhya_Pradesh,271634.0,Billing
WB-18037,CUST-15815,"697,_Lanka
Naihati-690265",Naihati,West_Bengal,690265.0,Billing
MP-18038,CUST-16966,"39/02,_Dube_Chowk,_Dehri-996301",Dehri,Bihar,996301.0,Shipping
UP-18039,CUST-15222,"769,_Sachdeva_Zila
Farrukhabad-353853",Farrukhabad,Uttar_Pradesh,353853.0,Billing
WB-18040,CUST-11359,"H.No._31,_Chatterjee_Marg,_Aligarh_290153",Aligarh,Uttar_Pradesh,290153.0,Shipping
GJ-18041,CUST-12825,"854,_Wagle
Kavali_000852",Kavali,Andhra_Pradesh,852.0,Shipping
MP-18042,CUST-16196,"54/531,_Samra_Circle,_Gopalpur-225409",Gopalpur,Odisha,225409.0,Billing
JH-18043,CUST-00127,"850,_Chahal_Street,_Mango_644417",Mango,Jharkhand,644417.0,Billing
AP-18044,CUST-14714,"43/942,_Sarin_Street,_Anantapuram_720231",Anantapuram,Andhra_Pradesh,720231.0,Shipping
CG-18045,CUST-16231,"35,_Tailor,_Bhilai-144833",Bhilai,Chhattisgarh,144833.0,"Billing,_Shipping"
TS-18046,CUST-19479,"393
Varghese_Road
Hindupur_519070",Hindupur,Andhra_Pradesh,519070.0,Shipping
AP-18047,CUST-12882,"85,_Dixit_Marg,_Gudivada-847777",Gudivada,Andhra_Pradesh,847777.0,"Billing,_Shipping"
RJ-18048,CUST-07183,"38,_Sani_Ganj
Dewas-814460",Dewas,Madhya_Pradesh,814460.0,"Billing,_Shipping"
BR-18050,CUST-16001,"081,_Bhardwaj_Street
Purnia-135355",Purnia,Bihar,135355.0,"Billing,_Shipping"
GJ-18051,CUST-11900,"H.No._182,_Deol_Zila
Vadodara-515544",Vadodara,Gujarat,515544.0,Billing
CG-18052,CUST-01590,"28
Mannan_Nagar
Sambalpur-129034",Sambalpur,Odisha,129034.0,Shipping
TN-18053,CUST-00120,"H.No._004,_Dass_Ganj,_Pali_045234",Pali,Rajasthan,45234.0,"Billing,_Shipping"
OR-18054,CUST-15093,"H.No._98
Sinha_Zila
Bharatpur_697727",Bharatpur,Rajasthan,697727.0,Shipping
MH-18055,CUST-14317,"H.No._05
Varghese_Street
Rampur_185297",Rampur,Uttar_Pradesh,185297.0,"Billing,_Shipping"
GJ-18056,CUST-16377,"36,_Sama
Ajmer-306562",Ajmer,Rajasthan,306562.0,Billing
WB-18057,CUST-07745,"06/17
Barad_Circle
Madhyamgram_069082",Madhyamgram,West_Bengal,69082.0,Shipping
RJ-18058,CUST-02125,"30/59
Ramesh
Akola-873385",Akola,Maharashtra,873385.0,Shipping
AP-18059,CUST-09495,"74/53,_Ramaswamy_Street
Bhimavaram_331210",Bhimavaram,Andhra_Pradesh,331210.0,Shipping
OR-18060,CUST-05130,"45/63,_Ganesh_Nagar
Berhampur-071010",Berhampur,Odisha,71010.0,"Billing,_Shipping"
WB-18061,CUST-15333,"39/15,_Bhatti_Street,_Aligarh_806316",Aligarh,Uttar_Pradesh,806316.0,Billing
TS-18062,CUST-17685,"H.No._813,_Doshi_Path,_Nizamabad-866021",Nizamabad,Telangana,866021.0,Shipping
MP-18063,CUST-15805,"23,_Barad_Road,_Dehri-611603",Dehri,Bihar,611603.0,"Billing,_Shipping"
JH-18064,CUST-09926,"H.No._832,_Jani_Road
Kharagpur_216792",Kharagpur,West_Bengal,216792.0,"Billing,_Shipping"
GJ-18065,CUST-16060,"12
Date_Nagar
Vadodara-383929",Vadodara,Gujarat,383929.0,Shipping
OR-18066,CUST-14034,"H.No._860,_Keer_Ganj,_Chandrapur_023228",Chandrapur,Maharashtra,23228.0,"Billing,_Shipping"
WB-18067,CUST-03514,"H.No._94,_Biswas_Chowk
Aligarh_849047",Aligarh,Uttar_Pradesh,849047.0,Shipping
GJ-18068,CUST-19516,"38/545,_Mangal_Chowk,_Ajmer-716231",Ajmer,Rajasthan,716231.0,"Billing,_Shipping"
OR-18069,CUST-17000,"76/48,_Shere_Marg
Berhampur_533712",Berhampur,Odisha,533712.0,Billing
MH-18070,CUST-14417,"323,_Cheema_Chowk,_Guntur-196521",Guntur,Andhra_Pradesh,196521.0,"Billing,_Shipping"
CG-18071,CUST-08626,"H.No._435,_Ratta_Ganj
Sagar_574074",Sagar,Madhya_Pradesh,574074.0,Billing
GJ-18072,CUST-05222,"61
Saran
Hajipur-204822",Hajipur,Bihar,204822.0,Shipping
HR-18073,CUST-15987,"85,_Comar_Zila,_Siwan-271019",Siwan,Bihar,271019.0,Billing
MP-18074,CUST-07958,"H.No._587
Upadhyay_Nagar
Ramgarh_008698",Ramgarh,Jharkhand,8698.0,"Billing,_Shipping"
UP-18075,CUST-11661,"H.No._384
Chad_Road
Bhagalpur_528020",Bhagalpur,Bihar,528020.0,"Billing,_Shipping"
TN-18076,CUST-02612,"57
Chatterjee_Circle
Chittoor-322188",Chittoor,Andhra_Pradesh,322188.0,Billing
AP-18077,CUST-18273,"H.No._85
Dua_Road
Bhimavaram-403496",Bhimavaram,Andhra_Pradesh,403496.0,Billing
AP-18078,CUST-03238,"12,_Garg_Circle,_Srikakulam-176986",Srikakulam,Andhra_Pradesh,176986.0,Shipping
RJ-18079,CUST-01598,"H.No._843,_Kala_Chowk
Fatehpur-509178",Fatehpur,Uttar_Pradesh,509178.0,Billing
GJ-18080,CUST-16266,"005,_Keer
Allahabad_402996",Allahabad,Uttar_Pradesh,402996.0,"Billing,_Shipping"
CG-18081,CUST-10910,"813
Kala_Ganj
Bhilai-882192",Bhilai,Chhattisgarh,882192.0,Billing
MP-18082,CUST-01394,"H.No._590
Bhatnagar
Jodhpur-865418",Jodhpur,Rajasthan,865418.0,"Billing,_Shipping"
MH-18083,CUST-10892,"193,_Ganesh_Chowk,_Yamunanagar-662167",Yamunanagar,Haryana,662167.0,Shipping
OR-18084,CUST-14865,"528,_Varughese_Street
Berhampur_494238",Berhampur,Odisha,494238.0,Billing
TR-18085,CUST-02033,"H.No._559
Chad_Street
Durgapur-392939",Durgapur,West_Bengal,392939.0,Billing
MH-18086,CUST-02864,"309
Shenoy_Circle
Guntur_523999",Guntur,Andhra_Pradesh,523999.0,Billing
KA-18087,CUST-14024,"553,_Chaudhary_Street
Hospet-389747",Hospet,Karnataka,389747.0,Shipping
KA-18088,CUST-13561,"19,_Madan,_Hosur-883111",Hosur,Tamil_Nadu,883111.0,Billing
MP-18089,CUST-17012,"H.No._029
Dugar_Zila
Jalandhar-872111",Jalandhar,Punjab,872111.0,Shipping
GJ-18090,CUST-10661,"H.No._85,_Walla_Nagar
Hajipur-282831",Hajipur,Bihar,282831.0,Shipping
WB-18091,CUST-14233,"H.No._30
Tara_Road
Kulti-025665",Kulti,West_Bengal,25665.0,Shipping
CG-18092,CUST-16227,"33,_Gera_Path
Bhilai_479352",Bhilai,Chhattisgarh,479352.0,"Billing,_Shipping"
OR-18093,CUST-07430,"237,_Mangal_Ganj,_Haldia-002158",Haldia,West_Bengal,2158.0,"Billing,_Shipping"
KA-18094,CUST-13468,"34/90,_Shankar
Hospet_924448",Hospet,Karnataka,924448.0,Billing
OR-18095,CUST-03666,"H.No._27
Magar_Street
Kanpur_145129",Kanpur,Uttar_Pradesh,145129.0,"Billing,_Shipping"
JH-18096,CUST-04912,"62
Garde_Street
Mango_441305",Mango,Jharkhand,441305.0,"Billing,_Shipping"
WB-18097,CUST-16632,"34,_Saini_Zila
Bally_732413",Bally,West_Bengal,732413.0,"Billing,_Shipping"
JH-18098,CUST-16751,"75/920,_Madan,_Asansol-485593",Asansol,West_Bengal,485593.0,Billing
KA-18099,CUST-11216,"358,_Rajan_Road,_Hospet-728325",Hospet,Karnataka,728325.0,"Billing,_Shipping"
GJ-18100,CUST-13730,"H.No._527,_Malhotra_Circle,_Gandhidham-366721",Gandhidham,Gujarat,366721.0,Shipping
WB-18101,CUST-15492,"977,_Shukla_Road,_Baranagar_847168",Baranagar,West_Bengal,847168.0,Billing
GJ-18102,CUST-11921,"H.No._864,_Rajagopalan_Road,_Kavali_467920",Kavali,Andhra_Pradesh,467920.0,"Billing,_Shipping"
TS-18103,CUST-07134,"99,_Ramakrishnan_Road
Dindigul-491485",Dindigul,Tamil_Nadu,491485.0,Billing
OR-18104,CUST-16398,"82/71
Rau_Ganj
Kanpur_248995",Kanpur,Uttar_Pradesh,248995.0,Shipping
CG-18105,CUST-17932,"16/812,_Sha
Nagpur-929085",Nagpur,Maharashtra,929085.0,Shipping
BR-18106,CUST-11033,"H.No._00,_Bhalla_Circle
Purnia-300371",Purnia,Bihar,300371.0,Shipping
RJ-18107,CUST-02945,"01
Keer_Zila
Fatehpur_544100",Fatehpur,Uttar_Pradesh,544100.0,Shipping
UK-18108,CUST-15810,"91/81
Mangal_Chowk
Shivpuri_786797",Shivpuri,Madhya_Pradesh,786797.0,Shipping
MP-18109,CUST-16791,"H.No._933,_Dara_Zila,_Jodhpur-994668",Jodhpur,Rajasthan,994668.0,Billing
MH-18110,CUST-13191,"26/64
Babu_Chowk
Malegaon_921277",Malegaon,Maharashtra,921277.0,Shipping
UP-18112,CUST-04233,"H.No._80,_Goswami_Marg
Muzaffarpur-853716",Muzaffarpur,Bihar,853716.0,Shipping
HR-18113,CUST-01535,"62/80,_Kashyap_Circle,_Bikaner-361992",Bikaner,Rajasthan,361992.0,Billing
TR-18114,CUST-11439,"33/081
Keer_Path
Chandigarh-499100",Chandigarh,Chandigarh_(Union_Territory),499100.0,Shipping
TN-18115,CUST-01718,"129,_Bhargava_Zila,_Avadi_810810",Avadi,Tamil_Nadu,810810.0,"Billing,_Shipping"
WB-18116,CUST-11446,"62
Rege_Road
Panihati_755659",Panihati,West_Bengal,755659.0,"Billing,_Shipping"
MP-18117,CUST-03928,"26,_Ganesan_Zila
Mau_788822",Mau,Uttar_Pradesh,788822.0,Billing
WB-18118,CUST-10086,"15/729
Chawla_Path
Kulti-388196",Kulti,West_Bengal,388196.0,Shipping
HR-18119,CUST-09732,"H.No._788,_Sheth_Zila,_Aurangabad_527008",Aurangabad,Maharashtra,527008.0,Billing
RJ-18120,CUST-06460,"H.No._76,_Setty_Chowk,_Dewas-548272",Dewas,Madhya_Pradesh,548272.0,Billing
MP-18121,CUST-16472,"H.No._26
Agrawal
Jodhpur-361461",Jodhpur,Rajasthan,361461.0,Shipping
TN-18122,CUST-02776,"03,_Rout_Street
Salem-328656",Salem,Tamil_Nadu,328656.0,"Billing,_Shipping"
TN-18123,CUST-01185,"732,_Sane
Chittoor-726023",Chittoor,Andhra_Pradesh,726023.0,Billing
MP-18124,CUST-13296,"07/685,_Dalal_Road
Agra_812141",Agra,Uttar_Pradesh,812141.0,Billing
UP-18125,CUST-10445,"68,_Joshi_Zila
Farrukhabad_384052",Farrukhabad,Uttar_Pradesh,384052.0,Shipping
TN-18126,CUST-19530,"47/310
Chahal_Road
Pallavaram-705918",Pallavaram,Tamil_Nadu,705918.0,"Billing,_Shipping"
AP-18127,CUST-11870,"H.No._31,_Dass_Ganj,_Anantapuram_775004",Anantapuram,Andhra_Pradesh,775004.0,Billing
AP-18128,CUST-11531,"064
Verma_Marg
Anantapuram-670237",Anantapuram,Andhra_Pradesh,670237.0,Shipping
GJ-18129,CUST-08502,"20/43,_Sarna_Path
Hajipur-728390",Hajipur,Bihar,728390.0,"Billing,_Shipping"
BR-18130,CUST-13675,"67/27
Cherian_Nagar
Jaipur-213480",Jaipur,Rajasthan,213480.0,"Billing,_Shipping"
TS-18131,CUST-19367,"H.No._03,_Mannan_Circle,_Ramagundam_157751",Ramagundam,Telangana,157751.0,Billing
MP-18132,CUST-04498,"97/969,_Chhabra_Path,_Jodhpur-615501",Jodhpur,Rajasthan,615501.0,Shipping
UP-18133,CUST-03534,"97,_Sandal_Zila,_Burhanpur-991545",Burhanpur,Madhya_Pradesh,991545.0,Shipping
UK-18134,CUST-15567,"43/68
Kannan_Circle
Haridwar-020849",Haridwar,Uttarakhand,20849.0,Shipping
WB-18135,CUST-06167,"H.No._28
Bail_Road
Madhyamgram-639672",Madhyamgram,West_Bengal,639672.0,"Billing,_Shipping"
HP-18136,CUST-13113,"905,_Wable_Nagar
Udaipur-038392",Udaipur,Rajasthan,38392.0,Billing
KA-18137,CUST-18712,"17/863
Vala_Marg
Mangalore-957043",Mangalore,Karnataka,957043.0,Billing
TS-18138,CUST-13177,"055,_Upadhyay_Zila,_Hindupur-493688",Hindupur,Andhra_Pradesh,493688.0,Shipping
TR-18139,CUST-02803,"210
Varkey_Road
Durgapur-812545",Durgapur,West_Bengal,812545.0,"Billing,_Shipping"
WB-18140,CUST-01736,"154
Buch_Road
Arrah_020403",Arrah,Bihar,20403.0,Shipping
UP-18141,CUST-03336,"H.No._869,_Walia_Zila,_Burhanpur_399001",Burhanpur,Madhya_Pradesh,399001.0,Billing
MH-18142,CUST-17022,"H.No._76,_Cherian_Circle
Rampur-489340",Rampur,Uttar_Pradesh,489340.0,Billing
KA-18143,CUST-18331,"H.No._55,_Deo_Zila
Solapur-520361",Solapur,Maharashtra,520361.0,"Billing,_Shipping"
TS-18144,CUST-19393,"56,_Wadhwa_Marg,_Ramagundam-857531",Ramagundam,Telangana,857531.0,"Billing,_Shipping"
TS-18145,CUST-12755,"533
Koshy_Zila
Dindigul-456266",Dindigul,Tamil_Nadu,456266.0,Shipping
AS-18146,CUST-11691,"77/45,_Char_Street,_Nagaon-597178",Nagaon,Assam,597178.0,"Billing,_Shipping"
UP-18147,CUST-16980,"H.No._46,_Vaidya_Street
Raiganj_259819",Raiganj,West_Bengal,259819.0,Shipping
MP-18148,CUST-11463,"047,_Mander_Marg
Agra-238693",Agra,Uttar_Pradesh,238693.0,"Billing,_Shipping"
UP-18149,CUST-15723,"H.No._88
Setty_Street
Shahjahanpur_557251",Shahjahanpur,Uttar_Pradesh,557251.0,Billing
WB-18150,CUST-10938,"827
Bail_Marg
Uluberia-428141",Uluberia,West_Bengal,428141.0,"Billing,_Shipping"
TR-18151,CUST-14715,"62/56
Bhardwaj_Street
Chandigarh_012863",Chandigarh,Chandigarh_(Union_Territory),12863.0,Billing
GJ-18152,CUST-00518,"H.No._842
Saxena_Path
Vadodara_644930",Vadodara,Gujarat,644930.0,Shipping
TS-18153,CUST-05464,"05,_Ratti_Street,_Srinagar-371183",Srinagar,Jammu_and_Kashmir,371183.0,"Billing,_Shipping"
UP-18154,CUST-17796,"79/435,_Garg_Path
Muzaffarpur-871521",Muzaffarpur,Bihar,871521.0,Billing
RJ-18155,CUST-01433,"858,_Bath_Circle
Dewas-257205",Dewas,Madhya_Pradesh,257205.0,Shipping
TN-18156,CUST-19931,"10,_Jayaraman_Nagar,_Tiruvottiyur_531985",Tiruvottiyur,Tamil_Nadu,531985.0,Shipping
HR-18157,CUST-06643,"H.No._27
Reddy_Street
Bikaner-264246",Bikaner,Rajasthan,264246.0,"Billing,_Shipping"
MH-18158,CUST-11978,"H.No._724,_Gade_Path
Bhiwandi_307154",Bhiwandi,Maharashtra,307154.0,"Billing,_Shipping"
UP-18159,CUST-12920,"H.No._790,_Sachar_Nagar,_Karimnagar-946281",Karimnagar,Telangana,946281.0,Shipping
MP-18160,CUST-10332,"H.No._631,_Goswami_Chowk
Dehri-146793",Dehri,Bihar,146793.0,"Billing,_Shipping"
RJ-18161,CUST-08335,"63
Sachar_Path
Rajkot_695837",Rajkot,Gujarat,695837.0,Shipping
UP-18162,CUST-02853,"394
Jhaveri_Road
Farrukhabad-927673",Farrukhabad,Uttar_Pradesh,927673.0,Billing
BR-18163,CUST-14928,"27
Wagle_Street
Jaipur-832527",Jaipur,Rajasthan,832527.0,"Billing,_Shipping"
OR-18164,CUST-12287,"07/524
Sen_Path
Mathura_642869",Mathura,Uttar_Pradesh,642869.0,"Billing,_Shipping"
MH-18165,CUST-03953,"H.No._793
Chaudhary_Street
Bhiwandi-858685",Bhiwandi,Maharashtra,858685.0,Billing
BR-18166,CUST-14228,"H.No._29,_Dhar,_Satna-044050",Satna,Madhya_Pradesh,44050.0,Billing
UK-18167,CUST-05994,"35/43
Dhawan_Marg
Jalna_447065",Jalna,Maharashtra,447065.0,Billing
BR-18168,CUST-16467,"H.No._607,_Garg_Marg
Munger_922797",Munger,Bihar,922797.0,Billing
GJ-18169,CUST-14978,"37
Kari_Marg
Jabalpur_423493",Jabalpur,Madhya_Pradesh,423493.0,Billing
UP-18170,CUST-18643,"20/300
Balay_Street
Raipur_209558",Raipur,Chhattisgarh,209558.0,"Billing,_Shipping"
BR-18171,CUST-19747,"62/40,_Lall_Zila,_Purnia-497455",Purnia,Bihar,497455.0,Billing
WB-18172,CUST-19727,"612,_Rajagopalan_Circle
Madhyamgram_626519",Madhyamgram,West_Bengal,626519.0,Shipping
JH-18173,CUST-16272,"28/29
Wali_Circle
Mango_929850",Mango,Jharkhand,929850.0,Shipping
UP-18174,CUST-14015,"29/96
Sani_Street
Firozabad-443159",Firozabad,Uttar_Pradesh,443159.0,Billing
UK-18175,CUST-15033,"H.No._28
Malhotra_Nagar
Haridwar-645005",Haridwar,Uttarakhand,645005.0,"Billing,_Shipping"
UP-18176,CUST-02630,"H.No._68,_Bhasin_Road,_Shahjahanpur-703458",Shahjahanpur,Uttar_Pradesh,703458.0,Billing
CG-18177,CUST-03269,"13/631
Balan
Sagar_449456",Sagar,Madhya_Pradesh,449456.0,Shipping
GJ-18179,CUST-10744,"590,_Issac_Chowk
Kavali-086904",Kavali,Andhra_Pradesh,86904.0,Billing
UP-18180,CUST-06130,"H.No._30
Walia_Ganj
Karimnagar_914340",Karimnagar,Telangana,914340.0,Shipping
CG-18181,CUST-17927,"44
Dutt_Ganj
Nagpur_848019",Nagpur,Maharashtra,848019.0,Shipping
TN-18182,CUST-13653,"H.No._695,_Kapur_Zila
Tiruppur_764850",Tiruppur,Tamil_Nadu,764850.0,"Billing,_Shipping"
TR-18183,CUST-17836,"717,_Walla_Path,_Chandigarh_773577",Chandigarh,Chandigarh_(Union_Territory),773577.0,Billing
MP-18184,CUST-18811,"172,_Mangat_Ganj
Indore-679692",Indore,Madhya_Pradesh,679692.0,Shipping
TN-18185,CUST-09842,"99,_Sidhu_Road
Pallavaram_987414",Pallavaram,Tamil_Nadu,987414.0,"Billing,_Shipping"
OR-18186,CUST-07124,"40/722,_Gara_Street
Kanpur_147879",Kanpur,Uttar_Pradesh,147879.0,"Billing,_Shipping"
UP-18187,CUST-19636,"80/08
Bhatt
Ahmedabad-163512",Ahmedabad,Gujarat,163512.0,Shipping
TS-18188,CUST-02709,"94/20,_Ravel_Road
Ramagundam-134042",Ramagundam,Telangana,134042.0,Billing
MP-18189,CUST-07178,"061
Comar_Chowk
Kota_678861",Kota,Rajasthan,678861.0,Shipping
TS-18190,CUST-08869,"H.No._75,_Rao_Street
Ambala-908744",Ambala,Haryana,908744.0,Shipping
MH-18191,CUST-09492,"25/070
Cheema
Nanded_873250",Nanded,Maharashtra,873250.0,Shipping
BR-18192,CUST-12230,"52/939,_Keer_Street
Satna-226637",Satna,Madhya_Pradesh,226637.0,Billing
WB-18193,CUST-17160,"80,_Kale_Nagar
Arrah-277733",Arrah,Bihar,277733.0,"Billing,_Shipping"
MP-18194,CUST-05839,"H.No._816,_Saini_Path
Agra-682225",Agra,Uttar_Pradesh,682225.0,Billing
UP-18195,CUST-12155,"075
Kala_Circle
Farrukhabad-277467",Farrukhabad,Uttar_Pradesh,277467.0,Shipping
GJ-18196,CUST-18853,"H.No._335,_Krish_Zila
Kavali-055158",Kavali,Andhra_Pradesh,55158.0,Billing
WB-18197,CUST-17698,"46,_Keer_Nagar,_Panihati-342193",Panihati,West_Bengal,342193.0,"Billing,_Shipping"
UP-18198,CUST-19991,"77,_Kaur_Street,_Muzaffarpur_103040",Muzaffarpur,Bihar,103040.0,Shipping
WB-18199,CUST-13759,"95/07,_Dhawan_Chowk
Arrah-971014",Arrah,Bihar,971014.0,Shipping
UP-18200,CUST-05646,"281,_Kala_Chowk,_Raiganj_841312",Raiganj,West_Bengal,841312.0,Billing
BR-18201,CUST-14430,"H.No._57
Dhar_Road
Satna_087609",Satna,Madhya_Pradesh,87609.0,"Billing,_Shipping"
WB-18202,CUST-12640,"H.No._65
Vora_Zila
Bally-528786",Bally,West_Bengal,528786.0,Shipping
BR-18203,CUST-13053,"H.No._67
Shetty_Marg
Buxar-782593",Buxar,Bihar,782593.0,Shipping
UP-18204,CUST-13019,"36,_Boase_Chowk
Farrukhabad-736447",Farrukhabad,Uttar_Pradesh,736447.0,"Billing,_Shipping"
RJ-18205,CUST-13178,"H.No._54
Kant_Road
Fatehpur_976945",Fatehpur,Uttar_Pradesh,976945.0,Billing
OR-18206,CUST-09294,"07/600
Mann_Chowk
Mathura-132689",Mathura,Uttar_Pradesh,132689.0,Billing
KL-18207,CUST-02454,"H.No._12,_Bumb_Zila,_Kollam-269976",Kollam,Kerala,269976.0,"Billing,_Shipping"
TR-18208,CUST-01927,"19/471,_Varty_Marg
Durgapur_937127",Durgapur,West_Bengal,937127.0,Billing
HR-18209,CUST-12144,"H.No._806,_Contractor_Street,_Siwan-710284",Siwan,Bihar,710284.0,Billing
CG-18210,CUST-19036,"H.No._97,_Srinivasan_Street,_Malda_259361",Malda,West_Bengal,259361.0,"Billing,_Shipping"
WB-18211,CUST-04169,"H.No._933
Borde_Ganj
Baranagar_697014",Baranagar,West_Bengal,697014.0,"Billing,_Shipping"
OR-18212,CUST-19449,"H.No._53
Dhar_Road
Berhampur-976740",Berhampur,Odisha,976740.0,Billing
MP-18213,CUST-10147,"H.No._458,_Dutta_Road
Dehri_500737",Dehri,Bihar,500737.0,"Billing,_Shipping"
AP-18214,CUST-01551,"25/38
Suri_Street
Bhimavaram_638873",Bhimavaram,Andhra_Pradesh,638873.0,"Billing,_Shipping"
MP-18215,CUST-15010,"709,_Goswami_Ganj
Ramgarh-688312",Ramgarh,Jharkhand,688312.0,Billing
UP-18216,CUST-10328,"007
Iyer_Ganj
Mirzapur_278612",Mirzapur,Uttar_Pradesh,278612.0,Billing
AS-18217,CUST-13599,"H.No._18
Kalita_Circle
Siliguri_359407",Siliguri,West_Bengal,359407.0,Billing
OR-18218,CUST-16110,"781,_Kara_Path
Bharatpur-234908",Bharatpur,Rajasthan,234908.0,"Billing,_Shipping"
OR-18219,CUST-16098,"27/42,_Dhawan_Street
Danapur-786695",Danapur,Bihar,786695.0,"Billing,_Shipping"
CG-18220,CUST-16307,"82/525,_Suri_Ganj,_Sagar-173124",Sagar,Madhya_Pradesh,173124.0,Shipping
UP-18221,CUST-16658,"61/69,_Bandi_Circle,_Muzaffarpur_241020",Muzaffarpur,Bihar,241020.0,Shipping
DL-18222,CUST-01620,"68/939
Lata
Delhi_405233",Delhi,Delhi_(Union_Territory),405233.0,"Billing,_Shipping"
WB-18223,CUST-17545,"612,_Walla_Nagar,_Aligarh-843165",Aligarh,Uttar_Pradesh,843165.0,Billing
RJ-18224,CUST-18324,"H.No._503
Konda
Fatehpur-697686",Fatehpur,Uttar_Pradesh,697686.0,Billing
WB-18225,CUST-01903,"H.No._178,_Bora_Ganj,_Bidhannagar_957198",Bidhannagar,West_Bengal,957198.0,Shipping
CG-18226,CUST-17056,"266,_Dada_Circle
Nagpur_970270",Nagpur,Maharashtra,970270.0,"Billing,_Shipping"
CG-18227,CUST-08286,"67,_Arya_Circle
Nagpur-533628",Nagpur,Maharashtra,533628.0,Shipping
WB-18228,CUST-17093,"28/62
Balan
Arrah-106691",Arrah,Bihar,106691.0,Billing
UP-18229,CUST-17223,"89,_Saraf_Circle,_Raiganj-255937",Raiganj,West_Bengal,255937.0,Shipping
GJ-18230,CUST-11655,"H.No._08,_Aurora_Street
Allahabad_994793",Allahabad,Uttar_Pradesh,994793.0,"Billing,_Shipping"
UP-18231,CUST-15316,"48/814,_Dave_Nagar
Raipur_312627",Raipur,Chhattisgarh,312627.0,Billing
CG-18232,CUST-18612,"H.No._898,_Gara_Chowk,_Bhilai_265646",Bhilai,Chhattisgarh,265646.0,"Billing,_Shipping"
KA-18233,CUST-12431,"129,_Raman_Ganj
Hospet_237000",Hospet,Karnataka,237000.0,Billing
KA-18234,CUST-16863,"854
Kota_Path
Mangalore_877204",Mangalore,Karnataka,877204.0,Shipping
AS-18235,CUST-01838,"H.No._933
Keer_Circle
Bongaigaon_354441",Bongaigaon,Assam,354441.0,Shipping
WB-18236,CUST-14146,"92/653,_Roy_Circle,_Bally_000769",Bally,West_Bengal,769.0,"Billing,_Shipping"
AP-18237,CUST-14388,"083,_Gupta_Nagar
Dharmavaram-179266",Dharmavaram,Andhra_Pradesh,179266.0,Billing
UP-18238,CUST-19386,"H.No._26,_Chacko_Marg
Raipur_587704",Raipur,Chhattisgarh,587704.0,"Billing,_Shipping"
MP-18239,CUST-01476,"596,_Sibal_Circle
Unnao_409216",Unnao,Uttar_Pradesh,409216.0,Shipping
GJ-18240,CUST-15943,"77
Dhawan_Marg
Ajmer-064009",Ajmer,Rajasthan,64009.0,"Billing,_Shipping"
MH-18241,CUST-10571,"724,_Sathe_Circle
Jalgaon-331147",Jalgaon,Maharashtra,331147.0,Billing
OR-18242,CUST-11408,"75,_Dey_Road
Kanpur-727270",Kanpur,Uttar_Pradesh,727270.0,"Billing,_Shipping"
GJ-18243,CUST-07689,"46/139,_Handa_Road,_Vadodara-375045",Vadodara,Gujarat,375045.0,Billing
MH-18244,CUST-05948,"865,_Bhatti_Path,_Malegaon_948086",Malegaon,Maharashtra,948086.0,Shipping
WB-18245,CUST-19584,"H.No._02,_Ray_Path,_Naihati_583403",Naihati,West_Bengal,583403.0,Billing
UP-18246,CUST-16759,"H.No._265,_Kurian_Zila,_Raiganj_643284",Raiganj,West_Bengal,643284.0,Shipping
TS-18247,CUST-17791,"947
Vig_Chowk
Proddatur_607753",Proddatur,Andhra_Pradesh,607753.0,Shipping
OR-18248,CUST-13197,"04/73
Konda_Circle
Berhampur_167971",Berhampur,Odisha,167971.0,Shipping
GJ-18249,CUST-11227,"H.No._06
Kala_Ganj
Allahabad_126183",Allahabad,Uttar_Pradesh,126183.0,"Billing,_Shipping"
TS-18250,CUST-18044,"72/249
Bhandari_Path
Ambala-882295",Ambala,Haryana,882295.0,"Billing,_Shipping"
TS-18251,CUST-18653,"36/35,_Banerjee_Path,_Ambala_587738",Ambala,Haryana,587738.0,Shipping
TN-18252,CUST-16695,"99/11,_Dewan,_Tiruppur_413247",Tiruppur,Tamil_Nadu,413247.0,Billing
KA-18253,CUST-18815,"00/850
Ramaswamy_Path
Solapur_788114",Solapur,Maharashtra,788114.0,Shipping
UK-18254,CUST-15464,"60/206
Sachdeva_Path
Jalna_055007",Jalna,Maharashtra,55007.0,"Billing,_Shipping"
CG-18255,CUST-02707,"H.No._58
Butala_Path
Bhilai-097853",Bhilai,Chhattisgarh,97853.0,Shipping
TS-18256,CUST-15490,"64/21,_Thaman_Circle,_Nizamabad-643655",Nizamabad,Telangana,643655.0,Billing
UP-18257,CUST-18263,"38/37,_Bail_Marg
Firozabad-288701",Firozabad,Uttar_Pradesh,288701.0,Billing
OR-18258,CUST-00797,"H.No._727,_Taneja_Chowk
Mathura_519602",Mathura,Uttar_Pradesh,519602.0,Billing
UP-18259,CUST-05327,"25/37,_Bhandari_Chowk,_Sambhal-150099",Sambhal,Uttar_Pradesh,150099.0,"Billing,_Shipping"
MH-18260,CUST-15009,"01/91,_Sachdev_Road
Jalgaon_044976",Jalgaon,Maharashtra,44976.0,Shipping
MH-18261,CUST-18556,"H.No._11
Acharya_Street
Loni-256040",Loni,Uttar_Pradesh,256040.0,Billing
BR-18262,CUST-11774,"08/070,_Ravel_Circle
Jaipur_680037",Jaipur,Rajasthan,680037.0,Billing
UP-18263,CUST-10953,"54/24
Sood_Street
Farrukhabad-672376",Farrukhabad,Uttar_Pradesh,672376.0,Shipping
MH-18264,CUST-05479,"41,_Thakur_Road
Malegaon_733346",Malegaon,Maharashtra,733346.0,"Billing,_Shipping"
TS-18265,CUST-10439,"73/76,_Thaker_Path
Dindigul_589586",Dindigul,Tamil_Nadu,589586.0,Shipping
AP-18266,CUST-13864,"H.No._835,_Sankar_Chowk,_Srikakulam-405886",Srikakulam,Andhra_Pradesh,405886.0,Shipping
MP-18267,CUST-04011,"H.No._192,_Wable_Chowk
Kota-582632",Kota,Rajasthan,582632.0,Shipping
TS-18268,CUST-18459,"H.No._06,_Seshadri_Road,_Ramagundam-709209",Ramagundam,Telangana,709209.0,"Billing,_Shipping"
UP-18269,CUST-02253,"H.No._165,_Talwar_Street
Bhagalpur_777869",Bhagalpur,Bihar,777869.0,"Billing,_Shipping"
AP-18270,CUST-01022,"H.No._939,_Doctor_Circle,_Gudivada_429017",Gudivada,Andhra_Pradesh,429017.0,Shipping
UP-18271,CUST-16482,"H.No._349,_Bera_Path,_Raiganj-184725",Raiganj,West_Bengal,184725.0,Billing
UP-18272,CUST-06825,"86/873
Kala
Firozabad_652526",Firozabad,Uttar_Pradesh,652526.0,Billing
MP-18273,CUST-01299,"H.No._272
Dada_Path
Khandwa_249892",Khandwa,Madhya_Pradesh,249892.0,"Billing,_Shipping"
OR-18274,CUST-12616,"H.No._44,_Dutta_Chowk,_Anantapur-035730",Anantapur,Andhra_Pradesh,35730.0,Billing
OR-18275,CUST-12131,"H.No._448
Chauhan_Street
Bharatpur-018071",Bharatpur,Rajasthan,18071.0,"Billing,_Shipping"
TN-18276,CUST-17596,"H.No._27,_Sandhu
Tiruppur_416267",Tiruppur,Tamil_Nadu,416267.0,Billing
AP-18277,CUST-13854,"H.No._311
Ram_Marg
Anantapuram_837050",Anantapuram,Andhra_Pradesh,837050.0,Billing
UP-18278,CUST-12833,"81/921
Mandal_Chowk
Chapra-943401",Chapra,Bihar,943401.0,"Billing,_Shipping"
MH-18280,CUST-05067,"437,_Sura_Street,_Bhiwandi_687855",Bhiwandi,Maharashtra,687855.0,Shipping
UP-18281,CUST-16290,"07/837,_Balay,_Ahmedabad_687755",Ahmedabad,Gujarat,687755.0,Shipping
TN-18282,CUST-15454,"62/75,_Chaudhari,_Pallavaram_563739",Pallavaram,Tamil_Nadu,563739.0,"Billing,_Shipping"
MP-18283,CUST-11179,"007
Hegde_Marg
Mau-674525",Mau,Uttar_Pradesh,674525.0,Shipping
AP-18284,CUST-15751,"002,_Bhattacharyya_Ganj,_Bhimavaram_545939",Bhimavaram,Andhra_Pradesh,545939.0,Shipping
OR-18285,CUST-07071,"H.No._02,_Sandhu_Ganj,_Haldia_099663",Haldia,West_Bengal,99663.0,Shipping
TS-18286,CUST-01158,"H.No._728,_Sengupta
Dindigul-908564",Dindigul,Tamil_Nadu,908564.0,"Billing,_Shipping"
TS-18287,CUST-19526,"H.No._09,_Singh_Path,_Ramagundam_581200",Ramagundam,Telangana,581200.0,"Billing,_Shipping"
HR-18288,CUST-15541,"125
Dhillon_Street
Siwan_902028",Siwan,Bihar,902028.0,Shipping
UP-18289,CUST-10487,"25,_Gulati_Path,_Firozabad_707587",Firozabad,Uttar_Pradesh,707587.0,Shipping
OR-18290,CUST-03986,"10/485,_Desai_Nagar,_Anantapur-718832",Anantapur,Andhra_Pradesh,718832.0,"Billing,_Shipping"
TN-18291,CUST-16196,"40/53,_Khurana_Circle,_Chittoor-789805",Chittoor,Andhra_Pradesh,789805.0,Shipping
HP-18292,CUST-17148,"71/82
Anand_Circle
Udaipur-008193",Udaipur,Rajasthan,8193.0,Billing
MH-18293,CUST-12990,"513
Venkataraman_Marg
Malegaon_402843",Malegaon,Maharashtra,402843.0,"Billing,_Shipping"
UP-18294,CUST-11683,"84/994
Ranganathan
Shahjahanpur-831401",Shahjahanpur,Uttar_Pradesh,831401.0,Billing
UP-18295,CUST-12355,"72/608
Gaba
Muzaffarpur-783029",Muzaffarpur,Bihar,783029.0,"Billing,_Shipping"
TS-18296,CUST-05901,"48,_Tank_Zila,_Nizamabad_459099",Nizamabad,Telangana,459099.0,Shipping
GJ-18297,CUST-11149,"H.No._179,_Kaul,_Gandhidham_626137",Gandhidham,Gujarat,626137.0,Shipping
TS-18298,CUST-01657,"76/35,_Gulati_Ganj
Srinagar_472765",Srinagar,Jammu_and_Kashmir,472765.0,Shipping
UP-18299,CUST-04480,"536
Shan_Chowk
Burhanpur-634751",Burhanpur,Madhya_Pradesh,634751.0,"Billing,_Shipping"
MP-18300,CUST-03862,"21,_Sagar_Circle
Mau_528355",Mau,Uttar_Pradesh,528355.0,Billing
MH-18301,CUST-11398,"48/128
Venkataraman_Road
Nanded-787851",Nanded,Maharashtra,787851.0,"Billing,_Shipping"
KL-18302,CUST-10281,"37/671
Ganesh_Marg
Kollam_369682",Kollam,Kerala,369682.0,Shipping
AP-18303,CUST-01963,"H.No._52,_Dash_Zila
Bhimavaram_044621",Bhimavaram,Andhra_Pradesh,44621.0,Billing
MH-18304,CUST-03219,"H.No._468,_Deshpande_Circle,_Satara_350762",Satara,Maharashtra,350762.0,Billing
TS-18305,CUST-18901,"09/596
Seshadri_Chowk
Hindupur_324642",Hindupur,Andhra_Pradesh,324642.0,Shipping
MH-18306,CUST-17490,"H.No._794
Baral_Zila
Karnal_360369",Karnal,Haryana,360369.0,Billing
MH-18307,CUST-10927,"30,_Dugal_Ganj
Nanded-408671",Nanded,Maharashtra,408671.0,Shipping
GJ-18308,CUST-04531,"336,_Chaudry_Chowk
Jabalpur_457045",Jabalpur,Madhya_Pradesh,457045.0,Billing
UP-18309,CUST-11096,"702,_Gupta_Nagar,_Ahmedabad_099624",Ahmedabad,Gujarat,99624.0,Billing
TN-18310,CUST-12773,"55/58
Goel_Nagar
Tiruvottiyur_015603",Tiruvottiyur,Tamil_Nadu,15603.0,Shipping
AP-18311,CUST-15954,"79/91
Datta
Srikakulam_814852",Srikakulam,Andhra_Pradesh,814852.0,Billing
TN-18312,CUST-00598,"47/85,_Vig_Road,_Tiruvottiyur_009655",Tiruvottiyur,Tamil_Nadu,9655.0,Shipping
MP-18313,CUST-05927,"H.No._64,_Manda_Circle
Jhansi_824370",Jhansi,Uttar_Pradesh,824370.0,Shipping
OR-18314,CUST-13614,"57/240
Ramanathan_Path
Haldia_676117",Haldia,West_Bengal,676117.0,Shipping
OR-18315,CUST-04019,"899
Bir_Marg
Mathura-656737",Mathura,Uttar_Pradesh,656737.0,Shipping
WB-18316,CUST-09729,"82/37,_Bains,_Bhatpara_391986",Bhatpara,West_Bengal,391986.0,Shipping
OR-18317,CUST-06118,"59/63
Vora_Ganj
Bijapur_608612",Bijapur,Karnataka,608612.0,"Billing,_Shipping"
UP-18318,CUST-17587,"83/915,_Contractor_Street
Gurgaon_783989",Gurgaon,Haryana,783989.0,Billing
HR-18319,CUST-08667,"04,_Ghose_Chowk,_Aurangabad_244734",Aurangabad,Maharashtra,244734.0,Billing
TR-18320,CUST-16541,"82/756,_Chaudhari_Street,_Chandigarh_568103",Chandigarh,Chandigarh_(Union_Territory),568103.0,Billing
MH-18321,CUST-11936,"H.No._67,_Magar_Circle
Malegaon_470480",Malegaon,Maharashtra,470480.0,Billing
UP-18322,CUST-13904,"78/301,_Kakar_Nagar
Sambhal_171829",Sambhal,Uttar_Pradesh,171829.0,"Billing,_Shipping"
WB-18324,CUST-14412,"23,_Sastry_Marg
Kulti-486833",Kulti,West_Bengal,486833.0,Shipping
MH-18325,CUST-16937,"605,_Bail_Road
Nanded_459596",Nanded,Maharashtra,459596.0,"Billing,_Shipping"
OR-18327,CUST-01435,"51/802,_Yogi_Street
Haldia_362616",Haldia,West_Bengal,362616.0,Shipping
RJ-18328,CUST-12191,"43/309,_Kaul,_Rajkot_427006",Rajkot,Gujarat,427006.0,"Billing,_Shipping"
AS-18329,CUST-07172,"49,_Issac_Marg
Bongaigaon-026261",Bongaigaon,Assam,26261.0,"Billing,_Shipping"
OR-18330,CUST-18201,"442,_Bose_Path
Bijapur_107150",Bijapur,Karnataka,107150.0,Billing
OR-18331,CUST-17886,"193,_Dubey_Ganj
Bijapur_800189",Bijapur,Karnataka,800189.0,Billing
UP-18332,CUST-00289,"H.No._211
Tata_Chowk
Shahjahanpur-233457",Shahjahanpur,Uttar_Pradesh,233457.0,Shipping
BR-18333,CUST-14139,"310,_Dada_Path
Purnia-492294",Purnia,Bihar,492294.0,"Billing,_Shipping"
OR-18334,CUST-00117,"59/448,_Hari,_Bijapur-656421",Bijapur,Karnataka,656421.0,Shipping
OR-18335,CUST-10297,"93/251
Mane_Nagar
Kanpur-635844",Kanpur,Uttar_Pradesh,635844.0,Billing
KA-18336,CUST-09089,"94/88
Chand_Street
Hospet-314887",Hospet,Karnataka,314887.0,"Billing,_Shipping"
OR-18337,CUST-16163,"H.No._119,_Lanka
Kanpur-033775",Kanpur,Uttar_Pradesh,33775.0,Shipping
OR-18338,CUST-17732,"81/04
Chokshi_Zila
Bijapur-085897",Bijapur,Karnataka,85897.0,Shipping
UP-18339,CUST-08333,"568,_Koshy_Zila
Karimnagar-367645",Karimnagar,Telangana,367645.0,Shipping
MP-18340,CUST-18992,"347,_Zachariah_Nagar,_Dehri_984340",Dehri,Bihar,984340.0,Billing
WB-18341,CUST-10856,"H.No._157,_Ratta_Ganj
Bally-787015",Bally,West_Bengal,787015.0,Shipping
MP-18342,CUST-12021,"H.No._04,_Sani_Road,_Unnao-125703",Unnao,Uttar_Pradesh,125703.0,Billing
TS-18343,CUST-14232,"79/349
Verma
Sirsa-943296",Sirsa,Haryana,943296.0,"Billing,_Shipping"
BR-18344,CUST-19138,"H.No._865,_Thakkar_Street,_Buxar-048324",Buxar,Bihar,48324.0,Billing
KA-18345,CUST-16039,"21,_Amble_Street
Mangalore_576606",Mangalore,Karnataka,576606.0,"Billing,_Shipping"
KA-18346,CUST-18428,"22,_Bedi_Path,_Solapur-341908",Solapur,Maharashtra,341908.0,Shipping
UP-18347,CUST-14396,"H.No._25
Bora_Street
Gurgaon-433349",Gurgaon,Haryana,433349.0,Billing
TS-18348,CUST-12423,"061,_Butala_Circle
Proddatur_070596",Proddatur,Andhra_Pradesh,70596.0,Billing
TR-18349,CUST-07197,"868,_Mand
Durgapur-133521",Durgapur,West_Bengal,133521.0,Shipping
OR-18350,CUST-13775,"55/13,_Virk,_Chandrapur-705585",Chandrapur,Maharashtra,705585.0,Billing
MP-18351,CUST-16480,"H.No._81,_Cheema_Road,_Jodhpur_487286",Jodhpur,Rajasthan,487286.0,Billing
GJ-18352,CUST-16414,"845
Badal_Road
Jabalpur-780969",Jabalpur,Madhya_Pradesh,780969.0,"Billing,_Shipping"
MH-18353,CUST-13951,"H.No._292,_Srinivas_Street
Bhiwandi_616174",Bhiwandi,Maharashtra,616174.0,"Billing,_Shipping"
HR-18354,CUST-17498,"83
Ahuja_Zila
Siwan_530621",Siwan,Bihar,530621.0,Shipping
CG-18355,CUST-19375,"041,_Bhatti
Bhilai-976746",Bhilai,Chhattisgarh,976746.0,Shipping
TS-18356,CUST-08340,"H.No._38,_Bhatti_Marg
Dindigul-577939",Dindigul,Tamil_Nadu,577939.0,"Billing,_Shipping"
TS-18357,CUST-12106,"10/06
Cherian_Ganj
Hindupur-725935",Hindupur,Andhra_Pradesh,725935.0,Shipping
KA-18358,CUST-10279,"74/157
Gour_Chowk
Solapur_634850",Solapur,Maharashtra,634850.0,Shipping
AP-18359,CUST-11206,"12,_Ram_Zila,_Gudivada_369398",Gudivada,Andhra_Pradesh,369398.0,"Billing,_Shipping"
MH-18360,CUST-14362,"19/939
Bedi_Path
Satara-600878",Satara,Maharashtra,600878.0,Billing
UK-18361,CUST-09956,"10/057,_Wali_Marg
Haridwar-185909",Haridwar,Uttarakhand,185909.0,Billing
UP-18362,CUST-09874,"61,_Saxena_Circle
Shahjahanpur_036323",Shahjahanpur,Uttar_Pradesh,36323.0,"Billing,_Shipping"
TS-18363,CUST-19497,"H.No._55,_Khare_Nagar,_Ambala-696639",Ambala,Haryana,696639.0,Billing
MH-18364,CUST-10489,"H.No._42
Gole_Zila
Bhiwandi_663809",Bhiwandi,Maharashtra,663809.0,Shipping
MP-18365,CUST-02340,"17/277,_Hans_Marg,_Ramgarh-125636",Ramgarh,Jharkhand,125636.0,"Billing,_Shipping"
OR-18366,CUST-08838,"H.No._916
Seth_Street
Anantapur-148103",Anantapur,Andhra_Pradesh,148103.0,Billing
GJ-18367,CUST-16053,"04/01,_Bawa_Marg,_Hajipur_891222",Hajipur,Bihar,891222.0,Shipping
KA-18368,CUST-11919,"31/292,_Kaur_Nagar
Hosur-769501",Hosur,Tamil_Nadu,769501.0,"Billing,_Shipping"
RJ-18369,CUST-08600,"H.No._97,_Bhatia
Dewas_221820",Dewas,Madhya_Pradesh,221820.0,Shipping
RJ-18370,CUST-14699,"H.No._47,_Viswanathan_Road
Fatehpur_709381",Fatehpur,Uttar_Pradesh,709381.0,"Billing,_Shipping"
MP-18371,CUST-07153,"H.No._61,_Bora_Chowk,_Jhansi_138845",Jhansi,Uttar_Pradesh,138845.0,Shipping
MH-18372,CUST-08375,"83,_Kamdar
Nanded_567725",Nanded,Maharashtra,567725.0,Billing
KA-18373,CUST-18104,"H.No._221
Roy_Circle
Hospet_995669",Hospet,Karnataka,995669.0,Billing
MH-18374,CUST-02980,"07/44,_Dewan_Nagar
Karnal_985629",Karnal,Haryana,985629.0,Billing
UP-18375,CUST-13403,"H.No._875,_Sachdev_Street
Firozabad-921563",Firozabad,Uttar_Pradesh,921563.0,"Billing,_Shipping"
OR-18376,CUST-11046,"73
Devan_Marg
Bilaspur_620429",Bilaspur,Chhattisgarh,620429.0,"Billing,_Shipping"
MH-18377,CUST-14097,"H.No._586,_Lad,_Loni_200770",Loni,Uttar_Pradesh,200770.0,Billing
RJ-18378,CUST-16137,"H.No._32,_Shere,_Akola_711079",Akola,Maharashtra,711079.0,Billing
OR-18379,CUST-13168,"18
Virk_Circle
Anantapur_786430",Anantapur,Andhra_Pradesh,786430.0,Billing
MH-18380,CUST-19765,"30/379
Kala_Ganj
Nanded-889499",Nanded,Maharashtra,889499.0,Billing
MP-18381,CUST-19050,"H.No._025,_Bedi_Nagar,_Khandwa-090302",Khandwa,Madhya_Pradesh,90302.0,Billing
TN-18382,CUST-12886,"H.No._85,_Raja_Chowk
Tiruvottiyur-413298",Tiruvottiyur,Tamil_Nadu,413298.0,Shipping
BR-18383,CUST-17156,"74,_Buch_Street,_Munger_104531",Munger,Bihar,104531.0,"Billing,_Shipping"
TN-18384,CUST-16216,"H.No._781,_Char_Ganj
Vellore-636799",Vellore,Tamil_Nadu,636799.0,Shipping
TS-18385,CUST-12011,"75/265,_Mall_Street
Ambala_979521",Ambala,Haryana,979521.0,Shipping
UK-18386,CUST-13550,"H.No._93
Kala_Chowk
Jalna-851611",Jalna,Maharashtra,851611.0,Shipping
TN-18387,CUST-14452,"66/61,_Wable_Path,_Salem-850598",Salem,Tamil_Nadu,850598.0,"Billing,_Shipping"
JH-18388,CUST-17627,"90/584,_Bora_Ganj
Asansol_839970",Asansol,West_Bengal,839970.0,"Billing,_Shipping"
MH-18389,CUST-07893,"746,_Sibal_Marg
Bhiwandi_650585",Bhiwandi,Maharashtra,650585.0,Billing
WB-18390,CUST-04231,"32/509,_Bhatia_Path
Kamarhati-136432",Kamarhati,West_Bengal,136432.0,"Billing,_Shipping"
MP-18391,CUST-16907,"564,_Shukla_Chowk,_Gorakhpur-829665",Gorakhpur,Uttar_Pradesh,829665.0,"Billing,_Shipping"
TR-18392,CUST-17450,"495,_Kamdar_Chowk,_Durgapur_510536",Durgapur,West_Bengal,510536.0,"Billing,_Shipping"
UP-18393,CUST-02198,"60/14,_Warrior_Path,_Firozabad-694668",Firozabad,Uttar_Pradesh,694668.0,Shipping
AS-18394,CUST-04543,"128
Kapur_Path
Bongaigaon-864669",Bongaigaon,Assam,864669.0,"Billing,_Shipping"
UP-18395,CUST-07371,"122
Savant_Road
Muzaffarpur-851321",Muzaffarpur,Bihar,851321.0,Shipping
BR-18396,CUST-04911,"409
Bava_Zila
Munger-107676",Munger,Bihar,107676.0,Billing
AS-18397,CUST-08698,"97,_Yohannan_Marg
Nagaon-475179",Nagaon,Assam,475179.0,Shipping
BR-18398,CUST-05692,"H.No._432,_Dutt_Marg
Jaipur-168206",Jaipur,Rajasthan,168206.0,"Billing,_Shipping"
AS-18399,CUST-18873,"82/866
Varghese_Road
Nagaon_679573",Nagaon,Assam,679573.0,Shipping
WB-18400,CUST-10598,"09/898
Kaul_Marg
Uluberia-940740",Uluberia,West_Bengal,940740.0,Billing
MP-18401,CUST-14356,"68/482,_Shroff_Circle,_Kota_999009",Kota,Rajasthan,999009.0,"Billing,_Shipping"
UP-18402,CUST-18883,"H.No._73,_Sule_Circle,_Jamalpur_382275",Jamalpur,Bihar,382275.0,Billing
MP-18403,CUST-17278,"H.No._036
Som_Ganj
Unnao_619726",Unnao,Uttar_Pradesh,619726.0,Shipping
MP-18404,CUST-15267,"838
Dara_Path
Dehri_792148",Dehri,Bihar,792148.0,Billing
HR-18405,CUST-02378,"56,_Choudhry_Circle
Aurangabad_394890",Aurangabad,Maharashtra,394890.0,Shipping
UP-18406,CUST-17937,"H.No._185,_Khosla_Nagar
Ahmedabad_234205",Ahmedabad,Gujarat,234205.0,Billing
MP-18407,CUST-00420,"85/64
Halder
Mau-680673",Mau,Uttar_Pradesh,680673.0,Billing
TS-18409,CUST-12442,"H.No._918,_Ratti_Ganj
Srinagar_168095",Srinagar,Jammu_and_Kashmir,168095.0,Shipping
MP-18410,CUST-12477,"H.No._445
Anne
Unnao-427732",Unnao,Uttar_Pradesh,427732.0,Billing
MH-18411,CUST-12853,"15
Bhardwaj_Road
Yamunanagar-723710",Yamunanagar,Haryana,723710.0,Billing
KA-18412,CUST-18920,"26,_Shetty_Road,_Solapur_277811",Solapur,Maharashtra,277811.0,Shipping
AS-18413,CUST-14185,"85/55,_Tandon
Nagaon-814255",Nagaon,Assam,814255.0,Billing
MP-18414,CUST-07282,"77
Saxena_Zila
Gopalpur-669537",Gopalpur,Odisha,669537.0,"Billing,_Shipping"
MP-18415,CUST-02137,"19/83
Kuruvilla_Path
Gorakhpur_152508",Gorakhpur,Uttar_Pradesh,152508.0,Billing
GJ-18416,CUST-14528,"H.No._85
D’Alia_Zila
Hajipur-826905",Hajipur,Bihar,826905.0,Shipping
MP-18418,CUST-11024,"H.No._418,_Buch_Marg
Ramgarh_114988",Ramgarh,Jharkhand,114988.0,"Billing,_Shipping"
OR-18419,CUST-17608,"868,_Kapur_Path
Kanpur-618406",Kanpur,Uttar_Pradesh,618406.0,"Billing,_Shipping"
OR-18420,CUST-03277,"H.No._75,_Roy_Street
Bijapur_583454",Bijapur,Karnataka,583454.0,Shipping
TR-18421,CUST-16993,"152
Dixit_Nagar
Chandigarh_288431",Chandigarh,Chandigarh_(Union_Territory),288431.0,Billing
TN-18422,CUST-16367,"188,_Rastogi_Road
Vellore-169174",Vellore,Tamil_Nadu,169174.0,Billing
UP-18423,CUST-03570,"63/32,_Rama_Street,_Chapra-599425",Chapra,Bihar,599425.0,"Billing,_Shipping"
UP-18424,CUST-00393,"59,_Dar_Marg
Muzaffarpur_278614",Muzaffarpur,Bihar,278614.0,Shipping
MH-18425,CUST-10812,"H.No._431
Virk_Street
Jalgaon-280313",Jalgaon,Maharashtra,280313.0,"Billing,_Shipping"
DL-18426,CUST-11013,"H.No._739,_Wagle_Chowk,_Delhi_849409",Delhi,Delhi_(Union_Territory),849409.0,Billing
WB-18427,CUST-15117,"15/09,_Cherian_Zila
Uluberia-250791",Uluberia,West_Bengal,250791.0,Shipping
WB-18428,CUST-15310,"H.No._18,_Sangha_Road
Aligarh-042636",Aligarh,Uttar_Pradesh,42636.0,"Billing,_Shipping"
UP-18429,CUST-14637,"12
Zachariah_Street
Firozabad_896427",Firozabad,Uttar_Pradesh,896427.0,"Billing,_Shipping"
BR-18430,CUST-16351,"59/72,_Baria_Chowk,_Purnia_942639",Purnia,Bihar,942639.0,"Billing,_Shipping"
MH-18431,CUST-09292,"H.No._448,_Kunda,_Nanded_820603",Nanded,Maharashtra,820603.0,Shipping
WB-18432,CUST-10910,"05/862,_Sha_Zila,_Kulti_452735",Kulti,West_Bengal,452735.0,Billing
TN-18433,CUST-00299,"H.No._73,_Bakshi_Marg
Tiruvottiyur_391740",Tiruvottiyur,Tamil_Nadu,391740.0,Billing
TN-18434,CUST-15935,"42/363
Dugar_Ganj
Pallavaram-948302",Pallavaram,Tamil_Nadu,948302.0,Shipping
UP-18435,CUST-17381,"22/76
Rege_Zila
Shahjahanpur_442886",Shahjahanpur,Uttar_Pradesh,442886.0,Shipping
HR-18436,CUST-12638,"H.No._648,_Deol_Street,_Aurangabad-834781",Aurangabad,Maharashtra,834781.0,Billing
TN-18437,CUST-11928,"00/51,_Saxena_Path,_Pali_704541",Pali,Rajasthan,704541.0,Billing
KA-18438,CUST-16601,"H.No._268,_Sant_Ganj
Amaravati-044829",Amaravati,Andhra_Pradesh,44829.0,Billing
MP-18439,CUST-18779,"H.No._044
Bajaj_Road
Jalandhar-447887",Jalandhar,Punjab,447887.0,Shipping
UP-18440,CUST-00886,"815,_Keer_Ganj,_Firozabad_095761",Firozabad,Uttar_Pradesh,95761.0,Billing
BR-18441,CUST-08724,"H.No._19,_Sani
Buxar-252230",Buxar,Bihar,252230.0,Billing
MP-18442,CUST-05486,"H.No._55,_Sibal,_Dehri-962330",Dehri,Bihar,962330.0,"Billing,_Shipping"
KA-18443,CUST-04571,"376,_Gera_Ganj
Amaravati-845758",Amaravati,Andhra_Pradesh,845758.0,Billing
TN-18444,CUST-17893,"H.No._418,_Ramesh_Road,_Vellore-131446",Vellore,Tamil_Nadu,131446.0,Shipping
MP-18445,CUST-12171,"094,_Sarkar_Ganj
Agra-288984",Agra,Uttar_Pradesh,288984.0,"Billing,_Shipping"
GJ-18446,CUST-17015,"86/86,_Ganesan_Nagar,_Jabalpur_148074",Jabalpur,Madhya_Pradesh,148074.0,Shipping
MH-18447,CUST-15144,"976,_Choudhary,_Loni_349386",Loni,Uttar_Pradesh,349386.0,Shipping
OR-18448,CUST-00657,"H.No._10
Rastogi_Street
Bijapur_159488",Bijapur,Karnataka,159488.0,Billing
OR-18449,CUST-12531,"18,_Dewan_Nagar
Danapur_935936",Danapur,Bihar,935936.0,"Billing,_Shipping"
KA-18450,CUST-10145,"334,_Sundaram_Street,_Amaravati_998308",Amaravati,Andhra_Pradesh,998308.0,Shipping
WB-18451,CUST-10311,"88/84,_Kumar_Path,_Aligarh-434424",Aligarh,Uttar_Pradesh,434424.0,"Billing,_Shipping"
UP-18452,CUST-14668,"85/009,_Lala_Road,_Jamalpur_553830",Jamalpur,Bihar,553830.0,"Billing,_Shipping"
UP-18453,CUST-08402,"907,_Tank_Chowk
Sambhal-887659",Sambhal,Uttar_Pradesh,887659.0,"Billing,_Shipping"
JH-18454,CUST-13772,"08/18,_Kaur_Chowk,_Mango-593066",Mango,Jharkhand,593066.0,Shipping
MP-18455,CUST-16038,"H.No._164
Bhavsar_Road
Jodhpur_131366",Jodhpur,Rajasthan,131366.0,Billing
UP-18456,CUST-10111,"44/312,_Agarwal_Chowk,_Muzaffarpur_231897",Muzaffarpur,Bihar,231897.0,"Billing,_Shipping"
JH-18457,CUST-18819,"66
Warrior_Ganj
Asansol-237753",Asansol,West_Bengal,237753.0,Billing
MP-18458,CUST-18395,"318
Sankaran_Nagar
Khandwa_984471",Khandwa,Madhya_Pradesh,984471.0,Shipping
UP-18459,CUST-15733,"938,_Mane_Nagar
Karimnagar_230670",Karimnagar,Telangana,230670.0,Billing
UP-18460,CUST-11584,"352
Tak_Road
Shahjahanpur_945021",Shahjahanpur,Uttar_Pradesh,945021.0,Shipping
OR-18461,CUST-07844,"H.No._98,_Agrawal_Zila
Kanpur_960648",Kanpur,Uttar_Pradesh,960648.0,"Billing,_Shipping"
OR-18462,CUST-15489,"008,_Sur_Road
Chandrapur_015284",Chandrapur,Maharashtra,15284.0,Shipping
CG-18463,CUST-17935,"871
Dani_Street
Sagar_249790",Sagar,Madhya_Pradesh,249790.0,"Billing,_Shipping"
KA-18464,CUST-06848,"618
Ratta_Zila
Tumkur-906062",Tumkur,Karnataka,906062.0,"Billing,_Shipping"
KA-18465,CUST-06563,"H.No._04
Gulati_Chowk
Tumkur-733005",Tumkur,Karnataka,733005.0,"Billing,_Shipping"
CG-18466,CUST-10823,"280
Bakshi_Ganj
Nagpur_681312",Nagpur,Maharashtra,681312.0,Billing
MH-18467,CUST-12377,"14/519
Khurana_Marg
Yamunanagar_605929",Yamunanagar,Haryana,605929.0,Shipping
JH-18468,CUST-15493,"H.No._15,_Jha_Road,_Kharagpur-532751",Kharagpur,West_Bengal,532751.0,Shipping
MP-18469,CUST-16168,"75,_Sen_Marg
Khandwa-016083",Khandwa,Madhya_Pradesh,16083.0,Billing
OR-18470,CUST-00960,"75
Shanker_Circle
Chandrapur_223071",Chandrapur,Maharashtra,223071.0,Shipping
CG-18471,CUST-11865,"15/81
Saha_Circle
Sambalpur-161681",Sambalpur,Odisha,161681.0,Shipping
BR-18472,CUST-18311,"H.No._13
Raj_Zila
Purnia_141587",Purnia,Bihar,141587.0,Shipping
WB-18473,CUST-08320,"63/859
Sharma_Chowk
Uluberia-254569",Uluberia,West_Bengal,254569.0,Billing
MP-18474,CUST-17681,"73
Chaudhuri_Zila
Jodhpur-918145",Jodhpur,Rajasthan,918145.0,"Billing,_Shipping"
UP-18475,CUST-06453,"09
Sangha
Muzaffarpur_879444",Muzaffarpur,Bihar,879444.0,Shipping
BR-18476,CUST-14612,"H.No._776,_Shah_Nagar,_Munger_455738",Munger,Bihar,455738.0,Shipping
MP-18477,CUST-16564,"H.No._84,_Ramesh_Road,_Mau_269874",Mau,Uttar_Pradesh,269874.0,Billing
UP-18478,CUST-18570,"65,_Raj_Zila
Bhagalpur_142284",Bhagalpur,Bihar,142284.0,"Billing,_Shipping"
TS-18479,CUST-11714,"H.No._68,_Date_Circle,_Srinagar-417109",Srinagar,Jammu_and_Kashmir,417109.0,Shipping
JH-18480,CUST-13967,"424,_Kulkarni_Ganj
Kharagpur-183469",Kharagpur,West_Bengal,183469.0,"Billing,_Shipping"
WB-18481,CUST-07011,"26/871
Venkataraman_Chowk
Baranagar_218115",Baranagar,West_Bengal,218115.0,"Billing,_Shipping"
WB-18482,CUST-18613,"62,_Din_Street
Baranagar_408754",Baranagar,West_Bengal,408754.0,Shipping
TN-18483,CUST-05925,"H.No._51,_Seth_Nagar,_Chittoor-469733",Chittoor,Andhra_Pradesh,469733.0,"Billing,_Shipping"
MP-18484,CUST-13401,"H.No._95,_Rout_Chowk
Kishanganj-667722",Kishanganj,Bihar,667722.0,"Billing,_Shipping"
WB-18485,CUST-15453,"534,_Mangat_Marg
Uluberia-865190",Uluberia,West_Bengal,865190.0,"Billing,_Shipping"
UP-18486,CUST-14695,"42/16,_Sood_Chowk
Raipur_029938",Raipur,Chhattisgarh,29938.0,Billing
HR-18487,CUST-04709,"H.No._75,_Srinivas_Road
Siwan-980869",Siwan,Bihar,980869.0,"Billing,_Shipping"
TS-18488,CUST-14558,"34/23,_Varkey_Zila
Sirsa_370008",Sirsa,Haryana,370008.0,Shipping
MP-18489,CUST-11469,"H.No._44,_Dixit_Street,_Khandwa-705266",Khandwa,Madhya_Pradesh,705266.0,Shipping
MH-18490,CUST-15812,"71
Shukla_Road
Rampur_511918",Rampur,Uttar_Pradesh,511918.0,"Billing,_Shipping"
MP-18491,CUST-15299,"727
Behl
Unnao-573202",Unnao,Uttar_Pradesh,573202.0,Billing
MP-18492,CUST-18732,"33,_Bansal_Chowk
Kishanganj-336051",Kishanganj,Bihar,336051.0,Shipping
GJ-18493,CUST-06008,"H.No._563,_Kata
Hajipur_715338",Hajipur,Bihar,715338.0,Shipping
WB-18494,CUST-07778,"67/39,_Gour_Nagar
Bhatpara_788794",Bhatpara,West_Bengal,788794.0,Billing
MP-18495,CUST-15849,"47/17
Bahri_Path
Kota_696022",Kota,Rajasthan,696022.0,Billing
HR-18496,CUST-09338,"108,_Bhalla_Road
Siwan-584630",Siwan,Bihar,584630.0,Billing
TN-18497,CUST-02156,"190,_Dar_Marg
Gandhinagar_846016",Gandhinagar,Gujarat,846016.0,Shipping
KA-18498,CUST-01923,"94,_Edwin_Path,_Mangalore-325931",Mangalore,Karnataka,325931.0,"Billing,_Shipping"
MH-18499,CUST-01762,"H.No._274
Halder_Circle
Nanded_971941",Nanded,Maharashtra,971941.0,Shipping
AP-18500,CUST-11249,"H.No._08,_Char_Circle
Dharmavaram-104431",Dharmavaram,Andhra_Pradesh,104431.0,Billing
JH-18501,CUST-01548,"655
Dewan_Circle
Phusro-138287",Phusro,Jharkhand,138287.0,Billing
MH-18502,CUST-04227,"H.No._562,_Viswanathan,_Malegaon_175519",Malegaon,Maharashtra,175519.0,"Billing,_Shipping"
UK-18503,CUST-04644,"H.No._802,_Guha_Ganj,_Shivpuri_651142",Shivpuri,Madhya_Pradesh,651142.0,Shipping
HR-18504,CUST-19179,"01/88,_Kunda_Street
Aurangabad_349155",Aurangabad,Maharashtra,349155.0,"Billing,_Shipping"
BR-18505,CUST-17716,"30/54,_Bhagat_Road,_Satna-077545",Satna,Madhya_Pradesh,77545.0,Billing
RJ-18506,CUST-04785,"16/685,_Chopra_Circle,_Fatehpur-050830",Fatehpur,Uttar_Pradesh,50830.0,Shipping
MP-18507,CUST-16743,"57/46,_Brahmbhatt_Road,_Mau-988584",Mau,Uttar_Pradesh,988584.0,Billing
UP-18508,CUST-19353,"145,_Mangat_Street,_Raiganj_317025",Raiganj,West_Bengal,317025.0,"Billing,_Shipping"
UP-18509,CUST-12282,"776
Srinivas_Chowk
Mirzapur_539427",Mirzapur,Uttar_Pradesh,539427.0,Billing
TN-18510,CUST-19188,"93/77
Kanda_Street
Pali_063596",Pali,Rajasthan,63596.0,"Billing,_Shipping"
UP-18511,CUST-19365,"H.No._82,_Kapadia
Jamalpur-826534",Jamalpur,Bihar,826534.0,Billing
UP-18512,CUST-06523,"H.No._87
Gola_Marg
Farrukhabad_100986",Farrukhabad,Uttar_Pradesh,100986.0,"Billing,_Shipping"
MH-18513,CUST-06732,"28/968,_Varghese_Zila
Guntur-650340",Guntur,Andhra_Pradesh,650340.0,Billing
MP-18514,CUST-11634,"26/421
Grewal_Circle
Mau-574630",Mau,Uttar_Pradesh,574630.0,Shipping
UP-18515,CUST-11168,"22/915,_Sibal_Zila
Bhagalpur_193311",Bhagalpur,Bihar,193311.0,"Billing,_Shipping"
TN-18516,CUST-11574,"34/27,_Sura_Path,_Avadi-610803",Avadi,Tamil_Nadu,610803.0,"Billing,_Shipping"
MP-18517,CUST-03557,"052
Mann_Marg
Indore_553065",Indore,Madhya_Pradesh,553065.0,Billing
MP-18518,CUST-13108,"31/74
Chatterjee_Marg
Khandwa-265430",Khandwa,Madhya_Pradesh,265430.0,Shipping
OR-18519,CUST-10616,"H.No._68,_Grewal_Ganj
Anantapur_625503",Anantapur,Andhra_Pradesh,625503.0,"Billing,_Shipping"
AP-18520,CUST-16744,"12/21,_Saha_Road,_Jammu-369427",Jammu,Jammu_and_Kashmir,369427.0,"Billing,_Shipping"
MH-18521,CUST-11755,"H.No._83,_Goda_Road
Jalgaon-468785",Jalgaon,Maharashtra,468785.0,Shipping
KA-18522,CUST-11098,"H.No._97,_Kala_Nagar
Hosur-359810",Hosur,Tamil_Nadu,359810.0,Shipping
TN-18523,CUST-16627,"67
Vig
Chittoor-598263",Chittoor,Andhra_Pradesh,598263.0,Shipping
BR-18524,CUST-18561,"49
Hegde_Circle
Jaipur-202238",Jaipur,Rajasthan,202238.0,"Billing,_Shipping"
AS-18525,CUST-09758,"45,_Bhakta_Chowk
Siliguri_370095",Siliguri,West_Bengal,370095.0,Billing
RJ-18526,CUST-08187,"12,_Gour_Circle
Rajkot_214828",Rajkot,Gujarat,214828.0,Shipping
GJ-18527,CUST-10896,"H.No._93,_Chahal_Road
Gandhidham_866844",Gandhidham,Gujarat,866844.0,"Billing,_Shipping"
WB-18528,CUST-11080,"29/999,_Malhotra_Road,_Kamarhati_887231",Kamarhati,West_Bengal,887231.0,"Billing,_Shipping"
MP-18529,CUST-14195,"H.No._19,_Dewan
Ramgarh_540411",Ramgarh,Jharkhand,540411.0,"Billing,_Shipping"
KA-18530,CUST-05151,"54/349,_Rama_Ganj,_Hosur_662001",Hosur,Tamil_Nadu,662001.0,Shipping
JH-18531,CUST-15568,"279,_Mallick_Chowk
Kharagpur-656745",Kharagpur,West_Bengal,656745.0,"Billing,_Shipping"
MP-18532,CUST-16009,"26/65
Sarna_Ganj
Indore_226549",Indore,Madhya_Pradesh,226549.0,Shipping
MP-18533,CUST-09705,"H.No._799
Bhakta
Unnao_990002",Unnao,Uttar_Pradesh,990002.0,Billing
KA-18534,CUST-00210,"H.No._176
Basu_Street
Solapur-562850",Solapur,Maharashtra,562850.0,Billing
TN-18535,CUST-05193,"12/57,_Randhawa_Zila,_Pallavaram_392689",Pallavaram,Tamil_Nadu,392689.0,Billing
UP-18536,CUST-04672,"605,_Chauhan_Street
Raipur-927419",Raipur,Chhattisgarh,927419.0,"Billing,_Shipping"
AS-18537,CUST-10131,"76/654,_Majumdar_Nagar,_Bongaigaon-651621",Bongaigaon,Assam,651621.0,Billing
GJ-18538,CUST-10662,"82/213,_Shukla_Circle
Ajmer_868200",Ajmer,Rajasthan,868200.0,"Billing,_Shipping"
GJ-18539,CUST-10321,"11/21,_Choudhury_Chowk,_Kavali_919937",Kavali,Andhra_Pradesh,919937.0,"Billing,_Shipping"
UP-18540,CUST-16397,"309,_Goda,_Muzaffarpur-112210",Muzaffarpur,Bihar,112210.0,"Billing,_Shipping"
TN-18541,CUST-17859,"49/262
Ben_Road
Pali-481552",Pali,Rajasthan,481552.0,"Billing,_Shipping"
TS-18542,CUST-00567,"03/05,_Wason_Nagar,_Proddatur_147027",Proddatur,Andhra_Pradesh,147027.0,"Billing,_Shipping"
MH-18544,CUST-17968,"71/91,_Sekhon_Zila,_Guntur-660836",Guntur,Andhra_Pradesh,660836.0,Shipping
UK-18545,CUST-14001,"53/451
Rana_Chowk
Shivpuri-004272",Shivpuri,Madhya_Pradesh,4272.0,Billing
WB-18546,CUST-08979,"H.No._90,_Chaudhry_Ganj
Kulti_717641",Kulti,West_Bengal,717641.0,"Billing,_Shipping"
MH-18547,CUST-02109,"H.No._56
Ramakrishnan
Karnal_644882",Karnal,Haryana,644882.0,Billing
OR-18548,CUST-10819,"72,_Ratti_Path
Chandrapur-218696",Chandrapur,Maharashtra,218696.0,"Billing,_Shipping"
BR-18549,CUST-12619,"435,_Chander_Nagar
Satna-160223",Satna,Madhya_Pradesh,160223.0,Shipping
UP-18550,CUST-19551,"20,_Buch_Ganj,_Ahmedabad_160915",Ahmedabad,Gujarat,160915.0,"Billing,_Shipping"
BR-18551,CUST-12675,"77/00,_Ranganathan,_Ballia-941269",Ballia,Uttar_Pradesh,941269.0,"Billing,_Shipping"
TS-18552,CUST-16891,"61,_Raja_Road
Ramagundam_660003",Ramagundam,Telangana,660003.0,"Billing,_Shipping"
TN-18553,CUST-10880,"H.No._484,_Verma_Chowk,_Salem-297554",Salem,Tamil_Nadu,297554.0,Billing
TN-18554,CUST-15363,"16/41,_Mallick_Nagar,_Avadi_584753",Avadi,Tamil_Nadu,584753.0,Shipping
JH-18555,CUST-19093,"H.No._500
Kaur_Path
Kharagpur-285418",Kharagpur,West_Bengal,285418.0,Billing
BR-18556,CUST-00644,"87/164,_Johal_Road
Buxar_817645",Buxar,Bihar,817645.0,"Billing,_Shipping"
MP-18557,CUST-11177,"55,_Chana
Indore_592603",Indore,Madhya_Pradesh,592603.0,"Billing,_Shipping"
AP-18558,CUST-08611,"H.No._323,_Sethi_Ganj,_Jammu-289150",Jammu,Jammu_and_Kashmir,289150.0,Shipping
UP-18559,CUST-08932,"H.No._48,_Bhagat_Circle
Chapra-231808",Chapra,Bihar,231808.0,"Billing,_Shipping"
MP-18560,CUST-13166,"101
Dani_Road
Mau-855228",Mau,Uttar_Pradesh,855228.0,Billing
MP-18561,CUST-11157,"H.No._158
Dhawan_Marg
Dehri_966718",Dehri,Bihar,966718.0,"Billing,_Shipping"
WB-18562,CUST-15882,"35,_Mahal_Road
Kulti-987613",Kulti,West_Bengal,987613.0,Billing
WB-18563,CUST-17250,"15/456,_Swaminathan
Uluberia_308897",Uluberia,West_Bengal,308897.0,Billing
UP-18565,CUST-06530,"85
Agarwal_Path
Raipur-117641",Raipur,Chhattisgarh,117641.0,Billing
UP-18566,CUST-18914,"H.No._13,_Shere_Chowk
Raipur_929595",Raipur,Chhattisgarh,929595.0,Shipping
TN-18567,CUST-13189,"49/30
Konda_Zila
Vellore_727933",Vellore,Tamil_Nadu,727933.0,Shipping
AP-18568,CUST-09969,"H.No._851,_Yohannan_Circle,_Bhimavaram-768675",Bhimavaram,Andhra_Pradesh,768675.0,"Billing,_Shipping"
MP-18569,CUST-12601,"19/278,_Bhasin_Path
Jhansi-621108",Jhansi,Uttar_Pradesh,621108.0,Shipping
TS-18570,CUST-14023,"699,_Bhandari_Marg,_Proddatur_709313",Proddatur,Andhra_Pradesh,709313.0,Billing
GJ-18571,CUST-13562,"H.No._05,_Jaggi_Path,_Hajipur-940819",Hajipur,Bihar,940819.0,"Billing,_Shipping"
GJ-18572,CUST-19506,"H.No._39
Kakar_Path
Kavali_544643",Kavali,Andhra_Pradesh,544643.0,Shipping
AP-18573,CUST-14251,"H.No._772
Talwar_Path
Srikakulam-366015",Srikakulam,Andhra_Pradesh,366015.0,Billing
OR-18574,CUST-04817,"H.No._150
Edwin_Ganj
Kanpur_800053",Kanpur,Uttar_Pradesh,800053.0,Billing
RJ-18575,CUST-18141,"29/87
Brar
Akola-680045",Akola,Maharashtra,680045.0,Shipping
DL-18576,CUST-15103,"69/729
Doctor
Delhi_351678",Delhi,Delhi_(Union_Territory),351678.0,"Billing,_Shipping"
AS-18577,CUST-13549,"36,_Bakshi_Ganj
Bongaigaon-821311",Bongaigaon,Assam,821311.0,"Billing,_Shipping"
CG-18578,CUST-17324,"67,_Varkey_Marg
Sambalpur-563891",Sambalpur,Odisha,563891.0,Billing
OR-18579,CUST-05216,"96/96,_Yadav_Chowk
Bijapur-974506",Bijapur,Karnataka,974506.0,Billing
GJ-18580,CUST-15536,"47
Gara_Path
Allahabad-799659",Allahabad,Uttar_Pradesh,799659.0,"Billing,_Shipping"
TN-18581,CUST-03486,"02
Din_Road
Vellore_064640",Vellore,Tamil_Nadu,64640.0,"Billing,_Shipping"
MP-18582,CUST-16877,"54/526
Gokhale_Circle
Indore_721555",Indore,Madhya_Pradesh,721555.0,Billing
UP-18583,CUST-11721,"H.No._169,_Dasgupta,_Shahjahanpur_838287",Shahjahanpur,Uttar_Pradesh,838287.0,Billing
RJ-18584,CUST-00380,"88/42
Buch_Marg
Akola-139241",Akola,Maharashtra,139241.0,"Billing,_Shipping"
BR-18585,CUST-13765,"H.No._428
Varty_Zila
Purnia-820138",Purnia,Bihar,820138.0,Billing
KA-18586,CUST-10973,"85/38
Bhatti_Path
Hosur_441616",Hosur,Tamil_Nadu,441616.0,Billing
TN-18587,CUST-10928,"H.No._88,_Hora_Zila
Avadi-693864",Avadi,Tamil_Nadu,693864.0,Billing
MH-18588,CUST-15774,"714
Brahmbhatt_Marg
Karnal_541101",Karnal,Haryana,541101.0,"Billing,_Shipping"
BR-18589,CUST-02392,"75,_Goda_Nagar
Purnia-410190",Purnia,Bihar,410190.0,Billing
GJ-18590,CUST-14760,"H.No._990
Goyal_Circle
Ajmer-052508",Ajmer,Rajasthan,52508.0,Shipping
BR-18591,CUST-19946,"H.No._65,_Subramaniam_Road,_Jaipur_059901",Jaipur,Rajasthan,59901.0,Shipping
MP-18592,CUST-16389,"H.No._539
Mani_Zila
Gorakhpur-189681",Gorakhpur,Uttar_Pradesh,189681.0,Shipping
TS-18593,CUST-17319,"851
Chadha_Path
Sirsa_747096",Sirsa,Haryana,747096.0,Shipping
AS-18594,CUST-15738,"30
Walla_Path
Bongaigaon_032196",Bongaigaon,Assam,32196.0,"Billing,_Shipping"
AS-18595,CUST-07748,"H.No._419,_Venkataraman_Circle
Siliguri-092949",Siliguri,West_Bengal,92949.0,Shipping
UP-18596,CUST-16370,"H.No._092,_Varghese,_Gurgaon-793654",Gurgaon,Haryana,793654.0,"Billing,_Shipping"
GJ-18597,CUST-13943,"915,_Chad_Path
Vadodara-937255",Vadodara,Gujarat,937255.0,"Billing,_Shipping"
CG-18598,CUST-11850,"H.No._83
Boase_Road
Sagar_344141",Sagar,Madhya_Pradesh,344141.0,Billing
KA-18599,CUST-15042,"887
Bassi_Circle
Mangalore_753011",Mangalore,Karnataka,753011.0,"Billing,_Shipping"
MP-18600,CUST-18256,"22/269,_Bhatia_Path
Jalandhar-245170",Jalandhar,Punjab,245170.0,"Billing,_Shipping"
UK-18601,CUST-06164,"H.No._52,_Krishnan_Nagar
Shivpuri_982610",Shivpuri,Madhya_Pradesh,982610.0,Shipping
UP-18602,CUST-17673,"64,_Ramanathan_Circle,_Shahjahanpur-812709",Shahjahanpur,Uttar_Pradesh,812709.0,Billing
WB-18603,CUST-11454,"47,_Dara_Chowk
Panihati-233228",Panihati,West_Bengal,233228.0,Billing
MP-18604,CUST-08184,"61/46,_Sem_Chowk
Unnao-405315",Unnao,Uttar_Pradesh,405315.0,Shipping
HR-18605,CUST-05593,"H.No._130,_Kale_Street,_Bikaner-245418",Bikaner,Rajasthan,245418.0,"Billing,_Shipping"
RJ-18606,CUST-06136,"55
Ramakrishnan_Marg
Dewas-697777",Dewas,Madhya_Pradesh,697777.0,"Billing,_Shipping"
TN-18607,CUST-12028,"H.No._018,_Keer_Road,_Chittoor-908912",Chittoor,Andhra_Pradesh,908912.0,"Billing,_Shipping"
BR-18608,CUST-18538,"H.No._807,_Saran_Chowk,_Buxar_757147",Buxar,Bihar,757147.0,Billing
OR-18609,CUST-12459,"80/243,_Bakshi_Circle
Patna-008452",Patna,Bihar,8452.0,Billing
MP-18610,CUST-02255,"60,_Garg_Street
Agra_885291",Agra,Uttar_Pradesh,885291.0,Billing
TN-18611,CUST-03452,"71,_Verma_Street
Pali-571962",Pali,Rajasthan,571962.0,Shipping
UK-18612,CUST-00146,"18
Bedi_Street
Shivpuri-577893",Shivpuri,Madhya_Pradesh,577893.0,Shipping
AP-18613,CUST-17043,"80/46
Ray_Street
Srikakulam_103144",Srikakulam,Andhra_Pradesh,103144.0,Billing
WB-18615,CUST-17863,"235,_Kaul_Marg
Panihati_178662",Panihati,West_Bengal,178662.0,Shipping
UP-18616,CUST-11700,"00/056,_Kunda_Path
Mirzapur-728800",Mirzapur,Uttar_Pradesh,728800.0,Shipping
MH-18617,CUST-11022,"H.No._96,_Dua_Ganj,_Yamunanagar_615495",Yamunanagar,Haryana,615495.0,Billing
WB-18618,CUST-03260,"H.No._636,_Chawla_Marg,_Madhyamgram-041116",Madhyamgram,West_Bengal,41116.0,Shipping
KA-18619,CUST-15809,"53,_Shanker_Chowk,_Tumkur-816497",Tumkur,Karnataka,816497.0,Billing
GJ-18620,CUST-09937,"35/158
Joshi_Nagar
Jabalpur_611952",Jabalpur,Madhya_Pradesh,611952.0,Billing
CG-18621,CUST-06638,"52/81
Saran_Street
Sagar_648007",Sagar,Madhya_Pradesh,648007.0,"Billing,_Shipping"
UK-18622,CUST-19298,"H.No._73,_Bahl_Marg
Haridwar-473776",Haridwar,Uttarakhand,473776.0,"Billing,_Shipping"
WB-18623,CUST-18321,"554
Sharaf_Road
Naihati_108625",Naihati,West_Bengal,108625.0,"Billing,_Shipping"
UP-18624,CUST-02638,"H.No._16,_Kamdar_Zila,_Karimnagar_888943",Karimnagar,Telangana,888943.0,Shipping
MH-18625,CUST-18515,"69,_Chopra_Path
Nanded-658286",Nanded,Maharashtra,658286.0,Shipping
GJ-18626,CUST-02002,"415
Shah_Marg
Gandhidham_478190",Gandhidham,Gujarat,478190.0,"Billing,_Shipping"
JH-18627,CUST-17543,"88/70,_Talwar_Street,_Phusro_980047",Phusro,Jharkhand,980047.0,Shipping
UP-18629,CUST-17069,"269
Mallick_Zila
Sambhal_930325",Sambhal,Uttar_Pradesh,930325.0,Shipping
TS-18630,CUST-10111,"H.No._60
Bhatnagar_Street
Hindupur_668698",Hindupur,Andhra_Pradesh,668698.0,Billing
WB-18631,CUST-13733,"79/198
Cherian_Ganj
Uluberia_682961",Uluberia,West_Bengal,682961.0,"Billing,_Shipping"
WB-18632,CUST-16892,"H.No._422
Sehgal_Nagar
Baranagar-273447",Baranagar,West_Bengal,273447.0,"Billing,_Shipping"
MP-18633,CUST-18421,"49
Dar_Street
Gorakhpur-377716",Gorakhpur,Uttar_Pradesh,377716.0,Billing
CG-18634,CUST-18911,"H.No._967
Luthra_Chowk
Malda-677643",Malda,West_Bengal,677643.0,"Billing,_Shipping"
UP-18635,CUST-09648,"01/231,_Dube_Road
Karimnagar-699662",Karimnagar,Telangana,699662.0,Billing
MH-18636,CUST-15287,"49/50,_Srinivas_Chowk,_Karnal-197858",Karnal,Haryana,197858.0,Billing
DL-18637,CUST-18898,"18/75,_Dewan_Path
Delhi-107117",Delhi,Delhi_(Union_Territory),107117.0,Billing
GJ-18638,CUST-03816,"H.No._641
Mannan_Road
Jabalpur_991593",Jabalpur,Madhya_Pradesh,991593.0,"Billing,_Shipping"
UP-18639,CUST-18800,"H.No._72
Mand_Circle
Raipur_221882",Raipur,Chhattisgarh,221882.0,Shipping
RJ-18640,CUST-00925,"942
Manne_Zila
Akola-879230",Akola,Maharashtra,879230.0,Shipping
TN-18641,CUST-06585,"H.No._05,_Sami_Ganj,_Vellore-971645",Vellore,Tamil_Nadu,971645.0,Shipping
UK-18642,CUST-15246,"H.No._79
Subramanian_Marg
Shivpuri_445168",Shivpuri,Madhya_Pradesh,445168.0,Billing
JH-18644,CUST-06070,"H.No._127,_Kadakia_Circle
Phusro_410060",Phusro,Jharkhand,410060.0,"Billing,_Shipping"
TR-18645,CUST-02471,"40/038,_Mangal_Zila
Chandigarh-485786",Chandigarh,Chandigarh_(Union_Territory),485786.0,"Billing,_Shipping"
BR-18646,CUST-14837,"04,_Chander_Marg
Ballia_273591",Ballia,Uttar_Pradesh,273591.0,Shipping
UP-18647,CUST-12542,"H.No._052,_Bhandari_Circle,_Mirzapur_401908",Mirzapur,Uttar_Pradesh,401908.0,Shipping
TN-18649,CUST-05255,"H.No._93
Dalal_Zila
Pali_505118",Pali,Rajasthan,505118.0,Shipping
GJ-18650,CUST-15139,"H.No._98,_Tella_Zila,_Ajmer-180566",Ajmer,Rajasthan,180566.0,Shipping
MP-18651,CUST-11935,"H.No._316,_Sahni_Circle,_Kota_952750",Kota,Rajasthan,952750.0,Billing
UP-18652,CUST-17926,"17/408,_Thakur_Ganj,_Chapra_571658",Chapra,Bihar,571658.0,"Billing,_Shipping"
OR-18653,CUST-16621,"47,_Mallick_Road,_Berhampur_891811",Berhampur,Odisha,891811.0,Billing
WB-18654,CUST-17001,"H.No._98,_Samra_Chowk,_Madhyamgram-280828",Madhyamgram,West_Bengal,280828.0,Shipping
CG-18655,CUST-09321,"06/89,_Khalsa_Ganj,_Malda_381816",Malda,West_Bengal,381816.0,Billing
GJ-18656,CUST-13960,"307
Din_Road
Vadodara_607757",Vadodara,Gujarat,607757.0,"Billing,_Shipping"
GJ-18657,CUST-19961,"H.No._71
Bumb_Circle
Ajmer_326180",Ajmer,Rajasthan,326180.0,Shipping
AP-18658,CUST-16284,"229,_Sibal_Nagar
Srikakulam_898680",Srikakulam,Andhra_Pradesh,898680.0,Billing
MP-18659,CUST-14999,"H.No._212
Chatterjee_Circle
Kota-781933",Kota,Rajasthan,781933.0,Billing
GJ-18660,CUST-06198,"H.No._37,_Barad_Ganj,_Hajipur_677284",Hajipur,Bihar,677284.0,Billing
TS-18661,CUST-00934,"85/795,_Bava_Nagar,_Srinagar-726398",Srinagar,Jammu_and_Kashmir,726398.0,Shipping
CG-18662,CUST-16938,"82,_Chopra_Chowk
Malda-402367",Malda,West_Bengal,402367.0,"Billing,_Shipping"
GJ-18663,CUST-11675,"H.No._28,_Gola_Road
Hajipur_135474",Hajipur,Bihar,135474.0,"Billing,_Shipping"
MP-18664,CUST-13475,"50
Dutta_Chowk
Dehri_784959",Dehri,Bihar,784959.0,Billing
GJ-18665,CUST-05701,"16/27,_Reddy
Gandhidham_054550",Gandhidham,Gujarat,54550.0,Shipping
KA-18666,CUST-11423,"H.No._129,_Shanker
Mangalore-951867",Mangalore,Karnataka,951867.0,Shipping
KL-18667,CUST-06068,"05/75
Ratti_Path
Kollam-567865",Kollam,Kerala,567865.0,Billing
TS-18668,CUST-02783,"65/56
Mahajan_Circle
Hindupur-378372",Hindupur,Andhra_Pradesh,378372.0,Shipping
KA-18669,CUST-15705,"95/58,_Barad
Mangalore-468263",Mangalore,Karnataka,468263.0,Billing
OR-18670,CUST-08537,"73
Manda
Chandrapur-487040",Chandrapur,Maharashtra,487040.0,Billing
MP-18671,CUST-19952,"039
Warrior_Marg
Mau-391529",Mau,Uttar_Pradesh,391529.0,"Billing,_Shipping"
UK-18672,CUST-14994,"60/675,_Sridhar
Haridwar_816890",Haridwar,Uttarakhand,816890.0,Billing
OR-18673,CUST-06866,"74,_Gara_Road,_Chandrapur_597494",Chandrapur,Maharashtra,597494.0,"Billing,_Shipping"
TS-18674,CUST-03950,"H.No._83,_Rastogi_Nagar
Hindupur-068616",Hindupur,Andhra_Pradesh,68616.0,Billing
KA-18675,CUST-11052,"40,_Hans_Path,_Hosur-195517",Hosur,Tamil_Nadu,195517.0,Billing
JH-18676,CUST-00111,"H.No._99,_Roy_Chowk
Phusro-697857",Phusro,Jharkhand,697857.0,Shipping
TN-18677,CUST-01631,"249,_Gera_Ganj,_Pallavaram_904416",Pallavaram,Tamil_Nadu,904416.0,"Billing,_Shipping"
AS-18678,CUST-17122,"H.No._75
Vaidya_Marg
Nagaon_681996",Nagaon,Assam,681996.0,"Billing,_Shipping"
WB-18679,CUST-13099,"28/878,_Jain_Road,_Bhatpara-360538",Bhatpara,West_Bengal,360538.0,Shipping
AP-18680,CUST-00610,"32/17
Sur_Nagar
Anantapuram_432111",Anantapuram,Andhra_Pradesh,432111.0,"Billing,_Shipping"
AP-18681,CUST-13206,"09
Dhar_Street
Gudivada-827847",Gudivada,Andhra_Pradesh,827847.0,Shipping
GJ-18682,CUST-12994,"35,_Badal_Circle,_Vadodara_432555",Vadodara,Gujarat,432555.0,Billing
UK-18683,CUST-15473,"65
Reddy
Shivpuri-689319",Shivpuri,Madhya_Pradesh,689319.0,Billing
WB-18684,CUST-01479,"41
Thaker_Chowk
Arrah_469229",Arrah,Bihar,469229.0,"Billing,_Shipping"
UP-18685,CUST-18098,"H.No._74,_Dave_Road
Mirzapur-052045",Mirzapur,Uttar_Pradesh,52045.0,"Billing,_Shipping"
TS-18686,CUST-06048,"H.No._691,_Som_Street
Proddatur_882641",Proddatur,Andhra_Pradesh,882641.0,Billing
OR-18687,CUST-18175,"H.No._865,_Bawa_Road,_Mathura_333828",Mathura,Uttar_Pradesh,333828.0,Billing
MP-18688,CUST-12836,"14/45,_Basu_Circle
Khandwa-683959",Khandwa,Madhya_Pradesh,683959.0,"Billing,_Shipping"
MP-18689,CUST-17441,"83,_Dhawan_Chowk
Jalandhar_702487",Jalandhar,Punjab,702487.0,"Billing,_Shipping"
TS-18690,CUST-13993,"H.No._677
Batta_Chowk
Dindigul_490576",Dindigul,Tamil_Nadu,490576.0,Billing
MP-18691,CUST-10420,"02/151
Chauhan_Street
Dehri-419320",Dehri,Bihar,419320.0,"Billing,_Shipping"
TS-18692,CUST-05715,"H.No._31,_Subramaniam_Chowk
Ambala-605896",Ambala,Haryana,605896.0,"Billing,_Shipping"
TS-18693,CUST-17749,"852,_Dubey_Ganj
Sirsa-255806",Sirsa,Haryana,255806.0,Billing
WB-18694,CUST-13536,"79/80,_Dara_Zila,_Baranagar_714036",Baranagar,West_Bengal,714036.0,Billing
TN-18695,CUST-15452,"05/661
Bose_Road
Tiruvottiyur_689779",Tiruvottiyur,Tamil_Nadu,689779.0,Shipping
RJ-18696,CUST-13424,"013
Dhingra_Street
Fatehpur_894030",Fatehpur,Uttar_Pradesh,894030.0,Shipping
OR-18697,CUST-15109,"269
Shukla_Marg
Berhampur_653478",Berhampur,Odisha,653478.0,Shipping
UP-18699,CUST-16358,"H.No._574,_Gopal,_Sambhal_982738",Sambhal,Uttar_Pradesh,982738.0,"Billing,_Shipping"
HR-18700,CUST-17142,"H.No._314,_Iyer_Road,_Bikaner-996199",Bikaner,Rajasthan,996199.0,Shipping
MP-18701,CUST-10226,"91/717,_Aurora
Khandwa_087728",Khandwa,Madhya_Pradesh,87728.0,Shipping
KA-18702,CUST-19742,"19/505,_Chawla_Ganj,_Mangalore_673914",Mangalore,Karnataka,673914.0,Shipping
TN-18703,CUST-18086,"05
Venkataraman_Chowk
Pallavaram-467983",Pallavaram,Tamil_Nadu,467983.0,Billing
UP-18704,CUST-02955,"09/043
Shankar_Zila
Shahjahanpur-953702",Shahjahanpur,Uttar_Pradesh,953702.0,"Billing,_Shipping"
AS-18705,CUST-16969,"H.No._03,_Vohra_Nagar,_Bongaigaon_350326",Bongaigaon,Assam,350326.0,Billing
GJ-18706,CUST-15863,"H.No._516,_Ravi_Path
Ajmer-178013",Ajmer,Rajasthan,178013.0,Shipping
AP-18707,CUST-16710,"78
Jayaraman_Marg
Anantapuram_938726",Anantapuram,Andhra_Pradesh,938726.0,Billing
GJ-18708,CUST-17998,"682,_Bora_Street,_Kavali_726871",Kavali,Andhra_Pradesh,726871.0,"Billing,_Shipping"
BR-18709,CUST-14274,"30/84,_Rama_Zila
Purnia_340955",Purnia,Bihar,340955.0,Shipping
WB-18710,CUST-14165,"H.No._23,_Dara_Chowk,_Aligarh_992878",Aligarh,Uttar_Pradesh,992878.0,Shipping
RJ-18711,CUST-05838,"H.No._09,_Varty_Street
Fatehpur-271113",Fatehpur,Uttar_Pradesh,271113.0,"Billing,_Shipping"
UP-18712,CUST-16996,"769,_Krishna_Path
Sambhal_449673",Sambhal,Uttar_Pradesh,449673.0,"Billing,_Shipping"
TN-18713,CUST-10929,"85/816,_Magar_Road
Tiruppur-688914",Tiruppur,Tamil_Nadu,688914.0,"Billing,_Shipping"
MH-18714,CUST-00594,"H.No._00
Ramachandran_Marg
Guntur_314082",Guntur,Andhra_Pradesh,314082.0,Shipping
BR-18715,CUST-15346,"38,_Badal_Path,_Satna_085324",Satna,Madhya_Pradesh,85324.0,Billing
MH-18716,CUST-11789,"147
Sama_Circle
Guntur-497960",Guntur,Andhra_Pradesh,497960.0,Shipping
CG-18717,CUST-11839,"77/286,_Grewal_Ganj
Sambalpur_460047",Sambalpur,Odisha,460047.0,Shipping
GJ-18718,CUST-07373,"458
Tella_Ganj
Ajmer-304143",Ajmer,Rajasthan,304143.0,Billing
MH-18719,CUST-00660,"49,_Bala_Nagar,_Jalgaon_937452",Jalgaon,Maharashtra,937452.0,Billing
JH-18720,CUST-17560,"109,_Bhagat
Asansol-184309",Asansol,West_Bengal,184309.0,"Billing,_Shipping"
WB-18721,CUST-15417,"H.No._58
Walia_Circle
Arrah-989451",Arrah,Bihar,989451.0,Billing
DL-18722,CUST-02736,"H.No._47
Bains_Road
Delhi-448478",Delhi,Delhi_(Union_Territory),448478.0,Shipping
MP-18723,CUST-05931,"89/596
Madan_Nagar
Mau_377078",Mau,Uttar_Pradesh,377078.0,Shipping
WB-18724,CUST-04207,"61/00,_Magar_Path
Bally-359570",Bally,West_Bengal,359570.0,Shipping
UP-18725,CUST-17639,"28/23,_Bava_Path
Chapra-725007",Chapra,Bihar,725007.0,"Billing,_Shipping"
OR-18726,CUST-19438,"24
Zachariah_Zila
Bilaspur-655700",Bilaspur,Chhattisgarh,655700.0,"Billing,_Shipping"
BR-18727,CUST-19506,"646,_Soni_Road
Munger_632444",Munger,Bihar,632444.0,Shipping
AS-18728,CUST-07660,"67/560
Saran
Siliguri-591222",Siliguri,West_Bengal,591222.0,"Billing,_Shipping"
RJ-18729,CUST-15190,"68
Mahal_Ganj
Rajkot_009922",Rajkot,Gujarat,9922.0,Billing
TS-18730,CUST-19827,"74
Shroff_Path
Nizamabad-973767",Nizamabad,Telangana,973767.0,Billing
AP-18731,CUST-05440,"H.No._355,_Viswanathan_Path
Gudivada_860879",Gudivada,Andhra_Pradesh,860879.0,"Billing,_Shipping"
OR-18732,CUST-16752,"25/166,_Mander_Ganj,_Patna-659297",Patna,Bihar,659297.0,"Billing,_Shipping"
WB-18733,CUST-19496,"79,_Kari_Ganj
Arrah_097757",Arrah,Bihar,97757.0,Shipping
HR-18734,CUST-18016,"10,_Tandon_Street
Siwan-874576",Siwan,Bihar,874576.0,"Billing,_Shipping"
HR-18735,CUST-19349,"33
Dada_Zila
Bikaner_574682",Bikaner,Rajasthan,574682.0,Billing
JH-18736,CUST-16391,"784
Swamy
Asansol_075021",Asansol,West_Bengal,75021.0,"Billing,_Shipping"
UP-18737,CUST-16206,"H.No._54,_Bakshi_Ganj,_Firozabad-165226",Firozabad,Uttar_Pradesh,165226.0,"Billing,_Shipping"
HR-18738,CUST-10077,"H.No._023,_Chana_Marg,_Siwan_502066",Siwan,Bihar,502066.0,Billing
UP-18739,CUST-13109,"811,_Korpal_Zila,_Sambhal-010321",Sambhal,Uttar_Pradesh,10321.0,Shipping
AS-18740,CUST-06026,"H.No._75,_Bala_Circle
Siliguri-949080",Siliguri,West_Bengal,949080.0,"Billing,_Shipping"
BR-18741,CUST-16449,"H.No._268,_Sharma_Street
Ballia_563610",Ballia,Uttar_Pradesh,563610.0,Shipping
AS-18742,CUST-19618,"H.No._209,_Yadav_Road
Nagaon-627162",Nagaon,Assam,627162.0,Shipping
MH-18743,CUST-15004,"H.No._14,_Mangal_Marg,_Yamunanagar-628029",Yamunanagar,Haryana,628029.0,Billing
MP-18744,CUST-03407,"18/24
Chadha_Zila
Gorakhpur_446922",Gorakhpur,Uttar_Pradesh,446922.0,"Billing,_Shipping"
TN-18745,CUST-11150,"12/769,_Sengupta_Ganj
Gandhinagar_419296",Gandhinagar,Gujarat,419296.0,Shipping
MH-18746,CUST-18500,"56/99,_Arya
Guntur_311780",Guntur,Andhra_Pradesh,311780.0,"Billing,_Shipping"
WB-18747,CUST-19064,"H.No._485
Lanka_Chowk
Baranagar_936421",Baranagar,West_Bengal,936421.0,"Billing,_Shipping"
UP-18748,CUST-11663,"H.No._316
Shetty_Nagar
Chapra_125633",Chapra,Bihar,125633.0,"Billing,_Shipping"
WB-18749,CUST-02928,"760,_Grover_Ganj
Aligarh-209034",Aligarh,Uttar_Pradesh,209034.0,Shipping
UP-18750,CUST-09470,"866,_Swamy_Nagar
Chapra_083007",Chapra,Bihar,83007.0,Shipping
OR-18751,CUST-17670,"58/401,_Buch_Circle
Bilaspur-859294",Bilaspur,Chhattisgarh,859294.0,Shipping
OR-18752,CUST-13630,"H.No._861,_Singhal_Path,_Bharatpur-506315",Bharatpur,Rajasthan,506315.0,Billing
WB-18753,CUST-19260,"49,_Ramaswamy_Circle,_Arrah-307269",Arrah,Bihar,307269.0,"Billing,_Shipping"
MH-18754,CUST-14148,"78,_Shere
Jalgaon-233510",Jalgaon,Maharashtra,233510.0,Billing
UP-18755,CUST-05689,"745,_Sampath_Street
Bhagalpur-953221",Bhagalpur,Bihar,953221.0,Billing
MP-18756,CUST-10074,"61/49,_Gupta_Circle
Gopalpur_887953",Gopalpur,Odisha,887953.0,Shipping
UP-18757,CUST-05427,"061,_Mall,_Gurgaon-188180",Gurgaon,Haryana,188180.0,Shipping
MP-18758,CUST-08219,"H.No._98,_Gara_Road,_Gorakhpur_358544",Gorakhpur,Uttar_Pradesh,358544.0,Billing
AS-18759,CUST-19422,"07/208,_Sarraf_Zila
Nagaon_514081",Nagaon,Assam,514081.0,Billing
GJ-18760,CUST-17615,"75/41
Borra_Road
Hajipur-247124",Hajipur,Bihar,247124.0,Billing
CG-18761,CUST-09131,"H.No._11,_Varghese_Chowk,_Sagar-804207",Sagar,Madhya_Pradesh,804207.0,Billing
MH-18762,CUST-06381,"95/20,_Bhatnagar_Marg,_Guntur-641883",Guntur,Andhra_Pradesh,641883.0,"Billing,_Shipping"
BR-18763,CUST-19934,"67/27,_Barman_Marg,_Satna_324756",Satna,Madhya_Pradesh,324756.0,Billing
UP-18764,CUST-12748,"68,_Johal_Path,_Muzaffarpur-975658",Muzaffarpur,Bihar,975658.0,Shipping
UP-18765,CUST-17737,"92/47,_Uppal_Marg,_Raiganj_525023",Raiganj,West_Bengal,525023.0,Billing
CG-18766,CUST-11719,"H.No._032,_Shenoy_Nagar,_Malda_116870",Malda,West_Bengal,116870.0,"Billing,_Shipping"
TN-18767,CUST-17925,"217
Lala_Circle
Vellore_983083",Vellore,Tamil_Nadu,983083.0,Shipping
BR-18768,CUST-19950,"93/039,_Bal_Path,_Jaipur-095749",Jaipur,Rajasthan,95749.0,Billing
UP-18769,CUST-14110,"36/98,_Zachariah_Street,_Gurgaon-690249",Gurgaon,Haryana,690249.0,"Billing,_Shipping"
HR-18770,CUST-16799,"19/415,_Shroff_Ganj
Aurangabad-210824",Aurangabad,Maharashtra,210824.0,Shipping
AP-18771,CUST-16413,"15/903,_Ahuja_Nagar,_Gudivada-356610",Gudivada,Andhra_Pradesh,356610.0,Shipping
OR-18772,CUST-17531,"93,_Varughese_Street,_Bilaspur_652175",Bilaspur,Chhattisgarh,652175.0,Shipping
UK-18773,CUST-14442,"220,_Kothari
Jalna_398992",Jalna,Maharashtra,398992.0,Billing
AP-18774,CUST-15154,"583,_Sanghvi_Road
Srikakulam-722592",Srikakulam,Andhra_Pradesh,722592.0,Billing
MP-18775,CUST-02244,"103
Trivedi_Nagar
Gopalpur_931891",Gopalpur,Odisha,931891.0,Shipping
BR-18776,CUST-13540,"722,_Sane_Ganj,_Munger_738582",Munger,Bihar,738582.0,Shipping
TS-18777,CUST-12657,"71/907
Sant_Street
Hindupur_032077",Hindupur,Andhra_Pradesh,32077.0,Shipping
MH-18778,CUST-19793,"86/16
Dora_Chowk
Nanded-907043",Nanded,Maharashtra,907043.0,"Billing,_Shipping"
AS-18779,CUST-05939,"01/32
Gandhi_Road
Siliguri_103349",Siliguri,West_Bengal,103349.0,Shipping
UP-18780,CUST-18812,"H.No._16,_Khatri_Street
Raipur-493441",Raipur,Chhattisgarh,493441.0,Billing
TS-18781,CUST-13818,"H.No._49
Bahl_Zila
Ambala_178402",Ambala,Haryana,178402.0,Billing
KA-18782,CUST-14108,"31/01,_Dixit_Ganj
Hosur-717796",Hosur,Tamil_Nadu,717796.0,Shipping
OR-18783,CUST-16967,"61
Chada_Path
Mathura_487342",Mathura,Uttar_Pradesh,487342.0,"Billing,_Shipping"
UP-18784,CUST-01398,"399,_Bhatti_Road,_Raiganj-975859",Raiganj,West_Bengal,975859.0,"Billing,_Shipping"
KA-18785,CUST-04758,"79,_Bahri_Street
Mangalore_738874",Mangalore,Karnataka,738874.0,Shipping
GJ-18786,CUST-16702,"H.No._614,_Chand_Road
Kavali-426310",Kavali,Andhra_Pradesh,426310.0,"Billing,_Shipping"
MH-18787,CUST-17586,"29/315,_Khare_Road,_Rampur-952293",Rampur,Uttar_Pradesh,952293.0,"Billing,_Shipping"
OR-18788,CUST-14844,"H.No._35,_Deshmukh_Road
Berhampur_655568",Berhampur,Odisha,655568.0,"Billing,_Shipping"
UK-18789,CUST-19147,"H.No._065,_Talwar_Road,_Shivpuri-045141",Shivpuri,Madhya_Pradesh,45141.0,Billing
TN-18790,CUST-03682,"47/24
Master_Road
Pallavaram-221236",Pallavaram,Tamil_Nadu,221236.0,Shipping
MP-18791,CUST-17462,"H.No._29,_Sidhu_Marg
Jalandhar_427937",Jalandhar,Punjab,427937.0,Billing
WB-18792,CUST-17077,"H.No._406,_Mann_Nagar,_Uluberia-084442",Uluberia,West_Bengal,84442.0,Shipping
GJ-18794,CUST-03589,"40/348,_Garde_Street,_Gandhidham_504410",Gandhidham,Gujarat,504410.0,Shipping
TN-18795,CUST-13304,"28
Dhar_Chowk
Chittoor_511824",Chittoor,Andhra_Pradesh,511824.0,"Billing,_Shipping"
WB-18796,CUST-13015,"405,_Rana_Street
Uluberia-350417",Uluberia,West_Bengal,350417.0,Shipping
TS-18797,CUST-15362,"H.No._14,_Jha,_Hindupur_664032",Hindupur,Andhra_Pradesh,664032.0,"Billing,_Shipping"
CG-18798,CUST-01224,"H.No._29
Hayer_Path
Nagpur-461719",Nagpur,Maharashtra,461719.0,Shipping
HR-18799,CUST-18031,"H.No._027
Chaudhry_Ganj
Bikaner_178249",Bikaner,Rajasthan,178249.0,Billing
DL-18800,CUST-03927,"592,_Hayer_Street,_Delhi-096551",Delhi,Delhi_(Union_Territory),96551.0,"Billing,_Shipping"
AP-18801,CUST-12527,"H.No._48,_Keer_Marg
Dharmavaram-046193",Dharmavaram,Andhra_Pradesh,46193.0,"Billing,_Shipping"
AP-18802,CUST-03272,"397
Yohannan
Dharmavaram-124777",Dharmavaram,Andhra_Pradesh,124777.0,Billing
WB-18803,CUST-15665,"448,_Dutt_Ganj
Bidhannagar-342641",Bidhannagar,West_Bengal,342641.0,Shipping
KA-18804,CUST-18100,"63/969
Mane
Hosur_244557",Hosur,Tamil_Nadu,244557.0,Billing
UP-18805,CUST-03804,"H.No._932,_Bail_Chowk
Farrukhabad_396218",Farrukhabad,Uttar_Pradesh,396218.0,Billing
TN-18806,CUST-08911,"58,_Rau_Marg,_Tiruvottiyur-436373",Tiruvottiyur,Tamil_Nadu,436373.0,"Billing,_Shipping"
OR-18807,CUST-13228,"71
Singh_Nagar
Chandrapur-260238",Chandrapur,Maharashtra,260238.0,Shipping
AP-18808,CUST-14122,"H.No._046,_Basak_Nagar
Gudivada-115535",Gudivada,Andhra_Pradesh,115535.0,Shipping
KA-18809,CUST-19439,"H.No._57,_Rau_Zila,_Amaravati-939947",Amaravati,Andhra_Pradesh,939947.0,Shipping
OR-18810,CUST-06376,"04/38
Brar_Marg
Berhampur_598231",Berhampur,Odisha,598231.0,Shipping
MP-18811,CUST-12918,"H.No._534,_Dara_Road,_Kota-258563",Kota,Rajasthan,258563.0,Billing
AS-18812,CUST-18380,"08/04,_Chaudhry_Path
Nagaon-046768",Nagaon,Assam,46768.0,"Billing,_Shipping"
KA-18813,CUST-16885,"H.No._69
Kaul_Zila
Solapur_055188",Solapur,Maharashtra,55188.0,Shipping
MH-18814,CUST-04753,"56/20,_Jayaraman_Marg
Malegaon_344268",Malegaon,Maharashtra,344268.0,Shipping
UP-18815,CUST-12305,"257,_Atwal
Farrukhabad_849259",Farrukhabad,Uttar_Pradesh,849259.0,"Billing,_Shipping"
GJ-18816,CUST-12929,"06,_Varkey
Allahabad-988668",Allahabad,Uttar_Pradesh,988668.0,"Billing,_Shipping"
TN-18817,CUST-06055,"47,_Chakraborty_Nagar,_Tiruvottiyur_239850",Tiruvottiyur,Tamil_Nadu,239850.0,Shipping
OR-18819,CUST-01492,"31/83,_Warrior_Nagar,_Bharatpur_895216",Bharatpur,Rajasthan,895216.0,"Billing,_Shipping"
TR-18820,CUST-17088,"H.No._99,_Tak_Road
Durgapur-856468",Durgapur,West_Bengal,856468.0,Billing
MP-18821,CUST-13882,"H.No._98,_Lanka_Road,_Kota-753629",Kota,Rajasthan,753629.0,Shipping
JH-18822,CUST-18466,"H.No._42
Comar_Zila
Mango_431245",Mango,Jharkhand,431245.0,"Billing,_Shipping"
MP-18823,CUST-18598,"53/32,_Som_Road
Khandwa_897112",Khandwa,Madhya_Pradesh,897112.0,"Billing,_Shipping"
MH-18824,CUST-18260,"41,_Mand_Circle
Malegaon_010468",Malegaon,Maharashtra,10468.0,Shipping
UP-18825,CUST-10315,"H.No._28,_Sarna_Ganj,_Chapra_555862",Chapra,Bihar,555862.0,Billing
OR-18826,CUST-10317,"H.No._915,_Madan_Marg,_Mathura-338844",Mathura,Uttar_Pradesh,338844.0,Billing
TN-18827,CUST-11992,"39,_Boase_Road,_Chittoor_815421",Chittoor,Andhra_Pradesh,815421.0,Shipping
CG-18828,CUST-03803,"99/60,_Sodhi_Circle,_Bhilai_890160",Bhilai,Chhattisgarh,890160.0,"Billing,_Shipping"
GJ-18829,CUST-10879,"H.No._54
Ghosh_Ganj
Kavali_728891",Kavali,Andhra_Pradesh,728891.0,Shipping
TN-18830,CUST-18067,"H.No._525,_Kalita_Ganj,_Gandhinagar-661287",Gandhinagar,Gujarat,661287.0,"Billing,_Shipping"
UP-18831,CUST-08479,"13/51,_Andra_Ganj
Bhagalpur-145506",Bhagalpur,Bihar,145506.0,Billing
TS-18832,CUST-12495,"H.No._912,_Kadakia_Chowk,_Ramagundam_912093",Ramagundam,Telangana,912093.0,Billing
AP-18833,CUST-05913,"H.No._10
Dhawan_Road
Dharmavaram_903914",Dharmavaram,Andhra_Pradesh,903914.0,"Billing,_Shipping"
RJ-18834,CUST-01060,"H.No._09,_Dhar_Zila
Akola-788100",Akola,Maharashtra,788100.0,Billing
UP-18835,CUST-02567,"09,_Chacko_Road
Karimnagar_895721",Karimnagar,Telangana,895721.0,Billing
JH-18836,CUST-17377,"H.No._165
Bhatnagar
Asansol_941221",Asansol,West_Bengal,941221.0,Shipping
TN-18837,CUST-15932,"725
Dalal_Nagar
Pallavaram_070781",Pallavaram,Tamil_Nadu,70781.0,"Billing,_Shipping"
TN-18838,CUST-13439,"02/75
Gole_Marg
Pallavaram-325906",Pallavaram,Tamil_Nadu,325906.0,Shipping
BR-18839,CUST-16614,"H.No._556,_Rajan_Street
Jaipur-092343",Jaipur,Rajasthan,92343.0,"Billing,_Shipping"
RJ-18840,CUST-10284,"58/99,_Guha_Circle
Fatehpur_949784",Fatehpur,Uttar_Pradesh,949784.0,Billing
MP-18841,CUST-04428,"H.No._73,_Gole_Marg
Kota_661095",Kota,Rajasthan,661095.0,"Billing,_Shipping"
TS-18842,CUST-15875,"H.No._850,_Kala_Street
Dindigul-776455",Dindigul,Tamil_Nadu,776455.0,"Billing,_Shipping"
BR-18843,CUST-11081,"92/768
Dugal_Nagar
Munger-996516",Munger,Bihar,996516.0,Shipping
TS-18844,CUST-05584,"64/684,_Goswami_Marg
Dindigul-162941",Dindigul,Tamil_Nadu,162941.0,Shipping
MH-18845,CUST-19778,"92/277,_Baria_Zila,_Nanded-897983",Nanded,Maharashtra,897983.0,Shipping
AP-18846,CUST-13130,"71
Chaudhary_Circle
Gudivada-755923",Gudivada,Andhra_Pradesh,755923.0,"Billing,_Shipping"
UK-18847,CUST-04311,"26
Raja_Marg
Shivpuri_356236",Shivpuri,Madhya_Pradesh,356236.0,"Billing,_Shipping"
AP-18848,CUST-03303,"005,_Kumer_Street,_Gudivada-596089",Gudivada,Andhra_Pradesh,596089.0,Billing
MP-18849,CUST-02715,"54
Lata_Ganj
Jodhpur_782837",Jodhpur,Rajasthan,782837.0,Billing
WB-18850,CUST-16947,"203,_Mand_Chowk
Naihati_246533",Naihati,West_Bengal,246533.0,Billing
TS-18851,CUST-10379,"H.No._73,_Gala_Chowk
Dindigul-279764",Dindigul,Tamil_Nadu,279764.0,Shipping
BR-18852,CUST-01482,"66/727,_Balan_Nagar,_Ballia-949325",Ballia,Uttar_Pradesh,949325.0,Billing
MP-18853,CUST-15812,"01/547
Vohra_Zila
Jodhpur_214016",Jodhpur,Rajasthan,214016.0,Billing
TS-18854,CUST-11864,"021
Keer
Sirsa-552262",Sirsa,Haryana,552262.0,Billing
UK-18855,CUST-03487,"H.No._818,_Bala_Path
Haridwar-081957",Haridwar,Uttarakhand,81957.0,"Billing,_Shipping"
GJ-18856,CUST-03377,"20/27,_Gala,_Gandhidham-959661",Gandhidham,Gujarat,959661.0,"Billing,_Shipping"
WB-18857,CUST-19859,"H.No._18,_Andra
Baranagar_156454",Baranagar,West_Bengal,156454.0,Billing
KA-18858,CUST-08561,"81/47,_Dey_Road,_Hospet_813404",Hospet,Karnataka,813404.0,Shipping
UP-18859,CUST-09456,"H.No._369,_Bal_Ganj,_Raiganj_546049",Raiganj,West_Bengal,546049.0,Billing
MP-18860,CUST-11132,"411
Krishna_Path
Kota-593301",Kota,Rajasthan,593301.0,"Billing,_Shipping"
MH-18861,CUST-12892,"24,_Roy_Ganj
Karnal_948346",Karnal,Haryana,948346.0,Shipping
UK-18862,CUST-14285,"02/123,_Anne_Path
Haridwar-950587",Haridwar,Uttarakhand,950587.0,Shipping
MH-18863,CUST-17050,"41,_Batra_Nagar,_Jalgaon_020939",Jalgaon,Maharashtra,20939.0,Billing
WB-18864,CUST-18397,"980
Kibe_Street
Kamarhati_210724",Kamarhati,West_Bengal,210724.0,"Billing,_Shipping"
MP-18865,CUST-19993,"H.No._767,_Chandran
Mau-239874",Mau,Uttar_Pradesh,239874.0,"Billing,_Shipping"
UP-18866,CUST-17543,"70/29,_Chander_Path,_Ahmedabad-825994",Ahmedabad,Gujarat,825994.0,Shipping
OR-18867,CUST-05856,"579,_Saran_Circle
Chandrapur-910580",Chandrapur,Maharashtra,910580.0,Billing
BR-18868,CUST-09728,"80/77
Virk_Street
Munger_330780",Munger,Bihar,330780.0,"Billing,_Shipping"
KA-18869,CUST-12174,"H.No._43,_Chad_Nagar,_Hospet_601661",Hospet,Karnataka,601661.0,"Billing,_Shipping"
OR-18870,CUST-03308,"H.No._024,_Swaminathan_Chowk,_Kanpur-942437",Kanpur,Uttar_Pradesh,942437.0,Billing
UP-18871,CUST-03587,"H.No._36
Kumer_Marg
Gurgaon-839959",Gurgaon,Haryana,839959.0,Shipping
AP-18872,CUST-14104,"20/53,_Magar_Road,_Jammu_862621",Jammu,Jammu_and_Kashmir,862621.0,Shipping
JH-18873,CUST-19903,"H.No._78,_Mani_Nagar
Phusro-544633",Phusro,Jharkhand,544633.0,Shipping
AP-18874,CUST-00083,"48/050
Basu_Street
Gudivada-196161",Gudivada,Andhra_Pradesh,196161.0,"Billing,_Shipping"
MP-18875,CUST-17302,"48/706
Dalal_Street
Gopalpur_610190",Gopalpur,Odisha,610190.0,Shipping
KA-18876,CUST-18998,"83/26,_Goel_Chowk
Tumkur-481824",Tumkur,Karnataka,481824.0,"Billing,_Shipping"
KL-18877,CUST-06894,"47/520
Setty_Circle
Kollam_909190",Kollam,Kerala,909190.0,Billing
UP-18878,CUST-00487,"59/084
Kibe_Ganj
Chapra_144442",Chapra,Bihar,144442.0,Shipping
TN-18879,CUST-04840,"29,_Setty
Salem_488254",Salem,Tamil_Nadu,488254.0,"Billing,_Shipping"
WB-18880,CUST-18000,"38,_Shankar,_Kamarhati_439468",Kamarhati,West_Bengal,439468.0,"Billing,_Shipping"
UP-18881,CUST-07477,"16
Krishnamurthy_Street
Bhagalpur-436765",Bhagalpur,Bihar,436765.0,Shipping
AP-18882,CUST-07974,"84
Lala_Ganj
Anantapuram-112952",Anantapuram,Andhra_Pradesh,112952.0,"Billing,_Shipping"
TS-18883,CUST-06898,"03/225,_Deo_Nagar
Ramagundam_730738",Ramagundam,Telangana,730738.0,Billing
OR-18884,CUST-19824,"H.No._191,_Deep_Zila
Kanpur_313409",Kanpur,Uttar_Pradesh,313409.0,Shipping
UP-18885,CUST-03287,"H.No._685
Boase_Marg
Mirzapur-160201",Mirzapur,Uttar_Pradesh,160201.0,Shipping
OR-18886,CUST-04770,"01,_Dhawan_Street
Haldia-608655",Haldia,West_Bengal,608655.0,Billing
BR-18887,CUST-05227,"H.No._458,_Bose_Zila,_Buxar_351354",Buxar,Bihar,351354.0,Shipping
MP-18888,CUST-18389,"H.No._117
Kohli_Street
Dehri_941720",Dehri,Bihar,941720.0,Billing
TS-18889,CUST-00427,"70/61,_Loke,_Nizamabad-076762",Nizamabad,Telangana,76762.0,Billing
OR-18890,CUST-17948,"74/361
Walia_Path
Danapur_882747",Danapur,Bihar,882747.0,Shipping
WB-18891,CUST-04715,"H.No._435
Hayre_Path
Bidhannagar-968659",Bidhannagar,West_Bengal,968659.0,Shipping
GJ-18892,CUST-19924,"H.No._69
Rama
Gandhidham_700091",Gandhidham,Gujarat,700091.0,"Billing,_Shipping"
RJ-18893,CUST-04034,"68/945,_Raj_Road
Rajkot_364530",Rajkot,Gujarat,364530.0,Shipping
GJ-18894,CUST-08818,"H.No._225,_Saha_Zila,_Allahabad-808009",Allahabad,Uttar_Pradesh,808009.0,Shipping
UP-18895,CUST-18512,"85
Bhatnagar_Street
Firozabad_911838",Firozabad,Uttar_Pradesh,911838.0,"Billing,_Shipping"
OR-18896,CUST-12714,"H.No._305,_Shenoy_Circle
Mathura-867087",Mathura,Uttar_Pradesh,867087.0,Shipping
WB-18897,CUST-06998,"11,_Lad_Ganj
Madhyamgram-619274",Madhyamgram,West_Bengal,619274.0,"Billing,_Shipping"
MH-18898,CUST-15959,"H.No._89,_Master_Road,_Satara-283322",Satara,Maharashtra,283322.0,Billing
AS-18899,CUST-09942,"H.No._25
Bobal
Siliguri_817020",Siliguri,West_Bengal,817020.0,"Billing,_Shipping"
MP-18900,CUST-15701,"063,_Singhal,_Gopalpur-947980",Gopalpur,Odisha,947980.0,"Billing,_Shipping"
WB-18901,CUST-17495,"H.No._12
Bumb
Aligarh-805776",Aligarh,Uttar_Pradesh,805776.0,"Billing,_Shipping"
DL-18902,CUST-19463,"H.No._085,_Rastogi_Circle
Delhi_305367",Delhi,Delhi_(Union_Territory),305367.0,Shipping
UP-18903,CUST-17158,"H.No._856
Sabharwal_Marg
Shahjahanpur_717022",Shahjahanpur,Uttar_Pradesh,717022.0,Billing
TN-18904,CUST-01392,"H.No._26,_Sanghvi_Marg
Vellore_718928",Vellore,Tamil_Nadu,718928.0,Shipping
CG-18905,CUST-18110,"02/80,_Mandal_Path
Malda-648970",Malda,West_Bengal,648970.0,Shipping
KA-18906,CUST-06541,"H.No._883,_Loke_Path
Hosur-861598",Hosur,Tamil_Nadu,861598.0,Shipping
WB-18907,CUST-05174,"27/81
Sachdeva_Circle
Uluberia_710673",Uluberia,West_Bengal,710673.0,Billing
AP-18908,CUST-13457,"09/488,_Gour_Road
Bhimavaram_663503",Bhimavaram,Andhra_Pradesh,663503.0,Billing
BR-18909,CUST-15462,"00/427
Devi_Street
Satna-677331",Satna,Madhya_Pradesh,677331.0,"Billing,_Shipping"
HP-18910,CUST-07289,"H.No._159,_Mannan_Chowk,_Udaipur_802840",Udaipur,Rajasthan,802840.0,Shipping
GJ-18911,CUST-14162,"615,_Salvi,_Allahabad_822865",Allahabad,Uttar_Pradesh,822865.0,"Billing,_Shipping"
OR-18912,CUST-16936,"H.No._405
Madan_Ganj
Danapur_747679",Danapur,Bihar,747679.0,Shipping
MP-18913,CUST-03864,"01/93
Chatterjee_Marg
Agra_567127",Agra,Uttar_Pradesh,567127.0,"Billing,_Shipping"
JH-18914,CUST-11630,"H.No._68,_Jaggi_Nagar
Mango-206123",Mango,Jharkhand,206123.0,"Billing,_Shipping"
OR-18915,CUST-01889,"83,_Boase_Circle,_Haldia_989495",Haldia,West_Bengal,989495.0,Billing
HR-18916,CUST-11286,"H.No._270,_Deo_Street,_Aurangabad-448189",Aurangabad,Maharashtra,448189.0,"Billing,_Shipping"
MP-18917,CUST-00526,"067,_Luthra_Nagar,_Gopalpur-443860",Gopalpur,Odisha,443860.0,Shipping
MP-18918,CUST-04622,"H.No._25,_Hegde_Chowk,_Dehri_387772",Dehri,Bihar,387772.0,"Billing,_Shipping"
GJ-18919,CUST-18222,"51/52,_Manne_Street,_Allahabad_839909",Allahabad,Uttar_Pradesh,839909.0,Billing
UK-18920,CUST-10020,"H.No._21,_Bumb_Path,_Jalna-387817",Jalna,Maharashtra,387817.0,"Billing,_Shipping"
UP-18921,CUST-08467,"H.No._63,_Dalal_Zila
Chapra-724884",Chapra,Bihar,724884.0,"Billing,_Shipping"
TS-18922,CUST-12245,"951,_Seshadri_Chowk
Proddatur_029099",Proddatur,Andhra_Pradesh,29099.0,"Billing,_Shipping"
JH-18923,CUST-17407,"435,_Baral_Street,_Asansol_083389",Asansol,West_Bengal,83389.0,"Billing,_Shipping"
WB-18924,CUST-10878,"H.No._622
Chahal
Bidhannagar-837957",Bidhannagar,West_Bengal,837957.0,Billing
OR-18925,CUST-12046,"98/666
Khatri_Chowk
Chandrapur-714305",Chandrapur,Maharashtra,714305.0,Billing
GJ-18926,CUST-09137,"H.No._89,_Grewal_Marg,_Gandhidham_833574",Gandhidham,Gujarat,833574.0,Shipping
UP-18927,CUST-06094,"H.No._417,_Bhat_Marg
Farrukhabad-362640",Farrukhabad,Uttar_Pradesh,362640.0,"Billing,_Shipping"
TS-18928,CUST-17935,"76/516,_Shukla_Nagar
Proddatur-785795",Proddatur,Andhra_Pradesh,785795.0,Billing
UP-18929,CUST-11281,"H.No._10,_Bakshi_Street
Karimnagar_856170",Karimnagar,Telangana,856170.0,Shipping
MP-18930,CUST-06893,"27
Sethi_Street
Jalandhar-111929",Jalandhar,Punjab,111929.0,Billing
HP-18931,CUST-10928,"46/84,_Tailor_Street
Udaipur_966693",Udaipur,Rajasthan,966693.0,Billing
UP-18932,CUST-19604,"H.No._23
Ray_Marg
Bhagalpur-319259",Bhagalpur,Bihar,319259.0,"Billing,_Shipping"
UK-18934,CUST-15430,"H.No._86
Venkatesh_Chowk
Haridwar-277162",Haridwar,Uttarakhand,277162.0,Billing
BR-18935,CUST-15070,"27
Butala_Chowk
Buxar-706319",Buxar,Bihar,706319.0,"Billing,_Shipping"
TN-18936,CUST-00443,"H.No._29,_Rajagopalan_Zila,_Avadi-752378",Avadi,Tamil_Nadu,752378.0,"Billing,_Shipping"
WB-18937,CUST-10760,"H.No._24
Bains_Circle
Arrah_119632",Arrah,Bihar,119632.0,Shipping
TN-18938,CUST-17677,"H.No._61,_Yadav_Marg
Pallavaram_240622",Pallavaram,Tamil_Nadu,240622.0,"Billing,_Shipping"
TS-18939,CUST-10693,"917
Dora_Path
Proddatur_453133",Proddatur,Andhra_Pradesh,453133.0,Shipping
RJ-18940,CUST-09113,"H.No._952
Dada_Nagar
Fatehpur-286163",Fatehpur,Uttar_Pradesh,286163.0,Billing
TS-18941,CUST-13694,"31/304
Karnik_Circle
Proddatur-445121",Proddatur,Andhra_Pradesh,445121.0,Shipping
WB-18942,CUST-10508,"H.No._832
Kalla_Path
Naihati-073476",Naihati,West_Bengal,73476.0,Billing
GJ-18943,CUST-14568,"22/105
Ganesan_Circle
Kavali-946130",Kavali,Andhra_Pradesh,946130.0,"Billing,_Shipping"
GJ-18944,CUST-08382,"10/482,_Ramachandran_Nagar,_Vadodara-500904",Vadodara,Gujarat,500904.0,Billing
TS-18945,CUST-10340,"12/09,_Grewal_Nagar,_Proddatur-025330",Proddatur,Andhra_Pradesh,25330.0,"Billing,_Shipping"
WB-18946,CUST-18212,"H.No._140,_Sood_Nagar,_Bally_154031",Bally,West_Bengal,154031.0,Billing
WB-18947,CUST-18126,"33
Bahri_Street
Panihati_367896",Panihati,West_Bengal,367896.0,Billing
UP-18948,CUST-16619,"843,_Amble_Zila
Farrukhabad-384752",Farrukhabad,Uttar_Pradesh,384752.0,"Billing,_Shipping"
TS-18949,CUST-16498,"83/41,_Rastogi_Nagar,_Sirsa_182305",Sirsa,Haryana,182305.0,Billing
OR-18950,CUST-18719,"08
Walla_Chowk
Bilaspur-536051",Bilaspur,Chhattisgarh,536051.0,Shipping
TS-18951,CUST-15813,"94/76,_Deshpande_Zila,_Proddatur-799018",Proddatur,Andhra_Pradesh,799018.0,Billing
OR-18952,CUST-10216,"22
Sengupta_Nagar
Patna-666801",Patna,Bihar,666801.0,Shipping
DL-18953,CUST-11636,"23,_Mane_Path
Delhi-474701",Delhi,Delhi_(Union_Territory),474701.0,Billing
JH-18954,CUST-14633,"H.No._084,_Sarraf_Road
Mango-204303",Mango,Jharkhand,204303.0,"Billing,_Shipping"
MP-18955,CUST-14989,"25
Ahuja_Road
Kota_693478",Kota,Rajasthan,693478.0,Shipping
WB-18956,CUST-14954,"86/160,_Suri_Nagar
Arrah_711547",Arrah,Bihar,711547.0,Billing
OR-18957,CUST-11504,"368
Sidhu_Ganj
Danapur_874371",Danapur,Bihar,874371.0,Shipping
UK-18958,CUST-07368,"94/10,_Gill_Path,_Jalna_641185",Jalna,Maharashtra,641185.0,Billing
OR-18959,CUST-11612,"35
Kumar_Zila
Chandrapur_707422",Chandrapur,Maharashtra,707422.0,"Billing,_Shipping"
OR-18960,CUST-00137,"H.No._21
Sem
Bharatpur-690543",Bharatpur,Rajasthan,690543.0,Billing
TN-18961,CUST-03659,"68,_Subramaniam_Circle
Tiruvottiyur_545073",Tiruvottiyur,Tamil_Nadu,545073.0,Billing
TS-18962,CUST-10372,"58/90,_Dhaliwal_Marg
Nizamabad-172973",Nizamabad,Telangana,172973.0,Billing
OR-18963,CUST-12680,"H.No._87,_Chaudry_Chowk
Haldia-652612",Haldia,West_Bengal,652612.0,Shipping
CG-18964,CUST-15265,"47/86,_Wable_Path,_Sagar_769063",Sagar,Madhya_Pradesh,769063.0,Billing
TN-18965,CUST-19435,"837
Mangal_Road
Tiruvottiyur_725343",Tiruvottiyur,Tamil_Nadu,725343.0,Shipping
UP-18966,CUST-16164,"H.No._213,_Gour,_Bhagalpur-892285",Bhagalpur,Bihar,892285.0,Billing
OR-18967,CUST-08776,"51/90
Luthra_Zila
Bilaspur_571489",Bilaspur,Chhattisgarh,571489.0,Shipping
MH-18968,CUST-18737,"H.No._716,_Khare_Nagar,_Malegaon_500787",Malegaon,Maharashtra,500787.0,Billing
OR-18969,CUST-19569,"15/21,_Hans_Nagar,_Danapur_314025",Danapur,Bihar,314025.0,Billing
UP-18970,CUST-10982,"10/816,_Tailor,_Sambhal-639976",Sambhal,Uttar_Pradesh,639976.0,"Billing,_Shipping"
AP-18971,CUST-17481,"H.No._289,_Chaudhry_Ganj,_Jammu-548328",Jammu,Jammu_and_Kashmir,548328.0,Shipping
AS-18972,CUST-06125,"H.No._00,_Johal_Street,_Nagaon_156517",Nagaon,Assam,156517.0,Billing
BR-18973,CUST-17485,"00,_Suri_Nagar
Purnia_074887",Purnia,Bihar,74887.0,Billing
UK-18974,CUST-12468,"96/652,_Guha_Nagar,_Shivpuri-094252",Shivpuri,Madhya_Pradesh,94252.0,Billing
UP-18975,CUST-16677,"139,_Vig_Street,_Jamalpur_221548",Jamalpur,Bihar,221548.0,Billing
TS-18977,CUST-10063,"66/86,_Kala_Circle,_Dindigul_208761",Dindigul,Tamil_Nadu,208761.0,"Billing,_Shipping"
OR-18978,CUST-05108,"H.No._404
Dyal_Zila
Berhampur_324653",Berhampur,Odisha,324653.0,"Billing,_Shipping"
MH-18979,CUST-16570,"496
Arora_Circle
Satara_706204",Satara,Maharashtra,706204.0,Shipping
TS-18980,CUST-02094,"866,_Ganguly_Ganj,_Proddatur-973178",Proddatur,Andhra_Pradesh,973178.0,Billing
GJ-18981,CUST-12736,"449
Randhawa_Circle
Gandhidham-098541",Gandhidham,Gujarat,98541.0,"Billing,_Shipping"
UP-18982,CUST-12802,"03/44
Bera_Path
Chapra-236097",Chapra,Bihar,236097.0,Billing
KL-18983,CUST-11277,"H.No._58,_Rajagopalan
Kollam_333945",Kollam,Kerala,333945.0,"Billing,_Shipping"
WB-18984,CUST-06214,"02,_Raval_Street,_Aligarh_267079",Aligarh,Uttar_Pradesh,267079.0,Shipping
JH-18985,CUST-14031,"820,_Ahluwalia_Chowk
Phusro_052231",Phusro,Jharkhand,52231.0,Billing
WB-18986,CUST-04525,"601,_Ghose
Aligarh_839042",Aligarh,Uttar_Pradesh,839042.0,Shipping
AS-18987,CUST-00536,"58/982,_Karnik_Marg
Bongaigaon-950084",Bongaigaon,Assam,950084.0,"Billing,_Shipping"
HR-18988,CUST-07445,"72,_Ramaswamy_Path
Siwan_877294",Siwan,Bihar,877294.0,Billing
MP-18989,CUST-17036,"273
Khare_Ganj
Ramgarh-550269",Ramgarh,Jharkhand,550269.0,Shipping
WB-18990,CUST-18356,"79/730,_Tailor_Street
Madhyamgram-209423",Madhyamgram,West_Bengal,209423.0,"Billing,_Shipping"
UP-18991,CUST-08254,"H.No._413
Kala_Road
Gurgaon-588711",Gurgaon,Haryana,588711.0,"Billing,_Shipping"
CG-18992,CUST-11742,"46/467
Johal_Marg
Bhilai_771737",Bhilai,Chhattisgarh,771737.0,Shipping
WB-18993,CUST-12496,"59/143,_Chhabra_Road
Aligarh-199922",Aligarh,Uttar_Pradesh,199922.0,Billing
OR-18994,CUST-14874,"696,_Sampath_Ganj,_Patna_053374",Patna,Bihar,53374.0,Shipping
UK-18995,CUST-02530,"186,_Dhaliwal_Path,_Jalna-646954",Jalna,Maharashtra,646954.0,Shipping
MP-18997,CUST-06949,"H.No._81,_Tak_Road
Agra_049729",Agra,Uttar_Pradesh,49729.0,"Billing,_Shipping"
JH-18998,CUST-12830,"10
Halder_Street
Mango_892018",Mango,Jharkhand,892018.0,Shipping
KA-18999,CUST-10438,"H.No._240
Dara_Ganj
Hosur_721876",Hosur,Tamil_Nadu,721876.0,Billing
RJ-19000,CUST-13096,"H.No._056,_Saxena_Chowk
Rajkot_755496",Rajkot,Gujarat,755496.0,Billing
OR-19001,CUST-17922,"96/01,_Dhawan_Road,_Bijapur_725781",Bijapur,Karnataka,725781.0,Billing
GJ-19002,CUST-01178,"H.No._722,_Ramanathan,_Vadodara-369675",Vadodara,Gujarat,369675.0,Shipping
AP-19003,CUST-12917,"H.No._201,_Kothari_Circle,_Bhimavaram-596865",Bhimavaram,Andhra_Pradesh,596865.0,Shipping
MH-19004,CUST-15819,"86,_Gill_Ganj,_Yamunanagar_963093",Yamunanagar,Haryana,963093.0,Shipping
BR-19005,CUST-13708,"01/01,_Sood_Road,_Satna-472240",Satna,Madhya_Pradesh,472240.0,"Billing,_Shipping"
UP-19006,CUST-02956,"H.No._36
Koshy_Road
Raipur_085886",Raipur,Chhattisgarh,85886.0,Billing
KL-19007,CUST-10842,"89/752,_Verma
Kollam_805348",Kollam,Kerala,805348.0,"Billing,_Shipping"
MP-19008,CUST-08078,"H.No._36
Chaudhary_Nagar
Kishanganj_382509",Kishanganj,Bihar,382509.0,"Billing,_Shipping"
MP-19009,CUST-19055,"H.No._00,_Andra_Nagar,_Kishanganj-937883",Kishanganj,Bihar,937883.0,"Billing,_Shipping"
TN-19010,CUST-11060,"62/130
Raja_Street
Avadi_701607",Avadi,Tamil_Nadu,701607.0,"Billing,_Shipping"
KA-19011,CUST-14730,"H.No._87,_Yogi_Zila
Mangalore-456897",Mangalore,Karnataka,456897.0,Shipping
MH-19012,CUST-15525,"H.No._95
Rattan_Street
Guntur-364418",Guntur,Andhra_Pradesh,364418.0,"Billing,_Shipping"
MP-19013,CUST-12387,"563
Kapoor_Circle
Dehri-453047",Dehri,Bihar,453047.0,"Billing,_Shipping"
RJ-19014,CUST-09810,"70,_Balay_Chowk
Akola_209347",Akola,Maharashtra,209347.0,Billing
MH-19015,CUST-03445,"72/65,_Baral_Path
Yamunanagar_524958",Yamunanagar,Haryana,524958.0,Shipping
TS-19016,CUST-11158,"857,_Bhargava_Ganj,_Dindigul-352396",Dindigul,Tamil_Nadu,352396.0,"Billing,_Shipping"
GJ-19017,CUST-04490,"84/79
Dubey_Street
Kavali_738819",Kavali,Andhra_Pradesh,738819.0,Billing
MH-19018,CUST-08750,"H.No._082,_Halder_Chowk,_Jalgaon-083730",Jalgaon,Maharashtra,83730.0,Billing
WB-19019,CUST-09996,"H.No._928,_Sani_Road,_Naihati-890246",Naihati,West_Bengal,890246.0,"Billing,_Shipping"
CG-19020,CUST-17371,"55,_Varma_Zila,_Sagar_681454",Sagar,Madhya_Pradesh,681454.0,Shipping
MP-19021,CUST-05071,"H.No._88,_Comar_Circle
Khandwa_348589",Khandwa,Madhya_Pradesh,348589.0,Billing
OR-19022,CUST-13094,"H.No._70
Hegde_Chowk
Anantapur-376408",Anantapur,Andhra_Pradesh,376408.0,Shipping
WB-19023,CUST-13636,"40
Dash_Zila
Panihati-097771",Panihati,West_Bengal,97771.0,Shipping
MH-19024,CUST-16702,"H.No._07,_Khare_Circle
Malegaon_371065",Malegaon,Maharashtra,371065.0,Billing
MH-19025,CUST-11375,"58/544,_Issac_Chowk
Yamunanagar_584733",Yamunanagar,Haryana,584733.0,"Billing,_Shipping"
MP-19026,CUST-17676,"51
Kara
Dehri_317068",Dehri,Bihar,317068.0,"Billing,_Shipping"
MP-19027,CUST-17930,"23,_Bhargava_Marg
Gorakhpur_420923",Gorakhpur,Uttar_Pradesh,420923.0,"Billing,_Shipping"
MH-19028,CUST-14092,"20,_Vora_Circle,_Jalgaon_214844",Jalgaon,Maharashtra,214844.0,Billing
WB-19029,CUST-15438,"H.No._314,_Borde_Circle,_Bhatpara-586504",Bhatpara,West_Bengal,586504.0,Shipping
MP-19030,CUST-06728,"22/15,_Gade_Marg,_Ramgarh_222841",Ramgarh,Jharkhand,222841.0,"Billing,_Shipping"
UP-19031,CUST-12843,"043,_Garde_Zila
Raipur-226795",Raipur,Chhattisgarh,226795.0,Shipping
DL-19032,CUST-03204,"H.No._788,_Kuruvilla_Road,_Delhi_903545",Delhi,Delhi_(Union_Territory),903545.0,"Billing,_Shipping"
HP-19033,CUST-08864,"48
Iyer
Udaipur-081504",Udaipur,Rajasthan,81504.0,"Billing,_Shipping"
MP-19034,CUST-19583,"031,_Guha
Khandwa-512091",Khandwa,Madhya_Pradesh,512091.0,Billing
TR-19035,CUST-08998,"70/953
Atwal_Ganj
Durgapur_913872",Durgapur,West_Bengal,913872.0,Shipping
UK-19036,CUST-09147,"40
Malhotra
Haridwar-669130",Haridwar,Uttarakhand,669130.0,Billing
CG-19037,CUST-14355,"H.No._44,_Bedi,_Nagpur-735627",Nagpur,Maharashtra,735627.0,"Billing,_Shipping"
TN-19038,CUST-17788,"H.No._680,_Cherian_Zila,_Tiruvottiyur_213450",Tiruvottiyur,Tamil_Nadu,213450.0,"Billing,_Shipping"
CG-19039,CUST-17414,"560,_Baral_Zila,_Sambalpur-980730",Sambalpur,Odisha,980730.0,Billing
JH-19040,CUST-16456,"H.No._896
Kulkarni_Street
Phusro-586967",Phusro,Jharkhand,586967.0,Billing
OR-19041,CUST-16615,"93,_Dugar_Ganj,_Bilaspur-472665",Bilaspur,Chhattisgarh,472665.0,Shipping
UK-19042,CUST-07484,"H.No._532,_Baria_Path
Jalna-956917",Jalna,Maharashtra,956917.0,"Billing,_Shipping"
MP-19043,CUST-19656,"H.No._05,_Sharma_Ganj,_Ramgarh_087045",Ramgarh,Jharkhand,87045.0,Billing
WB-19044,CUST-13739,"205,_Bedi,_Bally-926733",Bally,West_Bengal,926733.0,Billing
WB-19045,CUST-12050,"111,_Mandal
Arrah_239919",Arrah,Bihar,239919.0,"Billing,_Shipping"
TS-19046,CUST-11563,"H.No._30
Butala_Chowk
Dindigul_840449",Dindigul,Tamil_Nadu,840449.0,Billing
TS-19047,CUST-00579,"914,_Vora_Ganj
Ambala_561125",Ambala,Haryana,561125.0,"Billing,_Shipping"
MP-19049,CUST-18037,"90/72
Brar_Circle
Agra_628915",Agra,Uttar_Pradesh,628915.0,"Billing,_Shipping"
OR-19050,CUST-15147,"42,_Walia_Path,_Chandrapur_717695",Chandrapur,Maharashtra,717695.0,Shipping
WB-19051,CUST-02464,"882
Bandi
Uluberia_607328",Uluberia,West_Bengal,607328.0,"Billing,_Shipping"
MP-19052,CUST-03810,"245,_Thakkar_Road,_Jodhpur-604424",Jodhpur,Rajasthan,604424.0,Billing
CG-19053,CUST-15772,"140
Lad_Road
Nagpur_948728",Nagpur,Maharashtra,948728.0,Shipping
CG-19054,CUST-01815,"05,_Hegde_Zila,_Sagar_267033",Sagar,Madhya_Pradesh,267033.0,Billing
MP-19055,CUST-17642,"H.No._17,_Mann
Ramgarh_710574",Ramgarh,Jharkhand,710574.0,Shipping
TN-19056,CUST-07901,"74,_Kara_Street,_Chittoor_493049",Chittoor,Andhra_Pradesh,493049.0,"Billing,_Shipping"
UP-19057,CUST-12401,"394,_Chauhan_Nagar
Sambhal-798480",Sambhal,Uttar_Pradesh,798480.0,Shipping
OR-19058,CUST-11074,"74/299,_Sankaran_Circle,_Haldia_729399",Haldia,West_Bengal,729399.0,Billing
RJ-19059,CUST-14890,"39,_Mall_Road,_Akola_931490",Akola,Maharashtra,931490.0,"Billing,_Shipping"
MH-19060,CUST-13022,"H.No._83,_Baral_Chowk,_Jalgaon_611704",Jalgaon,Maharashtra,611704.0,Billing
UP-19061,CUST-11305,"87/57,_Rattan_Chowk
Sambhal-684947",Sambhal,Uttar_Pradesh,684947.0,"Billing,_Shipping"
UP-19062,CUST-14568,"12,_Subramanian_Zila,_Sambhal-007170",Sambhal,Uttar_Pradesh,7170.0,Shipping
CG-19063,CUST-02838,"109,_Bhatnagar_Chowk,_Malda_224892",Malda,West_Bengal,224892.0,"Billing,_Shipping"
MP-19064,CUST-01113,"91/631
Mannan_Nagar
Indore-511992",Indore,Madhya_Pradesh,511992.0,"Billing,_Shipping"
GJ-19065,CUST-16165,"H.No._423,_Deol_Circle
Gandhidham-462449",Gandhidham,Gujarat,462449.0,Billing
OR-19066,CUST-09859,"H.No._346,_Warrior_Road
Mathura-855591",Mathura,Uttar_Pradesh,855591.0,"Billing,_Shipping"
TN-19067,CUST-19359,"46,_Choudhry_Path
Tiruppur-335709",Tiruppur,Tamil_Nadu,335709.0,"Billing,_Shipping"
TS-19068,CUST-13728,"770,_Goswami_Nagar
Ambala_714659",Ambala,Haryana,714659.0,Shipping
HR-19069,CUST-18392,"458
Bhardwaj_Chowk
Aurangabad_237166",Aurangabad,Maharashtra,237166.0,"Billing,_Shipping"
HP-19070,CUST-19975,"34,_Tripathi_Circle
Udaipur-228970",Udaipur,Rajasthan,228970.0,"Billing,_Shipping"
HR-19071,CUST-10477,"64/58
Shanker_Ganj
Aurangabad_905278",Aurangabad,Maharashtra,905278.0,Billing
MP-19072,CUST-03119,"46/19,_Kalita_Road,_Jodhpur_545817",Jodhpur,Rajasthan,545817.0,Shipping
WB-19073,CUST-13798,"H.No._66,_Bhatti_Street,_Bidhannagar_902128",Bidhannagar,West_Bengal,902128.0,"Billing,_Shipping"
AP-19074,CUST-07804,"74/14,_Raju_Path,_Anantapuram-494873",Anantapuram,Andhra_Pradesh,494873.0,Shipping
WB-19075,CUST-08740,"36/070,_Sheth_Zila,_Arrah-679450",Arrah,Bihar,679450.0,"Billing,_Shipping"
UP-19076,CUST-15953,"08/15
Kashyap_Chowk
Farrukhabad_174699",Farrukhabad,Uttar_Pradesh,174699.0,"Billing,_Shipping"
UP-19077,CUST-01614,"07/686,_Dugar_Nagar,_Sambhal_900760",Sambhal,Uttar_Pradesh,900760.0,"Billing,_Shipping"
OR-19078,CUST-02441,"H.No._95,_Divan_Path,_Haldia-953711",Haldia,West_Bengal,953711.0,Billing
TS-19079,CUST-18359,"680,_Agarwal_Chowk
Hindupur-451422",Hindupur,Andhra_Pradesh,451422.0,Billing
UP-19080,CUST-08200,"H.No._90,_Kota_Road
Bhagalpur-253618",Bhagalpur,Bihar,253618.0,Shipping
UP-19081,CUST-14507,"09,_Kothari_Street,_Karimnagar_223493",Karimnagar,Telangana,223493.0,Shipping
RJ-19082,CUST-15619,"H.No._218
Dhawan_Path
Akola_270450",Akola,Maharashtra,270450.0,Shipping
UP-19083,CUST-19982,"H.No._56,_Agrawal_Marg,_Jamalpur-867940",Jamalpur,Bihar,867940.0,Billing
UP-19084,CUST-09819,"437,_Sheth_Path
Jamalpur_446849",Jamalpur,Bihar,446849.0,Shipping
HR-19085,CUST-17847,"H.No._90,_Shankar_Street,_Aurangabad_158303",Aurangabad,Maharashtra,158303.0,"Billing,_Shipping"
MH-19086,CUST-06355,"68/29,_Kaul_Road,_Yamunanagar-760306",Yamunanagar,Haryana,760306.0,"Billing,_Shipping"
TN-19087,CUST-03619,"70/516,_Garg_Street,_Pali_005659",Pali,Rajasthan,5659.0,Shipping
RJ-19088,CUST-06101,"67/463,_Bhardwaj_Nagar
Rajkot_223069",Rajkot,Gujarat,223069.0,Billing
HR-19089,CUST-16764,"H.No._11
Mane
Siwan_165597",Siwan,Bihar,165597.0,Shipping
HR-19090,CUST-00449,"811
Rajagopalan_Path
Siwan_206639",Siwan,Bihar,206639.0,Shipping
WB-19091,CUST-07680,"82
Sarna
Arrah-609303",Arrah,Bihar,609303.0,Shipping
AP-19092,CUST-02694,"H.No._48,_Sarkar_Path,_Jammu-449842",Jammu,Jammu_and_Kashmir,449842.0,Billing
TN-19093,CUST-16458,"64,_Wason_Street
Avadi-737404",Avadi,Tamil_Nadu,737404.0,"Billing,_Shipping"
JH-19095,CUST-07814,"H.No._837,_Kothari_Ganj,_Phusro_083578",Phusro,Jharkhand,83578.0,Shipping
OR-19096,CUST-08708,"892,_Loyal_Zila
Bharatpur_240057",Bharatpur,Rajasthan,240057.0,Shipping
MH-19097,CUST-05924,"94,_Acharya_Nagar,_Guntur-368179",Guntur,Andhra_Pradesh,368179.0,Shipping
TS-19098,CUST-00811,"070,_Chawla_Ganj
Ramagundam-586192",Ramagundam,Telangana,586192.0,"Billing,_Shipping"
KA-19099,CUST-04427,"H.No._669
Ganesan_Marg
Hosur_764808",Hosur,Tamil_Nadu,764808.0,Shipping
AP-19100,CUST-18886,"H.No._29,_Srinivas_Marg,_Dharmavaram-527011",Dharmavaram,Andhra_Pradesh,527011.0,Billing
TS-19101,CUST-04705,"33/94,_Bir_Path
Hindupur_023730",Hindupur,Andhra_Pradesh,23730.0,Shipping
UP-19102,CUST-04306,"54/55,_Deshmukh_Ganj,_Burhanpur_857690",Burhanpur,Madhya_Pradesh,857690.0,"Billing,_Shipping"
GJ-19103,CUST-11204,"H.No._96
Anand
Ajmer-936198",Ajmer,Rajasthan,936198.0,"Billing,_Shipping"
MH-19104,CUST-11807,"732,_Borde,_Malegaon_199185",Malegaon,Maharashtra,199185.0,Shipping
UP-19105,CUST-12661,"H.No._70,_Suri_Street
Raipur_286815",Raipur,Chhattisgarh,286815.0,"Billing,_Shipping"
CG-19106,CUST-16122,"93/22,_Sharma_Nagar,_Sambalpur-791919",Sambalpur,Odisha,791919.0,Shipping
DL-19108,CUST-18746,"326
Chander
Delhi_097932",Delhi,Delhi_(Union_Territory),97932.0,Billing
OR-19109,CUST-18255,"21
Hora_Marg
Mathura_460514",Mathura,Uttar_Pradesh,460514.0,"Billing,_Shipping"
MP-19110,CUST-09127,"H.No._673
Gaba_Nagar
Khandwa-166624",Khandwa,Madhya_Pradesh,166624.0,Billing
WB-19111,CUST-13230,"H.No._31,_Karpe_Ganj,_Bally-645004",Bally,West_Bengal,645004.0,"Billing,_Shipping"
WB-19112,CUST-10584,"H.No._79
Karpe_Marg
Madhyamgram_719390",Madhyamgram,West_Bengal,719390.0,"Billing,_Shipping"
AP-19113,CUST-10980,"H.No._774,_Dhar_Ganj
Bhimavaram-151287",Bhimavaram,Andhra_Pradesh,151287.0,Billing
TS-19114,CUST-11666,"96,_Kanda_Chowk
Dindigul-904563",Dindigul,Tamil_Nadu,904563.0,Billing
WB-19115,CUST-06905,"092,_Sandal_Nagar,_Madhyamgram-853577",Madhyamgram,West_Bengal,853577.0,Billing
GJ-19116,CUST-15974,"H.No._18,_Deol_Ganj
Gandhidham-251023",Gandhidham,Gujarat,251023.0,"Billing,_Shipping"
TS-19117,CUST-04677,"H.No._13
Gaba_Zila
Srinagar_335519",Srinagar,Jammu_and_Kashmir,335519.0,Billing
TS-19118,CUST-10115,"H.No._642,_Date_Chowk,_Dindigul_377083",Dindigul,Tamil_Nadu,377083.0,"Billing,_Shipping"
AP-19119,CUST-16262,"H.No._77,_Dutt,_Anantapuram_304310",Anantapuram,Andhra_Pradesh,304310.0,"Billing,_Shipping"
MH-19120,CUST-16853,"843,_Grewal_Street,_Yamunanagar_349677",Yamunanagar,Haryana,349677.0,"Billing,_Shipping"
OR-19121,CUST-14526,"H.No._94,_Keer_Marg
Haldia_785186",Haldia,West_Bengal,785186.0,"Billing,_Shipping"
JH-19122,CUST-10133,"64,_Lal_Zila
Mango_789808",Mango,Jharkhand,789808.0,Billing
MH-19123,CUST-04450,"H.No._611,_Chand_Path
Nanded-746202",Nanded,Maharashtra,746202.0,Billing
WB-19124,CUST-09006,"51,_Gera_Zila
Bhatpara-641164",Bhatpara,West_Bengal,641164.0,"Billing,_Shipping"
UP-19125,CUST-12685,"21/57,_Sarraf_Road
Burhanpur-628238",Burhanpur,Madhya_Pradesh,628238.0,Billing
KA-19126,CUST-19344,"H.No._93,_Kanda_Path
Hosur-855570",Hosur,Tamil_Nadu,855570.0,"Billing,_Shipping"
CG-19127,CUST-01316,"12/01
Thakkar_Chowk
Malda-835974",Malda,West_Bengal,835974.0,Billing
TN-19128,CUST-18012,"26
Sundaram_Street
Tiruvottiyur-809991",Tiruvottiyur,Tamil_Nadu,809991.0,Billing
TS-19129,CUST-14754,"29/35,_Virk_Circle,_Ramagundam_518228",Ramagundam,Telangana,518228.0,"Billing,_Shipping"
UP-19130,CUST-06763,"09/906
Ramakrishnan
Burhanpur-428933",Burhanpur,Madhya_Pradesh,428933.0,Billing
KA-19131,CUST-07058,"H.No._584,_Tailor_Road,_Hospet-566795",Hospet,Karnataka,566795.0,Billing
WB-19132,CUST-17779,"51/535,_Sastry_Zila
Kamarhati_101357",Kamarhati,West_Bengal,101357.0,Billing
JH-19133,CUST-05536,"38,_Hayre_Marg
Kharagpur-427183",Kharagpur,West_Bengal,427183.0,"Billing,_Shipping"
GJ-19134,CUST-12626,"287
Chaudhary_Marg
Ajmer-376084",Ajmer,Rajasthan,376084.0,Shipping
HR-19135,CUST-14780,"H.No._35,_Shanker_Circle
Bikaner_077349",Bikaner,Rajasthan,77349.0,Billing
MH-19136,CUST-02878,"98/26,_Bhargava_Zila
Loni_476729",Loni,Uttar_Pradesh,476729.0,Billing
MH-19137,CUST-14080,"53/43,_Yadav_Zila,_Karnal_808299",Karnal,Haryana,808299.0,Shipping
UP-19138,CUST-14343,"H.No._04,_De,_Jamalpur-553974",Jamalpur,Bihar,553974.0,Shipping
OR-19139,CUST-16984,"138,_Balan
Haldia_325765",Haldia,West_Bengal,325765.0,"Billing,_Shipping"
CG-19140,CUST-11454,"715,_Aggarwal_Zila,_Sambalpur-750512",Sambalpur,Odisha,750512.0,Shipping
MH-19141,CUST-17874,"15/609,_Sagar_Ganj
Guntur-716942",Guntur,Andhra_Pradesh,716942.0,Billing
WB-19142,CUST-12375,"H.No._968,_Rastogi_Nagar,_Uluberia-219255",Uluberia,West_Bengal,219255.0,Billing
TR-19143,CUST-07093,"23,_Anne_Marg,_Durgapur-524355",Durgapur,West_Bengal,524355.0,"Billing,_Shipping"
KA-19144,CUST-18136,"91/641
Aggarwal_Nagar
Solapur_960941",Solapur,Maharashtra,960941.0,"Billing,_Shipping"
GJ-19145,CUST-15854,"75
Zacharia_Zila
Allahabad-263081",Allahabad,Uttar_Pradesh,263081.0,Billing
UP-19146,CUST-11264,"457
Aurora_Zila
Jamalpur_229586",Jamalpur,Bihar,229586.0,Shipping
UP-19147,CUST-00187,"H.No._98,_Butala_Zila
Raipur_711859",Raipur,Chhattisgarh,711859.0,Billing
UP-19148,CUST-04878,"397
Kara
Sambhal-673984",Sambhal,Uttar_Pradesh,673984.0,"Billing,_Shipping"
AP-19149,CUST-04158,"71,_Chakrabarti
Jammu-182083",Jammu,Jammu_and_Kashmir,182083.0,"Billing,_Shipping"
MH-19150,CUST-17730,"26/876,_Krishna_Chowk
Yamunanagar_414924",Yamunanagar,Haryana,414924.0,Billing
MH-19151,CUST-07577,"05,_Randhawa_Zila,_Karnal_544820",Karnal,Haryana,544820.0,Shipping
TR-19152,CUST-05026,"H.No._169,_Chatterjee_Ganj,_Durgapur-857958",Durgapur,West_Bengal,857958.0,Shipping
HR-19153,CUST-06903,"H.No._811,_Sidhu_Street,_Aurangabad-248517",Aurangabad,Maharashtra,248517.0,Shipping
BR-19154,CUST-13005,"32/020
Rattan_Circle
Satna-021368",Satna,Madhya_Pradesh,21368.0,Shipping
KL-19155,CUST-12939,"677,_Mahajan_Ganj
Kollam_662868",Kollam,Kerala,662868.0,"Billing,_Shipping"
MH-19156,CUST-17739,"93/344
Apte_Chowk
Nanded-567058",Nanded,Maharashtra,567058.0,Billing
DL-19157,CUST-04578,"01/022,_Gopal_Path,_Delhi_359455",Delhi,Delhi_(Union_Territory),359455.0,Billing
HR-19158,CUST-18261,"13/23,_Soman,_Aurangabad_935783",Aurangabad,Maharashtra,935783.0,"Billing,_Shipping"
TS-19159,CUST-04420,"57/82,_Barad,_Ambala-098612",Ambala,Haryana,98612.0,Shipping
GJ-19160,CUST-17530,"H.No._62,_Banerjee_Ganj
Vadodara-552498",Vadodara,Gujarat,552498.0,Shipping
CG-19161,CUST-12756,"97/91,_Buch_Chowk,_Nagpur-095088",Nagpur,Maharashtra,95088.0,"Billing,_Shipping"
HR-19163,CUST-07673,"52/886,_Issac_Ganj
Siwan-784185",Siwan,Bihar,784185.0,"Billing,_Shipping"
RJ-19164,CUST-15865,"H.No._94,_Krishna_Street
Akola_573790",Akola,Maharashtra,573790.0,Shipping
GJ-19165,CUST-19378,"H.No._11,_Varty_Street,_Allahabad_177424",Allahabad,Uttar_Pradesh,177424.0,"Billing,_Shipping"
WB-19166,CUST-10719,"H.No._807,_Chana_Circle,_Aligarh-683112",Aligarh,Uttar_Pradesh,683112.0,Billing
OR-19167,CUST-17368,"12,_Sheth_Zila,_Haldia_975066",Haldia,West_Bengal,975066.0,Billing
GJ-19168,CUST-04711,"72/14,_Venkataraman_Zila,_Jabalpur-297711",Jabalpur,Madhya_Pradesh,297711.0,Billing
GJ-19169,CUST-16826,"413,_Sahni_Zila,_Ajmer-473975",Ajmer,Rajasthan,473975.0,Shipping
UP-19170,CUST-12895,"59/217
Roy_Path
Muzaffarpur-975448",Muzaffarpur,Bihar,975448.0,Billing
TS-19171,CUST-17457,"772,_Kar_Path,_Proddatur_803034",Proddatur,Andhra_Pradesh,803034.0,Shipping
WB-19172,CUST-02239,"046,_Gola_Path,_Uluberia-205373",Uluberia,West_Bengal,205373.0,"Billing,_Shipping"
BR-19173,CUST-11981,"47,_Gaba_Circle
Buxar-631566",Buxar,Bihar,631566.0,Shipping
UP-19174,CUST-17015,"015,_Banerjee_Road,_Ahmedabad-767048",Ahmedabad,Gujarat,767048.0,"Billing,_Shipping"
BR-19175,CUST-17401,"017,_Kale_Chowk,_Ballia_958322",Ballia,Uttar_Pradesh,958322.0,"Billing,_Shipping"
TS-19176,CUST-14710,"45/333,_Deshmukh_Zila,_Srinagar_714935",Srinagar,Jammu_and_Kashmir,714935.0,"Billing,_Shipping"
HR-19177,CUST-18412,"637,_Chhabra_Road,_Siwan-777243",Siwan,Bihar,777243.0,"Billing,_Shipping"
AP-19178,CUST-12955,"26/76,_Dutt_Marg,_Srikakulam-829882",Srikakulam,Andhra_Pradesh,829882.0,Shipping
MP-19179,CUST-03578,"24/97,_Walla_Nagar
Indore-371499",Indore,Madhya_Pradesh,371499.0,"Billing,_Shipping"
AS-19180,CUST-13756,"30/02,_Dani_Path,_Siliguri_878877",Siliguri,West_Bengal,878877.0,"Billing,_Shipping"
BR-19181,CUST-07455,"17/844,_Sekhon_Chowk,_Purnia-781330",Purnia,Bihar,781330.0,Billing
KL-19182,CUST-18297,"815,_Dyal_Ganj,_Kollam-195805",Kollam,Kerala,195805.0,Billing
MP-19183,CUST-13272,"H.No._98
Agate
Indore_074768",Indore,Madhya_Pradesh,74768.0,Shipping
TN-19184,CUST-13473,"21,_Madan_Zila,_Vellore-643737",Vellore,Tamil_Nadu,643737.0,Shipping
UP-19185,CUST-18999,"H.No._020,_Tak_Ganj,_Shahjahanpur-169428",Shahjahanpur,Uttar_Pradesh,169428.0,"Billing,_Shipping"
BR-19186,CUST-16757,"70/82,_Gokhale,_Jaipur-614296",Jaipur,Rajasthan,614296.0,Billing
KA-19187,CUST-12552,"H.No._88
Bhattacharyya_Circle
Mangalore-138452",Mangalore,Karnataka,138452.0,Billing
HP-19188,CUST-06455,"00/990,_Seshadri_Marg
Udaipur_533256",Udaipur,Rajasthan,533256.0,Shipping
JH-19189,CUST-02503,"212,_Ratti_Street
Phusro_321590",Phusro,Jharkhand,321590.0,Billing
CG-19190,CUST-16431,"030
Sachdev_Nagar
Bhilai-508771",Bhilai,Chhattisgarh,508771.0,Billing
AP-19191,CUST-07617,"70
Vyas_Street
Jammu_300585",Jammu,Jammu_and_Kashmir,300585.0,Billing
TN-19192,CUST-00932,"336
Mahal_Ganj
Gandhinagar-506980",Gandhinagar,Gujarat,506980.0,Shipping
BR-19193,CUST-07261,"26/687,_Agrawal_Street,_Munger_146502",Munger,Bihar,146502.0,Billing
MP-19194,CUST-05824,"48/951
Doctor_Path
Kota_309748",Kota,Rajasthan,309748.0,"Billing,_Shipping"
TS-19195,CUST-14267,"52/23,_Choudhury_Road,_Dindigul-538846",Dindigul,Tamil_Nadu,538846.0,Billing
WB-19196,CUST-17028,"06
Bawa_Path
Madhyamgram_119170",Madhyamgram,West_Bengal,119170.0,"Billing,_Shipping"
KA-19197,CUST-02481,"H.No._883,_Mannan_Marg,_Amaravati-459145",Amaravati,Andhra_Pradesh,459145.0,Billing
BR-19198,CUST-02570,"33,_Zacharia
Ballia-153195",Ballia,Uttar_Pradesh,153195.0,Billing
MH-19199,CUST-12240,"78,_Chhabra_Circle,_Malegaon_376930",Malegaon,Maharashtra,376930.0,"Billing,_Shipping"
UP-19200,CUST-00186,"23/869,_Dhar_Path,_Bhagalpur-545260",Bhagalpur,Bihar,545260.0,Billing
BR-19201,CUST-12515,"98/229
Lall_Chowk
Munger_102042",Munger,Bihar,102042.0,"Billing,_Shipping"
MH-19202,CUST-14412,"H.No._26,_Gill_Nagar
Satara-035096",Satara,Maharashtra,35096.0,Shipping
GJ-19203,CUST-02757,"H.No._863
Basak_Marg
Kavali_749067",Kavali,Andhra_Pradesh,749067.0,"Billing,_Shipping"
TN-19204,CUST-13952,"H.No._19,_Chauhan,_Tiruppur-394449",Tiruppur,Tamil_Nadu,394449.0,"Billing,_Shipping"
HP-19205,CUST-19562,"H.No._919,_Sabharwal_Zila
Udaipur-856597",Udaipur,Rajasthan,856597.0,Shipping
MP-19206,CUST-17494,"33/788,_Sankaran_Street,_Mau-623349",Mau,Uttar_Pradesh,623349.0,Shipping
TN-19207,CUST-10532,"85/22,_Sur_Nagar,_Vellore_596755",Vellore,Tamil_Nadu,596755.0,Shipping
MH-19208,CUST-02602,"21,_Raval_Nagar,_Malegaon_622971",Malegaon,Maharashtra,622971.0,"Billing,_Shipping"
UK-19209,CUST-19869,"62/11
Rajagopal_Road
Shivpuri_927782",Shivpuri,Madhya_Pradesh,927782.0,Billing
GJ-19210,CUST-15169,"97/567,_Bakshi_Road
Ajmer_361233",Ajmer,Rajasthan,361233.0,Billing
MP-19211,CUST-14787,"74/095
Batta_Chowk
Agra_387121",Agra,Uttar_Pradesh,387121.0,Billing
KA-19213,CUST-09343,"H.No._19,_Ganesan_Chowk,_Hospet-187049",Hospet,Karnataka,187049.0,Shipping
OR-19214,CUST-12043,"44,_Korpal_Road
Haldia-854207",Haldia,West_Bengal,854207.0,Billing
TS-19216,CUST-15840,"H.No._952,_Bir_Path,_Dindigul-235125",Dindigul,Tamil_Nadu,235125.0,Shipping
UP-19217,CUST-15678,"85/141,_Dubey_Ganj
Jamalpur_553520",Jamalpur,Bihar,553520.0,Billing
TN-19218,CUST-16864,"198
Sami_Chowk
Avadi-056966",Avadi,Tamil_Nadu,56966.0,"Billing,_Shipping"
OR-19219,CUST-11120,"H.No._94,_Apte_Circle,_Bilaspur-791950",Bilaspur,Chhattisgarh,791950.0,"Billing,_Shipping"
MP-19221,CUST-13912,"702,_Lata_Path
Jhansi_125584",Jhansi,Uttar_Pradesh,125584.0,Billing
KA-19222,CUST-11041,"88/470,_Kakar,_Amaravati_980733",Amaravati,Andhra_Pradesh,980733.0,"Billing,_Shipping"
MH-19223,CUST-15155,"H.No._96
Sampath_Marg
Yamunanagar-307650",Yamunanagar,Haryana,307650.0,"Billing,_Shipping"
BR-19224,CUST-18693,"18/38,_Garde_Road
Munger-029961",Munger,Bihar,29961.0,Billing
TS-19225,CUST-14727,"86,_Karan_Street
Hindupur_835156",Hindupur,Andhra_Pradesh,835156.0,"Billing,_Shipping"
UP-19226,CUST-17977,"328
Khanna
Shahjahanpur_331531",Shahjahanpur,Uttar_Pradesh,331531.0,Billing
UP-19227,CUST-04056,"13/27
Shukla_Chowk
Mirzapur-454812",Mirzapur,Uttar_Pradesh,454812.0,"Billing,_Shipping"
UP-19228,CUST-06954,"65/315,_Garde_Circle
Farrukhabad-930913",Farrukhabad,Uttar_Pradesh,930913.0,Shipping
UP-19229,CUST-14348,"23/89,_Chada
Muzaffarpur_422739",Muzaffarpur,Bihar,422739.0,"Billing,_Shipping"
KA-19230,CUST-07333,"06/699,_Das_Road,_Solapur_968075",Solapur,Maharashtra,968075.0,Billing
TS-19231,CUST-17098,"352,_Barman_Road,_Srinagar_016991",Srinagar,Jammu_and_Kashmir,16991.0,Billing
MP-19232,CUST-16158,"H.No._12,_Luthra_Marg
Ramgarh-266830",Ramgarh,Jharkhand,266830.0,Shipping
CG-19233,CUST-16776,"98/48,_Babu_Circle
Malda_108380",Malda,West_Bengal,108380.0,Shipping
TS-19234,CUST-10280,"82
Bhattacharyya_Street
Ambala_529575",Ambala,Haryana,529575.0,Shipping
MH-19235,CUST-13861,"70/103,_Johal_Marg
Loni-200887",Loni,Uttar_Pradesh,200887.0,Shipping
WB-19236,CUST-16911,"15,_Chandran_Circle,_Bidhannagar_102385",Bidhannagar,West_Bengal,102385.0,"Billing,_Shipping"
WB-19237,CUST-19758,"46,_Gaba_Road,_Uluberia-551275",Uluberia,West_Bengal,551275.0,"Billing,_Shipping"
UK-19238,CUST-17651,"091,_Chokshi_Road,_Haridwar-667813",Haridwar,Uttarakhand,667813.0,"Billing,_Shipping"
TS-19239,CUST-18212,"H.No._849
Sarraf_Path
Dindigul-803596",Dindigul,Tamil_Nadu,803596.0,Shipping
WB-19240,CUST-16857,"85/919
Deep_Chowk
Panihati-606006",Panihati,West_Bengal,606006.0,"Billing,_Shipping"
WB-19241,CUST-15061,"51
Anne_Zila
Panihati-882102",Panihati,West_Bengal,882102.0,"Billing,_Shipping"
OR-19242,CUST-19735,"H.No._66
Shukla_Circle
Bharatpur-766266",Bharatpur,Rajasthan,766266.0,Billing
TN-19243,CUST-17152,"694
Kamdar_Road
Pali_491462",Pali,Rajasthan,491462.0,Shipping
MH-19244,CUST-14032,"H.No._177,_Chanda_Ganj
Loni-759083",Loni,Uttar_Pradesh,759083.0,"Billing,_Shipping"
JH-19245,CUST-00202,"13/223,_Datta_Nagar
Phusro_276226",Phusro,Jharkhand,276226.0,Shipping
GJ-19246,CUST-03003,"77/67,_Shroff_Chowk
Ajmer_419641",Ajmer,Rajasthan,419641.0,"Billing,_Shipping"
TS-19247,CUST-16768,"75
Dara_Circle
Sirsa-921147",Sirsa,Haryana,921147.0,"Billing,_Shipping"
WB-19248,CUST-19367,"H.No._90,_Shukla_Ganj
Baranagar_081501",Baranagar,West_Bengal,81501.0,"Billing,_Shipping"
WB-19249,CUST-00034,"85
Iyengar
Arrah-644377",Arrah,Bihar,644377.0,"Billing,_Shipping"
HR-19250,CUST-00815,"373
Dhingra_Path
Bikaner-652561",Bikaner,Rajasthan,652561.0,Billing
GJ-19251,CUST-19976,"H.No._539,_Sunder_Chowk
Jabalpur_706653",Jabalpur,Madhya_Pradesh,706653.0,Shipping
WB-19252,CUST-18229,"56/04
Barad_Nagar
Madhyamgram_432998",Madhyamgram,West_Bengal,432998.0,Shipping
WB-19253,CUST-18159,"24/935,_Gill_Marg
Naihati-399746",Naihati,West_Bengal,399746.0,Shipping
AS-19254,CUST-10507,"04/71
Bal_Marg
Siliguri-352715",Siliguri,West_Bengal,352715.0,Shipping
TN-19255,CUST-18230,"238,_Boase_Path
Vellore-194373",Vellore,Tamil_Nadu,194373.0,"Billing,_Shipping"
WB-19256,CUST-14898,"17/18,_Balakrishnan_Path
Arrah-035145",Arrah,Bihar,35145.0,Shipping
HR-19257,CUST-05532,"H.No._42
Srinivas_Road
Bikaner_969962",Bikaner,Rajasthan,969962.0,Billing
UP-19258,CUST-18547,"10/374,_Bansal_Circle,_Bhagalpur-589120",Bhagalpur,Bihar,589120.0,Billing
OR-19259,CUST-16756,"H.No._40,_Bhatti_Circle
Bharatpur_497795",Bharatpur,Rajasthan,497795.0,Shipping
BR-19260,CUST-17612,"H.No._32,_Ranganathan_Nagar,_Satna_087971",Satna,Madhya_Pradesh,87971.0,"Billing,_Shipping"
MP-19261,CUST-02804,"07/31
Bala_Marg
Jhansi_063917",Jhansi,Uttar_Pradesh,63917.0,"Billing,_Shipping"
TS-19262,CUST-17474,"857,_Kadakia_Ganj,_Ambala-919985",Ambala,Haryana,919985.0,Billing
GJ-19263,CUST-05748,"H.No._01,_Verma_Path
Vadodara-878254",Vadodara,Gujarat,878254.0,Shipping
JH-19264,CUST-12426,"H.No._27,_Golla_Nagar,_Asansol-149698",Asansol,West_Bengal,149698.0,Billing
MP-19265,CUST-13288,"787
Shan_Street
Kishanganj_928533",Kishanganj,Bihar,928533.0,Billing
JH-19266,CUST-15523,"33/796,_Ratta_Path
Kharagpur_374672",Kharagpur,West_Bengal,374672.0,Shipping
AS-19267,CUST-05292,"09/166,_Choudhury_Circle
Siliguri_456295",Siliguri,West_Bengal,456295.0,Shipping
MP-19268,CUST-19213,"H.No._36
Hans_Circle
Jhansi-377092",Jhansi,Uttar_Pradesh,377092.0,"Billing,_Shipping"
OR-19269,CUST-12548,"09/215,_Sood,_Kanpur_456045",Kanpur,Uttar_Pradesh,456045.0,"Billing,_Shipping"
DL-19270,CUST-19360,"H.No._23,_Borde_Ganj,_Delhi_899889",Delhi,Delhi_(Union_Territory),899889.0,"Billing,_Shipping"
KL-19271,CUST-00057,"51,_Agate_Nagar,_Kollam_975836",Kollam,Kerala,975836.0,Billing
WB-19272,CUST-10415,"H.No._83,_Yadav_Street,_Aligarh_725264",Aligarh,Uttar_Pradesh,725264.0,Shipping
OR-19273,CUST-02383,"H.No._105
Gade_Nagar
Berhampur-606971",Berhampur,Odisha,606971.0,"Billing,_Shipping"
BR-19274,CUST-14168,"77/02,_Cherian
Ballia_273135",Ballia,Uttar_Pradesh,273135.0,"Billing,_Shipping"
AP-19275,CUST-10777,"07,_Chander_Street
Gudivada-647408",Gudivada,Andhra_Pradesh,647408.0,Billing
MP-19276,CUST-10822,"37/29
Sandhu_Ganj
Jodhpur-409686",Jodhpur,Rajasthan,409686.0,Shipping
TN-19277,CUST-08062,"H.No._68
Sathe_Road
Pali-209260",Pali,Rajasthan,209260.0,Shipping
MP-19278,CUST-13951,"22
Karan_Ganj
Kota_454073",Kota,Rajasthan,454073.0,"Billing,_Shipping"
KA-19279,CUST-00956,"H.No._49
Kari_Nagar
Solapur_514165",Solapur,Maharashtra,514165.0,Billing
MP-19280,CUST-03956,"66/374,_Sarkar_Street,_Jalandhar-889764",Jalandhar,Punjab,889764.0,"Billing,_Shipping"
RJ-19281,CUST-06904,"H.No._368
Singh_Marg
Rajkot_709573",Rajkot,Gujarat,709573.0,Billing
TR-19282,CUST-15605,"H.No._575,_Srinivasan_Circle,_Chandigarh-023720",Chandigarh,Chandigarh_(Union_Territory),23720.0,Billing
CG-19283,CUST-10487,"H.No._56
Aurora
Nagpur-793971",Nagpur,Maharashtra,793971.0,Shipping
CG-19284,CUST-19220,"H.No._769,_Kumer
Sagar-189127",Sagar,Madhya_Pradesh,189127.0,Billing
WB-19285,CUST-07446,"60/399,_Handa_Nagar,_Kulti_268029",Kulti,West_Bengal,268029.0,"Billing,_Shipping"
BR-19286,CUST-10053,"393
Wali_Ganj
Buxar_695451",Buxar,Bihar,695451.0,Billing
MP-19287,CUST-09175,"848,_Ramanathan_Street
Jodhpur_358340",Jodhpur,Rajasthan,358340.0,"Billing,_Shipping"
WB-19288,CUST-18113,"729,_Contractor_Ganj,_Bhatpara-728620",Bhatpara,West_Bengal,728620.0,Shipping
KA-19289,CUST-02684,"H.No._51,_Kari_Road
Amaravati-002412",Amaravati,Andhra_Pradesh,2412.0,Billing
HP-19290,CUST-10455,"12/59,_Krishnan_Chowk
Udaipur_678843",Udaipur,Rajasthan,678843.0,Billing
WB-19291,CUST-19664,"336
Swamy
Naihati-231288",Naihati,West_Bengal,231288.0,"Billing,_Shipping"
WB-19292,CUST-16337,"82/18,_Hegde_Circle
Aligarh-896891",Aligarh,Uttar_Pradesh,896891.0,Billing
GJ-19293,CUST-16078,"H.No._300,_Sachdev_Chowk
Jabalpur-460052",Jabalpur,Madhya_Pradesh,460052.0,Shipping
MH-19294,CUST-12797,"H.No._26,_Bhat_Path
Malegaon-352302",Malegaon,Maharashtra,352302.0,Shipping
KA-19295,CUST-14882,"99,_Tella_Street,_Mangalore-448930",Mangalore,Karnataka,448930.0,Billing
MH-19296,CUST-04960,"H.No._98,_Kale_Nagar,_Karnal_449049",Karnal,Haryana,449049.0,Billing
WB-19297,CUST-03060,"22,_Dora_Circle,_Bidhannagar-705627",Bidhannagar,West_Bengal,705627.0,Billing
TS-19298,CUST-13290,"H.No._485,_Mahal_Road,_Ambala_888394",Ambala,Haryana,888394.0,"Billing,_Shipping"
GJ-19299,CUST-18968,"27/124,_Khosla_Road
Gandhidham_471175",Gandhidham,Gujarat,471175.0,Shipping
TS-19300,CUST-07885,"H.No._30,_Keer_Path
Nizamabad_431556",Nizamabad,Telangana,431556.0,Billing
JH-19301,CUST-17950,"181,_Venkatesh_Road
Asansol-385932",Asansol,West_Bengal,385932.0,Shipping
HP-19302,CUST-03360,"49/782
Batra_Path
Udaipur_941988",Udaipur,Rajasthan,941988.0,"Billing,_Shipping"
WB-19303,CUST-13906,"985
Randhawa_Road
Arrah-100972",Arrah,Bihar,100972.0,"Billing,_Shipping"
MH-19304,CUST-02231,"29/44,_Khare_Street,_Karnal-013567",Karnal,Haryana,13567.0,Shipping
MH-19305,CUST-19470,"07/251
Chaudhary_Chowk
Yamunanagar-215299",Yamunanagar,Haryana,215299.0,Shipping
MP-19306,CUST-12128,"H.No._577,_Bali_Marg
Agra_292832",Agra,Uttar_Pradesh,292832.0,Billing
MP-19307,CUST-17209,"567
Sem_Zila
Gorakhpur_462668",Gorakhpur,Uttar_Pradesh,462668.0,"Billing,_Shipping"
MH-19308,CUST-16124,"88
Kashyap_Circle
Satara-691632",Satara,Maharashtra,691632.0,"Billing,_Shipping"
MP-19309,CUST-15178,"H.No._956,_Sane,_Gorakhpur_512712",Gorakhpur,Uttar_Pradesh,512712.0,"Billing,_Shipping"
RJ-19310,CUST-14333,"48/624,_Loke_Road,_Dewas-818325",Dewas,Madhya_Pradesh,818325.0,Billing
HR-19311,CUST-14576,"54/730,_Wable_Circle
Bikaner-889693",Bikaner,Rajasthan,889693.0,Shipping
MH-19312,CUST-12316,"80/712,_Kota
Jalgaon-282715",Jalgaon,Maharashtra,282715.0,"Billing,_Shipping"
RJ-19313,CUST-13936,"H.No._61,_Sane_Marg
Rajkot_939326",Rajkot,Gujarat,939326.0,"Billing,_Shipping"
TR-19314,CUST-17491,"92/00
Reddy_Nagar
Durgapur-744077",Durgapur,West_Bengal,744077.0,Billing
UK-19315,CUST-13216,"39
Vora_Road
Shivpuri_934239",Shivpuri,Madhya_Pradesh,934239.0,Billing
TN-19316,CUST-09602,"27
Sura_Zila
Avadi_942232",Avadi,Tamil_Nadu,942232.0,Shipping
AP-19317,CUST-11670,"74,_Hayre_Path,_Bhimavaram-071119",Bhimavaram,Andhra_Pradesh,71119.0,"Billing,_Shipping"
OR-19318,CUST-12604,"H.No._659
Sura_Nagar
Kanpur-388029",Kanpur,Uttar_Pradesh,388029.0,"Billing,_Shipping"
AP-19319,CUST-12224,"24/25,_Sethi_Circle,_Srikakulam_586599",Srikakulam,Andhra_Pradesh,586599.0,Shipping
KA-19320,CUST-13815,"28/901
Sangha_Chowk
Hosur_549423",Hosur,Tamil_Nadu,549423.0,Shipping
OR-19321,CUST-18469,"787
Bhat_Road
Bilaspur-975517",Bilaspur,Chhattisgarh,975517.0,"Billing,_Shipping"
DL-19322,CUST-15609,"813
Bera_Street
Delhi-928329",Delhi,Delhi_(Union_Territory),928329.0,Billing
TN-19323,CUST-02529,"H.No._261,_Kara_Street,_Pallavaram-528778",Pallavaram,Tamil_Nadu,528778.0,Billing
CG-19324,CUST-05577,"02,_Sandal_Chowk,_Sambalpur_009812",Sambalpur,Odisha,9812.0,Billing
UP-19325,CUST-10635,"H.No._14,_Dasgupta_Chowk
Firozabad-415245",Firozabad,Uttar_Pradesh,415245.0,Billing
OR-19326,CUST-18353,"H.No._97,_Upadhyay_Marg
Kanpur_685095",Kanpur,Uttar_Pradesh,685095.0,Shipping
WB-19329,CUST-10672,"94/254,_Wali_Chowk
Naihati_987196",Naihati,West_Bengal,987196.0,Shipping
WB-19330,CUST-13078,"H.No._799,_Dubey_Nagar
Uluberia_216039",Uluberia,West_Bengal,216039.0,"Billing,_Shipping"
UP-19331,CUST-06771,"81,_Varty_Road,_Ahmedabad_954861",Ahmedabad,Gujarat,954861.0,Shipping
GJ-19332,CUST-07772,"16/679,_Tiwari_Marg,_Allahabad_662804",Allahabad,Uttar_Pradesh,662804.0,Shipping
MH-19333,CUST-07239,"H.No._367,_Jain_Circle,_Karnal_603435",Karnal,Haryana,603435.0,"Billing,_Shipping"
TS-19334,CUST-04350,"93/974
Basu
Proddatur_699911",Proddatur,Andhra_Pradesh,699911.0,Shipping
MH-19335,CUST-13275,"59/95,_Ganesh_Path
Bhiwandi-909962",Bhiwandi,Maharashtra,909962.0,Billing
JH-19336,CUST-07419,"723
Brahmbhatt_Path
Phusro_262329",Phusro,Jharkhand,262329.0,"Billing,_Shipping"
KA-19337,CUST-05544,"H.No._616
Shukla_Zila
Hosur-523990",Hosur,Tamil_Nadu,523990.0,Shipping
UP-19338,CUST-07088,"33,_Chawla_Path,_Raiganj-613172",Raiganj,West_Bengal,613172.0,Billing
CG-19339,CUST-19447,"483,_Lad_Nagar,_Nagpur_751918",Nagpur,Maharashtra,751918.0,Billing
JH-19340,CUST-12647,"42,_Keer_Street,_Mango_454993",Mango,Jharkhand,454993.0,Shipping
WB-19341,CUST-08617,"H.No._150
Rege_Road
Naihati_264069",Naihati,West_Bengal,264069.0,Billing
WB-19342,CUST-11805,"58,_Saha_Path,_Kulti-168211",Kulti,West_Bengal,168211.0,Billing
WB-19343,CUST-02798,"H.No._38
Chandra_Marg
Uluberia_466468",Uluberia,West_Bengal,466468.0,"Billing,_Shipping"
WB-19344,CUST-04563,"721
Garde_Ganj
Naihati-363936",Naihati,West_Bengal,363936.0,Billing
HP-19345,CUST-00285,"37/972,_Ratta_Path,_Udaipur-960133",Udaipur,Rajasthan,960133.0,"Billing,_Shipping"
DL-19346,CUST-15993,"25/11,_Majumdar_Road,_Delhi-331116",Delhi,Delhi_(Union_Territory),331116.0,Shipping
MH-19347,CUST-19297,"500
Saran_Road
Karnal_782874",Karnal,Haryana,782874.0,Shipping
KA-19348,CUST-10478,"29/254,_Solanki_Chowk,_Tumkur-897279",Tumkur,Karnataka,897279.0,Billing
UP-19349,CUST-16854,"H.No._56,_Buch_Marg
Jamalpur_235876",Jamalpur,Bihar,235876.0,"Billing,_Shipping"
RJ-19350,CUST-11403,"898
Chaudhari_Chowk
Akola_365338",Akola,Maharashtra,365338.0,"Billing,_Shipping"
UP-19351,CUST-18301,"130,_Mangat_Road
Jamalpur-168233",Jamalpur,Bihar,168233.0,"Billing,_Shipping"
AP-19352,CUST-11624,"330,_Gupta_Chowk
Anantapuram-983190",Anantapuram,Andhra_Pradesh,983190.0,Billing
DL-19353,CUST-13373,"39
Kar_Ganj
Delhi_768260",Delhi,Delhi_(Union_Territory),768260.0,Billing
UP-19354,CUST-18334,"494,_Dua_Road
Bhagalpur_261530",Bhagalpur,Bihar,261530.0,"Billing,_Shipping"
HR-19355,CUST-11199,"H.No._593,_Bhatti_Ganj
Aurangabad_881983",Aurangabad,Maharashtra,881983.0,Billing
WB-19356,CUST-14606,"853,_Mangat_Chowk
Bidhannagar_210179",Bidhannagar,West_Bengal,210179.0,Billing
WB-19357,CUST-17956,"45,_Apte,_Bally_293958",Bally,West_Bengal,293958.0,Shipping
HP-19358,CUST-18753,"752
Sur_Zila
Udaipur-728378",Udaipur,Rajasthan,728378.0,Billing
TS-19359,CUST-16760,"H.No._075,_Dora_Zila,_Nizamabad-063727",Nizamabad,Telangana,63727.0,"Billing,_Shipping"
MP-19360,CUST-13893,"152,_Chandra_Chowk,_Mau-934767",Mau,Uttar_Pradesh,934767.0,Billing
TS-19361,CUST-04340,"91/906,_Divan_Street,_Srinagar_155404",Srinagar,Jammu_and_Kashmir,155404.0,Shipping
UP-19362,CUST-19626,"H.No._30,_Bedi_Circle,_Muzaffarpur_697011",Muzaffarpur,Bihar,697011.0,"Billing,_Shipping"
AS-19363,CUST-19751,"H.No._43,_Desai_Chowk
Siliguri-377694",Siliguri,West_Bengal,377694.0,Shipping
GJ-19364,CUST-18065,"92/70
Chadha_Zila
Hajipur_346118",Hajipur,Bihar,346118.0,Shipping
UP-19365,CUST-11546,"65/547,_Khatri_Road,_Chapra-550870",Chapra,Bihar,550870.0,Billing
KA-19366,CUST-02351,"07,_Bora_Street
Hospet_902496",Hospet,Karnataka,902496.0,Billing
TS-19367,CUST-17817,"212,_Konda_Nagar,_Srinagar-305074",Srinagar,Jammu_and_Kashmir,305074.0,"Billing,_Shipping"
TN-19368,CUST-10494,"83/55,_Arora_Road
Tiruvottiyur-204354",Tiruvottiyur,Tamil_Nadu,204354.0,Shipping
WB-19369,CUST-12512,"341,_Balan_Chowk,_Madhyamgram-493172",Madhyamgram,West_Bengal,493172.0,Billing
OR-19370,CUST-03246,"59
Mann_Path
Mathura-173023",Mathura,Uttar_Pradesh,173023.0,Billing
WB-19371,CUST-13381,"H.No._87,_Choudhry_Nagar
Arrah-359215",Arrah,Bihar,359215.0,"Billing,_Shipping"
WB-19372,CUST-12154,"H.No._40
Choudhury_Road
Bally-516469",Bally,West_Bengal,516469.0,"Billing,_Shipping"
WB-19373,CUST-13842,"H.No._52,_Chander_Street
Kamarhati-881609",Kamarhati,West_Bengal,881609.0,Billing
WB-19374,CUST-17363,"04/68,_Ram_Path,_Panihati_926943",Panihati,West_Bengal,926943.0,"Billing,_Shipping"
AP-19375,CUST-15926,"771,_Chaudhuri_Path,_Bhimavaram-152715",Bhimavaram,Andhra_Pradesh,152715.0,Shipping
HP-19376,CUST-16402,"58,_Issac_Street,_Udaipur-501870",Udaipur,Rajasthan,501870.0,Shipping
BR-19377,CUST-16647,"26/04,_Deol_Chowk,_Buxar-926368",Buxar,Bihar,926368.0,Billing
OR-19378,CUST-02693,"H.No._004,_Banik_Nagar
Bilaspur_692679",Bilaspur,Chhattisgarh,692679.0,Shipping
TS-19379,CUST-07260,"26,_Arya_Path
Sirsa_504342",Sirsa,Haryana,504342.0,Billing
UP-19380,CUST-05858,"98,_Bhat_Road,_Farrukhabad_484361",Farrukhabad,Uttar_Pradesh,484361.0,"Billing,_Shipping"
HR-19381,CUST-03831,"14/195,_Sur_Road
Bikaner_105699",Bikaner,Rajasthan,105699.0,"Billing,_Shipping"
WB-19382,CUST-09530,"H.No._314
Rege
Naihati_613615",Naihati,West_Bengal,613615.0,"Billing,_Shipping"
MP-19383,CUST-11723,"03/814,_Kadakia_Road,_Kishanganj_469152",Kishanganj,Bihar,469152.0,Shipping
KL-19384,CUST-07395,"H.No._624
Bail_Road
Kollam_108337",Kollam,Kerala,108337.0,"Billing,_Shipping"
MP-19385,CUST-16801,"29/05,_Kaur_Nagar
Mau_298461",Mau,Uttar_Pradesh,298461.0,"Billing,_Shipping"
TN-19386,CUST-13744,"H.No._278,_Gole_Street,_Pali_739162",Pali,Rajasthan,739162.0,Billing
HR-19387,CUST-15363,"H.No._170,_Chadha_Street
Aurangabad-727061",Aurangabad,Maharashtra,727061.0,Shipping
HR-19388,CUST-05387,"26/144,_Chana_Circle,_Bikaner_539054",Bikaner,Rajasthan,539054.0,Billing
BR-19389,CUST-16000,"H.No._040,_Chandra,_Ballia_708508",Ballia,Uttar_Pradesh,708508.0,Billing
TN-19390,CUST-06932,"72,_Sarin_Zila,_Vellore_392955",Vellore,Tamil_Nadu,392955.0,Shipping
CG-19391,CUST-10182,"207,_Cheema
Malda-850145",Malda,West_Bengal,850145.0,"Billing,_Shipping"
MP-19392,CUST-08967,"H.No._736
Chahal_Ganj
Jodhpur_224645",Jodhpur,Rajasthan,224645.0,Shipping
AS-19393,CUST-04151,"460
Bhattacharyya_Marg
Siliguri_479306",Siliguri,West_Bengal,479306.0,Shipping
MP-19394,CUST-14490,"H.No._413,_Shere_Ganj
Agra-267451",Agra,Uttar_Pradesh,267451.0,"Billing,_Shipping"
OR-19395,CUST-16734,"52,_Garg_Street,_Patna_246026",Patna,Bihar,246026.0,"Billing,_Shipping"
TS-19396,CUST-17945,"93
Bumb_Road
Sirsa-784062",Sirsa,Haryana,784062.0,Billing
MP-19397,CUST-17079,"04
Dyal_Ganj
Jalandhar_057068",Jalandhar,Punjab,57068.0,"Billing,_Shipping"
MP-19398,CUST-16187,"496
Sen_Path
Dehri-219701",Dehri,Bihar,219701.0,Shipping
MP-19399,CUST-19955,"279,_Jha_Nagar,_Gopalpur-283500",Gopalpur,Odisha,283500.0,"Billing,_Shipping"
AP-19400,CUST-13494,"95/105
Comar_Marg
Gudivada_262318",Gudivada,Andhra_Pradesh,262318.0,Billing
CG-19401,CUST-12900,"H.No._540,_Kumar_Nagar,_Sagar_968339",Sagar,Madhya_Pradesh,968339.0,Shipping
RJ-19402,CUST-09277,"98,_Ghose_Nagar
Rajkot-777242",Rajkot,Gujarat,777242.0,Shipping
WB-19403,CUST-06073,"83,_Baria_Circle
Madhyamgram-000741",Madhyamgram,West_Bengal,741.0,Billing
MP-19404,CUST-14277,"854
Dixit_Street
Kota-297026",Kota,Rajasthan,297026.0,"Billing,_Shipping"
GJ-19405,CUST-16975,"18/64,_Bumb_Nagar
Vadodara-547804",Vadodara,Gujarat,547804.0,"Billing,_Shipping"
KA-19406,CUST-14347,"94/207
Bajwa_Ganj
Hosur_111087",Hosur,Tamil_Nadu,111087.0,"Billing,_Shipping"
UP-19407,CUST-07561,"430,_Cherian,_Bhagalpur_931387",Bhagalpur,Bihar,931387.0,Billing
TS-19408,CUST-05649,"30/071,_Shroff_Ganj
Hindupur-436796",Hindupur,Andhra_Pradesh,436796.0,"Billing,_Shipping"
HR-19409,CUST-16107,"H.No._34,_Bhardwaj_Zila
Aurangabad-178164",Aurangabad,Maharashtra,178164.0,Billing
MP-19410,CUST-03348,"04,_Saxena_Ganj
Khandwa-299237",Khandwa,Madhya_Pradesh,299237.0,Shipping
MP-19411,CUST-00370,"06/673,_Varkey_Marg,_Unnao_560572",Unnao,Uttar_Pradesh,560572.0,Shipping
MH-19412,CUST-19248,"494,_Ghose_Ganj
Satara_359104",Satara,Maharashtra,359104.0,Shipping
MP-19413,CUST-04516,"523
Butala
Jalandhar-262124",Jalandhar,Punjab,262124.0,Shipping
UP-19414,CUST-00588,"51/678,_Srivastava,_Muzaffarpur-147722",Muzaffarpur,Bihar,147722.0,Shipping
GJ-19415,CUST-15867,"H.No._24,_Ravel_Road
Gandhidham_319285",Gandhidham,Gujarat,319285.0,"Billing,_Shipping"
UP-19416,CUST-07159,"81/579
Ben_Circle
Bhagalpur-210587",Bhagalpur,Bihar,210587.0,Billing
MH-19417,CUST-16163,"H.No._949
Chatterjee_Circle
Nanded_588522",Nanded,Maharashtra,588522.0,Shipping
BR-19418,CUST-04701,"79/02,_Rau_Road
Purnia-277506",Purnia,Bihar,277506.0,"Billing,_Shipping"
KA-19419,CUST-15448,"H.No._293
Krish_Road
Hosur-341715",Hosur,Tamil_Nadu,341715.0,Billing
WB-19420,CUST-03342,"H.No._731,_Dixit
Bhatpara_652335",Bhatpara,West_Bengal,652335.0,Shipping
TS-19421,CUST-18491,"160,_Mand_Circle
Ambala-119653",Ambala,Haryana,119653.0,Billing
WB-19422,CUST-16294,"H.No._85,_Rastogi_Zila
Bidhannagar_991581",Bidhannagar,West_Bengal,991581.0,Shipping
OR-19423,CUST-14047,"H.No._75,_Raju_Chowk,_Anantapur-253988",Anantapur,Andhra_Pradesh,253988.0,"Billing,_Shipping"
TS-19424,CUST-08950,"H.No._553
Chandran_Nagar
Dindigul-425729",Dindigul,Tamil_Nadu,425729.0,Billing
TN-19425,CUST-11696,"86,_Mahal
Tiruppur_670725",Tiruppur,Tamil_Nadu,670725.0,Shipping
WB-19426,CUST-00444,"H.No._05
Zacharia_Marg
Arrah_045004",Arrah,Bihar,45004.0,Shipping
MP-19427,CUST-08956,"00/758
Chana_Path
Indore-331271",Indore,Madhya_Pradesh,331271.0,"Billing,_Shipping"
UP-19428,CUST-12071,"H.No._966,_Kar,_Raiganj-397029",Raiganj,West_Bengal,397029.0,Shipping
MP-19429,CUST-15583,"48
Khosla_Chowk
Gopalpur-432792",Gopalpur,Odisha,432792.0,"Billing,_Shipping"
DL-19430,CUST-15006,"33/74
Tripathi_Ganj
Delhi-305705",Delhi,Delhi_(Union_Territory),305705.0,Shipping
AP-19431,CUST-15834,"H.No._28,_Desai_Ganj,_Bhimavaram-799249",Bhimavaram,Andhra_Pradesh,799249.0,"Billing,_Shipping"
TN-19432,CUST-04813,"H.No._608,_Bhatt_Chowk
Pallavaram_581355",Pallavaram,Tamil_Nadu,581355.0,Shipping
MH-19433,CUST-00805,"H.No._14,_Randhawa_Zila
Karnal-672430",Karnal,Haryana,672430.0,"Billing,_Shipping"
UP-19434,CUST-02724,"H.No._170,_Kibe_Circle
Gurgaon_000944",Gurgaon,Haryana,944.0,Shipping
TS-19435,CUST-07681,"329
Sharaf_Marg
Ambala-106976",Ambala,Haryana,106976.0,Shipping
KA-19436,CUST-01084,"449
Grover_Zila
Amaravati_560370",Amaravati,Andhra_Pradesh,560370.0,"Billing,_Shipping"
OR-19437,CUST-11313,"72/96,_Mammen_Zila
Bharatpur-062497",Bharatpur,Rajasthan,62497.0,"Billing,_Shipping"
UP-19438,CUST-07461,"67/125,_Bumb_Zila,_Muzaffarpur-495828",Muzaffarpur,Bihar,495828.0,Shipping
TR-19439,CUST-13896,"111,_Goda_Path
Durgapur_667815",Durgapur,West_Bengal,667815.0,Shipping
KA-19440,CUST-02476,"662
Bera_Path
Hosur-029158",Hosur,Tamil_Nadu,29158.0,Shipping
AP-19441,CUST-10174,"35/16,_Ben_Road
Anantapuram-999119",Anantapuram,Andhra_Pradesh,999119.0,Shipping
HR-19442,CUST-03364,"97/552
Sood_Street
Aurangabad_166355",Aurangabad,Maharashtra,166355.0,Shipping
UP-19443,CUST-11876,"75/63,_Rastogi_Road,_Karimnagar-300975",Karimnagar,Telangana,300975.0,"Billing,_Shipping"
HR-19444,CUST-05886,"20,_Sachar_Zila,_Siwan-735587",Siwan,Bihar,735587.0,"Billing,_Shipping"
HR-19445,CUST-10476,"H.No._299,_Bahl_Street
Aurangabad-582852",Aurangabad,Maharashtra,582852.0,"Billing,_Shipping"
OR-19446,CUST-06201,"H.No._279
Rau_Marg
Mathura_515796",Mathura,Uttar_Pradesh,515796.0,Billing
OR-19447,CUST-02357,"H.No._331
Kannan_Path
Chandrapur-205990",Chandrapur,Maharashtra,205990.0,Billing
RJ-19448,CUST-15903,"89,_Chatterjee_Road,_Dewas-423991",Dewas,Madhya_Pradesh,423991.0,Billing
MP-19449,CUST-01776,"H.No._049,_Saran_Circle
Ramgarh_829500",Ramgarh,Jharkhand,829500.0,Billing
UP-19450,CUST-12352,"H.No._241,_Master_Nagar
Chapra-033992",Chapra,Bihar,33992.0,Shipping
GJ-19451,CUST-16798,"93/16,_Ahuja_Nagar,_Ajmer-780921",Ajmer,Rajasthan,780921.0,"Billing,_Shipping"
BR-19452,CUST-00434,"H.No._759,_Kalita_Path,_Ballia_331031",Ballia,Uttar_Pradesh,331031.0,Billing
UK-19453,CUST-12510,"73/10,_Mangal_Ganj
Shivpuri_626574",Shivpuri,Madhya_Pradesh,626574.0,Billing
OR-19454,CUST-10506,"62,_Choudhary_Road
Anantapur-618712",Anantapur,Andhra_Pradesh,618712.0,Billing
UP-19455,CUST-10628,"45,_Sarraf_Street,_Raipur-440461",Raipur,Chhattisgarh,440461.0,"Billing,_Shipping"
GJ-19456,CUST-04079,"57/146,_Chaudry_Circle,_Hajipur-920688",Hajipur,Bihar,920688.0,Billing
MP-19457,CUST-15369,"H.No._944,_Kunda_Street,_Agra_198376",Agra,Uttar_Pradesh,198376.0,"Billing,_Shipping"
MH-19458,CUST-12803,"H.No._26
Dugar_Chowk
Satara-014230",Satara,Maharashtra,14230.0,"Billing,_Shipping"
UP-19459,CUST-12815,"H.No._21
Sen_Circle
Muzaffarpur_483010",Muzaffarpur,Bihar,483010.0,"Billing,_Shipping"
MP-19460,CUST-02290,"45,_Mann_Nagar,_Mau_175939",Mau,Uttar_Pradesh,175939.0,Billing
AP-19461,CUST-01844,"H.No._181
Vora_Chowk
Gudivada_614855",Gudivada,Andhra_Pradesh,614855.0,Billing
TS-19462,CUST-08496,"H.No._170
Dara_Nagar
Srinagar_875393",Srinagar,Jammu_and_Kashmir,875393.0,"Billing,_Shipping"
GJ-19463,CUST-09677,"93/910,_Magar_Marg,_Vadodara-724986",Vadodara,Gujarat,724986.0,"Billing,_Shipping"
HR-19464,CUST-15876,"H.No._333,_Sinha_Zila,_Bikaner-921581",Bikaner,Rajasthan,921581.0,Shipping
MH-19465,CUST-08634,"90/82,_Keer_Chowk,_Bhiwandi_066049",Bhiwandi,Maharashtra,66049.0,Shipping
TS-19466,CUST-13114,"76/095,_Vohra_Road
Ambala-273842",Ambala,Haryana,273842.0,Shipping
WB-19467,CUST-17532,"H.No._754,_Shere_Street,_Kulti-293554",Kulti,West_Bengal,293554.0,"Billing,_Shipping"
GJ-19468,CUST-13603,"H.No._86,_Bahri_Circle
Gandhidham-114596",Gandhidham,Gujarat,114596.0,Billing
MH-19469,CUST-17473,"37
Ben_Path
Jalgaon-001078",Jalgaon,Maharashtra,1078.0,"Billing,_Shipping"
HR-19470,CUST-14807,"70/934
Bir_Marg
Aurangabad-092587",Aurangabad,Maharashtra,92587.0,Billing
UP-19471,CUST-18802,"527,_Luthra_Street,_Mirzapur_192913",Mirzapur,Uttar_Pradesh,192913.0,Billing
MH-19472,CUST-05559,"H.No._410,_Gill_Nagar
Yamunanagar_831999",Yamunanagar,Haryana,831999.0,Billing
MP-19473,CUST-10788,"H.No._999
Sastry
Unnao_544999",Unnao,Uttar_Pradesh,544999.0,"Billing,_Shipping"
JH-19474,CUST-11622,"78
Sampath
Asansol_795686",Asansol,West_Bengal,795686.0,Shipping
CG-19475,CUST-17504,"H.No._77,_Dalal_Nagar
Sagar-970488",Sagar,Madhya_Pradesh,970488.0,"Billing,_Shipping"
AP-19476,CUST-10017,"H.No._487,_Chad_Zila,_Dharmavaram_664823",Dharmavaram,Andhra_Pradesh,664823.0,Shipping
UP-19477,CUST-13404,"H.No._677,_Dora_Circle
Shahjahanpur-182315",Shahjahanpur,Uttar_Pradesh,182315.0,Billing
CG-19478,CUST-11440,"730
Sridhar
Bhilai_646647",Bhilai,Chhattisgarh,646647.0,"Billing,_Shipping"
UK-19479,CUST-10076,"061
Bumb_Marg
Jalna-130499",Jalna,Maharashtra,130499.0,Shipping
JH-19480,CUST-04391,"24/31,_Varughese_Marg
Phusro-357241",Phusro,Jharkhand,357241.0,Billing
AP-19481,CUST-07849,"H.No._073,_Mannan_Ganj,_Srikakulam_533650",Srikakulam,Andhra_Pradesh,533650.0,"Billing,_Shipping"
MP-19482,CUST-17634,"H.No._490,_Johal_Street
Jhansi_939206",Jhansi,Uttar_Pradesh,939206.0,Billing
OR-19483,CUST-15184,"H.No._796,_Guha_Chowk
Berhampur_675127",Berhampur,Odisha,675127.0,Billing
TN-19484,CUST-16566,"35/490,_Bath_Marg
Chittoor-017192",Chittoor,Andhra_Pradesh,17192.0,Billing
BR-19485,CUST-19996,"44/802
Lall_Circle
Jaipur_389715",Jaipur,Rajasthan,389715.0,Shipping
TN-19487,CUST-16417,"H.No._50,_Bhatnagar_Zila,_Tiruvottiyur_992254",Tiruvottiyur,Tamil_Nadu,992254.0,Billing
TS-19488,CUST-14154,"40,_Yogi_Chowk,_Nizamabad_411062",Nizamabad,Telangana,411062.0,Shipping
TS-19489,CUST-10800,"65/730
Hayre_Street
Srinagar-332253",Srinagar,Jammu_and_Kashmir,332253.0,Billing
WB-19490,CUST-11643,"H.No._36,_Mani_Street,_Baranagar_077404",Baranagar,West_Bengal,77404.0,Shipping
TN-19491,CUST-05123,"373,_Luthra
Tiruppur_139985",Tiruppur,Tamil_Nadu,139985.0,Shipping
TN-19492,CUST-16834,"698,_Joshi_Street,_Salem_712991",Salem,Tamil_Nadu,712991.0,Billing
OR-19493,CUST-18961,"H.No._755,_Swamy_Ganj,_Danapur_050492",Danapur,Bihar,50492.0,Billing
GJ-19494,CUST-08701,"18/77
Ratta_Circle
Gandhidham-039895",Gandhidham,Gujarat,39895.0,Billing
WB-19495,CUST-09614,"H.No._95
Tara_Ganj
Bhatpara_708645",Bhatpara,West_Bengal,708645.0,"Billing,_Shipping"
OR-19496,CUST-17101,"H.No._46
Thaman_Zila
Kanpur-672657",Kanpur,Uttar_Pradesh,672657.0,Shipping
CG-19497,CUST-10049,"H.No._122,_Kulkarni_Chowk
Sagar_326649",Sagar,Madhya_Pradesh,326649.0,Shipping
BR-19498,CUST-18312,"70/951
Madan_Ganj
Buxar_173861",Buxar,Bihar,173861.0,Billing
GJ-19499,CUST-14761,"814,_Borah_Circle,_Vadodara_832232",Vadodara,Gujarat,832232.0,Shipping
TS-19500,CUST-10273,"H.No._37
Rege_Nagar
Ramagundam_080702",Ramagundam,Telangana,80702.0,Billing
TN-19501,CUST-18129,"87/820,_Korpal_Nagar
Gandhinagar_141842",Gandhinagar,Gujarat,141842.0,Shipping
TS-19502,CUST-18234,"12,_Singhal_Marg,_Hindupur-753146",Hindupur,Andhra_Pradesh,753146.0,"Billing,_Shipping"
UP-19503,CUST-08842,"28,_Samra_Street,_Firozabad_514779",Firozabad,Uttar_Pradesh,514779.0,Shipping
MP-19504,CUST-18947,"H.No._021
Batta_Nagar
Jalandhar_023962",Jalandhar,Punjab,23962.0,Shipping
WB-19505,CUST-19047,"97/420,_Bahl,_Aligarh_872805",Aligarh,Uttar_Pradesh,872805.0,"Billing,_Shipping"
MH-19506,CUST-04866,"99
Zacharia_Chowk
Karnal-133038",Karnal,Haryana,133038.0,Shipping
WB-19507,CUST-08408,"41/06,_Bal_Zila
Kulti_086673",Kulti,West_Bengal,86673.0,"Billing,_Shipping"
OR-19508,CUST-15119,"17
Shetty_Chowk
Bilaspur_945034",Bilaspur,Chhattisgarh,945034.0,Billing
KA-19509,CUST-19771,"71/12,_Gandhi_Street
Amaravati_338823",Amaravati,Andhra_Pradesh,338823.0,Billing
KA-19510,CUST-17401,"337
Bawa_Circle
Hosur-362486",Hosur,Tamil_Nadu,362486.0,Shipping
OR-19511,CUST-15085,"05
Sibal_Marg
Haldia_344094",Haldia,West_Bengal,344094.0,"Billing,_Shipping"
TS-19512,CUST-09968,"01/415,_Sidhu_Street
Nizamabad-082118",Nizamabad,Telangana,82118.0,"Billing,_Shipping"
GJ-19513,CUST-08136,"H.No._33
Mangal_Road
Ajmer-546384",Ajmer,Rajasthan,546384.0,Shipping
WB-19514,CUST-17146,"H.No._603
Rastogi_Zila
Bhatpara_849603",Bhatpara,West_Bengal,849603.0,"Billing,_Shipping"
UP-19515,CUST-18661,"16/821,_Soni_Path
Bhagalpur_247249",Bhagalpur,Bihar,247249.0,Shipping
GJ-19516,CUST-17017,"60/58,_Dugal_Nagar,_Allahabad-593449",Allahabad,Uttar_Pradesh,593449.0,Shipping
OR-19517,CUST-10912,"60/883,_Bedi_Ganj
Bharatpur-334018",Bharatpur,Rajasthan,334018.0,Billing
MP-19518,CUST-19246,"H.No._39,_Trivedi_Chowk
Jodhpur-256271",Jodhpur,Rajasthan,256271.0,Billing
HR-19519,CUST-17107,"H.No._54,_Varma_Ganj,_Siwan-099542",Siwan,Bihar,99542.0,Billing
WB-19521,CUST-05673,"78,_Bahri_Path
Bally_935302",Bally,West_Bengal,935302.0,Shipping
KA-19522,CUST-02003,"42,_Chaudhary_Ganj
Mangalore-059155",Mangalore,Karnataka,59155.0,"Billing,_Shipping"
UP-19523,CUST-18166,"H.No._91,_Brahmbhatt_Nagar
Shahjahanpur-498488",Shahjahanpur,Uttar_Pradesh,498488.0,Shipping
WB-19524,CUST-14809,"656,_Sanghvi
Bidhannagar-304556",Bidhannagar,West_Bengal,304556.0,Shipping
RJ-19525,CUST-19713,"01/847,_Mani_Circle,_Akola_302491",Akola,Maharashtra,302491.0,Shipping
JH-19526,CUST-12487,"50/275
Bhakta_Zila
Phusro-199979",Phusro,Jharkhand,199979.0,Shipping
AP-19527,CUST-10969,"912
Rajan_Road
Jammu-756111",Jammu,Jammu_and_Kashmir,756111.0,Shipping
MP-19528,CUST-10144,"48/527
Soni_Zila
Jalandhar_517726",Jalandhar,Punjab,517726.0,Shipping
TN-19529,CUST-10221,"291,_Malhotra_Street
Salem-785252",Salem,Tamil_Nadu,785252.0,"Billing,_Shipping"
TR-19530,CUST-18030,"H.No._81,_Kata_Chowk,_Durgapur-967038",Durgapur,West_Bengal,967038.0,Billing
TS-19531,CUST-17083,"36,_Chaudhuri_Marg,_Sirsa-218860",Sirsa,Haryana,218860.0,"Billing,_Shipping"
TN-19532,CUST-10583,"03
Sarraf_Nagar
Vellore_159951",Vellore,Tamil_Nadu,159951.0,"Billing,_Shipping"
MP-19533,CUST-06797,"637,_Dave,_Dehri_642778",Dehri,Bihar,642778.0,Billing
KA-19534,CUST-02312,"H.No._688
Rajan_Marg
Tumkur_061151",Tumkur,Karnataka,61151.0,Shipping
TS-19535,CUST-02733,"14,_Sandal_Nagar,_Proddatur_571198",Proddatur,Andhra_Pradesh,571198.0,Billing
OR-19536,CUST-18822,"13/595
Dyal_Street
Bijapur_235277",Bijapur,Karnataka,235277.0,Billing
MP-19537,CUST-03708,"45/99,_Lall_Zila,_Kishanganj_369519",Kishanganj,Bihar,369519.0,Shipping
UK-19538,CUST-11087,"56,_Kata_Zila
Shivpuri_783991",Shivpuri,Madhya_Pradesh,783991.0,Shipping
KA-19539,CUST-12267,"97/35
Samra_Marg
Hospet_697541",Hospet,Karnataka,697541.0,Billing
BR-19540,CUST-02437,"01/648,_Bhagat_Marg
Jaipur-478281",Jaipur,Rajasthan,478281.0,Shipping
UP-19541,CUST-15744,"H.No._654
Kapoor_Circle
Farrukhabad-474186",Farrukhabad,Uttar_Pradesh,474186.0,Shipping
WB-19542,CUST-08227,"07,_Balasubramanian_Chowk
Madhyamgram_170246",Madhyamgram,West_Bengal,170246.0,"Billing,_Shipping"
OR-19543,CUST-11767,"26/90,_Chowdhury_Ganj,_Danapur-802162",Danapur,Bihar,802162.0,"Billing,_Shipping"
GJ-19544,CUST-16241,"19/125
Suri_Zila
Vadodara_517778",Vadodara,Gujarat,517778.0,Shipping
AS-19545,CUST-13662,"H.No._15,_Joshi_Chowk
Bongaigaon_586683",Bongaigaon,Assam,586683.0,Shipping
UP-19546,CUST-16712,"94,_Konda_Nagar,_Mirzapur_281890",Mirzapur,Uttar_Pradesh,281890.0,Shipping
TN-19547,CUST-13132,"84,_Lad_Ganj
Chittoor-554805",Chittoor,Andhra_Pradesh,554805.0,"Billing,_Shipping"
MP-19548,CUST-19222,"31/78,_Lalla_Path,_Mau_580843",Mau,Uttar_Pradesh,580843.0,Shipping
UP-19549,CUST-10180,"04
Kurian_Road
Chapra-505156",Chapra,Bihar,505156.0,Billing
TN-19550,CUST-15418,"39,_Dhillon_Road
Pali-902111",Pali,Rajasthan,902111.0,"Billing,_Shipping"
TR-19551,CUST-05638,"17,_Barad_Road,_Durgapur_286714",Durgapur,West_Bengal,286714.0,Shipping
GJ-19552,CUST-06668,"36,_Hans
Jabalpur_251472",Jabalpur,Madhya_Pradesh,251472.0,Shipping
UP-19553,CUST-16095,"67/75
Khosla_Road
Muzaffarpur-452183",Muzaffarpur,Bihar,452183.0,Billing
OR-19554,CUST-18739,"H.No._23
Ramesh_Nagar
Bharatpur_954612",Bharatpur,Rajasthan,954612.0,Billing
MH-19555,CUST-03898,"816
Joshi
Rampur-229458",Rampur,Uttar_Pradesh,229458.0,Billing
UP-19556,CUST-03897,"23/695,_Chacko_Zila,_Sambhal-095915",Sambhal,Uttar_Pradesh,95915.0,"Billing,_Shipping"
KA-19557,CUST-03294,"203,_Hayer_Circle
Mangalore-533602",Mangalore,Karnataka,533602.0,"Billing,_Shipping"
OR-19558,CUST-01348,"20/803
Ben
Kanpur_723967",Kanpur,Uttar_Pradesh,723967.0,Shipping
MP-19559,CUST-10858,"56/878
Ratta_Nagar
Khandwa_118475",Khandwa,Madhya_Pradesh,118475.0,Shipping
AP-19560,CUST-17349,"04/74
Mahal_Nagar
Gudivada_648086",Gudivada,Andhra_Pradesh,648086.0,Shipping
KA-19561,CUST-10065,"33/15,_Rao_Path
Hospet_999651",Hospet,Karnataka,999651.0,"Billing,_Shipping"
CG-19562,CUST-13535,"868,_Khanna_Street,_Malda_047106",Malda,West_Bengal,47106.0,Billing
MP-19563,CUST-12702,"39/19,_Gandhi
Gopalpur_380843",Gopalpur,Odisha,380843.0,Shipping
OR-19564,CUST-16810,"18/59,_Yohannan_Path,_Bharatpur_854273",Bharatpur,Rajasthan,854273.0,Shipping
MP-19565,CUST-10298,"07/704,_Agarwal_Circle,_Gorakhpur-245071",Gorakhpur,Uttar_Pradesh,245071.0,Shipping
MP-19566,CUST-08234,"H.No._789,_Savant_Road,_Dehri_170299",Dehri,Bihar,170299.0,Shipping
AP-19567,CUST-11944,"H.No._13,_Barad_Circle
Bhimavaram-053465",Bhimavaram,Andhra_Pradesh,53465.0,"Billing,_Shipping"
AS-19568,CUST-04964,"H.No._20,_Sankaran_Marg
Siliguri-464535",Siliguri,West_Bengal,464535.0,"Billing,_Shipping"
OR-19569,CUST-07779,"35/57,_Dhillon_Nagar
Bijapur_132123",Bijapur,Karnataka,132123.0,Billing
UP-19570,CUST-17692,"77/28
Kaur_Marg
Gurgaon-966246",Gurgaon,Haryana,966246.0,Billing
TN-19571,CUST-06703,"H.No._031,_Bhavsar_Circle
Tiruppur_255735",Tiruppur,Tamil_Nadu,255735.0,Billing
UK-19572,CUST-16441,"48,_Dada_Zila
Shivpuri_884118",Shivpuri,Madhya_Pradesh,884118.0,"Billing,_Shipping"
WB-19573,CUST-08918,"H.No._113,_Lall_Ganj,_Bally-460415",Bally,West_Bengal,460415.0,Billing
UP-19574,CUST-09347,"83/26,_Sarkar_Path,_Sambhal-901593",Sambhal,Uttar_Pradesh,901593.0,"Billing,_Shipping"
OR-19575,CUST-05441,"191,_Shankar_Path,_Bharatpur_506526",Bharatpur,Rajasthan,506526.0,Billing
MH-19576,CUST-13551,"68/93,_Choudhry_Marg
Malegaon_948788",Malegaon,Maharashtra,948788.0,"Billing,_Shipping"
GJ-19577,CUST-13525,"H.No._419,_Agate_Ganj
Kavali-297738",Kavali,Andhra_Pradesh,297738.0,"Billing,_Shipping"
UP-19578,CUST-05420,"46/04,_Dasgupta_Path,_Gurgaon_303386",Gurgaon,Haryana,303386.0,Billing
UK-19579,CUST-18330,"H.No._96,_Gola_Nagar
Shivpuri-740098",Shivpuri,Madhya_Pradesh,740098.0,"Billing,_Shipping"
UP-19580,CUST-17519,"H.No._856
Dugar_Zila
Chapra_563860",Chapra,Bihar,563860.0,Billing
MP-19581,CUST-01645,"11/01,_Sodhi_Chowk,_Jodhpur-750574",Jodhpur,Rajasthan,750574.0,Shipping
TN-19582,CUST-06652,"H.No._77
Savant_Ganj
Chittoor_829306",Chittoor,Andhra_Pradesh,829306.0,Shipping
UP-19583,CUST-10567,"31/64
Chatterjee_Chowk
Muzaffarpur_523172",Muzaffarpur,Bihar,523172.0,Shipping
MH-19584,CUST-02780,"H.No._36
Goswami_Path
Nanded-033625",Nanded,Maharashtra,33625.0,Billing
OR-19585,CUST-05373,"372,_Sami_Circle
Bilaspur_666218",Bilaspur,Chhattisgarh,666218.0,Shipping
TS-19586,CUST-13279,"H.No._713,_Garg_Nagar
Ramagundam_217178",Ramagundam,Telangana,217178.0,Billing
OR-19587,CUST-04526,"53,_De_Street
Mathura_659209",Mathura,Uttar_Pradesh,659209.0,Shipping
TR-19588,CUST-03430,"H.No._86,_Mann_Marg,_Durgapur_397420",Durgapur,West_Bengal,397420.0,Shipping
RJ-19589,CUST-10869,"31
Uppal_Nagar
Fatehpur_717464",Fatehpur,Uttar_Pradesh,717464.0,Shipping
CG-19590,CUST-13847,"H.No._181,_Gupta_Path,_Bhilai-632319",Bhilai,Chhattisgarh,632319.0,"Billing,_Shipping"
AP-19591,CUST-15287,"42/389,_Wable_Ganj,_Anantapuram-819717",Anantapuram,Andhra_Pradesh,819717.0,Shipping
WB-19592,CUST-18717,"86/395,_Agate_Path
Naihati_357855",Naihati,West_Bengal,357855.0,"Billing,_Shipping"
MH-19593,CUST-17300,"06/13
Brahmbhatt
Satara_791109",Satara,Maharashtra,791109.0,Billing
UP-19594,CUST-06630,"H.No._145,_Dani_Road,_Farrukhabad-322409",Farrukhabad,Uttar_Pradesh,322409.0,Billing
AP-19595,CUST-08754,"48,_Ramachandran_Street
Anantapuram-623208",Anantapuram,Andhra_Pradesh,623208.0,"Billing,_Shipping"
MP-19596,CUST-09297,"745,_Dass_Path,_Jodhpur-336692",Jodhpur,Rajasthan,336692.0,Shipping
KA-19597,CUST-01166,"744,_Lata_Ganj
Hosur-247796",Hosur,Tamil_Nadu,247796.0,"Billing,_Shipping"
MP-19598,CUST-19027,"257,_Chawla_Chowk
Gopalpur-229215",Gopalpur,Odisha,229215.0,Billing
WB-19599,CUST-13102,"935,_Arya_Chowk,_Baranagar_022478",Baranagar,West_Bengal,22478.0,Billing
MP-19600,CUST-15630,"02/607
Batra_Ganj
Jhansi_800979",Jhansi,Uttar_Pradesh,800979.0,Shipping
AP-19601,CUST-08862,"H.No._347,_Mangal_Road,_Dharmavaram-759994",Dharmavaram,Andhra_Pradesh,759994.0,Shipping
MP-19602,CUST-17201,"936
Joshi_Marg
Kota_754614",Kota,Rajasthan,754614.0,"Billing,_Shipping"
TN-19603,CUST-04178,"75,_Shetty_Path,_Chittoor-576382",Chittoor,Andhra_Pradesh,576382.0,Shipping
TN-19604,CUST-10867,"78/108,_Dayal_Marg,_Tiruvottiyur_844274",Tiruvottiyur,Tamil_Nadu,844274.0,Billing
WB-19605,CUST-12568,"81/891
Virk_Zila
Baranagar-759431",Baranagar,West_Bengal,759431.0,Billing
MP-19606,CUST-05038,"244
Balakrishnan
Unnao-895689",Unnao,Uttar_Pradesh,895689.0,"Billing,_Shipping"
MP-19607,CUST-17826,"H.No._47
Dutt_Path
Jhansi_935451",Jhansi,Uttar_Pradesh,935451.0,"Billing,_Shipping"
MP-19608,CUST-12795,"38/60,_Doctor_Road,_Gorakhpur-822063",Gorakhpur,Uttar_Pradesh,822063.0,Shipping
TN-19609,CUST-14224,"H.No._46,_Kibe_Path,_Chittoor_325582",Chittoor,Andhra_Pradesh,325582.0,"Billing,_Shipping"
UP-19610,CUST-11932,"H.No._197
Dass_Circle
Shahjahanpur_973577",Shahjahanpur,Uttar_Pradesh,973577.0,Billing
TN-19611,CUST-19826,"536
Biswas_Circle
Pali-823634",Pali,Rajasthan,823634.0,Shipping
OR-19612,CUST-19082,"H.No._63
Dave_Nagar
Danapur_561207",Danapur,Bihar,561207.0,Billing
OR-19613,CUST-16887,"31/87,_Chanda
Danapur_766155",Danapur,Bihar,766155.0,Billing
MP-19614,CUST-01118,"61,_Kothari_Nagar
Dehri_882745",Dehri,Bihar,882745.0,"Billing,_Shipping"
AP-19615,CUST-14892,"698,_Rout_Street
Anantapuram-648808",Anantapuram,Andhra_Pradesh,648808.0,Shipping
TN-19616,CUST-19461,"72/42,_Varty_Street,_Pali_956443",Pali,Rajasthan,956443.0,"Billing,_Shipping"
KA-19617,CUST-10154,"82/19
Raju_Nagar
Tumkur-346208",Tumkur,Karnataka,346208.0,"Billing,_Shipping"
UK-19618,CUST-10715,"697,_Raj_Chowk
Shivpuri-208260",Shivpuri,Madhya_Pradesh,208260.0,Billing
TN-19619,CUST-13705,"H.No._735,_Karnik_Ganj
Tiruppur_019762",Tiruppur,Tamil_Nadu,19762.0,"Billing,_Shipping"
TN-19620,CUST-06434,"H.No._36,_Ramaswamy_Street
Tiruvottiyur_957157",Tiruvottiyur,Tamil_Nadu,957157.0,Shipping
HR-19621,CUST-12374,"55,_Issac
Aurangabad_689007",Aurangabad,Maharashtra,689007.0,Shipping
GJ-19622,CUST-17705,"523
Samra_Street
Hajipur_305238",Hajipur,Bihar,305238.0,"Billing,_Shipping"
TN-19623,CUST-13278,"179
Sehgal_Zila
Tiruvottiyur_636725",Tiruvottiyur,Tamil_Nadu,636725.0,"Billing,_Shipping"
OR-19624,CUST-07171,"24
Keer_Street
Kanpur_904805",Kanpur,Uttar_Pradesh,904805.0,"Billing,_Shipping"
AP-19625,CUST-12629,"H.No._386,_Verma_Marg
Gudivada_600266",Gudivada,Andhra_Pradesh,600266.0,Billing
TS-19626,CUST-14053,"248,_Bhattacharyya_Path
Ramagundam_116014",Ramagundam,Telangana,116014.0,Billing
TR-19627,CUST-03062,"77/51
Samra
Chandigarh_050416",Chandigarh,Chandigarh_(Union_Territory),50416.0,Shipping
KA-19628,CUST-19030,"564
Biswas_Chowk
Hosur_284615",Hosur,Tamil_Nadu,284615.0,Billing
MH-19629,CUST-07934,"49,_Issac_Ganj,_Satara_081279",Satara,Maharashtra,81279.0,Shipping
MH-19630,CUST-07075,"H.No._46
Soman_Chowk
Rampur-201347",Rampur,Uttar_Pradesh,201347.0,"Billing,_Shipping"
AP-19631,CUST-13546,"H.No._833
Shroff_Nagar
Jammu_264503",Jammu,Jammu_and_Kashmir,264503.0,Billing
DL-19632,CUST-02018,"132,_Barman_Road,_Delhi-070718",Delhi,Delhi_(Union_Territory),70718.0,"Billing,_Shipping"
JH-19633,CUST-07389,"H.No._15,_Sangha_Road,_Mango_662203",Mango,Jharkhand,662203.0,Billing
OR-19634,CUST-12492,"90/98
Jha_Circle
Anantapur_790880",Anantapur,Andhra_Pradesh,790880.0,Shipping
WB-19635,CUST-05705,"645
Sibal
Bidhannagar-491522",Bidhannagar,West_Bengal,491522.0,Billing
WB-19637,CUST-18441,"36/91,_Goel,_Aligarh-941456",Aligarh,Uttar_Pradesh,941456.0,"Billing,_Shipping"
MH-19638,CUST-04251,"09,_Ramaswamy_Nagar
Karnal-529358",Karnal,Haryana,529358.0,Billing
OR-19639,CUST-12512,"H.No._808,_Tank_Ganj
Mathura-977122",Mathura,Uttar_Pradesh,977122.0,"Billing,_Shipping"
MP-19640,CUST-17481,"650,_Rattan_Zila,_Jodhpur-778276",Jodhpur,Rajasthan,778276.0,"Billing,_Shipping"
HR-19641,CUST-09110,"69/17
Gupta_Nagar
Bikaner-873091",Bikaner,Rajasthan,873091.0,Billing
MP-19642,CUST-17861,"38,_Dugal_Marg
Unnao_560712",Unnao,Uttar_Pradesh,560712.0,Billing
TN-19643,CUST-14643,"71/446,_Dewan_Circle
Tiruppur-168856",Tiruppur,Tamil_Nadu,168856.0,"Billing,_Shipping"
UP-19644,CUST-02049,"55,_Shah_Path,_Ahmedabad-706992",Ahmedabad,Gujarat,706992.0,Shipping
AP-19645,CUST-12717,"40/82
Rege_Circle
Dharmavaram-534651",Dharmavaram,Andhra_Pradesh,534651.0,Shipping
UP-19646,CUST-12711,"93/308
Shetty_Marg
Jamalpur_652489",Jamalpur,Bihar,652489.0,Billing
CG-19647,CUST-11814,"69/56,_Wali_Circle,_Sagar_576721",Sagar,Madhya_Pradesh,576721.0,Shipping
KA-19648,CUST-01644,"00
Srivastava_Street
Hosur-972442",Hosur,Tamil_Nadu,972442.0,Shipping
RJ-19649,CUST-13218,"18,_Sant_Zila
Fatehpur_500260",Fatehpur,Uttar_Pradesh,500260.0,Billing
TS-19650,CUST-15223,"251,_Malhotra_Circle
Hindupur-229033",Hindupur,Andhra_Pradesh,229033.0,"Billing,_Shipping"
AS-19651,CUST-10304,"16/72,_Hari_Nagar
Bongaigaon-931622",Bongaigaon,Assam,931622.0,Billing
CG-19652,CUST-08568,"H.No._16,_Ramesh_Ganj
Malda_971577",Malda,West_Bengal,971577.0,Billing
MH-19653,CUST-18879,"17/55
Rout_Marg
Loni_683970",Loni,Uttar_Pradesh,683970.0,Shipping
CG-19654,CUST-11817,"H.No._81
Wable_Road
Bhilai-945654",Bhilai,Chhattisgarh,945654.0,Billing
MP-19655,CUST-11151,"10/26,_Shah_Chowk
Khandwa_861220",Khandwa,Madhya_Pradesh,861220.0,Shipping
CG-19656,CUST-16568,"H.No._626,_Lad_Street
Sagar-974800",Sagar,Madhya_Pradesh,974800.0,"Billing,_Shipping"
TN-19657,CUST-18658,"H.No._51,_Salvi_Nagar
Gandhinagar-587810",Gandhinagar,Gujarat,587810.0,"Billing,_Shipping"
MP-19658,CUST-08987,"26
Kaul_Circle
Ramgarh_020301",Ramgarh,Jharkhand,20301.0,Billing
MP-19659,CUST-02823,"46
Khurana_Street
Kishanganj-537858",Kishanganj,Bihar,537858.0,"Billing,_Shipping"
TN-19660,CUST-16660,"76,_Bal_Ganj,_Tiruvottiyur-317903",Tiruvottiyur,Tamil_Nadu,317903.0,Shipping
WB-19661,CUST-17510,"99/411,_Bawa_Road
Panihati-186328",Panihati,West_Bengal,186328.0,Billing
TN-19662,CUST-18581,"48,_Cherian_Marg
Gandhinagar_008042",Gandhinagar,Gujarat,8042.0,Billing
WB-19663,CUST-16576,"65,_Kara_Road
Bally-318481",Bally,West_Bengal,318481.0,Billing
BR-19664,CUST-10272,"55/585
Saraf_Chowk
Munger_038009",Munger,Bihar,38009.0,"Billing,_Shipping"
HP-19665,CUST-10857,"H.No._096
Kohli_Street
Udaipur_284630",Udaipur,Rajasthan,284630.0,Billing
KA-19666,CUST-10574,"H.No._966,_Venkataraman_Nagar
Solapur-651256",Solapur,Maharashtra,651256.0,Shipping
TS-19667,CUST-01514,"398,_Dugal_Marg,_Ambala-499806",Ambala,Haryana,499806.0,"Billing,_Shipping"
BR-19668,CUST-16957,"25
Savant_Zila
Ballia-331716",Ballia,Uttar_Pradesh,331716.0,"Billing,_Shipping"
MP-19669,CUST-04476,"H.No._28,_Sekhon_Road,_Jhansi-556272",Jhansi,Uttar_Pradesh,556272.0,Shipping
OR-19670,CUST-14541,"016,_Tata_Zila,_Bijapur_948952",Bijapur,Karnataka,948952.0,Shipping
JH-19671,CUST-10308,"387
Ramaswamy_Nagar
Mango-379375",Mango,Jharkhand,379375.0,"Billing,_Shipping"
KA-19672,CUST-07611,"83,_Ratti_Chowk,_Hospet-614948",Hospet,Karnataka,614948.0,Billing
AP-19673,CUST-05834,"H.No._516,_Dhar_Marg,_Srikakulam-953329",Srikakulam,Andhra_Pradesh,953329.0,Shipping
UP-19674,CUST-18041,"H.No._326,_Sandal_Chowk
Chapra-966984",Chapra,Bihar,966984.0,Shipping
UP-19675,CUST-16253,"21/26,_Krishnamurthy_Marg,_Raiganj_465295",Raiganj,West_Bengal,465295.0,Billing
KA-19676,CUST-08743,"35/269
Sandhu
Hosur_384225",Hosur,Tamil_Nadu,384225.0,"Billing,_Shipping"
BR-19677,CUST-10732,"460
Chana_Zila
Jaipur-139615",Jaipur,Rajasthan,139615.0,Shipping
UP-19678,CUST-18570,"96/65,_Chacko_Ganj,_Firozabad_899486",Firozabad,Uttar_Pradesh,899486.0,Shipping
AP-19679,CUST-13817,"H.No._61
Raj_Street
Srikakulam_276347",Srikakulam,Andhra_Pradesh,276347.0,Shipping
OR-19680,CUST-06115,"H.No._161
Bedi_Marg
Kanpur-623102",Kanpur,Uttar_Pradesh,623102.0,Shipping
WB-19681,CUST-07040,"45,_Sampath_Street,_Madhyamgram_995543",Madhyamgram,West_Bengal,995543.0,"Billing,_Shipping"
GJ-19682,CUST-17439,"05/034,_Kumer_Circle,_Allahabad_406234",Allahabad,Uttar_Pradesh,406234.0,Shipping
BR-19683,CUST-03044,"20,_Bahri_Chowk
Satna-511406",Satna,Madhya_Pradesh,511406.0,Shipping
UP-19684,CUST-03612,"99/955,_Bahl_Zila
Ahmedabad_216586",Ahmedabad,Gujarat,216586.0,Shipping
MP-19685,CUST-12149,"14/676
Srinivas_Chowk
Khandwa-357668",Khandwa,Madhya_Pradesh,357668.0,"Billing,_Shipping"
UP-19686,CUST-05432,"H.No._517,_Venkatesh_Marg,_Burhanpur_035787",Burhanpur,Madhya_Pradesh,35787.0,Shipping
MP-19687,CUST-18154,"H.No._992,_Sengupta_Circle,_Indore-388793",Indore,Madhya_Pradesh,388793.0,"Billing,_Shipping"
CG-19688,CUST-06152,"582
Koshy_Nagar
Sambalpur-979711",Sambalpur,Odisha,979711.0,"Billing,_Shipping"
AP-19689,CUST-19193,"196,_Babu_Ganj
Anantapuram-646254",Anantapuram,Andhra_Pradesh,646254.0,Billing
TS-19690,CUST-19421,"026
Madan_Path
Proddatur_418950",Proddatur,Andhra_Pradesh,418950.0,Shipping
RJ-19691,CUST-12713,"H.No._402
Bhakta_Zila
Dewas_613707",Dewas,Madhya_Pradesh,613707.0,"Billing,_Shipping"
MP-19692,CUST-10838,"97/841
Dasgupta_Nagar
Kishanganj-279343",Kishanganj,Bihar,279343.0,"Billing,_Shipping"
OR-19693,CUST-12247,"22/36,_Hayer_Nagar
Danapur-907785",Danapur,Bihar,907785.0,Billing
OR-19694,CUST-10668,"H.No._702,_Sahni_Ganj,_Mathura-443539",Mathura,Uttar_Pradesh,443539.0,Shipping
TS-19695,CUST-16871,"83
Gara_Nagar
Srinagar_144796",Srinagar,Jammu_and_Kashmir,144796.0,"Billing,_Shipping"
JH-19696,CUST-10087,"557,_Taneja_Path
Asansol_331908",Asansol,West_Bengal,331908.0,"Billing,_Shipping"
CG-19697,CUST-00025,"87/387,_Saxena_Ganj,_Bhilai-730321",Bhilai,Chhattisgarh,730321.0,Shipping
JH-19698,CUST-17451,"H.No._03,_Kaul_Road,_Kharagpur_901148",Kharagpur,West_Bengal,901148.0,"Billing,_Shipping"
UP-19699,CUST-06595,"00/65
Chatterjee_Street
Raipur-933676",Raipur,Chhattisgarh,933676.0,"Billing,_Shipping"
RJ-19700,CUST-19912,"H.No._389,_Vig_Street,_Dewas_920373",Dewas,Madhya_Pradesh,920373.0,Shipping
OR-19701,CUST-02995,"H.No._408,_Dhar_Ganj
Danapur-408665",Danapur,Bihar,408665.0,"Billing,_Shipping"
MP-19702,CUST-17248,"42/62,_Rajagopalan_Marg,_Jhansi-011385",Jhansi,Uttar_Pradesh,11385.0,Billing
WB-19703,CUST-07381,"67,_Arora_Street
Kamarhati_641904",Kamarhati,West_Bengal,641904.0,Shipping
UP-19704,CUST-14946,"85/864,_Sarkar_Zila
Bhagalpur_410358",Bhagalpur,Bihar,410358.0,"Billing,_Shipping"
OR-19705,CUST-09657,"19,_Sibal_Path
Kanpur_842239",Kanpur,Uttar_Pradesh,842239.0,Shipping
MH-19706,CUST-15459,"H.No._847
Chhabra_Marg
Yamunanagar-101212",Yamunanagar,Haryana,101212.0,Billing
AP-19707,CUST-17644,"93/75
Shenoy_Chowk
Dharmavaram-401714",Dharmavaram,Andhra_Pradesh,401714.0,"Billing,_Shipping"
TN-19708,CUST-11098,"H.No._842
Soni_Path
Tiruvottiyur-853145",Tiruvottiyur,Tamil_Nadu,853145.0,Billing
MP-19709,CUST-00661,"73,_Gala_Path
Ramgarh_519184",Ramgarh,Jharkhand,519184.0,"Billing,_Shipping"
MH-19710,CUST-18120,"H.No._75,_Mahal_Zila,_Satara_209706",Satara,Maharashtra,209706.0,"Billing,_Shipping"
BR-19711,CUST-10333,"41,_Samra_Street
Purnia-456320",Purnia,Bihar,456320.0,Billing
OR-19712,CUST-11626,"011,_Halder_Zila,_Chandrapur-920043",Chandrapur,Maharashtra,920043.0,Shipping
UP-19713,CUST-14331,"H.No._649,_Sibal_Road,_Sambhal-142450",Sambhal,Uttar_Pradesh,142450.0,"Billing,_Shipping"
UP-19714,CUST-11908,"H.No._13,_Sethi,_Karimnagar_317306",Karimnagar,Telangana,317306.0,"Billing,_Shipping"
WB-19715,CUST-07945,"H.No._00,_Edwin_Marg
Kamarhati-191291",Kamarhati,West_Bengal,191291.0,Shipping
AS-19716,CUST-18731,"H.No._69,_Shanker_Circle
Siliguri-888297",Siliguri,West_Bengal,888297.0,Billing
TS-19717,CUST-01455,"13/841
Sachdeva_Marg
Nizamabad-355442",Nizamabad,Telangana,355442.0,Shipping
MP-19718,CUST-03340,"H.No._02
Warrior_Zila
Unnao-252428",Unnao,Uttar_Pradesh,252428.0,Billing
OR-19719,CUST-07869,"H.No._79,_Kunda_Street,_Berhampur_760650",Berhampur,Odisha,760650.0,"Billing,_Shipping"
MH-19720,CUST-10140,"41/45,_Verma_Ganj,_Yamunanagar-668939",Yamunanagar,Haryana,668939.0,"Billing,_Shipping"
HP-19721,CUST-01735,"699
Brar
Udaipur_682589",Udaipur,Rajasthan,682589.0,Billing
OR-19722,CUST-01219,"H.No._76
Krishnan_Ganj
Danapur-790499",Danapur,Bihar,790499.0,Shipping
WB-19723,CUST-12394,"H.No._219
Dey_Zila
Bally_678718",Bally,West_Bengal,678718.0,Shipping
WB-19724,CUST-17910,"85/288
Bora_Road
Uluberia_765442",Uluberia,West_Bengal,765442.0,Shipping
BR-19725,CUST-16252,"H.No._138
Sekhon_Nagar
Buxar-238777",Buxar,Bihar,238777.0,Billing
MP-19726,CUST-11873,"H.No._311,_Kumar_Path
Ramgarh-199174",Ramgarh,Jharkhand,199174.0,"Billing,_Shipping"
UP-19727,CUST-01164,"994,_Mani_Chowk,_Shahjahanpur-683644",Shahjahanpur,Uttar_Pradesh,683644.0,Billing
BR-19728,CUST-10656,"H.No._145,_Sule_Circle,_Satna-283624",Satna,Madhya_Pradesh,283624.0,"Billing,_Shipping"
OR-19729,CUST-02430,"H.No._39,_Shenoy_Street
Berhampur_321666",Berhampur,Odisha,321666.0,"Billing,_Shipping"
OR-19730,CUST-12140,"83,_Raman_Zila,_Chandrapur_423579",Chandrapur,Maharashtra,423579.0,Billing
CG-19731,CUST-16817,"170
Luthra_Marg
Sagar_398564",Sagar,Madhya_Pradesh,398564.0,Billing
UP-19732,CUST-14266,"74/91,_Boase_Path,_Muzaffarpur-904977",Muzaffarpur,Bihar,904977.0,"Billing,_Shipping"
CG-19733,CUST-13506,"H.No._03,_Bedi_Nagar,_Bhilai_262121",Bhilai,Chhattisgarh,262121.0,Billing
OR-19734,CUST-13037,"H.No._056,_Karpe_Circle
Anantapur_645500",Anantapur,Andhra_Pradesh,645500.0,Shipping
UP-19735,CUST-08401,"89/91,_Sami_Street
Firozabad_720979",Firozabad,Uttar_Pradesh,720979.0,Billing
MP-19736,CUST-07187,"49/465
Dugal_Zila
Kishanganj-430774",Kishanganj,Bihar,430774.0,Shipping
BR-19738,CUST-18435,"56/966
Dash_Zila
Buxar_274084",Buxar,Bihar,274084.0,"Billing,_Shipping"
TS-19739,CUST-03316,"467,_Kapadia_Circle
Sirsa-585539",Sirsa,Haryana,585539.0,"Billing,_Shipping"
GJ-19740,CUST-12188,"12/674,_Mani_Zila
Hajipur-875653",Hajipur,Bihar,875653.0,Shipping
OR-19741,CUST-12311,"60/48,_Chahal_Marg,_Berhampur-739984",Berhampur,Odisha,739984.0,Billing
MP-19742,CUST-11213,"H.No._362,_Choudhry_Nagar
Ramgarh-852279",Ramgarh,Jharkhand,852279.0,Shipping
GJ-19743,CUST-00890,"47,_Gour_Road
Gandhidham_297617",Gandhidham,Gujarat,297617.0,Billing
TS-19744,CUST-18633,"H.No._13
Iyer_Chowk
Dindigul_987227",Dindigul,Tamil_Nadu,987227.0,"Billing,_Shipping"
MH-19745,CUST-11086,"575
Rama_Ganj
Rampur-826712",Rampur,Uttar_Pradesh,826712.0,Shipping
UP-19746,CUST-14279,"489,_Chad_Circle
Shahjahanpur_031243",Shahjahanpur,Uttar_Pradesh,31243.0,Billing
UK-19748,CUST-12896,"95/25,_Bhatia_Path
Haridwar_648338",Haridwar,Uttarakhand,648338.0,Billing
UP-19749,CUST-15314,"58/08,_Chandra_Marg
Firozabad-519094",Firozabad,Uttar_Pradesh,519094.0,Billing
TN-19750,CUST-07465,"H.No._775,_Singhal_Marg,_Tiruvottiyur_936418",Tiruvottiyur,Tamil_Nadu,936418.0,"Billing,_Shipping"
HP-19751,CUST-11623,"26,_Badami_Zila,_Udaipur-839017",Udaipur,Rajasthan,839017.0,"Billing,_Shipping"
AS-19752,CUST-08638,"67/98
Kakar_Road
Nagaon-327798",Nagaon,Assam,327798.0,Billing
KA-19753,CUST-08252,"77,_Seshadri_Nagar
Tumkur-279524",Tumkur,Karnataka,279524.0,"Billing,_Shipping"
WB-19754,CUST-02854,"H.No._099
Amble_Marg
Baranagar-653962",Baranagar,West_Bengal,653962.0,Billing
AP-19755,CUST-06711,"85/393
Mane_Nagar
Bhimavaram-728966",Bhimavaram,Andhra_Pradesh,728966.0,"Billing,_Shipping"
MP-19756,CUST-10563,"H.No._46,_Wason_Path,_Jodhpur_432060",Jodhpur,Rajasthan,432060.0,Billing
MP-19757,CUST-17467,"817
Roy_Nagar
Gopalpur-727611",Gopalpur,Odisha,727611.0,"Billing,_Shipping"
BR-19758,CUST-09829,"65/28,_Swaminathan_Street
Buxar_136379",Buxar,Bihar,136379.0,Billing
AP-19759,CUST-02541,"20/991,_Bhatnagar_Road
Anantapuram_958877",Anantapuram,Andhra_Pradesh,958877.0,"Billing,_Shipping"
MH-19760,CUST-16810,"H.No._54,_Bose_Path,_Guntur_160543",Guntur,Andhra_Pradesh,160543.0,Shipping
OR-19761,CUST-12875,"14,_Babu_Nagar
Anantapur_751338",Anantapur,Andhra_Pradesh,751338.0,Shipping
WB-19762,CUST-08716,"04,_Tak_Chowk,_Aligarh_383595",Aligarh,Uttar_Pradesh,383595.0,"Billing,_Shipping"
UP-19763,CUST-13807,"87
Jhaveri_Marg
Sambhal_979632",Sambhal,Uttar_Pradesh,979632.0,"Billing,_Shipping"
MH-19764,CUST-03982,"11/09
Chahal_Zila
Karnal_778327",Karnal,Haryana,778327.0,"Billing,_Shipping"
BR-19765,CUST-10860,"63/71
Sehgal_Street
Ballia-104661",Ballia,Uttar_Pradesh,104661.0,"Billing,_Shipping"
KA-19766,CUST-17321,"H.No._837
Ram_Circle
Tumkur-499151",Tumkur,Karnataka,499151.0,"Billing,_Shipping"
OR-19767,CUST-15016,"H.No._089,_Krishnan_Ganj
Chandrapur-325070",Chandrapur,Maharashtra,325070.0,Billing
BR-19768,CUST-11124,"H.No._687,_Bhattacharyya_Nagar,_Jaipur-459304",Jaipur,Rajasthan,459304.0,Shipping
UP-19769,CUST-00395,"H.No._93,_Sidhu_Path,_Farrukhabad-315389",Farrukhabad,Uttar_Pradesh,315389.0,Billing
AP-19770,CUST-09203,"H.No._221,_Goyal_Chowk,_Gudivada-102263",Gudivada,Andhra_Pradesh,102263.0,Billing
MP-19771,CUST-16685,"70
Dora_Marg
Kota-252484",Kota,Rajasthan,252484.0,Billing
TS-19772,CUST-10007,"45/591,_Samra_Ganj
Srinagar-538897",Srinagar,Jammu_and_Kashmir,538897.0,"Billing,_Shipping"
UP-19773,CUST-08413,"H.No._68,_Kakar_Path,_Gurgaon-258236",Gurgaon,Haryana,258236.0,Shipping
BR-19774,CUST-17442,"H.No._929,_Mandal_Zila,_Buxar-074880",Buxar,Bihar,74880.0,Shipping
MP-19777,CUST-03418,"20/320,_Rama_Zila,_Unnao-820361",Unnao,Uttar_Pradesh,820361.0,"Billing,_Shipping"
AP-19778,CUST-14680,"H.No._215
Kala_Circle
Srikakulam-255395",Srikakulam,Andhra_Pradesh,255395.0,"Billing,_Shipping"
OR-19779,CUST-17341,"H.No._44,_Chakraborty_Ganj,_Kanpur_825631",Kanpur,Uttar_Pradesh,825631.0,Shipping
GJ-19780,CUST-02276,"64/939,_Jha_Path
Kavali_516130",Kavali,Andhra_Pradesh,516130.0,Shipping
MP-19781,CUST-08595,"H.No._68,_Cheema_Path
Dehri_537775",Dehri,Bihar,537775.0,"Billing,_Shipping"
MP-19782,CUST-16915,"219,_Mander_Chowk,_Khandwa-766390",Khandwa,Madhya_Pradesh,766390.0,Billing
CG-19783,CUST-13489,"H.No._03,_Keer_Chowk
Sagar_076376",Sagar,Madhya_Pradesh,76376.0,"Billing,_Shipping"
UP-19784,CUST-13104,"27/55
Mander_Chowk
Ahmedabad_900676",Ahmedabad,Gujarat,900676.0,Shipping
TN-19785,CUST-17748,"H.No._43,_Ram_Circle
Chittoor_307705",Chittoor,Andhra_Pradesh,307705.0,Billing
MH-19786,CUST-19243,"25/83,_Sehgal_Road,_Loni-618109",Loni,Uttar_Pradesh,618109.0,Shipping
WB-19787,CUST-17764,"26/17,_Lal_Ganj,_Bally-573173",Bally,West_Bengal,573173.0,Shipping
UP-19788,CUST-11974,"24/03,_Sem
Sambhal-025468",Sambhal,Uttar_Pradesh,25468.0,Shipping
AS-19789,CUST-08556,"901,_Tiwari_Marg
Siliguri-133389",Siliguri,West_Bengal,133389.0,"Billing,_Shipping"
UK-19790,CUST-13521,"50/079,_Khosla_Ganj,_Jalna-678363",Jalna,Maharashtra,678363.0,Billing
CG-19791,CUST-02395,"13,_Dua_Circle
Bhilai_223537",Bhilai,Chhattisgarh,223537.0,Shipping
AP-19792,CUST-12506,"H.No._84
Batra_Ganj
Dharmavaram_485974",Dharmavaram,Andhra_Pradesh,485974.0,Shipping
UP-19793,CUST-12317,"H.No._19,_Gole_Zila,_Farrukhabad-304521",Farrukhabad,Uttar_Pradesh,304521.0,Billing
OR-19794,CUST-09777,"H.No._411,_Ramakrishnan_Zila
Chandrapur-181024",Chandrapur,Maharashtra,181024.0,Billing
UP-19795,CUST-09905,"053,_Trivedi_Circle
Jamalpur_812536",Jamalpur,Bihar,812536.0,Shipping
MP-19796,CUST-10602,"84/49,_Upadhyay_Path
Kishanganj_997750",Kishanganj,Bihar,997750.0,Shipping
AP-19797,CUST-06050,"87
Goda_Road
Dharmavaram_463117",Dharmavaram,Andhra_Pradesh,463117.0,Shipping
UP-19798,CUST-12580,"H.No._47,_Dutta_Circle,_Firozabad-727219",Firozabad,Uttar_Pradesh,727219.0,Shipping
WB-19799,CUST-00630,"73/251,_Tailor_Path
Panihati-418473",Panihati,West_Bengal,418473.0,Shipping
UK-19800,CUST-14136,"75/133
Dar_Road
Shivpuri-306588",Shivpuri,Madhya_Pradesh,306588.0,"Billing,_Shipping"
UP-19801,CUST-09762,"03/94,_Dyal_Circle
Firozabad-819025",Firozabad,Uttar_Pradesh,819025.0,Shipping
MP-19802,CUST-15838,"325
Chaudry_Street
Agra_863360",Agra,Uttar_Pradesh,863360.0,Billing
GJ-19803,CUST-06496,"338,_Toor_Road
Vadodara-989703",Vadodara,Gujarat,989703.0,Shipping
WB-19804,CUST-10155,"07/94,_Gaba_Zila,_Madhyamgram-027118",Madhyamgram,West_Bengal,27118.0,Shipping
OR-19805,CUST-12574,"74/38,_Divan,_Mathura_424143",Mathura,Uttar_Pradesh,424143.0,Billing
UK-19806,CUST-11945,"11
Tak_Zila
Shivpuri-627879",Shivpuri,Madhya_Pradesh,627879.0,Billing
MH-19807,CUST-08041,"H.No._887
Dara_Path
Guntur-262444",Guntur,Andhra_Pradesh,262444.0,Billing
HP-19808,CUST-12846,"33,_Lall
Udaipur-592662",Udaipur,Rajasthan,592662.0,"Billing,_Shipping"
HR-19809,CUST-17130,"H.No._70,_Gopal_Zila
Aurangabad-741302",Aurangabad,Maharashtra,741302.0,Billing
UP-19810,CUST-11329,"07
Randhawa_Nagar
Chapra-129745",Chapra,Bihar,129745.0,Shipping
JH-19811,CUST-00461,"10/43
Dugar_Path
Phusro_509387",Phusro,Jharkhand,509387.0,Billing
TN-19812,CUST-18534,"H.No._76
Wali_Road
Tiruvottiyur-113684",Tiruvottiyur,Tamil_Nadu,113684.0,Shipping
MP-19813,CUST-18583,"H.No._23,_Vig_Zila,_Gopalpur-109714",Gopalpur,Odisha,109714.0,Billing
KA-19814,CUST-11716,"H.No._052
Goel_Chowk
Solapur-774979",Solapur,Maharashtra,774979.0,Shipping
WB-19815,CUST-19799,"425,_Desai_Ganj,_Panihati-831696",Panihati,West_Bengal,831696.0,"Billing,_Shipping"
AP-19816,CUST-12942,"917,_Dua_Street,_Dharmavaram-270531",Dharmavaram,Andhra_Pradesh,270531.0,Billing
GJ-19817,CUST-13207,"H.No._815
Dugal_Road
Ajmer_588816",Ajmer,Rajasthan,588816.0,"Billing,_Shipping"
WB-19818,CUST-16785,"251,_Loke_Path,_Bally_622732",Bally,West_Bengal,622732.0,Billing
RJ-19819,CUST-16197,"36/090,_Chawla_Path
Rajkot-412825",Rajkot,Gujarat,412825.0,"Billing,_Shipping"
KL-19820,CUST-08438,"H.No._276,_Garg,_Kollam-707328",Kollam,Kerala,707328.0,"Billing,_Shipping"
MP-19821,CUST-12910,"387,_Mani_Nagar,_Kishanganj-172038",Kishanganj,Bihar,172038.0,Shipping
UP-19822,CUST-11197,"91/194,_Bail_Chowk
Burhanpur_994416",Burhanpur,Madhya_Pradesh,994416.0,Shipping
WB-19823,CUST-18815,"H.No._77,_Majumdar_Path
Bhatpara-901237",Bhatpara,West_Bengal,901237.0,Shipping
WB-19824,CUST-10394,"26/071,_Kashyap_Street,_Baranagar_100578",Baranagar,West_Bengal,100578.0,Shipping
JH-19825,CUST-00814,"H.No._16,_Ray_Ganj,_Phusro-333977",Phusro,Jharkhand,333977.0,Shipping
CG-19826,CUST-04062,"77/642,_Thaman_Street
Sambalpur_830373",Sambalpur,Odisha,830373.0,"Billing,_Shipping"
OR-19827,CUST-11036,"19/840
Varma_Zila
Patna-993150",Patna,Bihar,993150.0,"Billing,_Shipping"
OR-19828,CUST-17171,"H.No._126,_Issac_Chowk,_Berhampur-336016",Berhampur,Odisha,336016.0,Billing
MH-19829,CUST-11902,"39/59,_Venkataraman_Marg
Malegaon-387414",Malegaon,Maharashtra,387414.0,Billing
WB-19830,CUST-13857,"H.No._78,_Kumar_Road,_Naihati_975273",Naihati,West_Bengal,975273.0,Billing
MH-19831,CUST-18861,"45,_Rajagopal_Chowk
Rampur_794070",Rampur,Uttar_Pradesh,794070.0,"Billing,_Shipping"
UP-19833,CUST-15562,"82
Agate_Road
Bhagalpur_150327",Bhagalpur,Bihar,150327.0,"Billing,_Shipping"
OR-19834,CUST-00363,"H.No._41,_Ahuja_Path
Haldia-677060",Haldia,West_Bengal,677060.0,Billing
WB-19835,CUST-13737,"745,_Gole_Road
Arrah_859507",Arrah,Bihar,859507.0,Shipping
GJ-19836,CUST-00036,"21/242,_Kari_Circle,_Ajmer_518374",Ajmer,Rajasthan,518374.0,Shipping
UP-19837,CUST-17186,"H.No._232,_Ramakrishnan_Zila,_Sambhal-662795",Sambhal,Uttar_Pradesh,662795.0,"Billing,_Shipping"
OR-19838,CUST-00790,"H.No._494,_De_Chowk,_Mathura-013556",Mathura,Uttar_Pradesh,13556.0,Shipping
OR-19839,CUST-10564,"57/399,_Sura_Circle,_Bharatpur_881961",Bharatpur,Rajasthan,881961.0,Shipping
AS-19840,CUST-11015,"661,_Shenoy_Chowk
Siliguri_308981",Siliguri,West_Bengal,308981.0,Shipping
AP-19841,CUST-11087,"H.No._16,_Verma_Zila,_Dharmavaram_597690",Dharmavaram,Andhra_Pradesh,597690.0,"Billing,_Shipping"
RJ-19842,CUST-18354,"56/980,_Vig_Chowk
Dewas_034834",Dewas,Madhya_Pradesh,34834.0,Shipping
GJ-19843,CUST-12054,"45
Seshadri_Road
Allahabad_587025",Allahabad,Uttar_Pradesh,587025.0,Billing
UP-19844,CUST-11372,"43/50,_Ramachandran_Road
Jamalpur_656081",Jamalpur,Bihar,656081.0,Shipping
WB-19845,CUST-17025,"H.No._380,_Datta_Zila
Aligarh-099498",Aligarh,Uttar_Pradesh,99498.0,Shipping
BR-19846,CUST-09834,"H.No._359,_Kapoor_Zila
Jaipur-499109",Jaipur,Rajasthan,499109.0,Billing
BR-19847,CUST-10817,"H.No._94
Kadakia_Road
Buxar-629729",Buxar,Bihar,629729.0,Billing
MP-19848,CUST-17825,"51,_Tank_Nagar,_Dehri_117316",Dehri,Bihar,117316.0,"Billing,_Shipping"
AS-19849,CUST-05415,"H.No._18,_Chauhan_Path
Bongaigaon_974815",Bongaigaon,Assam,974815.0,"Billing,_Shipping"
UP-19850,CUST-14472,"780
Golla_Ganj
Burhanpur_212326",Burhanpur,Madhya_Pradesh,212326.0,Shipping
BR-19851,CUST-01023,"H.No._18
Dyal_Street
Satna-488038",Satna,Madhya_Pradesh,488038.0,Shipping
KA-19852,CUST-01328,"H.No._640,_Jain_Nagar,_Tumkur-741929",Tumkur,Karnataka,741929.0,"Billing,_Shipping"
GJ-19853,CUST-19221,"39/836
Gera
Allahabad_174388",Allahabad,Uttar_Pradesh,174388.0,Shipping
MP-19854,CUST-15056,"23
Singhal
Mau_548228",Mau,Uttar_Pradesh,548228.0,Billing
GJ-19855,CUST-19947,"817
Dayal_Chowk
Allahabad_257028",Allahabad,Uttar_Pradesh,257028.0,"Billing,_Shipping"
AP-19856,CUST-17178,"24/08,_Baria_Chowk,_Dharmavaram_219202",Dharmavaram,Andhra_Pradesh,219202.0,Shipping
TS-19857,CUST-18006,"H.No._015,_Dhar_Zila,_Ramagundam-116847",Ramagundam,Telangana,116847.0,Shipping
AP-19858,CUST-16421,"99/301,_Bhargava_Circle,_Dharmavaram_985205",Dharmavaram,Andhra_Pradesh,985205.0,Billing
UP-19859,CUST-17955,"82,_Cheema_Zila,_Burhanpur-656656",Burhanpur,Madhya_Pradesh,656656.0,"Billing,_Shipping"
BR-19860,CUST-15658,"680,_Bhavsar_Nagar,_Buxar_835646",Buxar,Bihar,835646.0,"Billing,_Shipping"
AS-19861,CUST-10927,"17,_Sama_Nagar,_Nagaon-886174",Nagaon,Assam,886174.0,Billing
CG-19862,CUST-19237,"H.No._529,_Edwin_Zila,_Sagar-422742",Sagar,Madhya_Pradesh,422742.0,Billing
MH-19863,CUST-08653,"H.No._58
Madan_Ganj
Yamunanagar_452563",Yamunanagar,Haryana,452563.0,Shipping
GJ-19864,CUST-17063,"H.No._71,_Balay
Hajipur-646799",Hajipur,Bihar,646799.0,Billing
BR-19865,CUST-04143,"38/706,_Bhatia_Ganj,_Buxar_124075",Buxar,Bihar,124075.0,Billing
MP-19866,CUST-10597,"H.No._600,_Sura_Zila
Ramgarh-659126",Ramgarh,Jharkhand,659126.0,Billing
HR-19867,CUST-06072,"H.No._253,_Dhawan_Road
Siwan-423589",Siwan,Bihar,423589.0,Billing
HR-19868,CUST-19624,"08
Sandhu_Circle
Aurangabad-735052",Aurangabad,Maharashtra,735052.0,Shipping
TN-19869,CUST-16860,"H.No._698,_Char_Nagar
Pallavaram_601171",Pallavaram,Tamil_Nadu,601171.0,"Billing,_Shipping"
MH-19870,CUST-08505,"H.No._034
Mannan_Nagar
Satara-942353",Satara,Maharashtra,942353.0,Shipping
WB-19871,CUST-11866,"H.No._423,_Bawa_Circle,_Kulti-075190",Kulti,West_Bengal,75190.0,Billing
MP-19872,CUST-03261,"21/869,_Hari_Ganj
Gorakhpur_273920",Gorakhpur,Uttar_Pradesh,273920.0,Billing
WB-19873,CUST-15046,"40,_Kalita_Ganj,_Kamarhati_755575",Kamarhati,West_Bengal,755575.0,"Billing,_Shipping"
UP-19874,CUST-01252,"09,_Kothari_Circle,_Gurgaon-488346",Gurgaon,Haryana,488346.0,Billing
GJ-19875,CUST-16755,"89/82
Sankaran_Nagar
Allahabad_829918",Allahabad,Uttar_Pradesh,829918.0,"Billing,_Shipping"
OR-19876,CUST-05639,"H.No._849,_Sur_Path,_Bilaspur_605924",Bilaspur,Chhattisgarh,605924.0,Shipping
AP-19877,CUST-04017,"94/933,_Chander_Road,_Bhimavaram_172612",Bhimavaram,Andhra_Pradesh,172612.0,"Billing,_Shipping"
MP-19878,CUST-17463,"46/751,_Sur_Road
Ramgarh_060988",Ramgarh,Jharkhand,60988.0,Billing
MP-19879,CUST-18284,"H.No._224,_Warrior_Street,_Khandwa_452020",Khandwa,Madhya_Pradesh,452020.0,Shipping
KA-19880,CUST-12424,"55/57,_Balay_Zila,_Mangalore-638640",Mangalore,Karnataka,638640.0,"Billing,_Shipping"
BR-19881,CUST-19692,"73,_Dhillon_Road,_Buxar-728559",Buxar,Bihar,728559.0,"Billing,_Shipping"
GJ-19882,CUST-14467,"H.No._285,_Kale_Road
Hajipur-842589",Hajipur,Bihar,842589.0,"Billing,_Shipping"
BR-19883,CUST-00676,"14,_Sami_Road
Munger-263225",Munger,Bihar,263225.0,Shipping
OR-19884,CUST-16837,"H.No._63
Chander_Chowk
Chandrapur-294609",Chandrapur,Maharashtra,294609.0,"Billing,_Shipping"
WB-19885,CUST-01795,"29/89
Ranganathan_Zila
Panihati_257903",Panihati,West_Bengal,257903.0,"Billing,_Shipping"
TN-19886,CUST-15354,"865,_Desai_Nagar,_Tiruppur-510014",Tiruppur,Tamil_Nadu,510014.0,Billing
GJ-19887,CUST-10028,"46/37,_Singhal_Marg
Ajmer-798057",Ajmer,Rajasthan,798057.0,Shipping
MP-19888,CUST-06298,"H.No._95,_Ahluwalia_Chowk
Jhansi-123838",Jhansi,Uttar_Pradesh,123838.0,Billing
BR-19889,CUST-02110,"H.No._226
Vala_Ganj
Satna_171317",Satna,Madhya_Pradesh,171317.0,Shipping
TN-19890,CUST-05077,"491,_Barad_Chowk,_Chittoor-869532",Chittoor,Andhra_Pradesh,869532.0,"Billing,_Shipping"
GJ-19891,CUST-05063,"88/15,_Aggarwal_Street,_Ajmer-601693",Ajmer,Rajasthan,601693.0,Billing
UK-19892,CUST-18842,"20,_Taneja_Path,_Jalna-775848",Jalna,Maharashtra,775848.0,Shipping
WB-19893,CUST-11657,"36/71
Sarma_Nagar
Bhatpara-131896",Bhatpara,West_Bengal,131896.0,Billing
CG-19894,CUST-01365,"95/666,_Bala_Path,_Malda-380068",Malda,West_Bengal,380068.0,Billing
TS-19895,CUST-19190,"H.No._78,_Sani_Street
Dindigul-967926",Dindigul,Tamil_Nadu,967926.0,Billing
OR-19896,CUST-06538,"12,_Mallick_Road,_Bijapur_057328",Bijapur,Karnataka,57328.0,"Billing,_Shipping"
TS-19897,CUST-05396,"H.No._603
Rege_Nagar
Dindigul-504030",Dindigul,Tamil_Nadu,504030.0,Billing
KL-19898,CUST-11774,"H.No._89,_Lala_Road
Kollam-186382",Kollam,Kerala,186382.0,Billing
CG-19899,CUST-01875,"370,_Shere_Nagar
Sagar-448810",Sagar,Madhya_Pradesh,448810.0,Shipping
TS-19900,CUST-05600,"724,_Thaman,_Hindupur-515680",Hindupur,Andhra_Pradesh,515680.0,"Billing,_Shipping"
AP-19901,CUST-09897,"H.No._45
Chauhan_Zila
Anantapuram_499903",Anantapuram,Andhra_Pradesh,499903.0,Shipping
WB-19902,CUST-11613,"H.No._119,_Randhawa_Road
Bhatpara-483599",Bhatpara,West_Bengal,483599.0,Shipping
OR-19903,CUST-06636,"H.No._039
Basu_Nagar
Bijapur_090966",Bijapur,Karnataka,90966.0,"Billing,_Shipping"
OR-19904,CUST-11693,"31/73,_Chana_Ganj,_Bilaspur_561769",Bilaspur,Chhattisgarh,561769.0,Shipping
GJ-19905,CUST-07339,"726,_Sane_Ganj,_Hajipur-600157",Hajipur,Bihar,600157.0,Billing
MP-19906,CUST-01358,"35/76
Singhal_Path
Unnao_102775",Unnao,Uttar_Pradesh,102775.0,Shipping
GJ-19907,CUST-03624,"63/68,_Kant_Circle
Kavali-571963",Kavali,Andhra_Pradesh,571963.0,Shipping
OR-19908,CUST-09813,"41/938,_Bora_Circle,_Kanpur-364244",Kanpur,Uttar_Pradesh,364244.0,"Billing,_Shipping"
CG-19909,CUST-10004,"H.No._861,_Tripathi_Zila
Bhilai-809766",Bhilai,Chhattisgarh,809766.0,Billing
OR-19910,CUST-17058,"36/073
Raval_Marg
Danapur-155086",Danapur,Bihar,155086.0,Shipping
MP-19911,CUST-06001,"29/056,_Chauhan_Marg
Jhansi_179572",Jhansi,Uttar_Pradesh,179572.0,Shipping
UP-19912,CUST-10759,"H.No._595,_Gala_Path,_Mirzapur_280158",Mirzapur,Uttar_Pradesh,280158.0,Shipping
UP-19913,CUST-12774,"H.No._58,_Bose_Marg
Raipur_823798",Raipur,Chhattisgarh,823798.0,Billing
AS-19914,CUST-18695,"28/80,_Choudhary_Street,_Bongaigaon-787777",Bongaigaon,Assam,787777.0,Billing
WB-19915,CUST-15982,"H.No._14,_Sidhu_Zila
Uluberia-842598",Uluberia,West_Bengal,842598.0,"Billing,_Shipping"
WB-19916,CUST-00031,"H.No._39
Hegde_Ganj
Bhatpara-756042",Bhatpara,West_Bengal,756042.0,Shipping
MP-19917,CUST-17269,"83
Tata_Marg
Dehri_925869",Dehri,Bihar,925869.0,"Billing,_Shipping"
DL-19918,CUST-11188,"29/38,_Hegde_Marg
Delhi-827219",Delhi,Delhi_(Union_Territory),827219.0,Shipping
WB-19919,CUST-11973,"03/96,_Grewal_Nagar
Panihati-927646",Panihati,West_Bengal,927646.0,"Billing,_Shipping"
MP-19920,CUST-02726,"69/963,_Ramaswamy_Chowk,_Dehri_455394",Dehri,Bihar,455394.0,Billing
KA-19922,CUST-12448,"41/01,_Date_Street
Solapur-886863",Solapur,Maharashtra,886863.0,"Billing,_Shipping"
JH-19923,CUST-17988,"H.No._490,_Lanka_Ganj
Mango_705478",Mango,Jharkhand,705478.0,Shipping
TS-19924,CUST-04160,"H.No._740
Balasubramanian_Zila
Proddatur-451673",Proddatur,Andhra_Pradesh,451673.0,"Billing,_Shipping"
TR-19925,CUST-19161,"H.No._59,_Khalsa_Zila
Chandigarh_462640",Chandigarh,Chandigarh_(Union_Territory),462640.0,Shipping
UP-19926,CUST-11862,"12/49,_Bhat_Path
Firozabad_375687",Firozabad,Uttar_Pradesh,375687.0,"Billing,_Shipping"
TR-19927,CUST-06286,"81/624
Koshy_Street
Durgapur_750315",Durgapur,West_Bengal,750315.0,Billing
MP-19928,CUST-12654,"H.No._136
Batra
Dehri-343430",Dehri,Bihar,343430.0,Shipping
BR-19929,CUST-12352,"29/590
Swamy_Road
Buxar-420557",Buxar,Bihar,420557.0,Billing
MP-19930,CUST-13931,"H.No._667,_Lall_Marg,_Kishanganj-696771",Kishanganj,Bihar,696771.0,Shipping
UP-19931,CUST-08359,"H.No._989
Choudhury_Path
Chapra-740207",Chapra,Bihar,740207.0,Shipping
WB-19932,CUST-10217,"H.No._573
Sinha_Ganj
Arrah-084613",Arrah,Bihar,84613.0,"Billing,_Shipping"
UK-19933,CUST-13345,"49/849,_Deol_Chowk,_Jalna-506762",Jalna,Maharashtra,506762.0,Shipping
HR-19934,CUST-00394,"H.No._73
Dhar_Path
Siwan-844218",Siwan,Bihar,844218.0,Billing
GJ-19935,CUST-10446,"94/64
Vohra_Marg
Gandhidham_430393",Gandhidham,Gujarat,430393.0,Billing
RJ-19936,CUST-17799,"138
Balasubramanian_Marg
Dewas-146502",Dewas,Madhya_Pradesh,146502.0,Shipping
TN-19937,CUST-12532,"H.No._309,_Jaggi_Circle
Vellore-706150",Vellore,Tamil_Nadu,706150.0,"Billing,_Shipping"
CG-19938,CUST-18778,"419,_Bhagat_Path,_Nagpur-266344",Nagpur,Maharashtra,266344.0,Billing
UP-19939,CUST-10014,"61,_Thaman_Path,_Mirzapur_349725",Mirzapur,Uttar_Pradesh,349725.0,Billing
JH-19940,CUST-19709,"49/65
Dani_Ganj
Mango-309956",Mango,Jharkhand,309956.0,Billing
GJ-19941,CUST-01025,"H.No._316,_Subramanian_Nagar,_Jabalpur_162110",Jabalpur,Madhya_Pradesh,162110.0,Shipping
WB-19942,CUST-16664,"82/85,_Salvi_Marg,_Madhyamgram-903778",Madhyamgram,West_Bengal,903778.0,Billing
TN-19943,CUST-10252,"22,_Aurora_Nagar
Vellore_328520",Vellore,Tamil_Nadu,328520.0,Billing
UK-19944,CUST-10030,"58/79,_Dey_Street
Haridwar_366887",Haridwar,Uttarakhand,366887.0,Shipping
HR-19945,CUST-18674,"H.No._25,_Chakraborty_Nagar,_Bikaner_968419",Bikaner,Rajasthan,968419.0,Shipping
TN-19946,CUST-11243,"H.No._64,_Bora_Chowk,_Avadi-048855",Avadi,Tamil_Nadu,48855.0,"Billing,_Shipping"
GJ-19947,CUST-11730,"H.No._05
Goswami_Nagar
Allahabad-253587",Allahabad,Uttar_Pradesh,253587.0,"Billing,_Shipping"
OR-19948,CUST-15314,"15,_Gera_Ganj
Patna_511244",Patna,Bihar,511244.0,Billing
AP-19949,CUST-15360,"H.No._94
Walla_Nagar
Anantapuram_539194",Anantapuram,Andhra_Pradesh,539194.0,"Billing,_Shipping"
MP-19950,CUST-14608,"68/15,_Dhingra,_Jalandhar-235043",Jalandhar,Punjab,235043.0,Shipping
TN-19951,CUST-10310,"35,_Devan_Zila
Gandhinagar-663126",Gandhinagar,Gujarat,663126.0,Shipping
MH-19952,CUST-18357,"244
Srinivasan_Ganj
Rampur-605634",Rampur,Uttar_Pradesh,605634.0,Billing
RJ-19953,CUST-00097,"H.No._62,_Atwal_Circle
Fatehpur_188909",Fatehpur,Uttar_Pradesh,188909.0,Billing
BR-19954,CUST-17005,"47/58
Sangha_Nagar
Purnia_033837",Purnia,Bihar,33837.0,Shipping
RJ-19955,CUST-11417,"38
Bumb_Circle
Akola_380523",Akola,Maharashtra,380523.0,Shipping
WB-19956,CUST-15280,"840,_Sheth,_Kulti-255637",Kulti,West_Bengal,255637.0,Billing
BR-19957,CUST-16571,"32/069,_Mani_Street,_Jaipur-262823",Jaipur,Rajasthan,262823.0,Billing
TR-19958,CUST-19282,"11/61
Dash_Chowk
Durgapur-148677",Durgapur,West_Bengal,148677.0,Shipping
MP-19959,CUST-16418,"44/22,_Devi_Chowk
Unnao_880864",Unnao,Uttar_Pradesh,880864.0,Shipping
UP-19960,CUST-05000,"53/68,_Verma_Chowk
Gurgaon-342119",Gurgaon,Haryana,342119.0,Billing
MH-19961,CUST-12507,"89/88,_Dhillon_Zila,_Loni-795347",Loni,Uttar_Pradesh,795347.0,Billing
AP-19962,CUST-12652,"06/997,_Bhakta_Nagar
Anantapuram_489008",Anantapuram,Andhra_Pradesh,489008.0,"Billing,_Shipping"
WB-19963,CUST-19081,"09/502,_Gara_Path,_Bhatpara_669183",Bhatpara,West_Bengal,669183.0,"Billing,_Shipping"
UK-19964,CUST-13239,"43,_Savant_Chowk
Jalna-732369",Jalna,Maharashtra,732369.0,Shipping
TS-19965,CUST-07879,"60/58,_Balakrishnan_Circle
Proddatur-665392",Proddatur,Andhra_Pradesh,665392.0,Billing
WB-19966,CUST-17449,"H.No._436
Bobal_Nagar
Kulti-396696",Kulti,West_Bengal,396696.0,"Billing,_Shipping"
JH-19967,CUST-04845,"920
Bumb_Zila
Phusro-783561",Phusro,Jharkhand,783561.0,"Billing,_Shipping"
OR-19968,CUST-05329,"13,_Srinivasan_Nagar
Bharatpur_138218",Bharatpur,Rajasthan,138218.0,Shipping
GJ-19969,CUST-00177,"118,_Deep_Marg
Kavali-795019",Kavali,Andhra_Pradesh,795019.0,Billing
GJ-19970,CUST-12689,"H.No._806
Maharaj_Street
Vadodara-205127",Vadodara,Gujarat,205127.0,Shipping
MP-19971,CUST-14485,"83/179,_Solanki_Zila
Agra_817160",Agra,Uttar_Pradesh,817160.0,"Billing,_Shipping"
TS-19972,CUST-00919,"91/25,_Shroff_Chowk
Dindigul-745043",Dindigul,Tamil_Nadu,745043.0,"Billing,_Shipping"
JH-19973,CUST-00922,"72/13,_Hegde_Street,_Asansol_129639",Asansol,West_Bengal,129639.0,Shipping
MP-19974,CUST-14511,"88/562,_Yohannan_Nagar
Khandwa_009113",Khandwa,Madhya_Pradesh,9113.0,Shipping
TS-19975,CUST-14438,"39/38,_Toor_Circle
Proddatur_192212",Proddatur,Andhra_Pradesh,192212.0,"Billing,_Shipping"
AP-19976,CUST-15403,"H.No._16,_Datta_Ganj,_Dharmavaram_980120",Dharmavaram,Andhra_Pradesh,980120.0,Billing
BR-19977,CUST-15006,"144,_Upadhyay_Road
Purnia-449862",Purnia,Bihar,449862.0,"Billing,_Shipping"
TN-19978,CUST-11947,"42/31,_Ramaswamy_Marg,_Vellore_424526",Vellore,Tamil_Nadu,424526.0,"Billing,_Shipping"
MH-19979,CUST-00483,"H.No._164
Babu_Circle
Jalgaon-074746",Jalgaon,Maharashtra,74746.0,"Billing,_Shipping"
OR-19980,CUST-18918,"38/40,_Dara_Chowk,_Danapur-748144",Danapur,Bihar,748144.0,Billing
UK-19981,CUST-02385,"H.No._75,_Mane_Road,_Shivpuri-486738",Shivpuri,Madhya_Pradesh,486738.0,Shipping
UK-19982,CUST-13381,"H.No._199,_Sachdev_Road
Haridwar_845096",Haridwar,Uttarakhand,845096.0,"Billing,_Shipping"
TN-19983,CUST-14702,"05
Bumb_Zila
Chittoor_499199",Chittoor,Andhra_Pradesh,499199.0,"Billing,_Shipping"
TS-19984,CUST-08361,"776,_Chander_Circle,_Ramagundam-723105",Ramagundam,Telangana,723105.0,"Billing,_Shipping"
TN-19985,CUST-02373,"H.No._883
Wali_Nagar
Gandhinagar_730463",Gandhinagar,Gujarat,730463.0,Shipping
HR-19986,CUST-17949,"140,_Gill_Circle
Bikaner-323665",Bikaner,Rajasthan,323665.0,Billing
TN-19987,CUST-02293,"24/862,_Karan_Path
Gandhinagar_653790",Gandhinagar,Gujarat,653790.0,Billing
AP-19988,CUST-14857,"H.No._381
Tak_Zila
Anantapuram-527494",Anantapuram,Andhra_Pradesh,527494.0,Billing
UK-19989,CUST-17749,"H.No._530,_Shetty_Nagar
Jalna-489200",Jalna,Maharashtra,489200.0,Shipping
AS-19990,CUST-13618,"14,_Chatterjee_Nagar,_Bongaigaon_689951",Bongaigaon,Assam,689951.0,"Billing,_Shipping"
RJ-19991,CUST-11020,"82,_Kapur_Path,_Akola_261014",Akola,Maharashtra,261014.0,Billing
UP-19992,CUST-04739,"77,_Chadha_Path
Bhagalpur-753764",Bhagalpur,Bihar,753764.0,Billing
RJ-19993,CUST-13887,"95
Tiwari
Akola-700296",Akola,Maharashtra,700296.0,"Billing,_Shipping"
MH-19994,CUST-19624,"H.No._410,_Aggarwal_Path,_Jalgaon_146621",Jalgaon,Maharashtra,146621.0,Shipping
UP-19995,CUST-11527,"17
Master_Path
Shahjahanpur_930812",Shahjahanpur,Uttar_Pradesh,930812.0,"Billing,_Shipping"
AP-19996,CUST-14242,"H.No._378,_Cheema_Path
Anantapuram-908842",Anantapuram,Andhra_Pradesh,908842.0,Shipping
AS-19997,CUST-02896,"H.No._467,_Choudhry_Circle
Nagaon_872876",Nagaon,Assam,872876.0,Billing
WB-19998,CUST-11836,"25/237,_Trivedi_Ganj
Bidhannagar_771955",Bidhannagar,West_Bengal,771955.0,Billing
WB-19999,CUST-18726,"81
Bajwa_Chowk
Aligarh-997365",Aligarh,Uttar_Pradesh,997365.0,Billing
MH-20000,CUST-19203,"H.No._55
Dutt_Path
Loni-118114",Loni,Uttar_Pradesh,118114.0,Shipping
OR-20001,CUST-07856,"H.No._21,_Dhar
Bilaspur_160216",Bilaspur,Chhattisgarh,160216.0,Shipping
TS-20002,CUST-19212,"375
Samra_Street
Sirsa_454554",Sirsa,Haryana,454554.0,"Billing,_Shipping"
RJ-20003,CUST-17561,"35/279,_Swamy,_Rajkot-636740",Rajkot,Gujarat,636740.0,"Billing,_Shipping"
MP-20005,CUST-08729,"741,_Apte_Marg,_Jodhpur-457420",Jodhpur,Rajasthan,457420.0,Shipping
UP-20006,CUST-00422,"05
Sheth
Raipur-610737",Raipur,Chhattisgarh,610737.0,Billing
UP-20007,CUST-15919,"63/23
Kadakia_Path
Raipur-754420",Raipur,Chhattisgarh,754420.0,"Billing,_Shipping"
UK-20008,CUST-06012,"05,_Jhaveri_Street
Haridwar_275484",Haridwar,Uttarakhand,275484.0,Billing
JH-20009,CUST-09399,"H.No._698,_Sagar_Nagar,_Phusro_818833",Phusro,Jharkhand,818833.0,"Billing,_Shipping"
TS-20010,CUST-00480,"H.No._980,_Roy_Zila,_Nizamabad_501900",Nizamabad,Telangana,501900.0,Shipping
AP-20011,CUST-06671,"H.No._87,_Baria_Nagar
Bhimavaram-636018",Bhimavaram,Andhra_Pradesh,636018.0,Shipping
JH-20012,CUST-12079,"710
Mannan_Circle
Kharagpur-795964",Kharagpur,West_Bengal,795964.0,Shipping
DL-20013,CUST-12232,"H.No._751,_Samra_Nagar,_Delhi-473274",Delhi,Delhi_(Union_Territory),473274.0,Billing
HR-20014,CUST-12056,"41/359
Chopra_Road
Aurangabad_100221",Aurangabad,Maharashtra,100221.0,Billing
UP-20015,CUST-10327,"H.No._08,_Sekhon_Marg
Farrukhabad-568032",Farrukhabad,Uttar_Pradesh,568032.0,Billing
MP-20016,CUST-14005,"H.No._60
Handa_Marg
Ramgarh-003044",Ramgarh,Jharkhand,3044.0,Shipping
MP-20017,CUST-12195,"H.No._658
Sandal
Khandwa_440144",Khandwa,Madhya_Pradesh,440144.0,Shipping
UP-20018,CUST-17474,"21/51,_Seshadri_Zila
Muzaffarpur-055582",Muzaffarpur,Bihar,55582.0,"Billing,_Shipping"
MP-20019,CUST-17395,"667,_Badami_Marg,_Jhansi-385761",Jhansi,Uttar_Pradesh,385761.0,Billing
KA-20020,CUST-08868,"677,_Buch_Path
Tumkur_974704",Tumkur,Karnataka,974704.0,Billing
AP-20021,CUST-17688,"82/07,_Wali_Marg
Srikakulam-684608",Srikakulam,Andhra_Pradesh,684608.0,Billing
BR-20022,CUST-09764,"H.No._656,_Mall_Path,_Munger-698860",Munger,Bihar,698860.0,"Billing,_Shipping"
WB-20023,CUST-09236,"570,_Srinivas_Chowk
Arrah-982492",Arrah,Bihar,982492.0,Billing
MH-20024,CUST-14823,"H.No._13,_Bajaj_Zila
Karnal-040991",Karnal,Haryana,40991.0,Billing
AP-20025,CUST-17259,"60/060,_Gola_Nagar
Anantapuram_371899",Anantapuram,Andhra_Pradesh,371899.0,Shipping
MH-20026,CUST-17348,"60,_Karpe_Chowk
Satara_757272",Satara,Maharashtra,757272.0,Shipping
WB-20027,CUST-02238,"H.No._116,_Sharma_Zila
Madhyamgram-035889",Madhyamgram,West_Bengal,35889.0,Billing
HR-20028,CUST-14559,"62/87,_Dash_Nagar,_Siwan_729026",Siwan,Bihar,729026.0,"Billing,_Shipping"
MP-20029,CUST-00367,"682,_Sangha_Path,_Khandwa_445890",Khandwa,Madhya_Pradesh,445890.0,Shipping
KL-20030,CUST-10785,"H.No._072
Ganesan_Street
Kollam-237926",Kollam,Kerala,237926.0,Shipping
MP-20031,CUST-19590,"H.No._445,_Batta_Circle
Gorakhpur_406871",Gorakhpur,Uttar_Pradesh,406871.0,Shipping
MP-20032,CUST-12839,"H.No._22,_Karan_Nagar
Agra_535225",Agra,Uttar_Pradesh,535225.0,Billing
MH-20033,CUST-18900,"926
Bhagat_Street
Guntur-314882",Guntur,Andhra_Pradesh,314882.0,Shipping
AP-20034,CUST-02887,"68/39
D’Alia_Marg
Gudivada_566677",Gudivada,Andhra_Pradesh,566677.0,Billing
GJ-20035,CUST-12130,"H.No._941,_Venkatesh_Path,_Jabalpur-203769",Jabalpur,Madhya_Pradesh,203769.0,Billing
JH-20036,CUST-16558,"75/779,_Dada_Ganj,_Asansol_177532",Asansol,West_Bengal,177532.0,"Billing,_Shipping"
TS-20037,CUST-05530,"00/269
Sanghvi_Ganj
Sirsa_474582",Sirsa,Haryana,474582.0,Billing
MP-20038,CUST-16872,"98/38
Subramanian_Nagar
Kota-075075",Kota,Rajasthan,75075.0,Billing
OR-20039,CUST-14164,"315,_Kumer_Nagar
Bilaspur-210068",Bilaspur,Chhattisgarh,210068.0,"Billing,_Shipping"
RJ-20040,CUST-18712,"H.No._08,_Singh_Road
Akola-386325",Akola,Maharashtra,386325.0,"Billing,_Shipping"
BR-20041,CUST-06293,"175,_Khosla_Zila
Ballia-246877",Ballia,Uttar_Pradesh,246877.0,Shipping
WB-20042,CUST-08174,"H.No._01,_Handa_Circle,_Aligarh_871817",Aligarh,Uttar_Pradesh,871817.0,Shipping
MP-20043,CUST-10528,"78/311,_Shankar_Circle
Dehri_658690",Dehri,Bihar,658690.0,Shipping
UP-20044,CUST-13099,"H.No._11
Barad
Bhagalpur_656262",Bhagalpur,Bihar,656262.0,Shipping
BR-20045,CUST-12964,"32/83,_Lalla_Circle
Satna-892117",Satna,Madhya_Pradesh,892117.0,Shipping
AP-20046,CUST-10730,"77/98,_Arora_Nagar,_Jammu_530696",Jammu,Jammu_and_Kashmir,530696.0,"Billing,_Shipping"
BR-20047,CUST-15619,"H.No._281
Rajan_Nagar
Munger-252681",Munger,Bihar,252681.0,Shipping
TN-20048,CUST-14026,"H.No._901
Halder_Zila
Tiruppur_567697",Tiruppur,Tamil_Nadu,567697.0,"Billing,_Shipping"
MH-20049,CUST-15507,"93/74,_Singh_Nagar,_Guntur-624859",Guntur,Andhra_Pradesh,624859.0,"Billing,_Shipping"
TS-20050,CUST-00936,"H.No._356,_Verma_Zila,_Ramagundam-059853",Ramagundam,Telangana,59853.0,Billing
MP-20051,CUST-04471,"03/014,_Keer_Marg,_Agra-691356",Agra,Uttar_Pradesh,691356.0,"Billing,_Shipping"
CG-20052,CUST-18076,"H.No._94,_Vohra_Nagar,_Nagpur-073706",Nagpur,Maharashtra,73706.0,Billing
KA-20053,CUST-00724,"61,_Wason_Path
Tumkur_786760",Tumkur,Karnataka,786760.0,"Billing,_Shipping"
TS-20054,CUST-18638,"13/207
Ramanathan_Chowk
Srinagar_838827",Srinagar,Jammu_and_Kashmir,838827.0,Billing
KA-20055,CUST-13816,"44/575,_Mall_Path
Hospet_372613",Hospet,Karnataka,372613.0,Billing
TS-20056,CUST-12258,"H.No._614,_Sarin_Marg
Dindigul_355545",Dindigul,Tamil_Nadu,355545.0,Billing
TN-20057,CUST-07801,"84/30,_Kale_Ganj,_Vellore-419318",Vellore,Tamil_Nadu,419318.0,"Billing,_Shipping"
TN-20058,CUST-02721,"084,_Butala_Circle
Avadi_781944",Avadi,Tamil_Nadu,781944.0,"Billing,_Shipping"
BR-20059,CUST-17239,"26
Vig_Circle
Jaipur_474982",Jaipur,Rajasthan,474982.0,"Billing,_Shipping"
UP-20060,CUST-10382,"H.No._106,_Kapur_Street
Farrukhabad_271154",Farrukhabad,Uttar_Pradesh,271154.0,"Billing,_Shipping"
TS-20061,CUST-08986,"42/59,_Chowdhury_Ganj,_Nizamabad-786174",Nizamabad,Telangana,786174.0,Billing
MP-20062,CUST-19165,"68/917,_Dutt_Ganj,_Kishanganj-364807",Kishanganj,Bihar,364807.0,Billing
TN-20063,CUST-12380,"21
Khanna
Avadi-756388",Avadi,Tamil_Nadu,756388.0,Shipping
AP-20064,CUST-11947,"44/396
Buch_Chowk
Bhimavaram_038386",Bhimavaram,Andhra_Pradesh,38386.0,"Billing,_Shipping"
JH-20065,CUST-11874,"H.No._46,_Chand_Road,_Kharagpur_816987",Kharagpur,West_Bengal,816987.0,Shipping
UP-20066,CUST-05534,"81/89,_Ravel_Marg,_Sambhal-274566",Sambhal,Uttar_Pradesh,274566.0,"Billing,_Shipping"
TN-20067,CUST-16536,"21/626
Choudhry_Circle
Avadi_000266",Avadi,Tamil_Nadu,266.0,Shipping
RJ-20068,CUST-06887,"579,_Chopra_Ganj,_Rajkot_102991",Rajkot,Gujarat,102991.0,Billing
MH-20069,CUST-09180,"H.No._23,_Bobal_Chowk
Guntur-638944",Guntur,Andhra_Pradesh,638944.0,Shipping
GJ-20070,CUST-10427,"52,_Kumar_Marg,_Gandhidham-633457",Gandhidham,Gujarat,633457.0,Billing
KA-20071,CUST-10974,"56/13,_Kapur_Marg,_Amaravati_167207",Amaravati,Andhra_Pradesh,167207.0,"Billing,_Shipping"
WB-20072,CUST-12676,"49,_Tiwari_Road
Baranagar_100636",Baranagar,West_Bengal,100636.0,Billing
MP-20073,CUST-05371,"656
Som_Road
Dehri-487198",Dehri,Bihar,487198.0,"Billing,_Shipping"
JH-20074,CUST-09153,"08/69,_Loke_Circle
Mango-136516",Mango,Jharkhand,136516.0,"Billing,_Shipping"
OR-20075,CUST-16331,"77/98,_Chander_Zila,_Bharatpur_653722",Bharatpur,Rajasthan,653722.0,Billing
MP-20076,CUST-10504,"H.No._609
Sundaram_Ganj
Jhansi-867314",Jhansi,Uttar_Pradesh,867314.0,Billing
TS-20077,CUST-10841,"368,_Manda_Zila
Sirsa-908407",Sirsa,Haryana,908407.0,Shipping
JH-20078,CUST-13671,"291
Kashyap_Marg
Asansol_990117",Asansol,West_Bengal,990117.0,"Billing,_Shipping"
MP-20079,CUST-15272,"04/789,_Goel_Ganj,_Kota_331008",Kota,Rajasthan,331008.0,Billing
AP-20080,CUST-02967,"H.No._629,_Mane_Circle
Anantapuram-379476",Anantapuram,Andhra_Pradesh,379476.0,Billing
MH-20081,CUST-15606,"55/63,_Upadhyay_Path
Nanded_843317",Nanded,Maharashtra,843317.0,Shipping
AP-20082,CUST-10988,"H.No._039,_Luthra_Chowk,_Bhimavaram_673495",Bhimavaram,Andhra_Pradesh,673495.0,Shipping
TS-20083,CUST-17199,"H.No._71,_Dey_Ganj,_Dindigul_788574",Dindigul,Tamil_Nadu,788574.0,Billing
KL-20084,CUST-12257,"12/023,_Sheth_Road
Kollam-566801",Kollam,Kerala,566801.0,Billing
MP-20085,CUST-14299,"89/18
Ghose_Chowk
Mau-609605",Mau,Uttar_Pradesh,609605.0,Billing
WB-20086,CUST-10307,"61/86,_Karpe_Street
Kamarhati-504173",Kamarhati,West_Bengal,504173.0,"Billing,_Shipping"
MP-20087,CUST-17970,"53,_Toor_Nagar
Mau-163426",Mau,Uttar_Pradesh,163426.0,Shipping
MH-20088,CUST-13772,"49,_Singh_Marg,_Karnal_498392",Karnal,Haryana,498392.0,"Billing,_Shipping"
OR-20089,CUST-16169,"17/387
Dani_Chowk
Haldia-393635",Haldia,West_Bengal,393635.0,Shipping
HP-20090,CUST-07923,"27,_Guha_Zila,_Udaipur_105284",Udaipur,Rajasthan,105284.0,Billing
TN-20091,CUST-16493,"16,_Mann_Ganj,_Tiruppur_388640",Tiruppur,Tamil_Nadu,388640.0,"Billing,_Shipping"
MP-20092,CUST-14359,"42/53,_Bal,_Ramgarh-104184",Ramgarh,Jharkhand,104184.0,Billing
CG-20093,CUST-13554,"68
Raman_Marg
Nagpur_407005",Nagpur,Maharashtra,407005.0,Shipping
WB-20094,CUST-00203,"44/46,_Loyal_Nagar
Arrah-206172",Arrah,Bihar,206172.0,Shipping
TN-20095,CUST-05868,"69/93,_Malhotra
Tiruvottiyur-717802",Tiruvottiyur,Tamil_Nadu,717802.0,"Billing,_Shipping"
UP-20096,CUST-15913,"348
Kadakia_Marg
Farrukhabad-219758",Farrukhabad,Uttar_Pradesh,219758.0,"Billing,_Shipping"
HR-20097,CUST-13164,"H.No._08
Yohannan
Siwan_483600",Siwan,Bihar,483600.0,"Billing,_Shipping"
MH-20098,CUST-16444,"808,_Korpal_Chowk,_Karnal_935829",Karnal,Haryana,935829.0,Billing
MH-20099,CUST-17936,"H.No._09,_Bhatt_Path,_Bhiwandi_391392",Bhiwandi,Maharashtra,391392.0,"Billing,_Shipping"
KA-20100,CUST-19279,"H.No._987,_Kant_Street,_Mangalore-304932",Mangalore,Karnataka,304932.0,Billing
TS-20101,CUST-09955,"H.No._50
Ramaswamy_Marg
Ramagundam_244211",Ramagundam,Telangana,244211.0,Shipping
TN-20102,CUST-05099,"H.No._135,_Bhardwaj_Nagar
Vellore-901585",Vellore,Tamil_Nadu,901585.0,Shipping
AP-20103,CUST-06235,"77/465
Kamdar_Chowk
Bhimavaram-314523",Bhimavaram,Andhra_Pradesh,314523.0,"Billing,_Shipping"
CG-20104,CUST-11356,"22/60
Apte_Circle
Sambalpur-627951",Sambalpur,Odisha,627951.0,Billing
WB-20105,CUST-00326,"23,_Wali_Chowk
Panihati-039291",Panihati,West_Bengal,39291.0,Billing
WB-20106,CUST-15516,"61
Bhagat_Street
Kulti-841494",Kulti,West_Bengal,841494.0,"Billing,_Shipping"
TN-20107,CUST-07962,"39,_Ghosh_Marg
Salem-335569",Salem,Tamil_Nadu,335569.0,Billing
TS-20108,CUST-14836,"72/58
Saini_Street
Nizamabad_091136",Nizamabad,Telangana,91136.0,Shipping
TN-20109,CUST-18825,"86,_Shere_Circle
Vellore-421263",Vellore,Tamil_Nadu,421263.0,"Billing,_Shipping"
CG-20110,CUST-00555,"H.No._86,_Kannan_Nagar,_Sagar-422150",Sagar,Madhya_Pradesh,422150.0,Shipping
WB-20111,CUST-12866,"067
Karpe_Marg
Bally_748522",Bally,West_Bengal,748522.0,Shipping
JH-20112,CUST-13533,"22/90,_Subramanian_Circle,_Mango_820081",Mango,Jharkhand,820081.0,Billing
UK-20113,CUST-06726,"47/074
Kara_Path
Haridwar_720053",Haridwar,Uttarakhand,720053.0,Shipping
UP-20114,CUST-06692,"H.No._51,_Bahl_Zila,_Farrukhabad_145881",Farrukhabad,Uttar_Pradesh,145881.0,"Billing,_Shipping"
MP-20115,CUST-10772,"58/73
Cherian_Path
Jalandhar-321192",Jalandhar,Punjab,321192.0,"Billing,_Shipping"
OR-20116,CUST-14204,"88,_Buch_Circle
Anantapur_212624",Anantapur,Andhra_Pradesh,212624.0,"Billing,_Shipping"
GJ-20117,CUST-17068,"22,_Chacko_Ganj,_Jabalpur_532403",Jabalpur,Madhya_Pradesh,532403.0,Shipping
KL-20118,CUST-07417,"H.No._02
Amble_Zila
Kollam-510010",Kollam,Kerala,510010.0,Shipping
BR-20119,CUST-10375,"70/82
Sankaran
Purnia-889031",Purnia,Bihar,889031.0,Billing
CG-20120,CUST-13551,"446
Balakrishnan_Chowk
Malda_105335",Malda,West_Bengal,105335.0,Shipping
MH-20121,CUST-18400,"H.No._18,_Kumer_Zila
Rampur-588289",Rampur,Uttar_Pradesh,588289.0,Shipping
GJ-20122,CUST-10826,"028,_Sem_Nagar,_Gandhidham-259927",Gandhidham,Gujarat,259927.0,"Billing,_Shipping"
MP-20123,CUST-13459,"261
Devan_Ganj
Khandwa-222073",Khandwa,Madhya_Pradesh,222073.0,"Billing,_Shipping"
HR-20124,CUST-00312,"364,_Ramanathan_Circle
Siwan_961301",Siwan,Bihar,961301.0,"Billing,_Shipping"
KA-20125,CUST-03443,"H.No._38,_Grewal_Path,_Amaravati-759793",Amaravati,Andhra_Pradesh,759793.0,Billing
UP-20126,CUST-01212,"54/825
Vala_Path
Raiganj-549529",Raiganj,West_Bengal,549529.0,"Billing,_Shipping"
MH-20127,CUST-11788,"H.No._27,_Venkatesh_Street
Jalgaon_049896",Jalgaon,Maharashtra,49896.0,"Billing,_Shipping"
OR-20128,CUST-07318,"H.No._401,_Sachdeva_Circle
Anantapur_968594",Anantapur,Andhra_Pradesh,968594.0,Billing
RJ-20129,CUST-04067,"25
Choudhry
Fatehpur-255359",Fatehpur,Uttar_Pradesh,255359.0,Billing
TR-20130,CUST-04384,"70/21
Kuruvilla_Circle
Durgapur-112307",Durgapur,West_Bengal,112307.0,Billing
OR-20131,CUST-09908,"53/18,_Balasubramanian_Circle
Kanpur-149641",Kanpur,Uttar_Pradesh,149641.0,Billing
WB-20132,CUST-09713,"81/78,_Sagar_Road,_Bhatpara-211331",Bhatpara,West_Bengal,211331.0,"Billing,_Shipping"
MH-20133,CUST-14222,"06,_Jaggi
Karnal_443877",Karnal,Haryana,443877.0,"Billing,_Shipping"
BR-20134,CUST-16432,"30
Keer_Zila
Jaipur-527608",Jaipur,Rajasthan,527608.0,"Billing,_Shipping"
JH-20135,CUST-15768,"H.No._823
Bajwa_Nagar
Mango_712517",Mango,Jharkhand,712517.0,"Billing,_Shipping"
JH-20136,CUST-14584,"199
Raju_Marg
Kharagpur_220162",Kharagpur,West_Bengal,220162.0,Shipping
OR-20137,CUST-13249,"37/75
Gour_Path
Anantapur_502106",Anantapur,Andhra_Pradesh,502106.0,Billing
WB-20138,CUST-11484,"97/27
Kata_Circle
Arrah-194045",Arrah,Bihar,194045.0,Shipping
TS-20139,CUST-09924,"58/52
Thaman_Zila
Proddatur-575153",Proddatur,Andhra_Pradesh,575153.0,Shipping
UP-20140,CUST-13076,"16/20,_Kata_Marg
Chapra_765800",Chapra,Bihar,765800.0,Billing
WB-20141,CUST-03995,"90/64
Zachariah_Circle
Bhatpara-624635",Bhatpara,West_Bengal,624635.0,"Billing,_Shipping"
KA-20142,CUST-18516,"H.No._75,_Shroff_Chowk,_Amaravati-117183",Amaravati,Andhra_Pradesh,117183.0,"Billing,_Shipping"
JH-20143,CUST-14171,"H.No._20,_Bhandari
Phusro-904509",Phusro,Jharkhand,904509.0,"Billing,_Shipping"
TS-20144,CUST-09960,"H.No._765,_Sharma_Zila
Nizamabad_602756",Nizamabad,Telangana,602756.0,Billing
UP-20145,CUST-02285,"09/961
Desai_Street
Burhanpur_477531",Burhanpur,Madhya_Pradesh,477531.0,Shipping
TN-20146,CUST-02907,"H.No._500,_Kata_Ganj,_Avadi-288866",Avadi,Tamil_Nadu,288866.0,Shipping
HR-20147,CUST-13700,"37,_Bobal_Chowk,_Siwan_665364",Siwan,Bihar,665364.0,Billing
WB-20148,CUST-10714,"H.No._14,_Chopra_Circle,_Arrah_173447",Arrah,Bihar,173447.0,"Billing,_Shipping"
GJ-20149,CUST-12487,"29/96,_Tak_Zila
Hajipur_967056",Hajipur,Bihar,967056.0,Shipping
AS-20150,CUST-11044,"928,_Soni_Road
Nagaon_072161",Nagaon,Assam,72161.0,"Billing,_Shipping"
UP-20151,CUST-16160,"99/291
Acharya_Road
Muzaffarpur-774748",Muzaffarpur,Bihar,774748.0,Billing
BR-20152,CUST-16250,"H.No._577,_Kamdar_Ganj,_Satna_454494",Satna,Madhya_Pradesh,454494.0,"Billing,_Shipping"
JH-20153,CUST-18188,"42/374
Kulkarni_Ganj
Mango_398541",Mango,Jharkhand,398541.0,"Billing,_Shipping"
JH-20154,CUST-16829,"H.No._79
Agate_Circle
Kharagpur-105926",Kharagpur,West_Bengal,105926.0,Billing
UP-20155,CUST-08079,"53,_Sarin_Ganj,_Gurgaon_611420",Gurgaon,Haryana,611420.0,"Billing,_Shipping"
UP-20156,CUST-17746,"51/67
Rau_Street
Ahmedabad-485484",Ahmedabad,Gujarat,485484.0,"Billing,_Shipping"
BR-20157,CUST-06807,"37/72
Bains_Nagar
Munger-094922",Munger,Bihar,94922.0,Billing
GJ-20158,CUST-18985,"12
Mandal_Marg
Gandhidham_113606",Gandhidham,Gujarat,113606.0,"Billing,_Shipping"
TN-20159,CUST-10418,"H.No._25,_Aggarwal_Street
Tiruppur_599533",Tiruppur,Tamil_Nadu,599533.0,"Billing,_Shipping"
HR-20160,CUST-10305,"H.No._04,_Rastogi_Ganj,_Siwan_495697",Siwan,Bihar,495697.0,Shipping
OR-20161,CUST-03256,"139
Dhar_Path
Chandrapur_417249",Chandrapur,Maharashtra,417249.0,Billing
MP-20162,CUST-09013,"H.No._37,_Warrior,_Indore-496130",Indore,Madhya_Pradesh,496130.0,"Billing,_Shipping"
MH-20163,CUST-15836,"72,_Wali_Zila
Karnal_979071",Karnal,Haryana,979071.0,"Billing,_Shipping"
UP-20164,CUST-19401,"49/26,_Sawhney_Nagar
Gurgaon-230548",Gurgaon,Haryana,230548.0,"Billing,_Shipping"
UP-20165,CUST-15868,"H.No._636,_Gade_Path,_Muzaffarpur-678751",Muzaffarpur,Bihar,678751.0,Shipping
KA-20166,CUST-19197,"61
Venkatesh_Zila
Amaravati-386510",Amaravati,Andhra_Pradesh,386510.0,"Billing,_Shipping"
UP-20167,CUST-03048,"37/66,_Keer_Marg
Firozabad_451539",Firozabad,Uttar_Pradesh,451539.0,Billing
MH-20168,CUST-17063,"54
Sahota_Circle
Malegaon_601662",Malegaon,Maharashtra,601662.0,Billing
UP-20169,CUST-14727,"H.No._233,_Mallick_Nagar,_Muzaffarpur-241668",Muzaffarpur,Bihar,241668.0,"Billing,_Shipping"
TN-20170,CUST-14389,"H.No._341,_Banerjee_Street,_Tiruvottiyur_177712",Tiruvottiyur,Tamil_Nadu,177712.0,Shipping
WB-20171,CUST-17113,"247
Ranganathan_Nagar
Uluberia_173302",Uluberia,West_Bengal,173302.0,Shipping
MH-20172,CUST-06065,"H.No._71
Barman
Rampur_943680",Rampur,Uttar_Pradesh,943680.0,Shipping
TS-20173,CUST-08476,"H.No._60,_Bajwa_Zila
Srinagar-687768",Srinagar,Jammu_and_Kashmir,687768.0,Billing
UP-20174,CUST-10282,"H.No._378,_Bhagat_Nagar,_Jamalpur-721711",Jamalpur,Bihar,721711.0,"Billing,_Shipping"
TR-20175,CUST-09999,"25/108
Mangat_Nagar
Chandigarh-958341",Chandigarh,Chandigarh_(Union_Territory),958341.0,Billing
MP-20176,CUST-16064,"24
Tella_Path
Gopalpur-374657",Gopalpur,Odisha,374657.0,Billing
UK-20177,CUST-00708,"H.No._164
Jha_Ganj
Jalna_947915",Jalna,Maharashtra,947915.0,Shipping
BR-20178,CUST-10626,"105
Dayal_Road
Munger_965582",Munger,Bihar,965582.0,"Billing,_Shipping"
RJ-20179,CUST-06190,"H.No._291,_Keer,_Akola_935916",Akola,Maharashtra,935916.0,Billing
AP-20180,CUST-00374,"06/471
Anne_Chowk
Bhimavaram-014654",Bhimavaram,Andhra_Pradesh,14654.0,"Billing,_Shipping"
MH-20181,CUST-19995,"27/344
Bedi_Road
Nanded_395848",Nanded,Maharashtra,395848.0,Shipping
TS-20182,CUST-19667,"H.No._26,_Setty_Nagar,_Srinagar_991697",Srinagar,Jammu_and_Kashmir,991697.0,Billing
UP-20183,CUST-01543,"H.No._96
Madan_Ganj
Burhanpur-797844",Burhanpur,Madhya_Pradesh,797844.0,Billing
UP-20184,CUST-17687,"14,_Ahuja_Path
Farrukhabad_850256",Farrukhabad,Uttar_Pradesh,850256.0,"Billing,_Shipping"
CG-20185,CUST-12934,"69,_Kadakia_Zila
Sambalpur-441388",Sambalpur,Odisha,441388.0,Billing
OR-20186,CUST-16983,"44/166,_Chaudhuri_Ganj
Patna-758263",Patna,Bihar,758263.0,Billing
KA-20187,CUST-12308,"632,_Bahri_Chowk
Hosur-871837",Hosur,Tamil_Nadu,871837.0,"Billing,_Shipping"
GJ-20188,CUST-06409,"074,_Dewan_Street
Gandhidham_801328",Gandhidham,Gujarat,801328.0,"Billing,_Shipping"
WB-20189,CUST-10344,"49,_Baria_Street,_Naihati-657760",Naihati,West_Bengal,657760.0,Billing
MH-20190,CUST-16858,"00/190
Mammen_Zila
Malegaon_339370",Malegaon,Maharashtra,339370.0,Shipping
TS-20191,CUST-14711,"22,_Shukla_Street
Proddatur_895549",Proddatur,Andhra_Pradesh,895549.0,Billing
MH-20192,CUST-17353,"H.No._34,_Bhargava_Road,_Nanded-150275",Nanded,Maharashtra,150275.0,Shipping
KL-20193,CUST-11687,"H.No._56,_Iyengar_Chowk
Kollam-473471",Kollam,Kerala,473471.0,Billing
MH-20194,CUST-07517,"H.No._128
Dhar_Circle
Loni-804211",Loni,Uttar_Pradesh,804211.0,Billing
UP-20195,CUST-08396,"32/529,_Ghose_Zila,_Raipur-429752",Raipur,Chhattisgarh,429752.0,Billing
WB-20196,CUST-00130,"H.No._701
Iyengar_Ganj
Naihati-754195",Naihati,West_Bengal,754195.0,Billing
WB-20197,CUST-02182,"83,_Rao_Marg,_Panihati-886182",Panihati,West_Bengal,886182.0,Shipping
BR-20198,CUST-13235,"192
Rajagopal
Buxar_469496",Buxar,Bihar,469496.0,Shipping
BR-20199,CUST-19644,"326,_Warrior_Chowk,_Jaipur_490821",Jaipur,Rajasthan,490821.0,Shipping
UP-20200,CUST-04033,"99,_Bobal
Ahmedabad-780481",Ahmedabad,Gujarat,780481.0,Shipping
MH-20201,CUST-08813,"248,_Mandal_Street
Nanded_987853",Nanded,Maharashtra,987853.0,"Billing,_Shipping"
DL-20202,CUST-19788,"H.No._801
Kumer_Nagar
Delhi-857248",Delhi,Delhi_(Union_Territory),857248.0,"Billing,_Shipping"
MP-20203,CUST-14143,"81/005,_Doshi_Road,_Indore_909626",Indore,Madhya_Pradesh,909626.0,Billing
TS-20204,CUST-06427,"333,_Brahmbhatt_Zila
Proddatur_270500",Proddatur,Andhra_Pradesh,270500.0,Billing
TR-20205,CUST-11688,"H.No._80,_Dhawan_Chowk,_Chandigarh_175006",Chandigarh,Chandigarh_(Union_Territory),175006.0,Billing
OR-20206,CUST-12238,"31
Bahl_Nagar
Kanpur-537749",Kanpur,Uttar_Pradesh,537749.0,Billing
MH-20207,CUST-07123,"H.No._25,_Acharya_Circle
Rampur-884412",Rampur,Uttar_Pradesh,884412.0,Billing
TN-20208,CUST-17272,"93,_Kohli_Circle,_Avadi_460617",Avadi,Tamil_Nadu,460617.0,Shipping
BR-20209,CUST-13634,"55/92,_Dixit_Ganj,_Jaipur-416884",Jaipur,Rajasthan,416884.0,Shipping
MP-20210,CUST-14092,"538,_Atwal_Zila,_Dehri_392950",Dehri,Bihar,392950.0,"Billing,_Shipping"
AS-20211,CUST-11302,"52/03
Sem
Bongaigaon-877028",Bongaigaon,Assam,877028.0,Shipping
BR-20212,CUST-15378,"H.No._16,_Dixit_Road,_Buxar-347281",Buxar,Bihar,347281.0,Billing
MP-20213,CUST-16530,"61/408,_Kapur_Nagar,_Gopalpur_947178",Gopalpur,Odisha,947178.0,Billing
JH-20214,CUST-06572,"H.No._681
Hegde_Zila
Mango-689885",Mango,Jharkhand,689885.0,"Billing,_Shipping"
AS-20215,CUST-13631,"H.No._25,_Krishnan_Chowk
Siliguri_272190",Siliguri,West_Bengal,272190.0,Shipping
JH-20216,CUST-12864,"73/69,_Kalita_Street
Kharagpur-318903",Kharagpur,West_Bengal,318903.0,"Billing,_Shipping"
MH-20217,CUST-12046,"H.No._55
Mandal_Marg
Karnal_147969",Karnal,Haryana,147969.0,Shipping
OR-20218,CUST-14525,"H.No._73
Gulati_Path
Bharatpur_362608",Bharatpur,Rajasthan,362608.0,Shipping
MH-20219,CUST-13311,"34/06,_Sathe_Street
Loni_213044",Loni,Uttar_Pradesh,213044.0,Billing
UP-20220,CUST-17536,"H.No._500,_Dhar_Nagar
Raiganj_506589",Raiganj,West_Bengal,506589.0,Shipping
OR-20221,CUST-09513,"34,_Khanna_Nagar
Berhampur-132338",Berhampur,Odisha,132338.0,Billing
GJ-20222,CUST-10171,"909
Dugal_Ganj
Jabalpur-896577",Jabalpur,Madhya_Pradesh,896577.0,"Billing,_Shipping"
UP-20223,CUST-19430,"67,_Bhandari_Chowk
Ahmedabad-531573",Ahmedabad,Gujarat,531573.0,Shipping
GJ-20224,CUST-10260,"787,_Jha_Marg,_Kavali_204691",Kavali,Andhra_Pradesh,204691.0,"Billing,_Shipping"
MP-20225,CUST-13803,"H.No._44,_Bava_Chowk,_Jalandhar_546934",Jalandhar,Punjab,546934.0,"Billing,_Shipping"
MP-20226,CUST-10889,"51/31,_Gupta_Circle
Gopalpur-603152",Gopalpur,Odisha,603152.0,"Billing,_Shipping"
TN-20227,CUST-13528,"66/717,_Chauhan_Path
Salem-548323",Salem,Tamil_Nadu,548323.0,Shipping
AP-20228,CUST-15775,"H.No._342
Dara_Path
Bhimavaram-338732",Bhimavaram,Andhra_Pradesh,338732.0,Shipping
HP-20229,CUST-02205,"65/93
Kadakia_Zila
Udaipur_900291",Udaipur,Rajasthan,900291.0,Shipping
WB-20230,CUST-08575,"349,_Iyengar_Zila,_Madhyamgram-834399",Madhyamgram,West_Bengal,834399.0,Billing
OR-20231,CUST-11461,"59,_Sodhi_Street,_Anantapur_120769",Anantapur,Andhra_Pradesh,120769.0,"Billing,_Shipping"
UP-20232,CUST-03698,"H.No._80,_Sani,_Gurgaon-452666",Gurgaon,Haryana,452666.0,Billing
MP-20233,CUST-15879,"70/394,_Sachar_Road
Dehri_687588",Dehri,Bihar,687588.0,Shipping
HR-20234,CUST-17467,"H.No._665,_Jaggi_Street,_Siwan-454513",Siwan,Bihar,454513.0,"Billing,_Shipping"
TN-20235,CUST-01046,"25,_Shenoy_Path
Tiruppur-760132",Tiruppur,Tamil_Nadu,760132.0,Shipping
MH-20236,CUST-19203,"44
Dey_Path
Malegaon_464597",Malegaon,Maharashtra,464597.0,Shipping
TN-20237,CUST-12447,"22/892,_Kaul
Vellore-408576",Vellore,Tamil_Nadu,408576.0,"Billing,_Shipping"
OR-20238,CUST-17602,"88/31
Chaudhary_Nagar
Anantapur_809299",Anantapur,Andhra_Pradesh,809299.0,Shipping
MH-20239,CUST-15058,"320,_Chandran_Street,_Satara-053387",Satara,Maharashtra,53387.0,Billing
MP-20240,CUST-19151,"00/16
Bhatia_Street
Jalandhar-697686",Jalandhar,Punjab,697686.0,Billing
MP-20241,CUST-00169,"982
Bhatnagar_Chowk
Dehri-150839",Dehri,Bihar,150839.0,Billing
MP-20242,CUST-06815,"52/72
Ganesan_Nagar
Jalandhar_549106",Jalandhar,Punjab,549106.0,"Billing,_Shipping"
MP-20243,CUST-12074,"H.No._38,_Magar_Marg,_Jalandhar_629979",Jalandhar,Punjab,629979.0,"Billing,_Shipping"
UP-20244,CUST-12071,"93/870,_Buch_Circle
Burhanpur-345027",Burhanpur,Madhya_Pradesh,345027.0,"Billing,_Shipping"
UP-20245,CUST-08085,"H.No._601,_Bala
Jamalpur_957695",Jamalpur,Bihar,957695.0,Billing
MH-20246,CUST-06176,"43
Chowdhury_Zila
Yamunanagar-660013",Yamunanagar,Haryana,660013.0,Billing
TS-20247,CUST-14249,"H.No._33,_Kanda_Nagar
Ramagundam-337440",Ramagundam,Telangana,337440.0,Shipping
BR-20248,CUST-19740,"68/45,_Bhandari_Nagar
Jaipur-697014",Jaipur,Rajasthan,697014.0,Shipping
HR-20249,CUST-05348,"H.No._28,_Krish_Circle,_Bikaner_312960",Bikaner,Rajasthan,312960.0,Billing
WB-20250,CUST-05154,"60/03,_Rajagopalan_Ganj,_Baranagar_899664",Baranagar,West_Bengal,899664.0,Shipping
MP-20251,CUST-18439,"49/74
Ratti_Path
Agra_130197",Agra,Uttar_Pradesh,130197.0,"Billing,_Shipping"
UP-20252,CUST-15501,"72/19
Chad_Chowk
Ahmedabad-129310",Ahmedabad,Gujarat,129310.0,Shipping
UP-20253,CUST-05674,"H.No._69,_Dube_Marg
Raiganj-904190",Raiganj,West_Bengal,904190.0,Shipping
CG-20255,CUST-14269,"55
Dani_Path
Sagar_033669",Sagar,Madhya_Pradesh,33669.0,"Billing,_Shipping"
MH-20256,CUST-04751,"47/50
Varghese_Road
Rampur-449994",Rampur,Uttar_Pradesh,449994.0,Billing
RJ-20257,CUST-16602,"H.No._254,_Swamy_Path
Akola-734643",Akola,Maharashtra,734643.0,Shipping
UP-20258,CUST-19621,"99/437,_Vala_Circle,_Farrukhabad_918422",Farrukhabad,Uttar_Pradesh,918422.0,Shipping
TN-20259,CUST-09460,"864,_Saran_Path
Tiruvottiyur_891168",Tiruvottiyur,Tamil_Nadu,891168.0,Shipping
TR-20260,CUST-16203,"53/00,_Ramanathan,_Chandigarh_606073",Chandigarh,Chandigarh_(Union_Territory),606073.0,Billing
AP-20261,CUST-11728,"027,_Bhardwaj
Dharmavaram-833128",Dharmavaram,Andhra_Pradesh,833128.0,Shipping
UK-20262,CUST-12439,"23/81,_Hayre,_Shivpuri_963385",Shivpuri,Madhya_Pradesh,963385.0,Billing
BR-20263,CUST-19224,"496
Krish_Nagar
Buxar-531061",Buxar,Bihar,531061.0,Billing
TN-20264,CUST-19162,"89/77,_Krishnan_Path
Pallavaram-695745",Pallavaram,Tamil_Nadu,695745.0,Billing
BR-20265,CUST-06011,"60,_Dugal_Road
Jaipur-284465",Jaipur,Rajasthan,284465.0,"Billing,_Shipping"
TN-20266,CUST-14600,"99,_Kalita_Road,_Pallavaram_323510",Pallavaram,Tamil_Nadu,323510.0,Billing
RJ-20267,CUST-01056,"10/93,_Kata_Path,_Dewas_346306",Dewas,Madhya_Pradesh,346306.0,Shipping
OR-20268,CUST-16921,"60/141
Gulati_Road
Chandrapur_169698",Chandrapur,Maharashtra,169698.0,Billing
WB-20269,CUST-09000,"70,_Goyal_Path,_Uluberia_055556",Uluberia,West_Bengal,55556.0,Billing
BR-20270,CUST-06254,"999
Edwin_Street
Satna-427268",Satna,Madhya_Pradesh,427268.0,Billing
GJ-20271,CUST-17807,"H.No._444,_Saini_Circle
Ajmer_312177",Ajmer,Rajasthan,312177.0,"Billing,_Shipping"
MP-20273,CUST-13865,"H.No._03,_Andra_Nagar,_Unnao_167972",Unnao,Uttar_Pradesh,167972.0,Shipping
MP-20274,CUST-14479,"H.No._705,_Bhardwaj_Circle,_Agra_607348",Agra,Uttar_Pradesh,607348.0,"Billing,_Shipping"
UP-20275,CUST-11195,"25/428
Bhatnagar_Nagar
Raiganj-754752",Raiganj,West_Bengal,754752.0,"Billing,_Shipping"
OR-20276,CUST-03024,"089,_Soni_Chowk
Haldia-711796",Haldia,West_Bengal,711796.0,"Billing,_Shipping"
OR-20277,CUST-13492,"36/74
Wagle_Circle
Bilaspur-857621",Bilaspur,Chhattisgarh,857621.0,"Billing,_Shipping"
HP-20278,CUST-03573,"60/73,_Bhandari
Udaipur-826114",Udaipur,Rajasthan,826114.0,Billing
MP-20279,CUST-16984,"968,_Shroff_Road
Kota_831365",Kota,Rajasthan,831365.0,"Billing,_Shipping"
GJ-20280,CUST-00037,"83,_Kannan_Marg,_Gandhidham-295408",Gandhidham,Gujarat,295408.0,Billing
BR-20281,CUST-16022,"H.No._62,_Mani_Zila
Satna-740622",Satna,Madhya_Pradesh,740622.0,Billing
JH-20282,CUST-10937,"H.No._63,_Ramesh_Path
Phusro-652400",Phusro,Jharkhand,652400.0,"Billing,_Shipping"
BR-20283,CUST-11856,"H.No._42
Ramaswamy_Nagar
Munger-599591",Munger,Bihar,599591.0,Billing
TN-20284,CUST-08867,"36/75,_Dara_Ganj
Pali-208058",Pali,Rajasthan,208058.0,Shipping
HR-20285,CUST-12375,"H.No._41
Barad
Aurangabad-078462",Aurangabad,Maharashtra,78462.0,"Billing,_Shipping"
JH-20286,CUST-16485,"829,_Rajagopal_Zila
Kharagpur_801551",Kharagpur,West_Bengal,801551.0,"Billing,_Shipping"
JH-20287,CUST-19943,"094,_Dora_Marg,_Asansol-753075",Asansol,West_Bengal,753075.0,Billing
MP-20288,CUST-00983,"08,_Baral_Ganj
Ramgarh-227497",Ramgarh,Jharkhand,227497.0,Shipping
UK-20289,CUST-11455,"H.No._59,_Chokshi_Marg,_Shivpuri_789936",Shivpuri,Madhya_Pradesh,789936.0,Billing
OR-20290,CUST-06748,"H.No._033
Bedi_Chowk
Danapur_462825",Danapur,Bihar,462825.0,Shipping
GJ-20291,CUST-02828,"098,_Karan,_Kavali_182910",Kavali,Andhra_Pradesh,182910.0,Billing
OR-20292,CUST-06414,"32/938
Sampath_Street
Berhampur-616175",Berhampur,Odisha,616175.0,"Billing,_Shipping"
WB-20293,CUST-16739,"739,_Wagle_Path
Kulti-623801",Kulti,West_Bengal,623801.0,Shipping
TN-20294,CUST-05622,"17/95,_Banerjee_Chowk
Tiruvottiyur_525526",Tiruvottiyur,Tamil_Nadu,525526.0,Shipping
WB-20295,CUST-17566,"77/264,_Mannan_Street,_Naihati_440242",Naihati,West_Bengal,440242.0,"Billing,_Shipping"
UP-20296,CUST-12348,"338,_Ben_Nagar,_Karimnagar_073798",Karimnagar,Telangana,73798.0,"Billing,_Shipping"
MH-20297,CUST-14013,"99/330,_Sharma_Road
Rampur_088281",Rampur,Uttar_Pradesh,88281.0,"Billing,_Shipping"
UP-20298,CUST-17207,"531
Ghosh_Street
Raiganj-588342",Raiganj,West_Bengal,588342.0,"Billing,_Shipping"
TN-20299,CUST-02208,"H.No._01
Mane_Circle
Pali-073655",Pali,Rajasthan,73655.0,"Billing,_Shipping"
AP-20300,CUST-03001,"331,_Datta_Nagar
Gudivada-916920",Gudivada,Andhra_Pradesh,916920.0,"Billing,_Shipping"
WB-20301,CUST-06218,"H.No._23
Bumb_Marg
Aligarh_190229",Aligarh,Uttar_Pradesh,190229.0,Shipping
KL-20302,CUST-18684,"H.No._477,_Sama_Nagar
Kollam_654142",Kollam,Kerala,654142.0,Billing
JH-20303,CUST-02877,"56/15
Maharaj_Zila
Phusro-631982",Phusro,Jharkhand,631982.0,Billing
MP-20304,CUST-13764,"10
Bandi_Road
Unnao-720356",Unnao,Uttar_Pradesh,720356.0,"Billing,_Shipping"
JH-20305,CUST-18294,"71/127,_Kamdar_Street
Asansol_827673",Asansol,West_Bengal,827673.0,"Billing,_Shipping"
TN-20306,CUST-17790,"10/64,_Vohra
Tiruvottiyur_865454",Tiruvottiyur,Tamil_Nadu,865454.0,Billing
BR-20307,CUST-19753,"292,_Cherian_Nagar
Purnia-259942",Purnia,Bihar,259942.0,"Billing,_Shipping"
UK-20308,CUST-01902,"77/066
D’Alia_Street
Shivpuri-545606",Shivpuri,Madhya_Pradesh,545606.0,Shipping
MP-20309,CUST-17625,"092
Chanda_Marg
Gorakhpur_311425",Gorakhpur,Uttar_Pradesh,311425.0,Shipping
DL-20311,CUST-13574,"H.No._55
Sha_Marg
Delhi_784614",Delhi,Delhi_(Union_Territory),784614.0,Shipping
MH-20312,CUST-02037,"H.No._59
Gandhi_Zila
Yamunanagar_588007",Yamunanagar,Haryana,588007.0,Billing
MH-20313,CUST-19451,"H.No._047
Jaggi_Road
Karnal-367309",Karnal,Haryana,367309.0,"Billing,_Shipping"
MP-20314,CUST-19020,"77/059,_Chander_Zila,_Dehri-495496",Dehri,Bihar,495496.0,Shipping
MP-20315,CUST-17859,"88/66,_Ganesh_Ganj
Dehri_650032",Dehri,Bihar,650032.0,Billing
UP-20316,CUST-16716,"62,_Gandhi_Path
Muzaffarpur_450534",Muzaffarpur,Bihar,450534.0,Shipping
RJ-20317,CUST-01799,"243
Khosla_Nagar
Dewas-476447",Dewas,Madhya_Pradesh,476447.0,Shipping
WB-20318,CUST-15884,"H.No._151,_Sabharwal_Circle
Naihati-705072",Naihati,West_Bengal,705072.0,"Billing,_Shipping"
UP-20319,CUST-05088,"H.No._019,_Bakshi_Road,_Jamalpur_810234",Jamalpur,Bihar,810234.0,Billing
MH-20320,CUST-15635,"71/060
Sanghvi_Road
Malegaon_149011",Malegaon,Maharashtra,149011.0,Billing
WB-20321,CUST-11054,"909,_Sarkar_Marg
Arrah_034050",Arrah,Bihar,34050.0,Shipping
UP-20322,CUST-12173,"79/567,_Loke_Street,_Sambhal_017309",Sambhal,Uttar_Pradesh,17309.0,Shipping
UP-20323,CUST-06288,"073
Chahal_Marg
Firozabad_594584",Firozabad,Uttar_Pradesh,594584.0,Billing
HR-20324,CUST-15072,"H.No._451
Lanka_Marg
Aurangabad_850537",Aurangabad,Maharashtra,850537.0,Billing
MP-20325,CUST-11611,"28
Toor_Zila
Jodhpur_594151",Jodhpur,Rajasthan,594151.0,"Billing,_Shipping"
UP-20326,CUST-19925,"H.No._09,_Bhat_Road
Raipur_034683",Raipur,Chhattisgarh,34683.0,"Billing,_Shipping"
RJ-20327,CUST-13447,"55,_Ganesh_Ganj,_Fatehpur-126307",Fatehpur,Uttar_Pradesh,126307.0,Billing
WB-20328,CUST-01227,"61,_Kunda_Street
Panihati-766948",Panihati,West_Bengal,766948.0,"Billing,_Shipping"
UP-20329,CUST-12619,"50/96,_Chaudhari_Road,_Sambhal-004124",Sambhal,Uttar_Pradesh,4124.0,"Billing,_Shipping"
TS-20330,CUST-01081,"H.No._11,_Shan_Circle
Ambala-157155",Ambala,Haryana,157155.0,Billing
UP-20331,CUST-09226,"34,_Mahal_Chowk
Chapra_165193",Chapra,Bihar,165193.0,Billing
DL-20332,CUST-12663,"22,_Soman_Circle,_Delhi_927305",Delhi,Delhi_(Union_Territory),927305.0,Shipping
TN-20333,CUST-07832,"H.No._434,_Hora_Street,_Salem_026628",Salem,Tamil_Nadu,26628.0,"Billing,_Shipping"
MP-20334,CUST-19353,"90/26
Sarna_Circle
Gorakhpur-846304",Gorakhpur,Uttar_Pradesh,846304.0,Billing
TS-20335,CUST-01223,"868
Kaur
Srinagar_266782",Srinagar,Jammu_and_Kashmir,266782.0,Shipping
AP-20336,CUST-14801,"H.No._20,_Keer_Zila,_Dharmavaram_609732",Dharmavaram,Andhra_Pradesh,609732.0,Billing
WB-20337,CUST-17744,"H.No._24,_Soni_Nagar,_Bally-060433",Bally,West_Bengal,60433.0,Billing
KA-20338,CUST-11633,"861
Dixit_Street
Hosur-136217",Hosur,Tamil_Nadu,136217.0,"Billing,_Shipping"
MP-20339,CUST-12513,"13/33,_Rajagopal_Nagar
Khandwa-872053",Khandwa,Madhya_Pradesh,872053.0,Shipping
TS-20340,CUST-17567,"H.No._914,_Saini_Street,_Proddatur-018295",Proddatur,Andhra_Pradesh,18295.0,Shipping
GJ-20341,CUST-05221,"089,_Bora_Marg,_Ajmer-625396",Ajmer,Rajasthan,625396.0,"Billing,_Shipping"
TS-20342,CUST-11596,"29,_Sharma_Marg
Proddatur_630800",Proddatur,Andhra_Pradesh,630800.0,Shipping
KA-20343,CUST-16749,"H.No._666,_Dixit_Zila,_Hosur_361302",Hosur,Tamil_Nadu,361302.0,Billing
GJ-20344,CUST-14089,"H.No._573
Sanghvi_Circle
Ajmer_995280",Ajmer,Rajasthan,995280.0,"Billing,_Shipping"
TN-20345,CUST-09935,"26/349
Raman_Zila
Chittoor_911036",Chittoor,Andhra_Pradesh,911036.0,Shipping
UP-20346,CUST-10671,"38/58,_Yogi,_Gurgaon_297326",Gurgaon,Haryana,297326.0,Shipping
UP-20347,CUST-13906,"80/50,_Subramanian_Road,_Muzaffarpur-394801",Muzaffarpur,Bihar,394801.0,Billing
OR-20348,CUST-11275,"H.No._43,_Mammen_Zila,_Mathura_041275",Mathura,Uttar_Pradesh,41275.0,"Billing,_Shipping"
WB-20349,CUST-14068,"39/99
Varty_Nagar
Uluberia_781403",Uluberia,West_Bengal,781403.0,"Billing,_Shipping"
UK-20350,CUST-00062,"92/74
Balakrishnan_Chowk
Haridwar-037762",Haridwar,Uttarakhand,37762.0,Billing
MP-20351,CUST-04652,"297
Badal_Zila
Agra_406277",Agra,Uttar_Pradesh,406277.0,"Billing,_Shipping"
JH-20352,CUST-18236,"732,_Ghosh_Street
Mango-558127",Mango,Jharkhand,558127.0,Billing
OR-20353,CUST-11648,"H.No._96,_Rau_Road
Bharatpur_185325",Bharatpur,Rajasthan,185325.0,Shipping
UP-20354,CUST-17907,"49
Ramaswamy_Chowk
Bhagalpur-772132",Bhagalpur,Bihar,772132.0,"Billing,_Shipping"
OR-20355,CUST-14511,"H.No._91,_Lata_Chowk
Berhampur_891751",Berhampur,Odisha,891751.0,Shipping
UP-20356,CUST-09449,"H.No._62,_Chad_Street,_Jamalpur_470444",Jamalpur,Bihar,470444.0,"Billing,_Shipping"
