campaign_id,product_id,channel_id,budget,end_date,start_date,campaign_type
1481,OFF-BI-10004230,7,8717.00,2018-06-09,2017-10-09,Loyalty Campaign
366,FUR-TA-10000617,5,13895.00,2018-03-13,2017-12-12,First-Time Buyer Campaign
656,TEC-AC-10002006,3,8285.00,2018-06-08,2018-04-03,First-Time Buyer Campaign
856,TEC-PH-10004908,6,17384.00,2017-10-09,2017-03-28,Retargeting
136,OFF-BI-10000138,5,14041.00,2017-09-14,2017-06-18,Discount
870,TEC-AC-10002926,6,16772.00,2018-01-14,2017-01-18,Retargeting
1144,OFF-PA-10000809,1,13599.00,2017-12-29,2017-05-03,Flash Sale
980,OFF-ST-10000877,4,11145.00,2017-12-18,2017-03-01,Retargeting
862,FUR-FU-10004622,1,15276.00,2017-05-18,2017-01-25,Discount
607,TEC-PH-10003800,7,20139.00,2018-02-11,2017-10-03,Conversion Campaign
199,FUR-CH-10004495,7,11323.00,2018-02-05,2017-02-03,Engagement Campaign
313,FUR-CH-10004495,1,7463.00,2018-02-01,2017-04-01,Win-Back Campaign
532,FUR-CH-10004495,5,13095.00,2018-01-20,2017-08-14,Flash Sale
1433,FUR-CH-10004495,3,6209.00,2018-01-27,2017-06-08,Loyalty Campaign
318,OFF-PA-10004475,5,35370.00,2017-11-21,2017-07-02,Brand Awareness
1216,FUR-FU-10001889,2,14168.00,2018-06-17,2017-06-15,Win-Back Campaign
1410,FUR-FU-10001889,1,10431.00,2018-06-01,2017-07-06,Flash Sale
186,FUR-FU-10003708,5,10465.00,2018-04-02,2017-07-03,First-Time Buyer Campaign
284,OFF-EN-10001335,4,16520.00,2017-11-03,2017-08-07,Discount
1346,OFF-EN-10001335,7,7912.00,2017-11-29,2017-07-24,Retargeting
1408,OFF-PA-10000327,5,9610.00,2018-06-02,2018-03-28,Flash Sale
1100,OFF-ST-10000078,1,7917.00,2018-07-25,2017-11-22,Flash Sale
203,FUR-FU-10001379,7,12064.00,2017-07-02,2016-11-21,First-Time Buyer Campaign
729,OFF-AR-10000588,7,32482.00,2018-08-25,2018-06-04,Product Launch
115,TEC-AC-10001013,1,9821.00,2017-08-27,2017-05-07,Discount
520,TEC-AC-10001013,1,13865.00,2017-08-04,2017-02-10,Loyalty Campaign
722,TEC-AC-10001013,3,34830.00,2017-09-08,2017-01-22,Seasonal Sale
1260,TEC-AC-10001013,2,10135.00,2017-08-23,2017-02-21,Loyalty Campaign
1341,TEC-AC-10001013,3,7062.00,2017-08-20,2017-06-24,First-Time Buyer Campaign
283,TEC-MA-10000752,6,17908.00,2018-02-12,2017-12-13,First-Time Buyer Campaign
398,FUR-FU-10004586,7,17441.00,2018-08-24,2018-07-01,Seasonal Sale
1022,FUR-FU-10004586,7,40698.00,2018-08-03,2017-11-13,Product Launch
384,OFF-BI-10003982,5,6220.00,2017-02-20,2016-08-14,Flash Sale
1304,OFF-BI-10003982,5,13016.00,2017-02-16,2016-04-11,Flash Sale
1448,OFF-BI-10003982,5,5642.00,2017-03-14,2016-09-30,Flash Sale
874,OFF-LA-10002312,4,32575.00,2018-01-02,2017-09-26,Seasonal Sale
801,FUR-TA-10001520,1,14233.00,2017-12-24,2017-02-18,Flash Sale
1049,FUR-TA-10001520,6,39499.00,2017-12-12,2017-11-03,Product Launch
1102,FUR-TA-10001520,1,8409.00,2017-12-15,2017-07-19,Loyalty Campaign
320,OFF-BI-10001031,5,44226.00,2017-12-11,2017-01-22,Product Launch
1437,OFF-FA-10001883,4,13578.00,2017-12-19,2017-06-23,Engagement Campaign
258,OFF-ST-10001713,7,11475.00,2017-12-26,2017-05-28,Win-Back Campaign
210,OFF-LA-10004853,5,10266.00,2017-12-10,2017-08-13,Flash Sale
808,OFF-LA-10004853,6,11380.00,2017-12-28,2017-02-06,Flash Sale
629,OFF-SU-10000646,5,17567.00,2018-04-01,2017-07-20,Retargeting
819,OFF-SU-10000646,1,8004.00,2018-04-26,2017-11-17,Retargeting
208,OFF-BI-10004233,2,55125.00,2018-07-01,2017-10-17,Brand Awareness
230,FUR-FU-10000723,2,32871.00,2018-06-29,2017-09-27,Brand Awareness
1128,FUR-FU-10000723,5,28032.00,2018-06-27,2018-04-27,Seasonal Sale
219,OFF-LA-10003190,7,51105.00,2017-10-30,2017-02-22,Brand Awareness
522,TEC-AC-10001109,6,13147.00,2017-12-04,2017-10-04,First-Time Buyer Campaign
845,OFF-FA-10003485,2,9162.00,2017-11-29,2017-01-08,Discount
685,FUR-CH-10000225,1,16784.00,2017-11-28,2017-03-28,Discount
1535,FUR-CH-10000225,1,10966.00,2018-01-03,2017-10-10,First-Time Buyer Campaign
407,FUR-FU-10003347,5,11123.00,2017-12-04,2017-06-27,Retargeting
1505,OFF-AR-10002053,5,8355.00,2017-12-06,2017-07-23,Loyalty Campaign
800,TEC-PH-10004100,1,23377.00,2017-12-06,2016-12-29,Conversion Campaign
1557,TEC-PH-10004100,5,42198.00,2017-12-20,2016-12-29,Brand Awareness
727,OFF-FA-10000992,2,20480.00,2017-08-26,2017-06-01,Engagement Campaign
135,OFF-AR-10000390,3,24888.00,2017-09-19,2016-10-10,Engagement Campaign
1351,OFF-AR-10000390,5,11337.00,2017-08-26,2017-02-04,First-Time Buyer Campaign
165,FUR-FU-10001424,7,32610.00,2017-08-22,2016-12-15,Seasonal Sale
1443,OFF-FA-10001332,1,51328.00,2017-08-27,2017-07-17,Brand Awareness
873,FUR-FU-10003664,2,15421.00,2017-03-11,2016-03-09,Retargeting
900,OFF-FA-10003059,7,27262.00,2018-09-09,2018-06-27,Brand Awareness
294,TEC-MA-10000822,5,15488.00,2018-05-24,2017-10-30,Win-Back Campaign
1375,OFF-BI-10003719,3,16800.00,2018-06-02,2018-01-31,Conversion Campaign
835,OFF-BI-10001670,7,6515.00,2018-06-18,2017-09-10,Win-Back Campaign
1036,OFF-AR-10001427,6,15028.00,2017-10-28,2017-01-24,Seasonal Sale
797,FUR-TA-10004607,4,7866.00,2017-11-28,2016-11-23,Retargeting
1531,TEC-PH-10004977,6,17663.00,2017-08-27,2016-08-15,Seasonal Sale
200,FUR-FU-10000550,3,10338.00,2017-06-14,2016-11-08,Retargeting
589,FUR-FU-10000550,2,20474.00,2017-06-28,2016-07-26,Conversion Campaign
984,FUR-FU-10000550,3,9618.00,2017-07-03,2016-11-17,Win-Back Campaign
858,FUR-FU-10001468,3,11007.00,2018-05-17,2018-02-09,Retargeting
1499,FUR-FU-10001468,3,15449.00,2018-05-06,2017-04-24,Discount
853,OFF-AR-10000940,3,13011.00,2018-06-02,2017-09-05,Conversion Campaign
1048,OFF-PA-10001800,1,11604.00,2018-07-21,2017-06-22,First-Time Buyer Campaign
287,OFF-PA-10004101,3,24480.00,2017-10-14,2017-01-24,Conversion Campaign
1294,OFF-PA-10004101,3,6836.00,2017-11-06,2017-07-23,First-Time Buyer Campaign
128,OFF-EN-10001415,5,26602.00,2017-07-19,2017-01-02,Product Launch
673,OFF-EN-10001415,7,33663.00,2017-07-19,2016-08-12,Brand Awareness
343,OFF-BI-10003718,1,13303.00,2017-12-20,2017-06-17,First-Time Buyer Campaign
732,OFF-BI-10003718,7,5714.00,2017-12-27,2016-12-08,Loyalty Campaign
778,OFF-BI-10003718,5,14188.00,2017-12-19,2017-07-11,Win-Back Campaign
133,OFF-ST-10002301,4,48765.00,2018-08-03,2017-10-12,Brand Awareness
1117,OFF-ST-10002301,4,14966.00,2018-08-28,2018-02-01,Loyalty Campaign
562,FUR-BO-10004834,4,28157.00,2018-08-05,2017-10-03,Conversion Campaign
1081,OFF-BI-10004410,4,40723.00,2018-03-15,2018-01-20,Brand Awareness
1194,OFF-BI-10004410,4,39006.00,2018-03-03,2017-10-25,Product Launch
596,OFF-LA-10003510,3,10642.00,2018-03-09,2017-12-02,Discount
1510,OFF-LA-10003510,6,44720.00,2018-04-03,2017-11-04,Brand Awareness
1241,OFF-BI-10004593,3,33417.00,2018-02-27,2017-12-13,Brand Awareness
1497,OFF-BI-10004593,2,47990.00,2018-03-09,2017-09-16,Brand Awareness
371,OFF-ST-10001490,2,13285.00,2018-01-25,2017-07-17,Engagement Campaign
997,OFF-ST-10001490,7,23209.00,2018-02-12,2017-08-14,Engagement Campaign
749,OFF-BI-10002215,6,45456.00,2018-02-23,2017-07-14,Brand Awareness
878,OFF-BI-10002215,7,42387.00,2018-02-01,2017-02-10,Product Launch
712,FUR-CH-10001146,7,14175.00,2018-02-25,2017-05-10,Discount
982,FUR-CH-10001146,2,39008.00,2018-02-25,2017-09-02,Brand Awareness
1275,OFF-AR-10001860,5,52158.00,2017-11-01,2017-09-25,Brand Awareness
196,OFF-PA-10003657,3,10223.00,2018-09-03,2018-07-05,Flash Sale
204,OFF-BI-10002393,7,12020.00,2018-09-17,2017-09-02,Retargeting
420,OFF-BI-10002393,3,8827.00,2018-09-17,2017-10-02,Loyalty Campaign
1553,OFF-ST-10000689,3,16439.00,2017-05-28,2017-01-02,First-Time Buyer Campaign
452,FUR-CH-10002961,3,8348.00,2017-05-29,2016-11-26,Retargeting
358,FUR-FU-10004665,1,9875.00,2017-05-18,2016-07-29,First-Time Buyer Campaign
985,TEC-PH-10003555,7,6396.00,2018-03-24,2017-09-14,Win-Back Campaign
1080,TEC-PH-10003555,7,37919.00,2018-03-22,2017-09-13,Seasonal Sale
514,OFF-LA-10004484,6,6284.00,2018-03-31,2017-07-17,Win-Back Campaign
167,FUR-CH-10004626,3,6841.00,2018-03-23,2017-03-14,First-Time Buyer Campaign
439,TEC-AC-10004396,2,8803.00,2018-05-18,2018-04-15,Flash Sale
403,OFF-FA-10000490,1,37328.00,2018-03-08,2017-11-06,Brand Awareness
828,FUR-TA-10001676,3,8149.00,2018-08-27,2018-04-26,Discount
1136,OFF-AP-10002734,6,14833.00,2018-04-23,2017-05-04,Loyalty Campaign
1195,OFF-AP-10002734,3,9190.00,2018-04-27,2017-06-10,Flash Sale
1522,OFF-AP-10002734,6,20361.00,2018-04-21,2017-08-22,Engagement Campaign
794,OFF-LA-10001404,1,10137.00,2018-04-07,2017-04-08,Engagement Campaign
101,OFF-BI-10002949,2,34990.00,2018-04-30,2017-07-25,Product Launch
1103,TEC-AC-10003280,3,48099.00,2018-04-20,2017-09-28,Product Launch
571,OFF-PA-10000007,7,24987.00,2018-05-13,2017-12-17,Conversion Campaign
1307,OFF-PA-10000007,6,11268.00,2018-04-28,2017-11-24,Engagement Campaign
1520,OFF-PA-10000007,1,15497.00,2018-05-17,2017-10-05,Win-Back Campaign
323,FUR-CH-10004983,3,13054.00,2018-05-24,2017-06-30,Win-Back Campaign
1558,FUR-CH-10004983,3,49054.00,2018-05-10,2017-12-27,Product Launch
237,TEC-PH-10002890,7,16151.00,2018-04-13,2017-09-09,Discount
1561,TEC-PH-10002890,2,16346.00,2018-04-07,2017-09-21,First-Time Buyer Campaign
411,FUR-FU-10000448,5,16175.00,2018-09-02,2018-01-22,Retargeting
882,FUR-FU-10000448,1,9962.00,2018-08-16,2017-11-10,Flash Sale
1139,OFF-LA-10003923,7,6197.00,2018-09-19,2018-03-21,Win-Back Campaign
825,OFF-AR-10003759,7,57281.00,2017-12-20,2017-05-17,Brand Awareness
126,TEC-PH-10001809,2,37736.00,2018-05-16,2017-07-02,Brand Awareness
181,OFF-ST-10000798,3,31368.00,2017-09-17,2017-06-19,Product Launch
565,OFF-ST-10000798,6,31754.00,2017-10-01,2017-08-02,Product Launch
266,OFF-SU-10000381,4,13901.00,2017-10-21,2017-05-29,Flash Sale
413,TEC-AC-10002345,5,40898.00,2017-11-24,2017-08-27,Brand Awareness
467,TEC-AC-10002345,6,28111.00,2017-11-27,2017-05-25,Conversion Campaign
1292,TEC-AC-10002345,4,9978.00,2017-11-17,2017-09-07,Win-Back Campaign
1005,OFF-AP-10002684,6,15089.00,2017-11-11,2017-06-05,Win-Back Campaign
242,OFF-BI-10001525,7,10430.00,2017-07-22,2016-11-10,Flash Sale
803,OFF-LA-10003720,6,27630.00,2018-09-01,2018-04-10,Conversion Campaign
1191,OFF-PA-10000019,5,14896.00,2017-09-14,2017-03-28,Loyalty Campaign
1316,OFF-AR-10000914,4,5938.00,2017-07-07,2017-05-15,Loyalty Campaign
776,FUR-FU-10001215,7,23519.00,2018-02-18,2017-04-25,Engagement Campaign
913,FUR-FU-10001215,7,18296.00,2018-02-10,2017-02-15,Conversion Campaign
958,OFF-ST-10002756,6,58386.00,2018-03-05,2017-08-17,Brand Awareness
1458,OFF-ST-10002756,5,16739.00,2018-03-03,2017-04-01,Conversion Campaign
194,FUR-CH-10004698,2,22572.00,2018-07-13,2017-10-24,Conversion Campaign
457,FUR-CH-10004698,5,17078.00,2018-06-09,2018-04-13,Conversion Campaign
1078,FUR-CH-10004698,7,11363.00,2018-06-29,2017-09-12,Engagement Campaign
1441,OFF-AR-10003752,4,8367.00,2017-09-03,2016-12-01,Win-Back Campaign
910,OFF-PA-10001970,5,17451.00,2017-09-18,2016-12-20,Conversion Campaign
1492,OFF-PA-10001970,2,24036.00,2017-09-15,2017-04-05,Engagement Campaign
198,OFF-AP-10001492,5,10228.00,2018-03-24,2017-08-02,Win-Back Campaign
445,OFF-PA-10000061,6,11231.00,2018-05-20,2017-04-29,First-Time Buyer Campaign
684,OFF-ST-10003805,5,19316.00,2018-05-14,2017-10-19,Seasonal Sale
780,OFF-LA-10001934,1,5321.00,2018-07-15,2017-11-02,Flash Sale
1434,OFF-LA-10001934,7,13446.00,2018-08-09,2017-09-16,Retargeting
1192,FUR-BO-10003965,5,30283.00,2018-01-27,2017-04-14,Brand Awareness
1172,TEC-AC-10004469,1,8200.00,2017-12-28,2017-07-31,Retargeting
1107,FUR-TA-10002903,1,12182.00,2018-01-09,2017-04-14,Win-Back Campaign
578,OFF-PA-10001307,2,15958.00,2018-07-08,2018-04-19,First-Time Buyer Campaign
1264,OFF-BI-10003676,7,9492.00,2018-07-29,2017-08-25,Loyalty Campaign
905,OFF-BI-10004022,3,10225.00,2017-06-25,2016-12-01,Discount
1579,OFF-BI-10004022,1,35644.00,2017-05-27,2017-04-28,Seasonal Sale
247,FUR-TA-10001039,2,15550.00,2018-01-01,2017-10-22,Engagement Campaign
1431,OFF-BI-10002735,1,45796.00,2017-10-01,2017-01-20,Brand Awareness
795,OFF-BI-10002353,5,13172.00,2018-05-08,2017-05-07,Flash Sale
414,OFF-BI-10003707,6,29637.00,2018-04-04,2017-10-11,Conversion Campaign
1068,OFF-BI-10003707,7,29553.00,2018-04-27,2017-08-29,Conversion Campaign
1430,OFF-BI-10003707,7,19132.00,2018-04-08,2017-11-27,Engagement Campaign
1006,OFF-ST-10002214,1,41567.00,2018-03-31,2017-12-29,Brand Awareness
1133,OFF-ST-10002214,1,14135.00,2018-03-26,2017-04-15,First-Time Buyer Campaign
812,OFF-BI-10002072,3,16878.00,2018-09-12,2018-04-10,Discount
880,OFF-FA-10002815,1,14905.00,2018-04-20,2018-01-27,Win-Back Campaign
1503,OFF-ST-10001469,2,10892.00,2017-05-20,2017-02-17,Win-Back Campaign
274,OFF-PA-10000533,7,9913.00,2017-05-26,2016-06-21,Discount
464,OFF-PA-10000533,1,23155.00,2017-06-04,2016-06-30,Engagement Campaign
1001,OFF-PA-10000533,2,6751.00,2017-06-07,2017-03-04,Loyalty Campaign
1031,OFF-PA-10000533,1,13146.00,2017-06-08,2016-11-01,Retargeting
802,FUR-TA-10001539,1,6117.00,2017-11-13,2017-07-31,Flash Sale
834,FUR-TA-10001539,4,11328.00,2017-11-13,2017-02-25,First-Time Buyer Campaign
876,OFF-PA-10000673,7,38760.00,2017-12-24,2017-08-25,Product Launch
970,OFF-BI-10000343,5,25222.00,2018-01-16,2016-12-11,Product Launch
218,OFF-PA-10001569,2,8228.00,2018-10-01,2017-10-01,Flash Sale
1311,FUR-FU-10004748,7,24192.00,2018-04-17,2017-07-12,Seasonal Sale
1347,FUR-FU-10004748,7,17427.00,2018-05-20,2018-01-21,First-Time Buyer Campaign
633,TEC-MA-10002428,3,7443.00,2018-04-24,2017-08-13,Win-Back Campaign
1542,OFF-AR-10003373,5,7527.00,2018-09-01,2017-11-02,Win-Back Campaign
1399,OFF-AP-10004708,5,20999.00,2018-02-16,2017-11-06,Engagement Campaign
1364,TEC-PH-10000586,6,14788.00,2018-03-10,2017-09-19,Win-Back Campaign
1470,TEC-PH-10000586,2,10178.00,2018-03-15,2017-09-26,Flash Sale
1593,TEC-PH-10003885,3,12147.00,2018-06-12,2017-05-23,First-Time Buyer Campaign
1328,OFF-BI-10000014,6,13360.00,2018-06-27,2017-07-06,Win-Back Campaign
419,TEC-AC-10003628,6,11000.00,2017-07-31,2016-11-18,Engagement Campaign
602,TEC-AC-10003628,4,11549.00,2017-07-31,2016-10-29,Discount
1482,OFF-BI-10004967,7,9193.00,2018-04-29,2017-05-26,Loyalty Campaign
789,FUR-CH-10002439,2,16551.00,2018-09-16,2018-02-13,Retargeting
436,OFF-PA-10003016,6,7251.00,2018-07-06,2018-03-07,Flash Sale
1414,OFF-AR-10001897,2,7006.00,2018-07-30,2018-02-12,Loyalty Campaign
1584,OFF-BI-10002827,3,18797.00,2018-08-20,2017-09-22,Seasonal Sale
1501,TEC-AC-10002842,4,11936.00,2017-12-09,2017-05-21,Win-Back Campaign
1374,OFF-AP-10002350,6,12733.00,2018-02-13,2017-06-26,Conversion Campaign
741,OFF-BI-10001107,3,11550.00,2017-09-18,2017-03-20,Flash Sale
1337,OFF-BI-10001107,6,8497.00,2017-08-26,2017-06-28,Win-Back Campaign
1489,OFF-BI-10001107,3,26530.00,2017-09-15,2016-11-11,Brand Awareness
1322,OFF-AR-10000657,5,11836.00,2017-09-05,2016-09-16,First-Time Buyer Campaign
921,FUR-TA-10002958,4,21954.00,2017-08-20,2017-04-18,Product Launch
950,FUR-TA-10002958,5,6277.00,2017-07-23,2017-05-25,Flash Sale
952,OFF-AR-10003158,6,22457.00,2017-05-29,2017-03-10,Seasonal Sale
1156,OFF-AR-10003158,6,7032.00,2017-06-16,2016-08-19,Flash Sale
1384,FUR-FU-10000747,5,10611.00,2017-10-09,2016-10-04,First-Time Buyer Campaign
711,TEC-AC-10004568,2,14239.00,2018-05-23,2018-01-08,Retargeting
911,TEC-AC-10004568,5,30946.00,2018-04-26,2017-09-28,Seasonal Sale
338,OFF-BI-10004506,2,14955.00,2018-08-15,2017-11-15,Flash Sale
430,OFF-BI-10004506,4,33855.00,2018-08-29,2017-11-14,Seasonal Sale
1146,OFF-BI-10004506,1,48385.00,2018-08-31,2017-09-25,Product Launch
1211,OFF-BI-10004506,5,37397.00,2018-08-21,2017-11-09,Product Launch
769,OFF-PA-10004100,1,10750.00,2018-08-19,2018-03-14,Flash Sale
903,TEC-PH-10001459,6,13518.00,2017-11-30,2017-01-09,Loyalty Campaign
459,OFF-AR-10002067,6,55108.00,2017-02-14,2016-11-26,Brand Awareness
977,TEC-PH-10003273,3,13753.00,2017-03-05,2016-07-29,First-Time Buyer Campaign
760,FUR-FU-10004848,7,7751.00,2018-04-23,2018-01-16,Loyalty Campaign
993,FUR-FU-10004848,7,30558.00,2018-04-16,2018-03-11,Seasonal Sale
1382,FUR-FU-10004848,1,6784.00,2018-04-19,2017-05-01,Win-Back Campaign
270,OFF-ST-10003716,6,22700.00,2017-06-08,2017-01-02,Seasonal Sale
1240,OFF-ST-10003716,3,26315.00,2017-06-16,2017-03-17,Conversion Campaign
331,OFF-AP-10002867,1,23863.00,2017-06-07,2016-08-01,Engagement Campaign
923,OFF-AP-10002867,6,51229.00,2017-06-06,2017-03-04,Brand Awareness
813,OFF-BI-10000315,1,28828.00,2018-08-07,2018-06-01,Conversion Campaign
592,OFF-BI-10002609,6,55511.00,2018-08-27,2017-12-13,Brand Awareness
1336,OFF-BI-10002609,5,37222.00,2018-08-24,2018-07-05,Seasonal Sale
622,FUR-FU-10002963,3,11839.00,2018-06-12,2018-02-14,First-Time Buyer Campaign
600,TEC-AC-10004571,4,45097.00,2018-07-07,2017-10-02,Brand Awareness
1008,TEC-AC-10004571,7,35655.00,2018-06-12,2018-02-11,Product Launch
890,OFF-PA-10000575,1,16771.00,2017-05-28,2016-09-28,Discount
1181,OFF-PA-10000575,3,6777.00,2017-06-01,2016-05-29,First-Time Buyer Campaign
236,OFF-SU-10004884,1,37901.00,2017-06-02,2017-03-29,Product Launch
1157,OFF-SU-10004884,2,38014.00,2017-05-19,2016-05-23,Brand Awareness
1327,OFF-SU-10004884,3,48523.00,2017-06-03,2016-10-05,Product Launch
376,OFF-PA-10002659,1,20925.00,2018-01-01,2016-12-24,Seasonal Sale
736,OFF-PA-10002659,1,15310.00,2017-12-26,2016-12-23,Seasonal Sale
212,OFF-ST-10000585,6,17771.00,2017-08-29,2017-01-26,Discount
1577,OFF-ST-10000585,3,6334.00,2017-08-29,2017-05-27,Flash Sale
387,TEC-PH-10001835,2,16661.00,2018-02-22,2017-12-22,Seasonal Sale
1196,FUR-BO-10003966,3,12132.00,2018-08-18,2018-03-05,Loyalty Campaign
1429,OFF-ST-10000604,3,10207.00,2018-04-25,2018-01-08,Discount
1514,OFF-ST-10000604,5,7679.00,2018-05-20,2018-03-20,Loyalty Campaign
987,OFF-AR-10004042,1,44777.00,2018-04-29,2018-02-14,Brand Awareness
926,OFF-PA-10001815,4,9736.00,2018-04-25,2017-11-30,Discount
487,OFF-PA-10004405,3,28390.00,2018-01-16,2017-07-23,Product Launch
1590,TEC-AC-10002942,6,9452.00,2018-02-15,2017-02-23,Flash Sale
1383,OFF-AR-10001044,4,27154.00,2018-01-22,2017-07-20,Conversion Campaign
1344,OFF-AP-10001058,1,11943.00,2018-02-16,2017-12-13,First-Time Buyer Campaign
743,OFF-AP-10002311,2,17742.00,2018-03-21,2017-02-23,Discount
385,OFF-BI-10002412,3,26403.00,2017-11-02,2017-07-22,Brand Awareness
601,TEC-AC-10001432,7,5252.00,2018-03-28,2017-11-15,Loyalty Campaign
665,TEC-AC-10001432,2,39461.00,2018-03-28,2017-04-11,Seasonal Sale
1282,TEC-AC-10001432,7,12871.00,2018-04-01,2017-09-21,Win-Back Campaign
1454,TEC-AC-10001432,2,31734.00,2018-04-01,2017-11-10,Seasonal Sale
1044,OFF-EN-10003001,3,18098.00,2017-12-16,2017-10-20,Engagement Campaign
843,TEC-AC-10000736,3,33525.00,2017-09-10,2017-03-25,Brand Awareness
956,TEC-AC-10000736,7,14321.00,2017-09-30,2017-05-28,Flash Sale
1039,TEC-AC-10000736,7,17715.00,2017-09-08,2016-11-02,Discount
388,TEC-AC-10001552,5,15763.00,2018-03-19,2017-04-24,Win-Back Campaign
581,TEC-AC-10001552,1,13910.00,2018-03-27,2017-09-08,Loyalty Campaign
213,OFF-AR-10002445,7,11578.00,2018-03-25,2017-03-17,Discount
1138,OFF-AR-10002445,1,49648.00,2018-03-23,2017-12-17,Brand Awareness
332,OFF-BI-10000145,2,37404.00,2018-08-31,2018-01-06,Product Launch
426,FUR-CH-10003817,1,17248.00,2017-09-13,2016-10-11,Retargeting
548,TEC-PH-10000376,7,39367.00,2017-09-05,2017-07-25,Brand Awareness
1237,TEC-PH-10000376,2,5090.00,2017-10-06,2017-02-23,Loyalty Campaign
232,OFF-BI-10002931,6,8497.00,2017-09-16,2016-11-14,Discount
490,OFF-BI-10002931,6,32924.00,2017-09-06,2017-03-13,Product Launch
750,OFF-BI-10002931,7,11191.00,2017-10-10,2017-07-03,Discount
831,TEC-MA-10001148,1,14648.00,2017-09-03,2017-03-27,Discount
639,TEC-PH-10004120,7,13084.00,2018-07-10,2018-01-03,Retargeting
1266,TEC-PH-10004120,7,42610.00,2018-06-14,2017-10-29,Product Launch
175,OFF-AR-10003190,1,14093.00,2018-07-01,2017-07-01,First-Time Buyer Campaign
751,OFF-ST-10002790,4,21214.00,2018-07-18,2018-04-05,Conversion Campaign
1254,OFF-ST-10002790,5,5267.00,2018-07-15,2017-12-05,Loyalty Campaign
312,OFF-PA-10003797,5,14805.00,2018-04-21,2017-09-29,Retargeting
859,OFF-PA-10003797,6,11458.00,2018-04-18,2017-08-01,Retargeting
205,FUR-CH-10004754,3,40881.00,2018-04-06,2017-07-25,Brand Awareness
1179,FUR-CH-10004754,2,12351.00,2018-04-22,2017-06-24,Retargeting
1371,FUR-CH-10004754,7,38600.00,2018-05-01,2018-02-22,Brand Awareness
1521,FUR-CH-10004754,3,7305.00,2018-04-04,2017-10-14,Flash Sale
1310,FUR-TA-10004152,4,6915.00,2017-10-30,2017-05-29,First-Time Buyer Campaign
399,OFF-PA-10004359,2,18897.00,2018-06-04,2018-03-05,Conversion Campaign
1517,OFF-PA-10004359,1,13042.00,2018-05-09,2018-01-18,Flash Sale
225,TEC-AC-10000171,6,39435.00,2018-07-22,2018-03-07,Seasonal Sale
642,TEC-AC-10000171,5,10130.00,2018-07-12,2017-10-17,Engagement Campaign
1155,TEC-AC-10000171,4,8455.00,2018-07-06,2018-04-19,Retargeting
1487,TEC-AC-10000171,7,11728.00,2018-07-07,2017-08-07,Win-Back Campaign
437,OFF-FA-10000735,2,5695.00,2017-04-28,2017-02-18,Flash Sale
207,OFF-AP-10002518,7,34267.00,2018-03-07,2017-07-17,Seasonal Sale
308,OFF-AP-10002518,4,9894.00,2018-03-04,2017-03-31,Discount
381,OFF-AP-10002518,5,5104.00,2018-02-22,2017-03-29,Loyalty Campaign
693,OFF-AP-10002518,5,27298.00,2018-02-26,2017-11-13,Product Launch
1227,OFF-AP-10002518,6,7883.00,2018-02-26,2017-06-06,Win-Back Campaign
1439,OFF-AP-10002518,7,28870.00,2018-02-19,2017-03-06,Conversion Campaign
1538,OFF-AP-10002518,3,24699.00,2018-03-12,2017-07-11,Conversion Campaign
1137,FUR-BO-10002853,7,9204.00,2018-06-20,2018-03-03,Retargeting
249,OFF-BI-10002557,4,15615.00,2018-02-01,2017-08-24,Retargeting
647,TEC-PH-10000984,7,15042.00,2018-01-21,2017-06-04,Win-Back Campaign
908,TEC-PH-10000984,7,21886.00,2018-02-08,2017-05-26,Engagement Campaign
659,OFF-SU-10004498,1,27340.00,2017-05-17,2016-11-30,Product Launch
796,OFF-SU-10004498,5,7168.00,2017-05-14,2016-12-10,Flash Sale
351,TEC-PH-10002185,4,11827.00,2018-02-02,2017-09-07,Loyalty Campaign
187,FUR-CH-10004289,3,10427.00,2018-04-09,2017-07-06,Engagement Campaign
1491,OFF-PA-10002377,1,6579.00,2018-04-04,2017-06-01,Flash Sale
368,FUR-TA-10002774,6,15011.00,2018-06-26,2017-08-28,Engagement Campaign
999,FUR-TA-10002774,5,11919.00,2018-06-03,2018-03-25,Loyalty Campaign
374,OFF-AR-10001545,4,5556.00,2018-06-24,2017-09-23,Loyalty Campaign
1011,OFF-AR-10001545,2,36708.00,2018-06-08,2017-08-09,Brand Awareness
1111,OFF-AR-10001545,7,10714.00,2018-06-28,2018-02-24,Flash Sale
1413,OFF-AR-10001545,1,7901.00,2018-06-29,2017-08-19,First-Time Buyer Campaign
889,OFF-PA-10002365,3,14838.00,2017-11-10,2017-01-04,Flash Sale
1323,OFF-ST-10001325,2,58762.00,2017-10-10,2016-12-13,Brand Awareness
627,OFF-EN-10003055,5,41108.00,2017-11-12,2017-03-22,Brand Awareness
885,FUR-FU-10002685,2,26242.00,2018-01-10,2017-11-10,Product Launch
1286,FUR-CH-10002372,1,16369.00,2018-01-09,2017-01-05,Retargeting
1203,OFF-BI-10002794,1,22317.00,2018-05-11,2017-08-08,Conversion Campaign
955,FUR-CH-10002647,5,14087.00,2017-08-01,2016-09-29,First-Time Buyer Campaign
1506,FUR-CH-10002647,5,14788.00,2017-07-08,2017-05-24,Conversion Campaign
269,FUR-FU-10003731,1,6591.00,2018-09-18,2018-07-01,Win-Back Campaign
1097,FUR-FU-10003731,2,15220.00,2018-08-30,2018-06-24,First-Time Buyer Campaign
623,OFF-SU-10000151,3,10533.00,2018-08-25,2018-02-18,Flash Sale
1073,OFF-SU-10000151,4,55445.00,2018-08-19,2017-11-22,Brand Awareness
1466,OFF-SU-10000151,3,6334.00,2018-09-19,2018-06-18,Flash Sale
1072,OFF-BI-10002071,4,9078.00,2018-09-16,2017-09-08,Retargeting
597,TEC-PH-10002885,7,9973.00,2018-06-15,2018-04-08,First-Time Buyer Campaign
821,TEC-PH-10002885,2,16517.00,2018-06-28,2017-12-27,Retargeting
1333,TEC-CO-10001943,4,24889.00,2018-06-21,2017-12-11,Engagement Campaign
584,OFF-ST-10002352,7,9547.00,2017-09-25,2016-09-23,Retargeting
1396,OFF-AR-10003179,6,38626.00,2017-10-17,2017-03-03,Product Launch
494,OFF-AR-10001446,5,9942.00,2017-12-12,2017-10-05,Discount
1475,OFF-PA-10004040,1,17472.00,2017-12-07,2017-09-20,Retargeting
1583,OFF-ST-10001172,1,20939.00,2017-08-30,2017-07-31,Conversion Campaign
1550,OFF-BI-10001249,1,21570.00,2018-05-05,2017-08-10,Engagement Campaign
209,OFF-ST-10001522,6,7149.00,2018-04-26,2017-12-22,Loyalty Campaign
1299,FUR-BO-10002598,1,34862.00,2017-11-10,2017-07-13,Brand Awareness
1115,FUR-CH-10003973,7,11288.00,2018-08-21,2018-04-10,Discount
1272,FUR-CH-10003973,5,42504.00,2018-08-24,2018-04-05,Brand Awareness
827,FUR-TA-10001095,1,15880.00,2017-09-11,2017-03-04,First-Time Buyer Campaign
895,OFF-FA-10003112,6,21081.00,2018-06-16,2018-04-17,Product Launch
502,FUR-TA-10002356,1,45794.00,2018-04-14,2017-05-21,Product Launch
106,FUR-CH-10004860,7,13934.00,2018-09-22,2018-01-25,First-Time Buyer Campaign
928,OFF-ST-10003994,5,27073.00,2018-09-19,2018-02-26,Seasonal Sale
1320,OFF-ST-10003994,2,10716.00,2018-10-06,2017-11-11,Win-Back Campaign
177,OFF-PA-10004675,7,9732.00,2017-05-29,2017-02-15,Win-Back Campaign
1126,OFF-AR-10001662,4,12944.00,2017-06-09,2016-06-07,Retargeting
493,OFF-BI-10004002,1,56426.00,2018-04-08,2017-04-07,Brand Awareness
1474,OFF-BI-10004002,4,13737.00,2018-03-22,2017-10-17,Engagement Campaign
1450,FUR-CH-10000309,7,6744.00,2017-03-22,2016-04-19,Flash Sale
657,OFF-BI-10004209,7,6318.00,2017-03-28,2016-11-06,Flash Sale
1088,TEC-PH-10000193,7,11864.00,2017-03-08,2016-09-30,Engagement Campaign
355,FUR-FU-10004864,1,36174.00,2017-03-11,2016-04-07,Seasonal Sale
1281,FUR-FU-10004864,3,14477.00,2017-04-06,2016-04-05,Flash Sale
189,OFF-AR-10000658,2,12035.00,2018-08-09,2017-07-23,Discount
1524,OFF-AR-10000658,7,18207.00,2018-07-31,2018-06-14,Discount
1050,TEC-AC-10001142,3,27349.00,2018-08-28,2017-11-08,Seasonal Sale
1480,TEC-AC-10001142,3,11780.00,2018-08-17,2018-01-13,First-Time Buyer Campaign
919,TEC-PH-10004093,6,29373.00,2018-02-14,2017-07-04,Conversion Campaign
798,OFF-ST-10001370,6,10431.00,2018-03-14,2017-09-14,Engagement Campaign
1314,OFF-ST-10001370,3,16747.00,2018-03-12,2017-11-29,First-Time Buyer Campaign
1362,OFF-ST-10001370,1,11060.00,2018-02-28,2017-04-20,Win-Back Campaign
1424,OFF-ST-10001370,5,16985.00,2018-02-20,2017-11-30,Discount
606,FUR-FU-10003601,2,14077.00,2017-12-27,2017-08-25,First-Time Buyer Campaign
164,TEC-PH-10001819,7,13971.00,2018-05-08,2017-11-30,Retargeting
476,TEC-PH-10001819,6,42334.00,2018-05-10,2018-01-28,Product Launch
113,FUR-BO-10002213,5,47633.00,2018-05-16,2017-04-11,Product Launch
348,FUR-BO-10002213,4,10822.00,2018-05-07,2017-05-09,Flash Sale
372,FUR-BO-10002213,3,18010.00,2018-04-27,2018-02-10,Engagement Campaign
1230,OFF-AP-10001947,3,25713.00,2017-12-18,2017-04-03,Seasonal Sale
386,OFF-AP-10004532,6,8693.00,2017-06-19,2016-10-11,Flash Sale
1231,OFF-PA-10000791,2,8860.00,2017-06-12,2016-07-16,Discount
1366,FUR-BO-10001601,5,49675.00,2017-04-16,2016-04-17,Brand Awareness
849,OFF-BI-10001757,4,13445.00,2018-04-12,2017-05-21,Discount
1125,OFF-BI-10001757,3,36620.00,2018-05-15,2017-08-20,Product Launch
1339,OFF-BI-10001757,7,29961.00,2018-05-12,2017-11-11,Seasonal Sale
408,OFF-BI-10001359,6,58347.00,2017-09-25,2017-07-20,Brand Awareness
1348,TEC-PH-10001079,4,28537.00,2018-03-06,2017-10-16,Brand Awareness
718,TEC-AC-10003399,2,36686.00,2018-03-15,2017-07-21,Seasonal Sale
1415,FUR-BO-10003546,5,42936.00,2018-03-26,2017-06-19,Product Launch
155,TEC-PH-10001305,1,52516.00,2018-01-13,2017-06-21,Brand Awareness
1184,TEC-PH-10001305,3,7485.00,2018-01-11,2017-04-17,Win-Back Campaign
470,OFF-BI-10002824,5,5246.00,2018-05-28,2017-10-27,Flash Sale
538,OFF-BI-10002824,4,11853.00,2018-05-03,2018-03-01,Retargeting
916,FUR-CH-10002084,6,10374.00,2018-02-01,2017-07-09,Retargeting
1380,OFF-ST-10000991,2,11918.00,2018-01-05,2017-07-22,Loyalty Campaign
1129,TEC-PH-10003092,2,19157.00,2018-01-16,2017-03-07,Seasonal Sale
757,OFF-ST-10002344,3,8184.00,2018-01-11,2017-01-08,Discount
632,TEC-PH-10000213,1,16818.00,2018-01-02,2016-12-19,Engagement Campaign
1386,TEC-PH-10000213,6,13292.00,2017-12-26,2016-12-19,Loyalty Campaign
1488,OFF-BI-10001036,2,11651.00,2017-12-09,2017-09-29,Engagement Campaign
298,OFF-BI-10000822,6,24389.00,2017-12-26,2017-08-16,Conversion Campaign
1067,FUR-FU-10000076,6,36572.00,2018-01-13,2017-03-26,Seasonal Sale
1267,FUR-FU-10000076,4,48631.00,2017-12-08,2017-10-12,Product Launch
1369,TEC-AC-10000682,7,23738.00,2017-11-04,2016-11-11,Seasonal Sale
474,OFF-PA-10001593,1,13932.00,2018-08-11,2018-01-13,Flash Sale
1576,OFF-PA-10001593,4,7819.00,2018-07-25,2017-08-24,First-Time Buyer Campaign
1518,OFF-AP-10003040,3,24097.00,2017-08-06,2017-05-20,Engagement Campaign
857,OFF-BI-10003925,6,23748.00,2018-01-24,2017-08-31,Seasonal Sale
1280,OFF-BI-10003925,6,9896.00,2018-01-18,2017-01-13,Discount
1387,OFF-BI-10003925,1,11860.00,2018-01-21,2017-06-08,Engagement Campaign
246,FUR-CH-10000847,3,14700.00,2018-05-08,2017-08-16,Discount
1390,OFF-ST-10003722,7,11060.00,2018-09-14,2018-03-22,Loyalty Campaign
1225,FUR-CH-10001270,6,10698.00,2018-09-13,2018-02-11,Win-Back Campaign
410,FUR-CH-10002044,7,45001.00,2018-03-08,2017-03-10,Product Launch
1092,FUR-FU-10002960,3,11925.00,2017-12-20,2017-05-20,First-Time Buyer Campaign
468,OFF-SU-10000952,2,19195.00,2017-03-16,2016-06-22,Conversion Campaign
1250,TEC-AC-10003174,5,25441.00,2018-09-07,2018-05-28,Brand Awareness
1149,TEC-PH-10000560,7,9743.00,2018-08-28,2018-03-31,Win-Back Campaign
350,FUR-CH-10001394,1,11399.00,2018-08-12,2018-01-16,Win-Back Campaign
103,FUR-FU-10000246,7,5633.00,2017-08-15,2017-03-19,Loyalty Campaign
704,FUR-FU-10000246,4,15394.00,2017-08-17,2016-11-04,Retargeting
696,OFF-ST-10004459,3,12784.00,2017-08-31,2016-09-03,First-Time Buyer Campaign
1377,OFF-ST-10004459,5,16486.00,2017-08-20,2017-02-25,Conversion Campaign
675,OFF-BI-10004492,3,13844.00,2018-05-22,2017-12-21,First-Time Buyer Campaign
892,TEC-AC-10000290,2,54924.00,2017-10-17,2017-06-11,Brand Awareness
498,OFF-PA-10001639,2,9760.00,2017-09-30,2016-10-17,Win-Back Campaign
645,OFF-PA-10004255,1,23013.00,2018-08-14,2018-05-10,Conversion Campaign
302,OFF-BI-10004465,3,32558.00,2018-08-04,2017-08-29,Product Launch
844,OFF-EN-10001539,5,48792.00,2018-08-21,2018-05-29,Brand Awareness
1061,FUR-CH-10002335,3,10445.00,2018-09-02,2018-01-19,Loyalty Campaign
1352,FUR-CH-10002335,2,13530.00,2018-08-22,2018-01-29,Retargeting
166,OFF-ST-10001590,4,15095.00,2018-05-21,2017-06-21,First-Time Buyer Campaign
832,FUR-CH-10000665,1,21623.00,2017-08-08,2017-03-21,Engagement Campaign
1053,FUR-CH-10000665,2,34623.00,2017-08-23,2017-05-30,Product Launch
809,FUR-FU-10002501,2,8937.00,2017-04-17,2016-09-06,First-Time Buyer Campaign
1004,FUR-FU-10002501,2,22023.00,2017-04-24,2016-12-18,Seasonal Sale
1564,FUR-FU-10002501,1,33253.00,2017-03-24,2017-02-01,Brand Awareness
588,OFF-PA-10001357,5,9774.00,2017-10-07,2016-11-02,Win-Back Campaign
968,OFF-PA-10001357,2,7776.00,2017-10-19,2017-06-21,First-Time Buyer Campaign
671,FUR-FU-10000758,3,34121.00,2017-09-19,2017-07-01,Seasonal Sale
972,FUR-FU-10000758,4,33224.00,2017-09-20,2017-04-27,Product Launch
130,FUR-FU-10000221,4,38480.00,2018-08-03,2017-08-19,Seasonal Sale
261,OFF-BI-10004600,1,5845.00,2018-08-07,2017-10-30,Loyalty Campaign
1532,FUR-FU-10002554,3,11194.00,2017-10-28,2017-06-06,Retargeting
1215,OFF-ST-10002957,7,5721.00,2017-11-24,2017-03-03,Loyalty Campaign
1356,OFF-ST-10002957,3,13897.00,2017-10-28,2017-06-21,Discount
1493,FUR-FU-10004053,5,15684.00,2018-09-13,2017-10-20,Discount
897,OFF-BI-10003094,5,12917.00,2017-10-31,2017-06-26,Loyalty Campaign
1108,OFF-BI-10003094,6,59477.00,2017-10-24,2017-04-07,Brand Awareness
664,OFF-EN-10003862,2,37721.00,2017-11-10,2017-07-25,Seasonal Sale
756,OFF-ST-10001328,2,11234.00,2017-10-15,2016-12-03,Loyalty Campaign
503,TEC-MA-10002930,7,11667.00,2017-11-08,2016-11-16,Engagement Campaign
815,TEC-MA-10002930,3,33630.00,2017-10-18,2017-02-13,Seasonal Sale
147,OFF-PA-10003892,4,26714.00,2017-09-02,2017-04-10,Product Launch
534,OFF-PA-10003892,2,12460.00,2017-09-17,2016-08-25,Win-Back Campaign
1592,OFF-PA-10003892,4,37647.00,2017-08-11,2017-07-05,Product Launch
936,TEC-AC-10001998,7,19598.00,2017-09-03,2017-04-08,Conversion Campaign
1342,TEC-AC-10001998,4,11020.00,2017-08-27,2017-03-08,Retargeting
678,FUR-FU-10004597,3,7625.00,2017-08-20,2016-12-25,First-Time Buyer Campaign
259,FUR-FU-10002253,6,27770.00,2018-03-26,2017-09-16,Conversion Campaign
768,TEC-PH-10003811,4,9796.00,2017-11-19,2016-12-21,Retargeting
1571,TEC-PH-10003811,2,46082.00,2017-11-02,2017-04-11,Brand Awareness
667,OFF-FA-10004854,6,11316.00,2018-03-22,2017-07-09,Discount
551,OFF-BI-10002103,7,15609.00,2018-03-07,2017-10-17,Win-Back Campaign
686,OFF-BI-10003981,6,18788.00,2018-01-08,2017-05-31,Engagement Campaign
569,TEC-AC-10002331,3,29025.00,2017-08-05,2016-12-23,Product Launch
485,OFF-PA-10000682,3,5733.00,2018-04-26,2018-01-30,Flash Sale
1142,OFF-BI-10004728,3,7118.00,2018-06-02,2017-04-25,First-Time Buyer Campaign
1113,OFF-EN-10004773,6,38656.00,2018-02-02,2017-10-02,Brand Awareness
989,FUR-FU-10002298,5,8294.00,2018-01-02,2017-08-13,Discount
1220,FUR-FU-10003799,1,25575.00,2017-04-28,2016-11-02,Seasonal Sale
309,OFF-PA-10000100,5,9125.00,2017-12-25,2017-04-18,First-Time Buyer Campaign
1331,OFF-AP-10000358,2,8581.00,2018-09-21,2018-07-13,Flash Sale
1376,OFF-AP-10001005,5,45789.00,2018-03-29,2017-10-07,Brand Awareness
1389,OFF-AP-10001005,3,22204.00,2018-03-17,2017-11-12,Engagement Campaign
766,OFF-AR-10003156,5,18899.00,2018-06-03,2017-12-05,Discount
367,OFF-AR-10002952,6,9573.00,2018-03-11,2017-11-09,Discount
981,FUR-FU-10000794,5,9727.00,2018-04-04,2017-04-03,Loyalty Campaign
227,TEC-PH-10001795,4,11508.00,2018-06-07,2018-02-14,Flash Sale
564,FUR-TA-10000688,6,9265.00,2018-06-03,2018-01-03,Retargeting
945,FUR-TA-10000688,6,26472.00,2018-05-30,2018-03-12,Seasonal Sale
168,FUR-TA-10002533,2,13111.00,2017-12-10,2017-05-19,Retargeting
1219,FUR-FU-10001847,6,25664.00,2017-11-17,2017-08-23,Conversion Campaign
1363,FUR-FU-10001847,5,19112.00,2017-11-21,2016-11-06,Engagement Campaign
517,FUR-CH-10004218,7,26622.00,2017-11-21,2017-07-23,Conversion Campaign
510,OFF-LA-10003498,7,14854.00,2018-03-05,2017-10-02,Loyalty Campaign
915,TEC-PH-10001552,5,11642.00,2018-03-19,2017-12-19,Engagement Campaign
917,OFF-AR-10004817,6,8983.00,2018-03-25,2017-08-26,Discount
864,OFF-FA-10002780,6,12550.00,2018-09-15,2018-04-26,Conversion Campaign
402,OFF-AP-10000179,6,20971.00,2018-01-18,2017-12-13,Conversion Campaign
440,OFF-AP-10000179,3,17547.00,2018-02-15,2017-02-12,Retargeting
185,TEC-MA-10000423,7,17165.00,2018-04-17,2017-10-30,Engagement Campaign
661,TEC-MA-10000423,4,14173.00,2018-03-29,2017-03-27,Engagement Campaign
962,FUR-FU-10000732,2,13924.00,2018-05-24,2018-04-11,Win-Back Campaign
1273,OFF-AP-10000696,6,17073.00,2017-04-26,2016-04-24,Discount
986,TEC-PH-10001580,5,18480.00,2018-08-31,2017-11-26,Seasonal Sale
1047,TEC-PH-10001580,3,12064.00,2018-08-19,2017-12-02,Engagement Campaign
1569,TEC-PH-10001580,4,17785.00,2018-08-24,2017-10-04,First-Time Buyer Campaign
1543,FUR-CH-10003535,3,8066.00,2018-09-13,2017-09-16,Flash Sale
477,FUR-CH-10002880,3,7241.00,2018-07-09,2017-08-14,Win-Back Campaign
1187,FUR-CH-10002880,7,26636.00,2018-06-26,2017-06-20,Brand Awareness
714,OFF-BI-10003364,1,23591.00,2018-06-28,2017-06-13,Engagement Campaign
171,OFF-AR-10003732,5,23886.00,2018-07-12,2017-07-01,Conversion Campaign
1060,OFF-AR-10002578,5,8609.00,2018-01-11,2017-11-19,Discount
754,FUR-BO-10001519,7,17388.00,2018-02-09,2017-08-07,Engagement Campaign
1472,OFF-SU-10000898,2,15746.00,2018-01-27,2017-06-04,Win-Back Campaign
163,TEC-AC-10000521,5,15885.00,2017-11-19,2017-07-01,First-Time Buyer Campaign
709,TEC-AC-10000521,2,29994.00,2017-11-13,2017-09-03,Seasonal Sale
614,OFF-PA-10001363,1,24463.00,2017-11-14,2017-07-18,Conversion Campaign
957,OFF-PA-10001363,5,7848.00,2017-11-09,2016-10-12,First-Time Buyer Campaign
1079,FUR-CH-10003298,2,6913.00,2017-11-03,2017-08-01,Loyalty Campaign
279,TEC-CO-10004202,4,15857.00,2017-11-09,2017-09-03,Retargeting
157,OFF-PA-10002464,1,20400.00,2018-02-19,2017-07-14,Seasonal Sale
1473,OFF-ST-10000675,2,8101.00,2018-03-11,2017-03-12,Win-Back Campaign
254,OFF-AR-10004648,6,7380.00,2017-11-17,2017-06-30,Retargeting
1312,OFF-AR-10004648,7,11983.00,2017-10-31,2016-11-11,Flash Sale
603,OFF-AR-10004999,4,10545.00,2018-03-30,2017-11-08,First-Time Buyer Campaign
1397,OFF-AR-10004999,7,25842.00,2018-04-03,2017-06-04,Seasonal Sale
539,OFF-ST-10003208,4,11396.00,2017-12-25,2017-03-05,Engagement Campaign
262,FUR-FU-10001861,3,15612.00,2017-03-27,2016-07-13,Win-Back Campaign
1058,FUR-FU-10001861,1,11933.00,2017-04-14,2016-04-17,Retargeting
1402,OFF-BI-10003527,2,12019.00,2017-04-04,2016-04-01,Engagement Campaign
1508,OFF-BI-10003527,2,8490.00,2017-03-11,2016-10-28,Flash Sale
1140,OFF-BI-10002571,3,40263.00,2018-04-21,2017-09-10,Brand Awareness
339,OFF-AP-10001563,4,18195.00,2018-04-20,2017-05-17,Conversion Campaign
341,TEC-PH-10002103,5,10010.00,2018-08-13,2018-02-18,Discount
424,FUR-FU-10000206,3,12139.00,2018-08-23,2018-04-10,Loyalty Campaign
1054,FUR-FU-10000206,7,19973.00,2018-08-30,2017-11-22,Engagement Campaign
591,OFF-SU-10004782,1,21130.00,2017-11-11,2017-02-14,Conversion Campaign
924,OFF-PA-10003673,6,18521.00,2018-07-29,2017-11-27,Engagement Campaign
1451,OFF-PA-10003673,6,26973.00,2018-08-13,2018-04-17,Conversion Campaign
267,OFF-EN-10003134,1,15969.00,2017-10-08,2017-02-11,First-Time Buyer Campaign
142,OFF-BI-10002003,3,27643.00,2017-10-14,2017-05-24,Conversion Campaign
195,OFF-AR-10003560,3,10248.00,2018-06-15,2017-12-08,First-Time Buyer Campaign
497,OFF-AR-10003560,7,11916.00,2018-06-22,2017-10-05,Engagement Campaign
929,OFF-PA-10003823,7,14199.00,2018-04-09,2018-01-11,Flash Sale
329,TEC-PH-10002415,4,7824.00,2017-07-14,2016-10-27,Loyalty Campaign
1246,OFF-ST-10000352,4,12332.00,2017-06-30,2017-01-01,Loyalty Campaign
153,OFF-AP-10004859,3,15005.00,2017-06-19,2017-03-06,Win-Back Campaign
1301,OFF-AP-10004859,5,26329.00,2017-06-30,2017-05-03,Brand Awareness
297,TEC-AC-10004633,1,13200.00,2018-03-19,2017-08-14,Win-Back Campaign
537,OFF-BI-10004970,3,39001.00,2017-08-05,2016-12-06,Product Launch
1148,OFF-BI-10004970,1,12565.00,2017-09-07,2017-06-03,Win-Back Campaign
846,OFF-PA-10003205,6,16165.00,2017-08-28,2016-12-11,First-Time Buyer Campaign
176,FUR-FU-10001037,1,8488.00,2018-06-13,2018-02-07,Win-Back Campaign
121,OFF-PA-10004888,6,13300.00,2018-01-07,2017-01-21,Discount
954,OFF-ST-10003306,5,20430.00,2018-01-30,2017-01-27,Engagement Campaign
1504,OFF-ST-10003306,7,8580.00,2018-02-09,2017-01-14,Loyalty Campaign
610,TEC-AC-10002800,5,7332.00,2018-02-19,2017-07-31,Win-Back Campaign
609,FUR-FU-10001756,5,29580.00,2017-09-15,2017-03-22,Product Launch
1539,OFF-AR-10004757,6,5524.00,2018-05-03,2017-05-25,Flash Sale
1378,TEC-AC-10001553,4,53961.00,2018-05-02,2018-01-13,Brand Awareness
1446,TEC-AC-10001553,5,11845.00,2018-04-19,2017-06-17,Retargeting
447,FUR-CH-10002965,5,12714.00,2018-04-20,2018-02-07,Win-Back Campaign
620,FUR-CH-10002965,1,9480.00,2018-04-30,2018-02-01,First-Time Buyer Campaign
790,OFF-BI-10001078,5,11732.00,2017-11-01,2017-07-22,Retargeting
462,OFF-SU-10004664,5,8682.00,2018-08-01,2017-08-30,Flash Sale
1238,TEC-AC-10002637,1,35301.00,2018-03-27,2017-09-30,Brand Awareness
731,TEC-AC-10004518,5,32426.00,2017-04-19,2016-11-02,Seasonal Sale
1308,TEC-AC-10004518,1,14445.00,2017-03-31,2016-05-10,First-Time Buyer Campaign
108,OFF-BI-10004364,1,16418.00,2017-08-25,2017-02-13,Discount
1071,TEC-PH-10002398,4,19485.00,2018-05-02,2018-02-15,Discount
286,FUR-FU-10003623,7,5853.00,2018-04-29,2017-11-21,Loyalty Campaign
871,OFF-EN-10001453,2,10602.00,2018-04-27,2017-12-07,First-Time Buyer Campaign
1545,OFF-EN-10001453,7,13448.00,2018-05-03,2017-06-11,Retargeting
1513,OFF-ST-10001128,2,5917.00,2018-04-24,2018-01-17,Loyalty Campaign
446,TEC-CO-10002313,7,7099.00,2018-07-10,2017-09-17,First-Time Buyer Campaign
891,TEC-CO-10002313,3,18178.00,2018-08-06,2018-03-22,Seasonal Sale
116,FUR-FU-10003268,6,15732.00,2018-07-17,2017-12-24,Seasonal Sale
1019,OFF-PA-10001033,4,42908.00,2018-07-13,2018-05-03,Brand Awareness
1145,OFF-PA-10001033,2,15048.00,2018-07-27,2017-11-16,Seasonal Sale
1498,OFF-LA-10000240,2,25910.00,2017-07-27,2017-02-10,Product Launch
841,FUR-FU-10001918,7,41626.00,2018-03-20,2017-08-05,Brand Awareness
1151,TEC-CO-10002095,5,15564.00,2018-03-11,2018-02-01,Win-Back Campaign
1101,TEC-PH-10004539,5,16436.00,2018-06-01,2017-09-04,Engagement Campaign
216,TEC-MA-10001016,3,9365.00,2018-05-29,2017-11-17,Retargeting
557,TEC-MA-10001016,3,10166.00,2018-05-12,2017-04-30,Win-Back Campaign
1093,OFF-PA-10000788,1,13533.00,2018-02-20,2017-10-04,Win-Back Campaign
679,OFF-PA-10002689,4,7554.00,2017-08-11,2016-09-16,First-Time Buyer Campaign
179,OFF-BI-10004828,7,11913.00,2017-07-06,2016-12-06,Loyalty Campaign
893,FUR-FU-10003394,6,15323.00,2018-02-28,2017-11-22,First-Time Buyer Campaign
1528,OFF-LA-10000248,5,8014.00,2018-03-17,2017-11-05,Flash Sale
110,FUR-BO-10004218,5,15075.00,2017-12-13,2017-07-01,Retargeting
1188,OFF-BI-10003712,7,20858.00,2018-02-12,2017-09-08,Conversion Campaign
519,OFF-BI-10002976,2,14724.00,2018-04-18,2018-01-03,First-Time Buyer Campaign
1042,FUR-BO-10003272,1,46658.00,2017-10-18,2016-11-19,Brand Awareness
706,OFF-EN-10004483,4,8803.00,2018-07-14,2017-08-02,Win-Back Campaign
1440,OFF-EN-10004483,1,29877.00,2018-07-22,2017-07-11,Brand Awareness
119,OFF-AP-10002906,5,39119.00,2018-05-22,2018-04-15,Product Launch
1059,TEC-AC-10003063,3,19175.00,2017-09-28,2017-08-24,Discount
1236,TEC-AC-10003063,1,20120.00,2017-10-19,2016-09-16,Seasonal Sale
1486,TEC-AC-10003063,2,21499.00,2017-09-17,2016-09-18,Product Launch
1534,OFF-SU-10002537,1,7847.00,2017-09-28,2016-10-31,Win-Back Campaign
1393,OFF-PA-10002254,3,8393.00,2018-01-28,2017-07-03,Discount
716,OFF-FA-10000621,2,35432.00,2017-02-24,2016-01-28,Seasonal Sale
740,OFF-FA-10000621,1,20216.00,2017-02-07,2016-09-01,Conversion Campaign
829,OFF-FA-10000621,6,6979.00,2017-03-02,2016-03-20,Loyalty Campaign
830,OFF-PA-10000029,7,15293.00,2018-04-09,2017-06-13,Win-Back Campaign
1174,TEC-PH-10002584,2,55275.00,2018-04-21,2017-12-26,Brand Awareness
245,OFF-AR-10003405,7,11297.00,2018-06-23,2018-02-12,Retargeting
461,OFF-ST-10003327,5,6921.00,2017-10-11,2016-11-25,Flash Sale
761,OFF-ST-10003327,5,16161.00,2017-10-26,2016-09-30,Engagement Campaign
272,OFF-EN-10004955,5,39905.00,2018-08-19,2018-04-20,Seasonal Sale
221,TEC-PH-10002624,3,18490.00,2018-06-26,2018-01-29,Seasonal Sale
523,TEC-PH-10002624,3,28592.00,2018-06-11,2018-04-04,Seasonal Sale
959,TEC-PH-10002624,2,9898.00,2018-06-20,2018-01-22,Win-Back Campaign
1166,TEC-PH-10000169,7,25966.00,2018-08-10,2018-02-04,Seasonal Sale
481,OFF-AR-10000034,3,15915.00,2018-08-10,2018-01-12,Seasonal Sale
1018,OFF-AR-10000034,5,19165.00,2018-07-29,2017-11-30,Seasonal Sale
1065,OFF-AR-10000034,3,9630.00,2018-08-07,2018-06-10,First-Time Buyer Campaign
530,TEC-AC-10004975,7,24355.00,2018-04-17,2017-08-10,Engagement Campaign
763,TEC-AC-10004975,5,11213.00,2018-03-28,2017-09-13,Win-Back Campaign
1015,FUR-CH-10000454,1,29916.00,2017-08-18,2016-11-09,Brand Awareness
346,OFF-ST-10003442,6,7371.00,2017-07-16,2016-10-26,First-Time Buyer Campaign
1086,OFF-ST-10003442,5,13738.00,2017-08-10,2017-05-31,Retargeting
1357,OFF-BI-10003291,3,17724.00,2018-05-06,2017-10-03,Discount
947,FUR-FU-10000397,2,12654.00,2018-07-14,2018-01-02,First-Time Buyer Campaign
260,OFF-AP-10002457,1,7509.00,2018-05-22,2017-09-27,First-Time Buyer Campaign
319,OFF-AP-10002457,6,11034.00,2018-05-17,2018-01-05,First-Time Buyer Campaign
400,OFF-AP-10002457,1,15967.00,2018-06-13,2017-12-01,Win-Back Campaign
418,OFF-PA-10000141,6,20848.00,2018-05-28,2017-07-19,Product Launch
660,OFF-PA-10000141,3,17833.00,2018-05-28,2017-12-27,Discount
747,OFF-PA-10001801,3,11023.00,2018-04-04,2018-01-17,Flash Sale
783,OFF-PA-10001471,5,35079.00,2018-02-25,2017-04-11,Seasonal Sale
380,OFF-SU-10002522,6,35414.00,2017-10-07,2017-07-20,Product Launch
1082,OFF-PA-10003848,2,6302.00,2017-09-26,2017-04-18,Win-Back Campaign
839,TEC-AC-10001590,6,13932.00,2017-09-27,2017-06-19,Win-Back Campaign
1105,TEC-AC-10001590,7,15117.00,2017-10-09,2017-03-30,Retargeting
392,OFF-LA-10000443,4,7591.00,2017-12-20,2017-03-03,Retargeting
1597,OFF-LA-10000443,1,5336.00,2017-12-13,2017-02-17,Flash Sale
145,FUR-FU-10003026,4,14282.00,2017-12-22,2017-03-05,Engagement Campaign
541,FUR-FU-10003026,5,18685.00,2017-12-31,2017-01-07,Conversion Campaign
918,FUR-FU-10003026,1,13307.00,2017-12-20,2017-04-23,Flash Sale
1096,FUR-FU-10003026,5,24652.00,2017-12-11,2017-08-05,Seasonal Sale
556,OFF-FA-10000585,4,50569.00,2018-05-17,2018-02-02,Brand Awareness
663,TEC-PH-10004434,4,12259.00,2018-03-27,2017-06-02,Conversion Campaign
1582,TEC-PH-10004434,1,19288.00,2018-04-07,2017-11-24,Discount
1459,OFF-PA-10004355,1,9739.00,2018-04-09,2018-02-10,First-Time Buyer Campaign
123,FUR-CH-10004997,1,13249.00,2017-04-20,2016-11-21,Discount
268,FUR-CH-10004997,3,41707.00,2017-05-01,2016-09-28,Brand Awareness
422,FUR-CH-10004997,2,9089.00,2017-03-30,2017-01-24,Loyalty Campaign
1426,FUR-CH-10004997,4,21927.00,2017-04-30,2016-06-10,Conversion Campaign
822,OFF-BI-10003910,7,54806.00,2018-07-08,2018-02-05,Brand Awareness
1283,OFF-BI-10003910,7,31123.00,2018-07-15,2017-06-08,Seasonal Sale
951,TEC-AC-10000892,5,19650.00,2018-07-15,2017-07-03,Conversion Campaign
234,OFF-BI-10004140,5,35915.00,2017-11-26,2017-02-28,Product Launch
1529,OFF-BI-10004140,4,9659.00,2017-11-30,2017-01-09,Discount
1032,TEC-AC-10004171,5,29722.00,2018-08-11,2018-03-17,Product Launch
694,OFF-PA-10002005,7,13406.00,2018-08-25,2017-10-06,Retargeting
1340,OFF-ST-10000934,5,18160.00,2018-09-10,2017-10-17,Conversion Campaign
1381,OFF-ST-10000934,4,13865.00,2018-09-19,2018-02-28,Discount
1085,TEC-CO-10003763,7,13516.00,2018-08-16,2018-01-11,Loyalty Campaign
1423,TEC-CO-10003763,7,14725.00,2018-08-10,2017-10-06,Flash Sale
1051,OFF-BI-10001597,2,43216.00,2017-04-14,2016-06-11,Brand Awareness
1462,OFF-BI-10001597,6,36843.00,2017-04-18,2017-01-02,Product Launch
973,OFF-EN-10000461,7,8005.00,2018-09-13,2018-01-12,Flash Sale
1361,OFF-EN-10000461,6,16761.00,2018-09-21,2017-08-31,First-Time Buyer Campaign
1232,TEC-PH-10002660,4,10210.00,2018-09-02,2018-01-06,Discount
1287,TEC-PH-10002660,2,16095.00,2018-08-27,2018-03-18,Engagement Campaign
1407,OFF-AP-10001271,3,10574.00,2017-12-23,2017-10-25,Discount
1132,OFF-LA-10003930,2,13289.00,2017-08-19,2017-01-25,First-Time Buyer Campaign
692,OFF-BI-10000605,6,7192.00,2017-08-15,2017-05-18,First-Time Buyer Campaign
1201,OFF-BI-10000605,7,23493.00,2017-08-15,2016-09-24,Product Launch
631,TEC-AC-10000199,7,15338.00,2018-02-12,2017-10-07,First-Time Buyer Campaign
1127,OFF-AR-10000246,4,33081.00,2018-03-02,2018-01-12,Brand Awareness
239,OFF-AP-10003842,5,7093.00,2017-11-12,2017-05-19,Flash Sale
1573,FUR-FU-10004018,6,27309.00,2017-11-23,2017-08-04,Conversion Campaign
1000,TEC-PH-10001536,1,9804.00,2018-06-07,2017-12-31,Loyalty Campaign
604,OFF-FA-10000611,4,14515.00,2017-02-09,2016-12-16,Flash Sale
451,FUR-BO-10004015,2,17660.00,2017-11-08,2016-10-31,Retargeting
211,OFF-BI-10002982,3,5306.00,2017-11-03,2017-09-09,Loyalty Campaign
321,FUR-FU-10003724,3,7766.00,2018-01-22,2017-01-18,Win-Back Campaign
934,FUR-FU-10003724,5,21868.00,2018-01-30,2017-04-01,Seasonal Sale
1417,OFF-AR-10001770,1,14660.00,2018-02-09,2017-02-28,Win-Back Campaign
389,FUR-CH-10003746,1,12483.00,2018-01-08,2017-08-26,Engagement Campaign
1173,FUR-CH-10003746,6,14894.00,2018-01-22,2017-11-20,Win-Back Campaign
1567,FUR-CH-10003746,6,41292.00,2018-01-21,2017-11-18,Brand Awareness
1034,TEC-AC-10003033,5,16315.00,2018-01-21,2017-06-08,Conversion Campaign
277,OFF-EN-10002500,2,9946.00,2018-08-31,2017-10-21,Flash Sale
1222,OFF-EN-10002500,7,30883.00,2018-09-12,2017-09-20,Product Launch
1229,TEC-MA-10001047,2,23612.00,2018-09-10,2017-11-24,Conversion Campaign
151,OFF-AP-10003057,7,6067.00,2018-05-06,2017-05-16,Win-Back Campaign
703,OFF-AP-10003057,6,17174.00,2018-05-09,2017-11-19,Seasonal Sale
996,OFF-AP-10003057,2,48672.00,2018-04-02,2017-05-12,Product Launch
552,OFF-PA-10003022,1,22647.00,2018-05-06,2017-07-04,Product Launch
1099,OFF-PA-10003228,6,14962.00,2018-04-28,2017-05-05,Conversion Campaign
396,OFF-BI-10001636,4,33626.00,2017-07-27,2016-12-02,Product Launch
1365,OFF-BI-10001636,7,18965.00,2017-06-29,2017-05-25,Discount
265,TEC-PH-10004536,4,25479.00,2017-06-19,2016-10-31,Seasonal Sale
851,TEC-PH-10004536,1,17162.00,2017-06-27,2017-04-28,Retargeting
555,FUR-FU-10003975,1,19007.00,2017-06-14,2017-02-27,Engagement Campaign
698,OFF-LA-10004544,1,10595.00,2017-06-16,2016-06-20,Discount
1251,OFF-LA-10004544,5,13916.00,2017-06-17,2016-11-23,Flash Sale
1131,FUR-FU-10004017,6,8361.00,2018-08-28,2017-10-11,Flash Sale
1478,FUR-FU-10004017,4,16598.00,2018-09-15,2018-04-21,Seasonal Sale
927,OFF-BI-10002012,2,14419.00,2018-06-23,2017-11-19,Loyalty Campaign
1180,OFF-BI-10001718,3,33321.00,2017-10-13,2016-12-07,Brand Awareness
687,FUR-CH-10001891,2,9801.00,2018-07-27,2018-05-21,Loyalty Campaign
1411,OFF-PA-10001260,3,42612.00,2018-07-14,2017-10-27,Brand Awareness
1500,OFF-PA-10001144,7,5664.00,2017-06-03,2017-05-09,Flash Sale
1055,OFF-AP-10001394,4,17185.00,2018-06-20,2018-01-09,Seasonal Sale
1083,OFF-AP-10001394,4,11905.00,2018-06-15,2017-10-27,Win-Back Campaign
1313,OFF-AP-10001394,2,59208.00,2018-06-17,2017-09-11,Brand Awareness
912,OFF-ST-10002370,6,16499.00,2018-06-04,2017-12-29,Discount
738,OFF-EN-10001532,6,12997.00,2018-01-16,2017-01-09,Discount
1265,OFF-EN-10001532,3,23035.00,2018-02-01,2017-02-18,Conversion Campaign
428,FUR-FU-10003535,2,11638.00,2017-05-25,2016-10-03,Discount
640,OFF-AR-10001972,3,20594.00,2018-09-05,2018-06-01,Conversion Campaign
1168,TEC-PH-10000369,3,42001.00,2018-01-15,2017-08-04,Product Launch
707,FUR-CH-10003379,5,41192.00,2017-03-29,2016-09-12,Product Launch
764,OFF-BI-10001758,1,11033.00,2018-03-14,2017-08-19,First-Time Buyer Campaign
896,OFF-AP-10002534,7,17129.00,2018-05-12,2017-11-03,Conversion Campaign
1185,OFF-ST-10000107,1,15303.00,2017-07-14,2017-04-18,Engagement Campaign
935,OFF-LA-10001474,4,16365.00,2017-06-24,2016-06-25,Seasonal Sale
570,TEC-PH-10000038,5,14973.00,2018-08-11,2018-07-01,Discount
1401,TEC-PH-10000038,5,10455.00,2018-08-03,2018-02-09,Flash Sale
737,TEC-PH-10001817,6,7044.00,2017-11-21,2017-10-03,Loyalty Campaign
1574,TEC-PH-10001817,7,17557.00,2017-12-09,2017-09-04,Discount
465,TEC-PH-10003691,3,58126.00,2017-07-21,2016-07-04,Brand Awareness
688,OFF-PA-10000357,1,10691.00,2018-02-14,2017-04-25,Engagement Campaign
1358,OFF-PA-10000357,3,5775.00,2018-01-16,2017-09-08,Loyalty Campaign
214,OFF-ST-10000344,6,11323.00,2017-04-29,2016-06-02,Flash Sale
1306,FUR-CH-10000015,4,21809.00,2017-05-25,2017-03-24,Engagement Campaign
1388,OFF-PA-10003729,6,8687.00,2017-06-14,2017-03-07,Win-Back Campaign
758,OFF-ST-10000142,3,26804.00,2018-01-27,2017-05-20,Brand Awareness
290,TEC-AC-10002567,4,12640.00,2018-02-06,2017-06-01,Engagement Campaign
524,TEC-AC-10002567,6,10122.00,2018-01-14,2017-07-10,Win-Back Campaign
1428,TEC-AC-10002567,2,7496.00,2018-01-16,2017-09-19,Flash Sale
574,OFF-AP-10003860,4,29757.00,2017-10-14,2016-10-15,Product Launch
1228,OFF-AP-10003860,3,27973.00,2017-10-20,2016-10-31,Conversion Campaign
1057,OFF-BI-10001510,5,13756.00,2018-09-21,2018-05-14,Loyalty Campaign
138,OFF-LA-10002271,4,10963.00,2018-09-17,2017-08-17,Retargeting
202,OFF-ST-10002292,7,9960.00,2018-04-23,2017-05-07,Discount
1190,OFF-ST-10002292,1,21088.00,2018-05-21,2017-08-26,Product Launch
327,TEC-PH-10000576,3,39661.00,2018-05-11,2018-02-02,Seasonal Sale
1455,OFF-ST-10000642,5,13030.00,2017-03-08,2016-03-03,First-Time Buyer Campaign
708,TEC-AC-10001908,2,38861.00,2018-08-13,2018-06-23,Brand Awareness
1170,TEC-AC-10001908,7,35884.00,2018-08-27,2018-02-14,Product Launch
814,OFF-AP-10001242,2,10108.00,2017-10-12,2017-06-04,Win-Back Campaign
1016,OFF-AP-10001242,3,17411.00,2017-10-21,2017-02-27,Retargeting
549,FUR-FU-10002445,6,21506.00,2018-03-02,2017-03-30,Conversion Campaign
978,TEC-PH-10002549,6,32598.00,2018-08-25,2017-11-07,Brand Awareness
1206,TEC-PH-10003484,7,12084.00,2018-08-29,2017-09-16,Discount
280,TEC-PH-10003012,4,43444.00,2017-12-13,2017-04-26,Product Launch
1368,TEC-PH-10003012,4,12583.00,2017-12-05,2017-10-13,Engagement Campaign
872,TEC-AC-10003433,2,14416.00,2017-12-23,2017-01-11,Flash Sale
691,TEC-AC-10004864,6,23455.00,2017-10-22,2017-07-16,Conversion Campaign
759,TEC-AC-10004864,2,19272.00,2017-10-21,2017-05-05,Conversion Campaign
305,TEC-AC-10002647,3,45642.00,2017-09-24,2017-03-08,Brand Awareness
370,OFF-PA-10002713,7,50347.00,2017-04-06,2016-12-03,Brand Awareness
443,OFF-PA-10002713,7,10969.00,2017-03-27,2017-01-22,Win-Back Campaign
963,OFF-EN-10003072,5,11685.00,2017-09-05,2016-10-31,Discount
1178,OFF-PA-10002581,6,6399.00,2018-02-22,2017-06-01,Loyalty Campaign
469,TEC-PH-10002834,7,34225.00,2018-04-20,2017-07-24,Seasonal Sale
504,OFF-PA-10000477,3,9962.00,2017-12-14,2017-08-31,Flash Sale
1030,OFF-PA-10000477,7,14243.00,2018-01-21,2017-06-06,Engagement Campaign
1554,OFF-PA-10000477,4,29577.00,2017-12-23,2017-05-03,Seasonal Sale
695,OFF-ST-10000943,1,12124.00,2018-03-24,2017-12-09,Engagement Campaign
1066,OFF-ST-10000943,5,12003.00,2018-03-16,2018-01-02,Loyalty Campaign
281,TEC-PH-10004071,5,51878.00,2018-03-15,2017-07-19,Brand Awareness
483,TEC-PH-10004071,5,38118.00,2018-02-20,2018-01-06,Product Launch
637,OFF-AP-10002203,5,9138.00,2017-05-02,2016-05-05,First-Time Buyer Campaign
109,OFF-BI-10003091,7,17769.00,2017-05-02,2017-02-04,Retargeting
786,OFF-BI-10003091,6,9688.00,2017-05-11,2016-10-30,Win-Back Campaign
357,OFF-ST-10000060,3,26734.00,2018-09-02,2017-10-25,Product Launch
1239,OFF-ST-10000060,4,13893.00,2018-09-09,2018-06-25,Engagement Campaign
1525,OFF-BI-10004187,2,6987.00,2017-05-02,2016-04-29,Loyalty Campaign
143,OFF-ST-10004804,2,11223.00,2017-09-16,2017-01-30,Discount
992,OFF-PA-10001289,3,13753.00,2018-05-13,2017-08-01,Conversion Campaign
1447,OFF-PA-10001289,3,5089.00,2018-05-13,2017-09-23,Flash Sale
680,FUR-FU-10001588,2,25001.00,2018-09-19,2018-06-12,Conversion Campaign
1562,FUR-FU-10001588,7,11677.00,2018-09-02,2017-10-01,Retargeting
1186,OFF-PA-10000308,6,13023.00,2018-07-11,2017-10-26,Win-Back Campaign
1315,OFF-PA-10000308,2,34667.00,2018-07-16,2018-04-23,Seasonal Sale
383,OFF-AP-10000240,5,8302.00,2017-06-02,2016-12-23,First-Time Buyer Campaign
441,OFF-AP-10000240,5,45365.00,2017-06-12,2016-12-14,Product Launch
933,OFF-AP-10000240,7,14288.00,2017-05-21,2016-05-01,Loyalty Campaign
719,OFF-PA-10004082,2,15747.00,2018-04-19,2017-05-30,Conversion Campaign
792,OFF-AR-10003338,5,21127.00,2018-01-16,2017-10-07,Engagement Campaign
473,OFF-PA-10001509,6,13164.00,2018-04-24,2017-05-06,Conversion Campaign
781,OFF-PA-10001509,4,11086.00,2018-04-28,2017-11-24,First-Time Buyer Campaign
1438,OFF-PA-10001509,1,33485.00,2018-04-20,2017-05-10,Brand Awareness
1305,OFF-AR-10004269,7,8519.00,2018-04-05,2017-10-06,Win-Back Campaign
788,FUR-FU-10001057,5,9133.00,2018-07-11,2018-03-04,Discount
217,OFF-BI-10002082,3,58603.00,2018-03-02,2017-03-01,Brand Awareness
527,TEC-AC-10001956,7,45347.00,2017-10-20,2017-06-25,Product Launch
1263,TEC-AC-10001956,1,19454.00,2017-10-08,2017-05-04,Discount
1258,OFF-BI-10004390,1,45831.00,2018-02-17,2017-04-14,Brand Awareness
1062,FUR-FU-10000277,3,16404.00,2018-08-15,2017-10-18,First-Time Buyer Campaign
1471,FUR-FU-10000277,2,8691.00,2018-07-25,2018-06-09,Discount
314,OFF-AR-10000127,3,12328.00,2018-03-20,2017-04-29,Conversion Campaign
363,OFF-AR-10000127,7,10171.00,2018-03-21,2017-08-05,Flash Sale
1242,FUR-FU-10004904,3,14763.00,2018-03-07,2017-03-21,Win-Back Campaign
1395,FUR-FU-10002918,2,7504.00,2017-12-22,2017-05-03,Flash Sale
1040,OFF-BI-10004716,6,25091.00,2017-12-07,2017-05-13,Seasonal Sale
1449,FUR-FU-10004666,3,10064.00,2017-06-08,2016-11-24,Flash Sale
1578,OFF-AP-10002945,3,17889.00,2017-06-07,2016-12-03,Conversion Campaign
619,OFF-PA-10002870,1,16523.00,2018-06-26,2017-08-31,Conversion Campaign
806,FUR-CH-10003833,2,20859.00,2018-07-14,2018-02-06,Seasonal Sale
231,OFF-LA-10001074,5,41319.00,2017-10-06,2017-03-11,Brand Awareness
558,TEC-AC-10002217,6,25862.00,2018-04-16,2018-01-26,Conversion Campaign
1114,TEC-AC-10002217,3,8632.00,2018-03-13,2017-07-27,Loyalty Campaign
1217,TEC-AC-10002217,7,13389.00,2018-03-19,2017-05-05,Retargeting
191,OFF-ST-10004507,2,22190.00,2018-01-26,2017-10-08,Conversion Campaign
651,OFF-ST-10004507,1,12983.00,2018-01-30,2017-01-18,Retargeting
1169,OFF-ST-10004507,6,27823.00,2018-01-13,2017-01-30,Conversion Campaign
1177,OFF-ST-10004507,4,12052.00,2018-02-01,2017-03-12,Retargeting
1213,OFF-AP-10000891,5,21509.00,2018-05-07,2017-04-24,Seasonal Sale
1324,OFF-AP-10000891,7,13958.00,2018-04-15,2017-07-31,Discount
1318,FUR-CH-10002331,1,18663.00,2017-09-15,2016-12-07,Discount
638,OFF-SU-10001664,2,22613.00,2018-09-22,2017-08-15,Engagement Campaign
285,OFF-AR-10001958,5,9295.00,2018-06-13,2018-01-18,Flash Sale
508,FUR-CH-10004063,2,15383.00,2018-06-28,2018-03-29,Conversion Campaign
333,OFF-FA-10001843,5,46449.00,2018-06-21,2018-03-25,Product Launch
172,OFF-ST-10003641,4,9864.00,2018-07-04,2018-03-16,First-Time Buyer Campaign
724,OFF-ST-10003641,1,17433.00,2018-07-03,2017-12-07,Seasonal Sale
689,TEC-PH-10002310,5,11408.00,2018-03-10,2017-04-08,First-Time Buyer Campaign
561,OFF-PA-10001947,4,6116.00,2018-09-28,2018-07-13,Win-Back Campaign
863,TEC-AC-10001606,4,39744.00,2018-04-24,2017-04-16,Seasonal Sale
345,OFF-BI-10004817,1,12390.00,2018-02-26,2017-11-01,Flash Sale
1261,OFF-BI-10004817,3,39634.00,2018-01-24,2017-12-16,Seasonal Sale
278,TEC-PH-10002115,6,7878.00,2018-07-02,2018-02-17,Retargeting
492,TEC-PH-10002115,1,15127.00,2018-05-27,2018-02-28,Engagement Campaign
1295,TEC-PH-10002115,7,26864.00,2018-07-02,2017-05-21,Product Launch
1495,OFF-AP-10000938,5,46499.00,2018-04-16,2017-06-09,Brand Awareness
192,OFF-BI-10004139,5,13048.00,2017-06-03,2017-02-11,Retargeting
964,OFF-BI-10004139,6,17632.00,2017-06-17,2016-08-19,Retargeting
458,FUR-FU-10000719,6,6466.00,2018-08-29,2017-12-25,Loyalty Campaign
842,OFF-PA-10000130,5,14130.00,2018-01-25,2017-05-07,Win-Back Campaign
887,OFF-PA-10000130,2,35089.00,2018-02-05,2017-07-23,Product Launch
137,FUR-FU-10000965,4,11899.00,2017-12-10,2017-05-03,Loyalty Campaign
226,FUR-FU-10000965,7,12615.00,2018-01-02,2017-09-14,Flash Sale
495,FUR-FU-10000965,2,8395.00,2017-12-19,2017-06-04,Loyalty Campaign
949,FUR-FU-10000965,4,15890.00,2017-12-14,2017-11-02,Discount
454,TEC-AC-10003027,1,15476.00,2018-01-30,2017-11-24,First-Time Buyer Campaign
1253,TEC-AC-10003027,6,23925.00,2018-01-06,2017-09-30,Engagement Campaign
1291,TEC-AC-10003027,1,8354.00,2018-01-31,2017-01-28,Win-Back Campaign
1017,TEC-PH-10002563,5,17264.00,2018-08-17,2018-05-10,Engagement Campaign
784,FUR-FU-10003142,1,10182.00,2017-07-11,2016-10-01,First-Time Buyer Campaign
931,OFF-ST-10003656,1,9674.00,2018-09-21,2018-02-10,Retargeting
264,FUR-BO-10002202,4,14493.00,2018-06-01,2017-12-06,Discount
580,FUR-BO-10002202,1,14421.00,2018-06-24,2018-01-09,Flash Sale
1405,FUR-BO-10002202,6,14668.00,2018-05-28,2017-10-03,Retargeting
1523,TEC-AC-10003590,4,13991.00,2017-08-06,2017-05-09,Conversion Campaign
826,OFF-AP-10004868,5,15121.00,2018-07-12,2017-07-23,First-Time Buyer Campaign
836,OFF-AP-10004868,1,36664.00,2018-08-04,2017-11-23,Product Launch
1130,OFF-AP-10004868,6,33983.00,2018-08-07,2018-02-18,Seasonal Sale
1575,OFF-AP-10004868,4,13866.00,2018-08-06,2018-05-20,Loyalty Campaign
1165,OFF-PA-10001972,5,10196.00,2018-09-23,2017-11-07,Discount
243,OFF-AR-10002818,4,13453.00,2018-09-16,2018-06-09,First-Time Buyer Campaign
1164,OFF-EN-10000056,5,11649.00,2018-08-18,2017-12-24,First-Time Buyer Campaign
1527,OFF-FA-10004838,6,25107.00,2018-04-15,2018-01-12,Brand Awareness
1167,OFF-PA-10003424,5,52477.00,2018-04-28,2017-07-18,Brand Awareness
1479,OFF-PA-10003424,5,15881.00,2018-04-09,2017-09-12,Win-Back Campaign
276,OFF-PA-10000174,7,10627.00,2017-10-24,2016-11-18,Loyalty Campaign
726,OFF-PA-10000174,7,18544.00,2017-11-13,2017-07-22,Discount
1176,OFF-PA-10000174,7,10613.00,2017-10-18,2017-09-05,Discount
655,OFF-EN-10002592,1,13243.00,2018-08-13,2018-01-05,Retargeting
1205,OFF-EN-10002592,2,17972.00,2018-08-20,2018-04-23,Retargeting
518,OFF-PA-10000501,4,58087.00,2018-09-13,2018-07-01,Brand Awareness
837,TEC-PH-10001527,7,26992.00,2017-05-16,2016-07-01,Seasonal Sale
546,OFF-EN-10002621,1,16377.00,2018-02-25,2017-02-26,First-Time Buyer Campaign
1317,FUR-TA-10002645,6,10835.00,2018-03-18,2018-01-29,Retargeting
303,OFF-ST-10000777,3,13055.00,2018-07-16,2018-01-01,Conversion Campaign
1218,OFF-FA-10000304,3,29054.00,2017-10-20,2017-05-31,Product Launch
152,OFF-AR-10001231,6,38028.00,2017-04-12,2016-10-06,Seasonal Sale
1418,OFF-BI-10000545,3,8639.00,2018-05-27,2017-07-21,Win-Back Campaign
349,OFF-EN-10003068,3,16956.00,2017-08-28,2016-12-27,Discount
617,TEC-PH-10003645,5,13180.00,2018-02-23,2017-03-13,Flash Sale
1235,TEC-PH-10003645,4,9753.00,2018-01-27,2017-09-07,Loyalty Campaign
804,TEC-AC-10003023,7,16199.00,2018-01-30,2017-02-07,Seasonal Sale
676,FUR-TA-10001771,1,13765.00,2018-02-15,2017-03-20,First-Time Buyer Campaign
879,TEC-AC-10001445,7,44250.00,2018-01-26,2017-04-18,Brand Awareness
1391,TEC-AC-10001445,2,21888.00,2018-01-22,2017-11-19,Seasonal Sale
1591,TEC-AC-10001445,2,10905.00,2018-01-24,2017-03-26,Discount
563,OFF-PA-10003039,5,16686.00,2017-03-30,2016-07-21,Engagement Campaign
1200,OFF-PA-10003039,1,36539.00,2017-04-16,2017-01-02,Seasonal Sale
683,OFF-AR-10003478,1,38504.00,2018-08-24,2017-08-20,Product Launch
1372,OFF-AR-10003478,6,14132.00,2018-09-19,2017-09-04,Loyalty Campaign
745,FUR-FU-10001475,5,16078.00,2018-08-20,2018-07-16,Seasonal Sale
1270,OFF-AR-10000203,3,9280.00,2018-03-05,2017-03-29,Win-Back Campaign
107,FUR-CH-10003396,2,58388.00,2017-07-04,2016-10-25,Brand Awareness
356,OFF-LA-10004008,2,10769.00,2017-09-08,2017-03-07,Retargeting
852,FUR-BO-10002916,6,47376.00,2017-10-05,2017-06-10,Product Launch
867,FUR-BO-10002916,7,8557.00,2017-09-06,2017-04-19,Loyalty Campaign
174,OFF-LA-10003663,6,24242.00,2018-03-05,2017-07-14,Conversion Campaign
193,OFF-LA-10003663,6,44161.00,2018-02-16,2017-11-10,Product Launch
840,OFF-LA-10003663,7,10407.00,2018-03-13,2017-11-20,Win-Back Campaign
391,OFF-BI-10002764,3,13592.00,2017-12-11,2017-06-08,Loyalty Campaign
1595,OFF-BI-10002764,1,10312.00,2017-12-08,2017-04-20,Flash Sale
1221,OFF-ST-10002444,2,28364.00,2018-01-22,2017-09-27,Seasonal Sale
344,FUR-CH-10001215,2,38312.00,2017-12-16,2017-09-18,Product Launch
1460,FUR-CH-10001215,1,7852.00,2017-12-07,2017-04-03,Win-Back Campaign
576,FUR-CH-10002304,5,35412.00,2017-11-15,2017-03-29,Brand Awareness
690,FUR-CH-10002304,2,34065.00,2017-11-12,2017-03-14,Seasonal Sale
898,FUR-FU-10003829,2,12191.00,2017-07-19,2017-02-18,Loyalty Campaign
127,OFF-BI-10001120,2,8947.00,2018-04-21,2018-03-19,Loyalty Campaign
353,TEC-PH-10003655,1,37642.00,2017-11-12,2017-04-02,Brand Awareness
967,TEC-PH-10003655,5,12138.00,2017-12-01,2017-09-30,Win-Back Campaign
1189,OFF-PA-10002923,2,59835.00,2018-09-01,2017-09-06,Brand Awareness
150,TEC-PH-10000526,7,15545.00,2018-09-16,2018-06-11,Retargeting
624,TEC-PH-10000526,1,17054.00,2018-08-31,2018-03-05,Conversion Campaign
811,TEC-PH-10000526,4,8553.00,2018-09-28,2017-11-14,Loyalty Campaign
773,OFF-EN-10004846,4,15171.00,2018-10-05,2018-04-26,First-Time Buyer Campaign
521,OFF-EN-10003448,1,39515.00,2018-03-09,2017-04-22,Seasonal Sale
250,OFF-ST-10000876,6,9592.00,2018-01-07,2017-08-22,Flash Sale
652,OFF-ST-10000876,7,33735.00,2018-01-08,2017-03-12,Seasonal Sale
291,OFF-BI-10004738,2,10278.00,2018-05-19,2017-10-09,First-Time Buyer Campaign
1373,OFF-PA-10004610,6,15262.00,2018-05-23,2017-05-14,First-Time Buyer Campaign
393,OFF-PA-10004092,4,10272.00,2017-09-27,2017-02-01,Retargeting
263,TEC-PH-10000439,2,46566.00,2017-11-05,2017-06-27,Product Launch
1302,TEC-PH-10000439,7,10308.00,2017-10-01,2017-06-16,Loyalty Campaign
953,FUR-TA-10001705,5,9656.00,2018-03-21,2017-07-14,First-Time Buyer Campaign
456,OFF-BI-10003638,7,44597.00,2017-11-09,2017-05-27,Product Launch
965,OFF-BI-10003638,3,10874.00,2017-10-15,2016-12-06,First-Time Buyer Campaign
471,FUR-FU-10004245,3,17900.00,2017-11-09,2017-01-06,Conversion Campaign
1581,FUR-FU-10004245,2,6997.00,2017-11-10,2016-10-16,First-Time Buyer Campaign
1354,TEC-AC-10003289,1,25386.00,2018-02-15,2017-12-21,Product Launch
860,FUR-FU-10001025,7,23587.00,2018-08-25,2018-02-16,Seasonal Sale
946,TEC-AC-10002335,6,46206.00,2018-09-13,2018-02-24,Brand Awareness
184,TEC-AC-10002076,3,28828.00,2017-02-27,2016-04-16,Conversion Campaign
1094,TEC-AC-10002076,7,9217.00,2017-03-29,2016-08-29,Loyalty Campaign
1412,TEC-AC-10002076,3,9488.00,2017-02-26,2016-05-21,Win-Back Campaign
1496,OFF-AR-10002257,7,13299.00,2017-10-07,2017-08-20,Conversion Campaign
1427,TEC-PH-10003442,1,28685.00,2018-02-07,2017-06-15,Conversion Campaign
491,TEC-CO-10000971,3,29906.00,2018-09-04,2018-07-25,Brand Awareness
340,TEC-PH-10002468,6,14331.00,2018-02-09,2017-06-29,Retargeting
566,OFF-BI-10004308,3,17344.00,2018-01-06,2017-04-10,Discount
1467,OFF-BI-10004308,7,30088.00,2018-01-25,2017-05-21,Seasonal Sale
405,OFF-BI-10001679,7,14466.00,2017-09-12,2017-02-24,Engagement Campaign
869,OFF-BI-10001679,6,45093.00,2017-09-21,2016-11-12,Brand Awareness
1021,OFF-BI-10001679,2,13715.00,2017-10-02,2017-06-10,Discount
1403,OFF-BI-10001679,3,9503.00,2017-09-27,2016-09-18,Win-Back Campaign
233,TEC-CO-10004115,1,20274.00,2017-12-31,2017-09-18,Engagement Campaign
735,TEC-CO-10004115,4,8497.00,2017-12-30,2017-10-21,Win-Back Campaign
1442,TEC-PH-10003601,2,14988.00,2017-08-22,2016-11-12,First-Time Buyer Campaign
1502,OFF-AP-10003884,4,16271.00,2017-12-09,2017-05-28,Seasonal Sale
182,OFF-ST-10002485,2,14521.00,2018-08-15,2017-07-24,First-Time Buyer Campaign
253,TEC-MA-10004679,3,16055.00,2018-07-20,2018-04-02,Conversion Campaign
1104,TEC-MA-10004679,2,8521.00,2018-08-24,2018-02-20,Win-Back Campaign
1511,TEC-MA-10004679,7,13560.00,2018-08-17,2018-03-09,Win-Back Campaign
755,FUR-FU-10001731,6,14850.00,2018-01-06,2017-08-24,Flash Sale
1002,FUR-FU-10001731,5,17525.00,2017-12-28,2017-02-28,Engagement Campaign
1360,FUR-FU-10001731,7,16265.00,2018-01-15,2017-02-23,Discount
224,TEC-PH-10004774,1,14900.00,2018-01-06,2017-02-26,Retargeting
723,TEC-PH-10002726,1,16004.00,2017-10-03,2016-11-24,Conversion Campaign
888,OFF-ST-10001809,2,12702.00,2017-11-02,2017-08-20,First-Time Buyer Campaign
328,OFF-PA-10004983,2,23541.00,2018-07-09,2017-10-09,Product Launch
855,OFF-PA-10001534,4,11675.00,2018-08-04,2018-04-23,Flash Sale
820,OFF-AR-10004165,1,8765.00,2017-12-18,2017-08-02,Win-Back Campaign
1297,OFF-BI-10004099,6,55460.00,2018-08-03,2018-05-22,Brand Awareness
922,OFF-PA-10004996,6,10477.00,2018-09-04,2017-10-03,Discount
1350,OFF-PA-10004996,7,18308.00,2018-09-03,2017-08-10,Conversion Campaign
125,OFF-LA-10001175,5,13681.00,2018-08-30,2018-05-05,First-Time Buyer Campaign
1209,OFF-LA-10001175,4,16429.00,2018-08-17,2018-07-18,First-Time Buyer Campaign
1343,OFF-PA-10004041,7,13605.00,2018-04-06,2017-03-17,Flash Sale
310,OFF-FA-10000053,6,19952.00,2018-04-15,2017-10-17,Discount
1269,OFF-FA-10000053,2,46494.00,2018-05-04,2017-08-02,Brand Awareness
369,OFF-PA-10000605,2,6758.00,2018-04-27,2017-05-11,Flash Sale
906,OFF-PA-10000605,3,6076.00,2018-05-09,2017-04-25,Loyalty Campaign
881,TEC-PH-10001128,6,15314.00,2017-03-29,2016-05-23,First-Time Buyer Campaign
501,OFF-AR-10004602,3,12146.00,2018-04-18,2017-12-11,Win-Back Campaign
275,OFF-BI-10000301,6,24199.00,2018-03-05,2017-07-18,Engagement Campaign
375,OFF-BI-10000301,6,13359.00,2018-02-16,2017-02-15,Loyalty Campaign
940,OFF-BI-10000301,1,12338.00,2018-03-06,2017-02-24,Engagement Campaign
442,FUR-CH-10001973,4,22672.00,2018-05-07,2018-01-16,Conversion Campaign
710,FUR-CH-10001973,6,12638.00,2018-05-14,2017-06-22,Conversion Campaign
941,FUR-CH-10001973,5,14780.00,2018-05-14,2017-09-22,Engagement Campaign
1070,FUR-CH-10001973,2,22972.00,2018-05-22,2018-02-07,Engagement Campaign
304,FUR-FU-10003981,3,9600.00,2018-04-21,2017-04-05,Retargeting
482,OFF-AP-10001293,5,14710.00,2018-09-02,2017-12-15,First-Time Buyer Campaign
1007,OFF-ST-10001526,1,11828.00,2018-09-02,2017-10-19,Flash Sale
791,TEC-PH-10001254,3,23184.00,2017-11-25,2016-12-07,Conversion Campaign
516,OFF-PA-10002120,1,9007.00,2017-12-26,2017-02-22,Flash Sale
1255,OFF-PA-10001937,2,24042.00,2018-02-20,2017-10-22,Product Launch
118,FUR-BO-10001798,6,10793.00,2018-03-23,2017-02-15,Win-Back Campaign
252,TEC-PH-10001198,1,42677.00,2018-03-12,2017-03-13,Product Launch
362,TEC-AC-10000580,3,12009.00,2018-04-29,2018-01-18,Flash Sale
883,OFF-BI-10004876,4,22753.00,2018-07-24,2017-07-30,Seasonal Sale
352,OFF-BI-10003166,1,13192.00,2018-01-22,2017-10-04,Discount
586,OFF-BI-10003166,5,10647.00,2018-02-15,2017-09-07,Flash Sale
937,OFF-BI-10003166,1,15321.00,2018-01-19,2017-11-23,Win-Back Campaign
615,OFF-BI-10003694,3,7414.00,2018-01-22,2017-04-06,Loyalty Campaign
573,FUR-BO-10000711,6,8944.00,2018-01-11,2017-08-26,Win-Back Campaign
1141,TEC-PH-10002789,2,13317.00,2018-01-03,2017-07-21,Retargeting
120,OFF-EN-10002230,7,21601.00,2018-07-23,2018-01-20,Engagement Campaign
364,OFF-EN-10002230,6,14424.00,2018-08-07,2017-11-15,Retargeting
700,OFF-EN-10002230,6,8118.00,2018-07-08,2017-12-06,Discount
1020,OFF-BI-10000042,1,16012.00,2017-11-02,2016-10-29,First-Time Buyer Campaign
1087,OFF-PA-10001293,2,14024.00,2018-04-23,2017-05-24,Flash Sale
1278,FUR-CH-10002073,6,58241.00,2018-05-13,2017-10-17,Brand Awareness
1465,FUR-TA-10003008,1,17439.00,2017-08-18,2016-10-14,First-Time Buyer Campaign
1338,OFF-ST-10003638,7,16211.00,2017-04-03,2017-01-02,Discount
535,FUR-FU-10000260,4,36755.00,2018-05-25,2017-09-25,Seasonal Sale
611,FUR-FU-10000260,5,31452.00,2018-05-19,2017-08-10,Brand Awareness
697,OFF-BI-10002799,7,7285.00,2017-12-01,2016-10-28,Flash Sale
1045,OFF-BI-10000848,2,11158.00,2017-02-14,2016-12-29,Engagement Campaign
416,OFF-PA-10003936,1,39143.00,2018-08-07,2018-02-05,Seasonal Sale
1029,OFF-PA-10003936,2,12578.00,2018-09-06,2018-03-19,Win-Back Campaign
1587,OFF-PA-10003936,1,45690.00,2018-08-23,2017-08-28,Brand Awareness
612,FUR-FU-10003374,1,11349.00,2017-11-25,2017-02-28,Loyalty Campaign
111,FUR-CH-10000513,1,7599.00,2018-05-20,2018-01-02,Retargeting
575,FUR-CH-10000513,2,26329.00,2018-06-10,2017-07-22,Seasonal Sale
1367,FUR-CH-10000513,6,15437.00,2018-05-30,2018-03-29,Engagement Campaign
807,OFF-AR-10002766,6,15728.00,2018-08-19,2018-05-03,Win-Back Campaign
122,FUR-FU-10003274,5,7534.00,2017-06-13,2017-02-21,Win-Back Campaign
529,FUR-FU-10003274,4,15145.00,2017-06-21,2017-04-28,Retargeting
545,FUR-FU-10003274,3,14265.00,2017-06-05,2016-10-23,Discount
1134,FUR-FU-10003274,4,13744.00,2017-06-08,2017-04-27,Engagement Campaign
1056,TEC-PH-10001750,5,18817.00,2018-09-07,2017-08-27,Conversion Campaign
594,OFF-LA-10003766,4,26720.00,2018-05-27,2018-01-10,Brand Awareness
593,OFF-PA-10004071,2,38488.00,2018-04-06,2017-08-07,Product Launch
974,OFF-BI-10003656,5,12857.00,2018-08-12,2017-10-30,Flash Sale
238,TEC-PH-10001433,3,9406.00,2018-02-03,2017-11-16,Win-Back Campaign
598,TEC-PH-10001433,4,7017.00,2018-01-25,2017-11-06,Flash Sale
1233,TEC-PH-10001433,7,38311.00,2018-01-24,2017-07-02,Product Launch
140,FUR-BO-10003450,5,14440.00,2017-10-10,2017-05-02,Loyalty Campaign
767,FUR-BO-10003450,2,21827.00,2017-10-06,2017-05-04,Seasonal Sale
1436,FUR-BO-10003450,5,14724.00,2017-09-12,2017-06-13,Flash Sale
1212,OFF-AP-10003281,6,35580.00,2018-01-02,2017-06-01,Seasonal Sale
505,TEC-AC-10004510,2,14256.00,2018-01-18,2017-08-30,First-Time Buyer Campaign
823,TEC-AC-10003870,2,9575.00,2017-04-12,2016-05-18,Flash Sale
131,OFF-BI-10004826,1,29841.00,2018-07-08,2018-05-20,Seasonal Sale
787,OFF-BI-10004826,1,9754.00,2018-07-16,2017-10-31,First-Time Buyer Campaign
223,OFF-BI-10004519,1,6552.00,2018-07-08,2018-05-14,Flash Sale
1074,TEC-AC-10000420,2,22132.00,2018-08-06,2017-07-12,Seasonal Sale
1252,TEC-AC-10000420,1,14563.00,2018-07-06,2017-07-23,Engagement Campaign
1370,OFF-PA-10004285,1,53677.00,2018-08-07,2017-11-27,Brand Awareness
1515,OFF-PA-10003172,7,11649.00,2016-10-23,2015-11-25,Flash Sale
730,OFF-PA-10004470,5,27738.00,2018-04-17,2018-01-09,Brand Awareness
394,OFF-PA-10004971,5,11126.00,2017-05-07,2016-12-02,Retargeting
365,OFF-AR-10004344,2,30841.00,2017-03-27,2016-12-02,Product Launch
307,OFF-AP-10004336,5,24095.00,2017-04-03,2016-03-12,Engagement Campaign
590,OFF-AP-10004336,7,18072.00,2017-04-09,2016-07-21,Conversion Campaign
141,OFF-BI-10001634,6,11695.00,2018-01-10,2017-01-13,Loyalty Campaign
160,OFF-BI-10001634,7,14621.00,2018-01-09,2017-01-11,Engagement Campaign
605,OFF-PA-10004327,5,8456.00,2018-09-12,2017-12-06,First-Time Buyer Campaign
904,OFF-PA-10004327,7,31005.00,2018-09-05,2017-12-13,Seasonal Sale
201,OFF-AP-10001366,1,10392.00,2018-01-21,2017-05-07,Retargeting
1526,FUR-CH-10001714,2,9835.00,2017-09-24,2017-05-12,Retargeting
183,OFF-EN-10002504,6,13873.00,2017-03-30,2016-05-15,Win-Back Campaign
1419,OFF-EN-10002504,7,31637.00,2017-04-01,2016-04-23,Seasonal Sale
409,FUR-BO-10003660,2,23059.00,2017-11-29,2017-06-23,Product Launch
206,FUR-CH-10001482,4,11498.00,2018-09-13,2018-01-18,Loyalty Campaign
641,OFF-PA-10003845,5,15235.00,2017-11-28,2017-04-19,Engagement Campaign
1552,OFF-PA-10003845,7,48677.00,2017-12-22,2017-07-08,Brand Awareness
1392,OFF-ST-10004180,4,7743.00,2018-03-20,2017-10-05,Loyalty Campaign
1570,OFF-ST-10004180,2,49559.00,2018-04-15,2017-03-10,Brand Awareness
1193,FUR-CH-10001797,1,10520.00,2017-04-17,2016-11-01,Loyalty Campaign
1257,FUR-CH-10001797,4,8992.00,2017-04-10,2016-04-30,Win-Back Campaign
1541,OFF-PA-10002222,5,37610.00,2018-08-16,2017-12-15,Product Launch
582,OFF-AP-10002495,2,11417.00,2017-05-18,2016-12-05,Engagement Campaign
1276,OFF-AP-10002495,5,13721.00,2017-05-06,2017-01-10,Flash Sale
850,OFF-AR-10003394,1,8225.00,2018-01-15,2017-02-18,Flash Sale
1033,FUR-FU-10003553,1,13468.00,2018-02-09,2017-01-21,Win-Back Campaign
1422,OFF-BI-10004781,1,23361.00,2017-04-22,2016-11-01,Seasonal Sale
173,FUR-FU-10002088,2,12609.00,2018-08-30,2018-02-12,Win-Back Campaign
377,FUR-FU-10002088,3,5872.00,2018-09-23,2017-12-31,Loyalty Campaign
1135,OFF-AR-10001547,5,19666.00,2018-08-22,2018-01-06,Conversion Campaign
1248,OFF-BI-10000279,6,14215.00,2018-03-22,2018-02-01,Discount
360,OFF-PA-10000246,5,15633.00,2017-09-25,2017-03-05,Discount
292,TEC-PH-10001944,7,11631.00,2018-04-13,2017-09-22,Engagement Campaign
1234,TEC-PH-10003988,3,11436.00,2018-09-17,2017-08-28,Loyalty Campaign
1319,FUR-BO-10002824,2,13849.00,2018-09-01,2017-07-28,Loyalty Campaign
1210,OFF-BI-10000136,5,11619.00,2017-04-01,2016-12-16,First-Time Buyer Campaign
129,OFF-PA-10000528,2,25078.00,2017-10-23,2017-08-14,Seasonal Sale
1326,FUR-BO-10003894,4,15809.00,2018-08-30,2017-11-10,Conversion Campaign
1572,OFF-EN-10001099,1,44124.00,2017-03-26,2017-02-04,Brand Awareness
886,OFF-AR-10003251,4,13697.00,2017-04-28,2017-01-22,Retargeting
289,OFF-AP-10002191,3,38452.00,2018-05-07,2017-05-06,Seasonal Sale
1118,FUR-TA-10004154,4,24903.00,2018-03-30,2017-09-09,Conversion Campaign
1119,FUR-TA-10004154,6,45291.00,2018-03-18,2017-08-21,Brand Awareness
847,OFF-BI-10001132,4,9256.00,2016-10-29,2016-04-02,Loyalty Campaign
775,OFF-PA-10002479,7,46223.00,2017-08-07,2017-01-15,Product Launch
1271,OFF-PA-10000232,5,14367.00,2017-12-25,2017-05-05,Win-Back Campaign
1484,OFF-PA-10000232,5,8580.00,2017-12-13,2017-05-24,Discount
500,OFF-ST-10000464,6,7278.00,2018-05-03,2017-12-21,Retargeting
782,FUR-FU-10004671,5,13180.00,2018-01-01,2017-05-12,Retargeting
583,OFF-BI-10002026,5,31895.00,2018-05-01,2017-07-17,Seasonal Sale
734,OFF-ST-10004634,2,37902.00,2018-04-02,2017-04-03,Seasonal Sale
1409,OFF-ST-10004634,7,15867.00,2018-04-25,2017-06-13,First-Time Buyer Campaign
295,OFF-AP-10004487,5,22657.00,2018-02-06,2017-02-18,Seasonal Sale
425,OFF-AP-10004487,7,12049.00,2018-03-08,2017-08-19,First-Time Buyer Campaign
255,OFF-AP-10000026,6,21610.00,2017-11-15,2017-07-24,Seasonal Sale
1084,OFF-BI-10003784,6,12589.00,2017-02-06,2016-02-06,Loyalty Campaign
1112,OFF-BI-10003784,6,12857.00,2017-02-15,2016-07-14,Win-Back Campaign
1277,OFF-PA-10002195,1,9904.00,2018-06-13,2017-06-07,Win-Back Campaign
1285,FUR-TA-10004175,7,55281.00,2018-09-02,2018-01-09,Brand Awareness
677,OFF-BI-10000088,4,14830.00,2017-04-28,2016-06-17,Conversion Campaign
1116,OFF-ST-10000760,6,24371.00,2018-07-10,2018-01-06,Engagement Campaign
1124,OFF-ST-10000760,4,24659.00,2018-07-30,2018-03-04,Conversion Campaign
484,FUR-FU-10004093,2,17513.00,2018-02-28,2017-03-29,Engagement Campaign
509,FUR-FU-10000755,7,20546.00,2018-09-08,2017-11-09,Engagement Campaign
998,FUR-FU-10000755,7,11354.00,2018-09-03,2018-04-05,Discount
658,OFF-BI-10000320,1,12106.00,2018-01-28,2017-11-22,Win-Back Campaign
621,OFF-ST-10001837,4,20699.00,2018-01-18,2017-10-15,Engagement Campaign
765,OFF-ST-10001837,4,13605.00,2018-02-19,2017-01-10,Discount
865,OFF-ST-10001837,3,8970.00,2018-02-22,2017-06-11,Loyalty Campaign
180,FUR-FU-10004090,4,9643.00,2018-03-11,2017-03-22,Loyalty Campaign
306,OFF-LA-10001982,5,8918.00,2018-08-02,2018-05-21,Win-Back Campaign
342,OFF-LA-10001982,5,26918.00,2018-08-15,2017-12-23,Product Launch
944,OFF-LA-10001982,5,8521.00,2018-09-02,2018-07-02,Flash Sale
1453,TEC-MA-10000418,2,15135.00,2018-09-13,2017-12-13,Retargeting
817,OFF-PA-10000062,5,12335.00,2017-08-27,2017-06-22,Flash Sale
334,TEC-AC-10004901,2,14141.00,2018-02-21,2017-09-18,Loyalty Campaign
975,OFF-AP-10002082,5,13657.00,2018-02-24,2017-05-05,Discount
1199,OFF-AP-10002082,7,14152.00,2018-03-01,2017-05-07,Flash Sale
1300,OFF-ST-10000649,6,13667.00,2018-02-23,2017-04-27,Engagement Campaign
772,OFF-BI-10002897,6,9664.00,2018-03-25,2017-10-17,Flash Sale
961,OFF-BI-10001982,1,26779.00,2017-05-12,2016-10-14,Product Launch
1014,FUR-BO-10001608,1,15105.00,2018-01-01,2017-02-18,Engagement Campaign
799,FUR-FU-10003577,5,8400.00,2018-08-01,2018-05-10,Discount
241,OFF-FA-10004076,4,27143.00,2017-07-23,2016-09-24,Conversion Campaign
540,OFF-FA-10004076,6,7781.00,2017-06-26,2016-12-21,Flash Sale
1123,OFF-PA-10000380,7,8141.00,2018-03-07,2017-11-25,Flash Sale
455,OFF-PA-10001274,4,16413.00,2018-06-14,2017-06-21,First-Time Buyer Campaign
1536,OFF-PA-10001274,1,14655.00,2018-07-06,2017-08-24,First-Time Buyer Campaign
1013,OFF-PA-10004451,2,8168.00,2017-08-28,2016-12-18,Win-Back Campaign
361,TEC-AC-10000023,5,11201.00,2018-06-25,2017-11-11,Loyalty Campaign
1089,OFF-FA-10002983,3,31691.00,2018-02-20,2017-11-06,Brand Awareness
1161,OFF-PA-10002787,6,13057.00,2018-05-24,2017-08-10,First-Time Buyer Campaign
1268,OFF-PA-10002787,6,16000.00,2018-06-02,2017-12-31,Retargeting
288,OFF-AR-10004685,5,5046.00,2018-05-08,2017-11-09,Loyalty Campaign
1120,OFF-AR-10004685,2,14610.00,2018-05-05,2017-07-08,Loyalty Campaign
838,TEC-PH-10003580,3,47904.00,2018-03-30,2017-10-21,Brand Awareness
742,TEC-PH-10002680,3,26849.00,2018-08-10,2018-06-24,Seasonal Sale
739,TEC-PH-10002922,6,6596.00,2017-07-11,2017-04-09,Flash Sale
643,OFF-AP-10000252,6,9049.00,2017-07-19,2017-02-05,Loyalty Campaign
669,FUR-FU-10003192,6,26088.00,2018-01-20,2017-07-09,Seasonal Sale
547,OFF-LA-10001045,3,14415.00,2017-09-06,2017-06-22,Retargeting
496,OFF-AR-10001374,5,14723.00,2018-09-25,2018-04-23,Loyalty Campaign
902,OFF-AR-10001374,7,15982.00,2018-09-27,2018-02-25,First-Time Buyer Campaign
942,OFF-AR-10001374,1,6329.00,2018-09-07,2018-08-03,Win-Back Campaign
1435,OFF-AR-10001374,4,16679.00,2018-09-18,2017-09-29,Conversion Campaign
1332,OFF-ST-10000918,6,6598.00,2018-10-01,2018-02-19,First-Time Buyer Campaign
132,FUR-CH-10001190,6,10874.00,2017-10-02,2016-12-30,First-Time Buyer Campaign
1547,FUR-FU-10004909,3,15397.00,2017-10-09,2017-01-04,Win-Back Campaign
875,OFF-BI-10000632,7,18529.00,2018-02-01,2017-06-24,Discount
222,OFF-BI-10001721,6,22546.00,2018-08-05,2017-10-04,Seasonal Sale
649,OFF-BI-10001721,7,44340.00,2018-08-12,2017-08-30,Brand Awareness
438,OFF-BI-10000831,2,15171.00,2018-02-16,2017-05-02,Discount
1309,FUR-CH-10002317,4,15531.00,2017-12-05,2017-08-27,First-Time Buyer Campaign
1198,FUR-FU-10001967,3,13147.00,2018-01-23,2017-09-28,Retargeting
1262,FUR-FU-10001967,1,45827.00,2018-02-01,2017-01-12,Product Launch
423,OFF-PA-10001609,7,15838.00,2017-12-21,2016-12-30,First-Time Buyer Campaign
1289,OFF-PA-10001609,6,12304.00,2017-12-01,2017-09-01,Engagement Campaign
382,OFF-SU-10002881,1,11053.00,2018-04-14,2018-01-28,Retargeting
1477,OFF-SU-10003567,5,12391.00,2017-11-04,2017-06-28,Loyalty Campaign
654,OFF-AR-10001026,7,26987.00,2017-09-14,2016-12-11,Conversion Campaign
995,OFF-AR-10001026,6,13585.00,2017-09-08,2016-10-13,Flash Sale
322,TEC-PH-10001918,7,12536.00,2018-07-24,2017-10-31,Discount
567,TEC-PH-10001918,7,22329.00,2018-06-23,2017-09-08,Product Launch
613,FUR-TA-10004575,7,7848.00,2018-07-03,2017-08-08,Win-Back Campaign
444,OFF-EN-10001990,2,17412.00,2017-12-19,2016-12-05,Discount
1469,OFF-EN-10001990,2,8115.00,2017-12-13,2017-09-30,Loyalty Campaign
1026,FUR-TA-10004442,3,12773.00,2017-08-31,2017-04-07,Win-Back Campaign
554,OFF-PA-10004621,1,45305.00,2017-02-12,2016-09-22,Brand Awareness
861,OFF-PA-10004621,5,13341.00,2017-03-06,2016-05-05,Retargeting
1223,OFF-ST-10001418,6,11590.00,2017-11-16,2017-05-29,Retargeting
1024,OFF-PA-10003134,2,24147.00,2018-03-06,2017-11-17,Product Launch
197,TEC-AC-10001874,6,9533.00,2017-07-30,2017-01-17,Loyalty Campaign
616,TEC-AC-10001874,2,12116.00,2017-07-21,2016-10-05,Retargeting
721,TEC-AC-10004114,7,11871.00,2017-05-07,2016-07-25,Flash Sale
299,OFF-LA-10002475,3,14521.00,2018-05-27,2017-11-05,First-Time Buyer Campaign
1043,OFF-LA-10002475,2,16541.00,2018-05-22,2017-12-11,Retargeting
628,OFF-EN-10003845,6,11961.00,2016-10-23,2015-11-08,Retargeting
149,FUR-FU-10003806,2,16268.00,2018-06-19,2017-08-06,Discount
1565,FUR-FU-10003806,2,12663.00,2018-05-22,2017-08-19,Conversion Campaign
966,OFF-BI-10001308,3,16360.00,2018-07-23,2017-12-03,Conversion Campaign
1494,OFF-BI-10001308,3,10631.00,2018-07-08,2018-02-19,Discount
478,OFF-AR-10002375,2,16899.00,2018-07-05,2017-11-29,First-Time Buyer Campaign
1485,OFF-AR-10002375,6,9852.00,2018-07-06,2018-03-05,Win-Back Campaign
1540,OFF-PA-10000483,6,10886.00,2017-12-30,2017-05-22,Discount
104,TEC-MA-10003173,7,6727.00,2018-05-22,2017-06-17,First-Time Buyer Campaign
301,TEC-MA-10003173,1,10882.00,2018-05-22,2017-06-12,Flash Sale
1452,OFF-PA-10002105,3,14648.00,2018-08-31,2017-09-26,Conversion Campaign
713,OFF-LA-10004545,7,8351.00,2018-03-27,2017-12-12,Flash Sale
894,OFF-LA-10004545,2,56968.00,2018-03-19,2017-12-24,Brand Awareness
907,TEC-AC-10003095,3,6889.00,2017-09-30,2016-12-23,Win-Back Campaign
1106,TEC-AC-10003095,3,36279.00,2017-09-16,2016-10-11,Product Launch
1298,TEC-AC-10003095,5,18489.00,2017-10-16,2017-01-20,Seasonal Sale
317,OFF-PA-10001204,2,45073.00,2017-09-16,2017-05-25,Product Launch
434,OFF-BI-10001628,4,10702.00,2017-12-01,2017-07-20,Retargeting
1400,OFF-EN-10003040,1,5019.00,2017-11-28,2017-03-30,Flash Sale
793,TEC-AC-10002857,2,11480.00,2017-11-20,2017-05-08,Flash Sale
1009,TEC-AC-10002857,2,36857.00,2017-11-21,2017-09-05,Product Launch
988,FUR-FU-10004188,4,28040.00,2017-05-27,2016-07-17,Seasonal Sale
542,OFF-ST-10000615,7,27085.00,2018-03-16,2017-07-20,Conversion Campaign
866,OFF-ST-10000615,2,7922.00,2018-03-23,2017-09-06,Loyalty Campaign
427,OFF-EN-10002831,2,13748.00,2017-11-21,2017-01-11,Flash Sale
449,OFF-EN-10002831,5,17656.00,2017-11-11,2017-07-24,Retargeting
499,OFF-EN-10002831,2,14936.00,2017-11-27,2017-08-10,Win-Back Campaign
818,OFF-ST-10001511,7,6712.00,2018-01-05,2017-01-17,Win-Back Campaign
1546,OFF-ST-10001511,7,10998.00,2017-12-15,2017-01-10,Win-Back Campaign
994,OFF-SU-10004115,3,31269.00,2018-08-08,2018-05-30,Product Launch
848,TEC-AC-10003709,3,8003.00,2018-10-01,2018-04-20,First-Time Buyer Campaign
648,OFF-BI-10002432,2,8495.00,2018-07-12,2018-01-09,Loyalty Campaign
1325,OFF-BI-10002432,6,10953.00,2018-06-24,2018-02-17,First-Time Buyer Campaign
273,OFF-PA-10000289,5,7372.00,2018-07-31,2017-07-16,Loyalty Campaign
705,OFF-LA-10004559,5,10648.00,2018-03-16,2017-04-30,Discount
463,OFF-PA-10000675,5,8526.00,2017-09-07,2016-08-17,Flash Sale
568,OFF-PA-10000675,5,14917.00,2017-08-20,2016-11-28,Win-Back Campaign
335,FUR-FU-10002107,3,19968.00,2017-09-29,2017-07-31,Conversion Campaign
1171,FUR-FU-10002107,4,34179.00,2017-09-30,2016-12-25,Seasonal Sale
1256,FUR-FU-10002107,7,15851.00,2017-10-10,2016-09-18,Seasonal Sale
1147,OFF-PA-10002319,7,45708.00,2018-07-25,2018-05-22,Brand Awareness
190,OFF-LA-10000634,5,17665.00,2018-01-10,2017-06-26,Engagement Campaign
144,OFF-PA-10001892,3,58692.00,2018-06-01,2018-04-04,Brand Awareness
513,TEC-MA-10001127,6,14683.00,2018-05-20,2018-03-18,Conversion Campaign
572,TEC-MA-10001127,5,40424.00,2018-05-30,2017-08-28,Product Launch
762,TEC-MA-10001127,7,28852.00,2018-05-25,2017-09-07,Seasonal Sale
990,OFF-BI-10000948,3,8557.00,2018-07-02,2018-05-09,Retargeting
1003,OFF-BI-10000948,4,7932.00,2018-06-25,2017-09-15,Flash Sale
1163,OFF-BI-10000948,5,12803.00,2018-06-16,2017-11-10,Retargeting
1349,OFF-BI-10000948,4,44109.00,2018-07-15,2018-02-12,Brand Awareness
448,OFF-BI-10000546,4,7166.00,2018-05-16,2017-12-27,Loyalty Campaign
1588,OFF-BI-10000546,4,8194.00,2018-05-10,2018-04-01,Discount
701,OFF-PA-10000482,3,43128.00,2018-05-22,2018-02-08,Brand Awareness
1046,TEC-AC-10001267,5,12794.00,2018-05-16,2017-12-08,Conversion Campaign
1284,TEC-AC-10001267,2,16733.00,2018-05-25,2017-09-30,Engagement Campaign
337,OFF-FA-10001754,5,7220.00,2018-05-19,2017-10-10,Loyalty Campaign
939,TEC-PH-10004042,4,22037.00,2017-11-26,2017-07-25,Conversion Campaign
1183,OFF-BI-10002049,6,16441.00,2017-08-19,2016-11-03,Engagement Campaign
717,OFF-BI-10004528,2,13442.00,2017-09-05,2017-04-10,Conversion Campaign
1245,OFF-BI-10004528,1,18454.00,2017-08-28,2017-01-04,Discount
395,OFF-PA-10002666,4,24139.00,2017-10-21,2017-04-15,Engagement Campaign
1463,OFF-PA-10002666,3,36507.00,2017-10-30,2016-11-12,Brand Awareness
1461,OFF-LA-10000414,1,26335.00,2017-10-08,2017-08-03,Seasonal Sale
256,OFF-AP-10004540,5,6380.00,2018-08-23,2017-12-05,Win-Back Campaign
296,OFF-AP-10004540,6,11417.00,2018-09-17,2017-09-24,Discount
315,OFF-AP-10000027,2,6352.00,2018-05-08,2017-10-01,Flash Sale
1012,OFF-AP-10000027,5,7341.00,2018-05-09,2017-10-29,Flash Sale
271,TEC-CO-10001449,7,11858.00,2017-09-08,2016-12-20,Flash Sale
938,TEC-CO-10001449,1,8330.00,2017-09-02,2017-05-06,Win-Back Campaign
979,TEC-CO-10001449,7,23471.00,2017-09-02,2016-09-12,Engagement Campaign
1580,OFF-PA-10001725,1,29952.00,2018-07-10,2018-01-24,Conversion Campaign
630,OFF-AP-10002670,4,15587.00,2018-05-05,2017-08-09,First-Time Buyer Campaign
1162,OFF-AP-10002670,4,24289.00,2018-05-16,2017-11-04,Product Launch
1355,TEC-AC-10000387,4,9560.00,2018-08-29,2017-08-19,Flash Sale
1160,OFF-PA-10003543,3,18094.00,2018-05-08,2018-01-18,Seasonal Sale
1293,OFF-PA-10003543,5,10907.00,2018-04-01,2017-04-13,Retargeting
720,OFF-FA-10002763,1,12075.00,2017-10-16,2017-07-31,Retargeting
1090,OFF-PA-10004782,1,21060.00,2017-12-30,2017-03-28,Product Launch
412,TEC-AC-10002558,4,23285.00,2018-02-12,2017-11-15,Product Launch
748,TEC-AC-10002558,2,9162.00,2018-02-07,2017-12-26,Win-Back Campaign
162,TEC-MA-10004002,4,12941.00,2018-08-09,2017-10-03,Flash Sale
625,TEC-MA-10004002,2,13986.00,2018-08-04,2017-07-06,First-Time Buyer Campaign
531,OFF-PA-10002499,3,35342.00,2018-03-30,2017-12-28,Product Launch
1121,OFF-PA-10002751,2,16453.00,2018-06-29,2017-09-13,First-Time Buyer Campaign
397,FUR-TA-10003715,4,16926.00,2018-01-22,2017-12-09,Seasonal Sale
925,OFF-PA-10004948,5,5103.00,2018-05-17,2017-11-03,Loyalty Campaign
1385,OFF-PA-10004948,3,10315.00,2018-05-06,2017-05-16,First-Time Buyer Campaign
417,OFF-PA-10004381,6,17087.00,2018-02-03,2017-03-30,Retargeting
1091,OFF-PA-10004381,6,31198.00,2018-02-05,2017-08-04,Product Launch
544,OFF-BI-10003655,4,14325.00,2018-02-09,2017-06-14,Win-Back Campaign
1432,OFF-BI-10003655,1,35827.00,2018-01-23,2017-02-14,Brand Awareness
511,FUR-TA-10004256,4,18712.00,2018-09-23,2018-05-04,Conversion Campaign
1158,OFF-PA-10004665,5,22521.00,2018-08-19,2018-01-17,Conversion Campaign
752,OFF-PA-10002893,6,12414.00,2018-02-13,2017-10-02,Engagement Campaign
646,TEC-AC-10002134,6,43404.00,2018-02-05,2017-06-19,Product Launch
1207,TEC-PH-10004700,3,32744.00,2018-08-20,2017-09-04,Seasonal Sale
1095,OFF-BI-10000591,3,38038.00,2018-05-04,2017-03-27,Product Launch
1566,OFF-BI-10000591,1,21265.00,2018-05-02,2017-09-19,Engagement Campaign
134,OFF-AR-10001315,1,21413.00,2018-07-04,2018-02-17,Seasonal Sale
779,TEC-AC-10002323,1,5923.00,2017-09-09,2016-09-07,Loyalty Campaign
1025,TEC-AC-10001772,2,14069.00,2018-08-06,2017-07-28,Discount
1152,OFF-AP-10000275,4,15090.00,2017-07-13,2017-01-13,Discount
1150,FUR-TA-10001857,7,14486.00,2018-02-22,2017-05-15,Win-Back Campaign
1476,FUR-TA-10001857,6,21220.00,2018-02-19,2017-07-16,Engagement Campaign
431,OFF-PA-10002137,6,26218.00,2018-03-28,2017-08-21,Seasonal Sale
983,OFF-AR-10001954,2,14195.00,2018-06-11,2018-02-06,Discount
626,TEC-PH-10002555,7,12383.00,2017-08-01,2016-09-23,Engagement Campaign
585,OFF-PA-10000157,7,12105.00,2017-03-18,2016-03-02,Retargeting
1425,TEC-PH-10000923,5,12506.00,2017-05-20,2017-01-19,First-Time Buyer Campaign
587,TEC-PH-10002807,4,40249.00,2017-09-16,2016-11-04,Product Launch
854,TEC-PH-10002807,7,17453.00,2017-08-23,2016-08-16,Engagement Campaign
1153,TEC-PH-10002807,5,14137.00,2017-09-11,2016-10-08,Discount
1398,OFF-BI-10001294,4,47466.00,2017-04-23,2016-10-24,Product Launch
486,TEC-MA-10003176,4,10797.00,2017-07-12,2016-09-21,Loyalty Campaign
699,OFF-AR-10003811,6,14324.00,2017-06-11,2017-02-05,Flash Sale
1290,OFF-AP-10003278,6,31717.00,2018-05-14,2017-08-28,Brand Awareness
248,OFF-AR-10004930,6,9922.00,2018-03-24,2017-08-18,Discount
1394,OFF-AR-10004930,7,49136.00,2018-03-13,2017-04-10,Brand Awareness
300,FUR-FU-10002813,3,9485.00,2018-08-28,2018-02-27,Retargeting
453,OFF-LA-10004055,4,17321.00,2018-06-05,2018-01-02,Discount
1069,OFF-FA-10004968,2,31736.00,2018-02-05,2017-06-26,Product Launch
670,OFF-PA-10003724,1,17939.00,2018-03-22,2017-08-26,Retargeting
1159,OFF-PA-10003724,3,44436.00,2018-02-25,2017-04-03,Product Launch
1197,OFF-PA-10003724,5,8759.00,2018-03-03,2017-02-24,Flash Sale
1353,OFF-PA-10003724,3,10793.00,2018-02-24,2017-10-07,First-Time Buyer Campaign
1516,OFF-PA-10003724,5,32768.00,2018-02-25,2017-10-14,Brand Awareness
1563,OFF-PA-10003724,4,5304.00,2018-03-01,2017-09-24,Flash Sale
406,OFF-AR-10001246,7,23046.00,2017-10-04,2016-09-16,Conversion Campaign
124,TEC-AC-10001101,7,29178.00,2018-05-23,2017-06-06,Product Launch
178,OFF-LA-10000121,5,13216.00,2017-10-08,2017-08-14,Flash Sale
1359,OFF-LA-10000121,3,18856.00,2017-09-15,2017-04-06,Conversion Campaign
733,TEC-CO-10001766,6,15180.00,2018-03-11,2017-08-19,Discount
1109,OFF-ST-10001291,6,13490.00,2017-05-14,2017-04-02,Discount
560,TEC-MA-10003337,7,30069.00,2018-03-19,2017-09-02,Seasonal Sale
1548,TEC-MA-10003337,4,46294.00,2018-03-26,2017-05-02,Product Launch
506,FUR-FU-10004415,7,22695.00,2018-01-23,2017-05-19,Seasonal Sale
932,FUR-FU-10004415,7,17272.00,2018-02-11,2017-11-09,Retargeting
228,TEC-PH-10001299,2,7412.00,2018-05-11,2017-11-27,Retargeting
553,OFF-AR-10001227,1,37123.00,2018-04-19,2017-12-12,Product Launch
833,TEC-PH-10000347,7,49164.00,2018-02-14,2017-11-12,Brand Awareness
1589,OFF-PA-10000955,6,9916.00,2017-08-15,2017-02-25,First-Time Buyer Campaign
1110,OFF-PA-10003651,4,35449.00,2017-08-25,2016-11-12,Seasonal Sale
1586,OFF-PA-10003651,3,44688.00,2017-09-12,2016-09-15,Brand Awareness
1445,TEC-PH-10001448,4,38804.00,2018-01-13,2017-06-13,Seasonal Sale
1420,OFF-PA-10002250,2,20426.00,2017-11-08,2017-08-04,Conversion Campaign
158,OFF-PA-10001560,1,11660.00,2017-10-11,2017-04-28,Retargeting
220,OFF-ST-10003572,1,14460.00,2017-11-29,2017-01-12,Retargeting
1274,OFF-ST-10003572,2,11592.00,2017-12-12,2017-02-23,Discount
1329,OFF-ST-10003572,3,22186.00,2017-12-28,2016-12-24,Conversion Campaign
1549,OFF-ST-10000025,3,14807.00,2017-07-15,2017-04-11,Engagement Campaign
1052,OFF-AP-10001469,7,8600.00,2017-07-21,2016-09-19,Loyalty Campaign
1098,OFF-AP-10001469,3,13873.00,2017-06-22,2017-03-13,Retargeting
480,OFF-PA-10002421,6,24278.00,2018-03-25,2017-09-04,Conversion Campaign
526,OFF-LA-10001641,2,12651.00,2017-07-04,2016-10-06,Flash Sale
976,OFF-LA-10001641,5,12151.00,2017-07-08,2016-07-12,First-Time Buyer Campaign
1555,OFF-LA-10001641,6,15637.00,2017-06-24,2016-07-08,Discount
1076,OFF-AR-10001216,1,31756.00,2018-04-16,2017-07-19,Brand Awareness
1406,OFF-AR-10001216,5,7806.00,2018-04-22,2017-07-13,Loyalty Campaign
1530,OFF-AR-10001216,6,16950.00,2018-04-04,2017-11-06,First-Time Buyer Campaign
744,OFF-BI-10001575,2,14962.00,2018-01-18,2017-05-25,First-Time Buyer Campaign
1064,OFF-BI-10001575,1,12659.00,2018-01-07,2017-07-21,Engagement Campaign
1379,FUR-FU-10003849,4,8974.00,2018-05-27,2017-08-09,Loyalty Campaign
528,FUR-CH-10001802,5,27969.00,2017-09-30,2017-03-31,Seasonal Sale
909,FUR-CH-10001802,1,14606.00,2017-10-14,2017-04-13,Engagement Campaign
666,OFF-PA-10000551,2,28240.00,2018-07-08,2018-01-23,Conversion Campaign
650,FUR-FU-10000087,3,46496.00,2018-07-15,2018-03-30,Product Launch
715,OFF-PA-10000350,5,34212.00,2018-07-02,2017-07-06,Brand Awareness
311,OFF-AP-10002765,1,12581.00,2017-07-31,2016-10-17,Loyalty Campaign
635,OFF-AP-10002765,3,10464.00,2017-08-02,2016-10-07,Retargeting
240,OFF-ST-10000636,3,7200.00,2018-05-31,2017-12-10,Flash Sale
1551,OFF-ST-10000636,3,54337.00,2018-05-29,2018-02-20,Brand Awareness
1243,OFF-AP-10002998,6,14061.00,2018-03-24,2018-01-18,Win-Back Campaign
595,FUR-TA-10004289,3,11096.00,2018-02-07,2017-06-18,First-Time Buyer Campaign
373,TEC-AC-10003610,6,29726.00,2018-07-21,2017-12-30,Brand Awareness
1175,TEC-AC-10003610,1,19893.00,2018-07-06,2017-08-23,Conversion Campaign
325,OFF-LA-10003388,7,15290.00,2018-07-24,2017-07-07,First-Time Buyer Campaign
1456,OFF-LA-10003388,4,19836.00,2018-06-27,2018-04-23,Discount
599,OFF-LA-10000407,4,9421.00,2017-05-14,2016-08-07,Win-Back Campaign
943,OFF-LA-10000407,6,7733.00,2017-05-24,2016-06-09,First-Time Buyer Campaign
1404,FUR-FU-10003424,3,5552.00,2018-07-02,2018-03-14,Loyalty Campaign
1226,FUR-TA-10004147,7,28004.00,2018-08-20,2017-11-12,Brand Awareness
146,TEC-MA-10004212,3,17613.00,2018-03-16,2017-04-23,Conversion Campaign
432,TEC-MA-10004212,3,14688.00,2018-02-25,2017-04-14,Engagement Campaign
1533,TEC-MA-10004212,3,21229.00,2018-03-08,2018-01-19,Product Launch
282,OFF-LA-10003714,7,30183.00,2017-09-24,2016-12-30,Product Launch
746,OFF-LA-10003714,6,24051.00,2017-09-23,2017-05-10,Engagement Campaign
169,TEC-MA-10004125,4,11102.00,2018-07-11,2017-06-11,Engagement Campaign
475,TEC-MA-10004125,5,29835.00,2018-07-07,2018-01-12,Product Launch
1559,TEC-AC-10000397,3,21963.00,2018-05-23,2017-09-16,Engagement Campaign
1560,OFF-PA-10000143,6,27803.00,2017-10-08,2017-04-07,Brand Awareness
899,FUR-FU-10002506,7,15610.00,2017-10-28,2016-10-06,Engagement Campaign
1421,OFF-PA-10001281,4,17415.00,2017-11-27,2017-09-30,First-Time Buyer Campaign
148,OFF-ST-10003996,5,20845.00,2018-04-17,2017-09-21,Conversion Campaign
401,OFF-PA-10001457,1,34978.00,2017-12-13,2017-08-20,Seasonal Sale
1468,OFF-PA-10001457,2,17441.00,2017-12-07,2017-09-19,Retargeting
139,TEC-PH-10003875,5,9404.00,2017-12-07,2017-06-21,Win-Back Campaign
771,TEC-AC-10000487,7,8577.00,2018-04-21,2018-02-12,Loyalty Campaign
235,TEC-PH-10000307,2,19568.00,2017-10-06,2017-05-24,Discount
608,TEC-PH-10000307,5,8602.00,2017-10-29,2016-10-03,Flash Sale
390,FUR-TA-10004767,4,33494.00,2018-07-29,2018-01-05,Brand Awareness
681,OFF-PA-10001001,1,24274.00,2018-03-08,2017-07-22,Seasonal Sale
404,TEC-MA-10003356,5,19181.00,2018-05-10,2017-06-29,Discount
868,TEC-MA-10003356,2,10830.00,2018-05-14,2017-05-20,Flash Sale
1444,TEC-MA-10003356,6,17511.00,2018-05-11,2018-01-31,Seasonal Sale
472,TEC-PH-10002597,6,19347.00,2018-09-05,2017-12-20,Discount
674,TEC-PH-10002597,5,17716.00,2018-08-28,2018-04-27,First-Time Buyer Campaign
1594,TEC-MA-10002412,3,11763.00,2018-05-28,2017-11-22,First-Time Buyer Campaign
1075,TEC-MA-10000864,6,23422.00,2018-03-26,2017-04-27,Engagement Campaign
1077,TEC-MA-10000864,2,14469.00,2018-04-18,2017-06-29,Win-Back Campaign
512,FUR-FU-10000175,4,14379.00,2018-05-19,2017-12-19,Discount
725,FUR-FU-10000175,1,8372.00,2018-05-04,2018-02-28,First-Time Buyer Campaign
1259,OFF-PA-10004353,3,33714.00,2018-06-30,2017-11-25,Seasonal Sale
159,OFF-EN-10004147,2,28611.00,2018-03-10,2017-12-31,Brand Awareness
1457,OFF-EN-10004147,3,9104.00,2018-04-11,2017-10-31,Loyalty Campaign
1296,TEC-AC-10002600,1,27380.00,2017-03-03,2016-12-07,Brand Awareness
577,OFF-AR-10004027,7,21978.00,2018-04-16,2017-07-06,Product Launch
636,OFF-AR-10004027,2,25814.00,2018-04-30,2017-05-11,Brand Awareness
662,OFF-AR-10004027,2,32205.00,2018-04-12,2018-02-27,Seasonal Sale
1464,FUR-FU-10003096,3,41602.00,2018-09-10,2018-04-19,Product Launch
1303,OFF-AP-10002222,6,12974.00,2018-08-06,2017-12-27,First-Time Buyer Campaign
244,FUR-FU-10002508,2,9787.00,2018-04-30,2017-04-16,Loyalty Campaign
1279,OFF-AR-10002804,7,16215.00,2018-04-23,2017-12-14,Retargeting
969,OFF-PA-10000418,5,13727.00,2018-05-03,2017-12-31,Win-Back Campaign
1247,OFF-PA-10000418,1,56843.00,2018-04-29,2017-11-30,Brand Awareness
347,OFF-LA-10004345,5,15228.00,2017-11-02,2017-07-06,Conversion Campaign
634,OFF-LA-10004345,5,9230.00,2017-11-29,2016-10-25,Flash Sale
971,OFF-LA-10004345,6,7348.00,2017-11-15,2017-07-03,Retargeting
1063,OFF-AR-10003770,4,15773.00,2018-05-05,2018-01-15,Discount
1507,OFF-AR-10003770,5,12055.00,2018-06-09,2017-11-16,Flash Sale
1598,OFF-AR-10003770,6,32586.00,2018-05-16,2018-04-02,Product Launch
930,OFF-PA-10001736,2,55936.00,2018-09-01,2018-01-19,Brand Awareness
525,OFF-AP-10000692,4,9191.00,2018-04-23,2017-11-21,Discount
1288,OFF-AP-10000692,7,27777.00,2018-05-04,2018-02-22,Conversion Campaign
170,TEC-MA-10001856,1,13542.00,2017-12-23,2017-04-24,Conversion Campaign
251,TEC-MA-10001856,2,45036.00,2018-01-13,2017-08-20,Product Launch
618,TEC-MA-10001856,5,14550.00,2017-12-29,2017-01-18,Discount
948,TEC-MA-10001856,6,28311.00,2017-12-12,2017-01-23,Product Launch
1321,TEC-MA-10001856,7,23215.00,2017-12-28,2017-08-22,Conversion Campaign
324,TEC-AC-10000991,2,12107.00,2017-08-09,2016-12-11,Flash Sale
533,TEC-AC-10000991,4,49972.00,2017-08-23,2017-02-27,Product Launch
770,TEC-AC-10000991,4,22502.00,2017-09-08,2016-11-02,Engagement Campaign
960,TEC-AC-10000991,5,25132.00,2017-08-11,2017-07-05,Conversion Campaign
1037,TEC-AC-10000991,3,11460.00,2017-09-04,2017-05-12,Win-Back Campaign
105,OFF-PA-10004734,6,9930.00,2018-03-13,2017-07-24,Retargeting
777,OFF-PA-10004734,5,9882.00,2018-03-16,2017-04-07,Flash Sale
1041,OFF-PA-10004734,1,37599.00,2018-03-14,2017-07-31,Product Launch
672,OFF-PA-10000587,2,13922.00,2018-02-17,2017-01-29,First-Time Buyer Campaign
682,FUR-BO-10004690,3,21899.00,2018-08-05,2017-06-24,Conversion Campaign
1490,OFF-AR-10004272,1,6346.00,2017-12-18,2017-08-16,Loyalty Campaign
920,TEC-AC-10000109,5,7087.00,2018-08-29,2017-09-24,Retargeting
1202,TEC-AC-10000109,6,38899.00,2018-08-26,2018-05-01,Brand Awareness
515,TEC-AC-10003657,3,11621.00,2018-06-30,2017-07-10,Loyalty Campaign
1519,TEC-AC-10003657,1,12203.00,2018-06-15,2018-02-07,Flash Sale
1568,TEC-AC-10003657,6,14076.00,2018-06-08,2017-06-07,Flash Sale
536,OFF-AR-10004790,7,13813.00,2018-01-10,2016-11-29,Conversion Campaign
330,OFF-SU-10004768,1,12694.00,2018-09-01,2018-05-19,Loyalty Campaign
466,OFF-SU-10004768,4,17290.00,2018-08-25,2018-06-13,Discount
1416,FUR-FU-10000193,3,32261.00,2017-12-23,2017-05-23,Product Launch
421,OFF-AR-10004956,5,8764.00,2018-06-13,2017-07-01,Win-Back Campaign
450,OFF-AR-10004956,1,13078.00,2018-06-21,2018-04-09,Retargeting
1143,FUR-BO-10003893,1,10008.00,2018-05-18,2017-12-03,First-Time Buyer Campaign
229,OFF-AR-10003876,6,8594.00,2017-07-28,2017-06-27,Loyalty Campaign
488,OFF-AR-10003876,5,12157.00,2017-08-16,2017-05-20,Retargeting
668,FUR-TA-10004619,7,18011.00,2017-12-10,2017-02-02,Engagement Campaign
1330,OFF-PA-10001246,4,23646.00,2017-06-18,2017-01-21,Conversion Campaign
326,OFF-BI-10000216,6,9208.00,2018-04-22,2017-11-08,Loyalty Campaign
785,OFF-BI-10000216,2,23307.00,2018-04-10,2017-07-10,Conversion Campaign
1023,OFF-PA-10001497,1,11498.00,2017-05-25,2016-08-08,Flash Sale
991,TEC-PH-10001870,4,23541.00,2017-10-28,2017-08-26,Conversion Campaign
1585,OFF-AR-10004707,4,12657.00,2018-06-22,2017-11-04,Engagement Campaign
161,TEC-PH-10004080,7,9759.00,2017-03-09,2016-05-10,Win-Back Campaign
550,TEC-PH-10004080,7,13623.00,2017-02-26,2016-05-20,Win-Back Campaign
728,OFF-ST-10002011,2,54236.00,2018-03-14,2017-07-05,Brand Awareness
336,TEC-PH-10000004,3,8246.00,2017-04-14,2016-08-09,Flash Sale
1214,FUR-FU-10000305,6,21852.00,2017-07-29,2016-09-06,Engagement Campaign
1182,OFF-ST-10000136,7,10826.00,2017-12-31,2017-07-24,First-Time Buyer Campaign
1335,OFF-ST-10000136,2,8575.00,2017-12-11,2017-06-17,Loyalty Campaign
1038,TEC-PH-10002070,1,14986.00,2018-06-13,2017-11-27,Engagement Campaign
1224,TEC-PH-10002070,3,36447.00,2018-05-18,2018-02-07,Product Launch
1208,OFF-SU-10004290,4,28470.00,2018-05-03,2017-10-31,Brand Awareness
429,FUR-BO-10000362,1,44549.00,2017-04-01,2017-02-10,Brand Awareness
1509,FUR-BO-10000362,2,17921.00,2017-04-13,2016-04-03,Discount
653,OFF-AR-10001130,7,14205.00,2018-04-16,2017-05-05,Retargeting
579,FUR-BO-10003433,3,6378.00,2017-11-30,2017-06-25,Flash Sale
1556,FUR-BO-10003433,7,8713.00,2017-11-29,2017-02-10,Win-Back Campaign
117,FUR-FU-10004587,7,8547.00,2017-06-28,2016-09-07,Discount
1027,FUR-FU-10003798,6,29916.00,2018-08-27,2018-06-01,Conversion Campaign
1596,FUR-FU-10003798,3,12087.00,2018-08-12,2017-10-07,Flash Sale
805,TEC-MA-10003979,5,17051.00,2017-11-26,2016-11-24,Engagement Campaign
816,TEC-MA-10003979,2,9210.00,2017-11-13,2017-04-12,First-Time Buyer Campaign
774,TEC-MA-10002694,7,6688.00,2018-02-02,2017-12-04,Loyalty Campaign
1122,FUR-CH-10002780,6,42283.00,2018-04-07,2018-02-13,Product Launch
435,FUR-FU-10000222,6,13113.00,2017-11-04,2016-12-13,Discount
1249,OFF-LA-10003077,2,42030.00,2017-04-21,2016-06-05,Product Launch
1010,OFF-LA-10003121,4,14176.00,2018-04-28,2018-02-11,Flash Sale
1334,OFF-LA-10003121,2,5340.00,2018-05-16,2017-12-21,Loyalty Campaign
644,OFF-AP-10002472,1,15276.00,2018-07-04,2017-08-12,Discount
1345,OFF-AP-10002472,5,12808.00,2018-07-19,2017-10-25,First-Time Buyer Campaign
479,TEC-PH-10000562,6,22323.00,2018-03-26,2017-06-14,Engagement Campaign
114,TEC-CO-10003236,1,14537.00,2018-08-12,2018-02-12,Retargeting
489,TEC-CO-10003236,6,13433.00,2018-08-15,2018-05-03,Conversion Campaign
1244,OFF-AR-10001221,6,13450.00,2018-07-26,2017-07-31,Win-Back Campaign
378,OFF-PA-10000048,7,49261.00,2018-06-12,2017-05-11,Brand Awareness
1483,OFF-EN-10004007,3,32867.00,2018-05-21,2017-09-18,Brand Awareness
1035,TEC-AC-10004666,3,29568.00,2018-02-08,2017-07-26,Seasonal Sale
884,OFF-AR-10004974,5,7120.00,2018-08-18,2017-12-04,Loyalty Campaign
1512,OFF-AR-10004974,7,12144.00,2018-09-10,2018-04-15,Win-Back Campaign
415,TEC-MA-10002859,5,8781.00,2017-09-14,2017-01-31,Win-Back Campaign
379,TEC-MA-10002981,4,7671.00,2018-06-13,2017-07-27,Flash Sale
316,TEC-PH-10002483,1,12305.00,2018-05-12,2018-02-05,Flash Sale
154,OFF-AR-10003896,6,7100.00,2018-06-22,2017-09-19,Win-Back Campaign
215,TEC-AC-10003133,5,21238.00,2018-06-01,2017-12-30,Conversion Campaign
1028,TEC-AC-10003133,4,12629.00,2018-05-17,2017-05-31,Flash Sale
188,OFF-AP-10003099,7,12633.00,2018-05-09,2017-10-08,Win-Back Campaign
810,OFF-AP-10003099,5,51541.00,2018-04-22,2017-07-23,Brand Awareness
507,TEC-MA-10002937,4,16653.00,2018-02-23,2017-11-28,Discount
359,TEC-MA-10000029,4,19751.00,2017-05-08,2016-04-20,Seasonal Sale
901,TEC-MA-10000029,7,14341.00,2017-05-24,2016-11-13,Retargeting
112,OFF-ST-10000676,3,12838.00,2017-03-12,2016-12-13,Retargeting
543,OFF-ST-10000676,3,9103.00,2017-04-13,2016-04-22,Loyalty Campaign
1204,OFF-ST-10000676,2,11436.00,2017-03-29,2016-10-21,Loyalty Campaign
914,TEC-AC-10001090,7,17963.00,2017-09-27,2016-09-22,Seasonal Sale
702,FUR-TA-10002228,3,10322.00,2018-09-13,2018-02-06,First-Time Buyer Campaign
354,OFF-AP-10003914,7,11330.00,2017-12-24,2017-04-17,Win-Back Campaign
877,OFF-AP-10003914,3,7687.00,2017-12-24,2017-05-05,Loyalty Campaign
460,OFF-AP-10000326,2,8762.00,2017-07-27,2016-09-02,First-Time Buyer Campaign
824,OFF-AP-10000326,5,31717.00,2017-07-25,2017-02-01,Seasonal Sale
1537,OFF-AP-10000326,6,11009.00,2017-07-06,2016-12-18,First-Time Buyer Campaign
1544,OFF-AP-10000326,7,14543.00,2017-08-02,2016-11-10,Win-Back Campaign
293,TEC-PH-10003174,7,20916.00,2018-02-12,2017-11-20,Seasonal Sale
156,OFF-PA-10000919,4,16542.00,2018-04-23,2017-11-06,First-Time Buyer Campaign
433,TEC-MA-10000904,3,40545.00,2018-08-10,2018-02-25,Brand Awareness
559,TEC-MA-10000904,1,19168.00,2018-07-28,2017-12-15,Conversion Campaign
257,TEC-MA-10002790,7,12037.00,2018-07-07,2017-10-07,Retargeting
1154,TEC-MA-10002790,5,14655.00,2018-07-06,2018-02-28,Retargeting
102,OFF-PA-10002333,4,14258.00,2017-02-11,2016-04-07,Retargeting
753,OFF-ST-10001627,2,17972.00,2017-12-08,2017-04-12,Engagement Campaign