order_id,payment_value,payment_type,payment_installments
CA-2014-100006,82.8960037231445,credit_card,2
CA-2014-100090,2854.69995117188,credit_card,4
CA-2014-100293,79.3600006103516,credit_card,5
CA-2014-100328,89.5439987182617,debit_card,6
CA-2014-100363,354,credit_card,8
CA-2014-100391,76.7519989013672,credit_card,4
CA-2014-100678,269.048004150391,credit_card,2
CA-2014-100706,492.376007080078,credit_card,1
CA-2014-100762,757.570007324219,credit_card,5
CA-2014-100860,113.888000488281,credit_card,10
CA-2014-100867,219.839996337891,credit_card,8
CA-2014-100881,31.5599994659424,credit_card,3
CA-2014-100895,1127.31005859375,credit_card,2
CA-2014-100916,52.6959991455078,credit_card,1
CA-2014-100972,8.5600004196167,credit_card,5
CA-2014-101147,848.544006347656,credit_card,5
CA-2014-101175,87.5999984741211,credit_card,2
CA-2014-101266,26.7199993133545,credit_card,3
CA-2014-101364,47.6160011291504,credit_card,3
CA-2014-101392,26.5499992370605,credit_card,8
CA-2014-101427,46.8639984130859,credit_card,4
CA-2014-101462,30.3449993133545,credit_card,2
CA-2014-101476,21.2479991912842,credit_card,10
CA-2014-101560,212.802001953125,credit_card,1
CA-2014-101602,103.34400177002,credit_card,3
CA-2014-101770,9.87199974060059,credit_card,3
CA-2014-101833,8.60000038146973,credit_card,1
CA-2014-101931,231.526000976563,debit_card,10
CA-2014-102085,240.369995117188,debit_card,1
CA-2014-102274,267.044006347656,credit_card,2
CA-2014-102295,251.005996704102,credit_card,1
CA-2014-102330,2816.47998046875,credit_card,1
CA-2014-102645,815.2919921875,credit_card,8
CA-2014-102652,698.719970703125,credit_card,6
CA-2014-102673,760.638000488281,credit_card,3
CA-2014-102869,89.4400024414063,debit_card,10
CA-2014-102988,557.10400390625,credit_card,4
CA-2014-103058,6.91200017929077,credit_card,4
CA-2014-103086,1099.9599609375,credit_card,10
CA-2014-103100,42.9420013427734,credit_card,3
CA-2014-103191,17.8999996185303,credit_card,2
CA-2014-103219,3.61999988555908,credit_card,6
CA-2014-103310,3150.10205078125,credit_card,4
CA-2014-103317,575.89501953125,debit_card,1
CA-2014-103366,3.98399996757507,voucher,10
CA-2014-103373,27.8159999847412,credit_card,12
CA-2014-103401,14.7299995422363,credit_card,1
CA-2014-103429,1028.46594238281,debit_card,8
CA-2014-103492,231.675994873047,credit_card,2
CA-2014-103527,19.9799995422363,credit_card,4
CA-2014-103590,45.3600006103516,credit_card,5
CA-2014-103660,8.92800045013428,credit_card,8
CA-2014-103702,3,debit_card,7
CA-2014-103744,48.2859992980957,credit_card,8
CA-2014-103800,14.3999996185303,credit_card,1
CA-2014-103807,233.259994506836,credit_card,2
CA-2014-103849,663.599975585938,credit_card,1
CA-2014-103940,4672.423828125,debit_card,6
CA-2014-103989,195.11799621582,credit_card,3
CA-2014-104178,836.72998046875,debit_card,7
CA-2014-104269,20.8199996948242,credit_card,1
CA-2014-104283,373.376007080078,credit_card,5
CA-2014-104402,7.90000009536743,credit_card,10
CA-2014-104472,34.3199996948242,credit_card,10
CA-2014-104563,1468.92797851563,credit_card,3
CA-2014-104738,683.02197265625,credit_card,1
CA-2014-104773,58.0800018310547,voucher,3
CA-2014-104808,4.96000003814697,credit_card,1
CA-2014-104829,79.9739990234375,credit_card,10
CA-2014-104976,19.9200000762939,credit_card,4
CA-2014-105165,757.018005371094,debit_card,2
CA-2014-105172,559.710021972656,credit_card,10
CA-2014-105249,1425.54797363281,credit_card,2
CA-2014-105270,1170.57604980469,credit_card,5
CA-2014-105340,180.960006713867,credit_card,10
CA-2014-105417,78.3519973754883,credit_card,2
CA-2014-105648,103.599998474121,debit_card,2
CA-2014-105872,16.3799991607666,credit_card,8
CA-2014-105893,335.519989013672,credit_card,2
CA-2014-105984,202.580001831055,credit_card,2
CA-2014-106054,474.950012207031,credit_card,3
CA-2014-106229,310.442993164063,credit_card,6
CA-2014-106264,357.484008789063,credit_card,1
CA-2014-106376,77.8899993896484,credit_card,10
CA-2014-106439,4701.36376953125,credit_card,3
CA-2014-106572,26,credit_card,10
CA-2014-106719,4.57200002670288,credit_card,3
CA-2014-106726,82.8000030517578,credit_card,1
CA-2014-106803,144.449996948242,credit_card,1
CA-2014-106810,1439.98205566406,credit_card,3
CA-2014-106971,38.8199996948242,credit_card,10
CA-2014-107139,19.1040000915527,credit_card,5
CA-2014-107181,35.681999206543,credit_card,1
CA-2014-107398,123.540000915527,credit_card,10
CA-2014-107454,1150.97998046875,credit_card,1
CA-2014-107524,248.248001098633,credit_card,1
CA-2014-107573,113.372001647949,credit_card,10
CA-2014-107594,49.2400016784668,credit_card,1
CA-2014-107755,6.91200017929077,debit_card,2
CA-2014-107769,254.352005004883,debit_card,4
CA-2014-107811,63.3120002746582,credit_card,1
CA-2014-107818,56.4000015258789,credit_card,2
CA-2014-107916,229.136001586914,debit_card,2
CA-2014-108147,1399.35998535156,credit_card,8
CA-2014-108182,14.6199998855591,credit_card,2
CA-2014-108189,990.953186035156,credit_card,4
CA-2014-108273,203.160003662109,credit_card,3
CA-2014-108609,79.9000015258789,credit_card,5
CA-2014-108707,67.1760025024414,credit_card,2
CA-2014-108861,181.796997070313,credit_card,4
CA-2014-108903,1737.59997558594,credit_card,3
CA-2014-109043,44.1279983520508,credit_card,3
CA-2014-109127,4.44799995422363,credit_card,2
CA-2014-109134,257.940002441406,credit_card,2
CA-2014-109218,13.6319999694824,credit_card,2
CA-2014-109232,82.3440017700195,credit_card,3
CA-2014-109302,652.994995117188,voucher,10
CA-2014-109491,416.664001464844,credit_card,1
CA-2014-109680,34.5,credit_card,8
CA-2014-109855,50.9970016479492,credit_card,4
CA-2014-109890,108.080001831055,credit_card,1
CA-2014-109897,25.07200050354,debit_card,4
CA-2014-109904,795.408020019531,debit_card,8
CA-2014-109918,254.223999023438,credit_card,3
CA-2014-109932,101.884002685547,credit_card,2
CA-2014-110030,196.210006713867,credit_card,10
CA-2014-110065,68.9800033569336,credit_card,5
CA-2014-110072,10.4280004501343,credit_card,4
CA-2014-110100,7.10400009155273,credit_card,7
CA-2014-110184,167.171997070313,credit_card,2
CA-2014-110219,568.72802734375,debit_card,10
CA-2014-110408,46.3139991760254,credit_card,6
CA-2014-110527,15.5520000457764,credit_card,3
CA-2014-110555,590.432006835938,credit_card,3
CA-2014-110611,91.0319976806641,credit_card,10
CA-2014-110639,435.915985107422,credit_card,5
CA-2014-110786,1854.42199707031,credit_card,3
CA-2014-110849,252.61799621582,credit_card,5
CA-2014-111003,285.25,credit_card,2
CA-2014-111059,18.2070007324219,credit_card,10
CA-2014-111150,82.2399978637695,credit_card,5
CA-2014-111157,753.906005859375,credit_card,10
CA-2014-111192,2.07999992370605,credit_card,10
CA-2014-111360,11.5600004196167,credit_card,3
CA-2014-111451,2449.8369140625,debit_card,2
CA-2014-111500,2040.09997558594,credit_card,4
CA-2014-111773,31.1760005950928,credit_card,10
CA-2014-111857,38.7099990844727,credit_card,2
CA-2014-111871,20.7000007629395,credit_card,2
CA-2014-111899,1125.92004394531,credit_card,2
CA-2014-111934,86.25,credit_card,3
CA-2014-111962,120.143997192383,credit_card,2
CA-2014-112158,90.7119979858398,credit_card,5
CA-2014-112291,791.679992675781,credit_card,1
CA-2014-112326,37.2480010986328,voucher,4
CA-2014-112403,91.9599990844727,voucher,2
CA-2014-112718,85.9800033569336,credit_card,2
CA-2014-112837,227.975997924805,credit_card,5
CA-2014-112851,8.22599983215332,credit_card,6
CA-2014-113047,11.7840003967285,credit_card,2
CA-2014-113257,681.190002441406,credit_card,7
CA-2014-113271,1239.87194824219,debit_card,2
CA-2014-113320,67.2689971923828,credit_card,1
CA-2014-113362,1694.16003417969,credit_card,2
CA-2014-113383,645.822021484375,credit_card,3
CA-2014-113579,414,credit_card,6
CA-2014-113768,967.919982910156,credit_card,7
CA-2014-113859,515.880004882813,credit_card,4
CA-2014-113880,109.919998168945,credit_card,2
CA-2014-113887,67.8399963378906,credit_card,5
CA-2014-113929,359.074005126953,credit_card,1
CA-2014-113964,73.568000793457,credit_card,2
CA-2014-114125,136.296005249023,credit_card,1
CA-2014-114181,184.436004638672,credit_card,3
CA-2014-114195,509.380004882813,credit_card,10
CA-2014-114251,1411.63793945313,credit_card,5
CA-2014-114314,361.399993896484,credit_card,10
CA-2014-114321,448.332000732422,credit_card,4
CA-2014-114335,14.3039999008179,credit_card,9
CA-2014-114433,31.8400001525879,debit_card,4
CA-2014-114510,993.864013671875,credit_card,9
CA-2014-114517,766.719970703125,credit_card,6
CA-2014-114643,13.9200000762939,credit_card,8
CA-2014-114790,1237.416015625,credit_card,10
CA-2014-115056,419.899993896484,credit_card,2
CA-2014-115084,841.567993164063,credit_card,10
CA-2014-115133,404.466003417969,credit_card,2
CA-2014-115161,10.3680000305176,credit_card,1
CA-2014-115259,768.075988769531,credit_card,2
CA-2014-115357,546.659973144531,credit_card,1
CA-2014-115791,1382.47998046875,credit_card,1
CA-2014-115812,1638.00402832031,credit_card,12
CA-2014-115889,395.506011962891,credit_card,2
CA-2014-115973,50.3199996948242,debit_card,3
CA-2014-115980,201.740005493164,credit_card,1
CA-2014-116190,2122.91796875,credit_card,8
CA-2014-116239,209.699996948242,credit_card,2
CA-2014-116246,45.9799995422363,debit_card,3
CA-2014-116407,1108,credit_card,10
CA-2014-116568,124.360000610352,credit_card,2
CA-2014-116666,177.979995727539,debit_card,10
CA-2014-116673,163.880004882813,credit_card,2
CA-2014-116757,589.335021972656,credit_card,1
CA-2014-116785,217.275497436523,credit_card,4
CA-2014-116834,258.600006103516,credit_card,5
CA-2014-116904,709.302001953125,credit_card,3
CA-2014-116932,564.504028320313,credit_card,10
CA-2014-117016,319.967987060547,credit_card,1
CA-2014-117345,1327.43798828125,credit_card,3
CA-2014-117429,121.791999816895,voucher,10
CA-2014-117464,319.808013916016,credit_card,3
CA-2014-117478,120.980003356934,voucher,2
CA-2014-117639,37.0999984741211,credit_card,1
CA-2014-117709,89.9909973144531,debit_card,2
CA-2014-117765,224.039993286133,credit_card,4
CA-2014-118192,316.167999267578,credit_card,1
CA-2014-118276,65.568000793457,credit_card,2
CA-2014-118304,141.960006713867,credit_card,2
CA-2014-118339,5922.55810546875,credit_card,8
CA-2014-118962,1791.22399902344,credit_card,8
CA-2014-118976,320.515991210938,debit_card,4
CA-2014-119032,64.6800003051758,credit_card,10
CA-2014-119144,283.959991455078,debit_card,4
CA-2014-119151,107.860000610352,credit_card,7
CA-2014-119172,166.324005126953,credit_card,7
CA-2014-119375,1356.68395996094,credit_card,6
CA-2014-119466,2676.67211914063,credit_card,8
CA-2014-119529,313.721984863281,voucher,1
CA-2014-119977,18.9360008239746,credit_card,3
CA-2014-120096,340.212005615234,credit_card,8
CA-2014-120243,913.429992675781,credit_card,2
CA-2014-120278,1721.92004394531,credit_card,8
CA-2014-120411,214.970001220703,credit_card,1
CA-2014-120432,122.120002746582,credit_card,1
CA-2014-120474,23.1299991607666,credit_card,5
CA-2014-120544,228.018005371094,debit_card,1
CA-2014-120670,2.30800008773804,credit_card,4
CA-2014-120768,541.179992675781,credit_card,2
CA-2014-120775,2086.31811523438,credit_card,4
CA-2014-120838,488.600006103516,credit_card,3
CA-2014-120852,400.890014648438,credit_card,2
CA-2014-120887,276.690002441406,credit_card,1
CA-2014-120950,62.2960014343262,credit_card,6
CA-2014-121006,4340.33203125,credit_card,4
CA-2014-121167,276.690002441406,credit_card,2
CA-2014-121286,23.2479991912842,credit_card,1
CA-2014-121573,265.216003417969,credit_card,1
CA-2014-121629,222.666000366211,debit_card,8
CA-2014-121664,10.9899997711182,credit_card,10
CA-2014-121727,8.85599994659424,credit_card,6
CA-2014-121762,403.615997314453,debit_card,2
CA-2014-121769,2690.96997070313,credit_card,2
CA-2014-122070,977.890014648438,credit_card,3
CA-2014-122217,2430.080078125,debit_card,10
CA-2014-122336,350.955993652344,credit_card,1
CA-2014-122567,100.314002990723,credit_card,2
CA-2014-122588,33.9000015258789,credit_card,7
CA-2014-122609,97.4000015258789,credit_card,4
CA-2014-122679,5.55200004577637,credit_card,1
CA-2014-122749,15.2799997329712,credit_card,10
CA-2014-122882,1109.36999511719,debit_card,1
CA-2014-122931,1043.28796386719,credit_card,2
CA-2014-123064,95.8399963378906,credit_card,2
CA-2014-123127,49.6160011291504,credit_card,10
CA-2014-123225,19.4659996032715,credit_card,10
CA-2014-123253,72.5879974365234,credit_card,5
CA-2014-123260,60.7400016784668,credit_card,7
CA-2014-123295,139.860000610352,debit_card,1
CA-2014-123316,37.7400016784668,credit_card,8
CA-2014-123323,6.84800004959106,debit_card,6
CA-2014-123344,82.9499969482422,credit_card,1
CA-2014-123400,225.365997314453,credit_card,4
CA-2014-123477,77.5500030517578,credit_card,1
CA-2014-123498,133.160003662109,credit_card,2
CA-2014-123855,931.176025390625,credit_card,1
CA-2014-123925,234.449996948242,credit_card,2
CA-2014-124023,698.351989746094,credit_card,6
CA-2014-124079,111.692001342773,credit_card,3
CA-2014-124247,57.576000213623,voucher,3
CA-2014-124394,494.946014404297,credit_card,5
CA-2014-124429,531.530029296875,credit_card,4
CA-2014-124464,275.058013916016,credit_card,1
CA-2014-124478,1129.64794921875,credit_card,3
CA-2014-124513,17.7600002288818,debit_card,3
CA-2014-124618,258.696014404297,credit_card,1
CA-2014-124646,427.899993896484,credit_card,2
CA-2014-124688,1170.68798828125,credit_card,5
CA-2014-124702,448.660003662109,credit_card,3
CA-2014-124709,94.7399978637695,credit_card,8
CA-2014-124723,485.880004882813,credit_card,1
CA-2014-124730,387.43798828125,credit_card,3
CA-2014-124737,894.466003417969,credit_card,5
CA-2014-124807,261.544006347656,credit_card,10
CA-2014-124856,1563.91796875,debit_card,3
CA-2014-125136,27.9500007629395,credit_card,3
CA-2014-125150,63.2000007629395,credit_card,8
CA-2014-125171,76.6399993896484,credit_card,1
CA-2014-125514,551.752014160156,credit_card,2
CA-2014-125542,887.408020019531,credit_card,3
CA-2014-125556,624.343994140625,credit_card,1
CA-2014-125612,87.5699996948242,credit_card,2
CA-2014-125731,226.699996948242,voucher,4
CA-2014-125759,16.1919994354248,debit_card,1
CA-2014-125829,403.736999511719,credit_card,8
CA-2014-125997,1635.21997070313,credit_card,1
CA-2014-126032,7.51999998092651,credit_card,1
CA-2014-126193,330.399993896484,credit_card,5
CA-2014-126200,3083.78002929688,credit_card,1
CA-2014-126277,68.7040023803711,credit_card,2
CA-2014-126333,12.0600004196167,credit_card,2
CA-2014-126361,1517.92395019531,credit_card,3
CA-2014-126403,237.744003295898,debit_card,10
CA-2014-126480,20.8560009002686,credit_card,1
CA-2014-126522,33.9300003051758,credit_card,2
CA-2014-126683,35.2410011291504,debit_card,4
CA-2014-126760,1027.38195800781,credit_card,3
CA-2014-126802,2.62400007247925,credit_card,3
CA-2014-127012,73.9599990844727,credit_card,1
CA-2014-127131,96.5080032348633,voucher,2
CA-2014-127159,575.927978515625,debit_card,8
CA-2014-127166,114.935997009277,credit_card,7
CA-2014-127187,11.6800003051758,credit_card,10
CA-2014-127299,55.7280006408691,credit_card,2
CA-2014-127383,105.583999633789,credit_card,5
CA-2014-127446,3338.15600585938,credit_card,8
CA-2014-127488,71.120002746582,credit_card,1
CA-2014-127523,368.910003662109,credit_card,6
CA-2014-127558,507.308013916016,credit_card,4
CA-2014-127586,62.9199981689453,credit_card,2
CA-2014-127614,625.591979980469,credit_card,6
CA-2014-127691,362.787994384766,credit_card,2
CA-2014-127859,50.7999992370605,credit_card,5
CA-2014-127866,220.865997314453,credit_card,2
CA-2014-127936,6.80000019073486,credit_card,10
CA-2014-127964,63.8559989929199,debit_card,2
CA-2014-128055,2637.51806640625,credit_card,1
CA-2014-128146,231.494995117188,credit_card,1
CA-2014-128209,829.757995605469,credit_card,1
CA-2014-128237,447.272003173828,credit_card,3
CA-2014-128524,61.3759994506836,credit_card,1
CA-2014-128538,73.9150009155273,credit_card,2
CA-2014-128622,370.140014648438,credit_card,6
CA-2014-128839,753.392028808594,credit_card,3
CA-2014-128846,38.3279991149902,credit_card,1
CA-2014-128888,28.8400001525879,credit_card,8
CA-2014-128986,161.567993164063,credit_card,2
CA-2014-129091,488.553985595703,credit_card,7
CA-2014-129147,1205.81396484375,credit_card,1
CA-2014-129189,266.463989257813,credit_card,1
CA-2014-129364,2348.09204101563,credit_card,5
CA-2014-129574,28.8999996185303,credit_card,1
CA-2014-129819,169.449996948242,credit_card,2
CA-2014-129924,54.2039985656738,debit_card,10
CA-2014-129938,552.559997558594,debit_card,1
CA-2014-130092,27.3959999084473,credit_card,4
CA-2014-130155,5.21400022506714,credit_card,1
CA-2014-130274,11.960000038147,credit_card,6
CA-2014-130421,1088.76000976563,credit_card,1
CA-2014-130428,34.8800010681152,credit_card,2
CA-2014-130449,157.559997558594,credit_card,2
CA-2014-130575,3050.3759765625,credit_card,1
CA-2014-130624,125.723999023438,debit_card,7
CA-2014-130673,1282.11401367188,credit_card,5
CA-2014-130729,13.5200004577637,credit_card,8
CA-2014-130813,30.7999992370605,credit_card,2
CA-2014-130869,21.6959991455078,credit_card,2
CA-2014-130918,61.439998626709,voucher,4
CA-2014-130960,127.903999328613,credit_card,3
CA-2014-131002,1933.71594238281,credit_card,9
CA-2014-131009,146.449996948242,credit_card,5
CA-2014-131051,1.18799996376038,debit_card,2
CA-2014-131247,143.951995849609,credit_card,1
CA-2014-131310,1378.01794433594,credit_card,5
CA-2014-131387,71.7600021362305,credit_card,2
CA-2014-131450,50.3400001525879,debit_card,6
CA-2014-131527,11.5600004196167,credit_card,4
CA-2014-131541,99.1119995117188,debit_card,1
CA-2014-131800,53.939998626709,credit_card,2
CA-2014-131905,77.4919967651367,credit_card,2
CA-2014-131926,381.739990234375,credit_card,8
CA-2014-131947,1340.15405273438,credit_card,2
CA-2014-132010,348.305999755859,debit_card,4
CA-2014-132227,43.9799995422363,credit_card,8
CA-2014-132451,125.351997375488,credit_card,3
CA-2014-132500,139.039993286133,credit_card,1
CA-2014-132542,34.5999984741211,credit_card,1
CA-2014-132612,53.9199981689453,credit_card,2
CA-2014-132787,35.3400001525879,credit_card,1
CA-2014-132801,4.13000011444092,credit_card,1
CA-2014-132864,47.9519996643066,debit_card,5
CA-2014-132913,41.4720001220703,debit_card,6
CA-2014-132962,4024.17407226563,credit_card,2
CA-2014-132983,28.2719993591309,credit_card,5
CA-2014-133158,62.7200012207031,debit_card,2
CA-2014-133228,13.710000038147,credit_card,5
CA-2014-133270,388.704010009766,credit_card,2
CA-2014-133305,335.287200927734,credit_card,10
CA-2014-133354,62.4959983825684,credit_card,3
CA-2014-133389,92.9599990844727,credit_card,6
CA-2014-133424,74.6360015869141,credit_card,1
CA-2014-133543,11.210000038147,credit_card,5
CA-2014-133592,520.383972167969,credit_card,1
CA-2014-133634,182.910003662109,debit_card,3
CA-2014-133690,69.1439971923828,credit_card,10
CA-2014-133704,66.0240020751953,credit_card,4
CA-2014-133753,240.240005493164,credit_card,1
CA-2014-133809,220.335998535156,debit_card,1
CA-2014-133830,33.9360008239746,credit_card,5
CA-2014-133851,133.25,credit_card,8
CA-2014-133963,11.5600004196167,credit_card,3
CA-2014-134061,1499.94995117188,credit_card,1
CA-2014-134103,627.668029785156,credit_card,1
CA-2014-134215,51.0999984741211,credit_card,1
CA-2014-134278,177.199996948242,credit_card,2
CA-2014-134313,133.212005615234,credit_card,2
CA-2014-134551,263.503997802734,debit_card,4
CA-2014-134572,121.779998779297,credit_card,5
CA-2014-134621,153.779998779297,credit_card,1
CA-2014-134677,55.3279991149902,credit_card,3
CA-2014-135090,1502.3759765625,credit_card,10
CA-2014-135405,560.658020019531,debit_card,8
CA-2014-135608,59.0359992980957,credit_card,2
CA-2014-135657,40.9900016784668,credit_card,4
CA-2014-135699,1051.18005371094,credit_card,3
CA-2014-135755,68.6399993896484,credit_card,3
CA-2014-135993,617.309997558594,credit_card,2
CA-2014-136336,13.2299995422363,credit_card,3
CA-2014-136399,221.572006225586,credit_card,5
CA-2014-136567,1410.22802734375,credit_card,20
CA-2014-136644,44.4599990844727,debit_card,10
CA-2014-136742,167.975997924805,credit_card,2
CA-2014-136861,51.3359985351563,credit_card,3
CA-2014-137092,1349.46594238281,credit_card,2
CA-2014-137274,84.0559997558594,credit_card,10
CA-2014-137351,585.552001953125,debit_card,3
CA-2014-137575,6.60799980163574,credit_card,2
CA-2014-137589,35.015998840332,credit_card,1
CA-2014-137911,853.929992675781,credit_card,5
CA-2014-138023,247.440002441406,credit_card,7
CA-2014-138072,10.3680000305176,credit_card,8
CA-2014-138100,1897.64599609375,debit_card,3
CA-2014-138128,20.3719997406006,credit_card,1
CA-2014-138177,77.7200012207031,credit_card,5
CA-2014-138198,113.730003356934,credit_card,6
CA-2014-138240,2125.6259765625,credit_card,5
CA-2014-138296,20.7040004730225,credit_card,10
CA-2014-138317,972.518005371094,credit_card,5
CA-2014-138359,230.542007446289,credit_card,5
CA-2014-138436,23.6159992218018,credit_card,3
CA-2014-138450,98.9079971313477,credit_card,8
CA-2014-138513,284.079986572266,debit_card,10
CA-2014-138527,4990.2412109375,credit_card,6
CA-2014-138681,526.64599609375,credit_card,8
CA-2014-138709,51.273998260498,debit_card,3
CA-2014-138737,111.040000915527,credit_card,1
CA-2014-138940,4.89599990844727,debit_card,5
CA-2014-139017,15.8400001525879,debit_card,2
CA-2014-139192,1089.6240234375,credit_card,6
CA-2014-139283,127.763999938965,credit_card,2
CA-2014-139423,88.7519989013672,credit_card,2
CA-2014-139451,438.044006347656,credit_card,3
CA-2014-139542,176.919998168945,credit_card,3
CA-2014-139598,370.220001220703,voucher,10
CA-2014-139633,7.92000007629395,credit_card,3
CA-2014-139857,6.67199993133545,credit_card,1
CA-2014-139892,1261.92797851563,credit_card,10
CA-2014-140004,396.544006347656,credit_card,10
CA-2014-140032,18.2639999389648,credit_card,6
CA-2014-140165,287.936004638672,debit_card,3
CA-2014-140228,1151.94799804688,credit_card,10
CA-2014-140396,367.56640625,credit_card,3
CA-2014-140403,27.4559993743896,credit_card,2
CA-2014-140473,18.7199993133545,credit_card,3
CA-2014-140487,83.9199981689453,debit_card,1
CA-2014-140662,178.925994873047,credit_card,4
CA-2014-140732,607.942016601563,credit_card,2
CA-2014-140795,6.57000017166138,credit_card,2
CA-2014-140816,285.552001953125,credit_card,2
CA-2014-140858,454.981994628906,credit_card,8
CA-2014-140886,12.960000038147,credit_card,2
CA-2014-141005,29.5200004577637,credit_card,3
CA-2014-141110,4906.35205078125,debit_card,2
CA-2014-141152,113.940002441406,credit_card,7
CA-2014-141173,419.135986328125,credit_card,3
CA-2014-141278,175.871994018555,credit_card,6
CA-2014-141299,431.160003662109,credit_card,4
CA-2014-141313,81.6600036621094,credit_card,1
CA-2014-141355,23.3759994506836,credit_card,10
CA-2014-141607,16.2719993591309,credit_card,6
CA-2014-141649,23.7600002288818,credit_card,3
CA-2014-141726,45.7050018310547,debit_card,1
CA-2014-141796,24.5599994659424,credit_card,2
CA-2014-141838,1218.97094726563,credit_card,3
CA-2014-142048,11199.9677734375,credit_card,5
CA-2014-142314,25.488000869751,credit_card,2
CA-2014-142510,191.348999023438,credit_card,4
CA-2014-142587,610.140014648438,credit_card,3
CA-2014-142727,203.391006469727,credit_card,1
CA-2014-142769,1488.42199707031,debit_card,10
CA-2014-142839,142.776000976563,credit_card,6
CA-2014-142951,168.100006103516,credit_card,6
CA-2014-142965,17.1599998474121,credit_card,1
CA-2014-143168,127.819999694824,credit_card,3
CA-2014-143182,450.040008544922,credit_card,1
CA-2014-143210,412.760009765625,credit_card,6
CA-2014-143336,507.175994873047,credit_card,1
CA-2014-143371,714.015991210938,credit_card,6
CA-2014-143413,193.06559753418,credit_card,6
CA-2014-143637,98.3919982910156,credit_card,2
CA-2014-143840,862.973999023438,credit_card,3
CA-2014-143903,107.026000976563,debit_card,6
CA-2014-144029,717.755981445313,credit_card,8
CA-2014-144071,565.059997558594,credit_card,5
CA-2014-144281,21.7439994812012,credit_card,3
CA-2014-144407,162.600006103516,credit_card,10
CA-2014-144414,1494.96398925781,credit_card,3
CA-2014-144624,11.6479997634888,credit_card,1
CA-2014-144666,2794.60205078125,credit_card,2
CA-2014-144974,144.018005371094,debit_card,2
CA-2014-145212,87.9199981689453,credit_card,10
CA-2014-145254,1098.56994628906,credit_card,4
CA-2014-145317,909.981994628906,credit_card,8
CA-2014-145387,4072.94995117188,debit_card,1
CA-2014-145541,407.976013183594,credit_card,10
CA-2014-145576,28.9799995422363,credit_card,3
CA-2014-145800,12.6999998092651,credit_card,8
CA-2014-145926,47.9519996643066,credit_card,6
CA-2014-146283,574.848022460938,credit_card,8
CA-2014-146500,472.967987060547,credit_card,1
CA-2014-146528,1574.88793945313,credit_card,1
CA-2014-146591,1604.48400878906,credit_card,6
CA-2014-146640,159.983993530273,credit_card,2
CA-2014-146703,217.583999633789,credit_card,8
CA-2014-146731,1118.61596679688,credit_card,2
CA-2014-146815,484.648010253906,credit_card,7
CA-2014-146843,165.380004882813,credit_card,2
CA-2014-146885,1323.90002441406,credit_card,1
CA-2014-146969,219.14599609375,credit_card,1
CA-2014-146990,791.52001953125,credit_card,4
CA-2014-146997,11.3760004043579,credit_card,1
CA-2014-147235,477.510009765625,credit_card,3
CA-2014-147298,55.9500007629395,credit_card,2
CA-2014-147543,12.3500003814697,credit_card,8
CA-2014-147900,14.6199998855591,credit_card,2
CA-2014-147914,148.703994750977,credit_card,2
CA-2014-148040,46.0880012512207,credit_card,2
CA-2014-148285,227.904006958008,credit_card,10
CA-2014-148369,68.2379989624023,credit_card,3
CA-2014-148383,2.37599992752075,credit_card,3
CA-2014-148425,207.184005737305,credit_card,10
CA-2014-148488,219.087997436523,credit_card,6
CA-2014-148586,1217.56799316406,debit_card,4
CA-2014-148614,113.192001342773,credit_card,3
CA-2014-148761,3.04800009727478,credit_card,8
CA-2014-148782,251.910003662109,credit_card,1
CA-2014-148915,698.315979003906,credit_card,10
CA-2014-148950,138.47200012207,debit_card,8
CA-2014-149020,211.828002929688,debit_card,7
CA-2014-149055,7.99599981307983,credit_card,1
CA-2014-149104,5584.93408203125,credit_card,2
CA-2014-149244,94.5999984741211,credit_card,1
CA-2014-149524,9.86999988555908,credit_card,4
CA-2014-149538,1520.05798339844,credit_card,4
CA-2014-149594,510.239990234375,credit_card,2
CA-2014-149643,162.639999389648,credit_card,5
CA-2014-149958,4889.35400390625,credit_card,3
CA-2014-150203,44.75,credit_card,2
CA-2014-150245,479.988006591797,credit_card,10
CA-2014-150301,11.0600004196167,debit_card,6
CA-2014-150329,36.8400001525879,credit_card,3
CA-2014-150490,121.40599822998,credit_card,3
CA-2014-150518,423.364013671875,credit_card,10
CA-2014-150581,482.730010986328,credit_card,1
CA-2014-150798,476.578002929688,debit_card,5
CA-2014-151001,613.219970703125,credit_card,6
CA-2014-151078,6.59999990463257,credit_card,10
CA-2014-151162,371.160003662109,debit_card,6
CA-2014-151295,81.1520004272461,debit_card,8
CA-2014-151330,579.197998046875,credit_card,1
CA-2014-151379,54.9000015258789,credit_card,2
CA-2014-151554,13.3439998626709,credit_card,5
CA-2014-151708,367.108001708984,credit_card,10
CA-2014-151792,199.979995727539,credit_card,10
CA-2014-151897,1.78799998760223,credit_card,3
CA-2014-151946,1252.76000976563,credit_card,2
CA-2014-151953,195.136001586914,debit_card,10
CA-2014-151967,19.1940002441406,credit_card,1
CA-2014-151995,802.700012207031,credit_card,5
CA-2014-152100,6.78999996185303,credit_card,1
CA-2014-152233,10.3680000305176,credit_card,3
CA-2014-152254,1245.85998535156,credit_card,5
CA-2014-152268,52.4480018615723,credit_card,2
CA-2014-152296,89.9700012207031,credit_card,6
CA-2014-152345,24.3649997711182,credit_card,6
CA-2014-152443,260.256011962891,credit_card,1
CA-2014-152562,314.549987792969,credit_card,10
CA-2014-152618,628.338012695313,credit_card,6
CA-2014-152849,195.136001586914,credit_card,1
CA-2014-152905,67.1500015258789,credit_card,20
CA-2014-153087,617.880004882813,debit_card,3
CA-2014-153150,222.384002685547,debit_card,1
CA-2014-153479,1654.83801269531,debit_card,3
CA-2014-153619,319.760009765625,credit_card,8
CA-2014-153808,439.808013916016,credit_card,8
CA-2014-153850,33.2299995422363,debit_card,5
CA-2014-153913,678.888000488281,credit_card,10
CA-2014-153927,194.292007446289,credit_card,2
CA-2014-153976,30.4799995422363,credit_card,10
CA-2014-153983,2803.63989257813,debit_card,2
CA-2014-154095,829.02001953125,debit_card,8
CA-2014-154186,135.990005493164,credit_card,1
CA-2014-154592,19.8999996185303,credit_card,3
CA-2014-154599,642.015991210938,credit_card,1
CA-2014-154627,16.7399997711182,credit_card,4
CA-2014-154641,124.75,credit_card,2
CA-2014-154669,11.5600004196167,credit_card,1
CA-2014-154781,3116.751953125,credit_card,5
CA-2014-154837,569.057983398438,credit_card,2
CA-2014-154893,97.0400009155273,credit_card,8
CA-2014-154963,538.335998535156,credit_card,4
CA-2014-155208,13.456000328064,credit_card,4
CA-2014-155264,803.601989746094,credit_card,2
CA-2014-155271,261.959991455078,credit_card,8
CA-2014-155390,8.85599994659424,credit_card,6
CA-2014-155593,186.539993286133,credit_card,1
CA-2014-155796,6.30000019073486,credit_card,1
CA-2014-155852,756.799987792969,credit_card,2
CA-2014-155887,310.880004882813,credit_card,10
CA-2014-156006,49.1199989318848,credit_card,1
CA-2014-156160,917.572021484375,credit_card,2
CA-2014-156244,2415.24609375,credit_card,2
CA-2014-156314,20.7840003967285,credit_card,2
CA-2014-156342,123.143997192383,credit_card,10
CA-2014-156349,124.36799621582,credit_card,6
CA-2014-156433,167.289993286133,credit_card,4
CA-2014-156545,6.07999992370605,credit_card,1
CA-2014-156587,50.0639991760254,credit_card,3
CA-2014-156594,1468.26794433594,credit_card,10
CA-2014-156601,32.3680000305176,credit_card,2
CA-2014-156790,92.9400024414063,debit_card,1
CA-2014-156993,244.768005371094,credit_card,1
CA-2014-157147,1006.08801269531,voucher,2
CA-2014-157546,256.980010986328,credit_card,8
CA-2014-157609,5.2480001449585,credit_card,5
CA-2014-157623,320.220001220703,credit_card,6
CA-2014-157644,67.7699966430664,debit_card,8
CA-2014-157721,16.2800006866455,credit_card,10
CA-2014-157784,919.776000976563,credit_card,3
CA-2014-157882,550.765991210938,debit_card,3
CA-2014-157924,166.535995483398,credit_card,2
CA-2014-158029,32.75,credit_card,10
CA-2014-158064,2.83999991416931,credit_card,4
CA-2014-158225,29.2800006866455,credit_card,3
CA-2014-158274,2966.20190429688,credit_card,3
CA-2014-158281,14.3999996185303,credit_card,1
CA-2014-158337,9.55500030517578,credit_card,1
CA-2014-158372,641.322021484375,credit_card,10
CA-2014-158442,467.257995605469,credit_card,1
CA-2014-158470,1818.85998535156,credit_card,6
CA-2014-158540,214.949996948242,credit_card,6
CA-2014-158771,836.492004394531,credit_card,2
CA-2014-159121,11.6800003051758,credit_card,8
CA-2014-159184,81.0479965209961,credit_card,10
CA-2014-159310,1431.17297363281,credit_card,1
CA-2014-159338,11.3400001525879,voucher,10
CA-2014-159478,10.3680000305176,credit_card,1
CA-2014-159520,305.343994140625,credit_card,8
CA-2014-159625,2.96000003814697,credit_card,5
CA-2014-159681,464.970001220703,credit_card,3
CA-2014-159709,54.3120002746582,credit_card,6
CA-2014-159800,207.240005493164,credit_card,1
CA-2014-159814,21.6000003814697,credit_card,4
CA-2014-159835,11.5200004577637,credit_card,1
CA-2014-159849,32.560001373291,credit_card,13
CA-2014-160066,8.60799980163574,debit_card,3
CA-2014-160094,318.412811279297,debit_card,1
CA-2014-160262,921.492004394531,credit_card,5
CA-2014-160276,39.9599990844727,credit_card,2
CA-2014-160738,306.899993896484,credit_card,3
CA-2014-160766,551.411987304688,debit_card,1
CA-2014-160773,154.899993896484,credit_card,5
CA-2014-161032,3.42400002479553,credit_card,10
CA-2014-161249,150.723999023438,credit_card,7
CA-2014-161508,329.286010742188,debit_card,2
CA-2014-161634,14.9399995803833,credit_card,5
CA-2014-162089,309.476013183594,credit_card,2
CA-2014-162278,28.8419990539551,credit_card,1
CA-2014-162362,147.60400390625,credit_card,10
CA-2014-162684,50,credit_card,8
CA-2014-162775,443.68798828125,credit_card,8
CA-2014-162866,1809.66003417969,credit_card,3
CA-2014-163013,18.496000289917,credit_card,10
CA-2014-163034,7.6100001335144,debit_card,1
CA-2014-163223,286.454010009766,credit_card,2
CA-2014-163293,165.503997802734,credit_card,2
CA-2014-163412,3.98399996757507,credit_card,2
CA-2014-163419,224.785995483398,credit_card,10
CA-2014-163447,36.8400001525879,credit_card,2
CA-2014-163552,608.361999511719,credit_card,4
CA-2014-163559,94.8499984741211,credit_card,1
CA-2014-163650,804.731994628906,credit_card,3
CA-2014-163748,87.0999984741211,credit_card,8
CA-2014-163867,94.3300018310547,credit_card,4
CA-2014-164182,468.209991455078,credit_card,17
CA-2014-164210,112.09400177002,debit_card,4
CA-2014-164224,12.0319995880127,credit_card,3
CA-2014-164259,523.919982910156,credit_card,8
CA-2014-164315,511.462005615234,credit_card,2
CA-2014-164385,5.17999982833862,credit_card,1
CA-2014-164469,404.825988769531,credit_card,5
CA-2014-164721,374.473999023438,credit_card,1
CA-2014-164742,1148.63598632813,credit_card,1
CA-2014-164749,48.939998626709,credit_card,10
CA-2014-164861,5.3439998626709,credit_card,3
CA-2014-164910,23.8400001525879,credit_card,1
CA-2014-164973,624.143981933594,credit_card,2
CA-2014-165309,892.595581054688,credit_card,1
CA-2014-165379,48.9879989624023,debit_card,6
CA-2014-165393,2022.27197265625,credit_card,3
CA-2014-165428,299.808013916016,credit_card,1
CA-2014-165477,27.1800003051758,credit_card,1
CA-2014-165540,13.1199998855591,credit_card,8
CA-2014-165568,17.9599990844727,credit_card,5
CA-2014-165764,815.455993652344,credit_card,1
CA-2014-165974,6.48000001907349,credit_card,8
CA-2014-166051,58.7560005187988,credit_card,3
CA-2014-166086,101.592002868652,credit_card,2
CA-2014-166191,170.406005859375,credit_card,2
CA-2014-166457,311.100006103516,credit_card,3
CA-2014-166471,453.010009765625,credit_card,2
CA-2014-166555,70.7099990844727,debit_card,8
CA-2014-166590,73.2699966430664,credit_card,2
CA-2014-166716,251.789993286133,credit_card,3
CA-2014-166730,71.0879974365234,credit_card,2
CA-2014-166744,588.210021972656,credit_card,2
CA-2014-166863,2540.1259765625,credit_card,10
CA-2014-166884,192.520004272461,credit_card,8
CA-2014-166891,191.600006103516,credit_card,5
CA-2014-166954,2191.919921875,credit_card,2
CA-2014-166961,170.296005249023,debit_card,2
CA-2014-166989,96.879997253418,credit_card,8
CA-2014-167199,1758.59997558594,credit_card,1
CA-2014-167360,4.78399991989136,credit_card,5
CA-2014-167486,180.960006713867,credit_card,6
CA-2014-167724,13.8999996185303,credit_card,8
CA-2014-167850,105.888000488281,credit_card,6
CA-2014-167927,569.426025390625,debit_card,4
CA-2014-167997,77.9919967651367,credit_card,3
CA-2014-168130,374.376007080078,credit_card,5
CA-2014-168158,0.555999994277954,credit_card,1
CA-2014-168305,105.744003295898,credit_card,8
CA-2014-168312,226.860000610352,credit_card,2
CA-2014-168368,310.0419921875,debit_card,4
CA-2014-168473,89.5199966430664,credit_card,10
CA-2014-168494,242.835998535156,credit_card,1
CA-2014-168592,391.7080078125,credit_card,5
CA-2014-168823,538.869995117188,debit_card,5
CA-2014-168984,279.420013427734,credit_card,5
CA-2014-169019,1419.39001464844,credit_card,1
CA-2014-169033,39.9000015258789,credit_card,1
CA-2014-169061,306.014007568359,credit_card,9
CA-2014-169257,20.5559997558594,credit_card,5
CA-2014-169446,128.792007446289,credit_card,2
CA-2014-169460,447.967987060547,debit_card,12
CA-2014-169642,67.1360015869141,credit_card,1
CA-2014-169649,63.8440017700195,credit_card,8
CA-2014-169684,19.0559997558594,credit_card,4
CA-2014-169726,238.559997558594,credit_card,3
CA-2014-169775,97.0059967041016,credit_card,8
CA-2014-169803,343.420013427734,credit_card,2
CA-2014-169852,36.5999984741211,credit_card,10
CA-2015-100146,35.068000793457,credit_card,1
CA-2015-100216,132.371994018555,credit_card,2
CA-2015-100251,155.020004272461,credit_card,8
CA-2015-100454,192.600006103516,credit_card,5
CA-2015-100545,217.440002441406,credit_card,7
CA-2015-100573,14.8800001144409,credit_card,3
CA-2015-100657,139.440002441406,credit_card,5
CA-2015-100685,251.720001220703,credit_card,1
CA-2015-100734,522.200012207031,credit_card,2
CA-2015-100769,501.809997558594,debit_card,5
CA-2015-100818,229.365997314453,credit_card,3
CA-2015-100888,39.8720016479492,credit_card,2
CA-2015-101000,122.970001220703,credit_card,6
CA-2015-101007,35.8079986572266,credit_card,5
CA-2015-101091,710.010009765625,credit_card,5
CA-2015-101126,53.9819984436035,credit_card,2
CA-2015-101154,695.700012207031,credit_card,3
CA-2015-101707,328.859985351563,debit_card,5
CA-2015-101889,560.047973632813,credit_card,2
CA-2015-101910,1024.38000488281,credit_card,1
CA-2015-101924,40.7000007629395,credit_card,9
CA-2015-102015,262.14599609375,credit_card,2
CA-2015-102036,1349.84997558594,debit_card,10
CA-2015-102260,2862.13989257813,credit_card,6
CA-2015-102281,2054.63989257813,credit_card,1
CA-2015-102316,257.523986816406,credit_card,6
CA-2015-102491,926.273986816406,credit_card,2
CA-2015-102582,638.575988769531,debit_card,3
CA-2015-102722,638.72998046875,credit_card,10
CA-2015-102778,149.949996948242,debit_card,1
CA-2015-102806,30,debit_card,8
CA-2015-102848,22638.48046875,credit_card,3
CA-2015-102855,33.007999420166,credit_card,3
CA-2015-102876,128.746002197266,credit_card,1
CA-2015-103072,138.630004882813,credit_card,4
CA-2015-103093,16.2800006866455,voucher,3
CA-2015-103135,543.851989746094,credit_card,2
CA-2015-103177,438.864013671875,credit_card,4
CA-2015-103205,3.44400000572205,credit_card,2
CA-2015-103716,315.135986328125,credit_card,2
CA-2015-103723,254.899993896484,credit_card,2
CA-2015-103772,196.916000366211,credit_card,3
CA-2015-103793,20.7240009307861,credit_card,4
CA-2015-103870,73.0859985351563,credit_card,1
CA-2015-103933,468.899993896484,credit_card,8
CA-2015-103954,17.4559993743896,credit_card,1
CA-2015-103961,2399.9599609375,debit_card,1
CA-2015-104052,52.0960006713867,debit_card,9
CA-2015-104059,18.9599990844727,credit_card,10
CA-2015-104115,5.67999982833862,credit_card,2
CA-2015-104129,225.179992675781,credit_card,5
CA-2015-104241,8.76000022888184,credit_card,5
CA-2015-104297,3080,voucher,2
CA-2015-104346,691.325988769531,credit_card,2
CA-2015-104486,851.421997070313,credit_card,4
CA-2015-104493,7.96799993515015,credit_card,3
CA-2015-104514,44.4300003051758,credit_card,5
CA-2015-104626,1391.06994628906,credit_card,10
CA-2015-104871,47.0400009155273,credit_card,5
CA-2015-104941,720.831970214844,credit_card,9
CA-2015-104948,381.727996826172,credit_card,2
CA-2015-105102,92.3040008544922,credit_card,1
CA-2015-105158,35.3759994506836,credit_card,8
CA-2015-105221,1418.81994628906,credit_card,4
CA-2015-105312,918.278991699219,credit_card,5
CA-2015-105347,464.765991210938,credit_card,2
CA-2015-105361,10.6879997253418,credit_card,4
CA-2015-105508,17.9400005340576,credit_card,3
CA-2015-105571,112.889999389648,credit_card,3
CA-2015-105599,235.304000854492,credit_card,1
CA-2015-105613,216.309997558594,credit_card,1
CA-2015-105627,386.127990722656,credit_card,6
CA-2015-105634,209.5,credit_card,8
CA-2015-105690,57.3400001525879,credit_card,10
CA-2015-105725,45.2719993591309,credit_card,2
CA-2015-105970,517.921997070313,debit_card,1
CA-2015-106187,792.981994628906,credit_card,10
CA-2015-106215,294.368011474609,credit_card,1
CA-2015-106257,848.247985839844,credit_card,4
CA-2015-106320,247.800003051758,credit_card,8
CA-2015-106362,35.439998626709,credit_card,10
CA-2015-106565,13.9040002822876,credit_card,1
CA-2015-106978,38.7960014343262,credit_card,10
CA-2015-107020,18.6560001373291,credit_card,1
CA-2015-107083,870.911987304688,credit_card,10
CA-2015-107468,19.3120002746582,credit_card,3
CA-2015-107678,102.204002380371,credit_card,2
CA-2015-107685,879.52001953125,credit_card,3
CA-2015-107741,296.712005615234,credit_card,6
CA-2015-107902,863.880004882813,credit_card,10
CA-2015-107937,31.0860004425049,credit_card,2
CA-2015-108119,34.6500015258789,credit_card,1
CA-2015-108259,526.239990234375,debit_card,1
CA-2015-108532,74.8300018310547,credit_card,10
CA-2015-108588,219.619995117188,credit_card,4
CA-2015-108665,734.752014160156,credit_card,10
CA-2015-108672,14.9399995803833,credit_card,2
CA-2015-109001,67.9280014038086,credit_card,2
CA-2015-109113,125.879997253418,credit_card,4
CA-2015-109169,10.3680000305176,credit_card,10
CA-2015-109190,316.884002685547,credit_card,17
CA-2015-109197,197.580001831055,credit_card,2
CA-2015-109337,505.164001464844,credit_card,2
CA-2015-109386,1179.06604003906,credit_card,1
CA-2015-109470,879.830017089844,credit_card,3
CA-2015-109512,1297.60998535156,credit_card,1
CA-2015-109575,472.134002685547,credit_card,6
CA-2015-109603,783.960021972656,credit_card,10
CA-2015-109638,625.846008300781,credit_card,3
CA-2015-109708,12.4799995422363,credit_card,10
CA-2015-109862,78.6080017089844,credit_card,3
CA-2015-109939,12.960000038147,credit_card,6
CA-2015-110016,86.120002746582,credit_card,8
CA-2015-110093,3511.44995117188,credit_card,1
CA-2015-110247,16.3999996185303,credit_card,9
CA-2015-110289,17.511999130249,credit_card,4
CA-2015-110324,433.368011474609,credit_card,1
CA-2015-110345,68.431999206543,credit_card,4
CA-2015-110457,30.3600006103516,credit_card,10
CA-2015-110548,15.9200000762939,credit_card,3
CA-2015-110632,42.4000015258789,credit_card,3
CA-2015-110667,2062.88647460938,credit_card,1
CA-2015-110744,213.919998168945,debit_card,3
CA-2015-110765,392.940002441406,debit_card,2
CA-2015-110814,922.059997558594,credit_card,2
CA-2015-110863,53.7999992370605,credit_card,2
CA-2015-110870,191.830001831055,credit_card,1
CA-2015-110877,1221.03796386719,credit_card,2
CA-2015-110891,42.3680000305176,credit_card,5
CA-2015-110947,8.25599956512451,credit_card,5
CA-2015-111017,5.18400001525879,credit_card,1
CA-2015-111073,8.78400039672852,credit_card,2
CA-2015-111094,669.059997558594,debit_card,7
CA-2015-111164,182.369995117188,debit_card,5
CA-2015-111199,66.3000030517578,credit_card,7
CA-2015-111206,699.929992675781,credit_card,6
CA-2015-111234,125.360000610352,credit_card,8
CA-2015-111297,99.8460006713867,credit_card,1
CA-2015-111325,604.320007324219,credit_card,3
CA-2015-111339,85.306999206543,credit_card,4
CA-2015-111395,610.726013183594,credit_card,10
CA-2015-111507,30.0799999237061,debit_card,4
CA-2015-111514,245.951995849609,credit_card,2
CA-2015-111612,448.217987060547,credit_card,8
CA-2015-111703,251.988006591797,credit_card,3
CA-2015-111780,736.914001464844,credit_card,2
CA-2015-111829,300.847991943359,credit_card,2
CA-2015-111864,15.5600004196167,debit_card,2
CA-2015-111948,462.35400390625,credit_card,3
CA-2015-111990,20.2399997711182,credit_card,3
CA-2015-112014,464.2919921875,credit_card,3
CA-2015-112053,20.0160007476807,credit_card,3
CA-2015-112116,7.43400001525879,credit_card,1
CA-2015-112130,149.311996459961,credit_card,2
CA-2015-112144,520.671997070313,credit_card,3
CA-2015-112214,678.262023925781,credit_card,3
CA-2015-112305,122.599998474121,credit_card,2
CA-2015-112375,516.919982910156,credit_card,2
CA-2015-112522,23.1280002593994,debit_card,3
CA-2015-112557,339.959991455078,credit_card,2
CA-2015-112571,50,debit_card,3
CA-2015-112711,97.8199996948242,credit_card,2
CA-2015-112823,1421.66394042969,credit_card,1
CA-2015-113040,128.123992919922,credit_card,3
CA-2015-113110,538.900024414063,credit_card,1
CA-2015-113131,976.760009765625,credit_card,3
CA-2015-113145,431.932006835938,credit_card,1
CA-2015-113152,54.5919990539551,credit_card,5
CA-2015-113173,117.019996643066,credit_card,6
CA-2015-113215,194.320007324219,debit_card,4
CA-2015-113222,12.960000038147,credit_card,1
CA-2015-113404,591.075988769531,credit_card,5
CA-2015-113523,25.9200000762939,credit_card,4
CA-2015-113628,265.385986328125,credit_card,10
CA-2015-113740,8.64000034332275,credit_card,3
CA-2015-113901,80.3000030517578,credit_card,8
CA-2015-113971,13.1840000152588,credit_card,8
CA-2015-114048,133.119995117188,credit_card,1
CA-2015-114069,196.869995117188,credit_card,1
CA-2015-114237,26.0459995269775,credit_card,1
CA-2015-114300,1871.98999023438,credit_card,6
CA-2015-114468,2958.65600585938,debit_card,6
CA-2015-114503,9449.9501953125,credit_card,4
CA-2015-114811,1272.57397460938,credit_card,1
CA-2015-114923,52.2719993591309,debit_card,6
CA-2015-115091,200.016006469727,credit_card,2
CA-2015-115168,241.42399597168,credit_card,6
CA-2015-115392,939.356018066406,credit_card,5
CA-2015-115399,64.9000015258789,credit_card,2
CA-2015-115420,148.25700378418,credit_card,6
CA-2015-115511,2085.68994140625,credit_card,5
CA-2015-115567,280.302001953125,credit_card,2
CA-2015-115693,12.53600025177,credit_card,10
CA-2015-115742,770.739990234375,credit_card,1
CA-2015-115798,1733.17797851563,credit_card,6
CA-2015-115847,212.639999389648,credit_card,3
CA-2015-115924,469.950012207031,credit_card,10
CA-2015-115938,211.429992675781,credit_card,7
CA-2015-115945,139.904006958008,credit_card,10
CA-2015-116092,60.0120010375977,credit_card,24
CA-2015-116260,2.04299998283386,debit_card,4
CA-2015-116484,279.309997558594,debit_card,3
CA-2015-116512,13.5920000076294,credit_card,2
CA-2015-116638,29.4720001220703,debit_card,2
CA-2015-116687,95.9680023193359,credit_card,2
CA-2015-116750,61.0400009155273,credit_card,3
CA-2015-116841,313.175994873047,credit_card,3
CA-2015-116876,13.3319997787476,credit_card,4
CA-2015-117086,3.26399993896484,debit_card,8
CA-2015-117415,1374.34399414063,debit_card,10
CA-2015-117611,1717.97399902344,credit_card,4
CA-2015-117772,121.103996276855,debit_card,3
CA-2015-117800,14.4079999923706,credit_card,4
CA-2015-117828,164.880004882813,credit_card,3
CA-2015-117884,89.5400009155273,credit_card,1
CA-2015-117898,11.2119998931885,credit_card,1
CA-2015-117961,349.936004638672,debit_card,3
CA-2015-118227,317.058013916016,credit_card,8
CA-2015-118423,41.2560005187988,credit_card,10
CA-2015-118444,6.71999979019165,credit_card,2
CA-2015-118738,2004.32800292969,credit_card,1
CA-2015-118843,279.940002441406,credit_card,4
CA-2015-118871,365.723999023438,credit_card,3
CA-2015-118948,3.48799991607666,credit_card,2
CA-2015-118955,75.7799987792969,credit_card,2
CA-2015-119102,19.1520004272461,credit_card,5
CA-2015-119214,111.166000366211,credit_card,10
CA-2015-119291,2432.56298828125,debit_card,3
CA-2015-119480,289.709991455078,credit_card,10
CA-2015-119508,494.055999755859,credit_card,2
CA-2015-119550,269.970001220703,credit_card,10
CA-2015-119592,14.9399995803833,credit_card,1
CA-2015-119627,182.567993164063,credit_card,1
CA-2015-119690,278.329986572266,credit_card,3
CA-2015-119697,109.592002868652,credit_card,2
CA-2015-119879,965.943969726563,credit_card,1
CA-2015-119907,7.76399993896484,credit_card,7
CA-2015-119942,129.929992675781,credit_card,10
CA-2015-120103,1970.72998046875,credit_card,7
CA-2015-120320,22.9599990844727,credit_card,2
CA-2015-120341,90.3899993896484,credit_card,5
CA-2015-120362,210.979995727539,debit_card,6
CA-2015-120397,24.0319995880127,credit_card,2
CA-2015-120439,15.5520000457764,credit_card,4
CA-2015-120446,649,debit_card,2
CA-2015-120516,64.7839965820313,credit_card,10
CA-2015-120551,18.4640007019043,credit_card,2
CA-2015-120621,283.411987304688,credit_card,12
CA-2015-120677,12.960000038147,credit_card,3
CA-2015-120782,141.503997802734,credit_card,1
CA-2015-120810,77.2259979248047,debit_card,10
CA-2015-120845,113.916000366211,credit_card,1
CA-2015-120880,75.5179977416992,credit_card,1
CA-2015-120901,493.615997314453,credit_card,4
CA-2015-121097,5.67000007629395,debit_card,2
CA-2015-121132,49.8199996948242,debit_card,4
CA-2015-121188,1910.31201171875,credit_card,8
CA-2015-121272,104.900001525879,debit_card,2
CA-2015-121391,19.242000579834,credit_card,7
CA-2015-121405,3420.81591796875,credit_card,6
CA-2015-121552,19.5400009155273,credit_card,10
CA-2015-121608,472.335998535156,credit_card,2
CA-2015-121650,666.14599609375,debit_card,10
CA-2015-121699,80.9800033569336,credit_card,10
CA-2015-121720,541.140014648438,credit_card,6
CA-2015-121776,35.6640014648438,debit_card,2
CA-2015-121783,2373.4140625,credit_card,1
CA-2015-121797,310.380004882813,debit_card,8
CA-2015-121965,436.696014404297,credit_card,1
CA-2015-122168,169.880004882813,credit_card,10
CA-2015-122210,1077.81994628906,credit_card,1
CA-2015-122259,12.960000038147,credit_card,3
CA-2015-122266,48.9280014038086,credit_card,1
CA-2015-122287,983.760986328125,credit_card,6
CA-2015-122371,160.115997314453,credit_card,5
CA-2015-122406,816.440002441406,credit_card,1
CA-2015-122623,2.92000007629395,credit_card,8
CA-2015-122756,1194.1259765625,credit_card,4
CA-2015-122973,70.7880020141602,credit_card,2
CA-2015-123092,244.240005493164,credit_card,2
CA-2015-123113,886.635986328125,credit_card,7
CA-2015-123141,588.392028808594,credit_card,3
CA-2015-123155,380.399993896484,credit_card,3
CA-2015-123232,48.939998626709,credit_card,4
CA-2015-123330,69.5199966430664,voucher,6
CA-2015-123456,9.26000022888184,credit_card,2
CA-2015-123505,113.220001220703,credit_card,8
CA-2015-123568,258.231994628906,debit_card,2
CA-2015-123673,4.60799980163574,credit_card,2
CA-2015-123939,332.820007324219,credit_card,5
CA-2015-124044,8.01599979400635,credit_card,10
CA-2015-124058,1475.72595214844,credit_card,1
CA-2015-124107,2677.06811523438,credit_card,6
CA-2015-124268,35.1199989318848,credit_card,10
CA-2015-124450,2640.23999023438,credit_card,9
CA-2015-124499,330.779998779297,debit_card,6
CA-2015-124541,1424.86804199219,credit_card,6
CA-2015-124653,113.290000915527,credit_card,3
CA-2015-124800,1974.10180664063,credit_card,9
CA-2015-124891,4467.2998046875,voucher,3
CA-2015-124919,897.783996582031,credit_card,1
CA-2015-124933,16.9099998474121,credit_card,5
CA-2015-124975,2.72399997711182,credit_card,8
CA-2015-125066,422.071990966797,credit_card,3
CA-2015-125178,22.6079998016357,credit_card,2
CA-2015-125185,261.944000244141,credit_card,1
CA-2015-125234,766.111999511719,credit_card,1
CA-2015-125395,9.77999973297119,voucher,5
CA-2015-125416,10.8159999847412,credit_card,2
CA-2015-125563,60.6230010986328,credit_card,3
CA-2015-125696,215.975997924805,debit_card,10
CA-2015-125710,223.960006713867,debit_card,3
CA-2015-125934,1365.51293945313,credit_card,2
CA-2015-125976,108.083999633789,credit_card,2
CA-2015-126137,4.30399990081787,credit_card,1
CA-2015-126186,56.3279991149902,credit_card,4
CA-2015-126347,86.2600021362305,credit_card,2
CA-2015-126445,95.984001159668,credit_card,8
CA-2015-126466,19.1520004272461,voucher,3
CA-2015-126557,300.944000244141,credit_card,5
CA-2015-126669,383.959991455078,credit_card,1
CA-2015-126697,353.071990966797,credit_card,5
CA-2015-126725,381.197998046875,credit_card,1
CA-2015-126739,41.568000793457,credit_card,2
CA-2015-126970,129.300003051758,credit_card,1
CA-2015-127019,359.880004882813,credit_card,2
CA-2015-127110,390.31201171875,credit_card,1
CA-2015-127173,234.992004394531,credit_card,8
CA-2015-127327,38.2799987792969,debit_card,1
CA-2015-127418,581.960021972656,credit_card,5
CA-2015-127453,579.809997558594,credit_card,2
CA-2015-127481,536.815979003906,credit_card,2
CA-2015-127502,428.679992675781,credit_card,4
CA-2015-127509,538.244018554688,debit_card,6
CA-2015-127544,17.6700000762939,credit_card,3
CA-2015-127593,7.85699987411499,credit_card,4
CA-2015-127607,24.431999206543,credit_card,2
CA-2015-127754,91.9599990844727,credit_card,6
CA-2015-127824,301.747985839844,credit_card,8
CA-2015-128013,743.219970703125,debit_card,10
CA-2015-128027,3.96000003814697,credit_card,8
CA-2015-128083,88.2699966430664,credit_card,10
CA-2015-128125,1403.92004394531,debit_card,10
CA-2015-128139,124.860000610352,debit_card,2
CA-2015-128167,120,credit_card,10
CA-2015-128356,2678.93994140625,credit_card,5
CA-2015-128608,1252.60998535156,credit_card,4
CA-2015-128860,17.9400005340576,credit_card,2
CA-2015-128958,131.904006958008,credit_card,8
CA-2015-128993,11.8079996109009,credit_card,3
CA-2015-129042,7.63199996948242,credit_card,4
CA-2015-129098,2.39400005340576,credit_card,5
CA-2015-129112,61.3400001525879,credit_card,10
CA-2015-129217,105.709999084473,debit_card,6
CA-2015-129322,1121.65197753906,credit_card,8
CA-2015-129476,11.8079996109009,credit_card,2
CA-2015-129525,408.421997070313,credit_card,2
CA-2015-129532,643.161987304688,credit_card,3
CA-2015-129546,413.485992431641,credit_card,6
CA-2015-129700,93.6800003051758,debit_card,2
CA-2015-129770,144.119995117188,credit_card,5
CA-2015-129854,15,debit_card,2
CA-2015-129896,248.352005004883,credit_card,4
CA-2015-129917,388.390014648438,credit_card,5
CA-2015-130022,225.287994384766,credit_card,3
CA-2015-130113,10.6840000152588,debit_card,3
CA-2015-130183,8.56799983978271,credit_card,2
CA-2015-130204,477.7919921875,credit_card,2
CA-2015-130218,799.559997558594,credit_card,8
CA-2015-130253,2.22399997711182,credit_card,10
CA-2015-130365,340.660003662109,credit_card,8
CA-2015-130456,465.705993652344,credit_card,2
CA-2015-130554,143.699996948242,credit_card,2
CA-2015-130610,63.9799995422363,debit_card,1
CA-2015-130659,1714.38000488281,credit_card,5
CA-2015-130736,3830.38403320313,credit_card,2
CA-2015-130785,402.167999267578,credit_card,2
CA-2015-130792,5188.4619140625,credit_card,1
CA-2015-130848,34.0200004577637,credit_card,10
CA-2015-130855,9.84000015258789,debit_card,1
CA-2015-130876,5.55999994277954,credit_card,4
CA-2015-130883,220.337997436523,credit_card,8
CA-2015-130890,194.940002441406,credit_card,2
CA-2015-130974,1835.56396484375,debit_card,2
CA-2015-130995,67.8000030517578,credit_card,1
CA-2015-131072,1056.85998535156,credit_card,1
CA-2015-131128,245.940002441406,credit_card,1
CA-2015-131338,1262.44995117188,credit_card,2
CA-2015-131352,253.175994873047,credit_card,4
CA-2015-131422,7.96799993515015,credit_card,2
CA-2015-131457,230.279998779297,credit_card,2
CA-2015-131534,99.1500015258789,credit_card,10
CA-2015-131597,59.5200004577637,credit_card,6
CA-2015-131758,52.4959983825684,debit_card,3
CA-2015-131779,39.9599990844727,credit_card,1
CA-2015-131856,1270.48803710938,credit_card,3
CA-2015-131884,357.941986083984,credit_card,10
CA-2015-132080,119.900001525879,credit_card,3
CA-2015-132101,61.9599990844727,credit_card,6
CA-2015-132136,192.720001220703,credit_card,1
CA-2015-132276,377.615997314453,credit_card,10
CA-2015-132318,225.296005249023,credit_card,1
CA-2015-132388,227.220001220703,debit_card,8
CA-2015-132465,275.730010986328,credit_card,2
CA-2015-132486,1673,voucher,3
CA-2015-132570,70.9039993286133,credit_card,10
CA-2015-132626,610.192016601563,credit_card,1
CA-2015-132815,91.9599990844727,credit_card,8
CA-2015-132906,35.0400009155273,credit_card,5
CA-2015-132941,579.049987792969,credit_card,3
CA-2015-132948,6.92399978637695,credit_card,1
CA-2015-133025,20.9599990844727,debit_card,4
CA-2015-133242,973.148010253906,debit_card,5
CA-2015-133396,47.2999992370605,credit_card,1
CA-2015-133445,16.996000289917,credit_card,7
CA-2015-133452,8.85999965667725,credit_card,10
CA-2015-133494,54.3199996948242,credit_card,1
CA-2015-133536,47.5200004577637,debit_card,8
CA-2015-133627,31.9839992523193,credit_card,11
CA-2015-133837,184.751998901367,credit_card,5
CA-2015-133977,79.9599990844727,credit_card,4
CA-2015-134075,1023.14001464844,debit_card,10
CA-2015-134082,2.92000007629395,credit_card,4
CA-2015-134117,680.635986328125,credit_card,2
CA-2015-134201,1268.5400390625,credit_card,2
CA-2015-134257,69.6999969482422,credit_card,2
CA-2015-134719,1740.06005859375,credit_card,2
CA-2015-134747,437.122009277344,credit_card,10
CA-2015-134782,84.0899963378906,credit_card,12
CA-2015-134859,205.328002929688,credit_card,1
CA-2015-134894,22.5,credit_card,1
CA-2015-134922,48.0320014953613,credit_card,2
CA-2015-134943,31.5,credit_card,4
CA-2015-134992,1723.21801757813,credit_card,2
CA-2015-135020,2406.57006835938,credit_card,7
CA-2015-135174,9.84000015258789,credit_card,3
CA-2015-135251,479.43798828125,credit_card,1
CA-2015-135272,1.96399998664856,credit_card,10
CA-2015-135363,536.820007324219,credit_card,2
CA-2015-135391,2356.82006835938,credit_card,4
CA-2015-135489,13.0799999237061,credit_card,3
CA-2015-135510,15.8400001525879,credit_card,4
CA-2015-135538,19.4400005340576,debit_card,6
CA-2015-135545,4563.18994140625,credit_card,2
CA-2015-135580,367.640014648438,credit_card,10
CA-2015-135622,315.481994628906,debit_card,1
CA-2015-135685,567.632019042969,credit_card,8
CA-2015-135727,43.5839996337891,credit_card,1
CA-2015-135853,435.704010009766,debit_card,1
CA-2015-136105,177.199996948242,credit_card,3
CA-2015-136147,65.3040008544922,credit_card,2
CA-2015-136196,368.910003662109,voucher,1
CA-2015-136224,165.600006103516,credit_card,6
CA-2015-136378,74.3519973754883,credit_card,10
CA-2015-136420,93.8300018310547,credit_card,6
CA-2015-136469,665.427978515625,credit_card,1
CA-2015-136658,13.8719997406006,credit_card,5
CA-2015-136728,13.4879999160767,credit_card,8
CA-2015-136735,17.9400005340576,credit_card,10
CA-2015-136798,619.901000976563,credit_card,2
CA-2015-136805,88.6259994506836,debit_card,2
CA-2015-137064,1512.73999023438,credit_card,8
CA-2015-137071,563.429992675781,credit_card,6
CA-2015-137106,4799.98388671875,credit_card,4
CA-2015-137113,1421.45202636719,debit_card,1
CA-2015-137225,62.6500015258789,credit_card,10
CA-2015-137281,15.2799997329712,credit_card,2
CA-2015-137302,1235.08996582031,credit_card,8
CA-2015-137512,222.934005737305,credit_card,2
CA-2015-137526,294.65478515625,credit_card,3
CA-2015-137603,66.9759979248047,credit_card,3
CA-2015-137708,431.006988525391,credit_card,10
CA-2015-137750,21.9599990844727,credit_card,10
CA-2015-137897,52.9119987487793,credit_card,8
CA-2015-137925,22.5450000762939,debit_card,3
CA-2015-137946,738.72998046875,credit_card,1
CA-2015-137974,676.043029785156,credit_card,1
CA-2015-138002,394.773010253906,credit_card,5
CA-2015-138009,101.536003112793,credit_card,10
CA-2015-138219,12.201000213623,credit_card,1
CA-2015-138331,34.7000007629395,debit_card,6
CA-2015-138457,61.0999984741211,credit_card,8
CA-2015-138485,4899.93017578125,credit_card,7
CA-2015-138492,549.989990234375,voucher,10
CA-2015-138534,13.1280002593994,credit_card,1
CA-2015-138625,230.279998779297,voucher,8
CA-2015-138674,35.2859992980957,credit_card,1
CA-2015-138898,131.904006958008,credit_card,2
CA-2015-138954,206.460006713867,credit_card,2
CA-2015-139094,12.6700000762939,credit_card,2
CA-2015-139164,68.6240005493164,credit_card,4
CA-2015-139248,10.4399995803833,credit_card,3
CA-2015-139290,22.1399993896484,credit_card,1
CA-2015-139374,36.2700004577637,credit_card,1
CA-2015-139584,267.872009277344,credit_card,8
CA-2015-139731,48.6279983520508,credit_card,4
CA-2015-139738,341.959991455078,credit_card,2
CA-2015-139780,10.3680000305176,credit_card,2
CA-2015-139850,13.6879997253418,credit_card,5
CA-2015-139962,567.080017089844,credit_card,5
CA-2015-140025,221.231994628906,credit_card,1
CA-2015-140144,155.509994506836,credit_card,10
CA-2015-140221,134.759994506836,credit_card,2
CA-2015-140375,364.971008300781,credit_card,10
CA-2015-140410,137.419998168945,credit_card,8
CA-2015-140557,854.940002441406,credit_card,3
CA-2015-140718,406.803985595703,credit_card,1
CA-2015-140830,61.4199981689453,credit_card,6
CA-2015-140921,942.606018066406,credit_card,10
CA-2015-140984,853.22802734375,credit_card,6
CA-2015-141012,94.5699996948242,credit_card,1
CA-2015-141040,250.639999389648,debit_card,1
CA-2015-141145,72.7440032958984,credit_card,1
CA-2015-141243,243.339996337891,credit_card,10
CA-2015-141250,151.723999023438,debit_card,2
CA-2015-141327,813.984008789063,credit_card,3
CA-2015-141565,331.704010009766,credit_card,10
CA-2015-141593,651.916015625,credit_card,2
CA-2015-141740,102.833000183105,credit_card,2
CA-2015-141754,11.210000038147,credit_card,3
CA-2015-141768,8.44799995422363,credit_card,10
CA-2015-141810,40.7719993591309,credit_card,2
CA-2015-141936,125.98999786377,credit_card,10
CA-2015-142027,12.8400001525879,credit_card,8
CA-2015-142041,27.9360008239746,credit_card,2
CA-2015-142055,3.16000008583069,voucher,8
CA-2015-142139,17.9400005340576,credit_card,2
CA-2015-142202,4.62400007247925,credit_card,8
CA-2015-142237,1038.57604980469,credit_card,4
CA-2015-142377,116.279998779297,credit_card,8
CA-2015-142419,74.3519973754883,credit_card,4
CA-2015-142433,655.900024414063,credit_card,2
CA-2015-142454,191.792007446289,credit_card,3
CA-2015-142475,9.81999969482422,credit_card,2
CA-2015-142601,831.408020019531,credit_card,1
CA-2015-142692,503.959991455078,credit_card,8
CA-2015-142734,122.970001220703,credit_card,6
CA-2015-142755,1054.07995605469,credit_card,1
CA-2015-142930,39.7599983215332,credit_card,5
CA-2015-142937,15.539999961853,credit_card,6
CA-2015-142944,577.04150390625,credit_card,5
CA-2015-142993,45.6720008850098,debit_card,5
CA-2015-143077,153.990005493164,credit_card,5
CA-2015-143105,1283.28198242188,credit_card,5
CA-2015-143119,1067.93994140625,credit_card,4
CA-2015-143147,1172.31604003906,debit_card,1
CA-2015-143238,9.21599960327148,credit_card,8
CA-2015-143364,540.489990234375,credit_card,2
CA-2015-143490,2663.66796875,credit_card,10
CA-2015-143532,82.4000015258789,voucher,2
CA-2015-143616,4.66200017929077,credit_card,1
CA-2015-143700,20.7840003967285,credit_card,3
CA-2015-143882,17.9400005340576,voucher,10
CA-2015-143980,72.5879974365234,credit_card,6
CA-2015-144043,89.568000793457,credit_card,6
CA-2015-144099,34.2000007629395,credit_card,3
CA-2015-144190,85.2460021972656,credit_card,2
CA-2015-144253,286.929992675781,credit_card,10
CA-2015-144267,482.832000732422,credit_card,5
CA-2015-144274,2251.57592773438,credit_card,3
CA-2015-144288,30.5699996948242,credit_card,1
CA-2015-144302,899.429992675781,debit_card,2
CA-2015-144386,45.9199981689453,credit_card,1
CA-2015-144519,176.151992797852,credit_card,2
CA-2015-144652,331.023010253906,voucher,2
CA-2015-144722,13.3599996566772,voucher,1
CA-2015-144806,687.713989257813,credit_card,8
CA-2015-144890,4.71199989318848,credit_card,3
CA-2015-145065,70.1920013427734,credit_card,1
CA-2015-145184,172.800003051758,credit_card,1
CA-2015-145324,32.4000015258789,credit_card,3
CA-2015-145352,1083.63793945313,credit_card,2
CA-2015-145394,448.850006103516,credit_card,3
CA-2015-145401,2.97000002861023,credit_card,2
CA-2015-145415,245.979995727539,credit_card,1
CA-2015-145457,6.15999984741211,debit_card,2
CA-2015-145485,8.71199989318848,credit_card,5
CA-2015-145814,18.7679996490479,credit_card,3
CA-2015-145828,212.940002441406,credit_card,3
CA-2015-145835,785.244018554688,credit_card,1
CA-2015-145849,390.123992919922,credit_card,1
CA-2015-146038,15.75,credit_card,8
CA-2015-146087,409.589996337891,credit_card,10
CA-2015-146255,814.067993164063,credit_card,2
CA-2015-146262,453.144012451172,credit_card,5
CA-2015-146290,3.80999994277954,credit_card,7
CA-2015-146465,17.9400005340576,credit_card,5
CA-2015-146486,665.169982910156,credit_card,7
CA-2015-146563,4003.56591796875,credit_card,2
CA-2015-146675,259.566009521484,credit_card,1
CA-2015-146696,10.9499998092651,credit_card,2
CA-2015-146829,16.5200004577637,credit_card,10
CA-2015-146948,200.475997924805,credit_card,1
CA-2015-147011,106.319999694824,credit_card,8
CA-2015-147102,239.699996948242,credit_card,3
CA-2015-147501,134.259994506836,credit_card,1
CA-2015-147529,764.72802734375,debit_card,4
CA-2015-147690,1166.92004394531,credit_card,2
CA-2015-147788,139.688003540039,debit_card,3
CA-2015-147816,25.3999996185303,credit_card,8
CA-2015-147830,539.866027832031,credit_card,3
CA-2015-147851,49.6319999694824,debit_card,8
CA-2015-148180,33.9959983825684,credit_card,10
CA-2015-148250,251.376007080078,credit_card,2
CA-2015-148376,1161.06604003906,credit_card,10
CA-2015-148432,349.868011474609,credit_card,1
CA-2015-148495,119.040000915527,credit_card,4
CA-2015-148628,1.18799996376038,debit_card,1
CA-2015-148635,400.10400390625,debit_card,1
CA-2015-148705,18.1599998474121,credit_card,1
CA-2015-148712,52.2120018005371,credit_card,8
CA-2015-148859,6.40799999237061,credit_card,1
CA-2015-148964,1685.88000488281,credit_card,1
CA-2015-149083,14.5200004577637,credit_card,4
CA-2015-149300,5.88800001144409,credit_card,1
CA-2015-149342,395.869995117188,credit_card,4
CA-2015-149384,4.3600001335144,credit_card,8
CA-2015-149517,742.335998535156,credit_card,2
CA-2015-149566,689.940002441406,debit_card,2
CA-2015-149587,789.109985351563,debit_card,2
CA-2015-149601,54.3279991149902,credit_card,1
CA-2015-149636,169.697998046875,voucher,3
CA-2015-149650,572.760009765625,credit_card,2
CA-2015-149678,96.9599990844727,credit_card,2
CA-2015-149713,337.903991699219,credit_card,1
CA-2015-149734,16.2299995422363,credit_card,3
CA-2015-149748,640.830017089844,credit_card,1
CA-2015-149811,98.7519989013672,credit_card,1
CA-2015-149846,440.921997070313,debit_card,2
CA-2015-149909,671.338012695313,credit_card,7
CA-2015-149972,466.223999023438,credit_card,7
CA-2015-149993,77.9520034790039,credit_card,2
CA-2015-150196,8.64000034332275,credit_card,5
CA-2015-150308,9.98400020599365,credit_card,1
CA-2015-150441,10.7440004348755,credit_card,2
CA-2015-150511,81.4380035400391,credit_card,1
CA-2015-150560,63.9000015258789,debit_card,10
CA-2015-150714,400.342010498047,debit_card,3
CA-2015-150749,631.781982421875,credit_card,6
CA-2015-150770,91.8479995727539,debit_card,1
CA-2015-150791,7.31199979782104,credit_card,1
CA-2015-150875,544.007995605469,credit_card,10
CA-2015-151043,79.1399993896484,credit_card,3
CA-2015-151253,460.506011962891,credit_card,13
CA-2015-151470,10.8959999084473,credit_card,10
CA-2015-151547,39.2960014343262,debit_card,3
CA-2015-151589,728.848022460938,credit_card,3
CA-2015-151624,598.4580078125,credit_card,2
CA-2015-151680,3.75,credit_card,1
CA-2015-151722,1282.41003417969,credit_card,8
CA-2015-151785,429.600006103516,credit_card,7
CA-2015-151841,137.384002685547,credit_card,2
CA-2015-151869,839.760009765625,credit_card,3
CA-2015-152513,119.975997924805,credit_card,8
CA-2015-152527,25.2999992370605,voucher,2
CA-2015-152611,408.743988037109,credit_card,4
CA-2015-152681,31.0860004425049,debit_card,2
CA-2015-152891,89.4560012817383,voucher,2
CA-2015-153038,106.040000915527,credit_card,1
CA-2015-153073,1196.85998535156,debit_card,1
CA-2015-153108,821.731994628906,credit_card,3
CA-2015-153220,446.067993164063,credit_card,3
CA-2015-153325,12.539999961853,credit_card,1
CA-2015-153381,25.0799999237061,credit_card,5
CA-2015-153388,292.752014160156,debit_card,1
CA-2015-153416,561.614013671875,credit_card,8
CA-2015-153423,47.976001739502,credit_card,1
CA-2015-153535,98.302001953125,credit_card,2
CA-2015-153549,23.2000007629395,credit_card,7
CA-2015-153612,9.2480001449585,credit_card,1
CA-2015-153626,12.960000038147,debit_card,10
CA-2015-153717,2272.041015625,credit_card,4
CA-2015-153738,599.989990234375,credit_card,1
CA-2015-153752,15.4700002670288,credit_card,5
CA-2015-153794,636.408020019531,credit_card,3
CA-2015-153878,201.966003417969,credit_card,3
CA-2015-153906,60.0480003356934,credit_card,7
CA-2015-154144,61.1920013427734,credit_card,1
CA-2015-154200,391.980010986328,credit_card,3
CA-2015-154284,1264.1259765625,credit_card,4
CA-2015-154291,10.6879997253418,credit_card,1
CA-2015-154326,674.648010253906,credit_card,6
CA-2015-154340,14.9399995803833,credit_card,5
CA-2015-154620,13.9040002822876,credit_card,5
CA-2015-154746,588.648010253906,credit_card,1
CA-2015-154795,99.8720016479492,voucher,3
CA-2015-154823,198.744003295898,credit_card,3
CA-2015-154886,5.07999992370605,credit_card,2
CA-2015-154900,60.7999992370605,credit_card,10
CA-2015-154970,18.6900005340576,credit_card,1
CA-2015-155040,332.028015136719,credit_card,1
CA-2015-155068,541.942016601563,credit_card,1
CA-2015-155124,906.679992675781,credit_card,2
CA-2015-155145,105.583999633789,credit_card,6
CA-2015-155306,366.277008056641,credit_card,2
CA-2015-155334,63.5359992980957,credit_card,3
CA-2015-155453,3.00799989700317,debit_card,4
CA-2015-155586,672.504028320313,credit_card,3
CA-2015-155600,1279.9599609375,credit_card,10
CA-2015-155635,13.1199998855591,credit_card,6
CA-2015-155761,1558.14001464844,credit_card,5
CA-2015-156013,13.6040000915527,credit_card,3
CA-2015-156104,205.332794189453,credit_card,10
CA-2015-156118,195.639999389648,credit_card,8
CA-2015-156153,66.0299987792969,credit_card,7
CA-2015-156328,12.960000038147,debit_card,4
CA-2015-156335,359.376007080078,credit_card,2
CA-2015-156377,369.059997558594,credit_card,1
CA-2015-156440,10.0799999237061,credit_card,1
CA-2015-156482,1517.34802246094,credit_card,8
CA-2015-156510,68.1520004272461,credit_card,4
CA-2015-156524,16.7840003967285,credit_card,8
CA-2015-156566,24.1000003814697,credit_card,2
CA-2015-156608,613.999206542969,credit_card,2
CA-2015-156734,1661.63000488281,credit_card,10
CA-2015-156755,388.429992675781,debit_card,1
CA-2015-156853,89.9800033569336,credit_card,2
CA-2015-157028,99.1999969482422,credit_card,4
CA-2015-157035,68.5199966430664,credit_card,2
CA-2015-157084,122.470001220703,credit_card,10
CA-2015-157133,104.970001220703,credit_card,8
CA-2015-157287,316.872009277344,credit_card,6
CA-2015-157322,412.925994873047,credit_card,1
CA-2015-157343,694.159973144531,credit_card,2
CA-2015-157434,127.785003662109,credit_card,3
CA-2015-157770,152.658004760742,credit_card,3
CA-2015-157805,697.159973144531,credit_card,1
CA-2015-157812,154.714004516602,credit_card,8
CA-2015-157959,44.939998626709,credit_card,1
CA-2015-158148,7.96799993515015,credit_card,1
CA-2015-158323,15.9200000762939,credit_card,8
CA-2015-158351,86.9700012207031,debit_card,4
CA-2015-158421,617.640014648438,credit_card,4
CA-2015-158456,177.339996337891,credit_card,1
CA-2015-158491,98.6100006103516,credit_card,10
CA-2015-158554,28.9099998474121,credit_card,10
CA-2015-158659,157.740005493164,credit_card,4
CA-2015-158701,413.783996582031,credit_card,1
CA-2015-158792,84.2720031738281,credit_card,1
CA-2015-158918,13.1199998855591,credit_card,5
CA-2015-158939,540.570007324219,credit_card,1
CA-2015-159380,271.559997558594,credit_card,2
CA-2015-159534,2517.60302734375,credit_card,2
CA-2015-159590,43.1199989318848,credit_card,8
CA-2015-159779,54.7919998168945,credit_card,2
CA-2015-159786,32.7840003967285,credit_card,2
CA-2015-159863,3.13599991798401,credit_card,3
CA-2015-160059,64.8479995727539,debit_card,10
CA-2015-160171,133.727996826172,credit_card,8
CA-2015-160213,341.990997314453,credit_card,3
CA-2015-160227,158.36799621582,credit_card,5
CA-2015-160472,4124.1318359375,credit_card,1
CA-2015-160696,299.980010986328,credit_card,1
CA-2015-160787,235.188003540039,debit_card,2
CA-2015-160794,78.6600036621094,credit_card,2
CA-2015-160864,18.4640007019043,credit_card,10
CA-2015-161214,33.2799987792969,credit_card,3
CA-2015-161242,2.86400008201599,debit_card,6
CA-2015-161263,958.697998046875,credit_card,3
CA-2015-161445,601.536010742188,debit_card,6
CA-2015-161452,32.4000015258789,credit_card,4
CA-2015-161627,286.929992675781,credit_card,2
CA-2015-161711,986.25,credit_card,2
CA-2015-161718,210.048004150391,credit_card,8
CA-2015-161767,3.03600001335144,debit_card,3
CA-2015-161795,4.83599996566772,credit_card,3
CA-2015-161830,772.60400390625,debit_card,6
CA-2015-161998,147.52799987793,credit_card,2
CA-2015-162047,361.920013427734,credit_card,1
CA-2015-162166,274.286010742188,credit_card,1
CA-2015-162201,3051.78393554688,credit_card,10
CA-2015-162369,20.8600006103516,credit_card,1
CA-2015-162376,2273.89794921875,credit_card,2
CA-2015-162537,530.090026855469,credit_card,8
CA-2015-162544,11.8800001144409,credit_card,5
CA-2015-162607,47.3199996948242,credit_card,1
CA-2015-162621,62.015998840332,credit_card,10
CA-2015-162761,115.486000061035,credit_card,4
CA-2015-162782,96.5299987792969,credit_card,8
CA-2015-162887,11.9919996261597,credit_card,1
CA-2015-162950,15.039999961853,credit_card,6
CA-2015-162964,774.143981933594,credit_card,6
CA-2015-163055,506.700012207031,credit_card,3
CA-2015-163090,243.919998168945,credit_card,8
CA-2015-163104,207,credit_card,2
CA-2015-163181,560.302001953125,credit_card,6
CA-2015-163237,61.0120010375977,credit_card,8
CA-2015-163440,335.720001220703,credit_card,2
CA-2015-163587,1340.48999023438,credit_card,1
CA-2015-163734,127.879997253418,credit_card,2
CA-2015-163762,13.9799995422363,debit_card,2
CA-2015-163923,90.8000030517578,credit_card,3
CA-2015-163965,274.170013427734,credit_card,4
CA-2015-164007,98.447998046875,credit_card,6
CA-2015-164084,758.098022460938,credit_card,8
CA-2015-164301,75.1800003051758,credit_card,5
CA-2015-164336,285.079986572266,credit_card,2
CA-2015-164427,27.2159996032715,credit_card,2
CA-2015-164441,551.837524414063,credit_card,10
CA-2015-164497,273.959991455078,credit_card,8
CA-2015-164539,119.980003356934,credit_card,3
CA-2015-164567,76.7760009765625,credit_card,3
CA-2015-164623,34.9440002441406,credit_card,1
CA-2015-164777,97.0400009155273,credit_card,5
CA-2015-164833,158.539993286133,credit_card,1
CA-2015-164882,1426.94201660156,credit_card,2
CA-2015-165050,110.384002685547,credit_card,1
CA-2015-165057,736.52001953125,credit_card,4
CA-2015-165085,13.9160003662109,credit_card,2
CA-2015-165162,23.3600006103516,credit_card,1
CA-2015-165414,30.9300003051758,debit_card,6
CA-2015-165554,45.6800003051758,credit_card,6
CA-2015-165624,896.754028320313,credit_card,1
CA-2015-165799,68.5999984741211,credit_card,1
CA-2015-165813,150.800003051758,credit_card,1
CA-2015-166135,51.1199989318848,credit_card,6
CA-2015-166219,81.1340026855469,credit_card,4
CA-2015-166338,479.920013427734,credit_card,2
CA-2015-166464,4.67199993133545,credit_card,10
CA-2015-166492,157.5,credit_card,5
CA-2015-166583,2735.95190429688,credit_card,1
CA-2015-166604,43.1300010681152,credit_card,1
CA-2015-166800,30.3199996948242,debit_card,3
CA-2015-166947,5.32800006866455,credit_card,3
CA-2015-166975,24,credit_card,1
CA-2015-167010,2174.751953125,credit_card,1
CA-2015-167255,548.89599609375,credit_card,2
CA-2015-167269,631.960021972656,debit_card,7
CA-2015-167374,74.8199996948242,debit_card,3
CA-2015-167479,1319.80004882813,credit_card,10
CA-2015-167696,7.6399998664856,credit_card,1
CA-2015-167745,382.579986572266,credit_card,2
CA-2015-168004,9.72799968719482,debit_card,4
CA-2015-168088,177.160003662109,credit_card,1
CA-2015-168186,17.5200004577637,credit_card,2
CA-2015-168207,183.098007202148,credit_card,6
CA-2015-168277,933.262023925781,debit_card,3
CA-2015-168459,727.487976074219,credit_card,10
CA-2015-168480,11.7840003967285,debit_card,3
CA-2015-168529,206.429992675781,credit_card,3
CA-2015-168564,2403.2919921875,credit_card,7
CA-2015-168634,17.6399993896484,debit_card,2
CA-2015-168746,1190.42199707031,credit_card,2
CA-2015-168760,3.88199996948242,credit_card,10
CA-2015-168767,2.88000011444092,credit_card,1
CA-2015-168809,3311.88208007813,credit_card,2
CA-2015-169201,96.6240005493164,credit_card,5
CA-2015-169278,50.2319984436035,credit_card,1
CA-2015-169299,315.200012207031,debit_card,2
CA-2015-169397,818.18798828125,credit_card,1
CA-2015-169537,2621.32202148438,debit_card,3
CA-2015-169572,18.8999996185303,credit_card,3
CA-2015-169656,88.4000015258789,credit_card,1
CA-2015-169677,50.3520011901855,credit_card,2
CA-2015-169733,97.4240036010742,credit_card,10
CA-2015-169740,25.8299999237061,credit_card,2
CA-2015-169796,75.4560012817383,credit_card,5
CA-2016-100041,107.279998779297,credit_card,5
CA-2016-100083,217.583999633789,credit_card,3
CA-2016-100153,623.464782714844,credit_card,10
CA-2016-100244,534.731994628906,credit_card,7
CA-2016-100300,60.0180015563965,credit_card,4
CA-2016-100307,22.8299999237061,debit_card,8
CA-2016-100468,10.9799995422363,credit_card,8
CA-2016-100510,500.040008544922,credit_card,1
CA-2016-100587,381.359985351563,credit_card,8
CA-2016-100671,7.8899998664856,credit_card,4
CA-2016-100790,76.2200012207031,debit_card,1
CA-2016-100944,733.658020019531,credit_card,5
CA-2016-100965,17.4799995422363,credit_card,2
CA-2016-100993,1062.53002929688,credit_card,3
CA-2016-101161,2746.1298828125,debit_card,8
CA-2016-101168,36,credit_card,1
CA-2016-101189,7.6560001373291,credit_card,5
CA-2016-101329,712.599975585938,credit_card,2
CA-2016-101336,666.369018554688,credit_card,2
CA-2016-101343,9.96000003814697,voucher,3
CA-2016-101378,299.975006103516,credit_card,10
CA-2016-101385,48.5800018310547,credit_card,10
CA-2016-101448,9.58800029754639,debit_card,1
CA-2016-101525,521.304016113281,credit_card,8
CA-2016-101546,340.144012451172,credit_card,8
CA-2016-101623,83.6999969482422,credit_card,4
CA-2016-101630,199.304000854492,credit_card,1
CA-2016-101651,85.5059967041016,credit_card,3
CA-2016-101672,1751.63598632813,credit_card,8
CA-2016-101693,575.030029296875,credit_card,10
CA-2016-101742,56.4000015258789,credit_card,2
CA-2016-101791,398.002014160156,debit_card,2
CA-2016-101938,552,credit_card,1
CA-2016-101966,419.399993896484,debit_card,1
CA-2016-101980,286.2080078125,credit_card,1
CA-2016-102092,69.9899978637695,credit_card,5
CA-2016-102127,605.023986816406,credit_card,6
CA-2016-102134,34.7400016784668,credit_card,9
CA-2016-102162,273.661987304688,credit_card,1
CA-2016-102456,67.8000030517578,credit_card,3
CA-2016-102498,51.75,debit_card,1
CA-2016-102561,366.559997558594,debit_card,5
CA-2016-102596,164.792007446289,credit_card,10
CA-2016-102792,55.3600006103516,credit_card,5
CA-2016-102813,11.3120002746582,credit_card,3
CA-2016-102932,461.888000488281,credit_card,10
CA-2016-103037,154.899993896484,credit_card,1
CA-2016-103107,593.265014648438,credit_card,4
CA-2016-103128,31.7439994812012,credit_card,3
CA-2016-103163,40.9039993286133,credit_card,5
CA-2016-103359,68.5410003662109,credit_card,8
CA-2016-103464,15.5520000457764,credit_card,1
CA-2016-103709,169.432006835938,credit_card,5
CA-2016-103730,1370.46301269531,credit_card,6
CA-2016-103891,9.56799983978271,credit_card,2
CA-2016-103919,68.1119995117188,credit_card,5
CA-2016-103947,1085.80004882813,credit_card,3
CA-2016-103982,728.325988769531,credit_card,5
CA-2016-104150,977.007995605469,credit_card,8
CA-2016-104157,227.048004150391,debit_card,3
CA-2016-104276,46.7999992370605,credit_card,5
CA-2016-104311,440.917999267578,credit_card,2
CA-2016-104633,954.969970703125,credit_card,1
CA-2016-104689,367.959991455078,credit_card,2
CA-2016-104969,14.7600002288818,credit_card,3
CA-2016-104983,17.9400005340576,credit_card,4
CA-2016-105018,177.647994995117,credit_card,5
CA-2016-105081,429.152008056641,credit_card,2
CA-2016-105207,201.563995361328,debit_card,2
CA-2016-105256,1114.40002441406,credit_card,1
CA-2016-105263,25.1599998474121,credit_card,2
CA-2016-105277,12.4200000762939,credit_card,7
CA-2016-105284,400.783996582031,debit_card,2
CA-2016-105291,11.6459999084473,credit_card,1
CA-2016-105354,509.488006591797,credit_card,8
CA-2016-105459,189.02799987793,credit_card,10
CA-2016-105473,5.76000022888184,credit_card,10
CA-2016-105494,349.260009765625,credit_card,3
CA-2016-105585,516.22998046875,voucher,1
CA-2016-105732,1173.17602539063,credit_card,4
CA-2016-105753,5.90399980545044,credit_card,5
CA-2016-105760,396.920013427734,credit_card,1
CA-2016-105781,110.416000366211,credit_card,2
CA-2016-105816,177,credit_card,3
CA-2016-105900,173.488006591797,credit_card,2
CA-2016-105963,1359.9599609375,credit_card,8
CA-2016-106075,151.960006713867,credit_card,1
CA-2016-106243,58.3680000305176,credit_card,6
CA-2016-106278,149.070007324219,credit_card,3
CA-2016-106306,231.720001220703,credit_card,4
CA-2016-106341,22.9599990844727,credit_card,2
CA-2016-106383,27.3600006103516,credit_card,8
CA-2016-106397,65.0800018310547,credit_card,8
CA-2016-106460,27.9200000762939,credit_card,10
CA-2016-106530,1360.79797363281,credit_card,10
CA-2016-106558,254.240005493164,credit_card,14
CA-2016-106621,30.8400001525879,credit_card,5
CA-2016-106656,40.6800003051758,credit_card,6
CA-2016-106894,235.171997070313,credit_card,2
CA-2016-106915,16,debit_card,4
CA-2016-106950,1424.31005859375,credit_card,2
CA-2016-107104,196.039993286133,credit_card,3
CA-2016-107146,581.68798828125,debit_card,1
CA-2016-107202,3.30399990081787,credit_card,2
CA-2016-107216,1171.26599121094,credit_card,3
CA-2016-107328,2023.26000976563,credit_card,5
CA-2016-107475,450,credit_card,1
CA-2016-107615,9.23999977111816,debit_card,7
CA-2016-107783,650.7919921875,credit_card,2
CA-2016-107790,2934.330078125,credit_card,2
CA-2016-108056,1199.97595214844,credit_card,10
CA-2016-108105,34.3240013122559,credit_card,2
CA-2016-108196,3311.46997070313,credit_card,2
CA-2016-108210,185.919998168945,credit_card,1
CA-2016-108350,12.3900003433228,credit_card,6
CA-2016-108364,36.7439994812012,debit_card,3
CA-2016-108434,10.3680000305176,credit_card,3
CA-2016-108567,15.9359998703003,credit_card,1
CA-2016-108581,148.320007324219,voucher,10
CA-2016-108616,902.348022460938,credit_card,2
CA-2016-108644,528.429992675781,credit_card,3
CA-2016-108735,111.790000915527,credit_card,5
CA-2016-108868,84.8560028076172,credit_card,10
CA-2016-108882,112.664001464844,credit_card,2
CA-2016-108959,37.9300003051758,credit_card,8
CA-2016-108987,819.679992675781,credit_card,3
CA-2016-109057,93.4560012817383,credit_card,3
CA-2016-109176,79.5479965209961,debit_card,3
CA-2016-109344,1488.42395019531,credit_card,5
CA-2016-109365,1631.50402832031,credit_card,8
CA-2016-109400,6.15999984741211,credit_card,7
CA-2016-109407,235.151992797852,credit_card,1
CA-2016-109652,3.28999996185303,credit_card,3
CA-2016-109666,1591.82604980469,credit_card,6
CA-2016-109722,3078.26196289063,credit_card,10
CA-2016-109743,82.9120025634766,credit_card,8
CA-2016-109806,74.7699966430664,credit_card,5
CA-2016-109820,29.6040000915527,credit_card,1
CA-2016-109827,1034.833984375,credit_card,5
CA-2016-109869,284.988006591797,debit_card,1
CA-2016-109911,7.5,credit_card,1
CA-2016-109953,467.471984863281,credit_card,6
CA-2016-110009,84.4960021972656,credit_card,1
CA-2016-110023,166.440002441406,credit_card,2
CA-2016-110044,59.4799995422363,credit_card,5
CA-2016-110086,223.960006713867,credit_card,4
CA-2016-110254,451.014007568359,debit_card,6
CA-2016-110366,13.7200002670288,credit_card,2
CA-2016-110492,1743.51794433594,credit_card,8
CA-2016-110499,388.704010009766,debit_card,10
CA-2016-110730,541.239990234375,credit_card,10
CA-2016-110772,163.580001831055,credit_card,2
CA-2016-110898,545.833984375,credit_card,10
CA-2016-110975,117.424003601074,credit_card,10
CA-2016-110982,50.2080001831055,debit_card,1
CA-2016-111010,44.4000015258789,credit_card,3
CA-2016-111115,265.859985351563,credit_card,2
CA-2016-111143,773.940002441406,credit_card,2
CA-2016-111213,932.200012207031,credit_card,10
CA-2016-111283,3.90000009536743,credit_card,4
CA-2016-111318,569.536010742188,credit_card,3
CA-2016-111409,274.799987792969,credit_card,10
CA-2016-111416,123.552001953125,credit_card,10
CA-2016-111493,991.200012207031,credit_card,2
CA-2016-111605,2.51999998092651,credit_card,4
CA-2016-111682,4197.55419921875,debit_card,17
CA-2016-111696,11.5200004577637,debit_card,5
CA-2016-111794,22.8719997406006,debit_card,10
CA-2016-111913,3175.39208984375,credit_card,1
CA-2016-111941,15.2399997711182,credit_card,2
CA-2016-111976,22.0400009155273,credit_card,5
CA-2016-112060,439.992004394531,credit_card,5
CA-2016-112102,196.671997070313,credit_card,1
CA-2016-112109,534.127990722656,credit_card,8
CA-2016-112123,60.2599983215332,credit_card,3
CA-2016-112256,409.470001220703,credit_card,1
CA-2016-112277,38.5999984741211,debit_card,8
CA-2016-112340,11.9519996643066,credit_card,3
CA-2016-112382,181.860000610352,credit_card,3
CA-2016-112389,224.47200012207,credit_card,8
CA-2016-112578,984.142028808594,credit_card,3
CA-2016-112585,359.320007324219,credit_card,10
CA-2016-112669,162.300003051758,credit_card,2
CA-2016-112676,174.300003051758,credit_card,8
CA-2016-112697,1071.88195800781,debit_card,2
CA-2016-112739,40.5499992370605,credit_card,1
CA-2016-112830,86.879997253418,credit_card,8
CA-2016-112893,128.850006103516,credit_card,2
CA-2016-112942,1123.92004394531,credit_card,10
CA-2016-113061,39.992000579834,credit_card,1
CA-2016-113082,11.0500001907349,credit_card,10
CA-2016-113096,62.0999984741211,credit_card,1
CA-2016-113117,19.431999206543,credit_card,5
CA-2016-113138,533.549987792969,credit_card,3
CA-2016-113236,514.434020996094,credit_card,8
CA-2016-113243,299.535003662109,credit_card,10
CA-2016-113292,8.79199981689453,debit_card,5
CA-2016-113341,424.957489013672,credit_card,5
CA-2016-113390,86.379997253418,credit_card,2
CA-2016-113425,30,credit_card,1
CA-2016-113516,62.7599983215332,debit_card,1
CA-2016-113551,45,credit_card,3
CA-2016-113607,1723.7099609375,credit_card,10
CA-2016-113621,1364.13000488281,credit_card,2
CA-2016-113656,39.5940017700195,credit_card,8
CA-2016-113726,169.063995361328,credit_card,1
CA-2016-113733,933.346008300781,credit_card,10
CA-2016-113747,95.6480026245117,credit_card,1
CA-2016-113803,186.539993286133,credit_card,6
CA-2016-113817,36.9599990844727,credit_card,10
CA-2016-113831,1469.34802246094,credit_card,3
CA-2016-113845,105.713996887207,credit_card,6
CA-2016-113978,1524.40002441406,credit_card,3
CA-2016-114104,106.160003662109,credit_card,2
CA-2016-114209,37.9379997253418,credit_card,4
CA-2016-114307,1839.623046875,credit_card,3
CA-2016-114405,137.690002441406,credit_card,1
CA-2016-114482,1008.63598632813,credit_card,6
CA-2016-114489,244.074005126953,credit_card,1
CA-2016-114538,51.8400001525879,credit_card,9
CA-2016-114601,1214.52404785156,credit_card,8
CA-2016-114713,8.54399967193604,credit_card,2
CA-2016-114727,3283.34594726563,credit_card,5
CA-2016-114748,457.817596435547,credit_card,1
CA-2016-114860,761.841979980469,credit_card,6
CA-2016-114867,455.967987060547,credit_card,1
CA-2016-114895,55.5839996337891,credit_card,2
CA-2016-114944,2549.98510742188,credit_card,1
CA-2016-114972,3143.77954101563,credit_card,4
CA-2016-115224,261.369995117188,credit_card,1
CA-2016-115378,7.82399988174438,debit_card,4
CA-2016-115476,2900.037109375,credit_card,1
CA-2016-115483,99.9899978637695,credit_card,1
CA-2016-115504,141.960006713867,credit_card,10
CA-2016-115525,1016.7919921875,credit_card,2
CA-2016-115574,29.9699993133545,credit_card,5
CA-2016-115588,600.530029296875,credit_card,2
CA-2016-115756,235.888000488281,credit_card,2
CA-2016-115917,14.6079998016357,credit_card,1
CA-2016-116232,48.439998626709,credit_card,5
CA-2016-116337,29.3999996185303,credit_card,5
CA-2016-116344,0.444000005722046,credit_card,10
CA-2016-116379,4.19999980926514,credit_card,2
CA-2016-116526,1518.06994628906,credit_card,5
CA-2016-116540,194.190002441406,credit_card,3
CA-2016-116547,182.86799621582,credit_card,5
CA-2016-116561,170.080001831055,credit_card,8
CA-2016-116596,1341.46801757813,credit_card,3
CA-2016-116603,6.67999982833862,credit_card,10
CA-2016-116722,64.3399963378906,debit_card,2
CA-2016-116736,19.9139995574951,debit_card,10
CA-2016-116799,46.7159996032715,credit_card,4
CA-2016-116911,859.252014160156,credit_card,1
CA-2016-116918,21.8540000915527,credit_card,1
CA-2016-116974,419.399993896484,credit_card,2
CA-2016-117121,48.8600006103516,credit_card,5
CA-2016-117282,221.055999755859,credit_card,1
CA-2016-117408,17.6399993896484,credit_card,2
CA-2016-117583,2432.53002929688,credit_card,1
CA-2016-117590,148.97200012207,credit_card,2
CA-2016-117604,68.447998046875,credit_card,3
CA-2016-117660,317.179992675781,credit_card,8
CA-2016-117681,23.9680004119873,credit_card,6
CA-2016-117849,23.8799991607666,credit_card,8
CA-2016-117912,48.7200012207031,credit_card,5
CA-2016-117919,143.007995605469,credit_card,5
CA-2016-118052,2178.15209960938,credit_card,5
CA-2016-118073,15.5520000457764,credit_card,8
CA-2016-118129,78.2559967041016,credit_card,3
CA-2016-118178,110.375999450684,credit_card,10
CA-2016-118255,2590.71997070313,credit_card,5
CA-2016-118332,155.820007324219,debit_card,6
CA-2016-118500,563.940002441406,credit_card,4
CA-2016-118514,6.78299999237061,credit_card,1
CA-2016-118570,345,credit_card,1
CA-2016-118626,24.5599994659424,credit_card,1
CA-2016-118689,4194.40185546875,credit_card,10
CA-2016-118745,47.939998626709,debit_card,1
CA-2016-118759,3949.59008789063,debit_card,5
CA-2016-118899,51.9599990844727,voucher,2
CA-2016-118913,222.384002685547,credit_card,5
CA-2016-118934,65.7679977416992,credit_card,2
CA-2016-118969,1889.98999023438,credit_card,3
CA-2016-119018,417.084014892578,credit_card,2
CA-2016-119025,7.92000007629395,credit_card,1
CA-2016-119074,1326.82800292969,debit_card,6
CA-2016-119123,42.0480003356934,credit_card,1
CA-2016-119165,258.696014404297,debit_card,2
CA-2016-119186,603.755981445313,credit_card,2
CA-2016-119445,9.91199970245361,credit_card,2
CA-2016-119515,73.8499984741211,credit_card,8
CA-2016-119641,599.984985351563,credit_card,1
CA-2016-119683,19.6800003051758,voucher,4
CA-2016-119823,23.9759998321533,credit_card,1
CA-2016-119865,92.7900009155273,credit_card,1
CA-2016-119935,166.220001220703,credit_card,4
CA-2016-119963,1026.36596679688,debit_card,1
CA-2016-120005,297.138000488281,credit_card,3
CA-2016-120082,7.18400001525879,debit_card,2
CA-2016-120180,87.0800018310547,credit_card,8
CA-2016-120250,1747.25,credit_card,14
CA-2016-120257,5.94999980926514,credit_card,3
CA-2016-120355,93.8720016479492,credit_card,3
CA-2016-120369,15.0719995498657,debit_card,1
CA-2016-120530,60.4500007629395,credit_card,6
CA-2016-120558,61.568000793457,credit_card,4
CA-2016-120796,62.3759994506836,credit_card,4
CA-2016-120803,14.9399995803833,credit_card,10
CA-2016-120824,1220.48596191406,debit_card,2
CA-2016-120859,6.46000003814697,credit_card,10
CA-2016-120873,27.4400005340576,debit_card,2
CA-2016-121020,35.0400009155273,credit_card,1
CA-2016-121034,216.826995849609,credit_card,2
CA-2016-121223,178.884002685547,credit_card,5
CA-2016-121356,8.64000034332275,credit_card,3
CA-2016-121370,75.629997253418,debit_card,10
CA-2016-121377,5.10400009155273,credit_card,3
CA-2016-121447,113.888000488281,credit_card,10
CA-2016-121601,22.5799999237061,credit_card,3
CA-2016-121748,161.360000610352,credit_card,1
CA-2016-121755,73.0830001831055,credit_card,12
CA-2016-121958,699.97998046875,debit_card,4
CA-2016-121993,241.169998168945,credit_card,1
CA-2016-122017,178.287994384766,credit_card,3
CA-2016-122063,795.252014160156,credit_card,1
CA-2016-122133,722.351989746094,credit_card,2
CA-2016-122322,31.9839992523193,debit_card,2
CA-2016-122392,164.259994506836,credit_card,4
CA-2016-122448,65.7900009155273,credit_card,10
CA-2016-122511,304.899993896484,credit_card,2
CA-2016-122518,15.6960000991821,credit_card,1
CA-2016-122581,36.6300010681152,credit_card,3
CA-2016-122728,1056.76196289063,debit_card,8
CA-2016-122903,318.60400390625,credit_card,6
CA-2016-123015,572.799987792969,credit_card,2
CA-2016-123050,342.355010986328,credit_card,3
CA-2016-123120,154.611999511719,credit_card,10
CA-2016-123176,108.300003051758,debit_card,10
CA-2016-123358,436.773986816406,credit_card,10
CA-2016-123414,117.274002075195,credit_card,3
CA-2016-123512,346.85400390625,credit_card,2
CA-2016-123526,272.399993896484,debit_card,5
CA-2016-123533,79.4300003051758,credit_card,5
CA-2016-123540,3347.3701171875,credit_card,1
CA-2016-123617,89.6959991455078,credit_card,7
CA-2016-123666,2.7720000743866,debit_card,1
CA-2016-123722,59.5200004577637,credit_card,1
CA-2016-123806,5.5,credit_card,5
CA-2016-123932,11.2320003509521,credit_card,1
CA-2016-123946,884.364013671875,credit_card,1
CA-2016-124016,322.381988525391,credit_card,2
CA-2016-124051,81.1999969482422,credit_card,1
CA-2016-124100,559.619995117188,credit_card,10
CA-2016-124149,126.63200378418,credit_card,10
CA-2016-124233,883.840026855469,credit_card,2
CA-2016-124254,357.10400390625,credit_card,2
CA-2016-124352,2591.23608398438,credit_card,1
CA-2016-124485,105.903999328613,credit_card,10
CA-2016-124506,248.613998413086,credit_card,10
CA-2016-124527,52.6800003051758,voucher,3
CA-2016-124562,199.75,credit_card,10
CA-2016-124583,999.97998046875,credit_card,10
CA-2016-124590,2130.64990234375,credit_card,2
CA-2016-124667,1218.8759765625,credit_card,1
CA-2016-124681,17.2999992370605,credit_card,5
CA-2016-124772,164.990005493164,credit_card,1
CA-2016-124793,4.17000007629395,debit_card,1
CA-2016-124814,688.059997558594,credit_card,1
CA-2016-125017,18.2399997711182,credit_card,1
CA-2016-125080,180.660003662109,credit_card,10
CA-2016-125087,853.487976074219,voucher,8
CA-2016-125164,34.523998260498,debit_card,1
CA-2016-125206,38.2400016784668,debit_card,2
CA-2016-125220,16.0559997558594,credit_card,1
CA-2016-125661,647.418029785156,credit_card,5
CA-2016-125724,269.980010986328,credit_card,2
CA-2016-125738,308.614013671875,credit_card,1
CA-2016-125794,4.55999994277954,debit_card,3
CA-2016-125815,189.699996948242,debit_card,4
CA-2016-125843,45.6800003051758,credit_card,6
CA-2016-125850,66.9100036621094,credit_card,10
CA-2016-125920,477.600006103516,credit_card,1
CA-2016-126004,1771.65405273438,credit_card,10
CA-2016-126102,872.320007324219,debit_card,8
CA-2016-126158,558.515991210938,credit_card,3
CA-2016-126165,23.6800003051758,credit_card,2
CA-2016-126270,1366.83996582031,credit_card,1
CA-2016-126284,25.0599994659424,credit_card,1
CA-2016-126529,648.133972167969,credit_card,4
CA-2016-126543,7.8600001335144,debit_card,5
CA-2016-126613,719.952026367188,credit_card,2
CA-2016-126627,144.544006347656,credit_card,1
CA-2016-126732,1509.4580078125,credit_card,1
CA-2016-126795,19.568000793457,credit_card,4
CA-2016-126809,199.764007568359,credit_card,2
CA-2016-126858,4.99200010299683,credit_card,2
CA-2016-127138,642.351989746094,credit_card,9
CA-2016-127194,6.84800004959106,credit_card,14
CA-2016-127208,617.616027832031,credit_card,2
CA-2016-127236,51.9140014648438,debit_card,1
CA-2016-127243,1848.31396484375,credit_card,3
CA-2016-127250,10.6879997253418,credit_card,1
CA-2016-127369,58.0499992370605,credit_card,1
CA-2016-127642,59.9799995422363,credit_card,5
CA-2016-127649,301.959991455078,credit_card,10
CA-2016-127670,34.5800018310547,credit_card,6
CA-2016-127698,406.368011474609,credit_card,8
CA-2016-127761,30.5499992370605,credit_card,10
CA-2016-127775,12.960000038147,credit_card,6
CA-2016-127985,9.55200004577637,credit_card,2
CA-2016-128111,109.919998168945,credit_card,3
CA-2016-128223,15.5520000457764,credit_card,8
CA-2016-128258,27.8600006103516,credit_card,8
CA-2016-128307,198.744003295898,credit_card,4
CA-2016-128412,1166.375,credit_card,2
CA-2016-128517,33.6119995117188,credit_card,5
CA-2016-128531,1918.72802734375,credit_card,8
CA-2016-128594,23.6800003051758,credit_card,10
CA-2016-128671,404.906005859375,credit_card,3
CA-2016-128706,25.1760005950928,credit_card,8
CA-2016-128727,11.1199998855591,credit_card,1
CA-2016-128811,185.020004272461,voucher,6
CA-2016-128818,1717.06994628906,credit_card,5
CA-2016-128867,278.260009765625,credit_card,4
CA-2016-128916,321.198486328125,debit_card,2
CA-2016-128923,145.944000244141,credit_card,1
CA-2016-128972,12.8159999847412,credit_card,2
CA-2016-129126,1325.90002441406,credit_card,1
CA-2016-129196,116.832000732422,credit_card,6
CA-2016-129238,63.0559997558594,credit_card,5
CA-2016-129280,4356.68603515625,credit_card,8
CA-2016-129308,394.029998779297,debit_card,3
CA-2016-129630,33.6279983520508,credit_card,10
CA-2016-129686,1520.9599609375,credit_card,1
CA-2016-129693,143.951995849609,credit_card,3
CA-2016-129714,2212.2099609375,credit_card,8
CA-2016-129847,27.4139995574951,credit_card,2
CA-2016-129861,559.992004394531,credit_card,10
CA-2016-129868,747.869018554688,credit_card,1
CA-2016-129903,20.0960006713867,credit_card,7
CA-2016-130001,19.4400005340576,credit_card,5
CA-2016-130029,352.920013427734,credit_card,6
CA-2016-130050,79.9680023193359,credit_card,2
CA-2016-130078,389.970001220703,credit_card,6
CA-2016-130162,393.427001953125,credit_card,8
CA-2016-130267,11.2639999389648,credit_card,2
CA-2016-130393,56.5359992980957,credit_card,10
CA-2016-130400,53.1640014648438,credit_card,2
CA-2016-130407,79.015998840332,credit_card,3
CA-2016-130442,20.7360000610352,credit_card,10
CA-2016-130477,342.970001220703,credit_card,3
CA-2016-130484,5.03999996185303,credit_card,8
CA-2016-130638,163.720001220703,credit_card,6
CA-2016-130680,26.4799995422363,debit_card,3
CA-2016-130778,73.8570022583008,credit_card,10
CA-2016-130799,10.2720003128052,credit_card,10
CA-2016-130820,68.4720001220703,credit_card,2
CA-2016-130911,1894.78002929688,credit_card,6
CA-2016-130946,522.494018554688,credit_card,10
CA-2016-131065,228.656005859375,credit_card,3
CA-2016-131093,88.7679977416992,credit_card,2
CA-2016-131205,177.095001220703,credit_card,3
CA-2016-131289,460.303985595703,debit_card,6
CA-2016-131296,15.8719997406006,debit_card,3
CA-2016-131380,39.7919998168945,credit_card,4
CA-2016-131499,121.599998474121,credit_card,2
CA-2016-131576,62.939998626709,credit_card,2
CA-2016-131639,985.849975585938,credit_card,4
CA-2016-131737,1575.91198730469,credit_card,5
CA-2016-131744,295.343994140625,credit_card,3
CA-2016-131835,496.534790039063,credit_card,10
CA-2016-131968,40.939998626709,debit_card,8
CA-2016-132017,405.859985351563,credit_card,1
CA-2016-132066,9.64000034332275,credit_card,3
CA-2016-132094,506.7080078125,credit_card,2
CA-2016-132143,465.179992675781,credit_card,8
CA-2016-132304,246.384002685547,credit_card,1
CA-2016-132409,994.27197265625,credit_card,6
CA-2016-132479,47.8199996948242,credit_card,4
CA-2016-132549,21.5,credit_card,1
CA-2016-132661,782.940002441406,credit_card,6
CA-2016-132731,26.9759998321533,credit_card,1
CA-2016-132829,229.134002685547,credit_card,1
CA-2016-132899,201.039993286133,credit_card,6
CA-2016-132990,989.969970703125,credit_card,4
CA-2016-132997,697.052001953125,debit_card,3
CA-2016-133123,14.2959995269775,credit_card,3
CA-2016-133144,12.960000038147,credit_card,6
CA-2016-133319,79.5120010375977,debit_card,3
CA-2016-133340,113.484001159668,credit_card,8
CA-2016-133368,16.1560001373291,credit_card,3
CA-2016-133550,1455.2900390625,credit_card,1
CA-2016-133613,1793.93005371094,credit_card,3
CA-2016-133669,5.78000020980835,credit_card,10
CA-2016-133697,184.36799621582,credit_card,1
CA-2016-133711,115.339996337891,credit_card,10
CA-2016-133725,143.699996948242,credit_card,8
CA-2016-133795,87.2200012207031,credit_card,2
CA-2016-133802,58.2400016784668,credit_card,3
CA-2016-133816,281.339996337891,credit_card,1
CA-2016-133872,391.033996582031,credit_card,6
CA-2016-133935,266.037994384766,credit_card,10
CA-2016-134110,1150.07995605469,credit_card,5
CA-2016-134138,120.71199798584,credit_card,10
CA-2016-134180,189.658004760742,credit_card,2
CA-2016-134222,109.529998779297,debit_card,4
CA-2016-134334,2166.85107421875,credit_card,4
CA-2016-134348,108.652000427246,credit_card,2
CA-2016-134362,441.959991455078,credit_card,5
CA-2016-134425,40.4599990844727,credit_card,3
CA-2016-134474,27.4820003509521,credit_card,5
CA-2016-134516,234.723999023438,credit_card,4
CA-2016-134544,13.7600002288818,credit_card,4
CA-2016-134691,124.25,debit_card,1
CA-2016-134775,236.449996948242,credit_card,2
CA-2016-134803,520.168029785156,credit_card,5
CA-2016-134887,135.88200378418,credit_card,5
CA-2016-134936,258.089996337891,credit_card,4
CA-2016-135265,62.8079986572266,credit_card,10
CA-2016-135461,18.3360004425049,debit_card,2
CA-2016-135594,51.5499992370605,credit_card,2
CA-2016-135636,540.047973632813,credit_card,5
CA-2016-135776,230.466003417969,debit_card,2
CA-2016-135965,662.880004882813,credit_card,1
CA-2016-136021,138.059997558594,credit_card,4
CA-2016-136049,14.1120004653931,credit_card,4
CA-2016-136126,433.996002197266,credit_card,1
CA-2016-136133,12.6239995956421,credit_card,4
CA-2016-136231,739.195983886719,credit_card,1
CA-2016-136287,50.7840003967285,debit_card,2
CA-2016-136301,322.055999755859,credit_card,10
CA-2016-136322,864.849975585938,credit_card,10
CA-2016-136329,278.247985839844,credit_card,3
CA-2016-136371,47.7439994812012,credit_card,1
CA-2016-136406,41.9000015258789,credit_card,8
CA-2016-136434,106.680000305176,credit_card,2
CA-2016-136483,35.5200004577637,credit_card,4
CA-2016-136595,223.055999755859,credit_card,5
CA-2016-136686,176.783996582031,credit_card,1
CA-2016-136770,93.8759994506836,credit_card,3
CA-2016-136812,482.339996337891,debit_card,2
CA-2016-136924,11.6700000762939,credit_card,1
CA-2016-136994,4.60799980163574,credit_card,1
CA-2016-137043,36.0060005187988,credit_card,10
CA-2016-137050,225.727996826172,credit_card,4
CA-2016-137127,379.372009277344,credit_card,10
CA-2016-137176,2.89000010490417,credit_card,2
CA-2016-137204,5.21400022506714,credit_card,4
CA-2016-137239,48.3320007324219,debit_card,17
CA-2016-137330,481.709991455078,voucher,7
CA-2016-137337,974.331970214844,credit_card,10
CA-2016-137673,15.5520000457764,credit_card,1
CA-2016-137729,66.3040008544922,credit_card,2
CA-2016-137736,26.8500003814697,credit_card,4
CA-2016-137743,268.839996337891,debit_card,3
CA-2016-137848,278.399993896484,credit_card,10
CA-2016-137939,512.940002441406,debit_card,1
CA-2016-138037,241.567993164063,credit_card,3
CA-2016-138079,25.1599998474121,credit_card,1
CA-2016-138233,78.1500015258789,credit_card,5
CA-2016-138282,191.975997924805,credit_card,1
CA-2016-138478,544.721984863281,credit_card,3
CA-2016-138520,1930.67199707031,debit_card,3
CA-2016-138583,198.744003295898,credit_card,2
CA-2016-138597,13.960000038147,credit_card,2
CA-2016-138667,10.5279998779297,credit_card,3
CA-2016-138688,24.4479999542236,credit_card,2
CA-2016-138695,273.975006103516,credit_card,6
CA-2016-138933,1628.81994628906,credit_card,6
CA-2016-138968,265.817993164063,credit_card,1
CA-2016-139010,2509.97607421875,credit_card,2
CA-2016-139157,7.16800022125244,credit_card,4
CA-2016-139234,510.664001464844,credit_card,2
CA-2016-139269,606.468017578125,voucher,2
CA-2016-139381,911.070007324219,debit_card,8
CA-2016-139395,114.468002319336,credit_card,7
CA-2016-139409,249.949996948242,credit_card,1
CA-2016-139556,590.057983398438,credit_card,2
CA-2016-139808,7.58400011062622,credit_card,8
CA-2016-139878,422.058013916016,credit_card,8
CA-2016-139885,9.10999965667725,debit_card,6
CA-2016-139934,21.2399997711182,credit_card,5
CA-2016-139941,374.675994873047,debit_card,8
CA-2016-139997,11.6879997253418,credit_card,8
CA-2016-140018,270.605010986328,credit_card,3
CA-2016-140081,460.623992919922,debit_card,1
CA-2016-140130,91.9499969482422,credit_card,6
CA-2016-140207,4.92799997329712,credit_card,6
CA-2016-140249,185.376007080078,debit_card,4
CA-2016-140256,19.4400005340576,credit_card,1
CA-2016-140382,271.430999755859,credit_card,2
CA-2016-140417,35.5839996337891,credit_card,5
CA-2016-140438,15.6960000991821,credit_card,8
CA-2016-140501,644.132019042969,credit_card,7
CA-2016-140543,619.950012207031,credit_card,4
CA-2016-140564,91.9599990844727,credit_card,1
CA-2016-140571,963.789978027344,credit_card,2
CA-2016-140613,821.940002441406,debit_card,8
CA-2016-140634,186.731994628906,credit_card,4
CA-2016-140641,26.7199993133545,credit_card,1
CA-2016-140746,34.3839988708496,credit_card,3
CA-2016-140774,89.568000793457,credit_card,10
CA-2016-140928,7.30000019073486,credit_card,2
CA-2016-140935,27.0799999237061,credit_card,7
CA-2016-141019,149.970001220703,credit_card,10
CA-2016-141082,65.8300018310547,debit_card,4
CA-2016-141180,98.3280029296875,credit_card,2
CA-2016-141397,344.273986816406,credit_card,1
CA-2016-141523,700.565979003906,credit_card,3
CA-2016-141551,70.5459976196289,credit_card,2
CA-2016-141586,17.6100006103516,credit_card,7
CA-2016-141887,6.68800020217896,credit_card,2
CA-2016-141957,350.940002441406,credit_card,1
CA-2016-142097,232.539993286133,debit_card,2
CA-2016-142335,100.347999572754,credit_card,4
CA-2016-142370,35.2319984436035,credit_card,7
CA-2016-142398,51.939998626709,credit_card,1
CA-2016-142405,356.338012695313,credit_card,2
CA-2016-142524,204.108001708984,debit_card,3
CA-2016-142545,212.841995239258,credit_card,4
CA-2016-142594,1122.91003417969,credit_card,1
CA-2016-142615,37.939998626709,credit_card,1
CA-2016-142762,12.1920003890991,credit_card,5
CA-2016-142895,51.9000015258789,debit_card,1
CA-2016-142902,211.503997802734,debit_card,2
CA-2016-142958,46.9620018005371,credit_card,4
CA-2016-143154,263.959991455078,credit_card,10
CA-2016-143308,366.743988037109,debit_card,8
CA-2016-143406,815.504028320313,credit_card,2
CA-2016-143441,1649.94995117188,credit_card,3
CA-2016-143476,470.160003662109,credit_card,1
CA-2016-143609,47.984001159668,credit_card,5
CA-2016-143714,884.101989746094,credit_card,3
CA-2016-143749,58.3400001525879,credit_card,1
CA-2016-143805,394.368011474609,credit_card,4
CA-2016-143910,10.6079998016357,credit_card,8
CA-2016-144015,111.055999755859,debit_card,8
CA-2016-144092,506.752014160156,credit_card,2
CA-2016-144148,20.7360000610352,credit_card,1
CA-2016-144218,113.568000793457,credit_card,1
CA-2016-144309,200.149993896484,debit_card,7
CA-2016-144337,203.975997924805,credit_card,2
CA-2016-144344,260.186004638672,debit_card,8
CA-2016-144400,1117.92004394531,credit_card,4
CA-2016-144540,634.737976074219,credit_card,10
CA-2016-144554,4.01999998092651,credit_card,1
CA-2016-144645,111.959999084473,credit_card,4
CA-2016-144729,12.960000038147,credit_card,4
CA-2016-144764,280.809997558594,credit_card,1
CA-2016-144785,30.5359992980957,credit_card,1
CA-2016-144792,14.496000289917,credit_card,2
CA-2016-144855,107.648002624512,credit_card,6
CA-2016-144911,346.209991455078,debit_card,3
CA-2016-144939,15.5520000457764,credit_card,3
CA-2016-145009,158.927993774414,credit_card,8
CA-2016-145135,64.8479995727539,debit_card,4
CA-2016-145177,2997.4580078125,credit_card,2
CA-2016-145240,18.6900005340576,credit_card,1
CA-2016-145247,751.919982910156,credit_card,2
CA-2016-145261,1078.99499511719,credit_card,7
CA-2016-145303,730.109985351563,credit_card,3
CA-2016-145492,40.7519989013672,debit_card,2
CA-2016-145499,4404.89990234375,credit_card,3
CA-2016-145548,389.156005859375,debit_card,1
CA-2016-145583,443.93798828125,credit_card,5
CA-2016-145611,25.9200000762939,credit_card,1
CA-2016-145625,495.230010986328,credit_card,5
CA-2016-145709,752.504028320313,credit_card,8
CA-2016-145730,393.566009521484,credit_card,3
CA-2016-145842,34.0499992370605,credit_card,1
CA-2016-145898,331.411987304688,debit_card,5
CA-2016-145905,53.2960014343262,debit_card,2
CA-2016-145919,408.641998291016,credit_card,6
CA-2016-145982,976.182006835938,credit_card,10
CA-2016-146010,14.1599998474121,credit_card,1
CA-2016-146143,281.903991699219,credit_card,3
CA-2016-146150,0.875999987125397,credit_card,5
CA-2016-146157,450.609985351563,credit_card,1
CA-2016-146171,401.350006103516,credit_card,1
CA-2016-146206,555.156005859375,credit_card,1
CA-2016-146318,32.4799995422363,credit_card,7
CA-2016-146325,86.8479995727539,credit_card,8
CA-2016-146374,817.752014160156,credit_card,5
CA-2016-146423,44.1599998474121,credit_card,8
CA-2016-146437,6.38000011444092,credit_card,10
CA-2016-146521,191.968002319336,credit_card,3
CA-2016-146633,1079.84399414063,credit_card,4
CA-2016-146682,76.1399993896484,credit_card,1
CA-2016-146766,1979.89001464844,credit_card,4
CA-2016-146836,72.75,credit_card,8
CA-2016-146913,725.840026855469,debit_card,3
CA-2016-146934,953.018005371094,credit_card,2
CA-2016-146941,114.480003356934,credit_card,4
CA-2016-147109,57.4000015258789,credit_card,8
CA-2016-147123,10.1599998474121,credit_card,2
CA-2016-147137,649.765991210938,debit_card,10
CA-2016-147256,293.670013427734,credit_card,2
CA-2016-147368,23.9200000762939,credit_card,6
CA-2016-147375,752.742004394531,credit_card,2
CA-2016-147431,382.115997314453,credit_card,10
CA-2016-147473,57.9599990844727,credit_card,2
CA-2016-147536,41.9500007629395,credit_card,1
CA-2016-147578,70.9499969482422,credit_card,10
CA-2016-147585,307.135986328125,credit_card,1
CA-2016-147683,21.3999996185303,credit_card,10
CA-2016-147970,331.536010742188,credit_card,1
CA-2016-148096,191.64599609375,credit_card,4
CA-2016-148201,19.4400005340576,debit_card,10
CA-2016-148208,58.5400009155273,credit_card,3
CA-2016-148516,23.9759998321533,credit_card,2
CA-2016-148593,191.057998657227,credit_card,2
CA-2016-148684,362.68798828125,debit_card,10
CA-2016-148698,10.2720003128052,credit_card,2
CA-2016-148740,22.7199993133545,credit_card,6
CA-2016-148747,22,credit_card,1
CA-2016-148796,247.10400390625,voucher,1
CA-2016-148852,685.695983886719,voucher,10
CA-2016-148908,8.34000015258789,credit_card,1
CA-2016-149223,9099.9296875,credit_card,3
CA-2016-149237,5.30399990081787,credit_card,8
CA-2016-149272,126.725997924805,credit_card,5
CA-2016-149279,353.694000244141,credit_card,10
CA-2016-149314,64.1399993896484,credit_card,1
CA-2016-149335,15.9840002059937,credit_card,1
CA-2016-149349,32.4000015258789,credit_card,3
CA-2016-149370,3785.2919921875,debit_card,1
CA-2016-149454,12.6000003814697,debit_card,1
CA-2016-149461,2033.583984375,credit_card,6
CA-2016-149482,11.3520002365112,credit_card,3
CA-2016-149503,597,credit_card,1
CA-2016-149671,43.3720016479492,credit_card,3
CA-2016-149685,43.1300010681152,credit_card,2
CA-2016-149762,4606.23193359375,debit_card,4
CA-2016-149783,1912.33203125,credit_card,6
CA-2016-149797,40.4799995422363,credit_card,8
CA-2016-149902,232.880004882813,credit_card,8
CA-2016-149916,587.705993652344,credit_card,1
CA-2016-149965,1263.30004882813,credit_card,20
CA-2016-149979,1966.21997070313,credit_card,3
CA-2016-150000,41.2400016784668,credit_card,2
CA-2016-150007,215.531997680664,credit_card,4
CA-2016-150077,29.7999992370605,debit_card,6
CA-2016-150343,83.6999969482422,credit_card,7
CA-2016-150350,853.06201171875,credit_card,10
CA-2016-150483,79.947998046875,credit_card,3
CA-2016-150658,479.970001220703,credit_card,4
CA-2016-150889,387.135986328125,credit_card,2
CA-2016-150945,42.6160011291504,credit_card,1
CA-2016-151092,153.583999633789,credit_card,1
CA-2016-151148,144.720001220703,credit_card,2
CA-2016-151155,32.3880004882813,credit_card,2
CA-2016-151169,145.979995727539,credit_card,2
CA-2016-151323,5.76000022888184,debit_card,1
CA-2016-151372,541.283996582031,credit_card,3
CA-2016-151498,11.5679998397827,credit_card,2
CA-2016-151512,14.1300001144409,credit_card,5
CA-2016-151561,543.719970703125,credit_card,4
CA-2016-151974,52.7919998168945,credit_card,3
CA-2016-152072,91.2239990234375,credit_card,2
CA-2016-152121,146.352005004883,credit_card,8
CA-2016-152156,62.6160011291504,credit_card,3
CA-2016-152163,386.760009765625,credit_card,3
CA-2016-152170,820.56201171875,credit_card,9
CA-2016-152247,452.450012207031,credit_card,10
CA-2016-152289,89.536003112793,credit_card,3
CA-2016-152331,103.481002807617,credit_card,6
CA-2016-152408,145.764007568359,credit_card,1
CA-2016-152457,16.5599994659424,credit_card,3
CA-2016-152520,11.6479997634888,credit_card,1
CA-2016-152534,2910.90405273438,credit_card,24
CA-2016-152555,272.388000488281,credit_card,10
CA-2016-152632,499.950012207031,credit_card,2
CA-2016-152646,327.996002197266,credit_card,2
CA-2016-152688,94.7460021972656,credit_card,1
CA-2016-152730,1383.29797363281,credit_card,1
CA-2016-152765,19.4400005340576,credit_card,7
CA-2016-152800,18.1760005950928,credit_card,4
CA-2016-152814,35.060001373291,credit_card,2
CA-2016-152940,66.5800018310547,credit_card,2
CA-2016-153101,67.9919967651367,credit_card,4
CA-2016-153157,176.039993286133,credit_card,2
CA-2016-153178,107.540000915527,voucher,5
CA-2016-153185,119.040000915527,credit_card,4
CA-2016-153269,3561.89794921875,credit_card,2
CA-2016-153318,19.5599994659424,credit_card,2
CA-2016-153346,414.955993652344,credit_card,1
CA-2016-153353,1325.76000976563,credit_card,3
CA-2016-153577,378.440002441406,credit_card,8
CA-2016-153598,151.059997558594,credit_card,8
CA-2016-153661,197.059997558594,credit_card,2
CA-2016-153682,107.424003601074,credit_card,4
CA-2016-153836,18.0799999237061,debit_card,8
CA-2016-154018,883.031982421875,credit_card,1
CA-2016-154053,9.23999977111816,credit_card,8
CA-2016-154060,1919.97595214844,credit_card,5
CA-2016-154067,44.4599990844727,credit_card,4
CA-2016-154081,113.919998168945,credit_card,2
CA-2016-154235,148.479995727539,credit_card,10
CA-2016-154403,1592.84997558594,credit_card,4
CA-2016-154508,47.9519996643066,credit_card,1
CA-2016-154536,3.51999998092651,debit_card,9
CA-2016-154662,32.0699996948242,debit_card,1
CA-2016-154690,7.21600008010864,credit_card,8
CA-2016-154711,277.123992919922,credit_card,3
CA-2016-154739,6.57999992370605,credit_card,1
CA-2016-154767,67.1220016479492,credit_card,3
CA-2016-154788,314.600006103516,credit_card,10
CA-2016-154998,46.1520004272461,credit_card,10
CA-2016-155005,34.2400016784668,credit_card,5
CA-2016-155033,54.2239990234375,credit_card,6
CA-2016-155138,807.908020019531,credit_card,5
CA-2016-155166,146.410003662109,credit_card,3
CA-2016-155187,161.912002563477,credit_card,1
CA-2016-155383,2275.5,credit_card,1
CA-2016-155439,101.940002441406,credit_card,3
CA-2016-155446,31.1040000915527,credit_card,6
CA-2016-155474,2108.14404296875,credit_card,2
CA-2016-155481,677.840026855469,credit_card,1
CA-2016-155488,111.900001525879,credit_card,2
CA-2016-155516,386.686004638672,voucher,5
CA-2016-155530,76.1760025024414,debit_card,2
CA-2016-155551,339.365997314453,credit_card,10
CA-2016-155565,7.23999977111816,credit_card,1
CA-2016-155670,106.639999389648,credit_card,10
CA-2016-155747,1702.11999511719,debit_card,10
CA-2016-155845,5.28000020980835,credit_card,1
CA-2016-155978,37.2999992370605,credit_card,2
CA-2016-155992,54.9900016784668,credit_card,10
CA-2016-156251,56.060001373291,credit_card,5
CA-2016-156265,492.4580078125,credit_card,1
CA-2016-156300,166.839996337891,credit_card,4
CA-2016-156503,1145.80603027344,credit_card,2
CA-2016-156573,527.840026855469,credit_card,3
CA-2016-156685,394.302001953125,credit_card,8
CA-2016-156748,351.368011474609,credit_card,1
CA-2016-156811,9.81599998474121,credit_card,8
CA-2016-157000,534.892028808594,debit_card,10
CA-2016-157161,1082.22998046875,credit_card,2
CA-2016-157217,99.8099975585938,credit_card,8
CA-2016-157245,23.1000003814697,debit_card,2
CA-2016-157259,999.432006835938,credit_card,10
CA-2016-157266,3290.24609375,credit_card,1
CA-2016-157280,3025.39208984375,debit_card,10
CA-2016-157336,273.544006347656,credit_card,2
CA-2016-157364,721.875,credit_card,8
CA-2016-157511,260.880004882813,credit_card,2
CA-2016-157588,841.914001464844,credit_card,4
CA-2016-157686,57.689998626709,credit_card,10
CA-2016-157707,249.567993164063,debit_card,8
CA-2016-157714,1369.76403808594,debit_card,3
CA-2016-157742,103.5,credit_card,1
CA-2016-157749,971.52001953125,credit_card,1
CA-2016-157763,18.7040004730225,credit_card,2
CA-2016-157791,8.81999969482422,credit_card,1
CA-2016-157868,54.9599990844727,credit_card,5
CA-2016-158001,115.791999816895,credit_card,2
CA-2016-158043,17499.94921875,debit_card,1
CA-2016-158099,104.099998474121,debit_card,2
CA-2016-158155,191.376007080078,credit_card,3
CA-2016-158211,81.484001159668,credit_card,1
CA-2016-158260,348.928009033203,credit_card,3
CA-2016-158302,5.19299983978271,credit_card,4
CA-2016-158358,188.552001953125,credit_card,8
CA-2016-158435,198.554000854492,credit_card,2
CA-2016-158547,24.0480003356934,credit_card,4
CA-2016-158568,1713.48999023438,credit_card,8
CA-2016-158575,5.54400014877319,credit_card,2
CA-2016-158610,69.120002746582,debit_card,10
CA-2016-158617,42.7599983215332,credit_card,8
CA-2016-158694,2290.2900390625,credit_card,10
CA-2016-158778,41.3940010070801,voucher,1
CA-2016-158806,686.929992675781,credit_card,3
CA-2016-158834,106.699996948242,credit_card,1
CA-2016-158841,143.384002685547,credit_card,3
CA-2016-158869,1279.1650390625,credit_card,1
CA-2016-158925,159.960006713867,credit_card,8
CA-2016-159009,53.2799987792969,credit_card,6
CA-2016-159016,1041.16723632813,debit_card,5
CA-2016-159023,22,credit_card,3
CA-2016-159142,547.073974609375,credit_card,1
CA-2016-159212,593.219970703125,credit_card,2
CA-2016-159345,2395.19995117188,credit_card,8
CA-2016-159373,276.600006103516,debit_card,1
CA-2016-159639,34.9440002441406,credit_card,1
CA-2016-159653,25.5839996337891,credit_card,2
CA-2016-159730,126.456001281738,credit_card,1
CA-2016-159737,6.91200017929077,credit_card,2
CA-2016-159765,24.8999996185303,credit_card,1
CA-2016-159912,323.127990722656,credit_card,8
CA-2016-159940,287.839996337891,credit_card,1
CA-2016-159989,14.4799995422363,credit_card,4
CA-2016-160108,159.583999633789,credit_card,3
CA-2016-160129,298.976013183594,credit_card,2
CA-2016-160136,6.25799989700317,credit_card,4
CA-2016-160234,49.0800018310547,credit_card,10
CA-2016-160241,437.850006103516,credit_card,7
CA-2016-160304,226.055999755859,credit_card,2
CA-2016-160479,25.5,credit_card,3
CA-2016-160486,361.376007080078,credit_card,10
CA-2016-160500,57.3300018310547,voucher,1
CA-2016-160535,1440.33605957031,credit_card,1
CA-2016-160598,57.576000213623,credit_card,5
CA-2016-160717,1659.97204589844,credit_card,3
CA-2016-160745,57.4799995422363,voucher,4
CA-2016-160815,14.6199998855591,debit_card,2
CA-2016-160941,162.544006347656,credit_card,8
CA-2016-161025,7999.97998046875,credit_card,2
CA-2016-161095,194.860000610352,credit_card,3
CA-2016-161158,120,credit_card,1
CA-2016-161207,410.351989746094,debit_card,6
CA-2016-161389,29.7000007629395,credit_card,1
CA-2016-161473,581.955993652344,credit_card,1
CA-2016-161543,600.530029296875,credit_card,2
CA-2016-161662,5.90399980545044,credit_card,4
CA-2016-161669,723.343994140625,debit_card,4
CA-2016-161676,71.9800033569336,credit_card,4
CA-2016-161746,243.727996826172,credit_card,8
CA-2016-161781,47.5200004577637,credit_card,1
CA-2016-161816,642.890014648438,credit_card,4
CA-2016-161907,112.970001220703,credit_card,8
CA-2016-161928,13.2480001449585,debit_card,6
CA-2016-162082,114.800003051758,credit_card,2
CA-2016-162110,333.998992919922,credit_card,6
CA-2016-162159,22.7199993133545,credit_card,5
CA-2016-162187,1601.2919921875,credit_card,5
CA-2016-162222,353.567993164063,credit_card,6
CA-2016-162236,824.331970214844,credit_card,1
CA-2016-162313,49.6500015258789,credit_card,4
CA-2016-162348,174.949996948242,credit_card,4
CA-2016-162355,798.47998046875,debit_card,7
CA-2016-162383,250.64599609375,credit_card,2
CA-2016-162390,2032.94201660156,credit_card,3
CA-2016-162404,111.150001525879,debit_card,10
CA-2016-162614,24.4720001220703,credit_card,4
CA-2016-162726,124.680000305176,credit_card,1
CA-2016-162733,4.92799997329712,credit_card,2
CA-2016-162747,20.0160007476807,credit_card,1
CA-2016-162901,563.919982910156,credit_card,2
CA-2016-162943,41.7200012207031,credit_card,8
CA-2016-163048,7.96799993515015,credit_card,6
CA-2016-163153,133.223999023438,credit_card,2
CA-2016-163167,1707.7060546875,credit_card,3
CA-2016-163174,129.979995727539,credit_card,1
CA-2016-163202,194.848007202148,voucher,1
CA-2016-163216,1091.93005371094,credit_card,10
CA-2016-163328,473.537994384766,credit_card,7
CA-2016-163384,67.0080032348633,credit_card,3
CA-2016-163398,95.8880004882813,credit_card,6
CA-2016-163573,30.992000579834,credit_card,6
CA-2016-163594,146.061996459961,credit_card,4
CA-2016-163636,11.539999961853,credit_card,10
CA-2016-163755,2.30399990081787,credit_card,6
CA-2016-163776,1734.04895019531,debit_card,6
CA-2016-163804,283.455993652344,credit_card,3
CA-2016-163937,35.2319984436035,debit_card,1
CA-2016-163951,591.320007324219,credit_card,1
CA-2016-163972,54.1920013427734,credit_card,8
CA-2016-163986,48.7840003967285,debit_card,3
CA-2016-164035,32.0400009155273,credit_card,4
CA-2016-164154,58.1940002441406,credit_card,2
CA-2016-164399,1425.14001464844,credit_card,3
CA-2016-164483,755.960021972656,debit_card,5
CA-2016-164490,37.6800003051758,credit_card,7
CA-2016-164511,101.263999938965,voucher,6
CA-2016-164574,894.52001953125,debit_card,1
CA-2016-164637,43.5120010375977,credit_card,4
CA-2016-164672,64.8639984130859,credit_card,10
CA-2016-164735,9.98999977111816,debit_card,2
CA-2016-164770,6.13199996948242,credit_card,2
CA-2016-164784,749.883972167969,credit_card,5
CA-2016-164889,965.849975585938,credit_card,4
CA-2016-164896,307.980010986328,credit_card,1
CA-2016-164924,853.091979980469,credit_card,2
CA-2016-164938,15.2600002288818,credit_card,17
CA-2016-165015,51.5880012512207,credit_card,7
CA-2016-165148,1439.96801757813,debit_card,5
CA-2016-165169,249.983993530273,credit_card,1
CA-2016-165218,149.929992675781,credit_card,8
CA-2016-165316,596.906005859375,credit_card,4
CA-2016-165330,1360.46801757813,credit_card,8
CA-2016-165484,267.428009033203,debit_card,2
CA-2016-165561,42.6160011291504,credit_card,5
CA-2016-165820,61.9599990844727,credit_card,4
CA-2016-165827,2799.9599609375,credit_card,8
CA-2016-165848,121.547996520996,credit_card,1
CA-2016-165918,626.833984375,credit_card,3
CA-2016-165995,172.149993896484,credit_card,1
CA-2016-166163,469.950012207031,credit_card,3
CA-2016-166226,1109.81994628906,debit_card,5
CA-2016-166240,159.839996337891,credit_card,8
CA-2016-166275,489.920013427734,credit_card,2
CA-2016-166282,232.559997558594,credit_card,10
CA-2016-166373,258.899993896484,credit_card,6
CA-2016-166380,20.7229995727539,debit_card,2
CA-2016-166429,4.78800010681152,credit_card,10
CA-2016-166443,19.3600006103516,credit_card,2
CA-2016-166618,134.108001708984,credit_card,10
CA-2016-166625,83.9000015258789,credit_card,2
CA-2016-166653,45.2480010986328,credit_card,6
CA-2016-166674,1933.53796386719,debit_card,5
CA-2016-166772,248.080001831055,credit_card,3
CA-2016-166912,433.567993164063,voucher,1
CA-2016-167115,501.809997558594,debit_card,5
CA-2016-167241,513.335998535156,credit_card,1
CA-2016-167290,498,credit_card,10
CA-2016-167416,84.8399963378906,credit_card,5
CA-2016-167507,147.067993164063,voucher,2
CA-2016-167556,723.900024414063,credit_card,5
CA-2016-167584,39.8800010681152,credit_card,2
CA-2016-167605,141.552001953125,credit_card,3
CA-2016-167682,89.3639984130859,credit_card,8
CA-2016-167759,4.60799980163574,credit_card,3
CA-2016-167983,1345.48498535156,credit_card,3
CA-2016-168032,1063.30004882813,credit_card,2
CA-2016-168046,1015.833984375,credit_card,1
CA-2016-168081,14.7600002288818,debit_card,1
CA-2016-168354,200.376007080078,debit_card,4
CA-2016-168361,258.575988769531,credit_card,2
CA-2016-168536,25.6319999694824,credit_card,1
CA-2016-168543,383.43798828125,debit_card,5
CA-2016-168557,1294.75,debit_card,2
CA-2016-168753,154.399993896484,credit_card,1
CA-2016-168774,219.184005737305,credit_card,5
CA-2016-168830,182.940002441406,debit_card,1
CA-2016-168844,1090.26794433594,debit_card,5
CA-2016-168893,290.428009033203,credit_card,8
CA-2016-168921,49.7599983215332,credit_card,3
CA-2016-168956,521.68798828125,credit_card,3
CA-2016-169026,17.4799995422363,credit_card,8
CA-2016-169103,1538.82995605469,debit_card,3
CA-2016-169166,563.807983398438,credit_card,1
CA-2016-169194,115.503997802734,credit_card,1
CA-2016-169215,87.8000030517578,credit_card,4
CA-2016-169334,65.5,credit_card,8
CA-2016-169663,101.51000213623,credit_card,4
CA-2016-169670,53.3400001525879,credit_card,2
CA-2016-169824,229.580001831055,credit_card,4
CA-2016-169838,61.7599983215332,credit_card,10
CA-2016-169887,112.139999389648,credit_card,2
CA-2016-169922,639.065979003906,credit_card,1
CA-2016-169943,389.847991943359,credit_card,4
CA-2016-169957,97.1760025024414,debit_card,6
CA-2016-169971,36.0200004577637,credit_card,4
CA-2017-100013,484.824005126953,credit_card,5
CA-2017-100055,120.23999786377,credit_card,2
CA-2017-100097,711.306030273438,credit_card,8
CA-2017-100111,2805.65600585938,credit_card,2
CA-2017-100160,70.1399993896484,credit_card,9
CA-2017-100202,217.055999755859,credit_card,8
CA-2017-100223,1492.89904785156,voucher,2
CA-2017-100230,1930.33605957031,debit_card,4
CA-2017-100237,51.7999992370605,credit_card,1
CA-2017-100314,1116.90002441406,voucher,1
CA-2017-100335,103.968002319336,credit_card,3
CA-2017-100356,272.940002441406,credit_card,3
CA-2017-100384,117.396003723145,debit_card,2
CA-2017-100412,69.9300003051758,credit_card,6
CA-2017-100426,31.7759990692139,credit_card,7
CA-2017-100433,45.3600006103516,debit_card,2
CA-2017-100524,32.0099983215332,credit_card,8
CA-2017-100601,45.0400009155273,credit_card,1
CA-2017-100615,2714.93408203125,credit_card,8
CA-2017-100622,622.711975097656,credit_card,3
CA-2017-100636,84.9899978637695,debit_card,5
CA-2017-100650,87.5400009155273,credit_card,10
CA-2017-100748,70.0080032348633,credit_card,2
CA-2017-100783,69.5199966430664,credit_card,1
CA-2017-100811,63.2459983825684,debit_card,6
CA-2017-100902,94.0999984741211,credit_card,3
CA-2017-100951,99.6959991455078,debit_card,2
CA-2017-101042,522.799987792969,debit_card,10
CA-2017-101049,395.511993408203,credit_card,5
CA-2017-101077,259.739990234375,credit_card,4
CA-2017-101182,470.592010498047,credit_card,5
CA-2017-101210,374.436004638672,credit_card,1
CA-2017-101245,92.5319976806641,credit_card,8
CA-2017-101273,15.5699996948242,credit_card,6
CA-2017-101308,371.127990722656,credit_card,2
CA-2017-101322,104.980003356934,credit_card,1
CA-2017-101434,1195.93798828125,debit_card,2
CA-2017-101483,554.47998046875,credit_card,6
CA-2017-101574,27.4200000762939,credit_card,10
CA-2017-101581,185.580001831055,credit_card,2
CA-2017-101637,1252.70397949219,debit_card,1
CA-2017-101665,99.9800033569336,credit_card,7
CA-2017-101700,18.3840007781982,credit_card,10
CA-2017-101728,297.549987792969,credit_card,10
CA-2017-101749,14.9799995422363,credit_card,1
CA-2017-101798,67.2399978637695,credit_card,1
CA-2017-101805,2638.75610351563,credit_card,3
CA-2017-102099,151.848007202148,debit_card,10
CA-2017-102155,102.823997497559,credit_card,4
CA-2017-102197,409.253997802734,credit_card,10
CA-2017-102204,1339.32800292969,debit_card,1
CA-2017-102267,272.609985351563,credit_card,10
CA-2017-102309,619.997985839844,credit_card,4
CA-2017-102337,62.8160018920898,credit_card,2
CA-2017-102379,318.290008544922,credit_card,4
CA-2017-102407,169.451995849609,credit_card,4
CA-2017-102414,150.712005615234,credit_card,15
CA-2017-102519,325.503997802734,credit_card,2
CA-2017-102554,18.0879993438721,credit_card,2
CA-2017-102610,607.495971679688,credit_card,2
CA-2017-102659,5.21999979019165,credit_card,8
CA-2017-102729,85.9000015258789,credit_card,1
CA-2017-102736,515.840026855469,credit_card,1
CA-2017-102750,26.7999992370605,credit_card,2
CA-2017-102771,12.9399995803833,credit_card,8
CA-2017-102820,10.3039999008179,credit_card,10
CA-2017-102834,155.350006103516,credit_card,5
CA-2017-102925,4117.419921875,credit_card,5
CA-2017-102946,323.981994628906,credit_card,1
CA-2017-102967,31.5599994659424,credit_card,1
CA-2017-103009,328.589996337891,debit_card,10
CA-2017-103065,378.630004882813,credit_card,5
CA-2017-103156,47.4000015258789,credit_card,10
CA-2017-103212,1052.16796875,credit_card,2
CA-2017-103352,456.589996337891,credit_card,2
CA-2017-103380,219.294006347656,credit_card,8
CA-2017-103415,663.919982910156,credit_card,6
CA-2017-103443,260.835998535156,credit_card,2
CA-2017-103478,251.022003173828,credit_card,4
CA-2017-103499,1117.92004394531,credit_card,4
CA-2017-103506,56.2999992370605,credit_card,3
CA-2017-103520,4.8600001335144,debit_card,4
CA-2017-103611,856.656005859375,credit_card,1
CA-2017-103765,199.75,credit_card,2
CA-2017-103877,22.7040004730225,debit_card,1
CA-2017-103968,37.6599998474121,debit_card,1
CA-2017-104003,831.200012207031,credit_card,8
CA-2017-104010,14.3999996185303,credit_card,4
CA-2017-104066,2.30399990081787,credit_card,1
CA-2017-104080,50.3380012512207,credit_card,2
CA-2017-104108,171.039993286133,credit_card,3
CA-2017-104136,198.876007080078,credit_card,2
CA-2017-104220,722.856018066406,debit_card,2
CA-2017-104318,83.4199981689453,credit_card,9
CA-2017-104381,28,credit_card,1
CA-2017-104388,18.2880001068115,debit_card,1
CA-2017-104577,599.900024414063,credit_card,5
CA-2017-104619,277.171997070313,debit_card,1
CA-2017-104640,16.0799999237061,debit_card,5
CA-2017-104647,217.764007568359,credit_card,6
CA-2017-104731,2542.50805664063,credit_card,10
CA-2017-104745,134.656005859375,credit_card,5
CA-2017-104801,1211.083984375,credit_card,4
CA-2017-104822,50.4959983825684,credit_card,1
CA-2017-104850,662.880004882813,credit_card,1
CA-2017-104864,98.6119995117188,credit_card,1
CA-2017-104885,724.89599609375,debit_card,3
CA-2017-104906,30.8700008392334,debit_card,1
CA-2017-104913,7.92000007629395,credit_card,10
CA-2017-104927,265.989990234375,credit_card,8
CA-2017-105053,14.9399995803833,credit_card,3
CA-2017-105074,621.760009765625,credit_card,1
CA-2017-105130,63.9799995422363,credit_card,1
CA-2017-105144,99.9800033569336,credit_card,4
CA-2017-105193,106.869003295898,credit_card,8
CA-2017-105214,74.5019989013672,voucher,1
CA-2017-105235,40.0419998168945,credit_card,8
CA-2017-105326,19.7999992370605,credit_card,1
CA-2017-105333,151.552001953125,credit_card,6
CA-2017-105410,437.928009033203,credit_card,2
CA-2017-105445,1.52400004863739,credit_card,5
CA-2017-105480,126.53800201416,credit_card,1
CA-2017-105487,1871.10803222656,credit_card,8
CA-2017-105543,27.9680004119873,credit_card,10
CA-2017-105620,106.111999511719,credit_card,3
CA-2017-105669,90.0780029296875,credit_card,4
CA-2017-105809,281.967987060547,credit_card,1
CA-2017-105823,892.223999023438,credit_card,3
CA-2017-105851,78.5999984741211,credit_card,12
CA-2017-105886,389.970001220703,credit_card,6
CA-2017-105914,85.6640014648438,credit_card,2
CA-2017-105921,37.7400016784668,credit_card,4
CA-2017-105991,854.776000976563,credit_card,10
CA-2017-106033,383.951995849609,credit_card,1
CA-2017-106047,13.039999961853,credit_card,6
CA-2017-106068,2394.28100585938,credit_card,6
CA-2017-106103,7.92000007629395,credit_card,10
CA-2017-106180,414.368011474609,credit_card,3
CA-2017-106355,84.4160003662109,credit_card,2
CA-2017-106432,924.682006835938,credit_card,2
CA-2017-106537,12.1440000534058,credit_card,8
CA-2017-106691,99.568000793457,debit_card,3
CA-2017-106747,26.3799991607666,credit_card,10
CA-2017-106782,5.28000020980835,credit_card,2
CA-2017-106824,163.764007568359,credit_card,10
CA-2017-106831,41.7039985656738,credit_card,2
CA-2017-106852,240.339996337891,credit_card,2
CA-2017-106859,232.332000732422,credit_card,1
CA-2017-106943,36.2700004577637,credit_card,3
CA-2017-106964,32.4000015258789,debit_card,4
CA-2017-107125,364.100006103516,debit_card,10
CA-2017-107132,250.533996582031,credit_card,2
CA-2017-107167,255.983993530273,credit_card,1
CA-2017-107174,980.260009765625,credit_card,3
CA-2017-107209,42.810001373291,credit_card,1
CA-2017-107244,2.20199990272522,credit_card,2
CA-2017-107265,6.40799999237061,credit_card,2
CA-2017-107293,3.98399996757507,debit_card,3
CA-2017-107314,219.839996337891,credit_card,1
CA-2017-107321,217.817993164063,debit_card,10
CA-2017-107342,21.9599990844727,credit_card,7
CA-2017-107461,9.97999954223633,debit_card,2
CA-2017-107503,748.752014160156,credit_card,2
CA-2017-107517,573.650024414063,credit_card,2
CA-2017-107552,13.9799995422363,debit_card,4
CA-2017-107629,944.018005371094,credit_card,10
CA-2017-107713,108.335998535156,credit_card,1
CA-2017-107720,64.9599990844727,credit_card,1
CA-2017-107727,37.3199996948242,credit_card,1
CA-2017-107748,52.5660018920898,credit_card,1
CA-2017-107797,79.5120010375977,credit_card,2
CA-2017-107825,1319.9599609375,credit_card,4
CA-2017-107853,20.6399993896484,credit_card,4
CA-2017-107874,131.979995727539,credit_card,2
CA-2017-107909,776.849975585938,credit_card,4
CA-2017-107958,180.664001464844,credit_card,2
CA-2017-107986,96.0800018310547,credit_card,4
CA-2017-108000,159.559997558594,credit_card,6
CA-2017-108035,364.519989013672,credit_card,2
CA-2017-108070,663.872985839844,credit_card,10
CA-2017-108091,358.579986572266,credit_card,3
CA-2017-108112,123.732002258301,credit_card,6
CA-2017-108287,38.8800010681152,credit_card,4
CA-2017-108294,12.960000038147,debit_card,2
CA-2017-108322,621.142028808594,credit_card,3
CA-2017-108329,29.7800006866455,credit_card,4
CA-2017-108441,621.607971191406,credit_card,3
CA-2017-108539,188.927993774414,debit_card,3
CA-2017-108553,327.664001464844,credit_card,4
CA-2017-108560,500.707000732422,credit_card,8
CA-2017-108574,243.809997558594,credit_card,4
CA-2017-108749,68.2440032958984,credit_card,10
CA-2017-108791,178.302001953125,credit_card,1
CA-2017-108854,117.431999206543,debit_card,3
CA-2017-108910,33.4000015258789,credit_card,4
CA-2017-108931,650.200012207031,credit_card,10
CA-2017-109085,579.580017089844,credit_card,3
CA-2017-109099,36.7379989624023,credit_card,1
CA-2017-109183,38.8800010681152,credit_card,3
CA-2017-109211,17.0400009155273,voucher,1
CA-2017-109393,309.575988769531,voucher,4
CA-2017-109589,32.4000015258789,credit_card,1
CA-2017-109701,1468.83801269531,credit_card,2
CA-2017-109715,16.5200004577637,credit_card,1
CA-2017-109750,6.67999982833862,credit_card,2
CA-2017-109757,901.872009277344,credit_card,2
CA-2017-109778,7.38000011444092,debit_card,8
CA-2017-109946,194.699996948242,credit_card,8
CA-2017-109960,645.473022460938,credit_card,10
CA-2017-110198,205.600006103516,credit_card,3
CA-2017-110212,1801.63195800781,debit_card,2
CA-2017-110310,483.648010253906,credit_card,2
CA-2017-110373,303.235992431641,credit_card,8
CA-2017-110380,256.783996582031,credit_card,10
CA-2017-110429,73.3600006103516,debit_card,2
CA-2017-110443,730.101989746094,debit_card,8
CA-2017-110478,95.2480010986328,credit_card,5
CA-2017-110625,13.2799997329712,credit_card,4
CA-2017-110821,136.171997070313,credit_card,1
CA-2017-110842,1474.26000976563,credit_card,10
CA-2017-110884,25.6800003051758,credit_card,2
CA-2017-110905,4052.330078125,credit_card,10
CA-2017-110926,19.75,credit_card,2
CA-2017-110940,32.8959999084473,debit_card,4
CA-2017-111178,15.9200000762939,credit_card,6
CA-2017-111220,665.539978027344,credit_card,8
CA-2017-111262,229.143997192383,credit_card,10
CA-2017-111269,458.640014648438,credit_card,1
CA-2017-111332,1114.94201660156,credit_card,2
CA-2017-111374,4.40999984741211,credit_card,4
CA-2017-111388,26.8799991607666,credit_card,10
CA-2017-111556,689.523986816406,credit_card,2
CA-2017-111577,34.7599983215332,credit_card,4
CA-2017-111591,111.599998474121,credit_card,2
CA-2017-111647,8.85000038146973,credit_card,2
CA-2017-111689,67.2699966430664,credit_card,4
CA-2017-111717,215.591995239258,credit_card,3
CA-2017-111738,76.9120025634766,debit_card,1
CA-2017-111759,67.7099990844727,credit_card,8
CA-2017-111808,36.4000015258789,credit_card,2
CA-2017-111815,383.920013427734,credit_card,3
CA-2017-112004,74.3079986572266,credit_card,2
CA-2017-112039,43.8720016479492,credit_card,4
CA-2017-112333,260.059997558594,credit_card,8
CA-2017-112431,52.5880012512207,debit_card,5
CA-2017-112473,8.0959997177124,credit_card,2
CA-2017-112515,992.193969726563,credit_card,1
CA-2017-112529,89.5,credit_card,5
CA-2017-112536,249.516006469727,credit_card,2
CA-2017-112725,1038.3759765625,credit_card,4
CA-2017-112753,70.8899993896484,credit_card,4
CA-2017-112774,19.8600006103516,credit_card,1
CA-2017-112809,71.3639984130859,credit_card,8
CA-2017-112844,227.320007324219,credit_card,10
CA-2017-112865,104.580001831055,voucher,4
CA-2017-112900,40.9700012207031,credit_card,4
CA-2017-112956,84.3560028076172,credit_card,8
CA-2017-112984,19.6480007171631,voucher,3
CA-2017-113075,10.710000038147,credit_card,4
CA-2017-113208,6.46400022506714,credit_card,2
CA-2017-113278,2117.205078125,credit_card,10
CA-2017-113355,4673.39990234375,credit_card,6
CA-2017-113453,37.4599990844727,credit_card,3
CA-2017-113460,25.3439998626709,debit_card,1
CA-2017-113474,19.5359992980957,credit_card,7
CA-2017-113481,631.840026855469,credit_card,1
CA-2017-113530,662.640014648438,credit_card,4
CA-2017-113558,70.015998840332,credit_card,2
CA-2017-113670,517.6240234375,credit_card,2
CA-2017-113705,2151.07495117188,credit_card,10
CA-2017-113873,1376.63403320313,credit_card,3
CA-2017-113908,306.940002441406,credit_card,4
CA-2017-114055,188.613998413086,credit_card,10
CA-2017-114216,242.623992919922,credit_card,3
CA-2017-114258,1322.93005371094,credit_card,2
CA-2017-114370,1001.583984375,credit_card,2
CA-2017-114412,250.259994506836,credit_card,12
CA-2017-114440,89.568000793457,credit_card,2
CA-2017-114552,876.299987792969,credit_card,10
CA-2017-114636,370.619995117188,debit_card,1
CA-2017-114804,239.960006713867,debit_card,2
CA-2017-115070,14.0959997177124,credit_card,10
CA-2017-115105,1119.98400878906,credit_card,1
CA-2017-115119,919.539978027344,credit_card,4
CA-2017-115175,330.588012695313,credit_card,4
CA-2017-115322,1640.69995117188,credit_card,1
CA-2017-115448,17.1200008392334,credit_card,10
CA-2017-115546,12.4680004119873,debit_card,5
CA-2017-115602,302.809997558594,credit_card,6
CA-2017-115651,26.7520008087158,credit_card,3
CA-2017-115777,51.6479988098145,credit_card,3
CA-2017-115805,17.0879993438721,credit_card,2
CA-2017-115882,462.611999511719,credit_card,3
CA-2017-115931,1138.97998046875,credit_card,1
CA-2017-115994,76.5439987182617,debit_card,1
CA-2017-116113,39.6240005493164,credit_card,3
CA-2017-116204,146.759994506836,credit_card,10
CA-2017-116225,89.9700012207031,credit_card,1
CA-2017-116288,8.61999988555908,credit_card,1
CA-2017-116358,38.4879989624023,credit_card,5
CA-2017-116498,71.9759979248047,credit_card,3
CA-2017-116519,52.5120010375977,credit_card,4
CA-2017-116645,344.220001220703,credit_card,10
CA-2017-116680,53.8499984741211,credit_card,2
CA-2017-116715,307.447998046875,debit_card,10
CA-2017-116855,8.35200023651123,credit_card,1
CA-2017-116939,41.3699989318848,credit_card,4
CA-2017-116946,924.210021972656,credit_card,10
CA-2017-116953,58.4640007019043,credit_card,1
CA-2017-116988,409.869995117188,credit_card,2
CA-2017-117009,36.4000015258789,voucher,3
CA-2017-117023,366.059997558594,credit_card,5
CA-2017-117044,41.7840003967285,credit_card,2
CA-2017-117079,70.9800033569336,credit_card,2
CA-2017-117114,180.179992675781,credit_card,7
CA-2017-117128,1579.03601074219,credit_card,2
CA-2017-117156,307.980010986328,credit_card,3
CA-2017-117198,51.1839981079102,credit_card,10
CA-2017-117212,2094.6279296875,debit_card,2
CA-2017-117240,454.559997558594,debit_card,10
CA-2017-117261,10.5600004196167,credit_card,8
CA-2017-117324,553.218994140625,credit_card,4
CA-2017-117394,273.665985107422,credit_card,2
CA-2017-117401,666.330017089844,credit_card,4
CA-2017-117422,5014.94384765625,credit_card,1
CA-2017-117436,191.975997924805,credit_card,8
CA-2017-117443,307.272003173828,credit_card,10
CA-2017-117457,881.364013671875,credit_card,5
CA-2017-117485,33.4879989624023,debit_card,2
CA-2017-117513,244.005996704102,debit_card,2
CA-2017-117632,407.536010742188,credit_card,7
CA-2017-117646,2302.76000976563,credit_card,10
CA-2017-117667,487.493988037109,credit_card,2
CA-2017-117695,12.1800003051758,debit_card,1
CA-2017-117702,853.781982421875,credit_card,3
CA-2017-117807,59.9939994812012,credit_card,4
CA-2017-117821,16.5599994659424,credit_card,4
CA-2017-117863,168.350006103516,credit_card,1
CA-2017-117870,687.280029296875,credit_card,2
CA-2017-117933,801.567993164063,debit_card,10
CA-2017-117947,1437.21997070313,credit_card,4
CA-2017-118003,97.4240036010742,credit_card,5
CA-2017-118017,1029.08203125,credit_card,2
CA-2017-118122,659.969970703125,credit_card,10
CA-2017-118136,54.3359985351563,debit_card,1
CA-2017-118199,546.924011230469,credit_card,10
CA-2017-118213,215.160003662109,credit_card,4
CA-2017-118360,40.6800003051758,credit_card,1
CA-2017-118367,353.567993164063,debit_card,4
CA-2017-118402,44.4000015258789,credit_card,2
CA-2017-118437,14.2720003128052,credit_card,7
CA-2017-118521,5.55999994277954,debit_card,3
CA-2017-118542,46.1399993896484,credit_card,10
CA-2017-118577,405.463989257813,credit_card,6
CA-2017-118640,502.619995117188,debit_card,4
CA-2017-118668,435.167999267578,debit_card,2
CA-2017-118724,96.3099975585938,debit_card,1
CA-2017-118731,168.636001586914,credit_card,1
CA-2017-118857,60.8639984130859,credit_card,10
CA-2017-118864,71.9759979248047,credit_card,2
CA-2017-118885,615.536010742188,credit_card,5
CA-2017-118892,124.199996948242,credit_card,1
CA-2017-119004,8682.916015625,credit_card,1
CA-2017-119011,745.995971679688,credit_card,1
CA-2017-119193,1326.86999511719,credit_card,3
CA-2017-119284,3245.31201171875,credit_card,5
CA-2017-119305,7.15999984741211,credit_card,5
CA-2017-119389,85.0559997558594,credit_card,2
CA-2017-119424,85.620002746582,credit_card,2
CA-2017-119452,9.93599987030029,credit_card,4
CA-2017-119494,46.6720008850098,debit_card,10
CA-2017-119564,2003.92004394531,credit_card,4
CA-2017-119578,11.8000001907349,credit_card,1
CA-2017-119655,98.879997253418,credit_card,5
CA-2017-119746,145.639999389648,credit_card,3
CA-2017-119809,1365.61596679688,credit_card,3
CA-2017-120019,9.76799964904785,credit_card,1
CA-2017-120061,91.6800003051758,credit_card,8
CA-2017-120168,280.977996826172,credit_card,3
CA-2017-120222,326.303985595703,credit_card,10
CA-2017-120327,31.9200000762939,debit_card,2
CA-2017-120376,468.816009521484,credit_card,3
CA-2017-120404,198.546005249023,credit_card,8
CA-2017-120614,112.648002624512,credit_card,1
CA-2017-120705,242.940002441406,credit_card,4
CA-2017-120719,123.919998168945,credit_card,5
CA-2017-120761,201.583999633789,credit_card,2
CA-2017-120894,332.940002441406,credit_card,2
CA-2017-120936,19.2019996643066,credit_card,2
CA-2017-120999,837.599975585938,credit_card,2
CA-2017-121027,546.801025390625,debit_card,2
CA-2017-121048,581.153991699219,debit_card,1
CA-2017-121083,384.368011474609,credit_card,3
CA-2017-121125,457.533996582031,credit_card,8
CA-2017-121160,176.544006347656,credit_card,1
CA-2017-121195,15.5520000457764,credit_card,1
CA-2017-121216,54.9059982299805,credit_card,2
CA-2017-121258,189.384002685547,credit_card,1
CA-2017-121293,454.463989257813,credit_card,1
CA-2017-121300,204.089996337891,credit_card,5
CA-2017-121314,60.810001373291,credit_card,4
CA-2017-121398,322.690002441406,credit_card,2
CA-2017-121412,86.3519973754883,credit_card,1
CA-2017-121419,267.709991455078,credit_card,4
CA-2017-121468,26.1599998474121,debit_card,3
CA-2017-121489,2345.75,credit_card,8
CA-2017-121503,82.6480026245117,credit_card,2
CA-2017-121538,170.057998657227,credit_card,2
CA-2017-121615,462,credit_card,3
CA-2017-121643,64.7839965820313,credit_card,1
CA-2017-121678,683.331970214844,credit_card,3
CA-2017-121706,19.4400005340576,credit_card,3
CA-2017-121741,883.919982910156,debit_card,10
CA-2017-121790,1155.5634765625,credit_card,2
CA-2017-121804,1487.0400390625,credit_card,1
CA-2017-121818,266.760009765625,credit_card,2
CA-2017-121839,211.960006713867,credit_card,2
CA-2017-121853,1645.59997558594,credit_card,4
CA-2017-121888,1588.94104003906,credit_card,3
CA-2017-121909,689.408020019531,credit_card,2
CA-2017-122007,44.6699981689453,credit_card,10
CA-2017-122028,5.94000005722046,credit_card,10
CA-2017-122035,2280.52392578125,debit_card,8
CA-2017-122056,8.92800045013428,credit_card,3
CA-2017-122077,509.343994140625,credit_card,5
CA-2017-122105,108.783996582031,credit_card,10
CA-2017-122112,20.7360000610352,debit_card,3
CA-2017-122154,1496.82995605469,debit_card,1
CA-2017-122175,567.463989257813,voucher,1
CA-2017-122196,3.75999999046326,credit_card,2
CA-2017-122280,10.3680000305176,credit_card,5
CA-2017-122308,59.9700012207031,credit_card,2
CA-2017-122364,81.9599990844727,debit_card,2
CA-2017-122490,131.876007080078,credit_card,6
CA-2017-122504,477.753997802734,credit_card,2
CA-2017-122539,92.7200012207031,credit_card,8
CA-2017-122595,989.916015625,credit_card,10
CA-2017-122644,133.712005615234,credit_card,2
CA-2017-122693,698.351989746094,credit_card,4
CA-2017-122700,754.450012207031,credit_card,1
CA-2017-122707,764.68798828125,credit_card,5
CA-2017-122735,55.7200012207031,credit_card,4
CA-2017-122763,93.7919998168945,credit_card,2
CA-2017-122770,730.455993652344,credit_card,1
CA-2017-122798,78.6399993896484,debit_card,6
CA-2017-122945,119.940002441406,credit_card,2
CA-2017-122987,44.4379997253418,credit_card,8
CA-2017-122994,198.460006713867,credit_card,10
CA-2017-123001,314.5,credit_card,2
CA-2017-123022,6.56799983978271,credit_card,5
CA-2017-123029,10.8000001907349,credit_card,8
CA-2017-123036,270.943206787109,credit_card,7
CA-2017-123043,300.552001953125,credit_card,10
CA-2017-123071,17.2479991912842,credit_card,2
CA-2017-123085,312.696014404297,credit_card,7
CA-2017-123134,3.48000001907349,credit_card,10
CA-2017-123239,22.1399993896484,credit_card,3
CA-2017-123246,54.992000579834,credit_card,3
CA-2017-123351,184.660003662109,credit_card,2
CA-2017-123372,848.669982910156,debit_card,2
CA-2017-123491,1035.52001953125,credit_card,3
CA-2017-123624,322.589996337891,credit_card,5
CA-2017-123638,3.2039999961853,credit_card,7
CA-2017-123659,76.8639984130859,credit_card,1
CA-2017-123687,322.799987792969,debit_card,7
CA-2017-123701,8.72000026702881,credit_card,8
CA-2017-123778,229.876007080078,credit_card,4
CA-2017-123967,351.528015136719,credit_card,1
CA-2017-123981,146.352005004883,credit_card,1
CA-2017-124086,6.99200010299683,credit_card,4
CA-2017-124114,29.6000003814697,credit_card,1
CA-2017-124191,37.5200004577637,credit_card,9
CA-2017-124205,177.951995849609,credit_card,8
CA-2017-124261,328.589996337891,credit_card,10
CA-2017-124296,235.720001220703,credit_card,1
CA-2017-124401,28.1919994354248,credit_card,1
CA-2017-124436,168.869995117188,credit_card,1
CA-2017-124576,1325.76000976563,debit_card,5
CA-2017-124597,53.2719993591309,credit_card,5
CA-2017-124674,1718.40002441406,voucher,6
CA-2017-124716,1696.22802734375,credit_card,8
CA-2017-124744,43.5940017700195,credit_card,2
CA-2017-124765,400.032012939453,credit_card,1
CA-2017-124828,344.910003662109,credit_card,2
CA-2017-124898,299.970001220703,credit_card,10
CA-2017-124940,333.575988769531,credit_card,2
CA-2017-125101,659.168029785156,credit_card,8
CA-2017-125115,1369.81799316406,credit_card,6
CA-2017-125199,393.950012207031,credit_card,5
CA-2017-125269,66.713996887207,credit_card,3
CA-2017-125290,38.3940010070801,credit_card,4
CA-2017-125367,2.72399997711182,credit_card,8
CA-2017-125381,9.21599960327148,credit_card,10
CA-2017-125388,444.779998779297,credit_card,3
CA-2017-125451,711.861999511719,credit_card,3
CA-2017-125472,1286.47998046875,credit_card,1
CA-2017-125640,70.463996887207,credit_card,1
CA-2017-125745,138,credit_card,2
CA-2017-125752,36.2879981994629,debit_card,1
CA-2017-125878,71.0879974365234,credit_card,10
CA-2017-125913,90.4240036010742,credit_card,5
CA-2017-125990,98.3519973754883,credit_card,10
CA-2017-126046,3.32800006866455,credit_card,10
CA-2017-126067,237.955993652344,credit_card,4
CA-2017-126074,393.268005371094,credit_card,10
CA-2017-126123,310.920013427734,credit_card,7
CA-2017-126144,5.2480001449585,credit_card,2
CA-2017-126221,45.6599998474121,credit_card,2
CA-2017-126242,294.944000244141,credit_card,2
CA-2017-126354,126.800003051758,credit_card,6
CA-2017-126396,10.9499998092651,voucher,3
CA-2017-126438,311.976013183594,credit_card,1
CA-2017-126536,405.209991455078,credit_card,3
CA-2017-126550,1.99600005149841,credit_card,3
CA-2017-126634,47.984001159668,credit_card,2
CA-2017-126662,17.0240001678467,credit_card,1
CA-2017-126718,204.666397094727,debit_card,2
CA-2017-126774,6.91200017929077,credit_card,1
CA-2017-126788,27.8819999694824,credit_card,5
CA-2017-126865,26.7199993133545,credit_card,2
CA-2017-126914,19.0699996948242,credit_card,1
CA-2017-126928,707.085998535156,credit_card,5
CA-2017-127026,355.002014160156,credit_card,8
CA-2017-127096,191.880004882813,credit_card,1
CA-2017-127117,544.380004882813,credit_card,9
CA-2017-127180,1742.94946289063,credit_card,6
CA-2017-127264,78.7590026855469,credit_card,2
CA-2017-127285,811.017028808594,credit_card,4
CA-2017-127306,1583.86804199219,debit_card,4
CA-2017-127313,45.6879997253418,credit_card,6
CA-2017-127397,1845.22998046875,credit_card,1
CA-2017-127432,865.609985351563,credit_card,1
CA-2017-127460,299.899993896484,credit_card,1
CA-2017-127474,642.382995605469,credit_card,5
CA-2017-127516,51.75,credit_card,10
CA-2017-127621,50.3520011901855,credit_card,1
CA-2017-127656,661.176025390625,credit_card,5
CA-2017-127705,1091.7919921875,credit_card,1
CA-2017-127712,1577.93994140625,credit_card,5
CA-2017-127726,56.5439987182617,credit_card,2
CA-2017-127782,307.571990966797,credit_card,5
CA-2017-127803,8.68200016021729,credit_card,5
CA-2017-127922,298.039001464844,credit_card,4
CA-2017-127929,10.3319997787476,debit_card,7
CA-2017-128041,1458.64001464844,credit_card,3
CA-2017-128076,135.848007202148,credit_card,8
CA-2017-128160,26.1359996795654,credit_card,10
CA-2017-128265,7.71199989318848,credit_card,10
CA-2017-128300,121.744003295898,credit_card,10
CA-2017-128363,980.426025390625,credit_card,3
CA-2017-128370,235.600006103516,credit_card,2
CA-2017-128426,282.839996337891,credit_card,2
CA-2017-128475,11.3280000686646,credit_card,2
CA-2017-128629,424.115997314453,credit_card,2
CA-2017-128699,29.8999996185303,credit_card,2
CA-2017-128734,431.970001220703,credit_card,5
CA-2017-128755,1806.19201660156,credit_card,5
CA-2017-128769,4.23999977111816,credit_card,10
CA-2017-128783,665.064025878906,credit_card,2
CA-2017-128853,45.6959991455078,credit_card,3
CA-2017-128944,109.068000793457,credit_card,1
CA-2017-128965,469.929992675781,credit_card,10
CA-2017-129000,11.539999961853,credit_card,1
CA-2017-129021,606.341979980469,credit_card,4
CA-2017-129028,241.175994873047,credit_card,5
CA-2017-129294,291.911987304688,credit_card,4
CA-2017-129357,30.7700004577637,credit_card,6
CA-2017-129378,509.390014648438,credit_card,1
CA-2017-129462,442.584014892578,credit_card,8
CA-2017-129490,165.279998779297,credit_card,1
CA-2017-129567,391.980010986328,credit_card,3
CA-2017-129581,271.764007568359,debit_card,2
CA-2017-129707,33.2820014953613,credit_card,2
CA-2017-129805,19.1359996795654,credit_card,3
CA-2017-129833,1073.00598144531,credit_card,8
CA-2017-129910,36.6300010681152,credit_card,8
CA-2017-130036,419.720001220703,credit_card,10
CA-2017-130043,34.2480010986328,credit_card,1
CA-2017-130106,990.143981933594,credit_card,8
CA-2017-130141,537.809997558594,credit_card,5
CA-2017-130148,632.533020019531,credit_card,5
CA-2017-130211,108.935997009277,credit_card,10
CA-2017-130302,8.72000026702881,credit_card,8
CA-2017-130309,107.772003173828,credit_card,10
CA-2017-130351,643.883972167969,credit_card,1
CA-2017-130386,167.580001831055,debit_card,8
CA-2017-130505,149.970001220703,credit_card,5
CA-2017-130526,21.1200008392334,credit_card,4
CA-2017-130631,51.2960014343262,credit_card,2
CA-2017-130715,449.100006103516,credit_card,1
CA-2017-130764,66.9179992675781,debit_card,1
CA-2017-130771,63.7999992370605,credit_card,3
CA-2017-130834,36.560001373291,credit_card,1
CA-2017-130841,189.300003051758,debit_card,1
CA-2017-130904,534.591979980469,credit_card,4
CA-2017-130967,791.963989257813,credit_card,5
CA-2017-131016,84.8600006103516,credit_card,5
CA-2017-131037,90.2399978637695,credit_card,8
CA-2017-131156,79.7799987792969,credit_card,3
CA-2017-131212,532.463989257813,credit_card,2
CA-2017-131233,78.9599990844727,credit_card,4
CA-2017-131282,814.820007324219,credit_card,2
CA-2017-131303,173.240005493164,credit_card,6
CA-2017-131366,211.559997558594,credit_card,5
CA-2017-131492,629.054016113281,credit_card,2
CA-2017-131618,33.0919990539551,credit_card,3
CA-2017-131625,116,credit_card,8
CA-2017-131632,14.6199998855591,credit_card,8
CA-2017-131653,136.259994506836,credit_card,1
CA-2017-131695,43.4259986877441,debit_card,8
CA-2017-131807,742.992004394531,credit_card,3
CA-2017-131828,32.4700012207031,credit_card,2
CA-2017-131954,1707.27600097656,credit_card,2
CA-2017-132122,13.710000038147,credit_card,1
CA-2017-132178,217.712005615234,credit_card,2
CA-2017-132185,373.440002441406,credit_card,1
CA-2017-132199,449.321990966797,credit_card,3
CA-2017-132213,80.1999969482422,credit_card,8
CA-2017-132234,168.464004516602,credit_card,8
CA-2017-132262,30.6599998474121,credit_card,5
CA-2017-132290,38.0400009155273,credit_card,8
CA-2017-132339,223.055999755859,credit_card,3
CA-2017-132346,841.567993164063,credit_card,4
CA-2017-132353,9.81999969482422,credit_card,5
CA-2017-132437,31.3600006103516,credit_card,4
CA-2017-132521,608.815979003906,credit_card,3
CA-2017-132584,10.1099996566772,credit_card,1
CA-2017-132619,261.739990234375,credit_card,6
CA-2017-132647,548.398010253906,credit_card,1
CA-2017-132682,433.903991699219,credit_card,10
CA-2017-132738,48.9119987487793,credit_card,8
CA-2017-132934,144.759994506836,credit_card,1
CA-2017-132955,35.7120018005371,credit_card,1
CA-2017-132976,419.100006103516,credit_card,3
CA-2017-133004,2.89000010490417,credit_card,2
CA-2017-133046,296.092010498047,debit_card,5
CA-2017-133067,45.2639999389648,credit_card,3
CA-2017-133074,12.960000038147,credit_card,2
CA-2017-133095,395.819000244141,credit_card,5
CA-2017-133102,291.231994628906,credit_card,1
CA-2017-133207,183.371994018555,debit_card,8
CA-2017-133235,199.960006713867,credit_card,1
CA-2017-133249,22.8479995727539,credit_card,3
CA-2017-133256,1201.31994628906,credit_card,9
CA-2017-133263,122.283996582031,credit_card,5
CA-2017-133333,73.3440017700195,credit_card,2
CA-2017-133431,115.879997253418,debit_card,2
CA-2017-133487,2799.9599609375,credit_card,9
CA-2017-133501,31.9599990844727,credit_card,8
CA-2017-133620,62.3520011901855,credit_card,2
CA-2017-133641,431.976013183594,credit_card,1
CA-2017-133648,216.783996582031,credit_card,4
CA-2017-133718,68.6159973144531,debit_card,8
CA-2017-133823,143.921997070313,credit_card,5
CA-2017-133865,6.15999984741211,debit_card,1
CA-2017-133928,431.976013183594,credit_card,2
CA-2017-134096,176.520004272461,credit_card,3
CA-2017-134152,1209.97204589844,voucher,1
CA-2017-134194,1414.38793945313,credit_card,3
CA-2017-134285,1396.75598144531,credit_card,1
CA-2017-134306,294.660003662109,credit_card,5
CA-2017-134404,314.273986816406,credit_card,6
CA-2017-134418,40.9900016784668,credit_card,2
CA-2017-134439,34.5800018310547,credit_card,10
CA-2017-134495,519.091979980469,credit_card,6
CA-2017-134565,2224.85595703125,voucher,7
CA-2017-134607,16,credit_card,1
CA-2017-134635,88.0800018310547,credit_card,2
CA-2017-134649,854.880004882813,credit_card,4
CA-2017-134796,242.352005004883,credit_card,6
CA-2017-134810,55.7280006408691,credit_card,6
CA-2017-134838,523.148986816406,credit_card,3
CA-2017-134845,325.015991210938,credit_card,3
CA-2017-134880,9.96000003814697,debit_card,10
CA-2017-134915,988.676025390625,credit_card,3
CA-2017-134978,1352.03198242188,credit_card,4
CA-2017-135034,40.1759986877441,credit_card,5
CA-2017-135069,55.9599990844727,credit_card,6
CA-2017-135076,123.255996704102,credit_card,6
CA-2017-135111,500.216003417969,debit_card,2
CA-2017-135167,11.0699996948242,credit_card,3
CA-2017-135279,968.166015625,debit_card,10
CA-2017-135307,32.2719993591309,voucher,1
CA-2017-135377,4.92000007629395,credit_card,8
CA-2017-135587,411.010009765625,credit_card,3
CA-2017-135650,19.3500003814697,credit_card,1
CA-2017-135692,618.903991699219,credit_card,2
CA-2017-135783,36.6240005493164,credit_card,8
CA-2017-135860,1561.35559082031,credit_card,1
CA-2017-135909,370.144012451172,credit_card,1
CA-2017-135937,1590.95202636719,credit_card,10
CA-2017-136000,100,credit_card,1
CA-2017-136007,223.639999389648,credit_card,2
CA-2017-136063,14.2559995651245,debit_card,1
CA-2017-136238,18.5400009155273,credit_card,1
CA-2017-136308,105.519996643066,credit_card,1
CA-2017-136350,371.503997802734,credit_card,2
CA-2017-136364,25.5970001220703,debit_card,4
CA-2017-136448,1097.64599609375,credit_card,2
CA-2017-136497,45.8400001525879,debit_card,1
CA-2017-136511,14.039999961853,debit_card,4
CA-2017-136539,136.503997802734,credit_card,10
CA-2017-136609,44.7840003967285,credit_card,2
CA-2017-136623,50.6399993896484,credit_card,2
CA-2017-136651,152.240005493164,credit_card,1
CA-2017-136672,37.6800003051758,credit_card,3
CA-2017-136826,6.23999977111816,credit_card,1
CA-2017-136875,310.119995117188,credit_card,7
CA-2017-136882,48.689998626709,credit_card,2
CA-2017-137001,18.5279998779297,debit_card,1
CA-2017-137022,31.5599994659424,credit_card,8
CA-2017-137085,1127.97595214844,credit_card,1
CA-2017-137099,91.9599990844727,credit_card,1
CA-2017-137323,33.568000793457,credit_card,3
CA-2017-137344,1040.80004882813,credit_card,6
CA-2017-137365,238,credit_card,5
CA-2017-137414,54.2480010986328,credit_card,10
CA-2017-137421,1287.44995117188,credit_card,4
CA-2017-137428,3187.34594726563,credit_card,5
CA-2017-137449,141.733993530273,credit_card,10
CA-2017-137456,11.9759998321533,credit_card,1
CA-2017-137470,161.567993164063,credit_card,10
CA-2017-137498,112.968002319336,credit_card,8
CA-2017-137505,109.949996948242,debit_card,1
CA-2017-137582,137.352005004883,debit_card,2
CA-2017-137596,2769.36010742188,debit_card,10
CA-2017-137624,6.98400020599365,debit_card,10
CA-2017-137631,15.2159996032715,credit_card,5
CA-2017-137785,39.8800010681152,debit_card,3
CA-2017-137876,66.2779998779297,credit_card,2
CA-2017-138149,1544.50402832031,credit_card,3
CA-2017-138156,21.9300003051758,credit_card,1
CA-2017-138163,99.9800033569336,credit_card,2
CA-2017-138289,412.888000488281,credit_card,1
CA-2017-138310,83.9520034790039,credit_card,7
CA-2017-138380,78.2720031738281,credit_card,1
CA-2017-138422,30.3840007781982,debit_card,9
CA-2017-138464,362.003997802734,credit_card,10
CA-2017-138548,19.9599990844727,credit_card,4
CA-2017-138611,716.143981933594,credit_card,5
CA-2017-138618,1454.90002441406,debit_card,2
CA-2017-138779,15.5839996337891,credit_card,10
CA-2017-138870,69.1999969482422,credit_card,5
CA-2017-138975,442.115997314453,credit_card,3
CA-2017-139080,1032.07202148438,credit_card,8
CA-2017-139199,730.744018554688,credit_card,1
CA-2017-139311,788.6240234375,credit_card,1
CA-2017-139353,601.702026367188,credit_card,10
CA-2017-139402,49.8800010681152,credit_card,3
CA-2017-139416,7.89599990844727,credit_card,3
CA-2017-139437,767.952026367188,credit_card,3
CA-2017-139444,723.919982910156,credit_card,3
CA-2017-139493,892.223999023438,credit_card,5
CA-2017-139619,4.36800003051758,credit_card,8
CA-2017-139661,19.4400005340576,credit_card,3
CA-2017-139717,52.5200004577637,credit_card,10
CA-2017-139773,16.6800003051758,credit_card,1
CA-2017-139787,46.5299987792969,credit_card,10
CA-2017-139822,990.918029785156,credit_card,2
CA-2017-139913,167.688003540039,credit_card,10
CA-2017-139948,4899.93017578125,credit_card,2
CA-2017-140053,65.568000793457,credit_card,2
CA-2017-140088,3.38000011444092,credit_card,5
CA-2017-140151,126.699996948242,credit_card,12
CA-2017-140186,1689.21801757813,credit_card,1
CA-2017-140242,602.627990722656,credit_card,3
CA-2017-140298,997.953979492188,credit_card,3
CA-2017-140326,405.067993164063,voucher,8
CA-2017-140480,117.664001464844,credit_card,2
CA-2017-140494,7.99200010299683,credit_card,1
CA-2017-140508,599.969970703125,credit_card,3
CA-2017-140515,40.7400016784668,credit_card,1
CA-2017-140536,8.27999973297119,credit_card,8
CA-2017-140585,104.113998413086,debit_card,2
CA-2017-140676,27.4799995422363,credit_card,1
CA-2017-140760,483.429992675781,credit_card,8
CA-2017-140781,12.960000038147,credit_card,7
CA-2017-140802,88.1880035400391,credit_card,3
CA-2017-140844,1161.93395996094,credit_card,1
CA-2017-140872,2270.97094726563,debit_card,10
CA-2017-140949,3806.13793945313,credit_card,7
CA-2017-140963,5293.5400390625,credit_card,5
CA-2017-141103,172.703994750977,debit_card,2
CA-2017-141117,1106.5400390625,credit_card,5
CA-2017-141138,4.73000001907349,credit_card,10
CA-2017-141201,12.9569997787476,credit_card,10
CA-2017-141425,6.74399995803833,credit_card,7
CA-2017-141439,1593.59204101563,credit_card,2
CA-2017-141446,101.519996643066,debit_card,6
CA-2017-141481,22.3680000305176,credit_card,4
CA-2017-141572,1.44000005722046,credit_card,3
CA-2017-141614,82.6559982299805,credit_card,4
CA-2017-141663,95.9700012207031,credit_card,4
CA-2017-141705,10.1599998474121,credit_card,10
CA-2017-141719,1399.93005371094,credit_card,1
CA-2017-141733,491.418487548828,debit_card,2
CA-2017-141747,9.53999996185303,credit_card,4
CA-2017-141782,12.8800001144409,debit_card,3
CA-2017-141873,1011.75,credit_card,10
CA-2017-141929,115.879997253418,credit_card,3
CA-2017-141992,300.579986572266,credit_card,2
CA-2017-142034,173.483993530273,debit_card,1
CA-2017-142090,33.431999206543,credit_card,7
CA-2017-142125,184.067993164063,credit_card,2
CA-2017-142174,287.910003662109,credit_card,5
CA-2017-142293,2591.56005859375,credit_card,5
CA-2017-142328,1317.49194335938,credit_card,8
CA-2017-142342,551.234008789063,credit_card,1
CA-2017-142461,705.544006347656,credit_card,2
CA-2017-142489,221.024002075195,credit_card,4
CA-2017-142622,951.393981933594,credit_card,8
CA-2017-142636,291.369995117188,credit_card,3
CA-2017-142643,157.031997680664,voucher,10
CA-2017-142671,241.5,debit_card,1
CA-2017-142776,33.492000579834,credit_card,3
CA-2017-142867,92.5619964599609,credit_card,17
CA-2017-142888,31.6800003051758,credit_card,2
CA-2017-142909,11.960000038147,credit_card,5
CA-2017-143021,44.9280014038086,credit_card,8
CA-2017-143035,1575.84399414063,credit_card,3
CA-2017-143063,175.225997924805,credit_card,2
CA-2017-143084,81.9199981689453,debit_card,4
CA-2017-143112,1286.93481445313,credit_card,5
CA-2017-143126,279.899993896484,debit_card,10
CA-2017-143217,110.110000610352,credit_card,6
CA-2017-143245,81.9599990844727,credit_card,2
CA-2017-143252,280.440002441406,credit_card,3
CA-2017-143259,772.981994628906,debit_card,2
CA-2017-143294,125.98999786377,credit_card,2
CA-2017-143329,64.120002746582,credit_card,8
CA-2017-143343,17.3099994659424,credit_card,4
CA-2017-143378,523.27197265625,credit_card,10
CA-2017-143434,32.2319984436035,credit_card,3
CA-2017-143455,51.9679985046387,credit_card,3
CA-2017-143567,1901.71899414063,credit_card,6
CA-2017-143574,157.944000244141,credit_card,10
CA-2017-143651,1565.88000488281,credit_card,2
CA-2017-143658,91.9199981689453,credit_card,2
CA-2017-143665,138.270004272461,credit_card,4
CA-2017-143686,351.101989746094,credit_card,10
CA-2017-143756,50.939998626709,credit_card,8
CA-2017-143798,256.992004394531,credit_card,6
CA-2017-143861,29.3600006103516,debit_card,2
CA-2017-144036,71.120002746582,credit_card,5
CA-2017-144064,2407.32006835938,credit_card,3
CA-2017-144225,6.07999992370605,credit_card,4
CA-2017-144365,61.439998626709,credit_card,2
CA-2017-144456,172.376007080078,credit_card,3
CA-2017-144463,3.20000004768372,credit_card,1
CA-2017-144484,64.3679962158203,credit_card,3
CA-2017-144491,1232.77197265625,credit_card,4
CA-2017-144526,29.431999206543,credit_card,8
CA-2017-144568,17.8999996185303,credit_card,2
CA-2017-144589,21.6420001983643,credit_card,2
CA-2017-144596,37.007999420166,credit_card,10
CA-2017-144638,2237.17211914063,credit_card,10
CA-2017-144680,18.4799995422363,credit_card,5
CA-2017-144694,72.4000015258789,credit_card,10
CA-2017-144750,14.4799995422363,credit_card,3
CA-2017-144820,479.951995849609,credit_card,1
CA-2017-144827,160.960006713867,debit_card,6
CA-2017-144848,449.936004638672,credit_card,4
CA-2017-144862,237.087997436523,credit_card,5
CA-2017-144904,2285.80590820313,credit_card,1
CA-2017-144932,782.25,credit_card,10
CA-2017-145037,175.42399597168,credit_card,1
CA-2017-145093,127.984001159668,credit_card,10
CA-2017-145128,2.32800006866455,credit_card,3
CA-2017-145142,99.6800003051758,credit_card,3
CA-2017-145219,46.8559989929199,credit_card,3
CA-2017-145226,1842.46594238281,credit_card,1
CA-2017-145233,726.695983886719,credit_card,8
CA-2017-145275,30.8279991149902,credit_card,10
CA-2017-145310,19.3999996185303,credit_card,2
CA-2017-145338,9.29599952697754,credit_card,6
CA-2017-145443,999.960021972656,credit_card,2
CA-2017-145506,7.06799983978271,credit_card,2
CA-2017-145653,109.480003356934,debit_card,1
CA-2017-145660,191.820007324219,credit_card,4
CA-2017-145702,126.763999938965,credit_card,5
CA-2017-145737,431.976013183594,credit_card,4
CA-2017-145765,507.299987792969,credit_card,10
CA-2017-145772,733.596008300781,credit_card,4
CA-2017-145779,13.960000038147,credit_card,8
CA-2017-145807,3.16799998283386,credit_card,6
CA-2017-145877,278.332000732422,debit_card,7
CA-2017-145884,897.544006347656,credit_card,8
CA-2017-146024,232.964004516602,credit_card,1
CA-2017-146031,5.6399998664856,credit_card,8
CA-2017-146136,643.135986328125,credit_card,1
CA-2017-146164,1022.01000976563,credit_card,3
CA-2017-146185,629.950012207031,credit_card,4
CA-2017-146192,355.320007324219,credit_card,1
CA-2017-146269,56.9000015258789,credit_card,5
CA-2017-146346,12.6719999313354,credit_card,4
CA-2017-146360,254.352005004883,credit_card,6
CA-2017-146367,896.989990234375,credit_card,1
CA-2017-146458,274.890014648438,credit_card,3
CA-2017-146493,210.563995361328,credit_card,1
CA-2017-146535,86.8160018920898,credit_card,10
CA-2017-146626,116.279998779297,credit_card,1
CA-2017-146724,623.960021972656,credit_card,8
CA-2017-146780,145.899993896484,voucher,3
CA-2017-146920,863.476013183594,debit_card,1
CA-2017-146983,19.7759990692139,credit_card,3
CA-2017-147032,120.258003234863,credit_card,3
CA-2017-147039,46.6360015869141,credit_card,1
CA-2017-147144,107.970001220703,credit_card,3
CA-2017-147207,2877.30395507813,credit_card,2
CA-2017-147228,1178.28405761719,credit_card,3
CA-2017-147277,560.849975585938,credit_card,10
CA-2017-147291,10.8240003585815,debit_card,8
CA-2017-147333,347.470001220703,credit_card,1
CA-2017-147361,558.799987792969,credit_card,7
CA-2017-147410,205.175994873047,credit_card,4
CA-2017-147452,105.769996643066,credit_card,8
CA-2017-147550,39.9799995422363,credit_card,8
CA-2017-147564,53.2480010986328,credit_card,10
CA-2017-147725,6.48000001907349,debit_card,3
CA-2017-147760,311.760009765625,debit_card,2
CA-2017-147767,5.93599987030029,credit_card,2
CA-2017-147844,2515.98095703125,credit_card,5
CA-2017-147942,1401.11999511719,credit_card,3
CA-2017-147956,1272.63000488281,credit_card,4
CA-2017-148068,198.751998901367,credit_card,1
CA-2017-148138,52.5120010375977,credit_card,3
CA-2017-148145,9.6560001373291,credit_card,8
CA-2017-148166,32.6699981689453,credit_card,2
CA-2017-148264,389.582000732422,credit_card,1
CA-2017-148320,25.0599994659424,credit_card,2
CA-2017-148355,134.119995117188,credit_card,2
CA-2017-148404,739.643981933594,debit_card,4
CA-2017-148411,142.300003051758,credit_card,1
CA-2017-148446,19.8999996185303,debit_card,5
CA-2017-148474,300.670013427734,credit_card,8
CA-2017-148642,975.888000488281,credit_card,2
CA-2017-148691,194.60400390625,credit_card,1
CA-2017-148810,341.488006591797,debit_card,8
CA-2017-148922,574.004028320313,debit_card,1
CA-2017-148929,22.9599990844727,credit_card,2
CA-2017-148985,23.9680004119873,credit_card,4
CA-2017-148992,17.5200004577637,credit_card,4
CA-2017-148999,408.006011962891,credit_card,3
CA-2017-149048,116.783996582031,credit_card,8
CA-2017-149076,20.7360000610352,credit_card,8
CA-2017-149146,1.72000002861023,credit_card,2
CA-2017-149160,262.529998779297,credit_card,10
CA-2017-149181,51.4500007629395,credit_card,8
CA-2017-149468,89.7679977416992,credit_card,2
CA-2017-149489,70.3440017700195,credit_card,10
CA-2017-149559,147.679992675781,credit_card,2
CA-2017-149699,1704.56005859375,credit_card,1
CA-2017-149706,95.7360000610352,credit_card,1
CA-2017-149720,563.239990234375,credit_card,6
CA-2017-149853,831.046020507813,voucher,1
CA-2017-149881,914.692016601563,credit_card,1
CA-2017-149888,821.27001953125,credit_card,1
CA-2017-149895,17.1399993896484,credit_card,1
CA-2017-149944,75.2959976196289,credit_card,4
CA-2017-150091,1402.34594726563,credit_card,3
CA-2017-150189,17.9200000762939,credit_card,1
CA-2017-150266,1369.39697265625,credit_card,4
CA-2017-150420,9.56799983978271,debit_card,2
CA-2017-150469,180.960006713867,credit_card,7
CA-2017-150497,299.970001220703,credit_card,1
CA-2017-150504,17.6399993896484,credit_card,2
CA-2017-150525,232.63200378418,credit_card,3
CA-2017-150602,28.1399993896484,debit_card,5
CA-2017-150609,27.8799991607666,debit_card,5
CA-2017-150623,628.247985839844,credit_card,5
CA-2017-150707,638.288024902344,credit_card,1
CA-2017-150910,8253.84765625,credit_card,2
CA-2017-150931,646.27197265625,credit_card,3
CA-2017-150959,141.039993286133,credit_card,3
CA-2017-151008,58.8800010681152,credit_card,1
CA-2017-151071,10.2720003128052,credit_card,1
CA-2017-151176,187.904006958008,debit_card,1
CA-2017-151183,39.9799995422363,credit_card,2
CA-2017-151190,35.1679992675781,credit_card,2
CA-2017-151211,28.3799991607666,credit_card,3
CA-2017-151218,17.1200008392334,credit_card,2
CA-2017-151225,131.832000732422,credit_card,4
CA-2017-151281,430.880004882813,debit_card,6
CA-2017-151358,497.609985351563,credit_card,2
CA-2017-151428,13.9040002822876,debit_card,2
CA-2017-151484,1827.06396484375,credit_card,1
CA-2017-151596,218.352005004883,credit_card,2
CA-2017-151750,1352.49597167969,credit_card,12
CA-2017-151799,11900.068359375,credit_card,2
CA-2017-151855,44.5229988098145,debit_card,2
CA-2017-151911,71.9759979248047,credit_card,1
CA-2017-151981,81.265998840332,credit_card,8
CA-2017-152079,16.2399997711182,credit_card,10
CA-2017-152093,200.983993530273,credit_card,10
CA-2017-152135,25.1100006103516,credit_card,6
CA-2017-152142,122.940002441406,debit_card,2
CA-2017-152198,698.380004882813,credit_card,1
CA-2017-152205,12.5600004196167,credit_card,5
CA-2017-152226,80.9599990844727,credit_card,3
CA-2017-152261,843.900024414063,credit_card,2
CA-2017-152275,707.880004882813,credit_card,1
CA-2017-152310,270.007995605469,credit_card,10
CA-2017-152436,6.23999977111816,debit_card,1
CA-2017-152499,219.160003662109,credit_card,8
CA-2017-152583,154.820007324219,credit_card,8
CA-2017-152660,35.2799987792969,credit_card,2
CA-2017-152695,175.139999389648,credit_card,8
CA-2017-152702,71.9759979248047,credit_card,5
CA-2017-152709,182.994003295898,credit_card,8
CA-2017-152737,276.459014892578,credit_card,3
CA-2017-152786,117.959999084473,debit_card,1
CA-2017-152807,245.386001586914,debit_card,3
CA-2017-152912,221.667999267578,credit_card,3
CA-2017-152926,514.995971679688,credit_card,6
CA-2017-152933,436.126007080078,credit_card,4
CA-2017-152961,7.38000011444092,credit_card,4
CA-2017-152968,62.0400009155273,credit_card,8
CA-2017-153045,284.578002929688,credit_card,2
CA-2017-153080,34.8600006103516,credit_card,1
CA-2017-153227,158.376007080078,credit_card,4
CA-2017-153339,39.4799995422363,credit_card,2
CA-2017-153654,4.09499979019165,credit_card,3
CA-2017-153787,501.809997558594,credit_card,6
CA-2017-153822,760.989990234375,credit_card,2
CA-2017-153843,122.954002380371,credit_card,2
CA-2017-153871,358.630004882813,credit_card,6
CA-2017-154011,151.776000976563,voucher,8
CA-2017-154039,51.4119987487793,credit_card,5
CA-2017-154074,484.351013183594,credit_card,2
CA-2017-154088,2.68799996376038,credit_card,10
CA-2017-154102,151.919998168945,credit_card,5
CA-2017-154109,444.480010986328,credit_card,1
CA-2017-154116,1870.4599609375,credit_card,2
CA-2017-154123,15.960000038147,credit_card,10
CA-2017-154137,41.4000015258789,credit_card,8
CA-2017-154214,28.7520008087158,credit_card,8
CA-2017-154410,683.952026367188,credit_card,1
CA-2017-154466,32.4000015258789,debit_card,1
CA-2017-154501,8.60799980163574,credit_card,5
CA-2017-154676,57.75,credit_card,2
CA-2017-154718,1.47599995136261,credit_card,1
CA-2017-154732,679.960021972656,credit_card,7
CA-2017-154760,9.1560001373291,credit_card,3
CA-2017-154809,88.0400009155273,credit_card,8
CA-2017-154816,13.2159996032715,debit_card,4
CA-2017-154907,14.7600002288818,credit_card,1
CA-2017-154935,11.4300003051758,credit_card,1
CA-2017-154949,320.640014648438,credit_card,3
CA-2017-155047,47.9039993286133,voucher,3
CA-2017-155075,5.89200019836426,credit_card,5
CA-2017-155152,199.949996948242,credit_card,3
CA-2017-155159,1516.19995117188,credit_card,2
CA-2017-155292,176.332000732422,credit_card,1
CA-2017-155362,80.9909973144531,debit_card,1
CA-2017-155376,37.9099998474121,credit_card,10
CA-2017-155460,287.303985595703,credit_card,2
CA-2017-155558,179.050003051758,credit_card,8
CA-2017-155607,838.330017089844,credit_card,2
CA-2017-155621,75.3600006103516,credit_card,2
CA-2017-155642,2483.8798828125,credit_card,10
CA-2017-155698,246.460006713867,credit_card,4
CA-2017-155705,31.1520004272461,credit_card,10
CA-2017-155712,69.8880004882813,credit_card,1
CA-2017-155740,161.376007080078,credit_card,4
CA-2017-155824,876.77001953125,credit_card,4
CA-2017-155880,243.287994384766,credit_card,3
CA-2017-155936,431.135986328125,credit_card,1
CA-2017-155957,124.23999786377,credit_card,5
CA-2017-155985,87.7099990844727,debit_card,2
CA-2017-156139,30.6900005340576,debit_card,4
CA-2017-156237,2159.96606445313,credit_card,1
CA-2017-156272,3.16799998283386,credit_card,2
CA-2017-156363,53.1199989318848,credit_card,1
CA-2017-156391,62.015998840332,debit_card,4
CA-2017-156412,11.9519996643066,credit_card,8
CA-2017-156622,1540.93383789063,debit_card,5
CA-2017-156664,130.380004882813,credit_card,8
CA-2017-156720,8.88000011444092,credit_card,6
CA-2017-156769,20.3199996948242,credit_card,1
CA-2017-156776,1529.83996582031,credit_card,2
CA-2017-156818,6.53999996185303,debit_card,3
CA-2017-156951,12035.4619140625,credit_card,5
CA-2017-156958,1250.35595703125,voucher,10
CA-2017-157091,100.704002380371,credit_card,10
CA-2017-157112,318,credit_card,10
CA-2017-157252,868.590026855469,credit_card,1
CA-2017-157273,15.5520000457764,credit_card,2
CA-2017-157350,28.4400005340576,credit_card,3
CA-2017-157413,35.060001373291,debit_card,6
CA-2017-157420,88.7679977416992,debit_card,4
CA-2017-157448,551.153991699219,credit_card,2
CA-2017-157469,40,debit_card,5
CA-2017-157483,31.1550006866455,credit_card,1
CA-2017-157651,2518.2900390625,credit_card,4
CA-2017-157672,118.98999786377,voucher,2
CA-2017-157833,186.304000854492,credit_card,5
CA-2017-157854,22.4699993133545,credit_card,4
CA-2017-157903,198.272003173828,credit_card,1
CA-2017-157931,42.726001739502,credit_card,7
CA-2017-157966,5385.33984375,credit_card,6
CA-2017-157980,1.23399996757507,credit_card,2
CA-2017-157987,5157.64208984375,credit_card,8
CA-2017-158036,29.3040008544922,debit_card,3
CA-2017-158071,2038.63403320313,credit_card,2
CA-2017-158106,31.0499992370605,credit_card,1
CA-2017-158120,22.0919990539551,credit_card,8
CA-2017-158169,20.7840003967285,debit_card,2
CA-2017-158246,662.840026855469,credit_card,2
CA-2017-158344,18.2000007629395,credit_card,8
CA-2017-158379,458.402008056641,credit_card,1
CA-2017-158386,290.665985107422,credit_card,2
CA-2017-158407,1023.46801757813,debit_card,5
CA-2017-158561,1043.92004394531,credit_card,2
CA-2017-158673,53.7200012207031,credit_card,10
CA-2017-158729,14.2799997329712,credit_card,8
CA-2017-158736,18.5400009155273,credit_card,2
CA-2017-158743,1840.55603027344,credit_card,1
CA-2017-158876,1016.63397216797,credit_card,3
CA-2017-158883,31.992000579834,credit_card,10
CA-2017-158953,5.60699987411499,debit_card,2
CA-2017-158967,155.371994018555,credit_card,1
CA-2017-159100,198.166000366211,credit_card,1
CA-2017-159107,42.2400016784668,credit_card,5
CA-2017-159135,376.865997314453,credit_card,4
CA-2017-159149,318.279998779297,credit_card,4
CA-2017-159156,13.9440002441406,debit_card,10
CA-2017-159226,167.968002319336,credit_card,4
CA-2017-159282,167.759994506836,credit_card,1
CA-2017-159352,24.8999996185303,credit_card,4
CA-2017-159366,30,credit_card,5
CA-2017-159457,170.785995483398,credit_card,2
CA-2017-159464,708.148010253906,credit_card,1
CA-2017-159506,38.439998626709,credit_card,8
CA-2017-159597,2024.88000488281,credit_card,4
CA-2017-159604,89.9000015258789,credit_card,10
CA-2017-159667,474.130004882813,credit_card,2
CA-2017-159688,34.0800018310547,debit_card,5
CA-2017-159793,494.376007080078,credit_card,3
CA-2017-159954,14,credit_card,1
CA-2017-160017,998.849975585938,credit_card,8
CA-2017-160031,60.7200012207031,credit_card,1
CA-2017-160045,94.8499984741211,credit_card,1
CA-2017-160087,34.5040016174316,debit_card,8
CA-2017-160122,97.370002746582,credit_card,1
CA-2017-160325,458.424011230469,credit_card,2
CA-2017-160395,32.3199996948242,debit_card,3
CA-2017-160416,35.8899993896484,credit_card,12
CA-2017-160423,341.976013183594,credit_card,5
CA-2017-160458,231.720001220703,credit_card,1
CA-2017-160514,496.859985351563,credit_card,10
CA-2017-160633,408.510009765625,credit_card,2
CA-2017-160661,12.960000038147,credit_card,6
CA-2017-160724,20.5440006256104,credit_card,8
CA-2017-160801,93.0199966430664,credit_card,8
CA-2017-160885,95.9759979248047,credit_card,1
CA-2017-160899,8.72000026702881,credit_card,1
CA-2017-160927,440.593994140625,credit_card,8
CA-2017-160934,208.440002441406,credit_card,3
CA-2017-160962,184.007995605469,credit_card,3
CA-2017-160983,13.4799995422363,credit_card,6
CA-2017-161018,85.3000030517578,credit_card,1
CA-2017-161046,724.1259765625,credit_card,5
CA-2017-161053,269.850006103516,credit_card,3
CA-2017-161067,1980.00402832031,credit_card,2
CA-2017-161088,10.3680000305176,credit_card,8
CA-2017-161102,201.600006103516,credit_card,2
CA-2017-161130,9.33600044250488,credit_card,7
CA-2017-161172,1343.42797851563,credit_card,4
CA-2017-161200,1023.97601318359,credit_card,3
CA-2017-161333,1099.53198242188,credit_card,1
CA-2017-161340,433.769989013672,credit_card,1
CA-2017-161410,19.4559993743896,credit_card,8
CA-2017-161459,121.412002563477,voucher,2
CA-2017-161480,40.7840003967285,credit_card,8
CA-2017-161557,3.51999998092651,credit_card,3
CA-2017-161578,350.976013183594,credit_card,5
CA-2017-161592,164.880004882813,credit_card,2
CA-2017-161655,11.9519996643066,credit_card,2
CA-2017-161739,21.8799991607666,credit_card,10
CA-2017-161774,1529.68395996094,credit_card,8
CA-2017-161809,20.3400001525879,debit_card,1
CA-2017-161823,769.184020996094,credit_card,7
CA-2017-161851,179.940002441406,voucher,2
CA-2017-161893,151.731994628906,credit_card,6
CA-2017-161956,1355.45397949219,credit_card,6
CA-2017-161970,14313.1357421875,debit_card,2
CA-2017-161984,213.968002319336,debit_card,2
CA-2017-162015,4044.32006835938,credit_card,2
CA-2017-162033,261.976013183594,credit_card,4
CA-2017-162075,3.15000009536743,debit_card,6
CA-2017-162096,11.4160003662109,credit_card,2
CA-2017-162173,591.888000488281,credit_card,6
CA-2017-162250,99.9800033569336,credit_card,10
CA-2017-162474,1.24800002574921,credit_card,2
CA-2017-162481,362.096008300781,credit_card,2
CA-2017-162572,72.3560028076172,credit_card,3
CA-2017-162635,8749.9501953125,credit_card,2
CA-2017-162712,631.781982421875,debit_card,10
CA-2017-162789,32.7000007629395,credit_card,2
CA-2017-162880,97.4400024414063,credit_card,1
CA-2017-162929,93.6399993896484,credit_card,1
CA-2017-162936,1640.69995117188,credit_card,3
CA-2017-162978,265.622497558594,credit_card,6
CA-2017-163006,196.445007324219,credit_card,4
CA-2017-163020,9.77999973297119,credit_card,2
CA-2017-163069,199.979995727539,credit_card,1
CA-2017-163097,108.919998168945,credit_card,2
CA-2017-163125,146.384002685547,credit_card,3
CA-2017-163160,449.820007324219,credit_card,2
CA-2017-163188,20.0400009155273,credit_card,10
CA-2017-163209,228.264007568359,credit_card,5
CA-2017-163321,14.7600002288818,credit_card,3
CA-2017-163335,360.876007080078,credit_card,3
CA-2017-163405,977.424011230469,credit_card,10
CA-2017-163510,219.921997070313,credit_card,4
CA-2017-163531,13.5200004577637,credit_card,1
CA-2017-163566,563.940002441406,credit_card,4
CA-2017-163629,1760.27001953125,credit_card,5
CA-2017-163671,32.9599990844727,debit_card,4
CA-2017-163692,5.82000017166138,credit_card,10
CA-2017-163818,154.764007568359,voucher,2
CA-2017-163860,2502.81591796875,credit_card,1
CA-2017-163902,117.279998779297,debit_card,1
CA-2017-163979,45.5839996337891,credit_card,8
CA-2017-164000,11.21399974823,credit_card,1
CA-2017-164042,299.347991943359,credit_card,2
CA-2017-164049,62.939998626709,debit_card,5
CA-2017-164098,378,credit_card,10
CA-2017-164112,139.860000610352,credit_card,1
CA-2017-164168,353.406005859375,credit_card,2
CA-2017-164329,47.984001159668,credit_card,3
CA-2017-164364,220.444000244141,credit_card,7
CA-2017-164378,475.029998779297,credit_card,10
CA-2017-164707,189.919998168945,credit_card,2
CA-2017-164756,1356.86901855469,credit_card,1
CA-2017-164819,77.5800018310547,credit_card,8
CA-2017-164826,101.671997070313,credit_card,6
CA-2017-164917,210.007995605469,credit_card,4
CA-2017-164959,209.940002441406,credit_card,2
CA-2017-165008,6.48000001907349,credit_card,9
CA-2017-165029,2036.85998535156,credit_card,9
CA-2017-165099,13.3999996185303,credit_card,2
CA-2017-165155,89.9499969482422,credit_card,5
CA-2017-165204,130.656005859375,credit_card,3
CA-2017-165323,268.5,debit_card,3
CA-2017-165386,257.640014648438,credit_card,6
CA-2017-165491,279.944000244141,credit_card,2
CA-2017-165603,59.9199981689453,credit_card,10
CA-2017-165687,5.88000011444092,credit_card,1
CA-2017-165715,29.2199993133545,credit_card,6
CA-2017-165757,88.5080032348633,credit_card,3
CA-2017-165841,68.1740036010742,credit_card,8
CA-2017-165904,51.2789993286133,credit_card,1
CA-2017-166093,1504.91003417969,credit_card,2
CA-2017-166128,2559.06005859375,credit_card,2
CA-2017-166142,77.5380020141602,credit_card,5
CA-2017-166184,188.380004882813,debit_card,3
CA-2017-166198,361.170013427734,credit_card,10
CA-2017-166296,170.136001586914,credit_card,10
CA-2017-166317,616.848022460938,credit_card,5
CA-2017-166436,177.880004882813,credit_card,3
CA-2017-166499,583.799987792969,credit_card,1
CA-2017-166695,570.107971191406,credit_card,2
CA-2017-166709,22.3680000305176,credit_card,6
CA-2017-166835,5.67999982833862,credit_card,10
CA-2017-166849,73.1760025024414,credit_card,10
CA-2017-166856,140.360000610352,credit_card,10
CA-2017-166898,105.272003173828,credit_card,2
CA-2017-166919,11.2200002670288,credit_card,2
CA-2017-166926,608.52001953125,credit_card,10
CA-2017-166933,33.5279998779297,credit_card,7
CA-2017-167003,20.3199996948242,debit_card,4
CA-2017-167080,75.0599975585938,credit_card,10
CA-2017-167094,965.168029785156,debit_card,2
CA-2017-167101,928.77001953125,credit_card,2
CA-2017-167150,294.152008056641,debit_card,2
CA-2017-167227,2686.6650390625,credit_card,3
CA-2017-167381,11.6999998092651,voucher,10
CA-2017-167542,5.80000019073486,credit_card,1
CA-2017-167549,895.919982910156,debit_card,4
CA-2017-167626,83.2639999389648,credit_card,3
CA-2017-167640,2052.51196289063,credit_card,3
CA-2017-167661,577.026000976563,credit_card,2
CA-2017-167668,71.6320037841797,credit_card,1
CA-2017-167703,945.856018066406,credit_card,4
CA-2017-167752,572.72802734375,credit_card,7
CA-2017-167871,37.6080017089844,credit_card,3
CA-2017-167899,89.6320037841797,credit_card,2
CA-2017-167913,167.048004150391,credit_card,2
CA-2017-167941,985.643981933594,credit_card,2
CA-2017-167976,6.98999977111816,credit_card,1
CA-2017-168102,812.736022949219,credit_card,10
CA-2017-168109,535.52001953125,credit_card,1
CA-2017-168123,3017.0458984375,credit_card,2
CA-2017-168172,128.057998657227,credit_card,1
CA-2017-168179,8.81999969482422,credit_card,4
CA-2017-168193,715.840026855469,credit_card,1
CA-2017-168228,117.896003723145,credit_card,2
CA-2017-168389,1208.44995117188,credit_card,2
CA-2017-168396,24.0879993438721,credit_card,3
CA-2017-168403,62.7480010986328,credit_card,4
CA-2017-168641,1239.0400390625,credit_card,10
CA-2017-168655,20.3040008544922,credit_card,1
CA-2017-168739,535.409973144531,credit_card,1
CA-2017-168837,6.98400020599365,credit_card,1
CA-2017-168858,90.5439987182617,credit_card,5
CA-2017-168900,5.94000005722046,credit_card,8
CA-2017-168942,71.9800033569336,credit_card,3
CA-2017-169005,2.03999996185303,debit_card,2
CA-2017-169012,21.5520000457764,credit_card,2
CA-2017-169054,305.31201171875,credit_card,3
CA-2017-169124,2.28600001335144,credit_card,10
CA-2017-169264,579.919982910156,credit_card,8
CA-2017-169285,1790.98205566406,credit_card,5
CA-2017-169327,403.593994140625,credit_card,6
CA-2017-169362,572.159973144531,credit_card,5
CA-2017-169404,17.9039993286133,voucher,5
CA-2017-169411,32.9850006103516,debit_card,5
CA-2017-169439,12.2600002288818,credit_card,3
CA-2017-169474,72.6399993896484,credit_card,2
CA-2017-169607,39.8790016174316,credit_card,8
CA-2017-169691,212.136001586914,debit_card,4
CA-2017-169810,17.9400005340576,credit_card,10
CA-2017-169817,1087.93603515625,credit_card,5
CA-2017-169859,609.435974121094,credit_card,8
CA-2017-169894,477.446014404297,credit_card,5
CA-2017-169901,697.159973144531,credit_card,3
CA-2017-169929,99.4879989624023,credit_card,10
CA-2017-169978,1477.18395996094,credit_card,3
CA-2017-169999,237.832000732422,credit_card,5
US-2014-100279,28.7999992370605,credit_card,2
US-2014-102071,792.513977050781,credit_card,4
US-2014-102631,10.3680000305176,debit_card,3
US-2014-102715,445.153991699219,credit_card,6
US-2014-103338,39.1279983520508,credit_card,1
US-2014-103905,166.32600402832,credit_card,2
US-2014-104759,195.975006103516,debit_card,1
US-2014-105137,407.782012939453,credit_card,10
US-2014-105151,479.984008789063,credit_card,3
US-2014-105767,382.553985595703,debit_card,2
US-2014-106299,618.150024414063,credit_card,2
US-2014-106334,1688.7060546875,credit_card,8
US-2014-106992,65.8720016479492,credit_card,6
US-2014-107405,225.57600402832,credit_card,10
US-2014-107699,26.3519992828369,debit_card,5
US-2014-107993,10.7760000228882,credit_card,10
US-2014-109036,1471.9599609375,credit_card,8
US-2014-109162,1628.81994628906,credit_card,5
US-2014-109456,25.6959991455078,credit_card,3
US-2014-110674,539.963989257813,credit_card,1
US-2014-111171,123.919998168945,credit_card,2
US-2014-111353,393.540008544922,credit_card,10
US-2014-112795,137.940002441406,credit_card,5
US-2014-112872,781.797973632813,credit_card,2
US-2014-112914,815.18798828125,credit_card,1
US-2014-112949,26.6560001373291,credit_card,3
US-2014-112991,197.328002929688,debit_card,1
US-2014-113124,25.3439998626709,credit_card,6
US-2014-114188,1735.06005859375,credit_card,3
US-2014-114377,447.859985351563,debit_card,2
US-2014-115189,74.0479965209961,credit_card,8
US-2014-115196,4.8899998664856,debit_card,2
US-2014-115987,67.9199981689453,credit_card,6
US-2014-117058,5.48000001907349,credit_card,5
US-2014-117135,794.096008300781,credit_card,1
US-2014-117163,223.990005493164,debit_card,1
US-2014-117170,462,credit_card,10
US-2014-117380,20.7360000610352,credit_card,3
US-2014-117744,2442.083984375,credit_card,10
US-2014-117968,488.447998046875,credit_card,2
US-2014-118486,110.279998779297,debit_card,1
US-2014-119081,150.460006713867,debit_card,10
US-2014-119137,1602.99597167969,credit_card,17
US-2014-120175,244.550003051758,credit_card,1
US-2014-120236,108.767997741699,voucher,6
US-2014-120313,131.940002441406,credit_card,6
US-2014-120740,247.264007568359,credit_card,2
US-2014-121566,91.0920028686523,debit_card,1
US-2014-121734,3.55200004577637,debit_card,1
US-2014-122021,131.735992431641,credit_card,4
US-2014-122959,23.9200000762939,credit_card,3
US-2014-123183,978.202026367188,credit_card,2
US-2014-123519,553.109985351563,debit_card,2
US-2014-124625,52.9599990844727,credit_card,10
US-2014-125521,1023.93597412109,credit_card,2
US-2014-126340,434.351989746094,voucher,2
US-2014-126571,1408.69604492188,voucher,6
US-2014-127635,2639.64599609375,credit_card,10
US-2014-127978,347.183990478516,credit_card,2
US-2014-128685,64.9599990844727,credit_card,8
US-2014-129609,146.860000610352,debit_card,2
US-2014-130358,332.735992431641,credit_card,1
US-2014-131275,263.929992675781,credit_card,8
US-2014-131870,22.8360004425049,credit_card,1
US-2014-131982,178.919998168945,credit_card,1
US-2014-133949,1141.93798828125,credit_card,8
US-2014-134054,17.8560009002686,debit_card,2
US-2014-134614,143.729995727539,debit_card,10
US-2014-134712,10.4300003051758,credit_card,1
US-2014-134733,32.5359992980957,credit_card,2
US-2014-134971,1.78799998760223,debit_card,8
US-2014-135881,971.314025878906,credit_card,10
US-2014-135972,252.583999633789,credit_card,4
US-2014-137155,175.029998779297,credit_card,4
US-2014-137680,30.503999710083,credit_card,1
US-2014-137869,54.007999420166,credit_card,2
US-2014-138247,643.237976074219,credit_card,5
US-2014-138758,77.5920028686523,credit_card,7
US-2014-138828,124.76000213623,credit_card,2
US-2014-138835,300.903991699219,credit_card,3
US-2014-139500,18.8999996185303,voucher,8
US-2014-139640,35.8720016479492,voucher,2
US-2014-140116,47.1800003051758,credit_card,1
US-2014-140452,363.846008300781,credit_card,2
US-2014-140914,944.085021972656,credit_card,8
US-2014-141215,767.033996582031,credit_card,10
US-2014-141257,1.08000004291534,credit_card,2
US-2014-143231,451.660003662109,credit_card,10
US-2014-143287,739.192016601563,credit_card,6
US-2014-143581,104.279998779297,credit_card,3
US-2014-143707,66.1119995117188,debit_card,10
US-2014-143721,66.6900024414063,credit_card,10
US-2014-144078,2007.75402832031,credit_card,2
US-2014-146353,3033.78588867188,credit_card,3
US-2014-147627,2176.33203125,debit_card,2
US-2014-147648,31.9200000762939,credit_card,2
US-2014-147704,1382.59204101563,credit_card,6
US-2014-147774,127.869003295898,debit_card,5
US-2014-148194,183.770004272461,credit_card,2
US-2014-148838,769.564025878906,debit_card,9
US-2014-149034,200.794998168945,credit_card,10
US-2014-150119,388.700012207031,credit_card,5
US-2014-150434,1063.66198730469,credit_card,5
US-2014-150532,18.8400001525879,debit_card,4
US-2014-150574,127.720001220703,credit_card,8
US-2014-150924,164.688003540039,credit_card,3
US-2014-151015,65.6399993896484,credit_card,3
US-2014-151925,88.7760009765625,credit_card,6
US-2014-152030,17.1200008392334,credit_card,1
US-2014-152723,25.2479991912842,credit_card,1
US-2014-154655,19.9799995422363,credit_card,1
US-2014-154879,83.9179992675781,voucher,5
US-2014-155502,769.616027832031,credit_card,1
US-2014-155544,28.5499992370605,credit_card,8
US-2014-155817,281.200012207031,debit_card,7
US-2014-155894,50.4539985656738,credit_card,3
US-2014-156216,9.44999980926514,credit_card,2
US-2014-157021,367.832000732422,credit_card,1
US-2014-157070,16.8959999084473,credit_card,8
US-2014-157231,17.7600002288818,debit_card,10
US-2014-157385,1067.41296386719,credit_card,2
US-2014-157406,78.6330032348633,credit_card,2
US-2014-157847,605.580017089844,credit_card,1
US-2014-158057,9897.33984375,credit_card,1
US-2014-158365,6,credit_card,8
US-2014-158400,535.409973144531,credit_card,10
US-2014-158638,859.200012207031,credit_card,2
US-2014-159611,387.153991699219,credit_card,5
US-2014-159618,261.424011230469,debit_card,3
US-2014-159926,138.406005859375,credit_card,1
US-2014-160444,644.064025878906,credit_card,5
US-2014-160780,857.736022949219,credit_card,6
US-2014-161613,43.1759986877441,credit_card,2
US-2014-163146,19.4400005340576,credit_card,3
US-2014-163797,1214.84997558594,credit_card,2
US-2014-164406,115.917999267578,credit_card,1
US-2014-164616,149.735992431641,credit_card,1
US-2014-164644,10.0799999237061,credit_card,1
US-2014-164763,236.988006591797,credit_card,2
US-2014-165589,6.15999984741211,credit_card,1
US-2014-165659,114.033996582031,credit_card,1
US-2014-165862,2.96000003814697,credit_card,6
US-2014-166310,121.779998779297,credit_card,3
US-2014-166828,604.768005371094,credit_card,2
US-2014-167262,307.980010986328,credit_card,3
US-2014-167633,431.976013183594,credit_card,1
US-2014-167738,426.410003662109,credit_card,1
US-2014-168501,529.219970703125,credit_card,10
US-2014-169390,2879.95190429688,credit_card,8
US-2014-169789,254.60400390625,credit_card,4
US-2015-100069,23.6800003051758,credit_card,1
US-2015-100377,72.7839965820313,debit_card,2
US-2015-100531,525.200012207031,credit_card,4
US-2015-101399,14.0159997940063,credit_card,8
US-2015-103471,398.220001220703,debit_card,2
US-2015-103996,372.010009765625,credit_card,3
US-2015-104185,16.7399997711182,credit_card,5
US-2015-105676,71.9759979248047,credit_card,3
US-2015-106495,32.9519996643066,credit_card,8
US-2015-106873,450.696014404297,credit_card,1
US-2015-107349,25.1599998474121,voucher,6
US-2015-107944,972.940002441406,credit_card,3
US-2015-108966,93.8880004882813,credit_card,4
US-2015-109015,115.875999450684,credit_card,1
US-2015-110163,56.7039985656738,credit_card,2
US-2015-110569,760.700012207031,debit_card,1
US-2015-111927,19.4400005340576,credit_card,10
US-2015-112508,88.0739974975586,debit_card,8
US-2015-113327,797.06201171875,credit_card,2
US-2015-114741,1211.92797851563,credit_card,4
US-2015-114839,31.1040000915527,credit_card,10
US-2015-115238,195.300003051758,debit_card,1
US-2015-115343,370.440002441406,credit_card,1
US-2015-116981,321.43701171875,credit_card,12
US-2015-117184,17.8379993438721,credit_card,1
US-2015-117492,11.6960000991821,credit_card,2
US-2015-118766,36.4900016784668,credit_card,10
US-2015-118983,830.495971679688,credit_card,2
US-2015-119312,106.232002258301,credit_card,2
US-2015-120161,39.9599990844727,credit_card,8
US-2015-120502,184.492004394531,credit_card,1
US-2015-120572,41.9039993286133,credit_card,8
US-2015-120712,193.800003051758,credit_card,2
US-2015-120957,20.0400009155273,credit_card,2
US-2015-122140,312.764007568359,credit_card,6
US-2015-122784,750.432006835938,credit_card,6
US-2015-122910,2665.6201171875,credit_card,7
US-2015-123218,1058.64001464844,debit_card,2
US-2015-123918,108.924003601074,credit_card,2
US-2015-123960,275.962005615234,credit_card,1
US-2015-124219,49.3499984741211,credit_card,3
US-2015-125374,148.287994384766,credit_card,4
US-2015-126214,20.3390007019043,credit_card,10
US-2015-126235,12.1759996414185,credit_card,1
US-2015-126753,348.385986328125,credit_card,8
US-2015-126977,1515.7060546875,debit_card,3
US-2015-127040,205.514007568359,credit_card,5
US-2015-128090,130.554000854492,credit_card,2
US-2015-128587,40.6199989318848,credit_card,5
US-2015-129007,8389.169921875,credit_card,4
US-2015-129637,351.739990234375,credit_card,5
US-2015-130491,77.6669998168945,credit_card,8
US-2015-130512,494.619995117188,credit_card,6
US-2015-130519,359.523986816406,voucher,3
US-2015-131359,258.769989013672,credit_card,10
US-2015-131842,7.18400001525879,credit_card,6
US-2015-132836,105.986000061035,credit_card,1
US-2015-134271,7.80000019073486,credit_card,3
US-2015-134558,52.5019989013672,credit_card,4
US-2015-136259,972.447998046875,credit_card,4
US-2015-136427,20.8799991607666,credit_card,2
US-2015-136476,34.2719993591309,credit_card,3
US-2015-136749,914.2919921875,credit_card,1
US-2015-136987,412.532012939453,credit_card,7
US-2015-137008,67.3960037231445,credit_card,4
US-2015-137533,9.2480001449585,credit_card,3
US-2015-138093,606.9580078125,debit_card,6
US-2015-138121,375.861999511719,credit_card,2
US-2015-138303,2032.10900878906,debit_card,1
US-2015-138716,146.820007324219,credit_card,6
US-2015-138919,18.9699993133545,credit_card,10
US-2015-139675,372.671997070313,credit_card,4
US-2015-139759,33.8600006103516,credit_card,8
US-2015-140200,40.4599990844727,credit_card,3
US-2015-140851,357.929992675781,credit_card,4
US-2015-141453,595.380004882813,credit_card,5
US-2015-141684,1117.92004394531,credit_card,4
US-2015-142020,2003.92004394531,credit_card,1
US-2015-142811,70.5599975585938,credit_card,5
US-2015-144771,30.0540008544922,credit_card,1
US-2015-145121,19.1359996795654,credit_card,2
US-2015-145422,523.25,credit_card,2
US-2015-145436,123.76000213623,credit_card,1
US-2015-146745,65.8720016479492,credit_card,1
US-2015-147242,110.77799987793,credit_card,2
US-2015-147662,456.223999023438,credit_card,8
US-2015-147739,6.71999979019165,credit_card,1
US-2015-148817,281.063995361328,credit_card,3
US-2015-149629,1.27199995517731,credit_card,2
US-2015-149692,16.3920001983643,credit_card,8
US-2015-150161,251.580001831055,credit_card,3
US-2015-150231,1415.76000976563,credit_card,5
US-2015-151407,29.7000007629395,credit_card,4
US-2015-151435,7.03999996185303,credit_card,5
US-2015-152128,266.559997558594,debit_card,2
US-2015-153283,88.8000030517578,credit_card,1
US-2015-153374,5.67999982833862,credit_card,2
US-2015-153500,256.567993164063,debit_card,4
US-2015-154389,46.7200012207031,credit_card,5
US-2015-156496,205.268005371094,credit_card,10
US-2015-156797,361.455993652344,credit_card,5
US-2015-156867,2167.8359375,debit_card,2
US-2015-157014,558.859985351563,credit_card,5
US-2015-157154,35.1199989318848,credit_card,10
US-2015-158589,340.704010009766,credit_card,6
US-2015-158911,18.9120006561279,credit_card,10
US-2015-159499,681.702026367188,credit_card,2
US-2015-159513,5.78000020980835,credit_card,1
US-2015-159982,434.131988525391,credit_card,3
US-2015-160563,194.526000976563,credit_card,3
US-2015-160857,186.042007446289,credit_card,1
US-2015-161347,6.3600001335144,debit_card,1
US-2015-161466,16.4640007019043,credit_card,2
US-2015-161991,1825.001953125,credit_card,1
US-2015-163279,28.6800003051758,credit_card,3
US-2015-163433,1726.44921875,credit_card,2
US-2015-163685,88.6159973144531,voucher,3
US-2015-163825,289.920013427734,credit_card,2
US-2015-164175,29.9699993133545,credit_card,1
US-2015-164238,491.727996826172,credit_card,6
US-2015-164308,15.423999786377,credit_card,1
US-2015-164357,310.743988037109,credit_card,1
US-2015-164448,148.449996948242,credit_card,2
US-2015-164966,727.296020507813,credit_card,2
US-2015-165512,52.2980003356934,credit_card,2
US-2015-165743,250.776000976563,credit_card,2
US-2015-166520,2072.6298828125,credit_card,3
US-2015-167220,16.9799995422363,credit_card,1
US-2015-168704,1143.52001953125,debit_card,3
US-2015-168732,387.996002197266,credit_card,1
US-2015-168914,50.2200012207031,credit_card,15
US-2015-168935,179.936004638672,credit_card,8
US-2016-100405,211.371994018555,credit_card,8
US-2016-100419,199.899993896484,voucher,3
US-2016-100461,26.7600002288818,credit_card,1
US-2016-100566,454.859985351563,credit_card,5
US-2016-100720,222.160003662109,credit_card,8
US-2016-100839,408.329986572266,credit_card,4
US-2016-101196,539.969970703125,credit_card,10
US-2016-101497,35.984001159668,credit_card,10
US-2016-101616,55.439998626709,credit_card,10
US-2016-102141,49.1199989318848,debit_card,1
US-2016-103646,1315.41003417969,credit_card,2
US-2016-103674,140.429000854492,credit_card,5
US-2016-104794,6.84000015258789,voucher,2
US-2016-104815,61.1199989318848,credit_card,3
US-2016-105452,407.135986328125,credit_card,2
US-2016-105578,300.380004882813,credit_card,3
US-2016-106313,49.568000793457,credit_card,3
US-2016-106600,1247.64001464844,credit_card,2
US-2016-107440,1115.43603515625,credit_card,9
US-2016-108098,653.549987792969,credit_card,10
US-2016-108455,205.679992675781,voucher,2
US-2016-108497,25.3439998626709,debit_card,1
US-2016-108504,2228.05590820313,credit_card,6
US-2016-108637,238.848007202148,credit_card,1
US-2016-108777,306.320007324219,debit_card,8
US-2016-109260,17.0879993438721,credit_card,1
US-2016-110156,660.7080078125,credit_card,7
US-2016-110170,22.6200008392334,credit_card,1
US-2016-111290,622.745971679688,credit_card,6
US-2016-111528,156.712005615234,credit_card,8
US-2016-112396,313.044006347656,credit_card,3
US-2016-112970,49.5,credit_card,10
US-2016-112977,124.360000610352,credit_card,4
US-2016-113509,1219.9599609375,credit_card,8
US-2016-113649,1080.48596191406,credit_card,10
US-2016-113677,133.667999267578,credit_card,2
US-2016-113985,182.477996826172,credit_card,10
US-2016-114013,841.85498046875,credit_card,3
US-2016-114174,462.855987548828,credit_card,8
US-2016-114230,57.4080009460449,credit_card,1
US-2016-114293,858.239990234375,credit_card,1
US-2016-114622,18.8999996185303,credit_card,3
US-2016-114776,66.3600006103516,credit_card,2
US-2016-114888,657.47998046875,credit_card,6
US-2016-115441,324.985992431641,credit_card,4
US-2016-115455,52.5419998168945,credit_card,1
US-2016-115952,311.149993896484,credit_card,1
US-2016-116365,155.712005615234,credit_card,2
US-2016-116400,15.9359998703003,credit_card,2
US-2016-116442,124.403999328613,credit_card,2
US-2016-116729,333.648010253906,credit_card,1
US-2016-117037,662.330017089844,credit_card,1
US-2016-117387,28.7819995880127,credit_card,2
US-2016-117541,215.684005737305,debit_card,2
US-2016-117793,963.239990234375,credit_card,4
US-2016-118780,33.431999206543,debit_card,1
US-2016-119046,960.135986328125,credit_card,6
US-2016-119270,971.880004882813,credit_card,4
US-2016-119298,62.8079986572266,credit_card,1
US-2016-120460,602.651000976563,credit_card,3
US-2016-120929,8.01599979400635,debit_card,14
US-2016-121013,52.9199981689453,credit_card,10
US-2016-122182,152.800003051758,credit_card,5
US-2016-122245,33.8699989318848,credit_card,3
US-2016-123470,49.5999984741211,credit_card,2
US-2016-123610,51.2120018005371,credit_card,2
US-2016-123750,2014.93994140625,credit_card,3
US-2016-124163,158.595993041992,credit_card,4
US-2016-125402,1548.6240234375,credit_card,2
US-2016-125969,488.130004882813,credit_card,8
US-2016-126431,393.220001220703,debit_card,10
US-2016-126452,1240.21594238281,credit_card,2
US-2016-126844,2.55599999427795,debit_card,2
US-2016-126893,16.5200004577637,credit_card,6
US-2016-127334,166.776000976563,debit_card,10
US-2016-127425,18.1580009460449,voucher,1
US-2016-127971,221.110000610352,credit_card,3
US-2016-128195,4297.64404296875,credit_card,2
US-2016-128293,17.1399993896484,credit_card,3
US-2016-128678,470.973999023438,credit_card,1
US-2016-128902,319.967987060547,credit_card,7
US-2016-128909,66.5279998779297,credit_card,6
US-2016-129469,74.1240005493164,credit_card,4
US-2016-131058,67.1940002441406,credit_card,8
US-2016-131114,362.299987792969,debit_card,2
US-2016-131149,94.1719970703125,credit_card,6
US-2016-131611,174.444000244141,credit_card,4
US-2016-131674,1793.97998046875,debit_card,3
US-2016-131891,82.6399993896484,credit_card,10
US-2016-131912,94.1920013427734,credit_card,5
US-2016-132423,878.640014648438,credit_card,3
US-2016-132577,789.528015136719,credit_card,2
US-2016-132857,11.9519996643066,credit_card,1
US-2016-133508,14.7600002288818,credit_card,3
US-2016-133879,72.8499984741211,credit_card,2
US-2016-134369,64.9599990844727,credit_card,10
US-2016-134488,327.732788085938,credit_card,2
US-2016-134656,146.136001586914,credit_card,4
US-2016-134761,1133.34997558594,credit_card,8
US-2016-134908,21.2280006408691,credit_card,4
US-2016-135209,33.5040016174316,credit_card,1
US-2016-135720,331.735992431641,credit_card,1
US-2016-135923,281.596008300781,credit_card,2
US-2016-136581,12.2639999389648,credit_card,2
US-2016-137295,217.089996337891,credit_card,4
US-2016-137547,55.007999420166,credit_card,6
US-2016-138408,9.84000015258789,voucher,2
US-2016-139087,2080.17797851563,debit_card,3
US-2016-139262,671.5,credit_card,4
US-2016-139388,207.845993041992,credit_card,8
US-2016-139486,44.3680000305176,credit_card,5
US-2016-139710,47.515998840332,credit_card,10
US-2016-140172,26.0960006713867,credit_card,8
US-2016-140809,91.2750015258789,debit_card,1
US-2016-141264,411.369995117188,credit_card,1
US-2016-141544,1532.34594726563,credit_card,1
US-2016-141880,314.351989746094,debit_card,1
US-2016-142251,11.7600002288818,credit_card,10
US-2016-142685,523.47998046875,credit_card,2
US-2016-143280,523.14599609375,credit_card,2
US-2016-143448,2519.9580078125,credit_card,1
US-2016-143819,689.221984863281,credit_card,10
US-2016-144057,841.640014648438,credit_card,2
US-2016-144211,150.360000610352,debit_card,1
US-2016-144351,41.3759994506836,debit_card,1
US-2016-144393,5.18400001525879,credit_card,10
US-2016-144477,1395.5400390625,credit_card,6
US-2016-144547,333.055999755859,credit_card,4
US-2016-146066,6.48000001907349,debit_card,8
US-2016-146570,271.660003662109,credit_card,1
US-2016-146710,1451.2099609375,credit_card,5
US-2016-146794,9.55200004577637,credit_card,2
US-2016-146857,13.0920000076294,credit_card,1
US-2016-147340,5.71500015258789,debit_card,2
US-2016-147711,818.262023925781,credit_card,4
US-2016-147991,349.964996337891,credit_card,2
US-2016-148110,94.9919967651367,credit_card,4
US-2016-148334,41.4720001220703,credit_card,3
US-2016-148803,20.7000007629395,credit_card,5
US-2016-148901,861.002014160156,credit_card,8
US-2016-148957,43.9360008239746,debit_card,2
US-2016-149790,3812.96997070313,credit_card,2
US-2016-150035,21.2040004730225,credit_card,1
US-2016-150140,178.384002685547,credit_card,5
US-2016-150147,1928.34204101563,debit_card,1
US-2016-150357,686.783203125,credit_card,1
US-2016-150567,335.924011230469,credit_card,3
US-2016-150861,149.259994506836,credit_card,5
US-2016-151260,7.40999984741211,credit_card,1
US-2016-151827,346.858001708984,credit_card,5
US-2016-152051,52.6240005493164,credit_card,1
US-2016-152373,41.9879989624023,credit_card,3
US-2016-152415,108.552001953125,credit_card,4
US-2016-152835,12.960000038147,debit_card,8
US-2016-153129,33.1100006103516,debit_card,10
US-2016-153815,367.574005126953,credit_card,3
US-2016-154256,32.4000015258789,credit_card,4
US-2016-154361,75.9800033569336,credit_card,1
US-2016-155103,766.739990234375,credit_card,2
US-2016-155173,468.5,credit_card,5
US-2016-155180,634.116027832031,credit_card,2
US-2016-155404,17.9400005340576,credit_card,1
US-2016-155768,72.0339965820313,credit_card,24
US-2016-155971,755.304016113281,credit_card,3
US-2016-156097,15.6000003814697,credit_card,5
US-2016-156692,60.7000007629395,credit_card,3
US-2016-156986,136.768005371094,credit_card,5
US-2016-157308,170.979995727539,credit_card,1
US-2016-157490,1735.71594238281,credit_card,1
US-2016-157728,50.8320007324219,credit_card,1
US-2016-157840,19.4400005340576,credit_card,6
US-2016-157945,1855.44995117188,credit_card,4
US-2016-158288,9.76200008392334,credit_card,8
US-2016-158680,22.42799949646,credit_card,5
US-2016-158708,126.624000549316,credit_card,1
US-2016-159093,354.899993896484,debit_card,1
US-2016-159415,55.9440002441406,credit_card,2
US-2016-159856,7.18400001525879,credit_card,5
US-2016-160528,179.048004150391,credit_card,4
US-2016-161396,281.399993896484,credit_card,10
US-2016-161844,10.3579998016357,credit_card,1
US-2016-162026,658.745971679688,credit_card,2
US-2016-162103,54.9000015258789,credit_card,10
US-2016-162677,407.865997314453,credit_card,4
US-2016-162852,3.28200006484985,credit_card,3
US-2016-162859,163.126007080078,credit_card,4
US-2016-163258,199.979995727539,credit_card,6
US-2016-163461,4367.89599609375,credit_card,12
US-2016-163538,27.496000289917,credit_card,2
US-2016-163881,1288.72094726563,credit_card,5
US-2016-164196,200.983993530273,debit_card,8
US-2016-164588,863.127990722656,credit_card,10
US-2016-164630,241.567993164063,credit_card,10
US-2016-164945,99.9800033569336,debit_card,6
US-2016-165078,110.482002258301,credit_card,1
US-2016-165505,708.39599609375,debit_card,8
US-2016-166660,1005.11602783203,credit_card,10
US-2016-167339,423.880004882813,credit_card,2
US-2016-167472,571.22998046875,credit_card,2
US-2016-168095,1253.53601074219,credit_card,4
US-2016-168410,636.390014648438,credit_card,8
US-2016-168620,220.134002685547,credit_card,9
US-2016-169040,756.47802734375,debit_card,4
US-2016-169369,9.69600009918213,credit_card,1
US-2017-100048,309.480010986328,credit_card,3
US-2017-100209,35.560001373291,credit_card,5
US-2017-100398,7.05600023269653,credit_card,10
US-2017-100482,782.119995117188,credit_card,1
US-2017-100930,2191.54809570313,credit_card,4
US-2017-101518,546.059997558594,credit_card,1
US-2017-101539,404.756011962891,credit_card,2
US-2017-101721,3.48600006103516,credit_card,6
US-2017-101784,48.6399993896484,debit_card,3
US-2017-101840,30.5599994659424,credit_card,8
US-2017-102183,273.739990234375,credit_card,10
US-2017-102288,186.384002685547,credit_card,2
US-2017-102638,97.9680023193359,credit_card,4
US-2017-102890,1007.97900390625,credit_card,2
US-2017-102904,316,credit_card,1
US-2017-103226,103.935997009277,credit_card,1
US-2017-103247,48.2060012817383,credit_card,2
US-2017-103814,59.5200004577637,credit_card,8
US-2017-104094,87.9199981689453,credit_card,4
US-2017-104437,12.7679996490479,credit_card,2
US-2017-104661,493.589996337891,credit_card,5
US-2017-104955,47.984001159668,credit_card,4
US-2017-105046,784.900024414063,debit_card,2
US-2017-105389,1087.59204101563,credit_card,3
US-2017-105830,21.5939998626709,credit_card,10
US-2017-105935,227.735000610352,credit_card,6
US-2017-105998,749.06201171875,credit_card,4
US-2017-106131,817.309997558594,credit_card,2
US-2017-106145,256.182006835938,credit_card,1
US-2017-106551,10.7799997329712,credit_card,2
US-2017-106579,8.02000045776367,credit_card,4
US-2017-106663,761.976013183594,credit_card,2
US-2017-106705,63.2000007629395,credit_card,4
US-2017-106796,30.0799999237061,credit_card,8
US-2017-107272,33.0200004577637,credit_card,4
US-2017-107384,241.535995483398,credit_card,8
US-2017-107636,13.0200004577637,credit_card,5
US-2017-107888,435.287994384766,credit_card,6
US-2017-107979,186.462005615234,credit_card,5
US-2017-108014,77.9520034790039,credit_card,8
US-2017-108063,387.720001220703,credit_card,4
US-2017-108245,18.8840007781982,credit_card,4
US-2017-108315,383.040008544922,credit_card,7
US-2017-108343,809,credit_card,5
US-2017-108700,74.9499969482422,credit_card,1
US-2017-109253,3609.0400390625,credit_card,10
US-2017-109316,41.1240005493164,credit_card,10
US-2017-109484,8.03999996185303,credit_card,3
US-2017-109582,387.135986328125,debit_card,1
US-2017-109610,646.739990234375,credit_card,1
US-2017-110149,382.773010253906,credit_card,8
US-2017-110576,575.710021972656,credit_card,1
US-2017-110604,211.539993286133,credit_card,2
US-2017-110646,183.832000732422,debit_card,3
US-2017-110989,6.84800004959106,credit_card,1
US-2017-110996,26.2199993133545,credit_card,4
US-2017-111024,205.526000976563,credit_card,3
US-2017-111241,416.320007324219,credit_card,10
US-2017-111423,1138.998046875,credit_card,3
US-2017-111745,18.9599990844727,credit_card,8
US-2017-111920,47.9799995422363,credit_card,5
US-2017-112347,2300.01196289063,credit_card,4
US-2017-112613,79.9899978637695,credit_card,5
US-2017-112928,639.968017578125,credit_card,2
US-2017-113201,5.03999996185303,credit_card,8
US-2017-113852,5.72800016403198,credit_card,10
US-2017-113992,279.959991455078,credit_card,1
US-2017-114034,619.950012207031,credit_card,5
US-2017-114356,17.9400005340576,credit_card,10
US-2017-115252,150.149993896484,debit_card,10
US-2017-115301,11.6479997634888,credit_card,10
US-2017-115595,22.9599990844727,credit_card,2
US-2017-115609,1013.48797607422,credit_card,2
US-2017-116491,1099.5,credit_card,10
US-2017-116505,213.216003417969,credit_card,5
US-2017-116652,569.557983398438,credit_card,1
US-2017-116701,76.5800018310547,credit_card,2
US-2017-116897,3758.56005859375,credit_card,10
US-2017-117247,142.220001220703,credit_card,2
US-2017-117450,273.279998779297,debit_card,2
US-2017-117534,108.817001342773,credit_card,5
US-2017-117723,8159.9521484375,credit_card,1
US-2017-118038,753.088012695313,credit_card,2
US-2017-118087,1991.75805664063,credit_card,2
US-2017-118157,43.5999984741211,credit_card,4
US-2017-118535,99.870002746582,credit_card,3
US-2017-118556,178.416000366211,credit_card,10
US-2017-118598,492.768005371094,credit_card,3
US-2017-118941,2502.912109375,credit_card,10
US-2017-119039,26.8999996185303,credit_card,2
US-2017-119319,34.5,credit_card,7
US-2017-119438,271.779998779297,debit_card,10
US-2017-119662,10.8599996566772,credit_card,5
US-2017-119816,798,credit_card,10
US-2017-120089,67.8000030517578,credit_card,2
US-2017-120147,134.800003051758,credit_card,2
US-2017-120390,2.59999990463257,credit_card,3
US-2017-120418,1123.56494140625,credit_card,5
US-2017-120607,220.960006713867,debit_card,10
US-2017-120649,39.6240005493164,voucher,6
US-2017-120908,106.319999694824,credit_card,8
US-2017-121251,255.570007324219,credit_card,6
US-2017-122637,41.4000015258789,voucher,3
US-2017-122672,140.343994140625,credit_card,2
US-2017-122714,6.63000011444092,credit_card,4
US-2017-123204,52.7599983215332,credit_card,4
US-2017-123281,67.9599990844727,credit_card,1
US-2017-123463,11.7600002288818,credit_card,2
US-2017-123834,66.0479965209961,credit_card,1
US-2017-123862,1265.90405273438,debit_card,6
US-2017-124779,691.081970214844,credit_card,2
US-2017-124821,51.5200004577637,credit_card,1
US-2017-124926,11.0319995880127,credit_card,10
US-2017-124968,166.240005493164,credit_card,3
US-2017-125213,39.8160018920898,credit_card,8
US-2017-125647,63.390998840332,credit_card,1
US-2017-125717,144.908004760742,credit_card,2
US-2017-125808,27.3600006103516,credit_card,1
US-2017-126053,124.23999786377,credit_card,3
US-2017-126060,2.51999998092651,credit_card,10
US-2017-126179,421.734008789063,credit_card,1
US-2017-127292,271.89599609375,credit_card,5
US-2017-127341,122.940002441406,credit_card,1
US-2017-127719,44.6879997253418,credit_card,4
US-2017-128118,84.0800018310547,credit_card,2
US-2017-128398,12.9899997711182,voucher,8
US-2017-128447,113.160003662109,credit_card,2
US-2017-128832,333.089996337891,credit_card,5
US-2017-128951,96.7760009765625,credit_card,2
US-2017-129203,186.048004150391,credit_card,10
US-2017-129224,132.520004272461,credit_card,7
US-2017-129441,10.4399995803833,debit_card,2
US-2017-129777,27.3239994049072,credit_card,3
US-2017-130603,8,credit_card,2
US-2017-130687,584.671997070313,debit_card,3
US-2017-130953,967.328002929688,credit_card,2
US-2017-131583,1256.21997070313,credit_card,8
US-2017-131849,459.040008544922,credit_card,1
US-2017-131961,746.159973144531,credit_card,4
US-2017-132031,922.848022460938,credit_card,3
US-2017-132059,215.315994262695,debit_card,1
US-2017-132206,211.039993286133,credit_card,3
US-2017-132220,36.2879981994629,credit_card,2
US-2017-132297,594.463989257813,credit_card,2
US-2017-132381,9.26000022888184,credit_card,9
US-2017-132444,1769.57604980469,credit_card,2
US-2017-132675,1395.63793945313,credit_card,3
US-2017-132927,2.22000002861023,debit_card,4
US-2017-133081,991.031982421875,credit_card,7
US-2017-133200,614.960021972656,credit_card,5
US-2017-133312,1688.47497558594,debit_card,10
US-2017-133361,2248.22802734375,credit_card,1
US-2017-133781,13.2080001831055,credit_card,10
US-2017-134481,4.04400014877319,debit_card,5
US-2017-134642,624.625,credit_card,1
US-2017-135013,36.8819999694824,debit_card,2
US-2017-135062,34.8600006103516,credit_card,2
US-2017-135503,1871.88000488281,credit_card,5
US-2017-135986,64.2180023193359,credit_card,2
US-2017-136189,15.6960000991821,voucher,3
US-2017-136679,480.656005859375,credit_card,2
US-2017-136707,14.8999996185303,credit_card,8
US-2017-136721,166.783996582031,credit_card,5
US-2017-136784,156.792007446289,credit_card,6
US-2017-136868,90.3040008544922,voucher,2
US-2017-137491,100.48999786377,debit_card,4
US-2017-138086,10.8999996185303,credit_card,2
US-2017-139465,374.652008056641,credit_card,2
US-2017-139577,163.960006713867,credit_card,4
US-2017-139647,300.929992675781,credit_card,13
US-2017-139955,223.580001831055,credit_card,3
US-2017-139969,45.9199981689453,credit_card,2
US-2017-140312,2.48000001907349,credit_card,1
US-2017-140907,644.294982910156,debit_card,6
US-2017-141509,5.23799991607666,credit_card,20
US-2017-141558,1192.9580078125,credit_card,1
US-2017-141698,32.6699981689453,credit_card,3
US-2017-141852,715.200012207031,credit_card,3
US-2017-141943,20.7000007629395,credit_card,8
US-2017-142188,1269.56994628906,credit_card,6
US-2017-142573,2007.82397460938,credit_card,10
US-2017-143028,155.371994018555,credit_card,10
US-2017-143175,3.91199994087219,credit_card,8
US-2017-143770,128.619995117188,credit_card,5
US-2017-144582,13.3439998626709,credit_card,8
US-2017-145366,637.927978515625,voucher,10
US-2017-145597,69.5,credit_card,4
US-2017-145863,590.254028320313,credit_card,1
US-2017-146213,20.7360000610352,credit_card,4
US-2017-146416,1509.15405273438,credit_card,3
US-2017-146822,314.549987792969,credit_card,8
US-2017-146878,357,credit_card,3
US-2017-146906,15.5279998779297,debit_card,5
US-2017-147655,12.8640003204346,credit_card,24
US-2017-147669,209.820007324219,credit_card,10
US-2017-147886,4600.64404296875,credit_card,2
US-2017-147984,24.8959999084473,credit_card,4
US-2017-147998,135.979995727539,credit_card,1
US-2017-148054,599.880004882813,credit_card,5
US-2017-148362,119.956001281738,credit_card,1
US-2017-148551,2.69600009918213,credit_card,1
US-2017-148768,107.940002441406,credit_card,2
US-2017-148831,13.8959999084473,credit_card,10
US-2017-148866,53.25,credit_card,6
US-2017-149006,30.3360004425049,credit_card,7
US-2017-150070,7.92000007629395,debit_card,2
US-2017-150595,499.019989013672,credit_card,5
US-2017-150847,4.76800012588501,debit_card,1
US-2017-151127,170.352005004883,credit_card,1
US-2017-151316,757.015991210938,credit_card,3
US-2017-152002,443.920013427734,credit_card,2
US-2017-152366,480.739990234375,debit_card,8
US-2017-152380,39.3120002746582,credit_card,5
US-2017-152492,14.6199998855591,credit_card,4
US-2017-152569,352.727996826172,credit_card,2
US-2017-152842,43.2599983215332,credit_card,6
US-2017-152898,13.1199998855591,credit_card,5
US-2017-153255,390.75,credit_card,1
US-2017-153633,44.6699981689453,credit_card,10
US-2017-153948,3623.919921875,credit_card,4
US-2017-154851,37.939998626709,credit_card,4
US-2017-154872,129.057998657227,credit_card,8
US-2017-155299,55.2639999389648,credit_card,1
US-2017-155425,1206.00402832031,credit_card,3
US-2017-155866,256.519989013672,credit_card,6
US-2017-155999,1716.47998046875,credit_card,2
US-2017-156083,8.01599979400635,credit_card,1
US-2017-156356,30.0359992980957,credit_card,10
US-2017-157224,2.50799989700317,debit_card,3
US-2017-157896,249.583999633789,credit_card,1
US-2017-158218,340.384002685547,credit_card,3
US-2017-158505,37.4379997253418,credit_card,1
US-2017-158512,276.701995849609,credit_card,2
US-2017-158526,532.211975097656,debit_card,8
US-2017-158946,8.72000026702881,credit_card,4
US-2017-159205,139.300003051758,debit_card,2
US-2017-159562,261.739990234375,credit_card,4
US-2017-160143,18.2800006866455,credit_card,4
US-2017-160465,4796.6318359375,credit_card,7
US-2017-160759,33.0880012512207,credit_card,2
US-2017-160836,325.2080078125,credit_card,5
US-2017-161193,1110.81799316406,credit_card,8
US-2017-161935,992.664001464844,credit_card,2
US-2017-162068,437.471984863281,credit_card,4
US-2017-162124,11.0880002975464,credit_card,2
US-2017-162208,25.9200000762939,credit_card,1
US-2017-162558,561.236022949219,debit_card,10
US-2017-162670,2108.80810546875,voucher,3
US-2017-163195,6.63000011444092,credit_card,10
US-2017-163300,171.779998779297,credit_card,8
US-2017-163657,48.2560005187988,debit_card,4
US-2017-163790,1824.41198730469,credit_card,8
US-2017-164056,4.81199979782104,credit_card,1
US-2017-164147,61.0169982910156,credit_card,3
US-2017-165456,15.25,debit_card,3
US-2017-165869,592.247985839844,credit_card,2
US-2017-165953,35.2480010986328,credit_card,1
US-2017-166037,155.371994018555,credit_card,5
US-2017-166233,32.7760009765625,credit_card,2
US-2017-166324,60.068000793457,debit_card,4
US-2017-166394,159.979995727539,credit_card,4
US-2017-166611,20.3400001525879,credit_card,4
US-2017-166688,308.015991210938,credit_card,9
US-2017-167318,18.9379997253418,credit_card,8
US-2017-167402,301.496002197266,credit_card,8
US-2017-167570,269.489990234375,credit_card,1
US-2017-167920,1229.26403808594,credit_card,2
US-2017-168116,51.431999206543,credit_card,8
US-2017-168613,347.802001953125,debit_card,5
US-2017-168690,11.5679998397827,credit_card,2
US-2017-168802,445.440002441406,credit_card,1
US-2017-169320,1291.56994628906,credit_card,2
US-2017-169488,254.684005737305,credit_card,8
US-2017-169502,847.794006347656,credit_card,2
US-2017-169551,641.226013183594,voucher,3