CustomerID,FirstName,LastName,Email,PhoneNumber,DateOfBirth,RegistrationDate,PreferredPaymentMethodID
CUST-08334,Yashvi,Manda,yashvi_515@hotmail.com,917105431882,1985-12-14,2005-06-20,PM-001
CUST-08335,Divyansh,Walia,divyansh.834@icloud.com,917961903214,2002-05-27,2020-12-14,PM-003
CUST-08336,Ishaan,Sunder,ishaan_252@icloud.com,918916353420,1974-11-01,2020-06-20,PM-001
CUST-08337,Ira,Ravel,ira_498@hotmail.com,918658519597,2002-01-16,2021-12-17,PM-002
CUST-08338,Ela,Saha,ela_590@yahoo.com,917465670610,1992-09-11,2021-07-14,PM-001
CUST-08339,Biju,Bhatt,biju.bhatt826@outlook.com,917618355428,1991-11-09,2015-01-22,PM-001
CUST-08340,Dishani,Kakar,dishani437@outlook.com,917548536729,1982-01-03,2015-08-23,PM-002
CUST-08341,Ryan,Manda,mandaryan894@icloud.com,919584379382,1993-12-01,2020-09-01,PM-002
CUST-08342,Yasmin,Gara,yasmin_345@icloud.com,917098446808,1983-08-01,2013-05-09,PM-001
CUST-08343,Akarsh,Badal,akarsh.525@hotmail.com,918031341760,1988-09-16,2020-06-28,PM-001
CUST-08344,Keya,Edwin,keya.955@gmail.com,918994531269,1984-09-21,2010-02-22,PM-003
CUST-08345,Tara,Kunda,tara.552@outlook.com,919830957378,1976-11-25,2024-04-04,PM-002
CUST-08346,Vritika,Buch,vritika.buch935@yahoo.com,918052492462,1977-02-28,2011-05-24,PM-003
CUST-08347,Jayant,Doctor,doctorjayant786@outlook.com,919258201570,1999-06-25,2020-08-08,PM-001
CUST-08348,Aarna,Maharaj,aarna528@icloud.com,918641777153,1985-05-16,2005-11-20,PM-004
CUST-08349,Kismat,Lad,kismat.lad588@hotmail.com,918678911864,2001-10-29,2021-07-25,PM-002
CUST-08350,Hridaan,Bajaj,hridaan_167@yahoo.com,918147876847,1985-11-23,2021-09-11,PM-004
CUST-08351,Kaira,Bhat,kaira.bhat841@outlook.com,919686323922,1991-11-25,2020-12-20,PM-001
CUST-08352,Ryan,Bhattacharyya,ryan.891@hotmail.com,917876145993,1993-06-29,2014-04-17,PM-004
CUST-08353,Rhea,Tella,rhea.tella489@gmail.com,919198857212,1988-11-16,2021-04-19,PM-003
CUST-08354,Navya,Madan,navya.madan351@hotmail.com,918322023956,1988-04-06,2012-06-22,PM-004
CUST-08355,Yashvi,Balan,yashvi.691@gmail.com,917636829154,1979-06-13,1999-04-27,PM-002
CUST-08356,Onkar,Biswas,onkar_131@icloud.com,918689249864,1989-10-19,2008-04-05,PM-002
CUST-08357,Manjari,Ray,raymanjari147@icloud.com,919478500712,1981-03-17,2023-09-19,PM-004
CUST-08358,Divit,Kara,divit578@gmail.com,918041837552,1986-11-20,2015-03-15,PM-004
CUST-08359,Khushi,Krish,khushi982@outlook.com,918312717687,1985-11-09,2006-01-23,PM-001
CUST-08360,Shray,Lata,latashray494@gmail.com,918317222724,1990-03-26,2009-08-05,PM-003
CUST-08361,Tiya,Grover,tiya.grover421@gmail.com,917607263120,2003-11-14,2022-11-06,PM-002
CUST-08362,Kartik,Bahri,kartik_307@icloud.com,917006823213,1992-05-22,2015-12-13,PM-002
CUST-08363,Rhea,Varkey,rhea.327@outlook.com,917190331630,1997-03-17,2017-01-21,PM-004
CUST-08364,Tushar,Batta,tushar_959@icloud.com,918759091920,2005-04-01,2024-01-22,PM-003
CUST-08365,Biju,Lad,biju101@gmail.com,919264884110,1979-06-16,1998-09-27,PM-003
CUST-08366,Ela,Kohli,ela_416@icloud.com,917275085307,1983-06-03,2007-09-15,PM-003
CUST-08367,Parinaaz,Roy,parinaaz.roy239@gmail.com,917867173714,1991-12-23,2018-08-18,PM-003
CUST-08368,Samiha,Sodhi,sodhisamiha134@outlook.com,917540417352,1978-07-21,2004-12-26,PM-003
CUST-08369,Yakshit,Chakrabarti,yakshit.chakrabarti853@yahoo.com,917816651738,1981-09-26,2013-05-15,PM-004
CUST-08370,Yuvaan,Bhardwaj,yuvaan344@yahoo.com,919603009564,2000-04-20,2019-11-23,PM-001
CUST-08371,Priyansh,Loke,priyansh.741@yahoo.com,919924540501,1978-05-10,1998-01-23,PM-004
CUST-08372,Taran,Sarna,taran_634@gmail.com,918528830254,2000-12-02,2020-01-08,PM-001
CUST-08373,Urvi,Gill,urvi_514@yahoo.com,919455484153,1981-10-02,2021-06-04,PM-001
CUST-08374,Jiya,Shan,jiya.shan186@hotmail.com,917511899991,1995-07-25,2016-01-17,PM-001
CUST-08375,Mishti,Solanki,mishti.556@yahoo.com,917657935552,1978-08-18,2016-09-20,PM-003
CUST-08376,Adira,Kadakia,adira893@icloud.com,919918547170,1982-01-24,2017-11-24,PM-004
CUST-08377,Divyansh,Ghose,divyansh602@gmail.com,918250434692,1985-04-15,2006-11-01,PM-001
CUST-08378,Miraya,Som,miraya_945@yahoo.com,918467245497,1992-02-21,2012-04-22,PM-002
CUST-08379,Dhanuk,Toor,dhanuk_501@outlook.com,917794268355,1981-01-04,2006-04-29,PM-002
CUST-08380,Miraya,Babu,miraya528@outlook.com,918448049921,1987-12-29,2006-11-05,PM-001
CUST-08381,Shanaya,Saran,saranshanaya444@outlook.com,917461911181,1996-03-02,2020-01-11,PM-001
CUST-08382,Indrajit,Sachar,indrajit.879@hotmail.com,919421802566,1987-10-05,2019-01-24,PM-002
CUST-08383,Rohan,Dyal,rohan.918@gmail.com,919227580198,1992-01-18,2012-05-24,PM-003
CUST-08384,Siya,Datta,dattasiya262@gmail.com,918188390268,1978-09-24,2015-10-19,PM-004
CUST-08385,Yasmin,Guha,guhayasmin616@gmail.com,917406241523,2000-04-24,2024-05-29,PM-001
CUST-08386,Taran,Bath,bathtaran356@hotmail.com,919362323671,1985-05-14,2003-09-24,PM-003
CUST-08387,Mahika,Bajaj,mahika.964@outlook.com,919077986308,2001-10-27,2023-11-08,PM-004
CUST-08388,Kaira,Chakraborty,kaira.chakraborty389@outlook.com,919727185421,1983-07-28,2013-11-22,PM-002
CUST-08389,Devansh,Manda,devansh218@gmail.com,919222701386,1991-01-04,2017-11-17,PM-004
CUST-08390,Vihaan,Sule,sulevihaan515@yahoo.com,919803540128,1987-10-26,2013-09-21,PM-003
CUST-08391,Ivan,Savant,ivan.savant299@outlook.com,919725916227,1998-04-18,2022-10-22,PM-003
CUST-08392,Vidur,Raja,vidur.579@outlook.com,918602676827,2002-10-24,2021-09-30,PM-002
CUST-08393,Uthkarsh,Chakraborty,uthkarsh.393@outlook.com,919912810001,2003-04-14,2023-09-04,PM-004
CUST-08394,Badal,Dhar,badal_899@hotmail.com,917127997805,1991-08-17,2013-06-18,PM-001
CUST-08395,Sana,Saxena,sana.345@gmail.com,919814204342,2004-09-29,2022-11-14,PM-001
CUST-08396,Azad,Keer,keerazad642@yahoo.com,919513574412,1976-03-09,1998-01-25,PM-003
CUST-08397,Umang,Khare,umang_778@outlook.com,919128965378,1984-06-05,2017-11-10,PM-004
CUST-08398,Faiyaz,Tata,faiyaz.tata611@outlook.com,917523920522,1980-09-14,2009-09-16,PM-001
CUST-08399,Emir,Sama,emir.sama430@outlook.com,919491940047,1988-08-08,2019-11-11,PM-003
CUST-08400,Adira,Zacharia,adira820@hotmail.com,918264381680,1977-03-25,2020-12-08,PM-003
CUST-08401,Tara,Sandal,sandaltara696@hotmail.com,917479213091,1978-05-06,1998-12-01,PM-004
CUST-08402,Dhanush,Badami,dhanush_227@gmail.com,917129566443,1979-04-05,2007-10-17,PM-001
CUST-08403,Divit,Tripathi,divit370@outlook.com,918196738658,2003-05-13,2024-05-12,PM-004
CUST-08404,Shlok,Salvi,shlok_906@icloud.com,917312792737,1993-10-09,2012-10-24,PM-004
CUST-08405,Manjari,Maharaj,manjari.maharaj424@gmail.com,918418270357,2003-09-06,2022-01-23,PM-003
CUST-08406,Divyansh,Vohra,vohradivyansh554@yahoo.com,917843899243,1977-03-13,2000-10-08,PM-002
CUST-08407,Tiya,Dixit,tiya617@gmail.com,917838737472,1985-01-26,2018-10-24,PM-002
CUST-08408,Shamik,Sridhar,shamik479@icloud.com,917310354219,1982-11-06,2008-07-16,PM-004
CUST-08409,Alisha,Hans,hansalisha808@outlook.com,919186226268,1976-06-11,1998-02-08,PM-001
CUST-08410,Anay,Atwal,anay600@hotmail.com,918169163663,1989-04-06,2010-02-27,PM-003
CUST-08411,Manikya,Shah,manikya.shah528@icloud.com,918233619063,1995-07-31,2018-09-05,PM-002
CUST-08412,Devansh,Kurian,devansh.kurian113@yahoo.com,919888066018,1995-04-27,2013-05-06,PM-001
CUST-08413,Onkar,Agrawal,agrawalonkar978@gmail.com,919534781075,1989-08-05,2012-11-06,PM-001
CUST-08414,Neelofar,Mani,neelofar.255@yahoo.com,918458458931,1985-10-19,2009-12-19,PM-001
CUST-08415,Krish,Magar,magarkrish186@outlook.com,918244311020,1991-11-21,2014-07-17,PM-001
CUST-08416,Veer,Seth,veer779@yahoo.com,918044676453,2005-05-07,2024-04-20,PM-003
CUST-08417,Divyansh,Kulkarni,divyansh_551@hotmail.com,917715106202,2000-10-29,2021-04-08,PM-001
CUST-08418,Urvi,Bandi,urvi508@outlook.com,918459443243,1986-02-26,2023-09-18,PM-001
CUST-08419,Shalv,Barad,baradshalv687@hotmail.com,917289487732,1995-03-27,2013-10-27,PM-003
CUST-08420,Advik,Baria,advik_102@yahoo.com,918093330743,1984-05-11,2009-12-12,PM-004
CUST-08421,Lavanya,Sawhney,lavanya.sawhney308@outlook.com,918676754065,1989-01-10,2019-09-10,PM-001
CUST-08422,Heer,Dewan,heer.dewan602@yahoo.com,917811825024,1980-12-05,2011-04-15,PM-004
CUST-08423,Jayesh,Krishna,jayesh.757@yahoo.com,917846980859,1996-09-23,2023-11-07,PM-002
CUST-08424,Tara,Dutt,dutttara962@hotmail.com,919530855933,1985-11-01,2008-08-21,PM-002
CUST-08425,Riya,Shenoy,riya513@gmail.com,919073933956,1994-12-28,2019-12-09,PM-002
CUST-08426,Ira,Ahluwalia,ira.399@yahoo.com,919259562757,1975-06-12,2009-12-10,PM-003
CUST-08427,Chirag,Rao,chirag640@hotmail.com,918280462078,1984-09-05,2004-11-02,PM-001
CUST-08428,Vihaan,Amble,vihaan.460@yahoo.com,919610544841,1980-12-16,2005-09-23,PM-003
CUST-08429,Arnav,Bahri,arnav703@outlook.com,917986773421,1997-06-06,2024-02-08,PM-002
CUST-08430,Pranay,Soni,pranay.soni750@gmail.com,917621227478,2004-08-10,2023-10-09,PM-001
CUST-08431,Sana,Dube,sana.432@hotmail.com,918231615260,1986-06-18,2006-06-22,PM-004
CUST-08432,Kiaan,Swamy,kiaan_864@hotmail.com,918854548716,1989-03-02,2011-01-30,PM-004
CUST-08433,Aaina,Goel,aaina.269@outlook.com,917415079474,1993-08-30,2022-12-28,PM-003
CUST-08434,Ivan,Bassi,ivan.bassi161@icloud.com,917172016200,1989-09-03,2021-04-03,PM-003
CUST-08435,Vedika,Sharaf,vedika.sharaf680@outlook.com,919474716888,2004-10-26,2023-12-01,PM-002
CUST-08436,Samiha,Maharaj,samiha.maharaj263@gmail.com,919913908792,1988-01-10,2017-08-20,PM-004
CUST-08437,Keya,Koshy,keya.934@yahoo.com,917960769950,1985-05-24,2010-10-09,PM-001
CUST-08438,Kavya,Roy,kavya_759@icloud.com,917523704410,1983-12-02,2015-10-19,PM-004
CUST-08439,Nirvi,Bir,nirvi.113@icloud.com,917036096526,1988-12-31,2008-07-03,PM-004
CUST-08440,Kavya,Bajaj,kavya_799@icloud.com,918257745943,1991-12-05,2021-01-18,PM-001
CUST-08441,Mishti,Ganesan,mishti.ganesan632@icloud.com,918507325410,1990-07-22,2010-11-12,PM-001
CUST-08442,Nirvaan,Agrawal,nirvaan.857@gmail.com,918742293546,1985-10-21,2010-07-13,PM-003
CUST-08443,Kiaan,Deol,kiaan428@outlook.com,917526110854,1978-11-01,2004-06-14,PM-001
CUST-08444,Madhup,Bandi,bandimadhup849@gmail.com,917208931409,2006-01-13,2024-02-02,PM-002
CUST-08445,Zoya,Ghose,zoya_872@yahoo.com,918437786385,1980-07-18,2000-09-08,PM-003
CUST-08446,Kartik,Dhingra,kartik180@outlook.com,917329548888,2002-08-13,2022-10-30,PM-002
CUST-08447,Kaira,Ravi,ravikaira712@icloud.com,919006512410,1980-06-01,2024-06-01,PM-002
CUST-08448,Lavanya,Issac,lavanya.issac183@outlook.com,919322116474,1976-01-01,2018-06-02,PM-003
CUST-08449,Anya,Chand,anya_433@outlook.com,918288368530,1985-12-18,2012-12-14,PM-003
CUST-08450,Aarush,Chaudry,aarush.650@yahoo.com,918234019532,1979-08-14,2014-03-05,PM-004
CUST-08451,Azad,Saha,sahaazad709@hotmail.com,918183048053,1980-11-29,2005-03-03,PM-002
CUST-08452,Inaaya ,Bali,baliinaaya 628@icloud.com,917293051513,1995-12-01,2018-04-08,PM-004
CUST-08453,Ishita,Mane,ishita986@hotmail.com,917181696460,2000-03-08,2018-12-30,PM-002
CUST-08454,Madhup,Sanghvi,madhup.sanghvi714@hotmail.com,917327701447,1986-10-12,2011-07-10,PM-001
CUST-08455,Faiyaz,Ram,faiyaz.ram627@yahoo.com,917871496061,1985-06-28,2012-03-14,PM-001
CUST-08456,Sana,Sethi,sethisana805@icloud.com,918552460856,2003-09-16,2023-01-28,PM-003
CUST-08457,Kimaya,Dave,kimaya102@icloud.com,917442535276,1995-09-08,2017-04-07,PM-004
CUST-08458,Shlok,Gill,shlok_610@icloud.com,917665759795,1986-05-14,2007-05-25,PM-001
CUST-08459,Mishti,Sheth,mishti_303@yahoo.com,919288435357,1983-11-11,2016-02-13,PM-004
CUST-08460,Myra,Dubey,dubeymyra835@hotmail.com,919505391793,1980-10-26,2009-03-23,PM-003
CUST-08461,Madhup,Bumb,madhup_917@icloud.com,918064468278,1993-02-07,2020-03-22,PM-004
CUST-08462,Divit,Sem,semdivit821@hotmail.com,917451340529,2003-11-03,2022-01-21,PM-002
CUST-08463,Sahil,Kapoor,sahil.695@hotmail.com,917382124920,2004-11-28,2024-06-10,PM-002
CUST-08464,Shayak,Buch,shayak.buch389@gmail.com,918712477551,2001-11-10,2020-12-21,PM-003
CUST-08465,Shalv,Banerjee,shalv.banerjee542@gmail.com,919159315851,1975-10-17,2017-06-22,PM-001
CUST-08466,Manikya,Balasubramanian,manikya.309@icloud.com,918265215373,1999-01-24,2018-08-24,PM-003
CUST-08467,Aarna,Iyer,aarna_611@icloud.com,917201178603,1998-01-10,2021-09-19,PM-004
CUST-08468,Kaira,Bakshi,kaira_600@yahoo.com,917900237702,1995-05-26,2015-01-09,PM-004
CUST-08469,Renee,Dash,renee.574@yahoo.com,918386638326,2003-03-08,2022-11-12,PM-002
CUST-08470,Ritvik,Kohli,ritvik_133@outlook.com,919017820642,1982-06-09,2006-05-04,PM-004
CUST-08471,Anya,Srinivasan,anya919@hotmail.com,918605633344,1991-11-24,2013-05-05,PM-001
CUST-08472,Sara,Virk,sara_449@hotmail.com,918447601037,2004-03-18,2022-12-31,PM-002
CUST-08473,Alia,Kumer,alia_768@yahoo.com,919942977739,1998-10-09,2023-02-18,PM-004
CUST-08474,Hansh,Dora,hansh914@outlook.com,919905073406,1976-07-13,2010-12-18,PM-004
CUST-08475,Hrishita,Mahajan,hrishita941@outlook.com,919796410948,1994-12-24,2013-01-25,PM-004
CUST-08476,Myra,Shah,myra.shah415@yahoo.com,917665735000,2000-01-31,2023-03-10,PM-004
CUST-08477,Yuvaan,Behl,yuvaan.behl953@yahoo.com,919507720873,1985-08-06,2015-02-12,PM-003
CUST-08478,Faiyaz,Chopra,faiyaz301@icloud.com,919331974456,1975-05-30,2007-06-19,PM-004
CUST-08479,Krish,Tripathi,krish.427@gmail.com,919723588679,1979-12-28,2015-07-18,PM-003
CUST-08480,Vidur,Sachdev,sachdevvidur218@yahoo.com,919471157820,1994-04-10,2012-06-11,PM-004
CUST-08481,Purab,Bera,purab396@yahoo.com,919388473356,1983-10-10,2017-11-07,PM-003
CUST-08482,Suhana,Sarkar,suhana_254@gmail.com,918197252032,1994-10-09,2023-05-21,PM-003
CUST-08483,Romil,Sood,romil768@yahoo.com,919838217832,1976-09-21,2002-09-28,PM-004
CUST-08484,Vihaan,Dhillon,vihaan564@yahoo.com,918084281248,1982-10-27,2022-11-14,PM-004
CUST-08485,Armaan,Kapur,armaan.955@outlook.com,919667317851,2005-09-03,2023-10-14,PM-002
CUST-08486,Vanya,Kapadia,vanya_459@icloud.com,919264476043,1985-04-09,2006-02-22,PM-001
CUST-08487,Kavya,Dalal,kavya.989@yahoo.com,917482308893,2005-04-19,2024-01-05,PM-003
CUST-08488,Mannat,Sawhney,sawhneymannat988@yahoo.com,917900810196,1977-04-04,2009-10-21,PM-001
CUST-08489,Armaan,Badami,badamiarmaan775@hotmail.com,918628507896,1994-01-24,2018-09-26,PM-003
CUST-08490,Rasha,Jhaveri,rasha.770@hotmail.com,917626893090,1990-06-05,2015-07-07,PM-004
CUST-08491,Mamooty,Srivastava,mamooty.srivastava209@outlook.com,917030228317,1977-06-07,2012-12-25,PM-002
CUST-08492,Indrans,Varma,varmaindrans383@outlook.com,919042205966,1982-09-04,2012-07-28,PM-003
CUST-08493,Mehul,Subramaniam,mehul_838@gmail.com,919258658585,1986-08-28,2009-08-15,PM-002
CUST-08494,Parinaaz,Chaudry,parinaaz338@outlook.com,919513880305,1974-08-29,2017-12-04,PM-004
CUST-08495,Madhup,Badal,badalmadhup203@yahoo.com,919379083840,2004-10-22,2024-01-10,PM-001
CUST-08496,Nakul,Deshpande,deshpandenakul260@outlook.com,918543805928,1985-01-04,2007-09-26,PM-002
CUST-08497,Myra,Char,charmyra674@icloud.com,919214093711,2004-04-13,2023-11-25,PM-003
CUST-08498,Amira,Gera,amira890@gmail.com,918771203410,1985-10-23,2016-01-25,PM-001
CUST-08499,Hiran,Contractor,hiran238@gmail.com,917180157455,1993-05-11,2014-03-24,PM-001
CUST-08500,Aaina,Sura,aaina.sura673@hotmail.com,919251545435,1991-07-31,2009-09-30,PM-002
CUST-08501,Damini,Sachdeva,damini.333@gmail.com,918692756081,1981-08-21,2016-08-17,PM-001
CUST-08502,Vritika,Saran,vritika_970@hotmail.com,918148681552,1982-10-13,2020-01-22,PM-002
CUST-08503,Zain,Chauhan,zain.chauhan172@gmail.com,917136016083,1999-05-31,2020-04-20,PM-003
CUST-08504,Nitara,Deol,nitara_735@hotmail.com,917566152752,1979-04-13,2023-06-11,PM-001
CUST-08505,Jivika,Wable,jivika.wable938@outlook.com,919551840149,1995-04-22,2014-12-06,PM-003
CUST-08506,Umang,Ravel,umang.ravel707@icloud.com,918856352862,1994-05-05,2022-03-07,PM-001
CUST-08507,Piya,Swamy,piya_466@icloud.com,918006103683,1992-03-02,2011-02-14,PM-003
CUST-08508,Nishith,Bala,nishith_741@gmail.com,917170379993,1979-11-30,1999-05-14,PM-002
CUST-08509,Advik,Dhar,advik.dhar523@gmail.com,917895654381,1977-07-11,2019-05-23,PM-002
CUST-08510,Advika,Virk,advika.virk391@yahoo.com,919138414498,2004-01-18,2022-09-12,PM-001
CUST-08511,Adah,Johal,adah483@gmail.com,919319582636,1984-11-29,2014-12-11,PM-001
CUST-08512,Arnav,Bains,bainsarnav210@yahoo.com,917980166456,1978-06-18,2011-02-26,PM-004
CUST-08513,Bhamini,Ramachandran,bhamini.355@icloud.com,918735859209,1990-04-05,2014-11-06,PM-002
CUST-08514,Anahi,Korpal,anahi800@hotmail.com,917514448341,1992-09-13,2016-05-20,PM-003
CUST-08515,Shayak,Gill,shayak_159@yahoo.com,918221567852,2004-11-20,2023-11-25,PM-001
CUST-08516,Biju,Hayre,biju.hayre860@gmail.com,918133203211,1996-10-20,2021-04-16,PM-003
CUST-08517,Yuvraj ,Andra,andrayuvraj 469@gmail.com,919763091846,1983-01-07,2020-05-13,PM-004
CUST-08518,Himmat,Din,himmat457@outlook.com,917426605577,1991-08-27,2009-09-17,PM-004
CUST-08519,Azad,Gaba,azad.319@icloud.com,919632523345,1980-03-21,2019-05-01,PM-003
CUST-08520,Raunak,Sanghvi,raunak.sanghvi439@gmail.com,918889095825,1999-12-09,2019-09-19,PM-001
CUST-08521,Mohanlal,Mall,mohanlal.mall863@icloud.com,917798449260,1989-03-30,2009-06-05,PM-004
CUST-08522,Rati,Rajagopal,rati.225@gmail.com,917683781619,1979-06-26,2001-07-27,PM-004
CUST-08523,Riaan,Karpe,riaan.karpe977@gmail.com,919455001973,1994-12-29,2014-08-17,PM-004
CUST-08524,Drishya,Savant,drishya.savant740@yahoo.com,918412454336,1986-04-03,2019-07-23,PM-004
CUST-08525,Vivaan,Kumar,kumarvivaan914@outlook.com,917216431238,1982-02-02,2004-06-22,PM-003
CUST-08526,Ahana ,Raman,ahana .879@yahoo.com,918378219795,1989-10-17,2022-01-28,PM-001
CUST-08527,Advika,Maharaj,advika.328@icloud.com,918212962888,1983-09-13,2018-03-20,PM-002
CUST-08528,Aarav,Ray,aarav544@hotmail.com,919105696809,1984-02-03,2018-07-05,PM-004
CUST-08529,Rania,Dube,rania.403@gmail.com,918032713039,1994-04-30,2023-09-09,PM-003
CUST-08530,Dhanush,Bhatti,dhanush.bhatti386@gmail.com,917809317541,1988-05-10,2011-12-08,PM-002
CUST-08531,Riya,Toor,riya.toor817@gmail.com,917558504342,2004-10-10,2022-12-25,PM-001
CUST-08532,Zain,Mani,zain.974@hotmail.com,917686855677,1982-02-19,2007-12-09,PM-003
CUST-08533,Nishith,Balasubramanian,nishith_912@outlook.com,918613560536,1980-10-12,2023-05-15,PM-004
CUST-08534,Saksham,Buch,saksham.buch998@gmail.com,919503720338,1995-12-12,2023-05-19,PM-003
CUST-08535,Hridaan,Suresh,sureshhridaan781@yahoo.com,917092330314,1992-11-08,2015-04-06,PM-001
CUST-08536,Divyansh,Kala,kaladivyansh430@yahoo.com,919769520710,2003-05-06,2022-10-29,PM-001
CUST-08537,Anika,Guha,guhaanika582@outlook.com,918952784656,1981-04-05,2015-10-15,PM-003
CUST-08538,Mamooty,Gole,mamooty312@gmail.com,919473022589,1983-09-30,2017-06-13,PM-003
CUST-08539,Prerak,Ravel,ravelprerak313@outlook.com,917372572130,1978-07-25,2008-11-13,PM-001
CUST-08540,Alia,Hayer,alia.542@yahoo.com,919544160858,1982-08-04,2006-10-12,PM-001
CUST-08541,Lakshay,Gola,lakshay_221@gmail.com,918005594426,1999-05-09,2019-04-21,PM-001
CUST-08542,Alisha,Magar,alisha658@icloud.com,917187643705,1998-04-22,2017-05-06,PM-004
CUST-08543,Nitya,Sampath,nitya_737@yahoo.com,918164871478,1985-06-21,2006-05-20,PM-003
CUST-08544,Jayesh,Karnik,jayesh.680@gmail.com,918564283571,1988-10-26,2010-02-06,PM-001
CUST-08545,Kismat,Kanda,kismat_755@yahoo.com,917146315090,1993-12-17,2017-10-22,PM-004
CUST-08546,Jayant,Saran,jayant_255@icloud.com,917687479747,2002-06-19,2021-09-01,PM-003
CUST-08547,Shanaya,Shankar,shanaya_469@gmail.com,918353606584,1978-09-04,2013-08-28,PM-002
CUST-08548,Fateh,Sandal,fateh.746@gmail.com,917414178643,1975-11-14,2012-11-27,PM-002
CUST-08549,Elakshi,Bora,elakshi138@outlook.com,917401653694,1987-05-11,2011-12-03,PM-001
CUST-08550,Anya,D’Alia,anya.422@hotmail.com,918458869792,2006-02-19,2024-04-23,PM-002
CUST-08551,Devansh,Balasubramanian,devansh.balasubramanian940@gmail.com,919544525632,1974-07-21,2003-03-28,PM-001
CUST-08552,Ryan,Datta,ryan.datta459@icloud.com,917275997966,2003-02-05,2023-09-01,PM-001
CUST-08553,Saksham,Chad,saksham.chad407@icloud.com,917417592871,1983-07-01,2004-01-25,PM-002
CUST-08554,Tejas,Ganesan,tejas136@outlook.com,917478314077,1997-11-18,2021-12-15,PM-003
CUST-08555,Nitya,Rau,raunitya281@icloud.com,917056217901,1989-01-06,2008-09-11,PM-001
CUST-08556,Kismat,Bhandari,kismat725@gmail.com,918139072923,1992-10-31,2019-06-13,PM-002
CUST-08557,Jayant,Chowdhury,jayant882@icloud.com,917078263896,2004-09-11,2023-11-11,PM-004
CUST-08558,Armaan,Madan,armaan.madan645@gmail.com,919832409384,2005-12-01,2024-02-08,PM-004
CUST-08559,Samar,Sane,samar.sane968@yahoo.com,918784831639,1987-07-22,2023-04-07,PM-001
CUST-08560,Darshit,Sagar,darshit972@gmail.com,917421202234,1992-03-30,2012-10-08,PM-002
CUST-08561,Kashvi,Bath,kashvi.bath606@icloud.com,919629377201,1978-04-26,2021-05-10,PM-004
CUST-08562,Ela,Bava,ela.bava761@hotmail.com,918464252262,1981-07-27,2012-11-06,PM-003
CUST-08563,Emir,Rajan,emir.rajan348@yahoo.com,917710642509,1990-01-09,2021-05-31,PM-001
CUST-08564,Hrishita,Deshpande,hrishita_446@outlook.com,918142267915,2004-11-30,2023-05-07,PM-001
CUST-08565,Mahika,Saxena,mahika_910@gmail.com,917219775567,1983-08-04,2006-09-25,PM-001
CUST-08566,Yuvraj ,Mandal,yuvraj .mandal228@icloud.com,918933285482,1978-05-26,1997-01-11,PM-004
CUST-08567,Shayak,Choudhary,shayak.choudhary641@hotmail.com,917279518865,1979-06-29,2023-10-19,PM-004
CUST-08568,Samiha,Varma,varmasamiha445@icloud.com,919885229281,1999-05-08,2022-02-08,PM-002
CUST-08569,Krish,Rajagopalan,rajagopalankrish700@outlook.com,919491623259,1978-09-19,2013-11-09,PM-003
CUST-08570,Shalv,Guha,guhashalv902@gmail.com,918572434630,1981-07-05,2000-12-19,PM-002
CUST-08571,Onkar,Badami,onkar.badami282@outlook.com,919886599134,1998-03-26,2019-03-08,PM-004
CUST-08572,Fateh,Jain,fateh.jain640@gmail.com,919409747495,1999-02-28,2022-11-27,PM-004
CUST-08573,Biju,Dani,danibiju433@outlook.com,917384703505,1994-12-14,2017-12-09,PM-002
CUST-08574,Amira,Ravel,amira_552@icloud.com,917258135018,1976-03-07,2001-06-23,PM-001
CUST-08575,Ahana ,Cheema,ahana .cheema279@hotmail.com,919810992542,1981-01-04,2002-11-08,PM-003
CUST-08576,Divit,Dubey,divit_888@yahoo.com,919549291890,1997-08-31,2022-04-06,PM-002
CUST-08577,Vidur,Goda,vidur312@outlook.com,917577392965,1989-09-27,2009-01-22,PM-001
CUST-08578,Parinaaz,Bali,parinaaz.bali890@outlook.com,917931412138,1975-07-21,2017-08-25,PM-001
CUST-08579,Jivin,Raja,jivin.189@hotmail.com,917547798915,1980-05-30,2002-09-18,PM-001
CUST-08580,Jayan,Lala,lalajayan535@gmail.com,919478569842,1991-03-13,2013-10-31,PM-001
CUST-08581,Ivana,Kanda,ivana_226@yahoo.com,917446210077,1991-06-25,2023-07-17,PM-003
CUST-08582,Anya,Badami,anya.badami719@hotmail.com,917940162658,1977-01-01,1997-01-13,PM-002
CUST-08583,Lagan,Chokshi,lagan.chokshi115@icloud.com,919717231372,1998-07-21,2019-10-25,PM-004
CUST-08584,Kabir,Sarkar,kabir.215@outlook.com,918834068218,1985-07-01,2018-01-08,PM-002
CUST-08585,Kismat,Dutta,kismat172@outlook.com,917615311913,1993-12-07,2013-11-16,PM-004
CUST-08586,Yakshit,Agrawal,yakshit.781@yahoo.com,917377720586,1993-03-13,2022-03-09,PM-003
CUST-08587,Madhup,Rana,madhup848@icloud.com,917407188812,1996-01-19,2017-09-02,PM-004
CUST-08588,Mannat,Bassi,mannat.660@gmail.com,919450445024,1985-07-07,2012-02-23,PM-004
CUST-08589,Stuvan,Chandran,stuvan_841@hotmail.com,919260099235,2001-02-25,2022-06-27,PM-003
CUST-08590,Madhav,Aggarwal,madhav.638@icloud.com,918155264273,2004-01-11,2022-11-15,PM-003
CUST-08591,Pranay,Varkey,pranay.varkey604@outlook.com,919612569620,2005-02-23,2023-03-07,PM-002
CUST-08592,Mamooty,Yohannan,yohannanmamooty757@yahoo.com,918422369469,1997-07-05,2020-05-25,PM-002
CUST-08593,Ivana,Choudhury,ivana_573@yahoo.com,918533992714,1979-03-02,2004-08-17,PM-002
CUST-08594,Ishita,Arya,ishita_703@outlook.com,918429295036,1982-07-04,2012-03-10,PM-004
CUST-08595,Arnav,Krishnan,arnav714@outlook.com,917216817357,1975-01-25,2008-06-21,PM-002
CUST-08596,Urvi,Mani,urvi.346@hotmail.com,917192559232,1996-10-26,2018-05-19,PM-003
CUST-08597,Divyansh,Bumb,bumbdivyansh603@hotmail.com,919834715397,1992-03-26,2023-01-28,PM-002
CUST-08598,Prerak,Goswami,prerak_848@hotmail.com,917745585111,2006-02-25,2024-05-01,PM-003
CUST-08599,Advik,Shere,shereadvik537@outlook.com,918985319512,1999-09-22,2018-05-03,PM-001
CUST-08600,Navya,Date,navya.119@icloud.com,917213061059,1985-01-23,2018-05-18,PM-002
CUST-08601,Parinaaz,Kota,parinaaz.kota517@yahoo.com,917285872542,1995-05-05,2020-01-18,PM-001
CUST-08602,Prisha,Deshmukh,prisha.deshmukh398@icloud.com,919329613015,1991-12-30,2022-08-13,PM-003
CUST-08603,Krish,Raval,ravalkrish681@gmail.com,918994769305,1989-09-13,2008-12-12,PM-003
CUST-08604,Kaira,Mahajan,kaira898@yahoo.com,917745732800,1987-10-08,2012-09-03,PM-004
CUST-08605,Sumer,Wali,walisumer529@outlook.com,918560851255,1988-05-21,2008-04-02,PM-004
CUST-08606,Nirvaan,Srivastava,nirvaan_409@yahoo.com,917993347487,1991-06-02,2021-12-07,PM-001
CUST-08607,Aaryahi,Dasgupta,aaryahi824@icloud.com,918603233468,1996-12-01,2019-08-17,PM-002
CUST-08608,Advik,Dave,advik_375@outlook.com,918320136512,1974-12-04,1998-03-11,PM-001
CUST-08609,Ahana ,Yogi,ahana .yogi600@yahoo.com,919238303371,1993-06-09,2012-03-11,PM-004
CUST-08610,Piya,Sura,piya992@outlook.com,919351883488,1975-04-30,2023-11-16,PM-004
CUST-08611,Anay,Raj,rajanay522@hotmail.com,917987307653,1992-08-25,2016-01-24,PM-003
CUST-08612,Kimaya,Mand,kimaya_253@hotmail.com,919665820728,1989-02-26,2011-01-04,PM-001
CUST-08613,Baiju,Walia,baiju.378@hotmail.com,918362337243,1997-02-05,2016-05-06,PM-001
CUST-08614,Romil,Halder,romil.halder960@outlook.com,917480944536,1987-04-03,2006-03-20,PM-001
CUST-08615,Biju,Tella,biju.tella253@yahoo.com,918551445421,2001-09-03,2022-05-13,PM-003
CUST-08616,Nayantara,Gopal,nayantara_735@outlook.com,918510743290,1983-07-10,2021-12-22,PM-003
CUST-08617,Divij,Badami,divij_227@gmail.com,917762988350,1975-07-23,2022-08-05,PM-003
CUST-08618,Divyansh,Gala,galadivyansh158@yahoo.com,918490157060,1984-05-20,2005-09-13,PM-003
CUST-08619,Pari,Goswami,goswamipari265@outlook.com,918954638204,1992-08-30,2023-02-15,PM-001
CUST-08620,Kartik,Varkey,kartik972@gmail.com,918728996889,1975-10-17,2003-03-04,PM-002
CUST-08621,Saanvi,Varma,saanvi.varma545@outlook.com,917823994563,1998-06-08,2021-10-07,PM-002
CUST-08622,Krish,Tiwari,krish356@icloud.com,918619050856,1980-08-06,2013-10-23,PM-002
CUST-08623,Aniruddh,Dar,aniruddh541@hotmail.com,917420969271,2001-05-27,2021-01-28,PM-001
CUST-08624,Sahil,Golla,sahil.795@gmail.com,918745748325,1980-11-28,2015-03-19,PM-003
CUST-08625,Arhaan,Kunda,kundaarhaan640@hotmail.com,918184982110,1995-03-18,2016-07-01,PM-004
CUST-08626,Divij,Mann,divij.515@outlook.com,919762142597,1978-05-30,2011-10-05,PM-004
CUST-08627,Arhaan,Reddy,arhaan.476@gmail.com,918872337915,1988-09-19,2010-08-09,PM-004
CUST-08628,Rasha,Bhandari,rasha935@hotmail.com,918440961540,1980-09-08,2013-09-04,PM-001
CUST-08629,Aradhya,Goswami,aradhya903@icloud.com,918375454563,1997-07-13,2021-10-30,PM-004
CUST-08630,Advika,Karan,advika.761@hotmail.com,918898671223,1983-09-21,2020-09-28,PM-004
CUST-08631,Myra,Varghese,myra_738@outlook.com,919988820042,1981-01-01,2021-01-03,PM-002
CUST-08632,Heer,Sagar,sagarheer417@outlook.com,919090250973,1976-11-20,2012-09-19,PM-003
CUST-08633,Trisha,Sur,trisha247@hotmail.com,917454243182,1984-05-18,2018-04-22,PM-002
CUST-08634,Jiya,Dua,jiya.dua805@icloud.com,917231974489,1978-11-24,2015-01-06,PM-004
CUST-08635,Taran,Hans,taran.668@yahoo.com,917445150402,2000-09-19,2022-03-22,PM-002
CUST-08636,Zaina,Dara,zaina.dara497@icloud.com,918247544007,2000-02-07,2019-09-23,PM-001
CUST-08637,Ritvik,Handa,ritvik.handa766@outlook.com,918152498802,1999-09-08,2022-09-09,PM-001
CUST-08638,Vaibhav,Mahal,vaibhav_215@gmail.com,919288849924,2000-04-19,2023-01-16,PM-001
CUST-08639,Jayant,Sharma,jayant.715@gmail.com,919421077948,2006-04-15,2024-04-18,PM-003
CUST-08640,Shray,Gara,shray.839@hotmail.com,917508203378,2002-01-24,2022-12-06,PM-004
CUST-08641,Anvi,Datta,dattaanvi101@outlook.com,918507091008,1990-03-24,2015-04-30,PM-001
CUST-08642,Nitya,Bhat,nitya_600@icloud.com,919999623741,1988-07-08,2015-09-28,PM-004
CUST-08643,Ahana ,Gour,gourahana 940@gmail.com,919341734036,1995-01-18,2020-07-15,PM-001
CUST-08644,Dhanush,Badami,dhanush.332@yahoo.com,917749351549,2005-05-17,2023-05-22,PM-004
CUST-08645,Rasha,Korpal,rasha_395@yahoo.com,919246801901,1985-07-18,2016-06-14,PM-004
CUST-08646,Taran,Som,taran.747@gmail.com,918152271185,1982-09-19,2006-11-09,PM-004
CUST-08647,Riya,Bajwa,bajwariya282@yahoo.com,918903696297,2000-10-30,2019-11-10,PM-001
CUST-08648,Hrishita,Rastogi,hrishita_368@outlook.com,917203780465,2006-03-25,2024-03-29,PM-003
CUST-08649,Indrajit,Batta,indrajit_405@icloud.com,919851348025,1985-05-25,2013-06-18,PM-004
CUST-08650,Ivana,Bobal,bobalivana421@outlook.com,919147592540,2005-01-01,2023-08-05,PM-003
CUST-08651,Yakshit,Gara,yakshit.278@gmail.com,917511430328,2000-11-22,2024-03-27,PM-002
CUST-08652,Priyansh,Bassi,bassipriyansh398@outlook.com,918875367186,1976-06-20,2005-10-11,PM-002
CUST-08653,Lakshit,Rau,lakshit.808@icloud.com,917758129998,1998-08-27,2017-02-27,PM-001
CUST-08654,Saanvi,Dixit,saanvi.dixit493@outlook.com,917994720987,2006-01-23,2024-04-12,PM-004
CUST-08655,Nirvaan,Wali,nirvaan.230@outlook.com,918466322959,1989-07-26,2020-11-05,PM-003
CUST-08656,Hazel,Varty,hazel_588@outlook.com,917442230768,1986-08-28,2012-04-07,PM-002
CUST-08657,Rania,Kapoor,rania.210@icloud.com,918536940761,1982-09-03,2009-07-11,PM-003
CUST-08658,Shanaya,Dhaliwal,shanaya.360@hotmail.com,918855354669,1981-12-01,2019-03-09,PM-001
CUST-08659,Renee,Sheth,renee_607@icloud.com,919625239487,1997-10-23,2016-03-23,PM-001
CUST-08660,Prerak,Chadha,prerak680@yahoo.com,919959728682,1988-06-14,2015-01-11,PM-001
CUST-08661,Sahil,Saha,sahil.saha461@hotmail.com,918166705453,2003-12-02,2022-12-14,PM-004
CUST-08662,Jayant,Shah,jayant235@outlook.com,919372194601,1982-04-14,2006-04-27,PM-004
CUST-08663,Neelofar,Vaidya,neelofar_938@icloud.com,917869248536,1995-02-04,2024-03-18,PM-004
CUST-08664,Akarsh,Sanghvi,akarsh.sanghvi955@outlook.com,918654012470,1996-01-03,2024-03-31,PM-001
CUST-08665,Suhana,Khanna,suhana.khanna625@yahoo.com,918016070885,2003-12-14,2023-11-02,PM-001
CUST-08666,Kartik,Golla,kartik472@icloud.com,918371182890,1975-03-28,2001-05-09,PM-004
CUST-08667,Nehmat,Bala,nehmat_413@yahoo.com,918340659610,1975-06-08,2000-05-19,PM-003
CUST-08668,Ela,Bali,ela.426@hotmail.com,919130960381,1985-01-01,2003-08-13,PM-004
CUST-08669,Pari,Wali,pari675@yahoo.com,917567852308,1985-08-14,2022-04-05,PM-003
CUST-08670,Dishani,Bera,beradishani894@hotmail.com,917108807937,1996-07-19,2020-05-24,PM-002
CUST-08671,Nitara,Kulkarni,nitara.kulkarni750@yahoo.com,918195415231,1974-09-26,1995-07-08,PM-001
CUST-08672,Gokul,Toor,gokul475@outlook.com,919228948951,1987-05-10,2013-04-27,PM-004
CUST-08673,Trisha,Malhotra,trisha925@icloud.com,918072184926,1988-09-29,2016-11-09,PM-003
CUST-08674,Mahika,Kohli,mahika_385@gmail.com,919846479312,2004-07-10,2022-10-06,PM-002
CUST-08675,Nehmat,Mangal,nehmat.291@hotmail.com,918698156494,2003-07-25,2023-11-21,PM-002
CUST-08676,Eshani,Hans,eshani.hans876@yahoo.com,918371738676,1984-07-10,2012-07-05,PM-002
CUST-08677,Badal,Uppal,uppalbadal121@outlook.com,917340322513,1985-06-25,2005-12-30,PM-004
CUST-08678,Ahana ,Bhat,ahana .199@yahoo.com,919056135240,2005-01-14,2023-01-27,PM-004
CUST-08679,Nakul,Hayer,nakul_409@icloud.com,918902760499,1994-02-14,2019-12-16,PM-004
CUST-08680,Raunak,Kara,raunak.kara578@icloud.com,919388717921,1979-02-27,2012-08-19,PM-003
CUST-08681,Samarth,Konda,kondasamarth951@hotmail.com,918632686034,2001-07-17,2023-11-01,PM-003
CUST-08682,Jiya,Iyer,iyerjiya905@gmail.com,919046663756,1999-09-12,2020-03-12,PM-004
CUST-08683,Fateh,Dhawan,dhawanfateh527@yahoo.com,918763215356,1992-08-27,2018-05-31,PM-004
CUST-08684,Parinaaz,Som,parinaaz668@gmail.com,917677905868,2000-04-09,2020-08-10,PM-001
CUST-08685,Riaan,Randhawa,riaan.747@yahoo.com,917801000972,1997-04-07,2015-07-05,PM-004
CUST-08686,Uthkarsh,Bedi,uthkarsh.bedi697@gmail.com,919325598700,1976-11-12,2019-12-15,PM-001
CUST-08687,Shanaya,Chacko,shanaya685@yahoo.com,918593790673,1981-01-20,2010-10-15,PM-001
CUST-08688,Lagan,Kumer,kumerlagan237@icloud.com,918907711956,1985-09-08,2019-01-31,PM-004
CUST-08689,Fateh,Basu,fateh.369@icloud.com,919311427300,1994-11-27,2021-08-30,PM-001
CUST-08690,Vaibhav,Maharaj,maharajvaibhav332@icloud.com,919736707066,1986-07-10,2017-06-03,PM-004
CUST-08691,Romil,Chaudhary,romil.764@yahoo.com,918345434869,1994-04-28,2014-07-26,PM-002
CUST-08692,Renee,Barman,renee_907@hotmail.com,917125461506,1979-03-17,2016-02-01,PM-002
CUST-08693,Rasha,Anne,rasha_262@icloud.com,918884597124,1994-09-22,2016-03-20,PM-001
CUST-08694,Lagan,Rastogi,lagan.rastogi385@yahoo.com,918408307288,1983-03-03,2018-07-21,PM-001
CUST-08695,Tejas,Lad,tejas398@gmail.com,919935401905,1999-10-16,2023-05-17,PM-001
CUST-08696,Tara,Ramaswamy,tara.993@yahoo.com,917251829075,2001-03-03,2021-04-16,PM-002
CUST-08697,Veer,Thakkar,veer.thakkar154@icloud.com,917597082971,1999-09-12,2021-12-14,PM-002
CUST-08698,Dhanuk,Chopra,dhanuk441@gmail.com,919624093043,1976-11-04,2016-01-21,PM-002
CUST-08699,Lakshit,Rastogi,rastogilakshit592@gmail.com,919212054989,1980-01-06,2019-01-08,PM-003
CUST-08700,Zoya,Saini,zoya_436@icloud.com,917972784143,1990-11-06,2016-06-24,PM-002
CUST-08701,Vivaan,Atwal,vivaan.atwal195@gmail.com,918860939783,1987-07-31,2020-09-27,PM-004
CUST-08702,Aarna,Sathe,aarna934@icloud.com,919597224365,1998-06-16,2021-04-27,PM-004
CUST-08703,Umang,Batta,umang.521@outlook.com,917860195623,1988-03-22,2008-07-11,PM-001
CUST-08704,Zoya,Sood,zoya.sood723@icloud.com,917245322659,1994-09-01,2021-07-16,PM-002
CUST-08705,Adah,Behl,adah.behl562@gmail.com,919232869087,1974-10-26,2022-04-28,PM-004
CUST-08706,Nehmat,Deo,nehmat.deo961@yahoo.com,919428444813,1982-01-11,2016-12-07,PM-002
CUST-08707,Elakshi,Upadhyay,elakshi.715@gmail.com,918974575341,1999-12-23,2020-06-23,PM-004
CUST-08708,Charvi,Walia,charvi.200@yahoo.com,918530305340,1992-11-25,2018-06-28,PM-003
CUST-08709,Jayant,Date,datejayant718@hotmail.com,917991904094,1993-09-24,2020-02-04,PM-003
CUST-08710,Ayesha,Sampath,ayesha957@outlook.com,919937684152,2002-12-31,2021-07-05,PM-002
CUST-08711,Hazel,Sunder,sunderhazel884@outlook.com,918670556487,1982-05-02,2022-05-24,PM-004
CUST-08712,Suhana,Sekhon,suhana.295@gmail.com,917198138699,1995-05-15,2017-04-30,PM-003
CUST-08713,Kiaan,Shan,kiaan.shan307@yahoo.com,918963474104,1991-05-04,2019-01-28,PM-003
CUST-08714,Manjari,Jayaraman,manjari_494@yahoo.com,918346746110,1978-01-26,2014-07-20,PM-002
CUST-08715,Rania,Saha,rania.336@yahoo.com,917070529302,1988-06-14,2012-08-17,PM-004
CUST-08716,Drishya,Kapoor,drishya.564@hotmail.com,918441989310,1975-02-28,2019-07-15,PM-003
CUST-08717,Priyansh,Gola,priyansh.460@yahoo.com,918841705276,1978-04-23,2001-09-01,PM-002
CUST-08718,Kiaan,Gokhale,kiaan.130@hotmail.com,917410957560,1987-04-20,2009-04-26,PM-004
CUST-08719,Fateh,Rajagopal,rajagopalfateh379@outlook.com,918333711204,1987-10-19,2019-08-26,PM-004
CUST-08720,Kaira,Swaminathan,kaira.113@hotmail.com,917937343572,1979-06-10,1999-01-01,PM-004
CUST-08721,Abram,Krish,krishabram628@outlook.com,919046163637,1995-02-03,2014-11-08,PM-002
CUST-08722,Navya,Srivastava,navya.srivastava846@gmail.com,919072842632,1985-04-28,2010-11-05,PM-003
CUST-08723,Neysa,Shroff,neysa.608@yahoo.com,917175431721,1990-06-19,2015-01-08,PM-004
CUST-08724,Eshani,Krishna,eshani134@gmail.com,919485009327,1999-09-04,2021-11-22,PM-001
CUST-08725,Ivana,Cheema,ivana.cheema886@hotmail.com,919635454790,1981-04-23,2010-05-13,PM-004
CUST-08726,Siya,Baral,siya.baral532@icloud.com,917460971618,1994-02-14,2018-11-23,PM-001
CUST-08727,Dhanuk,Ben,dhanuk_559@outlook.com,917462876978,2004-02-01,2024-01-23,PM-002
CUST-08728,Lakshay,Butala,lakshay.576@icloud.com,919230806268,1994-01-29,2018-12-20,PM-001
CUST-08729,Tejas,Sant,tejas_103@yahoo.com,919875002394,1995-04-14,2022-07-07,PM-004
CUST-08730,Shanaya,Brar,shanaya940@icloud.com,917067654807,1986-11-22,2016-07-09,PM-002
CUST-08731,Charvi,Bawa,charvi.256@gmail.com,919021088578,1978-04-14,2003-11-22,PM-001
CUST-08732,Emir,Kanda,emir_437@icloud.com,919447538071,1994-02-08,2018-07-04,PM-003
CUST-08733,Shaan,Saha,shaan.356@gmail.com,918600447798,1991-02-22,2017-11-29,PM-004
CUST-08734,Amani,Chaudhari,amani.499@yahoo.com,918017871180,2000-04-29,2020-01-21,PM-003
CUST-08735,Ivana,Chandra,ivana_198@outlook.com,917602328607,2003-01-07,2024-01-16,PM-003
CUST-08736,Kismat,Sunder,kismat.999@outlook.com,918659195169,2004-04-23,2023-11-30,PM-004
CUST-08737,Jayan,Gulati,jayan.156@hotmail.com,919483890872,1998-10-13,2020-08-21,PM-001
CUST-08738,Zain,Talwar,talwarzain763@yahoo.com,918523229514,1982-04-10,2012-10-23,PM-002
CUST-08739,Krish,Sibal,krish277@yahoo.com,918526112930,1982-12-05,2008-06-18,PM-002
CUST-08740,Yuvaan,Magar,yuvaan.magar591@outlook.com,918290494602,1987-11-26,2018-06-21,PM-004
CUST-08741,Nitara,Sharaf,sharafnitara561@gmail.com,919379331599,1992-02-16,2022-07-08,PM-001
CUST-08742,Misha,Lad,misha.910@icloud.com,917892697576,2004-10-10,2023-11-29,PM-001
CUST-08743,Stuvan,Bawa,stuvan.bawa611@yahoo.com,919566024113,1983-06-26,2004-02-01,PM-001
CUST-08744,Rania,Brar,brarrania841@hotmail.com,917080590229,2005-05-23,2023-05-22,PM-002
CUST-08745,Hunar,Korpal,hunar.korpal853@outlook.com,917149691057,1978-11-04,2017-09-08,PM-003
CUST-08746,Divit,Vyas,divit_153@icloud.com,919112881921,1976-08-31,2018-04-08,PM-002
CUST-08747,Alisha,Doshi,alisha.doshi147@yahoo.com,919905452582,1983-05-17,2016-07-10,PM-004
CUST-08748,Vedika,Bajwa,vedika132@icloud.com,917246993196,1975-08-12,2023-03-19,PM-003
CUST-08749,Zeeshan,Wadhwa,wadhwazeeshan578@hotmail.com,919868128552,1992-02-04,2016-08-27,PM-003
CUST-08750,Jayesh,Kapur,jayesh_476@yahoo.com,919258423553,1982-06-06,2024-02-18,PM-004
CUST-08751,Riaan,Rau,riaan.779@gmail.com,919279023078,2005-12-18,2024-06-09,PM-002
CUST-08752,Anahi,Mahal,anahi489@yahoo.com,919618287897,1996-08-16,2021-12-23,PM-003
CUST-08753,Myra,Rau,raumyra868@outlook.com,918490784431,1976-05-18,2007-05-03,PM-004
CUST-08754,Dhruv,Manda,dhruv575@yahoo.com,919253563694,2006-05-27,2024-05-25,PM-004
CUST-08755,Anaya,Devi,devianaya256@hotmail.com,918162091249,1975-05-06,2001-02-04,PM-004
CUST-08756,Devansh,Sankaran,sankarandevansh570@icloud.com,919784759604,1997-07-10,2016-03-21,PM-003
CUST-08757,Samar,Banik,samar.banik786@gmail.com,919039135960,1974-12-08,2017-08-25,PM-001
CUST-08758,Krish,Rajagopal,krish.838@icloud.com,919803898911,2002-01-08,2021-09-21,PM-002
CUST-08759,Hrishita,Sagar,hrishita.sagar207@icloud.com,917391118407,1990-12-24,2009-07-25,PM-003
CUST-08760,Farhan,Chana,farhan904@hotmail.com,917230064319,1987-05-20,2013-07-16,PM-001
CUST-08761,Reyansh,Grewal,reyansh.886@icloud.com,918650536510,1990-02-25,2015-05-15,PM-003
CUST-08762,Aarush,Bhasin,bhasinaarush104@outlook.com,918806758852,1987-03-10,2013-03-27,PM-001
CUST-08763,Taran,Agate,taran.458@gmail.com,917589544140,1987-08-26,2023-03-08,PM-001
CUST-08764,Ira,Wagle,wagleira630@outlook.com,917077516713,2001-09-16,2021-11-03,PM-002
CUST-08765,Yakshit,Halder,halderyakshit234@gmail.com,919521940645,1991-09-26,2021-04-16,PM-002
CUST-08766,Anahita,Chada,anahita.chada614@outlook.com,919159202388,1989-05-29,2017-12-12,PM-001
CUST-08767,Dharmajan,Goyal,goyaldharmajan651@yahoo.com,918459073052,1986-11-14,2012-02-27,PM-002
CUST-08768,Aradhya,Khosla,aradhya_959@gmail.com,919841414493,1993-02-17,2019-10-10,PM-004
CUST-08769,Ranbir,Ganguly,ranbir.714@gmail.com,918034464018,1983-03-23,2011-08-27,PM-003
CUST-08770,Piya,Dhingra,piya554@outlook.com,919730732794,1992-02-05,2020-11-21,PM-002
CUST-08771,Shayak,Loyal,loyalshayak613@icloud.com,918110078005,2000-04-24,2021-06-16,PM-001
CUST-08772,Romil,Wadhwa,wadhwaromil779@gmail.com,919121173421,1978-03-28,2004-06-10,PM-002
CUST-08773,Advik,Sant,advik304@hotmail.com,918299590643,1988-04-03,2015-10-18,PM-004
CUST-08774,Eva,Bava,eva636@hotmail.com,917218057054,1987-09-14,2012-02-03,PM-004
CUST-08775,Khushi,Shere,khushi.128@outlook.com,918701487161,1981-08-11,2023-08-22,PM-001
CUST-08776,Nishith,Seshadri,nishith501@hotmail.com,919327927048,1982-09-14,2001-12-03,PM-002
CUST-08777,Lakshit,Jayaraman,lakshit189@yahoo.com,919273270256,2003-02-19,2023-10-09,PM-003
CUST-08778,Samiha,Mandal,mandalsamiha974@hotmail.com,919649847359,2003-04-13,2022-09-24,PM-001
CUST-08779,Mahika,Hari,mahika_653@gmail.com,918795643335,1983-03-09,2002-06-10,PM-001
CUST-08780,Aaina,Varty,aaina.753@hotmail.com,918455941716,1978-02-25,2005-03-22,PM-003
CUST-08781,Nehmat,Yohannan,yohannannehmat938@icloud.com,917055223089,1988-03-13,2007-02-12,PM-001
CUST-08782,Kartik,Dora,kartik.dora804@hotmail.com,917709481639,1993-10-17,2020-09-18,PM-002
CUST-08783,Navya,Shenoy,navya_595@outlook.com,918502383120,1984-05-27,2022-07-11,PM-004
CUST-08784,Lakshay,Dey,lakshay.754@gmail.com,919917930978,1982-02-20,2021-05-08,PM-001
CUST-08785,Emir,Gandhi,gandhiemir220@outlook.com,917877126921,1997-02-23,2020-08-01,PM-004
CUST-08786,Biju,Kata,katabiju656@icloud.com,918266673037,1990-08-25,2012-08-28,PM-004
CUST-08787,Lavanya,Bal,lavanya.bal462@outlook.com,917571790439,1990-12-03,2014-09-20,PM-001
CUST-08788,Kiaan,Kata,kiaan358@yahoo.com,918327192031,1994-05-16,2013-06-22,PM-003
CUST-08789,Advik,Handa,handaadvik943@hotmail.com,918085768430,1979-11-09,2017-08-19,PM-002
CUST-08790,Taran,Karan,karantaran949@yahoo.com,917226725021,1997-09-24,2018-12-05,PM-004
CUST-08791,Renee,Dube,renee.370@hotmail.com,919890829735,1980-10-30,2024-03-14,PM-001
CUST-08792,Aarna,Sunder,aarna.sunder512@yahoo.com,918307976377,2001-07-05,2022-11-18,PM-002
CUST-08793,Keya,Johal,keya_433@gmail.com,918250771496,1993-05-16,2014-02-07,PM-002
CUST-08794,Ehsaan,Hegde,ehsaan283@yahoo.com,918513881400,1987-11-21,2024-05-25,PM-003
CUST-08795,Misha,Kashyap,misha.kashyap242@icloud.com,919236064115,1994-09-26,2018-10-09,PM-002
CUST-08796,Jivin,Khare,jivin_545@yahoo.com,917885296486,1983-04-14,2006-09-19,PM-004
CUST-08797,Aradhya,Varughese,aradhya.171@outlook.com,918286730956,1996-07-17,2015-06-20,PM-001
CUST-08798,Umang,Rajagopalan,umang837@gmail.com,918405847474,2003-12-04,2024-03-16,PM-002
CUST-08799,Aayush,Lala,aayush.628@icloud.com,919796812361,2003-03-28,2022-07-07,PM-001
CUST-08800,Nayantara,Lal,nayantara589@outlook.com,918332447211,1982-11-07,2015-09-15,PM-001
CUST-08801,Himmat,Bala,balahimmat525@hotmail.com,918842878646,1987-11-11,2017-06-26,PM-001
CUST-08802,Mannat,Ramakrishnan,mannat_881@yahoo.com,918081845084,1980-09-06,2021-09-26,PM-002
CUST-08803,Sahil,Sami,sahil.sami998@yahoo.com,919812509935,1993-10-15,2022-03-02,PM-002
CUST-08804,Divij,De,divij_563@hotmail.com,919525029292,1978-08-20,1997-09-19,PM-004
CUST-08805,Urvi,Bahl,bahlurvi615@icloud.com,919644115977,1976-08-27,2009-05-31,PM-004
CUST-08806,Kartik,Borah,kartik_851@gmail.com,917770860759,2005-01-14,2024-04-17,PM-002
CUST-08807,Shanaya,Koshy,shanaya549@yahoo.com,918609725482,1978-04-19,2014-05-18,PM-003
CUST-08808,Yakshit,Sehgal,sehgalyakshit348@gmail.com,919799972156,1996-04-23,2023-01-10,PM-002
CUST-08809,Umang,Sehgal,umang_145@outlook.com,918257191257,2004-08-17,2024-04-12,PM-003
CUST-08810,Sara,Krish,sara155@gmail.com,917281655420,2002-04-19,2020-05-01,PM-002
CUST-08811,Gokul,Tiwari,gokul_535@hotmail.com,917178621652,1993-08-27,2018-10-05,PM-003
CUST-08812,Bhamini,Malhotra,bhamini_828@outlook.com,919490166907,2004-11-12,2023-09-29,PM-001
CUST-08813,Kaira,Buch,kaira.457@yahoo.com,917795334906,2003-09-30,2024-03-13,PM-002
CUST-08814,Ehsaan,Dass,ehsaan_767@hotmail.com,917821285518,2001-06-15,2022-10-24,PM-003
CUST-08815,Rhea,Ben,rhea.ben723@outlook.com,918975335263,1994-03-22,2017-06-10,PM-002
CUST-08816,Nayantara,Tripathi,nayantara_408@gmail.com,918478825426,1995-12-27,2015-11-10,PM-001
CUST-08817,Vihaan,De,vihaan.622@hotmail.com,919738748175,1981-11-02,2001-08-11,PM-001
CUST-08818,Nirvi,Salvi,nirvi199@outlook.com,919820074217,1999-02-26,2021-06-30,PM-001
CUST-08819,Anahita,Buch,anahita650@hotmail.com,918435847349,1996-07-19,2023-05-21,PM-001
CUST-08820,Zaina,Dutt,zaina707@hotmail.com,917195242704,1978-05-27,2015-06-18,PM-001
CUST-08821,Manjari,Manda,manjari746@yahoo.com,918089793818,2002-08-28,2022-03-13,PM-003
CUST-08822,Shayak,Johal,shayak744@outlook.com,919720122507,1978-12-16,2006-02-16,PM-001
CUST-08823,Zaina,Chauhan,zaina315@hotmail.com,918614420969,1991-03-05,2021-05-10,PM-001
CUST-08824,Hiran,Mane,hiran.mane270@hotmail.com,919586296506,2000-05-31,2020-03-24,PM-001
CUST-08825,Kartik,Tailor,kartik285@outlook.com,917140830117,1989-03-30,2020-12-31,PM-004
CUST-08826,Ranbir,Dixit,ranbir_597@gmail.com,917637741483,1998-09-12,2017-01-03,PM-002
CUST-08827,Zain,Kurian,zain584@icloud.com,918011532218,1978-02-01,1996-05-30,PM-003
CUST-08828,Zaina,Sarma,zaina_324@yahoo.com,918062672023,1975-12-21,1995-05-24,PM-001
CUST-08829,Heer,Mangat,heer361@yahoo.com,917524060012,1986-04-07,2023-05-02,PM-001
CUST-08830,Indranil,Tandon,tandonindranil274@yahoo.com,918261099374,2003-08-15,2023-04-11,PM-004
CUST-08831,Rati,Chandran,rati.chandran459@outlook.com,918437497177,1988-06-22,2008-07-26,PM-002
CUST-08832,Riaan,Subramanian,riaan_283@yahoo.com,918427068938,2001-06-23,2021-09-19,PM-004
CUST-08833,Jayant,Virk,jayant_199@gmail.com,918044911888,1998-10-30,2019-05-16,PM-004
CUST-08834,Keya,Saxena,keya.saxena786@icloud.com,917456358437,1980-12-25,2003-09-04,PM-002
CUST-08835,Shaan,Ranganathan,shaan238@outlook.com,917290848953,1994-06-11,2014-06-24,PM-003
CUST-08836,Amira,Ahluwalia,amira.ahluwalia801@icloud.com,917597734780,1987-01-10,2022-02-22,PM-001
CUST-08837,Dhanuk,Ranganathan,dhanuk.ranganathan668@yahoo.com,919863033649,1986-09-11,2023-06-13,PM-003
CUST-08838,Ela,Gopal,gopalela653@gmail.com,919927693538,2000-12-24,2023-12-02,PM-004
CUST-08839,Mohanlal,Mangal,mohanlal_457@hotmail.com,917894293794,1988-04-04,2010-08-17,PM-003
CUST-08840,Jayant,Bhavsar,jayant_477@gmail.com,918644940841,1988-02-24,2011-05-24,PM-003
CUST-08841,Prerak,Chatterjee,prerak.chatterjee788@yahoo.com,917469095427,1992-08-11,2013-02-13,PM-004
CUST-08842,Ehsaan,Dua,ehsaan_160@icloud.com,917812458387,2001-08-02,2021-03-03,PM-003
CUST-08843,Seher,Ganesh,seher.ganesh309@yahoo.com,917384961419,2004-03-31,2024-02-02,PM-003
CUST-08844,Ivan,Ratti,rattiivan432@hotmail.com,917531057253,1980-11-24,2023-06-30,PM-002
CUST-08845,Tejas,Kar,tejas.915@yahoo.com,919530358169,1997-06-04,2017-03-18,PM-004
CUST-08846,Tanya,Buch,buchtanya594@icloud.com,917644929424,1995-02-25,2022-10-08,PM-004
CUST-08847,Ela,Krish,krishela681@outlook.com,919673432270,1990-11-18,2020-04-16,PM-004
CUST-08848,Pari,Kapoor,pari315@icloud.com,918842125665,1988-02-08,2019-09-10,PM-001
CUST-08849,Mannat,Dass,dassmannat646@outlook.com,918621081135,1996-10-05,2016-05-05,PM-004
CUST-08850,Shanaya,Bawa,shanaya_264@outlook.com,918156237453,1980-11-03,2009-11-09,PM-004
CUST-08851,Yakshit,Upadhyay,upadhyayyakshit270@outlook.com,917902780367,1976-03-16,2013-02-18,PM-004
CUST-08852,Shanaya,Jani,janishanaya608@hotmail.com,917844969526,1976-06-29,2013-09-03,PM-003
CUST-08853,Aarna,Som,aarna.som529@outlook.com,918914350923,1988-05-06,2020-11-03,PM-004
CUST-08854,Mehul,Shankar,mehul967@outlook.com,919224425770,1987-09-24,2020-06-01,PM-003
CUST-08855,Gatik,Hayer,hayergatik484@outlook.com,917113632780,1989-10-16,2012-01-09,PM-003
CUST-08856,Lavanya,Atwal,lavanya236@hotmail.com,919119769494,1997-10-14,2016-04-25,PM-003
CUST-08857,Alisha,Jain,alisha.jain355@icloud.com,919829906048,2001-09-04,2023-05-30,PM-004
CUST-08858,Sahil,Bail,sahil454@yahoo.com,919347377629,1979-08-18,1998-04-13,PM-001
CUST-08859,Pihu,Raju,pihu.raju755@hotmail.com,917082942579,1995-07-12,2015-07-29,PM-001
CUST-08860,Krish,Kara,karakrish892@gmail.com,917616419058,1976-04-30,2005-06-23,PM-003
CUST-08861,Raunak,Amble,raunak.595@gmail.com,917889274281,1977-02-02,1999-11-18,PM-004
CUST-08862,Trisha,Setty,settytrisha508@hotmail.com,919491258691,1982-01-09,2008-03-26,PM-001
CUST-08863,Purab,Jha,purab.646@yahoo.com,919576332670,1988-06-08,2013-10-06,PM-001
CUST-08864,Aradhya,Soni,soniaradhya819@yahoo.com,918171106067,1981-05-12,2001-12-23,PM-003
CUST-08865,Faiyaz,Halder,faiyaz.126@hotmail.com,919129964240,1988-04-06,2014-05-25,PM-002
CUST-08866,Saanvi,Borra,saanvi.borra146@hotmail.com,919584315528,2003-02-08,2023-12-24,PM-003
CUST-08867,Faiyaz,Iyer,faiyaz_457@icloud.com,919418620116,2002-09-04,2024-04-05,PM-004
CUST-08868,Amani,Sundaram,amani.sundaram699@hotmail.com,917845340701,1978-12-26,2009-10-24,PM-004
CUST-08869,Advik,Batra,advik.batra850@hotmail.com,919587781815,1976-10-05,2019-02-19,PM-001
CUST-08870,Tejas,Wable,tejas_241@icloud.com,917766795945,1999-03-26,2019-12-24,PM-004
CUST-08871,Anya,Din,anya.din497@icloud.com,918895273933,2001-10-03,2023-10-22,PM-002
CUST-08872,Pranay,Deep,deeppranay175@hotmail.com,919032409298,1995-07-04,2015-01-19,PM-001
CUST-08873,Aayush,Bhagat,aayush_568@icloud.com,919431335556,1997-11-29,2020-05-07,PM-003
CUST-08874,Vanya,Bhargava,vanya406@icloud.com,917251581657,1989-11-20,2012-09-12,PM-001
CUST-08875,Krish,Goda,krish_232@gmail.com,919567409392,1982-01-21,2015-02-06,PM-001
CUST-08876,Himmat,Kumer,himmat.kumer235@gmail.com,919164220098,1978-11-25,2005-12-22,PM-001
CUST-08877,Chirag,Bhagat,chirag_115@yahoo.com,919965624573,1989-03-10,2019-08-18,PM-001
CUST-08878,Madhav,Chad,madhav_539@gmail.com,918705108628,1975-11-18,2016-02-23,PM-001
CUST-08879,Arnav,Dass,arnav_920@hotmail.com,917147029799,2003-02-03,2021-03-07,PM-004
CUST-08880,Vaibhav,Suri,surivaibhav835@hotmail.com,919896974950,2006-04-23,2024-05-05,PM-004
CUST-08881,Divit,Rajagopalan,divit.474@icloud.com,919179759883,1984-07-19,2022-07-10,PM-001
CUST-08882,Keya,Gour,keya407@yahoo.com,918362980204,2004-08-29,2022-11-06,PM-002
CUST-08883,Eva,Date,eva_664@gmail.com,919817378756,1979-07-09,2000-01-14,PM-003
CUST-08884,Ayesha,Koshy,ayesha.koshy133@gmail.com,917512860249,1995-11-08,2021-03-13,PM-003
CUST-08885,Urvi,Keer,urvi_396@gmail.com,918528704744,1999-07-08,2022-03-25,PM-002
CUST-08886,Riaan,Sabharwal,riaan_661@hotmail.com,918426867717,1990-01-06,2015-07-14,PM-002
CUST-08887,Anay,Batta,anay.902@outlook.com,918251121638,2006-05-11,2024-06-07,PM-004
CUST-08888,Vritika,Ramesh,vritika.458@hotmail.com,919431781535,1982-11-04,2012-05-06,PM-002
CUST-08889,Chirag,Anne,chirag_420@icloud.com,918707824053,1991-12-03,2014-10-27,PM-001
CUST-08890,Biju,Ramaswamy,biju.ramaswamy473@icloud.com,918031602995,1987-11-05,2022-03-21,PM-001
CUST-08891,Seher,Gandhi,seher.gandhi310@outlook.com,917148693234,1978-12-10,2012-02-24,PM-002
CUST-08892,Manjari,Sur,manjari_806@yahoo.com,917713057771,2001-09-10,2021-03-03,PM-004
CUST-08893,Navya,Talwar,navya.886@outlook.com,918939219924,1999-02-13,2022-12-24,PM-002
CUST-08894,Alia,Bose,alia.bose292@outlook.com,917431619088,2002-04-26,2020-06-26,PM-004
CUST-08895,Kiaan,Savant,kiaan.savant868@yahoo.com,919708345870,2005-10-01,2024-04-29,PM-001
CUST-08896,Anya,Srinivas,anya301@yahoo.com,919553022192,1987-09-12,2011-03-29,PM-002
CUST-08897,Sara,Madan,sara_222@gmail.com,917098028219,1987-10-02,2005-12-22,PM-002
CUST-08898,Mehul,Amble,mehul.434@hotmail.com,918211323012,1978-07-16,2006-10-20,PM-002
CUST-08899,Ritvik,Chandra,ritvik_820@icloud.com,919471162020,2003-02-24,2023-07-10,PM-004
CUST-08900,Umang,Singhal,singhalumang494@outlook.com,919006276495,1974-10-01,2015-08-01,PM-001
CUST-08901,Mehul,Bedi,mehul.974@outlook.com,917611114664,1997-04-17,2023-12-21,PM-002
CUST-08902,Aarav,Ravel,ravelaarav710@yahoo.com,919502967973,2000-12-26,2023-07-09,PM-001
CUST-08903,Neysa,Kaur,kaurneysa103@gmail.com,919606795799,1982-07-08,2002-05-05,PM-003
CUST-08904,Eva,Zachariah,zachariaheva604@yahoo.com,919319013833,1995-07-08,2019-08-01,PM-003
CUST-08905,Suhana,Chad,suhana.558@hotmail.com,918114733973,1980-12-01,2004-04-21,PM-004
CUST-08906,Advika,Ganguly,advika_211@outlook.com,919781190274,1991-05-02,2015-12-30,PM-004
CUST-08907,Vaibhav,Kurian,vaibhav492@gmail.com,918294284294,1983-10-17,2012-10-09,PM-004
CUST-08908,Nakul,Chada,nakul_449@gmail.com,918018789215,1996-11-12,2019-01-11,PM-004
CUST-08909,Dhanuk,Balay,dhanuk.180@gmail.com,917166031616,1989-02-01,2019-01-17,PM-003
CUST-08910,Diya,Bansal,diya.934@hotmail.com,917473050667,2003-01-12,2022-11-25,PM-001
CUST-08911,Yasmin,Ganguly,yasmin606@outlook.com,919380528470,1975-03-15,2023-02-12,PM-004
CUST-08912,Inaaya ,Walia,waliainaaya 889@outlook.com,919948805501,1987-09-23,2012-06-22,PM-002
CUST-08913,Aarav,Buch,buchaarav207@yahoo.com,917970004533,2004-06-14,2023-05-12,PM-003
CUST-08914,Dhanuk,Shanker,shankerdhanuk252@outlook.com,917323894829,1979-10-18,2005-05-09,PM-001
CUST-08915,Divit,Raju,divit.raju540@outlook.com,919951240481,2001-05-22,2023-11-10,PM-002
CUST-08916,Devansh,Sha,devansh.sha119@yahoo.com,918355803385,1974-07-23,2018-05-01,PM-001
CUST-08917,Tushar,Atwal,atwaltushar928@gmail.com,917679030405,1996-11-01,2016-09-24,PM-002
CUST-08918,Ojas,Karnik,ojas_738@yahoo.com,919932268831,2004-08-03,2023-01-18,PM-002
CUST-08919,Ahana ,Dutta,ahana _272@yahoo.com,917046832642,1998-11-02,2019-07-08,PM-004
CUST-08920,Lakshit,Hayre,lakshit311@gmail.com,917900621444,1993-06-11,2023-09-03,PM-001
CUST-08921,Hunar,Kala,kalahunar602@icloud.com,919709706608,1995-03-11,2016-09-10,PM-003
CUST-08922,Sana,Batta,sana_249@hotmail.com,917428950019,1995-07-04,2018-05-09,PM-004
CUST-08923,Tanya,Bhattacharyya,bhattacharyyatanya812@icloud.com,919250018755,1999-07-12,2022-10-15,PM-001
CUST-08924,Mishti,Hayre,mishti_671@yahoo.com,917564978389,1985-01-29,2008-05-09,PM-002
CUST-08925,Zoya,Dey,zoya.774@hotmail.com,919559044211,1992-12-19,2019-11-13,PM-002
CUST-08926,Siya,Buch,siya.buch574@gmail.com,918168041699,1976-07-26,2019-06-04,PM-004
CUST-08927,Dhanush,Raj,rajdhanush577@icloud.com,918384059677,1985-01-14,2018-10-17,PM-003
CUST-08928,Tarini,Saha,sahatarini352@icloud.com,918745745876,1995-02-28,2015-01-05,PM-002
CUST-08929,Damini,Chokshi,damini465@yahoo.com,918951517541,1977-05-06,2020-10-05,PM-003
CUST-08930,Alisha,Mangal,mangalalisha231@yahoo.com,919396303313,2005-04-08,2023-12-05,PM-003
CUST-08931,Pranay,Sastry,pranay.386@yahoo.com,918186295116,1977-10-14,1997-05-03,PM-003
CUST-08932,Vardaniya,Doshi,vardaniya.378@hotmail.com,917947681145,1990-08-28,2023-07-25,PM-003
CUST-08933,Himmat,Manne,himmat_706@outlook.com,919312673830,1976-10-20,2009-01-08,PM-004
CUST-08934,Reyansh,Dora,reyansh606@gmail.com,918397494320,1975-01-07,1997-03-26,PM-004
CUST-08935,Kiara,Rana,kiara.rana865@hotmail.com,919388297774,2005-12-08,2024-04-23,PM-004
CUST-08936,Emir,Chanda,chandaemir401@hotmail.com,917784970356,1998-10-30,2019-09-02,PM-003
CUST-08937,Aarav,Shankar,shankaraarav757@hotmail.com,919390051870,1989-03-30,2016-06-21,PM-002
CUST-08938,Yasmin,Gill,yasmin.gill520@gmail.com,918927061026,1977-01-05,2012-06-06,PM-002
CUST-08939,Adira,Bava,adira_968@hotmail.com,917162111840,2004-09-23,2022-12-29,PM-001
CUST-08940,Mahika,Kapur,mahika_641@gmail.com,919290069284,1978-04-03,2022-08-03,PM-003
CUST-08941,Ryan,Subramanian,ryan_490@hotmail.com,917896779399,1976-08-03,2012-02-06,PM-002
CUST-08942,Ahana ,Devan,ahana 614@outlook.com,917860648084,1984-03-09,2003-08-04,PM-002
CUST-08943,Ahana ,Walla,ahana 451@outlook.com,918897472103,1997-01-08,2015-09-22,PM-004
CUST-08944,Raunak,Sankar,raunak506@icloud.com,917619877090,1986-01-03,2023-01-30,PM-004
CUST-08945,Kavya,Ramanathan,kavya.470@yahoo.com,919494523017,1983-04-28,2020-10-05,PM-002
CUST-08946,Reyansh,Babu,reyansh173@yahoo.com,919566515436,1977-03-15,2005-04-29,PM-001
CUST-08947,Keya,Sangha,sanghakeya906@icloud.com,919325411306,1988-08-02,2018-07-25,PM-003
CUST-08948,Hunar,Koshy,hunar.345@outlook.com,919646429280,1980-04-15,2007-06-16,PM-004
CUST-08949,Ritvik,Khatri,ritvik_215@gmail.com,917921351036,1988-02-23,2023-12-01,PM-004
CUST-08950,Ahana ,Sabharwal,ahana _888@gmail.com,919078641863,1998-03-24,2016-05-13,PM-002
CUST-08951,Samaira,Roy,roysamaira911@outlook.com,919419929788,1980-03-10,2014-02-09,PM-003
CUST-08952,Riya,Wable,wableriya915@icloud.com,918448329879,1975-11-26,1995-09-11,PM-004
CUST-08953,Biju,Gade,biju.387@hotmail.com,919644692487,2001-08-23,2021-10-29,PM-002
CUST-08954,Rati,Sarraf,rati_237@gmail.com,918346897736,1994-03-03,2015-03-11,PM-002
CUST-08955,Jiya,Atwal,atwaljiya193@gmail.com,918839962261,1983-05-24,2020-04-12,PM-003
CUST-08956,Mishti,Gour,mishti.gour362@outlook.com,918662487494,1984-09-29,2017-07-08,PM-003
CUST-08957,Anaya,Rattan,anaya.389@yahoo.com,917514642020,1985-08-01,2015-05-22,PM-002
CUST-08958,Anaya,Soman,anaya.soman548@hotmail.com,917384588232,1985-06-08,2012-07-25,PM-003
CUST-08959,Nishith,Raj,nishith_880@gmail.com,917505015748,1990-01-22,2023-07-01,PM-003
CUST-08960,Ojas,Gade,gadeojas159@icloud.com,918584240099,1998-10-30,2018-08-31,PM-002
CUST-08961,Yakshit,Walia,yakshit180@icloud.com,917538010789,2005-01-01,2023-07-29,PM-001
CUST-08962,Sana,Rao,raosana835@hotmail.com,919254886115,1990-05-07,2015-03-13,PM-001
CUST-08963,Sahil,Sane,sanesahil257@icloud.com,918954246558,1995-06-01,2014-03-29,PM-003
CUST-08964,Dishani,Yogi,dishani523@icloud.com,917979374694,1996-12-16,2017-09-19,PM-004
CUST-08965,Parinaaz,Chaudhry,chaudhryparinaaz584@icloud.com,918614176135,1995-09-20,2017-01-19,PM-003
CUST-08966,Dhanush,Korpal,dhanush_377@yahoo.com,917924000378,1985-08-13,2007-12-12,PM-002
CUST-08967,Dhanuk,Comar,dhanuk.131@gmail.com,919022282944,1989-01-07,2013-12-13,PM-003
CUST-08968,Azad,Shankar,azad.999@outlook.com,918041416350,1975-04-01,2024-04-23,PM-003
CUST-08969,Aaryahi,Kota,aaryahi_125@outlook.com,917938678527,1996-08-12,2017-09-29,PM-001
CUST-08970,Indranil,Mahajan,indranil502@gmail.com,918803201220,2002-12-09,2024-05-22,PM-001
CUST-08971,Alia,Yohannan,alia.951@icloud.com,919031150423,1990-09-27,2021-06-06,PM-002
CUST-08972,Tarini,Shere,tarini_331@icloud.com,917649517388,1976-07-16,2000-04-26,PM-001
CUST-08973,Raghav,Dave,raghav.735@icloud.com,919257271743,2005-07-05,2023-10-31,PM-001
CUST-08974,Nitara,Dar,nitara.319@gmail.com,917565926475,1978-11-05,2008-03-09,PM-004
CUST-08975,Jivin,Karan,jivin_966@hotmail.com,919081918925,1983-01-04,2015-09-12,PM-003
CUST-08976,Renee,Keer,keerrenee479@icloud.com,918111638983,1993-09-16,2016-10-06,PM-002
CUST-08977,Biju,Bedi,biju.bedi691@icloud.com,918358383479,1998-09-15,2023-04-21,PM-003
CUST-08978,Nitara,Rattan,nitara.rattan340@hotmail.com,919649010242,2004-04-24,2023-11-27,PM-004
CUST-08979,Myra,Ray,myra.355@hotmail.com,917133654997,1996-09-17,2019-05-05,PM-001
CUST-08980,Yashvi,Wadhwa,yashvi256@yahoo.com,919510175609,1996-07-28,2021-02-13,PM-002
CUST-08981,Riaan,Dugar,riaan802@gmail.com,917105835195,1982-07-15,2018-07-14,PM-002
CUST-08982,Jivin,Devan,jivin_542@gmail.com,918462068155,1980-05-26,2012-08-03,PM-001
CUST-08983,Stuvan,Jha,stuvan840@hotmail.com,919973964795,1975-07-01,1994-06-10,PM-001
CUST-08984,Rasha,Manne,mannerasha839@hotmail.com,919936797890,1978-02-02,2024-05-02,PM-003
CUST-08985,Anvi,Kade,kadeanvi213@yahoo.com,918348269944,1999-09-26,2019-10-23,PM-001
CUST-08986,Abram,Swaminathan,swaminathanabram625@hotmail.com,918474506935,1984-08-03,2006-04-14,PM-002
CUST-08987,Aaryahi,Dar,daraaryahi292@yahoo.com,918309280137,1997-06-30,2024-03-21,PM-002
CUST-08988,Vedika,Upadhyay,vedika740@gmail.com,919274949682,1986-03-01,2004-03-28,PM-001
CUST-08989,Shayak,Jayaraman,shayak536@yahoo.com,918112974558,1998-11-11,2021-11-26,PM-004
CUST-08990,Taimur,Ranganathan,taimur.ranganathan705@hotmail.com,918760511593,1998-11-06,2022-10-25,PM-004
CUST-08991,Yashvi,Kibe,yashvi856@hotmail.com,919401053654,1990-06-18,2017-12-23,PM-002
CUST-08992,Sahil,Dalal,sahil426@icloud.com,919760903261,2005-06-26,2023-07-14,PM-004
CUST-08993,Siya,Bansal,siya832@icloud.com,918487673576,1977-06-01,2006-10-25,PM-003
CUST-08994,Yashvi,Das,yashvi.198@yahoo.com,919202332318,1974-07-30,1996-05-08,PM-001
CUST-08995,Reyansh,Lanka,reyansh_331@hotmail.com,917341667738,1981-11-26,2001-09-13,PM-004
CUST-08996,Zaina,Hora,zaina.702@icloud.com,919441999940,2001-02-22,2019-03-25,PM-003
CUST-08997,Heer,Vora,heer.341@icloud.com,917762169102,1974-12-24,2023-11-28,PM-002
CUST-08998,Aniruddh,Mall,mallaniruddh424@outlook.com,919172195497,1992-08-26,2018-07-22,PM-002
CUST-08999,Umang,Agarwal,umang658@hotmail.com,917245420950,1974-10-25,1994-01-08,PM-002
CUST-09000,Rania,Vig,rania.vig366@outlook.com,917420186721,2006-04-05,2024-04-20,PM-002
CUST-09001,Devansh,Saxena,devansh_172@outlook.com,919786452271,1999-02-19,2019-09-15,PM-003
CUST-09002,Hiran,Suri,hiran_342@hotmail.com,919105743279,1977-06-15,2003-08-24,PM-002
CUST-09003,Ahana ,Bhandari,ahana .681@yahoo.com,919568529206,1997-02-07,2016-09-24,PM-002
CUST-09004,Dharmajan,Srinivasan,dharmajan353@outlook.com,918089428500,1994-06-29,2016-07-22,PM-002
CUST-09005,Pranay,Chowdhury,pranay.chowdhury577@outlook.com,918951118706,1979-02-13,1998-09-01,PM-003
CUST-09006,Sara,Agarwal,sara713@gmail.com,919010139338,1988-12-20,2009-10-06,PM-003
CUST-09007,Ayesha,Dayal,ayesha_843@yahoo.com,918171812152,1987-01-23,2009-08-21,PM-003
CUST-09008,Divit,Shroff,divit.232@yahoo.com,918204611991,1977-04-01,2000-06-03,PM-004
CUST-09009,Urvi,Krish,urvi.645@hotmail.com,919194294696,1977-01-07,2014-10-18,PM-004
CUST-09010,Miraan,Seshadri,seshadrimiraan455@icloud.com,917650737919,2006-05-02,2024-06-04,PM-004
CUST-09011,Ranbir,Sarkar,ranbir.sarkar370@icloud.com,918403488961,1983-02-25,2020-06-15,PM-002
CUST-09012,Anaya,Krishnamurthy,anaya.465@hotmail.com,918822582676,1999-01-01,2022-04-11,PM-001
CUST-09013,Shayak,Yohannan,shayak579@hotmail.com,919169733153,2004-02-17,2023-06-08,PM-004
CUST-09014,Mamooty,Khare,mamooty.587@yahoo.com,917254844978,1984-05-25,2011-09-08,PM-002
CUST-09015,Samaira,Ram,samaira.ram379@hotmail.com,919752736119,1982-11-20,2015-04-10,PM-003
CUST-09016,Drishya,Banerjee,drishya.banerjee579@gmail.com,919364513304,2002-12-02,2022-05-01,PM-001
CUST-09017,Ranbir,Sibal,ranbir189@outlook.com,919304082455,1976-01-20,2003-01-29,PM-004
CUST-09018,Kaira,Butala,kaira.560@yahoo.com,917489225466,1985-11-13,2017-10-27,PM-001
CUST-09019,Anika,Dutta,duttaanika822@outlook.com,917248862727,1978-01-09,2005-03-18,PM-003
CUST-09020,Vardaniya,Saraf,sarafvardaniya895@outlook.com,917714267955,1990-01-29,2021-05-30,PM-004
CUST-09021,Darshit,Ghosh,ghoshdarshit495@gmail.com,917441742867,1978-05-14,2003-01-22,PM-002
CUST-09022,Aaryahi,Dass,aaryahi961@icloud.com,917906888805,2004-12-18,2024-03-14,PM-002
CUST-09023,Indrajit,Chaudhuri,indrajit.chaudhuri386@icloud.com,919132407841,2003-10-08,2022-08-23,PM-003
CUST-09024,Nirvaan,Loyal,nirvaan.loyal899@icloud.com,918640535361,2005-01-02,2023-10-22,PM-003
CUST-09025,Bhamini,Shan,bhamini.367@outlook.com,917102829611,1998-04-02,2018-09-02,PM-001
CUST-09026,Adah,Kurian,kurianadah489@yahoo.com,917401841588,1983-11-14,2016-08-23,PM-001
CUST-09027,Ranbir,Bhatt,ranbir_171@hotmail.com,918179490878,2001-03-23,2023-05-27,PM-003
CUST-09028,Riya,Goda,riya208@icloud.com,918332445010,2005-09-01,2024-02-16,PM-001
CUST-09029,Hunar,Basu,hunar578@gmail.com,919093667157,1983-03-20,2003-07-02,PM-002
CUST-09030,Jayant,Konda,jayant_215@icloud.com,919703402575,1996-12-16,2019-01-09,PM-001
CUST-09031,Prisha,Kar,prisha498@hotmail.com,919936570925,1986-01-09,2005-09-05,PM-002
CUST-09032,Samiha,Apte,samiha_648@hotmail.com,918790979379,1992-05-26,2020-05-15,PM-002
CUST-09033,Vihaan,Vohra,vohravihaan966@hotmail.com,919732130680,2003-03-31,2022-12-31,PM-004
CUST-09034,Shamik,Sunder,shamik_229@outlook.com,919327566091,1981-01-21,2018-04-07,PM-001
CUST-09035,Mahika,Mahal,mahalmahika919@icloud.com,917059622395,1980-12-27,2011-10-12,PM-002
CUST-09036,Veer,Kadakia,veer.682@outlook.com,917553385617,1990-07-28,2018-12-21,PM-001
CUST-09037,Ivana,Chacko,ivana723@icloud.com,917450910791,1985-03-15,2005-01-09,PM-003
CUST-09038,Sumer,Baria,bariasumer516@outlook.com,917191684293,1981-10-13,2020-08-22,PM-001
CUST-09039,Ishita,Hari,ishita.hari170@icloud.com,917144717522,1974-11-29,2019-03-24,PM-002
CUST-09040,Hrishita,Samra,hrishita_463@yahoo.com,919025332897,1990-09-11,2024-01-25,PM-003
CUST-09041,Divit,Dixit,divit_675@gmail.com,919593165017,1979-07-08,2016-03-31,PM-001
CUST-09042,Trisha,Suresh,sureshtrisha300@yahoo.com,917445935402,1998-10-18,2022-08-23,PM-004
CUST-09043,Ryan,Goyal,ryan_869@outlook.com,918643168906,1999-01-05,2021-09-21,PM-002
CUST-09044,Heer,Iyengar,heer.iyengar314@outlook.com,919043030770,1990-01-29,2013-12-10,PM-004
CUST-09045,Myra,Soni,myra405@hotmail.com,919783924960,1979-06-10,2000-10-02,PM-003
CUST-09046,Advik,Sami,advik288@hotmail.com,918825371603,1981-01-26,2002-03-10,PM-003
CUST-09047,Jivin,Tella,tellajivin926@gmail.com,919479298402,1982-06-08,2014-11-01,PM-002
CUST-09048,Sumer,Shankar,sumer.shankar447@yahoo.com,918201235630,2002-03-04,2023-02-12,PM-004
CUST-09049,Baiju,Bhatti,baiju.bhatti335@outlook.com,919860358199,1986-02-07,2022-06-28,PM-002
CUST-09050,Dharmajan,Bansal,dharmajan_917@yahoo.com,919040404392,1989-06-07,2013-06-22,PM-004
CUST-09051,Tarini,Sodhi,tarini_922@hotmail.com,917147114453,1985-03-06,2007-02-05,PM-003
CUST-09052,Nishith,Kar,nishith.kar431@gmail.com,919296310921,2005-10-19,2023-12-18,PM-003
CUST-09053,Anahita,Sachdeva,sachdevaanahita241@icloud.com,917879747350,1976-04-07,1995-08-10,PM-002
CUST-09054,Aarush,Chada,aarush.chada576@yahoo.com,919195803153,1974-11-06,2020-09-14,PM-001
CUST-09055,Taimur,Sachdev,taimur.sachdev567@icloud.com,918007338648,1994-04-05,2016-09-30,PM-003
CUST-09056,Sana,Sehgal,sana835@hotmail.com,917567687607,1996-03-19,2015-03-11,PM-004
CUST-09057,Kismat,Mahajan,kismat613@yahoo.com,917051701843,2004-09-28,2023-03-08,PM-002
CUST-09058,Advik,Kapoor,advik.kapoor463@icloud.com,917846168509,2004-01-20,2024-04-12,PM-001
CUST-09059,Kiaan,Randhawa,kiaan_605@hotmail.com,919155075152,1986-08-20,2005-06-15,PM-003
CUST-09060,Yasmin,Barad,baradyasmin511@icloud.com,917424004670,1981-10-08,2022-06-06,PM-004
CUST-09061,Shaan,Kar,shaan_276@gmail.com,917617087248,1979-01-17,2004-08-20,PM-001
CUST-09062,Shalv,Ganesan,shalv.199@hotmail.com,918238090597,1998-10-12,2018-10-10,PM-004
CUST-09063,Yuvaan,Suri,yuvaan.suri894@outlook.com,918045281063,1984-05-07,2020-08-27,PM-003
CUST-09064,Pranay,Raju,pranay.raju968@icloud.com,919565480722,2004-07-22,2023-06-02,PM-004
CUST-09065,Trisha,Gade,trisha.962@outlook.com,918953018680,1986-08-05,2022-04-18,PM-002
CUST-09066,Adira,Kunda,adira.944@outlook.com,917145896163,1984-04-28,2021-04-15,PM-001
CUST-09067,Mishti,Kashyap,kashyapmishti500@outlook.com,917278845876,1991-01-09,2014-07-10,PM-002
CUST-09068,Ivana,Vala,ivana.vala662@outlook.com,919202465052,1992-01-31,2010-07-12,PM-001
CUST-09069,Shanaya,Sami,samishanaya270@outlook.com,919471845777,1979-11-24,2019-03-29,PM-003
CUST-09070,Nitara,Sharaf,nitara_562@hotmail.com,917896595177,1975-08-16,2000-09-06,PM-002
CUST-09071,Priyansh,Dugal,priyansh.dugal308@yahoo.com,918969254576,1983-11-25,2019-08-19,PM-004
CUST-09072,Rati,Dey,rati375@gmail.com,919784829009,2005-11-20,2024-01-09,PM-002
CUST-09073,Parinaaz,Sawhney,parinaaz.sawhney853@hotmail.com,918173856322,2006-06-12,2024-06-09,PM-003
CUST-09074,Navya,Kant,navya.kant814@gmail.com,917816641587,2000-02-10,2019-11-16,PM-003
CUST-09075,Devansh,Deshpande,devansh.deshpande697@yahoo.com,918315347777,1998-11-04,2020-12-31,PM-002
CUST-09076,Badal,Khurana,khuranabadal610@icloud.com,917932744277,1988-05-05,2011-05-19,PM-003
CUST-09077,Priyansh,Chaudhuri,chaudhuripriyansh903@yahoo.com,918823886782,2001-08-11,2023-05-25,PM-002
CUST-09078,Tara,Ranganathan,ranganathantara775@gmail.com,919855455308,2004-05-21,2023-09-21,PM-001
CUST-09079,Ishaan,Dhillon,dhillonishaan696@hotmail.com,919963054871,1976-08-18,2019-03-28,PM-004
CUST-09080,Tushar,Varty,tushar.181@gmail.com,917254872422,1984-07-22,2005-04-01,PM-003
CUST-09081,Dhruv,Varghese,varghesedhruv208@gmail.com,918254341020,2006-04-13,2024-05-20,PM-004
CUST-09082,Akarsh,Sanghvi,sanghviakarsh842@hotmail.com,919666055279,1990-01-11,2009-11-26,PM-002
CUST-09083,Nitara,Varghese,nitara180@gmail.com,917275436032,1988-11-20,2013-03-24,PM-001
CUST-09084,Rania,Chahal,rania399@icloud.com,917370050966,1983-07-22,2011-09-19,PM-002
CUST-09085,Onkar,Vala,valaonkar650@gmail.com,919437368784,1994-02-02,2013-12-26,PM-004
CUST-09086,Parinaaz,Baria,parinaaz680@yahoo.com,918080906984,1976-12-20,2012-11-04,PM-002
CUST-09087,Gatik,Roy,gatik.234@yahoo.com,917350256543,1991-05-27,2020-04-07,PM-002
CUST-09088,Hansh,Balasubramanian,balasubramanianhansh313@icloud.com,918260109122,1978-05-04,2006-04-03,PM-001
CUST-09089,Trisha,Sura,trisha.441@gmail.com,918869953648,1976-11-03,2008-08-08,PM-004
CUST-09090,Onkar,Sundaram,onkar.942@yahoo.com,919174333858,1974-11-24,2010-08-05,PM-004
CUST-09091,Ritvik,Kadakia,ritvik.241@outlook.com,917385905428,2001-02-11,2022-01-20,PM-001
CUST-09092,Hrishita,Ratta,hrishita125@outlook.com,917051545715,2002-10-21,2023-02-23,PM-002
CUST-09093,Emir,Mammen,emir.mammen325@gmail.com,917514223462,1978-11-06,2001-01-06,PM-003
CUST-09094,Oorja,Sachdev,oorja145@yahoo.com,919124532579,1998-03-19,2018-01-21,PM-001
CUST-09095,Samarth,Chada,samarth.chada468@gmail.com,918942953393,1980-11-25,2014-12-15,PM-003
CUST-09096,Pari,Shah,pari632@icloud.com,917875206923,2005-08-18,2023-12-05,PM-004
CUST-09097,Yasmin,Bhargava,yasmin102@gmail.com,918952121184,2002-04-19,2020-08-30,PM-001
CUST-09098,Riya,Sekhon,riya_645@outlook.com,918056961686,1977-06-21,2001-05-29,PM-002
CUST-09099,Nayantara,Dube,nayantara.174@icloud.com,917691225049,1983-07-06,2011-01-16,PM-002
CUST-09100,Samaira,Bains,samaira.638@icloud.com,919747143013,1991-02-24,2021-06-29,PM-004
CUST-09101,Tarini,Chahal,tarini.chahal579@yahoo.com,918571713376,2003-04-23,2023-01-16,PM-003
CUST-09102,Inaaya ,Malhotra,inaaya .malhotra590@outlook.com,917483362849,1975-06-11,2012-05-09,PM-001
CUST-09103,Samaira,Raju,samaira_232@icloud.com,918908702633,1987-11-23,2017-08-09,PM-001
CUST-09104,Kanav,Walia,kanav_206@hotmail.com,917599519070,1979-02-03,2005-08-08,PM-003
CUST-09105,Manikya,Garg,manikya.115@outlook.com,917479548985,1995-03-04,2021-04-02,PM-003
CUST-09106,Sahil,Lata,sahil462@gmail.com,917008004768,1978-01-29,2015-12-27,PM-001
CUST-09107,Zaina,Soman,zaina302@gmail.com,919122979136,1976-09-29,2020-08-25,PM-002
CUST-09108,Siya,Sridhar,siya416@hotmail.com,917452713436,1984-06-29,2008-05-02,PM-002
CUST-09109,Veer,Ramachandran,veer_713@icloud.com,919057122922,1980-04-06,2004-11-07,PM-003
CUST-09110,Shamik,Hora,shamik.405@yahoo.com,918412363370,1982-07-07,2016-10-09,PM-004
CUST-09111,Aayush,Sagar,aayush.621@outlook.com,918002314288,1978-12-17,2010-09-07,PM-004
CUST-09112,Lakshit,Balasubramanian,lakshit_115@icloud.com,917379752529,1975-01-29,1998-02-23,PM-001
CUST-09113,Zoya,Dyal,zoya.555@gmail.com,917937421287,2000-02-05,2021-01-25,PM-004
CUST-09114,Saira,Sahni,saira.941@gmail.com,918572217649,1985-02-01,2011-09-06,PM-003
CUST-09115,Azad,Dani,daniazad976@yahoo.com,918527552556,1997-12-08,2020-05-17,PM-004
CUST-09116,Tiya,Gade,gadetiya135@hotmail.com,917447869890,1988-03-13,2011-04-27,PM-003
CUST-09117,Dhanush,Rege,regedhanush831@gmail.com,919544913759,1974-07-28,2016-12-30,PM-001
CUST-09118,Shray,Shenoy,shray_557@icloud.com,918730062901,1992-03-06,2021-02-22,PM-002
CUST-09119,Shayak,Shan,shayak_469@icloud.com,919186676919,1977-07-02,1998-01-20,PM-002
CUST-09120,Lagan,Bhatti,lagan.733@yahoo.com,918245220044,1980-12-22,2020-10-22,PM-002
CUST-09121,Navya,Gara,navya702@outlook.com,918937965986,1982-07-12,2019-12-20,PM-003
CUST-09122,Anya,Joshi,joshianya119@hotmail.com,917693020110,1995-10-16,2022-10-08,PM-002
CUST-09123,Divij,Koshy,divij.koshy914@outlook.com,918989309082,1995-03-17,2024-02-15,PM-004
CUST-09124,Kartik,Chopra,kartik.274@icloud.com,918028252540,1984-04-04,2006-02-21,PM-004
CUST-09125,Kimaya,Dewan,dewankimaya826@outlook.com,919387378916,1979-08-07,1998-09-19,PM-004
CUST-09126,Misha,Savant,misha_308@gmail.com,917747897841,1998-01-27,2022-09-14,PM-003
CUST-09127,Lagan,Brahmbhatt,brahmbhattlagan383@gmail.com,917318539809,2000-07-01,2023-09-18,PM-004
CUST-09128,Hrishita,Suri,hrishita.suri915@yahoo.com,918567447140,1991-03-10,2013-06-04,PM-001
CUST-09129,Arhaan,Bobal,arhaan.bobal549@outlook.com,918492333302,1990-02-04,2010-04-29,PM-001
CUST-09130,Elakshi,Boase,boaseelakshi403@gmail.com,917499496651,1990-03-28,2020-04-23,PM-004
CUST-09131,Ela,Khurana,ela_376@yahoo.com,917228337464,1979-10-11,2017-06-22,PM-003
CUST-09132,Jivin,Varma,varmajivin876@icloud.com,918057520617,1985-10-23,2013-05-10,PM-004
CUST-09133,Aradhya,Sethi,aradhya_654@icloud.com,919184112546,1987-09-30,2009-12-25,PM-002
CUST-09134,Tanya,Dey,deytanya531@hotmail.com,919791614596,1989-11-03,2020-04-03,PM-003
CUST-09135,Dhruv,Bora,dhruv.761@icloud.com,919520181465,2001-02-11,2020-07-15,PM-002
CUST-09136,Ishaan,Halder,halderishaan416@hotmail.com,919921920054,1979-06-01,1997-12-09,PM-003
CUST-09137,Ryan,Goel,ryan_361@gmail.com,917486469657,2004-09-17,2024-03-23,PM-004
CUST-09138,Faiyaz,Ghose,faiyaz.ghose575@hotmail.com,919067063857,2002-10-27,2024-02-22,PM-004
CUST-09139,Jayant,Tripathi,jayant477@icloud.com,918153734958,2006-02-03,2024-04-17,PM-002
CUST-09140,Jayesh,Wason,jayesh364@yahoo.com,919753228100,1986-04-30,2021-01-01,PM-002
CUST-09141,Sumer,Amble,sumer_131@yahoo.com,919334264658,2003-07-30,2022-02-27,PM-004
CUST-09142,Amira,Khatri,khatriamira320@outlook.com,918037878485,1985-03-02,2010-05-13,PM-004
CUST-09143,Azad,Sagar,azad.744@outlook.com,919935223589,1982-01-16,2000-02-15,PM-002
CUST-09144,Lagan,Koshy,lagan852@gmail.com,919788182068,2005-03-13,2023-06-15,PM-002
CUST-09145,Tara,Mandal,tara_709@outlook.com,918850486497,2003-03-07,2022-12-26,PM-002
CUST-09146,Misha,Saini,misha_800@gmail.com,917139196783,1978-06-09,2018-12-06,PM-002
CUST-09147,Yuvraj ,Master,yuvraj 768@outlook.com,919322363068,1975-06-14,2009-09-25,PM-001
CUST-09148,Abram,Bahri,abram_117@hotmail.com,917529265705,1994-01-10,2024-01-25,PM-003
CUST-09149,Shaan,Sathe,shaan_616@icloud.com,917715358969,1983-05-12,2020-11-08,PM-003
CUST-09150,Taimur,Mand,taimur.mand585@outlook.com,918726571964,2000-06-05,2018-11-21,PM-002
CUST-09151,Alia,Sen,alia.303@yahoo.com,918006194630,2002-07-20,2022-08-19,PM-003
CUST-09152,Gokul,Varughese,varughesegokul584@hotmail.com,917401601525,1987-10-22,2020-08-10,PM-003
CUST-09153,Nehmat,Rastogi,nehmat.rastogi365@yahoo.com,919596578041,1980-12-26,2016-01-09,PM-001
CUST-09154,Vardaniya,Swamy,vardaniya_392@outlook.com,919126146311,1984-05-28,2021-08-05,PM-001
CUST-09155,Darshit,Rout,darshit.269@yahoo.com,917159536077,1994-08-26,2024-04-20,PM-002
CUST-09156,Pari,Dixit,pari.990@gmail.com,917559013201,1990-04-29,2014-06-20,PM-001
CUST-09157,Vedika,Dua,vedika_402@gmail.com,919350041303,2003-03-08,2024-01-07,PM-002
CUST-09158,Bhamini,Garg,gargbhamini479@yahoo.com,917735828413,1996-03-21,2014-09-24,PM-002
CUST-09159,Badal,Goswami,badal457@outlook.com,918082603767,1978-03-10,2018-09-25,PM-003
CUST-09160,Indranil,Balasubramanian,indranil_693@hotmail.com,917985651006,1986-10-02,2021-10-21,PM-004
CUST-09161,Zeeshan,Bail,zeeshan_975@hotmail.com,919014947152,1982-12-29,2007-09-05,PM-004
CUST-09162,Emir,Chaudry,emir_368@gmail.com,919989890993,1978-02-27,1996-06-26,PM-002
CUST-09163,Zaina,Karpe,zaina.801@icloud.com,917635844809,2005-10-20,2024-02-06,PM-003
CUST-09164,Mannat,Hegde,mannat979@icloud.com,919878283883,1992-02-07,2019-04-13,PM-004
CUST-09165,Trisha,Aggarwal,trisha.980@outlook.com,918763045966,1981-10-29,2020-12-25,PM-004
CUST-09166,Mehul,Guha,mehul.497@outlook.com,917632081455,1998-03-04,2017-02-24,PM-003
CUST-09167,Zain,Venkataraman,zain.156@icloud.com,919891490318,1980-07-17,2011-01-05,PM-001
CUST-09168,Shalv,Lad,shalv_875@icloud.com,919921355735,1974-10-30,2008-12-16,PM-002
CUST-09169,Gatik,Balasubramanian,gatik.139@yahoo.com,918842018980,1999-12-27,2020-05-12,PM-004
CUST-09170,Purab,Choudhury,purab.choudhury881@outlook.com,918341452045,1977-06-19,1997-02-23,PM-002
CUST-09171,Divyansh,Dalal,divyansh_195@yahoo.com,919263003996,1987-10-22,2010-01-23,PM-004
CUST-09172,Yashvi,Keer,yashvi_206@gmail.com,918163940775,1997-09-10,2024-06-06,PM-004
CUST-09173,Tanya,Shankar,tanya.161@hotmail.com,918140831813,1986-12-04,2012-11-20,PM-001
CUST-09174,Rania,Hans,rania.hans364@outlook.com,918766196059,1976-12-31,1997-12-31,PM-001
CUST-09175,Divit,Dutta,duttadivit277@yahoo.com,919119204553,2003-06-12,2023-08-22,PM-002
CUST-09176,Charvi,Edwin,charvi.edwin931@yahoo.com,919898723872,2006-04-27,2024-05-30,PM-003
CUST-09177,Mishti,Mallick,mallickmishti390@hotmail.com,919521724689,1998-04-11,2023-02-16,PM-001
CUST-09178,Pihu,Deshpande,pihu.deshpande153@outlook.com,918963895203,1975-07-05,1995-07-11,PM-003
CUST-09179,Shamik,Madan,madanshamik959@hotmail.com,918731145564,2002-06-02,2021-07-09,PM-001
CUST-09180,Dhanush,Golla,dhanush_877@icloud.com,917311349478,1988-06-16,2021-12-04,PM-001
CUST-09181,Vanya,Mander,mandervanya379@yahoo.com,919878779399,2002-06-29,2023-04-04,PM-002
CUST-09182,Rasha,Sami,rasha.sami562@hotmail.com,918907721664,1976-05-29,1998-11-01,PM-003
CUST-09183,Zoya,Kota,zoya440@gmail.com,917101016355,1976-08-27,2004-10-25,PM-004
CUST-09184,Miraya,Venkatesh,miraya.557@outlook.com,919045575474,1977-10-30,2019-03-25,PM-004
CUST-09185,Jiya,Dyal,jiya.853@gmail.com,918998940999,2004-07-07,2024-05-27,PM-001
CUST-09186,Saira,Bail,saira882@gmail.com,917675030875,1979-07-15,2009-08-04,PM-004
CUST-09187,Anvi,Subramanian,anvi523@outlook.com,919619657014,2002-01-30,2023-10-24,PM-001
CUST-09188,Lakshay,Deol,lakshay_647@hotmail.com,918739663652,1995-04-30,2018-01-08,PM-003
CUST-09189,Samarth,Ranganathan,ranganathansamarth933@gmail.com,918675798887,1983-12-08,2022-10-18,PM-001
CUST-09190,Nitara,Mannan,mannannitara282@yahoo.com,919418635838,2004-06-13,2024-05-21,PM-003
CUST-09191,Advika,Balan,balanadvika246@yahoo.com,919752750578,1991-01-26,2020-07-31,PM-003
CUST-09192,Abram,Ganesan,abram_934@gmail.com,917630084774,1978-08-23,2005-02-12,PM-001
CUST-09193,Amira,Chhabra,amira_163@hotmail.com,919079826935,2005-07-25,2024-05-07,PM-004
CUST-09194,Raunak,Viswanathan,viswanathanraunak146@outlook.com,917667512935,1995-02-09,2015-07-01,PM-004
CUST-09195,Jiya,Thaman,jiya.thaman908@hotmail.com,918129303457,1983-11-12,2003-12-01,PM-003
CUST-09196,Jhanvi,Karnik,jhanvi.381@icloud.com,919666491615,1997-04-23,2019-09-26,PM-003
CUST-09197,Lagan,Dalal,dalallagan434@gmail.com,917645795174,1993-12-04,2018-02-12,PM-002
CUST-09198,Kartik,Tella,kartik769@hotmail.com,917963355451,1988-09-27,2020-08-02,PM-003
CUST-09199,Neelofar,Chakrabarti,chakrabartineelofar123@yahoo.com,917292592074,1992-11-30,2016-05-16,PM-002
CUST-09200,Umang,Mandal,umang.mandal672@outlook.com,917802245006,1990-02-11,2012-12-12,PM-001
CUST-09201,Anvi,Samra,anvi626@outlook.com,919132083076,1981-01-24,2019-11-28,PM-004
CUST-09202,Darshit,Agarwal,agarwaldarshit187@outlook.com,917617847168,1985-09-02,2012-08-01,PM-004
CUST-09203,Veer,Ramakrishnan,veer278@hotmail.com,919987687577,1987-06-17,2023-05-05,PM-001
CUST-09204,Taran,Chaudhry,taran.665@outlook.com,918958161692,1988-01-29,2011-03-25,PM-002
CUST-09205,Ranbir,Ranganathan,ranbir_440@gmail.com,917641781131,1989-12-03,2022-11-26,PM-003
CUST-09206,Urvi,Chanda,urvi_824@outlook.com,918872357826,2002-10-15,2022-07-17,PM-001
CUST-09207,Dhanush,Chauhan,dhanush769@hotmail.com,919764676862,1985-11-17,2023-07-05,PM-004
CUST-09208,Trisha,Hora,trisha220@gmail.com,919670720411,1994-09-01,2016-12-24,PM-004
CUST-09209,Neysa,Swamy,neysa_276@outlook.com,917919008304,1996-12-07,2016-03-25,PM-002
CUST-09210,Ayesha,Balakrishnan,ayesha.balakrishnan911@icloud.com,917602544755,1996-06-26,2017-05-13,PM-002
CUST-09211,Mishti,Basu,basumishti569@gmail.com,918091839442,2001-09-28,2023-10-10,PM-004
CUST-09212,Jayan,Bhasin,jayan.486@hotmail.com,917014997232,1987-10-19,2014-10-11,PM-004
CUST-09213,Arnav,Datta,arnav249@hotmail.com,918430960252,1998-08-16,2018-11-04,PM-003
CUST-09214,Jayant,Chowdhury,jayant.497@icloud.com,918830505320,1976-05-05,2018-05-01,PM-004
CUST-09215,Jiya,Ray,rayjiya905@gmail.com,917037030850,1990-11-11,2016-10-02,PM-003
CUST-09216,Kabir,Sandal,kabir894@gmail.com,918022056703,1989-01-09,2021-12-14,PM-002
CUST-09217,Shaan,Mani,manishaan189@outlook.com,918496082173,1996-04-27,2014-09-21,PM-003
CUST-09218,Sana,Sharma,sana.208@hotmail.com,918856018456,1993-04-26,2012-12-25,PM-001
CUST-09219,Nishith,Kibe,nishith.687@gmail.com,918128121542,1998-10-14,2023-03-07,PM-003
CUST-09220,Ishita,Guha,ishita.634@icloud.com,917126923109,1985-10-19,2004-12-09,PM-002
CUST-09221,Amani,Tiwari,amani966@yahoo.com,917670625066,1993-01-13,2020-01-13,PM-002
CUST-09222,Ojas,Kashyap,ojas.955@icloud.com,919601912579,2003-08-24,2023-08-03,PM-001
CUST-09223,Rohan,Bhat,rohan.720@icloud.com,917502791797,1979-07-25,2003-06-27,PM-004
CUST-09224,Adah,Bir,biradah679@yahoo.com,919479958278,1989-05-26,2018-02-21,PM-003
CUST-09225,Emir,Varkey,emir.varkey193@yahoo.com,919568186203,1982-09-06,2023-12-21,PM-003
CUST-09226,Kiaan,Deep,kiaan_739@hotmail.com,919239047056,1989-07-19,2015-07-29,PM-001
CUST-09227,Eshani,Lad,eshani.lad177@hotmail.com,917223307442,1999-10-18,2022-03-26,PM-001
CUST-09228,Devansh,Balay,devansh_508@hotmail.com,917551455433,1999-09-14,2023-10-17,PM-001
CUST-09229,Yakshit,Kota,yakshit567@icloud.com,917430021866,1980-09-18,2003-10-13,PM-002
CUST-09230,Yasmin,Buch,buchyasmin908@outlook.com,918040752980,1976-07-22,2022-03-22,PM-002
CUST-09231,Aradhya,Dixit,aradhya.dixit152@gmail.com,917459384072,1996-01-17,2014-08-08,PM-001
CUST-09232,Zara,Lad,zara306@yahoo.com,917791926949,1997-10-24,2017-06-16,PM-003
CUST-09233,Shray,Sharma,shray418@outlook.com,918704662544,1975-10-18,2021-01-15,PM-001
CUST-09234,Prisha,Lalla,prisha244@icloud.com,919188057931,1981-01-20,2001-06-21,PM-001
CUST-09235,Rhea,Mall,rhea.mall215@yahoo.com,919230676934,1980-08-21,2017-07-22,PM-001
CUST-09236,Shalv,Toor,toorshalv906@outlook.com,917304996879,1977-11-23,1998-07-10,PM-002
CUST-09237,Kiaan,Sharma,sharmakiaan120@yahoo.com,917509168915,1975-10-28,2014-08-08,PM-002
CUST-09238,Charvi,Thaker,charvi.thaker934@yahoo.com,917991297384,1988-10-08,2018-02-28,PM-001
CUST-09239,Hazel,Bora,borahazel661@icloud.com,917763758208,1976-03-09,2006-10-04,PM-001
CUST-09240,Pranay,Jani,pranay.jani152@yahoo.com,917899023184,1982-06-29,2021-10-28,PM-004
CUST-09241,Kashvi,Trivedi,kashvi.trivedi683@hotmail.com,917970849251,1978-12-14,2020-09-23,PM-004
CUST-09242,Ahana ,Sundaram,ahana 801@outlook.com,917005102617,1998-05-10,2021-10-28,PM-004
CUST-09243,Aarav,Acharya,acharyaaarav948@outlook.com,919156143949,1996-04-16,2015-05-09,PM-001
CUST-09244,Adah,Bora,adah810@icloud.com,918479123126,2002-11-25,2022-06-19,PM-003
CUST-09245,Priyansh,Sur,priyansh.sur124@icloud.com,917690265344,1997-11-21,2020-08-29,PM-001
CUST-09246,Jayan,Mann,jayan792@outlook.com,919431967103,2005-12-12,2024-01-30,PM-004
CUST-09247,Tushar,Chada,tushar.chada833@icloud.com,917243248610,1977-01-25,2001-10-19,PM-003
CUST-09248,Dishani,Sama,dishani_209@yahoo.com,917543779767,1974-09-01,2018-11-29,PM-004
CUST-09249,Eshani,Ghose,eshani_898@yahoo.com,917267392491,1975-04-21,2010-12-11,PM-002
CUST-09250,Lakshay,Ahluwalia,lakshay514@outlook.com,919211905232,1990-01-27,2012-06-15,PM-003
CUST-09251,Suhana,Kaul,suhana_908@outlook.com,918948313279,1999-01-08,2022-11-25,PM-003
CUST-09252,Jiya,Madan,jiya359@gmail.com,917033379682,1976-02-08,2009-07-04,PM-003
CUST-09253,Saanvi,Choudhry,saanvi442@outlook.com,919246740420,2005-07-21,2024-01-23,PM-002
CUST-09254,Aayush,Kashyap,aayush_192@icloud.com,919314084852,1995-05-18,2018-09-20,PM-004
CUST-09255,Kiara,Dutt,kiara.716@icloud.com,919884446173,1976-03-26,2005-02-03,PM-004
CUST-09256,Hridaan,Datta,hridaan.datta940@outlook.com,919133420485,1998-09-15,2022-09-18,PM-004
CUST-09257,Prisha,Konda,prisha219@gmail.com,917280410304,1999-07-03,2020-10-04,PM-001
CUST-09258,Uthkarsh,Rout,uthkarsh311@yahoo.com,917431706243,1986-07-02,2004-08-16,PM-003
CUST-09259,Reyansh,Srinivas,reyansh301@icloud.com,919281682105,1981-04-06,2000-09-12,PM-002
CUST-09260,Vritika,Kumar,vritika.785@icloud.com,918501453864,1988-10-16,2021-05-02,PM-003
CUST-09261,Rohan,Grewal,rohan895@yahoo.com,918637495094,1975-07-04,2001-01-16,PM-004
CUST-09262,Hansh,Mallick,mallickhansh313@icloud.com,918741323936,1993-12-31,2012-09-18,PM-003
CUST-09263,Gokul,Bath,gokul777@icloud.com,919549870299,1997-11-03,2023-04-04,PM-004
CUST-09264,Manikya,Sachdev,manikya.sachdev375@hotmail.com,917738225123,1988-11-13,2020-05-05,PM-004
CUST-09265,Vidur,Wason,vidur993@hotmail.com,917442400560,1976-02-07,1996-05-24,PM-003
CUST-09266,Ira,Khanna,ira.162@outlook.com,917428170078,1984-06-07,2005-02-10,PM-001
CUST-09267,Divyansh,Reddy,divyansh.737@gmail.com,917247025046,1977-12-07,2015-07-06,PM-003
CUST-09268,Aradhya,Vasa,aradhya_697@yahoo.com,917441961480,1984-01-13,2020-04-19,PM-001
CUST-09269,Shaan,Swamy,shaan.swamy183@hotmail.com,917349361704,1991-08-10,2013-07-06,PM-001
CUST-09270,Raunak,Khatri,khatriraunak473@yahoo.com,918785815806,1994-06-29,2017-03-28,PM-003
CUST-09271,Jayesh,Saraf,sarafjayesh240@outlook.com,917055273824,1977-02-28,2011-10-30,PM-003
CUST-09272,Taimur,Varghese,varghesetaimur931@hotmail.com,917045888075,1991-06-17,2011-06-23,PM-001
CUST-09273,Samaira,Majumdar,majumdarsamaira833@yahoo.com,919734250008,1989-08-18,2012-10-24,PM-001
CUST-09274,Akarsh,Guha,akarsh.guha722@icloud.com,918604412395,1980-08-26,2009-04-14,PM-004
CUST-09275,Gokul,Ratta,gokul_290@icloud.com,918817363176,2000-10-09,2022-07-03,PM-003
CUST-09276,Raunak,Chowdhury,raunak_247@icloud.com,917697804248,1991-11-16,2024-03-13,PM-001
CUST-09277,Tiya,Chander,chandertiya892@gmail.com,918993998177,1999-01-04,2017-05-10,PM-001
CUST-09278,Yuvraj ,Ray,yuvraj .ray137@yahoo.com,917989869087,1982-12-10,2022-12-31,PM-002
CUST-09279,Zain,Kaur,zain.kaur195@outlook.com,918958411090,1995-05-29,2023-08-29,PM-001
CUST-09280,Seher,Kalla,seher_374@gmail.com,918468939232,1987-04-03,2023-06-07,PM-003
CUST-09281,Indrajit,Banik,indrajit_686@gmail.com,917402826709,1985-04-25,2024-06-05,PM-002
CUST-09282,Rania,Gopal,rania_883@icloud.com,918997245916,2000-02-27,2019-03-12,PM-001
CUST-09283,Bhamini,Shanker,bhamini.923@hotmail.com,918110279981,1976-03-30,2022-12-20,PM-004
CUST-09284,Samar,Toor,samar_745@yahoo.com,917512042011,1999-05-09,2021-02-15,PM-001
CUST-09285,Rati,Shanker,rati_401@gmail.com,919606577860,1995-01-02,2019-08-17,PM-003
CUST-09286,Vanya,Venkataraman,vanya.436@gmail.com,918162271043,1991-02-02,2015-02-27,PM-001
CUST-09287,Bhamini,Bumb,bumbbhamini837@hotmail.com,918504282249,1990-01-23,2010-08-29,PM-002
CUST-09288,Mohanlal,Tata,mohanlal.tata122@icloud.com,917573777766,1993-03-31,2018-05-03,PM-001
CUST-09289,Vivaan,Raman,vivaan.201@yahoo.com,919238073198,1995-08-15,2021-12-04,PM-001
CUST-09290,Ritvik,Raja,ritvik597@yahoo.com,917078059570,1992-01-31,2011-07-12,PM-001
CUST-09291,Nirvaan,Majumdar,majumdarnirvaan695@hotmail.com,918287517675,1985-01-21,2006-08-07,PM-003
CUST-09292,Keya,Karpe,karpekeya900@hotmail.com,919597636812,2006-04-11,2024-05-23,PM-004
CUST-09293,Anay,Karnik,anay_953@icloud.com,917565995854,2002-07-02,2020-09-01,PM-004
CUST-09294,Ranbir,Saxena,ranbir.saxena276@hotmail.com,917675231502,1989-03-15,2011-01-28,PM-001
CUST-09295,Madhav,Ganesan,madhav.ganesan238@outlook.com,919852739024,1989-09-26,2018-09-20,PM-003
CUST-09296,Kismat,Chokshi,kismat.chokshi762@icloud.com,919227473308,1999-04-20,2020-12-31,PM-003
CUST-09297,Abram,Arora,aroraabram108@gmail.com,917527354648,2005-05-14,2024-03-03,PM-004
CUST-09298,Mohanlal,Rout,mohanlal.rout276@outlook.com,919714741713,2005-12-30,2024-05-25,PM-002
CUST-09299,Lakshit,Khare,lakshit831@hotmail.com,919947614734,2003-09-25,2023-07-10,PM-002
CUST-09300,Eshani,Hegde,eshani_283@yahoo.com,917476124571,1983-07-23,2016-03-15,PM-004
CUST-09301,Vanya,Jaggi,jaggivanya798@yahoo.com,917891554804,2001-07-13,2024-05-12,PM-004
CUST-09302,Prisha,Trivedi,prisha.trivedi965@hotmail.com,919154701020,2002-11-12,2023-04-16,PM-003
CUST-09303,Tejas,Ramakrishnan,tejas578@hotmail.com,919158931601,2002-12-05,2022-11-16,PM-001
CUST-09304,Hrishita,Dube,hrishita.247@icloud.com,919230007099,1977-08-30,2017-01-27,PM-001
CUST-09305,Dhanush,Ganguly,dhanush_761@gmail.com,919232064033,1983-03-18,2001-06-15,PM-001
CUST-09306,Myra,Dhar,dharmyra787@yahoo.com,917821740624,2006-02-09,2024-02-08,PM-002
CUST-09307,Samaira,Gokhale,samaira.gokhale314@yahoo.com,918547428521,1993-06-10,2018-01-11,PM-002
CUST-09308,Parinaaz,Bandi,parinaaz552@yahoo.com,918688938410,1995-06-12,2013-08-27,PM-002
CUST-09309,Hridaan,Lata,hridaan.lata447@outlook.com,918030288909,1984-03-23,2016-04-20,PM-002
CUST-09310,Pari,Choudhury,pari_951@outlook.com,919396423104,1979-01-03,2008-01-24,PM-003
CUST-09311,Mannat,Kade,mannat.587@hotmail.com,917918573488,2004-03-30,2023-03-19,PM-004
CUST-09312,Indrans,Balasubramanian,indrans847@hotmail.com,917476638902,1979-11-21,2019-07-13,PM-001
CUST-09313,Nitara,Ganesh,nitara.928@icloud.com,919524242920,1988-02-25,2021-05-12,PM-003
CUST-09314,Riya,Walia,waliariya224@icloud.com,919639907183,1988-06-27,2007-11-08,PM-003
CUST-09315,Samarth,Comar,samarth850@gmail.com,918397599203,1990-05-07,2010-03-04,PM-002
CUST-09316,Yakshit,Lalla,yakshit140@gmail.com,918271009362,1987-04-24,2005-12-09,PM-002
CUST-09317,Anaya,Raval,anaya.863@icloud.com,917943797499,1988-06-17,2006-09-25,PM-002
CUST-09318,Reyansh,Chandra,reyansh549@gmail.com,918971291093,2000-06-03,2019-05-27,PM-004
CUST-09319,Riaan,Butala,riaan_836@hotmail.com,918016198779,2002-04-13,2023-09-23,PM-001
CUST-09320,Taimur,Rajan,rajantaimur187@icloud.com,917754041716,1993-05-01,2015-04-10,PM-003
CUST-09321,Vardaniya,Sachdeva,vardaniya601@yahoo.com,918210258062,1991-12-01,2012-06-17,PM-002
CUST-09322,Lavanya,Khatri,khatrilavanya822@hotmail.com,919220285147,1988-05-28,2022-04-19,PM-004
CUST-09323,Saksham,Sastry,saksham.sastry400@yahoo.com,917938920431,1991-02-22,2016-01-30,PM-003
CUST-09324,Ryan,Gopal,gopalryan983@outlook.com,917412881818,1988-01-15,2006-01-12,PM-003
CUST-09325,Romil,Seshadri,romil.seshadri708@icloud.com,918382199387,1984-02-20,2005-10-23,PM-001
CUST-09326,Aradhya,Hegde,hegdearadhya360@outlook.com,919571259652,1997-08-07,2016-09-14,PM-002
CUST-09327,Zoya,Andra,zoya_351@yahoo.com,918395561286,1994-06-28,2022-11-04,PM-002
CUST-09328,Fateh,Bandi,fateh465@icloud.com,918132627732,2006-02-22,2024-05-20,PM-003
CUST-09329,Yuvaan,Rajagopal,yuvaan.rajagopal553@gmail.com,918295794042,1996-06-16,2022-04-25,PM-002
CUST-09330,Armaan,Deep,armaan.deep301@yahoo.com,917539873197,1986-01-21,2008-10-28,PM-003
CUST-09331,Sahil,Dey,sahil.526@outlook.com,917440446219,1986-08-21,2023-01-03,PM-004
CUST-09332,Saksham,Loke,saksham.loke163@hotmail.com,917718809413,1987-04-19,2012-01-27,PM-003
CUST-09333,Mehul,Atwal,mehul.atwal366@outlook.com,919689038000,1995-07-25,2014-08-08,PM-002
CUST-09334,Indrajit,Chand,indrajit.959@icloud.com,918661526842,2001-07-02,2021-03-25,PM-002
CUST-09335,Advik,Ranganathan,advik.ranganathan873@icloud.com,919986187477,1983-05-04,2016-11-11,PM-001
CUST-09336,Kiara,Bansal,kiara.bansal881@gmail.com,918676321689,1987-11-04,2024-06-01,PM-003
CUST-09337,Aarav,Dhingra,dhingraaarav153@yahoo.com,919588050239,1998-02-17,2021-02-18,PM-003
CUST-09338,Nayantara,Bahri,bahrinayantara134@yahoo.com,918159193826,1997-04-16,2018-02-26,PM-002
CUST-09339,Akarsh,Subramanian,akarsh818@icloud.com,918301750964,1986-08-05,2007-11-06,PM-003
CUST-09340,Stuvan,Chakraborty,stuvan936@icloud.com,917562599172,1983-11-06,2012-01-13,PM-001
CUST-09341,Biju,Sachar,biju670@yahoo.com,919742764749,1985-06-14,2018-01-06,PM-003
CUST-09342,Tushar,Kade,tushar.696@outlook.com,919745840445,1993-12-30,2024-02-05,PM-002
CUST-09343,Misha,Shere,misha_435@icloud.com,919251268215,2004-12-30,2024-05-11,PM-002
CUST-09344,Indrans,Agate,indrans.116@hotmail.com,919058351678,1977-06-27,2015-05-20,PM-004
CUST-09345,Prisha,Rastogi,prisha.rastogi975@hotmail.com,917546462763,2000-12-23,2019-04-16,PM-001
CUST-09346,Shanaya,Datta,shanaya_739@outlook.com,918522521142,2001-06-06,2020-07-31,PM-004
CUST-09347,Yakshit,Sidhu,yakshit.sidhu798@outlook.com,918072872007,1998-01-23,2018-09-23,PM-003
CUST-09348,Azad,Suresh,azad.suresh336@outlook.com,919466980688,1978-01-15,1999-06-06,PM-002
CUST-09349,Alia,Bumb,bumbalia206@hotmail.com,918243092948,1985-03-19,2004-05-22,PM-001
CUST-09350,Rohan,Bajaj,bajajrohan133@hotmail.com,919911210906,1979-06-16,2007-07-31,PM-001
CUST-09351,Biju,Dhingra,biju.dhingra519@outlook.com,917284968230,1978-03-27,2020-12-03,PM-002
CUST-09352,Dharmajan,Sharaf,dharmajan.961@gmail.com,917443734129,1997-05-23,2022-10-23,PM-004
CUST-09353,Eshani,Kanda,eshani.106@gmail.com,919254085554,1985-12-15,2009-07-06,PM-001
CUST-09354,Azad,Dewan,azad.dewan811@yahoo.com,918344963753,1977-08-03,2012-06-09,PM-003
CUST-09355,Kashvi,Gara,kashvi.gara556@gmail.com,919107259230,2005-11-01,2024-05-31,PM-001
CUST-09356,Rasha,Loyal,loyalrasha247@yahoo.com,919479770839,1993-12-21,2022-04-14,PM-002
CUST-09357,Nirvaan,Khatri,nirvaan985@yahoo.com,917522666658,1993-10-17,2015-04-26,PM-004
CUST-09358,Armaan,Bava,bavaarmaan190@gmail.com,917803985813,1986-12-16,2008-07-07,PM-001
CUST-09359,Aarush,Thaman,aarush_545@gmail.com,918718254079,1997-11-02,2016-06-02,PM-003
CUST-09360,Vaibhav,Koshy,vaibhav.338@outlook.com,918421433174,1993-10-15,2016-05-11,PM-001
CUST-09361,Sahil,Kohli,sahil.kohli997@icloud.com,918668198063,1987-10-19,2014-05-21,PM-001
CUST-09362,Arnav,Bhagat,bhagatarnav285@yahoo.com,917769172917,2004-06-16,2022-12-25,PM-002
CUST-09363,Ira,Kala,ira_313@hotmail.com,917019779565,1977-03-08,2011-06-24,PM-004
CUST-09364,Raghav,Dave,raghav.dave980@gmail.com,918648302760,1981-05-05,2006-10-05,PM-001
CUST-09365,Himmat,Chadha,himmat_205@yahoo.com,917390518028,1990-12-18,2020-02-08,PM-004
CUST-09366,Seher,Garde,gardeseher897@outlook.com,918101450068,1991-06-19,2019-09-28,PM-002
CUST-09367,Darshit,Balasubramanian,darshit_426@gmail.com,917024982776,2000-05-30,2020-08-30,PM-001
CUST-09368,Vihaan,Bava,vihaan_373@outlook.com,917773252879,2005-07-30,2023-10-12,PM-001
CUST-09369,Hunar,Dani,danihunar826@icloud.com,917980039724,1996-11-15,2015-03-14,PM-001
CUST-09370,Vivaan,Deo,vivaan_991@icloud.com,919290235272,1975-11-30,2004-09-20,PM-003
CUST-09371,Arhaan,Venkataraman,arhaan.venkataraman613@gmail.com,917678275266,1988-04-05,2007-06-09,PM-003
CUST-09372,Piya,Dhaliwal,piya215@yahoo.com,919335280677,1986-07-12,2011-09-27,PM-003
CUST-09373,Hrishita,Uppal,hrishita_180@hotmail.com,918588126843,1981-06-23,2001-08-21,PM-001
CUST-09374,Anahi,Srivastava,srivastavaanahi960@outlook.com,919858109563,2006-02-23,2024-04-17,PM-004
CUST-09375,Jivika,Venkataraman,jivika.912@outlook.com,919315632296,2001-03-11,2020-09-08,PM-001
CUST-09376,Dhanush,Kohli,dhanush468@icloud.com,919551220979,1988-09-11,2006-10-29,PM-004
CUST-09377,Vanya,Bhat,vanya.bhat512@yahoo.com,919013759354,1976-03-24,1998-09-23,PM-001
CUST-09378,Vanya,Walla,vanya.walla469@outlook.com,917101941305,1978-01-19,2018-08-26,PM-003
CUST-09379,Nitya,Hari,nitya921@hotmail.com,917264994515,1992-12-06,2021-07-18,PM-004
CUST-09380,Mishti,Butala,mishti463@gmail.com,918404353313,1989-07-01,2008-07-05,PM-001
CUST-09381,Umang,Kunda,kundaumang802@icloud.com,919363855107,1984-01-02,2004-01-02,PM-004
CUST-09382,Dhanuk,Suri,dhanuk368@yahoo.com,919626106876,1989-08-26,2016-12-11,PM-003
CUST-09383,Ryan,Doshi,ryan_900@outlook.com,918137951652,1990-09-04,2017-09-24,PM-004
CUST-09384,Vaibhav,Ahuja,vaibhav_810@gmail.com,917375654410,1994-06-21,2019-03-15,PM-004
CUST-09385,Hazel,Chowdhury,hazel.chowdhury631@outlook.com,918273865098,1981-09-06,2018-07-04,PM-004
CUST-09386,Taimur,Sule,suletaimur907@yahoo.com,917880797582,1984-06-02,2002-09-30,PM-003
CUST-09387,Madhav,Kanda,madhav.kanda599@hotmail.com,917536048963,1983-02-06,2023-10-11,PM-003
CUST-09388,Chirag,Saxena,chirag_864@gmail.com,918455887322,1978-10-08,2007-05-19,PM-001
CUST-09389,Ranbir,Acharya,ranbir.746@yahoo.com,917445129692,1995-08-03,2023-01-14,PM-002
CUST-09390,Prerak,Sundaram,prerak.sundaram593@yahoo.com,918143372748,1986-10-04,2010-04-26,PM-002
CUST-09391,Priyansh,Mahajan,priyansh470@hotmail.com,917772351145,1997-06-13,2018-11-18,PM-002
CUST-09392,Riya,Bhatti,riya.134@outlook.com,918163646344,1996-06-02,2022-11-09,PM-001
CUST-09393,Elakshi,Shan,elakshi.867@hotmail.com,917783368468,1983-11-10,2010-08-15,PM-004
CUST-09394,Pihu,Upadhyay,pihu_790@icloud.com,919798232089,1976-04-13,2010-06-28,PM-003
CUST-09395,Kanav,Sampath,kanav.102@hotmail.com,918056871958,2003-01-08,2022-05-14,PM-004
CUST-09396,Ishaan,Gupta,guptaishaan959@hotmail.com,917797925727,1989-11-23,2014-08-19,PM-001
CUST-09397,Anahi,Bath,anahi_253@outlook.com,919814760601,1997-02-28,2019-01-29,PM-002
CUST-09398,Sahil,Rajagopalan,sahil_246@yahoo.com,919630572980,1999-07-21,2019-11-14,PM-002
CUST-09399,Eshani,Raju,rajueshani715@yahoo.com,918201232249,2002-05-05,2023-10-31,PM-001
CUST-09400,Himmat,Sen,himmat.609@hotmail.com,919332819178,1995-05-31,2024-02-21,PM-002
CUST-09401,Baiju,Doshi,baiju.712@hotmail.com,917043168472,1975-12-01,2003-12-30,PM-003
CUST-09402,Farhan,Kapoor,farhan864@yahoo.com,917413986773,1980-02-20,2001-12-17,PM-003
CUST-09403,Eshani,Mahajan,eshani.832@icloud.com,919868217864,1978-10-13,2011-03-22,PM-002
CUST-09404,Eshani,Thakkar,thakkareshani827@icloud.com,917546585344,2006-06-08,2024-06-09,PM-002
CUST-09405,Hrishita,Ravel,hrishita_597@yahoo.com,919873604876,2003-03-10,2021-03-24,PM-004
CUST-09406,Tejas,Batta,battatejas920@outlook.com,919974537073,1977-04-13,1995-04-11,PM-004
CUST-09407,Hiran,Deshpande,hiran942@icloud.com,919196681333,2004-01-22,2022-07-30,PM-004
CUST-09408,Nakul,Sarna,nakul.718@outlook.com,919097285132,1990-08-22,2012-12-03,PM-001
CUST-09409,Vidur,Dhawan,vidur362@hotmail.com,917511848824,1994-07-21,2018-05-26,PM-002
CUST-09410,Alia,Choudhary,alia.choudhary798@gmail.com,919863732757,1983-01-23,2021-10-29,PM-004
CUST-09411,Dhruv,Lall,lalldhruv518@outlook.com,917797157591,1992-04-01,2021-04-08,PM-001
CUST-09412,Divit,Krishnamurthy,krishnamurthydivit133@outlook.com,917855280459,1999-02-12,2022-10-15,PM-002
CUST-09413,Kiaan,Arora,kiaan850@icloud.com,918434011485,1999-04-27,2018-04-19,PM-003
CUST-09414,Tiya,Bala,balatiya782@hotmail.com,919683060778,1992-01-22,2013-09-01,PM-003
CUST-09415,Veer,Shukla,veer.552@gmail.com,917549597094,1991-03-17,2014-02-15,PM-004
CUST-09416,Miraan,Bhardwaj,miraan.202@outlook.com,917275797111,1979-10-11,2003-04-24,PM-001
CUST-09417,Rohan,Dar,rohan.120@gmail.com,917392148441,1987-10-16,2015-02-18,PM-001
CUST-09418,Azad,Hayre,hayreazad100@icloud.com,917578953052,1977-06-21,2012-08-27,PM-001
CUST-09419,Romil,Bhardwaj,bhardwajromil358@gmail.com,918438181155,1994-09-05,2021-08-09,PM-001
CUST-09420,Hazel,Tiwari,tiwarihazel398@icloud.com,918868224940,1996-02-01,2022-06-26,PM-001
CUST-09421,Ishita,Mahajan,ishita.360@icloud.com,918411223386,1999-12-12,2024-05-23,PM-003
CUST-09422,Yasmin,Tandon,yasmin685@outlook.com,919320286426,2003-03-30,2021-05-08,PM-003
CUST-09423,Myra,Kashyap,myra.337@icloud.com,917828606648,1988-11-24,2023-05-16,PM-001
CUST-09424,Riaan,Issac,riaan589@hotmail.com,917688970081,1988-06-18,2014-07-13,PM-004
CUST-09425,Samarth,Char,charsamarth571@icloud.com,919048193255,2003-12-21,2024-05-22,PM-004
CUST-09426,Uthkarsh,Chand,uthkarsh.chand789@outlook.com,919406302519,1993-01-06,2024-04-29,PM-002
CUST-09427,Urvi,Mand,urvi379@hotmail.com,919915049332,1988-08-07,2020-08-11,PM-001
CUST-09428,Manikya,Bedi,manikya.bedi394@yahoo.com,919165671205,1997-02-02,2023-05-14,PM-003
CUST-09429,Shlok,Sani,shlok.541@icloud.com,919602082031,2002-04-07,2021-08-29,PM-002
CUST-09430,Damini,Sethi,damini387@outlook.com,917263135758,2002-04-08,2020-04-12,PM-004
CUST-09431,Keya,Ratti,keya.972@hotmail.com,918519777540,1987-04-14,2019-05-02,PM-003
CUST-09432,Miraya,Chokshi,miraya.136@icloud.com,919304727161,2000-09-18,2022-07-16,PM-001
CUST-09433,Rasha,Sarma,sarmarasha780@outlook.com,918308603695,1979-03-28,2010-01-16,PM-001
CUST-09434,Tarini,Shah,tarini.shah831@hotmail.com,918704047719,1982-04-18,2009-07-16,PM-001
CUST-09435,Miraya,Singhal,miraya_825@hotmail.com,919445424908,2000-06-22,2022-05-13,PM-003
CUST-09436,Chirag,Bhandari,chirag.298@outlook.com,917261062845,2003-01-27,2023-09-03,PM-001
CUST-09437,Zeeshan,Chanda,zeeshan_124@outlook.com,918875729374,1995-03-07,2020-11-30,PM-002
CUST-09438,Rasha,Khurana,rasha974@icloud.com,918126837699,1998-06-28,2023-11-07,PM-001
CUST-09439,Trisha,Bawa,trisha.bawa908@gmail.com,919990834219,1981-06-19,2024-02-11,PM-002
CUST-09440,Tara,Kannan,tara_310@gmail.com,918603442059,1993-04-18,2016-07-10,PM-002
CUST-09441,Tara,Dugar,tara.dugar881@outlook.com,917623600751,1987-06-19,2016-08-12,PM-001
CUST-09442,Prerak,Chaudhry,prerak612@hotmail.com,919555016427,1987-10-06,2008-01-05,PM-003
CUST-09443,Oorja,Bali,oorja.744@outlook.com,917413773374,2002-08-30,2023-08-14,PM-004
CUST-09444,Nitya,Garg,nitya867@icloud.com,917032309256,1979-10-26,2009-08-12,PM-004
CUST-09445,Advik,Contractor,contractoradvik105@icloud.com,918715372839,1977-12-24,2013-10-26,PM-002
CUST-09446,Jhanvi,Rajagopalan,rajagopalanjhanvi852@yahoo.com,918095956654,1992-12-31,2012-05-30,PM-004
CUST-09447,Hazel,Vohra,vohrahazel937@gmail.com,917900488851,2005-07-17,2023-11-15,PM-001
CUST-09448,Tejas,Bora,tejas.bora937@hotmail.com,917592546154,2000-06-19,2024-05-28,PM-002
CUST-09449,Vivaan,Sandhu,sandhuvivaan350@yahoo.com,917441061251,1993-03-14,2015-01-21,PM-004
CUST-09450,Tushar,Divan,tushar.710@icloud.com,919917396863,1994-10-04,2015-03-21,PM-003
CUST-09451,Jayesh,Yogi,yogijayesh275@gmail.com,919503108428,1995-04-20,2014-02-08,PM-002
CUST-09452,Vihaan,Kara,vihaan865@hotmail.com,918042608629,1998-10-21,2024-02-16,PM-002
CUST-09453,Tara,Grover,tara.grover628@gmail.com,917244578793,2005-05-08,2024-02-16,PM-003
CUST-09454,Baiju,Malhotra,baiju_519@hotmail.com,918375233531,2005-11-03,2024-04-29,PM-003
CUST-09455,Misha,Gour,misha_309@yahoo.com,918156416757,1989-02-08,2019-10-04,PM-004
CUST-09456,Mannat,Sachdev,mannat.843@hotmail.com,917567571444,1983-06-21,2017-10-21,PM-004
CUST-09457,Advika,Soman,advika524@hotmail.com,919635067298,2004-05-09,2023-12-22,PM-002
CUST-09458,Samarth,Kibe,samarth.kibe130@icloud.com,918619881748,1974-08-28,2003-04-15,PM-003
CUST-09459,Yasmin,Deol,yasmin_220@icloud.com,917255583101,1983-10-22,2009-01-09,PM-004
CUST-09460,Anaya,Mand,anaya.mand238@icloud.com,917345434949,1976-07-05,2020-03-31,PM-003
CUST-09461,Jivika,Chakraborty,chakrabortyjivika773@yahoo.com,918502669021,1979-01-23,2017-07-06,PM-003
CUST-09462,Veer,Tara,veer.757@gmail.com,919151419414,1983-06-26,2011-09-12,PM-004
CUST-09463,Kimaya,Deep,deepkimaya805@gmail.com,918231093167,2003-05-12,2022-03-08,PM-002
CUST-09464,Samar,Kashyap,samar.kashyap348@outlook.com,918364328590,1998-04-24,2020-08-10,PM-003
CUST-09465,Darshit,Bahl,bahldarshit301@yahoo.com,918976893859,1974-10-18,2009-10-18,PM-001
CUST-09466,Tarini,Bera,tarini.855@outlook.com,918514169367,1994-11-06,2015-10-31,PM-001
CUST-09467,Nitya,Venkataraman,nitya_780@icloud.com,917489438033,1991-01-12,2013-01-08,PM-003
CUST-09468,Romil,Saxena,romil266@outlook.com,918769155884,1989-12-28,2019-08-11,PM-001
CUST-09469,Lavanya,Virk,lavanya.866@gmail.com,917404864828,1986-01-13,2015-12-21,PM-001
CUST-09470,Ira,Balasubramanian,ira.balasubramanian232@gmail.com,918645491077,1998-08-14,2018-07-04,PM-004
CUST-09471,Pihu,Sahni,pihu166@hotmail.com,917689241604,1978-09-21,2007-04-03,PM-003
CUST-09472,Riya,Sarraf,sarrafriya250@yahoo.com,918280951683,1979-10-24,1999-08-31,PM-002
CUST-09473,Dhanush,Chahal,dhanush.chahal165@outlook.com,918025642135,1995-05-12,2019-05-30,PM-004
CUST-09474,Vardaniya,Sundaram,vardaniya770@icloud.com,917160470780,1988-07-19,2020-11-21,PM-004
CUST-09475,Samiha,Loyal,samiha.309@icloud.com,918249374299,1974-12-22,2011-08-14,PM-002
CUST-09476,Baiju,Rau,baiju_874@gmail.com,919622625146,1999-08-01,2022-12-19,PM-003
CUST-09477,Jhanvi,Deep,deepjhanvi720@outlook.com,917860801009,1993-12-28,2021-08-04,PM-003
CUST-09478,Shalv,Tailor,shalv.539@outlook.com,919713538405,2002-09-15,2022-04-18,PM-003
CUST-09479,Shaan,Mahajan,shaan906@outlook.com,919075058915,2000-05-27,2020-05-01,PM-004
CUST-09480,Anaya,Dash,anaya.379@outlook.com,917000210481,1978-08-07,2020-08-17,PM-004
CUST-09481,Hiran,Choudhury,choudhuryhiran707@hotmail.com,918129941581,2005-06-13,2024-04-21,PM-004
CUST-09482,Arhaan,Bahri,bahriarhaan741@outlook.com,918299759718,1987-10-11,2009-10-17,PM-001
CUST-09483,Prisha,Handa,handaprisha630@gmail.com,919066429711,2000-12-20,2023-10-20,PM-003
CUST-09484,Neysa,Saha,neysa934@outlook.com,919855382526,2005-09-11,2024-02-22,PM-001
CUST-09485,Shaan,Majumdar,shaan_365@icloud.com,918049100361,1993-08-18,2022-11-03,PM-002
CUST-09486,Ira,Mannan,mannanira854@hotmail.com,917874869992,1999-04-20,2017-07-02,PM-001
CUST-09487,Zara,Mahajan,zara.146@outlook.com,918473720089,1987-07-10,2023-09-05,PM-001
CUST-09488,Misha,Deo,misha.deo473@hotmail.com,919071699432,1991-05-18,2016-03-26,PM-002
CUST-09489,Badal,Deshmukh,badal.deshmukh484@yahoo.com,919496421085,1998-09-24,2019-01-31,PM-004
CUST-09490,Azad,Dhar,dharazad195@hotmail.com,917108043239,1975-07-22,2002-02-16,PM-001
CUST-09491,Rania,Rajan,rania162@outlook.com,918290045270,1986-06-07,2019-01-05,PM-002
CUST-09492,Indranil,Yadav,yadavindranil505@yahoo.com,918545801924,1988-04-04,2023-07-18,PM-001
CUST-09493,Anay,Saha,anay.saha761@hotmail.com,919767125894,1996-04-18,2019-02-22,PM-001
CUST-09494,Dishani,Varughese,dishani.varughese421@hotmail.com,917816369242,1984-03-25,2016-10-16,PM-001
CUST-09495,Taimur,Lata,taimur_406@gmail.com,917719695057,1976-04-26,2001-11-21,PM-001
CUST-09496,Rati,Bakshi,rati.559@gmail.com,919905049462,1994-02-12,2012-04-09,PM-003
CUST-09497,Badal,Loke,badal_611@gmail.com,917256080614,1978-09-03,2018-05-01,PM-004
CUST-09498,Rati,Gopal,rati.gopal213@icloud.com,919574887333,1985-03-10,2004-05-22,PM-004
CUST-09499,Ahana ,Keer,keerahana 883@hotmail.com,918933716746,1993-12-10,2016-04-04,PM-001
CUST-09500,Taran,Badal,taran_346@icloud.com,918624439252,1982-04-20,2004-09-09,PM-004
CUST-09501,Urvi,Bhatti,urvi_577@icloud.com,917929837463,1992-12-29,2013-07-07,PM-002
CUST-09502,Ahana ,Kurian,ahana .616@gmail.com,919959689505,1986-01-14,2013-02-25,PM-004
CUST-09503,Veer,Loyal,veer.loyal503@icloud.com,919483106249,1978-07-16,2014-01-30,PM-001
CUST-09504,Tiya,Wadhwa,tiya_274@gmail.com,919520596796,1983-09-08,2024-03-15,PM-002
CUST-09505,Ehsaan,Master,ehsaan_413@icloud.com,918619573746,1989-05-13,2023-11-23,PM-003
CUST-09506,Madhav,Walla,wallamadhav617@hotmail.com,917908057143,1998-12-20,2020-04-11,PM-002
CUST-09507,Chirag,Chakrabarti,chirag_604@hotmail.com,917378062770,1994-05-16,2014-11-23,PM-002
CUST-09508,Zeeshan,Hegde,zeeshan.hegde880@yahoo.com,919483946143,1994-01-01,2012-08-20,PM-001
CUST-09509,Amani,Gala,galaamani919@yahoo.com,918026907441,1981-03-14,2016-03-31,PM-004
CUST-09510,Shaan,Sethi,shaan.sethi895@icloud.com,918744817677,1993-07-09,2011-11-30,PM-001
CUST-09511,Mahika,Ganesh,mahika.638@gmail.com,919252299482,1976-11-12,2022-08-31,PM-002
CUST-09512,Lakshit,Virk,virklakshit337@gmail.com,917265213459,2004-03-11,2022-04-28,PM-002
CUST-09513,Jayant,Bahl,jayant_315@outlook.com,918689016475,1981-07-11,2018-12-09,PM-004
CUST-09514,Anay,Dey,anay_722@yahoo.com,918277914012,1998-08-14,2023-02-05,PM-001
CUST-09515,Navya,Kapadia,navya.830@yahoo.com,917137317869,1990-06-25,2022-07-26,PM-004
CUST-09516,Onkar,Mandal,onkar341@hotmail.com,917536732438,1981-12-20,2019-07-13,PM-001
CUST-09517,Umang,Tella,umang.tella929@hotmail.com,918459141161,1985-10-31,2018-12-31,PM-004
CUST-09518,Riaan,Tank,riaan.552@yahoo.com,919173854838,1976-12-03,1995-12-17,PM-001
CUST-09519,Zaina,Kashyap,kashyapzaina765@yahoo.com,918701477646,1991-05-08,2021-01-24,PM-001
CUST-09520,Farhan,Brahmbhatt,brahmbhattfarhan882@gmail.com,918288089512,2003-05-31,2023-12-17,PM-004
CUST-09521,Manikya,Bal,manikya_709@outlook.com,917561533942,2003-11-13,2023-09-26,PM-001
CUST-09522,Ishita,Goswami,ishita.987@hotmail.com,919656941037,1978-04-16,2020-04-21,PM-001
CUST-09523,Samiha,Deshmukh,samiha663@hotmail.com,917177616462,1991-07-12,2020-03-26,PM-001
CUST-09524,Charvi,Gera,charvi.619@yahoo.com,918883789008,2001-05-02,2019-09-06,PM-003
CUST-09525,Inaaya ,Swaminathan,swaminathaninaaya 482@outlook.com,917734421076,1976-03-24,2011-06-12,PM-002
CUST-09526,Kabir,Samra,samrakabir852@hotmail.com,919568431129,1990-12-11,2010-07-11,PM-003
CUST-09527,Ishaan,Kala,ishaan117@gmail.com,917458727752,1997-01-26,2017-05-17,PM-004
CUST-09528,Vidur,Koshy,vidur.koshy805@icloud.com,917765922918,2002-04-23,2022-10-15,PM-003
CUST-09529,Zaina,Sane,zaina458@hotmail.com,918184199670,2006-06-02,2024-06-01,PM-002
CUST-09530,Shlok,Acharya,acharyashlok999@hotmail.com,917004252575,1979-01-08,2003-02-07,PM-001
CUST-09531,Taimur,Venkataraman,venkataramantaimur192@icloud.com,917124625668,2000-10-16,2022-02-05,PM-004
CUST-09532,Aaryahi,Seth,aaryahi.672@gmail.com,919485061784,1982-06-18,2009-07-06,PM-003
CUST-09533,Jayan,Verma,jayan.213@hotmail.com,919387663922,1982-08-24,2014-09-02,PM-004
CUST-09534,Myra,Bhandari,myra.690@icloud.com,919772942064,1993-01-26,2013-01-02,PM-003
CUST-09535,Hazel,Soni,hazel.soni658@hotmail.com,919334827216,1998-07-25,2024-03-28,PM-001
CUST-09536,Mehul,Joshi,mehul_204@hotmail.com,918511733548,1990-02-08,2014-02-22,PM-003
CUST-09537,Kanav,Bhavsar,kanav.542@hotmail.com,919049349539,1981-09-10,2004-05-05,PM-002
CUST-09538,Hunar,Kurian,hunar_383@icloud.com,917826705050,2005-01-12,2023-08-10,PM-002
CUST-09539,Dhanush,Suri,dhanush.879@icloud.com,917780428799,1988-09-12,2021-07-02,PM-004
CUST-09540,Baiju,Dora,baiju.788@yahoo.com,917406951274,1993-06-05,2015-05-27,PM-001
CUST-09541,Ishita,Gandhi,ishita.gandhi898@gmail.com,919023145038,1993-02-05,2015-12-01,PM-002
CUST-09542,Umang,Varty,umang.213@outlook.com,917172465599,1982-02-09,2010-04-05,PM-001
CUST-09543,Miraya,Rao,raomiraya827@outlook.com,919717946384,1994-07-20,2016-05-31,PM-003
CUST-09544,Drishya,Dani,drishya.220@gmail.com,918400587990,1996-06-29,2023-04-20,PM-002
CUST-09545,Sumer,Dhawan,sumer_785@icloud.com,918041763702,1987-02-03,2014-12-03,PM-003
CUST-09546,Farhan,Dugar,farhan.149@outlook.com,917198545786,1974-09-22,1997-04-11,PM-004
CUST-09547,Pranay,Samra,pranay.samra191@yahoo.com,918628347185,1987-03-16,2022-10-24,PM-001
CUST-09548,Prerak,Bhasin,prerak.495@hotmail.com,917182413905,1982-12-14,2004-07-29,PM-001
CUST-09549,Kimaya,Dar,darkimaya764@gmail.com,917357115853,1975-02-23,2016-06-01,PM-002
CUST-09550,Aaina,Goswami,goswamiaaina915@yahoo.com,919927334596,1985-11-24,2008-11-09,PM-002
CUST-09551,Dhruv,Mannan,mannandhruv666@yahoo.com,919441976378,1997-09-20,2021-04-05,PM-004
CUST-09552,Jayant,Upadhyay,upadhyayjayant207@gmail.com,919083050346,1986-05-31,2009-09-09,PM-004
CUST-09553,Dhanuk,Bora,dhanuk390@outlook.com,919623587060,2002-08-13,2021-09-17,PM-004
CUST-09554,Baiju,Batta,baiju478@hotmail.com,919282852372,2000-12-18,2023-06-10,PM-002
CUST-09555,Raunak,Vora,raunak.484@hotmail.com,917997935565,1980-05-05,2008-12-14,PM-004
CUST-09556,Prerak,Chad,prerak.chad815@hotmail.com,918536763298,2003-09-22,2024-03-14,PM-002
CUST-09557,Nitya,Khosla,nitya_543@yahoo.com,919843185970,1998-03-17,2019-09-13,PM-002
CUST-09558,Heer,Sahota,sahotaheer211@yahoo.com,919555300148,1995-02-24,2016-08-02,PM-002
CUST-09559,Divyansh,Rattan,divyansh.774@outlook.com,919993371651,1976-09-26,1997-05-02,PM-004
CUST-09560,Saksham,Shan,saksham_711@yahoo.com,918682836682,1975-08-05,2014-07-29,PM-001
CUST-09561,Kismat,Jani,kismat650@yahoo.com,919004180000,1989-03-15,2011-02-18,PM-002
CUST-09562,Veer,Khanna,khannaveer142@yahoo.com,918556913837,1983-01-25,2009-08-12,PM-002
CUST-09563,Pari,Aggarwal,pari.991@outlook.com,918801219516,1979-07-27,2024-04-29,PM-001
CUST-09564,Mannat,Solanki,solankimannat747@hotmail.com,919412802812,2000-06-22,2020-04-24,PM-004
CUST-09565,Adah,Maharaj,adah_649@icloud.com,918144338143,1986-08-16,2010-01-22,PM-004
CUST-09566,Arnav,Kumar,arnav.kumar323@icloud.com,917779057812,2002-09-03,2023-09-03,PM-002
CUST-09567,Gokul,Dhillon,gokul.dhillon542@outlook.com,919135299171,2002-12-13,2021-07-26,PM-001
CUST-09568,Anahita,Char,anahita.982@icloud.com,918225699686,1978-01-30,2022-11-15,PM-002
CUST-09569,Aarna,Chahal,chahalaarna509@outlook.com,918230362815,1996-02-11,2018-04-07,PM-004
CUST-09570,Siya,Bava,siya_286@yahoo.com,917700720486,1999-09-02,2021-03-21,PM-003
CUST-09571,Shaan,Tiwari,shaan.tiwari740@yahoo.com,918134381344,1983-08-27,2002-04-04,PM-002
CUST-09572,Bhamini,Tata,bhamini.790@outlook.com,919493570747,1985-03-26,2016-12-09,PM-001
CUST-09573,Shlok,Iyer,shlok402@yahoo.com,918889320921,1991-10-31,2021-09-30,PM-002
CUST-09574,Dhanush,Karnik,dhanush.313@hotmail.com,919452847572,1986-12-16,2021-06-27,PM-002
CUST-09575,Samarth,Anne,samarth181@gmail.com,918668442970,1981-04-04,2012-11-09,PM-002
CUST-09576,Raunak,Saraf,sarafraunak767@outlook.com,918034099058,1974-08-29,2000-10-26,PM-002
CUST-09577,Nitya,Sura,nitya_757@gmail.com,918029431369,2000-09-02,2024-02-16,PM-004
CUST-09578,Lagan,Goda,lagan290@icloud.com,917358579389,1978-12-08,1998-06-29,PM-004
CUST-09579,Neelofar,Thakkar,neelofar.833@outlook.com,919457322737,2001-11-08,2020-01-06,PM-003
CUST-09580,Rati,Sur,surrati213@icloud.com,917743361972,2005-07-04,2024-01-28,PM-002
CUST-09581,Yuvraj ,Bakshi,yuvraj .bakshi265@hotmail.com,917477760017,1988-07-27,2021-03-22,PM-001
CUST-09582,Rati,Sani,rati.300@outlook.com,918675020855,1997-02-04,2023-01-20,PM-004
CUST-09583,Riaan,Mani,riaan241@icloud.com,918427695727,1995-06-06,2023-01-18,PM-003
CUST-09584,Gatik,Varghese,gatik628@gmail.com,917032629989,1988-01-04,2016-07-25,PM-002
CUST-09585,Neysa,Ramakrishnan,neysa_699@icloud.com,919541371240,1993-12-04,2021-05-31,PM-001
CUST-09586,Mehul,Dhar,mehul141@gmail.com,917345416919,1989-07-09,2017-02-08,PM-004
CUST-09587,Pranay,Bose,pranay.871@yahoo.com,917209000419,1984-05-27,2009-08-14,PM-002
CUST-09588,Neysa,Dash,neysa.966@yahoo.com,918069797043,1982-07-04,2017-12-05,PM-001
CUST-09589,Vihaan,Desai,vihaan_740@icloud.com,919773263070,1975-10-09,2019-04-01,PM-001
CUST-09590,Dharmajan,Wali,dharmajan_411@hotmail.com,918970666280,2001-05-20,2022-05-04,PM-004
CUST-09591,Tanya,Dhawan,tanya.dhawan850@hotmail.com,919554268850,1983-01-05,2013-05-17,PM-003
CUST-09592,Kanav,Zachariah,zachariahkanav917@gmail.com,917203745005,1999-05-17,2019-11-09,PM-001
CUST-09593,Kavya,Wagle,waglekavya608@outlook.com,919540970824,1990-02-14,2014-11-09,PM-001
CUST-09594,Yuvraj ,Ratti,yuvraj .ratti819@gmail.com,919507437043,1995-03-14,2018-03-04,PM-004
CUST-09595,Kashvi,Warrior,kashvi_278@gmail.com,917700410217,1993-05-29,2023-05-11,PM-002
CUST-09596,Samiha,Mani,samiha.mani654@outlook.com,918606812991,1987-01-06,2017-07-21,PM-003
CUST-09597,Chirag,Gole,chirag_618@icloud.com,917645998795,1998-02-28,2020-01-12,PM-002
CUST-09598,Riya,Manda,riya722@outlook.com,919470377877,2002-05-06,2024-05-02,PM-002
CUST-09599,Vivaan,Kala,vivaan.621@gmail.com,919876385050,2004-06-10,2022-11-18,PM-002
CUST-09600,Divij,Batta,divij.148@yahoo.com,918391894082,1984-09-04,2016-08-20,PM-003
CUST-09601,Amira,Kade,kadeamira728@yahoo.com,918764493217,2003-09-07,2023-09-22,PM-004
CUST-09602,Madhav,Rana,madhav.rana353@icloud.com,917278447887,1989-01-30,2017-03-05,PM-004
CUST-09603,Prisha,Sodhi,prisha864@yahoo.com,917433337079,1978-07-04,2015-08-10,PM-001
CUST-09604,Bhavin,Sahni,bhavin404@hotmail.com,917084873972,1975-03-30,2005-08-13,PM-004
CUST-09605,Akarsh,Sachar,sacharakarsh717@hotmail.com,919180355742,1988-01-26,2019-01-04,PM-004
CUST-09606,Mohanlal,Kala,mohanlal.kala124@yahoo.com,917600868048,1988-01-20,2015-01-15,PM-003
CUST-09607,Elakshi,Sarkar,elakshi295@outlook.com,918856252928,2002-10-23,2021-10-07,PM-002
CUST-09608,Hansh,Rege,hansh.614@yahoo.com,918629448958,2002-02-23,2021-05-15,PM-001
CUST-09609,Saksham,Sheth,saksham.588@icloud.com,919708354366,1988-12-30,2023-05-13,PM-001
CUST-09610,Dhanush,Shan,dhanush.shan626@outlook.com,917156346130,1999-08-30,2022-12-20,PM-002
CUST-09611,Samaira,Chaudhuri,samaira_302@gmail.com,917836510694,2000-05-01,2019-05-11,PM-001
CUST-09612,Ishaan,Bala,balaishaan442@hotmail.com,919533364012,2002-02-03,2021-04-10,PM-001
CUST-09613,Darshit,Bhagat,darshit.bhagat652@yahoo.com,919774804766,1984-02-06,2004-03-11,PM-001
CUST-09614,Kabir,Banik,kabir.602@hotmail.com,917980439582,2005-07-21,2023-12-26,PM-002
CUST-09615,Nakul,Mahal,nakul.118@gmail.com,918362886725,1999-08-17,2021-07-25,PM-003
CUST-09616,Mahika,Walla,mahika550@yahoo.com,918253994324,1986-09-28,2020-01-12,PM-004
CUST-09617,Miraya,Ratti,miraya950@gmail.com,917092013502,2006-04-05,2024-05-19,PM-004
CUST-09618,Indrans,Anne,indrans734@yahoo.com,918506315521,1998-12-04,2023-05-23,PM-003
CUST-09619,Indranil,Sahni,indranil494@yahoo.com,919495103164,1990-01-18,2009-11-10,PM-001
CUST-09620,Samar,Jayaraman,samar132@yahoo.com,918845440321,1982-08-01,2020-07-18,PM-003
CUST-09621,Lavanya,Varghese,vargheselavanya740@icloud.com,919081667385,2001-12-31,2021-10-14,PM-004
CUST-09622,Ira,Karnik,ira_684@gmail.com,918421955373,1998-05-16,2017-05-16,PM-001
CUST-09623,Krish,Bhat,krish.bhat481@icloud.com,917238413441,1991-12-03,2020-01-03,PM-001
CUST-09624,Nirvi,Lal,nirvi.lal763@icloud.com,917694431139,1985-10-13,2010-11-04,PM-002
CUST-09625,Ela,Warrior,ela.693@hotmail.com,917539930985,2000-12-29,2022-05-30,PM-004
CUST-09626,Zara,Kara,zara_155@gmail.com,917229883569,1986-05-11,2006-03-14,PM-001
CUST-09627,Jhanvi,Rama,jhanvi_890@hotmail.com,919296670320,1981-01-11,2013-10-30,PM-002
CUST-09628,Ayesha,Sekhon,ayesha.sekhon486@yahoo.com,919716751718,1997-03-15,2021-11-02,PM-004
CUST-09629,Lagan,Grover,lagan.grover782@icloud.com,919967643513,1988-07-25,2023-05-07,PM-001
CUST-09630,Chirag,Suri,chirag.548@icloud.com,918794429089,1993-11-02,2023-08-17,PM-001
CUST-09631,Pihu,Mann,pihu.mann312@hotmail.com,919846225211,1989-11-08,2019-11-28,PM-001
CUST-09632,Navya,Dara,navya_596@hotmail.com,918472343921,1974-11-20,1996-03-06,PM-003
CUST-09633,Kiaan,Chaudhry,kiaan_700@hotmail.com,918965180207,1992-12-17,2015-05-14,PM-002
CUST-09634,Heer,Bhavsar,bhavsarheer571@yahoo.com,918265941938,1990-11-06,2022-06-27,PM-001
CUST-09635,Adira,Sahota,sahotaadira626@hotmail.com,917804543185,1995-06-19,2021-07-03,PM-002
CUST-09636,Sara,Bhagat,bhagatsara425@gmail.com,918874484620,1989-01-09,2014-12-28,PM-004
CUST-09637,Ivan,Tak,takivan938@hotmail.com,917295889755,2000-03-28,2019-11-03,PM-002
CUST-09638,Miraya,Desai,miraya.519@gmail.com,917259546549,1997-07-25,2020-07-06,PM-004
CUST-09639,Chirag,Chandra,chandrachirag151@gmail.com,919492714608,1994-07-13,2022-06-07,PM-001
CUST-09640,Aarav,Bhakta,aarav456@hotmail.com,917775813348,2003-12-09,2023-11-13,PM-003
CUST-09641,Ivana,Rama,ramaivana139@hotmail.com,917625022913,1978-10-26,2022-01-01,PM-001
CUST-09642,Tara,Dey,tara577@icloud.com,918694014420,2005-05-21,2024-04-04,PM-001
CUST-09643,Chirag,Sehgal,chirag.957@icloud.com,919314396202,1974-09-25,1996-05-25,PM-003
CUST-09644,Vidur,Varty,vidur.636@yahoo.com,917414067388,2005-01-19,2023-03-20,PM-003
CUST-09645,Dishani,Hora,dishani.277@yahoo.com,917485199560,1978-11-03,2014-08-30,PM-001
CUST-09646,Raunak,Guha,raunak890@hotmail.com,917663051910,1986-08-07,2018-03-02,PM-004
CUST-09647,Dishani,Jayaraman,jayaramandishani370@icloud.com,917444874334,2005-12-13,2024-01-09,PM-003
CUST-09648,Kanav,Chad,chadkanav427@gmail.com,917620832392,1977-07-05,1997-06-15,PM-002
CUST-09649,Saira,Samra,saira390@gmail.com,918044111342,1999-10-21,2019-02-28,PM-001
CUST-09650,Parinaaz,Kar,karparinaaz347@yahoo.com,919811009213,2003-01-03,2023-08-26,PM-001
CUST-09651,Anaya,Raju,rajuanaya803@yahoo.com,918863931901,1980-01-23,2021-02-16,PM-001
CUST-09652,Samiha,Bobal,samiha_837@hotmail.com,919258463813,1986-09-18,2007-10-05,PM-001
CUST-09653,Alia,Dugal,alia_283@outlook.com,917636347689,1975-11-29,2007-01-13,PM-002
CUST-09654,Nayantara,Lad,nayantara257@hotmail.com,917680162801,2005-02-25,2024-03-17,PM-003
CUST-09655,Jivin,Chandra,jivin_291@yahoo.com,918547414859,1989-01-03,2022-04-13,PM-003
CUST-09656,Ayesha,Kadakia,ayesha.kadakia414@icloud.com,919222844837,1992-05-29,2018-09-12,PM-002
CUST-09657,Dhanuk,Aurora,dhanuk.478@outlook.com,919251070558,2000-04-19,2020-10-24,PM-001
CUST-09658,Advik,Kaur,advik.kaur131@outlook.com,918221614416,1987-02-27,2015-09-22,PM-004
CUST-09659,Sahil,Hayre,sahil.811@hotmail.com,919460618523,2006-06-10,2024-06-07,PM-001
CUST-09660,Shray,Upadhyay,shray_405@outlook.com,918520466414,2003-11-17,2022-07-12,PM-004
CUST-09661,Dishani,Sundaram,dishani.508@gmail.com,919453743401,2004-10-03,2023-09-21,PM-004
CUST-09662,Aayush,Kibe,aayush.kibe303@gmail.com,918860828978,1975-08-23,2012-12-07,PM-003
CUST-09663,Aarush,Swaminathan,aarush.946@yahoo.com,918391714637,1984-07-09,2017-11-09,PM-003
CUST-09664,Dharmajan,Dora,dharmajan.426@hotmail.com,919939357879,1988-06-17,2007-02-21,PM-004
CUST-09665,Anahi,Comar,anahi.comar779@outlook.com,919999327912,2000-07-07,2018-09-05,PM-003
CUST-09666,Mannat,Walia,mannat_593@gmail.com,918447690537,1990-04-20,2013-12-29,PM-001
CUST-09667,Amani,Chahal,chahalamani536@yahoo.com,917386218715,2001-07-16,2022-06-14,PM-002
CUST-09668,Shaan,Dua,shaan.800@gmail.com,917257577595,1999-07-07,2021-09-23,PM-001
CUST-09669,Kartik,Ramanathan,kartik.ramanathan209@yahoo.com,917573105459,2001-09-19,2019-10-06,PM-002
CUST-09670,Mamooty,Sarna,mamooty_414@yahoo.com,919610621929,1992-11-25,2013-06-27,PM-001
CUST-09671,Stuvan,Jhaveri,stuvan_478@hotmail.com,918374539759,1975-02-20,1997-03-09,PM-003
CUST-09672,Nishith,Iyengar,nishith141@outlook.com,919087691812,2001-08-06,2019-12-25,PM-003
CUST-09673,Oorja,Chakraborty,oorja.696@yahoo.com,919071566189,2000-03-26,2021-02-08,PM-004
CUST-09674,Nayantara,Barman,nayantara940@icloud.com,919462918853,1980-03-17,2011-02-04,PM-001
CUST-09675,Nirvaan,Jha,nirvaan_175@hotmail.com,917785091036,1975-06-19,2012-10-04,PM-002
CUST-09676,Sumer,Bhargava,sumer.239@icloud.com,917125726153,1992-01-02,2018-03-09,PM-004
CUST-09677,Kanav,Srivastava,kanav.782@outlook.com,919526400319,1993-02-09,2018-08-25,PM-004
CUST-09678,Shayak,Kade,shayak.kade971@icloud.com,919270067189,1984-02-02,2019-09-04,PM-003
CUST-09679,Manjari,Madan,manjari_654@outlook.com,919803757493,1976-11-11,2009-02-14,PM-004
CUST-09680,Myra,Lanka,myra.279@gmail.com,917818648829,1998-10-15,2019-06-04,PM-002
CUST-09681,Manjari,Balan,balanmanjari407@gmail.com,919501705451,1983-04-25,2019-01-08,PM-003
CUST-09682,Ishita,Butala,ishita.288@gmail.com,919960103628,1987-10-16,2006-08-22,PM-004
CUST-09683,Baiju,Kaur,baiju351@outlook.com,918460349699,1987-12-30,2019-08-01,PM-002
CUST-09684,Keya,Shetty,keya_418@icloud.com,919623626321,1989-03-06,2013-08-11,PM-001
CUST-09685,Raghav,Sahota,raghav320@yahoo.com,918580144487,1999-11-07,2023-04-02,PM-001
CUST-09686,Shray,Hora,shray514@icloud.com,917468415836,1989-09-12,2017-02-07,PM-003
CUST-09687,Oorja,Hari,harioorja874@outlook.com,917643284698,2003-05-13,2021-09-03,PM-002
CUST-09688,Rhea,Vig,rhea796@yahoo.com,918293656407,2005-05-24,2024-04-06,PM-003
CUST-09689,Ira,Borra,ira.153@gmail.com,919540196050,1989-07-01,2013-12-12,PM-004
CUST-09690,Zain,Gole,zain_385@hotmail.com,917924089989,2001-02-18,2023-04-16,PM-004
CUST-09691,Zeeshan,Ravi,zeeshan.ravi319@gmail.com,918281036064,2004-03-31,2023-04-22,PM-003
CUST-09692,Yakshit,Salvi,yakshit530@outlook.com,918887443852,1983-05-01,2022-04-29,PM-003
CUST-09693,Kiaan,Gala,kiaan.gala654@icloud.com,918046104485,1977-01-20,2007-08-12,PM-003
CUST-09694,Anvi,Gaba,anvi.123@icloud.com,919929604779,1983-12-05,2005-10-15,PM-001
CUST-09695,Anika,Vohra,anika_412@hotmail.com,917370222923,1993-07-12,2020-10-16,PM-004
CUST-09696,Trisha,Guha,trisha.287@icloud.com,918857430355,2005-08-09,2024-03-29,PM-003
CUST-09697,Vihaan,Varty,vihaan.794@gmail.com,917996661080,1990-01-04,2015-11-22,PM-003
CUST-09698,Indrans,Deo,deoindrans415@hotmail.com,918186206523,1986-02-12,2018-08-06,PM-002
CUST-09699,Neysa,Ratta,neysa.983@icloud.com,918067991372,1993-10-28,2018-10-23,PM-003
CUST-09700,Faiyaz,Hora,faiyaz199@hotmail.com,917240637628,1995-06-18,2015-07-09,PM-003
CUST-09701,Elakshi,Dhaliwal,elakshi941@hotmail.com,919036938775,2005-06-24,2024-02-15,PM-002
CUST-09702,Zoya,Rege,zoya719@hotmail.com,918415477271,1988-04-10,2019-07-22,PM-001
CUST-09703,Misha,Kohli,kohlimisha593@icloud.com,917519186255,1982-02-20,2012-06-04,PM-003
CUST-09704,Mehul,Jain,jainmehul917@hotmail.com,919622759146,1983-02-11,2007-08-10,PM-001
CUST-09705,Nitya,Reddy,nitya543@outlook.com,917829333739,1980-06-18,2011-10-01,PM-003
CUST-09706,Pihu,Gupta,pihu_740@icloud.com,919747662545,1976-03-01,2019-10-29,PM-002
CUST-09707,Anaya,Banerjee,anaya.banerjee308@icloud.com,918543427588,1989-04-10,2020-05-28,PM-003
CUST-09708,Mamooty,Soni,sonimamooty214@hotmail.com,917435329146,1985-06-14,2004-08-27,PM-003
CUST-09709,Bhamini,Dhingra,dhingrabhamini879@gmail.com,917643450422,1983-09-29,2020-10-24,PM-001
CUST-09710,Pihu,Johal,pihu.438@yahoo.com,917157269506,1991-09-25,2012-04-24,PM-004
CUST-09711,Hazel,Kala,hazel.424@gmail.com,918334852547,1979-07-09,2009-03-19,PM-002
CUST-09712,Divij,Samra,divij_519@outlook.com,917557216124,1980-06-21,2014-05-02,PM-002
CUST-09713,Sumer,Koshy,sumer_716@outlook.com,917407191611,2001-03-04,2021-10-07,PM-001
CUST-09714,Yakshit,Saran,yakshit842@icloud.com,918682321741,1982-09-11,2021-07-07,PM-003
CUST-09715,Aniruddh,Krish,aniruddh155@outlook.com,919871258494,1976-06-05,2018-05-30,PM-003
CUST-09716,Jayant,Kohli,jayant.842@hotmail.com,919026517378,1997-06-25,2016-08-08,PM-003
CUST-09717,Lakshit,Ganguly,lakshit.ganguly225@gmail.com,919466351864,2006-01-12,2024-01-12,PM-004
CUST-09718,Aarav,Tiwari,aarav_491@hotmail.com,918007757556,1975-02-24,2023-11-28,PM-001
CUST-09719,Inaaya ,Dewan,inaaya _390@icloud.com,919633819766,1998-05-17,2017-09-19,PM-002
CUST-09720,Vritika,Tara,taravritika772@yahoo.com,919084435916,1978-08-02,2014-02-18,PM-004
CUST-09721,Mohanlal,Mall,mohanlal_231@yahoo.com,917280723444,2001-03-31,2019-07-14,PM-001
CUST-09722,Samarth,Atwal,samarth.681@icloud.com,917582982736,2004-10-31,2023-10-18,PM-003
CUST-09723,Adah,Sundaram,adah_824@outlook.com,919066152384,1986-08-09,2018-12-14,PM-002
CUST-09724,Urvi,Sarkar,urvi_601@outlook.com,917844629174,1995-10-10,2019-10-22,PM-003
CUST-09725,Nakul,Suri,nakul983@hotmail.com,919898984780,2001-06-30,2022-09-14,PM-003
CUST-09726,Veer,Choudhury,choudhuryveer857@gmail.com,917906936888,1997-06-25,2019-09-29,PM-002
CUST-09727,Advika,Rajagopalan,advika508@outlook.com,919163674463,1997-08-30,2018-11-06,PM-003
CUST-09728,Nakul,Thaman,nakul_545@icloud.com,918248709918,2004-02-13,2023-08-11,PM-002
CUST-09729,Nirvaan,Tandon,nirvaan124@gmail.com,919304550735,1993-11-06,2017-10-19,PM-003
CUST-09730,Kashvi,Sant,kashvi_358@yahoo.com,919816724421,1984-12-21,2019-06-04,PM-004
CUST-09731,Onkar,Trivedi,onkar.trivedi329@icloud.com,919531825554,2004-01-16,2023-05-21,PM-004
CUST-09732,Manikya,D’Alia,manikya334@outlook.com,919528781695,1995-06-25,2019-07-18,PM-004
CUST-09733,Taimur,Kulkarni,kulkarnitaimur171@gmail.com,918137435119,1988-11-19,2018-05-04,PM-004
CUST-09734,Nirvaan,Borah,nirvaan_146@outlook.com,919435423016,1985-12-18,2016-05-02,PM-002
CUST-09735,Arnav,Som,somarnav783@gmail.com,917026181492,1993-07-26,2018-07-20,PM-001
CUST-09736,Zain,Dugar,zain.dugar206@outlook.com,917666577279,1981-04-08,2003-08-19,PM-001
CUST-09737,Ivana,Dash,ivana.dash850@icloud.com,917873223509,1989-09-06,2009-12-06,PM-004
CUST-09738,Himmat,Doshi,himmat_662@gmail.com,919624679148,1987-06-09,2014-04-01,PM-003
CUST-09739,Tara,Salvi,tara.salvi335@hotmail.com,917505436326,1993-03-09,2024-04-07,PM-004
CUST-09740,Tara,Yogi,tara457@outlook.com,918807022469,2005-01-01,2023-09-18,PM-001
CUST-09741,Samiha,Issac,samiha.505@yahoo.com,917950621591,1997-03-11,2023-04-07,PM-001
CUST-09742,Arhaan,Rajagopal,arhaan_760@hotmail.com,918473400784,1975-02-15,1993-03-24,PM-004
CUST-09743,Anahita,Mahajan,anahita_294@gmail.com,919173158345,1987-02-08,2010-09-20,PM-003
CUST-09744,Sana,Singhal,sana.962@hotmail.com,918848970286,2000-12-30,2022-05-05,PM-004
CUST-09745,Suhana,Kar,suhana101@yahoo.com,918792442791,1998-02-28,2020-07-03,PM-004
CUST-09746,Aarna,Chakrabarti,aarna966@gmail.com,918472295139,1996-12-25,2018-01-12,PM-001
CUST-09747,Adah,Dugar,adah_229@outlook.com,918040251468,1977-10-23,2019-02-23,PM-001
CUST-09748,Ryan,Tailor,ryan_401@outlook.com,917686798110,1978-03-22,2009-08-13,PM-001
CUST-09749,Miraya,Khatri,miraya_221@outlook.com,919610990607,2003-12-24,2022-08-03,PM-003
CUST-09750,Bhavin,Ahuja,bhavin753@outlook.com,918514165470,1979-12-23,2017-11-29,PM-002
CUST-09751,Kiara,Bhasin,bhasinkiara978@hotmail.com,917666422741,1985-10-30,2018-09-24,PM-001
CUST-09752,Chirag,Ghosh,chirag_231@gmail.com,919814189530,1975-02-19,2015-08-12,PM-001
CUST-09753,Divij,Venkataraman,divij.755@icloud.com,918554642289,2000-03-20,2024-02-01,PM-001
CUST-09754,Advika,Goswami,advika_450@icloud.com,917421307130,1992-10-14,2012-08-19,PM-001
CUST-09755,Fateh,Raja,rajafateh500@outlook.com,918801841797,1978-05-04,2024-01-01,PM-004
CUST-09756,Madhup,Bassi,madhup_430@icloud.com,917000394164,1999-06-19,2023-11-29,PM-003
CUST-09757,Divit,Wagle,divit.106@outlook.com,918182663750,1987-12-23,2011-11-30,PM-002
CUST-09758,Pihu,Loke,pihu_672@gmail.com,919856063731,1976-06-17,1997-08-21,PM-003
CUST-09759,Damini,Srivastava,damini.srivastava913@yahoo.com,919908630972,1984-02-09,2018-10-19,PM-002
CUST-09760,Manikya,Rastogi,manikya.755@gmail.com,919281869179,1986-08-02,2005-06-11,PM-004
CUST-09761,Yasmin,Gokhale,yasmin.726@icloud.com,917557995940,1982-12-11,2006-12-06,PM-003
CUST-09762,Ojas,Gole,goleojas620@gmail.com,917460573800,1994-02-28,2015-03-20,PM-002
CUST-09763,Chirag,Buch,chirag.buch991@yahoo.com,918449118546,1995-12-28,2020-06-03,PM-001
CUST-09764,Azad,Gill,gillazad797@gmail.com,917853754976,1999-12-30,2023-07-02,PM-001
CUST-09765,Hridaan,Kumer,hridaan_965@hotmail.com,919560212878,1976-10-05,1996-11-11,PM-002
CUST-09766,Jayesh,Bala,jayesh_263@outlook.com,919387115357,1994-07-23,2017-08-04,PM-004
CUST-09767,Tiya,Dyal,tiya_617@yahoo.com,917873216069,1982-09-15,2005-11-15,PM-003
CUST-09768,Kabir,Choudhary,kabir.choudhary996@gmail.com,919056830313,1985-08-21,2023-08-17,PM-004
CUST-09769,Hazel,Garde,hazel.977@icloud.com,919216850505,1998-10-14,2023-06-05,PM-003
CUST-09770,Nitya,Sundaram,nitya.sundaram136@outlook.com,918723886545,2004-03-03,2022-07-22,PM-002
CUST-09771,Rhea,Bora,rhea_842@outlook.com,919143382031,2001-10-19,2020-11-05,PM-003
CUST-09772,Jivin,Setty,jivin_647@yahoo.com,917165973718,1988-12-16,2023-06-14,PM-004
CUST-09773,Mamooty,Lad,mamooty.112@outlook.com,918102993613,2004-10-02,2022-12-08,PM-004
CUST-09774,Manjari,Dyal,manjari_420@hotmail.com,918105779656,1983-10-02,2010-09-11,PM-003
CUST-09775,Charvi,Dora,doracharvi108@outlook.com,918030398787,1999-12-23,2019-08-04,PM-001
CUST-09776,Aarush,Dey,aarush731@icloud.com,919260367844,2004-11-11,2023-08-01,PM-004
CUST-09777,Reyansh,Rana,reyansh626@icloud.com,917373135478,1980-08-28,2020-02-04,PM-002
CUST-09778,Mamooty,Sahni,mamooty756@hotmail.com,919459005242,1975-05-12,2019-10-26,PM-004
CUST-09779,Riya,Sankaran,sankaranriya535@outlook.com,918141745444,1991-02-14,2022-09-23,PM-004
CUST-09780,Nehmat,Banerjee,banerjeenehmat498@hotmail.com,917563312247,1991-01-26,2009-05-26,PM-004
CUST-09781,Mamooty,Venkatesh,mamooty642@icloud.com,917634397915,1999-11-30,2018-03-05,PM-002
CUST-09782,Nitara,Sen,sennitara736@icloud.com,919516976855,1993-12-21,2016-01-23,PM-003
CUST-09783,Mishti,Yadav,mishti.882@gmail.com,917021986173,1992-05-05,2018-03-11,PM-001
CUST-09784,Sumer,Chauhan,chauhansumer500@hotmail.com,919210265114,1984-10-12,2008-02-24,PM-001
CUST-09785,Rasha,Badami,rasha852@yahoo.com,919684291280,2005-05-06,2023-12-03,PM-001
CUST-09786,Neysa,Dugar,dugarneysa823@hotmail.com,917102433527,1979-01-26,2000-07-26,PM-002
CUST-09787,Vritika,Sankaran,vritika500@gmail.com,918410654012,2006-04-23,2024-06-07,PM-004
CUST-09788,Anahi,Thaman,anahi.thaman556@hotmail.com,917691650352,1979-03-18,2004-05-07,PM-002
CUST-09789,Himmat,Guha,himmat_538@gmail.com,918311220741,2000-08-14,2022-12-30,PM-001
CUST-09790,Shalv,Bhakta,bhaktashalv727@gmail.com,919595319022,1987-07-08,2022-12-01,PM-004
CUST-09791,Reyansh,Dubey,reyansh.dubey545@gmail.com,918937539848,1984-05-23,2004-10-10,PM-003
CUST-09792,Ivan,Karnik,ivan320@hotmail.com,918689650697,1989-07-04,2015-06-12,PM-001
CUST-09793,Kashvi,Dhar,kashvi.388@hotmail.com,917608294736,2004-12-05,2024-04-16,PM-003
CUST-09794,Reyansh,Verma,reyansh.verma658@icloud.com,919014359887,2002-06-07,2020-10-05,PM-002
CUST-09795,Zain,Srinivasan,zain727@gmail.com,918064146347,1984-09-13,2024-06-09,PM-002
CUST-09796,Aarna,Kapur,aarna274@yahoo.com,919964415573,1994-07-01,2019-11-21,PM-004
CUST-09797,Lavanya,Buch,lavanya254@outlook.com,919967144971,1974-06-16,2014-01-10,PM-004
CUST-09798,Armaan,Lata,armaan.lata501@icloud.com,919169435820,1976-02-26,2003-08-02,PM-002
CUST-09799,Dishani,Jain,dishani_793@hotmail.com,917838589128,1988-04-24,2013-09-12,PM-001
CUST-09800,Mamooty,Chand,mamooty.chand240@gmail.com,919947747380,1989-02-17,2016-06-26,PM-003
CUST-09801,Rati,Kurian,rati.628@gmail.com,919450234646,1982-07-11,2005-08-07,PM-002
CUST-09802,Prerak,Kari,prerak.744@gmail.com,919655675829,1993-05-30,2012-07-21,PM-002
CUST-09803,Tiya,Dada,tiya.dada340@yahoo.com,918575316637,2001-03-15,2022-09-03,PM-002
CUST-09804,Ryan,Amble,ryan.amble571@icloud.com,919199641712,1992-06-25,2018-06-28,PM-001
CUST-09805,Saksham,Bhat,bhatsaksham742@icloud.com,918872702896,1990-11-28,2013-02-28,PM-001
CUST-09806,Yashvi,Dey,yashvi.687@gmail.com,918489515392,1999-08-08,2021-01-30,PM-004
CUST-09807,Amani,Kalita,amani.150@outlook.com,917498081498,2001-10-14,2022-09-07,PM-002
CUST-09808,Charvi,Bhargava,charvi.bhargava274@yahoo.com,918293210404,2002-03-10,2020-04-24,PM-004
CUST-09809,Zaina,Borah,zaina_375@outlook.com,918792622772,1995-03-01,2023-04-02,PM-003
CUST-09810,Alia,Shukla,alia.242@icloud.com,917334166787,1992-03-19,2016-06-12,PM-002
CUST-09811,Keya,Zachariah,keya_287@gmail.com,919136861170,1995-04-28,2024-01-16,PM-003
CUST-09812,Jiya,Chander,jiya.298@outlook.com,918803080966,1989-07-23,2009-04-28,PM-002
CUST-09813,Drishya,Ravi,drishya.ravi577@yahoo.com,919915404240,1994-07-06,2015-07-04,PM-003
CUST-09814,Anahi,Shere,anahi_222@outlook.com,917658577930,2003-05-15,2021-07-10,PM-001
CUST-09815,Renee,Kala,kalarenee548@icloud.com,917454928298,1985-02-11,2017-09-24,PM-003
CUST-09816,Krish,Dugar,dugarkrish534@yahoo.com,918554257983,2001-03-08,2022-07-29,PM-002
CUST-09817,Aaryahi,Comar,comaraaryahi428@gmail.com,919938899611,1979-04-18,2014-11-07,PM-003
CUST-09818,Oorja,Sane,oorja_888@hotmail.com,919434344807,1986-03-24,2006-04-28,PM-003
CUST-09819,Navya,Arya,navya.608@icloud.com,917758762904,1979-08-23,2017-04-24,PM-001
CUST-09820,Nishith,Dayal,nishith551@icloud.com,918426131470,1999-06-25,2021-04-03,PM-001
CUST-09821,Hunar,Swaminathan,hunar.257@outlook.com,919380668223,1980-02-13,2020-08-26,PM-003
CUST-09822,Anahita,Rana,anahita_275@hotmail.com,918108362821,1977-06-09,2021-07-14,PM-001
CUST-09823,Manikya,Kulkarni,manikya.kulkarni190@yahoo.com,917090436705,1987-09-12,2024-05-27,PM-001
CUST-09824,Pari,Bains,pari.bains944@hotmail.com,917152611043,1981-02-10,2014-11-11,PM-003
CUST-09825,Saksham,Issac,issacsaksham588@gmail.com,919618859361,1980-08-07,2006-09-20,PM-003
CUST-09826,Vihaan,Jani,vihaan.962@icloud.com,917906149257,1983-01-19,2004-01-22,PM-003
CUST-09827,Indranil,Vala,indranil.364@outlook.com,919003637698,1982-04-03,2019-09-28,PM-002
CUST-09828,Rasha,Bhardwaj,rasha867@hotmail.com,917215383736,1992-06-01,2015-03-14,PM-003
CUST-09829,Akarsh,Sarin,akarsh.320@outlook.com,917394061992,2001-12-02,2024-01-23,PM-002
CUST-09830,Shayak,Rajagopalan,shayak_454@outlook.com,919164937081,1995-01-11,2017-07-31,PM-003
CUST-09831,Kanav,Balan,balankanav891@hotmail.com,918709150698,1978-10-08,2022-01-31,PM-004
CUST-09832,Nirvaan,Sanghvi,nirvaan_795@gmail.com,919023159475,1988-10-14,2020-07-31,PM-001
CUST-09833,Yuvaan,Krish,yuvaan536@gmail.com,919145181900,2002-04-17,2020-09-04,PM-001
CUST-09834,Mahika,Bawa,mahika.bawa279@gmail.com,919187483850,1986-02-08,2007-08-29,PM-004
CUST-09835,Saksham,Varughese,saksham106@icloud.com,919177924931,2000-11-09,2020-02-18,PM-001
CUST-09836,Shaan,Majumdar,shaan421@outlook.com,919965561984,1996-01-05,2019-05-18,PM-004
CUST-09837,Kaira,Gupta,kaira.gupta475@icloud.com,917324776080,2004-10-24,2024-02-04,PM-003
CUST-09838,Taran,Dugal,taran_635@gmail.com,917641202435,1991-08-30,2019-07-27,PM-002
CUST-09839,Aradhya,Kara,aradhya.554@outlook.com,918509208719,1993-03-14,2018-12-14,PM-002
CUST-09840,Renee,Shere,renee.shere387@yahoo.com,917464181938,1991-06-28,2022-02-13,PM-004
CUST-09841,Damini,Mann,damini.mann442@outlook.com,918807907998,2001-09-05,2022-03-12,PM-004
CUST-09842,Hrishita,Krishna,hrishita.krishna541@hotmail.com,917681814184,1982-10-29,2019-06-13,PM-004
CUST-09843,Advik,Atwal,advik.309@gmail.com,919573283111,2006-04-13,2024-05-28,PM-002
CUST-09844,Neysa,Shukla,neysa.214@gmail.com,917561300685,1999-01-18,2017-06-19,PM-002
CUST-09845,Raghav,Varghese,raghav.864@icloud.com,918522195935,2002-04-29,2023-01-21,PM-002
CUST-09846,Pari,Gole,pari.762@icloud.com,919088895558,1989-03-08,2016-09-06,PM-003
CUST-09847,Keya,Chacko,keya667@icloud.com,917794898074,1975-08-13,2019-03-04,PM-002
CUST-09848,Biju,Sekhon,biju_184@outlook.com,918168003403,1987-03-25,2008-01-30,PM-004
CUST-09849,Charvi,Mand,charvi.mand863@yahoo.com,918813057776,1987-02-15,2013-07-13,PM-003
CUST-09850,Romil,Sen,romil_154@icloud.com,919512931111,2004-09-05,2023-08-17,PM-003
CUST-09851,Dhanuk,Khurana,dhanuk_791@yahoo.com,918037107657,2002-12-19,2022-11-30,PM-003
CUST-09852,Sana,Vaidya,sana_382@icloud.com,918306589074,1977-04-26,2014-06-23,PM-004
CUST-09853,Zaina,Sekhon,zaina.sekhon152@outlook.com,917016377009,1987-07-14,2011-06-30,PM-001
CUST-09854,Kartik,Arya,kartik_895@yahoo.com,918578073468,1995-01-01,2014-11-11,PM-002
CUST-09855,Shayak,Rege,shayak_811@icloud.com,919415836526,1997-03-20,2017-10-13,PM-004
CUST-09856,Siya,Devi,siya.612@gmail.com,918599625912,1984-04-26,2014-10-15,PM-001
CUST-09857,Arhaan,Sagar,arhaan773@hotmail.com,918435483461,1975-07-06,2014-08-03,PM-003
CUST-09858,Amani,Manda,amani_108@icloud.com,918083291680,1985-02-24,2006-06-07,PM-002
CUST-09859,Ira,Bedi,ira.677@yahoo.com,919373357505,1986-11-21,2005-09-24,PM-004
CUST-09860,Miraan,Reddy,reddymiraan655@gmail.com,919306767700,1976-11-03,2003-08-14,PM-001
CUST-09861,Ahana ,Samra,ahana .samra186@outlook.com,918953076048,2003-06-05,2023-05-21,PM-004
CUST-09862,Jivika,Hans,jivika_951@yahoo.com,919666744137,2005-11-07,2024-01-28,PM-004
CUST-09863,Samar,Dixit,samar.dixit285@yahoo.com,918137350615,1996-03-29,2018-12-17,PM-004
CUST-09864,Himmat,Chander,himmat286@gmail.com,918679167884,1981-02-13,2023-10-22,PM-002
CUST-09865,Adira,Lal,adira411@yahoo.com,918504976235,1987-03-20,2012-09-14,PM-002
CUST-09866,Kismat,Gaba,kismat_710@outlook.com,917684042031,1988-07-30,2014-08-13,PM-003
CUST-09867,Lakshit,Desai,desailakshit924@gmail.com,917231013097,1984-11-18,2014-07-21,PM-003
CUST-09868,Lagan,Dhawan,lagan.dhawan912@icloud.com,918445362840,1996-10-30,2015-04-20,PM-001
CUST-09869,Indrajit,Krishnan,indrajit.926@outlook.com,919320344143,1978-03-10,2011-03-07,PM-003
CUST-09870,Riya,Gour,gourriya248@outlook.com,918155801186,1984-09-09,2024-01-21,PM-003
CUST-09871,Renee,Andra,renee.377@yahoo.com,918955892674,1983-08-08,2012-01-30,PM-001
CUST-09872,Emir,Agarwal,emir.927@icloud.com,917087354229,1976-06-12,1995-04-04,PM-003
CUST-09873,Priyansh,Choudhry,priyansh_157@icloud.com,918296706222,1991-02-28,2023-08-21,PM-003
CUST-09874,Piya,Chacko,piya.chacko786@outlook.com,918836903142,1975-11-22,2006-01-09,PM-003
CUST-09875,Zoya,Vaidya,zoya.vaidya358@icloud.com,919370065963,1995-11-29,2015-12-13,PM-004
CUST-09876,Lakshit,Dora,lakshit376@yahoo.com,917806822439,1981-07-16,2014-10-20,PM-003
CUST-09877,Aayush,Jani,aayush.561@icloud.com,918508344260,1987-03-31,2016-07-14,PM-004
CUST-09878,Oorja,Roy,oorja.roy872@icloud.com,919130845516,1977-12-09,2001-04-22,PM-002
CUST-09879,Inaaya ,Jha,inaaya _795@yahoo.com,917099219311,1995-10-11,2022-06-16,PM-004
CUST-09880,Sara,Brahmbhatt,sara652@outlook.com,917838502315,1988-06-18,2016-09-21,PM-003
CUST-09881,Advika,Kuruvilla,advika.395@yahoo.com,918785142100,1993-05-16,2015-08-25,PM-001
CUST-09882,Aradhya,Ramachandran,aradhya_657@gmail.com,917411295240,1994-05-26,2014-02-08,PM-003
CUST-09883,Samarth,Seth,samarth.812@gmail.com,919768567868,1983-12-20,2023-04-14,PM-004
CUST-09884,Jhanvi,Singh,jhanvi.singh122@hotmail.com,918621440229,1999-12-08,2018-09-28,PM-004
CUST-09885,Bhamini,Upadhyay,upadhyaybhamini788@gmail.com,917911340126,2005-09-19,2023-11-09,PM-003
CUST-09886,Dishani,Sahni,dishani715@outlook.com,918009045358,1997-12-13,2023-09-21,PM-004
CUST-09887,Renee,Tak,takrenee740@outlook.com,918721311291,2002-07-03,2023-12-09,PM-003
CUST-09888,Samarth,Shanker,samarth476@gmail.com,917124545212,1979-05-10,1998-02-27,PM-004
CUST-09889,Myra,Bali,myra_918@outlook.com,918437497817,2002-11-05,2022-11-29,PM-002
CUST-09890,Kimaya,Goswami,kimaya.105@yahoo.com,919924315800,1989-08-06,2009-07-10,PM-001
CUST-09891,Krish,Chaudhari,krish248@gmail.com,918481488477,1983-05-10,2005-08-31,PM-003
CUST-09892,Nirvaan,Gulati,nirvaan.768@icloud.com,918275021634,1993-01-15,2016-11-24,PM-001
CUST-09893,Manjari,Dar,manjari.693@icloud.com,917938403444,2002-11-20,2021-09-23,PM-003
CUST-09894,Ishita,Comar,comarishita991@outlook.com,918763828959,1991-05-15,2021-04-29,PM-004
CUST-09895,Mahika,Arora,mahika.621@hotmail.com,917580355225,1992-11-27,2023-04-13,PM-002
CUST-09896,Samarth,Krish,krishsamarth537@hotmail.com,918673984324,2004-01-27,2024-04-21,PM-002
CUST-09897,Krish,Gade,krish_416@gmail.com,917307793343,1979-08-13,2017-11-21,PM-004
CUST-09898,Arhaan,Loyal,arhaan338@gmail.com,919532199145,1985-03-29,2020-03-29,PM-004
CUST-09899,Onkar,Chawla,onkar_693@yahoo.com,918112582423,1987-07-17,2022-10-24,PM-003
CUST-09900,Sana,Rajagopalan,rajagopalansana141@gmail.com,919246663351,2005-11-10,2024-02-02,PM-001
CUST-09901,Aarush,Lad,aarush_337@gmail.com,919262559144,1985-08-06,2007-06-30,PM-002
CUST-09902,Samarth,Krishnan,samarth_540@outlook.com,917720974447,1987-03-20,2021-06-25,PM-002
CUST-09903,Lagan,Setty,lagan219@hotmail.com,919260348069,1983-05-12,2010-03-10,PM-002
CUST-09904,Romil,Soman,romil348@yahoo.com,917641047842,1998-07-10,2022-12-06,PM-004
CUST-09905,Saira,Dutta,saira_847@icloud.com,919721724785,1983-04-30,2017-06-11,PM-003
CUST-09906,Gatik,Dani,gatik.807@outlook.com,917030206642,1995-07-12,2013-10-14,PM-001
CUST-09907,Samiha,Apte,samiha.951@yahoo.com,917592112227,2004-10-17,2023-05-07,PM-001
CUST-09908,Vedika,Tata,vedika965@hotmail.com,919733169958,1997-06-03,2017-11-19,PM-002
CUST-09909,Hridaan,Upadhyay,hridaan.upadhyay350@icloud.com,917174183538,1989-01-25,2020-10-26,PM-004
CUST-09910,Neelofar,Thakur,neelofar.thakur242@icloud.com,919718499421,2001-11-19,2021-06-04,PM-004
CUST-09911,Navya,Sachdeva,navya.448@yahoo.com,919758268199,1994-03-08,2014-10-26,PM-001
CUST-09912,Eva,Shetty,eva_591@icloud.com,918797701343,1988-12-01,2007-03-21,PM-004
CUST-09913,Darshit,Sethi,sethidarshit385@outlook.com,918210140246,1982-05-25,2010-05-14,PM-003
CUST-09914,Miraya,Contractor,miraya.577@icloud.com,917023247704,1989-09-05,2017-07-06,PM-004
CUST-09915,Pari,Chacko,pari_914@icloud.com,917328481845,1985-02-02,2019-01-09,PM-001
CUST-09916,Alisha,Barad,alisha_809@hotmail.com,918925369429,1998-10-12,2020-06-26,PM-001
CUST-09917,Vanya,Barad,vanya.barad147@icloud.com,919932501983,1987-09-24,2019-07-05,PM-002
CUST-09918,Nayantara,Sharaf,nayantara_862@outlook.com,919156753956,1995-08-17,2018-05-01,PM-001
CUST-09919,Misha,Bhalla,misha_230@hotmail.com,919038505199,1976-02-06,2012-07-02,PM-002
CUST-09920,Zeeshan,Sunder,zeeshan902@icloud.com,917651673334,1975-02-23,1999-06-01,PM-001
CUST-09921,Nehmat,Barad,nehmat304@hotmail.com,918268244389,1995-11-30,2022-01-06,PM-004
CUST-09922,Anay,Sarna,anay139@icloud.com,917287108518,1990-12-25,2011-09-12,PM-002
CUST-09923,Rhea,Bedi,bedirhea129@gmail.com,919107037916,1998-10-17,2023-04-28,PM-001
CUST-09924,Kabir,Ganesan,ganesankabir706@yahoo.com,919122044188,1977-10-06,1999-06-02,PM-004
CUST-09925,Bhamini,Vasa,bhamini227@outlook.com,919647100139,1997-10-08,2018-10-29,PM-002
CUST-09926,Advika,Dube,dubeadvika367@hotmail.com,917212782064,1993-09-19,2019-05-18,PM-004
CUST-09927,Prerak,Lad,prerak.lad119@icloud.com,917419505771,1988-04-27,2016-10-07,PM-001
CUST-09928,Shray,Gala,shray.gala742@yahoo.com,917335081647,1999-06-06,2020-10-29,PM-002
CUST-09929,Kiara,Saini,kiara110@hotmail.com,919448918536,1994-08-09,2019-11-08,PM-003
CUST-09930,Divij,Sheth,divij.sheth682@icloud.com,917873458850,2003-08-13,2022-03-19,PM-004
CUST-09931,Zoya,Khurana,zoya_981@outlook.com,918415900206,1995-03-04,2017-04-21,PM-003
CUST-09932,Shanaya,Subramaniam,shanaya153@yahoo.com,919347263574,1989-06-13,2020-07-18,PM-004
CUST-09933,Yuvaan,Bakshi,yuvaan501@outlook.com,917792714318,1997-07-06,2023-12-08,PM-001
CUST-09934,Piya,Sant,piya973@outlook.com,919184898749,1986-12-29,2013-09-04,PM-001
CUST-09935,Shaan,Kant,shaan.246@gmail.com,919712763153,1981-06-23,2007-12-21,PM-003
CUST-09936,Drishya,Bhatia,drishya.863@gmail.com,918337212376,1981-06-14,2003-01-19,PM-001
CUST-09937,Amira,Magar,amira.magar573@icloud.com,917436808227,1977-05-21,1999-12-09,PM-004
CUST-09938,Biju,Shankar,biju823@outlook.com,919872926937,1987-12-10,2013-10-02,PM-004
CUST-09939,Kanav,Mammen,mammenkanav449@yahoo.com,917579792644,1983-05-29,2010-06-19,PM-002
CUST-09940,Heer,Bajaj,heer.973@hotmail.com,919059425064,1981-03-13,2005-10-03,PM-001
CUST-09941,Ehsaan,Thaker,ehsaan.977@yahoo.com,917377386629,1976-04-28,2022-12-29,PM-003
CUST-09942,Dhanuk,Jain,dhanuk.902@yahoo.com,919794617819,1991-06-01,2021-12-21,PM-004
CUST-09943,Lagan,Badal,badallagan281@outlook.com,917963356314,1984-10-06,2006-03-24,PM-001
CUST-09944,Urvi,Bhargava,urvi532@outlook.com,919377091805,1982-09-07,2004-07-02,PM-001
CUST-09945,Shaan,Cherian,shaan.cherian662@yahoo.com,919029696227,1991-05-21,2023-01-28,PM-001
CUST-09946,Ivana,Thaker,ivana.219@gmail.com,918906065444,1984-10-22,2013-12-28,PM-003
CUST-09947,Jivin,Dayal,jivin423@hotmail.com,917063285506,1985-05-18,2023-12-09,PM-001
CUST-09948,Devansh,Jani,devansh_816@outlook.com,919440121342,1993-08-05,2020-12-16,PM-004
CUST-09949,Taran,Khosla,taran_939@hotmail.com,917933435880,1979-03-03,1998-08-07,PM-004
CUST-09950,Farhan,Bala,balafarhan930@gmail.com,919190789581,1991-08-30,2023-10-23,PM-003
CUST-09951,Eva,Mall,malleva228@hotmail.com,917221158239,1990-10-24,2020-12-18,PM-001
CUST-09952,Parinaaz,Dyal,parinaaz.314@icloud.com,917643528335,1978-09-08,2003-08-04,PM-004
CUST-09953,Shayak,Kannan,shayak_100@outlook.com,917763530231,1982-08-10,2004-02-18,PM-002
CUST-09954,Neelofar,Sama,neelofar615@hotmail.com,917042125970,1993-07-06,2019-07-18,PM-002
CUST-09955,Zoya,Krishnan,krishnanzoya379@gmail.com,918098058521,1991-12-16,2016-10-28,PM-002
CUST-09956,Gatik,Doshi,gatik.647@yahoo.com,918159171529,1987-06-14,2014-08-27,PM-002
CUST-09957,Keya,Sanghvi,keya.sanghvi564@gmail.com,918091346089,1979-09-15,2018-11-07,PM-004
CUST-09958,Anika,Chaudhary,anika.418@hotmail.com,918068943799,1988-09-09,2023-01-03,PM-002
CUST-09959,Samar,Das,samar773@yahoo.com,919756464878,1992-08-10,2024-06-01,PM-001
CUST-09960,Samar,Lanka,samar_153@hotmail.com,918925667168,1989-12-09,2024-06-05,PM-002
CUST-09961,Shayak,Sarkar,sarkarshayak246@yahoo.com,917633719429,1978-07-13,2022-05-04,PM-001
CUST-09962,Khushi,Ahluwalia,khushi.367@outlook.com,918523537154,1996-03-06,2017-05-14,PM-003
CUST-09963,Samiha,Raval,ravalsamiha641@yahoo.com,918544094927,1976-10-19,2023-02-24,PM-002
CUST-09964,Sana,Grewal,sana_564@hotmail.com,917681674247,1976-08-01,2011-06-07,PM-001
CUST-09965,Samiha,De,samiha.172@hotmail.com,918090276220,1985-03-12,2019-01-01,PM-001
CUST-09966,Anaya,Dara,anaya.683@outlook.com,919065805714,2003-09-29,2024-01-16,PM-004
CUST-09967,Mannat,Grewal,mannat915@outlook.com,919515091032,1984-01-25,2023-01-27,PM-003
CUST-09968,Ojas,Kuruvilla,ojas_579@outlook.com,917432969529,1977-10-05,2002-10-11,PM-001
CUST-09969,Hansh,Ravi,hansh.773@yahoo.com,919909943620,1998-07-24,2016-12-22,PM-003
CUST-09970,Uthkarsh,Bhakta,uthkarsh.bhakta832@gmail.com,917919843969,1974-08-20,2022-08-26,PM-003
CUST-09971,Bhamini,Solanki,bhamini509@icloud.com,917009928529,1996-01-31,2023-10-16,PM-001
CUST-09972,Kiara,Amble,kiara.amble168@gmail.com,919282398913,1976-07-12,2020-06-19,PM-004
CUST-09973,Raunak,Swamy,swamyraunak688@gmail.com,918508859731,2003-02-15,2021-11-20,PM-002
CUST-09974,Nitya,Bhatia,nitya672@icloud.com,919992564092,2006-02-18,2024-02-19,PM-004
CUST-09975,Ritvik,Sharaf,ritvik_272@yahoo.com,918039290817,1975-04-10,2022-08-02,PM-001
CUST-09976,Jivin,Raju,jivin623@outlook.com,917677299338,1988-10-03,2007-12-15,PM-004
CUST-09977,Veer,Mane,veer482@hotmail.com,917216049041,1996-03-10,2018-07-18,PM-002
CUST-09978,Hazel,Bal,hazel.bal943@icloud.com,918082346607,1990-02-03,2015-11-11,PM-001
CUST-09979,Biju,Koshy,biju206@yahoo.com,919571400487,1980-02-19,2019-05-06,PM-004
CUST-09980,Lakshit,Gour,lakshit_573@yahoo.com,917168601421,2005-10-28,2024-03-16,PM-004
CUST-09981,Badal,Dyal,badal.dyal224@hotmail.com,918398769564,1987-06-28,2015-03-13,PM-003
CUST-09982,Aaina,Chanda,aaina281@yahoo.com,918742809054,1990-02-10,2016-07-20,PM-003
CUST-09983,Damini,Mane,damini512@gmail.com,917145017191,2003-10-10,2022-09-09,PM-001
CUST-09984,Armaan,Halder,armaan.192@hotmail.com,917688643270,1981-05-05,2001-12-27,PM-003
CUST-09985,Prerak,Srinivasan,prerak.802@hotmail.com,917117596477,2002-06-29,2021-07-25,PM-003
CUST-09986,Krish,Choudhury,krish.265@hotmail.com,919418456235,1994-06-20,2016-02-09,PM-004
CUST-09987,Nakul,Viswanathan,nakul.118@hotmail.com,918035334895,1998-12-07,2020-04-19,PM-004
CUST-09988,Ehsaan,Anne,ehsaan.anne265@icloud.com,919916464367,1978-03-29,2015-05-07,PM-001
CUST-09989,Oorja,Chanda,oorja_977@gmail.com,918095304352,1982-03-04,2009-07-19,PM-003
CUST-09990,Aarush,Ben,aarush_862@outlook.com,917177355808,1978-01-21,2023-08-03,PM-004
CUST-09991,Nirvi,Dora,doranirvi298@outlook.com,918875721763,1983-06-03,2005-04-17,PM-001
CUST-09992,Shaan,Tak,shaan.tak496@icloud.com,919358963355,1985-03-30,2022-05-04,PM-002
CUST-09993,Shamik,Rama,shamik.rama505@gmail.com,918255838886,1990-05-20,2008-06-26,PM-002
CUST-09994,Kimaya,Gola,golakimaya182@yahoo.com,918015320954,2001-02-01,2024-03-05,PM-004
CUST-09995,Heer,Swaminathan,heer951@icloud.com,917458862713,1984-09-16,2016-02-13,PM-004
CUST-09996,Kavya,Mani,kavya_229@icloud.com,918560452025,1980-12-07,2000-08-18,PM-004
CUST-09997,Tanya,Gole,tanya.301@outlook.com,917203291624,1999-04-11,2023-08-20,PM-002
CUST-09998,Ela,Rajagopal,ela.rajagopal208@outlook.com,918283398770,1989-07-09,2008-05-16,PM-003
CUST-09999,Indrajit,Atwal,indrajit_367@yahoo.com,918817668802,1988-06-27,2021-07-04,PM-002
CUST-10000,Badal,Dugar,badal_993@icloud.com,919286981526,1984-06-18,2021-05-02,PM-003
CUST-00001,Neelofar,Uppal,neelofar151@icloud.com,918086068823,1995-11-20,2021-07-18,PM-002
CUST-00002,Chirag,Ray,raychirag323@gmail.com,918538844591,1982-08-08,2016-09-20,PM-001
CUST-00003,Yashvi,Mammen,mammenyashvi354@gmail.com,918925775065,1992-03-27,2011-09-16,PM-004
CUST-00004,Aaina,Arya,aaina.arya969@hotmail.com,919310592953,1990-06-07,2020-10-09,PM-003
CUST-00005,Emir,Badami,emir_562@outlook.com,917691772801,1987-11-08,2011-07-03,PM-003
CUST-00006,Badal,Tak,badal_413@hotmail.com,917660715408,1994-02-19,2022-08-03,PM-002
CUST-00007,Ishita,Bakshi,ishita743@yahoo.com,917231557559,1976-06-25,2018-05-26,PM-003
CUST-00008,Arnav,Doshi,arnav796@gmail.com,918816017629,1980-10-01,2024-04-26,PM-004
CUST-00009,Eshani,Setty,eshani315@gmail.com,917082890386,1984-03-09,2006-04-23,PM-002
CUST-00010,Divit,Deo,divit.deo468@hotmail.com,917102608431,2004-03-26,2023-08-30,PM-002
CUST-00011,Kabir,Kumar,kabir.820@outlook.com,917652881935,1987-06-06,2006-02-26,PM-003
CUST-00012,Riya,Iyer,riya_226@icloud.com,918295402487,1986-02-09,2022-07-18,PM-004
CUST-00013,Bhamini,Bhandari,bhamini.bhandari378@hotmail.com,917859037808,1990-02-05,2019-05-23,PM-002
CUST-00014,Urvi,Contractor,urvi.365@gmail.com,918647102899,2005-07-10,2024-02-17,PM-002
CUST-00015,Ahana ,Sen,ahana .524@gmail.com,917006899801,1985-04-27,2010-08-22,PM-002
CUST-00016,Renee,Sibal,renee932@gmail.com,917283741494,1996-01-17,2016-06-30,PM-003
CUST-00017,Zeeshan,Sem,zeeshan.sem704@outlook.com,919558096756,1974-06-22,2018-11-17,PM-001
CUST-00018,Ivana,Balasubramanian,balasubramanianivana745@gmail.com,917674814553,1978-07-05,2010-05-07,PM-003
CUST-00019,Raghav,Kapur,kapurraghav383@hotmail.com,919304397973,1989-08-27,2009-10-15,PM-001
CUST-00020,Kashvi,Shroff,kashvi300@outlook.com,919857507602,2004-09-20,2023-10-11,PM-003
CUST-00021,Damini,Saini,damini.517@outlook.com,917704161409,1984-10-16,2011-04-09,PM-004
CUST-00022,Ela,Cherian,ela.cherian723@icloud.com,919431764623,1980-03-16,2002-10-23,PM-002
CUST-00023,Nirvi,Basak,nirvi316@outlook.com,918086877127,1992-03-01,2019-10-24,PM-003
CUST-00024,Rasha,Garg,rasha.351@outlook.com,918174608999,1985-12-16,2013-04-24,PM-004
CUST-00025,Shalv,Chaudhari,chaudharishalv644@yahoo.com,917605445585,1976-04-25,2014-07-02,PM-001
CUST-00026,Jivika,Tella,jivika_533@yahoo.com,919828499194,1981-05-06,2013-04-08,PM-002
CUST-00027,Aaryahi,Kant,aaryahi.kant845@yahoo.com,917022980879,1999-12-28,2022-10-18,PM-001
CUST-00028,Prisha,Kale,prisha560@hotmail.com,917549687679,1993-04-18,2018-03-31,PM-001
CUST-00029,Onkar,Dhillon,onkar.450@yahoo.com,919950421241,1976-10-26,2023-04-06,PM-003
CUST-00030,Lakshit,Chad,lakshit.597@icloud.com,919723586152,1991-09-27,2017-03-17,PM-002
CUST-00031,Vritika,Venkatesh,vritika_962@icloud.com,919388087679,1975-02-08,1993-08-20,PM-004
CUST-00032,Hazel,D’Alia,hazel.d’alia150@gmail.com,919458389316,2003-03-27,2023-10-01,PM-003
CUST-00033,Prisha,Bhatia,prisha.120@outlook.com,919634785885,1985-03-21,2011-07-29,PM-002
CUST-00034,Chirag,Hayre,chirag_612@gmail.com,917273546307,1997-03-02,2019-02-13,PM-003
CUST-00035,Amira,Balasubramanian,amira.balasubramanian343@outlook.com,917843242508,1977-10-07,2021-02-18,PM-002
CUST-00036,Reyansh,Tata,reyansh.218@gmail.com,918206065535,2000-10-09,2020-09-26,PM-004
CUST-00037,Jiya,Ben,jiya_758@outlook.com,917046629402,1977-12-29,2009-07-26,PM-004
CUST-00038,Badal,Karan,badal745@outlook.com,918402592675,2003-04-29,2023-05-23,PM-001
CUST-00039,Kanav,Sandal,sandalkanav785@hotmail.com,919722050306,1981-04-18,1999-10-30,PM-003
CUST-00040,Zara,Tank,zara.127@yahoo.com,918879122886,1985-04-19,2013-12-06,PM-004
CUST-00041,Zaina,Kapoor,zaina182@hotmail.com,918145644681,2002-01-02,2020-04-11,PM-003
CUST-00042,Riaan,Dora,riaan.dora511@outlook.com,917473348398,1978-11-27,2015-11-12,PM-002
CUST-00043,Faiyaz,Dugar,faiyaz950@hotmail.com,918404548822,1979-07-10,2023-07-16,PM-001
CUST-00044,Lakshay,Deshmukh,lakshay830@outlook.com,918229000019,1983-02-23,2017-05-21,PM-004
CUST-00045,Mahika,Sarna,mahika_615@outlook.com,918956574706,1986-10-09,2008-02-06,PM-003
CUST-00046,Saira,Sagar,sagarsaira808@gmail.com,918746467243,1992-08-12,2019-09-17,PM-001
CUST-00047,Jayan,Thakur,jayan_167@outlook.com,918576520742,1978-08-10,2003-06-20,PM-003
CUST-00048,Aniruddh,Kamdar,aniruddh534@outlook.com,919317117405,1979-10-23,2019-07-24,PM-002
CUST-00049,Amira,Dhar,amira.dhar108@outlook.com,917133630836,1986-12-22,2014-12-06,PM-003
CUST-00050,Ryan,Thakur,ryan_842@hotmail.com,918998364162,1982-04-03,2008-12-21,PM-001
CUST-00051,Divyansh,Thakkar,divyansh.517@outlook.com,917521597054,1991-04-06,2014-05-24,PM-003
CUST-00052,Rhea,Kunda,kundarhea190@outlook.com,918371068685,2001-06-19,2020-01-16,PM-003
CUST-00053,Prisha,Savant,savantprisha800@gmail.com,919432959784,1975-06-28,2009-12-25,PM-004
CUST-00054,Raunak,Bhasin,raunak.bhasin802@outlook.com,919226579776,1989-07-13,2018-02-08,PM-001
CUST-00055,Manikya,Sachdev,manikya459@outlook.com,917880250856,1980-10-03,2020-04-26,PM-003
CUST-00056,Oorja,Handa,oorja747@outlook.com,919475241134,1994-10-13,2023-06-28,PM-001
CUST-00057,Vaibhav,Karnik,vaibhav.karnik125@hotmail.com,919639728120,1998-08-02,2017-06-04,PM-003
CUST-00058,Anvi,Dhar,anvi_158@outlook.com,919610381905,1991-09-26,2022-07-17,PM-002
CUST-00059,Rhea,Wable,rhea208@hotmail.com,918530923439,2004-02-01,2024-03-17,PM-003
CUST-00060,Lavanya,Mani,lavanya759@hotmail.com,919603639563,2000-07-09,2023-05-23,PM-001
CUST-00061,Emir,Saha,emir326@gmail.com,919795451638,2002-12-19,2022-07-16,PM-004
CUST-00062,Kiara,Dada,kiara.536@icloud.com,917604455564,1978-05-29,1999-04-30,PM-004
CUST-00063,Yakshit,Bhagat,bhagatyakshit236@outlook.com,918567060560,1988-09-23,2008-02-15,PM-001
CUST-00064,Aarav,Bala,aarav_795@icloud.com,917621982018,2001-07-05,2023-07-10,PM-002
CUST-00065,Anahi,Arora,anahi.arora787@icloud.com,919771941145,1989-06-17,2011-05-17,PM-002
CUST-00066,Damini,Amble,ambledamini999@hotmail.com,919654823034,1998-03-24,2016-04-30,PM-004
CUST-00067,Inaaya ,Krishnamurthy,krishnamurthyinaaya 897@outlook.com,919889688671,1995-05-19,2022-12-13,PM-001
CUST-00068,Priyansh,Babu,priyansh.babu992@icloud.com,917703801501,1997-08-15,2015-09-22,PM-003
CUST-00069,Biju,Behl,biju_452@outlook.com,919523014341,2005-04-28,2024-05-17,PM-003
CUST-00070,Raghav,Madan,raghav.886@icloud.com,917443950000,1997-10-31,2019-07-27,PM-004
CUST-00071,Tejas,Reddy,tejas_628@outlook.com,917512451599,1980-12-28,1999-08-05,PM-004
CUST-00072,Madhup,Raman,madhup.raman167@gmail.com,918225928409,1991-07-17,2016-04-10,PM-001
CUST-00073,Rhea,Dubey,rhea873@icloud.com,917063894323,1980-08-10,2007-10-23,PM-002
CUST-00074,Amani,Kaul,amani_529@outlook.com,918842544515,2002-02-08,2021-09-10,PM-004
CUST-00075,Eshani,Rau,eshani.rau477@hotmail.com,917276558074,1983-04-09,2008-05-15,PM-002
CUST-00076,Pihu,Subramaniam,pihu.subramaniam600@icloud.com,919392936895,1977-04-01,2024-02-22,PM-003
CUST-00077,Krish,Goel,krish_669@yahoo.com,917196828179,1978-08-08,2012-03-31,PM-002
CUST-00078,Himmat,Grewal,himmat.696@yahoo.com,918677616798,1997-12-28,2020-07-31,PM-003
CUST-00079,Drishya,Desai,drishya_360@hotmail.com,919345568964,1975-08-18,2004-12-30,PM-002
CUST-00080,Piya,Magar,magarpiya501@yahoo.com,918128910318,1991-05-29,2011-12-28,PM-003
CUST-00081,Vritika,Madan,vritika175@icloud.com,918567758982,1979-07-22,1998-12-28,PM-003
CUST-00082,Shalv,Ramakrishnan,shalv_856@gmail.com,919851226168,1986-08-07,2008-07-28,PM-003
CUST-00083,Hridaan,Din,hridaan.din955@outlook.com,919658686998,1996-03-22,2014-06-15,PM-001
CUST-00084,Oorja,Lal,oorja_182@outlook.com,919832757566,1989-03-20,2019-12-04,PM-004
CUST-00085,Ahana ,Sengupta,ahana .sengupta514@yahoo.com,918542992906,1980-05-11,1998-08-25,PM-004
CUST-00086,Taimur,Mandal,taimur.mandal713@yahoo.com,917779888910,2002-04-24,2021-07-08,PM-002
CUST-00087,Anya,Dewan,anya.707@icloud.com,917525808737,1984-12-23,2013-05-02,PM-003
CUST-00088,Prisha,Borde,prisha.921@outlook.com,918939378377,1976-09-29,2017-03-27,PM-004
CUST-00089,Pranay,Bora,pranay.bora484@outlook.com,919873270606,1999-01-21,2019-11-08,PM-003
CUST-00090,Gatik,Ravel,gatik.418@hotmail.com,917737724690,1994-03-13,2019-02-18,PM-001
CUST-00091,Kashvi,Chawla,kashvi.chawla824@hotmail.com,917759220297,2002-01-22,2023-09-23,PM-002
CUST-00092,Tejas,Dar,tejas.388@icloud.com,917378674410,1996-01-15,2015-01-17,PM-003
CUST-00093,Nishith,Sarna,nishith_164@yahoo.com,918005266845,2002-01-09,2020-02-21,PM-004
CUST-00094,Saira,Garg,saira.garg876@icloud.com,918558814864,2003-01-12,2021-12-02,PM-004
CUST-00095,Purab,Sami,samipurab685@yahoo.com,919144515500,1979-10-09,2004-09-12,PM-004
CUST-00096,Charvi,Chaudhari,charvi_684@outlook.com,918868720847,1986-04-18,2022-07-23,PM-001
CUST-00097,Miraya,Sangha,miraya.284@yahoo.com,919860669234,1981-06-13,2011-07-20,PM-004
CUST-00098,Ahana ,Biswas,ahana .238@yahoo.com,917419778450,1998-10-25,2023-07-05,PM-003
CUST-00099,Seher,Raj,seher.raj523@gmail.com,919940452230,1974-11-08,2015-11-21,PM-004
CUST-00100,Jhanvi,Arora,jhanvi_542@gmail.com,919224006497,1993-07-16,2013-08-26,PM-001
CUST-00101,Myra,Suri,myra257@icloud.com,919871860342,1979-02-14,1998-05-21,PM-003
CUST-00102,Taran,Ganesh,taran_386@outlook.com,919800605375,1974-08-03,2006-03-17,PM-002
CUST-00103,Veer,Kunda,veer733@icloud.com,918730289239,1996-04-29,2022-12-04,PM-004
CUST-00104,Keya,Gola,keya.gola564@yahoo.com,919251564493,1980-02-15,2016-05-14,PM-001
CUST-00105,Mohanlal,Suri,mohanlal.suri390@icloud.com,917230717395,1976-02-01,2018-07-18,PM-003
CUST-00106,Veer,Kala,kalaveer793@gmail.com,918283360132,1988-10-09,2020-11-23,PM-004
CUST-00107,Akarsh,Bail,akarsh_552@yahoo.com,917221387737,1985-12-23,2017-08-22,PM-002
CUST-00108,Dharmajan,Sarkar,dharmajan.167@gmail.com,918037814419,1988-04-15,2023-02-24,PM-004
CUST-00109,Krish,Master,krish.828@icloud.com,919523354714,1990-02-21,2019-03-05,PM-003
CUST-00110,Aayush,Deep,aayush_587@yahoo.com,917132144124,1990-05-12,2008-12-21,PM-002
CUST-00111,Vedika,Mall,vedika.605@hotmail.com,918521586674,1988-03-13,2017-09-16,PM-004
CUST-00112,Aarav,Kaur,aarav_631@hotmail.com,917221142486,1995-05-05,2020-07-07,PM-001
CUST-00113,Jhanvi,Hans,hansjhanvi235@hotmail.com,919859250593,1981-10-24,2015-01-22,PM-003
CUST-00114,Aniruddh,Kuruvilla,aniruddh.kuruvilla972@yahoo.com,918020923326,1982-12-14,2009-01-30,PM-004
CUST-00115,Shray,Dhar,shray_879@icloud.com,918553234890,1991-12-16,2024-05-16,PM-004
CUST-00116,Dhanuk,Lalla,dhanuk_738@gmail.com,919486217382,1992-04-19,2017-03-05,PM-004
CUST-00117,Hiran,Basu,hiran.basu988@yahoo.com,918770423294,1993-10-18,2012-09-04,PM-001
CUST-00118,Ishaan,Andra,ishaan.366@gmail.com,919757766918,1985-03-01,2020-03-23,PM-003
CUST-00119,Vanya,Sama,samavanya767@icloud.com,917716809091,2005-02-16,2024-03-17,PM-003
CUST-00120,Vanya,Ben,vanya.324@icloud.com,918280863546,1997-08-12,2017-02-01,PM-001
CUST-00121,Priyansh,Agarwal,priyansh.660@outlook.com,917886470970,1987-03-31,2015-05-15,PM-002
CUST-00122,Rohan,Sarraf,rohan515@gmail.com,917501870679,1986-10-23,2009-12-04,PM-001
CUST-00123,Onkar,Bandi,onkar_450@icloud.com,919354888263,1981-03-16,2000-01-15,PM-003
CUST-00124,Mohanlal,Bhasin,mohanlal.198@outlook.com,919749063858,1979-07-19,2002-02-27,PM-004
CUST-00125,Saksham,Khatri,saksham_925@yahoo.com,917807420198,1977-01-16,1999-08-03,PM-002
CUST-00126,Yashvi,Tailor,yashvi564@icloud.com,917209373323,1986-11-13,2019-11-14,PM-004
CUST-00127,Aaina,Johal,aaina.johal689@yahoo.com,919716189636,1987-01-29,2013-06-15,PM-004
CUST-00128,Devansh,Gulati,devansh.880@outlook.com,917778044927,1992-04-24,2020-08-18,PM-001
CUST-00129,Oorja,Srivastava,srivastavaoorja742@icloud.com,918107173178,1997-03-04,2023-06-24,PM-001
CUST-00130,Zara,Ganesan,zara_328@outlook.com,919133778942,1998-08-20,2023-07-10,PM-003
CUST-00131,Dhanush,Dhingra,dhanush781@hotmail.com,918639443508,2004-10-20,2023-09-23,PM-001
CUST-00132,Navya,Chakrabarti,navya.863@outlook.com,918701238816,2000-11-15,2021-11-04,PM-001
CUST-00133,Shamik,Ganesan,shamik737@gmail.com,917835149042,1992-07-01,2019-02-05,PM-004
CUST-00134,Vivaan,Krishnamurthy,vivaan758@hotmail.com,919944604663,2005-11-24,2024-04-12,PM-004
CUST-00135,Sumer,Ray,sumer158@outlook.com,919383770081,1991-02-18,2010-10-12,PM-002
CUST-00136,Riaan,Borra,riaan_314@yahoo.com,919876392973,1976-03-24,2003-02-21,PM-002
CUST-00137,Anaya,Manne,anaya.348@gmail.com,917733735015,1988-03-27,2023-05-30,PM-004
CUST-00138,Aaryahi,Sathe,aaryahi.373@hotmail.com,918223525352,1989-04-07,2015-12-05,PM-003
CUST-00139,Anya,Mall,anya346@icloud.com,919585644196,2000-10-09,2021-09-10,PM-003
CUST-00140,Aaryahi,Dugar,aaryahi.480@icloud.com,917094483410,2001-11-08,2023-11-14,PM-003
CUST-00141,Shayak,Kothari,shayak.kothari941@icloud.com,919955435843,1988-05-08,2008-10-21,PM-003
CUST-00142,Chirag,Khalsa,chirag_217@gmail.com,917229514945,1998-11-14,2023-02-23,PM-001
CUST-00143,Jivin,Ramachandran,jivin.782@yahoo.com,917640451686,1991-10-22,2012-11-17,PM-003
CUST-00144,Mohanlal,Dugar,mohanlal827@outlook.com,919899248781,1986-01-27,2012-03-25,PM-001
CUST-00145,Dishani,Dani,dishani_345@yahoo.com,918430695548,1999-10-31,2019-07-31,PM-004
CUST-00146,Fateh,Salvi,salvifateh527@icloud.com,918129178113,1986-08-13,2021-09-04,PM-002
CUST-00147,Vanya,Bansal,bansalvanya887@hotmail.com,918899097819,1985-02-15,2021-04-28,PM-004
CUST-00148,Pranay,Shan,pranay.shan480@yahoo.com,917916318363,2003-01-30,2023-10-06,PM-001
CUST-00149,Hunar,Bava,bavahunar168@yahoo.com,918676355704,1983-02-25,2007-06-17,PM-004
CUST-00150,Vritika,Walla,vritika.walla820@yahoo.com,917429976616,1993-06-24,2020-01-30,PM-004
CUST-00151,Baiju,Aggarwal,baiju796@yahoo.com,918697872750,1975-08-03,2024-06-06,PM-003
CUST-00152,Aaina,Som,aaina479@hotmail.com,919384587540,1986-01-13,2020-02-20,PM-001
CUST-00153,Aarush,Bajwa,aarush_881@icloud.com,917456482610,1990-07-17,2016-12-29,PM-004
CUST-00154,Raghav,Balakrishnan,balakrishnanraghav357@icloud.com,917087353086,1987-12-30,2022-10-08,PM-002
CUST-00155,Samaira,Tella,samaira.tella361@icloud.com,918030092710,1985-01-02,2019-02-07,PM-003
CUST-00156,Prerak,Sridhar,prerak.924@outlook.com,917631591162,2002-07-05,2022-11-14,PM-003
CUST-00157,Drishya,Kurian,drishya.662@outlook.com,918708572513,2004-06-18,2023-09-14,PM-002
CUST-00158,Stuvan,Biswas,stuvan.biswas381@icloud.com,917782671178,1975-05-17,2003-01-31,PM-002
CUST-00159,Arnav,Bala,balaarnav577@outlook.com,917611618441,1986-01-09,2017-09-04,PM-002
CUST-00160,Shayak,Manda,shayak883@hotmail.com,918792254291,1975-08-07,2010-10-09,PM-004
CUST-00161,Darshit,Deep,deepdarshit174@outlook.com,917053741152,1977-06-01,1999-09-16,PM-001
CUST-00162,Ela,Comar,ela556@icloud.com,919100446458,1978-01-04,2023-05-16,PM-002
CUST-00163,Farhan,Warrior,farhan_648@hotmail.com,919500384828,1994-06-23,2022-02-28,PM-002
CUST-00164,Vidur,Doctor,vidur_848@outlook.com,918514729920,1992-11-21,2014-01-03,PM-004
CUST-00165,Oorja,Mane,oorja.985@icloud.com,917106156820,1993-01-11,2014-02-22,PM-004
CUST-00166,Raunak,Batra,batraraunak234@icloud.com,918074774345,1982-05-24,2006-10-11,PM-003
CUST-00167,Anvi,Chaudry,anvi_231@gmail.com,919094910230,1995-07-29,2022-01-06,PM-001
CUST-00168,Inaaya ,Keer,inaaya .keer767@outlook.com,919993334800,1988-04-13,2021-08-29,PM-002
CUST-00169,Yashvi,Bora,yashvi.158@hotmail.com,917009235887,1996-11-14,2018-07-14,PM-002
CUST-00170,Shray,Karnik,shray.758@gmail.com,918873092239,1987-05-18,2005-11-22,PM-003
CUST-00171,Miraya,Behl,miraya.500@outlook.com,918290243294,1975-03-06,1993-05-14,PM-001
CUST-00172,Sumer,Mammen,sumer.461@outlook.com,917946131123,1990-03-08,2017-09-29,PM-001
CUST-00173,Mehul,Golla,mehul_604@icloud.com,919935878337,1999-04-26,2022-01-02,PM-003
CUST-00174,Darshit,Khurana,darshit.khurana582@icloud.com,919786980955,1982-06-15,2004-09-27,PM-001
CUST-00175,Jayan,Das,jayan.das291@outlook.com,919619747090,1993-03-27,2011-06-02,PM-003
CUST-00176,Himmat,Srinivas,himmat.srinivas983@icloud.com,917179665705,1990-10-10,2021-03-02,PM-003
CUST-00177,Vaibhav,Ranganathan,vaibhav.879@yahoo.com,918510707067,1977-02-03,1996-08-27,PM-002
CUST-00178,Nirvi,Upadhyay,nirvi280@icloud.com,917827410676,1977-06-01,2000-09-06,PM-003
CUST-00179,Misha,Sawhney,misha.sawhney289@outlook.com,919157900625,1985-02-07,2012-02-18,PM-003
CUST-00180,Ishaan,Dave,ishaan_805@hotmail.com,918709721227,1995-12-08,2016-11-12,PM-004
CUST-00181,Purab,Gopal,purab.434@icloud.com,919122356844,2004-12-31,2023-09-17,PM-004
CUST-00182,Damini,Majumdar,damini904@gmail.com,917373483628,1976-04-23,2021-04-25,PM-002
CUST-00183,Vardaniya,Hegde,vardaniya.hegde308@icloud.com,917715444691,1990-12-02,2018-03-24,PM-001
CUST-00184,Misha,Dua,misha_726@hotmail.com,918502911561,1996-01-06,2021-08-17,PM-001
CUST-00185,Arhaan,Sethi,arhaan888@yahoo.com,917033396783,1980-03-14,2023-11-23,PM-004
CUST-00186,Elakshi,Mannan,elakshi.mannan325@gmail.com,917910002743,2005-05-31,2024-01-03,PM-001
CUST-00187,Misha,Bhasin,bhasinmisha512@icloud.com,919749582381,2002-09-22,2022-04-02,PM-001
CUST-00188,Saksham,Randhawa,saksham.740@hotmail.com,919261483165,1984-04-26,2022-01-15,PM-001
CUST-00189,Nitara,Sood,soodnitara622@outlook.com,918116159558,1987-02-23,2005-08-07,PM-003
CUST-00190,Shanaya,Ganesh,shanaya.469@hotmail.com,917488110522,1985-01-07,2014-04-23,PM-002
CUST-00191,Hunar,Sekhon,hunar.157@icloud.com,919754690645,1981-01-30,2017-01-10,PM-002
CUST-00192,Nehmat,Bir,nehmat_303@yahoo.com,918310122502,1993-11-28,2013-05-06,PM-003
CUST-00193,Tarini,Raj,rajtarini453@yahoo.com,917464829057,2002-11-17,2023-10-24,PM-004
CUST-00194,Hansh,Sarraf,hansh.209@icloud.com,918361560292,1988-07-15,2019-08-17,PM-003
CUST-00195,Jhanvi,Grewal,jhanvi_144@hotmail.com,918252833099,1980-01-04,2023-11-09,PM-002
CUST-00196,Aaryahi,Gulati,aaryahi.367@hotmail.com,919975112855,1991-10-21,2021-08-14,PM-001
CUST-00197,Aaryahi,Kanda,kandaaaryahi507@yahoo.com,917247987308,2004-06-17,2024-05-18,PM-003
CUST-00198,Tejas,Dhawan,tejas.dhawan581@gmail.com,919837137187,1990-05-21,2009-01-03,PM-002
CUST-00199,Rasha,Lalla,rasha_831@hotmail.com,917800657111,1984-10-10,2004-11-05,PM-003
CUST-00200,Jiya,Sule,jiya_348@outlook.com,918849276535,2000-09-22,2022-09-25,PM-001
CUST-00201,Pari,Yadav,yadavpari831@gmail.com,919083598097,2000-08-29,2024-05-29,PM-002
CUST-00202,Yashvi,Sampath,yashvi_540@icloud.com,919599036030,2001-02-20,2023-03-31,PM-001
CUST-00203,Pari,Krish,pari_558@icloud.com,917466357392,1997-12-29,2018-03-24,PM-002
CUST-00204,Shaan,Jaggi,shaan.jaggi925@icloud.com,918586014820,1989-01-30,2014-08-04,PM-003
CUST-00205,Dhanush,Lanka,dhanush_240@outlook.com,919235416781,2000-02-19,2023-01-22,PM-002
CUST-00206,Heer,Tank,heer_962@hotmail.com,919163644410,2003-02-26,2023-12-31,PM-004
CUST-00207,Urvi,Salvi,urvi873@yahoo.com,918490133207,1983-09-22,2020-08-15,PM-001
CUST-00208,Urvi,Madan,urvi699@outlook.com,918107736634,1976-06-02,2017-09-02,PM-004
CUST-00209,Gatik,Kata,gatik.kata699@outlook.com,919884507250,1989-12-03,2012-03-05,PM-002
CUST-00210,Heer,Kunda,heer_589@hotmail.com,917854174047,1993-03-27,2015-11-06,PM-002
CUST-00211,Jiya,Talwar,jiya.471@icloud.com,917671841331,1978-07-11,2023-05-10,PM-002
CUST-00212,Samarth,Sami,samarth354@icloud.com,917615788317,1985-08-19,2019-12-21,PM-003
CUST-00213,Jayan,Korpal,jayan.693@outlook.com,917940923124,1976-04-06,2020-08-13,PM-001
CUST-00214,Eva,Shankar,eva.shankar730@icloud.com,919113301167,2004-12-28,2022-12-30,PM-003
CUST-00215,Drishya,Chaudhari,chaudharidrishya223@outlook.com,919778034168,2005-02-18,2024-03-05,PM-003
CUST-00216,Nakul,Reddy,nakul.reddy831@hotmail.com,917663025132,2003-01-14,2022-07-18,PM-002
CUST-00217,Nehmat,Malhotra,nehmat.malhotra381@gmail.com,918886290976,1980-03-16,2011-01-01,PM-001
CUST-00218,Himmat,Vyas,himmat.vyas393@yahoo.com,918412759103,1995-10-05,2021-11-13,PM-001
CUST-00219,Eshani,Deshpande,deshpandeeshani514@outlook.com,917289100619,1990-09-03,2021-03-08,PM-003
CUST-00220,Charvi,Lal,charvi_582@outlook.com,917077540466,1994-08-04,2024-03-01,PM-004
CUST-00221,Purab,Varma,purab.varma712@icloud.com,917426423529,1980-10-17,2000-10-04,PM-004
CUST-00222,Adah,Chanda,chandaadah947@icloud.com,917694351270,1991-01-27,2021-01-05,PM-001
CUST-00223,Shaan,Sani,shaan.867@hotmail.com,918110596874,1988-04-23,2019-12-21,PM-002
CUST-00224,Ehsaan,Tak,ehsaan.tak780@outlook.com,919972382724,1988-08-25,2012-04-02,PM-004
CUST-00225,Prerak,Mahal,prerak.579@gmail.com,919143554083,1990-10-21,2011-05-26,PM-001
CUST-00226,Aarna,Saxena,saxenaaarna609@yahoo.com,917352716758,1984-12-07,2009-12-28,PM-002
CUST-00227,Jiya,Kalita,kalitajiya739@gmail.com,917173799104,1976-03-16,2021-11-15,PM-002
CUST-00228,Arhaan,Verma,arhaan.verma108@yahoo.com,918315527143,1977-10-21,2018-06-06,PM-003
CUST-00229,Amira,Handa,amira.handa815@hotmail.com,918044815729,1984-09-23,2009-06-22,PM-003
CUST-00230,Chirag,Bala,chirag.bala105@outlook.com,919435731047,2005-10-08,2024-01-09,PM-001
CUST-00231,Ryan,Khalsa,ryan.khalsa361@gmail.com,917536770930,1989-07-17,2018-12-05,PM-001
CUST-00232,Miraan,Keer,miraan_713@yahoo.com,919236773728,1989-05-20,2021-06-02,PM-004
CUST-00233,Damini,Chandran,damini_367@gmail.com,918299472883,1993-10-18,2019-06-19,PM-002
CUST-00234,Ahana ,Gara,ahana .983@gmail.com,919868543000,1977-11-15,2019-05-14,PM-001
CUST-00235,Riaan,Wason,riaan.466@hotmail.com,919645371448,1992-07-07,2010-12-30,PM-003
CUST-00236,Arnav,Mammen,arnav.574@icloud.com,918691069879,1978-05-27,2005-07-10,PM-004
CUST-00237,Veer,Arya,veer.arya148@outlook.com,919503242257,2001-10-09,2022-01-13,PM-001
CUST-00238,Azad,Wali,azad.wali225@hotmail.com,918680731661,1995-10-29,2024-01-14,PM-002
CUST-00239,Alisha,Goda,alisha749@yahoo.com,919976571625,1993-12-07,2014-06-24,PM-001
CUST-00240,Kanav,Chhabra,kanav.chhabra905@yahoo.com,918375199842,1993-01-15,2013-01-09,PM-001
CUST-00241,Hazel,Mammen,hazel.mammen242@gmail.com,918128804674,1976-03-17,2000-09-13,PM-004
CUST-00242,Lakshay,Suri,lakshay754@gmail.com,917902704789,2005-01-14,2023-08-23,PM-003
CUST-00243,Zara,Reddy,zara.210@yahoo.com,917644293811,1991-08-18,2011-04-18,PM-001
CUST-00244,Onkar,Tara,onkar374@yahoo.com,917800003095,2005-01-25,2024-06-04,PM-002
CUST-00245,Lagan,Barad,baradlagan372@yahoo.com,919969912995,1981-02-05,2000-07-31,PM-001
CUST-00246,Indranil,Barad,indranil_755@yahoo.com,919318509374,1995-03-23,2018-12-06,PM-003
CUST-00247,Navya,Das,navya.542@outlook.com,919243764629,1976-07-27,2019-11-20,PM-002
CUST-00248,Kismat,Chokshi,kismat_273@hotmail.com,919108138470,1990-02-14,2023-11-30,PM-004
CUST-00249,Ojas,Sengupta,senguptaojas279@icloud.com,919134911703,2006-05-24,2024-05-19,PM-003
CUST-00250,Shray,Chaudhari,shray_682@icloud.com,918622697020,2000-10-04,2019-03-03,PM-001
CUST-00251,Ivan,Sur,ivan.796@yahoo.com,919470838103,2000-03-11,2023-11-03,PM-001
CUST-00252,Anaya,Deo,anaya.630@icloud.com,919809338392,1987-04-14,2008-09-14,PM-002
CUST-00253,Shamik,Raj,shamik.raj490@outlook.com,918439994762,2006-01-15,2024-03-28,PM-001
CUST-00254,Jayan,Vala,jayan.748@gmail.com,919688959030,1999-04-16,2017-05-20,PM-001
CUST-00255,Aradhya,Sani,saniaradhya565@outlook.com,917507758737,2002-11-26,2022-03-05,PM-004
CUST-00256,Ira,Grover,ira.grover507@outlook.com,917790132646,1997-01-08,2016-01-01,PM-003
CUST-00257,Veer,Subramaniam,veer759@yahoo.com,917995496669,1978-09-03,2002-12-09,PM-004
CUST-00258,Ahana ,Kashyap,ahana .kashyap164@gmail.com,917286477258,2001-11-18,2024-06-01,PM-003
CUST-00259,Vardaniya,Walla,vardaniya.walla975@outlook.com,917937394933,1980-08-26,2014-09-11,PM-004
CUST-00260,Badal,Mann,badal_896@yahoo.com,919348225117,1998-07-04,2023-07-13,PM-002
CUST-00261,Mamooty,Sampath,mamooty_785@icloud.com,918781575126,1984-08-24,2010-03-11,PM-003
CUST-00262,Saanvi,Shankar,saanvi809@outlook.com,918829307438,1988-07-01,2007-02-19,PM-002
CUST-00263,Indranil,Khalsa,indranil.318@hotmail.com,919655770931,1982-12-31,2017-09-16,PM-002
CUST-00264,Renee,Salvi,renee.644@gmail.com,919024823218,1979-11-21,2001-02-25,PM-004
CUST-00265,Mahika,Raj,mahika.raj718@yahoo.com,919186004697,1974-07-09,2020-10-12,PM-004
CUST-00266,Kimaya,Dua,kimaya467@outlook.com,917390334800,1985-06-03,2005-10-19,PM-001
CUST-00267,Nakul,Thaker,nakul.thaker559@gmail.com,918850739550,1985-12-18,2004-10-27,PM-004
CUST-00268,Pranay,Viswanathan,pranay.999@gmail.com,918618740619,1990-03-17,2021-09-16,PM-004
CUST-00269,Anvi,Tank,anvi.461@yahoo.com,917119925626,1997-02-07,2016-10-07,PM-004
CUST-00270,Kismat,Vaidya,kismat.vaidya905@gmail.com,919665701268,1976-02-09,2019-07-14,PM-001
CUST-00271,Mehul,Kaul,mehul_861@outlook.com,917335486362,2000-09-04,2022-12-04,PM-001
CUST-00272,Samarth,Bumb,samarth.bumb534@icloud.com,917908093235,2005-10-03,2024-02-02,PM-004
CUST-00273,Shalv,Vohra,shalv533@gmail.com,919023734704,2004-05-02,2023-01-15,PM-001
CUST-00274,Pari,Jhaveri,jhaveripari878@icloud.com,917026404018,2003-05-12,2022-11-14,PM-002
CUST-00275,Kabir,Choudhury,kabir.439@yahoo.com,919389225949,1986-08-16,2017-07-07,PM-004
CUST-00276,Raghav,Bava,bavaraghav174@gmail.com,918686621361,1982-10-31,2018-03-31,PM-002
CUST-00277,Tushar,Gandhi,tushar.518@gmail.com,919019152724,2004-11-07,2023-04-15,PM-004
CUST-00278,Amani,Kashyap,amani.kashyap913@icloud.com,918854467065,1997-04-08,2021-04-15,PM-001
CUST-00279,Mamooty,Sarraf,mamooty.sarraf473@hotmail.com,919633865169,1996-10-21,2020-04-02,PM-001
CUST-00280,Ryan,Lanka,ryan.323@gmail.com,919990473623,1981-07-27,2018-01-28,PM-002
CUST-00281,Tejas,Bir,tejas.bir820@yahoo.com,917390235367,1998-02-27,2024-02-21,PM-002
CUST-00282,Manjari,Brar,manjari.242@gmail.com,919325838833,2005-03-18,2023-07-13,PM-003
CUST-00283,Nakul,Sankar,nakul.428@outlook.com,919733963957,2002-06-04,2023-11-21,PM-001
CUST-00284,Saira,Behl,saira.330@icloud.com,917785581510,1975-01-21,2011-10-29,PM-001
CUST-00285,Hridaan,Suresh,hridaan_794@gmail.com,919886590135,1997-09-22,2017-01-02,PM-001
CUST-00286,Fateh,Ganesan,fateh_364@gmail.com,919577238300,1986-11-13,2019-02-18,PM-004
CUST-00287,Purab,Dey,deypurab261@icloud.com,917188850634,1976-12-17,2001-09-09,PM-001
CUST-00288,Veer,Malhotra,veer_677@gmail.com,918312288022,1985-02-18,2004-01-08,PM-001
CUST-00289,Mehul,Tata,tatamehul382@hotmail.com,917203628939,1984-07-07,2014-11-02,PM-001
CUST-00290,Aradhya,Guha,aradhya.233@hotmail.com,919696681397,2005-03-21,2023-12-14,PM-002
CUST-00291,Ira,Balay,balayira204@outlook.com,919715017503,1980-08-28,2003-09-28,PM-003
CUST-00292,Kavya,Varty,kavya.397@icloud.com,919307234320,1976-03-16,2015-11-06,PM-002
CUST-00293,Aarush,Korpal,aarush_300@gmail.com,917065664153,1979-11-19,2000-03-10,PM-003
CUST-00294,Vihaan,Bhagat,bhagatvihaan112@hotmail.com,917615752053,1988-07-18,2008-03-22,PM-004
CUST-00295,Krish,Rajan,krish_788@outlook.com,918075127847,1998-10-23,2022-10-04,PM-001
CUST-00296,Tiya,Sandal,tiya_198@hotmail.com,919474965220,1982-08-06,2011-07-11,PM-001
CUST-00297,Pranay,Sethi,pranay_363@yahoo.com,918459012245,1987-09-15,2019-09-06,PM-002
CUST-00298,Anika,Gala,anika316@icloud.com,918762273049,1984-09-12,2017-12-09,PM-003
CUST-00299,Tushar,Buch,buchtushar199@hotmail.com,918461612562,1988-06-29,2008-11-28,PM-001
CUST-00300,Raunak,Boase,raunak_318@yahoo.com,918982120996,2004-11-10,2023-09-05,PM-001
CUST-00301,Reyansh,Sibal,reyansh779@hotmail.com,917828330572,1991-03-18,2016-12-02,PM-002
CUST-00302,Aarna,Sehgal,aarna303@outlook.com,919066240417,1990-03-29,2020-08-18,PM-003
CUST-00303,Inaaya ,Srinivas,inaaya 423@yahoo.com,919698231147,1975-08-01,2007-11-25,PM-003
CUST-00304,Kismat,Master,kismat.master482@outlook.com,917859941853,2003-11-06,2024-03-02,PM-003
CUST-00305,Saksham,Mandal,saksham.348@icloud.com,918865425979,1992-01-25,2022-12-02,PM-004
CUST-00306,Divit,Ramakrishnan,ramakrishnandivit366@outlook.com,919376392465,1986-11-05,2011-05-04,PM-004
CUST-00307,Reyansh,Rau,reyansh237@yahoo.com,919937295384,1987-02-25,2005-04-01,PM-002
CUST-00308,Sahil,Varghese,sahil.943@icloud.com,918688721379,1995-12-09,2019-05-18,PM-004
CUST-00309,Nakul,Bahri,nakul.157@outlook.com,917747335035,1999-02-09,2023-01-19,PM-001
CUST-00310,Saanvi,Ray,saanvi.855@hotmail.com,919967600227,1999-12-23,2020-10-08,PM-001
CUST-00311,Eva,Rattan,rattaneva130@yahoo.com,919192140320,1981-04-10,2017-04-13,PM-002
CUST-00312,Amani,Venkataraman,amani556@outlook.com,917488408529,1983-11-24,2016-09-03,PM-002
CUST-00313,Samaira,Bala,samaira241@yahoo.com,918897388926,1978-04-04,2007-06-04,PM-002
CUST-00314,Madhav,Varma,madhav406@hotmail.com,918813864541,2004-01-18,2023-08-24,PM-001
CUST-00315,Pranay,Som,pranay.544@hotmail.com,919778977777,1994-10-09,2024-01-18,PM-001
CUST-00316,Shaan,Handa,shaan.611@yahoo.com,917151626366,2001-09-18,2019-11-11,PM-002
CUST-00317,Mehul,Barman,mehul.461@hotmail.com,919455037509,1997-11-08,2022-07-06,PM-003
CUST-00318,Uthkarsh,Gulati,gulatiuthkarsh289@gmail.com,919293880720,2000-11-09,2020-03-20,PM-003
CUST-00319,Biju,Goswami,biju.goswami982@icloud.com,918321349190,1984-04-11,2021-12-21,PM-004
CUST-00320,Pranay,Cherian,cherianpranay260@gmail.com,917868248792,1989-07-22,2009-02-13,PM-004
CUST-00321,Yuvaan,Dugar,yuvaan_524@gmail.com,918981573941,1988-05-12,2017-01-08,PM-004
CUST-00322,Jiya,Karnik,karnikjiya181@gmail.com,919361433015,2000-07-31,2019-12-26,PM-004
CUST-00323,Ivana,Trivedi,trivediivana879@gmail.com,918506106786,1987-10-16,2023-04-22,PM-002
CUST-00324,Raunak,Shetty,raunak995@outlook.com,919117513728,2000-03-19,2018-03-24,PM-002
CUST-00325,Shayak,Sankaran,shayak.857@hotmail.com,919892320626,1981-01-18,2001-07-08,PM-004
CUST-00326,Aaina,Chana,aaina951@gmail.com,918251852460,1983-12-13,2020-07-26,PM-004
CUST-00327,Hrishita,Chaudhari,chaudharihrishita362@icloud.com,917722282236,1994-08-02,2017-10-23,PM-004
CUST-00328,Indrans,Lad,indrans.lad792@icloud.com,918541459874,2001-11-15,2022-05-04,PM-001
CUST-00329,Zain,Kala,zain.kala506@yahoo.com,917271065875,1974-12-07,1996-06-17,PM-001
CUST-00330,Jayesh,Bose,jayesh_707@yahoo.com,919014107469,1990-07-04,2023-10-14,PM-001
CUST-00331,Reyansh,Cherian,reyansh.870@yahoo.com,919233833474,2003-12-22,2022-03-20,PM-002
CUST-00332,Anvi,Srinivasan,anvi.241@yahoo.com,917864093154,1989-12-13,2014-09-26,PM-002
CUST-00333,Diya,Ganesan,diya112@hotmail.com,919365067405,1991-01-25,2024-05-20,PM-001
CUST-00334,Diya,Raval,diya898@gmail.com,919345953369,1988-04-21,2024-03-23,PM-003
CUST-00335,Tarini,Kumer,tarini.kumer182@gmail.com,919144545086,2001-03-25,2022-07-19,PM-001
CUST-00336,Priyansh,Sachar,sacharpriyansh324@icloud.com,917090606805,1980-12-16,2012-03-19,PM-001
CUST-00337,Sara,Kapoor,kapoorsara902@icloud.com,917392993532,2000-04-27,2021-05-12,PM-001
CUST-00338,Azad,Mangat,azad.141@yahoo.com,919353848828,1988-05-27,2013-01-26,PM-002
CUST-00339,Faiyaz,Walla,faiyaz_221@gmail.com,919236876403,1980-08-07,2001-12-31,PM-002
CUST-00340,Lakshit,Chand,lakshit.142@yahoo.com,917886916256,1980-10-31,2003-06-08,PM-003
CUST-00341,Madhup,Guha,madhup.guha891@hotmail.com,917599461304,1982-07-30,2019-03-25,PM-003
CUST-00342,Myra,Sarraf,sarrafmyra523@gmail.com,917633658403,1988-09-10,2018-12-18,PM-003
CUST-00343,Indranil,Ratti,indranil.ratti257@hotmail.com,918865192058,1994-02-15,2018-07-20,PM-001
CUST-00344,Tara,Bir,birtara570@gmail.com,917794306775,1997-02-21,2019-03-21,PM-003
CUST-00345,Kavya,Ray,kavya.ray793@yahoo.com,919075483792,1999-08-13,2022-05-24,PM-002
CUST-00346,Krish,Ghose,krish.851@hotmail.com,919905573614,1993-01-08,2023-04-21,PM-004
CUST-00347,Jivin,Dugal,jivin.452@outlook.com,917337805482,1990-12-25,2014-01-19,PM-004
CUST-00348,Yuvraj ,Vaidya,yuvraj 462@icloud.com,918500472804,1975-12-07,2019-10-08,PM-003
CUST-00349,Vardaniya,Tata,vardaniya.924@icloud.com,918141806003,1981-05-02,2018-01-04,PM-004
CUST-00350,Baiju,Vala,baiju.313@icloud.com,919339706058,1986-09-02,2011-02-26,PM-004
CUST-00351,Ela,Sheth,ela.sheth710@hotmail.com,917413273639,1988-03-08,2014-03-21,PM-002
CUST-00352,Vaibhav,Dhillon,vaibhav357@yahoo.com,917921874749,1989-07-26,2018-10-04,PM-002
CUST-00353,Gokul,Kala,gokul831@yahoo.com,917794887490,1982-10-08,2018-04-15,PM-001
CUST-00354,Shanaya,Karnik,shanaya.karnik422@icloud.com,917987416836,1979-11-20,2001-06-14,PM-001
CUST-00355,Charvi,Goel,charvi_470@icloud.com,917988827491,1992-04-02,2022-12-18,PM-003
CUST-00356,Jayan,Mander,jayan.547@icloud.com,917090738762,2003-08-19,2022-07-13,PM-003
CUST-00357,Siya,Aurora,siya328@outlook.com,918446306042,2002-07-21,2023-10-02,PM-001
CUST-00358,Aayush,Devi,aayush_964@gmail.com,919398143311,1993-10-18,2016-04-12,PM-004
CUST-00359,Himmat,Lanka,lankahimmat268@outlook.com,919407526262,2002-06-28,2021-11-26,PM-002
CUST-00360,Saanvi,Setty,saanvi_106@icloud.com,917968605581,1990-06-14,2014-07-14,PM-003
CUST-00361,Kiaan,Desai,desaikiaan168@hotmail.com,919861870125,1977-02-04,1996-02-19,PM-001
CUST-00362,Gatik,Venkataraman,gatik546@hotmail.com,917534458964,2004-10-11,2023-01-01,PM-004
CUST-00363,Mannat,Kant,mannat.kant368@icloud.com,919518175291,1992-03-25,2021-04-15,PM-001
CUST-00364,Elakshi,Swaminathan,elakshi.swaminathan481@icloud.com,917479975584,1976-03-15,2017-12-09,PM-004
CUST-00365,Arnav,Aurora,arnav_232@hotmail.com,917225799728,1974-11-26,2013-01-17,PM-004
CUST-00366,Gokul,Varghese,gokul633@icloud.com,918254973536,1998-12-14,2021-10-21,PM-004
CUST-00367,Sana,Banik,sana.599@gmail.com,917770802390,1981-06-14,2011-02-12,PM-001
CUST-00368,Nehmat,Divan,nehmat735@hotmail.com,917176313665,2004-09-17,2024-02-17,PM-003
CUST-00369,Sana,Kadakia,kadakiasana764@hotmail.com,918998398096,1993-05-29,2019-01-19,PM-003
CUST-00370,Aaina,Agarwal,aaina.agarwal876@icloud.com,919769690880,1977-07-26,2013-09-09,PM-002
CUST-00371,Vihaan,Salvi,vihaan_535@yahoo.com,919568699603,1992-12-06,2020-10-09,PM-003
CUST-00372,Anahi,Ram,anahi857@outlook.com,919906537319,1977-03-22,1995-11-07,PM-001
CUST-00373,Alia,Atwal,alia_842@outlook.com,917358626114,1976-01-14,2004-01-10,PM-004
CUST-00374,Aarush,Dhar,aarush_803@yahoo.com,918695235016,1990-01-30,2016-08-29,PM-002
CUST-00375,Reyansh,Mandal,reyansh.mandal185@outlook.com,917125496665,1989-04-06,2017-02-08,PM-002
CUST-00376,Divij,Chaudhari,divij.715@yahoo.com,919198953852,1987-10-29,2011-12-28,PM-003
CUST-00377,Miraya,Chakraborty,miraya.698@yahoo.com,917692414379,1987-07-12,2012-11-23,PM-002
CUST-00378,Hridaan,Setty,hridaan.setty512@icloud.com,919532790793,2001-08-14,2022-10-31,PM-001
CUST-00379,Yuvraj ,Varty,yuvraj .varty787@yahoo.com,917717121470,1989-08-28,2011-08-06,PM-003
CUST-00380,Lakshay,Mander,lakshay_337@icloud.com,919493402684,1975-02-08,2022-10-28,PM-004
CUST-00381,Sara,Saran,saransara247@outlook.com,917080872548,2005-03-14,2023-07-24,PM-004
CUST-00382,Veer,Dada,veer_384@icloud.com,919523163079,1979-07-03,2007-01-15,PM-003
CUST-00383,Eshani,Saini,eshani.saini850@outlook.com,919855762698,1999-02-05,2022-08-05,PM-001
CUST-00384,Aradhya,Agrawal,aradhya706@gmail.com,919064418564,1983-02-16,2004-02-16,PM-004
CUST-00385,Shaan,Taneja,shaan.taneja911@gmail.com,919539969385,1993-03-08,2013-02-04,PM-002
CUST-00386,Aarav,Halder,aarav_426@yahoo.com,917155970714,1983-05-06,2020-04-02,PM-002
CUST-00387,Armaan,Dewan,armaan858@outlook.com,918581374584,2005-01-18,2023-07-26,PM-004
CUST-00388,Kiaan,Sawhney,kiaan.sawhney109@outlook.com,918920194583,1983-03-13,2018-09-19,PM-004
CUST-00389,Drishya,Thaman,thamandrishya626@hotmail.com,918601830805,1997-12-19,2021-01-09,PM-003
CUST-00390,Biju,Chad,biju304@hotmail.com,917817757701,1991-05-04,2022-01-22,PM-003
CUST-00391,Eshani,Chauhan,chauhaneshani850@yahoo.com,917994253079,1987-02-07,2007-12-23,PM-002
CUST-00392,Navya,Kunda,navya_913@yahoo.com,917892587718,1987-06-09,2014-02-13,PM-004
CUST-00393,Hazel,Loyal,hazel.loyal503@outlook.com,917984845335,1998-04-10,2023-09-02,PM-001
CUST-00394,Stuvan,Kanda,stuvan.kanda484@gmail.com,919391185173,2004-02-19,2023-04-22,PM-001
CUST-00395,Dishani,Chand,dishani.chand624@outlook.com,918204581259,1978-11-08,2014-04-03,PM-002
CUST-00396,Taimur,Barad,taimur919@gmail.com,919667155483,2003-12-14,2022-11-23,PM-004
CUST-00397,Drishya,Jain,drishya_797@outlook.com,919358663968,1996-09-11,2021-10-18,PM-003
CUST-00398,Drishya,Gill,gilldrishya939@icloud.com,919878106937,1985-10-29,2022-09-04,PM-003
CUST-00399,Ivana,Chada,chadaivana961@yahoo.com,917215482411,2005-12-29,2024-05-04,PM-002
CUST-00400,Yuvaan,Upadhyay,upadhyayyuvaan561@outlook.com,918308284093,1977-05-13,2006-07-21,PM-004
CUST-00401,Nehmat,Kurian,kuriannehmat302@hotmail.com,918869552138,1981-12-20,2010-01-06,PM-004
CUST-00402,Shamik,Dugar,shamik.dugar164@yahoo.com,919917057617,2000-05-30,2022-07-25,PM-004
CUST-00403,Hansh,Dar,hansh.201@gmail.com,918061206274,1991-08-17,2023-05-22,PM-002
CUST-00404,Stuvan,Krishnan,stuvan.692@outlook.com,917793147252,1992-05-06,2019-02-05,PM-004
CUST-00405,Kaira,Balasubramanian,kaira_461@yahoo.com,919993271278,1992-06-20,2014-04-10,PM-004
CUST-00406,Ayesha,Kala,kalaayesha154@hotmail.com,918996307930,2005-06-23,2023-08-10,PM-002
CUST-00407,Nishith,Deshmukh,nishith.deshmukh149@icloud.com,917392425621,1976-08-20,1996-01-13,PM-003
CUST-00408,Urvi,Devi,urvi.devi993@outlook.com,918727293643,1998-09-09,2018-12-13,PM-001
CUST-00409,Romil,Divan,romil_602@hotmail.com,919571499029,1989-01-28,2018-06-24,PM-004
CUST-00410,Jayant,Tella,jayant_833@yahoo.com,919969249121,1989-04-16,2014-11-23,PM-002
CUST-00411,Miraan,Shukla,miraan.878@outlook.com,918659284364,1990-05-07,2019-06-28,PM-002
CUST-00412,Aayush,Venkataraman,aayush_620@hotmail.com,917626896332,1985-06-21,2008-03-02,PM-004
CUST-00413,Purab,Ghose,purab626@hotmail.com,917150204331,1988-05-23,2017-10-15,PM-004
CUST-00414,Riaan,Bera,berariaan673@hotmail.com,917706813075,1987-03-25,2018-08-08,PM-002
CUST-00415,Romil,Master,romil.master860@outlook.com,918653951023,1987-05-08,2020-04-05,PM-001
CUST-00416,Anvi,Yohannan,anvi.866@yahoo.com,918394446999,1998-05-24,2019-12-21,PM-003
CUST-00417,Stuvan,Bora,stuvan_284@yahoo.com,918588513354,2003-08-19,2023-12-22,PM-004
CUST-00418,Mamooty,Kara,mamooty_817@icloud.com,917258925191,1988-01-17,2022-06-02,PM-002
CUST-00419,Mahika,Roy,mahika.812@hotmail.com,917113646453,1977-02-11,2000-07-10,PM-001
CUST-00420,Aradhya,Dara,daraaradhya542@outlook.com,918133052162,1988-11-20,2008-08-20,PM-004
CUST-00421,Hazel,Chand,hazel664@yahoo.com,917843636776,2001-05-09,2019-12-11,PM-003
CUST-00422,Mahika,Bakshi,mahika598@yahoo.com,918194586980,1978-10-02,2023-09-17,PM-003
CUST-00423,Yashvi,Shenoy,yashvi.shenoy227@icloud.com,919360303339,1980-07-13,2014-08-29,PM-001
CUST-00424,Rati,Gaba,rati_903@outlook.com,918982388806,1998-04-15,2022-10-14,PM-003
CUST-00425,Zeeshan,Bhakta,zeeshan_351@gmail.com,917758434494,1989-09-12,2013-07-20,PM-004
CUST-00426,Prerak,Dora,prerak800@icloud.com,919397151142,1991-01-06,2014-12-17,PM-003
CUST-00427,Rania,Anne,rania.223@outlook.com,918315238669,1995-12-07,2014-07-20,PM-002
CUST-00428,Yuvraj ,Kashyap,yuvraj .597@icloud.com,917680335166,2004-03-15,2023-09-08,PM-002
CUST-00429,Armaan,Ben,armaan.586@yahoo.com,918659652074,2002-03-19,2021-07-19,PM-003
CUST-00430,Advika,Dara,daraadvika555@gmail.com,919038214022,1991-10-09,2023-06-05,PM-004
CUST-00431,Lakshay,Dhaliwal,dhaliwallakshay123@hotmail.com,917626217482,1978-09-26,2013-05-31,PM-004
CUST-00432,Ira,De,deira887@hotmail.com,918652667076,1982-02-11,2001-02-14,PM-004
CUST-00433,Onkar,Bir,bironkar535@outlook.com,917371488441,1986-12-15,2008-08-12,PM-001
CUST-00434,Manjari,Kumer,manjari_477@gmail.com,917778171172,1987-08-23,2015-08-21,PM-002
CUST-00435,Tanya,Hora,tanya.hora507@outlook.com,919447210098,2005-05-22,2024-03-04,PM-001
CUST-00436,Mehul,Bora,mehul452@yahoo.com,917657674533,1976-02-18,1997-03-02,PM-003
CUST-00437,Himmat,Kata,himmat.kata914@gmail.com,918282146768,1979-08-15,2015-09-23,PM-002
CUST-00438,Elakshi,Mane,elakshi.mane562@outlook.com,918992150925,2005-08-17,2024-04-01,PM-003
CUST-00439,Charvi,Ray,raycharvi676@yahoo.com,919889054596,2003-04-14,2023-04-02,PM-003
CUST-00440,Lakshit,Dayal,dayallakshit421@icloud.com,917351844162,1995-04-22,2014-03-04,PM-002
CUST-00441,Aarna,Bobal,bobalaarna249@yahoo.com,919384880305,2002-04-20,2024-05-10,PM-002
CUST-00442,Aniruddh,Sem,aniruddh.sem564@icloud.com,917324395635,1982-04-30,2022-12-02,PM-002
CUST-00443,Nitara,Gour,nitara.gour246@icloud.com,919101936422,2005-06-14,2024-03-24,PM-003
CUST-00444,Tarini,Garde,tarini.830@outlook.com,917983407166,1986-12-13,2017-04-12,PM-002
CUST-00445,Elakshi,Taneja,elakshi_341@yahoo.com,919806475403,1987-12-02,2016-04-28,PM-001
CUST-00446,Zara,Goswami,zara.goswami200@hotmail.com,917561484976,1977-10-19,2018-05-01,PM-002
CUST-00447,Nakul,Bora,nakul.479@yahoo.com,919422408861,1994-11-22,2016-05-24,PM-001
CUST-00448,Anvi,Kalla,anvi.547@hotmail.com,919329121076,1984-06-11,2007-08-05,PM-002
CUST-00449,Kanav,Zacharia,kanav_368@hotmail.com,918846150250,1975-06-07,2004-05-21,PM-003
CUST-00450,Vritika,Mammen,vritika.340@hotmail.com,919579523236,1994-04-19,2020-09-22,PM-003
CUST-00451,Shayak,Bedi,shayak_483@outlook.com,919264737260,1976-05-28,1995-07-24,PM-001
CUST-00452,Vritika,Yohannan,vritika.yohannan196@icloud.com,918254764990,1979-01-09,2000-02-22,PM-003
CUST-00453,Shaan,Sen,shaan.162@yahoo.com,919035977763,1981-05-18,2018-09-18,PM-004
CUST-00454,Ivana,Baral,ivana.109@icloud.com,917730487876,1977-06-16,2010-06-17,PM-001
CUST-00455,Nitara,Rana,nitara330@hotmail.com,917206521166,1981-01-23,2021-02-20,PM-004
CUST-00456,Azad,Shukla,azad.468@icloud.com,919287408384,1982-11-12,2024-01-12,PM-001
CUST-00457,Baiju,Saxena,saxenabaiju165@gmail.com,919638618555,1976-05-11,1996-11-12,PM-003
CUST-00458,Alisha,Hayer,alisha239@icloud.com,918710828753,1997-08-07,2022-05-03,PM-004
CUST-00459,Pihu,Batta,pihu_341@icloud.com,918865992580,1975-05-04,2022-06-29,PM-001
CUST-00460,Badal,Sani,badal180@yahoo.com,919550769835,1991-08-12,2022-04-09,PM-004
CUST-00461,Sana,Ravi,sana718@gmail.com,918948460288,2003-06-09,2022-09-18,PM-002
CUST-00462,Navya,Dugal,navya.664@gmail.com,918121190757,1979-02-10,2019-01-26,PM-003
CUST-00463,Rania,Anand,anandrania411@gmail.com,919486681084,1994-09-20,2021-12-11,PM-002
CUST-00464,Yuvaan,Ravel,yuvaan.511@yahoo.com,917606309513,1995-06-27,2024-02-16,PM-002
CUST-00465,Hiran,Gupta,hiran.gupta953@icloud.com,919445462971,1995-08-16,2020-08-23,PM-003
CUST-00466,Urvi,Khanna,urvi_773@gmail.com,918268015539,1975-12-21,2023-11-09,PM-004
CUST-00467,Vihaan,Kalla,kallavihaan293@yahoo.com,919352168611,1981-10-10,2002-04-08,PM-001
CUST-00468,Anika,Bumb,anika.766@outlook.com,917164494241,1998-10-07,2017-05-19,PM-001
CUST-00469,Lakshay,Wadhwa,lakshay_467@outlook.com,918623902583,1983-04-06,2008-11-24,PM-004
CUST-00470,Anaya,Dewan,anaya.dewan506@gmail.com,918444024774,1990-01-01,2014-09-27,PM-003
CUST-00471,Nirvaan,Karnik,nirvaan436@hotmail.com,917470708946,1991-06-12,2019-12-12,PM-001
CUST-00472,Akarsh,Swaminathan,akarsh_673@yahoo.com,917408604347,1988-07-30,2024-04-10,PM-001
CUST-00473,Hiran,Sachdev,hiran.612@icloud.com,918275745878,2005-09-03,2024-04-28,PM-004
CUST-00474,Alia,Ravel,alia670@hotmail.com,918571828423,1979-10-30,2000-05-17,PM-001
CUST-00475,Anvi,Dar,anvi_281@outlook.com,919336245601,1986-01-26,2024-01-29,PM-001
CUST-00476,Aayush,Batra,aayush.batra586@outlook.com,919507124340,1993-10-21,2021-04-28,PM-002
CUST-00477,Vivaan,Vyas,vyasvivaan364@outlook.com,918790539016,1994-08-17,2015-07-22,PM-001
CUST-00478,Kartik,Chawla,kartik.626@gmail.com,918440826222,1996-04-13,2021-09-02,PM-003
CUST-00479,Raunak,Kohli,kohliraunak223@hotmail.com,917666372647,1994-03-28,2019-12-04,PM-002
CUST-00480,Drishya,Loyal,drishya.530@yahoo.com,918197094841,1977-12-31,2004-09-14,PM-004
CUST-00481,Ryan,Som,ryan.som171@hotmail.com,919565311799,1983-09-27,2009-02-11,PM-004
CUST-00482,Tanya,Mann,tanya376@gmail.com,917124565333,1996-12-26,2016-10-22,PM-003
CUST-00483,Drishya,Mallick,drishya246@icloud.com,917762300295,1994-08-10,2017-02-27,PM-004
CUST-00484,Siya,Kala,siya.kala533@hotmail.com,917362257437,1986-09-15,2016-02-18,PM-002
CUST-00485,Jivin,Contractor,jivin.414@icloud.com,919766893959,2001-04-24,2019-04-29,PM-003
CUST-00486,Oorja,Bumb,oorja.bumb882@yahoo.com,918699880511,1982-04-22,2022-12-07,PM-001
CUST-00487,Ahana ,Koshy,koshyahana 671@outlook.com,918415516176,1990-07-20,2016-07-22,PM-003
CUST-00488,Jayant,Sahni,jayant.428@icloud.com,919101151268,1997-02-12,2020-04-20,PM-003
CUST-00489,Reyansh,Gade,reyansh628@outlook.com,917847938620,1981-03-19,2006-09-26,PM-004
CUST-00490,Uthkarsh,Dua,uthkarsh_800@icloud.com,919822561444,1977-02-28,2013-05-23,PM-002
CUST-00491,Sara,Jha,sara.jha510@icloud.com,918906225286,2001-11-10,2021-10-11,PM-004
CUST-00492,Vihaan,Chad,chadvihaan147@yahoo.com,917942142359,1991-01-23,2020-09-18,PM-001
CUST-00493,Devansh,Ganesan,devansh.ganesan525@outlook.com,919056123013,1988-09-28,2009-05-18,PM-002
CUST-00494,Zaina,Bail,zaina.743@hotmail.com,917645273872,1999-04-08,2022-02-14,PM-003
CUST-00495,Kimaya,Mangal,kimaya.517@yahoo.com,918207480311,1989-03-23,2020-11-03,PM-001
CUST-00496,Kimaya,Ravi,kimaya.ravi850@icloud.com,918141606388,2006-01-02,2024-01-17,PM-004
CUST-00497,Manjari,Kalla,manjari185@outlook.com,918164977372,1998-05-14,2022-08-27,PM-004
CUST-00498,Rania,Borah,rania_229@yahoo.com,919209702788,1999-06-29,2019-10-30,PM-001
CUST-00499,Vedika,Raj,vedika.943@outlook.com,917565138180,1998-07-29,2019-10-26,PM-001
CUST-00500,Kavya,Bala,balakavya968@hotmail.com,918358267353,1976-04-10,2019-07-15,PM-004
CUST-00501,Rania,Badami,rania683@gmail.com,917804511485,1976-03-31,1996-10-27,PM-002
CUST-00502,Nishith,Baral,nishith_338@icloud.com,917627229992,2000-10-18,2021-11-28,PM-004
CUST-00503,Himmat,Deol,himmat.deol416@gmail.com,917382650333,2002-05-08,2024-01-16,PM-003
CUST-00504,Manjari,Rastogi,manjari907@yahoo.com,919556443204,1984-11-22,2008-03-13,PM-001
CUST-00505,Chirag,Chanda,chirag.chanda243@icloud.com,917168023605,1976-11-14,2020-06-13,PM-004
CUST-00506,Mishti,Setty,settymishti892@outlook.com,917154024249,2000-07-12,2018-12-16,PM-004
CUST-00507,Vivaan,Dayal,vivaan.701@yahoo.com,919318985580,1983-06-24,2009-01-28,PM-001
CUST-00508,Bhavin,Krish,bhavin687@outlook.com,919596635695,1983-02-05,2006-02-08,PM-004
CUST-00509,Dharmajan,Dash,dashdharmajan417@hotmail.com,918475477184,1975-03-21,2002-11-20,PM-003
CUST-00510,Tushar,Comar,tushar.comar199@hotmail.com,918765967430,1976-12-09,2005-01-03,PM-003
CUST-00511,Badal,Ghose,badal494@hotmail.com,917727075087,1999-05-14,2023-08-23,PM-002
CUST-00512,Navya,Salvi,navya.562@yahoo.com,919235201240,1981-10-08,2016-02-11,PM-001
CUST-00513,Indrajit,Bahri,indrajit745@icloud.com,918024126256,1976-04-21,1998-02-28,PM-001
CUST-00514,Fateh,Majumdar,majumdarfateh236@gmail.com,917205844652,1991-10-15,2017-06-24,PM-003
CUST-00515,Anahi,Raval,anahi_899@icloud.com,918077765337,2004-11-22,2023-03-17,PM-002
CUST-00516,Kanav,Garg,kanav.garg752@gmail.com,919158728281,1993-01-26,2013-10-13,PM-004
CUST-00517,Divyansh,Sidhu,divyansh.972@yahoo.com,917839488175,2004-03-28,2023-06-01,PM-004
CUST-00518,Yuvaan,Brar,braryuvaan193@gmail.com,919883741431,2006-03-26,2024-03-24,PM-002
CUST-00519,Vivaan,Mall,vivaan.978@hotmail.com,918524501673,1984-12-14,2009-11-11,PM-001
CUST-00520,Yuvraj ,Vasa,yuvraj 964@outlook.com,917533008135,2004-01-31,2022-03-08,PM-001
CUST-00521,Riya,Behl,riya.544@icloud.com,918597741251,1988-05-25,2020-08-22,PM-002
CUST-00522,Samarth,Char,charsamarth619@gmail.com,918484569143,1994-10-10,2020-07-15,PM-003
CUST-00523,Eva,Mannan,eva_970@yahoo.com,918666250755,1974-11-07,2017-05-29,PM-002
CUST-00524,Jhanvi,Tella,jhanvi712@yahoo.com,919796671446,1996-08-22,2022-07-23,PM-002
CUST-00525,Samaira,Bir,samaira932@outlook.com,917844989766,1976-11-21,2002-02-18,PM-002
CUST-00526,Pranay,Deep,deeppranay752@hotmail.com,918256444395,2003-10-17,2024-06-09,PM-004
CUST-00527,Yasmin,Magar,yasmin_922@outlook.com,918003535104,1986-07-16,2024-03-31,PM-003
CUST-00528,Anaya,Dada,dadaanaya386@hotmail.com,918620029004,1989-03-23,2011-05-14,PM-004
CUST-00529,Adah,Sarkar,adah_359@outlook.com,917625517519,1982-05-08,2019-08-13,PM-001
CUST-00530,Dharmajan,Rajagopal,dharmajan_844@yahoo.com,917197566433,1992-01-28,2012-07-31,PM-002
CUST-00531,Vedika,Kunda,vedika.438@outlook.com,918069513657,2000-03-05,2021-07-14,PM-004
CUST-00532,Samar,Ram,samar.ram289@icloud.com,919903320139,1990-06-06,2010-05-18,PM-002
CUST-00533,Anay,Dave,daveanay580@gmail.com,918915648551,1982-08-27,2023-06-21,PM-001
CUST-00534,Drishya,Sangha,drishya968@yahoo.com,919296412792,2006-01-19,2024-06-11,PM-001
CUST-00535,Advika,Lala,advika.lala473@gmail.com,919028524788,1979-09-01,2021-01-19,PM-002
CUST-00536,Emir,Ganesan,ganesanemir672@yahoo.com,917934590821,2003-09-05,2024-03-12,PM-004
CUST-00537,Miraan,Jhaveri,miraan.jhaveri889@icloud.com,919015427441,1993-07-04,2017-08-10,PM-002
CUST-00538,Umang,Chand,umang754@yahoo.com,917766222093,1983-04-04,2015-07-11,PM-003
CUST-00539,Nishith,Gala,nishith.gala206@yahoo.com,918686794140,1998-10-25,2017-11-04,PM-003
CUST-00540,Misha,Balan,misha577@outlook.com,919353603440,1987-02-22,2016-02-23,PM-002
CUST-00541,Indrajit,Yogi,indrajit.209@icloud.com,917479441795,2005-02-11,2024-05-12,PM-003
CUST-00542,Manjari,Gara,garamanjari857@icloud.com,918094608452,2002-06-24,2022-03-12,PM-002
CUST-00543,Zoya,Goda,zoya.goda118@yahoo.com,917078524291,1993-07-08,2014-05-18,PM-004
CUST-00544,Indranil,Bhattacharyya,indranil.bhattacharyya591@hotmail.com,918354803532,1997-09-08,2015-09-04,PM-004
CUST-00545,Bhavin,Sharaf,bhavin621@hotmail.com,919126863114,1997-06-18,2019-06-15,PM-002
CUST-00546,Ela,Bhalla,ela.538@outlook.com,918752298727,2004-05-05,2023-10-12,PM-001
CUST-00547,Amani,Apte,amani.870@gmail.com,917477142863,1980-06-12,2020-03-31,PM-001
CUST-00548,Priyansh,Chandra,priyansh.829@icloud.com,918003589945,1979-01-25,2015-08-05,PM-004
CUST-00549,Rhea,Contractor,contractorrhea369@yahoo.com,919762421942,1986-04-17,2019-12-23,PM-002
CUST-00550,Hansh,Kala,hansh493@yahoo.com,918631893104,1998-01-14,2016-06-12,PM-004
CUST-00551,Farhan,Ratta,rattafarhan242@hotmail.com,917545721421,1999-05-14,2021-01-24,PM-002
CUST-00552,Mamooty,Tara,mamooty.tara181@gmail.com,917204521939,1974-09-03,2013-03-04,PM-003
CUST-00553,Aarush,Manda,aarush.manda376@hotmail.com,917692503583,1979-12-18,1998-08-23,PM-001
CUST-00554,Riya,Chaudhuri,riya_507@hotmail.com,917666067157,2006-06-15,2024-06-10,PM-002
CUST-00555,Fateh,Seshadri,fateh.seshadri860@hotmail.com,918936525673,1986-09-10,2009-10-07,PM-004
CUST-00556,Vardaniya,Bhagat,vardaniya784@yahoo.com,919043810300,2004-06-20,2023-10-16,PM-003
CUST-00557,Zain,Shetty,zain548@hotmail.com,918866932837,2000-10-24,2019-05-19,PM-001
CUST-00558,Sumer,Singh,sumer.526@gmail.com,917669645890,2002-07-20,2022-12-01,PM-002
CUST-00559,Baiju,Sachar,sacharbaiju550@icloud.com,918498111272,2001-04-30,2022-10-20,PM-004
CUST-00560,Keya,Sengupta,keya_758@icloud.com,919353019621,1980-01-15,2010-12-25,PM-002
CUST-00561,Onkar,Kunda,onkar_568@gmail.com,919658412541,2004-07-12,2023-01-24,PM-003
CUST-00562,Arhaan,Bakshi,arhaan597@gmail.com,917203005734,2002-06-02,2021-03-26,PM-001
CUST-00563,Pranay,Dubey,pranay.dubey545@outlook.com,919742580766,1984-07-04,2019-08-27,PM-001
CUST-00564,Pranay,Walla,wallapranay755@yahoo.com,917820376445,2002-07-08,2021-08-31,PM-001
CUST-00565,Khushi,Kuruvilla,kuruvillakhushi476@hotmail.com,919819347753,2006-05-10,2024-06-08,PM-003
CUST-00566,Manjari,Golla,manjari.216@outlook.com,919541544598,1974-09-10,2013-12-24,PM-004
CUST-00567,Rohan,Luthra,rohan_906@outlook.com,918528696182,1989-08-18,2016-11-07,PM-004
CUST-00568,Badal,Datta,badal_300@icloud.com,917112824128,1976-07-18,2023-04-23,PM-004
CUST-00569,Siya,Sachar,sacharsiya244@hotmail.com,918046072629,1976-05-27,2014-06-26,PM-001
CUST-00570,Kashvi,Bhasin,bhasinkashvi872@yahoo.com,918497751752,1985-05-01,2005-06-08,PM-001
CUST-00571,Jivin,Sekhon,jivin_165@yahoo.com,919954261158,1975-05-22,1999-07-26,PM-003
CUST-00572,Mishti,Barman,mishti_400@hotmail.com,918886908125,1990-10-23,2022-07-25,PM-004
CUST-00573,Nitya,Deshmukh,nitya792@icloud.com,918029341965,2001-03-15,2019-10-30,PM-004
CUST-00574,Amani,Biswas,amani.829@outlook.com,917422807632,1976-04-13,2007-04-01,PM-002
CUST-00575,Jayant,Walla,jayant814@gmail.com,917260948842,1975-06-14,2021-09-15,PM-003
CUST-00576,Sara,Tara,sara.tara234@icloud.com,919258109010,1989-02-21,2009-11-06,PM-004
CUST-00577,Sana,Wali,sana_180@hotmail.com,917766215024,1988-12-26,2016-08-15,PM-001
CUST-00578,Hazel,Yogi,hazel.yogi931@outlook.com,919220390040,1994-07-19,2020-01-22,PM-001
CUST-00579,Madhav,Acharya,madhav.acharya107@gmail.com,918378219205,1977-08-01,2003-07-23,PM-001
CUST-00580,Tara,Sachdev,sachdevtara810@yahoo.com,918415187908,1990-08-17,2012-04-25,PM-001
CUST-00581,Baiju,Saini,baiju_268@yahoo.com,917205468254,2003-06-24,2022-08-28,PM-002
CUST-00582,Ranbir,Barad,baradranbir548@gmail.com,918122800102,1985-06-20,2015-10-04,PM-003
CUST-00583,Indrajit,Borde,indrajit.926@hotmail.com,917728829603,2004-11-27,2023-09-03,PM-003
CUST-00584,Adira,Jhaveri,adira.jhaveri861@yahoo.com,919478062033,1995-01-18,2020-06-15,PM-003
CUST-00585,Zeeshan,Jayaraman,zeeshan.jayaraman146@gmail.com,919340939154,1992-06-22,2018-11-18,PM-001
CUST-00586,Riaan,Dasgupta,riaan.824@outlook.com,917505349627,1985-10-23,2018-01-11,PM-002
CUST-00587,Rhea,Badami,rhea.661@gmail.com,917305215701,1980-03-28,2011-04-11,PM-003
CUST-00588,Elakshi,Manda,elakshi_111@hotmail.com,918406723218,1994-11-20,2023-10-18,PM-002
CUST-00589,Priyansh,Dhawan,priyansh.dhawan978@yahoo.com,919881514410,2000-11-03,2021-02-10,PM-002
CUST-00590,Stuvan,Borra,stuvan.729@hotmail.com,917744216937,1983-05-19,2008-09-16,PM-004
CUST-00591,Amani,Barman,amani.538@outlook.com,919757452595,1976-10-30,2017-03-18,PM-003
CUST-00592,Adira,Vora,adira_936@outlook.com,917498017073,1995-09-04,2017-11-01,PM-002
CUST-00593,Aarav,Srinivas,aarav.897@hotmail.com,917035880492,1994-09-28,2023-03-19,PM-001
CUST-00594,Siya,Tella,siya.602@outlook.com,919059134750,1981-06-24,2001-08-05,PM-004
CUST-00595,Aarush,Sanghvi,aarush313@gmail.com,918741359286,1989-09-30,2021-02-03,PM-002
CUST-00596,Lagan,Kalla,lagan.242@hotmail.com,919874730118,1989-03-31,2008-05-16,PM-004
CUST-00597,Hiran,Bahri,hiran.bahri898@gmail.com,918252449014,2005-08-07,2023-09-20,PM-004
CUST-00598,Vanya,Samra,samravanya169@hotmail.com,918750418676,1983-01-14,2016-08-21,PM-003
CUST-00599,Riaan,Rajan,riaan.rajan280@yahoo.com,919840667940,1982-08-30,2002-10-15,PM-004
CUST-00600,Saanvi,Bhargava,saanvi_752@hotmail.com,917484418121,1988-12-28,2017-12-04,PM-002
CUST-00601,Zara,Bakshi,zara.107@outlook.com,919284273443,1974-10-29,2024-03-01,PM-001
CUST-00602,Himmat,Khurana,himmat.442@yahoo.com,917168349770,1978-10-29,2007-08-10,PM-003
CUST-00603,Ojas,Kaul,ojas.kaul238@yahoo.com,917751998262,1995-07-18,2023-05-24,PM-002
CUST-00604,Zain,Jayaraman,zain.jayaraman850@icloud.com,917399501724,2004-03-17,2024-02-14,PM-002
CUST-00605,Aarush,Deo,deoaarush367@icloud.com,917731928341,1997-09-28,2023-06-24,PM-003
CUST-00606,Urvi,Dutt,urvi_208@hotmail.com,918226033631,2005-08-30,2024-05-03,PM-003
CUST-00607,Taimur,Bhatia,taimur.751@gmail.com,917648018953,1984-08-02,2011-03-02,PM-001
CUST-00608,Miraan,Ramachandran,miraan.893@yahoo.com,919751887799,1991-02-06,2022-03-31,PM-001
CUST-00609,Prisha,Gala,prisha500@hotmail.com,918027117739,1999-01-27,2019-12-04,PM-003
CUST-00610,Ritvik,Warrior,ritvik282@hotmail.com,919989044739,1996-01-13,2018-02-25,PM-001
CUST-00611,Mahika,Sengupta,mahika_202@outlook.com,918175832259,1988-02-17,2006-03-13,PM-002
CUST-00612,Hazel,Choudhry,choudhryhazel759@hotmail.com,918085055641,1981-05-25,2008-03-26,PM-001
CUST-00613,Chirag,Varma,varmachirag168@outlook.com,919039078984,2005-08-15,2024-05-12,PM-003
CUST-00614,Kiara,Bhagat,kiara.bhagat168@outlook.com,917940571422,1978-10-16,1999-02-18,PM-004
CUST-00615,Nayantara,Tailor,nayantara.821@hotmail.com,918840904290,1992-05-27,2014-09-13,PM-004
CUST-00616,Dharmajan,Sathe,dharmajan.687@icloud.com,918313145525,2003-09-08,2024-04-11,PM-002
CUST-00617,Mahika,Kant,mahika723@hotmail.com,918625842968,2005-02-20,2024-04-27,PM-003
CUST-00618,Kismat,Kari,kismat399@yahoo.com,917046785440,1996-11-02,2016-11-15,PM-004
CUST-00619,Hunar,Date,hunar.date282@hotmail.com,917412117671,1996-04-27,2016-10-07,PM-001
CUST-00620,Dhanush,Toor,dhanush.959@hotmail.com,919923596707,2003-11-14,2023-10-25,PM-003
CUST-00621,Advik,Dhawan,dhawanadvik545@outlook.com,919426730804,2003-10-30,2021-11-06,PM-003
CUST-00622,Ivan,Aggarwal,ivan.aggarwal521@hotmail.com,918799363053,1983-05-05,2007-06-15,PM-002
CUST-00623,Samarth,Balan,samarth258@yahoo.com,919977377837,2004-10-21,2023-12-30,PM-004
CUST-00624,Neysa,Rau,neysa.rau417@outlook.com,919405654690,1993-12-06,2023-05-22,PM-003
CUST-00625,Renee,Dani,renee.580@gmail.com,919878231779,1991-03-31,2017-02-15,PM-002
CUST-00626,Samar,Cheema,samar.769@icloud.com,918444685755,1998-01-12,2016-07-07,PM-001
CUST-00627,Mannat,Andra,mannat.andra807@gmail.com,919972889276,1978-07-13,2002-12-03,PM-001
CUST-00628,Yakshit,Gala,yakshit.gala561@yahoo.com,917117425550,2006-02-26,2024-03-08,PM-002
CUST-00629,Inaaya ,Saxena,inaaya 400@outlook.com,919070093750,2002-09-29,2024-04-21,PM-003
CUST-00630,Vidur,Chand,vidur.chand893@gmail.com,919988794895,1998-02-15,2018-12-26,PM-001
CUST-00631,Damini,Dass,damini258@icloud.com,918318339629,1995-05-23,2020-10-10,PM-003
CUST-00632,Nehmat,Sen,nehmat.171@outlook.com,917476636465,1992-06-19,2011-03-05,PM-002
CUST-00633,Diya,Wason,diya.563@hotmail.com,917395983575,1975-09-20,2009-09-09,PM-001
CUST-00634,Shayak,Thakkar,shayak_259@gmail.com,918389516276,1974-12-04,2020-10-16,PM-001
CUST-00635,Anahi,Choudhary,anahi335@hotmail.com,919229562329,2002-12-16,2024-01-18,PM-004
CUST-00636,Aarush,Mane,aarush_131@gmail.com,918481499107,1992-05-12,2020-03-03,PM-002
CUST-00637,Myra,Shanker,shankermyra762@hotmail.com,917660298945,1997-09-06,2016-04-13,PM-002
CUST-00638,Tejas,Badal,badaltejas893@icloud.com,919690850792,1985-12-23,2020-02-09,PM-004
CUST-00639,Seher,Gola,seher_265@outlook.com,917729099794,1999-03-06,2019-07-25,PM-002
CUST-00640,Stuvan,Gokhale,gokhalestuvan138@yahoo.com,917894162351,1976-10-08,2000-09-18,PM-001
CUST-00641,Shanaya,Sinha,sinhashanaya285@outlook.com,918869778569,1994-06-16,2018-01-24,PM-001
CUST-00642,Sara,Krish,sara.388@hotmail.com,918429946470,1989-02-27,2016-07-18,PM-004
CUST-00643,Oorja,Sharaf,oorja362@gmail.com,919670476174,1987-02-14,2013-10-02,PM-001
CUST-00644,Nitara,Dalal,dalalnitara705@gmail.com,918419626688,1986-03-24,2015-01-26,PM-004
CUST-00645,Vidur,Swaminathan,vidur.383@outlook.com,918129947137,1984-04-03,2018-06-21,PM-002
CUST-00646,Jayesh,Rajagopal,jayesh.rajagopal141@outlook.com,919111746912,2001-03-16,2020-10-25,PM-001
CUST-00647,Aniruddh,Butala,aniruddh.butala408@icloud.com,919805455183,2005-02-09,2023-10-18,PM-001
CUST-00648,Rohan,Rastogi,rohan384@yahoo.com,918232715955,1980-02-28,2015-05-21,PM-002
CUST-00649,Bhamini,Subramaniam,bhamini358@hotmail.com,917316368841,2004-08-31,2023-07-23,PM-004
CUST-00650,Devansh,Mani,manidevansh377@icloud.com,919134185035,1990-07-25,2014-03-07,PM-003
CUST-00651,Akarsh,Ram,akarsh278@outlook.com,917981579373,1975-11-29,1998-04-24,PM-002
CUST-00652,Baiju,Shukla,baiju_841@outlook.com,918192410072,2006-01-07,2024-05-05,PM-001
CUST-00653,Shlok,Chana,chanashlok395@hotmail.com,919147242801,2001-01-27,2024-03-17,PM-002
CUST-00654,Reyansh,Shankar,reyansh.shankar329@outlook.com,917429055862,2004-12-24,2023-08-30,PM-004
CUST-00655,Anaya,Ahuja,anaya_588@hotmail.com,918537339680,2005-12-24,2024-02-09,PM-002
CUST-00656,Misha,Tata,misha720@gmail.com,919686022362,1995-07-17,2023-07-07,PM-004
CUST-00657,Samar,Ahluwalia,samar.434@gmail.com,919873356325,1981-10-18,2010-06-30,PM-004
CUST-00658,Elakshi,Krishnan,krishnanelakshi644@outlook.com,917971683257,1982-03-15,2022-11-26,PM-004
CUST-00659,Tarini,Banik,tarini658@gmail.com,919929374901,1984-01-03,2023-03-15,PM-001
CUST-00660,Ahana ,Dara,ahana .628@hotmail.com,917644413536,1975-08-22,2004-04-16,PM-001
CUST-00661,Anay,Ramanathan,ramanathananay421@icloud.com,918847021968,1996-01-02,2022-01-01,PM-002
CUST-00662,Taimur,Gokhale,taimur366@hotmail.com,918073524422,1987-06-16,2013-09-11,PM-002
CUST-00663,Taran,Kulkarni,taran.281@yahoo.com,917454173032,1986-02-21,2016-07-19,PM-001
CUST-00664,Aniruddh,Choudhury,aniruddh820@hotmail.com,918449144485,1975-01-03,2023-08-26,PM-001
CUST-00665,Riya,Kale,riya.503@yahoo.com,919897543045,1984-05-06,2019-02-22,PM-002
CUST-00666,Anika,Balakrishnan,anika_127@outlook.com,917312695915,1985-01-15,2015-08-02,PM-001
CUST-00667,Jayant,Sengupta,jayant.sengupta757@yahoo.com,917590597519,1981-05-30,2005-02-18,PM-004
CUST-00668,Anika,Sagar,anika_333@gmail.com,918933571447,1993-09-24,2012-04-22,PM-004
CUST-00669,Ira,Balakrishnan,ira.balakrishnan443@gmail.com,917161676828,1974-06-26,2021-07-24,PM-002
CUST-00670,Kimaya,Tripathi,kimaya.231@outlook.com,918229047398,2004-01-18,2023-04-17,PM-002
CUST-00671,Pihu,Srinivasan,pihu_798@outlook.com,917993367094,1974-12-27,2011-09-18,PM-003
CUST-00672,Kanav,Yadav,kanav811@gmail.com,918253298937,2003-05-11,2021-07-28,PM-002
CUST-00673,Jayesh,Raval,jayesh_257@outlook.com,919588092916,1990-07-27,2016-05-19,PM-003
CUST-00674,Parinaaz,Dhawan,parinaaz715@gmail.com,918871138856,1990-06-25,2023-02-28,PM-001
CUST-00675,Prisha,Sura,suraprisha372@icloud.com,918057735360,1990-08-06,2018-06-13,PM-004
CUST-00676,Nirvaan,Sharma,sharmanirvaan431@icloud.com,919735710570,1994-12-22,2020-05-16,PM-003
CUST-00677,Gokul,Aurora,gokul.aurora760@gmail.com,918275735929,1991-09-15,2019-11-27,PM-004
CUST-00678,Keya,Anne,keya.122@yahoo.com,917620793431,1992-06-28,2013-07-17,PM-002
CUST-00679,Nitya,Bali,balinitya871@icloud.com,918107982498,1982-09-14,2013-03-04,PM-003
CUST-00680,Rati,Kashyap,rati.kashyap660@hotmail.com,917947084621,2001-01-20,2022-06-04,PM-001
CUST-00681,Dishani,Master,dishani977@icloud.com,917412985394,1978-11-08,2005-02-06,PM-001
CUST-00682,Damini,Buch,damini_999@icloud.com,918360834078,1987-06-08,2008-10-10,PM-001
CUST-00683,Indrans,Sagar,indrans454@gmail.com,918124936385,1987-08-29,2021-04-08,PM-003
CUST-00684,Anahita,Sehgal,sehgalanahita932@hotmail.com,918012239579,1998-07-27,2017-07-17,PM-003
CUST-00685,Veer,Sagar,veer285@hotmail.com,918011889515,2000-06-14,2021-08-17,PM-004
CUST-00686,Stuvan,Chokshi,stuvan.320@icloud.com,919661099209,2003-09-23,2021-10-26,PM-004
CUST-00687,Tiya,Koshy,tiya283@icloud.com,917645751822,1986-09-04,2011-08-04,PM-002
CUST-00688,Zara,Savant,zara133@hotmail.com,919320947304,1977-07-28,2008-03-11,PM-002
CUST-00689,Suhana,Raman,suhana.raman584@gmail.com,919918551732,1982-07-16,2011-10-07,PM-004
CUST-00690,Rhea,Wagle,waglerhea706@gmail.com,918486781709,2003-01-18,2024-03-05,PM-003
CUST-00691,Anika,Vora,anika_387@icloud.com,918452399702,1976-01-27,1995-06-21,PM-003
CUST-00692,Prerak,Thakur,prerak_319@gmail.com,919016324715,1986-03-27,2010-11-22,PM-004
CUST-00693,Samiha,Salvi,samiha_406@hotmail.com,917850993174,1993-11-24,2021-01-30,PM-004
CUST-00694,Hunar,Suri,hunar_722@hotmail.com,918986326133,1993-07-06,2016-05-02,PM-002
CUST-00695,Damini,Kant,damini362@gmail.com,919299895723,2000-11-24,2022-08-29,PM-003
CUST-00696,Nirvaan,Shukla,nirvaan929@gmail.com,919399607118,1988-10-08,2013-08-31,PM-004
CUST-00697,Renee,Dhar,renee.310@icloud.com,917740911788,1987-07-20,2005-10-30,PM-004
CUST-00698,Anahita,Deol,deolanahita789@hotmail.com,918030286716,1998-11-23,2020-08-17,PM-002
CUST-00699,Pihu,Ravel,pihu_646@outlook.com,918290685170,1974-07-18,2008-12-21,PM-001
CUST-00700,Onkar,Sant,santonkar135@icloud.com,918700303157,1992-09-01,2018-07-23,PM-003
CUST-00701,Aaryahi,Virk,aaryahi456@yahoo.com,918970616934,1979-02-28,2001-12-11,PM-002
CUST-00702,Saira,Das,saira590@outlook.com,918856699644,1997-05-31,2021-06-11,PM-004
CUST-00703,Drishya,Sathe,drishya_173@icloud.com,919910965325,1989-09-19,2012-05-24,PM-004
CUST-00704,Alia,Tripathi,alia.298@yahoo.com,918588593644,2005-07-17,2024-02-21,PM-002
CUST-00705,Reyansh,Sridhar,reyansh265@yahoo.com,919445172644,2004-04-05,2023-02-03,PM-003
CUST-00706,Chirag,Sha,shachirag814@gmail.com,918229367902,1983-02-26,2004-06-22,PM-003
CUST-00707,Farhan,Bumb,farhan.101@icloud.com,917371751424,1998-09-02,2018-01-22,PM-002
CUST-00708,Tara,Kant,tara.kant982@yahoo.com,917530326939,1989-03-28,2013-01-11,PM-003
CUST-00709,Madhav,Kota,madhav_724@gmail.com,919619913972,1996-05-11,2015-08-16,PM-002
CUST-00710,Faiyaz,Varty,vartyfaiyaz441@icloud.com,919726321157,2000-05-26,2019-04-22,PM-001
CUST-00711,Nakul,Varughese,nakul.varughese251@yahoo.com,918620263397,1984-05-06,2009-08-21,PM-002
CUST-00712,Mannat,Lad,mannat.353@yahoo.com,917502440614,1989-05-13,2009-05-28,PM-004
CUST-00713,Yashvi,Bath,yashvi.bath635@yahoo.com,917300968400,1988-08-17,2012-09-10,PM-001
CUST-00714,Ivana,Vasa,ivana_108@yahoo.com,919350732871,1986-01-04,2005-06-24,PM-004
CUST-00715,Shayak,Chaudhary,shayak278@icloud.com,919427189999,1985-10-13,2021-03-15,PM-002
CUST-00716,Samiha,Kumer,kumersamiha641@yahoo.com,917786870576,1982-04-01,2024-02-18,PM-003
CUST-00717,Mohanlal,Deep,mohanlal.416@outlook.com,919936252288,1992-12-31,2014-09-05,PM-002
CUST-00718,Alia,Anand,anandalia492@icloud.com,919488860412,1977-05-15,1995-06-13,PM-002
CUST-00719,Sara,Kala,kalasara845@icloud.com,918088046930,1993-06-03,2020-01-29,PM-001
CUST-00720,Kaira,Dass,dasskaira509@yahoo.com,918654281478,2001-06-04,2021-08-31,PM-002
CUST-00721,Jivin,Babu,babujivin450@gmail.com,919078809847,2006-02-16,2024-03-25,PM-002
CUST-00722,Indrans,Bajaj,indrans.302@outlook.com,917966841036,1999-06-19,2019-04-16,PM-002
CUST-00723,Samiha,Mandal,samiha.309@yahoo.com,919753824026,1997-11-21,2019-08-31,PM-003
CUST-00724,Navya,Zachariah,navya.zachariah686@hotmail.com,919449630384,2002-05-16,2021-07-13,PM-004
CUST-00725,Madhup,Iyer,iyermadhup238@hotmail.com,918114216133,1992-11-21,2014-07-26,PM-004
CUST-00726,Kiara,Halder,kiara127@outlook.com,917883870223,2006-03-18,2024-03-15,PM-004
CUST-00727,Adah,Sharaf,adah256@outlook.com,918006330984,1988-07-26,2012-06-25,PM-003
CUST-00728,Aarna,Shan,shanaarna321@hotmail.com,918652850582,1998-10-11,2019-04-04,PM-003
CUST-00729,Gatik,Bhandari,gatik.373@hotmail.com,919020991264,1977-06-19,2000-05-13,PM-003
CUST-00730,Hunar,Sha,shahunar434@gmail.com,917778197427,2002-09-23,2020-12-09,PM-003
CUST-00731,Mahika,Sarraf,mahika_815@gmail.com,918994106896,2003-10-03,2024-01-20,PM-002
CUST-00732,Jivika,Saran,jivika.saran381@icloud.com,917921638048,2000-07-07,2020-04-03,PM-001
CUST-00733,Dhanuk,Singh,dhanuk_941@outlook.com,918294906172,1980-11-05,2020-05-18,PM-003
CUST-00734,Kabir,Dugar,kabir.479@hotmail.com,919902568928,1998-02-20,2020-10-19,PM-003
CUST-00735,Navya,Agate,navya_244@icloud.com,917375691645,2001-02-07,2022-06-13,PM-003
CUST-00736,Ranbir,Bandi,ranbir.bandi410@gmail.com,917690152859,2002-03-23,2021-08-31,PM-003
CUST-00737,Sumer,Sinha,sumer480@yahoo.com,917523902763,1986-09-10,2021-09-26,PM-001
CUST-00738,Hansh,Dhaliwal,hansh.dhaliwal163@outlook.com,918339373202,1986-08-26,2008-03-03,PM-004
CUST-00739,Hansh,Buch,hansh.144@outlook.com,917178703317,2005-12-15,2024-02-21,PM-004
CUST-00740,Adah,Salvi,adah_847@hotmail.com,918822856269,1998-04-23,2019-04-22,PM-004
CUST-00741,Advik,Kalla,kallaadvik682@outlook.com,918205488440,1987-01-15,2023-03-09,PM-003
CUST-00742,Jayant,Kohli,jayant.kohli786@icloud.com,919723958932,2004-08-01,2022-09-08,PM-003
CUST-00743,Kanav,Kapoor,kanav.477@yahoo.com,918143609638,2000-02-28,2020-10-14,PM-001
CUST-00744,Saira,Sabharwal,saira.sabharwal497@gmail.com,919765818088,1989-10-21,2021-01-19,PM-002
CUST-00745,Bhamini,Savant,savantbhamini384@gmail.com,918448518424,1993-09-17,2012-08-15,PM-002
CUST-00746,Ishaan,Sampath,sampathishaan665@yahoo.com,918964786640,1985-01-27,2019-05-08,PM-003
CUST-00747,Fateh,Rastogi,fateh_403@outlook.com,918847007928,2005-11-03,2023-12-24,PM-002
CUST-00748,Eshani,Butala,eshani.butala447@hotmail.com,918292399925,2000-02-09,2022-03-07,PM-002
CUST-00749,Prerak,Balan,prerak898@icloud.com,919808001993,1990-09-18,2022-10-02,PM-001
CUST-00750,Lagan,Ranganathan,lagan.ranganathan919@outlook.com,917663176856,1993-03-30,2017-04-25,PM-001
CUST-00751,Jayan,Ganguly,jayan325@yahoo.com,918087834900,1977-07-19,2011-05-21,PM-001
CUST-00752,Zain,Singh,zain_671@hotmail.com,919868431708,1977-02-22,2009-08-03,PM-003
CUST-00753,Devansh,Trivedi,devansh.trivedi139@outlook.com,918500853925,1985-02-14,2003-03-25,PM-002
CUST-00754,Anvi,Sani,anvi_174@outlook.com,919690328402,1988-12-09,2014-11-01,PM-003
CUST-00755,Ayesha,Bhattacharyya,ayesha_194@icloud.com,918519296769,1983-03-25,2007-04-10,PM-003
CUST-00756,Anya,Sridhar,anya284@yahoo.com,919708019985,1986-02-17,2017-08-22,PM-003
CUST-00757,Manikya,Buch,manikya.393@gmail.com,917287740265,1998-12-22,2023-04-16,PM-003
CUST-00758,Lakshit,Sharaf,lakshit392@yahoo.com,918536393414,1992-10-30,2014-09-30,PM-003
CUST-00759,Manjari,Sami,manjari_322@yahoo.com,918833680363,1988-07-01,2012-07-14,PM-003
CUST-00760,Yuvaan,Wali,yuvaan.327@hotmail.com,919889063278,1975-12-30,2018-07-29,PM-002
CUST-00761,Fateh,Chokshi,fateh.chokshi373@gmail.com,918732964908,1982-07-27,2023-08-18,PM-002
CUST-00762,Raghav,Dora,doraraghav364@icloud.com,918565764582,1986-06-21,2015-04-22,PM-002
CUST-00763,Kiaan,Barad,baradkiaan305@outlook.com,919579633607,1999-10-10,2023-05-19,PM-002
CUST-00764,Taran,Gade,gadetaran735@gmail.com,919444023651,1993-11-22,2015-07-01,PM-002
CUST-00765,Amira,Butala,amira958@gmail.com,917466230423,1990-08-15,2013-06-24,PM-003
CUST-00766,Nirvi,Khanna,nirvi.khanna378@hotmail.com,918543555300,1989-03-16,2009-11-12,PM-004
CUST-00767,Rania,Ganesh,rania494@outlook.com,918008942379,2005-12-29,2023-12-30,PM-002
CUST-00768,Shaan,Kar,shaan428@gmail.com,917949183269,1984-05-08,2012-09-18,PM-001
CUST-00769,Hazel,Kanda,kandahazel120@hotmail.com,919644421315,1992-03-27,2017-08-11,PM-003
CUST-00770,Kimaya,Krishna,kimaya.krishna523@icloud.com,919893858292,1996-07-22,2024-04-13,PM-004
CUST-00771,Mohanlal,Ganesan,ganesanmohanlal884@icloud.com,919730071626,1980-01-06,2022-03-17,PM-001
CUST-00772,Mohanlal,Halder,mohanlal_740@yahoo.com,918448063649,2004-08-21,2022-10-10,PM-001
CUST-00773,Dhruv,Arora,dhruv.224@gmail.com,917691619511,1986-02-03,2015-12-20,PM-002
CUST-00774,Anay,Sanghvi,anay.375@hotmail.com,919822678899,1978-05-06,2006-11-13,PM-003
CUST-00775,Aniruddh,Sankaran,aniruddh_238@yahoo.com,917455508317,1988-08-11,2011-07-26,PM-002
CUST-00776,Seher,Chakraborty,seher.chakraborty937@outlook.com,917746324891,1998-01-06,2019-06-01,PM-002
CUST-00777,Veer,Kanda,kandaveer653@hotmail.com,917992759591,1988-08-05,2017-02-05,PM-003
CUST-00778,Ryan,Hora,ryan187@yahoo.com,918610823222,1997-05-20,2017-08-29,PM-001
CUST-00779,Samarth,Keer,samarth693@outlook.com,919044302290,2001-10-17,2020-01-08,PM-001
CUST-00780,Prisha,Sani,prisha_444@gmail.com,918404853468,1992-09-05,2014-09-27,PM-003
CUST-00781,Manikya,Tata,manikya.990@icloud.com,919231155835,1993-11-27,2022-01-14,PM-004
CUST-00782,Zara,Sura,zara256@yahoo.com,918485939028,1986-10-20,2014-10-30,PM-001
CUST-00783,Pari,Varughese,varughesepari953@outlook.com,918572987140,1999-10-27,2020-04-23,PM-004
CUST-00784,Adah,Bhandari,adah.181@hotmail.com,917255471076,1996-02-22,2023-01-14,PM-002
CUST-00785,Arhaan,Kulkarni,arhaan.kulkarni196@yahoo.com,917612224140,1977-02-15,2013-08-19,PM-002
CUST-00786,Siya,Soni,siya.632@outlook.com,918851592788,1988-07-16,2022-09-29,PM-001
CUST-00787,Neysa,Aurora,neysa_517@gmail.com,917030808241,1988-05-05,2016-03-18,PM-003
CUST-00788,Hansh,Date,datehansh371@outlook.com,918495135487,1985-01-14,2020-06-13,PM-001
CUST-00789,Indranil,Kaul,kaulindranil291@yahoo.com,918324433616,1977-11-01,2010-05-01,PM-004
CUST-00790,Farhan,Ramaswamy,farhan.ramaswamy209@yahoo.com,917987772081,1989-03-04,2022-03-31,PM-001
CUST-00791,Samarth,Bhat,samarth.bhat206@gmail.com,918131054420,1979-11-12,2018-08-17,PM-001
CUST-00792,Hansh,Comar,hansh_483@yahoo.com,917607939495,1983-05-25,2002-09-10,PM-001
CUST-00793,Advika,Luthra,advika.593@icloud.com,918876415893,1983-05-24,2006-12-08,PM-004
CUST-00794,Samar,Hayre,hayresamar610@icloud.com,917606453606,2002-09-09,2020-11-22,PM-001
CUST-00795,Misha,Lala,lalamisha506@hotmail.com,917515182747,2006-04-20,2024-04-26,PM-004
CUST-00796,Divyansh,Sheth,divyansh476@hotmail.com,917882806942,1977-01-19,2020-03-10,PM-001
CUST-00797,Mehul,Kaul,mehul_333@outlook.com,917059828143,1985-02-26,2009-05-16,PM-003
CUST-00798,Madhup,Vig,madhup.vig491@hotmail.com,918841291370,2000-11-25,2021-07-10,PM-004
CUST-00799,Khushi,Vora,khushi294@outlook.com,918101307368,2000-09-19,2023-08-21,PM-001
CUST-00800,Neelofar,Som,somneelofar783@gmail.com,917206446645,2000-06-28,2018-08-12,PM-001
CUST-00801,Lakshit,Bera,lakshit.bera209@icloud.com,919024667392,1986-10-21,2011-01-10,PM-001
CUST-00802,Eva,Uppal,eva.263@icloud.com,917012326520,1982-03-09,2023-01-15,PM-004
CUST-00803,Vidur,Ratta,rattavidur515@icloud.com,919619264018,1994-07-23,2013-07-16,PM-001
CUST-00804,Raghav,Chakrabarti,raghav316@gmail.com,919972121869,1982-02-07,2007-06-21,PM-001
CUST-00805,Miraya,Salvi,miraya162@gmail.com,919408449849,1986-02-15,2005-11-25,PM-002
CUST-00806,Seher,Ravel,seher.917@icloud.com,917918678837,1992-03-23,2024-02-04,PM-003
CUST-00807,Shlok,Sandal,shlok646@outlook.com,919976880864,1997-08-10,2017-04-27,PM-002
CUST-00808,Aayush,Das,aayush.das147@gmail.com,919227150760,1976-12-12,2000-02-15,PM-002
CUST-00809,Parinaaz,Sule,parinaaz.697@icloud.com,918844601812,1976-03-02,2014-04-29,PM-003
CUST-00810,Myra,Roy,roymyra305@hotmail.com,917098142725,1975-10-31,2020-11-30,PM-003
CUST-00811,Zaina,Bala,zaina225@icloud.com,919826232357,2006-05-01,2024-05-07,PM-004
CUST-00812,Kiaan,Hayre,hayrekiaan962@outlook.com,918011612197,2004-06-22,2022-10-27,PM-002
CUST-00813,Eva,Krishnamurthy,eva806@outlook.com,919042857900,1981-04-15,2004-06-16,PM-004
CUST-00814,Nishith,Ramakrishnan,nishith_564@outlook.com,918052584978,1997-05-30,2019-06-21,PM-001
CUST-00815,Fateh,Chaudhry,fateh.chaudhry970@icloud.com,919218069150,1995-07-29,2023-06-15,PM-003
CUST-00816,Rhea,Lala,rhea.lala933@gmail.com,918545157965,1989-10-21,2009-05-15,PM-004
CUST-00817,Ira,Thaman,ira.thaman405@hotmail.com,919138979506,1981-01-18,2012-05-10,PM-003
CUST-00818,Uthkarsh,Bansal,uthkarsh924@icloud.com,919896055011,1996-06-12,2021-11-04,PM-003
CUST-00819,Misha,Dayal,misha.177@outlook.com,918028065919,1991-02-15,2024-02-11,PM-004
CUST-00820,Miraya,Lala,miraya.lala141@hotmail.com,919133395724,1992-11-16,2019-09-20,PM-001
CUST-00821,Zeeshan,Bose,zeeshan_376@outlook.com,918715883454,2003-08-08,2023-07-02,PM-003
CUST-00822,Charvi,Savant,charvi770@outlook.com,918039445222,1978-09-08,1999-07-26,PM-001
CUST-00823,Yasmin,Ranganathan,ranganathanyasmin700@outlook.com,919644762072,1991-10-26,2011-03-01,PM-001
CUST-00824,Siya,Vora,siya.vora851@icloud.com,917284775243,2001-09-30,2022-05-26,PM-002
CUST-00825,Ritvik,Barman,barmanritvik522@yahoo.com,918277850990,1986-04-15,2016-03-09,PM-001
CUST-00826,Kimaya,Agrawal,kimaya923@icloud.com,917269035338,1996-02-24,2018-08-16,PM-001
CUST-00827,Ishita,Wali,ishita.968@yahoo.com,917339008977,1996-01-17,2016-05-30,PM-001
CUST-00828,Riaan,Vaidya,riaan728@hotmail.com,919595024256,1986-09-28,2019-12-11,PM-003
CUST-00829,Vihaan,Mangat,vihaan643@hotmail.com,917363757945,1978-11-10,1997-11-12,PM-001
CUST-00830,Vidur,Sampath,vidur536@icloud.com,917887593503,1989-03-11,2007-03-23,PM-002
CUST-00831,Keya,Gupta,keya.gupta441@yahoo.com,917006965050,1993-01-01,2014-12-15,PM-003
CUST-00832,Nitara,Chandra,nitara.chandra621@hotmail.com,918609620263,2005-09-29,2024-04-04,PM-001
CUST-00833,Nishith,Mangat,nishith.145@outlook.com,918239296529,1979-08-31,2006-02-24,PM-001
CUST-00834,Badal,Rajagopalan,badal.102@outlook.com,917090099864,1980-12-05,2017-07-18,PM-002
CUST-00835,Riaan,Sidhu,riaan797@gmail.com,919095824812,1977-11-20,1995-11-26,PM-003
CUST-00836,Heer,Bava,heer.bava234@gmail.com,919289598316,1996-08-30,2017-06-29,PM-001
CUST-00837,Oorja,Ranganathan,ranganathanoorja336@yahoo.com,917497779710,1992-11-11,2021-08-24,PM-002
CUST-00838,Taimur,Khatri,taimur933@outlook.com,919826473221,1981-09-17,2014-03-26,PM-001
CUST-00839,Eva,Bahl,eva_825@yahoo.com,919123175722,1999-07-09,2021-02-07,PM-004
CUST-00840,Mamooty,Chahal,chahalmamooty257@yahoo.com,917243427666,1983-05-17,2010-10-09,PM-001
CUST-00841,Ojas,Balakrishnan,balakrishnanojas656@yahoo.com,918009935848,1993-08-10,2012-01-09,PM-001
CUST-00842,Bhamini,Bumb,bumbbhamini380@outlook.com,919432256903,2005-10-23,2023-12-18,PM-002
CUST-00843,Prerak,Seshadri,prerak.seshadri206@hotmail.com,919914849888,1987-02-14,2015-12-29,PM-002
CUST-00844,Krish,Ganguly,krish866@yahoo.com,918254485029,1980-04-21,1999-11-26,PM-001
CUST-00845,Sara,Mannan,sara866@hotmail.com,918506871617,1983-12-31,2022-12-12,PM-001
CUST-00846,Seher,Varty,seher912@icloud.com,918180374225,2002-11-23,2021-08-21,PM-003
CUST-00847,Emir,Din,emir.din535@outlook.com,917960128450,2003-10-17,2023-08-11,PM-002
CUST-00848,Tanya,Khurana,tanya149@outlook.com,918926191120,2003-10-11,2022-02-25,PM-001
CUST-00849,Drishya,Dalal,drishya.dalal231@hotmail.com,917413643046,1984-12-19,2024-04-22,PM-002
CUST-00850,Madhav,Chakrabarti,madhav.171@yahoo.com,919659281276,1977-05-13,2003-02-15,PM-003
CUST-00851,Dhanuk,Raman,dhanuk.raman701@hotmail.com,919087342989,1992-12-23,2011-02-11,PM-004
CUST-00852,Nishith,Virk,nishith.120@hotmail.com,919420360612,1983-08-24,2019-04-20,PM-004
CUST-00853,Hazel,Butala,hazel.160@outlook.com,917894128446,1977-10-12,2021-07-31,PM-001
CUST-00854,Anahi,Batta,anahi751@gmail.com,919225705199,1976-04-07,2011-05-22,PM-003
CUST-00855,Chirag,Raman,ramanchirag174@yahoo.com,918018545922,2002-04-15,2022-10-22,PM-004
CUST-00856,Mannat,Sangha,mannat_357@outlook.com,918206420752,1998-05-29,2019-05-12,PM-001
CUST-00857,Anay,Talwar,anay.talwar495@icloud.com,917635668722,1993-07-01,2018-07-18,PM-001
CUST-00858,Drishya,Dubey,drishya.dubey289@yahoo.com,917083613350,2004-10-09,2023-06-17,PM-002
CUST-00859,Kiaan,Mallick,mallickkiaan888@icloud.com,919348932986,1977-07-23,1995-11-10,PM-001
CUST-00860,Shray,Mane,maneshray573@icloud.com,917133743171,1993-03-12,2023-11-22,PM-004
CUST-00861,Himmat,Golla,himmat_760@hotmail.com,917696606402,2004-10-26,2023-09-22,PM-001
CUST-00862,Shalv,Madan,shalv229@icloud.com,918816243116,1995-07-24,2023-07-11,PM-003
CUST-00863,Ishita,Raj,rajishita837@outlook.com,918480462407,1989-02-25,2018-12-04,PM-001
CUST-00864,Vardaniya,Chopra,chopravardaniya382@gmail.com,917228388185,2001-10-15,2024-03-05,PM-004
CUST-00865,Lavanya,Choudhary,lavanya238@gmail.com,919113205389,1977-11-20,2001-08-08,PM-001
CUST-00866,Ishaan,Sahni,ishaan859@yahoo.com,919566757715,1996-05-25,2017-10-12,PM-004
CUST-00867,Dhanush,Agate,agatedhanush384@gmail.com,917193441932,1984-08-24,2024-06-06,PM-004
CUST-00868,Rasha,Vyas,rasha_376@outlook.com,919208643810,2002-09-11,2022-06-26,PM-003
CUST-00869,Divit,Sehgal,divit.sehgal441@outlook.com,917709689696,1992-02-23,2011-08-17,PM-004
CUST-00870,Vardaniya,Hayer,vardaniya_186@hotmail.com,917432990769,1986-09-12,2005-03-15,PM-004
CUST-00871,Seher,Dhawan,seher.263@hotmail.com,918042012576,1978-12-25,2007-08-13,PM-002
CUST-00872,Armaan,Guha,armaan535@gmail.com,917544890583,1994-12-06,2020-05-11,PM-002
CUST-00873,Heer,Choudhry,heer.choudhry111@gmail.com,919320841084,1981-02-10,1999-12-22,PM-003
CUST-00874,Jayant,Halder,halderjayant692@icloud.com,918419298563,2005-04-22,2023-05-20,PM-001
CUST-00875,Inaaya ,Sura,inaaya .sura129@hotmail.com,918018412001,2005-10-14,2023-10-31,PM-002
CUST-00876,Siya,Dutta,siya.505@icloud.com,919233215253,1982-07-11,2003-11-05,PM-002
CUST-00877,Rati,Kalita,kalitarati241@gmail.com,918365118644,2004-08-24,2023-02-01,PM-002
CUST-00878,Prisha,Rama,prisha.321@outlook.com,918775686554,1988-04-27,2011-03-27,PM-003
CUST-00879,Kimaya,Chadha,kimaya.198@icloud.com,917684997404,2001-02-25,2019-06-19,PM-003
CUST-00880,Yuvaan,Ganesh,yuvaan.262@yahoo.com,918495388588,1988-01-08,2012-11-13,PM-002
CUST-00881,Shayak,Warrior,shayak_900@hotmail.com,918076972629,1977-08-16,2007-01-20,PM-003
CUST-00882,Vanya,Deo,vanya_335@icloud.com,918215496001,1999-11-09,2021-05-04,PM-004
CUST-00883,Myra,Andra,andramyra420@yahoo.com,917130275480,1977-08-30,2014-09-01,PM-003
CUST-00884,Vihaan,Bath,vihaan115@icloud.com,917227624396,1982-10-05,2004-01-21,PM-003
CUST-00885,Zain,Kala,zain886@hotmail.com,917636760856,1992-02-14,2021-03-19,PM-003
CUST-00886,Eva,Rout,eva.rout184@gmail.com,917989774316,1980-05-14,2018-05-14,PM-004
CUST-00887,Myra,Sarraf,myra.sarraf537@yahoo.com,917060318986,1993-04-30,2014-04-16,PM-001
CUST-00888,Shamik,Luthra,shamik232@hotmail.com,919912539471,1984-09-27,2011-08-12,PM-002
CUST-00889,Onkar,Grewal,onkar.899@gmail.com,918178941340,2004-12-04,2024-03-30,PM-004
CUST-00890,Hrishita,Dani,hrishita152@icloud.com,918625922015,1989-05-08,2014-08-29,PM-003
CUST-00891,Jivin,Lanka,jivin591@icloud.com,919924561015,1994-06-26,2014-02-19,PM-003
CUST-00892,Seher,Gole,seher_139@icloud.com,919476126329,1977-03-04,2015-12-13,PM-004
CUST-00893,Aniruddh,Dubey,aniruddh949@hotmail.com,918989670178,2000-02-01,2021-07-08,PM-003
CUST-00894,Adah,Hans,adah598@icloud.com,917209720145,1976-10-22,1997-09-21,PM-003
CUST-00895,Shaan,Barman,barmanshaan519@gmail.com,918756105426,1989-07-26,2009-10-28,PM-004
CUST-00896,Vritika,Rama,ramavritika431@yahoo.com,919223913074,1986-01-01,2007-11-26,PM-003
CUST-00897,Kimaya,Sarkar,kimaya916@outlook.com,917841547431,1974-08-15,2009-10-14,PM-003
CUST-00898,Anika,Sehgal,anika.sehgal822@gmail.com,917871277277,1978-08-29,2023-12-06,PM-004
CUST-00899,Ela,Bhalla,ela.bhalla106@hotmail.com,919619954795,1980-07-11,2000-06-17,PM-002
CUST-00900,Kavya,Chaudhry,kavya.chaudhry683@gmail.com,919846917039,1975-09-28,2013-01-04,PM-004
CUST-00901,Armaan,Khalsa,armaan614@hotmail.com,919944979574,2001-01-08,2019-05-13,PM-003
CUST-00902,Aarav,Chakrabarti,aarav_122@hotmail.com,917599294909,1982-11-22,2005-11-13,PM-003
CUST-00903,Zeeshan,Tara,tarazeeshan379@outlook.com,917427251651,1981-05-16,2017-05-15,PM-004
CUST-00904,Ryan,Mand,mandryan776@yahoo.com,917110974846,1994-07-16,2020-12-31,PM-003
CUST-00905,Pranay,Badal,pranay828@yahoo.com,919338533462,1988-02-01,2018-10-01,PM-003
CUST-00906,Rohan,Brahmbhatt,rohan.812@yahoo.com,918906348637,1977-04-21,2021-11-13,PM-004
CUST-00907,Renee,Raju,renee_336@icloud.com,917112554232,1982-07-24,2018-07-23,PM-004
CUST-00908,Kavya,Dugar,kavya.dugar519@outlook.com,919439364826,1990-11-14,2014-04-14,PM-004
CUST-00909,Parinaaz,Tara,taraparinaaz349@gmail.com,917737322878,2005-05-02,2024-04-04,PM-002
CUST-00910,Nehmat,Loke,nehmat.loke528@outlook.com,919342219834,2001-09-08,2021-01-19,PM-001
CUST-00911,Yuvraj ,Mandal,yuvraj _884@yahoo.com,917873673909,1977-09-06,2011-02-16,PM-003
CUST-00912,Nakul,Sandal,nakul_663@gmail.com,919082006537,1975-05-06,2012-08-20,PM-004
CUST-00913,Sumer,Som,somsumer692@icloud.com,917248231723,1975-06-09,1993-08-06,PM-002
CUST-00914,Miraan,Bose,miraan_516@gmail.com,919087190128,1986-01-15,2012-04-17,PM-003
CUST-00915,Elakshi,Dhingra,dhingraelakshi767@hotmail.com,918853060645,1993-05-15,2021-03-06,PM-003
CUST-00916,Darshit,Bawa,darshit_442@gmail.com,917119018766,1985-01-06,2012-08-01,PM-003
CUST-00917,Seher,Sekhon,seher210@gmail.com,917029196916,1984-05-14,2008-12-11,PM-002
CUST-00918,Keya,Lata,keya.847@yahoo.com,917270323401,1997-11-21,2018-12-21,PM-001
CUST-00919,Advik,Ravi,raviadvik879@hotmail.com,918443460529,1999-10-28,2020-02-04,PM-004
CUST-00920,Raghav,Batta,battaraghav591@gmail.com,917640716522,1993-11-29,2015-06-03,PM-002
CUST-00921,Ela,Dyal,ela_264@yahoo.com,919741113448,2002-12-26,2024-01-20,PM-004
CUST-00922,Tushar,Jain,tushar_571@outlook.com,918531726507,1977-11-11,2018-11-26,PM-003
CUST-00923,Misha,Anand,misha.anand386@hotmail.com,918189287146,2002-03-11,2020-10-25,PM-003
CUST-00924,Indrajit,Kala,indrajit.kala318@outlook.com,917442083584,1985-12-17,2010-04-19,PM-003
CUST-00925,Indranil,Bajaj,indranil.985@gmail.com,918930168101,1978-03-04,2006-04-26,PM-001
CUST-00926,Shalv,Shenoy,shalv.shenoy667@icloud.com,917895670380,2000-07-02,2021-01-28,PM-001
CUST-00927,Rasha,Manne,rasha468@icloud.com,919495092184,1981-07-20,2017-07-10,PM-003
CUST-00928,Saksham,Vohra,saksham.927@yahoo.com,917806495045,1978-10-04,2012-01-27,PM-002
CUST-00929,Parinaaz,Mahal,parinaaz_165@outlook.com,918608679904,1988-04-07,2010-07-18,PM-003
CUST-00930,Uthkarsh,Kulkarni,uthkarsh_840@icloud.com,919975057260,1978-12-08,2005-01-29,PM-003
CUST-00931,Jhanvi,Mangal,jhanvi630@yahoo.com,918472796318,1993-01-02,2013-01-01,PM-004
CUST-00932,Fateh,Tak,fateh.tak643@gmail.com,917498753684,1976-11-15,2001-07-10,PM-003
CUST-00933,Miraya,Banerjee,miraya_179@icloud.com,918307972992,2006-03-14,2024-05-26,PM-004
CUST-00934,Piya,Suri,piya.suri724@outlook.com,917131836664,1982-02-09,2022-11-16,PM-002
CUST-00935,Charvi,Gill,gillcharvi701@icloud.com,918385268077,1978-12-10,2006-07-17,PM-003
CUST-00936,Zeeshan,Bhattacharyya,zeeshan_432@yahoo.com,918123325456,1988-05-23,2011-06-02,PM-001
CUST-00937,Vivaan,Singhal,vivaan.singhal912@hotmail.com,919098609651,1985-08-06,2013-03-05,PM-003
CUST-00938,Romil,Dhar,dharromil943@hotmail.com,918737676041,1982-11-28,2013-02-17,PM-002
CUST-00939,Heer,Dara,daraheer974@outlook.com,919426961657,1997-03-13,2020-08-25,PM-001
CUST-00940,Shaan,Reddy,reddyshaan742@yahoo.com,918319669300,1989-01-10,2013-08-16,PM-001
CUST-00941,Kismat,Sarin,sarinkismat608@yahoo.com,917421206781,1995-03-07,2023-03-29,PM-004
CUST-00942,Lagan,Dua,lagan_112@hotmail.com,918154356188,1979-03-02,1997-08-24,PM-001
CUST-00943,Gokul,Bora,boragokul685@hotmail.com,919090639475,1984-10-01,2022-11-12,PM-003
CUST-00944,Indrans,Edwin,indrans670@icloud.com,919353811206,1996-05-21,2020-01-15,PM-004
CUST-00945,Arhaan,Rama,arhaan452@yahoo.com,918459890229,1990-01-09,2018-10-03,PM-002
CUST-00946,Tanya,Dey,tanya.dey638@hotmail.com,918983032437,2001-02-28,2021-02-02,PM-001
CUST-00947,Hunar,Ratta,hunar.ratta705@outlook.com,918724040036,2003-04-26,2024-03-11,PM-002
CUST-00948,Indrans,Majumdar,indrans534@gmail.com,917222674330,1996-08-24,2023-06-24,PM-002
CUST-00949,Pihu,Sachar,sacharpihu126@outlook.com,917491421858,1979-03-03,2024-03-26,PM-004
CUST-00950,Advika,Khurana,advika_927@gmail.com,918483838368,1982-11-25,2009-05-15,PM-003
CUST-00951,Gatik,Cheema,gatik.cheema745@yahoo.com,919879819941,2002-12-21,2021-12-07,PM-001
CUST-00952,Adah,Bhandari,adah647@icloud.com,917678323716,2001-05-08,2019-09-04,PM-002
CUST-00953,Vaibhav,Rama,vaibhav.957@yahoo.com,918410812924,2003-09-15,2022-01-15,PM-001
CUST-00954,Tiya,Basu,tiya.basu728@yahoo.com,919285055347,2001-09-30,2020-04-09,PM-003
CUST-00955,Anahita,Khurana,anahita.khurana511@outlook.com,918715816873,1997-07-23,2018-01-05,PM-002
CUST-00956,Ayesha,Chokshi,ayesha590@icloud.com,919459665062,2003-09-23,2024-02-20,PM-002
CUST-00957,Rania,Sur,rania.612@outlook.com,919686803929,1983-10-04,2016-02-25,PM-003
CUST-00958,Yasmin,Goda,yasmin577@hotmail.com,918266874451,1987-12-13,2023-09-19,PM-001
CUST-00959,Jayant,Bhandari,jayant724@hotmail.com,917868577444,1977-05-26,1995-12-18,PM-003
CUST-00960,Hazel,Kapadia,hazel.kapadia534@gmail.com,918808257797,1983-07-23,2011-06-10,PM-003
CUST-00961,Jayan,Chakrabarti,jayan.861@gmail.com,919623292677,1977-08-12,2023-03-08,PM-004
CUST-00962,Mannat,Thaker,thakermannat813@yahoo.com,918016853749,2002-06-24,2022-03-03,PM-004
CUST-00963,Saksham,Chowdhury,saksham_326@icloud.com,918496226771,2002-10-28,2021-08-23,PM-004
CUST-00964,Mishti,Karpe,mishti.395@icloud.com,918331749552,1976-01-30,2005-08-14,PM-002
CUST-00965,Hrishita,Dua,hrishita.869@hotmail.com,919269030116,2002-04-25,2021-02-13,PM-003
CUST-00966,Lavanya,Manda,lavanya_406@outlook.com,919198414559,1999-07-06,2022-04-25,PM-001
CUST-00967,Rhea,Sarkar,sarkarrhea997@icloud.com,919009932136,1998-04-19,2020-08-11,PM-004
CUST-00968,Shlok,Kakar,shlok_577@gmail.com,917286862183,2000-06-11,2022-07-11,PM-001
CUST-00969,Azad,Kibe,azad.685@yahoo.com,917371657692,1998-09-11,2019-07-21,PM-003
CUST-00970,Hridaan,Sura,hridaan.474@yahoo.com,919732400468,2000-12-06,2020-04-23,PM-004
CUST-00971,Aarna,Mane,aarna564@hotmail.com,917422208692,1981-10-07,2022-05-01,PM-001
CUST-00972,Aarush,Saraf,sarafaarush344@yahoo.com,919624341655,1980-09-07,2018-12-22,PM-002
CUST-00973,Armaan,Mani,maniarmaan176@icloud.com,919290215665,1993-05-31,2013-11-26,PM-004
CUST-00974,Alia,Sharma,alia.254@outlook.com,918616598747,2003-08-17,2024-02-25,PM-003
CUST-00975,Nitara,Ray,raynitara116@yahoo.com,917442850673,1981-11-29,2014-08-31,PM-002
CUST-00976,Rasha,Goda,rasha424@yahoo.com,917290189256,2001-07-13,2022-09-14,PM-003
CUST-00977,Trisha,Kari,trisha_115@yahoo.com,918359193563,2000-08-12,2021-11-12,PM-002
CUST-00978,Shray,Kuruvilla,shray683@outlook.com,919871115240,2000-12-30,2021-08-02,PM-003
CUST-00979,Stuvan,Doshi,stuvan.doshi487@gmail.com,918118112956,1989-06-09,2013-09-29,PM-004
CUST-00980,Reyansh,Dani,reyansh.617@hotmail.com,917180052391,1996-12-07,2019-09-20,PM-002
CUST-00981,Urvi,Varty,urvi208@hotmail.com,919649834127,1983-02-11,2020-09-08,PM-001
CUST-00982,Divyansh,Sabharwal,divyansh.sabharwal178@gmail.com,919224787685,2003-12-08,2024-01-13,PM-004
CUST-00983,Saksham,Sule,saksham_412@gmail.com,917679073710,1992-10-29,2011-10-25,PM-004
CUST-00984,Diya,Yogi,yogidiya864@yahoo.com,919119476805,1978-01-21,1997-03-30,PM-002
CUST-00985,Adira,Kala,kalaadira288@icloud.com,919699942045,1982-10-27,2004-01-19,PM-002
CUST-00986,Purab,Bala,balapurab962@yahoo.com,918590484800,1986-03-14,2015-03-25,PM-003
CUST-00987,Pranay,Reddy,reddypranay965@icloud.com,917409600554,2005-08-11,2023-08-15,PM-001
CUST-00988,Lavanya,Yadav,lavanya_189@gmail.com,919057476871,1982-08-10,2004-01-25,PM-002
CUST-00989,Adira,Bose,adira.293@icloud.com,917350675982,1987-05-31,2008-04-03,PM-002
CUST-00990,Vritika,Behl,vritika.behl266@gmail.com,918870846077,2000-11-03,2024-04-05,PM-002
CUST-00991,Lakshit,Chacko,lakshit_633@icloud.com,918661988016,1978-01-06,2000-12-20,PM-002
CUST-00992,Jayan,Malhotra,jayan_317@yahoo.com,917606862324,1976-03-15,2004-11-04,PM-003
CUST-00993,Vanya,Arya,aryavanya286@gmail.com,919909053722,1981-08-03,2016-04-11,PM-003
CUST-00994,Kismat,Sarraf,sarrafkismat701@outlook.com,919296087152,1989-10-20,2012-07-05,PM-003
CUST-00995,Ojas,Dhar,ojas.663@hotmail.com,917750684376,1981-08-02,2018-09-19,PM-004
CUST-00996,Bhavin,Warrior,bhavin.warrior792@hotmail.com,919251151362,2000-09-06,2019-04-02,PM-004
CUST-00997,Keya,Rajagopal,keya348@hotmail.com,918978764693,1993-06-21,2016-06-03,PM-002
CUST-00998,Mishti,Sule,mishti.643@icloud.com,919328321108,1984-04-08,2006-04-04,PM-003
CUST-00999,Jayesh,Sekhon,jayesh.sekhon480@gmail.com,918131520814,1981-01-26,2011-05-21,PM-002
CUST-01000,Vanya,Behl,vanya_127@gmail.com,918495310503,1987-09-17,2020-01-13,PM-003
CUST-01001,Rohan,Chaudhari,rohan.chaudhari283@hotmail.com,919984790161,1981-10-31,2003-02-02,PM-001
CUST-01002,Saira,Rao,saira_638@yahoo.com,918834687875,1999-11-25,2019-06-09,PM-001
CUST-01003,Inaaya ,Iyengar,inaaya .iyengar524@hotmail.com,919241889240,1999-07-08,2018-03-30,PM-004
CUST-01004,Ishaan,Bal,ishaan.647@hotmail.com,919914465331,1995-10-28,2015-08-23,PM-002
CUST-01005,Hiran,Magar,hiran_244@icloud.com,918187612747,1996-06-24,2017-08-04,PM-004
CUST-01006,Kartik,Dass,kartik.dass133@icloud.com,918919057495,1975-02-16,2017-08-31,PM-004
CUST-01007,Manikya,Walla,manikya248@outlook.com,917962842937,1986-05-03,2007-03-25,PM-004
CUST-01008,Mehul,Saha,mehul_753@icloud.com,918843504119,1999-05-08,2020-05-11,PM-004
CUST-01009,Oorja,Talwar,oorja.talwar627@yahoo.com,917262577182,2002-08-07,2021-04-13,PM-001
CUST-01010,Divij,Jain,jaindivij540@hotmail.com,918901108575,1988-02-14,2006-11-14,PM-004
CUST-01011,Emir,Sangha,emir783@gmail.com,919719508239,1991-07-18,2015-01-29,PM-002
CUST-01012,Nitara,Tailor,nitara314@outlook.com,919136051368,1981-07-25,2022-03-27,PM-004
CUST-01013,Miraya,Cherian,miraya_934@gmail.com,917022735907,1995-03-13,2020-12-27,PM-003
CUST-01014,Dhanush,Tandon,tandondhanush477@yahoo.com,918434796833,1995-10-18,2014-01-01,PM-002
CUST-01015,Mahika,Chaudhry,mahika.chaudhry901@gmail.com,919838079838,1981-02-01,2008-01-19,PM-002
CUST-01016,Mohanlal,Kamdar,mohanlal.kamdar223@yahoo.com,919705998060,1981-01-15,2014-10-16,PM-004
CUST-01017,Lakshit,Vora,voralakshit931@icloud.com,917803894426,2000-04-28,2018-11-17,PM-003
CUST-01018,Nirvi,Rajan,rajannirvi483@yahoo.com,919435857873,1995-12-15,2021-11-16,PM-002
CUST-01019,Vivaan,Lal,vivaan.lal742@gmail.com,918868624582,1985-08-22,2018-10-31,PM-004
CUST-01020,Jayesh,Bhatti,bhattijayesh498@hotmail.com,917927390217,1988-12-17,2009-02-08,PM-004
CUST-01021,Shayak,Ramachandran,shayak.ramachandran238@hotmail.com,917368653500,1979-11-12,2009-01-20,PM-002
CUST-01022,Krish,Andra,andrakrish430@icloud.com,919507887947,1989-11-06,2016-06-27,PM-003
CUST-01023,Adah,Suri,adah.731@yahoo.com,918825356669,1999-08-08,2019-08-11,PM-002
CUST-01024,Ela,Kapadia,kapadiaela514@outlook.com,918448813710,1986-06-26,2023-08-03,PM-004
CUST-01025,Shayak,Shanker,shayak_443@outlook.com,918760504572,1979-02-01,2016-02-09,PM-003
CUST-01026,Ahana ,Dugar,ahana 756@icloud.com,917724326692,1989-02-21,2012-04-14,PM-001
CUST-01027,Adah,Kalla,adah.276@gmail.com,917259425499,1990-08-20,2017-03-15,PM-002
CUST-01028,Himmat,Soni,sonihimmat824@hotmail.com,919703628491,1978-12-06,2005-12-23,PM-002
CUST-01029,Seher,Loyal,loyalseher973@icloud.com,919351476085,1978-03-22,1997-11-18,PM-002
CUST-01030,Ehsaan,Sidhu,ehsaan.601@gmail.com,917463652758,1993-05-19,2022-03-17,PM-001
CUST-01031,Amira,Grewal,amira.211@icloud.com,917278634386,1980-04-03,2017-12-10,PM-001
CUST-01032,Prerak,Issac,prerak.310@outlook.com,917536508083,1994-04-22,2017-03-24,PM-001
CUST-01033,Madhup,Rau,raumadhup352@hotmail.com,917711234996,1988-01-30,2015-12-01,PM-001
CUST-01034,Lavanya,Brar,lavanya_596@gmail.com,918197825811,1975-02-14,2002-11-14,PM-003
CUST-01035,Indrans,Baral,baralindrans102@gmail.com,918729936173,1989-09-17,2010-02-02,PM-003
CUST-01036,Kiara,Gaba,kiara377@hotmail.com,918560237239,1991-03-16,2014-12-22,PM-002
CUST-01037,Shray,Hayer,shray.hayer187@yahoo.com,917455186466,1974-12-16,2013-04-10,PM-003
CUST-01038,Hansh,Brar,hansh.448@hotmail.com,918402103939,2004-04-05,2023-09-06,PM-001
CUST-01039,Ryan,Doshi,doshiryan956@gmail.com,919526394390,1987-05-23,2014-05-30,PM-001
CUST-01040,Samarth,Kuruvilla,samarth.kuruvilla352@yahoo.com,919016098626,2002-02-09,2021-04-26,PM-004
CUST-01041,Keya,Rastogi,keya.997@outlook.com,917067601495,2000-04-18,2022-11-27,PM-002
CUST-01042,Indrajit,Basak,basakindrajit343@yahoo.com,918060016310,1984-06-30,2020-10-18,PM-002
CUST-01043,Prerak,Gupta,guptaprerak186@gmail.com,918298093137,2004-08-05,2023-11-06,PM-002
CUST-01044,Sumer,Bedi,sumer_578@outlook.com,917106153770,1978-04-16,2003-10-17,PM-003
CUST-01045,Dhanush,Sanghvi,dhanush.sanghvi126@outlook.com,919274534384,2005-11-28,2024-04-27,PM-003
CUST-01046,Jayan,Shetty,jayan.368@gmail.com,918453141470,1985-01-20,2003-07-07,PM-004
CUST-01047,Saksham,Handa,saksham227@hotmail.com,919219561999,1993-01-04,2013-09-21,PM-002
CUST-01048,Vritika,Saha,vritika_966@hotmail.com,917890921705,1986-11-27,2017-04-10,PM-003
CUST-01049,Suhana,Sabharwal,suhana.421@yahoo.com,917834062960,1977-08-30,2021-07-18,PM-002
CUST-01050,Alisha,Chowdhury,chowdhuryalisha222@outlook.com,919878088833,2003-11-28,2023-04-04,PM-002
CUST-01051,Kimaya,Bava,kimaya.605@hotmail.com,917238540985,1995-02-04,2014-09-15,PM-001
CUST-01052,Yuvaan,Randhawa,randhawayuvaan706@hotmail.com,919697742857,2001-02-07,2024-05-22,PM-002
CUST-01053,Ela,Dey,ela.927@yahoo.com,919811948026,1987-09-10,2012-08-22,PM-001
CUST-01054,Lakshit,Mammen,lakshit.mammen262@gmail.com,919284793276,1994-01-30,2019-11-18,PM-002
CUST-01055,Amira,Som,amira_495@outlook.com,919193473792,1993-05-16,2014-09-22,PM-004
CUST-01056,Manjari,Brahmbhatt,manjari.352@icloud.com,919672218504,1993-12-23,2023-10-03,PM-004
CUST-01057,Sumer,Saraf,sumer_778@gmail.com,917376167025,1985-07-16,2011-02-26,PM-002
CUST-01058,Divyansh,Singh,divyansh_235@yahoo.com,918606770217,2003-01-27,2024-06-12,PM-001
CUST-01059,Kiara,Chhabra,kiara308@yahoo.com,919790212493,2003-07-18,2021-09-16,PM-003
CUST-01060,Nirvi,Chana,chananirvi131@icloud.com,919857007559,2001-09-12,2024-01-15,PM-004
CUST-01061,Shaan,Sandal,shaan.sandal666@gmail.com,918604218903,1975-06-09,2014-08-09,PM-002
CUST-01062,Nirvaan,Raval,nirvaan.raval651@yahoo.com,919001754355,1986-07-24,2010-01-03,PM-003
CUST-01063,Nitya,Sura,nitya536@icloud.com,917477136399,1980-01-25,2022-05-26,PM-004
CUST-01064,Saanvi,Dasgupta,saanvi_328@outlook.com,919737648398,2004-04-22,2024-01-02,PM-001
CUST-01065,Ishita,Dani,ishita.dani253@yahoo.com,917356614364,2005-04-21,2023-05-06,PM-001
CUST-01066,Armaan,Dugar,armaan.760@icloud.com,919350606238,1986-08-29,2010-01-24,PM-001
CUST-01067,Inaaya ,Agate,inaaya 980@outlook.com,917132189599,1983-05-23,2010-05-06,PM-004
CUST-01068,Indrajit,Bhatia,indrajit.920@outlook.com,919683277250,1997-06-02,2023-04-28,PM-004
CUST-01069,Adira,Bandi,adira.bandi222@yahoo.com,918522619398,2006-04-14,2024-06-01,PM-003
CUST-01070,Lakshay,Borde,lakshay323@yahoo.com,919860404851,1999-02-19,2020-05-28,PM-001
CUST-01071,Mahika,Shetty,mahika577@yahoo.com,919290115116,1997-07-03,2023-07-14,PM-004
CUST-01072,Hunar,Butala,hunar645@hotmail.com,919615880023,1982-08-04,2006-04-04,PM-003
CUST-01073,Misha,Dewan,dewanmisha626@hotmail.com,919401362914,1977-01-04,1996-12-07,PM-003
CUST-01074,Manikya,Sengupta,senguptamanikya151@gmail.com,917780341013,2001-05-21,2023-10-16,PM-003
CUST-01075,Anahi,Thakur,anahi_927@hotmail.com,917221996706,1999-03-21,2022-04-06,PM-004
CUST-01076,Ritvik,Babu,ritvik.374@yahoo.com,917617941568,1984-04-18,2011-11-16,PM-003
CUST-01077,Jayan,Ranganathan,jayan.ranganathan638@gmail.com,919015864363,1974-12-06,2020-02-01,PM-004
CUST-01078,Vedika,Shanker,vedika822@hotmail.com,917028054614,1988-08-28,2012-12-04,PM-001
CUST-01079,Nitara,Raman,nitara701@gmail.com,918735669178,1977-03-19,2022-01-18,PM-002
CUST-01080,Sumer,Kota,sumer.955@gmail.com,918942176870,1976-08-13,2007-06-17,PM-004
CUST-01081,Yuvaan,Walia,yuvaan223@gmail.com,918420392386,1993-04-05,2013-07-20,PM-004
CUST-01082,Faiyaz,Krishna,faiyaz.587@yahoo.com,917640058838,1985-09-14,2022-11-01,PM-001
CUST-01083,Yuvaan,Master,yuvaan308@gmail.com,918687097497,2003-02-26,2022-07-27,PM-001
CUST-01084,Adira,Bains,adira.bains583@outlook.com,919007098369,1976-07-27,2007-04-03,PM-002
CUST-01085,Eva,Kohli,kohlieva647@outlook.com,918259207006,1977-03-10,1997-09-09,PM-002
CUST-01086,Alisha,Lalla,alisha.lalla374@gmail.com,918900705218,1991-03-26,2022-05-27,PM-001
CUST-01087,Siya,Chopra,siya793@outlook.com,917571003808,2001-01-24,2020-06-25,PM-002
CUST-01088,Vritika,Kata,vritika.755@hotmail.com,919414806375,2004-11-12,2024-04-17,PM-001
CUST-01089,Rasha,Wali,rasha.wali449@yahoo.com,918607329944,1981-03-21,2000-02-12,PM-001
CUST-01090,Kimaya,Chaudhary,kimaya.chaudhary817@outlook.com,919124925538,1988-10-29,2022-06-07,PM-001
CUST-01091,Faiyaz,Acharya,faiyaz.613@hotmail.com,919218885072,2000-03-04,2019-12-05,PM-004
CUST-01092,Mamooty,Salvi,mamooty_418@icloud.com,918250509196,1979-09-05,2011-03-05,PM-003
CUST-01093,Anya,Bera,anya.370@yahoo.com,918264089806,1975-12-20,2021-10-19,PM-002
CUST-01094,Oorja,Lad,oorja.lad976@gmail.com,918648497938,1976-07-27,1999-01-12,PM-003
CUST-01095,Tiya,Vala,tiya314@outlook.com,919433390672,1984-02-15,2021-11-25,PM-001
CUST-01096,Ranbir,Sodhi,ranbir875@gmail.com,917867967319,2003-10-13,2022-10-18,PM-002
CUST-01097,Aarav,Datta,aarav.datta603@hotmail.com,918028853017,1993-06-11,2018-05-08,PM-003
CUST-01098,Azad,Mann,azad.mann297@hotmail.com,917664908864,1985-10-29,2020-05-14,PM-004
CUST-01099,Parinaaz,Buch,parinaaz_646@hotmail.com,917302762316,1998-06-13,2018-08-21,PM-003
CUST-01100,Yashvi,Krishna,yashvi517@hotmail.com,917778601114,2003-08-27,2021-11-28,PM-004
CUST-01101,Indranil,Singh,indranil_948@gmail.com,918563009358,1994-06-15,2020-07-17,PM-004
CUST-01102,Madhup,Saraf,madhup.925@gmail.com,917672247975,1991-06-28,2013-10-27,PM-003
CUST-01103,Riya,Sodhi,riya.sodhi278@outlook.com,917350151951,2001-10-28,2021-10-03,PM-002
CUST-01104,Himmat,Dey,himmat.dey684@icloud.com,919582548202,1996-10-19,2020-10-15,PM-002
CUST-01105,Dhanuk,Ratti,dhanuk_873@gmail.com,919067554391,1995-12-03,2023-03-12,PM-001
CUST-01106,Aarav,Kaul,aarav_310@yahoo.com,918404606618,1986-05-16,2021-02-05,PM-003
CUST-01107,Prerak,Khosla,khoslaprerak146@gmail.com,917807991344,1975-06-13,2016-07-25,PM-001
CUST-01108,Anaya,Kade,anaya_884@outlook.com,917198891692,1978-04-19,2005-08-23,PM-004
CUST-01109,Aarush,Chauhan,aarush_459@outlook.com,917996506780,2003-12-01,2022-06-04,PM-004
CUST-01110,Kartik,Yadav,kartik.yadav741@hotmail.com,919448361202,2005-03-12,2023-06-29,PM-001
CUST-01111,Aarav,Kaul,kaulaarav932@hotmail.com,917000236287,1991-11-26,2013-08-24,PM-001
CUST-01112,Badal,Mammen,badal.722@yahoo.com,918416969061,2004-11-04,2024-05-26,PM-003
CUST-01113,Ayesha,Wadhwa,ayesha123@icloud.com,917775903221,1978-05-27,2020-11-24,PM-004
CUST-01114,Tanya,Chahal,tanya.186@icloud.com,919077524872,1998-04-22,2020-11-02,PM-002
CUST-01115,Drishya,Bath,drishya.bath561@yahoo.com,917595542932,1979-07-26,2021-10-02,PM-003
CUST-01116,Khushi,Tata,khushi.676@hotmail.com,918929866306,1978-01-09,1999-06-07,PM-001
CUST-01117,Drishya,Contractor,contractordrishya327@hotmail.com,918205473370,1976-08-28,2006-04-16,PM-002
CUST-01118,Ivana,Varkey,ivana534@outlook.com,918804704796,1995-10-23,2021-07-12,PM-003
CUST-01119,Faiyaz,Butala,faiyaz_964@gmail.com,918143598288,1992-01-24,2020-10-31,PM-003
CUST-01120,Reyansh,Garg,gargreyansh181@yahoo.com,917028583637,1981-02-27,2022-05-06,PM-004
CUST-01121,Mannat,Rajagopal,mannat913@icloud.com,917690901462,2006-04-01,2024-05-21,PM-003
CUST-01122,Chirag,Khanna,chirag.495@yahoo.com,917407963336,1996-12-19,2015-03-11,PM-004
CUST-01123,Nehmat,Warrior,warriornehmat980@hotmail.com,918666497033,1988-01-11,2017-11-24,PM-001
CUST-01124,Sana,Sathe,sana.235@hotmail.com,919624592913,1990-11-04,2022-01-18,PM-003
CUST-01125,Madhav,Vaidya,madhav_195@icloud.com,917037341790,1998-10-17,2018-12-05,PM-002
CUST-01126,Gatik,Rege,regegatik842@gmail.com,919631265836,1985-05-15,2005-10-03,PM-003
CUST-01127,Vidur,Bandi,vidur.544@outlook.com,918533963292,2006-02-08,2024-04-21,PM-001
CUST-01128,Shaan,Goswami,shaan_738@icloud.com,919562615781,1981-08-07,2003-03-29,PM-001
CUST-01129,Jivika,Khurana,jivika.khurana453@outlook.com,919684652833,1991-01-12,2018-03-21,PM-004
CUST-01130,Aaina,Gupta,aaina.gupta992@gmail.com,919589523925,1975-04-05,2000-01-21,PM-002
CUST-01131,Raghav,Wali,raghav_333@hotmail.com,918343177240,1982-04-15,2016-02-17,PM-003
CUST-01132,Tara,Sengupta,tara445@outlook.com,918758344705,1976-11-28,1996-09-28,PM-003
CUST-01133,Saira,Sharaf,saira373@icloud.com,919539989897,1980-05-01,2016-02-14,PM-002
CUST-01134,Madhup,Batra,madhup_767@hotmail.com,919332445363,1991-05-22,2020-10-17,PM-002
CUST-01135,Charvi,Balakrishnan,charvi.931@gmail.com,917928855504,1981-09-08,2022-02-10,PM-003
CUST-01136,Ahana ,Ramaswamy,ahana _127@gmail.com,917121131782,1999-10-22,2018-09-10,PM-004
CUST-01137,Diya,Ratta,diya.ratta847@gmail.com,918004205021,2005-06-20,2023-12-26,PM-002
CUST-01138,Sahil,Ganesan,sahil_463@icloud.com,917272813272,1981-04-13,2017-06-10,PM-002
CUST-01139,Kismat,Chacko,kismat504@outlook.com,919850963255,1986-10-08,2010-01-03,PM-003
CUST-01140,Rania,Dalal,rania.811@icloud.com,919278403135,1997-02-22,2021-07-28,PM-003
CUST-01141,Divit,Datta,divit_215@gmail.com,919619775458,1981-03-08,2005-10-27,PM-001
CUST-01142,Yuvaan,Cherian,yuvaan_466@outlook.com,919306880646,1981-01-12,2005-10-08,PM-003
CUST-01143,Dishani,Swamy,swamydishani612@gmail.com,918843129360,1994-03-09,2013-06-21,PM-004
CUST-01144,Shanaya,Baria,shanaya.593@icloud.com,919882114981,1977-01-05,2023-07-01,PM-002
CUST-01145,Saksham,Zacharia,saksham_520@yahoo.com,918036945730,2002-02-27,2023-10-21,PM-002
CUST-01146,Shalv,Balay,shalv.875@gmail.com,917219169038,1980-07-24,2021-08-22,PM-003
CUST-01147,Yasmin,Dhar,dharyasmin660@gmail.com,918138442648,1981-07-19,2013-09-19,PM-004
CUST-01148,Kiaan,Talwar,kiaan686@hotmail.com,919920731534,1994-06-22,2018-10-13,PM-001
CUST-01149,Raunak,Dass,raunak.dass437@outlook.com,919474422309,1993-02-02,2022-11-20,PM-002
CUST-01150,Advik,Ranganathan,advik_260@icloud.com,917016244430,1983-08-29,2013-03-04,PM-001
CUST-01151,Hunar,Batra,hunar_671@outlook.com,918772807703,2001-06-09,2021-12-24,PM-004
CUST-01152,Alia,Saha,alia.saha410@gmail.com,918542565584,1988-09-16,2008-12-22,PM-002
CUST-01153,Hazel,Dara,hazel_752@yahoo.com,917202621612,2004-08-10,2022-10-29,PM-003
CUST-01154,Miraan,Sarma,miraan_647@outlook.com,919211842955,1978-09-29,2021-05-14,PM-001
CUST-01155,Lakshit,Soni,lakshit.266@gmail.com,919140936277,1997-01-19,2019-12-23,PM-002
CUST-01156,Badal,Butala,badal875@gmail.com,918018661034,2003-11-13,2024-04-06,PM-001
CUST-01157,Vivaan,Lala,vivaan.lala739@icloud.com,919693736664,1992-06-30,2018-04-30,PM-001
CUST-01158,Jivika,Zachariah,zachariahjivika522@icloud.com,917828069917,1998-05-02,2017-02-24,PM-001
CUST-01159,Vedika,Chana,vedika535@yahoo.com,917697491252,1998-05-08,2024-01-06,PM-004
CUST-01160,Amani,Shah,shahamani529@gmail.com,918227477631,1977-10-09,2014-05-25,PM-003
CUST-01161,Rhea,Brar,rhea975@yahoo.com,918256682372,1975-12-09,2013-09-10,PM-001
CUST-01162,Shaan,Tella,shaan_730@hotmail.com,918070704568,1998-11-01,2019-06-24,PM-004
CUST-01163,Navya,Shetty,navya.shetty805@hotmail.com,919179399388,2001-06-07,2023-06-09,PM-001
CUST-01164,Dhanush,Bumb,dhanush_643@outlook.com,918290355166,1999-05-20,2017-09-16,PM-001
CUST-01165,Kismat,Ramanathan,kismat.ramanathan377@yahoo.com,917102382448,1977-07-31,2009-01-25,PM-001
CUST-01166,Charvi,Bora,charvi.bora933@outlook.com,919376432982,2000-12-26,2020-04-30,PM-004
CUST-01167,Anay,Walia,anay519@yahoo.com,918997026535,1978-08-02,2008-10-01,PM-003
CUST-01168,Myra,Babu,myra.140@icloud.com,917512411603,1983-07-27,2022-08-25,PM-002
CUST-01169,Charvi,Dash,dashcharvi675@gmail.com,919502504623,1999-05-22,2020-11-27,PM-002
CUST-01170,Veer,Sahota,veer_737@icloud.com,918055891102,2005-03-05,2023-12-29,PM-003
CUST-01171,Keya,Dani,keya.456@gmail.com,917475527688,1985-01-13,2019-02-19,PM-001
CUST-01172,Stuvan,Brar,stuvan.538@outlook.com,917923099282,1992-12-03,2022-06-27,PM-001
CUST-01173,Yuvraj ,Barman,yuvraj _331@outlook.com,919333350475,1994-12-02,2016-02-25,PM-003
CUST-01174,Advik,Dhar,advik_836@outlook.com,919552301257,1975-02-20,2023-04-05,PM-001
CUST-01175,Drishya,Dube,drishya_875@outlook.com,917827473069,2006-01-30,2024-04-14,PM-004
CUST-01176,Kashvi,Dewan,kashvi.690@yahoo.com,917359740996,1979-04-01,2019-06-11,PM-002
CUST-01177,Taran,Keer,taran_202@hotmail.com,917987892614,2004-07-14,2023-03-05,PM-001
CUST-01178,Dhruv,Vala,dhruv_766@gmail.com,918047674589,1990-04-02,2020-06-13,PM-001
CUST-01179,Tiya,Bhalla,tiya542@hotmail.com,919613867204,1996-09-09,2023-02-26,PM-002
CUST-01180,Ivan,Sarin,ivan.512@yahoo.com,918433363167,1987-07-24,2010-02-01,PM-002
CUST-01181,Alisha,Seshadri,alisha.414@icloud.com,918256361021,1997-04-04,2015-08-16,PM-003
CUST-01182,Sumer,Goda,sumer.724@gmail.com,917919345412,1981-07-30,2015-03-04,PM-004
CUST-01183,Elakshi,Sidhu,elakshi_238@gmail.com,918074752017,1990-10-17,2024-05-12,PM-001
CUST-01184,Nirvi,Basu,nirvi_177@outlook.com,918379993506,1983-09-21,2023-08-26,PM-002
CUST-01185,Diya,Mall,diya.584@yahoo.com,919351964537,1983-07-14,2002-07-09,PM-003
CUST-01186,Kavya,Golla,gollakavya876@hotmail.com,918669357245,2002-01-08,2022-04-14,PM-004
CUST-01187,Aayush,Sheth,aayush.627@hotmail.com,918052265259,2005-08-25,2023-10-20,PM-002
CUST-01188,Ahana ,Keer,ahana .keer555@icloud.com,917620873228,1988-06-19,2020-05-22,PM-002
CUST-01189,Alia,Hayer,alia_227@gmail.com,918154141999,2000-07-15,2022-10-30,PM-003
CUST-01190,Pari,Chandra,pari.948@gmail.com,918926309527,1975-04-16,2008-01-01,PM-003
CUST-01191,Kiara,Sarin,kiara.194@yahoo.com,918670859021,1995-03-10,2021-12-27,PM-004
CUST-01192,Alia,Brahmbhatt,alia_814@hotmail.com,917843309757,1977-05-17,2007-10-08,PM-004
CUST-01193,Mishti,Ratti,mishti898@gmail.com,917617304419,1998-09-28,2024-04-16,PM-004
CUST-01194,Ryan,Srivastava,ryan469@gmail.com,917673627906,2005-12-06,2024-05-27,PM-002
CUST-01195,Mehul,Dhingra,dhingramehul724@outlook.com,917505023612,1996-04-06,2019-01-27,PM-003
CUST-01196,Urvi,Khalsa,urvi.908@outlook.com,919705231051,1983-06-03,2003-10-16,PM-004
CUST-01197,Akarsh,Bhagat,akarsh388@hotmail.com,919427720504,2002-10-24,2021-12-26,PM-001
CUST-01198,Zaina,Saran,saranzaina507@hotmail.com,918262474062,1988-05-25,2023-06-11,PM-003
CUST-01199,Adira,Golla,adira726@gmail.com,919493540894,1988-07-27,2015-01-23,PM-003
CUST-01200,Baiju,Dara,baiju_735@yahoo.com,918981269268,1981-02-05,2023-09-17,PM-003
CUST-01201,Nehmat,Sampath,nehmat.270@hotmail.com,918407555257,2006-03-30,2024-05-03,PM-004
CUST-01202,Shamik,Aggarwal,shamik.623@icloud.com,919560952048,1994-08-01,2022-08-11,PM-004
CUST-01203,Arhaan,Malhotra,arhaan125@outlook.com,917821864403,1980-08-29,2020-10-14,PM-001
CUST-01204,Ayesha,Dugal,ayesha.dugal770@gmail.com,917070635743,2002-09-15,2022-07-07,PM-004
CUST-01205,Lagan,Lad,ladlagan156@hotmail.com,918461854843,1998-05-21,2023-05-21,PM-004
CUST-01206,Alia,Suri,alia.796@outlook.com,919506216158,1987-03-22,2009-09-03,PM-004
CUST-01207,Dharmajan,Choudhary,choudharydharmajan744@icloud.com,917322701839,1991-07-08,2010-01-30,PM-004
CUST-01208,Alisha,Jhaveri,alisha.347@outlook.com,917699988970,1979-04-07,2007-06-07,PM-002
CUST-01209,Parinaaz,Gill,parinaaz959@hotmail.com,917250383380,1979-08-21,1999-02-23,PM-003
CUST-01210,Hansh,Datta,hansh.962@hotmail.com,918767220094,2002-04-13,2022-03-24,PM-003
CUST-01211,Aaryahi,Sane,aaryahi_961@icloud.com,919625683067,1996-08-04,2024-04-15,PM-004
CUST-01212,Nitya,Trivedi,trivedinitya767@gmail.com,917824261297,1992-09-30,2023-04-20,PM-004
CUST-01213,Riya,Cheema,riya.535@gmail.com,918449345255,1995-03-12,2022-05-26,PM-003
CUST-01214,Aaryahi,Bhattacharyya,bhattacharyyaaaryahi906@outlook.com,919305732267,1991-12-28,2020-06-28,PM-002
CUST-01215,Gokul,Raval,gokul.raval427@yahoo.com,919381070864,1996-11-03,2022-07-08,PM-003
CUST-01216,Raghav,Suri,raghav381@outlook.com,917764486232,1979-05-18,2016-07-10,PM-004
CUST-01217,Vanya,Dutt,vanya.248@yahoo.com,918780225468,1980-01-15,2023-01-12,PM-001
CUST-01218,Tara,Bhattacharyya,tara.692@hotmail.com,918302578093,1999-09-07,2020-01-02,PM-003
CUST-01219,Rhea,Ghose,ghoserhea588@hotmail.com,918440553931,2002-05-29,2020-10-04,PM-003
CUST-01220,Urvi,Buch,buchurvi446@yahoo.com,918109612296,1980-05-19,1999-09-13,PM-003
CUST-01221,Shlok,Thakkar,shlok655@icloud.com,917769456054,1983-05-06,2021-06-23,PM-004
CUST-01222,Ryan,Hans,ryan_931@gmail.com,919599201258,1996-09-05,2014-12-14,PM-001
CUST-01223,Jayesh,Viswanathan,viswanathanjayesh206@icloud.com,917092805341,2000-08-06,2020-10-19,PM-003
CUST-01224,Alisha,Goda,alisha_592@yahoo.com,919843911495,1974-07-11,2021-11-12,PM-001
CUST-01225,Fateh,Kulkarni,kulkarnifateh608@icloud.com,918773053654,2003-01-31,2022-05-11,PM-001
CUST-01226,Vardaniya,Madan,vardaniya.madan822@yahoo.com,917344605006,1996-07-15,2016-08-16,PM-004
CUST-01227,Tarini,Dara,daratarini469@hotmail.com,919423363841,1995-06-04,2015-06-30,PM-001
CUST-01228,Raghav,Mannan,raghav.mannan934@outlook.com,917845179037,2000-01-29,2019-06-20,PM-002
CUST-01229,Misha,Goda,misha.goda555@hotmail.com,919556886243,2002-05-20,2024-01-25,PM-001
CUST-01230,Reyansh,Sidhu,reyansh393@yahoo.com,918170973914,1982-03-16,2018-11-30,PM-001
CUST-01231,Nitya,Tank,tanknitya331@yahoo.com,917312731484,1983-05-07,2010-11-08,PM-004
CUST-01232,Sana,Khosla,sana657@hotmail.com,919318547887,1994-03-27,2016-07-25,PM-003
CUST-01233,Nirvi,Kumer,nirvi_430@yahoo.com,918425000890,1999-08-04,2022-10-24,PM-004
CUST-01234,Sumer,Salvi,sumer.salvi220@hotmail.com,918375017750,1978-12-06,2022-11-23,PM-002
CUST-01235,Neelofar,Dugar,neelofar_676@icloud.com,919272550072,2005-02-10,2023-06-24,PM-002
CUST-01236,Himmat,Dutt,himmat_399@hotmail.com,918454016176,1982-03-25,2006-12-12,PM-003
CUST-01237,Onkar,Mangal,onkar_609@yahoo.com,919684532558,1997-03-30,2020-09-24,PM-002
CUST-01238,Umang,Issac,issacumang831@hotmail.com,917928707067,1988-07-28,2015-03-25,PM-004
CUST-01239,Ishaan,Salvi,salviishaan908@hotmail.com,917711397911,1988-08-15,2021-05-28,PM-001
CUST-01240,Nirvaan,Borah,nirvaan281@hotmail.com,917161367534,1974-12-16,1999-01-02,PM-004
CUST-01241,Krish,Bhandari,krish.788@outlook.com,917341702708,2003-05-11,2022-05-12,PM-004
CUST-01242,Myra,Balasubramanian,myra.balasubramanian729@outlook.com,917321312687,1996-11-27,2017-02-01,PM-001
CUST-01243,Trisha,Chopra,chopratrisha914@yahoo.com,917400225472,1999-08-19,2019-07-09,PM-003
CUST-01244,Yasmin,Goswami,yasmin.844@outlook.com,917909615742,1974-07-24,2020-04-09,PM-001
CUST-01245,Divyansh,Madan,divyansh.795@yahoo.com,917540580834,2000-07-02,2022-02-28,PM-002
CUST-01246,Ivana,Chanda,ivana912@gmail.com,917459129397,1991-03-01,2016-02-15,PM-004
CUST-01247,Tarini,Kohli,kohlitarini430@gmail.com,919991371042,1991-10-28,2012-05-12,PM-002
CUST-01248,Alia,Chad,alia159@hotmail.com,918547211657,2003-05-07,2023-01-02,PM-003
CUST-01249,Eshani,Dara,eshani529@icloud.com,917450744893,2002-09-16,2020-12-17,PM-002
CUST-01250,Umang,Savant,savantumang142@gmail.com,917160493226,1991-09-23,2012-10-26,PM-003
CUST-01251,Aarna,Majumdar,majumdaraarna375@hotmail.com,918344640235,1997-01-06,2017-07-26,PM-001
CUST-01252,Zeeshan,Ramaswamy,ramaswamyzeeshan838@hotmail.com,919153010576,1999-10-03,2021-05-05,PM-003
CUST-01253,Biju,Mander,biju744@yahoo.com,919639478318,1994-11-11,2016-11-13,PM-002
CUST-01254,Uthkarsh,Sarkar,uthkarsh.479@outlook.com,919724861506,2006-04-25,2024-05-28,PM-004
CUST-01255,Vardaniya,Shukla,vardaniya951@outlook.com,919296778666,1990-04-17,2011-12-15,PM-002
CUST-01256,Vanya,Ahuja,vanya.ahuja109@icloud.com,919974884561,1984-05-11,2012-02-13,PM-003
CUST-01257,Neelofar,Atwal,neelofar935@gmail.com,917525190616,2003-12-31,2021-12-27,PM-002
CUST-01258,Pihu,Kade,pihu_598@gmail.com,918940612401,1991-11-01,2010-02-27,PM-001
CUST-01259,Hridaan,Guha,hridaan.496@hotmail.com,918807455498,1992-03-31,2023-03-10,PM-002
CUST-01260,Aradhya,Bhagat,bhagataradhya473@icloud.com,919622086290,1983-02-07,2017-02-07,PM-001
CUST-01261,Rania,Goda,rania557@outlook.com,919811056864,1983-05-27,2021-11-13,PM-001
CUST-01262,Neelofar,Kapadia,neelofar_726@gmail.com,917939516972,1986-02-26,2007-06-22,PM-003
CUST-01263,Divyansh,Bail,divyansh.bail362@outlook.com,917715835001,1993-11-26,2015-01-18,PM-003
CUST-01264,Suhana,Zacharia,suhana_796@gmail.com,917841509045,1988-03-30,2019-10-04,PM-002
CUST-01265,Yasmin,Dash,yasmin.dash252@outlook.com,918594734415,2001-08-19,2020-06-17,PM-001
CUST-01266,Renee,Dhawan,renee.dhawan488@outlook.com,919872038978,1975-12-31,2012-02-02,PM-004
CUST-01267,Vihaan,Cheema,vihaan_163@outlook.com,919711685023,1996-03-04,2022-02-14,PM-002
CUST-01268,Trisha,Mandal,trisha.mandal483@outlook.com,917657592612,2004-03-11,2023-02-18,PM-004
CUST-01269,Anay,Sandhu,sandhuanay650@yahoo.com,918665975715,1988-07-03,2013-08-02,PM-004
CUST-01270,Neysa,Desai,neysa_287@icloud.com,917652873902,1984-12-18,2011-06-13,PM-001
CUST-01271,Yuvraj ,Kumer,yuvraj .641@yahoo.com,918842364836,1986-03-17,2006-01-13,PM-001
CUST-01272,Anahi,Walla,wallaanahi634@icloud.com,919231917508,1986-10-02,2018-08-11,PM-002
CUST-01273,Arhaan,Ravel,arhaan.472@hotmail.com,917617722566,1987-07-07,2007-05-06,PM-004
CUST-01274,Nehmat,Warrior,nehmat.warrior474@hotmail.com,917120208131,1981-06-03,2006-05-01,PM-004
CUST-01275,Samaira,Vohra,samaira_218@hotmail.com,919280885639,1990-08-22,2012-04-09,PM-002
CUST-01276,Diya,Kant,kantdiya474@yahoo.com,917686045742,2003-11-29,2022-12-28,PM-003
CUST-01277,Damini,Bhavsar,damini.477@hotmail.com,917049234737,2000-07-06,2022-10-12,PM-004
CUST-01278,Kismat,Chana,kismat.853@yahoo.com,918319226876,1987-05-03,2016-11-05,PM-002
CUST-01279,Devansh,Deol,devansh498@yahoo.com,918386971277,1998-08-10,2024-01-02,PM-001
CUST-01280,Mahika,Vig,vigmahika679@icloud.com,918847857150,2005-10-14,2024-03-26,PM-003
CUST-01281,Lakshay,Goel,lakshay_209@gmail.com,919576798563,1994-12-04,2022-03-28,PM-003
CUST-01282,Lakshit,Shukla,lakshit202@icloud.com,918606637897,1985-02-09,2011-10-02,PM-002
CUST-01283,Heer,Salvi,salviheer163@hotmail.com,918035033302,1990-01-25,2010-07-18,PM-002
CUST-01284,Anya,Tripathi,anya379@outlook.com,919865260955,1999-01-21,2022-03-21,PM-004
CUST-01285,Anahi,Dash,anahi_175@gmail.com,918473484493,1990-09-21,2012-10-12,PM-004
CUST-01286,Shlok,Agrawal,shlok_145@icloud.com,918580681802,1981-07-09,2010-02-02,PM-002
CUST-01287,Miraan,Lad,ladmiraan944@gmail.com,918685846506,1992-12-27,2012-12-24,PM-004
CUST-01288,Aaina,Bhardwaj,aaina705@yahoo.com,919093512950,1999-05-31,2024-04-03,PM-003
CUST-01289,Kismat,Gill,kismat623@hotmail.com,919368461912,1988-05-30,2023-03-15,PM-004
CUST-01290,Alisha,Mammen,alisha.909@hotmail.com,918903185162,2002-04-08,2020-09-06,PM-003
CUST-01291,Nirvi,Balasubramanian,nirvi.balasubramanian146@icloud.com,919002306522,1988-09-27,2019-06-30,PM-004
CUST-01292,Kavya,Keer,kavya_820@hotmail.com,917685823518,2005-07-04,2024-02-27,PM-003
CUST-01293,Neysa,Varghese,vargheseneysa960@yahoo.com,917641597174,1987-10-12,2010-06-10,PM-003
CUST-01294,Miraya,Hari,miraya_526@icloud.com,919571911835,1996-05-21,2023-07-02,PM-001
CUST-01295,Kimaya,Char,kimaya_236@yahoo.com,918680155429,1978-06-17,2017-04-26,PM-003
CUST-01296,Indrajit,Issac,indrajit.967@yahoo.com,917027116803,2006-04-29,2024-05-24,PM-003
CUST-01297,Purab,Chopra,purab.375@gmail.com,917809220390,1992-10-12,2023-08-26,PM-004
CUST-01298,Vedika,Kumar,vedika.kumar853@outlook.com,918125503463,1981-06-22,2024-05-12,PM-003
CUST-01299,Dharmajan,Balakrishnan,dharmajan435@yahoo.com,917041868731,1983-03-29,2009-06-07,PM-003
CUST-01300,Drishya,Shroff,drishya.shroff627@icloud.com,917053794593,1989-02-16,2020-09-28,PM-003
CUST-01301,Faiyaz,Bhatti,faiyaz.bhatti865@hotmail.com,918480695065,1978-10-01,2022-07-16,PM-002
CUST-01302,Adah,Bhargava,bhargavaadah338@gmail.com,917292441896,2005-01-19,2023-11-29,PM-004
CUST-01303,Saksham,Khalsa,saksham515@hotmail.com,919232176155,1982-08-02,2023-01-06,PM-002
CUST-01304,Armaan,Dey,armaan326@icloud.com,918455832681,1982-05-21,2005-06-28,PM-004
CUST-01305,Gatik,Sekhon,gatik397@icloud.com,917074220836,1998-02-28,2021-05-31,PM-004
CUST-01306,Abram,Krishnan,abram_160@icloud.com,919619687670,2005-01-21,2023-01-20,PM-004
CUST-01307,Neelofar,Rama,neelofar.rama720@gmail.com,919875873075,2000-02-05,2021-05-12,PM-004
CUST-01308,Mahika,Dhar,mahika.676@yahoo.com,919108400757,2005-12-03,2024-05-13,PM-003
CUST-01309,Miraan,Varma,miraan394@yahoo.com,918540510425,1999-02-24,2018-01-04,PM-004
CUST-01310,Ira,Chandra,chandraira913@outlook.com,917290993142,1974-07-12,2019-02-09,PM-001
CUST-01311,Bhavin,Ahluwalia,bhavin.588@outlook.com,919289150133,1996-06-14,2024-04-01,PM-002
CUST-01312,Ranbir,Krishnamurthy,ranbir_625@gmail.com,918323695806,1989-11-15,2014-08-04,PM-001
CUST-01313,Arnav,Thaker,arnav.thaker842@icloud.com,918326087507,2004-11-23,2023-06-17,PM-001
CUST-01314,Zoya,Dugar,zoya_962@gmail.com,919281654506,1986-05-06,2017-12-08,PM-004
CUST-01315,Saira,Kadakia,kadakiasaira281@hotmail.com,919036988664,1976-03-27,2023-02-15,PM-003
CUST-01316,Piya,Reddy,piya_274@outlook.com,919544214188,2003-03-16,2022-12-07,PM-003
CUST-01317,Anaya,Sheth,anaya_367@yahoo.com,917505250658,2004-06-13,2023-11-23,PM-002
CUST-01318,Adah,Dara,daraadah738@outlook.com,917300392826,1990-08-14,2018-12-17,PM-002
CUST-01319,Jayant,Keer,jayant_380@icloud.com,918493895712,2002-04-06,2021-10-21,PM-003
CUST-01320,Miraya,Chawla,miraya.chawla461@hotmail.com,918469411027,1995-08-07,2015-02-19,PM-002
CUST-01321,Priyansh,Soni,sonipriyansh859@icloud.com,917884661779,1994-05-04,2019-07-06,PM-002
CUST-01322,Zara,Chandran,zara.253@yahoo.com,917148669871,1975-01-30,2017-10-11,PM-003
CUST-01323,Amani,Chandran,amani639@icloud.com,918489813375,1991-11-02,2011-08-23,PM-003
CUST-01324,Neysa,Dugar,neysa_513@yahoo.com,917863479252,1983-12-13,2022-07-19,PM-002
CUST-01325,Vivaan,Din,dinvivaan263@gmail.com,919633661969,1974-11-30,2022-09-23,PM-002
CUST-01326,Nakul,Bumb,nakul_809@yahoo.com,919458014643,1989-11-03,2008-09-03,PM-004
CUST-01327,Adira,Loyal,loyaladira544@hotmail.com,919020222893,1985-06-14,2016-07-20,PM-004
CUST-01328,Hiran,Aggarwal,hiran886@icloud.com,917390919140,1982-10-12,2018-02-01,PM-003
CUST-01329,Nayantara,Sarin,nayantara.741@icloud.com,917366559336,1985-11-15,2005-06-06,PM-004
CUST-01330,Devansh,Wable,wabledevansh529@icloud.com,918138200641,2003-06-01,2023-08-30,PM-003
CUST-01331,Vedika,Sahota,vedika.774@icloud.com,919137601303,1979-01-23,2021-02-13,PM-004
CUST-01332,Hrishita,Bajaj,hrishita255@icloud.com,919123471636,1988-07-23,2010-01-19,PM-004
CUST-01333,Ehsaan,Vohra,vohraehsaan819@gmail.com,917810361283,1978-08-24,1998-09-29,PM-002
CUST-01334,Azad,Kohli,azad_713@yahoo.com,917030656554,2004-01-09,2022-10-11,PM-002
CUST-01335,Aarav,Saraf,sarafaarav632@yahoo.com,919897061827,2001-07-05,2020-09-26,PM-004
CUST-01336,Rasha,D’Alia,rasha.315@icloud.com,918636842681,1977-08-19,2015-08-10,PM-004
CUST-01337,Charvi,Upadhyay,charvi_375@icloud.com,918914050627,1974-11-27,2002-01-18,PM-002
CUST-01338,Vardaniya,Jani,vardaniya615@icloud.com,918764478307,1998-07-09,2016-11-10,PM-002
CUST-01339,Priyansh,Bhattacharyya,priyansh_983@outlook.com,919219561243,1987-01-06,2011-08-11,PM-003
CUST-01340,Nakul,Bhargava,bhargavanakul219@gmail.com,917920168473,1983-05-08,2003-11-08,PM-002
CUST-01341,Jiya,Bumb,jiya.952@hotmail.com,919633575511,1983-09-14,2003-06-07,PM-003
CUST-01342,Reyansh,Iyer,reyansh_360@outlook.com,919382862000,1978-10-24,2017-11-26,PM-003
CUST-01343,Pihu,Raju,rajupihu476@icloud.com,917317197142,2002-07-24,2021-05-21,PM-003
CUST-01344,Parinaaz,Divan,parinaaz_916@outlook.com,917149490400,1985-02-22,2019-10-09,PM-004
CUST-01345,Aaryahi,Bobal,bobalaaryahi202@outlook.com,917789748110,2001-11-13,2024-01-19,PM-001
CUST-01346,Vidur,Chopra,vidur.chopra765@yahoo.com,918641908482,1997-05-06,2021-09-03,PM-001
CUST-01347,Jayan,Garde,jayan_438@gmail.com,918023025180,1989-03-01,2011-01-28,PM-004
CUST-01348,Amira,Bumb,amira.bumb590@hotmail.com,917203762370,1994-02-05,2012-03-30,PM-001
CUST-01349,Divij,Gaba,divij.gaba168@gmail.com,917748334248,2000-05-30,2020-10-22,PM-004
CUST-01350,Sumer,Saraf,sumer.539@gmail.com,917727959623,1977-09-13,2014-12-26,PM-001
CUST-01351,Elakshi,Viswanathan,elakshi834@outlook.com,917773109557,1996-07-26,2020-06-28,PM-003
CUST-01352,Abram,Sachdev,abram.sachdev397@yahoo.com,917635465470,1999-11-04,2023-05-16,PM-002
CUST-01353,Tara,Dara,tara_869@yahoo.com,918978242182,1982-03-15,2013-04-01,PM-001
CUST-01354,Stuvan,Gopal,stuvan_826@gmail.com,919703370273,1980-12-03,2021-02-15,PM-003
CUST-01355,Umang,Madan,umang414@icloud.com,918386259541,1982-03-21,2011-02-13,PM-001
CUST-01356,Lavanya,Kala,kalalavanya936@outlook.com,919428662912,2001-02-23,2020-10-19,PM-001
CUST-01357,Chirag,Bala,chirag.433@icloud.com,919735715998,1989-08-19,2017-07-06,PM-004
CUST-01358,Divij,Bir,divij.bir597@hotmail.com,918411516516,2000-03-31,2019-11-23,PM-004
CUST-01359,Dhruv,Salvi,dhruv.789@hotmail.com,917089304277,2004-04-24,2023-03-05,PM-002
CUST-01360,Ivana,Mani,maniivana466@gmail.com,919285311825,1985-01-31,2014-07-04,PM-003
CUST-01361,Arnav,Tailor,arnav_405@gmail.com,918605264111,1982-06-19,2011-10-02,PM-001
CUST-01362,Zaina,Ahuja,ahujazaina763@yahoo.com,917090945480,1995-03-07,2015-02-28,PM-003
CUST-01363,Diya,Dash,diya.dash862@hotmail.com,917970594088,1976-10-18,2013-01-13,PM-001
CUST-01364,Veer,Saran,veer.786@gmail.com,919940607484,1999-09-30,2022-09-08,PM-001
CUST-01365,Anahi,Chopra,anahi.728@icloud.com,918134583814,1974-09-15,2016-06-28,PM-002
CUST-01366,Stuvan,Suresh,stuvan_592@outlook.com,918388266660,2003-08-26,2021-11-21,PM-003
CUST-01367,Zara,Jhaveri,zara.jhaveri927@gmail.com,918365486877,1995-01-31,2022-08-18,PM-001
CUST-01368,Anvi,Baria,bariaanvi867@hotmail.com,917711464404,1993-08-11,2011-11-13,PM-001
CUST-01369,Veer,Sawhney,veer_987@gmail.com,918594192616,1991-12-12,2020-03-15,PM-003
CUST-01370,Shamik,Ramachandran,shamik.524@icloud.com,919331853488,1978-08-10,2009-12-05,PM-003
CUST-01371,Anika,Bansal,anika481@yahoo.com,917048633908,1988-06-19,2022-10-19,PM-002
CUST-01372,Saanvi,Date,saanvi.date146@outlook.com,918517091985,1986-08-09,2014-05-05,PM-001
CUST-01373,Rohan,Bandi,rohan.bandi200@icloud.com,917515995295,1977-03-05,2009-09-09,PM-004
CUST-01374,Hridaan,Aurora,hridaan147@yahoo.com,919713385345,1997-02-27,2022-04-18,PM-003
CUST-01375,Parinaaz,Bala,parinaaz_958@icloud.com,919208144798,1987-11-24,2019-03-01,PM-002
CUST-01376,Aayush,Kapoor,aayush.718@outlook.com,918686427422,1987-04-26,2011-11-15,PM-002
CUST-01377,Charvi,Dey,charvi_505@hotmail.com,917034737717,1999-05-17,2018-12-23,PM-003
CUST-01378,Jivika,Vaidya,vaidyajivika305@icloud.com,917167316916,1996-09-05,2020-07-12,PM-004
CUST-01379,Myra,Kothari,myra463@hotmail.com,917966834468,1983-10-30,2003-05-28,PM-002
CUST-01380,Indranil,Bhandari,indranil409@hotmail.com,917772915089,1986-07-11,2008-03-30,PM-003
CUST-01381,Heer,Manne,heer979@hotmail.com,919151114132,1974-06-14,2015-08-30,PM-003
CUST-01382,Badal,Lala,lalabadal298@icloud.com,919706446453,1977-11-22,2014-11-14,PM-004
CUST-01383,Arnav,Banik,arnav556@hotmail.com,918166669022,1998-02-27,2022-03-03,PM-003
CUST-01384,Myra,Luthra,luthramyra467@icloud.com,918855609817,1989-12-16,2020-03-20,PM-001
CUST-01385,Onkar,Dhar,dharonkar525@outlook.com,919384339940,1981-04-24,2006-05-11,PM-001
CUST-01386,Pari,Grewal,pari.312@icloud.com,917100686644,1994-09-17,2017-06-19,PM-002
CUST-01387,Vidur,Kanda,vidur.kanda544@icloud.com,919765452147,2003-02-16,2021-09-20,PM-001
CUST-01388,Yashvi,Bandi,yashvi234@outlook.com,919251592509,2003-11-22,2023-12-09,PM-002
CUST-01389,Inaaya ,Bhatti,bhattiinaaya 380@icloud.com,917928235479,1986-01-27,2007-04-27,PM-004
CUST-01390,Heer,Wali,heer.857@hotmail.com,918589660848,1981-08-20,2016-12-08,PM-004
CUST-01391,Rania,Kala,rania.kala303@yahoo.com,917960416525,1983-08-02,2014-06-05,PM-001
CUST-01392,Mohanlal,Savant,savantmohanlal301@hotmail.com,918934245113,1975-06-11,2018-03-31,PM-002
CUST-01393,Navya,Kamdar,kamdarnavya448@hotmail.com,919530489953,2004-02-24,2022-03-18,PM-001
CUST-01394,Vanya,Tiwari,vanya.tiwari895@hotmail.com,917459920090,1981-05-21,2015-11-18,PM-001
CUST-01395,Keya,Dasgupta,keya290@icloud.com,919700574291,1995-09-09,2023-05-07,PM-003
CUST-01396,Zaina,Roy,zaina.923@outlook.com,917590775048,2004-07-03,2022-07-13,PM-001
CUST-01397,Divit,Andra,divit186@icloud.com,919473489331,1985-06-26,2020-08-26,PM-002
CUST-01398,Prisha,Kannan,prisha.kannan113@icloud.com,919305912553,1986-12-18,2024-06-12,PM-004
CUST-01399,Chirag,Banik,chirag273@icloud.com,918163870837,1978-10-29,1998-02-15,PM-002
CUST-01400,Riya,Tripathi,riya507@icloud.com,919300255563,1998-05-17,2020-09-05,PM-002
CUST-01401,Zaina,Dhar,zaina.375@hotmail.com,918448445966,1989-01-21,2023-05-13,PM-004
CUST-01402,Jhanvi,Choudhry,jhanvi.choudhry939@hotmail.com,917455836943,1975-07-13,2004-08-05,PM-004
CUST-01403,Keya,Sarna,keya676@icloud.com,918216981415,1997-11-04,2022-03-02,PM-001
CUST-01404,Dishani,Swamy,swamydishani126@outlook.com,919297927403,1994-10-20,2018-05-17,PM-003
CUST-01405,Madhup,Sura,suramadhup288@outlook.com,917598886024,1976-04-20,1998-11-06,PM-004
CUST-01406,Parinaaz,Rajagopal,parinaaz446@gmail.com,919748104973,1998-02-03,2022-12-04,PM-002
CUST-01407,Vidur,Doshi,vidur603@hotmail.com,919383873317,1974-09-06,2018-10-18,PM-002
CUST-01408,Gokul,Bala,gokul818@hotmail.com,918731569293,1991-04-08,2021-04-01,PM-004
CUST-01409,Jayant,Ray,jayant.360@outlook.com,918152590799,2003-05-10,2021-07-08,PM-001
CUST-01410,Ahana ,Bhagat,bhagatahana 672@outlook.com,917706043134,1996-12-07,2021-07-14,PM-002
CUST-01411,Shray,Ramaswamy,shray_482@icloud.com,918158698757,1998-03-31,2022-11-28,PM-002
CUST-01412,Nishith,Yohannan,yohannannishith966@gmail.com,917436592686,1986-11-22,2016-02-28,PM-003
CUST-01413,Amira,Dada,amira.960@outlook.com,917641167046,1983-10-22,2021-12-05,PM-003
CUST-01414,Emir,Tella,emir_248@yahoo.com,918284512594,1974-11-07,2018-03-05,PM-001
CUST-01415,Yakshit,Tailor,yakshit549@yahoo.com,917823122089,1983-08-10,2017-03-06,PM-002
CUST-01416,Mamooty,Contractor,mamooty_600@yahoo.com,919703861061,1993-09-24,2019-02-12,PM-001
CUST-01417,Mamooty,Loke,mamooty.loke364@gmail.com,917157810684,1978-08-24,2003-06-26,PM-002
CUST-01418,Taran,Hayre,taran319@icloud.com,918071739813,2004-01-31,2023-08-19,PM-002
CUST-01419,Neysa,Garde,neysa.garde946@yahoo.com,917376078413,1988-03-07,2023-10-05,PM-002
CUST-01420,Sahil,Grewal,sahil_934@hotmail.com,917220374818,1986-08-01,2016-06-27,PM-004
CUST-01421,Taimur,Bora,borataimur867@hotmail.com,919218863146,1978-04-13,1998-07-27,PM-004
CUST-01422,Vihaan,Mammen,vihaan_156@outlook.com,917393885340,1977-06-28,2022-05-28,PM-001
CUST-01423,Miraya,Thakur,miraya.338@icloud.com,918866483931,1981-05-10,2020-12-18,PM-002
CUST-01424,Rasha,Shroff,rasha.shroff446@gmail.com,918808008548,1990-07-11,2014-03-25,PM-004
CUST-01425,Oorja,Mall,oorja.684@gmail.com,919629309075,1985-09-06,2011-12-26,PM-003
CUST-01426,Mishti,Ratti,rattimishti456@outlook.com,919457194951,2001-12-11,2021-02-16,PM-001
CUST-01427,Prisha,Chanda,prisha.chanda412@outlook.com,917301954532,1979-07-07,2018-08-21,PM-001
CUST-01428,Adah,Desai,adah_652@outlook.com,918533577766,2003-03-26,2024-05-15,PM-004
CUST-01429,Jivika,Desai,jivika.169@gmail.com,917775115662,1976-02-13,2017-10-11,PM-001
CUST-01430,Indrajit,Din,dinindrajit942@gmail.com,919032636049,1976-12-30,2018-04-28,PM-003
CUST-01431,Kimaya,Dayal,kimaya.258@gmail.com,918309071520,2003-04-22,2024-05-27,PM-003
CUST-01432,Rasha,Golla,rasha_752@icloud.com,919564051919,1983-11-04,2023-02-03,PM-003
CUST-01433,Indranil,Bal,indranil150@outlook.com,919126060382,1989-01-08,2009-12-23,PM-002
CUST-01434,Alisha,Chana,chanaalisha370@icloud.com,917960672564,1994-01-14,2016-02-03,PM-003
CUST-01435,Faiyaz,Chacko,faiyaz.chacko232@gmail.com,918252342006,2000-02-23,2020-02-05,PM-002
CUST-01436,Yuvaan,Khalsa,yuvaan.khalsa874@outlook.com,917059361820,1996-04-10,2016-01-09,PM-004
CUST-01437,Dhanush,Dutt,dhanush.dutt908@outlook.com,918884253428,2001-05-22,2021-06-16,PM-002
CUST-01438,Vedika,Khare,vedika533@gmail.com,917924036690,2001-04-01,2023-05-03,PM-004
CUST-01439,Kimaya,Ghose,kimaya_705@yahoo.com,918344922377,1998-01-18,2021-08-05,PM-002
CUST-01440,Tanya,Sawhney,tanya848@yahoo.com,917543697493,1983-09-01,2009-06-02,PM-004
CUST-01441,Miraan,Balan,miraan_854@outlook.com,917691588244,1984-02-28,2011-10-28,PM-002
CUST-01442,Mamooty,Gera,mamooty.gera568@icloud.com,918114477930,1999-09-28,2020-02-04,PM-003
CUST-01443,Indrajit,Ramachandran,ramachandranindrajit119@icloud.com,917772359992,1995-10-03,2016-07-29,PM-003
CUST-01444,Ranbir,Lanka,ranbir.417@gmail.com,919208438728,1983-06-02,2012-11-27,PM-001
CUST-01445,Pari,Taneja,pari_826@icloud.com,919940871344,1995-01-18,2015-07-08,PM-003
CUST-01446,Lakshit,Devi,lakshit.devi613@yahoo.com,918182719359,1993-10-01,2020-06-16,PM-002
CUST-01447,Samarth,Deep,samarth.761@hotmail.com,918230000027,1987-02-23,2014-11-11,PM-003
CUST-01448,Alisha,Arora,alisha.551@hotmail.com,917638504673,2002-06-10,2023-10-19,PM-001
CUST-01449,Biju,Bajwa,biju875@gmail.com,919833276425,1991-03-21,2014-06-28,PM-002
CUST-01450,Lagan,Sawhney,lagan.578@gmail.com,918167263637,1995-08-23,2021-08-16,PM-003
CUST-01451,Jayant,Bala,jayant421@hotmail.com,918138685860,1991-12-13,2010-05-26,PM-004
CUST-01452,Heer,Bhatt,heer.580@icloud.com,918820445409,1993-04-18,2020-03-21,PM-003
CUST-01453,Lagan,Thakur,lagan.990@hotmail.com,919016038132,1976-12-29,2000-05-24,PM-002
CUST-01454,Aarush,Sood,aarush.sood656@icloud.com,918455011240,1992-11-16,2020-12-05,PM-004
CUST-01455,Mamooty,Ganguly,mamooty.ganguly108@gmail.com,917266420353,1977-04-27,2003-11-20,PM-004
CUST-01456,Jivika,Raja,jivika659@yahoo.com,919813148554,1982-06-15,2007-04-09,PM-004
CUST-01457,Shalv,Bhardwaj,shalv_346@gmail.com,917192003084,1983-03-20,2005-06-25,PM-002
CUST-01458,Gokul,Bala,balagokul140@outlook.com,919639163850,2005-03-11,2023-07-01,PM-002
CUST-01459,Taimur,Kalla,taimur_787@hotmail.com,919272637403,1988-10-16,2023-07-30,PM-002
CUST-01460,Tushar,Rama,tushar.rama550@yahoo.com,918365125149,1974-11-07,2000-09-22,PM-001
CUST-01461,Lagan,Karan,lagan922@gmail.com,917576661665,1979-01-30,2003-12-11,PM-003
CUST-01462,Hunar,Chana,hunar_466@gmail.com,918306097436,1979-04-13,2006-11-30,PM-004
CUST-01463,Khushi,Ranganathan,khushi.483@gmail.com,918950811865,1978-12-20,2022-11-21,PM-003
CUST-01464,Aaryahi,Chowdhury,aaryahi.260@gmail.com,917057195563,2002-04-10,2021-03-22,PM-001
CUST-01465,Darshit,Thakur,darshit.thakur704@outlook.com,917730261134,1989-07-28,2012-12-05,PM-001
CUST-01466,Kimaya,Badami,badamikimaya256@yahoo.com,918629587274,1981-08-06,2007-10-08,PM-001
CUST-01467,Ahana ,Atwal,ahana .179@icloud.com,917492768331,1990-03-20,2016-10-02,PM-002
CUST-01468,Emir,Bhavsar,bhavsaremir916@hotmail.com,919623194458,1984-04-27,2018-09-08,PM-004
CUST-01469,Jivika,Iyengar,jivika.iyengar339@outlook.com,919215183742,1992-04-21,2022-11-20,PM-001
CUST-01470,Saanvi,Vala,saanvi922@outlook.com,919336199796,2001-06-11,2021-06-12,PM-004
CUST-01471,Ritvik,Hari,ritvik.515@yahoo.com,919717056315,1986-02-08,2012-09-07,PM-004
CUST-01472,Indranil,Raj,indranil.raj137@icloud.com,919823237257,1992-09-25,2019-02-24,PM-004
CUST-01473,Madhav,Karpe,madhav_447@hotmail.com,919576196630,2006-01-03,2024-02-22,PM-003
CUST-01474,Kaira,Swaminathan,kaira.swaminathan568@hotmail.com,918592767729,2002-05-30,2021-07-22,PM-002
CUST-01475,Navya,Sant,navya499@yahoo.com,919247824543,2002-01-20,2021-04-10,PM-002
CUST-01476,Gatik,Bedi,gatik395@outlook.com,919297756251,1976-01-15,2011-10-24,PM-004
CUST-01477,Badal,Dani,badal_903@gmail.com,917421929190,2001-09-10,2020-12-11,PM-002
CUST-01478,Dhanuk,Varty,dhanuk222@yahoo.com,918949879148,1991-11-27,2014-07-11,PM-003
CUST-01479,Armaan,Butala,armaan808@icloud.com,917429851019,1982-11-14,2009-04-06,PM-004
CUST-01480,Diya,Bava,diya.659@outlook.com,917969921284,1993-01-07,2018-03-30,PM-003
CUST-01481,Mishti,Dani,mishti.dani349@yahoo.com,918980476951,1981-11-02,2018-03-13,PM-002
CUST-01482,Zoya,Mani,zoya315@yahoo.com,918697939118,1993-06-26,2020-09-06,PM-004
CUST-01483,Nirvi,Chokshi,nirvi_532@hotmail.com,917072609067,1975-12-25,2001-03-07,PM-002
CUST-01484,Aayush,Sarin,aayush584@outlook.com,919223928065,1985-06-11,2024-03-06,PM-002
CUST-01485,Rati,Kannan,rati_469@yahoo.com,918007636540,1987-09-17,2014-07-04,PM-004
CUST-01486,Ritvik,Datta,dattaritvik352@hotmail.com,917442799662,1979-09-13,2012-04-25,PM-003
CUST-01487,Reyansh,Saraf,reyansh.saraf133@gmail.com,918091243447,1993-11-30,2019-09-07,PM-003
CUST-01488,Ishaan,Choudhry,ishaan.834@hotmail.com,919109994620,2006-06-02,2024-06-12,PM-003
CUST-01489,Akarsh,Varghese,akarsh.varghese525@outlook.com,919618818919,2003-06-24,2022-02-09,PM-001
CUST-01490,Inaaya ,Bhattacharyya,inaaya 798@hotmail.com,918384028727,1981-12-30,2007-11-28,PM-001
CUST-01491,Raghav,Kapadia,kapadiaraghav974@yahoo.com,917435188721,1986-01-30,2011-07-27,PM-004
CUST-01492,Gokul,Dhar,gokul299@icloud.com,919982395314,1986-09-26,2017-01-16,PM-002
CUST-01493,Tanya,Bobal,tanya_297@gmail.com,917856509662,1994-11-17,2016-06-19,PM-004
CUST-01494,Ivan,Chhabra,ivan_223@icloud.com,919943106558,1996-11-12,2017-04-13,PM-001
CUST-01495,Vedika,Gara,vedika971@icloud.com,919314320578,1986-05-30,2004-09-05,PM-001
CUST-01496,Ela,Ravel,ravelela422@hotmail.com,917456992578,2001-12-20,2020-01-05,PM-001
CUST-01497,Reyansh,Bava,reyansh_446@icloud.com,917414417806,2004-04-19,2023-12-07,PM-001
CUST-01498,Seher,Basu,seher437@icloud.com,917399349961,1985-11-03,2005-11-06,PM-001
CUST-01499,Shlok,Zacharia,zachariashlok446@gmail.com,917326143513,1998-09-06,2017-05-06,PM-002
CUST-01500,Baiju,Kalla,baiju.423@gmail.com,918769023648,1993-06-03,2014-04-01,PM-004
CUST-01501,Ranbir,Baria,ranbir.601@hotmail.com,917764975489,1975-11-04,2011-09-30,PM-004
CUST-01502,Arnav,Kothari,arnav.kothari259@hotmail.com,919116677492,1981-09-14,2004-06-29,PM-004
CUST-01503,Rhea,Bhatti,rhea.200@outlook.com,918862195934,2000-03-12,2021-05-21,PM-001
CUST-01504,Arhaan,Hans,arhaan_256@outlook.com,919795473577,1978-04-08,2000-10-01,PM-003
CUST-01505,Vritika,Chad,vritika970@yahoo.com,917710376356,2003-03-26,2021-10-16,PM-004
CUST-01506,Diya,Gara,diya_434@yahoo.com,918892285008,1990-01-13,2022-08-18,PM-004
CUST-01507,Alia,Taneja,alia.taneja712@icloud.com,918426799594,1997-07-04,2015-11-13,PM-003
CUST-01508,Ivana,Kunda,ivana.617@hotmail.com,917450020003,1992-02-23,2019-12-01,PM-001
CUST-01509,Ayesha,Ganesan,ayesha489@hotmail.com,917784630471,1989-03-27,2009-04-19,PM-002
CUST-01510,Neysa,Agate,agateneysa671@gmail.com,917933523143,2000-06-27,2022-11-12,PM-004
CUST-01511,Oorja,Verma,oorja.verma530@outlook.com,917149871868,1992-01-24,2020-08-16,PM-003
CUST-01512,Ojas,Sama,ojas_707@gmail.com,918373913534,2002-10-24,2024-05-09,PM-004
CUST-01513,Ivana,Saraf,ivana.saraf284@outlook.com,917047602281,1987-09-14,2016-11-30,PM-002
CUST-01514,Vritika,Luthra,vritika731@icloud.com,919379453586,1998-09-24,2019-07-25,PM-002
CUST-01515,Elakshi,Wason,elakshi_448@gmail.com,919019600889,1989-10-14,2013-12-08,PM-003
CUST-01516,Siya,Date,siya.date314@yahoo.com,918317805955,1999-05-21,2021-07-26,PM-002
CUST-01517,Rasha,Lad,rasha.lad169@hotmail.com,918706185853,2000-01-27,2024-02-03,PM-004
CUST-01518,Ritvik,Srinivas,srinivasritvik696@yahoo.com,918883135827,1982-09-04,2004-04-27,PM-001
CUST-01519,Vihaan,Rau,vihaan_198@yahoo.com,917522330392,1983-10-26,2018-02-06,PM-002
CUST-01520,Parinaaz,Balakrishnan,parinaaz.946@hotmail.com,917844449528,1999-12-22,2022-12-23,PM-003
CUST-01521,Nayantara,Sur,nayantara_595@outlook.com,917960226651,1997-09-11,2023-01-22,PM-003
CUST-01522,Seher,Karnik,seher.518@outlook.com,918622230149,2003-09-02,2023-08-23,PM-002
CUST-01523,Krish,Bali,krish.997@yahoo.com,918404860601,1998-09-11,2019-01-03,PM-004
CUST-01524,Zara,Dar,zara881@yahoo.com,919446489809,1991-02-22,2013-08-11,PM-002
CUST-01525,Stuvan,Badal,stuvan.756@icloud.com,918953746357,1990-02-10,2016-06-19,PM-001
CUST-01526,Alia,Aurora,auroraalia344@icloud.com,919993267282,1994-11-29,2021-07-15,PM-002
CUST-01527,Reyansh,Badal,badalreyansh449@gmail.com,918805744569,2000-10-23,2019-01-11,PM-003
CUST-01528,Kaira,Virk,virkkaira157@icloud.com,918189609109,1986-12-03,2011-05-19,PM-003
CUST-01529,Renee,Kakar,renee842@gmail.com,917874333609,1998-09-29,2019-05-23,PM-004
CUST-01530,Pranay,Barad,pranay.barad775@outlook.com,917149806731,1989-01-27,2015-06-20,PM-004
CUST-01531,Reyansh,Mani,manireyansh536@outlook.com,917981358025,2002-09-19,2022-11-28,PM-001
CUST-01532,Ishita,Tella,ishita_230@outlook.com,918054088743,1984-05-23,2012-05-05,PM-001
CUST-01533,Lakshay,Kumar,lakshay_177@outlook.com,919927325379,1994-04-03,2012-12-09,PM-003
CUST-01534,Baiju,Setty,baiju520@icloud.com,919703441159,2005-07-17,2023-12-05,PM-002
CUST-01535,Madhup,Vaidya,madhup_228@gmail.com,919315919300,2005-05-29,2023-07-03,PM-002
CUST-01536,Anya,Venkataraman,anya.venkataraman736@yahoo.com,919713946502,1992-07-23,2020-10-16,PM-001
CUST-01537,Ryan,Hari,ryan.877@gmail.com,918589262277,1980-07-14,2019-06-09,PM-002
CUST-01538,Yuvaan,Tara,tarayuvaan828@outlook.com,919801426519,1994-04-23,2019-08-11,PM-002
CUST-01539,Ehsaan,Dora,doraehsaan962@hotmail.com,919014173130,1975-03-06,2008-05-18,PM-002
CUST-01540,Aayush,Sankar,aayush_978@yahoo.com,917896253908,1987-11-01,2020-04-15,PM-004
CUST-01541,Anvi,Gour,anvi.gour502@gmail.com,918514945584,1988-09-18,2022-12-14,PM-004
CUST-01542,Anahi,Keer,keeranahi425@outlook.com,918612269391,1997-02-14,2021-03-22,PM-002
CUST-01543,Keya,Vaidya,keya.vaidya460@gmail.com,917638768982,1980-05-04,2020-01-09,PM-004
CUST-01544,Anika,Sagar,anika.276@icloud.com,919662884456,1999-01-09,2018-12-01,PM-003
CUST-01545,Bhamini,Hayre,bhamini883@hotmail.com,918619977574,1977-11-09,2015-02-01,PM-003
CUST-01546,Biju,Boase,biju.615@hotmail.com,917893545987,2006-04-17,2024-04-30,PM-002
CUST-01547,Renee,Bhandari,bhandarirenee482@gmail.com,917830701301,1981-10-19,2009-09-24,PM-003
CUST-01548,Nitara,Sagar,nitara278@yahoo.com,919390997839,1988-01-02,2007-11-15,PM-004
CUST-01549,Devansh,Lall,lalldevansh650@yahoo.com,919940822381,2000-12-19,2019-09-16,PM-002
CUST-01550,Jiya,Khosla,jiya.khosla340@hotmail.com,918257495650,1988-11-28,2010-05-03,PM-003
CUST-01551,Trisha,Varty,vartytrisha144@hotmail.com,919732536842,1977-09-10,2008-11-01,PM-003
CUST-01552,Tara,Mand,tara987@outlook.com,917116233063,1982-02-05,2003-02-28,PM-002
CUST-01553,Tara,Agrawal,tara_431@gmail.com,918363506633,1978-10-26,2015-05-12,PM-003
CUST-01554,Armaan,Balasubramanian,armaan_400@hotmail.com,918433110081,2005-09-12,2024-01-25,PM-001
CUST-01555,Umang,Tara,umang.tara285@hotmail.com,917114517667,1995-10-11,2022-11-21,PM-004
CUST-01556,Samaira,Bajwa,samaira.888@hotmail.com,918424904079,1990-02-13,2023-08-02,PM-003
CUST-01557,Indranil,Raju,indranil.238@outlook.com,918594916923,1985-12-30,2014-10-29,PM-004
CUST-01558,Saksham,Reddy,saksham.reddy702@gmail.com,917011363893,1984-10-12,2012-12-19,PM-002
CUST-01559,Tarini,Dua,tarini582@yahoo.com,918746965042,2004-05-28,2023-05-09,PM-003
CUST-01560,Damini,Rege,regedamini361@icloud.com,917892193101,1993-01-06,2022-07-17,PM-004
CUST-01561,Raunak,Sandhu,raunak.sandhu154@outlook.com,918497832771,1993-08-04,2017-03-12,PM-002
CUST-01562,Baiju,Sarma,baiju.577@outlook.com,917770945380,2004-03-06,2023-06-26,PM-001
CUST-01563,Mishti,Sawhney,mishti.734@icloud.com,919516688127,1997-05-11,2021-04-13,PM-004
CUST-01564,Nirvi,Tara,nirvi_757@icloud.com,919702518214,1990-12-05,2016-05-23,PM-002
CUST-01565,Anay,Gera,anay.gera748@yahoo.com,917661400710,2001-03-17,2023-01-17,PM-004
CUST-01566,Ayesha,Samra,ayesha_109@outlook.com,919638356927,2000-03-23,2018-04-12,PM-004
CUST-01567,Madhav,Ratta,madhav.572@icloud.com,917663799805,1987-05-12,2018-04-13,PM-001
CUST-01568,Divyansh,Shere,divyansh.shere944@outlook.com,917772459563,1989-08-21,2022-06-01,PM-001
CUST-01569,Saksham,Sankar,saksham.sankar233@hotmail.com,919329790822,1999-10-26,2020-04-15,PM-002
CUST-01570,Neysa,Mannan,neysa.785@hotmail.com,918409837420,1998-01-16,2021-11-04,PM-001
CUST-01571,Jayan,Rastogi,jayan.rastogi835@outlook.com,917049179964,2005-12-15,2024-04-07,PM-004
CUST-01572,Mohanlal,Agarwal,mohanlal.558@yahoo.com,919565016950,1989-11-27,2019-06-05,PM-003
CUST-01573,Badal,Sahota,badal633@yahoo.com,917365343595,1983-08-30,2007-01-23,PM-003
CUST-01574,Riya,Ganesh,ganeshriya348@icloud.com,919939262571,1979-12-20,2022-02-17,PM-004
CUST-01575,Ritvik,Chauhan,ritvik650@hotmail.com,917694507316,1975-06-07,1998-06-06,PM-004
CUST-01576,Aradhya,Talwar,aradhya.talwar549@yahoo.com,918947065192,1978-04-10,2021-06-22,PM-002
CUST-01577,Rania,Sethi,sethirania849@outlook.com,918784836113,1986-11-21,2015-10-10,PM-001
CUST-01578,Aradhya,Garg,aradhya.garg756@outlook.com,919621499782,1994-01-23,2023-02-27,PM-001
CUST-01579,Nirvaan,Chauhan,chauhannirvaan134@gmail.com,919711417227,1985-12-02,2020-03-16,PM-002
CUST-01580,Yakshit,Dora,yakshit.dora804@outlook.com,919335457321,1995-02-13,2023-02-13,PM-004
CUST-01581,Aaryahi,Sarma,aaryahi_870@yahoo.com,919754726203,1983-05-29,2019-04-27,PM-001
CUST-01582,Madhup,Balan,madhup_357@gmail.com,918468310087,2000-03-08,2020-03-23,PM-001
CUST-01583,Lagan,Saraf,saraflagan121@outlook.com,918878096877,1994-10-18,2022-07-03,PM-002
CUST-01584,Damini,Jha,damini835@gmail.com,917928637815,1984-12-05,2017-06-03,PM-002
CUST-01585,Ivana,Banerjee,ivana_108@icloud.com,918733741507,1980-03-28,2012-05-09,PM-001
CUST-01586,Yasmin,Manne,yasmin669@hotmail.com,918182251353,2002-05-08,2021-12-07,PM-001
CUST-01587,Yuvraj ,Ghosh,yuvraj .ghosh622@outlook.com,918500144040,1988-11-23,2008-05-06,PM-002
CUST-01588,Akarsh,Bhatti,akarsh.bhatti192@outlook.com,919752992048,2001-06-23,2023-09-04,PM-003
CUST-01589,Navya,Sengupta,navya342@hotmail.com,918856546280,1998-03-16,2018-12-20,PM-004
CUST-01590,Shamik,Chacko,chackoshamik810@icloud.com,918917103029,1990-02-14,2016-09-19,PM-001
CUST-01591,Ranbir,Suri,ranbir.672@outlook.com,917422760317,2006-05-24,2024-05-31,PM-001
CUST-01592,Yakshit,Maharaj,maharajyakshit245@icloud.com,918701085331,1979-03-14,2009-01-15,PM-003
CUST-01593,Zeeshan,Sunder,sunderzeeshan952@outlook.com,919810007506,1983-12-31,2006-06-10,PM-002
CUST-01594,Himmat,Raju,himmat.126@yahoo.com,918653223264,1983-09-20,2015-11-22,PM-003
CUST-01595,Zaina,Bhatnagar,zaina737@gmail.com,917720265664,1999-08-21,2020-04-17,PM-004
CUST-01596,Kanav,Behl,kanav_359@yahoo.com,917529142962,2006-03-28,2024-04-13,PM-004
CUST-01597,Aarna,Seth,sethaarna363@outlook.com,918465541175,2000-11-04,2022-03-06,PM-001
CUST-01598,Arhaan,Ganguly,arhaan_653@hotmail.com,918480677072,2003-03-15,2021-07-16,PM-003
CUST-01599,Lakshit,Saha,lakshit.saha265@icloud.com,917939196668,1995-06-09,2022-05-16,PM-004
CUST-01600,Kismat,Bhandari,kismat620@gmail.com,917285311788,1981-10-13,2018-06-16,PM-003
CUST-01601,Priyansh,Goswami,priyansh.836@icloud.com,917731406762,2005-11-21,2023-12-27,PM-003
CUST-01602,Saksham,Bala,saksham_885@yahoo.com,918354674559,2004-02-04,2024-03-12,PM-003
CUST-01603,Taran,Rau,taran616@gmail.com,917250500612,2006-05-15,2024-05-13,PM-003
CUST-01604,Anika,Dar,anika233@icloud.com,918614922894,2006-01-18,2024-02-05,PM-004
CUST-01605,Saira,Amble,saira511@hotmail.com,919682727966,2005-12-29,2024-05-06,PM-002
CUST-01606,Jayant,Shenoy,jayant_766@icloud.com,917021567583,2000-10-24,2021-09-02,PM-003
CUST-01607,Tarini,Buch,tarini.buch368@outlook.com,918421559245,2000-11-26,2019-09-06,PM-003
CUST-01608,Jayan,Chad,jayan927@yahoo.com,918384842913,1994-05-19,2020-11-02,PM-003
CUST-01609,Darshit,Varghese,darshit.622@yahoo.com,917178521502,1992-09-23,2018-05-04,PM-004
CUST-01610,Mehul,Dalal,mehul289@yahoo.com,918410079634,1974-10-11,2020-06-02,PM-004
CUST-01611,Sana,Dora,sana.349@gmail.com,919254439907,1985-10-17,2010-11-11,PM-002
CUST-01612,Misha,Badal,misha.500@outlook.com,917654958339,1995-04-01,2020-04-03,PM-004
CUST-01613,Rati,Dutt,rati.616@hotmail.com,919785878065,1974-12-12,1995-06-24,PM-002
CUST-01614,Raunak,Wali,raunak.467@icloud.com,919561223707,1975-08-02,1997-11-20,PM-002
CUST-01615,Onkar,Shenoy,shenoyonkar441@icloud.com,917994309000,1990-10-07,2010-11-02,PM-001
CUST-01616,Alisha,Batra,alisha866@gmail.com,919493831155,2006-05-14,2024-05-30,PM-003
CUST-01617,Pihu,Handa,pihu.handa310@hotmail.com,917200569993,1993-07-21,2021-11-07,PM-002
CUST-01618,Sara,Gala,sara.398@icloud.com,917856891293,1986-10-29,2019-09-09,PM-002
CUST-01619,Alisha,Vala,alisha.vala927@hotmail.com,919531072571,1999-03-30,2024-04-08,PM-001
CUST-01620,Seher,Rau,seher_481@hotmail.com,917317446847,1997-04-29,2021-10-19,PM-002
CUST-01621,Jayant,Kohli,jayant.937@icloud.com,919193573076,1983-05-04,2018-04-25,PM-004
CUST-01622,Mamooty,Bobal,bobalmamooty891@icloud.com,918385966095,2006-01-30,2024-01-31,PM-001
CUST-01623,Zaina,Savant,zaina.savant938@gmail.com,918821969272,1994-06-29,2021-07-20,PM-002
CUST-01624,Dharmajan,Jayaraman,jayaramandharmajan529@gmail.com,919807727900,2005-09-07,2024-05-19,PM-002
CUST-01625,Reyansh,Dhingra,reyansh.dhingra230@icloud.com,918378812176,1986-09-26,2008-06-08,PM-003
CUST-01626,Myra,Grewal,myra.513@yahoo.com,918998206822,1984-05-27,2013-11-30,PM-001
CUST-01627,Badal,Chahal,badal.chahal967@gmail.com,918840324914,1992-10-20,2018-05-23,PM-004
CUST-01628,Madhav,Wason,madhav_296@outlook.com,919331865660,1985-02-13,2012-06-28,PM-002
CUST-01629,Saanvi,Banik,saanvi.239@outlook.com,917939279965,1993-11-11,2019-11-25,PM-002
CUST-01630,Saksham,Chaudhari,saksham382@icloud.com,918630400275,2004-11-02,2022-11-14,PM-002
CUST-01631,Vanya,Upadhyay,vanya.upadhyay799@hotmail.com,918261927627,1984-05-09,2008-07-20,PM-004
CUST-01632,Ira,Raman,ira.984@hotmail.com,918717993592,1992-04-05,2010-09-19,PM-003
CUST-01633,Tarini,Bhatti,tarini460@yahoo.com,918198698950,1994-01-11,2016-04-12,PM-004
CUST-01634,Pari,Roy,pari632@yahoo.com,919812727691,1976-12-22,2019-06-29,PM-003
CUST-01635,Kanav,Deol,kanav689@hotmail.com,917869172645,1977-01-08,2004-04-27,PM-002
CUST-01636,Pranay,Guha,pranay.guha879@yahoo.com,918036589387,1979-04-04,2004-05-25,PM-002
CUST-01637,Abram,Chandran,abram.336@outlook.com,917310597219,1979-01-19,2009-11-09,PM-003
CUST-01638,Nehmat,Tripathi,nehmat_661@icloud.com,917286666328,1980-12-08,2006-10-27,PM-003
CUST-01639,Ivana,Thaman,ivana_646@hotmail.com,918825459316,1993-08-27,2012-05-16,PM-004
CUST-01640,Raghav,Vaidya,raghav655@hotmail.com,919755225707,1983-03-19,2016-05-07,PM-004
CUST-01641,Jivika,Zachariah,zachariahjivika573@yahoo.com,918774776831,2003-06-28,2023-12-21,PM-002
CUST-01642,Shalv,Rana,shalv.921@gmail.com,917141801747,2004-02-15,2022-07-25,PM-003
CUST-01643,Miraya,Wagle,waglemiraya580@icloud.com,918147583897,1984-07-08,2004-12-06,PM-003
CUST-01644,Advik,Vohra,advik400@hotmail.com,917288317080,1998-08-16,2018-03-17,PM-002
CUST-01645,Mannat,Edwin,mannat219@gmail.com,917452553954,2005-07-11,2024-04-05,PM-001
CUST-01646,Neelofar,Sane,neelofar.200@outlook.com,919276380344,1989-12-21,2016-05-31,PM-004
CUST-01647,Aniruddh,Koshy,aniruddh.koshy555@hotmail.com,918297651287,2003-04-26,2024-03-05,PM-001
CUST-01648,Shaan,Tak,shaan.tak825@hotmail.com,917207920661,1991-03-06,2020-04-03,PM-003
CUST-01649,Lavanya,Singh,lavanya_151@outlook.com,918113431358,1984-01-01,2013-06-14,PM-003
CUST-01650,Anika,Madan,anika_730@icloud.com,917894283589,1976-02-28,1997-05-03,PM-001
CUST-01651,Rati,Walla,rati570@hotmail.com,919639607337,1993-04-24,2017-03-12,PM-001
CUST-01652,Yuvaan,Sane,yuvaan140@icloud.com,917807548251,1993-06-01,2011-06-20,PM-002
CUST-01653,Samar,Mangat,mangatsamar967@yahoo.com,918365961445,1997-08-06,2019-12-17,PM-004
CUST-01654,Prisha,Bail,prisha_208@yahoo.com,919804545666,1999-03-23,2019-04-03,PM-002
CUST-01655,Dhanush,Ravi,dhanush_541@yahoo.com,917001428249,1979-01-22,2023-04-06,PM-002
CUST-01656,Aradhya,Sengupta,aradhya782@gmail.com,918534167498,1984-03-25,2016-10-23,PM-004
CUST-01657,Onkar,Kunda,onkar.841@hotmail.com,919102556247,1976-06-22,2011-08-20,PM-003
CUST-01658,Misha,Sem,misha_486@yahoo.com,917602060925,1975-02-16,2001-02-10,PM-003
CUST-01659,Jivin,Shere,jivin.623@gmail.com,918811414876,1982-05-18,2015-03-26,PM-001
CUST-01660,Jayesh,Bala,jayesh214@yahoo.com,917400525404,1990-04-14,2021-01-05,PM-004
CUST-01661,Hrishita,Bhatti,hrishita.196@yahoo.com,917792454105,1995-11-02,2018-10-10,PM-004
CUST-01662,Vardaniya,Kannan,vardaniya.kannan209@gmail.com,917377787602,1992-04-21,2019-03-05,PM-002
CUST-01663,Neelofar,Taneja,tanejaneelofar409@gmail.com,917252150818,1978-07-05,2020-03-09,PM-002
CUST-01664,Neelofar,Venkatesh,neelofar.venkatesh501@icloud.com,919747264867,1979-06-07,2018-07-10,PM-002
CUST-01665,Indrajit,Zachariah,zachariahindrajit882@gmail.com,918978697062,1978-04-29,2012-08-25,PM-003
CUST-01666,Tiya,Trivedi,tiya.857@hotmail.com,919285557150,1989-10-10,2011-10-07,PM-003
CUST-01667,Anahita,Varma,anahita387@hotmail.com,917132733231,1979-12-13,2021-09-08,PM-003
CUST-01668,Jivika,Biswas,biswasjivika287@yahoo.com,919507730762,1977-12-29,2014-01-18,PM-002
CUST-01669,Siya,Sundaram,siya754@icloud.com,917626062701,1980-01-17,2015-06-01,PM-002
CUST-01670,Alia,Sachar,alia_280@hotmail.com,917540130493,1995-09-05,2016-01-11,PM-003
CUST-01671,Divit,Kothari,divit995@yahoo.com,919261276997,2000-06-19,2022-11-21,PM-003
CUST-01672,Tushar,Ganesh,ganeshtushar872@icloud.com,919629640428,1979-02-02,2011-09-17,PM-003
CUST-01673,Pari,Brar,pari_332@outlook.com,918524887737,1981-10-23,2020-12-14,PM-004
CUST-01674,Samaira,Basu,samaira.869@yahoo.com,918570095247,1992-10-15,2021-12-07,PM-002
CUST-01675,Rasha,Agarwal,rasha.626@outlook.com,918123143359,2003-09-27,2023-03-18,PM-002
CUST-01676,Ryan,Shanker,ryan.shanker162@outlook.com,918757111868,1998-10-10,2022-09-10,PM-002
CUST-01677,Piya,Reddy,piya_595@outlook.com,918900102612,1982-11-03,2005-01-26,PM-004
CUST-01678,Arhaan,Chaudhuri,chaudhuriarhaan441@gmail.com,918723796251,1990-11-19,2010-11-02,PM-004
CUST-01679,Kiaan,Issac,kiaan513@icloud.com,918867204800,2000-11-23,2020-01-19,PM-002
CUST-01680,Dharmajan,Sarraf,dharmajan_771@icloud.com,918848250847,1987-09-10,2020-01-05,PM-004
CUST-01681,Azad,Gole,azad382@outlook.com,917839112448,1993-10-21,2014-07-07,PM-004
CUST-01682,Ishaan,Bajwa,bajwaishaan871@hotmail.com,918770680474,2001-11-18,2022-10-09,PM-003
CUST-01683,Rhea,Brahmbhatt,rhea.976@gmail.com,918038795398,1984-04-08,2016-05-29,PM-003
CUST-01684,Mannat,Dhar,mannat_653@yahoo.com,919230879036,1974-11-10,1993-06-12,PM-003
CUST-01685,Sara,Badami,badamisara828@yahoo.com,918324041467,1984-05-06,2015-07-28,PM-003
CUST-01686,Divyansh,Bhakta,divyansh.bhakta137@yahoo.com,917883291772,1992-10-13,2012-09-13,PM-002
CUST-01687,Faiyaz,Chhabra,faiyaz_189@yahoo.com,917784403894,1976-08-04,2024-04-08,PM-003
CUST-01688,Romil,Raj,rajromil188@icloud.com,919326406833,1988-12-21,2018-11-03,PM-004
CUST-01689,Nehmat,Sehgal,sehgalnehmat404@icloud.com,917835069967,1976-04-12,2008-04-03,PM-001
CUST-01690,Anvi,Devi,anvi.devi170@yahoo.com,919120232302,1982-04-19,2013-08-05,PM-001
CUST-01691,Ryan,Jaggi,ryan.jaggi155@yahoo.com,919166768526,1999-01-09,2020-11-05,PM-001
CUST-01692,Piya,Banerjee,piya724@outlook.com,917661593495,1978-02-17,1996-03-07,PM-003
CUST-01693,Mohanlal,Sarin,mohanlal_910@yahoo.com,918484232831,2002-04-30,2023-07-14,PM-001
CUST-01694,Kanav,Dasgupta,dasguptakanav653@hotmail.com,917282982237,1980-04-21,2002-08-17,PM-004
CUST-01695,Romil,Jaggi,romil.434@hotmail.com,919192300685,1983-11-21,2005-02-20,PM-002
CUST-01696,Jiya,Gupta,jiya.gupta682@outlook.com,917630867085,1995-03-14,2021-11-26,PM-002
CUST-01697,Oorja,Gupta,oorja.gupta101@gmail.com,919560782664,1990-02-21,2015-05-28,PM-001
CUST-01698,Madhav,Dugal,madhav104@gmail.com,918087853069,1999-11-11,2023-06-01,PM-001
CUST-01699,Riya,Baria,riya_798@outlook.com,918468169779,1994-10-22,2020-06-27,PM-003
CUST-01700,Raghav,Sem,raghav364@gmail.com,919619174820,1978-08-07,1999-01-16,PM-004
CUST-01701,Anya,Choudhry,choudhryanya859@outlook.com,918140768664,1988-05-06,2007-06-28,PM-003
CUST-01702,Biju,Jaggi,biju.jaggi640@hotmail.com,918671620871,1992-09-27,2011-07-19,PM-001
CUST-01703,Fateh,Dey,fateh.551@outlook.com,918041273331,1998-06-25,2020-12-07,PM-003
CUST-01704,Sara,Bhargava,sara.369@outlook.com,919842475091,2005-06-03,2024-05-04,PM-001
CUST-01705,Vivaan,Sachar,sacharvivaan949@outlook.com,918063862273,1983-08-02,2006-07-13,PM-004
CUST-01706,Madhav,Mangat,madhav380@icloud.com,917923717639,1983-05-23,2007-03-31,PM-002
CUST-01707,Priyansh,Dar,darpriyansh811@gmail.com,919178462856,1986-01-17,2021-09-01,PM-003
CUST-01708,Aradhya,Viswanathan,aradhya970@icloud.com,918816842481,1983-12-18,2009-04-19,PM-004
CUST-01709,Anay,Walia,waliaanay896@hotmail.com,918059167621,1975-05-23,2020-02-10,PM-002
CUST-01710,Rhea,Sarin,rhea.358@outlook.com,919963888134,1983-11-08,2020-02-03,PM-004
CUST-01711,Nitara,Kamdar,nitara.kamdar139@icloud.com,917725943559,1991-02-28,2013-05-09,PM-001
CUST-01712,Piya,Dalal,piya185@yahoo.com,917280314095,1986-06-04,2017-04-23,PM-004
CUST-01713,Tejas,Acharya,tejas434@yahoo.com,917601937811,2002-04-03,2024-01-21,PM-003
CUST-01714,Aarna,Banerjee,banerjeeaarna408@icloud.com,917745592367,1986-05-16,2011-08-30,PM-002
CUST-01715,Onkar,Wason,onkar_469@outlook.com,919172302647,2000-07-05,2023-05-14,PM-004
CUST-01716,Badal,Gala,badal_780@gmail.com,917176524687,1982-08-29,2007-11-28,PM-003
CUST-01717,Sahil,Talwar,sahil_241@outlook.com,917360819394,1978-06-20,2008-06-16,PM-001
CUST-01718,Aarav,Rama,aarav_832@gmail.com,919454247685,1989-03-27,2015-07-03,PM-002
CUST-01719,Samarth,Guha,samarth342@hotmail.com,919518242868,1978-01-24,2012-08-19,PM-003
CUST-01720,Tiya,Hayre,tiya.870@outlook.com,919304898504,1992-05-23,2014-12-14,PM-003
CUST-01721,Mishti,Dave,mishti.dave221@outlook.com,917919741319,1988-06-23,2018-11-03,PM-004
CUST-01722,Vihaan,Bumb,vihaan.bumb823@outlook.com,917447028446,1989-04-23,2019-07-04,PM-001
CUST-01723,Anahita,Bhasin,bhasinanahita213@outlook.com,917002397084,1992-09-07,2016-04-17,PM-003
CUST-01724,Adah,Chaudhari,adah_442@gmail.com,919214851124,2003-06-03,2021-09-23,PM-001
CUST-01725,Emir,Choudhury,emir865@icloud.com,919556092285,1976-10-11,2017-06-23,PM-001
CUST-01726,Miraya,Sharaf,miraya.sharaf178@outlook.com,918987945053,1982-04-05,2022-06-03,PM-001
CUST-01727,Renee,Dash,renee648@gmail.com,919374476957,1981-01-31,2006-10-25,PM-001
CUST-01728,Anaya,Chandra,chandraanaya806@yahoo.com,918909346765,2001-05-30,2022-06-26,PM-004
CUST-01729,Vihaan,Handa,vihaan571@icloud.com,919328338710,2003-09-28,2023-04-02,PM-002
CUST-01730,Alisha,Char,alisha_856@gmail.com,917112182703,2003-06-22,2021-11-01,PM-004
CUST-01731,Rati,Suresh,sureshrati219@yahoo.com,918291203643,1983-03-04,2009-04-07,PM-003
CUST-01732,Sana,Deep,sana.881@hotmail.com,919412772753,1997-07-01,2021-09-06,PM-001
CUST-01733,Baiju,Bali,baiju_914@icloud.com,917711410776,2004-11-29,2023-12-27,PM-001
CUST-01734,Taimur,Sundaram,sundaramtaimur783@outlook.com,917123601236,1991-08-01,2020-12-12,PM-004
CUST-01735,Mohanlal,Chander,mohanlal.402@gmail.com,919124785089,1982-02-03,2020-04-14,PM-004
CUST-01736,Zain,Anne,zain.693@yahoo.com,917477415027,1988-06-28,2009-10-10,PM-004
CUST-01737,Sara,Bose,bosesara281@gmail.com,918151930216,1991-03-31,2014-07-08,PM-002
CUST-01738,Eshani,Kari,eshani.894@icloud.com,917266206819,2002-03-27,2021-12-30,PM-003
CUST-01739,Khushi,Dhingra,khushi_314@hotmail.com,918865957810,1974-10-23,2003-03-24,PM-001
CUST-01740,Indrans,Balasubramanian,indrans289@gmail.com,917787208509,1975-12-12,2013-04-27,PM-001
CUST-01741,Heer,Krishnan,krishnanheer595@yahoo.com,917182714024,1992-10-18,2014-09-18,PM-003
CUST-01742,Onkar,Sodhi,onkar433@yahoo.com,918426037728,2001-04-18,2021-10-26,PM-002
CUST-01743,Parinaaz,Bhardwaj,parinaaz677@yahoo.com,917147327230,1998-12-10,2023-02-06,PM-001
CUST-01744,Krish,Dutt,krish.227@yahoo.com,919435955732,1975-07-04,2013-06-07,PM-002
CUST-01745,Urvi,Bath,urvi.bath324@yahoo.com,918569680444,1975-03-27,2004-08-28,PM-004
CUST-01746,Faiyaz,Kanda,faiyaz.kanda888@icloud.com,917434065515,2003-11-02,2023-06-12,PM-001
CUST-01747,Drishya,Atwal,drishya.atwal541@hotmail.com,917771732351,1985-02-25,2007-05-12,PM-001
CUST-01748,Heer,Mahal,heer.mahal966@yahoo.com,918318668850,1978-07-26,2022-03-14,PM-002
CUST-01749,Kavya,Varghese,varghesekavya159@yahoo.com,917121230292,1993-08-25,2023-12-01,PM-003
CUST-01750,Drishya,Borah,drishya579@outlook.com,918822127948,1977-10-22,2008-10-23,PM-002
CUST-01751,Advika,Kuruvilla,advika_973@hotmail.com,917153537888,1997-03-31,2022-07-25,PM-002
CUST-01752,Navya,Korpal,navya.korpal939@gmail.com,919962674072,1979-10-31,2007-03-05,PM-002
CUST-01753,Mannat,Mandal,mannat.mandal763@outlook.com,918580155398,2003-09-17,2023-05-06,PM-001
CUST-01754,Kiara,Shah,kiara.279@yahoo.com,919191637153,2005-09-03,2024-06-08,PM-003
CUST-01755,Aaryahi,Chawla,chawlaaaryahi584@gmail.com,917398954882,1998-05-07,2016-10-01,PM-002
CUST-01756,Jivin,Chokshi,jivin.chokshi877@icloud.com,917421031674,1981-11-23,2014-06-14,PM-002
CUST-01757,Sumer,Brar,sumer.brar289@yahoo.com,918759016872,1988-06-10,2009-04-11,PM-002
CUST-01758,Trisha,Subramaniam,trisha.326@hotmail.com,918347376064,2001-02-26,2022-12-08,PM-001
CUST-01759,Siya,Khanna,siya.khanna439@outlook.com,917391897248,1988-07-05,2006-07-28,PM-004
CUST-01760,Jayant,Dash,dashjayant607@outlook.com,917011888464,1987-05-14,2007-07-02,PM-002
CUST-01761,Dhruv,Tak,dhruv.463@icloud.com,919140213518,1975-04-23,1999-10-08,PM-003
CUST-01762,Pranay,Ray,pranay816@icloud.com,919399032485,1990-11-22,2018-11-23,PM-004
CUST-01763,Ayesha,Shere,ayesha.111@outlook.com,917967540594,1976-12-24,2011-01-17,PM-001
CUST-01764,Divit,Grewal,divit_202@icloud.com,917070585314,1979-06-12,2018-10-10,PM-004
CUST-01765,Jivika,Garde,gardejivika505@gmail.com,917335514105,1982-05-05,2007-10-07,PM-002
CUST-01766,Chirag,Guha,chirag.guha547@icloud.com,917236292479,1981-09-05,2014-07-29,PM-004
CUST-01767,Badal,Rao,badal_195@icloud.com,919468552342,2000-08-09,2019-09-17,PM-002
CUST-01768,Ojas,Dass,ojas426@hotmail.com,919515974160,1977-08-01,1998-12-24,PM-002
CUST-01769,Piya,Bhatnagar,bhatnagarpiya276@outlook.com,918509007809,1997-06-16,2016-10-29,PM-003
CUST-01770,Reyansh,Bora,reyansh.bora420@icloud.com,918376734021,1988-05-02,2020-08-23,PM-002
CUST-01771,Akarsh,Lal,akarsh_691@hotmail.com,918647560107,1986-04-18,2021-02-16,PM-003
CUST-01772,Taran,Choudhury,taran.choudhury520@icloud.com,918626040741,1991-06-29,2016-11-27,PM-003
CUST-01773,Urvi,Anand,anandurvi109@icloud.com,918485187977,1998-03-08,2020-12-23,PM-004
CUST-01774,Shamik,Bawa,shamik.525@hotmail.com,917414691462,1985-10-08,2020-05-08,PM-001
CUST-01775,Aayush,Wali,waliaayush356@yahoo.com,919264504280,1977-10-17,2012-02-23,PM-004
CUST-01776,Shalv,Cheema,shalv606@icloud.com,917124022372,2004-09-14,2022-10-07,PM-003
CUST-01777,Alia,Kapoor,alia_981@gmail.com,919415968574,1982-05-13,2024-02-05,PM-002
CUST-01778,Anahi,Grewal,anahi_869@hotmail.com,917806942575,2000-11-12,2020-09-04,PM-003
CUST-01779,Kimaya,Sane,kimaya583@outlook.com,919044166009,1975-10-28,1998-11-04,PM-003
CUST-01780,Azad,Tripathi,azad212@icloud.com,918807995341,1985-06-18,2011-10-21,PM-004
CUST-01781,Shalv,Sathe,shalv794@icloud.com,919332084797,2003-12-05,2022-09-25,PM-002
CUST-01782,Abram,Raj,abram_252@icloud.com,919428395199,2006-01-06,2024-06-07,PM-002
CUST-01783,Lagan,Sanghvi,lagan.666@gmail.com,917175629671,2005-01-21,2023-09-10,PM-003
CUST-01784,Anahi,Chauhan,anahi_949@outlook.com,919438558740,1986-11-07,2013-10-07,PM-003
CUST-01785,Nirvi,Sankaran,sankarannirvi385@icloud.com,918009285187,2003-10-01,2021-12-26,PM-002
CUST-01786,Reyansh,Ganesh,ganeshreyansh786@outlook.com,919345083205,2003-06-22,2022-03-30,PM-003
CUST-01787,Ayesha,Handa,ayesha527@outlook.com,918794918035,1994-11-01,2023-05-05,PM-004
CUST-01788,Aarush,Zachariah,zachariahaarush415@gmail.com,918550264605,1998-06-15,2020-07-03,PM-003
CUST-01789,Tejas,Gandhi,tejas.844@icloud.com,917158429061,1983-12-15,2023-02-04,PM-001
CUST-01790,Adah,Kunda,adah.475@icloud.com,918174906261,1979-03-23,2010-05-31,PM-004
CUST-01791,Baiju,Ghosh,baiju.711@icloud.com,917959197179,1999-03-07,2022-06-12,PM-004
CUST-01792,Keya,Dugar,dugarkeya551@outlook.com,918472249624,2002-03-12,2021-09-01,PM-003
CUST-01793,Anika,Shenoy,shenoyanika994@yahoo.com,917666464136,1988-05-11,2013-03-06,PM-001
CUST-01794,Anika,Kumar,anika_519@outlook.com,918987639386,1986-08-24,2017-10-14,PM-004
CUST-01795,Sara,Taneja,sara_248@hotmail.com,918564264644,1997-01-12,2022-08-27,PM-002
CUST-01796,Onkar,Kaur,onkar.kaur853@outlook.com,918896187277,1987-07-15,2007-05-18,PM-002
CUST-01797,Dhanush,Vora,dhanush_569@gmail.com,917394620091,1983-12-05,2003-07-03,PM-004
CUST-01798,Onkar,Sastry,onkar.sastry796@yahoo.com,918950736975,1987-07-01,2022-06-17,PM-003
CUST-01799,Aarav,Bhandari,aarav.976@icloud.com,918723718886,1977-12-12,2000-09-27,PM-004
CUST-01800,Ishita,Buch,ishita785@yahoo.com,918669290942,2005-07-30,2023-10-01,PM-004
CUST-01801,Riaan,Batta,riaan.205@hotmail.com,919966608700,2004-05-11,2024-03-09,PM-004
CUST-01802,Ahana ,Konda,ahana 616@icloud.com,917708664119,1996-08-15,2021-02-21,PM-004
CUST-01803,Riya,Mangal,riya697@icloud.com,918479381099,1979-09-17,2012-09-15,PM-004
CUST-01804,Yashvi,Barad,yashvi.978@hotmail.com,918242690963,1977-02-08,1996-04-12,PM-003
CUST-01805,Advik,Bhardwaj,bhardwajadvik327@gmail.com,919928336475,1990-07-28,2017-05-21,PM-004
CUST-01806,Neysa,Agrawal,neysa964@icloud.com,918667372655,1999-03-01,2018-08-18,PM-004
CUST-01807,Renee,Mani,renee373@gmail.com,919093235884,1988-11-20,2013-02-16,PM-001
CUST-01808,Kabir,Barad,kabir.363@icloud.com,918227655477,2004-01-25,2022-05-25,PM-003
CUST-01809,Zaina,Bhavsar,zaina.215@outlook.com,919409039688,1992-12-27,2017-03-28,PM-002
CUST-01810,Prisha,Choudhury,choudhuryprisha810@gmail.com,917087344130,1989-05-18,2019-04-14,PM-002
CUST-01811,Vivaan,Dhar,vivaan.dhar511@gmail.com,918417818670,1995-06-06,2018-11-20,PM-001
CUST-01812,Lagan,Chand,lagan722@gmail.com,918993544278,1991-01-20,2014-12-04,PM-001
CUST-01813,Divij,Rajan,divij.rajan102@yahoo.com,917207795045,1987-03-07,2013-10-20,PM-002
CUST-01814,Bhavin,Dar,bhavin.dar124@hotmail.com,917624495924,2003-06-29,2022-04-15,PM-002
CUST-01815,Aradhya,Agarwal,aradhya.agarwal629@yahoo.com,919832186134,1997-03-13,2017-06-17,PM-004
CUST-01816,Anya,Loke,anya.951@yahoo.com,918530159629,1990-07-04,2024-02-02,PM-004
CUST-01817,Tarini,Subramaniam,subramaniamtarini184@icloud.com,917721421201,2005-08-07,2023-11-26,PM-004
CUST-01818,Zaina,Andra,zaina656@hotmail.com,917950273590,1996-11-11,2017-01-23,PM-002
CUST-01819,Indrans,Barman,indrans.barman212@hotmail.com,917540930775,1982-06-22,2005-08-04,PM-002
CUST-01820,Navya,Gupta,guptanavya661@hotmail.com,918671111119,1986-06-22,2005-02-02,PM-002
CUST-01821,Faiyaz,Kar,faiyaz.kar181@gmail.com,917501185179,1984-10-14,2020-03-06,PM-003
CUST-01822,Vihaan,Sem,vihaan_225@hotmail.com,918699377198,1978-08-10,2003-07-31,PM-003
CUST-01823,Himmat,Kannan,kannanhimmat699@gmail.com,917944979515,2006-05-12,2024-05-11,PM-004
CUST-01824,Neysa,Suresh,neysa.suresh260@outlook.com,919181103575,2001-05-17,2022-12-10,PM-002
CUST-01825,Hansh,Deshpande,hansh.976@outlook.com,918430472749,1989-08-08,2015-04-14,PM-004
CUST-01826,Prisha,Doshi,prisha184@outlook.com,918571656722,2006-05-14,2024-05-15,PM-001
CUST-01827,Ayesha,Rao,ayesha354@hotmail.com,917523960777,1979-09-18,2004-05-12,PM-003
CUST-01828,Krish,Sami,krish831@icloud.com,917277422963,1991-08-21,2009-12-25,PM-002
CUST-01829,Purab,Edwin,purab_198@yahoo.com,918970911526,1999-04-14,2021-08-30,PM-001
CUST-01830,Kaira,Ahluwalia,kaira.223@icloud.com,918173025625,2004-04-07,2023-07-18,PM-001
CUST-01831,Vritika,Sankaran,vritika.705@hotmail.com,918045793525,1994-02-21,2022-10-30,PM-003
CUST-01832,Nirvaan,Krishnamurthy,nirvaan.krishnamurthy790@outlook.com,917761271249,1989-06-08,2021-01-29,PM-002
CUST-01833,Navya,Chad,navya.524@yahoo.com,919210015099,1995-11-04,2020-04-20,PM-002
CUST-01834,Abram,Ram,abram.ram495@gmail.com,917960826596,1997-03-18,2016-07-15,PM-003
CUST-01835,Ira,Kannan,ira.905@icloud.com,917690757472,2005-08-09,2023-11-09,PM-001
CUST-01836,Rasha,Walla,rasha.274@hotmail.com,918836381400,2002-03-19,2021-04-29,PM-002
CUST-01837,Nirvi,Madan,nirvi943@hotmail.com,918963315143,1975-08-30,1996-04-12,PM-004
CUST-01838,Nirvi,Bhandari,nirvi.bhandari481@icloud.com,919397607863,1979-01-05,2016-06-13,PM-002
CUST-01839,Charvi,Sani,charvi.652@hotmail.com,919251291791,1986-10-21,2005-01-03,PM-002
CUST-01840,Bhamini,Subramanian,bhamini.subramanian800@outlook.com,919290914084,1986-01-11,2017-02-03,PM-003
CUST-01841,Anahi,Banik,anahi577@outlook.com,917693302481,1992-03-22,2014-10-03,PM-001
CUST-01842,Sana,Konda,sana_696@yahoo.com,917259305361,1982-05-29,2022-12-05,PM-004
CUST-01843,Fateh,Loyal,loyalfateh985@gmail.com,919569563575,1986-01-09,2011-08-13,PM-002
CUST-01844,Ivana,Khanna,khannaivana997@hotmail.com,918065834612,1980-11-27,2013-12-28,PM-001
CUST-01845,Veer,Butala,butalaveer493@outlook.com,918984631302,2002-11-12,2022-07-05,PM-002
CUST-01846,Keya,Salvi,salvikeya960@icloud.com,918719898223,1987-02-16,2017-10-19,PM-004
CUST-01847,Purab,Bawa,purab.951@outlook.com,918869621058,1994-02-10,2013-11-09,PM-002
CUST-01848,Himmat,Kulkarni,himmat.471@hotmail.com,917620276463,1999-09-12,2022-02-03,PM-001
CUST-01849,Krish,Dani,krish.dani334@gmail.com,917634465743,1990-01-24,2010-06-11,PM-002
CUST-01850,Charvi,Doctor,charvi_613@icloud.com,919440588514,1997-11-12,2023-04-01,PM-004
CUST-01851,Bhavin,Bajwa,bhavin.bajwa237@outlook.com,919016295768,1996-01-21,2023-04-02,PM-004
CUST-01852,Ojas,Swamy,ojas.swamy199@hotmail.com,918763530077,1976-08-31,1995-11-27,PM-001
CUST-01853,Indrans,Gole,indrans.gole152@icloud.com,918235080201,1979-01-08,1999-04-16,PM-004
CUST-01854,Ivana,Tiwari,ivana271@gmail.com,919120814652,1987-07-10,2022-07-26,PM-002
CUST-01855,Prisha,Wable,prisha.992@outlook.com,918179289340,1995-10-10,2019-09-10,PM-003
CUST-01856,Vanya,Taneja,vanya.286@outlook.com,918779170989,1998-11-02,2020-03-31,PM-002
CUST-01857,Ira,Boase,ira.632@yahoo.com,919092912996,1976-06-29,2005-03-16,PM-003
CUST-01858,Rasha,Manne,rasha365@yahoo.com,918517212010,1981-01-11,2017-10-15,PM-002
CUST-01859,Lagan,Sastry,lagan_789@yahoo.com,919457825063,1980-04-27,2015-04-18,PM-001
CUST-01860,Oorja,Ahluwalia,ahluwaliaoorja639@gmail.com,917472702795,1977-05-08,2015-05-28,PM-003
CUST-01861,Aarush,Madan,aarush416@hotmail.com,918757144178,1980-07-27,2014-08-03,PM-003
CUST-01862,Anahita,Gara,anahita.517@yahoo.com,917303220307,1976-05-20,2000-09-06,PM-002
CUST-01863,Vidur,Sinha,vidur.sinha695@hotmail.com,919964819063,2006-05-08,2024-05-11,PM-002
CUST-01864,Zeeshan,Deol,zeeshan754@icloud.com,917826062465,2001-10-26,2021-05-30,PM-002
CUST-01865,Gokul,Sodhi,gokul705@icloud.com,918568462924,1976-10-14,2014-11-02,PM-002
CUST-01866,Dishani,Kanda,dishani246@icloud.com,919615132574,1994-09-16,2015-03-16,PM-003
CUST-01867,Reyansh,Jain,jainreyansh797@icloud.com,917390060341,2003-11-24,2023-05-14,PM-002
CUST-01868,Kanav,Dey,kanav.dey419@yahoo.com,917095091682,1996-05-22,2017-10-01,PM-004
CUST-01869,Misha,Badal,misha_899@gmail.com,917589785840,1996-03-02,2021-04-19,PM-002
CUST-01870,Charvi,Sura,charvi_755@yahoo.com,917446310178,1993-07-14,2014-06-24,PM-001
CUST-01871,Vanya,Anne,vanya.anne882@icloud.com,918007913015,1994-05-04,2022-03-31,PM-004
CUST-01872,Rohan,Rastogi,rastogirohan866@outlook.com,917278130663,1994-10-19,2021-10-10,PM-001
CUST-01873,Siya,Sharaf,sharafsiya356@hotmail.com,918586611854,1980-03-08,2012-03-17,PM-002
CUST-01874,Mehul,Kakar,kakarmehul647@yahoo.com,918687174879,1975-02-02,1998-08-13,PM-001
CUST-01875,Rhea,Korpal,rhea104@gmail.com,919809846622,1983-07-30,2012-12-27,PM-001
CUST-01876,Rohan,Golla,rohan_957@yahoo.com,917690939006,2000-07-09,2020-12-03,PM-002
CUST-01877,Anika,Vig,viganika109@gmail.com,917504698250,1998-03-10,2019-08-14,PM-001
CUST-01878,Yashvi,Jayaraman,jayaramanyashvi394@outlook.com,918971539693,1984-08-06,2017-05-04,PM-004
CUST-01879,Manjari,Balay,manjari285@gmail.com,918588124632,2004-06-25,2023-02-25,PM-003
CUST-01880,Yashvi,Ramachandran,yashvi.524@outlook.com,917733496801,1999-11-29,2022-05-13,PM-003
CUST-01881,Ritvik,Mangat,ritvik343@yahoo.com,917542921289,1998-05-17,2017-08-19,PM-001
CUST-01882,Aaryahi,Sarin,aaryahi_587@outlook.com,917758905172,2002-03-11,2024-05-04,PM-002
CUST-01883,Jivin,Kala,jivin.307@hotmail.com,917850632868,1992-11-15,2019-05-17,PM-002
CUST-01884,Stuvan,Kari,stuvan.kari923@icloud.com,918587775872,2002-01-20,2024-03-18,PM-003
CUST-01885,Anvi,Varma,anvi.771@hotmail.com,917008200372,1979-05-11,2002-02-08,PM-003
CUST-01886,Dhanuk,Bath,bathdhanuk824@icloud.com,918561698779,1995-06-04,2018-03-02,PM-003
CUST-01887,Indrajit,Bedi,indrajit.bedi867@icloud.com,918111369915,1985-07-13,2013-10-03,PM-003
CUST-01888,Vihaan,Vig,vihaan_909@hotmail.com,919778821525,1978-10-09,2007-11-15,PM-002
CUST-01889,Divit,Master,divit.master741@yahoo.com,918248993012,1998-06-01,2021-06-25,PM-003
CUST-01890,Jivin,Tripathi,jivin_746@icloud.com,917447268516,1988-06-09,2006-09-09,PM-001
CUST-01891,Nitara,Jhaveri,jhaverinitara145@hotmail.com,918555662905,1990-11-09,2012-02-12,PM-002
CUST-01892,Lakshit,Aurora,auroralakshit295@yahoo.com,919967616489,1994-03-02,2021-02-27,PM-001
CUST-01893,Yuvraj ,Shanker,yuvraj .shanker597@yahoo.com,918771406705,1989-03-22,2009-06-18,PM-001
CUST-01894,Nayantara,Subramaniam,nayantara642@gmail.com,917626700357,2002-02-12,2020-06-27,PM-003
CUST-01895,Lakshay,Gour,lakshay_968@icloud.com,919173844008,1982-08-23,2023-09-09,PM-004
CUST-01896,Vaibhav,Batra,vaibhav_210@hotmail.com,918826347481,1994-06-26,2023-02-22,PM-004
CUST-01897,Navya,Aggarwal,navya326@icloud.com,918343932516,2001-11-27,2020-05-09,PM-002
CUST-01898,Aaryahi,Bath,aaryahi.984@outlook.com,918890776729,1995-08-09,2014-06-24,PM-003
CUST-01899,Veer,Yogi,veer.yogi590@hotmail.com,917499216256,1980-10-04,2005-10-06,PM-002
CUST-01900,Tanya,Chand,tanya.chand397@hotmail.com,918294133148,1990-06-12,2017-08-26,PM-001
CUST-01901,Parinaaz,Talwar,parinaaz.talwar284@outlook.com,919259252731,1985-06-24,2003-07-21,PM-003
CUST-01902,Kabir,Madan,madankabir668@hotmail.com,917071517547,1984-05-10,2008-12-31,PM-001
CUST-01903,Kismat,Bhargava,bhargavakismat864@yahoo.com,918212221841,1983-07-25,2005-08-06,PM-003
CUST-01904,Ishaan,Brahmbhatt,ishaan493@yahoo.com,917396545703,1999-12-28,2019-02-16,PM-003
CUST-01905,Anaya,Tak,anaya.tak140@icloud.com,918945234096,1978-04-14,2018-01-11,PM-002
CUST-01906,Dharmajan,Bhandari,dharmajan_133@gmail.com,918730357495,1996-12-01,2019-12-11,PM-003
CUST-01907,Samar,Chokshi,chokshisamar550@yahoo.com,918686234948,1979-10-24,2010-02-20,PM-002
CUST-01908,Yakshit,Chauhan,yakshit.745@hotmail.com,918397526993,1992-06-07,2024-04-23,PM-004
CUST-01909,Indrajit,Andra,indrajit.andra375@icloud.com,917419258146,1984-04-03,2021-10-11,PM-003
CUST-01910,Nayantara,Tella,nayantara.504@gmail.com,918783600975,1981-07-05,2022-01-04,PM-003
CUST-01911,Tara,Balakrishnan,balakrishnantara728@outlook.com,918784334379,2000-12-23,2021-08-15,PM-001
CUST-01912,Shanaya,Basak,shanaya_450@outlook.com,917332419707,1993-05-11,2014-03-04,PM-003
CUST-01913,Hazel,Bala,balahazel940@outlook.com,917945147307,1977-06-30,2005-11-11,PM-002
CUST-01914,Purab,Thakkar,purab_807@outlook.com,917458653923,1999-02-20,2018-08-31,PM-003
CUST-01915,Anvi,Ahuja,anvi851@yahoo.com,919022142559,2006-03-04,2024-02-28,PM-002
CUST-01916,Aarush,Amble,aarush.amble676@icloud.com,919526484895,2004-01-18,2022-01-14,PM-002
CUST-01917,Hridaan,Raman,hridaan.raman415@gmail.com,918009716543,1976-12-25,1996-12-21,PM-002
CUST-01918,Saksham,Shukla,saksham_394@gmail.com,917207885723,1996-02-02,2015-02-05,PM-003
CUST-01919,Ryan,Toor,ryan.toor380@outlook.com,919478447320,1992-01-25,2022-12-08,PM-004
CUST-01920,Diya,Garg,diya843@outlook.com,919228818874,1994-11-02,2020-01-15,PM-004
CUST-01921,Shlok,Barman,shlok.barman964@icloud.com,918569852368,1977-07-07,1999-07-10,PM-003
CUST-01922,Tarini,Jhaveri,tarini886@yahoo.com,919711103147,1979-10-29,2018-09-09,PM-001
CUST-01923,Zeeshan,Tripathi,zeeshan.703@yahoo.com,918523391151,1974-08-03,2011-11-21,PM-003
CUST-01924,Abram,Madan,madanabram808@gmail.com,919844958682,1974-12-21,2023-12-07,PM-002
CUST-01925,Eva,Sarna,eva.sarna783@gmail.com,919372979712,1976-09-29,2004-08-08,PM-003
CUST-01926,Khushi,Vohra,khushi.vohra991@icloud.com,918761115829,1978-07-13,1998-10-24,PM-003
CUST-01927,Jayesh,Tripathi,jayesh_564@hotmail.com,919172095305,1988-09-13,2012-09-02,PM-003
CUST-01928,Misha,Tailor,tailormisha345@yahoo.com,917444092368,2001-02-26,2022-04-10,PM-003
CUST-01929,Renee,De,renee685@hotmail.com,918677223027,1983-06-10,2005-12-15,PM-001
CUST-01930,Charvi,Chatterjee,charvi_598@yahoo.com,918591489639,1979-09-19,2023-06-20,PM-001
CUST-01931,Kimaya,Ram,kimaya758@icloud.com,918091723337,1991-07-19,2011-08-23,PM-003
CUST-01932,Vihaan,Srinivasan,vihaan.srinivasan359@hotmail.com,918515274779,1985-10-12,2017-11-08,PM-001
CUST-01933,Advika,Loke,advika268@outlook.com,917022881613,1991-12-26,2018-03-04,PM-001
CUST-01934,Zeeshan,Choudhry,zeeshan525@icloud.com,919148200682,1974-08-29,2018-05-05,PM-001
CUST-01935,Samiha,Jhaveri,jhaverisamiha911@yahoo.com,917771524448,1974-07-21,2021-07-22,PM-002
CUST-01936,Yakshit,Chadha,yakshit.835@gmail.com,919342534137,1982-07-06,2023-09-11,PM-002
CUST-01937,Jhanvi,Sabharwal,jhanvi.sabharwal116@outlook.com,918071842468,1992-02-12,2023-12-19,PM-004
CUST-01938,Ishaan,Banerjee,banerjeeishaan690@hotmail.com,919238278550,1976-06-23,2013-11-08,PM-003
CUST-01939,Manjari,De,manjari965@yahoo.com,919234093779,1989-06-20,2010-04-07,PM-003
CUST-01940,Tiya,Chana,tiya.chana219@icloud.com,919450255338,1980-10-21,2006-01-24,PM-002
CUST-01941,Anvi,Virk,anvi_345@icloud.com,917043881728,1978-04-10,2023-02-02,PM-002
CUST-01942,Yakshit,Sankaran,yakshit.548@outlook.com,919645742646,1981-06-10,2011-09-12,PM-004
CUST-01943,Lagan,Master,lagan.511@outlook.com,918127121833,1991-04-18,2022-05-28,PM-003
CUST-01944,Umang,Dua,umang.561@yahoo.com,917135186346,2004-10-09,2023-01-16,PM-004
CUST-01945,Rati,Borra,borrarati602@gmail.com,917574087680,1983-09-15,2006-04-14,PM-002
CUST-01946,Aradhya,Rao,aradhya.187@outlook.com,917153038888,2005-03-05,2023-04-16,PM-004
CUST-01947,Shray,Sethi,shray911@yahoo.com,917581702948,1979-08-16,2023-10-28,PM-001
CUST-01948,Aradhya,Barad,aradhya404@gmail.com,918504334046,1974-09-08,1997-08-15,PM-004
CUST-01949,Aaryahi,Sathe,aaryahi_823@hotmail.com,919502965021,1996-01-10,2021-06-08,PM-003
CUST-01950,Urvi,Cherian,cherianurvi313@yahoo.com,919488195657,2001-09-24,2023-09-21,PM-003
CUST-01951,Vihaan,Majumdar,vihaan247@yahoo.com,918906360628,2003-05-31,2023-03-08,PM-001
CUST-01952,Siya,Karnik,karniksiya329@icloud.com,918563652585,2005-02-07,2023-12-14,PM-004
CUST-01953,Lavanya,Kalita,lavanya.568@hotmail.com,917294228206,1999-11-01,2020-12-19,PM-003
CUST-01954,Adira,Lalla,lallaadira674@gmail.com,918606020527,1999-01-17,2022-05-22,PM-003
CUST-01955,Lakshit,Setty,lakshit_469@icloud.com,918420937380,1982-11-07,2011-10-24,PM-002
CUST-01956,Ishaan,Setty,ishaan_541@outlook.com,919614920419,1980-02-09,2024-02-27,PM-001
CUST-01957,Lakshit,Sant,lakshit229@gmail.com,918243868933,1992-07-02,2023-06-02,PM-001
CUST-01958,Nayantara,Sahni,nayantara.208@yahoo.com,917005391113,1978-08-10,2004-04-06,PM-004
CUST-01959,Eshani,Hora,eshani.504@yahoo.com,917879124021,1990-07-20,2012-11-01,PM-003
CUST-01960,Biju,Soni,sonibiju175@outlook.com,918721846524,1981-01-14,2003-02-28,PM-002
CUST-01961,Alisha,Garde,alisha_985@hotmail.com,918370570622,1978-05-19,1998-11-13,PM-002
CUST-01962,Kashvi,Bhandari,kashvi.341@outlook.com,917446636699,1975-12-24,1996-08-13,PM-003
CUST-01963,Armaan,Kala,armaan_495@icloud.com,919716850551,2005-12-19,2024-04-02,PM-002
CUST-01964,Alisha,Rajan,rajanalisha877@icloud.com,919409197358,1995-12-19,2014-08-11,PM-001
CUST-01965,Kaira,Baria,bariakaira160@outlook.com,918148649832,1977-03-13,2020-07-11,PM-001
CUST-01966,Adira,Balasubramanian,adira.balasubramanian682@outlook.com,917627555382,2003-10-17,2024-03-20,PM-002
CUST-01967,Zara,Kumer,zara193@hotmail.com,917549787036,1975-10-29,2012-10-27,PM-001
CUST-01968,Tushar,Bhalla,tushar353@outlook.com,917664710229,1985-11-18,2009-02-13,PM-003
CUST-01969,Adira,Grover,adira_912@gmail.com,919876078532,1975-10-25,1996-09-24,PM-002
CUST-01970,Suhana,Dutt,duttsuhana711@hotmail.com,917468269209,1979-04-30,2012-04-25,PM-004
CUST-01971,Nehmat,Gandhi,nehmat_270@hotmail.com,919833768541,2002-08-21,2024-03-09,PM-001
CUST-01972,Khushi,Yohannan,yohannankhushi989@gmail.com,918963491067,2002-05-24,2023-09-17,PM-002
CUST-01973,Kaira,Vohra,kaira.vohra484@yahoo.com,917463747471,2005-06-14,2024-01-22,PM-002
CUST-01974,Jayan,Kala,jayan_467@outlook.com,918760532403,1986-06-04,2008-08-08,PM-002
CUST-01975,Akarsh,Ram,akarsh.728@outlook.com,919731391239,1991-11-01,2013-11-06,PM-004
CUST-01976,Madhup,Dhingra,madhup521@hotmail.com,919978661885,1990-09-19,2018-02-12,PM-002
CUST-01977,Advik,Vora,advik.vora397@gmail.com,917531188759,1981-12-22,2018-05-05,PM-003
CUST-01978,Amani,Kade,amani819@icloud.com,918310490281,1989-03-22,2015-06-21,PM-004
CUST-01979,Mahika,Dhaliwal,mahika.824@hotmail.com,918829558120,1981-07-11,2002-05-12,PM-003
CUST-01980,Seher,Khatri,seher_378@icloud.com,918842514964,1988-11-03,2017-04-21,PM-003
CUST-01981,Heer,Baria,heer464@gmail.com,918307668782,1991-12-26,2023-03-19,PM-001
CUST-01982,Veer,Chand,veer988@yahoo.com,919964163611,1988-02-27,2009-07-20,PM-004
CUST-01983,Rania,Hans,rania211@gmail.com,919786993014,2002-07-01,2020-07-02,PM-002
CUST-01984,Shamik,Warrior,warriorshamik438@outlook.com,919358485137,1981-06-08,2007-11-09,PM-004
CUST-01985,Adah,Barad,adah.105@yahoo.com,917709726159,2004-06-23,2023-08-07,PM-001
CUST-01986,Shlok,Subramaniam,shlok_779@yahoo.com,917599045635,1974-09-02,2019-11-06,PM-002
CUST-01987,Zaina,Jani,zaina.jani331@icloud.com,918304906364,1984-12-14,2010-04-29,PM-004
CUST-01988,Ryan,Doshi,ryan_468@gmail.com,918252967794,1979-10-04,2005-01-29,PM-002
CUST-01989,Ishaan,Aurora,ishaan.aurora112@yahoo.com,918611793980,1989-04-27,2021-12-02,PM-003
CUST-01990,Gokul,Sastry,gokul.727@hotmail.com,919830631682,2005-11-24,2023-12-02,PM-002
CUST-01991,Kashvi,Kannan,kannankashvi555@gmail.com,919718927223,1975-04-20,2004-12-11,PM-002
CUST-01992,Jayan,Mangat,jayan802@gmail.com,917745505301,1977-01-22,1999-10-04,PM-004
CUST-01993,Romil,Bajaj,romil_223@icloud.com,917827877393,1975-11-17,2023-04-17,PM-001
CUST-01994,Eshani,Devan,eshani_164@yahoo.com,917815928749,1989-01-26,2017-01-27,PM-004
CUST-01995,Amira,Dash,amira.910@icloud.com,919177133080,1988-10-05,2006-11-27,PM-004
CUST-01996,Umang,Chaudhari,umang_542@outlook.com,918389058098,1980-10-03,2021-03-10,PM-002
CUST-01997,Saira,Hayer,saira.706@gmail.com,918056244921,2005-09-12,2023-12-19,PM-004
CUST-01998,Mannat,Karan,mannat927@hotmail.com,919545369416,1999-05-06,2020-06-06,PM-002
CUST-01999,Dharmajan,Mahajan,mahajandharmajan278@yahoo.com,917128457405,1991-01-24,2009-11-06,PM-004
CUST-02000,Dhanuk,Sharma,dhanuk652@hotmail.com,918551848006,1979-03-27,2003-04-11,PM-004
CUST-02001,Ishaan,Acharya,ishaan_472@icloud.com,917941406307,1990-10-19,2019-03-19,PM-001
CUST-02002,Jhanvi,Yohannan,jhanvi.yohannan667@gmail.com,919036336219,1997-04-01,2017-03-05,PM-003
CUST-02003,Ahana ,Ravel,ahana 996@icloud.com,917704841604,1997-06-06,2019-05-16,PM-001
CUST-02004,Purab,Bir,purab.159@outlook.com,918534108281,1983-07-24,2009-11-29,PM-004
CUST-02005,Sara,Varghese,sara446@hotmail.com,919824237324,1983-03-29,2010-05-17,PM-002
CUST-02006,Stuvan,Kanda,kandastuvan965@hotmail.com,917695625722,1987-09-30,2016-04-14,PM-002
CUST-02007,Nirvaan,Ram,nirvaan.348@yahoo.com,917365382051,1999-11-29,2020-11-12,PM-003
CUST-02008,Rhea,Balakrishnan,rhea517@icloud.com,918565695505,1975-05-05,2006-07-10,PM-002
CUST-02009,Indranil,Dhar,dharindranil123@icloud.com,919056696080,1999-08-12,2021-03-29,PM-001
CUST-02010,Ela,Bhatia,ela.161@hotmail.com,918071177490,1987-11-19,2011-06-13,PM-004
CUST-02011,Biju,Srinivasan,srinivasanbiju633@icloud.com,919584808831,2003-05-16,2023-09-23,PM-002
CUST-02012,Sahil,Ganesan,sahil.ganesan236@hotmail.com,918943445147,1984-07-24,2014-05-26,PM-004
CUST-02013,Rhea,Bhatia,rhea.bhatia590@gmail.com,918096475116,1978-03-14,2008-04-23,PM-001
CUST-02014,Jhanvi,Ramachandran,jhanvi.309@outlook.com,919383224630,1985-02-13,2011-03-26,PM-004
CUST-02015,Badal,Gola,badal.290@outlook.com,918119785806,1994-07-28,2023-05-23,PM-004
CUST-02016,Sumer,Manda,sumer.manda525@gmail.com,917879500771,1991-02-25,2017-04-18,PM-004
CUST-02017,Anahi,Ramanathan,anahi.990@yahoo.com,919227303193,1996-09-28,2014-12-17,PM-001
CUST-02018,Vivaan,Bumb,bumbvivaan590@hotmail.com,919442756395,1981-12-06,2022-08-25,PM-001
CUST-02019,Hiran,Yohannan,hiran690@hotmail.com,917995292784,1996-11-27,2019-10-20,PM-004
CUST-02020,Alisha,Wali,alisha.598@yahoo.com,919464423223,2004-05-27,2022-12-11,PM-002
CUST-02021,Ishita,Bhardwaj,bhardwajishita805@hotmail.com,918667910782,1981-04-14,2018-06-30,PM-003
CUST-02022,Aaina,Singh,aaina.599@outlook.com,917859988170,1994-08-19,2016-04-27,PM-003
CUST-02023,Taimur,Chander,taimur757@gmail.com,917224718318,2005-09-05,2023-12-25,PM-004
CUST-02024,Ahana ,Sastry,ahana _503@icloud.com,918335108293,2001-07-29,2021-05-31,PM-001
CUST-02025,Mannat,Dua,mannat_914@gmail.com,919579724980,1979-03-17,2014-12-02,PM-004
CUST-02026,Anaya,Bedi,anaya_648@yahoo.com,919647500764,1987-05-29,2014-01-13,PM-004
CUST-02027,Vedika,Keer,keervedika188@yahoo.com,918561529680,1999-12-23,2021-04-08,PM-004
CUST-02028,Priyansh,Bhattacharyya,priyansh.562@gmail.com,919792179870,1999-04-16,2020-10-19,PM-002
CUST-02029,Zain,Madan,zain485@hotmail.com,917095045512,1997-07-18,2017-09-04,PM-003
CUST-02030,Ranbir,Setty,ranbir.111@gmail.com,917493956647,1975-10-27,2016-01-22,PM-004
CUST-02031,Nayantara,Master,nayantara.437@hotmail.com,919176822639,2000-06-07,2021-03-30,PM-003
CUST-02032,Faiyaz,Chaudhary,faiyaz.chaudhary963@yahoo.com,919288825477,1999-08-07,2020-02-17,PM-004
CUST-02033,Piya,Varkey,piya_735@hotmail.com,918569878463,1985-11-10,2008-02-05,PM-004
CUST-02034,Urvi,Barad,urvi.barad215@icloud.com,917584612843,1985-02-08,2020-06-11,PM-004
CUST-02035,Anay,Kakar,anay_876@icloud.com,919709775332,2005-05-15,2024-05-25,PM-001
CUST-02036,Chirag,Gour,chirag785@hotmail.com,917523017403,1979-11-21,2003-11-17,PM-003
CUST-02037,Oorja,Sidhu,oorja.sidhu130@outlook.com,919185369238,1990-09-06,2022-01-30,PM-002
CUST-02038,Mannat,Basu,mannat532@gmail.com,918113800426,1998-11-22,2017-07-31,PM-002
CUST-02039,Nirvaan,Brahmbhatt,nirvaan.508@gmail.com,918857334061,1981-10-03,2000-05-08,PM-002
CUST-02040,Ayesha,Bhattacharyya,ayesha_229@hotmail.com,918944002203,2005-02-27,2024-04-21,PM-002
CUST-02041,Shanaya,Bhandari,bhandarishanaya586@outlook.com,917684222453,1988-10-12,2020-02-01,PM-004
CUST-02042,Anya,Madan,anya.madan890@gmail.com,917264853106,1988-06-08,2010-05-20,PM-004
CUST-02043,Riya,Shanker,riya216@icloud.com,919146955069,2000-12-22,2021-02-08,PM-004
CUST-02044,Zeeshan,Bahri,zeeshan639@icloud.com,918605450234,2003-03-05,2024-05-06,PM-003
CUST-02045,Dishani,Chand,chanddishani661@gmail.com,919342273397,1984-03-14,2021-03-12,PM-003
CUST-02046,Arnav,Shenoy,arnav_161@yahoo.com,918342785240,1998-11-18,2023-01-29,PM-002
CUST-02047,Anay,Mani,anay894@icloud.com,919783186118,1979-10-18,1997-12-20,PM-003
CUST-02048,Bhavin,Kale,kalebhavin757@hotmail.com,919695621760,2003-11-13,2023-12-09,PM-002
CUST-02049,Inaaya ,Issac,issacinaaya 861@gmail.com,919757110616,2002-05-11,2020-09-07,PM-004
CUST-02050,Stuvan,Agrawal,agrawalstuvan337@icloud.com,918913624353,1979-07-26,2017-10-05,PM-002
CUST-02051,Fateh,Sule,sulefateh668@icloud.com,917288022776,1998-06-12,2019-03-14,PM-002
CUST-02052,Shaan,Gupta,shaan.gupta471@outlook.com,918344866371,1999-01-31,2024-04-15,PM-003
CUST-02053,Manjari,Krishnan,manjari227@icloud.com,919533689819,2004-04-07,2024-05-21,PM-004
CUST-02054,Adira,Dayal,adira535@gmail.com,917848892546,1990-04-23,2018-08-07,PM-004
CUST-02055,Pari,Sama,samapari455@gmail.com,917504024534,2002-04-11,2022-12-19,PM-002
CUST-02056,Kiara,Behl,kiara_790@icloud.com,918986075009,1985-01-25,2021-12-21,PM-002
CUST-02057,Yuvaan,Suri,yuvaan_467@gmail.com,919231899187,1977-03-07,2008-04-25,PM-002
CUST-02058,Tara,Bahl,tara_508@hotmail.com,918319279539,1976-08-07,1999-09-11,PM-004
CUST-02059,Ehsaan,Tank,tankehsaan168@icloud.com,919838790411,1987-05-17,2007-10-09,PM-004
CUST-02060,Keya,Baria,keya_543@hotmail.com,918920765656,1996-05-12,2021-10-17,PM-003
CUST-02061,Amira,Sethi,amira768@hotmail.com,918242627568,1976-10-05,1998-02-13,PM-002
CUST-02062,Bhamini,Kala,bhamini958@icloud.com,917436815359,1992-10-25,2020-05-15,PM-003
CUST-02063,Kimaya,Shetty,kimaya301@hotmail.com,918413975818,1991-01-17,2024-01-01,PM-003
CUST-02064,Dharmajan,Wable,dharmajan.826@yahoo.com,919275265817,2001-09-19,2023-08-26,PM-004
CUST-02065,Raghav,Sekhon,raghav.114@icloud.com,919272955673,1978-01-04,1999-07-26,PM-003
CUST-02066,Amani,Jhaveri,jhaveriamani850@icloud.com,917402264952,1990-12-29,2016-10-25,PM-001
CUST-02067,Seher,Jain,seher_198@outlook.com,917267894679,1999-07-30,2019-09-06,PM-003
CUST-02068,Shlok,Ramaswamy,shlok_630@icloud.com,917157949513,1991-04-26,2011-10-17,PM-001
CUST-02069,Sumer,Comar,sumer299@outlook.com,919115590179,2005-03-31,2023-09-08,PM-002
CUST-02070,Himmat,Edwin,himmat506@yahoo.com,917321359185,1997-05-28,2020-03-16,PM-004
CUST-02071,Kabir,Loke,kabir.loke773@icloud.com,919687125855,1984-03-18,2022-01-04,PM-001
CUST-02072,Himmat,Shetty,shettyhimmat309@gmail.com,917977503656,1977-05-21,2019-11-23,PM-002
CUST-02073,Ela,Bhakta,ela_173@yahoo.com,917783769952,1995-07-11,2016-03-31,PM-001
CUST-02074,Adah,Ganguly,adah.927@icloud.com,917742384404,2006-04-03,2024-05-10,PM-001
CUST-02075,Tarini,Dey,tarini.894@icloud.com,917721147034,1974-09-10,2011-10-02,PM-004
CUST-02076,Anahi,Lad,anahi.829@hotmail.com,919411876677,2005-10-10,2023-11-06,PM-002
CUST-02077,Hrishita,Sibal,hrishita285@hotmail.com,917167372744,1975-12-25,2016-05-14,PM-003
CUST-02078,Ritvik,Halder,ritvik.halder795@yahoo.com,919235946677,2000-11-15,2021-04-19,PM-003
CUST-02079,Uthkarsh,Majumdar,uthkarsh406@outlook.com,918260646948,1998-01-23,2023-06-26,PM-002
CUST-02080,Veer,Tara,veer216@outlook.com,918080260396,2000-02-04,2018-07-14,PM-002
CUST-02081,Kismat,Sood,kismat.212@hotmail.com,917510376143,1987-05-07,2007-08-02,PM-003
CUST-02082,Mahika,Raman,ramanmahika524@gmail.com,917547915195,2002-07-31,2022-04-11,PM-003
CUST-02083,Lagan,Lall,lagan.lall970@gmail.com,918442911924,2003-06-27,2022-01-17,PM-001
CUST-02084,Aayush,Rao,aayush841@hotmail.com,918816815513,2005-06-07,2024-02-19,PM-003
CUST-02085,Mishti,Chaudhary,mishti.chaudhary350@yahoo.com,918136552659,1978-02-04,2013-03-05,PM-004
CUST-02086,Navya,Dyal,navya.dyal765@outlook.com,917253632549,1981-03-13,2003-11-07,PM-001
CUST-02087,Jayesh,Bera,jayesh802@hotmail.com,918811429411,1996-11-23,2019-06-10,PM-004
CUST-02088,Jivin,Chad,jivin339@yahoo.com,919985406430,1990-10-11,2023-09-01,PM-003
CUST-02089,Yakshit,Handa,handayakshit335@gmail.com,918513030735,1994-12-09,2019-06-03,PM-003
CUST-02090,Adah,Dixit,adah.dixit626@outlook.com,918866886470,2005-10-08,2024-05-05,PM-004
CUST-02091,Rohan,Majumdar,rohan796@icloud.com,917838133509,1986-06-17,2006-05-04,PM-001
CUST-02092,Kartik,Soman,kartik.soman579@yahoo.com,919787869479,1993-05-12,2013-09-29,PM-002
CUST-02093,Manikya,Ramakrishnan,manikya_176@icloud.com,918143694417,1989-08-27,2019-02-14,PM-004
CUST-02094,Seher,Hegde,hegdeseher746@icloud.com,918431293631,2004-09-19,2022-11-24,PM-002
CUST-02095,Umang,Sibal,umang.825@outlook.com,919148236702,1979-03-23,2017-08-08,PM-001
CUST-02096,Bhavin,Cherian,cherianbhavin618@icloud.com,919549940190,1976-09-28,2020-10-01,PM-003
CUST-02097,Shaan,Deep,shaan365@gmail.com,917150081781,1993-04-30,2013-08-30,PM-001
CUST-02098,Dhruv,Arya,dhruv.570@gmail.com,917997903946,1975-01-22,1993-08-03,PM-001
CUST-02099,Taimur,Dora,taimur_767@gmail.com,919986619403,2001-05-26,2021-04-09,PM-004
CUST-02100,Emir,Bhatnagar,emir182@outlook.com,919015326417,2004-02-08,2024-04-10,PM-002
CUST-02101,Priyansh,Lad,priyansh.lad480@yahoo.com,917015486255,2005-08-08,2024-03-09,PM-002
CUST-02102,Khushi,Choudhury,khushi.choudhury538@hotmail.com,919184100194,1981-04-29,2006-01-03,PM-001
CUST-02103,Taran,Ganguly,taran.829@gmail.com,917722689296,1997-04-12,2017-10-04,PM-001
CUST-02104,Saanvi,Gala,saanvi_923@yahoo.com,917172841657,2004-12-08,2023-09-02,PM-001
CUST-02105,Pihu,Dhar,pihu.205@icloud.com,917948282449,2000-12-22,2020-10-31,PM-004
CUST-02106,Piya,Sen,piya.sen930@outlook.com,919457636448,1986-06-06,2012-04-22,PM-003
CUST-02107,Indrajit,Ramaswamy,indrajit324@outlook.com,917297109481,2004-12-13,2024-03-15,PM-002
CUST-02108,Vihaan,Sangha,vihaan_523@outlook.com,918245556436,2001-09-19,2022-02-26,PM-004
CUST-02109,Mahika,Basu,mahika507@yahoo.com,918928208631,1995-01-10,2015-04-16,PM-002
CUST-02110,Raunak,Kara,raunak.kara330@outlook.com,918055669270,1991-09-26,2019-10-28,PM-001
CUST-02111,Ahana ,Gill,ahana 153@yahoo.com,917522616454,1981-02-17,2017-04-15,PM-003
CUST-02112,Baiju,Sibal,baiju.sibal316@icloud.com,917741463915,1980-02-11,2008-01-07,PM-002
CUST-02113,Zoya,Sibal,sibalzoya139@outlook.com,917455379574,1980-04-10,2010-03-31,PM-002
CUST-02114,Indrajit,Mallick,indrajit_433@gmail.com,918618720463,1983-12-10,2012-05-27,PM-002
CUST-02115,Hunar,Ramakrishnan,hunar_263@outlook.com,919400796101,2005-02-27,2023-08-14,PM-004
CUST-02116,Vidur,Ram,vidur679@hotmail.com,918866199011,2001-11-22,2020-08-10,PM-004
CUST-02117,Vidur,Rau,vidur.631@yahoo.com,919641288651,1991-12-27,2014-03-01,PM-003
CUST-02118,Nishith,Sarin,nishith677@outlook.com,917161197611,1994-01-18,2017-06-30,PM-001
CUST-02119,Nehmat,Kata,nehmat160@hotmail.com,919168899052,1995-02-01,2015-07-06,PM-001
CUST-02120,Samaira,Mangat,samaira.mangat303@hotmail.com,918661005760,1984-07-26,2015-01-27,PM-003
CUST-02121,Kanav,Chaudhari,kanav_231@hotmail.com,918754835804,1977-12-05,2002-09-16,PM-002
CUST-02122,Amani,Atwal,amani763@icloud.com,917718150077,1978-07-10,1999-07-21,PM-003
CUST-02123,Jayan,Seth,jayan.seth470@icloud.com,918092790919,1975-12-05,2011-11-03,PM-004
CUST-02124,Nitara,Brahmbhatt,nitara.brahmbhatt662@outlook.com,919491632729,2002-10-26,2023-12-10,PM-002
CUST-02125,Divit,Som,divit.773@icloud.com,917660242675,2003-02-11,2022-09-09,PM-002
CUST-02126,Rania,Borde,rania957@outlook.com,919622566254,1997-12-04,2023-09-16,PM-004
CUST-02127,Ishita,Chad,chadishita878@hotmail.com,918236234640,1995-01-08,2021-02-27,PM-003
CUST-02128,Anaya,Hora,horaanaya807@hotmail.com,917236961987,1978-09-03,1999-08-26,PM-003
CUST-02129,Seher,Kunda,kundaseher730@hotmail.com,917613517294,1988-05-13,2024-01-07,PM-002
CUST-02130,Shalv,Dave,daveshalv678@icloud.com,919445426772,1995-01-15,2023-04-27,PM-001
CUST-02131,Manikya,Hora,manikya.793@gmail.com,917342347412,2005-01-13,2023-07-12,PM-001
CUST-02132,Advika,Bhavsar,advika_539@yahoo.com,919026077734,1975-10-08,2000-12-01,PM-001
CUST-02133,Ela,Saran,saranela895@icloud.com,918064960872,2003-02-18,2022-01-14,PM-002
CUST-02134,Anaya,Rama,anaya.346@gmail.com,918950895179,1999-10-20,2021-03-26,PM-004
CUST-02135,Shray,Borra,shray.745@icloud.com,918198824814,2001-12-24,2020-03-31,PM-003
CUST-02136,Priyansh,Bajwa,priyansh769@outlook.com,919239072072,1989-11-24,2009-10-17,PM-004
CUST-02137,Tara,Mallick,tara_543@hotmail.com,918668450138,1976-01-05,1996-07-17,PM-001
CUST-02138,Aaina,Ratti,aaina.ratti531@yahoo.com,919556569089,2000-11-22,2020-11-04,PM-003
CUST-02139,Bhavin,Bhattacharyya,bhavin_282@gmail.com,919927387215,1987-08-17,2005-11-03,PM-002
CUST-02140,Divit,Hayre,divit468@outlook.com,917653113361,1976-06-04,2001-08-20,PM-002
CUST-02141,Alisha,Mangal,alisha_477@outlook.com,918855592583,2001-01-12,2023-03-27,PM-002
CUST-02142,Anvi,Sampath,anvi_985@hotmail.com,918174932062,1986-12-19,2006-11-12,PM-002
CUST-02143,Pranay,Mangat,pranay.853@hotmail.com,918037400541,1980-06-15,2017-06-11,PM-004
CUST-02144,Purab,Warrior,purab.380@gmail.com,918633355554,1995-07-09,2020-02-15,PM-001
CUST-02145,Aradhya,Halder,aradhya.191@gmail.com,917051024105,1999-01-10,2024-04-02,PM-001
CUST-02146,Kashvi,Garg,gargkashvi815@hotmail.com,918022857379,1982-06-01,2010-11-06,PM-004
CUST-02147,Taimur,Barman,taimur408@hotmail.com,917657267600,2003-11-30,2023-12-14,PM-001
CUST-02148,Hunar,Agarwal,hunar_186@yahoo.com,917809541588,1985-02-23,2017-06-28,PM-001
CUST-02149,Taran,Rajagopal,taran.rajagopal501@icloud.com,917171360252,1987-04-28,2010-04-09,PM-003
CUST-02150,Aradhya,Kumar,aradhya.620@yahoo.com,918259831017,1985-01-16,2004-07-25,PM-003
CUST-02151,Darshit,Deo,darshit.298@yahoo.com,918107581144,1985-10-08,2008-08-01,PM-003
CUST-02152,Aradhya,Luthra,aradhya_379@outlook.com,917850156201,1990-12-29,2024-01-31,PM-002
CUST-02153,Riya,Karnik,riya.karnik578@outlook.com,918188190421,1975-11-29,1996-05-24,PM-004
CUST-02154,Kashvi,Samra,kashvi.134@yahoo.com,917736727819,1979-04-17,2015-10-12,PM-002
CUST-02155,Amira,Mall,amira_955@gmail.com,919563478659,1995-12-22,2021-11-25,PM-001
CUST-02156,Amira,Ramaswamy,ramaswamyamira491@yahoo.com,918023911620,1987-06-29,2024-01-17,PM-001
CUST-02157,Drishya,Deo,drishya837@yahoo.com,917318655692,1998-03-27,2021-10-07,PM-002
CUST-02158,Jivika,Varghese,jivika_554@icloud.com,919976863970,1979-07-25,1999-10-01,PM-001
CUST-02159,Neysa,Luthra,neysa_408@outlook.com,919750951573,1995-05-25,2023-04-15,PM-001
CUST-02160,Ira,Chhabra,ira_749@gmail.com,919130804284,1999-06-18,2017-08-16,PM-001
CUST-02161,Kismat,Shenoy,kismat694@icloud.com,918015014186,1978-08-17,2023-05-08,PM-002
CUST-02162,Vaibhav,Chana,vaibhav.chana998@icloud.com,918168378339,2003-12-28,2023-09-05,PM-001
CUST-02163,Ivan,Balasubramanian,ivan.460@outlook.com,919957303766,1978-06-04,1998-04-07,PM-003
CUST-02164,Zara,Bhalla,bhallazara873@gmail.com,919891231697,2006-03-23,2024-05-15,PM-004
CUST-02165,Oorja,Sule,oorja_382@yahoo.com,918485814375,1999-03-05,2017-07-18,PM-001
CUST-02166,Misha,Gupta,misha_832@hotmail.com,917272704188,2005-12-19,2024-03-27,PM-004
CUST-02167,Gatik,Atwal,gatik_749@yahoo.com,917322617155,1984-08-13,2011-06-02,PM-003
CUST-02168,Samarth,Rattan,samarth.214@yahoo.com,919018449418,1988-02-23,2015-08-01,PM-004
CUST-02169,Riaan,Varughese,riaan.varughese321@outlook.com,917358005714,1999-03-17,2017-11-16,PM-002
CUST-02170,Badal,Borah,badal.404@yahoo.com,918114085243,1990-08-19,2021-04-13,PM-001
CUST-02171,Jiya,Chaudhry,chaudhryjiya849@outlook.com,918450331660,2004-07-26,2024-04-14,PM-003
CUST-02172,Nitya,Agrawal,nitya_100@hotmail.com,918280213077,2005-11-26,2024-03-27,PM-002
CUST-02173,Jayan,Ravel,raveljayan506@outlook.com,917140332900,1994-04-10,2016-08-17,PM-002
CUST-02174,Tara,Handa,tara109@outlook.com,918878396706,1993-01-08,2017-07-26,PM-003
CUST-02175,Aarav,D’Alia,aarav.d’alia593@icloud.com,917170582209,1993-08-05,2014-01-05,PM-004
CUST-02176,Vritika,Bhagat,vritika.bhagat925@outlook.com,919584260890,1992-05-22,2011-08-13,PM-004
CUST-02177,Raghav,Ranganathan,raghav641@yahoo.com,918944063491,1995-02-27,2021-03-11,PM-001
CUST-02178,Jivin,Biswas,jivin588@outlook.com,919813017149,1975-05-13,2019-08-17,PM-003
CUST-02179,Samar,Taneja,samar.267@icloud.com,918927796645,2004-06-17,2023-07-19,PM-001
CUST-02180,Inaaya ,Luthra,inaaya .luthra630@icloud.com,918048832743,1993-04-24,2019-11-22,PM-004
CUST-02181,Azad,Chaudry,azad_156@yahoo.com,917086084232,1982-12-11,2018-08-02,PM-001
CUST-02182,Rasha,Rege,rasha.rege349@outlook.com,918230754254,1990-09-09,2023-03-14,PM-003
CUST-02183,Khushi,Kamdar,kamdarkhushi979@gmail.com,917409092821,1977-08-23,2004-08-17,PM-001
CUST-02184,Stuvan,Sarma,stuvan170@outlook.com,917970702764,1976-07-03,2003-02-13,PM-001
CUST-02185,Shanaya,Hayre,shanaya551@hotmail.com,917959696784,2000-05-08,2023-09-25,PM-003
CUST-02186,Jayan,Jain,jainjayan238@yahoo.com,917360197625,1998-08-21,2022-12-12,PM-001
CUST-02187,Kavya,Zacharia,kavya518@hotmail.com,918707788572,1992-01-11,2024-05-16,PM-001
CUST-02188,Seher,Bhardwaj,bhardwajseher776@gmail.com,918858777990,1989-03-01,2018-04-10,PM-004
CUST-02189,Renee,Chatterjee,renee242@hotmail.com,917620175448,1989-06-13,2019-10-21,PM-001
CUST-02190,Mohanlal,Edwin,mohanlal.698@hotmail.com,918950007570,1983-02-20,2007-09-24,PM-001
CUST-02191,Aarav,Warrior,aarav.322@outlook.com,917608532634,1994-02-02,2017-02-14,PM-002
CUST-02192,Pihu,Konda,pihu.782@yahoo.com,918270742315,1986-09-23,2021-12-30,PM-004
CUST-02193,Myra,Babu,myra199@hotmail.com,919935774141,1994-07-01,2024-04-02,PM-003
CUST-02194,Vihaan,Bala,vihaan.373@yahoo.com,919415373769,1988-02-13,2010-12-16,PM-004
CUST-02195,Ritvik,Korpal,ritvik.korpal381@hotmail.com,917883232595,1975-08-12,1994-07-22,PM-002
CUST-02196,Emir,Sarna,emir316@gmail.com,918997267460,2003-01-27,2023-06-18,PM-003
CUST-02197,Alisha,Divan,alisha.divan624@hotmail.com,919982921818,1991-12-24,2021-01-27,PM-001
CUST-02198,Samiha,Choudhury,samiha_945@yahoo.com,918652809942,1974-06-17,2022-11-27,PM-001
CUST-02199,Alia,Uppal,uppalalia919@icloud.com,919354121124,1993-08-13,2011-10-02,PM-004
CUST-02200,Saanvi,Savant,saanvi.739@gmail.com,918178595545,1996-12-23,2021-06-23,PM-001
CUST-02201,Aayush,Deo,aayush.830@outlook.com,919966535133,1988-07-28,2022-08-05,PM-004
CUST-02202,Tejas,Mahal,tejas337@gmail.com,917725318646,2002-04-28,2023-04-15,PM-004
CUST-02203,Ishita,Comar,ishita_747@outlook.com,918569554431,1984-12-28,2015-10-09,PM-001
CUST-02204,Neelofar,Rajagopalan,rajagopalanneelofar686@outlook.com,918248086673,1989-12-01,2013-04-08,PM-004
CUST-02205,Zara,Goyal,goyalzara738@outlook.com,918377862017,1977-09-20,2020-04-17,PM-003
CUST-02206,Anya,Balasubramanian,balasubramaniananya352@yahoo.com,918111891729,1975-10-21,2021-12-11,PM-003
CUST-02207,Sana,Rau,sana.rau557@gmail.com,917822752607,1978-03-17,2013-11-20,PM-003
CUST-02208,Kimaya,Chada,kimaya_324@hotmail.com,919040537917,1980-12-21,2017-04-27,PM-002
CUST-02209,Shaan,Johal,shaan.859@icloud.com,918790976752,1986-02-15,2013-02-02,PM-003
CUST-02210,Dishani,Vohra,dishani.456@yahoo.com,919887872070,1977-03-16,1999-09-17,PM-001
CUST-02211,Miraya,Doshi,miraya.404@yahoo.com,917254444316,2000-06-16,2023-02-16,PM-002
CUST-02212,Renee,Lanka,renee.622@outlook.com,918491702654,1986-11-24,2022-01-19,PM-002
CUST-02213,Charvi,Halder,charvi.halder495@icloud.com,918995668130,1984-02-21,2011-12-21,PM-002
CUST-02214,Priyansh,Sridhar,priyansh.600@gmail.com,919410160011,2003-03-21,2024-04-08,PM-002
CUST-02215,Ishita,Sani,ishita.329@outlook.com,918882838962,1993-02-03,2014-09-12,PM-002
CUST-02216,Aarna,Banerjee,aarna_825@outlook.com,917503451329,2001-07-31,2021-06-15,PM-001
CUST-02217,Hridaan,Vohra,hridaan_135@outlook.com,917439741907,1974-07-09,2010-04-17,PM-004
CUST-02218,Lakshay,Acharya,lakshay.acharya312@hotmail.com,917015620468,1977-01-04,2011-11-15,PM-001
CUST-02219,Biju,Dhar,dharbiju945@icloud.com,919894602889,1989-10-06,2014-01-12,PM-002
CUST-02220,Neysa,Sankaran,sankaranneysa592@outlook.com,918180235416,1975-02-08,2023-09-15,PM-002
CUST-02221,Fateh,Sarna,fateh_406@hotmail.com,918720522067,1991-02-24,2015-11-04,PM-002
CUST-02222,Parinaaz,Rattan,parinaaz_153@icloud.com,917572236487,1989-09-27,2008-07-15,PM-003
CUST-02223,Jayesh,Tailor,jayesh.222@gmail.com,919167230034,1978-03-15,2000-06-07,PM-001
CUST-02224,Sahil,Chacko,sahil.chacko582@outlook.com,917971467878,1985-10-11,2009-01-15,PM-002
CUST-02225,Kabir,Gaba,kabir_135@gmail.com,917886342658,2002-12-03,2022-10-16,PM-001
CUST-02226,Vihaan,Sahota,vihaan.sahota547@hotmail.com,917984829150,1991-04-08,2018-11-17,PM-003
CUST-02227,Fateh,Chhabra,fateh.865@outlook.com,917349139168,2005-04-17,2023-07-31,PM-002
CUST-02228,Amani,Ramanathan,amani699@gmail.com,918673043870,1993-05-31,2022-07-06,PM-001
CUST-02229,Nitya,Sule,nitya_434@yahoo.com,917590483658,1985-03-05,2020-08-18,PM-003
CUST-02230,Armaan,De,armaan_727@yahoo.com,917822358756,1995-11-29,2018-05-08,PM-003
CUST-02231,Saira,Lad,saira_213@hotmail.com,917662051714,1988-05-01,2018-07-12,PM-004
CUST-02232,Zaina,Arya,zaina.arya720@outlook.com,918613879756,1986-02-25,2019-07-22,PM-001
CUST-02233,Vaibhav,Chada,chadavaibhav252@gmail.com,918557731663,1984-04-05,2014-05-31,PM-004
CUST-02234,Aniruddh,Yohannan,aniruddh_999@yahoo.com,919890001258,1987-06-30,2013-06-03,PM-001
CUST-02235,Madhav,Mander,mandermadhav555@outlook.com,919229298920,1993-09-03,2012-04-08,PM-002
CUST-02236,Ryan,Raval,ryan.367@hotmail.com,918938938675,1991-10-21,2015-12-22,PM-001
CUST-02237,Jivin,Sankar,jivin.sankar949@outlook.com,917392794409,1991-05-18,2012-02-10,PM-001
CUST-02238,Indrans,Ravi,indrans_235@hotmail.com,918586524091,1991-05-06,2017-10-07,PM-001
CUST-02239,Drishya,Contractor,drishya_797@yahoo.com,918011067781,1993-12-10,2014-01-30,PM-004
CUST-02240,Darshit,Mangat,darshit410@yahoo.com,917403404266,1998-11-19,2020-09-07,PM-003
CUST-02241,Myra,Mahal,mahalmyra211@outlook.com,917923059420,1985-03-05,2023-02-07,PM-002
CUST-02242,Nitya,Sood,soodnitya184@gmail.com,919616204633,1974-06-14,1997-10-15,PM-001
CUST-02243,Divit,Kara,divit.kara334@outlook.com,919290585010,1983-08-04,2012-10-14,PM-004
CUST-02244,Amira,Ganguly,amira684@gmail.com,919701902307,1987-11-04,2014-12-31,PM-004
CUST-02245,Ritvik,Solanki,ritvik_607@gmail.com,919158603651,1984-06-18,2019-05-01,PM-003
CUST-02246,Gokul,Hari,gokul.hari455@gmail.com,918655209561,1990-05-17,2010-01-29,PM-004
CUST-02247,Riya,Dash,dashriya419@hotmail.com,917017737831,1983-05-08,2012-12-04,PM-004
CUST-02248,Kavya,Khalsa,kavya885@icloud.com,917110190898,2005-09-05,2024-04-18,PM-002
CUST-02249,Armaan,Devan,armaan_143@hotmail.com,917339115515,1976-06-03,2016-07-19,PM-002
CUST-02250,Mannat,Tripathi,tripathimannat682@icloud.com,919366472276,1991-06-09,2014-01-12,PM-001
CUST-02251,Anaya,Kibe,kibeanaya868@hotmail.com,919046883452,1990-11-28,2022-04-02,PM-003
CUST-02252,Mamooty,Randhawa,randhawamamooty647@outlook.com,918477659087,1986-02-23,2023-11-18,PM-003
CUST-02253,Samarth,Deshpande,samarth.deshpande280@yahoo.com,918341115811,2003-06-10,2023-04-03,PM-004
CUST-02254,Lagan,Verma,lagan_717@icloud.com,918956593888,2005-05-07,2023-08-24,PM-004
CUST-02255,Sahil,Wadhwa,sahil.wadhwa257@gmail.com,917368351800,1990-08-31,2011-11-21,PM-001
CUST-02256,Baiju,Mannan,baiju_778@outlook.com,919314431423,1977-07-21,2013-04-22,PM-001
CUST-02257,Shray,Dhawan,dhawanshray145@gmail.com,918850496721,2006-04-05,2024-06-10,PM-002
CUST-02258,Ishita,Bhalla,bhallaishita597@outlook.com,918770139857,1997-10-20,2021-05-28,PM-003
CUST-02259,Adira,Tella,adira_120@hotmail.com,917888494478,1998-04-27,2018-03-07,PM-001
CUST-02260,Aaina,Goswami,aaina_638@icloud.com,918233794812,1989-01-28,2011-09-08,PM-002
CUST-02261,Ivana,Hegde,ivana592@hotmail.com,918664297138,1982-11-28,2002-02-20,PM-002
CUST-02262,Divit,Vala,valadivit362@hotmail.com,917249117915,1988-10-21,2009-02-05,PM-001
CUST-02263,Vaibhav,Kapoor,vaibhav_329@gmail.com,919553494191,2005-09-21,2024-03-08,PM-004
CUST-02264,Stuvan,Reddy,stuvan.reddy250@yahoo.com,918461925178,1997-12-22,2023-07-21,PM-001
CUST-02265,Samiha,Jani,samiha796@yahoo.com,917227312365,1987-03-13,2011-02-18,PM-001
CUST-02266,Anaya,Soni,anaya241@outlook.com,917661930086,1994-09-12,2013-04-16,PM-002
CUST-02267,Anaya,Rattan,anaya.115@outlook.com,918269482518,1990-08-03,2018-06-27,PM-001
CUST-02268,Jivika,Mandal,jivika.120@gmail.com,919617944110,1991-09-28,2011-10-03,PM-004
CUST-02269,Ojas,Ravel,ojas.ravel251@icloud.com,917137837964,1987-11-30,2021-02-21,PM-004
CUST-02270,Faiyaz,Balan,faiyaz.409@icloud.com,919341320175,2004-12-11,2024-03-08,PM-003
CUST-02271,Taran,Andra,taran_369@outlook.com,917671984554,1995-09-03,2015-01-20,PM-001
CUST-02272,Ivana,Dhawan,ivana.561@yahoo.com,917575152565,2000-11-19,2024-05-11,PM-002
CUST-02273,Faiyaz,Dutta,duttafaiyaz195@hotmail.com,919362865225,1980-04-15,2021-12-21,PM-002
CUST-02274,Aarav,Shetty,aarav_973@icloud.com,919009520412,1976-09-13,2001-07-05,PM-001
CUST-02275,Lagan,Swamy,lagan.225@hotmail.com,918071878181,1985-05-02,2005-04-17,PM-002
CUST-02276,Farhan,Reddy,farhan.reddy705@yahoo.com,917197047938,1992-07-10,2019-02-20,PM-003
CUST-02277,Rasha,Ram,rasha_735@hotmail.com,917319828317,1980-04-08,2021-08-02,PM-004
CUST-02278,Lagan,Jhaveri,lagan762@icloud.com,919106176571,1994-06-14,2017-06-17,PM-003
CUST-02279,Mahika,Chander,mahika563@gmail.com,918248912393,1997-08-19,2022-04-28,PM-001
CUST-02280,Oorja,Kamdar,oorja419@icloud.com,918025397298,1977-11-14,1999-06-22,PM-002
CUST-02281,Divyansh,Kaur,divyansh.146@outlook.com,919834153159,2002-09-07,2020-09-27,PM-003
CUST-02282,Fateh,Saini,fateh.442@yahoo.com,917667579924,1985-09-27,2008-09-01,PM-002
CUST-02283,Saira,Ramachandran,saira.190@outlook.com,917316992989,1983-04-21,2019-01-05,PM-001
CUST-02284,Anika,Iyengar,anika358@icloud.com,918873161668,1975-12-20,2000-04-18,PM-001
CUST-02285,Lagan,Hayer,hayerlagan931@icloud.com,919288682858,1994-09-09,2023-04-14,PM-001
CUST-02286,Shayak,Chakraborty,shayak737@gmail.com,918296422012,1983-10-25,2013-08-12,PM-002
CUST-02287,Vihaan,Singh,vihaan.singh786@yahoo.com,919163069355,1987-04-21,2016-02-12,PM-003
CUST-02288,Uthkarsh,Roy,uthkarsh142@hotmail.com,919404717602,1989-01-16,2018-10-02,PM-002
CUST-02289,Dharmajan,Golla,golladharmajan542@yahoo.com,918952355348,1985-05-18,2004-07-22,PM-001
CUST-02290,Hrishita,Bora,hrishita.bora545@outlook.com,917946484063,2000-05-01,2019-08-21,PM-003
CUST-02291,Aarav,Ramakrishnan,aarav.ramakrishnan738@gmail.com,919719100201,1992-12-22,2013-08-05,PM-004
CUST-02292,Nitara,Bir,nitara_239@outlook.com,919261874040,1984-05-22,2024-02-05,PM-004
CUST-02293,Sumer,Sharma,sharmasumer568@icloud.com,917482476497,2003-12-02,2024-03-09,PM-002
CUST-02294,Anay,Doshi,anay_722@outlook.com,918043610292,1993-03-24,2016-05-24,PM-001
CUST-02295,Saanvi,Basu,saanvi.198@hotmail.com,919291819930,1995-03-26,2018-01-27,PM-002
CUST-02296,Madhup,Hegde,hegdemadhup426@yahoo.com,918617614206,1975-01-10,2019-11-24,PM-003
CUST-02297,Ahana ,Barman,ahana 381@outlook.com,917904850310,1984-04-10,2019-03-11,PM-002
CUST-02298,Nishith,Kapoor,nishith.kapoor894@hotmail.com,917217855611,1989-03-07,2008-06-17,PM-001
CUST-02299,Aaina,Dani,aaina.400@hotmail.com,918590648939,2003-09-11,2023-06-08,PM-002
CUST-02300,Keya,Buch,keya256@icloud.com,917507108329,1997-07-22,2021-12-04,PM-004
CUST-02301,Onkar,Grewal,onkar352@icloud.com,917678630368,1979-01-15,2017-07-15,PM-002
CUST-02302,Nirvi,Bhandari,bhandarinirvi783@hotmail.com,917422285510,1980-09-21,2022-06-10,PM-004
CUST-02303,Hazel,Dey,hazel.796@outlook.com,918885340894,1996-04-07,2023-06-21,PM-002
CUST-02304,Neelofar,Bakshi,neelofar_564@outlook.com,919864110395,1994-12-05,2023-05-12,PM-003
CUST-02305,Madhav,Sani,madhav_871@outlook.com,917163173109,2002-12-23,2021-04-26,PM-003
CUST-02306,Inaaya ,Loke,inaaya 772@icloud.com,919803845046,1993-12-31,2013-05-05,PM-004
CUST-02307,Kimaya,Tailor,kimaya760@icloud.com,917573577235,1985-11-18,2004-09-28,PM-004
CUST-02308,Madhav,Johal,johalmadhav776@outlook.com,917460848305,2002-11-26,2021-01-13,PM-002
CUST-02309,Rhea,Char,rhea.921@icloud.com,919201710142,1988-07-27,2023-06-23,PM-001
CUST-02310,Prisha,Ramakrishnan,prisha.ramakrishnan613@gmail.com,917487690740,2005-09-30,2023-11-18,PM-004
CUST-02311,Ela,Chaudhuri,ela971@outlook.com,918268861699,1991-11-03,2021-02-06,PM-003
CUST-02312,Anahita,Butala,anahita.223@gmail.com,917185050605,2006-02-14,2024-02-14,PM-004
CUST-02313,Indrajit,Bhakta,bhaktaindrajit690@hotmail.com,919991157571,1981-09-04,2001-04-23,PM-002
CUST-02314,Suhana,Lal,suhana_570@yahoo.com,917294696060,1984-05-30,2018-02-23,PM-001
CUST-02315,Miraan,Goswami,miraan.goswami485@hotmail.com,918461690915,1998-06-11,2018-12-07,PM-004
CUST-02316,Alisha,Ratti,alisha_804@outlook.com,918451525605,1990-11-12,2015-11-06,PM-004
CUST-02317,Rasha,Zachariah,zachariahrasha542@icloud.com,917980499775,1984-12-20,2022-09-07,PM-002
CUST-02318,Navya,Gupta,navya.706@hotmail.com,918760925621,1989-05-18,2019-01-11,PM-002
CUST-02319,Kartik,Wable,kartik727@icloud.com,917401620518,1995-09-04,2018-11-05,PM-004
CUST-02320,Aniruddh,Chatterjee,aniruddh_902@yahoo.com,918093591033,1994-05-08,2012-09-11,PM-004
CUST-02321,Elakshi,Dewan,elakshi.591@icloud.com,917316283298,1989-01-08,2011-10-04,PM-004
CUST-02322,Anahita,Goel,anahita773@outlook.com,919416023906,1985-05-05,2015-11-12,PM-004
CUST-02323,Reyansh,Loke,reyansh563@yahoo.com,917821187708,2005-05-14,2024-04-28,PM-003
CUST-02324,Emir,Kata,kataemir823@icloud.com,917005320892,1985-01-25,2013-06-13,PM-004
CUST-02325,Ira,Goswami,ira842@yahoo.com,919177494248,1978-05-13,2016-08-09,PM-001
CUST-02326,Aarna,Zacharia,aarna538@yahoo.com,917311347511,1995-12-08,2017-02-26,PM-001
CUST-02327,Indrajit,Chad,indrajit.570@hotmail.com,919751121234,1976-04-05,2003-07-27,PM-001
CUST-02328,Aayush,Chauhan,aayush.chauhan281@icloud.com,917381782685,1993-03-04,2021-12-01,PM-004
CUST-02329,Tarini,Gade,gadetarini893@hotmail.com,919759948575,2004-12-23,2023-07-06,PM-003
CUST-02330,Eva,Kale,eva.929@hotmail.com,917337486305,1982-11-14,2007-09-27,PM-003
CUST-02331,Shalv,Bera,shalv.bera277@gmail.com,918972102773,1986-03-04,2020-08-26,PM-003
CUST-02332,Nakul,Dhawan,nakul739@hotmail.com,919524551637,1979-07-20,2019-05-07,PM-002
CUST-02333,Nakul,Sama,nakul_187@outlook.com,919500528749,1996-06-15,2016-01-19,PM-001
CUST-02334,Vardaniya,Chandra,vardaniya148@hotmail.com,919039568045,2001-04-28,2021-06-14,PM-001
CUST-02335,Armaan,Dixit,dixitarmaan505@yahoo.com,919237552385,1975-12-06,2001-10-23,PM-002
CUST-02336,Gokul,Goyal,goyalgokul488@hotmail.com,917629484179,2002-07-31,2023-08-23,PM-004
CUST-02337,Aniruddh,Sharaf,aniruddh.sharaf402@outlook.com,918952511350,1987-03-18,2014-07-07,PM-002
CUST-02338,Aaryahi,Virk,aaryahi.virk642@icloud.com,917407662494,1994-07-22,2021-04-16,PM-004
CUST-02339,Diya,Gill,diya486@yahoo.com,918374886456,1982-07-24,2005-08-24,PM-004
CUST-02340,Fateh,Madan,fateh.919@icloud.com,917599380363,1990-09-03,2020-09-18,PM-002
CUST-02341,Aarav,Yogi,aarav.327@hotmail.com,918863647092,1991-09-21,2013-01-26,PM-004
CUST-02342,Faiyaz,Bhandari,bhandarifaiyaz701@hotmail.com,919663308377,1998-03-17,2020-01-02,PM-001
CUST-02343,Suhana,Bedi,bedisuhana914@hotmail.com,919675875814,1991-10-25,2015-04-05,PM-003
CUST-02344,Ira,Agate,ira.agate409@icloud.com,918037374948,1985-04-06,2023-12-25,PM-003
CUST-02345,Mamooty,Rajagopal,mamooty_446@yahoo.com,918408680805,1997-03-13,2020-07-09,PM-003
CUST-02346,Kismat,Randhawa,kismat.randhawa111@outlook.com,919120632231,1986-11-01,2022-01-29,PM-004
CUST-02347,Samaira,Choudhury,samaira.992@yahoo.com,919802337628,1983-05-11,2019-02-15,PM-003
CUST-02348,Vardaniya,Singhal,vardaniya.292@outlook.com,919574411878,1998-11-27,2023-02-01,PM-001
CUST-02349,Aarna,Anne,aarna_904@outlook.com,918877419971,2004-03-17,2024-05-30,PM-003
CUST-02350,Saksham,Bansal,saksham900@yahoo.com,918555466049,1986-02-02,2015-08-03,PM-002
CUST-02351,Lagan,Agrawal,lagan396@outlook.com,918261070222,1996-12-18,2021-05-15,PM-001
CUST-02352,Amani,Kade,amani.214@yahoo.com,919817716037,1997-11-18,2020-04-18,PM-004
CUST-02353,Yakshit,Hans,yakshit_341@hotmail.com,919804619982,1975-03-11,1997-11-05,PM-002
CUST-02354,Eva,Dave,eva_383@icloud.com,917317882973,2001-06-06,2020-09-28,PM-001
CUST-02355,Miraya,Varughese,varughesemiraya592@icloud.com,919630230135,2004-06-13,2024-03-13,PM-002
CUST-02356,Sana,Din,sana.213@hotmail.com,919770541802,2000-01-28,2019-09-08,PM-003
CUST-02357,Hridaan,Madan,hridaan.madan543@gmail.com,919263332404,2004-11-19,2023-07-05,PM-002
CUST-02358,Dhruv,Bhagat,bhagatdhruv642@yahoo.com,919007338869,1976-05-15,1998-08-25,PM-003
CUST-02359,Anvi,Sunder,anvi951@yahoo.com,918992364510,1978-05-09,2003-06-30,PM-003
CUST-02360,Aayush,Gour,aayush.gour619@yahoo.com,919933850614,1986-07-06,2011-02-05,PM-001
CUST-02361,Zeeshan,Madan,madanzeeshan169@hotmail.com,918546271942,1974-06-23,2017-01-08,PM-002
CUST-02362,Priyansh,Raman,priyansh980@outlook.com,918846377063,1978-08-15,2019-03-11,PM-003
CUST-02363,Raghav,Barad,raghav156@yahoo.com,917102705970,1982-12-08,2015-01-01,PM-001
CUST-02364,Zeeshan,Char,zeeshan.char407@hotmail.com,917979699048,1980-04-01,2019-05-07,PM-002
CUST-02365,Advika,Gara,advika.323@icloud.com,917889546102,2003-02-12,2024-02-04,PM-002
CUST-02366,Baiju,Ganesh,baiju.ganesh263@icloud.com,918933187365,1999-09-10,2023-07-13,PM-001
CUST-02367,Jayesh,Srinivas,jayesh.526@outlook.com,919712288237,1988-02-05,2018-03-23,PM-004
CUST-02368,Neysa,Sen,neysa.552@hotmail.com,917300731870,1988-03-23,2010-02-26,PM-003
CUST-02369,Mamooty,Bhatti,mamooty_909@icloud.com,918695561696,1985-04-06,2014-10-12,PM-001
CUST-02370,Riaan,Raj,riaan852@gmail.com,919234367877,2001-11-27,2021-04-05,PM-003
CUST-02371,Shlok,Dutt,shlok_988@hotmail.com,917324062135,1993-10-24,2019-12-26,PM-002
CUST-02372,Nishith,Raval,nishith_709@gmail.com,917425860123,1991-01-09,2013-01-24,PM-003
CUST-02373,Aayush,Sharma,aayush.sharma776@gmail.com,919084494585,1984-10-13,2009-11-29,PM-004
CUST-02374,Rania,Chand,rania543@outlook.com,919265019396,1999-12-01,2020-04-24,PM-003
CUST-02375,Saksham,Ranganathan,saksham.ranganathan171@yahoo.com,917452814944,1998-01-25,2023-03-20,PM-002
CUST-02376,Ivana,Ghose,ivana943@outlook.com,918961402501,1985-11-23,2004-09-01,PM-003
CUST-02377,Vivaan,Bhavsar,bhavsarvivaan651@gmail.com,919917181425,2000-09-19,2022-04-06,PM-004
CUST-02378,Vritika,Badami,vritika.badami857@yahoo.com,917426333677,1984-08-19,2011-05-21,PM-001
CUST-02379,Taran,Tandon,taran194@icloud.com,919876687401,1996-01-18,2014-08-21,PM-003
CUST-02380,Elakshi,Ram,elakshi.661@icloud.com,918899803378,1976-05-31,2012-10-20,PM-001
CUST-02381,Mamooty,Dhaliwal,mamooty.dhaliwal987@yahoo.com,918496273462,1988-03-04,2019-07-15,PM-004
CUST-02382,Anahita,Boase,anahita.boase737@outlook.com,919981267480,1985-11-02,2017-02-01,PM-002
CUST-02383,Veer,Chanda,veer322@icloud.com,919133061678,1979-02-02,2008-03-10,PM-002
CUST-02384,Nakul,Raja,nakul_620@gmail.com,917066963407,1988-07-05,2023-12-22,PM-002
CUST-02385,Ira,Chakraborty,ira.chakraborty471@hotmail.com,917119226712,1985-09-24,2019-05-24,PM-001
CUST-02386,Aniruddh,Seshadri,aniruddh.seshadri412@gmail.com,917932135323,1986-09-24,2020-10-02,PM-001
CUST-02387,Rasha,Sura,rasha.sura640@icloud.com,918702019111,1993-01-29,2021-03-12,PM-002
CUST-02388,Advika,Din,advika.din294@outlook.com,917095560835,1975-05-01,1994-06-18,PM-002
CUST-02389,Shaan,Kala,shaan.686@hotmail.com,918900624621,1988-07-03,2006-10-04,PM-002
CUST-02390,Anaya,Ramachandran,anaya.722@gmail.com,918498303640,1976-05-15,2015-01-21,PM-004
CUST-02391,Myra,Deshpande,myra.329@icloud.com,919176595052,1998-01-17,2024-02-09,PM-004
CUST-02392,Shalv,Sarraf,shalv_221@hotmail.com,917334734383,1996-08-14,2020-05-17,PM-001
CUST-02393,Aaryahi,Kara,aaryahi_340@gmail.com,917063087979,1985-02-20,2011-12-02,PM-004
CUST-02394,Stuvan,Char,charstuvan437@gmail.com,917134910003,1988-10-06,2015-09-02,PM-003
CUST-02395,Faiyaz,Srinivas,faiyaz992@yahoo.com,919990400851,2005-09-02,2023-10-07,PM-001
CUST-02396,Divit,Dubey,divit.dubey163@outlook.com,917624161554,1976-02-28,2015-01-03,PM-004
CUST-02397,Jayant,Kala,jayant911@icloud.com,919771563882,1984-04-03,2009-09-06,PM-002
CUST-02398,Nirvi,Raval,nirvi381@yahoo.com,919143428697,1975-07-21,2019-03-18,PM-004
CUST-02399,Saanvi,Krishnamurthy,saanvi.356@gmail.com,917547647551,1977-04-26,2017-02-25,PM-004
CUST-02400,Emir,Manne,emir.manne153@outlook.com,919470344705,2002-03-20,2022-09-05,PM-004
CUST-02401,Samar,Khanna,samar983@icloud.com,919333927205,1991-04-21,2020-03-20,PM-002
CUST-02402,Advika,Upadhyay,advika_300@hotmail.com,917528611000,1982-03-18,2009-05-15,PM-001
CUST-02403,Kanav,Rao,kanav.434@yahoo.com,919140634124,1989-03-20,2020-01-23,PM-004
CUST-02404,Madhav,Rau,madhav205@outlook.com,919812665952,1994-12-14,2013-06-15,PM-001
CUST-02405,Aayush,Lad,aayush_663@gmail.com,919298708959,1986-05-17,2017-02-11,PM-001
CUST-02406,Kanav,Gill,kanav.gill598@hotmail.com,917178149579,1990-01-04,2010-03-06,PM-004
CUST-02407,Hansh,Thaman,hansh801@icloud.com,917515105189,1974-12-07,2021-01-29,PM-002
CUST-02408,Manikya,Kashyap,manikya_305@hotmail.com,917049061335,1983-10-09,2004-04-28,PM-001
CUST-02409,Miraan,Suri,miraan_992@gmail.com,917810259137,2005-09-11,2024-02-12,PM-002
CUST-02410,Sara,Vaidya,sara.144@outlook.com,919071654655,1997-06-28,2022-03-24,PM-003
CUST-02411,Devansh,Gade,devansh_632@icloud.com,918120770848,1992-02-14,2022-12-10,PM-003
CUST-02412,Yashvi,Apte,yashvi.271@hotmail.com,919615154522,1998-01-01,2021-09-14,PM-002
CUST-02413,Dhanush,Ganesan,dhanush685@gmail.com,919442060824,1982-08-04,2017-04-14,PM-003
CUST-02414,Trisha,Kumer,trisha.864@outlook.com,917783019709,1979-08-30,2014-06-22,PM-003
CUST-02415,Saira,Agrawal,saira_451@icloud.com,918916449381,1988-03-14,2011-09-11,PM-001
CUST-02416,Umang,Mane,umang.mane441@outlook.com,917937597392,1989-07-19,2015-08-29,PM-002
CUST-02417,Jayant,Korpal,jayant111@yahoo.com,917835415659,1981-06-28,2024-02-09,PM-002
CUST-02418,Uthkarsh,Garde,gardeuthkarsh699@yahoo.com,918054270419,1996-03-20,2015-06-02,PM-004
CUST-02419,Umang,Badami,umang925@gmail.com,918380734660,1981-09-17,2009-10-30,PM-001
CUST-02420,Anay,Mangal,anay_154@icloud.com,917567727061,1985-01-31,2006-12-26,PM-004
CUST-02421,Adira,Upadhyay,adira_339@yahoo.com,918187342141,1997-07-14,2022-04-08,PM-004
CUST-02422,Nirvi,Sharma,nirvi_176@outlook.com,917589984003,1987-05-13,2023-03-02,PM-004
CUST-02423,Hiran,Amble,hiran_785@hotmail.com,918607759458,2001-06-28,2022-07-14,PM-004
CUST-02424,Eshani,Bassi,eshani498@yahoo.com,917184011743,1975-03-31,2016-05-21,PM-002
CUST-02425,Gatik,Wali,gatik_417@icloud.com,918768300082,1991-07-06,2015-07-24,PM-002
CUST-02426,Siya,Chadha,siya979@outlook.com,918724953217,2004-09-11,2024-02-06,PM-001
CUST-02427,Ela,Saha,ela.saha799@hotmail.com,918383975712,1975-06-16,1998-08-26,PM-001
CUST-02428,Kashvi,Shroff,kashvi641@hotmail.com,918726293483,1983-05-03,2009-12-19,PM-004
CUST-02429,Tejas,Guha,tejas.guha685@gmail.com,918799736272,1989-08-17,2023-03-18,PM-002
CUST-02430,Adira,Borra,borraadira263@yahoo.com,917593959731,1992-04-11,2017-11-06,PM-004
CUST-02431,Kavya,Malhotra,kavya298@hotmail.com,918078944358,1986-04-19,2008-03-05,PM-002
CUST-02432,Diya,Bhatt,diya704@hotmail.com,918501411795,1998-07-13,2023-07-06,PM-004
CUST-02433,Hridaan,Deshpande,hridaan.deshpande199@yahoo.com,917106973330,1994-10-07,2021-09-09,PM-003
CUST-02434,Neysa,Krishnamurthy,neysa177@gmail.com,918593545336,1977-12-24,2015-12-25,PM-004
CUST-02435,Indranil,Varughese,varugheseindranil384@yahoo.com,919075540295,1975-04-30,2000-03-24,PM-004
CUST-02436,Jayan,Bains,jayan510@hotmail.com,919158480907,2000-04-17,2022-12-07,PM-003
CUST-02437,Anya,Shetty,anya207@hotmail.com,919731317139,1998-03-25,2019-03-30,PM-003
CUST-02438,Renee,Bakshi,renee.997@yahoo.com,918901981823,1988-02-21,2015-07-27,PM-004
CUST-02439,Anahi,Vig,anahi.vig896@hotmail.com,917971724653,1994-04-09,2023-08-14,PM-001
CUST-02440,Divij,Aggarwal,divij431@icloud.com,919713538055,1991-12-12,2011-07-04,PM-003
CUST-02441,Dharmajan,Vora,voradharmajan719@hotmail.com,917411619156,1981-09-10,2019-05-02,PM-004
CUST-02442,Anika,Walia,anika_579@outlook.com,919342684573,1992-07-15,2021-05-13,PM-004
CUST-02443,Alia,Sibal,alia_585@icloud.com,918360974632,1986-10-02,2010-10-24,PM-001
CUST-02444,Elakshi,Korpal,elakshi_938@icloud.com,919079886874,1975-12-24,2012-07-09,PM-001
CUST-02445,Umang,Chad,chadumang976@hotmail.com,918677818362,2004-03-26,2023-08-25,PM-002
CUST-02446,Prisha,Khosla,prisha772@hotmail.com,917231798038,1986-02-16,2017-07-11,PM-001
CUST-02447,Prerak,Bajwa,bajwaprerak212@yahoo.com,917410265815,1990-11-29,2009-11-15,PM-001
CUST-02448,Shayak,Bir,birshayak604@hotmail.com,917486546919,1980-07-10,2014-02-22,PM-003
CUST-02449,Advika,Khare,khareadvika119@hotmail.com,918741584567,1983-11-30,2005-10-03,PM-001
CUST-02450,Indranil,Choudhry,choudhryindranil660@hotmail.com,918319133772,1995-11-20,2022-07-24,PM-001
CUST-02451,Azad,Gera,azad.gera530@icloud.com,917845837211,1981-02-02,1999-03-30,PM-001
CUST-02452,Advika,Kulkarni,advika.kulkarni714@icloud.com,919191183243,1989-09-21,2019-07-24,PM-001
CUST-02453,Saksham,Jain,jainsaksham208@hotmail.com,918616543605,2005-03-17,2024-04-08,PM-002
CUST-02454,Tanya,Krishna,tanya873@gmail.com,919930286157,1985-08-07,2020-07-12,PM-002
CUST-02455,Hiran,Kadakia,hiran.kadakia342@icloud.com,919392289412,1982-06-03,2007-10-11,PM-002
CUST-02456,Raghav,Venkataraman,raghav.venkataraman970@outlook.com,919925746807,1995-10-26,2023-01-10,PM-002
CUST-02457,Manjari,Sankaran,manjari.632@gmail.com,918803125380,1990-11-08,2010-12-22,PM-002
CUST-02458,Aradhya,Dube,aradhya.625@yahoo.com,918197676936,1978-05-01,1999-08-10,PM-003
CUST-02459,Manjari,Luthra,manjari_268@yahoo.com,917669443142,1996-02-12,2023-08-06,PM-001
CUST-02460,Bhamini,Bhattacharyya,bhamini.bhattacharyya975@yahoo.com,918724672162,1983-06-27,2022-11-15,PM-001
CUST-02461,Hazel,Manda,hazel109@gmail.com,917425702773,1994-01-29,2022-04-20,PM-003
CUST-02462,Devansh,Lall,devansh.lall160@outlook.com,917606272464,2000-09-22,2023-01-03,PM-003
CUST-02463,Umang,Kulkarni,umang.232@icloud.com,919232091717,1982-01-23,2002-10-22,PM-004
CUST-02464,Taimur,Ram,taimur.ram577@icloud.com,919223920198,1975-09-10,2002-09-07,PM-001
CUST-02465,Ritvik,Andra,ritvik.785@hotmail.com,918281174545,1975-01-17,2012-09-04,PM-004
CUST-02466,Uthkarsh,Sawhney,uthkarsh722@icloud.com,919356045876,1993-03-01,2016-10-26,PM-002
CUST-02467,Aayush,Bedi,bediaayush212@yahoo.com,919030397473,1995-12-27,2014-08-30,PM-002
CUST-02468,Nirvi,Sunder,nirvi420@icloud.com,918011701464,1974-09-19,1999-02-18,PM-004
CUST-02469,Aarush,Kohli,aarush.494@icloud.com,918844427912,1991-02-20,2010-07-20,PM-002
CUST-02470,Bhamini,Sundaram,sundarambhamini918@hotmail.com,917647865105,1990-08-12,2013-02-26,PM-003
CUST-02471,Pari,Kari,pari_134@hotmail.com,917299567067,1978-08-27,2020-04-11,PM-002
CUST-02472,Charvi,Deo,deocharvi386@outlook.com,917929467939,1985-03-29,2024-04-06,PM-001
CUST-02473,Chirag,Dhar,dharchirag175@icloud.com,917119365103,1996-01-19,2017-12-13,PM-004
CUST-02474,Uthkarsh,Dhawan,uthkarsh.dhawan847@icloud.com,919909014370,1976-09-08,1997-05-01,PM-002
CUST-02475,Kiaan,Agate,kiaan379@hotmail.com,918370074058,2006-01-19,2024-05-28,PM-003
CUST-02476,Pranay,Randhawa,pranay_216@gmail.com,917678800235,1983-03-26,2006-12-12,PM-002
CUST-02477,Samaira,Bakshi,samaira.909@gmail.com,917531102455,2005-09-23,2024-05-11,PM-003
CUST-02478,Ishaan,Shere,ishaan.897@outlook.com,918601205955,1975-04-19,2020-11-29,PM-002
CUST-02479,Miraan,Ben,miraan.ben286@icloud.com,918095582757,1978-05-26,2016-03-29,PM-001
CUST-02480,Nayantara,Hegde,nayantara381@gmail.com,918745794773,1989-05-06,2015-08-22,PM-004
CUST-02481,Neysa,Gopal,neysa585@outlook.com,917649537449,1982-04-23,2018-05-08,PM-001
CUST-02482,Nishith,Ghose,nishith.695@icloud.com,917300485011,1995-09-05,2016-11-04,PM-002
CUST-02483,Saira,Ben,saira_115@yahoo.com,919138465680,1981-02-20,2014-12-07,PM-003
CUST-02484,Anya,Ratta,anya_688@hotmail.com,918138448446,2000-05-01,2021-06-15,PM-003
CUST-02485,Armaan,Wali,armaan_886@hotmail.com,918945602716,1979-10-24,2010-02-23,PM-003
CUST-02486,Samiha,Manda,samiha_658@outlook.com,917741781563,1992-05-08,2022-12-15,PM-004
CUST-02487,Oorja,Rastogi,oorja879@icloud.com,917818948448,1985-11-04,2010-08-09,PM-002
CUST-02488,Aradhya,Borra,aradhya_975@yahoo.com,918170338961,1980-05-08,2011-09-21,PM-003
CUST-02489,Oorja,Bajaj,oorja.bajaj886@hotmail.com,918076728202,1983-05-06,2014-04-20,PM-002
CUST-02490,Vritika,Sarin,vritika799@outlook.com,918025106589,1994-07-13,2015-12-01,PM-003
CUST-02491,Sumer,Dhingra,sumer.646@yahoo.com,919317790012,1998-10-26,2019-04-04,PM-002
CUST-02492,Madhup,Rajagopalan,madhup.rajagopalan165@icloud.com,918709099984,1986-07-26,2014-03-14,PM-002
CUST-02493,Jayant,Khosla,khoslajayant287@outlook.com,917718545979,1990-05-23,2022-01-19,PM-004
CUST-02494,Taran,Seth,taran.602@gmail.com,919074778085,1976-05-08,2023-05-02,PM-004
CUST-02495,Lavanya,Sastry,lavanya_672@icloud.com,917629335050,1981-11-11,2024-06-02,PM-004
CUST-02496,Nayantara,Shetty,nayantara.655@icloud.com,919105836918,2006-03-13,2024-04-30,PM-004
CUST-02497,Anya,Deshpande,deshpandeanya738@outlook.com,917144258700,1992-04-19,2021-08-29,PM-003
CUST-02498,Amani,Chada,amani599@icloud.com,919766530492,2000-08-07,2021-11-05,PM-002
CUST-02499,Tushar,Kata,tushar394@outlook.com,918978643450,1978-05-12,2013-03-28,PM-003
CUST-02500,Vritika,Wagle,vritika.wagle414@icloud.com,917599207181,2000-04-19,2018-10-10,PM-002
CUST-02501,Chirag,Loyal,chirag.332@yahoo.com,917852788882,1986-01-29,2004-08-19,PM-002
CUST-02502,Ranbir,Dewan,ranbir_325@hotmail.com,918663053257,1987-10-21,2016-09-04,PM-004
CUST-02503,Ranbir,Chatterjee,chatterjeeranbir787@icloud.com,918873279316,1994-12-16,2023-08-25,PM-004
CUST-02504,Khushi,Mane,khushi_121@icloud.com,917010786325,1994-05-15,2014-11-08,PM-001
CUST-02505,Yuvraj ,Kota,yuvraj .891@outlook.com,917812929218,1989-12-14,2011-01-29,PM-002
CUST-02506,Farhan,Sahota,farhan.sahota530@icloud.com,917993360222,1976-04-10,2009-09-30,PM-001
CUST-02507,Prisha,Wable,wableprisha928@hotmail.com,918197773728,1988-04-16,2024-01-08,PM-004
CUST-02508,Aayush,Sethi,aayush437@outlook.com,919057996653,2005-05-31,2023-06-15,PM-004
CUST-02509,Priyansh,Gara,priyansh.165@hotmail.com,918646466352,2001-11-19,2020-12-17,PM-002
CUST-02510,Saksham,Sampath,saksham_300@outlook.com,918357679029,1984-01-29,2004-10-15,PM-002
CUST-02511,Bhamini,Iyengar,iyengarbhamini490@gmail.com,918732037586,1987-08-10,2019-09-17,PM-004
CUST-02512,Divij,Vohra,divij.667@gmail.com,919647861065,1984-03-21,2022-10-05,PM-003
CUST-02513,Armaan,Bera,armaan.650@yahoo.com,919485864278,1999-01-04,2022-10-29,PM-001
CUST-02514,Renee,Gulati,renee218@yahoo.com,918976671613,2001-03-12,2023-05-18,PM-004
CUST-02515,Emir,Sani,saniemir459@gmail.com,919714996504,1989-03-01,2011-01-17,PM-004
CUST-02516,Pihu,Chowdhury,pihu732@icloud.com,918249167205,1977-10-26,2007-01-11,PM-001
CUST-02517,Anay,Taneja,anay.371@yahoo.com,917989035614,2002-12-03,2023-09-18,PM-003
CUST-02518,Yuvraj ,Guha,guhayuvraj 864@icloud.com,917571445323,1988-09-03,2011-08-14,PM-004
CUST-02519,Yakshit,Goyal,yakshit_587@hotmail.com,917046127336,1984-12-28,2015-08-29,PM-002
CUST-02520,Nirvi,Ramaswamy,nirvi_618@gmail.com,917959958053,1986-02-04,2019-04-14,PM-001
CUST-02521,Uthkarsh,Ramanathan,uthkarsh.286@icloud.com,919468558672,2005-01-03,2023-06-14,PM-001
CUST-02522,Ritvik,Devi,deviritvik346@icloud.com,917428904144,2004-08-13,2022-09-19,PM-004
CUST-02523,Samarth,Yadav,samarth.203@hotmail.com,917899111412,1993-11-29,2022-06-23,PM-001
CUST-02524,Vihaan,Rau,vihaan547@hotmail.com,918411381131,1999-10-19,2022-04-02,PM-003
CUST-02525,Mannat,Bhandari,mannat.bhandari962@gmail.com,919154503521,1983-09-05,2014-09-29,PM-001
CUST-02526,Tiya,Ahuja,tiya_622@yahoo.com,919012107108,1990-08-22,2014-01-10,PM-001
CUST-02527,Nehmat,Buch,nehmat_773@hotmail.com,918159108843,1999-08-01,2021-07-11,PM-002
CUST-02528,Taran,Dara,taran.dara672@gmail.com,917870188016,1990-08-23,2024-01-15,PM-002
CUST-02529,Renee,Tara,tararenee337@gmail.com,919539163442,1976-10-11,2004-03-15,PM-002
CUST-02530,Kabir,Lad,kabir202@yahoo.com,919177676409,2002-12-29,2021-03-08,PM-003
CUST-02531,Priyansh,Hans,priyansh.984@outlook.com,919478476775,2002-03-31,2022-09-27,PM-004
CUST-02532,Nakul,Mane,nakul_525@outlook.com,917019155148,1987-06-23,2011-12-07,PM-004
CUST-02533,Prerak,Varma,prerak504@yahoo.com,917637155201,1993-04-22,2023-05-23,PM-003
CUST-02534,Divyansh,Dutt,divyansh_444@hotmail.com,919654456120,1980-01-29,2023-09-24,PM-001
CUST-02535,Alisha,Manda,alisha.manda362@icloud.com,919483558229,1995-07-08,2015-01-17,PM-004
CUST-02536,Jayesh,Samra,jayesh_897@hotmail.com,917937699516,1986-07-11,2015-10-01,PM-001
CUST-02537,Samiha,Buch,samiha_967@hotmail.com,919547395613,1983-05-13,2015-10-31,PM-003
CUST-02538,Indrajit,Wali,indrajit688@yahoo.com,918139076657,1989-04-24,2021-02-04,PM-004
CUST-02539,Mohanlal,Kibe,mohanlal_251@gmail.com,917356246831,1979-01-07,2007-07-01,PM-001
CUST-02540,Dishani,Saxena,saxenadishani869@gmail.com,919013796823,1977-04-07,2011-07-25,PM-003
CUST-02541,Indrajit,Ben,benindrajit473@icloud.com,919555691678,1975-08-31,2012-11-26,PM-003
CUST-02542,Ranbir,Maharaj,ranbir.974@gmail.com,918212755078,1990-07-14,2012-10-31,PM-004
CUST-02543,Bhavin,Wason,bhavin.wason863@outlook.com,917858345476,2000-08-25,2023-09-26,PM-001
CUST-02544,Advika,Bhatia,advika417@outlook.com,918726138458,1984-02-08,2012-04-29,PM-003
CUST-02545,Saanvi,Sidhu,saanvi.sidhu115@yahoo.com,918827050158,1992-12-06,2019-03-16,PM-001
CUST-02546,Anahita,Thaman,anahita_876@hotmail.com,918281476712,1989-11-12,2010-07-18,PM-002
CUST-02547,Yuvaan,Tata,yuvaan_472@hotmail.com,917032200777,1974-12-03,2004-10-06,PM-004
CUST-02548,Vritika,Badal,vritika703@icloud.com,918817823589,2005-01-15,2023-10-24,PM-004
CUST-02549,Armaan,Tank,tankarmaan903@hotmail.com,917660707835,1998-02-11,2022-08-20,PM-001
CUST-02550,Yashvi,Bhakta,yashvi.773@yahoo.com,918498813468,1977-02-15,1997-11-02,PM-002
CUST-02551,Inaaya ,Handa,inaaya .handa481@icloud.com,917959169800,2003-04-27,2022-02-26,PM-001
CUST-02552,Purab,Hari,purab.905@hotmail.com,918282398319,2005-03-20,2024-01-16,PM-003
CUST-02553,Zain,Kanda,zain.559@yahoo.com,917401218656,1979-02-03,2005-02-24,PM-004
CUST-02554,Jivin,Chokshi,jivin_821@gmail.com,918769015476,1984-06-25,2005-09-23,PM-001
CUST-02555,Lakshay,Devi,devilakshay521@hotmail.com,919755972405,2003-02-07,2022-12-23,PM-004
CUST-02556,Manjari,Chakrabarti,manjari238@yahoo.com,919988552931,1993-10-07,2017-06-27,PM-002
CUST-02557,Krish,Anand,krish.anand668@hotmail.com,919715118983,1987-10-30,2012-08-08,PM-002
CUST-02558,Ehsaan,Bhattacharyya,bhattacharyyaehsaan753@yahoo.com,917136204012,2001-11-20,2024-01-02,PM-002
CUST-02559,Ahana ,Ganguly,gangulyahana 406@icloud.com,919401022617,2000-12-27,2019-03-23,PM-004
CUST-02560,Madhav,Mahal,mahalmadhav595@icloud.com,918463969664,1975-12-16,2020-07-11,PM-003
CUST-02561,Lavanya,Dhawan,lavanya_640@icloud.com,918953215609,1975-11-24,2005-09-26,PM-004
CUST-02562,Samiha,Wali,walisamiha735@yahoo.com,917552418606,2003-08-25,2022-10-05,PM-004
CUST-02563,Madhup,Madan,madhup304@yahoo.com,917103470900,1976-04-15,2006-12-31,PM-004
CUST-02564,Eva,Chakraborty,eva_418@icloud.com,919712268880,1979-10-29,2003-11-27,PM-004
CUST-02565,Siya,Choudhry,siya.958@icloud.com,918594868931,2000-08-04,2020-09-20,PM-003
CUST-02566,Ira,Batta,ira770@hotmail.com,917852498665,1994-08-27,2017-02-26,PM-004
CUST-02567,Tarini,Sem,tarini.sem962@icloud.com,919975551865,1994-05-16,2021-12-11,PM-001
CUST-02568,Uthkarsh,Korpal,uthkarsh_211@icloud.com,917547054876,1974-10-29,2021-04-28,PM-002
CUST-02569,Devansh,Bandi,bandidevansh667@gmail.com,917185371708,1990-09-13,2020-03-30,PM-001
CUST-02570,Ahana ,Sawhney,ahana 846@gmail.com,919671343376,1985-11-24,2009-04-27,PM-002
CUST-02571,Himmat,Dhingra,dhingrahimmat187@yahoo.com,918532921376,2001-04-16,2024-04-17,PM-001
CUST-02572,Raghav,Contractor,raghav.contractor783@icloud.com,919119885455,1991-08-11,2016-09-04,PM-001
CUST-02573,Charvi,Luthra,luthracharvi714@icloud.com,918386487251,1986-10-09,2015-03-15,PM-001
CUST-02574,Eva,Batra,eva_639@hotmail.com,919179173404,1996-11-05,2023-04-06,PM-004
CUST-02575,Armaan,Saha,armaan113@outlook.com,919634518678,1992-06-24,2014-01-12,PM-001
CUST-02576,Arhaan,Kunda,arhaan.kunda218@outlook.com,919313871366,1995-07-14,2018-11-12,PM-001
CUST-02577,Devansh,Setty,settydevansh842@outlook.com,917320071905,1976-01-09,2007-10-17,PM-002
CUST-02578,Ishita,Tak,ishita823@yahoo.com,919604840443,1983-01-12,2008-11-15,PM-002
CUST-02579,Kanav,Bhandari,kanav.621@yahoo.com,919220496698,1980-11-09,2015-09-30,PM-004
CUST-02580,Renee,Bakshi,renee500@hotmail.com,917358121905,1975-08-05,2012-03-15,PM-002
CUST-02581,Mahika,Kalita,mahika_126@hotmail.com,917285565360,2000-08-18,2022-09-11,PM-003
CUST-02582,Charvi,Sule,charvi.989@yahoo.com,918154489791,1982-10-10,2017-09-26,PM-001
CUST-02583,Romil,Hegde,hegderomil870@icloud.com,919912490762,2003-08-14,2022-02-01,PM-001
CUST-02584,Prisha,Vala,prisha200@gmail.com,919105620815,2003-02-07,2024-02-18,PM-004
CUST-02585,Manjari,Lanka,manjari.419@outlook.com,919442591778,1975-06-21,2014-09-21,PM-002
CUST-02586,Lakshay,Chatterjee,lakshay.266@hotmail.com,919584313972,1980-03-28,2008-10-18,PM-001
CUST-02587,Manikya,Amble,manikya967@yahoo.com,918081844640,1994-03-13,2023-12-25,PM-001
CUST-02588,Samar,Sood,samar.941@yahoo.com,917327291058,1991-03-26,2020-11-15,PM-001
CUST-02589,Yakshit,Kar,karyakshit612@icloud.com,918828399118,1992-08-24,2015-12-29,PM-002
CUST-02590,Parinaaz,Kadakia,parinaaz505@hotmail.com,918046932454,2005-10-17,2023-10-27,PM-001
CUST-02591,Faiyaz,Bali,faiyaz386@outlook.com,918360070255,1976-01-07,1999-11-05,PM-003
CUST-02592,Faiyaz,Khatri,faiyaz.khatri462@hotmail.com,917605655278,1981-02-12,2016-10-09,PM-003
CUST-02593,Divyansh,Mammen,divyansh.148@hotmail.com,917601730764,2000-05-21,2023-01-28,PM-001
CUST-02594,Hrishita,Uppal,hrishita.457@outlook.com,918407501527,2002-07-05,2023-05-09,PM-001
CUST-02595,Tanya,Din,tanya852@yahoo.com,919660802256,1982-02-22,2004-07-24,PM-004
CUST-02596,Nakul,Kurian,kuriannakul568@outlook.com,918816409997,1977-09-09,1999-10-30,PM-004
CUST-02597,Trisha,Korpal,korpaltrisha113@gmail.com,917547177145,1984-08-25,2020-09-09,PM-002
CUST-02598,Gokul,Edwin,gokul.edwin241@gmail.com,919520740464,1976-11-02,2004-07-17,PM-002
CUST-02599,Yakshit,Chaudhari,yakshit_117@hotmail.com,919604316677,1978-05-07,2005-04-23,PM-004
CUST-02600,Romil,Dhingra,romil926@gmail.com,918609759914,1985-01-09,2023-03-18,PM-004
CUST-02601,Shalv,Mann,shalv.769@hotmail.com,918736363864,1987-12-29,2021-04-26,PM-003
CUST-02602,Misha,Bandi,misha.bandi924@yahoo.com,919273081169,1982-08-16,2007-05-19,PM-001
CUST-02603,Eva,Lal,eva.558@hotmail.com,917191592245,1977-01-29,2018-05-19,PM-002
CUST-02604,Rohan,Vaidya,rohan778@yahoo.com,919083627787,1996-02-20,2015-11-25,PM-003
CUST-02605,Siya,Koshy,koshysiya996@gmail.com,917641575072,2003-03-31,2021-10-12,PM-001
CUST-02606,Zoya,Dora,zoya.dora282@icloud.com,918005211257,1994-11-29,2020-12-04,PM-003
CUST-02607,Shamik,Bhatt,shamik_673@hotmail.com,918211257165,1989-08-22,2011-05-25,PM-002
CUST-02608,Neelofar,Tank,neelofar351@yahoo.com,917275240528,2000-12-01,2020-06-11,PM-003
CUST-02609,Veer,Agarwal,veer.agarwal815@gmail.com,917053079027,1993-07-20,2021-05-11,PM-004
CUST-02610,Aaryahi,Ratti,aaryahi.507@hotmail.com,918412020423,1975-10-04,2004-04-26,PM-001
CUST-02611,Alisha,Khalsa,khalsaalisha763@outlook.com,918019086928,2000-10-26,2023-07-17,PM-001
CUST-02612,Zoya,Bail,bailzoya567@yahoo.com,917346743384,1998-06-06,2022-03-01,PM-004
CUST-02613,Kanav,Tripathi,kanav188@outlook.com,918989977597,2003-05-13,2023-10-21,PM-003
CUST-02614,Indrajit,Bal,indrajit_880@gmail.com,919607195867,2002-09-08,2024-06-02,PM-001
CUST-02615,Kimaya,Mand,kimaya.345@gmail.com,917923402649,1988-03-14,2017-02-05,PM-002
CUST-02616,Nakul,Bajwa,nakul_988@yahoo.com,917861130515,1981-09-07,2011-05-05,PM-001
CUST-02617,Ira,Kuruvilla,ira_700@icloud.com,917957346132,1988-07-02,2017-08-13,PM-004
CUST-02618,Saksham,Sami,samisaksham711@outlook.com,919023610314,1984-01-21,2012-10-12,PM-002
CUST-02619,Keya,Mall,keya.mall290@gmail.com,918094931798,1977-09-27,2004-08-05,PM-004
CUST-02620,Lagan,Khare,lagan_990@outlook.com,919728081396,2002-01-03,2023-11-06,PM-001
CUST-02621,Eva,Goel,eva708@gmail.com,917352683654,1988-11-22,2011-02-11,PM-003
CUST-02622,Aniruddh,Sachdeva,aniruddh_220@outlook.com,919519078113,1991-05-26,2013-02-10,PM-004
CUST-02623,Aarav,Ghosh,aarav.ghosh463@yahoo.com,918265731365,1998-07-08,2021-06-10,PM-002
CUST-02624,Vedika,Bhargava,vedika.724@gmail.com,919499130901,1992-04-12,2013-10-06,PM-002
CUST-02625,Vihaan,Datta,vihaan.datta491@icloud.com,917369949926,1996-09-29,2023-05-31,PM-001
CUST-02626,Zeeshan,Kala,kalazeeshan823@gmail.com,919672259622,2004-11-23,2024-01-14,PM-002
CUST-02627,Hansh,Varughese,varughesehansh376@outlook.com,917705840810,1997-11-03,2021-05-09,PM-002
CUST-02628,Veer,Ahluwalia,veer.456@outlook.com,919564111077,1981-03-02,2020-12-24,PM-004
CUST-02629,Krish,Karan,krish260@outlook.com,917067835369,1991-01-06,2013-03-07,PM-002
CUST-02630,Lagan,Desai,lagan.desai601@icloud.com,918025340306,1976-01-24,2009-07-05,PM-001
CUST-02631,Ojas,Chad,ojas.chad620@gmail.com,917968887268,1994-05-10,2017-06-13,PM-002
CUST-02632,Yashvi,Sundaram,yashvi_364@outlook.com,917130494286,1985-10-19,2023-06-05,PM-003
CUST-02633,Diya,Wagle,waglediya182@outlook.com,917134238730,1980-05-20,2017-08-28,PM-004
CUST-02634,Kismat,Barad,kismat_404@outlook.com,918680296678,1984-06-08,2023-06-10,PM-004
CUST-02635,Tara,Bobal,tara.125@hotmail.com,917464631589,2004-01-18,2022-02-03,PM-004
CUST-02636,Farhan,Hora,horafarhan164@gmail.com,919333209284,1983-06-26,2023-10-31,PM-004
CUST-02637,Aradhya,Sridhar,sridhararadhya817@hotmail.com,919168678306,2000-05-15,2022-10-15,PM-001
CUST-02638,Navya,Salvi,navya.salvi350@yahoo.com,917011930505,1984-01-01,2015-12-13,PM-004
CUST-02639,Hazel,Buch,hazel953@outlook.com,919651658709,1980-07-09,2006-02-27,PM-003
CUST-02640,Kabir,Gola,kabir.gola179@hotmail.com,918335529596,2003-08-09,2023-09-30,PM-004
CUST-02641,Priyansh,Chandra,priyansh.chandra437@outlook.com,918779748535,2001-01-10,2024-03-12,PM-004
CUST-02642,Kavya,Raj,kavya.527@yahoo.com,917798696413,1993-10-11,2020-08-03,PM-004
CUST-02643,Yasmin,Saha,yasmin.289@hotmail.com,917146355730,1974-07-31,2002-11-25,PM-004
CUST-02644,Saksham,Goswami,goswamisaksham821@gmail.com,918553744653,1985-12-22,2008-07-21,PM-004
CUST-02645,Inaaya ,Sant,inaaya .sant433@outlook.com,917916892422,1991-02-28,2014-01-16,PM-003
CUST-02646,Tanya,Khanna,tanya882@hotmail.com,919954049036,1996-09-12,2015-06-29,PM-002
CUST-02647,Seher,Dhawan,dhawanseher658@icloud.com,918009475942,1980-10-02,2008-05-10,PM-001
CUST-02648,Fateh,Sehgal,fateh492@outlook.com,919758905045,1995-09-12,2017-02-27,PM-004
CUST-02649,Anika,Raj,anika.raj199@yahoo.com,917042835938,1984-06-07,2014-10-10,PM-001
CUST-02650,Gokul,Sankar,gokul.468@gmail.com,919050295919,1990-09-17,2010-09-06,PM-003
CUST-02651,Aaryahi,Kaur,aaryahi.304@icloud.com,918100976945,1988-04-27,2019-09-22,PM-003
CUST-02652,Myra,Gopal,myra278@icloud.com,918278027666,1988-01-15,2011-12-05,PM-003
CUST-02653,Vanya,Kurian,kurianvanya476@hotmail.com,918219134078,2001-08-15,2023-01-31,PM-001
CUST-02654,Lavanya,Karan,lavanya_884@gmail.com,917986292209,1989-04-06,2019-07-22,PM-004
CUST-02655,Anya,Dalal,anya.dalal292@yahoo.com,918309064688,2001-09-14,2024-03-14,PM-003
CUST-02656,Eshani,Ramachandran,eshani.ramachandran365@yahoo.com,917317556858,1977-03-06,2019-11-05,PM-004
CUST-02657,Aarna,Gala,galaaarna857@yahoo.com,918895490787,2005-07-10,2024-02-13,PM-001
CUST-02658,Elakshi,Yohannan,elakshi520@gmail.com,917354288803,1975-05-07,2003-03-23,PM-002
CUST-02659,Kavya,Comar,kavya909@gmail.com,919921026127,1980-04-17,2008-11-03,PM-003
CUST-02660,Kanav,Goyal,kanav.goyal140@outlook.com,919915352943,1985-10-22,2011-10-28,PM-004
CUST-02661,Miraan,Dara,miraan.dara963@hotmail.com,918076175529,2002-09-03,2020-10-12,PM-004
CUST-02662,Ivana,Boase,ivana438@yahoo.com,917650744832,1986-07-31,2014-03-29,PM-001
CUST-02663,Taimur,Kanda,kandataimur803@yahoo.com,919125193957,2006-04-18,2024-04-25,PM-004
CUST-02664,Tejas,Gupta,tejas.gupta189@gmail.com,919095938527,1982-11-01,2022-10-24,PM-002
CUST-02665,Emir,Din,emir_685@icloud.com,918807051952,1981-08-22,2016-12-07,PM-002
CUST-02666,Ojas,Devan,ojas_218@gmail.com,917783492542,1999-08-05,2022-06-04,PM-004
CUST-02667,Reyansh,Kannan,kannanreyansh239@outlook.com,917714552068,1993-04-26,2014-12-05,PM-001
CUST-02668,Hridaan,Balakrishnan,hridaan.330@hotmail.com,918273109944,2004-06-01,2023-02-03,PM-004
CUST-02669,Arhaan,Andra,arhaan.308@outlook.com,917914220522,2005-07-23,2024-05-17,PM-002
CUST-02670,Saira,Sami,saira583@hotmail.com,917128631514,2006-02-21,2024-05-11,PM-004
CUST-02671,Kabir,Dubey,kabir_554@gmail.com,918430213493,1977-10-18,2001-01-14,PM-001
CUST-02672,Riaan,Bajaj,riaan461@hotmail.com,918365035376,2001-01-28,2019-06-03,PM-001
CUST-02673,Anika,Dhar,anika.dhar496@gmail.com,919842185746,1994-05-26,2021-07-03,PM-004
CUST-02674,Oorja,Raju,rajuoorja608@gmail.com,918308418605,2004-12-14,2024-03-28,PM-003
CUST-02675,Yasmin,Chawla,yasmin_643@outlook.com,918868706764,2000-02-21,2022-03-19,PM-003
CUST-02676,Vihaan,Gole,vihaan.gole829@gmail.com,918718311472,1979-10-01,1999-11-11,PM-004
CUST-02677,Vanya,Venkatesh,vanya_772@yahoo.com,917907180522,1985-01-01,2021-07-26,PM-002
CUST-02678,Kiaan,Dutta,kiaan_662@outlook.com,918717885412,1975-06-10,1996-04-02,PM-002
CUST-02679,Anya,Banik,anya717@outlook.com,918560665491,1999-02-24,2022-05-13,PM-004
CUST-02680,Kavya,Kata,kavya.kata662@icloud.com,919039781024,1998-03-15,2020-07-01,PM-003
CUST-02681,Devansh,Chokshi,devansh310@hotmail.com,919972540351,1979-04-05,2012-12-21,PM-001
CUST-02682,Vritika,Khatri,khatrivritika914@hotmail.com,917786628466,1983-03-08,2006-06-18,PM-003
CUST-02683,Anay,Sabharwal,anay_546@hotmail.com,918753572114,1988-11-10,2015-03-31,PM-003
CUST-02684,Piya,Hari,piya.710@yahoo.com,917482122753,1988-07-01,2014-12-29,PM-003
CUST-02685,Biju,Kumar,biju.kumar417@gmail.com,918898297374,1985-05-10,2011-09-08,PM-002
CUST-02686,Heer,D’Alia,heer_180@outlook.com,919176708032,1986-05-05,2024-01-06,PM-001
CUST-02687,Charvi,Banerjee,charvi.709@hotmail.com,917454145066,2004-07-19,2022-11-04,PM-002
CUST-02688,Tejas,Ben,tejas113@hotmail.com,917925116342,1974-12-12,2002-07-28,PM-001
CUST-02689,Kartik,Varkey,kartik_797@hotmail.com,918182612570,1997-02-27,2021-07-02,PM-001
CUST-02690,Aradhya,Sachdev,aradhya179@yahoo.com,918578101794,1990-02-08,2010-11-19,PM-001
CUST-02691,Farhan,Karan,karanfarhan248@outlook.com,917215002804,1988-11-26,2007-08-19,PM-003
CUST-02692,Jivika,Sarraf,jivika611@icloud.com,919436674902,2000-02-22,2022-05-28,PM-004
CUST-02693,Diya,Bumb,diya647@yahoo.com,918136150081,1979-01-14,2022-09-13,PM-003
CUST-02694,Ishaan,Dutt,ishaan755@gmail.com,919089983309,1977-07-17,2013-05-12,PM-001
CUST-02695,Vihaan,Banik,vihaan.482@gmail.com,919753033210,1977-03-17,2016-09-02,PM-003
CUST-02696,Ritvik,Walla,ritvik_231@yahoo.com,917023641891,1981-03-11,2010-04-21,PM-001
CUST-02697,Taran,Bhasin,taran.854@icloud.com,918864941553,1992-05-22,2011-05-07,PM-001
CUST-02698,Manjari,Bhatnagar,manjari_630@yahoo.com,917534926069,1977-07-03,2004-07-21,PM-002
CUST-02699,Lagan,Tara,lagan_972@gmail.com,917921838540,1988-06-30,2011-05-10,PM-001
CUST-02700,Hansh,Apte,hansh.apte992@yahoo.com,918391604398,1997-07-24,2023-01-05,PM-002
CUST-02701,Dharmajan,Gade,dharmajan.316@icloud.com,917132544120,1983-04-28,2011-01-23,PM-002
CUST-02702,Prerak,Rana,prerak618@icloud.com,917949457763,1992-11-12,2023-07-02,PM-001
CUST-02703,Mohanlal,Subramaniam,mohanlal.subramaniam392@outlook.com,919530805444,1996-11-15,2022-12-07,PM-002
CUST-02704,Nitara,Setty,settynitara601@icloud.com,918771043314,2000-08-12,2020-07-11,PM-002
CUST-02705,Aaryahi,Balasubramanian,aaryahi.719@yahoo.com,918131641029,1976-05-08,2011-05-18,PM-001
CUST-02706,Uthkarsh,Sur,uthkarsh.116@hotmail.com,918135970297,2006-01-05,2024-01-17,PM-001
CUST-02707,Alisha,Konda,alisha.konda896@yahoo.com,917064991228,1981-10-03,2001-04-06,PM-003
CUST-02708,Ranbir,Date,ranbir.930@gmail.com,917447869396,1987-05-20,2021-04-11,PM-002
CUST-02709,Dharmajan,Rana,dharmajan.584@hotmail.com,919514239887,1977-05-31,2012-11-25,PM-003
CUST-02710,Hansh,Malhotra,hansh.394@icloud.com,919309110495,1985-03-19,2016-02-06,PM-003
CUST-02711,Taran,Viswanathan,taran104@hotmail.com,919368167024,2005-08-15,2024-02-20,PM-001
CUST-02712,Navya,Raju,navya_857@icloud.com,918164051862,1987-08-14,2020-11-21,PM-002
CUST-02713,Yasmin,Deep,yasmin_694@outlook.com,918052180737,1992-09-15,2016-02-03,PM-004
CUST-02714,Lavanya,Sachdev,lavanya822@gmail.com,918551908850,2002-07-18,2021-01-27,PM-003
CUST-02715,Zaina,Bhakta,zaina_313@gmail.com,919383214665,1976-11-04,1995-08-17,PM-004
CUST-02716,Sahil,Rajagopalan,rajagopalansahil489@yahoo.com,918569861043,1983-04-01,2004-01-18,PM-003
CUST-02717,Ahana ,Korpal,korpalahana 574@hotmail.com,917953233641,1978-02-26,2002-10-21,PM-004
CUST-02718,Arnav,Swaminathan,arnav_883@icloud.com,918892082193,1986-03-12,2005-06-08,PM-002
CUST-02719,Shalv,Bal,shalv465@yahoo.com,919272945869,1975-06-25,2004-08-18,PM-004
CUST-02720,Vanya,Seshadri,vanya_757@outlook.com,919841235600,1995-10-22,2018-01-04,PM-003
CUST-02721,Abram,Kar,abram217@icloud.com,919887593076,1997-01-31,2024-01-13,PM-003
CUST-02722,Madhup,Boase,madhup988@hotmail.com,917087813162,1997-02-03,2019-07-26,PM-004
CUST-02723,Baiju,Rama,baiju_907@outlook.com,918070081809,1983-04-19,2012-08-02,PM-004
CUST-02724,Khushi,Kari,karikhushi364@hotmail.com,917851896598,1983-05-18,2020-08-04,PM-003
CUST-02725,Kavya,Goda,kavya485@yahoo.com,919162581800,1987-06-10,2009-05-15,PM-001
CUST-02726,Pari,Kashyap,kashyappari758@yahoo.com,918514690650,1990-12-03,2010-03-22,PM-004
CUST-02727,Jivika,Bhatt,jivika.bhatt595@outlook.com,918767469103,2004-07-25,2024-01-30,PM-001
CUST-02728,Manjari,Swamy,manjari.828@outlook.com,919846463282,1985-11-22,2004-01-21,PM-002
CUST-02729,Hunar,Anne,hunar216@gmail.com,919545959290,1987-04-29,2012-06-30,PM-001
CUST-02730,Aniruddh,Solanki,aniruddh.solanki124@hotmail.com,919166686455,2001-01-31,2019-10-04,PM-001
CUST-02731,Urvi,Manne,manneurvi646@gmail.com,919465483452,1987-04-15,2018-12-30,PM-004
CUST-02732,Shayak,Agate,shayak.910@yahoo.com,918537678036,1989-04-04,2009-12-13,PM-001
CUST-02733,Vihaan,Barad,vihaan.725@icloud.com,919916938562,2003-07-22,2022-12-22,PM-001
CUST-02734,Krish,Sandal,krish.sandal790@outlook.com,918015187368,2005-09-01,2024-04-09,PM-004
CUST-02735,Urvi,Sarin,urvi197@gmail.com,918592898926,1987-04-10,2009-11-03,PM-001
CUST-02736,Kartik,Sahni,kartik885@hotmail.com,919320094236,1990-07-04,2019-09-13,PM-001
CUST-02737,Misha,Kashyap,misha_889@gmail.com,917440937853,1998-06-08,2018-06-17,PM-003
CUST-02738,Aaryahi,Mammen,aaryahi157@gmail.com,918520330716,1975-10-07,1995-04-17,PM-004
CUST-02739,Mahika,Sur,mahika_589@gmail.com,918371597752,1984-08-30,2003-01-20,PM-003
CUST-02740,Alia,Lalla,alia_405@icloud.com,918627692776,1991-12-14,2017-10-20,PM-002
CUST-02741,Arnav,Acharya,arnav.897@gmail.com,918633875374,1977-11-03,2002-07-06,PM-001
CUST-02742,Faiyaz,Kadakia,kadakiafaiyaz358@gmail.com,917605102344,1994-04-07,2019-07-01,PM-003
CUST-02743,Anahita,Dey,anahita.dey859@hotmail.com,917529609916,1983-05-06,2022-05-27,PM-003
CUST-02744,Saira,Chawla,saira.chawla536@icloud.com,918456095809,1985-09-29,2022-10-08,PM-002
CUST-02745,Rania,Kibe,rania563@yahoo.com,917533212191,1975-06-29,2019-05-12,PM-004
CUST-02746,Sumer,Magar,sumer.magar648@yahoo.com,917035134755,1982-09-05,2005-06-21,PM-002
CUST-02747,Madhav,Rout,madhav147@hotmail.com,918754580772,1994-03-23,2023-03-12,PM-004
CUST-02748,Aaina,Mangat,aaina476@yahoo.com,919951953215,1988-05-28,2023-09-06,PM-001
CUST-02749,Vidur,Verma,vidur_498@icloud.com,918963392065,1988-10-24,2017-01-14,PM-004
CUST-02750,Jivika,Majumdar,jivika.majumdar996@gmail.com,917108391603,2003-04-05,2021-06-28,PM-003
CUST-02751,Suhana,Sami,samisuhana580@gmail.com,919317958582,1986-04-12,2004-10-06,PM-002
CUST-02752,Kartik,Dora,kartik.dora560@outlook.com,919533755950,2000-05-24,2021-07-18,PM-001
CUST-02753,Jivika,Khare,jivika.704@outlook.com,917068995607,1984-10-11,2012-01-13,PM-001
CUST-02754,Amani,Badal,amani.938@yahoo.com,917823572914,1980-03-13,2006-12-13,PM-004
CUST-02755,Shaan,Khanna,shaan.226@icloud.com,917936686655,2000-01-03,2018-05-15,PM-002
CUST-02756,Amira,Sheth,amira.sheth656@gmail.com,919228616462,1984-08-18,2015-08-23,PM-001
CUST-02757,Rati,Barad,rati704@icloud.com,918168523119,1985-09-19,2014-07-25,PM-002
CUST-02758,Keya,Ramaswamy,keya.614@outlook.com,917123783984,2003-09-23,2023-08-02,PM-004
CUST-02759,Shanaya,Tiwari,shanaya828@yahoo.com,919874145685,2001-07-02,2023-09-26,PM-002
CUST-02760,Purab,Hegde,hegdepurab227@icloud.com,918364542189,1977-02-13,2016-12-15,PM-002
CUST-02761,Advika,Kale,advika.273@yahoo.com,918086846525,1999-12-25,2018-10-11,PM-004
CUST-02762,Taimur,Cheema,taimur.443@gmail.com,919682627049,1986-12-26,2014-10-02,PM-004
CUST-02763,Aradhya,Walia,aradhya.892@icloud.com,918327261349,1991-01-06,2013-09-24,PM-004
CUST-02764,Yasmin,Jha,yasmin500@icloud.com,918316795173,2005-01-20,2023-07-04,PM-002
CUST-02765,Vritika,Bhalla,vritika_574@hotmail.com,918346940987,1997-03-06,2022-08-30,PM-001
CUST-02766,Azad,Sodhi,azad.990@icloud.com,919573081544,1990-11-07,2024-01-17,PM-004
CUST-02767,Shanaya,Gole,shanaya.gole104@yahoo.com,919733191443,1975-12-21,2006-10-07,PM-003
CUST-02768,Indrajit,Solanki,indrajit.765@icloud.com,918047997641,1991-12-31,2012-01-31,PM-002
CUST-02769,Biju,Ravi,biju.ravi145@gmail.com,918067008309,1979-11-30,2018-07-23,PM-001
CUST-02770,Veer,Bhandari,veer_223@icloud.com,917379804125,2002-04-16,2021-10-01,PM-001
CUST-02771,Amira,Kaur,kauramira722@gmail.com,919876255939,1981-09-19,2002-07-16,PM-003
CUST-02772,Sara,Brar,brarsara958@gmail.com,919549874985,1975-07-12,2014-01-13,PM-003
CUST-02773,Eshani,Dora,doraeshani933@gmail.com,918671698794,1993-12-02,2019-03-22,PM-004
CUST-02774,Oorja,Ganesh,oorja742@hotmail.com,917588293504,1994-02-21,2015-03-12,PM-002
CUST-02775,Amani,Shenoy,amani.shenoy310@outlook.com,919962141862,1979-05-29,2017-09-13,PM-002
CUST-02776,Anvi,Gopal,anvi.gopal729@hotmail.com,917413917684,1990-08-29,2023-04-06,PM-004
CUST-02777,Nehmat,Gill,nehmat.gill375@gmail.com,917751620750,1985-10-11,2014-03-03,PM-002
CUST-02778,Reyansh,Gour,reyansh.317@gmail.com,918784764239,1983-02-24,2013-07-05,PM-002
CUST-02779,Rania,Kalita,rania368@hotmail.com,919903950732,1975-01-25,2020-06-06,PM-002
CUST-02780,Darshit,Barad,darshit_775@gmail.com,917334418631,1998-10-28,2017-08-21,PM-002
CUST-02781,Vivaan,Sengupta,senguptavivaan546@icloud.com,917084217924,1995-06-29,2022-08-08,PM-004
CUST-02782,Elakshi,Balasubramanian,elakshi821@gmail.com,919677385571,1989-06-17,2008-08-26,PM-001
CUST-02783,Badal,Dhar,badal905@outlook.com,917699663355,1994-04-13,2013-01-30,PM-002
CUST-02784,Heer,Datta,heer.datta216@outlook.com,919074824176,2000-10-31,2023-01-15,PM-003
CUST-02785,Prisha,Gopal,prisha_303@outlook.com,918318133783,1995-05-07,2019-01-20,PM-003
CUST-02786,Khushi,Lad,khushi_395@yahoo.com,917242063956,1995-07-10,2015-08-30,PM-001
CUST-02787,Jayesh,Khalsa,jayesh.khalsa345@outlook.com,919875740207,1976-03-06,2013-09-14,PM-001
CUST-02788,Aarav,Bera,aarav_292@icloud.com,919510740602,1979-05-26,1997-06-06,PM-004
CUST-02789,Badal,Barman,badal_170@hotmail.com,917047442038,1987-01-17,2018-10-03,PM-003
CUST-02790,Kimaya,Borah,borahkimaya729@outlook.com,919803101568,1996-03-06,2022-09-02,PM-003
CUST-02791,Dharmajan,Ravi,dharmajan.601@hotmail.com,919511149403,1978-09-30,1999-04-07,PM-002
CUST-02792,Tejas,Yohannan,tejas_993@icloud.com,919962808042,1989-05-08,2017-02-24,PM-001
CUST-02793,Lakshit,Shah,shahlakshit159@hotmail.com,918827849261,1998-07-14,2020-12-04,PM-002
CUST-02794,Rania,Kamdar,rania_596@yahoo.com,918891121687,1992-05-09,2012-02-08,PM-003
CUST-02795,Divij,Borra,borradivij265@gmail.com,917820234026,1998-03-27,2016-07-26,PM-002
CUST-02796,Saira,Vala,saira_902@gmail.com,917174038354,1986-08-03,2010-05-11,PM-001
CUST-02797,Himmat,Ghosh,himmat.ghosh606@hotmail.com,917198610647,1984-09-30,2017-09-06,PM-004
CUST-02798,Vardaniya,Rama,ramavardaniya779@gmail.com,919499287136,1998-08-21,2023-12-22,PM-004
CUST-02799,Anay,Mammen,mammenanay634@yahoo.com,919785203939,1999-09-01,2023-12-28,PM-002
CUST-02800,Suhana,Sahota,sahotasuhana228@outlook.com,918387314154,2003-10-13,2024-01-10,PM-004
CUST-02801,Arnav,Taneja,arnav.263@yahoo.com,917911190589,1993-07-13,2023-12-17,PM-001
CUST-02802,Charvi,Manne,charvi809@yahoo.com,917284502236,1991-12-04,2013-09-03,PM-001
CUST-02803,Oorja,Mane,oorja631@hotmail.com,917397209966,1987-01-12,2022-05-02,PM-004
CUST-02804,Samar,Borah,samar.821@outlook.com,917124278409,1979-09-16,2002-03-03,PM-001
CUST-02805,Pihu,Kapadia,pihu.645@yahoo.com,919851109969,2005-12-06,2024-02-20,PM-001
CUST-02806,Aradhya,Viswanathan,aradhya_383@outlook.com,918962440625,1978-05-24,1999-12-31,PM-003
CUST-02807,Alia,Behl,alia.864@yahoo.com,919872511574,1998-04-23,2019-06-25,PM-004
CUST-02808,Ishaan,Khatri,ishaan833@gmail.com,919269233202,1984-02-24,2003-09-27,PM-004
CUST-02809,Bhavin,Mand,bhavin404@outlook.com,917140131534,1982-07-08,2000-11-02,PM-003
CUST-02810,Oorja,Cherian,oorja_975@gmail.com,917049889301,2006-03-07,2024-04-01,PM-002
CUST-02811,Sara,Sharaf,sara.982@icloud.com,917083772804,1978-11-11,1997-05-17,PM-004
CUST-02812,Kaira,Chanda,chandakaira229@yahoo.com,917610162694,1998-01-14,2018-06-21,PM-001
CUST-02813,Priyansh,Chokshi,priyansh.264@icloud.com,919771066319,2004-08-29,2023-02-27,PM-004
CUST-02814,Prisha,De,prisha212@outlook.com,917610664315,1994-04-01,2017-06-27,PM-003
CUST-02815,Adira,Deshmukh,adira.deshmukh414@hotmail.com,918583805413,2002-01-21,2021-08-12,PM-004
CUST-02816,Tiya,Gill,tiya180@yahoo.com,917894888738,2005-04-12,2024-05-04,PM-001
CUST-02817,Zain,Soni,zain.736@gmail.com,919671706930,1990-06-16,2023-09-05,PM-001
CUST-02818,Azad,Lata,azad.lata599@outlook.com,918150547738,1993-01-01,2011-04-11,PM-004
CUST-02819,Lagan,Mangat,lagan943@gmail.com,917642214113,1980-01-03,2022-08-04,PM-001
CUST-02820,Trisha,Talwar,trisha_316@outlook.com,917477732019,1982-06-04,2015-05-10,PM-002
CUST-02821,Zeeshan,Lall,zeeshan.lall936@gmail.com,919264081117,1982-03-28,2008-04-22,PM-002
CUST-02822,Gatik,Barad,baradgatik818@outlook.com,917679168037,2002-10-22,2023-08-16,PM-001
CUST-02823,Anya,Sawhney,anya.sawhney527@gmail.com,917801015812,1987-05-18,2017-08-21,PM-004
CUST-02824,Prisha,Dua,prisha.339@gmail.com,919571198754,2005-08-08,2024-01-01,PM-004
CUST-02825,Miraya,Tak,miraya608@gmail.com,917309969326,1996-04-08,2023-02-28,PM-004
CUST-02826,Yashvi,Sunder,sunderyashvi260@gmail.com,918008894271,1992-02-22,2020-06-18,PM-002
CUST-02827,Samarth,Kumar,samarth_598@yahoo.com,917231399962,1989-04-13,2020-12-26,PM-001
CUST-02828,Vritika,Doctor,vritika.doctor961@gmail.com,917684707125,1985-05-19,2010-06-01,PM-003
CUST-02829,Misha,Srinivas,misha191@gmail.com,917027756593,2002-07-13,2024-05-21,PM-003
CUST-02830,Rasha,Salvi,rasha.289@hotmail.com,917363610450,1985-09-26,2018-10-14,PM-004
CUST-02831,Akarsh,Sagar,akarsh.701@icloud.com,919465547011,1985-04-13,2019-07-03,PM-002
CUST-02832,Jayan,Dayal,jayan_556@outlook.com,919971786770,1976-10-25,2007-12-12,PM-004
CUST-02833,Neysa,Kohli,neysa.309@outlook.com,918461939330,1977-12-29,2020-12-16,PM-002
CUST-02834,Pranay,Gopal,pranay922@hotmail.com,917180469386,1999-12-09,2021-05-17,PM-004
CUST-02835,Amira,Kothari,kothariamira200@yahoo.com,919325776727,1997-04-20,2022-07-12,PM-002
CUST-02836,Vardaniya,Dass,vardaniya.524@outlook.com,919526915490,1998-11-04,2019-04-13,PM-003
CUST-02837,Hrishita,Chopra,hrishita206@hotmail.com,917050291032,1997-08-19,2019-03-03,PM-003
CUST-02838,Baiju,Saxena,baiju_928@gmail.com,918800967260,1988-11-21,2018-10-16,PM-002
CUST-02839,Onkar,Raja,onkar417@outlook.com,918531736992,1988-03-13,2009-04-14,PM-002
CUST-02840,Vihaan,Chaudhari,chaudharivihaan594@icloud.com,918830833770,1989-04-04,2010-10-27,PM-002
CUST-02841,Ishita,Sant,ishita_367@yahoo.com,917504112427,2003-06-07,2021-10-15,PM-003
CUST-02842,Samar,Suri,surisamar975@outlook.com,918167926694,1980-10-29,1999-02-14,PM-001
CUST-02843,Reyansh,Sengupta,reyansh_787@gmail.com,919059853511,1980-01-13,2023-12-27,PM-001
CUST-02844,Dhanush,Varma,dhanush_880@icloud.com,919466364366,1998-06-02,2017-02-10,PM-003
CUST-02845,Jivika,Aggarwal,jivika_138@outlook.com,918088710841,1988-08-27,2017-07-31,PM-003
CUST-02846,Kabir,Kapur,kabir_608@gmail.com,919666759521,1981-03-07,2011-01-19,PM-003
CUST-02847,Ranbir,Sarkar,ranbir302@yahoo.com,919630101679,2001-09-29,2019-12-31,PM-002
CUST-02848,Ira,Bose,ira459@gmail.com,919490990083,1985-09-11,2011-11-19,PM-002
CUST-02849,Yasmin,Deshmukh,yasmin190@yahoo.com,919060387688,1988-05-03,2019-09-14,PM-001
CUST-02850,Jiya,Zacharia,jiya.755@yahoo.com,917496804337,1992-10-06,2024-01-18,PM-001
CUST-02851,Indrans,Sekhon,indrans_536@outlook.com,918970277101,1987-06-02,2011-05-28,PM-003
CUST-02852,Shayak,Bhagat,bhagatshayak341@outlook.com,917100000873,1998-02-11,2019-03-07,PM-001
CUST-02853,Nishith,Gour,nishith.gour879@yahoo.com,918458045993,1978-03-28,2005-02-05,PM-002
CUST-02854,Samaira,Garg,samaira_351@gmail.com,918065936567,2001-08-09,2019-09-14,PM-002
CUST-02855,Aaina,Luthra,aaina_335@gmail.com,917096223696,1982-11-08,2005-06-13,PM-004
CUST-02856,Tiya,Sant,santtiya687@icloud.com,919394216408,1986-11-19,2024-02-23,PM-001
CUST-02857,Romil,Hayre,romil.hayre479@hotmail.com,919981287392,2006-06-06,2024-06-12,PM-004
CUST-02858,Purab,Tandon,purab.tandon350@outlook.com,918335059573,2004-06-18,2023-09-19,PM-002
CUST-02859,Rasha,Kade,rasha.kade561@yahoo.com,919823465582,1977-11-12,2007-01-12,PM-001
CUST-02860,Tara,Devan,tara.devan361@gmail.com,919045171984,1991-09-30,2010-12-15,PM-002
CUST-02861,Diya,Bhatt,diya_230@outlook.com,917504296784,2003-08-01,2024-05-05,PM-003
CUST-02862,Alia,Krishnan,alia821@gmail.com,918537001295,1995-05-23,2016-04-23,PM-004
CUST-02863,Elakshi,Bhat,elakshi.bhat121@outlook.com,919083829278,1998-11-06,2023-04-16,PM-001
CUST-02864,Himmat,Rama,himmat.rama511@outlook.com,919745242158,1985-12-29,2015-08-12,PM-002
CUST-02865,Samaira,Basu,samaira930@yahoo.com,919012657526,1999-05-13,2024-03-08,PM-002
CUST-02866,Myra,Hans,myra_412@icloud.com,917812806983,2006-01-31,2024-05-13,PM-001
CUST-02867,Nehmat,Rege,nehmat.rege874@icloud.com,918561200668,2003-01-28,2023-03-16,PM-002
CUST-02868,Siya,Chander,siya_188@hotmail.com,918494897384,1989-02-02,2017-12-04,PM-003
CUST-02869,Shaan,Chakrabarti,shaan.chakrabarti391@hotmail.com,919174857081,1985-12-07,2005-05-07,PM-004
CUST-02870,Taran,Khatri,taran.khatri744@gmail.com,919252418511,1974-09-04,1994-02-19,PM-003
CUST-02871,Oorja,Mane,maneoorja956@yahoo.com,919454609601,1989-12-19,2024-03-04,PM-002
CUST-02872,Lakshit,Doshi,lakshit_532@outlook.com,919834832235,2005-05-12,2024-02-17,PM-002
CUST-02873,Raghav,Balay,balayraghav648@yahoo.com,917909570089,1999-10-12,2018-01-06,PM-004
CUST-02874,Jivin,Mammen,jivin326@hotmail.com,917212587019,1986-06-13,2022-03-25,PM-003
CUST-02875,Vihaan,Sanghvi,vihaan.156@icloud.com,917994840324,1980-05-24,2015-08-20,PM-002
CUST-02876,Umang,Khanna,umang.631@outlook.com,918078993262,1987-03-07,2023-05-23,PM-003
CUST-02877,Samar,Chahal,chahalsamar169@yahoo.com,918030646403,1998-08-26,2020-12-02,PM-002
CUST-02878,Jayesh,Dey,jayesh_478@yahoo.com,917194892387,1985-11-29,2022-04-03,PM-001
CUST-02879,Yuvraj ,Ranganathan,yuvraj 792@icloud.com,917442943146,1982-07-16,2012-06-14,PM-001
CUST-02880,Charvi,Gupta,charvi845@gmail.com,918672353578,1991-12-27,2021-07-16,PM-002
CUST-02881,Kartik,Agate,agatekartik147@gmail.com,917024790660,1985-05-01,2006-06-11,PM-003
CUST-02882,Indranil,Bawa,bawaindranil321@yahoo.com,919541833959,1992-10-07,2022-09-05,PM-003
CUST-02883,Ojas,Vohra,ojas.712@yahoo.com,917555131777,1979-01-06,2004-03-18,PM-004
CUST-02884,Aayush,Bhatti,bhattiaayush302@yahoo.com,918018598970,1989-12-07,2018-07-07,PM-001
CUST-02885,Yuvaan,Gara,yuvaan.gara951@gmail.com,919546505427,1985-11-14,2007-03-24,PM-002
CUST-02886,Inaaya ,Saxena,inaaya .saxena659@icloud.com,919995744986,1993-08-16,2014-03-10,PM-003
CUST-02887,Kabir,Chaudhuri,chaudhurikabir967@gmail.com,917588847257,1978-12-29,2005-07-27,PM-002
CUST-02888,Vidur,Yogi,vidur.yogi576@icloud.com,917440172380,1990-05-06,2015-12-30,PM-001
CUST-02889,Ranbir,Tak,ranbir.tak577@yahoo.com,917005932684,2005-10-25,2023-11-14,PM-003
CUST-02890,Aaryahi,Ghose,aaryahi.581@icloud.com,918829799521,1996-05-11,2024-03-18,PM-001
CUST-02891,Hiran,Kashyap,kashyaphiran607@outlook.com,919886439651,1998-05-25,2019-05-22,PM-002
CUST-02892,Drishya,Bandi,bandidrishya215@gmail.com,919409072140,1985-08-16,2019-11-28,PM-004
CUST-02893,Indrans,Kanda,indrans.kanda647@icloud.com,918386725478,1985-01-06,2020-11-25,PM-002
CUST-02894,Ojas,Deep,ojas_702@outlook.com,918774348101,1991-02-26,2021-03-08,PM-002
CUST-02895,Ira,Dave,daveira381@yahoo.com,919625650898,1999-12-15,2023-09-22,PM-001
CUST-02896,Baiju,Choudhury,baiju.choudhury579@gmail.com,918465294962,1997-07-20,2023-10-01,PM-001
CUST-02897,Aradhya,Madan,aradhya_600@gmail.com,919476144375,2004-10-11,2024-01-23,PM-004
CUST-02898,Mannat,Sood,mannat910@gmail.com,917844889034,1998-09-15,2022-10-29,PM-001
CUST-02899,Bhamini,Venkatesh,venkateshbhamini791@hotmail.com,919261785148,2000-02-15,2021-08-06,PM-002
CUST-02900,Kiaan,Iyengar,kiaan400@icloud.com,918887929204,1989-06-05,2019-04-26,PM-001
CUST-02901,Taran,Sur,taran_767@yahoo.com,918565291348,2000-07-23,2023-10-24,PM-002
CUST-02902,Eshani,Sethi,eshani.sethi884@yahoo.com,919238322175,2001-10-02,2020-03-29,PM-003
CUST-02903,Ryan,Dhar,ryan.dhar506@outlook.com,917107815504,1982-02-02,2010-08-14,PM-003
CUST-02904,Rania,Chacko,rania.chacko807@gmail.com,919319056008,1981-03-13,2024-05-14,PM-002
CUST-02905,Arhaan,Manne,arhaan.manne482@hotmail.com,917328656546,2002-11-03,2024-03-28,PM-003
CUST-02906,Rati,Mall,rati_421@outlook.com,919392263490,2002-06-29,2022-12-07,PM-004
CUST-02907,Aniruddh,D’Alia,aniruddh.d’alia198@gmail.com,919468560084,1979-12-05,2023-05-27,PM-001
CUST-02908,Vidur,Chakrabarti,vidur.107@gmail.com,919278846918,1987-12-05,2016-01-01,PM-002
CUST-02909,Tejas,Gara,tejas.gara630@icloud.com,919099106739,1976-10-10,2000-09-12,PM-004
CUST-02910,Mishti,Mammen,mishti.181@yahoo.com,919736475482,1994-08-04,2013-03-23,PM-003
CUST-02911,Hridaan,Bora,hridaan.bora144@yahoo.com,917801558851,1983-10-05,2015-05-02,PM-002
CUST-02912,Miraan,Vala,miraan.935@yahoo.com,919926256980,1987-04-22,2022-04-24,PM-001
CUST-02913,Biju,Garg,biju.816@outlook.com,918137561056,2005-12-30,2024-05-03,PM-002
CUST-02914,Shanaya,Mann,shanaya790@outlook.com,917286984105,1977-03-14,2019-12-14,PM-002
CUST-02915,Divyansh,Vora,divyansh783@outlook.com,919224690684,2006-03-16,2024-04-18,PM-002
CUST-02916,Ritvik,Subramaniam,subramaniamritvik179@yahoo.com,918581075383,1976-11-15,2021-06-27,PM-002
CUST-02917,Shlok,Atwal,atwalshlok525@gmail.com,918015413650,1993-02-17,2016-02-03,PM-001
CUST-02918,Zain,Vohra,vohrazain157@outlook.com,918101839266,1987-02-11,2021-01-01,PM-002
CUST-02919,Nehmat,Kota,nehmat.kota395@outlook.com,919263742719,1985-08-02,2015-10-01,PM-001
CUST-02920,Keya,Salvi,salvikeya283@icloud.com,917717668679,1978-05-23,1997-04-14,PM-004
CUST-02921,Chirag,Sachdeva,chirag_531@outlook.com,918362818960,1993-08-19,2018-10-11,PM-004
CUST-02922,Jayesh,Babu,jayesh_452@hotmail.com,917177360515,2003-05-02,2023-01-14,PM-004
CUST-02923,Saksham,Anand,saksham_380@yahoo.com,918523836148,1992-12-10,2020-02-11,PM-001
CUST-02924,Anaya,Lala,anaya505@gmail.com,917466722239,1990-08-26,2011-02-22,PM-002
CUST-02925,Saanvi,Walia,saanvi600@icloud.com,918395510787,1995-05-14,2024-01-01,PM-002
CUST-02926,Jhanvi,Dada,jhanvi647@outlook.com,917441183027,1993-01-06,2016-12-13,PM-003
CUST-02927,Azad,Sankaran,azad714@outlook.com,918760706661,2002-10-18,2023-12-15,PM-004
CUST-02928,Aarna,Talwar,aarna894@outlook.com,919913894530,2001-12-28,2022-09-13,PM-001
CUST-02929,Rhea,Khurana,rhea_209@hotmail.com,918157594496,1998-07-30,2018-11-20,PM-002
CUST-02930,Zara,Dhar,dharzara223@outlook.com,918575063549,2000-06-11,2023-03-07,PM-002
CUST-02931,Gokul,Divan,gokul_612@gmail.com,918872522701,1986-09-06,2008-04-08,PM-003
CUST-02932,Anvi,Cheema,cheemaanvi947@hotmail.com,918944319430,1987-02-02,2007-11-17,PM-002
CUST-02933,Ryan,Sankar,ryan.sankar810@icloud.com,917154697317,1981-05-04,2011-10-14,PM-002
CUST-02934,Yasmin,Deol,yasmin411@yahoo.com,918849083368,1984-02-20,2010-02-04,PM-001
CUST-02935,Divij,Barman,divij.barman950@gmail.com,918594710864,1978-07-26,2018-02-20,PM-004
CUST-02936,Piya,Seshadri,piya.549@yahoo.com,917925416731,1986-03-09,2020-08-29,PM-002
CUST-02937,Darshit,Datta,darshit.169@gmail.com,918225136046,1991-06-25,2022-07-10,PM-003
CUST-02938,Biju,Bala,biju_118@gmail.com,918635389029,1987-11-19,2011-07-17,PM-001
CUST-02939,Damini,Rege,damini811@gmail.com,919650728308,1974-09-12,2005-06-04,PM-003
CUST-02940,Anay,Sahota,anay.sahota479@icloud.com,917179236483,1982-10-08,2021-03-07,PM-001
CUST-02941,Arnav,Hari,arnav_473@icloud.com,917751891197,1980-07-07,2002-06-29,PM-004
CUST-02942,Oorja,Ramanathan,ramanathanoorja864@icloud.com,917592367054,1993-07-13,2021-02-09,PM-001
CUST-02943,Tarini,Dash,tarini.650@outlook.com,917942760527,1998-04-21,2019-10-04,PM-003
CUST-02944,Vardaniya,Swamy,vardaniya795@icloud.com,918851108220,1998-03-10,2018-09-30,PM-004
CUST-02945,Neelofar,Deep,neelofar_251@icloud.com,917812088869,1991-06-13,2020-08-02,PM-003
CUST-02946,Nirvi,Kumar,nirvi.159@icloud.com,917685277498,1979-10-02,2017-03-15,PM-004
CUST-02947,Jivin,Jha,jivin.jha783@icloud.com,917631494663,1988-01-05,2020-09-01,PM-002
CUST-02948,Shanaya,Rana,shanaya788@outlook.com,917980762924,1982-12-09,2006-04-21,PM-002
CUST-02949,Trisha,Kanda,trisha_989@yahoo.com,917655916499,2005-01-31,2023-09-10,PM-003
CUST-02950,Aarush,Mand,aarush.489@icloud.com,919766925337,1992-05-15,2023-09-27,PM-001
CUST-02951,Heer,Kaul,heer659@gmail.com,917424547975,1983-03-08,2006-07-28,PM-002
CUST-02952,Lavanya,Chaudhary,lavanya_574@icloud.com,918691545128,1985-05-24,2023-08-21,PM-003
CUST-02953,Purab,Bajwa,purab_766@hotmail.com,919334106074,1981-08-30,2013-09-02,PM-002
CUST-02954,Divij,Kale,kaledivij376@hotmail.com,917483005788,1983-12-02,2012-03-28,PM-002
CUST-02955,Saanvi,Devi,saanvi_105@icloud.com,918102709523,2001-08-20,2024-06-08,PM-001
CUST-02956,Kismat,Thakur,kismat.thakur840@gmail.com,918814569598,1984-07-19,2002-09-15,PM-002
CUST-02957,Ehsaan,Hora,ehsaan.136@outlook.com,918120358047,1994-01-29,2016-07-19,PM-002
CUST-02958,Anaya,Ramakrishnan,anaya.ramakrishnan950@icloud.com,918619529810,1980-10-09,2015-06-25,PM-003
CUST-02959,Romil,Venkataraman,romil680@hotmail.com,918952231868,1989-11-01,2011-02-15,PM-003
CUST-02960,Shalv,Kala,shalv_264@outlook.com,917448618194,1976-06-02,1997-09-30,PM-002
CUST-02961,Ivana,Golla,ivana589@icloud.com,919280332506,2004-01-06,2024-03-24,PM-003
CUST-02962,Zaina,Chander,zaina.187@icloud.com,917983814914,1976-10-07,2017-04-28,PM-003
CUST-02963,Trisha,Sandhu,trisha182@icloud.com,919813965418,2006-02-27,2024-04-13,PM-003
CUST-02964,Mahika,Sastry,mahika.806@icloud.com,918801195225,2004-03-12,2022-05-15,PM-001
CUST-02965,Adah,Ganesan,adah.ganesan461@outlook.com,919843232187,1991-08-13,2017-09-28,PM-004
CUST-02966,Raunak,Sampath,raunak.173@yahoo.com,919344647117,1984-09-19,2011-02-12,PM-002
CUST-02967,Advik,Deep,advik193@outlook.com,919836574583,1987-01-16,2011-02-19,PM-003
CUST-02968,Taimur,Ravel,taimur.ravel763@icloud.com,918523728027,1994-03-11,2012-04-15,PM-003
CUST-02969,Himmat,Jani,himmat564@icloud.com,919355091613,1974-11-10,2003-04-18,PM-002
CUST-02970,Aayush,Bhatt,aayush.770@gmail.com,918821356346,1977-12-11,1997-07-01,PM-001
CUST-02971,Adira,Raman,adira.174@yahoo.com,918389571021,1999-05-11,2022-09-20,PM-002
CUST-02972,Myra,Boase,myra.530@icloud.com,917262184704,1991-04-23,2010-10-01,PM-002
CUST-02973,Jayesh,Khurana,jayesh383@outlook.com,919010449097,1997-06-16,2022-01-29,PM-001
CUST-02974,Inaaya ,Sethi,inaaya _392@hotmail.com,918062117854,1989-05-28,2011-01-03,PM-001
CUST-02975,Ryan,Hans,ryan_867@hotmail.com,919189470027,1990-10-31,2016-08-02,PM-002
CUST-02976,Hazel,Kanda,hazel.kanda284@outlook.com,918304722558,1977-09-11,2012-10-31,PM-003
CUST-02977,Manjari,Shere,sheremanjari174@yahoo.com,917095790897,1975-03-27,2006-10-09,PM-002
CUST-02978,Indrans,Brar,indrans_558@yahoo.com,917078304077,2001-01-20,2022-02-04,PM-002
CUST-02979,Kanav,Kuruvilla,kanav.kuruvilla931@yahoo.com,919031097799,1998-06-14,2018-12-19,PM-002
CUST-02980,Riaan,Barad,riaan_619@icloud.com,919902175136,1999-04-18,2019-08-01,PM-003
CUST-02981,Mahika,Tiwari,mahika.tiwari269@yahoo.com,917941897127,1980-11-13,2011-10-02,PM-002
CUST-02982,Riya,Apte,riya.677@gmail.com,917051973886,1996-04-27,2015-03-04,PM-002
CUST-02983,Miraan,Mander,miraan_180@icloud.com,919261409823,1982-02-07,2003-06-09,PM-002
CUST-02984,Tejas,Dey,deytejas807@yahoo.com,919472295801,1998-10-30,2021-06-29,PM-004
CUST-02985,Zara,Saran,saranzara267@icloud.com,919853428062,1992-07-04,2011-08-07,PM-004
CUST-02986,Seher,Rama,seher.265@hotmail.com,918047280794,1997-09-30,2017-04-01,PM-002
CUST-02987,Dishani,Divan,dishani_830@hotmail.com,918705903785,1996-02-23,2020-05-09,PM-001
CUST-02988,Kiara,Chana,chanakiara965@gmail.com,918962465396,1995-01-24,2016-12-08,PM-001
CUST-02989,Ojas,Andra,ojas.andra667@yahoo.com,918970738189,2003-02-20,2022-09-28,PM-002
CUST-02990,Aarna,Chandran,aarna.957@hotmail.com,918711904034,1994-12-05,2016-09-12,PM-001
CUST-02991,Advika,Chhabra,advika252@hotmail.com,918188089843,2006-04-05,2024-05-07,PM-003
CUST-02992,Indrans,Chanda,indrans.754@yahoo.com,919191032206,1999-02-25,2018-06-06,PM-002
CUST-02993,Tushar,Jhaveri,tushar.839@icloud.com,918240752353,1986-12-18,2007-12-21,PM-001
CUST-02994,Jayan,Ramachandran,ramachandranjayan853@icloud.com,919076302464,1984-12-21,2021-07-08,PM-001
CUST-02995,Samaira,Subramaniam,samaira421@icloud.com,919711450406,1996-02-05,2023-02-09,PM-001
CUST-02996,Advika,Barman,barmanadvika286@icloud.com,919163935185,1976-05-21,1999-03-20,PM-004
CUST-02997,Divij,Mallick,divij.mallick622@outlook.com,917389892345,2001-12-02,2023-08-22,PM-003
CUST-02998,Kiaan,Gera,kiaan_592@icloud.com,917172320453,1985-10-04,2009-07-23,PM-002
CUST-02999,Aaryahi,Das,aaryahi_885@hotmail.com,919169733211,1981-05-22,2007-12-30,PM-001
CUST-03000,Damini,Dugar,dugardamini674@hotmail.com,919453650895,1988-02-22,2014-12-16,PM-001
CUST-03001,Nayantara,Savant,nayantara.savant142@yahoo.com,917740420679,1993-06-19,2016-11-11,PM-004
CUST-03002,Advika,Manda,advika602@icloud.com,918810695577,1988-02-05,2018-05-03,PM-001
CUST-03003,Tushar,Jayaraman,tushar_374@outlook.com,917720803522,2001-07-15,2021-01-25,PM-002
CUST-03004,Nitya,Rama,nitya.206@outlook.com,919432792506,2001-09-29,2024-01-10,PM-001
CUST-03005,Myra,Raval,myra704@hotmail.com,918024939110,1983-08-21,2008-08-03,PM-001
CUST-03006,Damini,Lad,damini.944@yahoo.com,918542242462,1993-09-06,2016-03-17,PM-001
CUST-03007,Arhaan,Lad,ladarhaan936@hotmail.com,919224829695,1977-12-17,2005-12-02,PM-001
CUST-03008,Kiara,Bir,kiara.bir919@gmail.com,919588284681,1997-11-11,2018-02-24,PM-002
CUST-03009,Indrajit,Rege,regeindrajit802@hotmail.com,919244480199,1981-11-02,2002-11-28,PM-003
CUST-03010,Ahana ,Sheth,shethahana 454@gmail.com,919815861901,1981-04-21,1999-06-17,PM-001
CUST-03011,Amani,Mall,amani.mall254@outlook.com,917547086168,1982-06-24,2008-10-01,PM-001
CUST-03012,Lavanya,De,delavanya120@icloud.com,918975580543,1985-01-27,2016-11-08,PM-004
CUST-03013,Sara,Bansal,sara.699@yahoo.com,917087215833,1976-01-27,2017-04-16,PM-002
CUST-03014,Romil,Kibe,romil137@icloud.com,917574841525,1976-07-15,1996-03-28,PM-004
CUST-03015,Aarush,Kuruvilla,aarush.kuruvilla679@icloud.com,919048815000,1997-04-13,2018-09-29,PM-003
CUST-03016,Mamooty,Khosla,mamooty_904@hotmail.com,919846979435,1996-07-30,2021-06-13,PM-003
CUST-03017,Indrajit,Chauhan,indrajit_622@gmail.com,917214899922,1994-04-08,2016-06-24,PM-004
CUST-03018,Reyansh,Taneja,reyansh_116@outlook.com,919848231862,2005-05-20,2024-06-12,PM-001
CUST-03019,Tarini,Baria,bariatarini930@hotmail.com,918642669235,1979-02-02,2013-08-16,PM-002
CUST-03020,Siya,Deo,deosiya659@outlook.com,919141413165,1998-11-24,2023-11-25,PM-002
CUST-03021,Zara,Babu,zara_259@icloud.com,919207060431,1992-12-15,2015-12-29,PM-004
CUST-03022,Ahana ,Dube,ahana _703@hotmail.com,919500065567,1979-05-17,1997-06-08,PM-001
CUST-03023,Rasha,Devan,devanrasha529@yahoo.com,918403735034,1984-04-05,2006-01-08,PM-001
CUST-03024,Kashvi,Basu,kashvi_731@gmail.com,918241793983,1985-11-30,2007-01-06,PM-001
CUST-03025,Shanaya,Kibe,shanaya_181@icloud.com,919316443480,1985-10-06,2011-08-23,PM-002
CUST-03026,Vanya,Grover,grovervanya583@icloud.com,918807339407,2006-01-24,2024-02-20,PM-002
CUST-03027,Amira,Shetty,amira_461@hotmail.com,919160128286,1999-01-06,2018-06-02,PM-004
CUST-03028,Drishya,Kumer,drishya323@hotmail.com,918465633290,1999-06-14,2020-11-05,PM-004
CUST-03029,Aarna,Taneja,aarna_460@gmail.com,917102245593,1994-04-22,2012-06-21,PM-001
CUST-03030,Ivana,Magar,ivana.592@gmail.com,917860135313,1982-01-31,2001-05-03,PM-003
CUST-03031,Alisha,Khatri,alisha487@hotmail.com,917692020298,1996-11-27,2016-10-28,PM-004
CUST-03032,Manjari,Wali,manjari.340@outlook.com,917531198456,1995-01-02,2020-03-07,PM-004
CUST-03033,Anya,Kibe,anya_314@outlook.com,917381895577,1994-09-13,2013-02-28,PM-002
CUST-03034,Nirvaan,Varty,nirvaan.varty773@icloud.com,919527859710,2003-01-08,2021-03-13,PM-003
CUST-03035,Keya,Virk,virkkeya495@icloud.com,917539889540,1985-12-18,2021-07-05,PM-001
CUST-03036,Aaina,Ghosh,aaina.ghosh726@outlook.com,918317583387,2001-01-20,2022-04-20,PM-003
CUST-03037,Divyansh,Kara,divyansh.119@icloud.com,918309849818,1981-07-07,2016-02-05,PM-004
CUST-03038,Hrishita,Tak,hrishita328@yahoo.com,917014088047,1993-11-01,2012-12-05,PM-002
CUST-03039,Shlok,Master,shlok.master880@yahoo.com,918889246587,1986-02-22,2007-10-09,PM-001
CUST-03040,Manjari,Jhaveri,jhaverimanjari817@hotmail.com,918444590713,1989-09-24,2021-01-01,PM-001
CUST-03041,Oorja,Manne,oorja.716@hotmail.com,918227853861,1977-02-02,2001-07-02,PM-001
CUST-03042,Yasmin,Kala,yasmin436@yahoo.com,917629697499,1992-08-28,2023-06-02,PM-001
CUST-03043,Madhup,Raman,ramanmadhup953@icloud.com,918469782892,1986-12-15,2010-12-23,PM-004
CUST-03044,Yasmin,Sharma,yasmin_316@gmail.com,919975558231,1996-08-01,2020-10-09,PM-002
CUST-03045,Pihu,Sura,pihu906@yahoo.com,919449455139,1991-12-08,2019-04-26,PM-003
CUST-03046,Jivin,Gera,jivin_776@gmail.com,918370000338,1988-02-24,2010-10-17,PM-002
CUST-03047,Prerak,Sarraf,prerak.594@hotmail.com,917943832142,1976-01-15,2008-06-13,PM-001
CUST-03048,Priyansh,Chawla,priyansh.222@icloud.com,917150934116,1986-01-03,2009-10-20,PM-004
CUST-03049,Neysa,Mammen,neysa.402@icloud.com,919895703867,1995-08-03,2015-06-30,PM-001
CUST-03050,Prerak,Garde,prerak.817@gmail.com,919630857225,1990-03-24,2013-02-10,PM-002
CUST-03051,Manikya,Handa,manikya315@outlook.com,918562387799,1976-04-18,1997-04-22,PM-002
CUST-03052,Aarav,Mand,mandaarav210@yahoo.com,918962929032,2002-07-13,2020-07-09,PM-004
CUST-03053,Elakshi,Biswas,elakshi.biswas770@hotmail.com,917338494486,2001-06-11,2019-10-26,PM-004
CUST-03054,Nitya,Krishna,krishnanitya115@icloud.com,919769222049,1989-06-06,2022-03-10,PM-004
CUST-03055,Nirvi,Mangal,nirvi_170@hotmail.com,917425049279,1996-04-10,2017-11-26,PM-002
CUST-03056,Zeeshan,Jaggi,jaggizeeshan145@outlook.com,918118057339,1996-08-01,2020-07-04,PM-001
CUST-03057,Raghav,Dutta,duttaraghav635@outlook.com,918516240431,1991-03-21,2018-09-29,PM-002
CUST-03058,Riaan,Kapoor,riaan.156@icloud.com,919709859589,1993-06-13,2014-09-18,PM-002
CUST-03059,Mamooty,Sehgal,sehgalmamooty809@icloud.com,917178874091,2006-03-16,2024-05-19,PM-003
CUST-03060,Dhruv,Borde,bordedhruv620@gmail.com,918155470806,1975-03-23,2020-07-12,PM-003
CUST-03061,Vihaan,Sundaram,vihaan_352@outlook.com,918898935059,1999-08-30,2018-11-12,PM-004
CUST-03062,Ivan,Dhar,dharivan437@hotmail.com,917887635849,1976-08-09,2010-12-19,PM-001
CUST-03063,Abram,Keer,abram584@icloud.com,919537548506,2005-07-22,2023-08-21,PM-004
CUST-03064,Biju,Bhatnagar,biju.bhatnagar231@gmail.com,919519410692,1997-08-18,2023-12-03,PM-001
CUST-03065,Mahika,Choudhry,mahika_967@yahoo.com,918171774974,1978-05-04,2006-11-09,PM-003
CUST-03066,Tara,Sane,sanetara154@outlook.com,917431572872,1979-03-20,2017-11-11,PM-002
CUST-03067,Hansh,Chakrabarti,hansh_371@outlook.com,918409024917,1997-03-03,2016-01-16,PM-004
CUST-03068,Nirvaan,Ramaswamy,nirvaan_776@outlook.com,917922844471,1975-10-10,2024-02-02,PM-004
CUST-03069,Myra,Sachdev,myra.sachdev729@outlook.com,919340138964,1990-08-24,2022-03-29,PM-004
CUST-03070,Elakshi,Shenoy,elakshi_444@gmail.com,917622858555,1983-03-15,2018-02-16,PM-002
CUST-03071,Anay,Balasubramanian,anay_479@yahoo.com,918360584365,1975-06-11,2017-11-11,PM-001
CUST-03072,Devansh,Soni,devansh.soni509@yahoo.com,918864607888,2001-01-13,2021-04-23,PM-002
CUST-03073,Dhanuk,Toor,toordhanuk650@icloud.com,917385199469,1995-01-09,2013-03-11,PM-001
CUST-03074,Kiara,Buch,buchkiara808@gmail.com,917554781661,1981-10-30,2018-09-17,PM-002
CUST-03075,Dhanuk,Bera,dhanuk_311@hotmail.com,917612247409,2003-07-17,2021-10-27,PM-004
CUST-03076,Sumer,Tank,tanksumer464@icloud.com,917675098178,1977-03-09,2001-06-08,PM-004
CUST-03077,Anahi,Shenoy,anahi_799@gmail.com,918002348795,1989-02-27,2008-05-26,PM-001
CUST-03078,Kashvi,Rao,kashvi.824@icloud.com,917415448598,1983-08-16,2020-08-31,PM-004
CUST-03079,Nirvaan,Ramesh,rameshnirvaan993@yahoo.com,918294200396,1991-10-23,2019-03-04,PM-004
CUST-03080,Krish,Doctor,krish585@hotmail.com,918898377126,1994-01-29,2020-08-20,PM-003
CUST-03081,Adira,Halder,adira496@yahoo.com,917378460179,1989-06-05,2024-03-29,PM-003
CUST-03082,Urvi,Karnik,karnikurvi307@hotmail.com,917270673040,1994-12-21,2023-06-11,PM-003
CUST-03083,Ranbir,Devi,deviranbir777@outlook.com,918765918171,1987-10-11,2007-05-01,PM-001
CUST-03084,Shanaya,Rama,shanaya_312@icloud.com,919642171487,1976-11-04,2002-10-16,PM-001
CUST-03085,Madhup,Char,charmadhup836@hotmail.com,917910983508,1977-02-14,2024-05-29,PM-004
CUST-03086,Aaina,Babu,aaina100@outlook.com,917999193290,1992-02-25,2018-01-25,PM-001
CUST-03087,Ahana ,Behl,ahana 107@yahoo.com,918883779069,1993-08-04,2019-04-24,PM-002
CUST-03088,Taimur,Barad,taimur_815@yahoo.com,918367327106,1996-04-28,2019-04-10,PM-002
CUST-03089,Anahi,Tandon,anahi_776@icloud.com,917240186752,1984-12-12,2022-12-07,PM-002
CUST-03090,Seher,Buch,seher.buch453@hotmail.com,917964573356,1995-04-25,2018-03-13,PM-002
CUST-03091,Sahil,Gole,sahil_878@outlook.com,919178802823,2005-11-22,2024-05-28,PM-003
CUST-03092,Zeeshan,Ray,zeeshan_316@yahoo.com,918810884206,1975-04-14,2004-06-13,PM-002
CUST-03093,Hunar,De,dehunar768@yahoo.com,918973203711,1980-02-26,2001-06-19,PM-002
CUST-03094,Alia,Chada,alia.chada346@hotmail.com,917714456780,1998-01-13,2020-07-24,PM-001
CUST-03095,Alisha,Viswanathan,alisha.viswanathan897@outlook.com,918835556130,2003-12-18,2023-01-21,PM-003
CUST-03096,Jayesh,Shankar,jayesh.shankar874@outlook.com,917503213014,2000-04-06,2023-05-10,PM-001
CUST-03097,Pari,Dugar,pari_729@gmail.com,919337286435,1976-07-21,2022-04-27,PM-003
CUST-03098,Yakshit,Contractor,yakshit645@gmail.com,917921747495,1981-11-15,2009-03-18,PM-003
CUST-03099,Aniruddh,Krishnamurthy,aniruddh_353@yahoo.com,919457440485,1999-11-10,2021-09-17,PM-002
CUST-03100,Samaira,Taneja,samaira.361@hotmail.com,919935103133,1991-10-10,2017-03-01,PM-001
CUST-03101,Armaan,Chadha,chadhaarmaan987@outlook.com,918347309837,1993-05-21,2018-03-01,PM-002
CUST-03102,Badal,Ramaswamy,badal_847@hotmail.com,917204903667,1991-08-01,2022-01-08,PM-004
CUST-03103,Sumer,Savant,sumer_372@outlook.com,917674512832,1991-10-12,2013-11-24,PM-004
CUST-03104,Saanvi,Ramaswamy,saanvi.ramaswamy739@hotmail.com,917653622388,2004-12-14,2023-12-11,PM-004
CUST-03105,Siya,Tata,tatasiya958@yahoo.com,918233160420,1996-12-11,2021-09-25,PM-003
CUST-03106,Rania,Sodhi,rania.663@gmail.com,917487968605,1978-06-17,2013-05-31,PM-003
CUST-03107,Samar,Saxena,samar.saxena880@icloud.com,917548483057,2001-02-07,2022-09-02,PM-004
CUST-03108,Jivika,Saxena,jivika_117@yahoo.com,919066025201,1993-07-17,2020-10-27,PM-003
CUST-03109,Hansh,Grover,hansh415@icloud.com,918213335442,2001-09-13,2023-01-07,PM-004
CUST-03110,Dhruv,Bora,dhruv_375@hotmail.com,918759181728,2003-09-13,2022-03-08,PM-002
CUST-03111,Samarth,Barad,samarth.632@yahoo.com,917004413479,1993-10-12,2016-12-11,PM-002
CUST-03112,Chirag,Ranganathan,chirag_742@hotmail.com,918223951471,1998-08-19,2019-07-26,PM-001
CUST-03113,Armaan,Bera,armaan_222@icloud.com,917848886855,1986-08-06,2012-12-15,PM-002
CUST-03114,Yashvi,Barad,yashvi_384@icloud.com,918837653756,2001-11-27,2020-02-28,PM-004
CUST-03115,Ryan,Tank,tankryan726@icloud.com,918587001581,2006-01-02,2024-02-09,PM-004
CUST-03116,Purab,Bala,purab.119@icloud.com,917122072818,2001-09-17,2021-11-03,PM-001
CUST-03117,Siya,Viswanathan,siya.777@outlook.com,919304144773,1983-04-27,2012-11-06,PM-002
CUST-03118,Krish,Sachar,sacharkrish186@icloud.com,917131964253,1978-10-04,2004-11-16,PM-001
CUST-03119,Ayesha,Kala,ayesha.308@icloud.com,918207053608,1979-04-22,2008-03-14,PM-004
CUST-03120,Nehmat,Bal,nehmat.bal716@icloud.com,917662904713,1994-07-18,2018-11-13,PM-002
CUST-03121,Baiju,Ahluwalia,ahluwaliabaiju546@outlook.com,917360898928,2000-08-22,2023-02-15,PM-002
CUST-03122,Nitara,Sabharwal,nitara_520@hotmail.com,917844188579,1981-07-03,2011-01-12,PM-003
CUST-03123,Abram,Rastogi,abram.106@gmail.com,917912188318,2000-09-03,2024-01-28,PM-001
CUST-03124,Neelofar,Chauhan,neelofar.793@outlook.com,919994070261,1985-07-25,2009-10-26,PM-001
CUST-03125,Baiju,Yohannan,yohannanbaiju195@icloud.com,919399342380,1976-07-23,2024-05-28,PM-001
CUST-03126,Mannat,Ram,mannat.ram410@yahoo.com,917731853013,2001-08-24,2020-09-24,PM-004
CUST-03127,Dharmajan,Bala,dharmajan884@outlook.com,919546588158,2005-04-03,2023-09-26,PM-003
CUST-03128,Diya,Seshadri,diya.seshadri133@hotmail.com,917025957387,1984-01-12,2011-07-28,PM-003
CUST-03129,Manjari,Tank,tankmanjari675@icloud.com,919614798699,2001-06-17,2023-06-10,PM-003
CUST-03130,Chirag,Dhingra,chirag818@hotmail.com,919174073201,2004-03-22,2023-09-03,PM-004
CUST-03131,Jivin,Zachariah,jivin889@yahoo.com,918517609619,1977-07-03,2018-04-22,PM-004
CUST-03132,Anvi,Johal,anvi_503@icloud.com,918302399471,1974-06-15,2000-12-20,PM-004
CUST-03133,Ivana,Butala,ivana.butala720@yahoo.com,917720234548,1989-03-26,2021-07-22,PM-004
CUST-03134,Lavanya,Barad,lavanya.419@gmail.com,917552971668,1992-12-30,2014-08-22,PM-004
CUST-03135,Anya,Ramakrishnan,anya357@icloud.com,918353772817,1980-11-10,2005-10-26,PM-003
CUST-03136,Badal,Kannan,kannanbadal595@icloud.com,919094115269,1982-01-27,2003-12-29,PM-004
CUST-03137,Rania,Choudhury,rania_573@icloud.com,919706654650,1992-11-30,2018-03-26,PM-002
CUST-03138,Onkar,Sani,sanionkar542@outlook.com,919488996988,2005-03-21,2024-01-17,PM-001
CUST-03139,Myra,Mangal,myra.mangal214@yahoo.com,917901823640,1995-05-02,2019-01-23,PM-001
CUST-03140,Tejas,Kumer,tejas.kumer824@yahoo.com,917307467708,1976-06-18,2021-02-10,PM-004
CUST-03141,Adira,Kumar,adira.788@icloud.com,919569551055,1999-11-13,2019-01-17,PM-003
CUST-03142,Uthkarsh,Grewal,uthkarsh.759@hotmail.com,919113772515,1992-09-26,2022-08-01,PM-003
CUST-03143,Hazel,Dey,hazel625@yahoo.com,919100689446,1991-08-05,2019-07-04,PM-002
CUST-03144,Fateh,Sen,senfateh464@gmail.com,917254080696,1987-01-07,2015-03-13,PM-003
CUST-03145,Tejas,Doctor,tejas.doctor565@icloud.com,919009171995,1977-11-17,2000-02-25,PM-004
CUST-03146,Ranbir,Lal,ranbir_423@yahoo.com,919389991120,2003-02-05,2024-05-25,PM-002
CUST-03147,Kiaan,Goyal,goyalkiaan602@outlook.com,918578834766,2003-06-12,2023-07-02,PM-002
CUST-03148,Oorja,Gala,galaoorja277@yahoo.com,919359408382,1986-07-24,2013-08-28,PM-002
CUST-03149,Yuvraj ,Hayre,yuvraj .hayre696@outlook.com,918273812327,1991-04-02,2019-03-12,PM-003
CUST-03150,Faiyaz,Upadhyay,faiyaz_575@gmail.com,917819968070,1992-12-17,2011-07-01,PM-004
CUST-03151,Zoya,Doshi,zoya.298@icloud.com,917816976595,1994-01-26,2020-11-21,PM-004
CUST-03152,Ryan,Yohannan,yohannanryan135@outlook.com,919786614966,1982-01-31,2020-12-21,PM-003
CUST-03153,Trisha,Wali,walitrisha363@hotmail.com,917360596778,1998-02-24,2016-04-20,PM-003
CUST-03154,Gokul,Halder,gokul902@hotmail.com,918975121818,2003-03-27,2021-11-09,PM-001
CUST-03155,Farhan,Soni,farhan.266@gmail.com,917595929211,1996-06-30,2014-11-12,PM-003
CUST-03156,Yakshit,Borah,yakshit321@hotmail.com,919140194439,1978-03-09,2024-01-10,PM-001
CUST-03157,Aayush,Soman,aayush.529@yahoo.com,919790462378,1984-11-21,2024-04-27,PM-004
CUST-03158,Ojas,Kaul,ojas166@yahoo.com,917692397849,2003-06-26,2023-04-10,PM-002
CUST-03159,Kashvi,Zachariah,kashvi.864@outlook.com,917923951319,1994-10-04,2016-08-15,PM-003
CUST-03160,Vivaan,Balakrishnan,vivaan276@icloud.com,918708333868,1975-09-22,2002-04-11,PM-001
CUST-03161,Alia,Khurana,alia_924@yahoo.com,918664477562,1985-08-07,2004-01-15,PM-002
CUST-03162,Dhanush,Sibal,dhanush_883@icloud.com,919122787667,1986-10-18,2023-12-08,PM-003
CUST-03163,Samarth,Edwin,samarth_571@outlook.com,918435432639,1999-08-03,2019-05-13,PM-003
CUST-03164,Aarush,Gera,aarush.496@outlook.com,919630448999,1975-03-30,2005-04-23,PM-004
CUST-03165,Sahil,Sabharwal,sabharwalsahil636@gmail.com,917719462102,2002-08-09,2021-02-19,PM-002
CUST-03166,Uthkarsh,Gupta,uthkarsh440@gmail.com,919413322770,1989-03-23,2018-04-25,PM-002
CUST-03167,Vaibhav,Sankar,vaibhav.sankar251@gmail.com,919493179791,2000-02-16,2019-09-04,PM-004
CUST-03168,Jhanvi,Char,jhanvi.char142@outlook.com,919580209207,1996-10-15,2020-01-28,PM-003
CUST-03169,Badal,Kale,badal519@icloud.com,919119903067,2006-02-27,2024-03-21,PM-001
CUST-03170,Romil,Shah,romil565@hotmail.com,919012009549,1982-10-06,2024-02-13,PM-002
CUST-03171,Mamooty,Wable,mamooty.wable790@hotmail.com,918342939273,1986-11-07,2018-05-14,PM-002
CUST-03172,Shlok,Virk,shlok.virk554@outlook.com,918318015335,1984-06-14,2024-03-21,PM-001
CUST-03173,Charvi,Sami,charvi600@yahoo.com,919992263847,1992-05-03,2022-11-10,PM-002
CUST-03174,Ivana,Sarma,sarmaivana590@hotmail.com,917866215513,1981-07-07,2013-01-22,PM-004
CUST-03175,Zoya,Goda,zoya292@outlook.com,919160716170,1997-05-17,2023-03-13,PM-004
CUST-03176,Mohanlal,Samra,mohanlal_750@icloud.com,919483905048,1989-02-15,2022-05-21,PM-003
CUST-03177,Divyansh,Kapoor,divyansh.kapoor930@yahoo.com,918555239169,1989-10-27,2021-05-05,PM-001
CUST-03178,Parinaaz,Dash,parinaaz840@gmail.com,919842722717,2001-12-02,2021-03-02,PM-003
CUST-03179,Keya,Majumdar,keya.majumdar539@yahoo.com,918054712939,2002-09-18,2024-02-05,PM-003
CUST-03180,Adah,Rout,routadah848@yahoo.com,919540166539,2006-04-25,2024-05-11,PM-001
CUST-03181,Adira,Dhar,adira_858@yahoo.com,919187476317,2005-01-09,2024-05-07,PM-001
CUST-03182,Rasha,Ram,rasha_586@gmail.com,919270083809,2001-05-10,2023-05-23,PM-002
CUST-03183,Taran,Keer,taran.738@hotmail.com,918675665476,1981-06-28,2004-10-18,PM-003
CUST-03184,Sumer,Chhabra,chhabrasumer223@outlook.com,917472294723,1999-01-10,2017-11-16,PM-001
CUST-03185,Misha,Roy,misha.roy856@outlook.com,918553137098,1982-08-23,2015-12-14,PM-002
CUST-03186,Shamik,Agrawal,shamik.agrawal132@outlook.com,918499702051,1984-03-09,2018-11-13,PM-003
CUST-03187,Divij,Suri,divij371@hotmail.com,917668724254,1975-11-14,1998-05-24,PM-002
CUST-03188,Miraya,Badami,miraya.badami866@icloud.com,918528891257,1981-09-28,2005-11-18,PM-004
CUST-03189,Indrajit,Raman,ramanindrajit480@icloud.com,919396899199,1975-06-20,1996-04-26,PM-003
CUST-03190,Neysa,Borah,borahneysa826@hotmail.com,917274506724,2001-01-31,2021-08-31,PM-003
CUST-03191,Zaina,Gill,zaina.gill940@hotmail.com,917797004445,1983-04-26,2021-04-26,PM-002
CUST-03192,Kimaya,Chaudhary,kimaya_241@icloud.com,917472972723,1981-08-06,2008-11-23,PM-004
CUST-03193,Samiha,Karpe,samiha.734@gmail.com,918582279442,1981-02-12,2001-03-19,PM-004
CUST-03194,Yasmin,Datta,yasmin.193@icloud.com,918074270885,2003-09-02,2022-12-03,PM-004
CUST-03195,Jiya,Boase,jiya820@icloud.com,919764366012,1975-01-17,2023-10-24,PM-002
CUST-03196,Nakul,Koshy,nakul.koshy696@outlook.com,917110745678,2004-11-04,2024-02-07,PM-003
CUST-03197,Jayesh,Rajan,jayesh154@outlook.com,918589545841,2004-12-18,2024-03-16,PM-004
CUST-03198,Drishya,Tata,drishya210@outlook.com,917159588352,1997-12-23,2017-03-22,PM-002
CUST-03199,Farhan,Iyer,farhan.iyer215@gmail.com,917328150181,1981-09-03,2015-07-02,PM-003
CUST-03200,Miraya,Lall,lallmiraya943@yahoo.com,918931954924,1984-09-02,2016-10-07,PM-002
CUST-03201,Keya,Bhattacharyya,keya.bhattacharyya636@yahoo.com,918911001382,1997-06-05,2018-01-14,PM-004
CUST-03202,Onkar,Verma,vermaonkar758@yahoo.com,919835034997,1981-10-17,2006-07-07,PM-001
CUST-03203,Hiran,Acharya,hiran.acharya575@icloud.com,918948536021,1990-03-15,2023-10-19,PM-001
CUST-03204,Zoya,Kar,karzoya509@gmail.com,919177792230,1990-05-05,2023-07-27,PM-001
CUST-03205,Heer,Suri,heer.suri686@outlook.com,919812643241,2001-05-12,2020-02-15,PM-003
CUST-03206,Sara,Sarna,sara.383@hotmail.com,918424968681,1980-12-24,2017-02-15,PM-001
CUST-03207,Neysa,Sharma,neysa528@hotmail.com,919418669508,1977-10-27,2004-10-28,PM-003
CUST-03208,Badal,Saran,badal334@outlook.com,917643786620,1978-11-10,2008-09-15,PM-004
CUST-03209,Advik,Barman,advik.316@icloud.com,919051997717,1998-06-04,2020-07-27,PM-002
CUST-03210,Rati,Agate,rati_204@outlook.com,919642829445,1996-11-19,2021-05-26,PM-002
CUST-03211,Stuvan,Kapur,stuvan.879@yahoo.com,919166002354,2001-03-31,2019-05-16,PM-004
CUST-03212,Eva,Dar,eva_753@hotmail.com,919794853858,1991-05-07,2019-01-15,PM-003
CUST-03213,Adira,Cheema,cheemaadira429@outlook.com,917443875496,1998-07-05,2017-07-09,PM-002
CUST-03214,Eva,Virk,eva_350@outlook.com,917452501667,1983-02-01,2006-04-19,PM-004
CUST-03215,Shalv,Chada,shalv.chada681@hotmail.com,919126199705,1989-03-26,2017-12-19,PM-002
CUST-03216,Badal,Mann,badal_164@outlook.com,918511015320,2003-08-14,2024-04-05,PM-001
CUST-03217,Fateh,Sarkar,fateh_966@yahoo.com,917955564085,1994-09-19,2019-07-27,PM-004
CUST-03218,Madhav,Kar,madhav.kar197@hotmail.com,919293363929,1996-05-07,2022-01-18,PM-003
CUST-03219,Kaira,Majumdar,kaira_553@yahoo.com,919252784637,1976-07-03,2008-07-19,PM-002
CUST-03220,Miraan,Sangha,miraan_262@icloud.com,919901994588,1986-12-17,2021-08-16,PM-002
CUST-03221,Riaan,Warrior,warriorriaan661@gmail.com,919047274199,1995-07-22,2017-12-25,PM-003
CUST-03222,Badal,Deo,badal.deo301@icloud.com,919941617107,1974-07-20,2023-11-20,PM-002
CUST-03223,Taimur,Chopra,taimur734@icloud.com,918387662465,1999-05-10,2017-05-13,PM-001
CUST-03224,Anika,Hegde,hegdeanika593@icloud.com,917845536315,1976-10-10,2014-11-17,PM-003
CUST-03225,Ehsaan,Srinivasan,ehsaan573@icloud.com,919411220441,1984-01-05,2019-11-09,PM-001
CUST-03226,Reyansh,Vala,valareyansh825@yahoo.com,919105018525,2004-02-24,2024-04-08,PM-003
CUST-03227,Ayesha,Shukla,ayesha.411@yahoo.com,919660584560,1999-05-04,2020-08-01,PM-001
CUST-03228,Sumer,Chakraborty,chakrabortysumer928@hotmail.com,917937451854,1996-07-22,2015-12-01,PM-004
CUST-03229,Oorja,Deol,oorja.300@hotmail.com,918411236409,2005-03-17,2023-04-13,PM-003
CUST-03230,Nitara,Ganguly,nitara.ganguly244@yahoo.com,918776025106,1978-12-20,2003-08-11,PM-001
CUST-03231,Ritvik,Srivastava,ritvik.568@yahoo.com,917136228578,2003-10-16,2022-05-15,PM-003
CUST-03232,Riya,Korpal,riya.korpal640@yahoo.com,918967913134,1981-08-25,2001-01-05,PM-003
CUST-03233,Adah,Chaudhari,adah.588@icloud.com,918573384445,1986-11-11,2006-05-25,PM-002
CUST-03234,Kismat,Dass,kismat.dass331@gmail.com,919582777314,2002-10-22,2021-10-07,PM-003
CUST-03235,Nirvi,Som,nirvi_813@hotmail.com,919864357403,1978-04-23,2002-09-08,PM-003
CUST-03236,Darshit,Tailor,darshit.246@yahoo.com,919193956756,2005-03-17,2023-10-06,PM-003
CUST-03237,Tanya,Dhar,tanya.852@gmail.com,919952516759,2005-10-15,2024-01-03,PM-004
CUST-03238,Lakshay,Thaker,lakshay_771@outlook.com,917416336125,1978-05-03,2021-08-20,PM-002
CUST-03239,Hansh,Banerjee,hansh.banerjee530@icloud.com,918613776807,1975-03-25,1999-12-13,PM-004
CUST-03240,Reyansh,Sunder,sunderreyansh769@hotmail.com,918167679928,1995-02-14,2020-07-25,PM-004
CUST-03241,Vihaan,Saraf,sarafvihaan211@hotmail.com,919305739011,2001-08-22,2022-06-27,PM-001
CUST-03242,Ivan,Singhal,ivan.singhal918@icloud.com,917548344463,1993-11-11,2017-10-19,PM-004
CUST-03243,Devansh,Thaker,thakerdevansh222@hotmail.com,919695469896,1989-07-21,2023-12-11,PM-004
CUST-03244,Amira,Bahri,amira_827@hotmail.com,917910701259,2005-02-14,2023-12-11,PM-004
CUST-03245,Bhamini,Khosla,bhamini_263@hotmail.com,917577108559,1986-07-04,2015-06-24,PM-001
CUST-03246,Hridaan,Venkatesh,hridaan.768@icloud.com,919228711278,1981-09-26,2001-12-25,PM-003
CUST-03247,Manjari,Ray,raymanjari159@hotmail.com,917433579207,2001-03-27,2024-03-06,PM-002
CUST-03248,Raghav,Choudhary,raghav_926@gmail.com,917762415741,1983-03-30,2002-05-19,PM-003
CUST-03249,Taran,Saha,taran.saha505@gmail.com,919998316076,1989-07-11,2018-09-12,PM-003
CUST-03250,Drishya,Hans,drishya.153@icloud.com,919850796264,2003-07-25,2023-08-26,PM-002
CUST-03251,Chirag,Malhotra,chirag.707@outlook.com,919141009878,2004-07-26,2023-05-07,PM-003
CUST-03252,Nehmat,Doshi,doshinehmat241@icloud.com,918670257228,1984-10-22,2015-03-25,PM-003
CUST-03253,Anahita,Setty,anahita.791@hotmail.com,917640240768,1990-08-31,2013-09-05,PM-002
CUST-03254,Vritika,Dey,vritika947@hotmail.com,917682768805,1988-09-01,2013-06-22,PM-002
CUST-03255,Jhanvi,Trivedi,jhanvi900@icloud.com,919900288605,1989-09-26,2020-07-28,PM-004
CUST-03256,Inaaya ,Mand,inaaya .893@yahoo.com,917351965309,2001-07-15,2023-06-23,PM-003
CUST-03257,Tushar,Raj,tushar_684@icloud.com,917202788371,1997-01-19,2020-09-11,PM-004
CUST-03258,Eshani,Char,chareshani721@gmail.com,917443464139,1996-09-06,2015-09-10,PM-004
CUST-03259,Misha,Gara,misha347@hotmail.com,917153967843,1990-06-08,2022-07-05,PM-004
CUST-03260,Indranil,Chaudhary,indranil_988@gmail.com,919293670996,1977-03-03,2011-03-13,PM-004
CUST-03261,Miraan,Johal,miraan934@gmail.com,919162938186,1979-07-05,2005-04-27,PM-002
CUST-03262,Yashvi,Varughese,yashvi.570@hotmail.com,919107259649,1980-08-17,2014-08-22,PM-001
CUST-03263,Nitya,Mallick,mallicknitya444@gmail.com,918738971238,1995-05-06,2020-11-28,PM-003
CUST-03264,Zeeshan,Chakrabarti,zeeshan.chakrabarti906@outlook.com,919848937113,1987-12-19,2012-06-21,PM-003
CUST-03265,Renee,Dhar,renee.dhar532@gmail.com,917508551130,1989-05-14,2017-03-23,PM-002
CUST-03266,Shayak,Thakur,shayak.961@outlook.com,918812171520,1997-07-04,2021-01-13,PM-004
CUST-03267,Heer,Cherian,heer_620@hotmail.com,918216003917,1978-09-01,2019-04-12,PM-003
CUST-03268,Nitya,Ravel,nitya679@hotmail.com,917326720108,2003-02-13,2022-11-18,PM-004
CUST-03269,Jiya,Badami,badamijiya192@yahoo.com,919722108766,1974-11-23,1997-03-23,PM-003
CUST-03270,Lagan,Sarraf,sarraflagan189@icloud.com,919194582359,1980-09-07,2021-09-24,PM-003
CUST-03271,Lavanya,Bhatt,lavanya373@hotmail.com,918684465300,1996-05-02,2021-09-30,PM-004
CUST-03272,Lavanya,Manda,lavanya967@outlook.com,918933036398,2003-10-02,2022-06-13,PM-003
CUST-03273,Himmat,Zachariah,zachariahhimmat127@icloud.com,919882762048,1997-07-09,2015-09-25,PM-002
CUST-03274,Suhana,Gill,suhana.gill541@gmail.com,919260268170,1987-05-05,2006-03-08,PM-003
CUST-03275,Akarsh,Din,akarsh.din979@hotmail.com,918632873046,1975-02-03,1998-03-15,PM-001
CUST-03276,Indrans,Barad,indrans526@yahoo.com,917593447920,1988-08-25,2007-09-10,PM-001
CUST-03277,Divij,Chopra,divij609@icloud.com,917051403248,2006-04-27,2024-05-21,PM-003
CUST-03278,Aaina,Rastogi,aaina_731@hotmail.com,917190723210,1994-04-25,2022-08-31,PM-001
CUST-03279,Vedika,Ganesh,vedika.ganesh536@icloud.com,918162123206,1989-06-15,2019-11-10,PM-001
CUST-03280,Neelofar,Sethi,neelofar.sethi712@gmail.com,918261790354,1981-12-14,2016-04-05,PM-004
CUST-03281,Yasmin,Ram,yasmin.ram935@outlook.com,917345656346,1988-05-11,2008-08-30,PM-001
CUST-03282,Neelofar,Randhawa,neelofar211@gmail.com,918846881385,1977-05-22,2013-05-29,PM-004
CUST-03283,Miraya,Vasa,miraya.vasa895@outlook.com,919022316305,2005-10-28,2024-05-18,PM-002
CUST-03284,Aradhya,Kaur,aradhya.469@yahoo.com,918778276363,2004-05-12,2023-08-17,PM-002
CUST-03285,Jayan,Boase,boasejayan107@yahoo.com,918459275292,1998-03-06,2024-03-04,PM-003
CUST-03286,Darshit,Edwin,darshit.402@gmail.com,918319280726,1982-03-20,2007-08-13,PM-001
CUST-03287,Rhea,Boase,rhea_377@yahoo.com,917909118040,1978-01-21,2009-10-10,PM-004
CUST-03288,Lavanya,Dhillon,lavanya595@outlook.com,919300237480,2003-04-26,2021-05-28,PM-001
CUST-03289,Chirag,Krishnamurthy,chirag.930@gmail.com,917245209356,1992-05-02,2022-05-16,PM-003
CUST-03290,Reyansh,Sarin,reyansh.647@yahoo.com,918278641495,1985-11-28,2013-08-23,PM-001
CUST-03291,Sahil,Date,sahil.561@hotmail.com,918726263765,1992-06-25,2022-11-11,PM-001
CUST-03292,Zoya,Sangha,zoya.286@hotmail.com,917549171309,2004-02-06,2023-05-15,PM-002
CUST-03293,Inaaya ,Choudhury,choudhuryinaaya 808@hotmail.com,917059515148,1993-01-25,2018-10-20,PM-001
CUST-03294,Jayesh,Kata,jayesh_339@gmail.com,918657301254,1981-01-31,2016-02-21,PM-002
CUST-03295,Navya,Khosla,khoslanavya112@hotmail.com,919708188367,1995-05-07,2021-05-10,PM-003
CUST-03296,Prisha,Soman,somanprisha110@outlook.com,918586906705,1996-11-26,2022-01-13,PM-001
CUST-03297,Himmat,Sengupta,senguptahimmat845@yahoo.com,918163578320,1993-05-05,2011-10-15,PM-001
CUST-03298,Trisha,Chatterjee,trisha657@gmail.com,919702074661,2001-10-19,2021-09-21,PM-001
CUST-03299,Tiya,Gade,tiya.gade600@gmail.com,917241222249,1977-06-24,2015-04-06,PM-002
CUST-03300,Jayant,Joshi,jayant_982@hotmail.com,918653316431,2000-08-17,2024-04-03,PM-002
CUST-03301,Khushi,Jayaraman,khushi.jayaraman628@hotmail.com,919866579298,1994-01-20,2013-05-27,PM-001
CUST-03302,Alia,Kurian,alia_403@hotmail.com,918478563883,1993-11-05,2019-10-18,PM-003
CUST-03303,Nitya,Agate,nitya_782@outlook.com,919367096085,1981-02-20,2022-12-13,PM-004
CUST-03304,Tara,Varughese,varughesetara723@hotmail.com,917560371596,1976-11-25,2006-06-28,PM-003
CUST-03305,Kartik,Dube,kartik.149@outlook.com,918997832088,1990-02-10,2016-05-27,PM-003
CUST-03306,Kismat,Sami,kismat.383@gmail.com,918573785790,1994-12-27,2018-01-24,PM-001
CUST-03307,Divit,Varma,divit.550@outlook.com,917922523674,1992-07-29,2017-11-07,PM-001
CUST-03308,Madhup,Singhal,madhup.209@hotmail.com,918762071230,1977-04-26,2012-07-28,PM-003
CUST-03309,Ela,Khalsa,ela.622@yahoo.com,918117095872,1983-11-04,2007-09-02,PM-004
CUST-03310,Jivika,Mannan,jivika866@hotmail.com,917595367146,1985-02-05,2014-07-14,PM-002
CUST-03311,Sumer,Loyal,sumer892@gmail.com,917371064057,1976-09-09,2000-07-12,PM-002
CUST-03312,Lakshay,Khurana,lakshay.407@hotmail.com,918111061558,1986-08-21,2023-08-22,PM-002
CUST-03313,Trisha,Sant,trisha_966@yahoo.com,917738719779,1988-02-27,2022-08-12,PM-001
CUST-03314,Madhav,Balan,madhav.179@outlook.com,917006216502,1978-06-26,2021-06-21,PM-004
CUST-03315,Rania,Majumdar,rania.398@icloud.com,917999230930,1985-01-04,2008-04-20,PM-004
CUST-03316,Saksham,Sachar,saksham409@icloud.com,917253952990,1989-11-18,2022-02-09,PM-003
CUST-03317,Aaryahi,Deol,aaryahi594@yahoo.com,918232841582,1989-12-13,2019-07-30,PM-002
CUST-03318,Vritika,Lal,lalvritika641@outlook.com,917866986451,2001-05-29,2021-02-14,PM-004
CUST-03319,Misha,Shenoy,misha_561@icloud.com,917004569489,1994-11-27,2020-12-20,PM-003
CUST-03320,Pari,Sant,pari_465@outlook.com,917160569569,1988-09-22,2023-10-01,PM-003
CUST-03321,Sumer,Gour,sumer660@yahoo.com,917875526927,1983-06-24,2021-01-31,PM-001
CUST-03322,Indrajit,Krish,indrajit.krish473@gmail.com,918166343345,1992-07-02,2016-12-21,PM-001
CUST-03323,Prerak,Kapadia,prerak.kapadia518@outlook.com,919209150958,1977-01-21,2000-04-22,PM-001
CUST-03324,Jayant,Kata,jayant.kata540@hotmail.com,918995512508,1993-07-20,2017-03-15,PM-004
CUST-03325,Kartik,Dutta,duttakartik575@yahoo.com,918244424829,1996-01-11,2022-01-03,PM-004
CUST-03326,Mannat,Barad,mannat_477@gmail.com,917931256581,1985-07-10,2020-03-06,PM-004
CUST-03327,Vritika,Dhillon,vritika.255@icloud.com,917727197298,1984-02-01,2019-05-06,PM-001
CUST-03328,Renee,Buch,buchrenee690@yahoo.com,919870750815,1990-05-08,2010-08-10,PM-004
CUST-03329,Aradhya,Sheth,shetharadhya350@outlook.com,918548895357,1976-04-17,2000-09-25,PM-002
CUST-03330,Diya,Srinivas,diya.902@outlook.com,919742783499,1983-09-19,2024-01-19,PM-002
CUST-03331,Manjari,Kothari,manjari428@outlook.com,918080652411,1979-02-13,2002-02-20,PM-004
CUST-03332,Yashvi,Buch,yashvi.693@icloud.com,918617594735,1982-01-29,2021-11-15,PM-002
CUST-03333,Keya,Sura,surakeya140@icloud.com,918306465581,1976-12-19,2009-04-13,PM-004
CUST-03334,Aaina,Dhaliwal,aaina.dhaliwal910@hotmail.com,919884368272,1985-12-28,2021-09-24,PM-004
CUST-03335,Shaan,Mall,shaan.141@gmail.com,917024767015,2004-03-30,2022-11-24,PM-003
CUST-03336,Ivana,Madan,ivana782@yahoo.com,918225362204,2002-02-09,2021-04-02,PM-004
CUST-03337,Ira,Bera,ira.822@yahoo.com,917918404662,1998-03-18,2019-04-30,PM-001
CUST-03338,Kabir,Tata,kabir945@outlook.com,918412736108,2003-03-08,2022-06-10,PM-003
CUST-03339,Advik,Reddy,advik.reddy780@gmail.com,919299448108,2002-09-10,2022-02-11,PM-003
CUST-03340,Prerak,Date,prerak945@outlook.com,917713955322,1987-06-02,2022-09-03,PM-001
CUST-03341,Devansh,Suresh,devansh.442@outlook.com,918116721280,2003-12-12,2023-03-18,PM-001
CUST-03342,Veer,Singhal,veer.480@outlook.com,919787816834,2001-07-20,2020-05-24,PM-003
CUST-03343,Navya,Sant,navya.888@icloud.com,917883591768,1990-10-06,2019-05-19,PM-003
CUST-03344,Ayesha,Choudhury,ayesha611@hotmail.com,917499755100,1985-11-20,2021-04-04,PM-002
CUST-03345,Shlok,Rama,shlok.965@hotmail.com,919775592515,1997-06-01,2021-01-25,PM-002
CUST-03346,Kabir,Sagar,kabir.127@yahoo.com,917596066384,1987-08-15,2008-02-08,PM-002
CUST-03347,Umang,Sani,saniumang166@icloud.com,917199108410,1997-08-04,2022-06-04,PM-004
CUST-03348,Riaan,Dugar,riaan.880@icloud.com,919889548287,2001-02-11,2020-02-14,PM-002
CUST-03349,Jiya,Sachdev,jiya323@hotmail.com,917954667484,1979-01-29,2001-02-16,PM-004
CUST-03350,Mehul,Sekhon,mehul.sekhon264@outlook.com,918633711948,1977-11-02,2009-04-15,PM-003
CUST-03351,Aarna,Grewal,aarna581@hotmail.com,917836872708,1974-08-04,1999-05-30,PM-003
CUST-03352,Reyansh,Deo,reyansh_508@outlook.com,918945249890,2006-02-17,2024-06-05,PM-004
CUST-03353,Prisha,Lata,lataprisha515@yahoo.com,917888517346,1977-09-05,2022-10-02,PM-001
CUST-03354,Suhana,Basu,suhana_856@gmail.com,918537710656,1980-12-15,2013-05-14,PM-002
CUST-03355,Biju,Behl,biju_423@icloud.com,917576324055,1993-04-10,2018-12-15,PM-002
CUST-03356,Taran,Tripathi,taran.335@gmail.com,918320579616,2001-07-09,2021-04-26,PM-003
CUST-03357,Mannat,Thaman,mannat.176@outlook.com,919422168485,2000-09-21,2024-05-12,PM-002
CUST-03358,Aarna,Srinivas,aarna.627@outlook.com,917711882554,1994-07-02,2023-12-02,PM-002
CUST-03359,Madhav,Thaker,madhav.thaker234@icloud.com,918594907171,1985-09-17,2010-03-25,PM-003
CUST-03360,Devansh,Bail,devansh_685@outlook.com,918875791472,1995-02-13,2013-04-19,PM-004
CUST-03361,Advika,Samra,advika.988@hotmail.com,919737517444,1991-02-07,2018-06-05,PM-001
CUST-03362,Taimur,Venkatesh,taimur.venkatesh348@hotmail.com,917054255760,1982-06-06,2021-08-09,PM-001
CUST-03363,Riaan,Badami,riaan.badami908@outlook.com,918961014903,1986-07-24,2009-03-10,PM-003
CUST-03364,Umang,Ray,umang_388@icloud.com,919244961504,1987-11-02,2006-11-04,PM-004
CUST-03365,Stuvan,Chaudhary,chaudharystuvan234@outlook.com,917883030930,1979-05-01,2011-01-12,PM-004
CUST-03366,Veer,Swamy,veer_267@icloud.com,917786920833,1990-01-15,2011-02-12,PM-002
CUST-03367,Vardaniya,Loke,vardaniya_417@hotmail.com,918265512176,2001-05-15,2021-08-25,PM-003
CUST-03368,Samarth,Verma,vermasamarth115@yahoo.com,917405393846,1993-05-21,2015-07-02,PM-001
CUST-03369,Shanaya,Gala,shanaya.825@hotmail.com,919881981831,2002-02-15,2021-02-15,PM-001
CUST-03370,Hunar,Bains,hunar.bains381@yahoo.com,919912665111,1997-04-18,2015-05-03,PM-003
CUST-03371,Ranbir,Sami,ranbir.sami678@yahoo.com,919364855183,1975-02-02,2010-06-27,PM-002
CUST-03372,Tanya,Deep,tanya.deep765@yahoo.com,919976675630,2002-12-12,2021-03-16,PM-004
CUST-03373,Priyansh,Chacko,priyansh252@outlook.com,917241177759,2005-07-26,2023-10-22,PM-001
CUST-03374,Abram,Sarkar,abram.568@outlook.com,917334562584,1990-11-24,2024-04-17,PM-004
CUST-03375,Vivaan,Chana,vivaan.chana536@icloud.com,919063923931,1991-01-10,2021-06-27,PM-003
CUST-03376,Reyansh,Chandra,chandrareyansh577@icloud.com,918416610920,2005-03-02,2023-03-03,PM-004
CUST-03377,Kashvi,Kapur,kashvi.369@gmail.com,917860762456,1975-08-16,1998-08-22,PM-002
CUST-03378,Pranay,Lad,pranay_796@yahoo.com,918420294632,2002-10-25,2021-04-22,PM-001
CUST-03379,Purab,Cherian,purab.894@outlook.com,918578805556,1974-12-30,1997-05-26,PM-003
CUST-03380,Anay,Solanki,solankianay144@yahoo.com,917747296839,1982-11-01,2010-02-08,PM-001
CUST-03381,Vivaan,Mander,vivaan_364@gmail.com,918883834601,1993-12-09,2017-04-11,PM-002
CUST-03382,Nishith,Varughese,varughesenishith216@yahoo.com,918951552153,1989-05-06,2017-08-22,PM-002
CUST-03383,Myra,Sodhi,myra.912@yahoo.com,917323140157,2003-10-25,2024-03-03,PM-001
CUST-03384,Ela,Deshmukh,ela.784@outlook.com,919319400234,1975-10-29,2005-07-11,PM-001
CUST-03385,Kiara,Ghosh,kiara.ghosh794@yahoo.com,917008067895,2006-05-12,2024-06-09,PM-002
CUST-03386,Riaan,Bajaj,riaan.652@yahoo.com,919803822548,2001-06-25,2023-05-18,PM-004
CUST-03387,Suhana,Sibal,suhana966@hotmail.com,918551195114,1983-05-02,2020-04-22,PM-003
CUST-03388,Jivika,Lanka,lankajivika322@hotmail.com,919892410293,2000-07-22,2022-01-09,PM-003
CUST-03389,Renee,Swamy,swamyrenee183@outlook.com,918153040844,1981-06-13,2014-12-08,PM-004
CUST-03390,Anahita,Deol,anahita.806@hotmail.com,918900179805,1994-04-26,2022-03-13,PM-001
CUST-03391,Divij,Warrior,divij.warrior791@gmail.com,918322620711,1982-07-19,2007-11-19,PM-004
CUST-03392,Sana,Chatterjee,sana.chatterjee550@outlook.com,919992501166,1979-05-18,2023-03-21,PM-004
CUST-03393,Siya,Bir,siya.bir303@outlook.com,917906402287,2001-12-22,2022-09-27,PM-004
CUST-03394,Kiara,Soni,kiara.579@hotmail.com,919288187488,1984-06-22,2015-03-15,PM-004
CUST-03395,Umang,Cherian,cherianumang334@hotmail.com,918754275423,1987-12-07,2016-09-29,PM-001
CUST-03396,Ehsaan,Trivedi,ehsaan.820@gmail.com,917840616997,1991-07-17,2014-11-20,PM-002
CUST-03397,Mishti,Agarwal,mishti.164@outlook.com,917560432279,1999-08-24,2024-01-12,PM-003
CUST-03398,Kashvi,Brar,kashvi_302@gmail.com,917756023500,1976-12-15,2002-03-13,PM-001
CUST-03399,Shlok,Jain,shlok.jain573@hotmail.com,919707406643,1975-09-09,1996-11-02,PM-001
CUST-03400,Hridaan,Roy,hridaan764@gmail.com,918134117729,2003-09-01,2023-09-21,PM-002
CUST-03401,Aniruddh,Deep,aniruddh.627@gmail.com,917707950881,1984-07-27,2006-06-05,PM-004
CUST-03402,Alia,Dass,alia_607@yahoo.com,918168381667,2002-09-26,2023-11-14,PM-001
CUST-03403,Hunar,Rao,hunar_295@gmail.com,918910200899,2003-05-22,2023-04-26,PM-003
CUST-03404,Kiaan,Sur,surkiaan320@yahoo.com,918261627775,1999-06-20,2017-11-26,PM-002
CUST-03405,Pranay,Sinha,pranay.sinha537@hotmail.com,917359528834,1993-05-19,2022-05-08,PM-003
CUST-03406,Inaaya ,Mani,maniinaaya 354@yahoo.com,918879619243,1987-07-21,2014-01-24,PM-002
CUST-03407,Kavya,Mallick,kavya.272@hotmail.com,919838049825,1984-12-09,2021-11-29,PM-004
CUST-03408,Dhruv,Buch,dhruv768@hotmail.com,917542500240,1981-06-02,2017-10-02,PM-001
CUST-03409,Reyansh,Jha,reyansh_595@hotmail.com,918185098663,1992-04-03,2019-06-01,PM-004
CUST-03410,Veer,Aurora,veer284@icloud.com,918392049984,1995-05-15,2013-06-15,PM-002
CUST-03411,Ishaan,Krishnan,ishaan288@outlook.com,919505787764,1996-06-18,2023-08-18,PM-004
CUST-03412,Vardaniya,Dugal,vardaniya.469@gmail.com,919022254776,1999-01-14,2021-09-27,PM-002
CUST-03413,Uthkarsh,Dubey,uthkarsh.dubey664@gmail.com,917859334111,1982-12-01,2015-01-22,PM-001
CUST-03414,Miraan,Bera,miraan.bera337@icloud.com,918725799875,1985-11-23,2007-07-27,PM-002
CUST-03415,Hunar,Sama,samahunar674@yahoo.com,917166153053,2003-01-30,2022-11-24,PM-001
CUST-03416,Hunar,Kashyap,hunar.593@yahoo.com,918390206926,1988-11-09,2008-01-28,PM-002
CUST-03417,Amani,Gara,amani.gara277@icloud.com,918708519684,1987-06-12,2012-09-23,PM-001
CUST-03418,Drishya,Sha,drishya.488@hotmail.com,919580515878,1982-09-26,2009-04-05,PM-001
CUST-03419,Nishith,Mammen,nishith869@icloud.com,919783804385,1984-03-12,2024-01-03,PM-004
CUST-03420,Hunar,Bora,hunar_888@gmail.com,919267705001,1976-01-15,2007-02-25,PM-001
CUST-03421,Madhav,Kapoor,kapoormadhav176@outlook.com,917519107252,1987-08-21,2015-07-27,PM-001
CUST-03422,Nirvaan,Sehgal,nirvaan.sehgal111@outlook.com,918162677517,2001-02-15,2023-12-21,PM-002
CUST-03423,Vanya,Venkataraman,vanya_519@outlook.com,918939607937,1981-06-18,2001-01-13,PM-001
CUST-03424,Yashvi,Bal,yashvi738@outlook.com,917237568497,1991-04-28,2018-11-01,PM-004
CUST-03425,Anay,Chaudhari,anay_574@gmail.com,919608439970,1993-12-05,2012-08-09,PM-002
CUST-03426,Ishita,Golla,ishita.359@hotmail.com,919465546870,2002-02-28,2020-08-08,PM-003
CUST-03427,Urvi,Majumdar,majumdarurvi847@outlook.com,917830133625,1977-06-13,2005-10-21,PM-003
CUST-03428,Kabir,Kibe,kabir.kibe304@hotmail.com,918231276557,1999-02-01,2018-07-15,PM-002
CUST-03429,Ishaan,Thaker,thakerishaan308@icloud.com,919708395911,1981-10-21,2012-02-17,PM-002
CUST-03430,Rasha,Karan,karanrasha553@outlook.com,919448872172,1978-11-18,2014-04-10,PM-001
CUST-03431,Yakshit,Bhatnagar,yakshit_499@yahoo.com,917450914653,1982-03-25,2011-04-12,PM-002
CUST-03432,Darshit,Edwin,darshit.edwin452@hotmail.com,917252138072,1984-01-30,2002-08-29,PM-001
CUST-03433,Yakshit,Biswas,yakshit_239@hotmail.com,918179603890,1995-12-12,2017-04-27,PM-003
CUST-03434,Akarsh,Thakkar,akarsh_299@gmail.com,918894509255,2003-04-02,2023-03-08,PM-004
CUST-03435,Ryan,Date,ryan131@icloud.com,919323013405,2001-10-09,2019-12-08,PM-001
CUST-03436,Advik,Roy,advik_913@outlook.com,917132090499,1983-06-07,2003-08-18,PM-004
CUST-03437,Heer,Dhingra,heer408@yahoo.com,918964124669,1981-01-14,2015-05-18,PM-003
CUST-03438,Amira,Mandal,amira652@yahoo.com,918347536478,2005-05-25,2023-08-21,PM-001
CUST-03439,Kimaya,Sood,kimaya_377@icloud.com,919614027190,2000-01-07,2018-12-07,PM-003
CUST-03440,Miraya,Trivedi,miraya_808@gmail.com,917095142200,1977-08-04,2002-03-22,PM-002
CUST-03441,Kashvi,Das,kashvi.das502@yahoo.com,919032914000,1983-03-06,2021-05-15,PM-001
CUST-03442,Samar,Acharya,samar886@yahoo.com,919829696281,1996-12-22,2020-08-07,PM-003
CUST-03443,Aaina,Bhargava,bhargavaaaina490@hotmail.com,918076697812,1987-02-06,2021-06-17,PM-001
CUST-03444,Ishita,Cheema,cheemaishita147@outlook.com,918324168952,1984-07-02,2023-07-12,PM-002
CUST-03445,Hansh,Randhawa,randhawahansh176@yahoo.com,917301673347,2003-02-27,2022-03-16,PM-002
CUST-03446,Elakshi,Sur,elakshi207@yahoo.com,918137183490,1985-04-04,2013-06-21,PM-001
CUST-03447,Riaan,Bhalla,riaan.bhalla125@yahoo.com,917308515535,1989-08-13,2010-01-23,PM-001
CUST-03448,Badal,Bakshi,badal471@outlook.com,918318765125,2006-04-05,2024-04-24,PM-002
CUST-03449,Darshit,Krish,darshit.krish404@yahoo.com,919506254370,1986-08-11,2016-02-15,PM-004
CUST-03450,Ishaan,Kakar,ishaan710@yahoo.com,919965312741,1983-10-29,2003-02-12,PM-001
CUST-03451,Mehul,Bhasin,mehul104@hotmail.com,919790643551,2004-12-12,2023-08-09,PM-002
CUST-03452,Raunak,Kari,raunak.591@outlook.com,919833718369,1993-05-30,2023-11-09,PM-003
CUST-03453,Hansh,Mandal,hansh.676@hotmail.com,917414532411,2004-02-26,2024-03-13,PM-002
CUST-03454,Baiju,Mand,baiju.688@icloud.com,918324411462,1997-06-20,2017-10-06,PM-001
CUST-03455,Aarav,Maharaj,aarav288@outlook.com,919129772541,1985-04-19,2014-04-05,PM-003
CUST-03456,Jhanvi,Mahal,jhanvi.mahal375@icloud.com,917959555748,1994-10-04,2017-11-28,PM-003
CUST-03457,Divit,Yohannan,yohannandivit542@hotmail.com,919045269474,1980-10-22,2013-02-23,PM-001
CUST-03458,Rasha,Uppal,rasha366@gmail.com,917003317095,1984-12-23,2012-05-29,PM-001
CUST-03459,Zaina,Sodhi,sodhizaina332@hotmail.com,917546810975,2006-01-18,2024-01-30,PM-003
CUST-03460,Vivaan,Saran,vivaan.saran356@yahoo.com,919687845675,1990-11-17,2015-02-02,PM-002
CUST-03461,Indrans,Sarin,indrans.sarin364@yahoo.com,919101152338,2001-11-17,2024-02-13,PM-004
CUST-03462,Taimur,Ahluwalia,taimur254@gmail.com,917854320086,1987-11-11,2023-12-31,PM-003
CUST-03463,Jhanvi,Sha,jhanvi_903@outlook.com,917146264755,1999-03-01,2024-05-13,PM-002
CUST-03464,Himmat,Sura,himmat_335@icloud.com,918128440110,1988-05-04,2022-07-31,PM-004
CUST-03465,Advik,Agarwal,advik_457@hotmail.com,917184725906,1996-10-21,2015-06-10,PM-003
CUST-03466,Reyansh,Bhargava,reyansh.bhargava898@hotmail.com,917975727630,1990-07-02,2009-01-26,PM-004
CUST-03467,Rohan,Das,rohan_716@hotmail.com,918898390396,1989-11-24,2010-12-17,PM-001
CUST-03468,Eva,Mangal,eva366@outlook.com,918568375586,1999-06-23,2024-01-19,PM-003
CUST-03469,Kartik,Bhatt,bhattkartik675@outlook.com,918900528223,2003-10-13,2023-04-06,PM-002
CUST-03470,Diya,Sheth,diya.sheth572@yahoo.com,919924968712,1975-05-05,2001-11-06,PM-001
CUST-03471,Ritvik,Bumb,ritvik.bumb762@icloud.com,918380492880,1992-02-04,2017-05-12,PM-004
CUST-03472,Purab,Solanki,purab968@gmail.com,917291639816,1996-03-15,2019-04-02,PM-001
CUST-03473,Amira,Chaudhuri,chaudhuriamira951@icloud.com,919209312901,1995-03-11,2014-01-21,PM-002
CUST-03474,Anya,Sangha,anya106@hotmail.com,917887660526,1986-04-07,2015-05-05,PM-004
CUST-03475,Krish,Luthra,krish.luthra815@outlook.com,918607655048,1991-06-12,2016-01-31,PM-004
CUST-03476,Nitya,Kapoor,nitya372@icloud.com,917326099087,1980-01-14,2022-11-14,PM-002
CUST-03477,Sara,Bhat,sara_294@icloud.com,917503023067,1996-08-13,2015-05-28,PM-003
CUST-03478,Riya,Sahni,riya.462@icloud.com,917378103288,1996-10-04,2017-03-30,PM-001
CUST-03479,Piya,Ganguly,piya775@outlook.com,917243766330,1977-04-26,2001-11-09,PM-004
CUST-03480,Aniruddh,Agate,aniruddh.agate893@icloud.com,918044879879,1983-04-27,2002-04-17,PM-003
CUST-03481,Anvi,Chand,anvi_815@gmail.com,917162941246,2002-05-21,2020-11-16,PM-003
CUST-03482,Kabir,Sheth,kabir_796@icloud.com,919281926137,1975-08-12,2021-12-21,PM-002
CUST-03483,Nishith,Bhavsar,nishith.837@icloud.com,918113650651,1986-10-28,2008-11-09,PM-001
CUST-03484,Anay,Shah,anay_719@yahoo.com,917684596208,1988-12-05,2018-08-04,PM-001
CUST-03485,Vihaan,Dada,vihaan.dada392@hotmail.com,919986647394,2005-05-13,2024-04-04,PM-003
CUST-03486,Charvi,Sathe,charvi.sathe389@outlook.com,918900799415,1997-08-03,2018-11-17,PM-004
CUST-03487,Divit,Virk,divit_160@hotmail.com,917747339011,1988-05-29,2011-12-10,PM-004
CUST-03488,Kimaya,Walla,kimaya.615@icloud.com,919313235732,1997-10-01,2018-11-05,PM-002
CUST-03489,Neysa,Gill,gillneysa265@icloud.com,917571798265,1984-08-22,2013-12-23,PM-002
CUST-03490,Akarsh,Swaminathan,akarsh_904@hotmail.com,917090288722,1977-07-31,2019-03-29,PM-001
CUST-03491,Dharmajan,Gera,dharmajan.gera693@hotmail.com,918553922276,1996-04-27,2021-03-13,PM-004
CUST-03492,Ivana,Deol,ivana.deol714@icloud.com,918705324232,1979-08-13,2023-01-03,PM-001
CUST-03493,Kashvi,Saraf,kashvi.144@icloud.com,919219653513,1988-04-27,2024-05-29,PM-001
CUST-03494,Oorja,Behl,oorja670@outlook.com,918161523854,1981-02-04,2004-08-03,PM-001
CUST-03495,Himmat,Sha,himmat.sha187@icloud.com,918509790785,2000-09-22,2019-03-21,PM-003
CUST-03496,Sahil,Tandon,sahil414@yahoo.com,917735660234,1987-02-06,2020-05-23,PM-001
CUST-03497,Ayesha,Dhaliwal,dhaliwalayesha406@icloud.com,917232321181,1999-01-23,2019-05-20,PM-004
CUST-03498,Sana,Joshi,sana.938@icloud.com,918688775886,1991-12-19,2012-03-14,PM-002
CUST-03499,Drishya,D’Alia,drishya.145@hotmail.com,918530136797,1979-01-18,2006-02-14,PM-002
CUST-03500,Yakshit,Mall,yakshit_214@yahoo.com,917989591126,1992-05-21,2013-11-30,PM-001
CUST-03501,Sahil,Gala,sahil.668@outlook.com,919522685244,2004-07-30,2024-02-12,PM-004
CUST-03502,Kavya,Dubey,kavya_767@gmail.com,917109860357,1996-11-10,2022-03-22,PM-003
CUST-03503,Alisha,Srinivas,alisha.srinivas418@gmail.com,917730437704,1982-10-03,2017-12-02,PM-002
CUST-03504,Aarav,Lal,lalaarav706@yahoo.com,917790703196,1976-05-30,2019-07-29,PM-003
CUST-03505,Siya,Walla,wallasiya249@icloud.com,918348709654,1996-04-02,2021-04-10,PM-004
CUST-03506,Dhanuk,Mani,dhanuk.mani443@icloud.com,918659808050,1996-09-25,2019-05-31,PM-003
CUST-03507,Shanaya,Thakur,shanaya.419@outlook.com,919582518678,1977-02-06,2001-07-30,PM-002
CUST-03508,Zeeshan,Koshy,zeeshan757@hotmail.com,917055642305,1999-10-12,2020-09-10,PM-002
CUST-03509,Gokul,Sanghvi,gokul.470@yahoo.com,919161447858,1976-06-26,2020-12-28,PM-001
CUST-03510,Farhan,Sandal,sandalfarhan197@outlook.com,917833504971,1996-09-24,2019-10-27,PM-004
CUST-03511,Elakshi,Madan,elakshi_109@gmail.com,918712804303,1996-11-19,2023-03-30,PM-003
CUST-03512,Mamooty,Sagar,mamooty.663@outlook.com,917905836624,2004-08-20,2023-07-12,PM-003
CUST-03513,Tiya,Ramanathan,tiya.972@gmail.com,917418981834,2005-01-06,2023-05-26,PM-003
CUST-03514,Kismat,Kurian,kismat.kurian490@icloud.com,918204238613,2001-10-22,2020-06-11,PM-003
CUST-03515,Indrajit,Hari,hariindrajit948@outlook.com,917469457898,1983-04-01,2010-02-25,PM-003
CUST-03516,Bhamini,Kunda,bhamini_732@icloud.com,918771347330,1997-03-14,2023-11-16,PM-004
CUST-03517,Prisha,Bedi,prisha.823@icloud.com,918393640337,1999-09-02,2022-01-23,PM-003
CUST-03518,Lagan,Goda,lagan.189@hotmail.com,919322070902,2003-04-21,2021-04-24,PM-004
CUST-03519,Anaya,Das,anaya.das704@hotmail.com,919708601197,1998-01-28,2019-02-21,PM-002
CUST-03520,Emir,Chander,emir.283@hotmail.com,919012729278,1998-04-19,2024-05-12,PM-004
CUST-03521,Siya,Ghose,ghosesiya590@icloud.com,917610288253,1989-04-04,2023-05-20,PM-004
CUST-03522,Adira,Sur,adira784@gmail.com,919664733611,1979-11-12,2017-03-03,PM-002
CUST-03523,Shayak,Mani,shayak787@gmail.com,918878918627,1995-04-03,2015-04-07,PM-002
CUST-03524,Kabir,Yadav,kabir253@gmail.com,917491870657,1979-12-17,2023-03-31,PM-001
CUST-03525,Neysa,Srivastava,srivastavaneysa216@gmail.com,917746024983,2001-04-05,2023-03-24,PM-004
CUST-03526,Anya,Kumer,anya_845@yahoo.com,917673235258,1978-11-02,2017-01-31,PM-002
CUST-03527,Advik,Ganesan,advik_865@gmail.com,919776332803,1997-04-13,2022-06-16,PM-004
CUST-03528,Indrans,Balakrishnan,indrans418@icloud.com,917996731444,2005-08-23,2024-06-10,PM-003
CUST-03529,Jivin,Vyas,jivin.vyas497@hotmail.com,918987769016,1991-02-20,2016-09-12,PM-004
CUST-03530,Pihu,Shanker,pihu.118@hotmail.com,917275248479,1977-07-02,2022-07-27,PM-001
CUST-03531,Divij,Yogi,divij227@hotmail.com,918169533896,2002-06-03,2020-08-28,PM-001
CUST-03532,Biju,Tara,biju182@icloud.com,918551423730,2003-11-05,2023-07-03,PM-004
CUST-03533,Advik,Thaman,advik929@hotmail.com,919708639194,1977-07-10,2019-02-07,PM-002
CUST-03534,Taran,Tak,taran558@gmail.com,918968803618,1999-01-01,2018-05-24,PM-003
CUST-03535,Inaaya ,Sidhu,inaaya _234@icloud.com,919621371358,2006-02-20,2024-03-03,PM-002
CUST-03536,Bhamini,Kadakia,kadakiabhamini647@gmail.com,918484498439,1979-02-20,2015-12-04,PM-003
CUST-03537,Taimur,Sarma,sarmataimur721@outlook.com,919239528562,1993-08-25,2022-05-17,PM-003
CUST-03538,Uthkarsh,Iyer,uthkarsh.iyer538@outlook.com,917980517259,1975-09-11,2020-09-01,PM-003
CUST-03539,Farhan,Sem,farhan.sem578@hotmail.com,918905883807,1982-06-30,2013-12-25,PM-004
CUST-03540,Gatik,Verma,vermagatik273@yahoo.com,917843476037,1986-05-11,2006-11-21,PM-003
CUST-03541,Indrajit,Bumb,indrajit606@icloud.com,918894756143,1992-12-15,2019-02-19,PM-001
CUST-03542,Azad,Krishnamurthy,azad.krishnamurthy874@outlook.com,919646095172,2000-06-08,2024-04-27,PM-001
CUST-03543,Ehsaan,Kala,ehsaan.kala455@yahoo.com,917276631359,1990-07-02,2012-05-12,PM-002
CUST-03544,Jhanvi,Viswanathan,jhanvi.viswanathan456@hotmail.com,918295635706,1997-11-03,2021-05-14,PM-001
CUST-03545,Anvi,Subramaniam,anvi.560@icloud.com,917136578622,1980-08-05,2002-09-02,PM-003
CUST-03546,Shalv,Saha,shalv_269@outlook.com,918636607580,1981-10-11,2018-04-24,PM-003
CUST-03547,Saanvi,Walia,saanvi.walia828@outlook.com,918317180635,1984-05-04,2010-06-15,PM-003
CUST-03548,Baiju,Bhalla,baiju.bhalla695@gmail.com,917689080285,1980-03-22,2005-10-13,PM-003
CUST-03549,Jivika,Seshadri,jivika_415@yahoo.com,919445889206,1976-08-20,2021-04-30,PM-001
CUST-03550,Dhanuk,Kant,dhanuk.kant697@icloud.com,918137434173,1985-12-31,2007-02-06,PM-002
CUST-03551,Nirvi,Majumdar,nirvi.majumdar147@icloud.com,917209460854,2000-11-13,2023-09-10,PM-004
CUST-03552,Kismat,Hegde,kismat.440@gmail.com,917751508037,1994-10-22,2017-11-02,PM-001
CUST-03553,Samar,Saran,saransamar608@yahoo.com,917335647286,2002-05-05,2021-06-29,PM-002
CUST-03554,Myra,Kaur,myra_878@outlook.com,918246645180,2005-07-05,2023-10-08,PM-001
CUST-03555,Kimaya,Dutta,kimaya573@gmail.com,919288265293,1998-01-04,2017-11-05,PM-001
CUST-03556,Anya,Kanda,anya.640@outlook.com,917140364501,2002-06-23,2021-04-14,PM-001
CUST-03557,Divyansh,Kara,karadivyansh389@hotmail.com,918524640632,2001-01-25,2019-09-19,PM-001
CUST-03558,Hansh,Sura,hansh922@gmail.com,919898633059,1984-07-31,2018-04-29,PM-002
CUST-03559,Darshit,Dalal,darshit.292@outlook.com,917912273342,1997-04-21,2021-03-01,PM-004
CUST-03560,Nirvi,Garg,nirvi_836@yahoo.com,917438640491,1993-05-22,2014-10-09,PM-002
CUST-03561,Sumer,Buch,sumer_680@outlook.com,918079810831,2001-06-21,2020-04-05,PM-001
CUST-03562,Aarav,Gala,aarav.434@gmail.com,919851118737,1974-10-14,2020-02-24,PM-002
CUST-03563,Shray,Madan,shray345@icloud.com,919682593690,1977-08-17,1996-05-17,PM-001
CUST-03564,Ahana ,Kade,ahana .kade333@gmail.com,918198801963,1975-09-03,2006-08-28,PM-002
CUST-03565,Sahil,Keer,sahil.keer296@outlook.com,917925119541,1977-01-08,2010-11-03,PM-002
CUST-03566,Myra,Barad,myra.barad721@outlook.com,919222573079,1987-07-31,2021-05-10,PM-001
CUST-03567,Heer,Sekhon,heer_550@yahoo.com,918367745250,1977-12-18,2011-08-02,PM-002
CUST-03568,Romil,Thaker,romil128@yahoo.com,919020842616,2005-08-11,2023-10-23,PM-001
CUST-03569,Kartik,Tailor,kartik.445@gmail.com,918550841428,1978-06-07,2014-07-13,PM-001
CUST-03570,Yashvi,Butala,butalayashvi956@yahoo.com,919856432380,1979-10-15,2003-09-17,PM-003
CUST-03571,Urvi,Gokhale,urvi_721@yahoo.com,917724129655,1982-09-29,2017-03-16,PM-001
CUST-03572,Ojas,Sridhar,ojas686@hotmail.com,919767652164,1993-06-08,2020-05-24,PM-002
CUST-03573,Priyansh,Sharma,priyansh_298@outlook.com,917692806172,1987-03-08,2005-06-19,PM-002
CUST-03574,Neelofar,Kant,neelofar.202@outlook.com,917587649915,1976-07-18,2024-02-22,PM-003
CUST-03575,Anvi,Borra,borraanvi351@yahoo.com,919930729448,2003-12-27,2021-12-27,PM-001
CUST-03576,Saanvi,Jayaraman,saanvi.jayaraman185@hotmail.com,918060194339,1983-10-05,2016-12-24,PM-002
CUST-03577,Shayak,Bora,shayak_747@outlook.com,918932708699,1975-03-04,2001-11-26,PM-003
CUST-03578,Sara,Kapadia,kapadiasara993@hotmail.com,917895136957,1974-07-02,1995-05-24,PM-002
CUST-03579,Gatik,Butala,gatik.butala494@hotmail.com,918307829089,1992-11-28,2012-11-04,PM-001
CUST-03580,Zeeshan,Sur,surzeeshan898@gmail.com,917791710426,2004-05-17,2023-04-23,PM-003
CUST-03581,Anika,Kohli,anika_630@yahoo.com,919562068818,1988-06-20,2008-06-07,PM-001
CUST-03582,Kaira,Rajagopalan,rajagopalankaira330@gmail.com,918941491340,1978-08-14,2007-11-14,PM-001
CUST-03583,Anvi,Rajagopalan,anvi.rajagopalan933@yahoo.com,919962216900,1995-08-19,2014-12-07,PM-002
CUST-03584,Anahita,Sura,suraanahita772@icloud.com,917624379983,1987-10-21,2020-02-05,PM-003
CUST-03585,Ranbir,Rege,ranbir_787@hotmail.com,919756123079,1979-08-22,2006-09-12,PM-003
CUST-03586,Ahana ,Varghese,ahana 394@hotmail.com,918186828745,1992-03-29,2015-11-22,PM-004
CUST-03587,Manjari,Thaman,manjari_639@yahoo.com,918388740208,1994-09-17,2017-05-27,PM-001
CUST-03588,Bhavin,Kannan,kannanbhavin851@gmail.com,919638084145,1993-10-10,2016-09-30,PM-002
CUST-03589,Drishya,Ben,drishya.860@icloud.com,918820785251,1996-01-13,2014-08-19,PM-003
CUST-03590,Ahana ,Dave,daveahana 586@hotmail.com,918897942753,1988-08-01,2017-11-04,PM-002
CUST-03591,Vidur,Jhaveri,vidur.jhaveri797@icloud.com,917222333518,1981-09-19,2014-04-29,PM-001
CUST-03592,Farhan,Savant,savantfarhan579@icloud.com,919431900884,1991-09-28,2024-05-23,PM-003
CUST-03593,Mishti,Setty,mishti917@gmail.com,919149932859,1990-01-16,2015-11-18,PM-004
CUST-03594,Samarth,Sekhon,samarth.sekhon579@gmail.com,917740149470,1986-11-25,2024-04-25,PM-002
CUST-03595,Trisha,Tailor,trisha_924@yahoo.com,919982257543,1977-05-10,2015-11-15,PM-003
CUST-03596,Nayantara,Rattan,nayantara.535@hotmail.com,918616247045,1989-10-30,2010-12-07,PM-004
CUST-03597,Damini,Hegde,damini.hegde134@icloud.com,917226570112,1991-11-18,2018-01-13,PM-003
CUST-03598,Lakshay,Khatri,lakshay.585@outlook.com,919557798780,1986-11-11,2015-03-01,PM-001
CUST-03599,Hansh,Virk,hansh_580@yahoo.com,918650724441,1999-06-01,2023-07-16,PM-004
CUST-03600,Krish,Chauhan,chauhankrish967@gmail.com,917887836113,2005-12-01,2024-04-03,PM-001
CUST-03601,Mamooty,Mand,mamooty.178@gmail.com,919112157827,1976-06-28,2022-05-21,PM-003
CUST-03602,Madhup,Kohli,madhup420@yahoo.com,917809522738,2003-11-24,2024-04-12,PM-004
CUST-03603,Seher,Vohra,seher.783@outlook.com,917628424474,1990-07-24,2014-07-22,PM-003
CUST-03604,Rhea,Kohli,rhea.kohli426@icloud.com,917184173841,2001-11-18,2020-05-03,PM-003
CUST-03605,Advik,Barad,baradadvik203@gmail.com,919613993952,1998-02-17,2018-01-20,PM-001
CUST-03606,Mehul,Bala,mehul955@hotmail.com,919310371244,1999-10-27,2023-03-30,PM-004
CUST-03607,Farhan,Rajagopal,farhan.rajagopal585@yahoo.com,919971431750,1984-05-11,2003-03-18,PM-003
CUST-03608,Mahika,Ravi,mahika_853@hotmail.com,918562183214,1974-07-12,1996-10-05,PM-004
CUST-03609,Saira,Bhatnagar,bhatnagarsaira452@outlook.com,918424143886,1992-06-27,2023-08-08,PM-004
CUST-03610,Divij,Sarna,divij.sarna407@outlook.com,917058801764,1979-06-27,2015-01-19,PM-001
CUST-03611,Kiaan,Rana,kiaan717@yahoo.com,918984505357,1982-02-21,2013-10-05,PM-002
CUST-03612,Dhruv,Biswas,dhruv.967@gmail.com,918363287658,2003-08-28,2022-09-18,PM-001
CUST-03613,Urvi,Kothari,urvi.kothari697@outlook.com,917324083069,1997-08-21,2017-10-20,PM-003
CUST-03614,Gatik,Varughese,gatik146@hotmail.com,918980482646,1994-11-10,2017-04-12,PM-001
CUST-03615,Darshit,Walla,darshit.890@hotmail.com,919603037601,2004-08-27,2023-11-10,PM-004
CUST-03616,Baiju,Dar,baiju_731@icloud.com,919022734001,1991-03-11,2009-12-02,PM-001
CUST-03617,Miraya,Aggarwal,miraya.aggarwal292@yahoo.com,918942626302,1977-04-26,2013-03-27,PM-003
CUST-03618,Ivan,Tata,ivan_139@hotmail.com,918575299198,1986-11-11,2012-02-25,PM-001
CUST-03619,Kanav,Thakkar,kanav412@yahoo.com,918197219212,1984-06-07,2011-03-23,PM-002
CUST-03620,Vedika,Balan,vedika.balan304@gmail.com,917290894369,1980-06-23,2023-02-24,PM-002
CUST-03621,Hrishita,Kamdar,kamdarhrishita932@icloud.com,918446621681,1987-10-03,2019-05-01,PM-003
CUST-03622,Dhanuk,Kar,dhanuk_745@icloud.com,918386410712,2000-03-21,2023-04-14,PM-004
CUST-03623,Riaan,Kaur,riaan.704@outlook.com,919614345046,1988-09-21,2009-05-15,PM-001
CUST-03624,Dhruv,Ramesh,dhruv_201@gmail.com,919040401928,1996-12-15,2023-03-18,PM-003
CUST-03625,Rhea,Savant,rhea.savant407@hotmail.com,917970246432,1981-03-10,2012-06-02,PM-003
CUST-03626,Kimaya,Gaba,kimaya.911@yahoo.com,917179779395,1999-03-31,2018-02-05,PM-003
CUST-03627,Anaya,Maharaj,anaya.maharaj700@outlook.com,919467006088,1978-03-04,2001-09-05,PM-003
CUST-03628,Reyansh,Lal,reyansh.lal457@outlook.com,919264535861,1994-06-05,2016-08-21,PM-003
CUST-03629,Nayantara,Kar,nayantara757@gmail.com,917896580410,2004-04-25,2023-12-30,PM-002
CUST-03630,Yasmin,Kuruvilla,yasmin.kuruvilla161@icloud.com,918659950243,1976-11-06,2001-06-20,PM-001
CUST-03631,Sahil,Choudhary,sahil_179@hotmail.com,918856709719,1978-07-26,1999-04-09,PM-001
CUST-03632,Hrishita,Gandhi,hrishita_511@icloud.com,918968902875,1981-07-27,2022-11-19,PM-004
CUST-03633,Zeeshan,Agate,zeeshan_214@hotmail.com,918766739514,2003-04-15,2022-08-31,PM-001
CUST-03634,Kashvi,Thaker,kashvi.407@outlook.com,917193738868,2006-06-13,2024-06-09,PM-002
CUST-03635,Hunar,Krishnan,krishnanhunar681@yahoo.com,919785311176,1996-01-18,2019-08-26,PM-003
CUST-03636,Aradhya,Loyal,aradhya602@gmail.com,918778472632,1996-04-03,2022-12-08,PM-002
CUST-03637,Dhruv,Balay,dhruv_767@icloud.com,917100482373,1983-10-03,2023-07-08,PM-001
CUST-03638,Samaira,Varma,samaira_733@icloud.com,917541897686,1989-11-22,2022-01-21,PM-004
CUST-03639,Pihu,Mander,pihu.683@outlook.com,917921081353,1995-01-13,2015-04-18,PM-002
CUST-03640,Hiran,Date,hiran368@outlook.com,917611253255,1980-07-28,2017-04-03,PM-003
CUST-03641,Parinaaz,Choudhury,parinaaz_285@yahoo.com,919328178102,1989-10-19,2021-07-09,PM-002
CUST-03642,Anay,Goyal,anay668@hotmail.com,918068009950,1997-03-22,2021-01-22,PM-001
CUST-03643,Zeeshan,Wali,zeeshan.wali982@icloud.com,918991685564,2001-08-04,2024-01-25,PM-004
CUST-03644,Arnav,Garde,arnav.garde669@hotmail.com,919213205890,1985-12-28,2024-04-09,PM-004
CUST-03645,Yuvaan,Sarraf,yuvaan.440@outlook.com,917578934605,1974-11-04,2021-04-12,PM-004
CUST-03646,Nitara,Goswami,nitara163@gmail.com,917641571176,1990-07-24,2023-03-09,PM-002
CUST-03647,Samaira,Tata,samaira_490@icloud.com,918392460657,1975-09-11,2016-02-25,PM-002
CUST-03648,Mohanlal,Kuruvilla,mohanlal519@gmail.com,919608527274,1999-05-12,2020-02-02,PM-002
CUST-03649,Anya,Kurian,anya.kurian787@gmail.com,919948433203,1978-07-26,2018-10-24,PM-002
CUST-03650,Tara,Viswanathan,tara_311@icloud.com,918012069307,1986-06-10,2020-08-16,PM-004
CUST-03651,Sumer,Saha,sahasumer664@yahoo.com,917096646154,1988-06-16,2008-07-24,PM-004
CUST-03652,Indrajit,Toor,indrajit.929@icloud.com,917885767321,1980-10-17,2021-01-06,PM-002
CUST-03653,Akarsh,Datta,akarsh.289@hotmail.com,917808070099,1993-03-21,2023-12-25,PM-001
CUST-03654,Ishita,Gala,ishita.891@icloud.com,919966234074,1994-07-11,2014-07-03,PM-003
CUST-03655,Prisha,Tella,prisha.974@yahoo.com,918312243299,1980-05-21,2003-11-05,PM-002
CUST-03656,Akarsh,Wable,akarsh.wable817@gmail.com,919378370685,1999-11-23,2019-03-29,PM-002
CUST-03657,Uthkarsh,Aurora,uthkarsh.aurora452@hotmail.com,919493808946,1997-10-02,2021-03-05,PM-003
CUST-03658,Manjari,Vohra,manjari_307@outlook.com,919452444406,1985-08-19,2018-05-21,PM-001
CUST-03659,Mehul,Banik,mehul.banik421@gmail.com,918501865453,1994-06-15,2015-10-02,PM-004
CUST-03660,Indranil,Sekhon,indranil.176@gmail.com,919326104629,2001-01-13,2022-05-05,PM-001
CUST-03661,Hrishita,Yohannan,hrishita.yohannan366@hotmail.com,918581260563,2006-03-13,2024-05-11,PM-004
CUST-03662,Pranay,Vora,pranay252@gmail.com,918738951555,1975-08-01,2000-04-22,PM-003
CUST-03663,Parinaaz,Sagar,parinaaz.542@yahoo.com,917138116797,1983-01-10,2015-05-16,PM-002
CUST-03664,Gokul,Dhawan,gokul161@gmail.com,917803560484,2002-06-21,2023-07-12,PM-002
CUST-03665,Trisha,Lal,trisha676@yahoo.com,917556889070,1981-11-13,2017-08-07,PM-004
CUST-03666,Ivan,Butala,ivan.butala980@gmail.com,919047318427,1984-08-05,2023-09-19,PM-004
CUST-03667,Mehul,Gara,garamehul614@gmail.com,919145048382,1999-01-26,2021-12-21,PM-003
CUST-03668,Nishith,Karan,nishith_408@gmail.com,919954510392,1999-07-25,2019-06-16,PM-004
CUST-03669,Raghav,Sachdeva,raghav_150@gmail.com,917472287607,2003-12-02,2022-09-02,PM-002
CUST-03670,Madhav,Choudhry,madhav.choudhry303@gmail.com,918614628658,2004-02-18,2023-05-08,PM-001
CUST-03671,Vihaan,Chander,vihaan673@outlook.com,917420142377,1974-06-30,2001-02-16,PM-004
CUST-03672,Indrans,Dass,indrans871@hotmail.com,917947333313,1996-06-01,2016-05-21,PM-004
CUST-03673,Purab,Devan,purab.640@icloud.com,918029625986,1995-08-06,2023-03-05,PM-002
CUST-03674,Ayesha,Tak,ayesha_642@hotmail.com,919397516982,1991-07-21,2016-10-13,PM-002
CUST-03675,Zaina,Das,zaina758@yahoo.com,918830074612,1976-11-12,2013-01-29,PM-002
CUST-03676,Prerak,Chawla,prerak.chawla448@icloud.com,919632739108,2001-06-24,2024-01-24,PM-001
CUST-03677,Nitya,Varty,nitya.varty963@gmail.com,918339861286,1993-05-09,2024-03-29,PM-001
CUST-03678,Tanya,D’Alia,tanya.d’alia637@gmail.com,918516432188,1981-07-02,2014-04-08,PM-002
CUST-03679,Pihu,Kar,pihu838@outlook.com,919584903532,1996-09-24,2021-05-29,PM-001
CUST-03680,Charvi,Venkataraman,charvi623@gmail.com,917083641571,1991-01-29,2013-07-18,PM-002
CUST-03681,Veer,Sengupta,veer.376@hotmail.com,917454961328,2002-09-12,2021-02-21,PM-001
CUST-03682,Shalv,Issac,shalv606@icloud.com,918439627543,1998-06-15,2020-08-05,PM-002
CUST-03683,Veer,Doshi,doshiveer558@gmail.com,917633323841,1989-10-14,2019-05-20,PM-001
CUST-03684,Advik,Gour,advik701@outlook.com,917596461185,2002-09-27,2024-01-18,PM-004
CUST-03685,Ojas,Ghose,ojas694@hotmail.com,917687304427,1997-04-01,2018-10-28,PM-003
CUST-03686,Pari,Devi,pari.devi208@hotmail.com,918613515879,1990-11-04,2017-06-24,PM-002
CUST-03687,Lavanya,Date,lavanya.date795@outlook.com,918988453949,1975-12-04,2001-12-15,PM-002
CUST-03688,Vaibhav,Sama,vaibhav.sama442@yahoo.com,919770318668,1987-02-13,2021-10-12,PM-004
CUST-03689,Arhaan,Das,arhaan.das926@gmail.com,918472277277,1984-11-13,2006-02-22,PM-004
CUST-03690,Vardaniya,Tank,vardaniya.591@gmail.com,917536702671,1992-03-27,2014-08-20,PM-002
CUST-03691,Umang,Rout,umang476@icloud.com,918232885287,1978-03-20,2010-10-14,PM-001
CUST-03692,Shanaya,Shah,shahshanaya287@yahoo.com,917046528047,2003-02-17,2022-11-13,PM-002
CUST-03693,Hrishita,Taneja,hrishita.taneja924@outlook.com,918017896854,1996-02-06,2016-12-31,PM-001
CUST-03694,Tushar,Mahajan,tushar961@icloud.com,918669385204,1991-06-10,2017-03-20,PM-002
CUST-03695,Mahika,Cheema,mahika382@outlook.com,919805624889,1978-11-13,2000-03-04,PM-002
CUST-03696,Krish,Desai,krish996@icloud.com,918605381711,2006-01-12,2024-02-10,PM-002
CUST-03697,Sumer,Babu,sumer667@outlook.com,917181142255,1994-04-19,2023-12-12,PM-002
CUST-03698,Divij,Ravel,divij.ravel929@hotmail.com,919334327219,2001-05-24,2023-05-08,PM-001
CUST-03699,Azad,Chahal,azad.168@yahoo.com,919068969238,1990-07-07,2023-10-25,PM-003
CUST-03700,Baiju,Sampath,baiju580@yahoo.com,918797509667,1979-01-01,1999-09-17,PM-004
CUST-03701,Uthkarsh,Sur,uthkarsh607@gmail.com,918207822229,1999-01-29,2020-12-02,PM-003
CUST-03702,Ira,Zachariah,ira_475@yahoo.com,917000556020,1987-11-05,2020-06-28,PM-002
CUST-03703,Divyansh,Bhalla,bhalladivyansh719@icloud.com,917516098151,1985-04-21,2019-03-22,PM-001
CUST-03704,Riya,Balay,riya.balay474@icloud.com,917980762811,1979-01-16,2021-08-07,PM-001
CUST-03705,Kiara,Hayre,kiara_689@outlook.com,917601185159,1991-08-20,2011-02-15,PM-003
CUST-03706,Kartik,Mane,kartik.mane288@outlook.com,919802395643,1988-07-07,2012-05-25,PM-002
CUST-03707,Baiju,Swamy,baiju_797@icloud.com,917003571859,1997-09-11,2023-05-23,PM-001
CUST-03708,Kiara,Bhatia,kiara556@gmail.com,918742987443,1983-05-29,2021-04-22,PM-003
CUST-03709,Keya,Gala,galakeya550@gmail.com,919397688390,1985-08-24,2009-08-01,PM-002
CUST-03710,Miraan,Jha,miraan_507@icloud.com,918989958450,1987-05-06,2015-02-12,PM-004
CUST-03711,Baiju,Desai,baiju_563@hotmail.com,918198787650,1982-09-21,2008-05-06,PM-004
CUST-03712,Ranbir,Mangal,ranbir.399@outlook.com,918503726621,1979-02-25,2013-07-15,PM-004
CUST-03713,Suhana,Koshy,suhana766@icloud.com,918414876803,2003-10-06,2022-04-21,PM-004
CUST-03714,Tarini,Chopra,tarini_206@yahoo.com,917327923194,2000-05-25,2020-02-22,PM-001
CUST-03715,Renee,Kala,renee_732@hotmail.com,919035122940,1977-04-13,2015-08-07,PM-001
CUST-03716,Advika,Salvi,advika.salvi160@hotmail.com,919206955938,1987-09-06,2010-08-22,PM-002
CUST-03717,Divit,Sahni,divit_677@gmail.com,919799957791,1987-01-30,2013-01-02,PM-004
CUST-03718,Rania,Saini,rania180@gmail.com,919570909572,1988-04-12,2015-04-16,PM-003
CUST-03719,Taran,Manne,taran_498@icloud.com,918079953191,1974-06-25,2015-07-04,PM-004
CUST-03720,Pari,Kota,pari.kota832@outlook.com,919500524201,1981-03-01,1999-03-17,PM-001
CUST-03721,Misha,Ghosh,ghoshmisha859@hotmail.com,918576705691,1999-08-13,2021-12-29,PM-002
CUST-03722,Vaibhav,Buch,vaibhav_146@hotmail.com,919660662066,1979-04-12,2009-11-25,PM-002
CUST-03723,Manikya,Singhal,manikya981@gmail.com,919400406615,2003-06-13,2022-07-12,PM-001
CUST-03724,Amani,Ramesh,amani.ramesh236@hotmail.com,918794737405,1997-08-24,2018-04-19,PM-002
CUST-03725,Lakshit,Rege,lakshit.rege567@hotmail.com,918660633702,1982-07-12,2015-08-21,PM-004
CUST-03726,Miraan,Dora,doramiraan361@gmail.com,919826373660,1998-07-02,2019-10-30,PM-003
CUST-03727,Saksham,Saini,saksham.721@gmail.com,919838096937,1977-03-02,2003-08-22,PM-002
CUST-03728,Pari,Deshmukh,pari140@outlook.com,918094692120,2002-09-20,2022-11-26,PM-004
CUST-03729,Eshani,Kara,eshani.872@yahoo.com,919740349187,1982-03-05,2003-03-30,PM-004
CUST-03730,Krish,Raval,krish822@gmail.com,917882339177,2003-04-23,2022-12-08,PM-001
CUST-03731,Darshit,Grewal,darshit.308@outlook.com,919116833746,1984-06-14,2022-01-15,PM-003
CUST-03732,Akarsh,Sharma,akarsh.sharma105@yahoo.com,919472407245,1999-05-01,2017-08-10,PM-002
CUST-03733,Himmat,Madan,himmat_944@gmail.com,917330305343,1976-02-05,2010-06-20,PM-004
CUST-03734,Dharmajan,Ganguly,gangulydharmajan175@icloud.com,919272431005,1991-12-17,2011-08-19,PM-001
CUST-03735,Arhaan,Sachdev,sachdevarhaan316@gmail.com,917569183188,1997-04-13,2023-11-11,PM-004
CUST-03736,Azad,Aurora,auroraazad208@yahoo.com,918531798197,1996-07-15,2023-04-24,PM-003
CUST-03737,Yuvaan,Kata,yuvaan.477@outlook.com,917151804027,1993-05-13,2012-10-20,PM-003
CUST-03738,Jayesh,Mane,manejayesh846@gmail.com,918511765756,1995-12-28,2018-06-01,PM-001
CUST-03739,Kiara,Jaggi,kiara130@gmail.com,918442361783,2003-09-25,2022-08-26,PM-002
CUST-03740,Gokul,Kale,kalegokul844@gmail.com,917026492658,1977-08-25,1999-08-27,PM-001
CUST-03741,Raunak,Krishna,raunak433@gmail.com,919049554337,1990-12-26,2019-12-14,PM-004
CUST-03742,Tanya,Borra,tanya.395@gmail.com,918917221742,1995-12-10,2024-03-01,PM-004
CUST-03743,Yasmin,Krish,yasmin_447@gmail.com,919872329802,1985-07-26,2013-12-07,PM-001
CUST-03744,Indrajit,Chada,indrajit_671@gmail.com,918846553309,1988-08-25,2013-05-03,PM-001
CUST-03745,Ira,Bansal,bansalira784@hotmail.com,917255632197,2003-04-26,2023-10-20,PM-004
CUST-03746,Armaan,Kuruvilla,kuruvillaarmaan990@outlook.com,917282846675,1981-06-08,2007-11-02,PM-002
CUST-03747,Hunar,Devan,devanhunar748@yahoo.com,919301227698,2003-08-04,2021-12-30,PM-004
CUST-03748,Sara,Sodhi,sara577@icloud.com,917393077848,1999-12-10,2019-11-27,PM-003
CUST-03749,Zaina,Deep,zaina.deep219@icloud.com,918173013903,2004-02-28,2024-03-23,PM-004
CUST-03750,Himmat,Goyal,himmat.707@yahoo.com,918761843757,1981-03-05,2002-12-20,PM-004
CUST-03751,Stuvan,Dugar,stuvan_338@gmail.com,917065688277,1977-07-18,2019-06-13,PM-002
CUST-03752,Rohan,Samra,rohan.246@yahoo.com,918702475540,1999-12-02,2019-08-08,PM-004
CUST-03753,Yakshit,Raval,yakshit.144@hotmail.com,917359937769,2003-11-25,2022-03-13,PM-003
CUST-03754,Mamooty,Chakrabarti,mamooty.528@icloud.com,918197395897,2001-04-02,2020-09-03,PM-004
CUST-03755,Jayant,Kapadia,jayant.891@outlook.com,917434901419,1995-05-26,2019-03-25,PM-004
CUST-03756,Keya,Sibal,keya.sibal750@outlook.com,917507079880,1977-01-31,2008-01-01,PM-001
CUST-03757,Uthkarsh,Wali,uthkarsh.wali793@gmail.com,917359064525,1993-08-18,2012-08-16,PM-004
CUST-03758,Raunak,Choudhry,choudhryraunak873@outlook.com,919087709826,1995-04-13,2023-12-01,PM-003
CUST-03759,Sana,Doshi,sana862@hotmail.com,918293214891,2003-02-25,2023-05-16,PM-002
CUST-03760,Indranil,Kala,kalaindranil192@hotmail.com,917264925310,1997-12-08,2017-11-15,PM-002
CUST-03761,Pranay,Gour,pranay.gour317@yahoo.com,919348131188,1979-04-25,2003-09-09,PM-001
CUST-03762,Tara,Mangat,tara.266@gmail.com,918938145055,1984-06-23,2017-08-14,PM-003
CUST-03763,Sana,Sankaran,sana.sankaran836@icloud.com,919916530702,1974-09-05,1998-05-29,PM-004
CUST-03764,Parinaaz,Char,parinaaz_280@hotmail.com,918309287671,1988-12-24,2012-01-12,PM-004
CUST-03765,Pihu,Suresh,pihu240@hotmail.com,919602060311,2001-04-07,2019-07-25,PM-002
CUST-03766,Taran,Tank,taran_440@icloud.com,919187888549,1980-03-21,2016-01-10,PM-002
CUST-03767,Zara,Sachdeva,zara.sachdeva128@outlook.com,918385637429,1989-08-20,2017-09-19,PM-003
CUST-03768,Heer,Wali,heer.828@hotmail.com,917280840827,1981-05-29,2010-02-21,PM-002
CUST-03769,Dhanuk,Solanki,dhanuk.477@gmail.com,917377199819,1998-04-21,2020-10-25,PM-003
CUST-03770,Jhanvi,Mammen,jhanvi_780@hotmail.com,918015465652,1985-10-28,2005-02-14,PM-003
CUST-03771,Elakshi,Goda,elakshi.554@outlook.com,918981001676,1975-07-19,2009-12-28,PM-002
CUST-03772,Eva,Shere,eva.848@yahoo.com,918393279776,1976-02-17,2023-10-29,PM-001
CUST-03773,Sara,Rattan,rattansara474@icloud.com,918383557607,1979-04-09,2003-12-04,PM-003
CUST-03774,Miraan,Sachar,miraan.sachar501@hotmail.com,917461414137,1981-05-07,2023-10-21,PM-003
CUST-03775,Kabir,Chana,kabir_908@yahoo.com,917654689245,2002-05-08,2024-03-06,PM-003
CUST-03776,Romil,Samra,romil.734@outlook.com,917424733391,2000-12-29,2023-10-26,PM-004
CUST-03777,Nakul,Ganesh,nakul980@icloud.com,918534511000,1989-08-20,2020-08-15,PM-003
CUST-03778,Trisha,Bhandari,trisha.bhandari873@outlook.com,917298264459,2002-06-14,2021-09-15,PM-003
CUST-03779,Aarna,Balay,aarna.121@icloud.com,919489550363,1994-12-13,2023-09-05,PM-003
CUST-03780,Riya,Rajagopalan,riya_651@gmail.com,918857952714,1977-01-12,2024-02-25,PM-001
CUST-03781,Bhavin,Chandran,bhavin.477@icloud.com,917333914152,1997-08-07,2021-04-10,PM-001
CUST-03782,Kiara,Shetty,kiara_546@gmail.com,918414878294,1989-03-08,2022-03-17,PM-002
CUST-03783,Aayush,Mandal,aayush.mandal626@hotmail.com,919014968503,1994-03-12,2019-01-11,PM-003
CUST-03784,Shalv,Divan,shalv.divan513@yahoo.com,919008461652,1988-09-06,2014-05-25,PM-003
CUST-03785,Inaaya ,Kala,inaaya _830@gmail.com,918551558386,1982-02-07,2023-11-11,PM-002
CUST-03786,Nirvaan,Reddy,nirvaan_504@icloud.com,919289869692,1989-10-30,2019-09-23,PM-002
CUST-03787,Alia,Sarkar,alia_514@gmail.com,918794622350,1996-02-18,2018-08-23,PM-001
CUST-03788,Neysa,Chahal,neysa.chahal977@icloud.com,919435888167,2003-11-21,2023-06-28,PM-004
CUST-03789,Miraya,Butala,miraya.butala465@icloud.com,919238204124,2002-03-21,2022-04-23,PM-004
CUST-03790,Rhea,Comar,rhea.comar520@icloud.com,917199012902,1976-11-12,2007-04-09,PM-001
CUST-03791,Vidur,Jha,vidur289@yahoo.com,918593090012,1990-04-29,2023-11-29,PM-004
CUST-03792,Kanav,Kala,kanav160@outlook.com,918170069120,2002-03-04,2020-09-27,PM-004
CUST-03793,Rasha,Bakshi,rasha.bakshi904@icloud.com,919317500966,1978-01-26,2005-07-09,PM-002
CUST-03794,Divit,Dhawan,divit.dhawan822@icloud.com,917785994928,1990-07-04,2019-02-02,PM-004
CUST-03795,Yakshit,Sachdeva,sachdevayakshit188@hotmail.com,917335040335,2002-10-17,2021-08-31,PM-003
CUST-03796,Divij,Trivedi,divij_767@icloud.com,919952084693,1996-03-22,2023-01-19,PM-003
CUST-03797,Madhup,Bali,madhup_386@yahoo.com,919882100504,1981-12-27,2021-06-17,PM-003
CUST-03798,Stuvan,Kashyap,stuvan.kashyap947@yahoo.com,917189699237,1982-11-07,2019-12-21,PM-001
CUST-03799,Rohan,Magar,rohan454@icloud.com,919338572616,1985-06-28,2023-02-02,PM-003
CUST-03800,Bhamini,Biswas,biswasbhamini140@outlook.com,917280544809,1984-06-10,2024-02-24,PM-004
CUST-03801,Siya,Ravel,ravelsiya261@yahoo.com,918900982318,1995-07-17,2016-09-07,PM-002
CUST-03802,Mehul,Barad,baradmehul519@yahoo.com,917576860181,1986-12-27,2006-01-22,PM-004
CUST-03803,Jivika,Contractor,jivika.431@yahoo.com,917285749302,1997-02-05,2021-10-01,PM-002
CUST-03804,Shanaya,Cherian,cherianshanaya160@outlook.com,918273279233,1980-06-29,2021-04-20,PM-003
CUST-03805,Tarini,Shah,tarini525@icloud.com,919969693647,1988-04-06,2010-04-18,PM-003
CUST-03806,Navya,Karnik,navya.karnik111@gmail.com,919632511142,2003-06-09,2024-03-31,PM-001
CUST-03807,Rhea,Ahuja,rhea535@hotmail.com,918389156843,2000-12-29,2024-05-27,PM-004
CUST-03808,Yuvraj ,Sodhi,yuvraj 231@icloud.com,919888305281,1988-07-10,2024-01-06,PM-003
CUST-03809,Lavanya,Chandran,lavanya663@yahoo.com,917281549890,2003-06-01,2022-12-26,PM-004
CUST-03810,Kaira,Kale,kaira_440@outlook.com,917134685680,1981-12-07,2020-07-07,PM-001
CUST-03811,Dhanuk,Ranganathan,dhanuk.ranganathan939@hotmail.com,918067068101,1983-06-15,2019-04-27,PM-002
CUST-03812,Jayesh,Chauhan,jayesh.chauhan219@outlook.com,917319681023,2005-03-16,2023-10-21,PM-003
CUST-03813,Jayesh,Rout,jayesh545@outlook.com,919650176384,1989-11-15,2022-08-06,PM-002
CUST-03814,Drishya,Atwal,drishya.438@hotmail.com,918640620249,1993-01-10,2021-11-23,PM-001
CUST-03815,Farhan,Kant,farhan.kant305@gmail.com,919673716189,1976-06-01,2005-11-04,PM-002
CUST-03816,Tushar,Ram,tushar.539@yahoo.com,917479847350,1980-06-30,2000-08-19,PM-003
CUST-03817,Vanya,Mand,vanya_783@icloud.com,919362609662,1991-12-14,2017-07-27,PM-003
CUST-03818,Manikya,Dass,manikya_809@hotmail.com,918191758228,1992-10-12,2012-06-10,PM-001
CUST-03819,Yuvaan,Dewan,yuvaan795@icloud.com,919918077544,1975-06-01,2004-09-26,PM-001
CUST-03820,Riya,Kalita,riya.955@outlook.com,919773093051,1975-11-28,2014-05-22,PM-003
CUST-03821,Sumer,Shukla,sumer446@outlook.com,917925276564,1999-01-05,2018-11-11,PM-001
CUST-03822,Lakshit,Lala,lakshit.lala284@yahoo.com,917027115316,1981-06-27,2015-05-04,PM-002
CUST-03823,Divyansh,Rama,divyansh509@icloud.com,918046501379,2001-10-05,2023-11-14,PM-003
CUST-03824,Saira,Vyas,saira.vyas756@yahoo.com,919235398387,1984-11-15,2010-12-07,PM-003
CUST-03825,Rasha,Chana,rasha.chana484@icloud.com,918328470539,1976-07-15,1998-10-06,PM-001
CUST-03826,Indrans,Kannan,kannanindrans830@yahoo.com,917574451563,2000-11-09,2024-03-20,PM-001
CUST-03827,Samiha,Choudhary,samiha251@icloud.com,918159903840,1980-07-01,2017-10-04,PM-003
CUST-03828,Aradhya,Jayaraman,aradhya322@outlook.com,919653651240,1990-06-15,2019-07-10,PM-001
CUST-03829,Alisha,Keer,alisha.672@icloud.com,918371011340,1995-01-06,2014-07-11,PM-003
CUST-03830,Pihu,Kapoor,pihu.253@outlook.com,919663372057,1980-08-30,2015-01-26,PM-002
CUST-03831,Heer,Borde,heer_890@icloud.com,919043447069,1987-09-14,2017-05-12,PM-002
CUST-03832,Zoya,Lal,zoya389@hotmail.com,917517691402,2004-05-19,2022-08-25,PM-002
CUST-03833,Riaan,Sankar,riaan561@hotmail.com,917682719742,1984-12-08,2020-07-19,PM-004
CUST-03834,Nitara,Walla,nitara.walla487@outlook.com,918911361798,1984-11-12,2023-11-24,PM-002
CUST-03835,Kimaya,Jani,kimaya463@icloud.com,917038410577,2003-05-01,2023-10-02,PM-003
CUST-03836,Indrans,Uppal,indrans.uppal138@outlook.com,917886355095,1981-01-20,2019-12-30,PM-003
CUST-03837,Ojas,Reddy,reddyojas468@hotmail.com,918377190081,2004-07-17,2023-01-05,PM-002
CUST-03838,Arnav,Krishnan,arnav_135@gmail.com,919509579861,2004-01-18,2022-12-15,PM-002
CUST-03839,Tejas,Dave,tejas_150@icloud.com,918394575407,1980-11-17,2009-03-30,PM-004
CUST-03840,Anay,Chakraborty,chakrabortyanay423@icloud.com,917577672353,1997-02-22,2019-12-10,PM-004
CUST-03841,Charvi,Lanka,charvi_755@outlook.com,917584750222,1981-04-11,2006-11-28,PM-004
CUST-03842,Aaina,Majumdar,aaina752@yahoo.com,917683183044,1996-01-02,2019-02-08,PM-001
CUST-03843,Farhan,Kari,farhan.kari697@yahoo.com,918478732010,1996-09-26,2021-04-20,PM-001
CUST-03844,Mamooty,Thakur,mamooty.thakur699@outlook.com,917491485007,1976-06-17,2015-06-18,PM-002
CUST-03845,Aaryahi,Reddy,aaryahi801@icloud.com,917268530343,1989-08-29,2015-06-03,PM-003
CUST-03846,Tushar,Jayaraman,jayaramantushar576@hotmail.com,918961155197,2006-03-01,2024-04-30,PM-001
CUST-03847,Bhavin,Sampath,bhavin874@icloud.com,919025926207,1976-05-13,2017-11-30,PM-002
CUST-03848,Rohan,Taneja,rohan.taneja520@yahoo.com,917887570453,1994-04-17,2020-05-28,PM-001
CUST-03849,Taimur,Srinivasan,taimur.918@gmail.com,918555344766,1993-04-25,2015-12-06,PM-004
CUST-03850,Misha,Sampath,misha.sampath935@icloud.com,917210255485,1997-12-20,2021-07-15,PM-004
CUST-03851,Kaira,Dara,darakaira538@icloud.com,919944342528,1986-02-20,2012-10-27,PM-001
CUST-03852,Vaibhav,Loke,vaibhav.108@icloud.com,919648783958,1999-10-31,2023-01-19,PM-004
CUST-03853,Seher,Chowdhury,seher_967@gmail.com,918242394050,1984-07-07,2012-07-11,PM-004
CUST-03854,Ivan,Acharya,ivan_976@gmail.com,918705714833,1995-10-30,2014-10-13,PM-003
CUST-03855,Taimur,Bobal,bobaltaimur611@outlook.com,917120437318,1981-03-29,2002-12-02,PM-001
CUST-03856,Romil,Khurana,romil_300@gmail.com,919879750529,1978-12-21,2005-04-16,PM-001
CUST-03857,Anahi,Agate,agateanahi440@hotmail.com,917666447138,2004-12-05,2023-11-12,PM-001
CUST-03858,Rasha,Doshi,doshirasha139@hotmail.com,919303099737,1989-03-02,2018-09-19,PM-004
CUST-03859,Taran,Dora,taran.dora858@icloud.com,917630813024,1988-08-04,2019-02-18,PM-002
CUST-03860,Ishaan,Ganesh,ishaan.531@icloud.com,919862652876,1991-09-18,2023-02-09,PM-001
CUST-03861,Tara,Koshy,koshytara151@yahoo.com,918167707393,1978-10-18,2016-12-17,PM-003
CUST-03862,Darshit,Dey,deydarshit116@gmail.com,917675360210,1994-06-13,2023-01-15,PM-001
CUST-03863,Akarsh,Raman,akarsh.raman227@outlook.com,918770307933,1976-02-27,2004-04-24,PM-003
CUST-03864,Ryan,Ganguly,ryan.234@hotmail.com,919279180117,2002-06-13,2020-09-15,PM-003
CUST-03865,Diya,Chaudry,diya345@hotmail.com,919559871676,1982-05-23,2013-09-03,PM-001
CUST-03866,Ritvik,Lala,ritvik.885@outlook.com,917563178735,2003-03-30,2023-03-01,PM-002
CUST-03867,Nitara,Sane,nitara_289@outlook.com,918989379884,1995-08-18,2018-02-16,PM-001
CUST-03868,Kavya,Sathe,kavya_821@gmail.com,918377150032,1991-10-10,2010-07-04,PM-001
CUST-03869,Krish,Sem,krish209@hotmail.com,919495111996,1986-05-07,2020-06-18,PM-002
CUST-03870,Tushar,Date,datetushar792@hotmail.com,919081976112,1984-06-19,2003-07-15,PM-004
CUST-03871,Anahita,Badal,anahita.240@hotmail.com,918838025483,2004-12-26,2023-04-05,PM-001
CUST-03872,Shayak,Jayaraman,shayak_378@hotmail.com,919049148416,1978-05-28,1998-07-31,PM-001
CUST-03873,Vritika,Kannan,vritika.kannan429@yahoo.com,919613338800,2004-03-05,2023-02-05,PM-001
CUST-03874,Indrajit,Behl,indrajit.156@yahoo.com,919771054645,1988-12-04,2014-06-04,PM-003
CUST-03875,Ishaan,Batra,ishaan.792@gmail.com,918106965260,1989-12-22,2023-07-30,PM-004
CUST-03876,Zara,Chawla,zara.367@outlook.com,918977503029,1999-10-17,2018-05-26,PM-002
CUST-03877,Elakshi,Trivedi,elakshi.trivedi433@hotmail.com,918716080565,1978-01-20,1998-01-30,PM-002
CUST-03878,Trisha,Bera,trisha_407@yahoo.com,917788462949,2002-06-17,2023-10-12,PM-001
CUST-03879,Madhav,Bhavsar,madhav.329@outlook.com,918766927003,1996-07-17,2021-06-15,PM-004
CUST-03880,Bhamini,Sarma,bhamini.sarma342@icloud.com,919845703822,1983-11-02,2008-12-12,PM-001
CUST-03881,Nirvaan,Sheth,nirvaan.sheth163@icloud.com,918563264080,2002-02-25,2024-06-02,PM-004
CUST-03882,Emir,Dora,emir_610@outlook.com,919452224848,1997-07-01,2019-08-27,PM-004
CUST-03883,Kismat,Sethi,kismat_782@icloud.com,918899944282,2004-02-21,2023-08-08,PM-001
CUST-03884,Jayesh,Goel,goeljayesh806@yahoo.com,917733728347,1997-04-13,2021-12-29,PM-001
CUST-03885,Miraan,Cheema,miraan_684@gmail.com,919902384829,1980-04-19,2008-05-18,PM-002
CUST-03886,Ranbir,Sura,ranbir316@hotmail.com,919546025732,1994-02-10,2020-09-04,PM-002
CUST-03887,Miraan,Ghose,miraan.778@icloud.com,918430352882,1984-05-21,2011-04-13,PM-003
CUST-03888,Rati,Bakshi,rati_352@gmail.com,917658275529,1999-06-01,2022-01-18,PM-003
CUST-03889,Vedika,Choudhary,choudharyvedika473@icloud.com,918536761212,1977-11-24,2005-12-15,PM-002
CUST-03890,Damini,Mangat,damini.mangat765@yahoo.com,917951502952,1985-07-17,2018-10-20,PM-004
CUST-03891,Tanya,Din,dintanya128@gmail.com,917604257520,1982-06-14,2004-08-26,PM-001
CUST-03892,Chirag,Kannan,kannanchirag809@yahoo.com,917054991692,1981-11-24,2009-04-07,PM-002
CUST-03893,Shanaya,Khare,shanaya.560@gmail.com,919428813127,1974-11-25,2010-06-14,PM-001
CUST-03894,Saanvi,Krishnamurthy,saanvi_394@icloud.com,917077636650,2005-06-20,2024-02-21,PM-004
CUST-03895,Chirag,Vasa,chirag.598@gmail.com,917457919580,2002-01-14,2020-11-05,PM-001
CUST-03896,Nitara,Apte,nitara792@gmail.com,919656933206,1984-12-23,2020-03-09,PM-001
CUST-03897,Arnav,Sibal,arnav.299@icloud.com,918490857233,1985-02-23,2015-04-10,PM-004
CUST-03898,Saksham,Kashyap,saksham.kashyap396@icloud.com,918041339520,1994-07-05,2018-08-22,PM-004
CUST-03899,Madhav,Baria,madhav668@yahoo.com,919576463335,1988-01-01,2021-06-20,PM-002
CUST-03900,Badal,Chakrabarti,chakrabartibadal334@yahoo.com,917925934458,1982-09-18,2006-09-17,PM-003
CUST-03901,Mamooty,Chawla,mamooty235@hotmail.com,917896095588,1976-01-16,2007-01-04,PM-002
CUST-03902,Nehmat,Tiwari,nehmat.418@icloud.com,919842377352,1994-12-14,2018-05-29,PM-001
CUST-03903,Riaan,Subramaniam,riaan.subramaniam689@yahoo.com,919475031174,1987-03-31,2006-02-10,PM-002
CUST-03904,Taran,Raj,taran.424@hotmail.com,917677460245,1998-12-21,2023-10-13,PM-004
CUST-03905,Nirvi,Seshadri,nirvi.seshadri554@gmail.com,918400685187,1988-03-11,2022-09-01,PM-002
CUST-03906,Dhruv,Dhillon,dhruv_117@icloud.com,917321935260,1999-11-01,2021-09-09,PM-002
CUST-03907,Heer,Varghese,heer903@icloud.com,918706940011,1994-04-08,2017-01-05,PM-001
CUST-03908,Elakshi,Kannan,elakshi.516@icloud.com,917928420309,1997-06-03,2018-10-04,PM-002
CUST-03909,Romil,Arora,romil.898@gmail.com,919700284799,1995-12-10,2019-03-05,PM-004
CUST-03910,Neelofar,Khalsa,neelofar_721@hotmail.com,917798489708,1984-02-03,2019-08-14,PM-003
CUST-03911,Pranay,Divan,pranay_843@yahoo.com,919316707301,1986-12-07,2020-05-28,PM-004
CUST-03912,Madhav,Chakrabarti,chakrabartimadhav305@gmail.com,919945422332,1982-07-01,2001-07-04,PM-001
CUST-03913,Vaibhav,Jain,vaibhav_179@yahoo.com,919463098692,1989-04-22,2011-11-09,PM-003
CUST-03914,Indrans,Mahal,indrans.343@icloud.com,919989679391,1979-02-25,2000-08-17,PM-001
CUST-03915,Nayantara,Ram,nayantara.609@icloud.com,919069748000,1989-02-19,2016-09-15,PM-001
CUST-03916,Ahana ,Rege,ahana .473@gmail.com,918738148987,1994-08-24,2017-09-02,PM-003
CUST-03917,Zeeshan,Chahal,zeeshan127@yahoo.com,917815911732,2002-07-02,2021-01-24,PM-004
CUST-03918,Jhanvi,Dara,darajhanvi966@hotmail.com,918767334270,1982-11-26,2018-12-16,PM-002
CUST-03919,Rati,Karan,rati.803@outlook.com,918147042900,2005-11-18,2024-03-19,PM-002
CUST-03920,Hunar,Issac,issachunar294@icloud.com,918208938962,1984-10-04,2021-08-11,PM-003
CUST-03921,Nitya,Kulkarni,nitya.kulkarni958@outlook.com,918082148439,2000-08-28,2022-04-19,PM-004
CUST-03922,Miraya,Lata,miraya.567@gmail.com,917160799073,1994-02-13,2013-03-05,PM-001
CUST-03923,Aarna,Dutt,aarna.233@icloud.com,918028374477,1979-09-07,2006-03-29,PM-003
CUST-03924,Kimaya,Jayaraman,kimaya.882@outlook.com,918814760697,2003-08-03,2023-04-16,PM-002
CUST-03925,Raghav,Chanda,raghav.chanda826@icloud.com,917232859928,1975-01-18,2010-03-26,PM-002
CUST-03926,Saksham,Saran,saksham_929@outlook.com,918829484360,2003-10-30,2023-08-02,PM-001
CUST-03927,Zeeshan,Lalla,zeeshan.lalla982@yahoo.com,917637502340,1990-10-22,2014-04-26,PM-002
CUST-03928,Samaira,Kibe,samaira883@hotmail.com,918501817692,1992-12-31,2020-02-21,PM-002
CUST-03929,Shamik,Mandal,shamik.359@yahoo.com,918170890387,2001-01-15,2020-11-23,PM-004
CUST-03930,Emir,Borah,emir_947@outlook.com,917576245619,2003-02-07,2023-05-19,PM-001
CUST-03931,Kiara,Ganguly,kiara.ganguly497@outlook.com,917323570270,1987-06-05,2018-07-10,PM-002
CUST-03932,Tarini,Sharaf,sharaftarini738@outlook.com,919336509701,1991-04-01,2023-05-30,PM-004
CUST-03933,Kabir,Chowdhury,kabir930@yahoo.com,917654521288,1992-12-24,2018-08-03,PM-001
CUST-03934,Tarini,Luthra,tarini769@gmail.com,918159442676,2001-03-09,2020-02-15,PM-003
CUST-03935,Anay,Desai,anay_412@hotmail.com,917207165640,1991-07-21,2023-03-24,PM-004
CUST-03936,Vaibhav,Sabharwal,vaibhav_622@outlook.com,918125535255,1992-02-03,2013-06-06,PM-003
CUST-03937,Indranil,Swamy,indranil_852@outlook.com,918695371906,1977-05-10,2010-12-26,PM-004
CUST-03938,Gatik,Jha,jhagatik962@gmail.com,919068746860,1975-12-17,2011-08-21,PM-003
CUST-03939,Ehsaan,Hari,ehsaan866@outlook.com,918634849339,1976-01-02,2010-08-03,PM-004
CUST-03940,Bhavin,Amble,bhavin_380@gmail.com,918150268087,1984-05-25,2005-11-04,PM-001
CUST-03941,Myra,Rama,myra.671@gmail.com,918650077557,2002-12-30,2024-02-13,PM-003
CUST-03942,Divij,Karpe,karpedivij270@icloud.com,918528651170,1998-06-19,2017-10-06,PM-001
CUST-03943,Aaina,Chhabra,chhabraaaina248@outlook.com,918362814722,1981-12-06,2011-08-28,PM-001
CUST-03944,Ayesha,Sundaram,ayesha986@hotmail.com,919250413353,1975-03-09,2015-02-11,PM-003
CUST-03945,Jayant,Hari,harijayant629@hotmail.com,918677583242,1982-03-21,2019-09-17,PM-003
CUST-03946,Ayesha,Mangat,ayesha.mangat625@gmail.com,919586172695,1982-09-04,2023-04-27,PM-002
CUST-03947,Oorja,Krishnan,oorja249@gmail.com,919212186581,1981-03-31,2023-11-23,PM-001
CUST-03948,Krish,Dora,krish_253@hotmail.com,918879264259,1979-08-30,2024-05-11,PM-002
CUST-03949,Kiara,Barman,kiara842@gmail.com,918862515736,1994-10-07,2023-11-01,PM-001
CUST-03950,Kartik,Goda,kartik.840@outlook.com,919230674217,2000-03-09,2021-02-05,PM-004
CUST-03951,Yuvaan,Warrior,yuvaan_469@outlook.com,917224679164,1997-06-27,2019-08-20,PM-002
CUST-03952,Amani,Verma,amani_858@outlook.com,918728392837,2001-10-21,2020-06-16,PM-001
CUST-03953,Ishaan,Sheth,ishaan.sheth256@gmail.com,918182289873,1998-06-10,2022-09-12,PM-002
CUST-03954,Aaryahi,Dhillon,aaryahi_884@icloud.com,918009857792,2005-04-16,2023-12-09,PM-004
CUST-03955,Darshit,Chaudhry,chaudhrydarshit698@outlook.com,919981921740,1991-07-28,2015-07-13,PM-001
CUST-03956,Heer,Karpe,heer.karpe974@gmail.com,918082568413,1979-11-13,1998-03-01,PM-003
CUST-03957,Eva,Choudhry,eva.choudhry935@yahoo.com,918415366926,1990-04-09,2018-01-28,PM-002
CUST-03958,Shayak,Kannan,kannanshayak446@hotmail.com,918163902365,1979-10-20,2014-11-26,PM-003
CUST-03959,Nirvaan,Apte,nirvaan.119@yahoo.com,917643519498,2002-07-13,2023-09-16,PM-004
CUST-03960,Umang,Dubey,umang_131@icloud.com,918968108313,1980-06-04,2009-09-18,PM-003
CUST-03961,Hrishita,Dasgupta,hrishita.713@yahoo.com,918650139215,1991-06-03,2012-10-11,PM-002
CUST-03962,Nakul,Srinivasan,nakul.812@icloud.com,918588103682,1974-10-12,2018-10-11,PM-001
CUST-03963,Purab,Kannan,kannanpurab864@outlook.com,919560027688,1999-09-22,2020-08-23,PM-002
CUST-03964,Aaina,Chhabra,aaina336@yahoo.com,917968629013,1999-05-30,2020-03-15,PM-002
CUST-03965,Advika,Hegde,hegdeadvika790@icloud.com,919773705657,1980-03-25,2011-09-16,PM-003
CUST-03966,Shlok,Chaudhari,shlok.255@gmail.com,919244332321,1983-04-25,2012-10-05,PM-001
CUST-03967,Shalv,Ganguly,shalv.931@outlook.com,919601804770,1988-04-11,2011-07-01,PM-003
CUST-03968,Divit,Kulkarni,divit.507@gmail.com,919391590356,1991-04-22,2014-01-15,PM-004
CUST-03969,Jayan,Dass,jayan118@outlook.com,917532172498,1986-01-20,2016-04-23,PM-001
CUST-03970,Drishya,Ben,drishya883@icloud.com,918206444331,1991-02-23,2021-06-07,PM-002
CUST-03971,Misha,Bhattacharyya,misha.bhattacharyya783@icloud.com,918876252955,1991-12-22,2019-02-13,PM-001
CUST-03972,Abram,Suresh,abram_384@icloud.com,918738207852,1975-05-28,2017-12-25,PM-003
CUST-03973,Mahika,Dubey,mahika.dubey686@outlook.com,918203965918,1989-07-08,2009-12-31,PM-001
CUST-03974,Drishya,Kapoor,drishya.570@hotmail.com,918100677936,1998-06-15,2018-11-22,PM-001
CUST-03975,Badal,Badal,badalbadal954@hotmail.com,917405116287,1987-05-09,2011-07-22,PM-002
CUST-03976,Jayesh,Dara,jayesh548@icloud.com,919409926175,2005-07-20,2024-05-04,PM-003
CUST-03977,Heer,Bail,bailheer205@outlook.com,919059452341,1982-05-01,2012-06-23,PM-002
CUST-03978,Armaan,Rastogi,armaan_514@yahoo.com,917104479041,1995-02-20,2013-03-28,PM-003
CUST-03979,Dhanush,Lad,dhanush_916@icloud.com,917682747902,1989-01-05,2011-08-25,PM-004
CUST-03980,Shalv,Sridhar,sridharshalv682@gmail.com,918368493852,1991-07-05,2022-03-26,PM-002
CUST-03981,Kismat,Sampath,kismat.sampath402@icloud.com,917942930814,1974-07-23,2014-08-18,PM-002
CUST-03982,Mishti,Singh,mishti.836@gmail.com,917085600762,1981-08-25,2001-01-21,PM-003
CUST-03983,Anya,Shenoy,shenoyanya296@icloud.com,918781391031,1994-02-16,2021-04-02,PM-004
CUST-03984,Yasmin,Maharaj,yasmin_155@gmail.com,917516767956,1990-01-07,2019-11-12,PM-002
CUST-03985,Ivana,Dutta,ivana.dutta175@yahoo.com,919043633519,1992-04-26,2023-01-02,PM-004
CUST-03986,Nitara,Acharya,nitara.856@gmail.com,918432278500,1987-06-18,2006-05-03,PM-002
CUST-03987,Sara,Bera,sara_559@yahoo.com,917514652824,1994-05-17,2017-01-26,PM-002
CUST-03988,Yashvi,Singhal,yashvi_380@hotmail.com,917924234114,1990-03-29,2024-05-29,PM-004
CUST-03989,Emir,Yadav,emir_919@gmail.com,917330048251,1985-12-01,2023-01-30,PM-004
CUST-03990,Saanvi,Aurora,saanvi_332@yahoo.com,917667676810,1999-02-18,2023-07-12,PM-004
CUST-03991,Zeeshan,Sampath,sampathzeeshan979@icloud.com,919158339292,1980-10-07,2012-10-21,PM-004
CUST-03992,Adira,Swaminathan,adira_735@yahoo.com,917797187224,1995-04-03,2019-07-03,PM-002
CUST-03993,Aarush,Bora,aarush_662@outlook.com,917816979951,1985-11-19,2011-03-03,PM-002
CUST-03994,Devansh,Suri,devansh.869@outlook.com,918108740758,1984-02-08,2020-06-05,PM-002
CUST-03995,Pari,Wali,walipari822@outlook.com,918185156542,2001-10-07,2022-08-18,PM-004
CUST-03996,Manikya,Randhawa,manikya.randhawa325@icloud.com,919527483142,1987-07-24,2006-01-19,PM-001
CUST-03997,Rati,Kumar,kumarrati598@gmail.com,917460774745,2001-05-18,2023-08-21,PM-002
CUST-03998,Amira,Devan,devanamira807@icloud.com,918622575193,2005-01-19,2023-02-03,PM-001
CUST-03999,Rania,Sagar,sagarrania221@yahoo.com,919224150050,1985-08-27,2012-05-08,PM-001
CUST-04000,Tejas,Kibe,kibetejas149@hotmail.com,919040920888,1985-10-21,2016-11-16,PM-002
CUST-04001,Madhup,Dara,madhup.177@hotmail.com,918820852260,1991-12-13,2012-05-21,PM-001
CUST-04002,Elakshi,Bahri,elakshi.163@yahoo.com,918647410925,1977-11-22,1995-12-01,PM-002
CUST-04003,Raghav,Datta,raghav.917@gmail.com,919441614723,1998-10-26,2021-09-06,PM-001
CUST-04004,Mamooty,Hora,mamooty_363@outlook.com,919769170388,1996-05-31,2023-02-17,PM-004
CUST-04005,Vedika,Sarma,vedika.sarma435@icloud.com,917090290204,1993-12-13,2023-10-02,PM-004
CUST-04006,Tejas,Sur,tejas116@hotmail.com,918002066792,1997-07-21,2021-02-01,PM-002
CUST-04007,Lakshay,Kar,lakshay.461@gmail.com,917938471399,1987-08-11,2013-03-31,PM-003
CUST-04008,Ayesha,Bail,ayesha.107@outlook.com,919358683424,1996-01-31,2019-05-13,PM-003
CUST-04009,Lavanya,Vala,lavanya.822@outlook.com,918436480430,1988-03-29,2016-12-26,PM-004
CUST-04010,Yakshit,Bhakta,yakshit_780@icloud.com,918298098049,1974-06-15,2004-01-24,PM-002
CUST-04011,Aaryahi,Zachariah,zachariahaaryahi960@hotmail.com,918015260979,1989-07-31,2021-09-13,PM-001
CUST-04012,Madhup,Kibe,madhup.903@yahoo.com,918591397625,1991-08-31,2015-03-07,PM-003
CUST-04013,Kavya,Khosla,khoslakavya437@outlook.com,919897641612,2004-11-09,2023-05-08,PM-001
CUST-04014,Seher,Kata,seher159@hotmail.com,919500637264,1986-12-08,2010-03-07,PM-004
CUST-04015,Vedika,Varkey,vedika343@gmail.com,918779904164,2000-05-17,2021-06-06,PM-001
CUST-04016,Darshit,Dewan,darshit.dewan282@outlook.com,919249767818,1981-09-11,2008-04-23,PM-003
CUST-04017,Rania,Verma,rania_637@outlook.com,917793759174,1999-11-13,2023-12-22,PM-001
CUST-04018,Ishita,Bhakta,ishita_213@outlook.com,919145792261,2002-03-20,2023-08-22,PM-003
CUST-04019,Yasmin,Borde,yasmin222@icloud.com,917319899266,2005-07-24,2024-03-12,PM-001
CUST-04020,Shamik,Grover,shamik.grover825@outlook.com,918633240534,1992-01-04,2015-06-02,PM-003
CUST-04021,Vihaan,Tella,vihaan_470@hotmail.com,919498931439,1992-06-11,2021-01-02,PM-004
CUST-04022,Samar,Venkatesh,samar172@hotmail.com,917586779878,1982-07-18,2001-11-14,PM-001
CUST-04023,Yuvaan,Mannan,yuvaan211@hotmail.com,917409436409,1980-12-05,2011-12-19,PM-002
CUST-04024,Shanaya,Vaidya,shanaya316@hotmail.com,918915232360,1983-10-26,2014-11-23,PM-003
CUST-04025,Elakshi,Bedi,elakshi.207@gmail.com,917143656479,1988-02-20,2015-11-11,PM-001
CUST-04026,Nakul,Hans,hansnakul170@gmail.com,918946433843,1994-12-13,2024-01-23,PM-003
CUST-04027,Mamooty,Soman,mamooty_205@yahoo.com,919527188374,1987-05-10,2020-03-03,PM-001
CUST-04028,Yasmin,Lala,yasmin.lala310@hotmail.com,918844598563,1984-03-11,2023-10-13,PM-001
CUST-04029,Rasha,Kala,kalarasha214@yahoo.com,917142879778,1985-09-09,2012-01-28,PM-002
CUST-04030,Anya,Yogi,yogianya820@yahoo.com,918339681454,1995-03-18,2021-07-21,PM-001
CUST-04031,Nirvaan,Seth,sethnirvaan966@yahoo.com,917092608691,1979-03-04,2000-08-28,PM-001
CUST-04032,Kabir,Mall,kabir.980@yahoo.com,918562080509,2000-05-12,2022-11-24,PM-001
CUST-04033,Vritika,Bahri,vritika.bahri640@yahoo.com,919907466327,1997-12-03,2019-03-26,PM-002
CUST-04034,Taimur,Ganguly,taimur_654@icloud.com,917824470924,1991-06-27,2019-11-21,PM-002
CUST-04035,Nitya,Sodhi,sodhinitya895@gmail.com,919890457722,1988-12-15,2014-03-13,PM-001
CUST-04036,Tanya,Balan,tanya670@yahoo.com,918188020447,1991-03-07,2017-11-07,PM-003
CUST-04037,Aradhya,Bera,aradhya.662@yahoo.com,917519429695,1980-10-14,2011-09-18,PM-004
CUST-04038,Zain,Biswas,zain.778@icloud.com,917670413237,1995-01-06,2021-08-06,PM-004
CUST-04039,Shlok,Sule,suleshlok156@yahoo.com,919658205601,2000-01-07,2019-01-01,PM-004
CUST-04040,Indrans,Jaggi,indrans.980@icloud.com,919973746291,1995-09-15,2021-06-27,PM-004
CUST-04041,Oorja,Halder,oorja.halder498@yahoo.com,919683399628,1984-03-15,2004-12-16,PM-001
CUST-04042,Anahi,Rattan,anahi_356@icloud.com,917062610176,1996-01-01,2015-08-12,PM-001
CUST-04043,Divij,Agarwal,divij_648@outlook.com,919962802961,1977-03-18,2006-01-22,PM-002
CUST-04044,Vaibhav,Babu,babuvaibhav578@yahoo.com,918530241591,1986-03-31,2013-02-03,PM-003
CUST-04045,Samiha,Kuruvilla,kuruvillasamiha672@yahoo.com,919992388199,1986-04-10,2019-10-25,PM-002
CUST-04046,Aarush,Sharma,aarush_921@outlook.com,918151428032,2000-12-27,2022-11-26,PM-003
CUST-04047,Indranil,Mannan,indranil.mannan538@icloud.com,918562503674,1990-12-22,2010-05-12,PM-004
CUST-04048,Raunak,Sood,raunak.720@icloud.com,919414727773,2000-10-05,2021-01-15,PM-004
CUST-04049,Piya,Seshadri,seshadripiya207@hotmail.com,917777387195,2002-02-03,2024-01-16,PM-004
CUST-04050,Kiaan,Dugal,kiaan_422@yahoo.com,917724667631,1980-10-01,2009-01-21,PM-002
CUST-04051,Alia,Batta,battaalia254@gmail.com,919251213708,2005-08-13,2023-11-25,PM-004
CUST-04052,Adira,Mand,mandadira593@gmail.com,917897610870,1985-02-13,2008-05-30,PM-004
CUST-04053,Krish,Balay,krish_995@hotmail.com,919081719462,2003-12-29,2022-05-15,PM-004
CUST-04054,Tara,Raju,tara658@outlook.com,918597601862,1999-12-14,2021-07-13,PM-002
CUST-04055,Neysa,Tella,neysa.tella792@icloud.com,919266662813,1991-02-09,2011-06-16,PM-003
CUST-04056,Damini,Sarma,sarmadamini462@yahoo.com,918352389751,1975-01-17,2004-06-24,PM-002
CUST-04057,Indranil,Mani,indranil_528@outlook.com,918126169249,1991-04-27,2014-05-13,PM-001
CUST-04058,Stuvan,Zacharia,stuvan162@gmail.com,917261992342,1993-06-09,2013-03-03,PM-002
CUST-04059,Kavya,Jayaraman,kavya362@yahoo.com,919138613154,1980-09-30,2013-03-02,PM-003
CUST-04060,Parinaaz,Chatterjee,parinaaz.chatterjee506@yahoo.com,917276322146,1998-08-29,2024-03-25,PM-003
CUST-04061,Darshit,Trivedi,darshit.trivedi814@gmail.com,917929187389,1977-06-18,2003-09-01,PM-002
CUST-04062,Pranay,Chakrabarti,chakrabartipranay868@gmail.com,919780430594,1975-09-02,2018-01-06,PM-004
CUST-04063,Krish,Hari,krish638@hotmail.com,919313144810,1990-01-03,2015-07-09,PM-002
CUST-04064,Prerak,Badami,prerak.249@gmail.com,917143123344,1997-11-26,2017-10-22,PM-004
CUST-04065,Zaina,Dhillon,zaina.dhillon632@hotmail.com,917848870782,1992-05-18,2019-09-17,PM-001
CUST-04066,Mamooty,Barman,mamooty.barman329@gmail.com,918713857639,1979-11-25,2024-05-18,PM-001
CUST-04067,Hazel,Ratti,hazel.443@hotmail.com,918518141065,1987-05-10,2018-11-15,PM-003
CUST-04068,Onkar,Grover,groveronkar263@hotmail.com,919038198037,1992-02-26,2015-06-10,PM-002
CUST-04069,Advik,Thakkar,advik140@hotmail.com,917747813898,1985-03-14,2016-01-14,PM-002
CUST-04070,Badal,Bhatia,badal_168@icloud.com,919224347503,1980-07-11,2002-11-17,PM-002
CUST-04071,Vidur,Chaudhary,vidur.chaudhary488@gmail.com,919967076531,1999-05-11,2019-11-16,PM-002
CUST-04072,Keya,Tiwari,keya_868@icloud.com,917853742344,2001-03-15,2019-10-12,PM-001
CUST-04073,Arhaan,Talwar,arhaan514@icloud.com,917371273338,1995-03-03,2019-04-16,PM-001
CUST-04074,Rati,Gala,galarati981@hotmail.com,919006527082,2000-11-27,2020-11-03,PM-003
CUST-04075,Vaibhav,Baria,vaibhav.564@yahoo.com,917475479006,1995-05-06,2017-12-21,PM-003
CUST-04076,Zoya,Devan,devanzoya109@gmail.com,919491715174,2001-10-10,2019-11-21,PM-004
CUST-04077,Baiju,Sha,baiju149@gmail.com,918198391586,1984-05-03,2002-10-11,PM-004
CUST-04078,Aaryahi,Sani,aaryahi_883@outlook.com,919178099463,1997-11-25,2016-11-10,PM-002
CUST-04079,Indranil,Wali,indranil682@yahoo.com,918585960593,1978-09-20,2016-01-12,PM-003
CUST-04080,Inaaya ,Kara,inaaya .kara829@gmail.com,919439367456,2001-07-21,2024-04-28,PM-001
CUST-04081,Anahi,Jayaraman,anahi_755@yahoo.com,917498998680,1984-07-08,2010-02-10,PM-003
CUST-04082,Madhup,Upadhyay,madhup539@outlook.com,919383397760,1995-08-02,2016-07-31,PM-001
CUST-04083,Krish,Ram,krish_276@hotmail.com,919512234797,2006-05-31,2024-05-30,PM-004
CUST-04084,Ryan,Ramakrishnan,ryan.ramakrishnan318@hotmail.com,918975554958,1985-12-16,2023-06-20,PM-002
CUST-04085,Manikya,Deshmukh,manikya469@yahoo.com,918533851759,1986-02-18,2016-12-25,PM-003
CUST-04086,Dishani,Rajagopalan,dishani270@hotmail.com,918575413408,1995-10-25,2017-11-09,PM-003
CUST-04087,Dhruv,Andra,andradhruv508@icloud.com,919227869392,1975-02-28,2018-12-31,PM-003
CUST-04088,Sana,Saha,sana.saha702@icloud.com,918402495649,1980-09-15,2007-11-08,PM-002
CUST-04089,Vedika,Rao,vedika.rao255@yahoo.com,917688524019,1975-07-08,2003-08-24,PM-003
CUST-04090,Tarini,Keer,tarini875@hotmail.com,918975703750,1985-08-20,2008-11-14,PM-003
CUST-04091,Madhav,Batta,battamadhav136@hotmail.com,918873510556,1982-09-11,2014-03-28,PM-001
CUST-04092,Anaya,Lall,lallanaya360@outlook.com,919503186467,1975-10-20,2021-04-23,PM-001
CUST-04093,Prisha,Batta,prisha_828@icloud.com,918756397499,1984-03-05,2024-03-28,PM-004
CUST-04094,Akarsh,Sengupta,akarsh.sengupta273@gmail.com,918287560406,1990-01-06,2015-09-23,PM-002
CUST-04095,Ela,Sunder,ela.sunder562@hotmail.com,919992669070,1990-02-01,2023-08-14,PM-002
CUST-04096,Nakul,Ratta,nakul_753@icloud.com,917458136165,1990-12-01,2019-05-17,PM-001
CUST-04097,Mannat,Badami,badamimannat893@yahoo.com,918352398312,1998-03-28,2019-06-24,PM-002
CUST-04098,Misha,Shere,misha.shere598@yahoo.com,917386843349,1988-12-04,2011-07-17,PM-004
CUST-04099,Ojas,Vala,ojas_382@yahoo.com,919984047073,2002-04-02,2022-03-23,PM-004
CUST-04100,Shray,Ratti,shray_270@yahoo.com,918308475342,2005-12-23,2024-01-29,PM-004
CUST-04101,Kanav,Kata,kanav.kata215@gmail.com,919772675376,1999-06-25,2020-05-02,PM-002
CUST-04102,Vedika,Sibal,sibalvedika489@gmail.com,918109124125,1985-04-13,2016-10-30,PM-004
CUST-04103,Riya,Karan,riya.karan258@outlook.com,919185238529,1978-03-17,2015-08-19,PM-002
CUST-04104,Mannat,Koshy,koshymannat763@yahoo.com,919846559907,1996-09-21,2022-09-16,PM-002
CUST-04105,Anaya,Mannan,mannananaya848@hotmail.com,918047481876,2006-04-01,2024-05-30,PM-004
CUST-04106,Urvi,Kohli,urvi_347@hotmail.com,919443036944,1982-06-29,2001-10-26,PM-002
CUST-04107,Bhavin,Ganguly,gangulybhavin603@gmail.com,918903289332,1983-10-30,2002-07-12,PM-001
CUST-04108,Taimur,Grover,grovertaimur640@gmail.com,917533148442,1986-03-08,2014-11-26,PM-003
CUST-04109,Shray,Bains,bainsshray412@outlook.com,918032096903,1999-02-13,2020-05-30,PM-002
CUST-04110,Mehul,Agrawal,mehul.agrawal107@outlook.com,917921402837,1992-01-14,2014-09-05,PM-001
CUST-04111,Romil,Gopal,romil499@hotmail.com,919987955013,1999-01-16,2022-10-23,PM-001
CUST-04112,Ojas,Sarkar,ojas893@outlook.com,917639617784,1974-07-10,2022-10-16,PM-003
CUST-04113,Heer,Joshi,heer514@yahoo.com,919024342479,1989-12-13,2011-04-04,PM-004
CUST-04114,Purab,Ranganathan,ranganathanpurab128@gmail.com,918149244613,1985-11-24,2005-11-10,PM-004
CUST-04115,Mamooty,Walia,mamooty.walia570@hotmail.com,917066286614,2005-02-10,2023-03-19,PM-004
CUST-04116,Hridaan,Mammen,hridaan.mammen471@yahoo.com,918949462738,1992-09-19,2013-12-11,PM-001
CUST-04117,Alisha,Tara,taraalisha546@icloud.com,918417173594,1994-02-15,2012-04-27,PM-002
CUST-04118,Neelofar,Bahri,neelofar.134@yahoo.com,918363879040,2002-02-06,2024-05-12,PM-001
CUST-04119,Biju,Suri,biju.803@outlook.com,918687949022,1985-04-10,2005-07-04,PM-004
CUST-04120,Ahana ,Badami,ahana _921@icloud.com,919448731336,1982-01-26,2011-03-30,PM-001
CUST-04121,Arhaan,Hegde,arhaan_312@outlook.com,917527537595,1981-01-31,2009-11-28,PM-003
CUST-04122,Prisha,Roy,royprisha557@gmail.com,918655330930,1976-07-11,2021-02-01,PM-001
CUST-04123,Diya,Khanna,diya210@yahoo.com,917184506814,1992-05-27,2022-10-24,PM-001
CUST-04124,Nishith,Dutt,nishith.803@yahoo.com,917874314119,1988-02-21,2019-12-07,PM-003
CUST-04125,Onkar,Baral,onkar.651@yahoo.com,917255490895,1981-07-19,2010-02-05,PM-004
CUST-04126,Yasmin,Loke,yasmin624@gmail.com,917003488763,1980-08-09,2004-10-31,PM-004
CUST-04127,Shanaya,Goel,shanaya.goel244@hotmail.com,917385483196,1975-11-09,1998-04-01,PM-004
CUST-04128,Kanav,Bose,kanav.416@yahoo.com,918431320357,1986-03-21,2024-02-19,PM-004
CUST-04129,Bhamini,Kurian,bhamini.636@yahoo.com,919966867105,1985-02-02,2018-07-24,PM-002
CUST-04130,Emir,Dubey,emir_475@yahoo.com,918871620668,2001-02-01,2020-08-22,PM-004
CUST-04131,Ehsaan,Khurana,khuranaehsaan743@outlook.com,918522405116,1986-06-12,2011-02-13,PM-001
CUST-04132,Sara,Kohli,sara.356@hotmail.com,918131777524,1992-04-07,2019-07-15,PM-002
CUST-04133,Mohanlal,Venkataraman,mohanlal_982@gmail.com,918633300615,1999-05-24,2023-06-18,PM-004
CUST-04134,Adah,Yohannan,adah.246@hotmail.com,917498499320,1987-03-10,2011-04-10,PM-001
CUST-04135,Mannat,Kalita,mannat.kalita228@hotmail.com,917406297711,1981-08-08,2015-04-06,PM-003
CUST-04136,Nirvi,Chakrabarti,nirvi381@icloud.com,917585188888,1995-11-01,2016-05-06,PM-002
CUST-04137,Lagan,Barman,lagan.703@outlook.com,919003723098,1975-05-01,2002-06-07,PM-001
CUST-04138,Mahika,Khare,mahika.178@icloud.com,919198013178,1993-10-20,2016-04-27,PM-003
CUST-04139,Kabir,Sane,kabir_485@gmail.com,918147100059,1984-11-12,2021-09-19,PM-004
CUST-04140,Veer,Anand,anandveer516@gmail.com,919219657746,2005-07-04,2023-09-26,PM-004
CUST-04141,Seher,Dutt,duttseher646@outlook.com,917200218850,1988-11-21,2009-02-09,PM-002
CUST-04142,Gokul,Dube,gokul.535@hotmail.com,918493099808,1978-06-21,2021-01-03,PM-003
CUST-04143,Anya,Aggarwal,anya.aggarwal759@icloud.com,918402576641,2001-10-01,2021-06-19,PM-003
CUST-04144,Vardaniya,Mammen,vardaniya141@hotmail.com,919844374036,2006-03-01,2024-04-15,PM-002
CUST-04145,Neysa,D’Alia,neysa.d’alia998@icloud.com,918823453312,1980-02-27,2005-06-09,PM-003
CUST-04146,Himmat,Mani,himmat_322@hotmail.com,917257394233,1977-10-03,2012-05-28,PM-001
CUST-04147,Yuvraj ,Kothari,yuvraj .453@gmail.com,917258767011,2002-07-10,2022-10-21,PM-003
CUST-04148,Emir,Sarin,emir603@hotmail.com,918476069912,2005-08-10,2024-03-13,PM-002
CUST-04149,Hazel,Khalsa,hazel112@gmail.com,917970008865,1981-09-06,2016-08-07,PM-001
CUST-04150,Bhavin,Ramaswamy,ramaswamybhavin707@outlook.com,917881750839,1986-03-19,2010-01-31,PM-003
CUST-04151,Jayan,Comar,jayan.comar608@yahoo.com,917178575632,2002-01-13,2021-07-01,PM-001
CUST-04152,Chirag,Choudhry,chirag.choudhry838@outlook.com,917759433620,1982-12-16,2011-09-13,PM-001
CUST-04153,Armaan,Mall,armaan_270@outlook.com,919002243927,1977-02-18,1997-06-21,PM-002
CUST-04154,Priyansh,Kumar,priyansh.kumar523@outlook.com,917015427432,1974-08-28,2010-10-11,PM-002
CUST-04155,Sahil,Vora,vorasahil183@gmail.com,917665714761,2005-05-18,2023-06-08,PM-004
CUST-04156,Jivika,Kant,jivika269@gmail.com,917664234729,2006-03-08,2024-03-24,PM-001
CUST-04157,Dhanush,Sharma,dhanush266@gmail.com,919673632454,2005-11-24,2023-12-15,PM-004
CUST-04158,Tarini,Das,tarini_362@outlook.com,918967955163,1997-12-18,2020-08-16,PM-004
CUST-04159,Madhup,Vasa,madhup920@outlook.com,917463292491,1976-10-25,2015-02-24,PM-002
CUST-04160,Nayantara,Krishnan,nayantara_876@outlook.com,919312389114,1976-07-24,2011-01-09,PM-003
CUST-04161,Armaan,Sem,armaan_289@icloud.com,919482266006,1984-02-02,2013-10-03,PM-002
CUST-04162,Bhamini,Yadav,bhamini169@hotmail.com,919663451487,1985-12-20,2021-07-20,PM-002
CUST-04163,Dhanuk,Kakar,kakardhanuk826@icloud.com,919292883046,1978-05-14,2010-07-26,PM-002
CUST-04164,Arhaan,Gala,galaarhaan349@gmail.com,919893001926,1979-10-18,2013-02-26,PM-001
CUST-04165,Vaibhav,Brahmbhatt,vaibhav.brahmbhatt215@yahoo.com,919768783465,2003-08-09,2024-03-03,PM-003
CUST-04166,Ishaan,Chaudhari,ishaan.chaudhari676@gmail.com,919182989598,1991-05-03,2023-03-22,PM-001
CUST-04167,Hiran,Ray,hiran713@gmail.com,917005018421,2002-03-22,2024-05-07,PM-003
CUST-04168,Elakshi,Bala,elakshi.849@icloud.com,917368589601,1998-03-26,2017-08-15,PM-004
CUST-04169,Dhruv,Contractor,dhruv.759@outlook.com,918695803334,1975-02-11,2012-11-15,PM-004
CUST-04170,Ivana,Varkey,ivana957@yahoo.com,917802115965,1986-04-02,2023-05-13,PM-003
CUST-04171,Samar,Lalla,lallasamar646@outlook.com,917376702273,2004-03-14,2023-08-20,PM-002
CUST-04172,Raghav,Bali,raghav.487@hotmail.com,919259241792,1984-12-26,2020-02-20,PM-004
CUST-04173,Arnav,Wagle,waglearnav242@outlook.com,917683804896,1975-01-12,2024-01-19,PM-003
CUST-04174,Advik,Choudhury,advik.544@outlook.com,917210502217,1992-09-18,2024-02-16,PM-001
CUST-04175,Farhan,Goel,farhan_784@outlook.com,919275058566,1984-10-02,2014-08-22,PM-004
CUST-04176,Krish,Mane,krish.783@yahoo.com,918386151072,2004-02-20,2023-04-05,PM-004
CUST-04177,Ryan,Batta,ryan_643@gmail.com,919379940333,1982-08-06,2007-08-08,PM-001
CUST-04178,Sara,Brar,sara491@yahoo.com,917126809984,1988-03-27,2006-10-15,PM-003
CUST-04179,Anya,Kant,anya.kant104@yahoo.com,917881741296,1981-05-12,2016-11-05,PM-001
CUST-04180,Zara,Bir,birzara725@outlook.com,919861192607,1985-06-05,2009-11-04,PM-004
CUST-04181,Anahi,Sama,anahi.288@hotmail.com,917818264535,1982-01-18,2004-08-03,PM-004
CUST-04182,Rati,Sandhu,rati_131@outlook.com,917765024506,2003-06-12,2023-11-03,PM-004
CUST-04183,Piya,Kala,piya548@icloud.com,919986729889,1999-02-14,2018-11-19,PM-001
CUST-04184,Tanya,Sami,samitanya623@gmail.com,918515001433,2002-09-22,2024-04-07,PM-003
CUST-04185,Himmat,Mand,himmat.804@icloud.com,919445858539,1998-10-11,2022-08-06,PM-002
CUST-04186,Ira,Kannan,ira.kannan100@hotmail.com,918539773605,1994-02-22,2013-08-04,PM-002
CUST-04187,Myra,Ghose,myra.ghose363@icloud.com,919636493895,2002-05-12,2021-10-23,PM-003
CUST-04188,Prisha,Shukla,prisha.shukla445@outlook.com,917305442718,1977-10-19,2020-04-13,PM-003
CUST-04189,Raunak,Tandon,raunak593@hotmail.com,917009828395,1988-06-01,2018-01-23,PM-003
CUST-04190,Kartik,Bhatti,kartik.507@outlook.com,918664800442,1976-08-30,2001-12-27,PM-003
CUST-04191,Arhaan,Khatri,khatriarhaan561@gmail.com,918252583428,1985-11-21,2011-04-24,PM-001
CUST-04192,Pihu,Krishna,krishnapihu154@yahoo.com,917314234619,2004-12-17,2023-03-19,PM-001
CUST-04193,Darshit,Deol,darshit_742@gmail.com,919841515508,1977-02-02,2001-07-21,PM-002
CUST-04194,Yakshit,Suri,yakshit611@yahoo.com,918917977988,1975-12-27,2008-01-13,PM-002
CUST-04195,Tara,Ramaswamy,tara.ramaswamy717@outlook.com,917446031982,1982-10-29,2019-12-12,PM-003
CUST-04196,Himmat,Joshi,himmat993@icloud.com,917789688238,2005-09-16,2023-11-24,PM-001
CUST-04197,Adira,Subramanian,adira_445@hotmail.com,917243743925,1975-09-24,2022-12-01,PM-001
CUST-04198,Nitara,Khatri,khatrinitara410@hotmail.com,919816629844,1999-09-30,2020-07-05,PM-001
CUST-04199,Anika,Hayer,anika_882@outlook.com,917838926921,2000-02-15,2018-10-07,PM-002
CUST-04200,Lagan,Sabharwal,lagan.406@outlook.com,918455252152,1986-08-27,2024-03-04,PM-003
CUST-04201,Indranil,Sidhu,indranil_898@yahoo.com,918452609294,1984-07-17,2017-04-30,PM-002
CUST-04202,Eshani,Vig,eshani.951@outlook.com,919383523619,2004-11-02,2023-06-21,PM-001
CUST-04203,Hridaan,Singh,hridaan.206@gmail.com,917771246977,1979-04-07,2006-08-30,PM-004
CUST-04204,Gatik,Bhandari,gatik.bhandari424@hotmail.com,919623336140,1997-04-27,2024-01-06,PM-004
CUST-04205,Parinaaz,Kohli,parinaaz626@gmail.com,917984389995,2001-04-30,2022-02-03,PM-004
CUST-04206,Nakul,Gill,nakul.gill123@hotmail.com,919990816490,1984-07-14,2014-02-27,PM-003
CUST-04207,Prerak,Samra,prerak_876@hotmail.com,917535708325,1978-07-11,2001-01-20,PM-003
CUST-04208,Vedika,Bhat,vedika_822@gmail.com,919664408127,1985-04-02,2010-08-31,PM-001
CUST-04209,Rasha,Raju,rasha.942@gmail.com,917536205539,1976-06-12,2012-10-03,PM-002
CUST-04210,Parinaaz,Sathe,satheparinaaz765@gmail.com,917676576740,1996-04-28,2022-10-25,PM-003
CUST-04211,Sumer,Randhawa,randhawasumer212@yahoo.com,919333775550,2001-01-17,2021-02-06,PM-001
CUST-04212,Hridaan,Gaba,gabahridaan477@yahoo.com,917984841363,1977-03-02,2015-03-03,PM-004
CUST-04213,Inaaya ,Kumer,inaaya .kumer966@icloud.com,917332291115,1994-12-19,2022-04-19,PM-002
CUST-04214,Urvi,Dalal,urvi381@icloud.com,919701898348,1990-04-07,2014-03-06,PM-003
CUST-04215,Aarav,Dass,aarav.433@hotmail.com,917573591358,1993-01-22,2016-01-04,PM-001
CUST-04216,Divyansh,Dugar,dugardivyansh884@icloud.com,918466476724,1978-11-23,2006-10-27,PM-002
CUST-04217,Taran,Handa,taran.handa479@outlook.com,919239487379,1974-10-22,2017-05-01,PM-001
CUST-04218,Indrans,Sahota,indrans586@outlook.com,919404305934,1992-10-28,2020-05-30,PM-001
CUST-04219,Advik,Lala,advik_954@icloud.com,917074263553,1994-05-24,2018-02-20,PM-003
CUST-04220,Mannat,Ramesh,mannat_979@outlook.com,918014142559,1998-10-20,2022-05-20,PM-002
CUST-04221,Shray,Khare,shray_441@icloud.com,919655615200,1982-03-15,2024-02-25,PM-003
CUST-04222,Indrajit,Agarwal,indrajit322@icloud.com,918647091456,2002-07-11,2022-09-30,PM-003
CUST-04223,Gatik,Vasa,gatik.vasa891@icloud.com,919269430684,1981-06-02,1999-06-30,PM-002
CUST-04224,Rania,Kota,kotarania533@icloud.com,918398575455,1979-08-21,2008-10-03,PM-002
CUST-04225,Adah,Bhattacharyya,adah509@icloud.com,919368049124,1995-03-23,2018-11-28,PM-004
CUST-04226,Hridaan,Shetty,hridaan.954@yahoo.com,917958815243,1987-08-02,2021-03-02,PM-002
CUST-04227,Vanya,Sarkar,vanya.455@gmail.com,918874907393,1988-06-20,2007-10-26,PM-001
CUST-04228,Ritvik,Chaudhary,ritvik.697@outlook.com,917577284164,1983-08-13,2010-02-25,PM-004
CUST-04229,Fateh,Grewal,fateh185@outlook.com,918768168771,1978-05-23,2004-10-05,PM-001
CUST-04230,Charvi,Rege,charvi.627@yahoo.com,919730007880,1985-03-24,2023-10-11,PM-001
CUST-04231,Reyansh,Sani,reyansh_463@yahoo.com,919813339649,2001-06-15,2019-12-15,PM-004
CUST-04232,Yashvi,Ganguly,yashvi.ganguly478@gmail.com,919406644989,2003-02-27,2023-06-17,PM-004
CUST-04233,Gokul,Bobal,gokul.bobal233@hotmail.com,917345312967,1981-07-11,2021-02-21,PM-002
CUST-04234,Tushar,Shah,tushar.shah739@hotmail.com,919150390411,1980-09-19,2008-12-12,PM-004
CUST-04235,Neelofar,Rajagopal,neelofar.424@yahoo.com,917267947951,1993-11-03,2015-10-23,PM-001
CUST-04236,Mohanlal,Dash,mohanlal.dash573@gmail.com,917308424674,1978-07-17,1997-10-17,PM-002
CUST-04237,Badal,Dani,danibadal285@hotmail.com,918564397544,1998-02-11,2019-04-04,PM-001
CUST-04238,Darshit,Ganguly,darshit594@hotmail.com,919453711318,1993-11-18,2020-11-06,PM-001
CUST-04239,Mohanlal,Zacharia,mohanlal.zacharia843@hotmail.com,918266291010,2002-12-21,2023-09-12,PM-002
CUST-04240,Kartik,Ramachandran,ramachandrankartik640@hotmail.com,918828664003,1978-10-08,2022-10-16,PM-003
CUST-04241,Sahil,Talwar,sahil199@outlook.com,917019735350,1976-08-14,2022-06-14,PM-002
CUST-04242,Yasmin,Sankar,sankaryasmin438@yahoo.com,918631252869,2001-02-10,2021-11-28,PM-002
CUST-04243,Mohanlal,Behl,mohanlal.behl513@outlook.com,919227073126,1996-06-30,2024-03-04,PM-001
CUST-04244,Siya,Behl,siya.929@gmail.com,917075989496,1979-07-23,2018-12-24,PM-001
CUST-04245,Hansh,Kunda,kundahansh479@hotmail.com,918365535795,1980-06-22,1999-12-28,PM-003
CUST-04246,Hiran,Solanki,hiran_110@icloud.com,919011596123,1989-01-09,2018-10-27,PM-002
CUST-04247,Rati,Ravi,rati_798@hotmail.com,917247028977,2004-05-12,2022-05-08,PM-003
CUST-04248,Sumer,Swamy,sumer620@gmail.com,917132874683,2002-12-04,2021-06-06,PM-003
CUST-04249,Prisha,Hans,prisha.hans549@outlook.com,917969949844,1998-06-17,2018-01-13,PM-003
CUST-04250,Hridaan,Bhagat,hridaan.bhagat633@gmail.com,917652329740,1985-01-20,2004-08-27,PM-003
CUST-04251,Dishani,Goswami,dishani.469@outlook.com,918764198531,1995-05-15,2022-03-05,PM-004
CUST-04252,Saanvi,Sridhar,saanvi200@icloud.com,918113436914,1991-02-28,2013-11-18,PM-001
CUST-04253,Saanvi,Sem,saanvi.sem991@gmail.com,918939109135,2005-11-11,2024-02-17,PM-003
CUST-04254,Aarna,Tiwari,aarna_304@gmail.com,918309938751,1977-02-09,2005-11-28,PM-002
CUST-04255,Fateh,Subramanian,fateh.subramanian886@hotmail.com,917386784190,2001-08-21,2023-03-02,PM-004
CUST-04256,Miraya,Subramanian,miraya.subramanian822@hotmail.com,918213386317,1977-06-02,2002-12-12,PM-003
CUST-04257,Prerak,Sur,prerak953@gmail.com,918767702758,1993-08-13,2014-07-29,PM-004
CUST-04258,Miraan,Sharaf,sharafmiraan605@outlook.com,917754577100,2000-07-20,2023-08-14,PM-001
CUST-04259,Ayesha,Tailor,ayesha.tailor229@icloud.com,917619218715,2003-01-30,2021-08-05,PM-002
CUST-04260,Vardaniya,Bakshi,vardaniya478@outlook.com,918412697663,1992-05-30,2014-07-15,PM-003
CUST-04261,Rhea,Chahal,rhea487@hotmail.com,919763825075,1978-01-30,2000-02-17,PM-002
CUST-04262,Gokul,Bhavsar,bhavsargokul787@yahoo.com,917381075291,1983-12-09,2007-06-14,PM-001
CUST-04263,Vanya,Basu,vanya.basu343@yahoo.com,918718341349,1999-02-10,2022-02-08,PM-001
CUST-04264,Arhaan,Sathe,arhaan292@icloud.com,919533026711,1991-12-29,2012-03-28,PM-002
CUST-04265,Lakshit,Agarwal,lakshit.180@outlook.com,917848493523,1980-04-10,2020-06-05,PM-001
CUST-04266,Shayak,Manda,shayak.manda699@yahoo.com,918578565630,1997-01-03,2023-10-26,PM-003
CUST-04267,Kaira,Singh,singhkaira860@outlook.com,918091153173,1998-04-09,2018-06-21,PM-001
CUST-04268,Vaibhav,Virk,virkvaibhav425@icloud.com,919498210286,1989-09-01,2019-05-15,PM-004
CUST-04269,Hrishita,Bhardwaj,hrishita.632@icloud.com,918729682660,1992-05-31,2024-03-16,PM-003
CUST-04270,Ayesha,Dutt,duttayesha977@yahoo.com,918675695965,1976-03-01,2017-10-16,PM-002
CUST-04271,Samar,Suresh,samar_359@yahoo.com,917975876919,1987-01-03,2014-04-06,PM-001
CUST-04272,Rania,Ravi,rania.873@hotmail.com,918016170166,1998-09-30,2020-01-09,PM-003
CUST-04273,Shamik,Kota,shamik.kota262@gmail.com,918908314378,2001-01-15,2024-01-30,PM-003
CUST-04274,Kabir,Devi,kabir.413@icloud.com,919682785873,1995-09-19,2016-12-23,PM-002
CUST-04275,Manikya,Kurian,manikya.934@outlook.com,917274091226,2004-09-30,2023-06-26,PM-001
CUST-04276,Arhaan,Korpal,arhaan.korpal802@gmail.com,917886004112,1979-01-04,2020-07-13,PM-004
CUST-04277,Heer,Maharaj,heer_882@gmail.com,917796869718,1997-05-10,2021-11-19,PM-003
CUST-04278,Yuvaan,Edwin,yuvaan466@hotmail.com,918257164070,1977-04-29,2007-04-25,PM-002
CUST-04279,Zeeshan,Dey,deyzeeshan469@outlook.com,917808455173,1993-03-20,2012-05-04,PM-001
CUST-04280,Aniruddh,Singhal,singhalaniruddh241@gmail.com,919934676563,1977-10-05,2007-01-15,PM-002
CUST-04281,Shlok,Desai,shlok.desai268@gmail.com,919946455327,1994-04-10,2015-12-08,PM-001
CUST-04282,Zeeshan,Rao,zeeshan758@gmail.com,917676761147,2001-09-14,2022-06-23,PM-002
CUST-04283,Umang,Kar,umang969@gmail.com,918700070307,1976-05-26,1997-06-12,PM-002
CUST-04284,Divit,Savant,divit.999@outlook.com,918600761531,2005-03-03,2024-02-02,PM-002
CUST-04285,Zaina,Mand,zaina.282@outlook.com,919333215083,1981-09-05,2002-12-21,PM-001
CUST-04286,Riya,Yadav,riya.165@outlook.com,917479377442,1988-12-31,2010-07-05,PM-002
CUST-04287,Tara,Sura,tara.412@hotmail.com,918792632164,1993-10-11,2017-09-19,PM-004
CUST-04288,Zain,Aggarwal,aggarwalzain120@yahoo.com,919602174004,2002-12-05,2023-08-09,PM-003
CUST-04289,Jayant,Hayer,jayant.530@outlook.com,919382227408,1977-03-21,1996-02-22,PM-001
CUST-04290,Badal,Sandal,badal266@outlook.com,918528946148,1976-12-01,2023-04-24,PM-002
CUST-04291,Ela,Seth,sethela951@hotmail.com,918483899507,2006-05-02,2024-04-29,PM-002
CUST-04292,Indranil,Kothari,indranil.840@hotmail.com,917902328641,1998-01-22,2019-01-14,PM-003
CUST-04293,Pihu,Wable,pihu_557@yahoo.com,917554848619,1997-03-18,2017-01-14,PM-001
CUST-04294,Ryan,Kala,ryan.703@icloud.com,918864654947,1976-11-26,2022-06-11,PM-003
CUST-04295,Drishya,Anand,drishya.477@gmail.com,919497631687,1988-11-10,2007-12-23,PM-001
CUST-04296,Ishaan,Gala,ishaan.664@gmail.com,918907538626,1987-10-12,2017-01-24,PM-003
CUST-04297,Amani,Walia,amani524@outlook.com,918587291845,2003-09-28,2024-06-09,PM-003
CUST-04298,Jiya,Bhatti,jiya_247@outlook.com,917124670270,1989-03-23,2019-06-26,PM-003
CUST-04299,Ritvik,Sule,ritvik699@hotmail.com,918451523188,1994-10-15,2015-03-21,PM-002
CUST-04300,Darshit,Dhar,darshit.538@yahoo.com,919072395563,1978-08-06,2021-06-28,PM-002
CUST-04301,Yuvaan,Gade,yuvaan.213@icloud.com,917773591560,1985-09-22,2010-09-26,PM-003
CUST-04302,Vidur,Hans,vidur.hans866@icloud.com,919291067609,1985-10-30,2019-10-28,PM-001
CUST-04303,Priyansh,Borra,priyansh.992@icloud.com,918110654645,1983-07-18,2018-05-28,PM-001
CUST-04304,Shamik,Dani,shamik_509@yahoo.com,919871242202,1997-04-14,2019-09-05,PM-002
CUST-04305,Diya,Gole,diya.gole698@icloud.com,919140736333,1991-12-23,2011-01-27,PM-004
CUST-04306,Ishita,Saraf,sarafishita489@yahoo.com,919360580049,1991-05-02,2022-09-17,PM-002
CUST-04307,Saanvi,Sem,semsaanvi161@yahoo.com,917914196577,1998-02-10,2017-11-21,PM-003
CUST-04308,Charvi,Bir,charvi_409@gmail.com,918722725151,1989-06-04,2010-04-15,PM-001
CUST-04309,Bhavin,Kant,bhavin182@outlook.com,919854786826,1977-10-25,2002-06-09,PM-004
CUST-04310,Aradhya,Bhakta,aradhya.bhakta339@icloud.com,919371272444,2004-06-14,2024-01-17,PM-003
CUST-04311,Navya,Sampath,navya.sampath657@icloud.com,919094651632,1987-08-06,2005-11-04,PM-001
CUST-04312,Vanya,Ramesh,vanya_108@gmail.com,919117946984,2004-08-22,2024-04-13,PM-003
CUST-04313,Nitara,Bala,nitara.bala551@hotmail.com,917717089978,2001-07-01,2020-08-05,PM-002
CUST-04314,Jhanvi,Dora,jhanvi_927@yahoo.com,919312671666,2002-10-29,2021-01-15,PM-001
CUST-04315,Manikya,Shukla,manikya_148@yahoo.com,918593507287,1983-08-30,2020-02-19,PM-003
CUST-04316,Ela,Mallick,ela.mallick523@icloud.com,919961478649,1997-07-06,2022-12-29,PM-001
CUST-04317,Priyansh,Bhat,priyansh.bhat678@gmail.com,917369435032,1981-02-21,2005-09-11,PM-004
CUST-04318,Baiju,Balan,balanbaiju964@yahoo.com,919165766666,2002-08-08,2023-07-14,PM-003
CUST-04319,Saanvi,Contractor,saanvi.contractor719@gmail.com,917611111241,1992-06-14,2014-12-20,PM-001
CUST-04320,Kimaya,Cherian,kimaya.647@yahoo.com,917818260228,1985-08-20,2011-10-11,PM-003
CUST-04321,Jivin,Cherian,jivin_193@gmail.com,919937296335,1996-12-11,2019-05-18,PM-001
CUST-04322,Nitara,Garde,gardenitara837@gmail.com,919763793509,1990-04-08,2021-01-07,PM-003
CUST-04323,Kabir,Wason,wasonkabir681@outlook.com,917368781489,2006-02-20,2024-03-12,PM-001
CUST-04324,Rohan,Batta,rohan225@icloud.com,918512382033,1997-12-16,2017-10-20,PM-001
CUST-04325,Urvi,Anne,anneurvi928@yahoo.com,918016390022,1986-03-30,2007-01-19,PM-002
CUST-04326,Nitara,Behl,nitara_742@icloud.com,919786097607,1989-11-21,2024-02-24,PM-003
CUST-04327,Nishith,Char,nishith.836@icloud.com,918817717440,1992-01-26,2018-07-18,PM-001
CUST-04328,Manjari,Dar,manjari911@hotmail.com,917311299918,1992-06-06,2014-06-27,PM-004
CUST-04329,Ahana ,Saini,ahana 257@yahoo.com,919758693544,1991-10-11,2017-06-17,PM-004
CUST-04330,Anaya,Dey,anaya.dey851@yahoo.com,919601918674,1982-09-26,2012-12-25,PM-001
CUST-04331,Emir,Sastry,emir.sastry554@yahoo.com,917752108285,2000-04-04,2018-11-02,PM-002
CUST-04332,Aayush,Ghosh,aayush388@hotmail.com,918377286146,2003-07-16,2023-12-29,PM-001
CUST-04333,Dhanuk,Chaudhary,dhanuk417@gmail.com,917867765702,1988-06-10,2015-10-19,PM-004
CUST-04334,Damini,Andra,damini.728@outlook.com,918572234395,2000-01-28,2023-01-13,PM-001
CUST-04335,Tara,Virk,tara.693@icloud.com,917432056294,2001-08-19,2023-07-08,PM-002
CUST-04336,Ryan,Setty,ryan889@yahoo.com,918272910152,1979-02-11,2020-01-28,PM-004
CUST-04337,Diya,Bhagat,diya_124@gmail.com,918711552566,1990-12-11,2011-09-03,PM-002
CUST-04338,Jiya,Sathe,jiya.703@icloud.com,919220730161,1991-01-20,2011-02-14,PM-003
CUST-04339,Ehsaan,Kothari,ehsaan911@yahoo.com,917041272670,1975-02-02,2017-06-16,PM-002
CUST-04340,Sara,Srivastava,sara.581@hotmail.com,917432304625,1995-01-09,2017-07-31,PM-002
CUST-04341,Drishya,Zacharia,drishya.zacharia120@hotmail.com,918208618976,1986-10-03,2007-04-13,PM-003
CUST-04342,Dhruv,Bhardwaj,dhruv.bhardwaj502@icloud.com,917787143035,1985-07-24,2007-08-03,PM-002
CUST-04343,Hiran,Hora,hiran_769@gmail.com,918496852170,1974-10-08,2020-03-17,PM-004
CUST-04344,Zara,Lanka,zara_163@yahoo.com,918902824762,1983-08-19,2004-10-12,PM-001
CUST-04345,Aradhya,Bir,aradhya232@yahoo.com,918151838140,1984-11-24,2009-07-23,PM-004
CUST-04346,Tushar,Shan,tushar.shan722@yahoo.com,917371850757,1989-07-07,2011-05-20,PM-001
CUST-04347,Shamik,Chacko,shamik_298@hotmail.com,918175126522,1996-04-02,2016-04-21,PM-004
CUST-04348,Veer,Basu,veer391@outlook.com,919506813876,2006-01-10,2024-01-14,PM-004
CUST-04349,Manjari,Deshpande,manjari_349@hotmail.com,919678096893,1982-07-25,2016-11-29,PM-001
CUST-04350,Vaibhav,Madan,vaibhav.madan575@outlook.com,918222558714,1993-08-29,2020-09-22,PM-002
CUST-04351,Zeeshan,Sen,zeeshan.500@hotmail.com,917139090581,2002-12-16,2021-04-13,PM-002
CUST-04352,Nitya,Kulkarni,nitya.941@gmail.com,918006144515,1980-03-05,2000-09-17,PM-001
CUST-04353,Prerak,Uppal,prerak_517@icloud.com,917596969213,2006-02-07,2024-05-25,PM-004
CUST-04354,Ira,Bath,ira_980@yahoo.com,919918308607,2006-05-15,2024-05-23,PM-003
CUST-04355,Dishani,Rege,dishani.rege449@yahoo.com,919505241304,1976-03-12,2007-05-27,PM-003
CUST-04356,Dishani,Soman,dishani.189@gmail.com,918241339426,1998-03-14,2023-07-28,PM-001
CUST-04357,Dhanush,Rege,regedhanush271@outlook.com,917390585581,1980-06-19,2022-03-04,PM-002
CUST-04358,Divyansh,Karan,divyansh_549@hotmail.com,919386047724,1987-11-14,2007-05-19,PM-004
CUST-04359,Vivaan,Basu,vivaan_187@icloud.com,919708930264,1995-04-08,2013-05-22,PM-002
CUST-04360,Ishita,Jha,ishita211@outlook.com,919151270029,1999-12-09,2019-01-03,PM-002
CUST-04361,Divij,Krish,divij.720@outlook.com,917192844671,1979-06-21,2004-02-16,PM-004
CUST-04362,Zara,Kibe,zara632@hotmail.com,919175143025,1989-12-14,2013-05-05,PM-003
CUST-04363,Farhan,Walla,farhan253@yahoo.com,918865549439,2002-06-12,2022-01-23,PM-003
CUST-04364,Sumer,Koshy,koshysumer745@outlook.com,918725131978,1976-06-03,1996-06-24,PM-001
CUST-04365,Vivaan,Dara,vivaan.275@icloud.com,919114968995,1983-12-13,2022-10-10,PM-001
CUST-04366,Dhruv,Shanker,dhruv.674@outlook.com,919605168378,2000-02-06,2018-04-26,PM-002
CUST-04367,Samarth,Kohli,kohlisamarth787@hotmail.com,918201099372,1987-06-19,2021-04-23,PM-003
CUST-04368,Riya,Khanna,riya.615@hotmail.com,917563838293,1977-02-28,2023-12-16,PM-003
CUST-04369,Advika,Gole,advika_682@hotmail.com,917218840777,1987-05-28,2019-05-27,PM-001
CUST-04370,Myra,Gour,myra.631@yahoo.com,918682946973,1982-10-01,2012-12-12,PM-004
CUST-04371,Bhavin,Bassi,bhavin.bassi691@yahoo.com,919963558479,2002-01-21,2021-11-29,PM-002
CUST-04372,Veer,Kota,veer.734@icloud.com,918831394019,2006-03-07,2024-03-25,PM-003
CUST-04373,Bhamini,Dhar,bhamini564@yahoo.com,918034472155,1990-03-23,2019-02-11,PM-001
CUST-04374,Yuvraj ,Upadhyay,yuvraj .upadhyay605@icloud.com,919917312358,1976-09-03,2016-04-22,PM-002
CUST-04375,Vanya,Rau,vanya.969@yahoo.com,917400562136,1987-10-30,2008-04-25,PM-002
CUST-04376,Sana,Choudhury,sana.830@hotmail.com,919368066245,1998-05-15,2018-01-31,PM-003
CUST-04377,Priyansh,Jhaveri,priyansh.849@yahoo.com,918294075401,1989-06-29,2024-05-15,PM-003
CUST-04378,Anay,Brar,anay.brar869@outlook.com,917582184676,1991-02-25,2015-10-26,PM-003
CUST-04379,Yashvi,Rana,yashvi_326@outlook.com,918006429437,1994-05-29,2013-05-12,PM-004
CUST-04380,Aarna,Bhalla,aarna.bhalla315@yahoo.com,918162785248,2001-09-18,2023-10-17,PM-002
CUST-04381,Alia,Vyas,alia.348@outlook.com,917012139348,1989-02-21,2014-04-19,PM-001
CUST-04382,Pihu,Lad,pihu_218@yahoo.com,918423580317,1982-06-19,2002-10-24,PM-001
CUST-04383,Dhanush,Brar,dhanush594@outlook.com,917548934954,1994-02-17,2022-06-23,PM-001
CUST-04384,Miraan,Taneja,miraan_622@icloud.com,918267504067,2004-10-01,2024-05-02,PM-004
CUST-04385,Uthkarsh,Krishna,uthkarsh_835@icloud.com,918626553776,1996-11-28,2018-06-09,PM-001
CUST-04386,Saksham,Raja,saksham.858@hotmail.com,918563428044,1986-07-15,2009-04-28,PM-002
CUST-04387,Arnav,Saha,arnav.saha692@gmail.com,917368423059,1999-11-01,2019-09-22,PM-002
CUST-04388,Ranbir,Bala,balaranbir795@icloud.com,918445714712,2006-02-21,2024-03-23,PM-004
CUST-04389,Khushi,Bhasin,khushi_241@yahoo.com,919929338662,1989-05-16,2012-02-17,PM-004
CUST-04390,Yakshit,Sunder,yakshit.884@gmail.com,918099664359,1996-02-15,2016-07-11,PM-003
CUST-04391,Mahika,Tandon,mahika_176@outlook.com,918273343740,1979-05-08,2003-05-24,PM-004
CUST-04392,Piya,Balay,piya.balay454@hotmail.com,917684372581,1990-02-11,2014-08-07,PM-003
CUST-04393,Kismat,Tara,kismat.tara456@icloud.com,918711890915,2000-06-04,2021-03-02,PM-001
CUST-04394,Amira,Goda,amira.goda216@yahoo.com,919073459820,2000-09-08,2023-08-21,PM-003
CUST-04395,Dhruv,Varghese,dhruv.925@gmail.com,919498369504,1975-10-24,2015-02-26,PM-001
CUST-04396,Jivika,Dugar,jivika.503@icloud.com,917780912310,1977-08-22,2012-03-26,PM-004
CUST-04397,Jhanvi,Setty,settyjhanvi209@hotmail.com,918009895757,1978-08-26,2016-08-30,PM-001
CUST-04398,Badal,Bhatia,badal.889@outlook.com,919178879382,1974-10-10,1996-04-20,PM-003
CUST-04399,Inaaya ,Sawhney,inaaya .195@gmail.com,918605620230,1974-08-23,2019-01-23,PM-004
CUST-04400,Piya,Brahmbhatt,piya358@yahoo.com,918312885534,1989-04-27,2014-10-25,PM-003
CUST-04401,Arhaan,Chadha,arhaan.925@icloud.com,919038398249,1993-07-13,2016-12-14,PM-003
CUST-04402,Azad,Balay,azad881@gmail.com,917801055113,1999-03-08,2023-04-25,PM-003
CUST-04403,Gatik,Dara,gatik_474@hotmail.com,917589151351,2005-04-20,2024-03-15,PM-001
CUST-04404,Jayesh,Kashyap,jayesh.kashyap203@outlook.com,918786039786,1974-07-09,2001-06-25,PM-004
CUST-04405,Reyansh,Suresh,sureshreyansh552@outlook.com,917644414339,2004-11-24,2023-01-05,PM-001
CUST-04406,Arnav,Chawla,arnav425@gmail.com,917947500359,1982-10-10,2012-07-09,PM-004
CUST-04407,Aayush,Bassi,bassiaayush209@yahoo.com,918536302976,1981-02-20,2006-07-15,PM-001
CUST-04408,Himmat,Mallick,himmat.mallick594@yahoo.com,919992725473,2000-10-05,2023-03-11,PM-003
CUST-04409,Dhanuk,Walla,dhanuk.698@icloud.com,917306686382,2001-05-27,2023-04-07,PM-004
CUST-04410,Jiya,Chopra,jiya.331@yahoo.com,917729402150,1998-02-24,2019-06-27,PM-002
CUST-04411,Bhavin,Bal,bhavin.bal227@hotmail.com,918171874062,1984-06-24,2009-09-12,PM-003
CUST-04412,Pihu,Manne,pihu.manne784@hotmail.com,919055894298,2000-06-30,2021-06-09,PM-001
CUST-04413,Anay,Jha,anay_232@icloud.com,917764582877,1983-12-05,2011-07-23,PM-002
CUST-04414,Divyansh,Sen,divyansh.sen408@yahoo.com,918029484851,1976-07-27,1998-12-13,PM-004
CUST-04415,Hridaan,Mall,hridaan950@icloud.com,918139813507,1976-08-16,2012-12-28,PM-003
CUST-04416,Kismat,Buch,kismat_221@gmail.com,918074465968,1986-03-19,2017-11-30,PM-001
CUST-04417,Samaira,Toor,samaira746@icloud.com,918411766417,1980-12-17,2020-05-04,PM-003
CUST-04418,Biju,Singh,biju.singh627@yahoo.com,917853987676,1978-04-16,2007-02-02,PM-001
CUST-04419,Aniruddh,Gopal,gopalaniruddh806@yahoo.com,918234840018,1977-01-06,2007-01-07,PM-002
CUST-04420,Umang,Batta,umang.227@hotmail.com,919001122242,1993-08-05,2019-11-09,PM-004
CUST-04421,Manjari,Salvi,salvimanjari333@hotmail.com,917797311615,1975-03-17,2001-10-26,PM-002
CUST-04422,Riya,Chaudhuri,riya190@gmail.com,918200881051,1985-06-28,2005-11-23,PM-002
CUST-04423,Rasha,Konda,kondarasha497@outlook.com,919294932390,1979-05-26,2012-06-21,PM-004
CUST-04424,Aaryahi,Rana,aaryahi_727@yahoo.com,917817215339,1975-08-07,2010-12-17,PM-002
CUST-04425,Vidur,Comar,vidur.626@gmail.com,918551436145,1995-11-13,2016-09-09,PM-003
CUST-04426,Samarth,Krish,krishsamarth494@gmail.com,918697986807,1997-05-25,2019-10-29,PM-001
CUST-04427,Rhea,Thakkar,rhea.568@yahoo.com,919194991454,1984-07-13,2013-05-14,PM-004
CUST-04428,Anahita,Bhardwaj,anahita.bhardwaj232@gmail.com,917003047538,1984-08-19,2013-04-04,PM-004
CUST-04429,Mishti,Bala,mishti202@hotmail.com,919508894263,2004-01-02,2022-12-03,PM-004
CUST-04430,Baiju,Chakraborty,baiju_763@hotmail.com,919698347287,1974-12-21,1998-04-14,PM-002
CUST-04431,Dhanuk,Sachdev,dhanuk191@outlook.com,919054440234,1985-05-15,2009-03-02,PM-004
CUST-04432,Indrajit,Uppal,indrajit.uppal128@yahoo.com,919965208627,1999-04-26,2024-03-01,PM-004
CUST-04433,Amira,Ranganathan,amira.ranganathan376@outlook.com,918324389080,2004-06-26,2022-08-14,PM-001
CUST-04434,Priyansh,Chand,priyansh515@yahoo.com,917986378519,2006-03-03,2024-04-15,PM-003
CUST-04435,Saira,Deshmukh,saira.192@outlook.com,918440200320,1986-10-06,2020-09-05,PM-001
CUST-04436,Bhavin,Rattan,bhavin_719@icloud.com,917933472338,2001-11-05,2023-03-23,PM-003
CUST-04437,Shayak,Wable,shayak525@gmail.com,919777727297,1992-05-24,2023-02-21,PM-001
CUST-04438,Hrishita,Kibe,hrishita.383@gmail.com,919926356486,1986-01-28,2017-09-18,PM-001
CUST-04439,Jayesh,Shukla,jayesh739@icloud.com,917372065838,1984-03-30,2005-02-06,PM-001
CUST-04440,Vedika,Sidhu,vedika.560@outlook.com,919324595337,1984-09-16,2012-02-23,PM-004
CUST-04441,Saira,Chana,chanasaira844@gmail.com,917458735721,1976-01-18,2005-03-13,PM-003
CUST-04442,Nehmat,Chakraborty,nehmat.835@yahoo.com,918150000043,1976-04-10,2012-05-29,PM-002
CUST-04443,Nehmat,Maharaj,nehmat769@outlook.com,919629646770,1976-08-13,1996-10-27,PM-004
CUST-04444,Vardaniya,Jha,vardaniya.jha844@yahoo.com,919334170342,2000-08-07,2022-02-14,PM-002
CUST-04445,Tushar,Mandal,tushar_163@gmail.com,918590296241,1994-07-16,2023-01-12,PM-002
CUST-04446,Anya,Chada,chadaanya556@hotmail.com,918662022086,2004-03-17,2023-04-09,PM-003
CUST-04447,Ivana,Dubey,ivana_225@outlook.com,918716622575,1990-05-15,2022-08-20,PM-002
CUST-04448,Taran,Ravel,taran664@outlook.com,919964161754,1983-11-26,2021-09-23,PM-001
CUST-04449,Keya,Lal,keya_172@icloud.com,917271360952,1981-07-22,2017-12-23,PM-001
CUST-04450,Navya,Chad,navya299@outlook.com,917898103203,1997-11-02,2023-01-26,PM-002
CUST-04451,Abram,Majumdar,abram.majumdar416@icloud.com,917720650491,1992-02-05,2016-09-07,PM-002
CUST-04452,Hansh,Dube,hansh_394@icloud.com,917809181602,1990-09-17,2011-06-09,PM-002
CUST-04453,Stuvan,Sethi,stuvan.sethi984@outlook.com,919946063420,1997-09-16,2020-10-28,PM-004
CUST-04454,Diya,Reddy,diya431@gmail.com,917312303605,1993-07-21,2013-10-03,PM-004
CUST-04455,Purab,Gade,purab.914@yahoo.com,917739526488,2001-06-23,2021-12-21,PM-002
CUST-04456,Vihaan,Gour,gourvihaan372@gmail.com,917006187975,1974-10-27,1997-02-15,PM-001
CUST-04457,Akarsh,Grewal,akarsh.grewal599@outlook.com,917334771908,1999-01-02,2022-09-13,PM-004
CUST-04458,Kiaan,Tandon,kiaan.645@icloud.com,917059319832,1984-12-26,2019-03-29,PM-002
CUST-04459,Madhav,Kurian,kurianmadhav205@hotmail.com,919827945016,1993-02-05,2011-04-03,PM-002
CUST-04460,Dhruv,Rau,dhruv518@icloud.com,918043008081,2006-03-07,2024-06-12,PM-002
CUST-04461,Raunak,Tiwari,raunak_189@outlook.com,917673597314,1986-05-05,2022-03-14,PM-003
CUST-04462,Vritika,Dugal,vritika.dugal390@hotmail.com,918421038494,1975-09-29,2017-07-01,PM-003
CUST-04463,Mishti,Warrior,warriormishti511@gmail.com,917651792649,1986-06-02,2008-07-01,PM-002
CUST-04464,Miraan,Dugal,dugalmiraan692@yahoo.com,919983795885,1978-01-21,2003-08-29,PM-002
CUST-04465,Anika,Tak,anika987@hotmail.com,917246814707,1985-10-25,2006-11-12,PM-001
CUST-04466,Ishaan,Din,ishaan.525@gmail.com,918094135535,1975-04-01,2022-12-19,PM-003
CUST-04467,Samiha,Goswami,samiha.goswami987@hotmail.com,919485207739,1980-01-28,2009-04-11,PM-002
CUST-04468,Taimur,Chander,chandertaimur730@icloud.com,919932171757,1995-02-01,2013-07-02,PM-003
CUST-04469,Navya,Dalal,dalalnavya852@yahoo.com,919760932926,2000-07-16,2021-03-10,PM-004
CUST-04470,Tushar,Borde,bordetushar894@yahoo.com,919146906008,1980-11-22,2001-03-04,PM-001
CUST-04471,Sana,Kapadia,sana607@yahoo.com,918668524824,1997-05-08,2022-01-26,PM-004
CUST-04472,Eva,Mangal,eva.mangal281@yahoo.com,919773666911,1996-09-16,2016-04-12,PM-001
CUST-04473,Ojas,Dada,ojas.dada199@outlook.com,919084836220,1976-10-13,2009-10-17,PM-001
CUST-04474,Jayesh,Karnik,karnikjayesh139@hotmail.com,918531077639,1992-11-01,2019-03-30,PM-001
CUST-04475,Rhea,Dixit,dixitrhea300@hotmail.com,918391417571,1986-11-19,2010-02-02,PM-004
CUST-04476,Anahi,Reddy,anahi.reddy867@icloud.com,919847035720,2003-08-27,2022-07-31,PM-004
CUST-04477,Vanya,Tank,vanya.tank501@hotmail.com,917245563742,1978-01-29,2019-09-18,PM-001
CUST-04478,Vaibhav,Contractor,vaibhav155@yahoo.com,918636821266,1979-01-10,2020-06-20,PM-002
CUST-04479,Kartik,Madan,madankartik699@gmail.com,918678328695,1982-10-01,2007-09-17,PM-003
CUST-04480,Suhana,Dugar,dugarsuhana584@yahoo.com,918190549577,2005-01-26,2024-05-13,PM-004
CUST-04481,Anahita,Joshi,anahita.joshi573@hotmail.com,919839111629,1990-05-01,2012-08-16,PM-002
CUST-04482,Veer,Goel,veer.goel556@yahoo.com,917279841470,1999-10-18,2024-02-15,PM-002
CUST-04483,Yasmin,Varkey,varkeyyasmin821@outlook.com,917314255197,1975-07-02,1997-01-13,PM-004
CUST-04484,Reyansh,Ganesan,reyansh.900@gmail.com,918756399213,1999-05-21,2020-02-16,PM-002
CUST-04485,Anahi,Mane,anahi_406@outlook.com,918143428441,2003-09-29,2021-11-26,PM-001
CUST-04486,Amira,Trivedi,amira691@gmail.com,917511160345,1989-04-18,2020-11-14,PM-002
CUST-04487,Badal,Agate,badal542@gmail.com,918653153693,1986-04-22,2016-05-31,PM-002
CUST-04488,Taimur,Gulati,taimur904@gmail.com,917451612589,1989-08-13,2018-07-23,PM-001
CUST-04489,Nirvi,Chaudhari,nirvi.272@yahoo.com,919584755649,1999-07-18,2023-08-06,PM-004
CUST-04490,Khushi,Chakraborty,khushi.chakraborty838@gmail.com,919066276091,1996-08-11,2020-06-28,PM-003
CUST-04491,Bhavin,Sodhi,bhavin.994@gmail.com,917331444113,1991-02-15,2017-09-22,PM-002
CUST-04492,Jhanvi,Sunder,jhanvi.827@hotmail.com,917223790559,1977-02-20,2018-05-07,PM-003
CUST-04493,Urvi,Yohannan,yohannanurvi336@gmail.com,917638474244,1985-03-15,2010-08-20,PM-004
CUST-04494,Yuvaan,Boase,yuvaan793@yahoo.com,918327850163,1992-06-08,2013-03-20,PM-004
CUST-04495,Eshani,Mall,eshani_501@gmail.com,917199650467,1988-12-09,2012-05-12,PM-001
CUST-04496,Madhav,Kapoor,madhav.589@hotmail.com,918168156237,1988-11-29,2015-11-08,PM-004
CUST-04497,Yasmin,Bora,yasmin.bora753@gmail.com,918603652777,1984-05-30,2013-11-13,PM-001
CUST-04498,Keya,Dube,keya.464@hotmail.com,917974064850,1983-08-01,2015-12-26,PM-001
CUST-04499,Darshit,Mani,darshit_195@gmail.com,919657724560,1979-02-13,2011-09-02,PM-002
CUST-04500,Saira,Magar,saira.924@outlook.com,919343489698,1978-08-30,2013-04-03,PM-004
CUST-04501,Aniruddh,Khanna,khannaaniruddh153@gmail.com,918077795531,1999-06-18,2024-02-06,PM-001
CUST-04502,Farhan,Bhakta,farhan688@yahoo.com,919018677901,1978-09-11,2002-11-04,PM-003
CUST-04503,Zoya,Chad,zoya.chad900@gmail.com,917873778546,1979-11-29,2022-07-02,PM-004
CUST-04504,Amani,Jayaraman,amani.739@icloud.com,919790860782,1979-12-11,2020-05-30,PM-002
CUST-04505,Shamik,Lal,shamik_283@yahoo.com,917061777707,1978-01-03,2010-09-26,PM-004
CUST-04506,Ira,Mangat,ira966@outlook.com,917927477441,2001-10-25,2023-12-03,PM-001
CUST-04507,Zeeshan,Kumer,zeeshan.571@gmail.com,918371887266,1995-12-22,2018-08-26,PM-002
CUST-04508,Tara,Biswas,biswastara414@hotmail.com,917499223561,2005-11-25,2024-01-12,PM-003
CUST-04509,Yakshit,Sharaf,yakshit_556@yahoo.com,919659883175,1996-01-04,2021-01-19,PM-004
CUST-04510,Jivin,Raja,jivin.raja955@icloud.com,918180022562,1983-09-29,2018-06-02,PM-001
CUST-04511,Manjari,Aggarwal,manjari_379@hotmail.com,918606019677,1975-07-21,1997-11-21,PM-003
CUST-04512,Nishith,Datta,nishith.196@outlook.com,917310403174,1999-06-23,2023-11-01,PM-002
CUST-04513,Zeeshan,Soni,zeeshan.575@yahoo.com,917992647546,1983-05-11,2015-03-25,PM-004
CUST-04514,Divij,Basak,basakdivij126@hotmail.com,919582965682,1975-11-24,2016-08-24,PM-003
CUST-04515,Tejas,Bhatti,bhattitejas832@yahoo.com,919824783413,1977-05-13,2017-05-28,PM-001
CUST-04516,Hansh,Ahluwalia,hansh.117@hotmail.com,917148412870,2001-06-13,2024-01-09,PM-004
CUST-04517,Kiara,Kothari,kiara.998@yahoo.com,918230857101,1993-04-25,2016-06-24,PM-001
CUST-04518,Navya,Deshmukh,navya.964@yahoo.com,917938058203,2002-11-12,2023-07-23,PM-001
CUST-04519,Ivan,Ratta,ivan.ratta445@outlook.com,918113845356,2006-01-31,2024-02-23,PM-004
CUST-04520,Lakshit,Edwin,lakshit.839@outlook.com,918102221146,1980-03-19,2020-02-25,PM-002
CUST-04521,Hazel,Bhatt,hazel.113@yahoo.com,917563017123,1991-11-29,2016-05-07,PM-003
CUST-04522,Nehmat,Mani,nehmat969@yahoo.com,919190639186,1986-02-18,2016-05-21,PM-003
CUST-04523,Khushi,Sandal,sandalkhushi882@hotmail.com,918570003929,1981-08-21,2000-05-16,PM-003
CUST-04524,Faiyaz,Kuruvilla,kuruvillafaiyaz367@outlook.com,917818166048,1995-01-03,2022-06-06,PM-003
CUST-04525,Onkar,Bora,onkar.637@gmail.com,918297181205,1982-05-05,2001-02-26,PM-002
CUST-04526,Bhamini,Lad,bhamini.lad105@yahoo.com,919131121956,1986-01-16,2008-01-23,PM-004
CUST-04527,Nirvaan,Kalita,nirvaan977@icloud.com,918471233529,1992-03-24,2017-12-06,PM-002
CUST-04528,Dharmajan,Badal,dharmajan_163@hotmail.com,918527334857,1998-01-20,2021-03-19,PM-002
CUST-04529,Kiaan,Bath,kiaan.bath209@icloud.com,917644879955,2002-10-18,2022-08-24,PM-004
CUST-04530,Hazel,Bhargava,hazel.988@outlook.com,917492328436,1989-03-05,2020-04-16,PM-002
CUST-04531,Indrajit,Rao,indrajit504@icloud.com,918806166809,1979-01-19,2014-12-22,PM-002
CUST-04532,Anvi,Arora,anvi251@gmail.com,917522329684,1989-02-21,2020-06-04,PM-001
CUST-04533,Drishya,Rajagopal,drishya743@yahoo.com,917253840547,2006-04-02,2024-03-29,PM-003
CUST-04534,Nitara,Lata,nitara.lata260@icloud.com,919643546622,1986-01-05,2006-08-09,PM-001
CUST-04535,Mishti,Varty,mishti.632@icloud.com,919487236339,1983-03-02,2012-10-26,PM-004
CUST-04536,Jhanvi,Chand,chandjhanvi198@outlook.com,918740109006,1993-03-24,2021-09-11,PM-002
CUST-04537,Anay,Sathe,anay488@icloud.com,919143424688,1987-06-05,2009-02-18,PM-002
CUST-04538,Adira,Salvi,salviadira699@hotmail.com,918626901370,1996-10-21,2016-01-28,PM-002
CUST-04539,Chirag,Khare,chirag_613@yahoo.com,918791851417,1976-09-17,2003-08-09,PM-002
CUST-04540,Nitara,Toor,nitara816@icloud.com,919711796098,1990-08-08,2010-11-23,PM-004
CUST-04541,Zain,Warrior,zain.484@outlook.com,919392619542,1993-01-28,2019-11-10,PM-003
CUST-04542,Zaina,Brahmbhatt,zaina179@icloud.com,918822675067,2000-07-04,2020-09-20,PM-003
CUST-04543,Mehul,Bir,mehul_199@icloud.com,918451912481,1998-02-21,2022-11-22,PM-004
CUST-04544,Hridaan,Dhar,hridaan.373@gmail.com,919829153752,1979-02-14,2005-03-25,PM-002
CUST-04545,Madhup,Bhat,madhup.276@yahoo.com,918624472336,1996-05-30,2020-10-26,PM-003
CUST-04546,Nirvaan,Rastogi,nirvaan.557@gmail.com,919137346607,1975-05-18,1996-05-23,PM-004
CUST-04547,Sahil,De,desahil378@yahoo.com,918714790671,2004-10-07,2023-01-24,PM-002
CUST-04548,Vivaan,Mannan,vivaan_323@outlook.com,919347760314,1985-07-03,2011-10-05,PM-003
CUST-04549,Kartik,Goel,kartik.882@gmail.com,917596566845,1977-08-01,2010-11-10,PM-003
CUST-04550,Miraan,Sani,miraan921@yahoo.com,918307678423,2006-05-25,2024-05-25,PM-001
CUST-04551,Mohanlal,Khanna,khannamohanlal843@yahoo.com,918052065537,2000-06-27,2020-03-27,PM-003
CUST-04552,Anaya,Varkey,anaya607@yahoo.com,917651515724,2004-06-08,2022-10-29,PM-002
CUST-04553,Aayush,Hayer,aayush.610@icloud.com,918398092490,1987-12-21,2009-02-28,PM-003
CUST-04554,Tarini,Johal,tarini.johal843@yahoo.com,919014622514,1998-07-26,2016-07-31,PM-002
CUST-04555,Azad,Kalita,azad.kalita629@hotmail.com,917806588055,1988-09-12,2011-05-30,PM-002
CUST-04556,Miraya,Grover,miraya.595@yahoo.com,918323440004,1996-03-05,2021-05-21,PM-004
CUST-04557,Madhup,Saraf,madhup146@gmail.com,917041133648,1985-11-04,2010-12-28,PM-001
CUST-04558,Anika,Dugar,anika.dugar835@hotmail.com,917453777948,1982-01-31,2003-12-08,PM-002
CUST-04559,Mahika,Gola,golamahika822@yahoo.com,919045986145,1976-06-25,2018-08-01,PM-002
CUST-04560,Dhruv,Maharaj,dhruv.411@gmail.com,918517471897,1974-08-12,2005-04-23,PM-004
CUST-04561,Saksham,Das,saksham.das774@yahoo.com,919485353072,1976-08-08,2018-08-21,PM-003
CUST-04562,Tejas,Bhattacharyya,tejas.391@hotmail.com,918399507535,1986-10-11,2007-07-16,PM-002
CUST-04563,Anahita,Sibal,sibalanahita715@outlook.com,918106364282,1978-06-11,2011-09-02,PM-004
CUST-04564,Nehmat,Chaudhari,nehmat_798@yahoo.com,919485706613,1988-07-22,2013-03-16,PM-003
CUST-04565,Ahana ,Sehgal,ahana .313@gmail.com,918034593232,1975-05-05,2018-05-15,PM-001
CUST-04566,Biju,Balay,biju_981@gmail.com,917273758663,2001-11-28,2023-06-15,PM-003
CUST-04567,Faiyaz,Bobal,faiyaz576@gmail.com,919559308483,1993-12-29,2023-02-23,PM-001
CUST-04568,Khushi,Deol,deolkhushi942@icloud.com,917114101580,1983-01-07,2002-09-05,PM-004
CUST-04569,Zeeshan,Sen,zeeshan_620@outlook.com,919615739147,1996-02-28,2018-08-14,PM-004
CUST-04570,Saksham,Sharma,saksham_853@hotmail.com,917922549845,1989-06-11,2011-02-20,PM-004
CUST-04571,Sana,Iyengar,sana.iyengar402@outlook.com,918501351780,1996-12-16,2023-05-06,PM-004
CUST-04572,Heer,Saraf,heer_979@yahoo.com,919110513518,1993-05-22,2012-06-02,PM-004
CUST-04573,Tushar,Sarkar,tushar.364@hotmail.com,919370867033,2004-06-26,2022-09-14,PM-001
CUST-04574,Shlok,Shukla,shlok.shukla528@gmail.com,917541652268,1974-11-25,2000-03-26,PM-002
CUST-04575,Yashvi,Sood,yashvi.sood680@yahoo.com,918927803994,1989-12-07,2022-07-02,PM-001
CUST-04576,Saksham,Dutt,saksham854@yahoo.com,919242388155,2000-02-02,2021-06-15,PM-001
CUST-04577,Vritika,Kara,vritika476@yahoo.com,917958565345,2003-04-28,2023-06-27,PM-004
CUST-04578,Ishaan,Kaur,ishaan.kaur606@yahoo.com,917931690755,2000-05-07,2024-05-21,PM-001
CUST-04579,Baiju,Tella,tellabaiju282@outlook.com,918854248316,1989-07-14,2012-01-05,PM-002
CUST-04580,Zaina,Sathe,zaina.sathe397@outlook.com,919983458833,1984-12-10,2008-08-22,PM-003
CUST-04581,Yashvi,Bhardwaj,yashvi.bhardwaj395@yahoo.com,919639377674,1994-03-06,2015-07-25,PM-001
CUST-04582,Sahil,Gopal,sahil896@yahoo.com,917238499832,1996-11-05,2019-07-07,PM-004
CUST-04583,Anaya,Baria,anaya205@gmail.com,917167768567,1978-01-17,1998-11-21,PM-003
CUST-04584,Nirvaan,Sehgal,nirvaan.sehgal240@outlook.com,918638560895,1984-03-26,2006-12-22,PM-003
CUST-04585,Priyansh,Sehgal,priyansh_919@icloud.com,919319116535,1977-11-11,2022-10-03,PM-001
CUST-04586,Anay,Buch,anay537@hotmail.com,919782677702,1989-01-22,2018-11-24,PM-002
CUST-04587,Raunak,Malhotra,raunak.132@outlook.com,918684493485,1992-02-05,2013-07-10,PM-001
CUST-04588,Chirag,Sachar,chirag.725@hotmail.com,919798271746,1984-03-25,2018-12-06,PM-004
CUST-04589,Shlok,Dugar,shlok_553@outlook.com,919572540600,1977-03-18,2004-08-17,PM-003
CUST-04590,Tanya,Sharma,tanya.609@outlook.com,917561498903,1993-08-30,2012-05-18,PM-002
CUST-04591,Diya,Grewal,diya.824@icloud.com,917647945695,1983-09-13,2006-11-17,PM-001
CUST-04592,Uthkarsh,Rama,ramauthkarsh674@outlook.com,917872627855,2002-12-27,2022-11-06,PM-003
CUST-04593,Yashvi,Thakkar,yashvi.761@icloud.com,919439289447,1978-08-01,2014-08-31,PM-003
CUST-04594,Gatik,Sathe,sathegatik329@yahoo.com,918053158189,1987-03-16,2019-05-13,PM-001
CUST-04595,Yashvi,Yogi,yashvi_819@icloud.com,918524661705,1980-07-18,2013-02-16,PM-002
CUST-04596,Ahana ,Kothari,kothariahana 949@outlook.com,917108100473,1986-01-25,2020-05-05,PM-001
CUST-04597,Himmat,Subramaniam,himmat.936@hotmail.com,918858000485,1996-04-28,2017-10-17,PM-002
CUST-04598,Ishita,Chadha,ishita.chadha174@hotmail.com,917316327579,1975-07-01,1998-05-02,PM-004
CUST-04599,Raghav,Brahmbhatt,raghav324@yahoo.com,918160583881,2002-11-28,2020-12-26,PM-004
CUST-04600,Zara,Yohannan,zara793@gmail.com,917289985762,1981-07-13,2023-07-01,PM-004
CUST-04601,Pihu,Sani,sanipihu322@hotmail.com,918952134105,1975-02-01,1994-09-25,PM-001
CUST-04602,Veer,Bhattacharyya,veer.bhattacharyya851@outlook.com,919861702849,1979-01-19,2024-04-16,PM-001
CUST-04603,Nishith,Vaidya,nishith_301@hotmail.com,917864763856,1993-05-21,2019-12-19,PM-002
CUST-04604,Advik,Jha,advik_335@outlook.com,919684294760,2001-10-14,2022-09-12,PM-003
CUST-04605,Shray,Johal,shray627@outlook.com,919104514995,1983-03-21,2024-04-05,PM-002
CUST-04606,Diya,Bhalla,diya436@icloud.com,917061938477,1994-04-30,2024-01-04,PM-004
CUST-04607,Ranbir,Kata,kataranbir222@yahoo.com,917339417299,1984-02-26,2014-04-03,PM-001
CUST-04608,Yashvi,Dhaliwal,yashvi346@yahoo.com,917983334928,1976-07-26,1998-01-17,PM-002
CUST-04609,Riaan,Dugal,riaan512@icloud.com,919920798680,2000-06-06,2023-05-11,PM-003
CUST-04610,Gatik,Sarin,gatik783@yahoo.com,917674983353,1994-09-15,2020-12-13,PM-003
CUST-04611,Vihaan,Bhatt,vihaan_545@outlook.com,918506373018,2005-05-07,2023-06-27,PM-001
CUST-04612,Urvi,Buch,urvi437@gmail.com,919166271194,1981-04-21,2005-07-21,PM-001
CUST-04613,Neelofar,Bansal,bansalneelofar629@icloud.com,917100071117,1977-01-24,1998-08-14,PM-004
CUST-04614,Divyansh,Apte,divyansh_790@yahoo.com,919128575080,1991-08-02,2023-08-19,PM-004
CUST-04615,Tara,Goda,godatara302@yahoo.com,917280157421,1987-02-06,2014-07-06,PM-002
CUST-04616,Ishita,Sundaram,ishita.sundaram342@icloud.com,918831188236,1992-01-08,2020-08-27,PM-001
CUST-04617,Lakshay,Saha,lakshay.saha387@outlook.com,917354602199,2006-04-25,2024-05-08,PM-003
CUST-04618,Eva,Kala,eva.kala669@gmail.com,919399408636,2000-03-11,2021-10-23,PM-004
CUST-04619,Vidur,Behl,vidur_379@gmail.com,917478581742,1983-11-14,2022-09-06,PM-003
CUST-04620,Krish,Sekhon,krish_255@hotmail.com,919665074954,2006-03-16,2024-03-17,PM-002
CUST-04621,Shalv,Aurora,shalv531@icloud.com,917316791671,1995-01-05,2021-07-10,PM-002
CUST-04622,Krish,Borde,bordekrish496@icloud.com,917062454094,1982-03-05,2003-06-20,PM-002
CUST-04623,Alisha,Banerjee,alisha.465@icloud.com,917448567635,1975-02-27,2008-01-24,PM-004
CUST-04624,Faiyaz,Ray,faiyaz_366@outlook.com,917549914444,1974-11-03,2006-05-13,PM-001
CUST-04625,Tarini,Kakar,tarini.kakar494@yahoo.com,919650188038,2006-06-04,2024-06-12,PM-003
CUST-04626,Kaira,Walla,kaira671@hotmail.com,919275029279,1987-01-12,2006-07-27,PM-004
CUST-04627,Bhavin,Som,bhavin.som558@outlook.com,918706383024,1983-01-08,2002-01-14,PM-002
CUST-04628,Nitara,Dugar,nitara.dugar853@outlook.com,917224277249,1990-01-17,2016-09-07,PM-001
CUST-04629,Nitya,Chhabra,nitya.chhabra120@hotmail.com,917766934792,1990-10-27,2020-08-08,PM-003
CUST-04630,Hiran,Sathe,hiran667@yahoo.com,918882361454,1987-05-01,2010-08-05,PM-002
CUST-04631,Rohan,Mahajan,rohan840@hotmail.com,918194882399,1984-07-09,2012-03-13,PM-003
CUST-04632,Divyansh,Tak,divyansh.191@hotmail.com,918979915098,1978-08-24,2003-04-05,PM-004
CUST-04633,Ryan,Lalla,ryan653@icloud.com,918008084736,2005-11-19,2024-05-20,PM-003
CUST-04634,Madhav,Srivastava,madhav280@yahoo.com,918796188128,1974-10-24,2005-11-10,PM-002
CUST-04635,Aaina,Banerjee,aaina_450@icloud.com,918535279418,2002-03-25,2024-04-01,PM-001
CUST-04636,Bhamini,Bose,bosebhamini116@outlook.com,918699779321,1998-07-17,2021-02-15,PM-001
CUST-04637,Prisha,Varghese,prisha726@yahoo.com,918520370979,1975-07-25,2024-03-23,PM-001
CUST-04638,Navya,Balay,navya168@yahoo.com,919256623887,1998-11-04,2019-07-30,PM-001
CUST-04639,Rohan,Dutta,duttarohan892@yahoo.com,919396674438,1987-12-01,2012-03-23,PM-001
CUST-04640,Chirag,Doshi,chirag_469@outlook.com,919362197232,2003-09-15,2023-10-06,PM-003
CUST-04641,Himmat,Gandhi,gandhihimmat439@hotmail.com,917656249097,1979-09-13,2017-01-06,PM-003
CUST-04642,Aniruddh,Sem,aniruddh805@yahoo.com,919519286323,1997-03-03,2021-12-29,PM-001
CUST-04643,Arhaan,Char,arhaan.937@yahoo.com,918020330613,1993-02-03,2023-02-21,PM-004
CUST-04644,Ahana ,Krishnan,ahana 333@hotmail.com,917235319567,1977-09-28,2012-11-23,PM-004
CUST-04645,Reyansh,Setty,reyansh.790@yahoo.com,917309922783,1975-02-09,1998-04-29,PM-001
CUST-04646,Aayush,Sastry,aayush.265@outlook.com,919016323971,1975-07-05,2003-02-06,PM-004
CUST-04647,Shlok,Ben,benshlok322@icloud.com,919385616851,1989-02-14,2022-01-20,PM-003
CUST-04648,Dhanuk,Vala,valadhanuk218@hotmail.com,918233567625,1978-12-06,2002-08-25,PM-001
CUST-04649,Renee,Bava,renee_222@outlook.com,919012024296,1992-04-12,2015-08-22,PM-002
CUST-04650,Khushi,Iyengar,khushi426@outlook.com,919498391747,1985-02-22,2023-11-24,PM-003
CUST-04651,Prerak,Ben,prerak.823@outlook.com,918909986563,2003-05-22,2023-04-13,PM-003
CUST-04652,Suhana,Verma,vermasuhana671@outlook.com,918201307708,1989-11-07,2022-10-31,PM-001
CUST-04653,Samarth,Sarin,samarth_959@yahoo.com,919367994203,1990-07-27,2008-09-18,PM-001
CUST-04654,Zaina,Kannan,zaina.795@hotmail.com,917121047492,2006-01-29,2024-02-20,PM-002
CUST-04655,Raghav,Karan,raghav.karan373@outlook.com,918088375362,1979-07-06,2015-01-02,PM-002
CUST-04656,Myra,Dave,myra.dave255@icloud.com,918147512516,1983-11-01,2012-03-22,PM-004
CUST-04657,Aaryahi,Chauhan,chauhanaaryahi734@outlook.com,917164242724,1998-08-22,2021-06-21,PM-004
CUST-04658,Indrajit,Bal,indrajit.593@outlook.com,919788275632,1994-04-30,2020-12-04,PM-001
CUST-04659,Samiha,Sachdeva,sachdevasamiha427@outlook.com,919518019890,1975-12-06,1994-06-20,PM-002
CUST-04660,Aniruddh,Chaudhuri,aniruddh.333@hotmail.com,917752119054,2005-02-28,2023-03-02,PM-001
CUST-04661,Ela,Comar,ela_764@outlook.com,919615160450,1986-07-23,2013-04-01,PM-004
CUST-04662,Seher,Basak,seher.670@icloud.com,918497369470,1992-02-07,2018-02-23,PM-003
CUST-04663,Aarav,Shan,aarav.259@gmail.com,917169271398,1984-02-11,2013-05-22,PM-003
CUST-04664,Saira,Gala,saira596@hotmail.com,917176509894,1990-08-24,2020-10-22,PM-004
CUST-04665,Shamik,Rout,shamik.rout329@yahoo.com,919166098142,2004-06-26,2022-08-23,PM-004
CUST-04666,Hridaan,Dara,hridaan183@yahoo.com,918751388490,1978-12-22,2009-12-17,PM-003
CUST-04667,Aarna,Jain,aarna.783@hotmail.com,918519202753,1999-05-10,2020-05-27,PM-001
CUST-04668,Vedika,Kara,vedika316@icloud.com,919459694363,1977-04-06,2013-01-19,PM-001
CUST-04669,Kiara,Ranganathan,ranganathankiara995@hotmail.com,917340441553,1999-06-27,2022-01-01,PM-003
CUST-04670,Kiara,Ramakrishnan,kiara145@gmail.com,918544657760,1992-02-24,2011-12-02,PM-004
CUST-04671,Reyansh,Dutt,duttreyansh356@hotmail.com,918600809327,1990-06-03,2010-10-21,PM-003
CUST-04672,Baiju,Karan,baiju.karan314@outlook.com,918333135667,2000-02-01,2023-01-24,PM-002
CUST-04673,Uthkarsh,Mangal,uthkarsh.645@hotmail.com,918436298411,2001-02-21,2023-03-15,PM-001
CUST-04674,Taimur,Bhatia,taimur_108@yahoo.com,918313760591,1998-01-27,2017-06-24,PM-004
CUST-04675,Lagan,Arya,lagan_855@hotmail.com,917459347160,1993-03-13,2022-09-10,PM-002
CUST-04676,Saanvi,Bhatnagar,saanvi_407@yahoo.com,918626211751,1975-05-08,1995-10-18,PM-002
CUST-04677,Anika,Thaman,anika_974@icloud.com,919967118587,1984-02-02,2017-05-18,PM-002
CUST-04678,Shalv,Ramakrishnan,ramakrishnanshalv876@outlook.com,918875717198,1995-06-24,2023-12-24,PM-001
CUST-04679,Biju,Chopra,biju.chopra403@gmail.com,917438557855,1998-08-02,2020-10-31,PM-002
CUST-04680,Aayush,Bobal,aayush.bobal905@outlook.com,917834353785,2001-10-15,2022-03-03,PM-001
CUST-04681,Seher,Garg,seher.787@gmail.com,917312509756,1997-09-12,2021-10-19,PM-004
CUST-04682,Raghav,Sama,raghav.818@icloud.com,918073502891,1997-12-31,2017-06-10,PM-003
CUST-04683,Saksham,Bir,saksham_774@outlook.com,919658581518,1975-01-24,2012-11-20,PM-003
CUST-04684,Mamooty,Jhaveri,mamooty_343@yahoo.com,919834456502,2004-11-19,2023-06-25,PM-004
CUST-04685,Yakshit,Magar,magaryakshit629@yahoo.com,917463945153,1984-08-14,2004-03-25,PM-001
CUST-04686,Vardaniya,Kota,vardaniya528@yahoo.com,917887048993,2003-08-14,2023-06-13,PM-001
CUST-04687,Armaan,Bhatt,armaan.491@gmail.com,917134834718,1979-12-08,1999-08-09,PM-001
CUST-04688,Aarush,Wable,wableaarush312@icloud.com,919577986884,2005-04-20,2024-02-20,PM-002
CUST-04689,Sumer,Buch,sumer.348@gmail.com,918458789256,1979-10-18,1998-03-23,PM-001
CUST-04690,Vaibhav,Babu,vaibhav.933@yahoo.com,918913295164,1992-10-23,2012-12-03,PM-003
CUST-04691,Pihu,Apte,aptepihu969@icloud.com,919234152152,2002-06-29,2021-01-18,PM-004
CUST-04692,Zoya,Wali,zoya.wali660@hotmail.com,917760431597,1990-02-26,2012-02-05,PM-002
CUST-04693,Abram,Dass,abram.829@hotmail.com,917518883877,1975-09-20,2009-12-27,PM-004
CUST-04694,Yashvi,Bandi,yashvi.bandi766@yahoo.com,918860433107,1987-11-06,2010-11-09,PM-002
CUST-04695,Rhea,Mane,rhea.mane764@hotmail.com,917954831343,2004-11-26,2023-02-22,PM-003
CUST-04696,Aaryahi,Korpal,aaryahi_337@yahoo.com,918580528766,1995-06-01,2013-07-06,PM-001
CUST-04697,Heer,Borde,heer_113@hotmail.com,917158647886,1991-09-23,2013-11-28,PM-002
CUST-04698,Madhav,Warrior,warriormadhav924@yahoo.com,918684893492,1987-07-17,2014-03-25,PM-003
CUST-04699,Miraya,Barad,miraya357@hotmail.com,918169438853,1977-10-05,2011-09-08,PM-001
CUST-04700,Keya,Wason,keya.495@icloud.com,919279784856,1989-07-14,2021-01-15,PM-002
CUST-04701,Onkar,Singhal,singhalonkar477@outlook.com,917139147013,1983-03-04,2012-03-19,PM-004
CUST-04702,Ivan,Badal,ivan.badal375@hotmail.com,917352821141,1992-11-29,2014-11-03,PM-004
CUST-04703,Indrans,Wadhwa,indrans753@yahoo.com,919408812947,1996-02-28,2018-11-07,PM-001
CUST-04704,Parinaaz,Setty,parinaaz.543@icloud.com,919364219808,2004-04-15,2022-04-18,PM-001
CUST-04705,Jivika,Tiwari,tiwarijivika717@icloud.com,919361742254,1977-04-09,2011-08-11,PM-001
CUST-04706,Drishya,Subramanian,drishya399@yahoo.com,918439438472,2001-05-30,2023-02-17,PM-003
CUST-04707,Nayantara,Sani,nayantara_684@gmail.com,919437590648,1993-10-18,2015-04-29,PM-002
CUST-04708,Nitya,Chanda,nitya_767@yahoo.com,917513467573,2006-01-03,2024-01-29,PM-001
CUST-04709,Yasmin,Chaudhary,yasmin307@outlook.com,918321111181,1975-09-11,2004-09-05,PM-003
CUST-04710,Gatik,Dugal,dugalgatik843@gmail.com,919356431146,1983-06-20,2013-10-10,PM-003
CUST-04711,Tanya,Tandon,tandontanya207@gmail.com,918351598591,1981-03-20,2016-06-04,PM-004
CUST-04712,Azad,Chaudhari,azad.482@icloud.com,917931390575,1980-10-04,2002-04-02,PM-002
CUST-04713,Neelofar,Koshy,neelofar457@outlook.com,919599598891,1995-04-26,2022-04-10,PM-003
CUST-04714,Zoya,Sule,zoya.987@outlook.com,919089752545,1986-06-30,2004-10-07,PM-002
CUST-04715,Zeeshan,Batta,zeeshan101@yahoo.com,918219858765,1974-09-21,2022-07-02,PM-002
CUST-04716,Anahi,Sengupta,anahi.880@outlook.com,918582379125,1992-10-10,2016-02-27,PM-001
CUST-04717,Mannat,Madan,mannat.madan838@hotmail.com,917270509733,1975-06-16,2020-10-09,PM-001
CUST-04718,Arhaan,Bala,arhaan.148@hotmail.com,919843441724,1986-10-08,2013-09-29,PM-004
CUST-04719,Tiya,Bakshi,tiya993@outlook.com,918385262823,2000-03-21,2022-10-23,PM-003
CUST-04720,Raghav,Badal,raghav638@outlook.com,918563421469,1985-03-01,2010-01-26,PM-003
CUST-04721,Dhruv,Saraf,dhruv_901@outlook.com,918989526882,1987-09-09,2017-03-02,PM-004
CUST-04722,Kismat,Srivastava,kismat_437@yahoo.com,919345762844,1989-06-30,2022-12-27,PM-002
CUST-04723,Madhav,Kaur,madhav.kaur226@yahoo.com,917284645061,1996-09-01,2022-02-23,PM-002
CUST-04724,Mannat,Sharaf,mannat.152@gmail.com,917872963349,1990-08-06,2022-07-21,PM-001
CUST-04725,Ira,Chacko,ira_730@icloud.com,919395212408,1982-04-11,2017-10-28,PM-001
CUST-04726,Farhan,Goswami,farhan.802@yahoo.com,918194247035,1975-12-30,2008-02-07,PM-001
CUST-04727,Dharmajan,Ramakrishnan,dharmajan_153@hotmail.com,918845360415,1996-03-22,2017-06-26,PM-003
CUST-04728,Anahi,Aggarwal,anahi_630@hotmail.com,917211808397,2003-03-30,2022-08-15,PM-004
CUST-04729,Purab,Sandal,purab_388@gmail.com,917438921728,1982-06-07,2016-08-21,PM-001
CUST-04730,Diya,Kunda,diya602@gmail.com,917410512285,1980-05-13,2001-02-07,PM-001
CUST-04731,Ritvik,Loke,ritvik.loke187@gmail.com,917165890303,2002-11-26,2023-11-21,PM-001
CUST-04732,Kartik,Krishna,kartik546@gmail.com,919082175440,1991-08-05,2010-08-25,PM-003
CUST-04733,Ryan,Banik,banikryan798@yahoo.com,917296812391,1993-12-23,2012-07-12,PM-003
CUST-04734,Drishya,Andra,andradrishya270@outlook.com,919115699497,1996-01-07,2017-05-30,PM-001
CUST-04735,Myra,Dasgupta,myra_530@icloud.com,917879759849,1982-07-27,2000-12-07,PM-002
CUST-04736,Nirvaan,Krishnan,krishnannirvaan788@yahoo.com,919926599847,2002-10-11,2024-05-14,PM-003
CUST-04737,Taran,Varghese,taran.829@outlook.com,919675163631,1996-03-21,2020-03-02,PM-001
CUST-04738,Samaira,Mall,samaira834@icloud.com,917928659589,1994-10-08,2021-06-09,PM-004
CUST-04739,Divij,Bhardwaj,divij.426@icloud.com,917773922154,1990-09-06,2014-07-20,PM-002
CUST-04740,Reyansh,Zacharia,reyansh.zacharia921@yahoo.com,919089218515,1977-12-29,2013-09-17,PM-002
CUST-04741,Rania,Bansal,rania.450@icloud.com,917084005827,1994-11-02,2013-03-08,PM-004
CUST-04742,Sana,Agarwal,sana.515@icloud.com,918717164906,2002-04-09,2024-01-14,PM-002
CUST-04743,Prisha,Koshy,prisha.550@gmail.com,919242676900,1984-08-10,2005-02-07,PM-004
CUST-04744,Purab,Bhattacharyya,purab.163@gmail.com,918634467545,1979-11-05,2021-11-01,PM-003
CUST-04745,Vanya,Bora,vanya.798@icloud.com,918296803104,2002-03-03,2021-06-09,PM-004
CUST-04746,Badal,Bail,badal.532@gmail.com,919413687890,1988-05-30,2009-03-23,PM-001
CUST-04747,Stuvan,Goswami,stuvan_402@yahoo.com,919626185154,2001-05-07,2023-01-28,PM-001
CUST-04748,Gatik,Din,gatik.634@gmail.com,919439284291,1979-12-23,2021-03-21,PM-001
CUST-04749,Hazel,Iyer,hazel.iyer908@outlook.com,918406576311,1977-04-17,2024-04-11,PM-003
CUST-04750,Romil,Chawla,romil982@yahoo.com,919262469347,1991-03-02,2019-05-11,PM-001
CUST-04751,Manikya,Bhatia,manikya118@icloud.com,918143513676,1978-08-14,2001-06-05,PM-004
CUST-04752,Sana,Sule,sana.sule121@gmail.com,917318287106,2003-04-21,2023-04-13,PM-004
CUST-04753,Mamooty,Magar,mamooty.871@outlook.com,919371537466,1988-01-07,2008-01-12,PM-001
CUST-04754,Pihu,Shukla,pihu.shukla145@icloud.com,918916873863,1997-11-30,2018-10-07,PM-001
CUST-04755,Divij,Ramachandran,divij_605@hotmail.com,919050435429,1988-05-18,2016-08-25,PM-001
CUST-04756,Biju,Dey,biju_161@icloud.com,917748573161,1975-04-28,2011-12-27,PM-001
CUST-04757,Yuvaan,Salvi,salviyuvaan950@icloud.com,918185982426,1994-11-21,2016-10-14,PM-002
CUST-04758,Riaan,Keer,riaan.keer934@hotmail.com,919519841879,1983-06-02,2006-10-04,PM-004
CUST-04759,Mishti,Dube,mishti661@yahoo.com,919934849766,1985-02-05,2024-05-18,PM-003
CUST-04760,Chirag,Bumb,chirag_972@yahoo.com,918838463095,1985-07-01,2013-08-03,PM-002
CUST-04761,Nayantara,Grover,grovernayantara615@icloud.com,917835017830,1978-01-24,2021-12-11,PM-001
CUST-04762,Rasha,Mann,rasha.968@icloud.com,917327749406,2004-06-27,2023-03-13,PM-003
CUST-04763,Veer,Sahni,veer.179@outlook.com,918046642694,1992-09-04,2017-12-24,PM-003
CUST-04764,Indrajit,Salvi,salviindrajit225@hotmail.com,918203891118,2003-07-11,2021-11-20,PM-002
CUST-04765,Uthkarsh,Chana,uthkarsh.105@gmail.com,918555527917,1995-12-29,2017-11-19,PM-004
CUST-04766,Yashvi,Wali,yashvi_410@hotmail.com,917018297321,2003-04-05,2021-12-27,PM-004
CUST-04767,Tanya,Srinivasan,tanya343@outlook.com,919458032940,1999-10-07,2019-12-16,PM-001
CUST-04768,Mehul,Issac,issacmehul314@icloud.com,917491343448,2001-02-03,2021-12-06,PM-004
CUST-04769,Anahita,Lata,anahita_163@gmail.com,918087352011,1993-09-08,2016-06-12,PM-004
CUST-04770,Madhav,Gola,golamadhav749@gmail.com,917014815343,1988-05-19,2012-12-13,PM-001
CUST-04771,Saanvi,Som,saanvi939@yahoo.com,918057877759,2000-10-26,2023-07-25,PM-004
CUST-04772,Kismat,Toor,kismat.toor931@outlook.com,918224126846,1980-05-05,2019-08-04,PM-004
CUST-04773,Tejas,Datta,tejas.441@outlook.com,918662889076,1975-12-13,2019-03-20,PM-003
CUST-04774,Riya,Chawla,riya563@hotmail.com,919609528820,1992-08-24,2017-03-19,PM-003
CUST-04775,Sana,Gara,sana814@hotmail.com,919123932397,1998-06-19,2018-03-15,PM-001
CUST-04776,Vardaniya,Virk,vardaniya.194@gmail.com,917944120435,1993-11-11,2012-05-25,PM-002
CUST-04777,Ojas,Sawhney,ojas799@outlook.com,917807805577,1981-10-24,2007-09-26,PM-004
CUST-04778,Alisha,Mammen,alisha.mammen660@icloud.com,917346254981,1980-05-14,2003-02-17,PM-001
CUST-04779,Ivan,Iyer,ivan.iyer661@hotmail.com,917757268305,1980-02-19,2000-12-07,PM-001
CUST-04780,Umang,Wali,umang.wali351@outlook.com,919054382743,1999-09-20,2023-05-19,PM-003
CUST-04781,Shanaya,Chakraborty,shanaya333@icloud.com,919732290935,2000-11-21,2020-07-26,PM-004
CUST-04782,Damini,Wason,damini.428@gmail.com,918170384595,2004-07-06,2023-07-06,PM-002
CUST-04783,Shanaya,Suri,shanaya926@hotmail.com,919405250320,1979-12-22,2005-05-08,PM-001
CUST-04784,Chirag,Goyal,goyalchirag757@outlook.com,918378196156,1974-10-06,2005-08-03,PM-001
CUST-04785,Tarini,Dubey,tarini.190@icloud.com,918538581759,1999-02-12,2023-10-04,PM-001
CUST-04786,Amira,Dayal,dayalamira532@icloud.com,918403412881,1988-06-16,2015-03-18,PM-003
CUST-04787,Samarth,Shukla,samarth.shukla734@icloud.com,917742288911,2005-02-09,2024-05-21,PM-002
CUST-04788,Lagan,Boase,lagan_230@gmail.com,917597338820,1979-02-10,2019-09-04,PM-001
CUST-04789,Jiya,Sekhon,jiya_758@outlook.com,918326463448,1980-11-29,2005-12-04,PM-001
CUST-04790,Krish,Rege,regekrish925@yahoo.com,919005359652,2004-07-11,2022-11-25,PM-004
CUST-04791,Shanaya,Varkey,shanaya968@gmail.com,919720025021,2001-05-30,2024-02-07,PM-002
CUST-04792,Shanaya,Sagar,shanaya.183@gmail.com,918883676763,1993-12-14,2020-04-30,PM-003
CUST-04793,Saksham,Mani,saksham_420@gmail.com,917560973766,1985-11-12,2014-02-01,PM-001
CUST-04794,Bhamini,Arora,bhamini.965@outlook.com,919416471812,1978-03-17,2016-04-08,PM-001
CUST-04795,Baiju,Doctor,baiju859@gmail.com,917207903452,2000-06-14,2021-08-23,PM-004
CUST-04796,Hansh,Dugal,dugalhansh593@gmail.com,919459312801,2001-09-18,2020-06-16,PM-001
CUST-04797,Vidur,Korpal,korpalvidur368@outlook.com,917826935985,1999-10-31,2020-05-12,PM-004
CUST-04798,Armaan,Contractor,armaan_612@icloud.com,918010595235,1993-10-20,2013-12-04,PM-001
CUST-04799,Kaira,Bahl,kaira557@yahoo.com,918422298172,1984-12-08,2014-09-02,PM-002
CUST-04800,Aarna,Sabharwal,sabharwalaarna714@hotmail.com,919929547141,1981-08-26,2002-12-22,PM-003
CUST-04801,Armaan,Tiwari,armaan663@icloud.com,917066060519,2004-10-20,2024-03-22,PM-001
CUST-04802,Madhup,Khatri,khatrimadhup763@hotmail.com,919873618126,1977-06-16,2007-03-19,PM-003
CUST-04803,Anya,Shanker,anya189@yahoo.com,919120677506,1990-02-22,2012-05-11,PM-001
CUST-04804,Raunak,Bhalla,raunak.bhalla557@outlook.com,917986099085,1977-11-11,2019-09-10,PM-001
CUST-04805,Madhup,Borah,madhup.borah924@hotmail.com,918871770612,1988-02-25,2022-11-22,PM-001
CUST-04806,Abram,Balakrishnan,abram_684@outlook.com,918203571648,1981-11-12,2009-10-02,PM-003
CUST-04807,Vaibhav,Chandran,vaibhav.213@yahoo.com,917017540543,2003-07-27,2023-11-29,PM-003
CUST-04808,Adah,Chatterjee,chatterjeeadah555@yahoo.com,918640598944,1991-05-10,2015-01-20,PM-004
CUST-04809,Jivin,Suresh,jivin887@icloud.com,917839524491,1999-04-29,2017-10-10,PM-003
CUST-04810,Ivan,Vig,ivan.510@outlook.com,917628424080,1983-04-24,2022-10-28,PM-003
CUST-04811,Mannat,Bhatt,bhattmannat102@gmail.com,918394345427,1997-12-22,2021-06-24,PM-002
CUST-04812,Shlok,Bumb,shlok.966@outlook.com,919132770375,1999-04-25,2017-12-01,PM-001
CUST-04813,Taimur,Lala,taimur.578@gmail.com,918762479322,1979-04-04,1998-12-22,PM-001
CUST-04814,Ranbir,Chand,ranbir.964@gmail.com,919441038129,1991-02-16,2023-03-06,PM-003
CUST-04815,Parinaaz,Chaudhry,parinaaz_855@icloud.com,918702045442,2003-06-01,2022-12-06,PM-001
CUST-04816,Tiya,Shan,tiya_883@icloud.com,919724818159,1976-09-11,2004-05-19,PM-003
CUST-04817,Jivin,Baria,jivin364@icloud.com,919096266833,1995-04-07,2024-05-09,PM-001
CUST-04818,Faiyaz,Lanka,faiyaz.lanka315@icloud.com,918719834113,1989-05-13,2007-10-28,PM-001
CUST-04819,Pranay,Iyer,pranay776@icloud.com,919041495199,1992-07-01,2017-01-24,PM-003
CUST-04820,Adira,Aggarwal,adira_921@outlook.com,919918284259,1980-10-15,2007-12-19,PM-001
CUST-04821,Renee,Vig,renee.831@gmail.com,918571931127,1991-07-16,2017-07-01,PM-002
CUST-04822,Tanya,Sahni,tanya580@hotmail.com,918176845824,1997-12-28,2019-09-27,PM-004
CUST-04823,Shayak,Bhatt,bhattshayak886@icloud.com,919093247020,1999-03-19,2023-02-08,PM-003
CUST-04824,Emir,Badami,badamiemir834@icloud.com,917387813038,1983-03-31,2013-07-18,PM-002
CUST-04825,Zaina,Talwar,zaina.talwar270@hotmail.com,919803622356,1986-03-05,2024-02-10,PM-003
CUST-04826,Vedika,Kata,katavedika232@gmail.com,918554474406,1977-11-07,2023-08-04,PM-004
CUST-04827,Ranbir,Khare,ranbir_586@gmail.com,917609878981,1995-09-14,2022-08-10,PM-004
CUST-04828,Alisha,Arya,alisha_640@outlook.com,919536736574,1979-03-25,2019-06-16,PM-002
CUST-04829,Indranil,Atwal,atwalindranil271@yahoo.com,919848055232,1991-08-13,2015-04-11,PM-004
CUST-04830,Renee,Guha,renee.guha391@icloud.com,917259518894,1994-05-07,2018-05-09,PM-003
CUST-04831,Mishti,Balay,mishti.490@outlook.com,919108634739,2002-05-09,2022-08-04,PM-001
CUST-04832,Vivaan,Varma,vivaan.varma699@hotmail.com,918562024596,1982-04-10,2009-01-01,PM-004
CUST-04833,Suhana,Loke,suhana_319@hotmail.com,917518103243,1988-06-12,2014-11-27,PM-004
CUST-04834,Yashvi,Dugal,yashvi323@yahoo.com,918970147241,1983-08-06,2012-06-03,PM-004
CUST-04835,Kabir,Ravi,kabir237@icloud.com,917650155930,2005-04-25,2023-05-26,PM-001
CUST-04836,Nitya,Barad,baradnitya327@icloud.com,919378987349,1993-10-16,2018-11-09,PM-004
CUST-04837,Taimur,Golla,taimur.150@icloud.com,919568570015,2006-04-22,2024-05-20,PM-004
CUST-04838,Neysa,Krishnamurthy,krishnamurthyneysa566@gmail.com,917927761669,1989-03-08,2011-01-05,PM-003
CUST-04839,Veer,Shah,shahveer782@yahoo.com,917622607362,1987-02-05,2014-02-01,PM-002
CUST-04840,Krish,Ramanathan,krish_401@yahoo.com,918654753288,1992-07-16,2022-11-09,PM-001
CUST-04841,Sana,Sharma,sharmasana791@icloud.com,917086190098,2000-05-04,2024-04-02,PM-003
CUST-04842,Samar,Gaba,samar_579@icloud.com,918863428469,1977-07-08,2012-06-07,PM-002
CUST-04843,Ira,Dara,ira_312@gmail.com,918779903915,1975-07-26,1995-05-06,PM-001
CUST-04844,Aradhya,Randhawa,aradhya546@gmail.com,917973374824,1979-05-26,2011-09-29,PM-001
CUST-04845,Umang,Wali,waliumang690@icloud.com,917626685803,1987-03-15,2016-06-16,PM-004
CUST-04846,Tushar,Rajan,rajantushar597@gmail.com,919839459565,1994-01-21,2016-10-25,PM-003
CUST-04847,Sana,Dewan,sana.400@icloud.com,919592372180,1986-12-17,2018-02-21,PM-002
CUST-04848,Urvi,Halder,urvi.603@hotmail.com,918934939919,1975-03-30,2002-08-07,PM-003
CUST-04849,Neysa,Biswas,neysa_257@icloud.com,918822674067,2001-06-20,2023-04-14,PM-002
CUST-04850,Vivaan,Bhagat,bhagatvivaan346@outlook.com,919214492743,1989-03-04,2007-08-01,PM-003
CUST-04851,Oorja,Korpal,oorja.581@yahoo.com,919377157258,1995-07-17,2016-06-06,PM-002
CUST-04852,Jivika,Shetty,jivika_204@gmail.com,918973141730,1981-06-15,2015-03-18,PM-002
CUST-04853,Vardaniya,Dash,vardaniya.dash955@icloud.com,917101216058,2004-12-10,2024-02-21,PM-002
CUST-04854,Baiju,Batra,baiju.batra340@yahoo.com,919427881838,1990-01-16,2017-04-03,PM-002
CUST-04855,Kiara,Raval,kiara_665@yahoo.com,918822059768,2003-07-23,2021-07-23,PM-002
CUST-04856,Nehmat,Wali,nehmat.wali671@outlook.com,918842839225,1988-09-03,2007-03-22,PM-001
CUST-04857,Kavya,Gole,golekavya850@yahoo.com,917958650601,1980-11-24,2013-09-08,PM-003
CUST-04858,Shamik,Thakkar,shamik948@icloud.com,918283301891,1975-01-13,2006-03-30,PM-003
CUST-04859,Parinaaz,Saran,parinaaz.923@gmail.com,917226649536,2002-12-23,2022-07-16,PM-004
CUST-04860,Arhaan,Soman,arhaan.soman873@yahoo.com,919163076008,1977-05-08,1998-03-03,PM-004
CUST-04861,Miraya,Deshpande,deshpandemiraya865@gmail.com,918311260581,1997-06-10,2018-01-22,PM-003
CUST-04862,Kismat,Basu,kismat.224@outlook.com,918328573067,1998-10-20,2017-02-01,PM-004
CUST-04863,Ojas,Borde,bordeojas653@gmail.com,918139713993,1984-06-25,2014-09-25,PM-004
CUST-04864,Divyansh,Sani,divyansh_865@outlook.com,919216941910,1981-03-09,2013-01-15,PM-003
CUST-04865,Ela,Balasubramanian,ela_769@gmail.com,918748399524,1976-02-14,2011-01-29,PM-003
CUST-04866,Prisha,Koshy,prisha.569@yahoo.com,918743327220,1993-02-02,2023-03-28,PM-003
CUST-04867,Madhav,Dugar,madhav316@icloud.com,918530164392,1984-05-26,2019-08-13,PM-001
CUST-04868,Yasmin,Doctor,yasmin350@yahoo.com,918055479048,1979-09-29,2017-10-13,PM-004
CUST-04869,Vivaan,Bava,vivaan.826@icloud.com,917271164549,2000-12-23,2021-07-10,PM-003
CUST-04870,Nayantara,Wadhwa,nayantara542@yahoo.com,919454865896,1989-06-26,2019-09-10,PM-003
CUST-04871,Kiaan,Mane,kiaan.mane513@outlook.com,919119431250,1987-01-31,2015-10-30,PM-003
CUST-04872,Priyansh,Rajagopal,priyansh_894@gmail.com,917471346908,2004-09-13,2023-08-04,PM-004
CUST-04873,Pranay,Dhillon,pranay.dhillon210@hotmail.com,917145843825,1977-12-14,1998-01-04,PM-002
CUST-04874,Jayan,Karnik,jayan.684@yahoo.com,917196167119,1988-06-15,2009-08-19,PM-004
CUST-04875,Amira,Goyal,amira324@yahoo.com,917461163014,1989-09-21,2021-03-18,PM-003
CUST-04876,Amani,Boase,amani_670@outlook.com,919263892070,1999-12-20,2023-11-20,PM-003
CUST-04877,Rohan,Sawhney,rohan491@icloud.com,919575365020,1993-07-26,2015-07-14,PM-001
CUST-04878,Nakul,Dugal,nakul.527@gmail.com,917765922820,1995-04-14,2014-12-14,PM-002
CUST-04879,Darshit,Balakrishnan,darshit881@icloud.com,918231227410,1975-12-17,1998-07-28,PM-001
CUST-04880,Zara,Chacko,zara_190@hotmail.com,918347182629,1989-03-24,2021-12-17,PM-003
CUST-04881,Amani,Salvi,amani.352@outlook.com,918652937422,2002-08-29,2022-09-27,PM-001
CUST-04882,Armaan,Vala,armaan_623@icloud.com,919516639912,2006-05-26,2024-05-25,PM-002
CUST-04883,Shamik,Badal,badalshamik325@hotmail.com,918448226382,1977-12-22,2002-05-21,PM-002
CUST-04884,Miraan,Chandra,miraan281@icloud.com,917559462835,1998-10-23,2019-06-07,PM-003
CUST-04885,Tiya,Ramanathan,tiya_694@gmail.com,917780709964,1985-07-07,2018-02-17,PM-001
CUST-04886,Azad,Dada,dadaazad356@gmail.com,918964978526,1984-12-08,2016-06-30,PM-004
CUST-04887,Purab,Sani,sanipurab594@icloud.com,919983687754,2000-05-24,2021-09-21,PM-002
CUST-04888,Neelofar,Bail,neelofar.bail844@gmail.com,919476242596,1974-08-16,2024-02-07,PM-001
CUST-04889,Divyansh,Sunder,divyansh.sunder126@hotmail.com,917064315678,1974-12-02,2018-12-23,PM-001
CUST-04890,Vaibhav,Kunda,vaibhav.kunda229@yahoo.com,917845247654,1982-04-27,2023-11-26,PM-004
CUST-04891,Vivaan,Kapadia,vivaan.698@hotmail.com,917057338136,2005-08-24,2023-08-22,PM-003
CUST-04892,Shaan,Varughese,varugheseshaan369@gmail.com,917256411399,1982-08-02,2007-09-06,PM-001
CUST-04893,Kaira,Jani,kaira_519@gmail.com,918043262735,1994-06-14,2014-06-14,PM-002
CUST-04894,Darshit,Ramanathan,ramanathandarshit803@yahoo.com,917200574354,2002-03-15,2020-10-06,PM-001
CUST-04895,Shamik,Kara,karashamik260@hotmail.com,918550728088,1998-09-06,2019-10-16,PM-002
CUST-04896,Saira,Keer,saira.keer979@hotmail.com,919474737824,2002-08-15,2021-12-13,PM-001
CUST-04897,Ayesha,Deshpande,ayesha.deshpande796@hotmail.com,918650189262,1990-01-02,2017-10-24,PM-001
CUST-04898,Piya,Dhaliwal,piya535@icloud.com,918593893044,1975-07-04,1993-11-08,PM-002
CUST-04899,Shanaya,Sahota,shanaya.361@gmail.com,917826418226,1986-01-04,2016-02-13,PM-004
CUST-04900,Zaina,Swaminathan,zaina876@yahoo.com,917479608516,1997-04-11,2015-09-24,PM-004
CUST-04901,Manikya,Arya,manikya299@hotmail.com,918333341911,2002-08-18,2022-02-06,PM-004
CUST-04902,Ranbir,Biswas,ranbir865@gmail.com,918477574867,1979-04-29,1998-04-06,PM-002
CUST-04903,Dharmajan,Reddy,dharmajan_385@gmail.com,919425221917,1988-10-27,2011-09-02,PM-003
CUST-04904,Azad,Thaker,azad_159@gmail.com,917813519935,1991-04-24,2014-04-30,PM-003
CUST-04905,Aaina,Krish,aaina.865@gmail.com,917656126651,2006-03-11,2024-04-13,PM-002
CUST-04906,Arhaan,Doctor,arhaan_173@icloud.com,918155483163,1985-10-17,2007-12-23,PM-002
CUST-04907,Aniruddh,Balasubramanian,balasubramaniananiruddh199@outlook.com,917728730238,1981-07-09,2005-12-05,PM-003
CUST-04908,Vivaan,Dhillon,dhillonvivaan890@yahoo.com,919546154985,1987-06-15,2021-01-14,PM-003
CUST-04909,Romil,Dar,romil.686@icloud.com,917309137332,1994-02-24,2015-09-27,PM-001
CUST-04910,Arhaan,Lala,arhaan_172@gmail.com,917220817962,1979-10-16,2021-11-04,PM-002
CUST-04911,Samaira,Shah,samaira_541@gmail.com,918344453936,1974-09-22,2007-07-20,PM-002
CUST-04912,Anahi,Sethi,anahi475@gmail.com,919441965506,1991-11-18,2013-06-20,PM-004
CUST-04913,Lavanya,Jha,lavanya319@gmail.com,919202161550,1975-08-22,2001-06-25,PM-004
CUST-04914,Jayant,Balan,jayant.balan791@hotmail.com,917922081655,1980-11-27,2015-03-24,PM-002
CUST-04915,Amira,Char,amira.820@outlook.com,917772439346,2005-03-22,2023-11-14,PM-002
CUST-04916,Amani,Dalal,amani.243@icloud.com,917714924490,1989-07-20,2023-11-17,PM-003
CUST-04917,Keya,Sant,santkeya291@yahoo.com,917292211246,1977-09-27,1998-12-01,PM-001
CUST-04918,Priyansh,Bumb,priyansh413@hotmail.com,917929911995,1995-09-09,2016-04-27,PM-004
CUST-04919,Rohan,Solanki,rohan.867@hotmail.com,917778746720,1989-09-28,2013-11-05,PM-001
CUST-04920,Manjari,Dara,manjari.171@outlook.com,918444756831,1983-12-15,2006-11-25,PM-001
CUST-04921,Saksham,Dutt,saksham.465@hotmail.com,917094648015,1981-06-27,2002-10-14,PM-002
CUST-04922,Yasmin,Sarma,yasmin.790@gmail.com,918174994153,1981-11-07,2005-09-11,PM-004
CUST-04923,Kashvi,Sawhney,kashvi_344@icloud.com,918620247112,1990-06-30,2019-06-11,PM-004
CUST-04924,Nirvaan,Sathe,nirvaan399@outlook.com,918495954678,1987-04-17,2006-01-19,PM-002
CUST-04925,Zara,Majumdar,zara.majumdar686@hotmail.com,919743322647,1982-03-15,2020-09-04,PM-001
CUST-04926,Madhup,Ramanathan,madhup.242@yahoo.com,917608552370,1976-09-09,2000-05-06,PM-002
CUST-04927,Samiha,Goswami,samiha.849@icloud.com,918922723037,1978-09-15,2006-02-15,PM-002
CUST-04928,Divit,Chacko,chackodivit812@hotmail.com,917489882782,1991-11-29,2013-10-15,PM-002
CUST-04929,Anahi,Kade,anahi_758@outlook.com,918363047849,1988-06-15,2017-07-11,PM-001
CUST-04930,Yasmin,Kale,yasmin_676@yahoo.com,918513424370,2003-12-01,2024-04-30,PM-001
CUST-04931,Prerak,Sura,prerak986@outlook.com,919343708426,1993-04-11,2011-09-15,PM-001
CUST-04932,Miraya,Tank,miraya_315@gmail.com,917647057658,1993-01-10,2013-12-24,PM-001
CUST-04933,Raghav,Dara,raghav881@hotmail.com,918569476203,1979-12-29,2019-03-11,PM-002
CUST-04934,Adah,Mammen,adah260@yahoo.com,918468165499,1989-05-08,2015-03-01,PM-001
CUST-04935,Ahana ,Amble,ahana _954@hotmail.com,919755449802,1989-10-08,2010-11-12,PM-004
CUST-04936,Biju,Bal,biju.748@gmail.com,919697820595,2005-05-09,2023-06-13,PM-003
CUST-04937,Aaryahi,Kari,kariaaryahi560@icloud.com,918899801472,1993-04-25,2018-04-06,PM-001
CUST-04938,Mishti,Grewal,mishti_740@yahoo.com,919829433356,1975-03-03,2017-10-22,PM-004
CUST-04939,Yashvi,Sagar,yashvi252@gmail.com,919108270688,1979-07-18,2007-02-15,PM-002
CUST-04940,Jivin,Shetty,shettyjivin613@outlook.com,918347978303,1998-12-27,2022-09-23,PM-002
CUST-04941,Tiya,Ravi,tiya.502@outlook.com,919347965761,1977-09-09,2019-07-01,PM-002
CUST-04942,Adah,Dalal,dalaladah344@icloud.com,919203180299,1985-04-26,2005-10-19,PM-002
CUST-04943,Abram,Thakur,abram464@yahoo.com,919357034537,1993-12-09,2014-08-05,PM-001
CUST-04944,Neelofar,Hayre,neelofar_504@yahoo.com,919211620300,1990-06-25,2015-08-10,PM-002
CUST-04945,Anahi,Randhawa,anahi.979@yahoo.com,919884097341,1986-05-03,2004-08-31,PM-004
CUST-04946,Aaina,Sem,aaina149@gmail.com,919664744918,1991-09-08,2011-08-10,PM-002
CUST-04947,Jivika,Soman,jivika_425@gmail.com,919998697638,1981-04-07,2009-03-09,PM-002
CUST-04948,Samarth,Raman,samarth373@icloud.com,918527569792,1980-10-15,2022-03-25,PM-001
CUST-04949,Amira,Ratta,amira.392@icloud.com,917631224268,1996-07-04,2015-04-06,PM-004
CUST-04950,Saanvi,Koshy,saanvi_844@hotmail.com,918518268548,1977-12-09,2017-11-05,PM-004
CUST-04951,Riaan,Sabharwal,sabharwalriaan883@yahoo.com,919803911418,1994-06-05,2018-05-10,PM-003
CUST-04952,Samiha,Dara,darasamiha190@gmail.com,919850250649,1993-06-27,2017-04-14,PM-001
CUST-04953,Divyansh,Bala,divyansh.144@icloud.com,917766402655,1990-04-26,2009-10-13,PM-002
CUST-04954,Anya,Dave,daveanya977@outlook.com,919629079168,1990-03-10,2017-05-10,PM-002
CUST-04955,Aaryahi,Shere,shereaaryahi694@hotmail.com,917924061067,1988-05-03,2007-04-15,PM-002
CUST-04956,Farhan,Sane,sanefarhan308@outlook.com,918177504204,1991-10-23,2015-12-08,PM-004
CUST-04957,Hiran,Sarkar,hiran.823@outlook.com,918662407085,1978-06-15,2006-11-01,PM-002
CUST-04958,Darshit,Vora,darshit.vora811@hotmail.com,919453722414,2001-01-23,2024-02-01,PM-002
CUST-04959,Nakul,Solanki,nakul.980@gmail.com,918036021139,1980-09-22,2003-10-24,PM-002
CUST-04960,Aaina,Bera,aaina921@gmail.com,918769450588,1978-05-30,2021-11-20,PM-003
CUST-04961,Seher,Korpal,seher890@icloud.com,918372703031,1990-04-04,2014-03-19,PM-003
CUST-04962,Zain,Din,zain_409@gmail.com,918923950186,1998-02-21,2018-03-13,PM-004
CUST-04963,Kavya,Srinivas,kavya514@gmail.com,919038935136,1998-07-07,2022-12-23,PM-001
CUST-04964,Azad,Shetty,azad.shetty142@yahoo.com,918157520189,1991-09-10,2013-01-24,PM-003
CUST-04965,Abram,Sankaran,abram.315@outlook.com,919536659286,1981-05-08,2009-07-30,PM-003
CUST-04966,Vanya,Dhingra,vanya.dhingra175@yahoo.com,919254312017,2004-05-18,2022-10-28,PM-003
CUST-04967,Kiaan,Bhasin,bhasinkiaan324@yahoo.com,918717238418,1974-12-29,2019-08-05,PM-001
CUST-04968,Riaan,Kaur,riaan652@hotmail.com,919034016828,1996-01-05,2016-10-06,PM-001
CUST-04969,Mamooty,Date,mamooty.549@gmail.com,919993194761,2001-07-25,2020-07-30,PM-002
CUST-04970,Reyansh,Dutta,duttareyansh384@gmail.com,917566583329,1991-06-15,2012-11-15,PM-004
CUST-04971,Baiju,Lata,baiju.966@gmail.com,919556221147,1983-09-30,2008-09-04,PM-003
CUST-04972,Yashvi,Vyas,yashvi.426@outlook.com,918834349035,1975-06-29,2011-07-25,PM-003
CUST-04973,Emir,Lata,emir.116@hotmail.com,917476724023,1976-08-01,2004-06-24,PM-002
CUST-04974,Rasha,Dara,rasha.229@outlook.com,918759565718,1984-11-28,2017-04-07,PM-004
CUST-04975,Taran,Dutt,dutttaran102@yahoo.com,918922781392,1992-09-28,2016-09-22,PM-002
CUST-04976,Anika,Taneja,anika.taneja165@icloud.com,918985680670,1992-06-04,2011-09-28,PM-004
CUST-04977,Kaira,Srivastava,kaira.srivastava467@yahoo.com,917914818057,1994-01-02,2012-12-06,PM-004
CUST-04978,Devansh,Sinha,devansh.sinha630@yahoo.com,919448594544,1981-05-26,2007-10-17,PM-004
CUST-04979,Vihaan,Kala,vihaan_604@outlook.com,919779609922,1980-04-20,2010-04-30,PM-003
CUST-04980,Divyansh,Bala,baladivyansh528@hotmail.com,918449082684,1996-01-03,2022-10-25,PM-003
CUST-04981,Pihu,Vasa,pihu264@icloud.com,918995693473,1990-10-05,2011-08-31,PM-004
CUST-04982,Ira,Sarkar,ira_781@outlook.com,917186288159,1981-05-19,2011-11-19,PM-003
CUST-04983,Aradhya,Badami,aradhya.badami857@yahoo.com,917078181476,1976-01-19,2008-01-29,PM-002
CUST-04984,Shanaya,Zachariah,shanaya.zachariah314@outlook.com,917222909658,1997-06-14,2021-09-05,PM-002
CUST-04985,Shanaya,Kunda,shanaya.433@yahoo.com,919811639215,1985-03-07,2012-04-26,PM-004
CUST-04986,Baiju,Babu,baiju331@outlook.com,917456188152,1983-10-12,2005-06-25,PM-002
CUST-04987,Nitya,Dutt,nitya.dutt381@hotmail.com,919978073363,1993-04-01,2023-12-20,PM-003
CUST-04988,Samaira,Chana,chanasamaira279@icloud.com,919483533899,1999-10-03,2018-06-10,PM-002
CUST-04989,Riaan,Sule,riaan891@hotmail.com,918343758990,1985-09-13,2023-09-10,PM-001
CUST-04990,Riya,Dhawan,riya.289@yahoo.com,917963020058,1979-03-03,1998-08-28,PM-002
CUST-04991,Aaina,Kalita,aaina.381@gmail.com,918996163204,1994-09-12,2016-09-04,PM-003
CUST-04992,Shamik,Joshi,shamik_245@outlook.com,918385542781,1984-11-10,2024-05-24,PM-001
CUST-04993,Zeeshan,Chandra,chandrazeeshan122@yahoo.com,919359043451,1975-02-09,1996-09-16,PM-001
CUST-04994,Jayan,Viswanathan,jayan_856@icloud.com,919201779330,1990-05-17,2017-05-21,PM-002
CUST-04995,Nitya,Dave,nitya.dave510@hotmail.com,919152544076,1975-05-12,2012-08-04,PM-001
CUST-04996,Anika,Guha,anika.guha722@yahoo.com,919343241688,1994-02-12,2016-09-16,PM-004
CUST-04997,Misha,Banik,misha_348@yahoo.com,918725107688,1995-04-01,2015-03-28,PM-003
CUST-04998,Navya,Kapoor,kapoornavya188@hotmail.com,917146258691,1976-10-29,1999-07-08,PM-002
CUST-04999,Ira,Raval,ira.119@yahoo.com,917854336876,1990-05-14,2020-03-26,PM-004
CUST-05000,Yuvraj ,Khosla,yuvraj .528@outlook.com,918455162981,1976-11-26,2018-07-13,PM-001
