CustomerID,FirstName,LastName,Email,PhoneNumber,DateOfBirth,RegistrationDate,PreferredPaymentMethodID
CUST-11667,Vedika,Shetty,vedika671@gmail.com,917584314890,1976-07-25,2019-02-21,PM-002
CUST-11668,Dhanush,Banerjee,dhanush.771@outlook.com,919742657651,2001-08-22,2021-08-29,PM-002
CUST-11669,Mamooty,Gandhi,mamooty.gandhi897@icloud.com,917607123584,2001-10-17,2020-12-26,PM-002
CUST-11670,Abram,Karnik,abram670@yahoo.com,918364365549,2001-07-16,2022-04-08,PM-003
CUST-11671,Yashvi,Vora,yashvi.558@hotmail.com,918316519638,1996-01-14,2022-11-09,PM-003
CUST-11672,Kartik,Borra,kartik453@outlook.com,919955598049,1990-10-20,2017-08-28,PM-004
CUST-11673,Saksham,Balan,balansaksham318@outlook.com,917028875266,1982-11-25,2009-06-06,PM-003
CUST-11674,Nishith,Ram,nishith354@hotmail.com,918042281573,1986-02-19,2008-10-24,PM-003
CUST-11675,Chirag,Anne,chirag671@icloud.com,918720048655,1984-06-13,2015-09-21,PM-004
CUST-11676,Ishaan,Babu,babuishaan720@yahoo.com,919222493998,1979-11-17,2021-10-13,PM-004
CUST-11677,Reyansh,Sura,reyansh.sura847@gmail.com,919891656319,1982-06-20,2014-09-26,PM-003
CUST-11678,Oorja,Chad,oorja533@hotmail.com,919100577026,1976-05-31,2018-01-19,PM-004
CUST-11679,Vihaan,Contractor,vihaan.726@yahoo.com,918568715760,1989-05-14,2021-07-13,PM-001
CUST-11680,Keya,Bahri,keya.bahri142@yahoo.com,917076685233,2002-01-23,2022-07-27,PM-003
CUST-11681,Fateh,Kalla,kallafateh493@gmail.com,918406549978,2001-03-11,2023-11-08,PM-001
CUST-11682,Kavya,Shenoy,kavya.shenoy807@icloud.com,917608191493,2006-05-22,2024-05-30,PM-004
CUST-11683,Samarth,Sundaram,sundaramsamarth827@hotmail.com,917413443756,2002-12-29,2022-06-28,PM-001
CUST-11684,Mohanlal,Balay,mohanlal.balay645@gmail.com,917855561548,1989-10-17,2013-07-31,PM-003
CUST-11685,Nakul,Contractor,contractornakul344@outlook.com,917119704463,1991-08-21,2014-06-28,PM-001
CUST-11686,Lavanya,Wali,lavanya850@outlook.com,917144131246,1999-04-25,2021-02-03,PM-004
CUST-11687,Samarth,Sahni,sahnisamarth779@icloud.com,917535791915,2001-06-14,2023-10-08,PM-001
CUST-11688,Samaira,Sami,samaira.sami867@hotmail.com,917608495987,1978-11-18,2011-01-19,PM-001
CUST-11689,Aarna,Rama,aarna_678@hotmail.com,919549227565,1995-07-23,2024-05-08,PM-004
CUST-11690,Fateh,Raman,ramanfateh448@outlook.com,919861290872,1984-08-30,2018-01-29,PM-001
CUST-11691,Badal,Bava,badal653@hotmail.com,919886514738,2003-12-06,2022-03-21,PM-002
CUST-11692,Samiha,Wable,samiha293@gmail.com,918826722874,1998-02-21,2022-11-01,PM-004
CUST-11693,Farhan,Shanker,farhan.shanker182@outlook.com,917811755245,1987-04-24,2017-02-09,PM-004
CUST-11694,Anaya,Lata,anaya_227@gmail.com,917201159167,1992-05-20,2019-06-29,PM-003
CUST-11695,Indrajit,Ramakrishnan,indrajit_708@outlook.com,917546678180,1991-10-07,2011-01-17,PM-003
CUST-11696,Neysa,Srinivasan,neysa.srinivasan224@outlook.com,919667446636,2002-01-04,2022-03-07,PM-004
CUST-11697,Ishaan,Khare,ishaan.khare632@yahoo.com,917537132866,1997-03-26,2024-02-19,PM-003
CUST-11698,Yuvaan,Luthra,yuvaan_175@icloud.com,919298532004,1986-04-13,2015-04-23,PM-003
CUST-11699,Hazel,Sundaram,hazel602@yahoo.com,917316368355,1988-11-01,2021-03-10,PM-002
CUST-11700,Misha,Thakkar,misha.thakkar189@icloud.com,919754188275,1978-06-02,1998-05-03,PM-003
CUST-11701,Stuvan,Chowdhury,stuvan.chowdhury280@hotmail.com,919956237417,1985-12-12,2015-08-17,PM-004
CUST-11702,Indranil,Setty,settyindranil470@outlook.com,919970077203,1996-12-02,2019-02-22,PM-001
CUST-11703,Fateh,Malhotra,malhotrafateh128@hotmail.com,918717208356,1989-09-09,2010-03-13,PM-003
CUST-11704,Shlok,Bhasin,bhasinshlok792@icloud.com,917009912121,1988-03-02,2008-01-01,PM-003
CUST-11705,Ranbir,Soni,ranbir132@icloud.com,917079639255,1982-11-08,2010-12-15,PM-001
CUST-11706,Inaaya ,Bansal,bansalinaaya 994@icloud.com,918375911699,2000-05-31,2019-01-06,PM-004
CUST-11707,Adira,Sethi,sethiadira342@hotmail.com,918298640694,1986-08-30,2012-11-26,PM-004
CUST-11708,Suhana,Dar,suhana.dar974@outlook.com,918097336119,1974-08-22,2005-07-15,PM-003
CUST-11709,Pranay,Setty,pranay.setty386@yahoo.com,917741479436,1976-07-20,2010-04-03,PM-002
CUST-11710,Purab,Mandal,purab878@icloud.com,919947929427,1979-05-17,2006-11-16,PM-004
CUST-11711,Anika,Kota,anika741@icloud.com,919168253428,1976-02-06,2016-07-10,PM-004
CUST-11712,Hunar,Lalla,lallahunar817@yahoo.com,918635045721,1985-03-11,2010-09-06,PM-003
CUST-11713,Raunak,Gill,raunak_360@gmail.com,917158310775,2005-07-04,2023-08-19,PM-001
CUST-11714,Parinaaz,Ravel,parinaaz.ravel305@yahoo.com,919699323420,2002-11-18,2023-04-08,PM-001
CUST-11715,Ela,Balay,ela_641@gmail.com,919029881934,1986-11-28,2007-08-29,PM-001
CUST-11716,Indrajit,Chahal,indrajit586@yahoo.com,917875752451,2002-12-25,2022-06-19,PM-001
CUST-11717,Chirag,Dar,chirag422@outlook.com,918910714406,1979-03-07,2009-07-18,PM-004
CUST-11718,Pihu,Balay,balaypihu709@yahoo.com,919888266500,2003-05-21,2024-03-12,PM-001
CUST-11719,Mamooty,Ram,mamooty.ram911@yahoo.com,918341291806,2006-03-08,2024-06-01,PM-001
CUST-11720,Anika,Goda,anika_806@outlook.com,918307497190,1981-04-13,2022-06-17,PM-004
CUST-11721,Dhanush,Sibal,dhanush_783@hotmail.com,918482748523,1979-06-06,2018-02-10,PM-004
CUST-11722,Kaira,Barad,baradkaira989@yahoo.com,917986100892,1976-05-22,2021-12-27,PM-003
CUST-11723,Aniruddh,Sen,aniruddh_171@icloud.com,917989995215,1989-03-26,2010-06-07,PM-002
CUST-11724,Devansh,Halder,devansh.halder404@outlook.com,918714151338,2004-03-23,2024-03-24,PM-001
CUST-11725,Dharmajan,Sankar,dharmajan_263@outlook.com,919989815103,1993-11-24,2018-11-10,PM-001
CUST-11726,Pihu,Singh,pihu304@yahoo.com,917947410885,1986-11-05,2023-01-31,PM-001
CUST-11727,Indranil,Golla,indranil.367@icloud.com,917580982446,1986-10-09,2009-01-28,PM-002
CUST-11728,Nayantara,Kaul,kaulnayantara490@outlook.com,918127066420,1976-08-19,2020-12-25,PM-003
CUST-11729,Mannat,Issac,mannat.issac132@yahoo.com,919613338723,2003-05-08,2023-08-29,PM-004
CUST-11730,Riya,Sawhney,riya.sawhney464@icloud.com,918384102818,1977-06-23,2008-02-13,PM-001
CUST-11731,Nayantara,Arya,nayantara640@outlook.com,918939319077,1978-02-13,2000-08-19,PM-003
CUST-11732,Kavya,Sani,kavya639@icloud.com,918316999411,1981-03-18,2007-01-01,PM-003
CUST-11733,Sahil,Bhavsar,sahil.bhavsar391@icloud.com,918916611551,2002-12-22,2022-04-13,PM-002
CUST-11734,Piya,Upadhyay,piya_685@gmail.com,918651051044,1978-10-24,2008-01-16,PM-003
CUST-11735,Anvi,Anand,anvi.anand348@hotmail.com,918182720019,2004-05-11,2022-05-22,PM-002
CUST-11736,Nayantara,Choudhary,nayantara_946@outlook.com,917360273997,1978-02-12,2001-11-16,PM-004
CUST-11737,Tushar,Gara,tushar972@icloud.com,919077334583,1990-05-27,2009-12-31,PM-002
CUST-11738,Veer,Edwin,veer.901@yahoo.com,919949824198,2000-10-15,2018-10-12,PM-004
CUST-11739,Anay,Shetty,anay213@outlook.com,918245237070,1977-04-21,1996-08-04,PM-001
CUST-11740,Stuvan,Bajaj,bajajstuvan588@hotmail.com,917205007483,1975-01-19,2002-01-25,PM-004
CUST-11741,Nakul,Devi,nakul.devi985@icloud.com,918523151022,1998-12-22,2022-02-08,PM-003
CUST-11742,Parinaaz,Srinivasan,parinaaz.srinivasan429@icloud.com,919381598407,1977-08-05,2022-07-05,PM-002
CUST-11743,Biju,Iyengar,biju.iyengar923@gmail.com,918031681025,1979-09-15,2021-11-27,PM-003
CUST-11744,Lavanya,D’Alia,d’alialavanya488@gmail.com,917495613024,1977-08-08,2019-06-14,PM-004
CUST-11745,Pihu,Kala,pihu.kala586@hotmail.com,918246263710,1974-06-30,2018-02-03,PM-004
CUST-11746,Hridaan,Dutt,hridaan373@gmail.com,917281450447,2005-03-06,2024-02-29,PM-001
CUST-11747,Mehul,Kakar,mehul.997@hotmail.com,918601916477,1993-07-16,2020-07-05,PM-004
CUST-11748,Nirvi,Sharma,nirvi_917@outlook.com,918514367904,1983-03-03,2009-12-08,PM-003
CUST-11749,Hridaan,Chandra,hridaan576@yahoo.com,918916230223,1982-08-16,2015-10-09,PM-002
CUST-11750,Adah,Krishna,adah683@outlook.com,919117644821,1992-11-23,2018-12-21,PM-004
CUST-11751,Shanaya,Krishnamurthy,shanaya.869@icloud.com,919781856027,1996-02-24,2015-08-15,PM-003
CUST-11752,Hrishita,Barad,hrishita_175@gmail.com,917259460331,1986-03-03,2023-08-13,PM-003
CUST-11753,Ira,Dash,ira.549@yahoo.com,918014542039,1985-06-21,2009-02-12,PM-003
CUST-11754,Rohan,Saran,rohan.450@yahoo.com,917030643042,1988-10-14,2009-02-16,PM-003
CUST-11755,Badal,Seth,badal.seth385@gmail.com,919674101876,1988-02-24,2019-02-02,PM-001
CUST-11756,Vaibhav,Balakrishnan,balakrishnanvaibhav795@hotmail.com,917046260717,2003-01-12,2023-03-21,PM-002
CUST-11757,Piya,Batra,batrapiya452@yahoo.com,917538569611,1992-04-28,2012-03-12,PM-001
CUST-11758,Neysa,Shankar,shankarneysa278@gmail.com,918199340215,1999-02-28,2021-11-18,PM-004
CUST-11759,Siya,Gera,gerasiya733@gmail.com,917178856928,1984-10-13,2017-05-23,PM-002
CUST-11760,Taimur,Bansal,taimur620@outlook.com,918134033469,1989-11-08,2022-11-09,PM-002
CUST-11761,Diya,Chander,diya_929@gmail.com,917755099100,1982-01-19,2010-09-04,PM-003
CUST-11762,Kaira,Dube,kaira.dube892@gmail.com,917369327059,2001-01-22,2022-10-13,PM-001
CUST-11763,Drishya,Batta,drishya_209@hotmail.com,918314808696,1992-04-11,2013-01-08,PM-002
CUST-11764,Kaira,Rajagopal,kaira.rajagopal320@icloud.com,919922278785,1992-07-08,2023-07-18,PM-003
CUST-11765,Uthkarsh,Sastry,uthkarsh.837@hotmail.com,919530267695,1978-11-13,2000-11-08,PM-002
CUST-11766,Armaan,Garde,armaan504@gmail.com,919709561732,1980-08-15,2010-08-26,PM-001
CUST-11767,Shanaya,Bhardwaj,shanaya.562@gmail.com,917829588479,1983-11-20,2003-01-26,PM-002
CUST-11768,Urvi,Golla,urvi_631@gmail.com,917463415075,1996-02-07,2019-09-04,PM-001
CUST-11769,Romil,Rastogi,romil.305@yahoo.com,919963847513,1993-10-01,2014-07-28,PM-001
CUST-11770,Hazel,Ravel,hazel.ravel958@outlook.com,919963663466,1980-08-19,1998-08-16,PM-003
CUST-11771,Vanya,Lata,vanya_274@gmail.com,918753601857,1979-08-09,1999-02-18,PM-003
CUST-11772,Yuvraj ,Bir,yuvraj .bir269@outlook.com,917422611157,1981-04-26,2020-10-01,PM-004
CUST-11773,Keya,Batra,keya.480@outlook.com,917314999206,1987-12-24,2022-12-11,PM-002
CUST-11774,Krish,Venkatesh,krish_670@gmail.com,919783039163,1992-05-16,2011-08-30,PM-003
CUST-11775,Taran,Bora,taran_437@hotmail.com,917098502529,1993-12-19,2021-02-02,PM-004
CUST-11776,Shray,Sahota,shray.sahota848@yahoo.com,918045097417,1974-08-05,1999-09-18,PM-001
CUST-11777,Lakshay,Ghose,lakshay.ghose687@yahoo.com,919336353914,1978-01-18,2021-10-17,PM-004
CUST-11778,Indrans,Chaudhuri,chaudhuriindrans318@gmail.com,919716529654,1984-01-12,2015-03-22,PM-004
CUST-11779,Himmat,Solanki,himmat.546@yahoo.com,919801994703,1977-10-23,2000-06-07,PM-002
CUST-11780,Ahana ,Balan,balanahana 921@outlook.com,918697806259,2005-11-12,2023-12-29,PM-004
CUST-11781,Hiran,Suri,surihiran616@yahoo.com,917648464798,1979-01-24,2021-03-03,PM-001
CUST-11782,Tejas,Bassi,tejas.bassi302@gmail.com,919385649591,1995-10-05,2021-07-15,PM-001
CUST-11783,Samiha,Sen,sensamiha951@outlook.com,918901351410,2001-05-22,2020-07-26,PM-002
CUST-11784,Rhea,Shukla,rhea451@gmail.com,918292755858,1976-10-29,2023-12-18,PM-004
CUST-11785,Aayush,Hayre,aayush.946@outlook.com,918817704368,1998-04-12,2020-10-21,PM-003
CUST-11786,Neelofar,Bal,neelofar_449@gmail.com,919151892865,1993-02-21,2019-05-12,PM-002
CUST-11787,Nitya,Keer,keernitya277@icloud.com,918286199102,1982-07-21,2001-07-24,PM-001
CUST-11788,Nitya,Shukla,shuklanitya495@gmail.com,917210622107,1997-10-08,2023-04-11,PM-001
CUST-11789,Anahita,Sinha,anahita.sinha642@icloud.com,918719359460,1995-12-11,2019-06-19,PM-003
CUST-11790,Kiaan,Randhawa,kiaan392@hotmail.com,918450307466,2003-09-15,2022-08-17,PM-004
CUST-11791,Shalv,Aurora,shalv.187@gmail.com,919716372163,2002-08-06,2020-11-25,PM-001
CUST-11792,Seher,Sawhney,seher.579@icloud.com,917713011542,1982-11-03,2005-06-30,PM-004
CUST-11793,Azad,Badami,azad.401@hotmail.com,919754097869,2004-07-04,2024-04-04,PM-004
CUST-11794,Shalv,Saraf,shalv_650@icloud.com,917898903317,1978-07-16,2002-01-22,PM-004
CUST-11795,Shaan,Walla,wallashaan666@yahoo.com,919379093727,1996-05-18,2020-08-20,PM-001
CUST-11796,Aaryahi,Chopra,aaryahi.764@outlook.com,917941978950,1997-05-01,2021-07-12,PM-004
CUST-11797,Anvi,Zachariah,zachariahanvi822@hotmail.com,917866762786,1979-08-25,2006-02-03,PM-003
CUST-11798,Samar,Thakur,samar445@outlook.com,918107988576,1975-11-19,2009-07-02,PM-001
CUST-11799,Mishti,Kakar,mishti.kakar352@outlook.com,919331264271,1985-02-20,2012-06-29,PM-003
CUST-11800,Tara,Saha,tara.saha254@outlook.com,919177870842,1989-01-09,2015-07-24,PM-003
CUST-11801,Shanaya,Bawa,shanaya.bawa716@outlook.com,919121853496,1986-03-16,2012-05-13,PM-001
CUST-11802,Mohanlal,Bandi,mohanlal.bandi124@outlook.com,919637918934,2000-01-21,2020-09-19,PM-003
CUST-11803,Vihaan,Lall,vihaan_799@icloud.com,917470935517,1983-12-27,2024-01-29,PM-003
CUST-11804,Ehsaan,Sachar,ehsaan791@hotmail.com,919489307574,2006-02-21,2024-02-17,PM-004
CUST-11805,Mannat,Sabharwal,mannat_911@hotmail.com,917951070316,1993-01-29,2012-11-23,PM-003
CUST-11806,Ryan,Suri,ryan.247@yahoo.com,919680911248,1987-05-02,2017-12-03,PM-002
CUST-11807,Piya,Ramakrishnan,piya.ramakrishnan326@icloud.com,918581185535,1993-02-02,2015-06-09,PM-004
CUST-11808,Bhavin,Dugal,dugalbhavin856@gmail.com,919170193662,1996-09-10,2021-05-10,PM-003
CUST-11809,Ivana,Dani,ivana447@gmail.com,919749590568,1996-01-06,2023-04-17,PM-004
CUST-11810,Alia,Wadhwa,alia.wadhwa894@icloud.com,918359607800,1975-11-26,2023-08-04,PM-002
CUST-11811,Azad,Vaidya,azad.365@outlook.com,918263361021,1993-07-22,2012-04-09,PM-003
CUST-11812,Aayush,Sridhar,aayush.sridhar820@gmail.com,918978794304,1980-09-21,2013-10-02,PM-003
CUST-11813,Yasmin,Sangha,yasmin.sangha834@outlook.com,919063848269,1988-07-26,2018-07-06,PM-001
CUST-11814,Kabir,Subramaniam,subramaniamkabir228@icloud.com,918274961080,1975-08-25,1999-06-17,PM-004
CUST-11815,Samar,Karan,samar.330@icloud.com,919923504380,1987-11-28,2013-07-19,PM-002
CUST-11816,Chirag,Comar,chirag_928@icloud.com,918121432241,1977-08-19,2014-07-26,PM-001
CUST-11817,Armaan,Sama,armaan.390@gmail.com,918778540954,1979-12-03,2013-11-06,PM-003
CUST-11818,Sana,Srinivasan,sana213@gmail.com,917700781494,1985-05-12,2023-06-29,PM-003
CUST-11819,Yasmin,Malhotra,malhotrayasmin636@yahoo.com,919369076482,1991-03-19,2022-12-24,PM-002
CUST-11820,Ivana,Master,ivana.156@icloud.com,918109770113,1995-05-14,2021-09-10,PM-004
CUST-11821,Veer,Bobal,veer.845@hotmail.com,918751335744,1984-10-26,2022-07-09,PM-002
CUST-11822,Tejas,Sanghvi,tejas_665@gmail.com,917484142689,1991-09-20,2023-12-28,PM-004
CUST-11823,Elakshi,Mangal,elakshi196@gmail.com,918020543607,1999-06-08,2020-06-16,PM-001
CUST-11824,Khushi,Ben,khushi591@outlook.com,919853157267,1997-08-22,2015-12-26,PM-001
CUST-11825,Hansh,Dalal,hansh169@gmail.com,918634502288,1991-01-11,2011-01-31,PM-001
CUST-11826,Veer,Vyas,vyasveer934@yahoo.com,919919017782,1978-05-24,2004-03-15,PM-003
CUST-11827,Krish,Kanda,krish513@gmail.com,919484283139,2005-02-22,2023-06-25,PM-001
CUST-11828,Kartik,Bakshi,kartik_111@hotmail.com,917872334840,1998-07-24,2019-04-30,PM-003
CUST-11829,Samiha,Sule,sulesamiha301@icloud.com,918966991160,2004-12-09,2024-03-03,PM-004
CUST-11830,Raunak,Vohra,vohraraunak443@icloud.com,919068670892,1999-05-22,2020-09-09,PM-004
CUST-11831,Nirvi,Mander,nirvi470@outlook.com,919596655742,1987-07-16,2016-05-26,PM-004
CUST-11832,Dhruv,Bhasin,dhruv.bhasin957@outlook.com,918301831083,1990-01-23,2014-06-19,PM-003
CUST-11833,Taran,Dora,taran228@outlook.com,917043212063,1987-07-08,2006-10-05,PM-001
CUST-11834,Zeeshan,Verma,zeeshan.verma941@outlook.com,919574005251,2001-01-02,2023-02-28,PM-004
CUST-11835,Farhan,Ramaswamy,farhan.672@yahoo.com,918695258859,2001-07-24,2022-02-22,PM-001
CUST-11836,Ritvik,Saran,ritvik.saran328@yahoo.com,919019888242,2002-09-25,2023-02-02,PM-001
CUST-11837,Rohan,Handa,rohan_159@hotmail.com,919684511967,1987-10-18,2015-01-03,PM-004
CUST-11838,Mohanlal,Suri,mohanlal_215@gmail.com,917877810943,1998-08-04,2024-04-19,PM-003
CUST-11839,Vihaan,Saxena,saxenavihaan179@hotmail.com,918145063815,1975-06-25,2019-02-12,PM-001
CUST-11840,Zara,Brahmbhatt,zara_301@hotmail.com,918196185380,1982-11-22,2013-10-19,PM-002
CUST-11841,Madhav,Sunder,sundermadhav255@hotmail.com,919136108130,1988-09-18,2012-07-05,PM-004
CUST-11842,Biju,Cherian,biju.cherian354@yahoo.com,917584484673,2004-09-25,2023-02-02,PM-001
CUST-11843,Samarth,Khurana,samarth_957@gmail.com,918537267427,1993-11-08,2021-11-19,PM-001
CUST-11844,Nayantara,Ghosh,nayantara800@outlook.com,917249293327,1986-05-20,2023-08-10,PM-002
CUST-11845,Onkar,Bora,onkar.131@yahoo.com,917290763598,2004-10-09,2024-01-22,PM-004
CUST-11846,Saira,Brar,saira.brar874@icloud.com,919449255135,1998-05-01,2016-12-07,PM-001
CUST-11847,Nakul,Thakur,nakul.thakur271@hotmail.com,918837683348,1995-03-17,2019-01-22,PM-002
CUST-11848,Kiaan,Saha,kiaan.saha119@icloud.com,918698662258,1993-07-24,2013-10-12,PM-002
CUST-11849,Yakshit,Kala,yakshit_257@outlook.com,917132566861,1994-09-23,2023-08-08,PM-001
CUST-11850,Tiya,Dhar,tiya.dhar313@yahoo.com,917114703436,1998-03-27,2024-05-02,PM-004
CUST-11851,Aarav,Arora,aroraaarav474@icloud.com,919763884641,1990-12-09,2011-03-22,PM-002
CUST-11852,Nishith,Lalla,nishith_302@icloud.com,918604919234,1995-04-24,2013-12-09,PM-003
CUST-11853,Zeeshan,Shan,zeeshan.shan557@gmail.com,917227954233,2003-09-24,2022-10-29,PM-004
CUST-11854,Kiaan,Bhatnagar,kiaan.490@yahoo.com,917035407572,2002-12-24,2022-10-01,PM-004
CUST-11855,Ishaan,Swamy,ishaan.660@yahoo.com,917060294840,1999-09-02,2020-07-30,PM-004
CUST-11856,Sana,Srinivas,sana.srinivas126@yahoo.com,918480230588,1992-01-11,2017-04-03,PM-002
CUST-11857,Tanya,Bobal,tanya_255@yahoo.com,919496972885,1999-05-14,2020-07-30,PM-004
CUST-11858,Mahika,Mani,mahika.mani546@icloud.com,917095359196,2005-09-27,2023-10-10,PM-002
CUST-11859,Adira,Hegde,adira_484@gmail.com,919722812758,1998-05-04,2019-01-10,PM-001
CUST-11860,Charvi,Bhardwaj,charvi887@outlook.com,918151455043,2005-10-10,2024-01-19,PM-003
CUST-11861,Aniruddh,Bora,aniruddh.bora947@icloud.com,917749648337,1981-11-16,2003-07-04,PM-002
CUST-11862,Arhaan,Amble,arhaan906@icloud.com,918835998520,1983-02-27,2019-05-28,PM-002
CUST-11863,Uthkarsh,Tank,uthkarsh.tank852@gmail.com,918553211144,1991-04-19,2013-08-09,PM-001
CUST-11864,Lavanya,Keer,lavanya254@outlook.com,918867143901,1987-10-16,2022-11-22,PM-003
CUST-11865,Eva,Shukla,shuklaeva435@yahoo.com,919651596294,1987-10-18,2018-01-20,PM-001
CUST-11866,Anvi,Lala,anvi_217@gmail.com,918719033436,2006-03-25,2024-04-05,PM-002
CUST-11867,Khushi,Butala,khushi361@hotmail.com,918264521844,1994-01-03,2015-07-10,PM-003
CUST-11868,Indrajit,Batra,batraindrajit155@yahoo.com,917438361449,1997-09-08,2017-11-28,PM-003
CUST-11869,Abram,Lall,lallabram550@icloud.com,917109845208,1982-12-21,2012-04-04,PM-004
CUST-11870,Mamooty,Srivastava,srivastavamamooty319@hotmail.com,917197433794,1983-01-01,2014-01-09,PM-001
CUST-11871,Adah,Char,adah.char272@outlook.com,917165855535,1978-07-25,2020-08-15,PM-001
CUST-11872,Prisha,Sabharwal,prisha.727@outlook.com,919522402097,1982-08-13,2015-08-30,PM-002
CUST-11873,Onkar,Guha,onkar.guha792@hotmail.com,918582435545,1985-01-31,2011-06-30,PM-002
CUST-11874,Shalv,Dugal,shalv.dugal235@icloud.com,919136113281,2004-11-10,2023-05-12,PM-004
CUST-11875,Tejas,Chacko,tejas341@gmail.com,918268068360,1999-05-17,2022-11-02,PM-004
CUST-11876,Kanav,Baral,baralkanav739@yahoo.com,919962299652,1977-06-10,2014-02-07,PM-003
CUST-11877,Tarini,Yohannan,yohannantarini750@outlook.com,917990849767,1975-04-03,1993-10-30,PM-003
CUST-11878,Uthkarsh,Tank,uthkarsh.774@yahoo.com,918380147263,1997-09-04,2023-10-23,PM-003
CUST-11879,Nitya,Aggarwal,nitya.aggarwal564@outlook.com,918359049761,1981-04-28,2011-04-30,PM-004
CUST-11880,Ayesha,Jayaraman,ayesha667@icloud.com,917380149329,2004-04-01,2022-09-20,PM-003
CUST-11881,Dhanuk,Mand,dhanuk.414@icloud.com,918701376207,1997-04-07,2016-05-05,PM-003
CUST-11882,Shaan,Bhandari,shaan.229@gmail.com,919140403581,1991-06-21,2014-06-12,PM-001
CUST-11883,Jivin,Arora,jivin762@icloud.com,918986790823,1977-07-21,2008-04-14,PM-003
CUST-11884,Trisha,Gola,trisha_410@gmail.com,917715095330,1983-11-26,2010-11-11,PM-001
CUST-11885,Inaaya ,Mall,inaaya .372@outlook.com,917106999096,2006-01-24,2024-05-22,PM-003
CUST-11886,Shaan,Lad,ladshaan472@icloud.com,917337149687,1997-05-08,2024-04-15,PM-003
CUST-11887,Bhavin,Dewan,bhavin804@hotmail.com,918557037785,1976-12-15,2022-01-06,PM-003
CUST-11888,Yuvaan,Kala,yuvaan378@hotmail.com,919754330910,1993-12-29,2020-04-23,PM-001
CUST-11889,Nitya,Soman,nitya559@hotmail.com,917067034897,1987-05-20,2012-06-24,PM-001
CUST-11890,Arnav,Sabharwal,arnav440@icloud.com,917120041410,1992-02-07,2017-07-08,PM-004
CUST-11891,Aniruddh,Dara,aniruddh.dara190@outlook.com,917530781115,1983-07-27,2004-10-12,PM-001
CUST-11892,Darshit,Ahuja,darshit.548@hotmail.com,917317364299,1988-05-11,2013-05-28,PM-003
CUST-11893,Aarav,Vasa,vasaaarav728@outlook.com,917333503636,1997-07-31,2023-05-08,PM-003
CUST-11894,Lavanya,Dhaliwal,lavanya_500@outlook.com,919804040237,1982-04-21,2014-05-13,PM-001
CUST-11895,Devansh,Bhandari,devansh_740@outlook.com,919389578475,1976-04-13,2011-01-08,PM-001
CUST-11896,Miraya,Rama,miraya811@yahoo.com,919111406399,1993-06-15,2012-08-25,PM-001
CUST-11897,Drishya,Dhillon,drishya.dhillon442@icloud.com,917722022911,2004-05-31,2023-02-05,PM-003
CUST-11898,Zeeshan,Kala,zeeshan.kala844@yahoo.com,917878436925,2000-02-17,2018-02-19,PM-003
CUST-11899,Himmat,Sarma,himmat.224@gmail.com,917732184988,1986-12-24,2015-12-11,PM-001
CUST-11900,Hazel,Dhawan,hazel.297@gmail.com,918221791154,2001-08-08,2019-12-30,PM-004
CUST-11901,Vardaniya,Ram,vardaniya.ram499@gmail.com,919020654916,1989-08-29,2010-08-23,PM-004
CUST-11902,Ojas,Sabharwal,ojas.sabharwal807@outlook.com,917828494909,2002-03-24,2021-12-11,PM-002
CUST-11903,Mahika,Ramanathan,ramanathanmahika338@hotmail.com,919366417324,1988-11-18,2011-06-24,PM-001
CUST-11904,Ojas,Sridhar,ojas_681@hotmail.com,918431642437,1977-09-19,2016-11-19,PM-004
CUST-11905,Lakshay,Joshi,lakshay.joshi605@hotmail.com,919325926229,2001-10-16,2023-03-29,PM-001
CUST-11906,Madhup,Ben,madhup_385@yahoo.com,918778461321,1983-08-01,2006-03-15,PM-002
CUST-11907,Nirvaan,Rajagopalan,nirvaan.rajagopalan985@icloud.com,917256354999,1993-07-04,2014-10-22,PM-004
CUST-11908,Saira,Gopal,saira.271@outlook.com,919688508608,1977-01-30,2019-11-07,PM-002
CUST-11909,Zeeshan,Suri,zeeshan.suri158@yahoo.com,919160431079,1995-04-19,2020-12-02,PM-003
CUST-11910,Taimur,Batra,taimur856@icloud.com,918108258960,1997-12-05,2018-10-03,PM-001
CUST-11911,Dhanush,Toor,dhanush_615@yahoo.com,919244956182,1995-06-22,2022-12-29,PM-004
CUST-11912,Emir,Agate,emir_927@gmail.com,917992483150,1998-10-29,2020-06-06,PM-003
CUST-11913,Jhanvi,Dara,jhanvi_241@yahoo.com,918073408663,2006-05-28,2024-06-11,PM-001
CUST-11914,Akarsh,Madan,madanakarsh703@yahoo.com,917269301970,1981-09-02,2016-04-03,PM-002
CUST-11915,Gatik,Gulati,gatik431@hotmail.com,918017916212,1990-08-12,2017-05-28,PM-003
CUST-11916,Tarini,Issac,tarini.754@yahoo.com,917242489648,1975-03-14,2003-04-04,PM-001
CUST-11917,Vanya,Chaudhari,vanya.chaudhari484@outlook.com,917891479996,1998-12-03,2017-05-20,PM-004
CUST-11918,Aayush,Shanker,aayush.715@icloud.com,918866821958,1979-09-12,2014-01-02,PM-004
CUST-11919,Hazel,Dar,hazel.335@gmail.com,917272657892,1979-12-30,2019-09-25,PM-001
CUST-11920,Mohanlal,Ranganathan,mohanlal.ranganathan557@hotmail.com,918757892726,2002-05-14,2022-09-12,PM-004
CUST-11921,Dhanush,Basu,dhanush.basu301@gmail.com,919787829323,1991-12-30,2011-10-02,PM-002
CUST-11922,Kiaan,Kata,kiaan_787@gmail.com,917862310671,1990-05-18,2011-01-02,PM-004
CUST-11923,Ayesha,Raval,ayesha_763@gmail.com,918842994014,1981-02-10,2009-08-28,PM-002
CUST-11924,Arhaan,Walia,arhaan_454@icloud.com,919606717073,1975-06-04,2018-11-22,PM-004
CUST-11925,Adira,Dora,adira.978@hotmail.com,918335146415,1998-04-22,2019-08-29,PM-004
CUST-11926,Chirag,Sood,chirag.sood202@icloud.com,917182142560,1986-07-10,2011-05-14,PM-001
CUST-11927,Neelofar,Bahri,bahrineelofar889@hotmail.com,917143439715,1984-08-03,2008-01-27,PM-003
CUST-11928,Ela,Agarwal,agarwalela152@icloud.com,918781704516,1986-01-06,2014-08-14,PM-004
CUST-11929,Taran,Krishnan,taran.krishnan837@hotmail.com,917719594407,1977-04-09,2003-06-03,PM-001
CUST-11930,Jhanvi,Batra,jhanvi.batra794@outlook.com,917352261616,1999-11-27,2019-05-19,PM-002
CUST-11931,Anahita,Bahri,anahita707@icloud.com,919502361564,1988-06-23,2022-06-28,PM-002
CUST-11932,Kartik,Kar,kartik_863@icloud.com,918791330789,1978-11-16,2016-01-02,PM-004
CUST-11933,Shlok,Gour,shlok.882@outlook.com,918620051687,1991-02-18,2010-06-06,PM-003
CUST-11934,Riaan,Kari,riaan.289@yahoo.com,919684472340,1986-10-16,2019-07-02,PM-001
CUST-11935,Manikya,Sandhu,manikya134@hotmail.com,917353313588,2001-07-26,2020-05-17,PM-002
CUST-11936,Jhanvi,Lall,jhanvi915@hotmail.com,918039432173,1975-10-04,2016-03-12,PM-003
CUST-11937,Khushi,Madan,madankhushi174@icloud.com,919292545246,2001-02-05,2021-04-24,PM-001
CUST-11938,Manjari,Arya,manjari_679@gmail.com,917194425305,1993-01-16,2018-06-07,PM-003
CUST-11939,Trisha,Ray,trisha_631@outlook.com,919056056309,1992-03-17,2019-10-03,PM-001
CUST-11940,Myra,Agate,myra.348@yahoo.com,918285380577,1998-12-17,2023-06-09,PM-003
CUST-11941,Ela,Ben,ela.ben953@gmail.com,918957043295,1990-02-02,2013-08-07,PM-001
CUST-11942,Jayesh,Gade,gadejayesh175@gmail.com,917135163508,1994-12-18,2013-10-22,PM-001
CUST-11943,Yashvi,Khatri,yashvi.750@outlook.com,918698009883,1988-05-03,2009-11-05,PM-004
CUST-11944,Seher,Dugal,seher897@yahoo.com,918467900207,1975-06-15,1994-05-07,PM-004
CUST-11945,Mamooty,Gour,mamooty.gour701@outlook.com,919484791861,1997-05-13,2017-11-17,PM-003
CUST-11946,Faiyaz,Ramaswamy,faiyaz.ramaswamy556@outlook.com,919243797883,1981-02-01,2003-01-02,PM-003
CUST-11947,Abram,Rao,abram_203@hotmail.com,918299543828,1991-02-19,2021-04-05,PM-004
CUST-11948,Riya,Jha,riya_126@icloud.com,919037672540,1998-12-17,2019-11-01,PM-001
CUST-11949,Diya,Sane,sanediya188@outlook.com,918758904634,1975-12-07,2004-02-24,PM-002
CUST-11950,Vihaan,Bhattacharyya,vihaan.720@hotmail.com,919030568735,2005-01-08,2023-11-11,PM-001
CUST-11951,Tejas,Sampath,tejas.324@icloud.com,917169508063,1997-12-01,2021-08-31,PM-001
CUST-11952,Chirag,Khanna,khannachirag691@outlook.com,917643454546,2003-11-13,2023-08-02,PM-004
CUST-11953,Anahita,Karpe,anahita_351@gmail.com,919009558786,1987-12-15,2010-02-07,PM-002
CUST-11954,Riya,Bala,riya.bala272@hotmail.com,919264260776,1992-02-17,2023-01-05,PM-002
CUST-11955,Advika,Tata,advika_543@outlook.com,918192270807,1986-05-31,2019-11-12,PM-002
CUST-11956,Ayesha,Madan,ayesha961@icloud.com,919863200803,1976-06-18,2021-01-27,PM-003
CUST-11957,Dhanush,Tailor,dhanush674@outlook.com,917063268269,1987-08-20,2020-09-15,PM-002
CUST-11958,Sara,Baria,sara.baria104@outlook.com,918977849522,1978-09-27,2012-12-07,PM-004
CUST-11959,Lagan,Agate,lagan.agate565@hotmail.com,917508442691,1999-11-14,2021-04-09,PM-003
CUST-11960,Jayant,Deshpande,deshpandejayant354@outlook.com,918055800026,1977-07-23,1999-07-21,PM-003
CUST-11961,Hridaan,Thaker,hridaan.589@outlook.com,918900102216,1994-09-04,2024-01-08,PM-001
CUST-11962,Misha,Sandal,sandalmisha571@icloud.com,918281521304,1976-11-30,1997-03-01,PM-002
CUST-11963,Anahita,Sethi,anahita_595@icloud.com,918117808593,1985-12-19,2020-10-26,PM-001
CUST-11964,Neysa,Devi,neysa.devi301@outlook.com,918646456085,2000-07-02,2022-07-24,PM-004
CUST-11965,Samar,Yogi,samar.645@gmail.com,919998321662,1991-10-12,2023-07-14,PM-004
CUST-11966,Aaina,Chaudhry,aaina_339@hotmail.com,917075395903,2002-12-25,2023-01-07,PM-003
CUST-11967,Divyansh,Bora,divyansh.bora984@outlook.com,917494681895,1977-08-21,2001-01-09,PM-001
CUST-11968,Kaira,Sampath,kaira.473@icloud.com,917407610310,1989-05-09,2021-08-23,PM-001
CUST-11969,Rhea,Sachdeva,sachdevarhea586@gmail.com,917025208230,1991-07-02,2016-04-19,PM-001
CUST-11970,Heer,Bawa,bawaheer749@yahoo.com,919707914949,2002-10-05,2023-09-28,PM-003
CUST-11971,Tushar,Venkataraman,tushar.503@gmail.com,918158057602,1994-01-27,2014-12-20,PM-004
CUST-11972,Taimur,Ramesh,taimur.932@hotmail.com,917659127384,1978-10-01,2023-04-19,PM-004
CUST-11973,Kismat,Atwal,kismat710@icloud.com,919441177908,1985-07-17,2008-05-17,PM-004
CUST-11974,Biju,Viswanathan,biju243@outlook.com,919946776113,1977-03-07,2023-09-13,PM-004
CUST-11975,Saksham,Majumdar,saksham_347@outlook.com,918220671515,1995-12-21,2023-04-11,PM-001
CUST-11976,Zoya,Barad,baradzoya100@icloud.com,918948038454,2002-12-12,2024-03-07,PM-003
CUST-11977,Kashvi,Batta,kashvi.batta277@icloud.com,917397463418,1992-04-17,2014-12-04,PM-004
CUST-11978,Darshit,Vyas,darshit.vyas477@hotmail.com,917038860354,1979-03-05,2007-03-23,PM-001
CUST-11979,Ranbir,Atwal,atwalranbir164@outlook.com,919060084309,1999-02-27,2018-11-23,PM-001
CUST-11980,Neysa,Bail,neysa.564@yahoo.com,918431021073,2000-09-23,2023-06-03,PM-002
CUST-11981,Prisha,Devi,prisha_363@yahoo.com,919049363099,1980-05-03,2002-05-26,PM-004
CUST-11982,Nirvi,Mammen,mammennirvi594@yahoo.com,917487668314,1981-01-20,2003-11-06,PM-004
CUST-11983,Pihu,Jayaraman,pihu.335@icloud.com,918236169267,1998-02-08,2024-02-06,PM-002
CUST-11984,Tejas,Virk,virktejas905@gmail.com,918400648913,1982-05-02,2002-01-19,PM-003
CUST-11985,Nitya,Jhaveri,nitya128@yahoo.com,918522748933,1991-03-21,2021-05-03,PM-003
CUST-11986,Devansh,Dayal,devansh_544@hotmail.com,919679342328,1997-11-30,2017-04-06,PM-004
CUST-11987,Lagan,Goyal,lagan.goyal883@gmail.com,919676782080,2002-04-09,2023-06-28,PM-004
CUST-11988,Gatik,Goda,gatik_824@gmail.com,918551869148,1989-01-02,2012-10-29,PM-001
CUST-11989,Rania,Saran,saranrania769@outlook.com,918882762803,1978-09-25,2015-02-22,PM-001
CUST-11990,Nishith,Kaur,kaurnishith649@gmail.com,917152098008,1984-11-21,2012-07-20,PM-001
CUST-11991,Aaryahi,Mannan,aaryahi.mannan294@hotmail.com,919613834238,2004-05-12,2023-06-12,PM-001
CUST-11992,Tiya,Srinivas,tiya192@hotmail.com,918598583092,1980-03-23,2000-08-24,PM-004
CUST-11993,Trisha,Bose,trisha203@outlook.com,917707047645,2004-10-17,2023-02-05,PM-004
CUST-11994,Navya,Luthra,luthranavya110@gmail.com,918624921184,1982-03-14,2015-06-15,PM-002
CUST-11995,Vardaniya,Lanka,vardaniya_498@icloud.com,919651052112,1976-07-14,2002-09-22,PM-003
CUST-11996,Ritvik,Chad,chadritvik225@icloud.com,919009359494,2004-04-28,2024-04-21,PM-003
CUST-11997,Kartik,Bakshi,kartik.765@outlook.com,918052040070,2006-05-29,2024-06-09,PM-001
CUST-11998,Stuvan,Mangal,stuvan.mangal958@outlook.com,918574554057,1981-09-19,2021-07-31,PM-003
CUST-11999,Romil,Jayaraman,romil303@gmail.com,919678377229,1989-03-06,2018-01-06,PM-004
CUST-12000,Diya,Sant,diya.451@yahoo.com,919664132260,1988-07-27,2016-11-20,PM-003
CUST-12001,Yasmin,Bhatia,bhatiayasmin683@yahoo.com,917539757839,1991-02-15,2018-01-23,PM-001
CUST-12002,Sahil,Gade,sahil_821@gmail.com,918591031034,1994-05-28,2017-01-10,PM-004
CUST-12003,Drishya,Som,drishya.som612@gmail.com,918720821753,1980-06-24,2015-06-13,PM-002
CUST-12004,Bhavin,Mane,bhavin.928@icloud.com,918949764300,1989-06-03,2016-08-11,PM-004
CUST-12005,Vardaniya,Sarraf,vardaniya.sarraf597@outlook.com,919372746067,1999-09-07,2023-01-05,PM-002
CUST-12006,Jivika,Chandra,jivika.chandra461@yahoo.com,918798102985,1981-12-06,2005-05-07,PM-001
CUST-12007,Darshit,Goyal,darshit.237@outlook.com,919802533211,2004-11-27,2023-06-15,PM-001
CUST-12008,Siya,Bhalla,siya.683@yahoo.com,917491063684,2002-11-28,2022-01-03,PM-002
CUST-12009,Priyansh,Sami,priyansh_998@outlook.com,919949230051,2004-02-11,2023-11-01,PM-004
CUST-12010,Dhruv,Behl,dhruv676@hotmail.com,917054501589,1978-05-20,2012-08-03,PM-002
CUST-12011,Zoya,Vaidya,zoya.149@icloud.com,919084370435,1992-10-26,2017-05-24,PM-002
CUST-12012,Ranbir,Devi,ranbir.devi816@gmail.com,917049384730,1975-08-21,2006-12-25,PM-001
CUST-12013,Gokul,Sengupta,gokul.sengupta370@icloud.com,919534693909,1996-12-24,2015-11-26,PM-004
CUST-12014,Arhaan,Kapoor,arhaan.530@outlook.com,917322090713,1978-09-02,2002-06-12,PM-003
CUST-12015,Mehul,Kale,mehul.kale706@gmail.com,917032927752,1999-02-20,2023-06-15,PM-001
CUST-12016,Vidur,Shere,vidur317@icloud.com,918993784087,1989-07-18,2016-06-10,PM-003
CUST-12017,Hazel,Madan,hazel831@hotmail.com,917909475783,2003-06-08,2024-02-16,PM-002
CUST-12018,Aayush,Samra,aayush814@hotmail.com,917691997773,2005-05-04,2024-03-14,PM-003
CUST-12019,Madhav,Sengupta,madhav.sengupta210@outlook.com,919708815262,1990-04-16,2016-02-29,PM-004
CUST-12020,Bhamini,Acharya,bhamini.229@yahoo.com,919638973203,1974-10-28,2002-02-14,PM-002
CUST-12021,Trisha,Saraf,trisha_615@outlook.com,917566041220,1998-08-22,2022-05-12,PM-002
CUST-12022,Shaan,Gola,shaan883@gmail.com,918793900875,1993-11-21,2018-03-19,PM-004
CUST-12023,Umang,Lanka,umang329@outlook.com,917319084137,1984-11-08,2004-05-21,PM-003
CUST-12024,Saksham,Chakraborty,saksham.chakraborty264@yahoo.com,919286185296,1991-03-21,2017-05-24,PM-001
CUST-12025,Shalv,Trivedi,shalv852@icloud.com,917085616238,1982-02-28,2019-04-11,PM-001
CUST-12026,Devansh,Madan,devansh.636@hotmail.com,919321574801,1985-12-17,2019-06-13,PM-003
CUST-12027,Samiha,Ratti,rattisamiha596@icloud.com,919620895121,1985-08-26,2021-04-19,PM-004
CUST-12028,Onkar,Sabharwal,onkar.sabharwal532@hotmail.com,919655326436,1992-07-10,2018-02-24,PM-003
CUST-12029,Myra,Chadha,myra_721@outlook.com,919689223916,2002-03-12,2022-10-03,PM-004
CUST-12030,Himmat,Devi,himmat_279@hotmail.com,917683294736,1988-04-18,2020-11-01,PM-003
CUST-12031,Armaan,Ganguly,armaan.826@hotmail.com,917675216547,1986-09-18,2019-06-14,PM-002
CUST-12032,Ranbir,Bandi,ranbir207@hotmail.com,919896390532,1996-05-24,2020-08-14,PM-001
CUST-12033,Divyansh,Master,divyansh.127@yahoo.com,919478259593,2002-01-18,2021-02-14,PM-001
CUST-12034,Jiya,Sekhon,jiya_532@outlook.com,919490640482,1989-01-10,2013-09-23,PM-003
CUST-12035,Navya,Kadakia,navya_356@hotmail.com,919218890775,1999-07-05,2023-03-28,PM-002
CUST-12036,Samaira,Issac,samaira_888@outlook.com,917308695782,1980-11-01,2017-12-12,PM-004
CUST-12037,Tejas,Bhat,bhattejas207@yahoo.com,919116081747,1978-08-14,1997-03-02,PM-003
CUST-12038,Pranay,Varty,pranay986@gmail.com,918674082211,1992-08-21,2022-09-10,PM-003
CUST-12039,Vivaan,Toor,vivaan.toor999@yahoo.com,919939942180,1992-05-29,2015-06-19,PM-004
CUST-12040,Misha,Uppal,misha_167@gmail.com,918463509077,1981-05-03,2005-02-18,PM-004
CUST-12041,Taran,Ramanathan,taran.ramanathan186@outlook.com,917161617773,1995-11-26,2023-10-24,PM-001
CUST-12042,Ahana ,Shan,ahana _384@hotmail.com,918287502622,2001-09-23,2021-08-12,PM-003
CUST-12043,Ryan,Madan,ryan_663@hotmail.com,917017667664,2002-10-08,2022-10-24,PM-001
CUST-12044,Kiaan,Chatterjee,kiaan968@outlook.com,917907937897,1996-07-21,2019-10-09,PM-004
CUST-12045,Tanya,Sibal,sibaltanya249@gmail.com,917734344217,1993-10-05,2018-01-22,PM-001
CUST-12046,Ojas,Lad,ojas_379@icloud.com,918239513765,1986-02-24,2019-01-09,PM-002
CUST-12047,Ahana ,Srivastava,ahana _125@hotmail.com,918701049792,1995-07-16,2021-08-10,PM-002
CUST-12048,Myra,Mander,myra_551@outlook.com,918748744746,2005-02-18,2023-09-09,PM-001
CUST-12049,Zeeshan,Vasa,zeeshan.vasa100@gmail.com,919258075161,1983-01-22,2014-09-21,PM-004
CUST-12050,Saanvi,Chhabra,saanvi_672@icloud.com,917913925018,1978-10-30,2023-06-11,PM-003
CUST-12051,Keya,Sengupta,keya_643@outlook.com,917422134909,1995-02-17,2018-10-16,PM-003
CUST-12052,Kanav,Magar,kanav639@gmail.com,917197599668,2001-02-16,2021-06-24,PM-002
CUST-12053,Pari,Joshi,pari516@outlook.com,918312558899,1987-08-13,2010-03-20,PM-002
CUST-12054,Lakshit,Dhawan,lakshit_495@icloud.com,917167131361,1975-10-25,2015-02-09,PM-004
CUST-12055,Misha,Rege,misha.rege601@gmail.com,917775002320,1983-05-12,2020-04-17,PM-004
CUST-12056,Eshani,Gandhi,eshani.gandhi208@yahoo.com,917885418530,2005-03-19,2023-05-15,PM-004
CUST-12057,Mehul,Johal,johalmehul945@gmail.com,918261828419,1996-01-31,2018-01-02,PM-001
CUST-12058,Kavya,Kalla,kavya718@hotmail.com,917749820393,1985-05-18,2007-06-15,PM-003
CUST-12059,Divyansh,Raval,divyansh.621@icloud.com,919023760518,1999-02-08,2018-06-09,PM-002
CUST-12060,Nakul,Hans,nakul_617@outlook.com,919624512043,1974-06-15,2001-01-22,PM-004
CUST-12061,Misha,Raval,misha.raval806@gmail.com,918922944211,1991-11-15,2013-07-02,PM-002
CUST-12062,Baiju,Soman,baiju932@outlook.com,917817064603,1993-09-26,2020-09-16,PM-002
CUST-12063,Keya,Chopra,keya704@gmail.com,918001723521,1994-01-07,2019-07-13,PM-002
CUST-12064,Kaira,Ramaswamy,kaira613@gmail.com,917519115669,1995-01-02,2014-06-03,PM-001
CUST-12065,Myra,Virk,myra.733@hotmail.com,917702446217,1983-12-05,2021-01-05,PM-004
CUST-12066,Reyansh,Kapoor,reyansh_656@outlook.com,919044472209,1978-07-09,2003-05-24,PM-001
CUST-12067,Anaya,Jayaraman,anaya202@outlook.com,919418489022,1997-01-26,2020-04-22,PM-001
CUST-12068,Renee,Doshi,renee861@icloud.com,917150455458,1998-12-22,2022-06-29,PM-003
CUST-12069,Dharmajan,Jani,dharmajan.jani699@icloud.com,917282440236,1994-10-31,2016-08-02,PM-001
CUST-12070,Anahita,Chaudry,anahita618@yahoo.com,918187135874,1986-12-07,2013-08-11,PM-001
CUST-12071,Advik,Dutta,duttaadvik942@icloud.com,917330960698,2002-09-22,2021-05-07,PM-002
CUST-12072,Prisha,Dhawan,dhawanprisha197@gmail.com,918833289650,1980-01-03,2003-10-15,PM-001
CUST-12073,Dharmajan,Dave,davedharmajan808@icloud.com,918208118572,1990-09-12,2013-04-13,PM-001
CUST-12074,Vihaan,Dhingra,vihaan.304@outlook.com,919378006879,1996-08-06,2020-07-29,PM-001
CUST-12075,Yuvaan,Bandi,yuvaan.bandi118@hotmail.com,917135751848,1975-08-27,2015-02-05,PM-003
CUST-12076,Madhup,Chaudry,madhup_154@gmail.com,918463404169,1990-09-29,2011-12-25,PM-001
CUST-12077,Darshit,Bhakta,darshit.bhakta113@gmail.com,918600386929,2005-12-20,2023-12-16,PM-002
CUST-12078,Yashvi,Ganesh,yashvi.ganesh330@icloud.com,917939350146,1985-04-18,2020-03-19,PM-004
CUST-12079,Rasha,Bains,rasha.527@gmail.com,918948893798,1981-12-09,2018-03-30,PM-002
CUST-12080,Farhan,Sahota,sahotafarhan682@hotmail.com,917519287237,1975-03-21,2008-07-08,PM-003
CUST-12081,Ela,Singh,ela_785@outlook.com,919356432285,1993-10-10,2019-09-25,PM-001
CUST-12082,Damini,Chakraborty,chakrabortydamini305@icloud.com,919958021340,1982-03-12,2007-04-08,PM-004
CUST-12083,Aradhya,Dugar,aradhya.965@outlook.com,919176183843,1975-02-08,2006-07-04,PM-004
CUST-12084,Ojas,Kulkarni,kulkarniojas687@icloud.com,919847519804,1987-07-22,2019-02-10,PM-004
CUST-12085,Shamik,Kota,shamik_707@outlook.com,918466644156,1989-10-30,2023-07-17,PM-004
CUST-12086,Hrishita,Grover,hrishita_687@icloud.com,919490994025,1980-07-22,2005-02-14,PM-004
CUST-12087,Prisha,Jhaveri,prisha504@hotmail.com,919335679542,1999-04-06,2021-07-05,PM-004
CUST-12088,Neysa,Hayer,neysa597@outlook.com,919870649686,1981-02-13,2003-10-11,PM-003
CUST-12089,Yuvraj ,Mammen,yuvraj .mammen897@hotmail.com,919127301705,1986-12-28,2010-01-29,PM-003
CUST-12090,Kabir,Handa,kabir997@outlook.com,917599269491,1976-07-15,1998-10-01,PM-001
CUST-12091,Uthkarsh,Chahal,uthkarsh.chahal719@icloud.com,917472706984,1982-03-20,2015-08-15,PM-001
CUST-12092,Miraya,Chauhan,miraya.311@outlook.com,919001827442,1984-11-24,2014-05-04,PM-003
CUST-12093,Lagan,Bora,lagan.195@gmail.com,919847212224,1985-04-30,2018-07-10,PM-003
CUST-12094,Akarsh,Tailor,akarsh.tailor792@yahoo.com,917910671456,1978-01-28,2006-08-10,PM-004
CUST-12095,Nitya,Yohannan,nitya.986@outlook.com,918943301766,1995-10-05,2018-12-05,PM-002
CUST-12096,Darshit,Bhat,darshit_311@yahoo.com,919807277314,2005-07-07,2024-02-02,PM-003
CUST-12097,Manikya,Mammen,manikya_933@hotmail.com,919271212262,2001-07-30,2020-01-20,PM-001
CUST-12098,Hunar,Dua,hunar553@yahoo.com,919662248349,1995-01-03,2019-08-25,PM-004
CUST-12099,Vivaan,Sarkar,sarkarvivaan118@hotmail.com,919555638036,1989-04-16,2008-12-13,PM-003
CUST-12100,Aaina,Sule,aaina_448@outlook.com,917233931731,2002-09-12,2022-11-27,PM-004
CUST-12101,Miraan,Borah,miraan.824@yahoo.com,918914490844,1977-08-05,2010-06-23,PM-002
CUST-12102,Kiara,Srinivasan,kiara.srinivasan468@outlook.com,918631266152,2000-03-15,2024-02-07,PM-002
CUST-12103,Purab,Koshy,purab.718@yahoo.com,917529181952,1996-06-30,2016-01-11,PM-003
CUST-12104,Yuvaan,Tella,yuvaan.tella499@yahoo.com,918254531987,1974-07-24,2008-04-01,PM-001
CUST-12105,Yuvraj ,Kaur,kauryuvraj 865@gmail.com,917772537068,1976-11-23,2005-03-17,PM-004
CUST-12106,Tiya,Mahajan,tiya_452@hotmail.com,917527329384,1984-02-17,2014-10-23,PM-002
CUST-12107,Nayantara,Mand,nayantara981@hotmail.com,919407320206,2005-12-25,2024-06-05,PM-004
CUST-12108,Ehsaan,Ramanathan,ehsaan_325@outlook.com,917090484244,1999-02-01,2022-07-23,PM-001
CUST-12109,Abram,Hayer,abram.hayer796@outlook.com,918514341302,2000-04-04,2020-04-25,PM-001
CUST-12110,Mannat,Doctor,doctormannat797@outlook.com,918084448354,1989-09-15,2018-09-03,PM-001
CUST-12111,Anay,Grover,anay780@outlook.com,917909954657,2003-06-07,2024-02-05,PM-002
CUST-12112,Aarav,Hayer,aarav.346@icloud.com,917303135164,1996-01-21,2019-10-07,PM-002
CUST-12113,Saanvi,Yohannan,saanvi919@icloud.com,918551174815,1981-02-05,2016-10-12,PM-002
CUST-12114,Adah,Iyer,adah.493@yahoo.com,919395469951,1974-08-10,1996-11-01,PM-001
CUST-12115,Ehsaan,Chander,ehsaan.189@gmail.com,919348603474,1999-01-25,2019-08-24,PM-002
CUST-12116,Shlok,Bhatt,shlok.bhatt578@icloud.com,919291065071,2003-01-04,2021-09-10,PM-004
CUST-12117,Adira,Cheema,adira.cheema532@icloud.com,918205826324,1976-05-27,2021-11-10,PM-003
CUST-12118,Kimaya,Sama,kimaya402@yahoo.com,919004022214,1977-08-09,1998-12-07,PM-004
CUST-12119,Keya,Rastogi,keya.967@outlook.com,918244066891,1984-05-12,2018-09-18,PM-003
CUST-12120,Saira,Goel,saira.goel794@icloud.com,919663507689,1978-12-10,2013-02-10,PM-004
CUST-12121,Kiaan,Chanda,chandakiaan702@outlook.com,919086690962,2005-01-11,2023-07-07,PM-001
CUST-12122,Eshani,Chacko,eshani_716@yahoo.com,918332715496,2004-05-10,2023-11-15,PM-001
CUST-12123,Divyansh,Hans,divyansh.608@gmail.com,917122847900,1978-01-21,2005-04-03,PM-002
CUST-12124,Rhea,Raja,rajarhea946@icloud.com,918880245642,1989-06-08,2009-01-28,PM-002
CUST-12125,Romil,Sarin,sarinromil937@outlook.com,919686194822,1987-01-22,2020-09-22,PM-001
CUST-12126,Bhavin,Mammen,bhavin.889@gmail.com,918942742018,1975-01-23,2020-01-17,PM-004
CUST-12127,Saanvi,Master,mastersaanvi720@hotmail.com,919883622549,1986-02-19,2009-09-16,PM-003
CUST-12128,Siya,Deo,siya568@yahoo.com,918795964799,1974-06-24,2003-03-14,PM-003
CUST-12129,Zaina,Zacharia,zaina.154@outlook.com,917332395506,1995-07-23,2016-05-19,PM-003
CUST-12130,Zoya,Gandhi,zoya.300@outlook.com,918543446294,1988-05-04,2017-01-13,PM-004
CUST-12131,Nitya,Loyal,loyalnitya445@icloud.com,918224622983,1976-12-02,2012-12-19,PM-004
CUST-12132,Raunak,Khalsa,raunak554@outlook.com,919251532615,1996-01-16,2020-12-18,PM-001
CUST-12133,Kiara,Saha,kiara_908@yahoo.com,918579553984,1997-05-09,2022-04-25,PM-002
CUST-12134,Dishani,Agrawal,dishani.734@yahoo.com,919526695666,2003-08-05,2023-07-18,PM-001
CUST-12135,Ivan,Sani,ivan.143@hotmail.com,917518247284,1977-02-24,2019-04-09,PM-001
CUST-12136,Farhan,Sangha,farhan.sangha989@hotmail.com,919054819123,2001-12-19,2020-12-25,PM-002
CUST-12137,Fateh,Goswami,fateh.goswami769@outlook.com,918482237435,1996-11-03,2015-04-30,PM-002
CUST-12138,Anahi,Datta,anahi.276@yahoo.com,918299428736,1976-09-08,2016-11-19,PM-002
CUST-12139,Hridaan,Venkatesh,hridaan.930@outlook.com,919317489717,2006-01-04,2024-03-10,PM-004
CUST-12140,Ishita,Sur,ishita636@yahoo.com,919856875987,1989-12-08,2011-12-24,PM-001
CUST-12141,Samaira,Karnik,samaira.792@icloud.com,919179642974,1990-05-04,2021-06-29,PM-001
CUST-12142,Tanya,Kale,tanya_845@hotmail.com,917029227234,2006-01-25,2024-05-18,PM-001
CUST-12143,Prisha,Golla,prisha.274@hotmail.com,919231480681,1999-03-27,2023-01-09,PM-001
CUST-12144,Sana,Sant,santsana888@outlook.com,918596786736,1992-12-16,2013-05-13,PM-003
CUST-12145,Shalv,Bose,boseshalv511@outlook.com,918684843937,1999-02-11,2017-06-10,PM-002
CUST-12146,Sana,Gopal,sana.gopal299@outlook.com,919584623976,1991-04-07,2009-05-21,PM-003
CUST-12147,Yuvaan,Loke,yuvaan_269@yahoo.com,919592668637,1977-11-02,2019-03-18,PM-003
CUST-12148,Dhruv,Balay,dhruv550@yahoo.com,917961091258,1983-09-09,2003-02-01,PM-002
CUST-12149,Nayantara,Chopra,nayantara.chopra160@yahoo.com,918867109937,1990-06-04,2012-09-20,PM-003
CUST-12150,Lakshay,Sama,lakshay_435@icloud.com,919811569990,1982-12-09,2008-08-25,PM-004
CUST-12151,Nakul,Sidhu,sidhunakul640@yahoo.com,919966235628,1982-11-22,2017-05-14,PM-001
CUST-12152,Raunak,Kapadia,raunak225@icloud.com,918239993866,1983-11-06,2008-02-14,PM-003
CUST-12153,Amani,Borah,amani_467@gmail.com,917713405871,2005-09-15,2024-04-02,PM-004
CUST-12154,Divit,Dhillon,divit.dhillon863@outlook.com,918090481779,1983-06-09,2020-08-21,PM-003
CUST-12155,Tejas,Dubey,tejas730@outlook.com,919147192978,1995-01-01,2018-08-23,PM-003
CUST-12156,Faiyaz,Vasa,vasafaiyaz457@gmail.com,918499781527,2000-11-10,2020-05-13,PM-003
CUST-12157,Raunak,Vig,raunak437@outlook.com,917674808472,1977-08-06,1996-01-29,PM-002
CUST-12158,Shray,Kara,shray830@yahoo.com,919319014955,1995-12-29,2021-04-27,PM-003
CUST-12159,Shanaya,Kala,shanaya_213@outlook.com,918612117621,1989-11-11,2008-07-25,PM-001
CUST-12160,Riya,Vohra,riya.293@outlook.com,919055259407,1983-04-26,2014-12-21,PM-001
CUST-12161,Adira,Suresh,adira.suresh191@outlook.com,919511908818,1977-06-25,2013-11-01,PM-002
CUST-12162,Shray,Khatri,shray.491@yahoo.com,919169152396,1983-06-21,2011-11-18,PM-002
CUST-12163,Kismat,Mangal,kismat_275@icloud.com,918400678369,1990-08-05,2021-03-09,PM-004
CUST-12164,Anahita,Gour,anahita_181@hotmail.com,917634513135,1995-05-30,2019-06-11,PM-003
CUST-12165,Gokul,Chawla,gokul_203@hotmail.com,918797751485,1990-09-28,2024-02-02,PM-001
CUST-12166,Dishani,Shankar,dishani.shankar699@gmail.com,917590436926,1991-05-13,2016-05-04,PM-002
CUST-12167,Piya,Thakkar,piya453@yahoo.com,919941904545,1979-01-22,2012-02-20,PM-002
CUST-12168,Kiara,Bose,bosekiara947@yahoo.com,918671437939,1997-08-30,2022-03-24,PM-003
CUST-12169,Mohanlal,Dubey,mohanlal_819@outlook.com,917935611048,1987-03-05,2017-12-31,PM-003
CUST-12170,Ira,Gala,ira202@yahoo.com,917130985623,1981-12-28,2007-02-22,PM-003
CUST-12171,Yuvraj ,Lata,yuvraj .837@outlook.com,919618658340,1980-05-14,2017-04-01,PM-001
CUST-12172,Nakul,Deep,nakul518@gmail.com,919476913273,1990-03-22,2012-02-10,PM-004
CUST-12173,Kartik,Buch,kartik_517@outlook.com,917499186576,1974-09-30,2024-02-08,PM-002
CUST-12174,Shayak,Badami,shayak_920@gmail.com,919420300999,2003-09-21,2022-10-21,PM-004
CUST-12175,Anya,Handa,anya.450@outlook.com,919494596094,1996-02-25,2018-08-22,PM-003
CUST-12176,Aniruddh,Bansal,bansalaniruddh870@outlook.com,918407327109,1997-02-03,2021-09-16,PM-003
CUST-12177,Anaya,Kakar,anaya927@gmail.com,919765014435,1994-07-21,2013-02-06,PM-001
CUST-12178,Raunak,Bava,raunak565@yahoo.com,919597316989,2005-06-16,2023-11-08,PM-001
CUST-12179,Kismat,Sekhon,kismat_899@hotmail.com,919273140364,2004-04-25,2023-03-25,PM-002
CUST-12180,Anahita,Uppal,anahita.710@outlook.com,919704019831,1988-09-08,2021-03-23,PM-002
CUST-12181,Kabir,Koshy,kabir_969@yahoo.com,918236397483,1997-07-04,2015-11-29,PM-001
CUST-12182,Zoya,Shenoy,zoya160@yahoo.com,917121560729,2001-12-04,2021-12-24,PM-002
CUST-12183,Hazel,Agarwal,hazel409@yahoo.com,917058548368,1986-12-01,2016-06-12,PM-003
CUST-12184,Prisha,Shah,prisha_942@hotmail.com,919991518417,1985-08-27,2017-02-18,PM-002
CUST-12185,Shayak,Bhardwaj,shayak498@outlook.com,919378429814,1976-04-23,2020-09-17,PM-003
CUST-12186,Nirvaan,Lad,nirvaan701@yahoo.com,919594267477,1983-02-24,2014-12-07,PM-004
CUST-12187,Mahika,Bobal,mahika_344@hotmail.com,917996491671,2000-07-28,2020-10-09,PM-003
CUST-12188,Trisha,Balasubramanian,trisha_751@yahoo.com,918353924815,2004-12-02,2024-02-28,PM-001
CUST-12189,Anika,Deep,anika.deep637@yahoo.com,918133672036,1995-09-13,2021-01-31,PM-001
CUST-12190,Tejas,Dayal,tejas.660@yahoo.com,917895210468,1998-02-02,2020-08-25,PM-001
CUST-12191,Arnav,Mani,maniarnav820@hotmail.com,917396684729,1981-03-03,2000-03-23,PM-002
CUST-12192,Yuvraj ,Chand,chandyuvraj 354@hotmail.com,917047781790,2001-06-18,2021-09-19,PM-003
CUST-12193,Mannat,Chakraborty,chakrabortymannat828@gmail.com,919071809751,2001-11-09,2021-02-02,PM-002
CUST-12194,Renee,Saxena,renee.243@icloud.com,919154635338,1999-06-10,2022-08-14,PM-001
CUST-12195,Divij,Barad,divij.barad513@gmail.com,917042019120,2006-04-05,2024-05-06,PM-001
CUST-12196,Nehmat,Sagar,sagarnehmat938@hotmail.com,918989004335,1997-09-15,2021-04-03,PM-003
CUST-12197,Ojas,Ghose,ojas_178@outlook.com,918919391647,1993-08-25,2014-05-31,PM-004
CUST-12198,Faiyaz,Ranganathan,faiyaz_504@yahoo.com,918210735366,1978-05-17,2018-09-02,PM-003
CUST-12199,Aniruddh,Bandi,aniruddh_806@gmail.com,917726152648,1975-11-01,2020-09-13,PM-001
CUST-12200,Heer,Saini,heer_685@yahoo.com,917479480374,1982-11-18,2021-05-27,PM-001
CUST-12201,Jivika,Desai,desaijivika111@yahoo.com,918663923009,1996-11-20,2018-05-25,PM-001
CUST-12202,Raghav,Batra,raghav242@yahoo.com,917756343515,2004-12-13,2023-07-17,PM-004
CUST-12203,Pranay,Sawhney,sawhneypranay186@hotmail.com,918198511616,1996-08-29,2022-02-07,PM-003
CUST-12204,Hansh,Dasgupta,hansh.968@yahoo.com,919588600425,1996-03-06,2018-09-28,PM-004
CUST-12205,Jivin,Raval,jivin_510@yahoo.com,918428031442,1992-05-29,2013-10-17,PM-004
CUST-12206,Tejas,Warrior,tejas231@hotmail.com,919043045907,1993-07-13,2013-03-03,PM-003
CUST-12207,Samaira,Kala,kalasamaira614@outlook.com,918401324163,1992-06-19,2022-11-15,PM-001
CUST-12208,Shaan,Gola,shaan.756@gmail.com,917413171570,1985-06-02,2014-05-17,PM-004
CUST-12209,Shlok,Sane,shlok.152@hotmail.com,918812702351,1990-07-24,2010-09-30,PM-003
CUST-12210,Dhanuk,Hayer,dhanuk636@gmail.com,919678011801,1998-07-22,2017-09-13,PM-001
CUST-12211,Bhamini,Chowdhury,bhamini.chowdhury435@icloud.com,918953625540,1989-06-29,2010-04-01,PM-001
CUST-12212,Uthkarsh,Sangha,sanghauthkarsh824@icloud.com,919895076855,1981-07-26,2010-04-01,PM-001
CUST-12213,Kimaya,Malhotra,kimaya616@hotmail.com,919856804826,2005-03-18,2023-10-05,PM-004
CUST-12214,Himmat,Batra,batrahimmat280@hotmail.com,919852816143,1999-01-13,2018-08-15,PM-001
CUST-12215,Misha,Jha,jhamisha690@yahoo.com,918807213448,1999-10-12,2023-10-17,PM-002
CUST-12216,Tushar,Sagar,tushar.sagar528@outlook.com,919755049779,1986-11-14,2012-07-20,PM-001
CUST-12217,Vardaniya,Jain,vardaniya_665@yahoo.com,917717714029,1991-09-25,2017-11-19,PM-002
CUST-12218,Sahil,Joshi,sahil258@gmail.com,918832019025,1987-02-08,2017-03-26,PM-002
CUST-12219,Adira,Ramakrishnan,adira707@icloud.com,918554155638,1978-12-19,2011-12-19,PM-001
CUST-12220,Samaira,Gera,samaira.gera584@hotmail.com,917634909610,1975-03-31,2003-12-20,PM-004
CUST-12221,Heer,Swamy,swamyheer655@icloud.com,919505524829,1979-03-01,2008-05-17,PM-004
CUST-12222,Sahil,Chada,sahil694@outlook.com,918455339639,1975-12-20,1994-10-11,PM-004
CUST-12223,Urvi,Jaggi,urvi.711@hotmail.com,917915375408,1985-01-27,2020-07-15,PM-001
CUST-12224,Arhaan,Bath,arhaan855@icloud.com,918719075137,1983-03-10,2007-09-01,PM-004
CUST-12225,Jivin,Mall,malljivin257@outlook.com,917798450607,2003-03-13,2022-12-20,PM-003
CUST-12226,Badal,Shere,badal.shere295@hotmail.com,919282086362,2005-10-01,2023-11-13,PM-002
CUST-12227,Rhea,Biswas,rhea.biswas178@icloud.com,917050266399,1992-02-17,2013-01-12,PM-001
CUST-12228,Seher,Rama,seher.446@yahoo.com,919676076198,1991-07-31,2011-05-07,PM-004
CUST-12229,Tejas,Walla,tejas_893@icloud.com,917136986219,1986-10-24,2022-07-18,PM-002
CUST-12230,Ivan,Varma,ivan_281@hotmail.com,918632257349,1979-07-28,2019-01-23,PM-004
CUST-12231,Romil,Zachariah,romil.zachariah520@outlook.com,919516184271,2001-03-27,2019-09-23,PM-001
CUST-12232,Kaira,Sahni,kaira.sahni889@yahoo.com,919570962444,1982-08-05,2009-08-18,PM-001
CUST-12233,Suhana,Kashyap,suhana.kashyap265@icloud.com,919875373672,1977-12-21,2008-02-15,PM-003
CUST-12234,Rania,Shetty,rania_380@icloud.com,917656951767,1976-04-01,2005-05-29,PM-003
CUST-12235,Kanav,Borde,bordekanav277@gmail.com,918834621389,1990-12-05,2024-03-07,PM-004
CUST-12236,Tarini,Dhaliwal,tarini.dhaliwal650@icloud.com,919156618632,1974-11-07,2008-08-25,PM-002
CUST-12237,Amira,Atwal,amira223@gmail.com,918756406013,2002-06-25,2021-05-11,PM-003
CUST-12238,Ranbir,Deshmukh,ranbir938@icloud.com,919560039005,1977-07-14,1999-12-21,PM-002
CUST-12239,Zeeshan,Babu,zeeshan_963@icloud.com,918390889890,1994-11-01,2022-12-03,PM-004
CUST-12240,Hunar,Sidhu,hunar859@icloud.com,918190100770,1986-10-25,2009-04-22,PM-002
CUST-12241,Badal,Wadhwa,badal.946@icloud.com,919307960731,1976-04-11,2002-05-09,PM-003
CUST-12242,Saira,Singh,singhsaira855@outlook.com,919841069107,1988-03-23,2012-07-30,PM-004
CUST-12243,Sumer,Sane,sanesumer895@icloud.com,917664233159,1994-01-15,2018-01-02,PM-001
CUST-12244,Faiyaz,Bala,faiyaz.bala470@hotmail.com,917528660013,1996-04-08,2023-02-02,PM-001
CUST-12245,Keya,Contractor,keya.108@yahoo.com,919472909101,1991-06-14,2018-08-16,PM-001
CUST-12246,Jayant,Talwar,jayant.talwar589@icloud.com,917826226039,1980-05-12,2024-02-07,PM-002
CUST-12247,Armaan,Maharaj,armaan_758@icloud.com,917217916632,2000-07-17,2020-07-05,PM-003
CUST-12248,Anika,Bakshi,anika_180@gmail.com,918212097275,1975-01-06,2003-09-15,PM-003
CUST-12249,Ayesha,Rau,rauayesha145@gmail.com,917569331714,1991-08-15,2017-09-15,PM-003
CUST-12250,Vritika,Chandran,vritika993@hotmail.com,917544082829,1982-06-14,2005-03-17,PM-003
CUST-12251,Dishani,Talwar,talwardishani283@yahoo.com,918347469917,1986-04-13,2004-05-13,PM-002
CUST-12252,Alia,Bahri,alia_246@yahoo.com,917721260970,1989-09-02,2016-10-23,PM-002
CUST-12253,Diya,Reddy,diya168@yahoo.com,917026571613,1982-03-24,2015-12-10,PM-003
CUST-12254,Rhea,Sem,rhea_788@outlook.com,918480907700,2000-06-12,2018-11-13,PM-003
CUST-12255,Vaibhav,Batra,batravaibhav757@outlook.com,917805251316,1986-05-11,2006-07-28,PM-002
CUST-12256,Abram,Trivedi,trivediabram333@yahoo.com,919666017116,1995-10-22,2016-05-02,PM-003
CUST-12257,Amani,Sastry,amani.516@hotmail.com,917766830296,1992-04-26,2011-12-23,PM-003
CUST-12258,Jayesh,Bajwa,jayesh_861@outlook.com,917887491396,2004-08-26,2023-05-31,PM-001
CUST-12259,Kavya,Choudhary,kavya.choudhary633@gmail.com,918866003334,1998-07-17,2021-10-25,PM-001
CUST-12260,Darshit,Kata,katadarshit725@hotmail.com,919031885394,2005-09-30,2023-11-18,PM-001
CUST-12261,Anay,Hegde,anay_537@hotmail.com,919413397584,1985-03-18,2005-01-20,PM-002
CUST-12262,Mohanlal,Gokhale,mohanlal160@icloud.com,917127709724,1992-10-04,2012-03-18,PM-004
CUST-12263,Vidur,Shah,shahvidur305@outlook.com,917242098025,1995-10-29,2016-09-08,PM-004
CUST-12264,Alia,Dora,alia.942@gmail.com,919650319029,1999-06-02,2023-11-23,PM-002
CUST-12265,Elakshi,Taneja,elakshi_921@hotmail.com,919142773954,2001-03-05,2019-11-18,PM-002
CUST-12266,Anika,Shukla,shuklaanika942@yahoo.com,918276333208,1983-10-16,2020-11-18,PM-003
CUST-12267,Trisha,Bedi,trisha_798@gmail.com,919161144508,1988-03-29,2008-07-27,PM-004
CUST-12268,Lagan,Balasubramanian,lagan_932@yahoo.com,919253816001,1982-10-14,2011-03-15,PM-001
CUST-12269,Anay,Kale,anay.627@gmail.com,917180835961,1979-06-10,2019-11-28,PM-003
CUST-12270,Divij,Bera,divij387@outlook.com,917558913874,1980-10-03,2019-04-21,PM-001
CUST-12271,Rhea,Lall,rhea_730@hotmail.com,919414783754,1987-02-25,2008-09-20,PM-002
CUST-12272,Jivika,Chokshi,jivika_267@icloud.com,919573303143,1981-10-03,2018-09-19,PM-003
CUST-12273,Baiju,Mahal,baiju393@outlook.com,919727907261,1994-02-19,2017-04-26,PM-004
CUST-12274,Zain,Baria,bariazain803@icloud.com,918937301510,1979-11-06,2000-12-04,PM-003
CUST-12275,Ivan,Banik,ivan.banik289@gmail.com,917752537376,1981-11-28,2017-05-28,PM-004
CUST-12276,Saanvi,Wadhwa,saanvi_196@icloud.com,919626896410,2000-12-06,2022-06-16,PM-003
CUST-12277,Nirvi,Bora,nirvi.bora640@outlook.com,918880776764,1995-01-02,2017-11-08,PM-001
CUST-12278,Alisha,Vaidya,alisha.215@icloud.com,919876150661,1992-06-06,2015-11-28,PM-003
CUST-12279,Bhamini,Ghosh,bhamini183@outlook.com,917303440102,1976-03-14,2014-02-22,PM-003
CUST-12280,Adah,Dash,dashadah240@hotmail.com,919526742405,1997-03-27,2018-01-28,PM-004
CUST-12281,Aaryahi,Dhar,aaryahi_497@yahoo.com,918453133546,1977-01-12,2001-09-25,PM-001
CUST-12282,Aaryahi,Upadhyay,aaryahi.331@hotmail.com,918989112525,1984-02-26,2006-10-23,PM-003
CUST-12283,Neelofar,Sarkar,neelofar.672@gmail.com,917804602691,1980-01-19,2000-05-31,PM-001
CUST-12284,Yashvi,Lall,yashvi.lall930@icloud.com,918245869348,1977-06-23,2010-03-13,PM-003
CUST-12285,Inaaya ,Gill,gillinaaya 270@hotmail.com,918356107862,1981-03-24,2015-12-01,PM-001
CUST-12286,Jayan,Bhakta,bhaktajayan866@gmail.com,919722560692,1996-10-17,2023-07-05,PM-002
CUST-12287,Samarth,Sarkar,samarth_149@gmail.com,918231601022,1981-08-17,2008-02-19,PM-002
CUST-12288,Samaira,Choudhary,samaira.597@gmail.com,918458719265,1989-07-03,2007-07-05,PM-002
CUST-12289,Neysa,Kala,neysa_159@icloud.com,917984292342,1985-11-23,2013-03-15,PM-002
CUST-12290,Shayak,Borra,borrashayak327@outlook.com,919188823245,1991-04-29,2015-11-07,PM-003
CUST-12291,Saksham,Som,saksham.881@outlook.com,917951889727,1996-07-13,2023-11-21,PM-003
CUST-12292,Manjari,Gola,manjari323@yahoo.com,917625115411,1975-04-14,2013-03-28,PM-004
CUST-12293,Vardaniya,Borra,vardaniya.731@outlook.com,918230309481,1975-01-12,2009-02-27,PM-004
CUST-12294,Ivana,Bahl,ivana_869@yahoo.com,917307627353,1985-03-06,2012-05-09,PM-002
CUST-12295,Mamooty,Uppal,mamooty.528@yahoo.com,919745839800,1975-09-20,2021-12-17,PM-004
CUST-12296,Riya,Ben,riya.ben986@gmail.com,918882128808,1982-05-04,2012-01-19,PM-001
CUST-12297,Jivika,Reddy,reddyjivika709@gmail.com,918283363757,1980-10-16,2020-06-15,PM-003
CUST-12298,Lakshay,Bhatia,lakshay246@yahoo.com,917865161648,1975-05-13,2000-12-14,PM-004
CUST-12299,Hridaan,Guha,hridaan_979@gmail.com,918822816096,1993-05-13,2018-12-28,PM-003
CUST-12300,Prerak,Venkataraman,prerak_565@hotmail.com,918660492753,2003-12-31,2024-05-02,PM-003
CUST-12301,Nitya,Majumdar,nitya.majumdar225@icloud.com,918590227588,1991-11-14,2017-05-04,PM-002
CUST-12302,Kiara,Ramaswamy,kiara.312@outlook.com,917166936801,2006-05-26,2024-05-25,PM-004
CUST-12303,Keya,Varma,varmakeya702@gmail.com,918359734922,1978-04-30,1998-04-20,PM-004
CUST-12304,Anaya,Krishnamurthy,anaya727@gmail.com,919930406815,2005-09-09,2024-03-17,PM-001
CUST-12305,Akarsh,Sur,akarsh641@hotmail.com,918416709618,1981-08-27,2000-08-26,PM-001
CUST-12306,Rasha,Dhingra,rasha.535@gmail.com,917713381445,2001-02-24,2021-06-14,PM-003
CUST-12307,Vardaniya,Biswas,vardaniya.biswas524@yahoo.com,918223822210,1986-03-18,2021-03-13,PM-004
CUST-12308,Mamooty,Maharaj,mamooty.156@icloud.com,918244220988,1983-09-24,2005-04-21,PM-001
CUST-12309,Hansh,Ahluwalia,hansh129@hotmail.com,918493401256,1997-01-16,2017-12-11,PM-004
CUST-12310,Ela,Kalita,kalitaela728@yahoo.com,919602803674,2002-10-18,2023-02-19,PM-001
CUST-12311,Akarsh,Arya,akarsh689@hotmail.com,917968308588,1996-11-30,2021-06-25,PM-002
CUST-12312,Armaan,Dhingra,armaan.dhingra680@gmail.com,918221609389,1986-08-18,2019-01-20,PM-001
CUST-12313,Yuvaan,Sarma,yuvaan816@outlook.com,919263991627,2002-08-21,2023-10-13,PM-004
CUST-12314,Heer,Ghosh,ghoshheer813@yahoo.com,919264814955,2000-09-15,2020-08-31,PM-003
CUST-12315,Priyansh,Mangal,priyansh436@gmail.com,918988850884,1993-01-06,2020-05-09,PM-004
CUST-12316,Aniruddh,Krishna,aniruddh.krishna188@yahoo.com,918309368582,1990-12-05,2019-02-03,PM-001
CUST-12317,Hiran,Ratta,hiran655@outlook.com,918032095748,2004-08-16,2024-04-26,PM-004
CUST-12318,Alia,Sarkar,alia.sarkar288@hotmail.com,917446575773,1981-11-06,2014-04-14,PM-004
CUST-12319,Purab,Madan,purab_516@hotmail.com,919729886089,2003-06-10,2024-01-29,PM-002
CUST-12320,Rhea,Jaggi,jaggirhea257@hotmail.com,917152020361,1986-02-10,2008-11-05,PM-002
CUST-12321,Saira,Sur,saira.sur504@gmail.com,919595697248,1994-10-25,2017-04-24,PM-001
CUST-12322,Lakshit,Verma,lakshit.verma448@yahoo.com,917142666821,1980-12-24,2018-01-11,PM-003
CUST-12323,Jivin,Banerjee,banerjeejivin230@hotmail.com,919150522336,1983-03-06,2011-08-24,PM-004
CUST-12324,Pihu,Barman,pihu.110@outlook.com,918168572775,2004-04-13,2023-09-06,PM-002
CUST-12325,Raunak,Rajagopalan,raunak261@gmail.com,918646459341,1975-11-17,2002-11-13,PM-003
CUST-12326,Aaryahi,Banerjee,aaryahi.banerjee924@hotmail.com,917437404228,1977-04-01,2016-04-18,PM-002
CUST-12327,Priyansh,Chacko,priyansh.chacko237@icloud.com,918319020015,2002-01-21,2020-03-23,PM-001
CUST-12328,Rania,Sachdev,rania.sachdev250@gmail.com,917915086838,1999-11-24,2022-12-15,PM-002
CUST-12329,Dhruv,Bhargava,dhruv775@gmail.com,917702724002,1999-02-25,2023-11-22,PM-001
CUST-12330,Yuvaan,Dave,yuvaan.838@outlook.com,917291271828,1993-01-06,2015-02-14,PM-003
CUST-12331,Myra,D’Alia,d’aliamyra199@yahoo.com,919274681215,1975-06-21,2006-04-09,PM-002
CUST-12332,Pari,Balan,pari.733@icloud.com,919282378872,1989-08-20,2014-10-11,PM-002
CUST-12333,Dhanuk,Deep,dhanuk_744@gmail.com,917912054377,1976-01-17,2011-07-13,PM-004
CUST-12334,Tanya,Tandon,tandontanya523@hotmail.com,917846138058,1990-08-16,2009-12-16,PM-003
CUST-12335,Rania,Khurana,rania.khurana230@icloud.com,919915222020,1999-09-17,2022-05-20,PM-003
CUST-12336,Saanvi,Sinha,saanvi.sinha902@hotmail.com,919690670512,1979-09-10,2015-02-06,PM-004
CUST-12337,Himmat,Kakar,himmat653@gmail.com,918285524439,1994-08-27,2012-12-27,PM-004
CUST-12338,Samar,Sule,samar.sule439@gmail.com,918863526727,1977-07-05,2001-03-14,PM-001
CUST-12339,Aaina,Walla,aaina.walla497@hotmail.com,918351536952,1985-02-22,2015-10-10,PM-002
CUST-12340,Onkar,Ghosh,onkar134@icloud.com,917853130021,1991-05-29,2011-01-23,PM-001
CUST-12341,Elakshi,Kibe,elakshi967@icloud.com,918494341683,2002-06-26,2023-05-15,PM-001
CUST-12342,Rhea,Krish,krishrhea891@gmail.com,917179894419,1986-04-15,2006-01-18,PM-003
CUST-12343,Vihaan,Yohannan,vihaan_108@gmail.com,919110187746,1989-02-10,2015-03-03,PM-004
CUST-12344,Indrajit,Badami,indrajit.257@gmail.com,917604531165,1986-03-22,2012-08-15,PM-002
CUST-12345,Inaaya ,Bhatt,inaaya 245@yahoo.com,918170774350,1987-11-17,2008-08-17,PM-003
CUST-12346,Umang,Hegde,hegdeumang273@gmail.com,919887252783,1993-08-24,2016-04-19,PM-003
CUST-12347,Shanaya,Bera,shanaya245@icloud.com,917463062179,1995-01-04,2020-02-02,PM-004
CUST-12348,Samiha,Shere,sheresamiha361@gmail.com,919048313440,1979-10-14,2002-07-02,PM-001
CUST-12349,Eshani,Amble,eshani.953@outlook.com,917866056164,1987-04-01,2012-04-01,PM-001
CUST-12350,Anya,Kalla,anya.kalla233@icloud.com,919485338532,1998-06-08,2020-05-30,PM-002
CUST-12351,Ivana,Sarin,sarinivana819@icloud.com,917605080560,1975-03-28,2006-12-15,PM-001
CUST-12352,Shray,Basu,shray_504@outlook.com,919759009886,1990-02-12,2023-12-02,PM-002
CUST-12353,Pihu,Varty,pihu_895@gmail.com,917515482941,1982-01-30,2009-09-24,PM-002
CUST-12354,Aarna,Sekhon,aarna643@hotmail.com,917353677043,1987-04-24,2020-12-08,PM-004
CUST-12355,Hrishita,Kalita,hrishita_724@yahoo.com,917363993113,1975-06-11,1994-05-18,PM-001
CUST-12356,Yuvaan,Kumar,yuvaan.150@gmail.com,918011960455,1990-05-13,2018-07-28,PM-004
CUST-12357,Vedika,Dhillon,vedika.265@yahoo.com,917321103132,1979-12-15,2004-11-27,PM-004
CUST-12358,Yuvraj ,Garg,yuvraj .306@hotmail.com,917940464445,1977-06-23,2000-02-18,PM-004
CUST-12359,Nitya,Kohli,nitya.kohli976@outlook.com,919328560865,1989-08-03,2017-06-14,PM-003
CUST-12360,Yuvaan,Boase,yuvaan.boase725@gmail.com,917224880881,1975-01-08,2021-03-06,PM-001
CUST-12361,Kiara,Bahl,bahlkiara638@icloud.com,917398137264,1985-12-12,2022-10-20,PM-003
CUST-12362,Samaira,Yadav,samaira501@hotmail.com,919098658262,2000-05-31,2022-07-03,PM-001
CUST-12363,Aayush,Bumb,aayush_142@gmail.com,919134483982,1995-04-24,2021-09-01,PM-004
CUST-12364,Navya,Dave,davenavya146@gmail.com,919569310303,1974-10-31,1997-06-04,PM-001
CUST-12365,Mishti,Vora,mishti.vora914@outlook.com,917172690404,2000-04-17,2022-08-16,PM-003
CUST-12366,Samar,Golla,samar_311@icloud.com,917258095978,1997-07-14,2015-09-28,PM-004
CUST-12367,Arnav,Ghose,arnav_773@gmail.com,918848821558,1992-03-16,2019-04-05,PM-001
CUST-12368,Kiaan,Ramanathan,kiaan.272@outlook.com,918371483195,1992-02-15,2011-07-03,PM-003
CUST-12369,Yasmin,Dugar,yasmin451@gmail.com,917718708704,2001-05-22,2022-02-06,PM-003
CUST-12370,Jivin,Kant,jivin711@outlook.com,919443220225,1980-07-18,2020-05-24,PM-001
CUST-12371,Sahil,Baral,sahil.baral621@gmail.com,917258394871,1984-01-09,2009-03-13,PM-003
CUST-12372,Dhruv,Reddy,dhruv.reddy815@icloud.com,919457326956,1986-02-23,2010-10-31,PM-004
CUST-12373,Samarth,Vyas,samarth524@hotmail.com,918502811857,1978-01-08,2011-08-03,PM-002
CUST-12374,Shalv,Butala,shalv.761@gmail.com,918959600538,1979-07-08,2024-05-29,PM-004
CUST-12375,Madhup,Bhatti,madhup382@outlook.com,918062406871,1997-01-22,2018-02-06,PM-001
CUST-12376,Shray,Kade,shray.541@hotmail.com,919491764535,1978-08-01,2013-11-27,PM-004
CUST-12377,Madhav,Ramachandran,madhav390@hotmail.com,919190604607,1981-06-28,2000-12-01,PM-004
CUST-12378,Anay,Mani,anay.829@outlook.com,919654026334,1977-08-11,1997-08-23,PM-001
CUST-12379,Aniruddh,Sha,shaaniruddh140@outlook.com,919041722232,1999-04-16,2019-08-29,PM-001
CUST-12380,Yakshit,Mangat,yakshit.861@gmail.com,919518418883,1995-02-16,2021-06-15,PM-001
CUST-12381,Amira,Chawla,amira_608@gmail.com,917812495443,1980-01-31,2000-05-19,PM-004
CUST-12382,Sara,De,desara496@gmail.com,917514145895,1974-10-07,2014-09-22,PM-004
CUST-12383,Shayak,Tailor,shayak_514@yahoo.com,918047703120,1975-12-29,1996-01-15,PM-003
CUST-12384,Renee,Sem,renee687@gmail.com,918610133842,2002-03-02,2023-09-28,PM-004
CUST-12385,Raghav,Sathe,satheraghav154@yahoo.com,917303310539,1987-12-27,2007-11-19,PM-004
CUST-12386,Adira,Bath,bathadira355@icloud.com,918455817769,1982-05-31,2004-03-09,PM-001
CUST-12387,Nayantara,Varkey,nayantara.393@hotmail.com,917548856189,2001-04-23,2024-05-19,PM-004
CUST-12388,Manikya,Dash,dashmanikya921@gmail.com,919753341924,1981-09-21,2019-08-12,PM-001
CUST-12389,Myra,Saha,myra.saha104@gmail.com,919926705088,1991-01-05,2023-02-27,PM-003
CUST-12390,Uthkarsh,Sur,uthkarsh.sur524@yahoo.com,919336622790,1981-06-25,2020-12-30,PM-003
CUST-12391,Renee,Gala,renee.230@outlook.com,918916063366,1983-10-31,2020-05-04,PM-002
CUST-12392,Sahil,Chad,sahil.367@hotmail.com,919512889516,1992-09-06,2024-05-08,PM-004
CUST-12393,Pari,Jain,jainpari182@gmail.com,919234500998,2001-01-26,2020-09-16,PM-002
CUST-12394,Inaaya ,Sankar,inaaya .sankar458@gmail.com,919788239456,2006-05-29,2024-06-07,PM-002
CUST-12395,Kaira,Walia,kaira.walia278@outlook.com,918596993410,1993-03-07,2016-05-15,PM-004
CUST-12396,Anahi,Grewal,grewalanahi720@outlook.com,918780690265,1983-10-09,2008-10-08,PM-001
CUST-12397,Shlok,Dave,shlok_813@gmail.com,919182226818,1983-05-27,2004-07-14,PM-003
CUST-12398,Jhanvi,Borah,borahjhanvi440@outlook.com,917518025969,2005-10-18,2024-03-07,PM-002
CUST-12399,Rasha,Barad,rasha372@hotmail.com,917900608038,1980-04-26,2021-08-12,PM-002
CUST-12400,Mamooty,Kulkarni,mamooty.kulkarni794@outlook.com,919515513768,1986-02-27,2018-06-28,PM-001
CUST-12401,Neelofar,Deol,neelofar.deol241@icloud.com,917836439542,2004-11-17,2023-03-02,PM-004
CUST-12402,Riaan,Dua,riaan_758@hotmail.com,918544428930,1998-05-22,2020-12-22,PM-001
CUST-12403,Faiyaz,Bhagat,bhagatfaiyaz914@outlook.com,919804845508,1985-01-19,2021-12-06,PM-002
CUST-12404,Dhanuk,Balay,dhanuk144@yahoo.com,919538107589,1978-03-01,2013-07-10,PM-002
CUST-12405,Raghav,Kapadia,raghav.356@hotmail.com,918255107181,2000-07-29,2023-01-03,PM-001
CUST-12406,Pranay,Borra,pranay.borra741@gmail.com,918255187929,1985-07-17,2023-02-01,PM-001
CUST-12407,Onkar,Comar,onkar100@gmail.com,919629668799,2000-11-02,2019-01-08,PM-001
CUST-12408,Aarav,Jani,aarav.jani552@outlook.com,919167905933,1991-05-20,2013-05-02,PM-001
CUST-12409,Hansh,Reddy,hansh.640@icloud.com,919415214899,1999-11-16,2018-01-26,PM-001
CUST-12410,Eshani,Ganguly,eshani.ganguly338@hotmail.com,917122003891,1983-06-11,2006-09-09,PM-004
CUST-12411,Dishani,Kannan,dishani.142@outlook.com,919328867684,1980-10-08,2005-07-11,PM-004
CUST-12412,Yashvi,Rao,yashvi667@hotmail.com,918703350527,2005-04-06,2023-08-13,PM-003
CUST-12413,Kashvi,Thakur,kashvi261@icloud.com,918894926017,1991-12-24,2024-05-20,PM-002
CUST-12414,Vardaniya,Doshi,vardaniya.892@gmail.com,919452449069,2001-07-25,2021-08-08,PM-002
CUST-12415,Saanvi,Sengupta,saanvi.sengupta526@gmail.com,918495019692,1976-02-13,1996-07-17,PM-001
CUST-12416,Divij,Gade,gadedivij633@yahoo.com,918637710226,1977-02-04,2003-04-30,PM-004
CUST-12417,Tara,Kibe,kibetara647@hotmail.com,919577396650,1985-11-12,2008-07-10,PM-003
CUST-12418,Vedika,Jha,vedika.181@hotmail.com,919607035769,1982-11-19,2001-04-08,PM-004
CUST-12419,Anika,Bala,anika853@gmail.com,919157805660,1987-03-24,2022-06-28,PM-004
CUST-12420,Adah,Raval,adah963@gmail.com,919515028531,2003-01-16,2022-06-21,PM-001
CUST-12421,Prerak,Banik,banikprerak598@icloud.com,917573660930,2005-05-12,2024-03-28,PM-003
CUST-12422,Lagan,Chatterjee,lagan936@hotmail.com,918859194547,1985-11-03,2005-12-26,PM-004
CUST-12423,Krish,Kulkarni,krish.kulkarni391@gmail.com,919498300892,1988-07-23,2009-08-09,PM-001
CUST-12424,Nirvi,Sekhon,sekhonnirvi691@outlook.com,919507955845,1984-06-26,2012-11-28,PM-001
CUST-12425,Shayak,Gopal,shayak.570@hotmail.com,918224231081,2000-07-08,2022-08-14,PM-001
CUST-12426,Umang,Deol,deolumang793@icloud.com,919379007732,1987-03-20,2023-05-30,PM-004
CUST-12427,Adira,Wali,adira.wali668@gmail.com,917460040039,1991-03-05,2013-02-16,PM-003
CUST-12428,Hazel,Tandon,hazel_981@hotmail.com,918053288599,2003-12-19,2023-11-30,PM-002
CUST-12429,Farhan,Sha,shafarhan876@yahoo.com,919660379908,1990-04-26,2012-01-01,PM-004
CUST-12430,Ahana ,Varghese,ahana 968@yahoo.com,917911671432,1981-04-14,2004-07-14,PM-002
CUST-12431,Anay,Gour,anay.188@icloud.com,918860405234,2002-04-25,2020-08-08,PM-002
CUST-12432,Kashvi,Shankar,shankarkashvi997@icloud.com,917231761860,1993-05-30,2022-10-19,PM-002
CUST-12433,Prisha,Sankar,prisha.sankar117@icloud.com,918704517504,2002-10-05,2021-10-14,PM-002
CUST-12434,Hansh,Kant,kanthansh868@yahoo.com,918413276921,1979-01-12,2015-07-06,PM-003
CUST-12435,Onkar,Chauhan,onkar.chauhan698@gmail.com,918378874078,2004-04-18,2022-04-19,PM-003
CUST-12436,Zain,Sastry,zain298@outlook.com,918332617493,1983-12-05,2011-09-03,PM-002
CUST-12437,Ela,Sarin,ela_559@hotmail.com,917604103809,1989-02-16,2015-05-29,PM-004
CUST-12438,Tiya,Hayre,tiya.hayre980@icloud.com,917154471570,1975-02-04,1999-10-12,PM-001
CUST-12439,Amani,Yadav,amani_143@yahoo.com,917982633050,1998-02-17,2019-02-20,PM-001
CUST-12440,Ela,Goswami,ela.goswami150@icloud.com,919659214989,1976-09-05,2013-07-14,PM-002
CUST-12441,Nitara,Sankaran,nitara.196@hotmail.com,919356574068,1987-01-04,2005-08-25,PM-002
CUST-12442,Sara,Thakur,sara.thakur136@yahoo.com,917391817307,2005-09-30,2023-10-08,PM-004
CUST-12443,Madhav,Ghosh,madhav.ghosh387@hotmail.com,917827492403,1984-12-16,2014-07-29,PM-004
CUST-12444,Umang,Gala,umang_796@yahoo.com,918758489137,1998-02-04,2017-07-23,PM-001
CUST-12445,Zain,Manda,zain229@icloud.com,919955631561,1992-07-05,2016-05-17,PM-004
CUST-12446,Zain,Thakkar,zain_945@hotmail.com,919758443828,1990-02-28,2015-12-28,PM-002
CUST-12447,Urvi,Ramachandran,urvi245@icloud.com,919649701168,1995-02-20,2024-02-24,PM-003
CUST-12448,Advik,Balay,balayadvik767@gmail.com,919425369286,1982-04-23,2018-05-08,PM-002
CUST-12449,Mahika,Brar,brarmahika565@icloud.com,919860666706,2004-07-15,2022-08-07,PM-001
CUST-12450,Riaan,Soman,riaan.768@gmail.com,919426417006,1986-01-20,2018-04-29,PM-002
CUST-12451,Parinaaz,Kalla,parinaaz548@yahoo.com,917865514157,1990-01-20,2010-06-09,PM-002
CUST-12452,Vaibhav,Thakkar,vaibhav.thakkar570@hotmail.com,917687141740,1979-03-11,2010-12-19,PM-004
CUST-12453,Eshani,Bala,eshani.523@hotmail.com,917346572156,1984-03-28,2011-11-01,PM-004
CUST-12454,Advik,Shroff,shroffadvik475@outlook.com,919646609127,1979-06-21,2003-01-12,PM-001
CUST-12455,Neelofar,Doshi,neelofar.doshi369@gmail.com,919516132093,2004-03-01,2022-08-21,PM-003
CUST-12456,Hunar,Dyal,hunar734@gmail.com,917405636113,1976-09-04,2018-08-18,PM-002
CUST-12457,Uthkarsh,Sibal,sibaluthkarsh457@yahoo.com,917299449126,1978-02-24,2006-10-04,PM-003
CUST-12458,Sahil,Char,sahil.char536@outlook.com,918190910757,2004-09-15,2023-04-10,PM-001
CUST-12459,Ira,Swamy,ira.960@hotmail.com,918876178197,1999-01-15,2020-04-21,PM-003
CUST-12460,Pihu,Kapoor,pihu.kapoor976@outlook.com,918691662931,1992-08-19,2014-05-23,PM-002
CUST-12461,Mohanlal,Rama,mohanlal_923@icloud.com,918983442325,1993-07-08,2021-05-21,PM-001
CUST-12462,Rania,Sur,rania.sur560@icloud.com,917770587955,1992-10-08,2018-09-19,PM-002
CUST-12463,Raunak,Divan,raunak.541@yahoo.com,918094740101,2005-06-08,2023-11-01,PM-001
CUST-12464,Misha,Konda,misha.konda257@yahoo.com,918836299904,1981-10-17,2001-05-05,PM-003
CUST-12465,Vardaniya,Shan,vardaniya_535@icloud.com,918076777894,2004-10-25,2023-01-13,PM-002
CUST-12466,Ela,Ramachandran,ela_109@hotmail.com,919156082580,1982-04-09,2006-08-26,PM-004
CUST-12467,Aniruddh,Master,aniruddh.216@gmail.com,918723504613,1982-06-26,2018-11-02,PM-001
CUST-12468,Kashvi,Bhattacharyya,kashvi.281@gmail.com,919681770707,2003-05-27,2023-03-17,PM-004
CUST-12469,Zaina,Chaudhuri,chaudhurizaina462@gmail.com,919317085679,1977-12-15,2002-05-18,PM-004
CUST-12470,Shaan,Sur,shaan_501@yahoo.com,918712335739,1995-10-03,2022-05-09,PM-004
CUST-12471,Sahil,Suri,sahil.suri607@yahoo.com,917920778218,2005-04-29,2024-06-10,PM-003
CUST-12472,Ranbir,Varughese,ranbir348@hotmail.com,919637979353,1990-11-16,2023-02-20,PM-001
CUST-12473,Indranil,Mallick,indranil.496@hotmail.com,919714751141,1989-04-17,2016-05-11,PM-001
CUST-12474,Dhanush,Sha,shadhanush320@yahoo.com,917757281617,1993-10-20,2019-07-07,PM-004
CUST-12475,Vritika,Trivedi,vritika344@gmail.com,918739544833,1985-12-21,2014-02-07,PM-004
CUST-12476,Kiara,Srivastava,kiara_378@outlook.com,919151362721,1979-02-26,2019-11-19,PM-002
CUST-12477,Dhruv,Shroff,dhruv.shroff971@yahoo.com,917348889776,1974-09-30,2021-04-11,PM-002
CUST-12478,Darshit,Lall,darshit.lall535@gmail.com,917874633445,1979-06-01,2019-05-17,PM-002
CUST-12479,Kaira,Viswanathan,kaira369@gmail.com,917008557326,1983-07-02,2003-06-14,PM-003
CUST-12480,Hrishita,Virk,virkhrishita761@outlook.com,918839686933,1985-03-20,2021-03-05,PM-004
CUST-12481,Arnav,Sachdeva,arnav240@gmail.com,918446492859,1988-06-20,2014-10-20,PM-004
CUST-12482,Aniruddh,Bava,aniruddh.535@icloud.com,917198348003,1992-05-13,2016-11-24,PM-001
CUST-12483,Suhana,Zacharia,suhana.156@icloud.com,918008750895,1997-06-17,2023-09-28,PM-003
CUST-12484,Vihaan,Dasgupta,vihaan_386@icloud.com,917209021393,1990-12-21,2016-03-28,PM-002
CUST-12485,Jivika,Dutt,jivika176@gmail.com,917931011829,2005-07-03,2024-01-16,PM-004
CUST-12486,Aarav,Banik,banikaarav612@yahoo.com,919812261969,1987-11-11,2020-09-08,PM-003
CUST-12487,Kaira,Tandon,kaira_416@gmail.com,919412436791,1995-07-18,2020-03-22,PM-002
CUST-12488,Aayush,Dara,aayush_559@hotmail.com,917023671989,1982-09-01,2003-06-29,PM-001
CUST-12489,Anay,Raj,anay735@outlook.com,917847673986,1980-12-15,2002-03-26,PM-003
CUST-12490,Eva,Ramakrishnan,eva_751@gmail.com,919863296480,1994-06-22,2013-11-20,PM-002
CUST-12491,Ritvik,Chakraborty,ritvik759@hotmail.com,919600116180,1991-05-30,2019-09-20,PM-003
CUST-12492,Hiran,Balasubramanian,hiran_972@gmail.com,918156004708,1994-04-26,2018-02-22,PM-001
CUST-12493,Anahi,Kant,anahi.926@icloud.com,919523460925,1995-07-03,2019-09-16,PM-001
CUST-12494,Hansh,Bail,bailhansh283@outlook.com,919062588297,1984-05-03,2008-04-25,PM-003
CUST-12495,Nishith,Halder,nishith.halder463@gmail.com,917053410064,1997-10-27,2023-01-27,PM-002
CUST-12496,Siya,Bala,siya.820@gmail.com,917770394881,2001-08-17,2020-08-18,PM-002
CUST-12497,Stuvan,Reddy,stuvan.863@hotmail.com,919422144712,1996-05-30,2023-05-05,PM-004
CUST-12498,Anaya,Mander,anaya_641@gmail.com,918632335399,1977-07-15,2002-12-11,PM-001
CUST-12499,Divyansh,Kota,divyansh_396@yahoo.com,919746528449,2003-01-27,2023-09-22,PM-002
CUST-12500,Manjari,Mani,manjari.525@gmail.com,918955820218,1980-06-05,2009-04-06,PM-003
CUST-12501,Seher,Basak,seher690@gmail.com,919796195159,1980-09-22,2016-11-23,PM-003
CUST-12502,Divit,Mani,divit349@gmail.com,918929256952,1982-03-15,2022-07-15,PM-001
CUST-12503,Seher,Sehgal,seher.273@icloud.com,918764531928,2006-05-23,2024-05-27,PM-001
CUST-12504,Kiara,Bhattacharyya,kiara.bhattacharyya613@icloud.com,919939107688,1998-01-05,2021-10-25,PM-003
CUST-12505,Kartik,Bobal,kartik_223@icloud.com,918284177950,1982-06-05,2011-06-01,PM-001
CUST-12506,Veer,Devan,veer.devan962@icloud.com,917712079393,1977-01-03,2002-03-30,PM-004
CUST-12507,Amani,Kara,amani.kara524@outlook.com,917830243216,1995-01-10,2019-01-12,PM-002
CUST-12508,Lagan,Upadhyay,lagan.417@gmail.com,919851266655,1998-08-08,2023-05-12,PM-003
CUST-12509,Aaina,Balay,aaina.894@icloud.com,918744510964,2005-07-26,2023-10-23,PM-003
CUST-12510,Shayak,Anand,shayak.anand600@outlook.com,919743438869,1985-05-04,2007-01-07,PM-002
CUST-12511,Yashvi,Trivedi,yashvi.trivedi489@hotmail.com,917653392188,2005-03-17,2023-12-17,PM-004
CUST-12512,Saira,Mammen,saira.188@yahoo.com,918645121846,1983-07-26,2013-01-17,PM-002
CUST-12513,Azad,Mandal,mandalazad593@gmail.com,918232161819,1985-11-23,2018-04-20,PM-001
CUST-12514,Diya,Dalal,diya_481@hotmail.com,917051404813,2003-01-19,2023-04-18,PM-002
CUST-12515,Priyansh,Khosla,khoslapriyansh543@icloud.com,917676209905,1999-01-05,2022-06-16,PM-001
CUST-12516,Gokul,Ghosh,gokul.626@yahoo.com,919291732439,1983-10-29,2016-02-25,PM-002
CUST-12517,Dishani,Buch,dishani.580@hotmail.com,919672484306,2000-03-26,2022-09-16,PM-002
CUST-12518,Vihaan,Talwar,vihaan.791@gmail.com,919612551352,1984-04-08,2003-07-24,PM-002
CUST-12519,Adah,Sami,adah.381@yahoo.com,919354679361,2005-10-11,2023-10-13,PM-003
CUST-12520,Vedika,Banik,banikvedika727@gmail.com,918709730345,1983-02-13,2020-11-07,PM-003
CUST-12521,Anika,Randhawa,randhawaanika525@hotmail.com,917311426242,2005-11-13,2024-04-30,PM-001
CUST-12522,Taran,Bansal,taran815@gmail.com,919379816646,2006-05-11,2024-05-29,PM-002
CUST-12523,Drishya,Dani,danidrishya609@outlook.com,918070761133,2001-10-31,2023-10-16,PM-001
CUST-12524,Manjari,Toor,manjari.751@yahoo.com,918368520555,2002-06-25,2024-04-17,PM-004
CUST-12525,Vardaniya,Basu,vardaniya.basu484@gmail.com,918413419377,1985-11-11,2019-04-23,PM-004
CUST-12526,Ela,Kari,ela.772@gmail.com,918599608067,1975-07-15,2008-03-01,PM-004
CUST-12527,Hazel,Borde,hazel.borde495@gmail.com,917840165199,1976-11-05,1998-04-29,PM-003
CUST-12528,Aradhya,Bail,aradhya266@outlook.com,918443256049,1980-06-30,2015-03-10,PM-003
CUST-12529,Khushi,Rao,khushi.rao432@gmail.com,919733750614,1975-09-02,2019-06-13,PM-001
CUST-12530,Trisha,Dewan,dewantrisha617@yahoo.com,918745726978,1977-07-01,2007-03-18,PM-004
CUST-12531,Kartik,Sinha,kartik.sinha485@yahoo.com,919676913371,1991-01-21,2024-01-07,PM-003
CUST-12532,Tiya,Mandal,mandaltiya912@outlook.com,919883655735,1992-09-09,2019-02-05,PM-004
CUST-12533,Hiran,Bains,hiran_739@outlook.com,918216920091,1983-08-04,2021-03-02,PM-004
CUST-12534,Tara,Bansal,tara_984@yahoo.com,917848395222,1999-07-13,2020-02-11,PM-004
CUST-12535,Emir,Gala,emir.gala725@gmail.com,919510032391,2002-05-07,2022-06-10,PM-001
CUST-12536,Zaina,Amble,zaina.amble965@gmail.com,918735885658,1992-11-22,2018-05-06,PM-001
CUST-12537,Saanvi,Chad,saanvi.chad900@icloud.com,917596917803,2005-02-19,2023-11-28,PM-004
CUST-12538,Reyansh,Arora,reyansh.612@icloud.com,918572883329,2006-05-22,2024-06-12,PM-001
CUST-12539,Riya,Dani,riya308@yahoo.com,919496522511,1975-01-31,2000-06-03,PM-004
CUST-12540,Ivana,Kashyap,ivana.388@yahoo.com,919293991843,1998-05-20,2017-10-12,PM-004
CUST-12541,Jiya,Brahmbhatt,jiya.brahmbhatt837@gmail.com,919239578657,1998-10-23,2017-11-13,PM-004
CUST-12542,Aayush,Gade,aayush.784@yahoo.com,918050604483,1987-02-18,2022-11-10,PM-003
CUST-12543,Zain,Buch,buchzain539@gmail.com,919050461355,2002-02-26,2023-12-12,PM-002
CUST-12544,Emir,Lalla,emir.lalla129@gmail.com,917136815385,2003-08-12,2023-01-04,PM-002
CUST-12545,Advika,Randhawa,advika.210@hotmail.com,918958673524,1997-04-09,2021-01-31,PM-002
CUST-12546,Lakshit,Thakur,lakshit.thakur806@outlook.com,918688858649,1977-07-22,2001-10-03,PM-001
CUST-12547,Ira,Kota,ira.kota978@outlook.com,918904978153,1981-11-20,2006-12-26,PM-002
CUST-12548,Amani,Soni,soniamani197@hotmail.com,918829184559,1987-01-23,2006-02-20,PM-004
CUST-12549,Lavanya,Dash,lavanya.dash933@hotmail.com,917515380070,1990-05-28,2021-06-07,PM-004
CUST-12550,Vardaniya,Chahal,vardaniya764@hotmail.com,919042071053,2000-02-17,2023-12-31,PM-001
CUST-12551,Veer,Verma,vermaveer483@icloud.com,917081177967,2001-01-23,2022-01-23,PM-003
CUST-12552,Charvi,Khanna,charvi.khanna768@hotmail.com,919663231742,1984-03-17,2006-03-08,PM-002
CUST-12553,Jayant,Kadakia,jayant.447@outlook.com,919220445439,2005-01-08,2023-11-19,PM-004
CUST-12554,Vidur,Sagar,vidur257@icloud.com,917403148221,1992-08-15,2011-12-20,PM-003
CUST-12555,Umang,Sidhu,umang.737@hotmail.com,919088609955,2006-05-20,2024-06-02,PM-004
CUST-12556,Ahana ,Edwin,ahana .187@gmail.com,919661327368,1985-06-05,2012-03-25,PM-002
CUST-12557,Khushi,Joshi,khushi_442@outlook.com,917099332665,1981-11-22,2017-04-25,PM-004
CUST-12558,Purab,Dhar,purab707@gmail.com,917128104022,2004-01-16,2023-10-28,PM-004
CUST-12559,Divyansh,Bobal,divyansh.bobal158@hotmail.com,917036336078,1978-11-15,1998-05-27,PM-001
CUST-12560,Ritvik,Rama,ritvik813@icloud.com,919664774125,2001-02-02,2020-04-07,PM-004
CUST-12561,Lakshay,Varkey,lakshay737@icloud.com,917127629387,1987-11-30,2014-02-21,PM-004
CUST-12562,Ira,Yogi,ira.212@gmail.com,919468277014,1981-12-15,2009-04-24,PM-002
CUST-12563,Jayesh,Chana,jayesh_204@gmail.com,919616056937,1975-10-21,2009-04-01,PM-001
CUST-12564,Ehsaan,Bhargava,ehsaan583@hotmail.com,917269750991,1995-02-17,2016-12-14,PM-002
CUST-12565,Nirvaan,Sankar,nirvaan_437@gmail.com,919161348407,1990-05-03,2009-07-10,PM-004
CUST-12566,Prisha,Venkatesh,prisha.venkatesh185@gmail.com,919035943929,1985-05-22,2006-03-17,PM-004
CUST-12567,Adira,Dass,adira_572@gmail.com,917168694014,1996-04-24,2022-03-23,PM-003
CUST-12568,Keya,Aggarwal,keya.226@yahoo.com,919168585544,1982-01-15,2019-03-29,PM-002
CUST-12569,Aradhya,Kashyap,aradhya.kashyap430@hotmail.com,918837454962,1993-12-17,2020-07-03,PM-001
CUST-12570,Zaina,Hegde,zaina947@yahoo.com,917890239122,1991-12-13,2013-10-16,PM-004
CUST-12571,Badal,Babu,badal_212@icloud.com,919502316025,2004-10-09,2023-09-08,PM-001
CUST-12572,Pihu,Dewan,pihu212@hotmail.com,918221443959,1974-12-30,2023-04-09,PM-003
CUST-12573,Lavanya,Gokhale,gokhalelavanya970@yahoo.com,917812450817,1993-03-23,2012-04-06,PM-002
CUST-12574,Kaira,Sandhu,kaira.198@yahoo.com,918061793938,1981-09-08,2016-12-30,PM-001
CUST-12575,Hazel,Chhabra,chhabrahazel543@outlook.com,917016355627,1988-11-30,2023-12-13,PM-003
CUST-12576,Ira,Sule,ira820@icloud.com,918923445791,1976-04-15,2002-02-28,PM-004
CUST-12577,Suhana,Khalsa,suhana.257@gmail.com,917588257344,1981-08-14,2001-09-18,PM-004
CUST-12578,Divij,Mannan,divij.mannan861@icloud.com,917743029836,2005-04-05,2024-03-06,PM-001
CUST-12579,Raghav,Hayre,raghav164@icloud.com,918582962570,1999-02-07,2019-11-09,PM-004
CUST-12580,Advika,Jhaveri,advika745@icloud.com,918072114581,1984-05-04,2008-03-11,PM-004
CUST-12581,Mishti,Hari,mishti_981@gmail.com,917631804030,1976-06-16,2020-04-11,PM-003
CUST-12582,Miraan,Singhal,singhalmiraan851@hotmail.com,918642186187,1985-02-07,2020-10-22,PM-004
CUST-12583,Mishti,Sant,mishti_420@icloud.com,919125567994,2001-06-25,2020-04-24,PM-002
CUST-12584,Diya,Kaul,diya599@gmail.com,917564953645,1981-11-30,2003-05-01,PM-001
CUST-12585,Renee,Bajaj,renee489@yahoo.com,919030423655,1977-11-16,2004-06-05,PM-001
CUST-12586,Badal,Karnik,badal_209@icloud.com,918751593410,1993-04-28,2023-05-20,PM-002
CUST-12587,Anika,Kala,anika545@hotmail.com,919554920266,1989-03-30,2007-09-10,PM-002
CUST-12588,Mehul,Dugal,mehul_495@outlook.com,919048887272,1995-09-02,2021-05-22,PM-001
CUST-12589,Shaan,Mahal,shaan.mahal717@outlook.com,918667646024,1985-12-08,2003-12-30,PM-003
CUST-12590,Romil,Rajagopal,romil432@hotmail.com,917047748913,1977-02-07,2003-01-06,PM-002
CUST-12591,Mahika,Sha,mahika.232@outlook.com,918143589777,1980-06-14,2013-07-05,PM-001
CUST-12592,Mamooty,Chowdhury,mamooty.359@icloud.com,918914737232,1981-09-02,2011-12-14,PM-002
CUST-12593,Zara,Sharma,sharmazara225@yahoo.com,919156410756,1985-06-25,2015-06-30,PM-002
CUST-12594,Krish,Rajagopalan,krish424@icloud.com,918005244265,2003-05-10,2023-08-15,PM-003
CUST-12595,Nitya,Chandra,nitya759@outlook.com,919027697530,1994-12-19,2016-05-13,PM-001
CUST-12596,Alia,Yohannan,alia.yohannan729@hotmail.com,917033565625,1981-06-06,1999-10-23,PM-004
CUST-12597,Badal,Sen,senbadal628@gmail.com,918048179357,1979-12-28,2000-11-20,PM-004
CUST-12598,Lagan,Sethi,sethilagan855@gmail.com,917129148161,2003-03-17,2023-05-28,PM-002
CUST-12599,Romil,Gokhale,romil104@yahoo.com,918138199882,1992-01-01,2012-08-22,PM-004
CUST-12600,Umang,Saran,umang.saran693@icloud.com,919398470636,1986-07-14,2024-03-23,PM-002
CUST-12601,Vidur,Cheema,vidur.187@outlook.com,919057476270,1987-05-23,2007-07-24,PM-002
CUST-12602,Dharmajan,Raj,dharmajan.raj268@gmail.com,918072784404,2005-03-24,2024-02-03,PM-004
CUST-12603,Abram,Sastry,sastryabram552@yahoo.com,919742314326,1992-08-26,2013-11-28,PM-003
CUST-12604,Vihaan,Sagar,vihaan.sagar374@hotmail.com,917416506112,1982-05-25,2011-05-20,PM-003
CUST-12605,Arnav,Gopal,arnav260@outlook.com,917302506097,1999-11-04,2021-10-25,PM-001
CUST-12606,Kashvi,Bal,kashvi.525@yahoo.com,917552461388,1975-06-27,2016-07-20,PM-002
CUST-12607,Dishani,Choudhury,dishani.choudhury766@hotmail.com,919594948693,1996-03-02,2019-06-19,PM-001
CUST-12608,Chirag,Lad,chirag_823@gmail.com,918256682109,1988-10-08,2023-12-12,PM-001
CUST-12609,Prisha,Ramaswamy,prisha516@icloud.com,917716739527,1995-10-01,2024-01-09,PM-004
CUST-12610,Anika,Gour,anika_104@outlook.com,918437432324,1985-06-09,2010-10-20,PM-003
CUST-12611,Eva,Mann,eva_969@yahoo.com,918552259182,2002-08-05,2023-11-05,PM-002
CUST-12612,Saira,Sachar,saira.sachar598@outlook.com,917554306360,1991-01-17,2012-01-17,PM-001
CUST-12613,Jivika,Venkatesh,jivika.venkatesh632@gmail.com,918398224538,1979-01-27,1999-06-21,PM-004
CUST-12614,Aradhya,Bassi,aradhya.518@gmail.com,919343295736,1977-10-14,1998-02-17,PM-002
CUST-12615,Rohan,Goswami,rohan_785@yahoo.com,919141938196,2004-07-04,2023-05-25,PM-002
CUST-12616,Vardaniya,Datta,dattavardaniya486@icloud.com,919208221202,1976-03-07,2021-03-08,PM-001
CUST-12617,Divit,Kibe,divit.kibe466@icloud.com,917073795944,1989-11-14,2011-12-11,PM-004
CUST-12618,Vaibhav,Devi,vaibhav_938@outlook.com,917784328976,1978-08-16,2005-04-13,PM-003
CUST-12619,Rati,Bora,rati.583@gmail.com,917216231889,2000-08-14,2020-05-20,PM-001
CUST-12620,Sumer,Vora,sumer327@icloud.com,919531923134,1975-05-10,2000-09-20,PM-004
CUST-12621,Shalv,Majumdar,shalv_356@outlook.com,917347839402,2006-01-22,2024-03-02,PM-002
CUST-12622,Prisha,Bandi,prisha.441@icloud.com,919778401572,1995-04-13,2018-10-30,PM-003
CUST-12623,Kartik,Sidhu,kartik.sidhu540@yahoo.com,918558569040,1990-12-02,2009-08-22,PM-003
CUST-12624,Diya,Baral,diya.baral404@hotmail.com,918323310253,1981-11-16,2003-12-22,PM-002
CUST-12625,Manjari,Tripathi,manjari433@yahoo.com,919454120954,1997-11-26,2022-03-24,PM-003
CUST-12626,Lagan,Ganguly,lagan.ganguly898@outlook.com,917144884178,1979-10-30,2002-04-15,PM-004
CUST-12627,Azad,Dutt,azad_888@outlook.com,917502886451,1983-03-31,2016-08-13,PM-003
CUST-12628,Nirvi,Wason,nirvi592@outlook.com,919727436636,2002-04-03,2024-02-19,PM-004
CUST-12629,Vanya,Rege,vanya876@gmail.com,917247346998,1980-05-03,2012-07-17,PM-004
CUST-12630,Drishya,Vyas,drishya_420@yahoo.com,919569665849,1984-08-15,2015-03-23,PM-002
CUST-12631,Aarav,Chanda,aarav_201@hotmail.com,918177249947,2006-03-05,2024-03-11,PM-001
CUST-12632,Riaan,Tata,riaan_755@gmail.com,917555995600,1998-12-09,2022-10-29,PM-001
CUST-12633,Anahita,Bains,anahita_805@icloud.com,919239188450,1988-11-02,2022-12-24,PM-004
CUST-12634,Onkar,Sachdev,sachdevonkar969@gmail.com,919650451565,1979-11-04,2009-09-26,PM-002
CUST-12635,Ehsaan,Mani,ehsaan.696@outlook.com,918793683654,2005-01-05,2024-05-15,PM-001
CUST-12636,Neelofar,Devan,devanneelofar295@gmail.com,919606495832,1977-12-06,2001-04-17,PM-001
CUST-12637,Vidur,Thaker,vidur439@hotmail.com,917736114893,2005-12-12,2023-12-24,PM-002
CUST-12638,Jivin,Sem,jivin695@icloud.com,918232094408,2002-05-03,2024-01-11,PM-003
CUST-12639,Ishaan,Krish,krishishaan678@outlook.com,917844982626,1991-06-10,2018-08-22,PM-002
CUST-12640,Rohan,Rout,rohan.rout445@outlook.com,919831261206,1994-04-19,2023-11-06,PM-004
CUST-12641,Kaira,Aggarwal,kaira_934@hotmail.com,917953178592,1996-04-30,2022-07-18,PM-001
CUST-12642,Samiha,Dash,dashsamiha557@icloud.com,917917882916,1982-02-12,2016-05-04,PM-002
CUST-12643,Vedika,Lal,lalvedika527@icloud.com,918635970031,1998-02-15,2020-11-15,PM-002
CUST-12644,Yuvaan,Bhatnagar,bhatnagaryuvaan688@gmail.com,919359378086,2003-08-26,2024-02-14,PM-002
CUST-12645,Yuvraj ,Chad,yuvraj _938@outlook.com,919467361023,1987-03-18,2008-06-28,PM-003
CUST-12646,Manjari,Bobal,bobalmanjari663@gmail.com,917763690728,1980-04-05,2024-02-07,PM-001
CUST-12647,Sana,Singh,singhsana735@gmail.com,919696056070,1996-05-08,2018-10-15,PM-004
CUST-12648,Anay,Rao,anay_631@gmail.com,918549714272,2000-07-21,2019-04-10,PM-003
CUST-12649,Eshani,Rajagopalan,eshani.342@gmail.com,918430581710,1977-05-17,2020-09-20,PM-001
CUST-12650,Khushi,D’Alia,khushi_414@yahoo.com,919292856354,1993-08-10,2015-04-10,PM-002
CUST-12651,Ayesha,Ahuja,ayesha.ahuja139@hotmail.com,917623197260,1989-03-13,2020-04-20,PM-002
CUST-12652,Gokul,Ganguly,gangulygokul837@hotmail.com,917682822363,2001-10-21,2024-01-16,PM-002
CUST-12653,Priyansh,Basu,priyansh_870@hotmail.com,917910656437,1975-06-13,1994-04-15,PM-002
CUST-12654,Vidur,Gera,vidur.gera284@hotmail.com,919442036605,2002-12-31,2023-03-23,PM-002
CUST-12655,Samaira,Sha,samaira.322@outlook.com,917459088870,1997-10-05,2016-01-20,PM-001
CUST-12656,Mohanlal,Keer,mohanlal.keer923@hotmail.com,918343544698,1994-12-02,2015-04-17,PM-001
CUST-12657,Akarsh,Seth,akarsh_691@icloud.com,918106454153,1984-04-13,2016-10-01,PM-002
CUST-12658,Aayush,Ghose,ghoseaayush360@hotmail.com,918898996713,1996-02-27,2015-11-11,PM-001
CUST-12659,Zeeshan,Dara,darazeeshan536@outlook.com,918904990640,1987-11-20,2012-02-10,PM-001
CUST-12660,Dhruv,Shenoy,dhruv640@hotmail.com,918754044175,1977-11-14,2007-12-06,PM-002
CUST-12661,Lakshit,Bhargava,bhargavalakshit917@hotmail.com,918317502561,1985-08-05,2005-08-26,PM-003
CUST-12662,Ira,Sharaf,ira.sharaf572@gmail.com,917168727674,2001-05-22,2022-10-31,PM-001
CUST-12663,Baiju,Cheema,baiju_702@outlook.com,917989976141,1983-02-02,2006-10-01,PM-003
CUST-12664,Anvi,Sundaram,anvi390@hotmail.com,917020089552,1988-03-31,2014-09-28,PM-003
CUST-12665,Kiaan,Kibe,kiaan.647@yahoo.com,918714987710,1978-04-15,2014-04-27,PM-001
CUST-12666,Zeeshan,Das,zeeshan_484@icloud.com,918617629419,2003-09-24,2024-04-08,PM-001
CUST-12667,Indrans,Subramaniam,indrans.993@gmail.com,917929081555,1975-01-02,2009-07-17,PM-004
CUST-12668,Ritvik,Vaidya,ritvik_112@icloud.com,918929706149,1985-12-08,2008-09-30,PM-003
CUST-12669,Rasha,Vora,rasha.vora386@outlook.com,918864965042,2005-10-11,2024-06-08,PM-004
CUST-12670,Nakul,Dube,nakul968@icloud.com,918191992955,2000-05-05,2022-06-21,PM-002
CUST-12671,Prerak,Varty,prerak.759@yahoo.com,919206142825,2005-01-19,2023-03-14,PM-001
CUST-12672,Shanaya,Hans,shanaya_626@yahoo.com,918031659578,1984-01-11,2008-10-15,PM-004
CUST-12673,Anika,Sarkar,anika168@outlook.com,918256042586,1988-04-13,2020-07-02,PM-002
CUST-12674,Aarush,Bobal,aarush.159@gmail.com,919677331967,1985-02-03,2006-03-08,PM-003
CUST-12675,Drishya,Dube,drishya692@hotmail.com,917092148912,1983-09-05,2023-10-13,PM-003
CUST-12676,Kanav,Shankar,shankarkanav359@gmail.com,918214369018,2000-07-09,2020-06-06,PM-002
CUST-12677,Mahika,Garg,mahika_759@gmail.com,917106750340,2002-05-14,2024-06-07,PM-001
CUST-12678,Zeeshan,Thakur,zeeshan_574@outlook.com,919596677544,1979-08-23,1999-12-05,PM-001
CUST-12679,Tejas,Dugar,tejas.207@hotmail.com,919328271466,1979-01-20,2009-04-20,PM-002
CUST-12680,Anay,Solanki,solankianay544@icloud.com,919045272065,2004-10-23,2024-04-08,PM-002
CUST-12681,Damini,Rau,damini.rau216@gmail.com,918088336445,2002-12-21,2021-11-18,PM-003
CUST-12682,Elakshi,Majumdar,majumdarelakshi650@gmail.com,918418269384,1997-10-07,2017-03-02,PM-001
CUST-12683,Ryan,Kota,ryan.kota917@outlook.com,919702976385,1978-12-19,2023-03-31,PM-004
CUST-12684,Shlok,Lata,shlok557@icloud.com,919694037144,1979-01-02,2018-09-20,PM-002
CUST-12685,Trisha,Krishna,trisha503@yahoo.com,917557770184,1981-12-13,2006-02-09,PM-003
CUST-12686,Mamooty,Bhavsar,mamooty310@yahoo.com,917978859457,2002-09-01,2021-12-04,PM-004
CUST-12687,Chirag,Shan,chirag446@icloud.com,919866503537,1980-11-01,2006-02-25,PM-003
CUST-12688,Vedika,Dhar,vedika292@yahoo.com,918577265678,1974-10-18,2011-06-17,PM-002
CUST-12689,Hrishita,Bhavsar,bhavsarhrishita563@hotmail.com,917931842255,1982-08-27,2011-08-05,PM-004
CUST-12690,Gokul,Kaur,gokul.kaur838@gmail.com,919908466027,1989-08-22,2013-01-11,PM-003
CUST-12691,Damini,Kant,damini.kant317@gmail.com,919319880986,2001-12-20,2020-12-23,PM-002
CUST-12692,Pari,Kale,pari.484@yahoo.com,917080616078,1995-04-08,2013-06-16,PM-001
CUST-12693,Saksham,Dada,saksham.642@yahoo.com,917958719471,1977-05-27,2016-02-03,PM-001
CUST-12694,Reyansh,Kunda,reyansh_206@yahoo.com,919936239281,1985-07-16,2006-11-08,PM-004
CUST-12695,Hiran,Ray,hiran.ray532@icloud.com,917760975917,1980-05-18,2017-12-23,PM-003
CUST-12696,Priyansh,Saxena,priyansh224@icloud.com,918276811755,1984-02-10,2002-04-25,PM-002
CUST-12697,Saira,Soni,saira.412@icloud.com,918511560846,1997-01-23,2020-11-11,PM-001
CUST-12698,Dhanuk,Chauhan,dhanuk364@icloud.com,919388134213,1997-11-04,2020-05-13,PM-001
CUST-12699,Sana,Rege,sana.rege139@yahoo.com,918411859582,1985-05-25,2013-09-09,PM-002
CUST-12700,Shlok,Ravel,shlok.930@icloud.com,918387703703,1984-02-27,2010-02-13,PM-001
CUST-12701,Samarth,Suresh,samarth300@yahoo.com,919323267073,1988-12-23,2017-11-17,PM-003
CUST-12702,Neysa,Wali,neysa.290@gmail.com,918961272377,1983-06-26,2006-07-25,PM-002
CUST-12703,Tushar,Bera,tushar.450@hotmail.com,918746503656,1989-04-27,2010-12-18,PM-002
CUST-12704,Tushar,Wali,tushar.505@yahoo.com,919377740588,1986-08-19,2015-08-19,PM-001
CUST-12705,Saira,Wable,saira.113@hotmail.com,917360612008,1977-06-29,2009-09-17,PM-003
CUST-12706,Onkar,Tara,onkar.tara721@icloud.com,917100053394,1975-08-15,1994-07-21,PM-001
CUST-12707,Damini,Behl,behldamini160@outlook.com,917770136892,1992-08-25,2020-03-05,PM-001
CUST-12708,Tarini,Bains,tarini954@yahoo.com,917359432407,1991-01-15,2010-05-20,PM-001
CUST-12709,Badal,Manne,mannebadal827@icloud.com,917511366608,1976-02-06,2014-04-11,PM-001
CUST-12710,Vaibhav,Tata,vaibhav.350@yahoo.com,919926722129,1987-12-29,2011-05-09,PM-004
CUST-12711,Oorja,Trivedi,oorja287@gmail.com,919535345524,2004-12-11,2023-08-26,PM-003
CUST-12712,Kimaya,Bhatti,kimaya.502@gmail.com,918805151623,1988-12-05,2007-06-06,PM-003
CUST-12713,Ela,Sule,suleela290@icloud.com,917591511004,1975-04-19,2000-03-08,PM-004
CUST-12714,Anika,Chad,anika.484@outlook.com,919764313217,1975-12-05,2024-04-25,PM-003
CUST-12715,Pranay,Kapoor,pranay.kapoor247@yahoo.com,919491000167,1978-03-08,2024-05-30,PM-003
CUST-12716,Faiyaz,Dhingra,faiyaz.dhingra742@yahoo.com,917078214840,2005-08-07,2024-01-26,PM-001
CUST-12717,Khushi,Srinivas,khushi_359@yahoo.com,919571400267,1977-10-13,2008-01-01,PM-002
CUST-12718,Tejas,Rau,tejas.rau173@gmail.com,919354766888,1985-06-15,2007-09-20,PM-004
CUST-12719,Romil,Venkatesh,romil.612@hotmail.com,918716282575,1988-02-21,2015-08-14,PM-001
CUST-12720,Seher,Chakrabarti,seher_256@yahoo.com,917771073621,1983-05-18,2003-02-07,PM-004
CUST-12721,Bhavin,Kaul,kaulbhavin930@icloud.com,917368661844,1995-09-16,2022-09-17,PM-001
CUST-12722,Hunar,Singh,hunar312@hotmail.com,919955554201,1981-02-04,1999-02-10,PM-001
CUST-12723,Madhup,Sankaran,madhup.sankaran117@gmail.com,918235320696,1980-10-21,2013-08-13,PM-001
CUST-12724,Samarth,Subramaniam,samarth449@hotmail.com,917821211361,2003-08-14,2023-05-26,PM-002
CUST-12725,Samarth,Chaudhuri,chaudhurisamarth389@gmail.com,917859185476,1981-03-03,2012-09-11,PM-001
CUST-12726,Nehmat,Bhargava,bhargavanehmat982@icloud.com,919179996049,2001-11-01,2022-06-21,PM-001
CUST-12727,Gatik,Kala,gatik789@outlook.com,919662850594,1996-05-02,2016-05-13,PM-004
CUST-12728,Elakshi,Khurana,elakshi618@icloud.com,919604277563,1994-01-30,2012-07-26,PM-002
CUST-12729,Ela,Sant,ela.966@hotmail.com,917913172169,1999-03-09,2021-01-15,PM-002
CUST-12730,Hiran,Bal,balhiran829@hotmail.com,918091770896,1999-03-06,2018-10-12,PM-002
CUST-12731,Tejas,Bhakta,tejas869@outlook.com,918579531545,1999-11-19,2022-01-21,PM-003
CUST-12732,Kabir,Krishnamurthy,kabir.krishnamurthy232@hotmail.com,917205315886,1974-08-01,2013-02-13,PM-003
CUST-12733,Advik,Lata,advik.170@yahoo.com,917787625627,1986-06-12,2021-04-05,PM-001
CUST-12734,Alisha,Dutta,alisha.dutta869@hotmail.com,919317714469,1986-07-05,2006-08-03,PM-004
CUST-12735,Manjari,Hayre,manjari.721@hotmail.com,917914045834,2004-07-27,2023-05-09,PM-002
CUST-12736,Hridaan,Tripathi,hridaan.707@outlook.com,919648137938,1987-09-05,2011-09-28,PM-001
CUST-12737,Sara,Hans,sara_624@outlook.com,917578145867,1990-06-25,2016-01-16,PM-004
CUST-12738,Ehsaan,Master,ehsaan_174@yahoo.com,919239250333,2005-06-19,2023-08-08,PM-001
CUST-12739,Romil,Jhaveri,romil384@gmail.com,918035577779,2003-09-05,2023-08-11,PM-001
CUST-12740,Priyansh,Ratti,rattipriyansh949@hotmail.com,918446796083,1983-04-26,2004-03-21,PM-002
CUST-12741,Zain,Solanki,zain890@hotmail.com,918747456735,1979-02-04,1999-12-20,PM-001
CUST-12742,Jhanvi,Ahuja,jhanvi.235@gmail.com,919892395044,1999-03-03,2022-02-15,PM-001
CUST-12743,Nitya,Seshadri,nitya_646@outlook.com,917540503719,2001-10-08,2021-11-17,PM-003
CUST-12744,Myra,Raja,myra.631@hotmail.com,918692736517,1990-07-16,2020-12-28,PM-001
CUST-12745,Inaaya ,Chawla,inaaya .973@outlook.com,919606862687,2003-11-02,2022-07-21,PM-004
CUST-12746,Pari,Rana,ranapari984@icloud.com,919787493315,1977-03-02,2013-01-14,PM-003
CUST-12747,Jayan,Mannan,jayan_948@outlook.com,919400600735,1974-11-15,2010-08-09,PM-004
CUST-12748,Aarna,Sodhi,aarna.sodhi497@hotmail.com,918850251578,1981-12-19,2015-01-18,PM-003
CUST-12749,Sumer,Badal,sumer.936@yahoo.com,918552645787,1992-09-08,2022-09-30,PM-002
CUST-12750,Kiara,Thaker,thakerkiara553@icloud.com,918957220036,1978-02-17,2000-06-27,PM-001
CUST-12751,Gatik,Vohra,gatik.vohra291@icloud.com,918558961609,1997-01-31,2018-04-08,PM-004
CUST-12752,Dharmajan,Datta,dharmajan.datta819@gmail.com,917005552660,1975-10-18,2013-04-30,PM-003
CUST-12753,Indrans,Bala,indrans_478@icloud.com,918994380569,1975-11-17,2021-08-01,PM-003
CUST-12754,Khushi,Chakraborty,chakrabortykhushi702@icloud.com,917028574047,2000-01-08,2022-12-28,PM-004
CUST-12755,Rati,Vala,rati.524@outlook.com,918001236600,1996-01-02,2022-04-03,PM-001
CUST-12756,Eva,Agarwal,eva210@icloud.com,918734284662,1994-12-26,2017-06-29,PM-002
CUST-12757,Kismat,Bajaj,kismat_784@yahoo.com,918394401761,2004-10-08,2024-01-08,PM-001
CUST-12758,Kiaan,Char,kiaan_524@yahoo.com,919204464816,1988-06-08,2015-03-29,PM-003
CUST-12759,Ayesha,Desai,desaiayesha228@icloud.com,917685045004,1996-01-11,2022-06-19,PM-004
CUST-12760,Pari,Saini,pari_225@icloud.com,918361648743,2004-01-04,2022-01-11,PM-004
CUST-12761,Misha,Ben,misha.ben468@hotmail.com,919031765303,1999-10-24,2022-11-29,PM-004
CUST-12762,Vihaan,Batra,vihaan_818@gmail.com,919834658057,1982-06-04,2011-08-15,PM-004
CUST-12763,Khushi,Ramakrishnan,ramakrishnankhushi587@icloud.com,917432192437,1980-02-26,2019-03-09,PM-002
CUST-12764,Farhan,Choudhary,farhan_522@icloud.com,918115854555,1994-10-08,2016-05-31,PM-004
CUST-12765,Anika,Golla,gollaanika366@gmail.com,918177650899,1975-08-28,2013-08-05,PM-004
CUST-12766,Manikya,Krish,manikya517@hotmail.com,918252754219,1983-09-11,2011-08-06,PM-001
CUST-12767,Indrajit,Khatri,khatriindrajit585@outlook.com,919731353979,1979-06-07,2014-12-06,PM-004
CUST-12768,Jayesh,Tara,jayesh.tara218@icloud.com,917103466243,1997-02-17,2018-01-15,PM-001
CUST-12769,Kismat,Sundaram,kismat416@yahoo.com,917388081442,1979-11-02,2006-11-12,PM-003
CUST-12770,Myra,Bali,myra.bali296@hotmail.com,918682445514,1980-04-12,2012-06-05,PM-001
CUST-12771,Saanvi,Suri,saanvi760@gmail.com,917315101633,1975-05-16,1998-10-31,PM-004
CUST-12772,Dhanush,Ramesh,dhanush.480@gmail.com,919951373227,1999-01-04,2018-12-28,PM-002
CUST-12773,Bhavin,Gandhi,bhavin_495@gmail.com,919149060095,1995-08-03,2023-03-03,PM-001
CUST-12774,Mishti,Sami,mishti.sami389@gmail.com,917957985038,1992-08-24,2024-02-08,PM-002
CUST-12775,Urvi,Gopal,urvi.982@gmail.com,918530395290,1975-02-19,2011-04-27,PM-002
CUST-12776,Ivana,Walia,ivana_266@outlook.com,917540548601,1976-08-13,1995-09-28,PM-001
CUST-12777,Yashvi,Dutt,yashvi.775@outlook.com,917689440092,2005-09-26,2023-10-28,PM-003
CUST-12778,Mahika,Khanna,mahika.khanna808@gmail.com,918662626404,1995-03-13,2018-06-22,PM-003
CUST-12779,Ishita,Din,ishita748@hotmail.com,919495735448,1998-05-16,2021-12-11,PM-003
CUST-12780,Nirvi,Madan,nirvi_493@outlook.com,919037932022,1991-03-17,2014-12-21,PM-004
CUST-12781,Vritika,Upadhyay,upadhyayvritika765@icloud.com,917930230734,1997-03-26,2022-11-15,PM-004
CUST-12782,Aaryahi,Wali,waliaaryahi236@yahoo.com,919131210033,1975-11-25,2013-10-29,PM-002
CUST-12783,Madhav,Devan,madhav773@gmail.com,917395701184,1992-08-31,2012-07-26,PM-003
CUST-12784,Farhan,Tiwari,farhan.tiwari984@yahoo.com,918006569689,1980-08-08,1999-08-14,PM-001
CUST-12785,Anvi,Rana,anvi_588@icloud.com,919837360661,1980-11-14,2020-09-28,PM-002
CUST-12786,Hiran,Barad,hiran_490@outlook.com,919410062097,1990-06-26,2017-08-23,PM-001
CUST-12787,Aaryahi,Ganesan,ganesanaaryahi762@yahoo.com,919426934702,1999-03-20,2019-09-22,PM-003
CUST-12788,Vardaniya,Desai,desaivardaniya788@gmail.com,917970048217,1980-05-05,1998-09-03,PM-004
CUST-12789,Stuvan,Loyal,stuvan.909@yahoo.com,917796680451,1979-12-23,2023-05-18,PM-003
CUST-12790,Ranbir,Dugal,ranbir.890@gmail.com,917621528577,1994-07-01,2012-08-11,PM-003
CUST-12791,Tejas,Sachar,tejas909@outlook.com,917475875932,2004-05-16,2022-12-02,PM-001
CUST-12792,Eva,Goda,eva_681@gmail.com,919377310792,1992-07-09,2011-05-18,PM-002
CUST-12793,Anahita,Shankar,anahita_630@outlook.com,919241096822,1997-03-29,2022-01-09,PM-002
CUST-12794,Onkar,Verma,onkar.284@gmail.com,919537453800,1982-06-29,2003-02-14,PM-001
CUST-12795,Stuvan,Sampath,stuvan305@outlook.com,917887302786,1999-05-05,2017-10-16,PM-001
CUST-12796,Adira,Kapadia,kapadiaadira713@hotmail.com,919794345948,2001-05-20,2021-09-09,PM-003
CUST-12797,Stuvan,Shan,stuvan_452@gmail.com,919356073664,1996-12-13,2024-04-08,PM-003
CUST-12798,Ayesha,Krish,krishayesha520@outlook.com,919183846517,1998-05-10,2021-12-17,PM-003
CUST-12799,Elakshi,Bir,birelakshi271@gmail.com,918316628392,1988-04-06,2024-01-20,PM-004
CUST-12800,Dishani,Mand,dishani_583@hotmail.com,919919762882,1983-12-24,2011-09-19,PM-001
CUST-12801,Mishti,Shetty,mishti.shetty104@yahoo.com,918965060820,1977-08-06,2006-07-29,PM-002
CUST-12802,Onkar,Lata,onkar.lata290@yahoo.com,917290090871,1976-12-25,2004-10-01,PM-004
CUST-12803,Mannat,Ganguly,gangulymannat863@icloud.com,917733166353,1985-05-30,2021-04-09,PM-003
CUST-12804,Mamooty,Upadhyay,mamooty_962@icloud.com,917518080905,1981-12-18,2019-08-05,PM-004
CUST-12805,Anya,Barad,anya_330@icloud.com,918810123970,1975-11-18,2023-03-29,PM-002
CUST-12806,Raunak,Kalla,raunak.kalla766@icloud.com,919478655142,1978-07-14,2004-11-29,PM-002
CUST-12807,Seher,Virk,seher.102@icloud.com,918629254873,1994-06-19,2013-04-11,PM-002
CUST-12808,Adah,Arora,adah.701@icloud.com,919862781510,1976-05-14,2011-07-23,PM-001
CUST-12809,Jivin,Mall,jivin.mall976@hotmail.com,919132113962,1975-11-08,2002-01-31,PM-002
CUST-12810,Dharmajan,Baral,baraldharmajan703@yahoo.com,917113320281,1991-03-29,2019-01-20,PM-003
CUST-12811,Vanya,Chhabra,vanya_624@gmail.com,919688357325,2000-07-29,2019-03-20,PM-003
CUST-12812,Yasmin,Aggarwal,aggarwalyasmin779@outlook.com,919487936768,1981-05-24,2000-08-15,PM-001
CUST-12813,Vardaniya,Saha,vardaniya.saha141@icloud.com,919186380216,1990-05-14,2013-11-25,PM-003
CUST-12814,Jayant,Deep,jayant.273@hotmail.com,919692005710,1982-01-27,2014-09-01,PM-002
CUST-12815,Badal,Raman,ramanbadal604@hotmail.com,917227237000,1984-12-15,2016-10-22,PM-002
CUST-12816,Himmat,Bakshi,himmat903@gmail.com,918579644084,1989-05-20,2022-11-16,PM-003
CUST-12817,Keya,Sani,sanikeya190@outlook.com,918656228906,2004-08-28,2023-03-06,PM-002
CUST-12818,Aradhya,Kalita,aradhya_940@hotmail.com,919410828425,1992-10-05,2023-02-04,PM-002
CUST-12819,Kabir,Gour,kabir.468@hotmail.com,918819542085,1998-10-05,2021-11-03,PM-002
CUST-12820,Sahil,Kothari,sahil_620@icloud.com,919687961001,1985-01-11,2005-07-18,PM-003
CUST-12821,Samaira,Sawhney,samaira223@outlook.com,918184141375,1977-01-27,2015-11-26,PM-003
CUST-12822,Abram,Barad,abram389@yahoo.com,919756278132,2001-11-23,2022-09-28,PM-002
CUST-12823,Vedika,Kalla,vedika.545@yahoo.com,919814597529,1999-06-21,2023-07-17,PM-002
CUST-12824,Aarush,Bakshi,aarush.bakshi892@yahoo.com,917905674405,2005-02-13,2023-10-26,PM-003
CUST-12825,Shaan,Soman,shaan.285@yahoo.com,917246618529,1983-07-02,2023-03-16,PM-003
CUST-12826,Ivan,Mand,ivan827@gmail.com,919321651189,2003-04-19,2023-07-19,PM-004
CUST-12827,Trisha,Ganesh,trisha.695@outlook.com,919879930443,1974-07-02,2003-02-11,PM-002
CUST-12828,Chirag,Choudhury,chirag.387@gmail.com,919548877915,2002-06-30,2021-05-15,PM-004
CUST-12829,Ira,De,ira.935@gmail.com,918707737666,2002-08-09,2023-05-23,PM-003
CUST-12830,Shray,Goda,shray750@yahoo.com,917048938949,1977-03-23,1998-10-03,PM-002
CUST-12831,Lakshit,Balan,lakshit666@yahoo.com,917267610958,1984-02-18,2018-11-22,PM-001
CUST-12832,Ivana,Chawla,ivana.418@yahoo.com,918050923536,1986-10-26,2010-03-12,PM-004
CUST-12833,Kismat,Mander,kismat.mander247@icloud.com,919479729773,1979-11-28,2007-07-26,PM-001
CUST-12834,Priyansh,Sastry,priyansh697@yahoo.com,918207963704,1978-04-28,2017-12-31,PM-002
CUST-12835,Manikya,Devi,manikya654@outlook.com,918592094047,1981-11-17,2001-12-12,PM-001
CUST-12836,Advik,Sahni,advik_568@outlook.com,919379325436,1980-05-22,2015-11-21,PM-001
CUST-12837,Seher,Kapadia,seher853@icloud.com,919675691447,1996-10-05,2018-10-25,PM-003
CUST-12838,Elakshi,Dhar,elakshi_549@outlook.com,917148837720,1976-01-10,2023-05-26,PM-004
CUST-12839,Rohan,Lala,rohan.321@outlook.com,918094898841,1977-03-30,1999-01-31,PM-003
CUST-12840,Nishith,Sood,nishith942@gmail.com,917206028888,2004-08-04,2023-09-18,PM-003
CUST-12841,Indranil,Dubey,indranil.dubey715@gmail.com,919529263455,1997-12-05,2021-03-28,PM-004
CUST-12842,Rasha,Ghose,ghoserasha884@outlook.com,917843369440,1989-03-28,2016-03-08,PM-003
CUST-12843,Rasha,Wali,rasha_828@yahoo.com,919073143803,1977-02-06,2018-11-30,PM-002
CUST-12844,Urvi,Wadhwa,wadhwaurvi943@icloud.com,919511468681,2005-07-20,2024-01-07,PM-001
CUST-12845,Raunak,Sunder,raunak598@gmail.com,919912094292,1984-06-12,2002-08-02,PM-004
CUST-12846,Mahika,Baral,mahika.556@yahoo.com,918392466151,1987-02-09,2015-03-31,PM-001
CUST-12847,Zain,Tak,zain953@gmail.com,919014540360,1983-06-18,2022-11-21,PM-003
CUST-12848,Akarsh,Upadhyay,upadhyayakarsh713@outlook.com,917793918245,2000-12-14,2023-01-09,PM-004
CUST-12849,Siya,Kurian,siya.kurian793@yahoo.com,919800999400,1975-01-16,2013-03-28,PM-002
CUST-12850,Piya,Tank,piya_717@hotmail.com,919595321044,2000-08-27,2022-10-27,PM-002
CUST-12851,Sara,Mallick,mallicksara472@icloud.com,919032408578,1993-02-25,2019-07-03,PM-004
CUST-12852,Myra,Ratta,myra_493@hotmail.com,919107286834,1994-08-17,2023-04-18,PM-002
CUST-12853,Urvi,Tank,urvi_280@icloud.com,918143269050,1986-03-26,2018-06-01,PM-001
CUST-12854,Shaan,Bajaj,shaan164@hotmail.com,919678741184,1992-02-01,2021-11-25,PM-004
CUST-12855,Purab,Bali,purab.bali718@hotmail.com,918255609280,1996-12-02,2015-08-22,PM-001
CUST-12856,Neelofar,Dara,neelofar_959@yahoo.com,918694570916,1983-05-05,2021-06-12,PM-004
CUST-12857,Anika,Ratta,anika.ratta414@gmail.com,919304682950,1976-05-26,2012-04-23,PM-002
CUST-12858,Hazel,Gera,hazel970@gmail.com,919475935397,1997-03-17,2023-02-14,PM-003
CUST-12859,Rohan,Bose,rohan.bose631@hotmail.com,918914075656,1982-12-03,2008-12-04,PM-003
CUST-12860,Aniruddh,Uppal,aniruddh.277@yahoo.com,919204303270,1995-03-19,2019-01-14,PM-003
CUST-12861,Neelofar,Chatterjee,neelofar_771@gmail.com,918111252938,1998-07-14,2020-11-09,PM-001
CUST-12862,Vihaan,Dasgupta,dasguptavihaan332@gmail.com,917603920383,1994-08-14,2015-05-23,PM-004
CUST-12863,Tejas,Sachdev,tejas_461@gmail.com,919010145174,1984-04-01,2021-03-27,PM-001
CUST-12864,Khushi,Wable,khushi.wable210@hotmail.com,918590755363,1977-02-16,2017-05-28,PM-004
CUST-12865,Yuvaan,Warrior,yuvaan133@hotmail.com,918965676256,1999-04-02,2019-03-24,PM-001
CUST-12866,Shayak,Kohli,shayak296@yahoo.com,919671118749,1998-09-24,2020-04-18,PM-003
CUST-12867,Aradhya,Virk,aradhya.376@hotmail.com,917355488210,1996-03-17,2021-07-01,PM-002
CUST-12868,Aniruddh,Seth,aniruddh.325@hotmail.com,918655824002,1992-03-29,2011-12-27,PM-003
CUST-12869,Kashvi,Sastry,kashvi_759@yahoo.com,917372223138,1975-05-03,2004-03-07,PM-004
CUST-12870,Saira,Uppal,saira528@gmail.com,917297746417,2001-04-25,2022-03-09,PM-001
CUST-12871,Onkar,Ganesh,onkar.845@yahoo.com,919598384521,1996-06-25,2022-12-22,PM-001
CUST-12872,Vedika,Chhabra,vedika.682@outlook.com,919205318704,1993-08-10,2021-12-18,PM-003
CUST-12873,Jayan,Manda,jayan516@icloud.com,919418610366,2004-03-13,2022-06-06,PM-004
CUST-12874,Saanvi,Saraf,saanvi.saraf699@hotmail.com,919979744327,1992-11-01,2016-04-14,PM-001
CUST-12875,Dhruv,Devan,devandhruv590@yahoo.com,919024406963,1992-06-12,2021-03-03,PM-001
CUST-12876,Adira,Dey,deyadira250@gmail.com,917417027155,2005-09-20,2024-04-25,PM-001
CUST-12877,Vardaniya,Chowdhury,chowdhuryvardaniya528@hotmail.com,917985591268,1981-01-12,2019-04-04,PM-003
CUST-12878,Uthkarsh,Garg,uthkarsh.151@gmail.com,917649912296,1986-07-27,2016-09-29,PM-002
CUST-12879,Dharmajan,Dyal,dharmajan717@yahoo.com,919342951890,1999-01-19,2019-07-13,PM-004
CUST-12880,Vaibhav,Mahajan,mahajanvaibhav500@outlook.com,917235579629,1987-10-27,2024-05-22,PM-001
CUST-12881,Yuvraj ,Saxena,saxenayuvraj 677@icloud.com,917492129093,1997-03-04,2015-08-28,PM-004
CUST-12882,Ahana ,Vasa,ahana 921@hotmail.com,917772566260,1990-12-08,2011-05-09,PM-001
CUST-12883,Aayush,Arya,aayush.336@yahoo.com,917618185432,1975-04-23,1997-09-28,PM-004
CUST-12884,Elakshi,Bhargava,elakshi_325@yahoo.com,919857613491,1989-07-26,2014-12-13,PM-002
CUST-12885,Dhanush,Ramanathan,ramanathandhanush661@hotmail.com,918520005088,1981-10-01,2014-03-08,PM-001
CUST-12886,Navya,Ganesan,navya252@yahoo.com,918587662617,1992-12-14,2011-02-21,PM-004
CUST-12887,Trisha,Kale,kaletrisha135@yahoo.com,918862556682,1984-08-15,2002-09-15,PM-001
CUST-12888,Oorja,Shanker,oorja.shanker235@yahoo.com,918172547445,1979-09-17,2015-06-01,PM-001
CUST-12889,Aniruddh,Roy,royaniruddh810@hotmail.com,918860076529,1993-10-14,2023-08-09,PM-001
CUST-12890,Aradhya,Barad,aradhya416@yahoo.com,917398508826,1988-04-28,2020-06-05,PM-004
CUST-12891,Ryan,Agarwal,ryan384@outlook.com,917614882198,1977-06-14,1999-08-22,PM-003
CUST-12892,Yashvi,Chandran,chandranyashvi793@icloud.com,917771237237,1987-04-16,2012-01-31,PM-002
CUST-12893,Yashvi,Baral,yashvi_436@yahoo.com,917730095791,2005-09-19,2023-10-26,PM-003
CUST-12894,Kimaya,Atwal,kimaya993@outlook.com,919463627484,2002-12-11,2020-12-13,PM-003
CUST-12895,Ira,Behl,ira.behl633@icloud.com,917112122012,1988-03-05,2013-01-23,PM-002
CUST-12896,Yakshit,Deshmukh,deshmukhyakshit569@icloud.com,918986000609,1974-08-12,1997-08-03,PM-003
CUST-12897,Reyansh,Lala,lalareyansh975@hotmail.com,917654649145,1993-05-26,2016-05-19,PM-002
CUST-12898,Mamooty,Gera,mamooty_658@icloud.com,919044939660,1980-11-06,2011-10-28,PM-004
CUST-12899,Lagan,Malhotra,lagan.430@hotmail.com,918007629762,2004-07-11,2022-12-29,PM-003
CUST-12900,Zain,Dua,zain749@gmail.com,919708234787,2006-04-02,2024-05-28,PM-001
CUST-12901,Anaya,Goda,anaya.242@yahoo.com,918715372152,1990-09-02,2022-02-20,PM-003
CUST-12902,Divij,Roy,divij859@gmail.com,917932828039,1997-07-09,2023-05-09,PM-001
CUST-12903,Renee,Chandra,renee.129@icloud.com,917318929315,2003-06-11,2022-12-15,PM-003
CUST-12904,Anaya,Sarna,anaya.sarna244@gmail.com,919506446334,1991-11-06,2013-05-21,PM-002
CUST-12905,Jayesh,Rastogi,jayesh.rastogi971@icloud.com,918164216872,1982-03-28,2016-01-20,PM-001
CUST-12906,Dhanuk,Ramesh,dhanuk521@yahoo.com,917089094182,1978-09-15,2004-01-22,PM-003
CUST-12907,Kabir,Bahl,kabir.688@yahoo.com,917129481763,2005-03-19,2024-04-22,PM-002
CUST-12908,Arhaan,Gandhi,arhaan_126@yahoo.com,917888621081,1992-07-18,2020-06-27,PM-001
CUST-12909,Kartik,Chaudry,kartik436@gmail.com,917931629756,1998-07-06,2020-11-29,PM-004
CUST-12910,Divit,Vora,divit.vora974@outlook.com,917059848961,1991-06-20,2012-02-13,PM-002
CUST-12911,Diya,Vaidya,diya.vaidya664@gmail.com,919576148495,1995-03-19,2021-07-18,PM-003
CUST-12912,Reyansh,Bawa,reyansh.bawa723@outlook.com,919705382350,1980-01-23,2011-11-20,PM-001
CUST-12913,Yashvi,Zacharia,yashvi428@hotmail.com,919001140185,1991-06-14,2017-01-28,PM-002
CUST-12914,Trisha,Sani,trisha847@hotmail.com,917271821018,1989-03-01,2019-09-11,PM-004
CUST-12915,Ehsaan,Iyengar,ehsaan.125@icloud.com,918181070121,2003-08-18,2023-04-16,PM-004
CUST-12916,Emir,Bhalla,emir.bhalla692@hotmail.com,919359616793,1989-08-13,2021-04-20,PM-001
CUST-12917,Aaryahi,Magar,aaryahi687@outlook.com,918931096199,1979-03-19,2019-10-04,PM-002
CUST-12918,Vedika,Sarma,vedika_978@hotmail.com,917090658156,1975-08-02,2022-06-06,PM-004
CUST-12919,Neelofar,Bhatia,neelofar.548@icloud.com,918209055107,1992-10-25,2023-01-17,PM-003
CUST-12920,Anvi,Luthra,luthraanvi843@icloud.com,917519423005,1985-09-16,2007-06-13,PM-003
CUST-12921,Dharmajan,Goswami,goswamidharmajan232@hotmail.com,918913751380,1976-02-11,2020-08-30,PM-001
CUST-12922,Advika,Dash,advika.615@hotmail.com,919724155104,2004-08-13,2023-12-27,PM-002
CUST-12923,Zara,Vasa,zara.931@outlook.com,917685074041,2002-09-06,2024-03-23,PM-004
CUST-12924,Uthkarsh,Jhaveri,uthkarsh.772@icloud.com,918059028922,2001-04-22,2024-03-01,PM-002
CUST-12925,Onkar,Sami,samionkar481@icloud.com,919375788450,1984-05-13,2005-07-10,PM-002
CUST-12926,Yuvaan,Dey,yuvaan137@hotmail.com,917656704391,1987-02-13,2021-11-02,PM-003
CUST-12927,Nitya,Devan,nitya.devan861@icloud.com,919308214678,1984-08-20,2020-06-19,PM-004
CUST-12928,Ivan,Mane,ivan218@outlook.com,918688367282,1993-03-01,2020-07-12,PM-001
CUST-12929,Ivana,Khosla,ivana.khosla293@gmail.com,919040062523,2001-05-13,2022-09-24,PM-001
CUST-12930,Tanya,Bahri,bahritanya119@gmail.com,918497038964,1993-10-20,2023-04-13,PM-002
CUST-12931,Parinaaz,Krishnan,parinaaz.krishnan137@hotmail.com,917465946675,1995-06-07,2018-06-10,PM-004
CUST-12932,Aaryahi,Gade,aaryahi_451@yahoo.com,917747022453,1978-07-07,1998-12-02,PM-004
CUST-12933,Miraan,Lall,lallmiraan581@hotmail.com,918643589053,1997-06-16,2022-08-05,PM-003
CUST-12934,Renee,Dalal,renee.dalal563@hotmail.com,919668930237,1986-12-30,2007-09-29,PM-002
CUST-12935,Jayesh,Tandon,tandonjayesh996@yahoo.com,919054433994,1982-07-29,2010-06-13,PM-002
CUST-12936,Myra,Krishnan,myra.krishnan142@gmail.com,919215270089,2004-10-21,2023-11-10,PM-001
CUST-12937,Vaibhav,Keer,keervaibhav801@yahoo.com,919446438002,1994-06-02,2018-03-24,PM-003
CUST-12938,Parinaaz,Borde,parinaaz_947@yahoo.com,919074073677,1988-08-12,2008-03-09,PM-002
CUST-12939,Taimur,Seshadri,taimur_125@gmail.com,919384121118,1998-10-08,2018-05-02,PM-003
CUST-12940,Tanya,Uppal,tanya.327@hotmail.com,918914902379,1993-08-04,2023-01-14,PM-002
CUST-12941,Ivana,Varghese,ivana.varghese315@hotmail.com,917229218858,1984-03-05,2010-04-28,PM-001
CUST-12942,Riya,Gour,riya.gour992@icloud.com,917957794954,1981-07-06,2011-11-18,PM-004
CUST-12943,Manjari,Bhattacharyya,manjari.857@gmail.com,918766819303,1988-09-28,2023-09-20,PM-004
CUST-12944,Chirag,Bora,chirag.bora442@yahoo.com,918340172122,1986-08-18,2012-06-02,PM-002
CUST-12945,Anay,Ravi,anay.ravi555@yahoo.com,917110359104,1976-02-08,1995-09-01,PM-002
CUST-12946,Pihu,Dua,pihu393@yahoo.com,919089961126,1994-09-07,2015-02-01,PM-003
CUST-12947,Purab,Hora,purab.929@gmail.com,918631533794,1975-04-30,2001-09-28,PM-002
CUST-12948,Jayant,Hans,jayant.hans616@outlook.com,919520125344,1978-12-25,2021-04-23,PM-001
CUST-12949,Shalv,Kade,shalv.870@gmail.com,919948015256,1997-04-29,2019-08-25,PM-002
CUST-12950,Ahana ,Uppal,uppalahana 607@gmail.com,917933948932,1991-01-23,2018-07-03,PM-001
CUST-12951,Hrishita,Rajagopal,hrishita_893@outlook.com,919639974111,2004-02-12,2023-11-04,PM-004
CUST-12952,Samarth,Yogi,samarth.yogi332@gmail.com,918965991731,1983-09-07,2010-10-04,PM-002
CUST-12953,Umang,Kothari,kothariumang289@gmail.com,918760198338,1980-10-22,2009-10-14,PM-002
CUST-12954,Ojas,Goel,ojas_941@icloud.com,917256117647,1978-03-23,1999-03-31,PM-004
CUST-12955,Diya,Thaman,diya.thaman430@outlook.com,918423153992,1985-03-23,2008-10-14,PM-001
CUST-12956,Diya,Madan,diya.407@icloud.com,918760377938,2004-04-01,2023-11-04,PM-001
CUST-12957,Ishaan,Sule,ishaan.sule430@icloud.com,917855295307,1976-10-01,2019-05-29,PM-003
CUST-12958,Vanya,Saini,vanya.saini651@hotmail.com,917718877873,1987-02-18,2013-12-12,PM-002
CUST-12959,Abram,Gulati,abram232@icloud.com,917117061318,1980-05-21,1999-03-19,PM-004
CUST-12960,Vidur,Ganguly,vidur_668@hotmail.com,917349456670,1996-02-16,2014-11-02,PM-002
CUST-12961,Jayan,Vasa,jayan.vasa520@outlook.com,917661222882,1984-08-16,2009-02-26,PM-004
CUST-12962,Charvi,Dasgupta,charvi.dasgupta722@yahoo.com,919801526693,1976-10-16,1995-07-03,PM-003
CUST-12963,Samaira,Walla,wallasamaira102@hotmail.com,918209475462,1979-09-05,2001-09-13,PM-004
CUST-12964,Manikya,Kalla,manikya.kalla749@hotmail.com,918642652822,1990-09-04,2009-12-20,PM-002
CUST-12965,Tiya,Bedi,beditiya243@yahoo.com,917635667815,1998-10-16,2017-06-22,PM-003
CUST-12966,Aniruddh,Chaudry,aniruddh587@icloud.com,919798200659,1994-08-20,2023-06-20,PM-003
CUST-12967,Fateh,Mallick,fateh.794@icloud.com,917322186799,1979-04-01,2001-04-15,PM-001
CUST-12968,Alisha,Rau,alisha733@gmail.com,919185103930,1981-11-12,2000-12-28,PM-001
CUST-12969,Alia,Sura,alia.sura467@yahoo.com,919011523615,1981-07-27,2000-01-30,PM-004
CUST-12970,Zaina,Bhatia,zaina.bhatia596@outlook.com,918577480214,1993-06-02,2014-07-03,PM-001
CUST-12971,Drishya,Thakur,drishya.thakur343@yahoo.com,919066000504,2003-12-14,2023-05-31,PM-001
CUST-12972,Tushar,Dugar,tushar_790@icloud.com,919738975001,1989-01-06,2016-07-18,PM-003
CUST-12973,Kavya,Trivedi,kavya.676@gmail.com,919867532994,1992-03-19,2015-08-07,PM-003
CUST-12974,Taimur,Jayaraman,taimur.jayaraman177@gmail.com,917527201593,1974-07-09,2006-08-10,PM-002
CUST-12975,Sara,Chokshi,chokshisara235@icloud.com,917013882314,2002-01-06,2023-06-12,PM-002
CUST-12976,Amira,Warrior,amira.579@gmail.com,917562388340,1996-10-09,2018-04-11,PM-004
CUST-12977,Samarth,Sastry,samarth.sastry343@icloud.com,918184717124,1991-03-08,2012-09-29,PM-004
CUST-12978,Renee,Goel,renee_829@hotmail.com,917814843590,1979-03-08,2008-06-24,PM-004
CUST-12979,Zain,Gokhale,zain.gokhale971@gmail.com,919639611917,2002-02-17,2022-09-30,PM-001
CUST-12980,Dhruv,Dada,dhruv.dada217@outlook.com,919064038020,2005-01-24,2023-04-01,PM-001
CUST-12981,Vardaniya,Sule,vardaniya953@gmail.com,919871727188,2003-08-28,2021-09-26,PM-004
CUST-12982,Darshit,Rajagopal,rajagopaldarshit201@gmail.com,918205289286,2006-04-10,2024-05-07,PM-002
CUST-12983,Biju,Viswanathan,biju.viswanathan687@outlook.com,917615251237,2004-05-18,2022-06-19,PM-004
CUST-12984,Neelofar,Wagle,neelofar_401@gmail.com,917265912792,2000-06-09,2021-03-09,PM-002
CUST-12985,Vivaan,Sabharwal,vivaan.151@icloud.com,918450414984,1974-11-13,2018-06-28,PM-001
CUST-12986,Akarsh,Krishna,akarsh_588@hotmail.com,917903503911,1984-12-07,2017-06-26,PM-002
CUST-12987,Purab,Garde,purab761@yahoo.com,918597416492,1990-08-09,2016-08-22,PM-002
CUST-12988,Samaira,Ganesan,samaira_201@icloud.com,917051482327,1987-05-04,2015-04-20,PM-002
CUST-12989,Kanav,Gole,kanav.gole955@hotmail.com,919473656256,1979-11-19,2006-05-27,PM-002
CUST-12990,Indrajit,Ray,indrajit_895@icloud.com,919598793521,1976-07-05,2014-11-13,PM-004
CUST-12991,Umang,Acharya,umang_746@hotmail.com,919899454344,2005-10-23,2024-01-01,PM-002
CUST-12992,Anika,Barad,anika.996@hotmail.com,919356065061,1983-06-07,2015-04-23,PM-003
CUST-12993,Taran,Behl,taran_755@outlook.com,919822477399,1991-01-31,2020-04-05,PM-004
CUST-12994,Adira,Dora,adira234@hotmail.com,918764251583,1985-01-03,2003-07-09,PM-002
CUST-12995,Manikya,Kale,kalemanikya154@yahoo.com,919255466732,1983-05-19,2008-01-06,PM-001
CUST-12996,Zeeshan,Kohli,zeeshan990@gmail.com,919951263934,1978-08-10,2010-03-25,PM-004
CUST-12997,Dhanuk,Ray,dhanuk_347@hotmail.com,917334328003,2000-03-26,2022-06-15,PM-004
CUST-12998,Mishti,Gara,mishti.gara645@gmail.com,918808818435,2005-03-03,2024-01-25,PM-004
CUST-12999,Sara,Roy,sara737@gmail.com,918134340344,1992-03-14,2016-01-23,PM-003
CUST-13000,Manjari,Chaudry,manjari.476@gmail.com,918270556664,1995-08-24,2022-03-18,PM-003
CUST-13001,Seher,Shetty,seher_691@hotmail.com,918283420022,1988-06-12,2009-01-01,PM-001
CUST-13002,Ivana,Wali,ivana.wali650@icloud.com,919080957453,2003-10-21,2022-11-24,PM-004
CUST-13003,Anahi,Iyer,anahi.922@gmail.com,918672038878,1980-06-05,2020-08-08,PM-001
CUST-13004,Biju,Bhatt,biju.bhatt988@gmail.com,918974917895,1987-05-26,2017-05-06,PM-004
CUST-13005,Gokul,Joshi,gokul.joshi869@yahoo.com,918761648390,1985-12-05,2023-01-04,PM-001
CUST-13006,Veer,Mane,veer.mane132@yahoo.com,918378637365,1984-07-10,2008-08-15,PM-001
CUST-13007,Armaan,Loyal,armaan_645@yahoo.com,918488305271,1988-12-29,2014-03-13,PM-001
CUST-13008,Nitara,Deep,nitara.deep545@icloud.com,918570818070,1985-05-20,2009-09-23,PM-003
CUST-13009,Saksham,Dutt,duttsaksham703@gmail.com,917771899887,1987-01-28,2023-05-01,PM-002
CUST-13010,Alia,Manda,alia.968@yahoo.com,918598673545,1998-12-20,2022-08-23,PM-004
CUST-13011,Ranbir,Sani,ranbir.sani817@hotmail.com,919153081278,1987-03-12,2013-04-11,PM-002
CUST-13012,Manjari,Bhasin,manjari_661@icloud.com,919549190524,1998-12-27,2020-12-31,PM-004
CUST-13013,Drishya,Goyal,drishya.goyal126@gmail.com,919067343768,2001-12-05,2020-10-27,PM-004
CUST-13014,Miraan,Srinivas,miraan795@icloud.com,919862346541,1984-07-03,2023-12-23,PM-003
CUST-13015,Aaryahi,Raman,aaryahi.raman207@yahoo.com,917526598684,1987-05-19,2012-01-14,PM-003
CUST-13016,Darshit,Sawhney,darshit610@gmail.com,919886507385,1985-09-29,2019-05-04,PM-002
CUST-13017,Nirvi,Manda,nirvi_206@hotmail.com,918315758192,1982-09-02,2014-01-30,PM-004
CUST-13018,Shayak,Guha,shayak593@outlook.com,919837538222,2004-07-30,2022-09-29,PM-001
CUST-13019,Zara,Yadav,zara.yadav570@yahoo.com,918585871970,1978-04-10,1998-03-17,PM-002
CUST-13020,Adah,Kumer,adah_846@hotmail.com,917231805744,1978-09-25,2003-05-29,PM-002
CUST-13021,Ishaan,Subramanian,ishaan.465@gmail.com,917671954014,1977-06-17,1999-10-14,PM-004
CUST-13022,Samarth,Rajagopal,samarth.rajagopal805@gmail.com,917672962810,2002-06-16,2022-03-02,PM-004
CUST-13023,Nakul,Sharma,nakul967@outlook.com,919588724298,1989-07-24,2016-12-07,PM-002
CUST-13024,Adira,Saha,adira917@hotmail.com,918064844373,2003-02-15,2023-02-03,PM-004
CUST-13025,Uthkarsh,Issac,uthkarsh152@gmail.com,919018491237,1983-05-30,2022-02-28,PM-004
CUST-13026,Urvi,Thaman,urvi.thaman173@gmail.com,918965904359,1996-11-06,2017-11-02,PM-002
CUST-13027,Dhanush,Bala,baladhanush142@icloud.com,917577941171,1981-08-28,2018-07-25,PM-004
CUST-13028,Taimur,Kapadia,taimur497@outlook.com,919747876197,2000-03-11,2021-04-01,PM-002
CUST-13029,Kartik,Sunder,kartik_209@hotmail.com,918944062160,1992-01-15,2018-03-30,PM-001
CUST-13030,Kiaan,Kashyap,kiaan_744@hotmail.com,918426082812,2005-09-03,2024-03-11,PM-004
CUST-13031,Adah,Dash,adah.601@outlook.com,917630411252,1992-03-21,2022-04-07,PM-004
CUST-13032,Seher,Mandal,seher_648@outlook.com,919747968598,1995-11-23,2017-03-06,PM-002
CUST-13033,Alia,Mand,alia_190@icloud.com,918475450790,2006-04-23,2024-05-13,PM-004
CUST-13034,Lagan,Badami,badamilagan826@outlook.com,918628979822,1996-06-17,2020-08-02,PM-002
CUST-13035,Shayak,Dara,darashayak625@icloud.com,919228626991,1993-05-16,2017-01-16,PM-004
CUST-13036,Renee,Goswami,renee.980@yahoo.com,918075406512,1988-06-22,2010-08-18,PM-003
CUST-13037,Anay,Brar,anay.530@icloud.com,919676812234,1994-06-24,2017-01-17,PM-003
CUST-13038,Akarsh,Wali,waliakarsh461@icloud.com,917746898787,1999-03-22,2022-01-10,PM-002
CUST-13039,Tara,Khosla,tara.khosla848@outlook.com,919113168132,2000-07-19,2021-05-15,PM-001
CUST-13040,Seher,Sule,seher.sule875@hotmail.com,917771998524,1996-09-03,2016-04-30,PM-001
CUST-13041,Nishith,Chakraborty,nishith.chakraborty631@gmail.com,919584448202,1983-02-14,2021-12-13,PM-003
CUST-13042,Uthkarsh,Sachdeva,uthkarsh.sachdeva712@icloud.com,918847702909,1979-09-02,2016-04-19,PM-001
CUST-13043,Khushi,Reddy,khushi.859@gmail.com,919994368941,1999-09-10,2024-05-10,PM-002
CUST-13044,Piya,Varma,piya225@gmail.com,919094390088,1975-03-17,1993-09-25,PM-003
CUST-13045,Yuvraj ,Lalla,lallayuvraj 157@icloud.com,919413789343,1976-01-07,2010-11-03,PM-003
CUST-13046,Misha,Suri,misha.suri452@icloud.com,919166734256,1977-09-02,2022-12-10,PM-003
CUST-13047,Pranay,Zacharia,pranay694@outlook.com,919187438961,1999-10-27,2019-04-11,PM-004
CUST-13048,Baiju,Kakar,baiju751@hotmail.com,919853472885,2002-12-24,2024-03-30,PM-002
CUST-13049,Emir,Chand,emir.527@outlook.com,917465085446,1996-02-27,2020-06-17,PM-003
CUST-13050,Jiya,Dara,jiya690@outlook.com,919093635708,1989-08-21,2008-12-16,PM-002
CUST-13051,Kiara,Ghose,kiara499@yahoo.com,919822644110,2000-05-16,2020-05-11,PM-003
CUST-13052,Shray,Suresh,shray.870@outlook.com,919930410345,1979-06-27,2021-10-31,PM-003
CUST-13053,Nitara,Chaudhary,nitara_583@outlook.com,917561349423,2006-05-18,2024-05-20,PM-001
CUST-13054,Umang,Zachariah,umang_604@outlook.com,918960763266,1987-10-16,2016-01-25,PM-004
CUST-13055,Yasmin,Andra,yasmin_615@yahoo.com,919540465769,1987-11-01,2017-10-26,PM-001
CUST-13056,Anaya,Mangat,anaya.mangat144@outlook.com,919069589654,2000-02-17,2021-04-27,PM-001
CUST-13057,Prerak,Acharya,prerak.acharya189@yahoo.com,918164579886,2003-06-05,2022-01-29,PM-003
CUST-13058,Anaya,Vyas,anaya106@gmail.com,919588024185,2005-07-20,2024-01-24,PM-002
CUST-13059,Veer,Khalsa,veer.khalsa312@yahoo.com,917076386712,2001-12-22,2021-07-20,PM-004
CUST-13060,Yasmin,Dutta,yasmin124@outlook.com,917943017902,1983-02-09,2006-02-07,PM-001
CUST-13061,Inaaya ,Bajwa,inaaya 632@gmail.com,917802000671,1975-08-13,1994-09-17,PM-002
CUST-13062,Shalv,Choudhary,shalv_355@icloud.com,919604438270,2000-02-22,2018-04-16,PM-004
CUST-13063,Sumer,Shukla,sumer_841@icloud.com,917020960448,1999-04-05,2018-02-02,PM-004
CUST-13064,Diya,Mann,diya.mann466@outlook.com,917908196419,1993-03-08,2011-08-26,PM-002
CUST-13065,Fateh,Subramaniam,fateh594@outlook.com,919276390262,1990-06-06,2009-05-29,PM-003
CUST-13066,Aradhya,Dasgupta,dasguptaaradhya421@gmail.com,919409608760,1988-11-13,2008-01-18,PM-002
CUST-13067,Heer,Bhandari,heer.bhandari656@gmail.com,918794251685,2004-11-20,2023-12-31,PM-002
CUST-13068,Fateh,Bedi,fateh.609@yahoo.com,917280063143,1982-11-15,2003-08-04,PM-003
CUST-13069,Indrajit,Kadakia,indrajit.kadakia978@outlook.com,918968537137,2004-09-08,2023-01-19,PM-003
CUST-13070,Nehmat,Rau,nehmat_725@yahoo.com,919482964170,1980-03-14,2009-06-15,PM-004
CUST-13071,Zain,Varghese,zain.327@gmail.com,918744576485,2000-10-29,2022-11-05,PM-002
CUST-13072,Chirag,Hayre,chirag_262@hotmail.com,919174084267,1991-01-26,2017-06-04,PM-001
CUST-13073,Sahil,Ramanathan,sahil.ramanathan490@icloud.com,918087845421,2002-05-07,2022-04-29,PM-003
CUST-13074,Shaan,Wali,shaan_700@gmail.com,918339628315,1984-05-29,2019-10-07,PM-001
CUST-13075,Mohanlal,Bora,mohanlal_430@gmail.com,918781370779,1989-10-04,2023-05-26,PM-004
CUST-13076,Indrajit,Jayaraman,jayaramanindrajit272@gmail.com,917524213531,1995-12-09,2014-04-27,PM-004
CUST-13077,Hridaan,Borah,hridaan.borah122@hotmail.com,918801892891,1998-02-14,2018-11-29,PM-004
CUST-13078,Nirvi,Kari,nirvi.kari720@yahoo.com,917367454103,1994-09-13,2019-09-09,PM-001
CUST-13079,Rania,Tella,rania.tella600@gmail.com,917142968514,1996-06-10,2018-08-28,PM-003
CUST-13080,Anahi,Keer,anahi579@gmail.com,919262451631,1987-11-12,2013-03-18,PM-002
CUST-13081,Miraan,Sant,miraan859@icloud.com,918434647805,1990-08-16,2012-06-08,PM-001
CUST-13082,Vedika,Kale,vedika.957@gmail.com,918751061509,2003-12-05,2023-06-01,PM-003
CUST-13083,Adah,Dutta,adah.dutta429@icloud.com,919485145065,1995-01-16,2021-08-09,PM-002
CUST-13084,Tanya,Bhakta,bhaktatanya434@yahoo.com,918989330516,1986-04-10,2006-04-09,PM-003
CUST-13085,Aayush,Dutt,aayush.840@hotmail.com,918126418489,1994-01-31,2017-03-03,PM-001
CUST-13086,Seher,Singh,singhseher553@gmail.com,918065626731,2000-05-21,2023-03-31,PM-004
CUST-13087,Azad,Saini,azad.saini349@icloud.com,919142455464,2005-01-17,2023-12-20,PM-002
CUST-13088,Mamooty,Soni,sonimamooty289@yahoo.com,917721790312,1988-07-31,2011-04-16,PM-001
CUST-13089,Taimur,Grover,taimur.952@yahoo.com,918896107782,2003-01-11,2023-12-23,PM-002
CUST-13090,Yashvi,Maharaj,maharajyashvi657@outlook.com,917752021425,1981-05-09,2000-10-29,PM-004
CUST-13091,Kanav,Rattan,kanav_967@outlook.com,919266422385,1987-06-25,2017-10-26,PM-002
CUST-13092,Ehsaan,Deo,ehsaan.deo153@yahoo.com,919313168194,1986-05-09,2023-12-13,PM-002
CUST-13093,Mannat,Jani,mannat804@outlook.com,917451683372,1980-06-23,2012-02-15,PM-004
CUST-13094,Farhan,Chakrabarti,farhan159@gmail.com,919535360964,1975-02-11,1993-02-10,PM-004
CUST-13095,Amani,Suresh,sureshamani296@hotmail.com,917582646210,1988-06-13,2015-08-15,PM-004
CUST-13096,Samarth,Dugal,samarth_557@yahoo.com,917843761156,1997-02-10,2019-11-16,PM-004
CUST-13097,Vivaan,Kapur,vivaan.319@hotmail.com,917140851381,1997-11-13,2022-11-12,PM-004
CUST-13098,Neysa,Wadhwa,wadhwaneysa861@yahoo.com,918901130286,1980-02-11,2014-07-15,PM-004
CUST-13099,Jiya,Mani,jiya.mani488@icloud.com,917087601335,1974-08-07,2011-09-21,PM-001
CUST-13100,Shamik,Rao,shamik.277@hotmail.com,918891330184,2000-04-03,2019-03-27,PM-001
CUST-13101,Shaan,Chadha,chadhashaan546@icloud.com,918867598966,1986-04-22,2009-10-29,PM-001
CUST-13102,Jayesh,Dhar,jayesh.443@hotmail.com,919237352619,1979-02-17,1999-07-25,PM-003
CUST-13103,Sumer,Sami,sumer807@gmail.com,918804159881,1994-06-28,2016-05-09,PM-003
CUST-13104,Kanav,Dhillon,kanav.344@hotmail.com,918336613571,1999-08-26,2018-08-16,PM-004
CUST-13105,Bhamini,Sarma,sarmabhamini569@icloud.com,918956561930,1989-02-23,2012-04-01,PM-003
CUST-13106,Tarini,Venkatesh,venkateshtarini249@yahoo.com,919172766234,1989-03-11,2022-03-20,PM-001
CUST-13107,Ishaan,Dada,ishaan899@gmail.com,917640599447,1999-12-17,2023-07-18,PM-002
CUST-13108,Indrajit,Uppal,indrajit414@outlook.com,917790207588,1990-01-25,2012-09-23,PM-004
CUST-13109,Rati,Kaur,rati.kaur890@outlook.com,917694925915,1994-02-23,2021-01-23,PM-001
CUST-13110,Eshani,Chowdhury,eshani.752@gmail.com,917423910135,1976-08-15,2015-01-07,PM-003
CUST-13111,Shaan,Mander,mandershaan781@yahoo.com,919029872499,1998-07-29,2023-03-08,PM-001
CUST-13112,Ehsaan,Varma,ehsaan641@hotmail.com,918799842291,1996-03-19,2023-04-23,PM-002
CUST-13113,Priyansh,Lad,ladpriyansh786@hotmail.com,919831026108,1992-06-28,2021-10-01,PM-003
CUST-13114,Rohan,Jaggi,rohan_310@outlook.com,918585224413,1981-06-06,2001-05-03,PM-003
CUST-13115,Shayak,Bobal,shayak_350@hotmail.com,917544006273,1996-06-17,2015-08-21,PM-003
CUST-13116,Ela,Bhagat,ela.255@outlook.com,919157536951,1985-05-28,2013-08-31,PM-004
CUST-13117,Shanaya,Gara,garashanaya613@gmail.com,917591216743,1993-02-09,2012-12-23,PM-004
CUST-13118,Indrajit,Dave,indrajit.dave321@gmail.com,918161109164,1996-06-13,2021-06-08,PM-002
CUST-13119,Damini,Rajagopalan,rajagopalandamini387@yahoo.com,918135594718,1976-10-25,2017-09-22,PM-003
CUST-13120,Mehul,Sami,mehul.401@gmail.com,919749203032,2006-03-26,2024-05-23,PM-002
CUST-13121,Samar,Aggarwal,samar197@yahoo.com,919267292080,1979-07-13,2014-11-26,PM-004
CUST-13122,Arhaan,Dugar,arhaan187@icloud.com,919032809003,1981-06-21,2013-01-07,PM-002
CUST-13123,Arhaan,Wagle,arhaan_667@gmail.com,917396856692,1984-09-10,2017-05-05,PM-004
CUST-13124,Jivin,Kanda,kandajivin143@yahoo.com,918141539391,2002-01-29,2022-10-17,PM-003
CUST-13125,Emir,Luthra,luthraemir968@gmail.com,919664976314,1980-06-06,2011-10-28,PM-004
CUST-13126,Armaan,Ratta,armaan.549@outlook.com,919033786702,2003-07-25,2024-05-10,PM-003
CUST-13127,Mamooty,Gole,mamooty274@hotmail.com,919749657197,1989-11-30,2014-12-26,PM-004
CUST-13128,Indrajit,Kumer,indrajit.647@outlook.com,918242202321,1992-01-02,2022-12-07,PM-002
CUST-13129,Shlok,Mandal,mandalshlok368@yahoo.com,917752013120,2000-10-17,2020-09-05,PM-004
CUST-13130,Zoya,Raman,ramanzoya963@hotmail.com,919102247044,2005-02-21,2023-11-27,PM-004
CUST-13131,Kiara,Saha,kiara.281@outlook.com,917573101558,1995-09-28,2015-03-29,PM-002
CUST-13132,Shray,Kulkarni,shray710@icloud.com,919060125903,1979-10-04,2023-06-16,PM-002
CUST-13133,Mishti,Choudhary,mishti.367@outlook.com,918071328235,1974-10-02,2003-01-20,PM-001
CUST-13134,Biju,Talwar,biju_408@gmail.com,919800154842,2001-05-11,2020-06-09,PM-004
CUST-13135,Ishaan,Krishnamurthy,krishnamurthyishaan957@gmail.com,919499106754,1978-11-02,2006-02-28,PM-002
CUST-13136,Anya,Sant,anya112@outlook.com,918482908439,1989-10-02,2016-06-10,PM-004
CUST-13137,Jivin,Madan,jivin_272@hotmail.com,917371417837,2004-10-26,2023-04-11,PM-004
CUST-13138,Renee,Shukla,renee.shukla711@yahoo.com,917742509092,1989-02-04,2011-08-01,PM-002
CUST-13139,Vivaan,Kibe,kibevivaan939@yahoo.com,919107197809,1992-07-17,2011-11-13,PM-003
CUST-13140,Diya,Sunder,sunderdiya599@yahoo.com,917870436000,1988-07-26,2024-01-05,PM-002
CUST-13141,Anaya,Vig,anaya.618@gmail.com,918869454595,1984-02-04,2010-03-14,PM-002
CUST-13142,Neelofar,Dhingra,dhingraneelofar440@hotmail.com,919643991464,1992-10-05,2024-05-18,PM-004
CUST-13143,Kismat,Chauhan,kismat.466@outlook.com,917282852821,1979-05-10,2004-12-07,PM-004
CUST-13144,Riya,Bail,riya322@icloud.com,919499971528,1992-04-30,2019-07-25,PM-001
CUST-13145,Tara,Ravel,tara.ravel639@hotmail.com,917749573580,2000-04-09,2019-06-20,PM-001
CUST-13146,Elakshi,Dugar,elakshi_763@icloud.com,917189525273,1999-11-10,2020-10-18,PM-004
CUST-13147,Bhavin,Borde,bhavin.borde786@icloud.com,919156653614,2004-11-16,2023-05-16,PM-003
CUST-13148,Azad,Viswanathan,azad462@gmail.com,917101278918,1975-09-29,2008-01-29,PM-004
CUST-13149,Indrans,Sen,indrans.903@outlook.com,918600201035,1997-05-13,2021-01-07,PM-001
CUST-13150,Vidur,Roy,vidur595@icloud.com,918752108665,1980-09-09,1998-12-21,PM-001
CUST-13151,Kismat,Dhillon,kismat.dhillon826@icloud.com,919027718927,2003-02-16,2021-03-30,PM-001
CUST-13152,Devansh,Bhat,devansh_960@gmail.com,917445665499,2005-12-03,2024-04-15,PM-001
CUST-13153,Bhavin,Chad,bhavin_534@icloud.com,917016876171,2000-06-21,2018-09-10,PM-004
CUST-13154,Jivin,Choudhury,jivin.228@outlook.com,918246231881,1984-04-19,2005-11-19,PM-003
CUST-13155,Chirag,Venkataraman,chirag_224@gmail.com,919116314625,1977-05-23,2010-08-25,PM-002
CUST-13156,Kiaan,Chhabra,chhabrakiaan345@gmail.com,919899642479,1982-01-11,2019-11-30,PM-003
CUST-13157,Aarna,Thaman,aarna.125@gmail.com,918277961290,1983-04-08,2020-01-02,PM-001
CUST-13158,Madhup,Bajwa,madhup301@icloud.com,919232405424,1978-02-23,2021-01-05,PM-004
CUST-13159,Taran,Sood,taran.620@gmail.com,917036611691,2005-10-06,2023-11-03,PM-003
CUST-13160,Tushar,Amble,tushar451@gmail.com,918174575680,1989-03-19,2015-05-07,PM-003
CUST-13161,Kiaan,Borra,kiaan.915@outlook.com,917462090620,1987-11-10,2023-08-27,PM-003
CUST-13162,Kiaan,Sheth,kiaan457@hotmail.com,917700128495,1978-01-14,2024-05-24,PM-003
CUST-13163,Nirvi,Badal,nirvi610@icloud.com,917539448222,1979-02-07,2013-05-26,PM-002
CUST-13164,Jivin,Dyal,dyaljivin325@icloud.com,917845913807,1995-11-14,2022-11-21,PM-004
CUST-13165,Alia,Jani,alia.jani194@gmail.com,917569029130,1983-08-06,2002-11-19,PM-002
CUST-13166,Vivaan,Ramakrishnan,vivaan_505@yahoo.com,918024055894,1988-11-20,2007-10-17,PM-004
CUST-13167,Tanya,Majumdar,tanya717@gmail.com,918388089388,1992-05-01,2012-11-07,PM-001
CUST-13168,Ishaan,Zachariah,ishaan.378@icloud.com,917208212090,1976-09-03,2015-05-09,PM-002
CUST-13169,Jayant,Vasa,jayant_153@yahoo.com,917509759810,1987-11-01,2007-08-26,PM-003
CUST-13170,Nakul,Dhawan,nakul.240@yahoo.com,919916899495,1986-08-21,2014-08-10,PM-001
CUST-13171,Rati,Kala,kalarati996@gmail.com,918775197266,1988-09-09,2023-10-15,PM-004
CUST-13172,Emir,Gara,emir_405@outlook.com,918865020093,1998-08-29,2017-05-29,PM-002
CUST-13173,Anaya,Som,anaya.som174@hotmail.com,919368015392,1998-06-10,2022-06-02,PM-001
CUST-13174,Shamik,Jaggi,jaggishamik741@icloud.com,919648197053,1976-02-21,2004-12-16,PM-004
CUST-13175,Shanaya,Dey,shanaya.935@outlook.com,917820834903,1979-12-11,2012-07-19,PM-004
CUST-13176,Khushi,Saran,khushi.saran743@yahoo.com,918771204702,1996-07-19,2020-10-10,PM-002
CUST-13177,Navya,Hegde,navya.hegde897@outlook.com,919578968607,1978-12-11,2010-12-27,PM-003
CUST-13178,Yasmin,Chatterjee,yasmin_427@outlook.com,917983824309,1981-06-26,2016-12-16,PM-004
CUST-13179,Dishani,Gera,dishani_641@gmail.com,918050541777,1987-12-10,2021-08-09,PM-002
CUST-13180,Shalv,Dar,shalv378@hotmail.com,918618669542,1988-11-07,2017-07-04,PM-001
CUST-13181,Yakshit,Loke,yakshit.359@hotmail.com,918694731986,1974-07-09,1994-09-21,PM-004
CUST-13182,Taimur,Deshpande,deshpandetaimur517@icloud.com,919744510189,2000-04-30,2019-12-13,PM-003
CUST-13183,Pranay,Dasgupta,pranay738@yahoo.com,919729540583,1985-07-21,2014-10-19,PM-004
CUST-13184,Romil,Cherian,romil705@hotmail.com,917599949171,1998-04-08,2022-03-06,PM-003
CUST-13185,Shamik,Chanda,chandashamik243@yahoo.com,917150795317,2001-09-26,2022-03-21,PM-002
CUST-13186,Divyansh,Hari,haridivyansh843@hotmail.com,917937490718,1990-05-02,2009-11-09,PM-001
CUST-13187,Pihu,Sane,pihu732@hotmail.com,918236186782,1979-08-19,2008-03-16,PM-002
CUST-13188,Aayush,Goyal,aayush.goyal825@yahoo.com,919103384723,1989-12-10,2012-09-06,PM-001
CUST-13189,Kabir,Ramaswamy,ramaswamykabir345@hotmail.com,918745662343,1975-03-08,2014-08-23,PM-001
CUST-13190,Yashvi,Ratta,yashvi.756@icloud.com,917836601614,1979-12-19,2007-11-01,PM-002
CUST-13191,Dishani,Maharaj,dishani.maharaj842@gmail.com,919675309176,1982-10-18,2024-04-23,PM-001
CUST-13192,Shray,Sha,shray.809@gmail.com,918092402914,1995-04-14,2024-03-19,PM-004
CUST-13193,Sana,Sathe,sana.497@yahoo.com,917578083795,1989-07-14,2009-10-21,PM-004
CUST-13194,Lagan,Sarna,lagan.938@gmail.com,917879445026,1991-05-01,2017-06-17,PM-003
CUST-13195,Yasmin,Sem,semyasmin999@hotmail.com,917210427381,2001-04-23,2021-06-18,PM-001
CUST-13196,Nayantara,Rama,ramanayantara139@yahoo.com,918517051813,1974-06-30,2011-01-09,PM-001
CUST-13197,Farhan,Jain,jainfarhan627@outlook.com,918891002802,1990-11-06,2015-07-30,PM-004
CUST-13198,Anay,Kothari,anay.603@hotmail.com,919793533017,1993-02-19,2018-11-23,PM-004
CUST-13199,Ayesha,Bala,ayesha.bala645@yahoo.com,919668370869,1989-12-03,2011-08-21,PM-002
CUST-13200,Stuvan,Dugar,stuvan.dugar162@icloud.com,917731371969,1975-12-24,1995-12-28,PM-003
CUST-13201,Miraya,Johal,johalmiraya263@outlook.com,919567830358,2005-09-25,2023-10-21,PM-001
CUST-13202,Veer,Bhasin,bhasinveer666@outlook.com,917615350294,1976-01-29,2011-03-26,PM-003
CUST-13203,Jayant,Dass,jayant_180@gmail.com,918284786835,2001-02-08,2019-04-23,PM-001
CUST-13204,Diya,Varkey,varkeydiya547@icloud.com,919798067163,1983-02-20,2002-07-17,PM-003
CUST-13205,Chirag,Som,chirag.som252@outlook.com,918310122172,1974-08-19,1995-02-22,PM-002
CUST-13206,Samar,Sahni,samar.sahni950@gmail.com,918961607361,1996-06-25,2015-05-16,PM-002
CUST-13207,Hrishita,Chatterjee,hrishita897@icloud.com,919127972815,1991-04-06,2010-09-23,PM-004
CUST-13208,Aarna,Bala,aarna588@gmail.com,918022910895,1991-06-01,2017-08-06,PM-001
CUST-13209,Alia,Manne,mannealia709@yahoo.com,919739774602,1981-08-19,2004-07-31,PM-004
CUST-13210,Advika,Dada,dadaadvika490@hotmail.com,919089878803,1996-08-13,2022-05-26,PM-003
CUST-13211,Drishya,Mahajan,mahajandrishya605@icloud.com,917876908354,1982-04-19,2001-02-05,PM-003
CUST-13212,Sumer,Kala,sumer.190@yahoo.com,918548927876,2004-07-03,2023-10-22,PM-004
CUST-13213,Aaryahi,Kibe,aaryahi951@outlook.com,918479059724,1977-11-24,2012-02-16,PM-002
CUST-13214,Kaira,Bera,berakaira879@gmail.com,918793250209,1982-08-04,2006-09-01,PM-001
CUST-13215,Neelofar,Chawla,chawlaneelofar543@yahoo.com,917483086952,1994-06-17,2019-08-15,PM-004
CUST-13216,Gokul,Tella,gokul125@icloud.com,917183608400,1995-06-01,2014-03-19,PM-001
CUST-13217,Anahi,Kothari,anahi.520@outlook.com,918822786818,2001-08-20,2021-10-18,PM-001
CUST-13218,Jhanvi,Karan,jhanvi_176@yahoo.com,917743541253,1980-01-10,2022-12-12,PM-002
CUST-13219,Taran,Mangat,mangattaran404@hotmail.com,917864978002,1989-11-10,2014-11-09,PM-002
CUST-13220,Aniruddh,Mander,aniruddh192@outlook.com,919457165806,2001-08-19,2021-01-28,PM-002
CUST-13221,Kanav,Dutta,kanav_420@hotmail.com,918409182906,2006-03-02,2024-03-31,PM-002
CUST-13222,Bhamini,Rattan,bhamini.rattan177@gmail.com,919026112850,1981-10-16,2005-04-09,PM-002
CUST-13223,Shalv,Sankaran,shalv_291@outlook.com,917367322088,1976-08-19,2009-03-06,PM-003
CUST-13224,Jiya,Chana,jiya.194@icloud.com,918648063178,1983-11-21,2018-08-13,PM-001
CUST-13225,Shalv,Zachariah,shalv.zachariah476@icloud.com,918560048665,1977-07-19,2009-08-09,PM-002
CUST-13226,Aarav,Sami,samiaarav573@icloud.com,917439277448,1998-04-13,2023-04-09,PM-003
CUST-13227,Aarush,Choudhary,choudharyaarush771@yahoo.com,917817168329,1990-10-25,2022-06-12,PM-002
CUST-13228,Ira,Varghese,ira198@gmail.com,918248189325,1974-10-27,2021-05-14,PM-003
CUST-13229,Ela,Vyas,ela.640@yahoo.com,918038192077,1979-03-15,2002-04-07,PM-002
CUST-13230,Lagan,Soman,somanlagan261@icloud.com,919359393377,1979-12-04,2010-03-25,PM-003
CUST-13231,Prerak,Thakkar,prerak.382@outlook.com,919693766003,1977-07-26,2013-01-28,PM-001
CUST-13232,Keya,Kalla,keya101@yahoo.com,919842267793,1998-05-31,2019-01-06,PM-002
CUST-13233,Zara,Mallick,mallickzara695@gmail.com,919483427090,1991-01-23,2016-11-12,PM-002
CUST-13234,Renee,Hora,renee574@gmail.com,917800518237,2000-03-02,2021-06-15,PM-002
CUST-13235,Sara,Dhillon,sara.dhillon588@hotmail.com,917895369888,2000-05-02,2020-02-05,PM-004
CUST-13236,Zeeshan,Wable,zeeshan_333@icloud.com,918746006236,1999-04-08,2019-01-08,PM-002
CUST-13237,Dhruv,Agarwal,dhruv.agarwal473@outlook.com,918412058564,1989-06-11,2010-10-17,PM-003
CUST-13238,Fateh,Shankar,fateh_997@gmail.com,918390088681,1997-08-18,2024-04-11,PM-003
CUST-13239,Renee,Dixit,renee918@outlook.com,919717262179,1978-07-22,2018-10-11,PM-002
CUST-13240,Shlok,Bains,bainsshlok675@gmail.com,917843812849,1978-06-27,2015-09-09,PM-002
CUST-13241,Nakul,Tella,nakul.tella619@icloud.com,917553135551,1987-08-04,2023-12-11,PM-003
CUST-13242,Umang,Sekhon,umang_692@outlook.com,917876960220,2000-09-28,2023-02-22,PM-004
CUST-13243,Vihaan,Butala,vihaan.butala911@gmail.com,917183971613,1992-06-11,2018-12-21,PM-001
CUST-13244,Myra,Soni,myra.soni273@icloud.com,918040439843,1999-08-04,2022-03-31,PM-002
CUST-13245,Sana,Sachar,sana.sachar264@yahoo.com,918019322238,1987-08-03,2018-10-29,PM-004
CUST-13246,Jayan,Chad,jayan753@hotmail.com,919884696988,1982-10-16,2019-09-29,PM-003
CUST-13247,Saira,Roy,saira447@hotmail.com,918476306644,1978-08-13,2018-07-26,PM-001
CUST-13248,Trisha,Varty,vartytrisha227@hotmail.com,918775597587,1976-12-25,2002-08-21,PM-001
CUST-13249,Sahil,Ranganathan,ranganathansahil765@hotmail.com,919811385503,2005-01-22,2023-04-10,PM-002
CUST-13250,Badal,Kar,badal_925@gmail.com,917829219726,1977-02-03,2006-08-19,PM-001
CUST-13251,Mishti,Chowdhury,mishti_456@hotmail.com,918051436399,1988-02-18,2021-07-01,PM-001
CUST-13252,Khushi,Edwin,khushi225@yahoo.com,919240040319,1976-09-28,2007-08-29,PM-002
CUST-13253,Ranbir,Iyengar,ranbir.571@outlook.com,919445103140,1996-06-20,2022-07-13,PM-004
CUST-13254,Aradhya,Chandran,aradhya.chandran401@gmail.com,919581564607,1987-04-09,2009-03-01,PM-004
CUST-13255,Biju,Lalla,biju.lalla480@yahoo.com,918874036757,1996-05-29,2017-09-25,PM-003
CUST-13256,Ivan,Kara,ivan640@hotmail.com,919843432424,1987-03-04,2022-03-01,PM-001
CUST-13257,Ela,Buch,ela.buch523@outlook.com,917023484912,1992-10-13,2022-12-07,PM-003
CUST-13258,Renee,Venkatesh,venkateshrenee566@gmail.com,917902809586,2003-08-26,2024-04-22,PM-003
CUST-13259,Bhavin,Kala,kalabhavin218@yahoo.com,919902724949,1980-09-24,2021-07-10,PM-004
CUST-13260,Amira,Kibe,amira.415@outlook.com,917820544893,1994-11-16,2020-08-08,PM-001
CUST-13261,Zeeshan,Sampath,sampathzeeshan386@yahoo.com,917976116476,1998-08-08,2020-05-17,PM-003
CUST-13262,Kimaya,Warrior,kimaya.884@icloud.com,918858261203,1974-12-23,2009-10-12,PM-002
CUST-13263,Tejas,Sane,tejas988@yahoo.com,917960235380,1992-04-05,2010-12-05,PM-003
CUST-13264,Kiaan,Viswanathan,kiaan.672@icloud.com,918308300295,1997-01-07,2019-04-17,PM-003
CUST-13265,Dhanuk,Babu,dhanuk871@yahoo.com,917326945969,2001-06-11,2020-11-12,PM-003
CUST-13266,Kashvi,Ghosh,kashvi.ghosh641@gmail.com,919377856526,1974-07-06,1999-03-02,PM-003
CUST-13267,Damini,Tripathi,damini268@outlook.com,919287226054,1981-08-24,2019-12-14,PM-003
CUST-13268,Anahita,Chaudry,anahita876@yahoo.com,918198478269,1975-10-16,1994-04-14,PM-001
CUST-13269,Drishya,Chad,drishya.614@yahoo.com,919771503905,1980-02-25,2007-06-07,PM-004
CUST-13270,Charvi,Anne,charvi_511@icloud.com,919180316051,1992-10-30,2011-01-26,PM-002
CUST-13271,Gokul,Raman,gokul.692@hotmail.com,917191876627,2001-12-11,2020-10-15,PM-002
CUST-13272,Ira,Dada,ira.361@yahoo.com,917105564049,2002-07-06,2020-10-31,PM-003
CUST-13273,Priyansh,Comar,comarpriyansh461@hotmail.com,918349345771,1999-02-06,2023-12-06,PM-001
CUST-13274,Zeeshan,De,zeeshan.de845@gmail.com,918987016100,1983-06-30,2008-06-07,PM-003
CUST-13275,Mishti,Bora,mishti564@yahoo.com,918943126090,1983-03-01,2018-01-25,PM-004
CUST-13276,Prisha,Mannan,prisha.527@icloud.com,918129940459,2001-08-20,2023-12-07,PM-004
CUST-13277,Hazel,Amble,hazel.510@yahoo.com,918851751459,1983-03-11,2016-02-15,PM-004
CUST-13278,Badal,Dhillon,dhillonbadal135@hotmail.com,919721817349,1985-04-20,2012-07-26,PM-004
CUST-13279,Rania,Halder,halderrania120@icloud.com,918299054426,2001-11-26,2022-12-08,PM-004
CUST-13280,Anvi,Hayre,anvi.hayre996@gmail.com,918928609701,1994-10-15,2022-11-04,PM-003
CUST-13281,Farhan,Rajagopalan,farhan.896@icloud.com,919437635552,1986-09-13,2019-11-23,PM-001
CUST-13282,Khushi,Buch,khushi499@outlook.com,919226948699,1991-03-31,2015-05-30,PM-003
CUST-13283,Saira,Bhagat,saira.bhagat173@outlook.com,919263938372,1993-05-03,2013-02-23,PM-003
CUST-13284,Gokul,Karpe,gokul.karpe595@icloud.com,917533161488,1975-09-30,2011-09-25,PM-004
CUST-13285,Pihu,Date,pihu.date145@hotmail.com,918313006914,1976-06-21,2006-07-15,PM-001
CUST-13286,Kaira,Anand,kaira367@hotmail.com,918441219150,1986-09-13,2017-03-10,PM-003
CUST-13287,Ahana ,Butala,ahana .butala231@icloud.com,918383950372,2005-11-17,2023-12-05,PM-002
CUST-13288,Bhavin,Malhotra,malhotrabhavin807@icloud.com,919362786942,2001-10-23,2023-06-24,PM-002
CUST-13289,Jhanvi,Sachar,jhanvi.sachar885@hotmail.com,919814787071,1983-10-24,2002-11-07,PM-004
CUST-13290,Ryan,Sahni,ryan_452@hotmail.com,918654873918,1996-04-19,2016-03-09,PM-001
CUST-13291,Priyansh,Garg,gargpriyansh635@outlook.com,918138585763,2001-07-30,2023-01-01,PM-002
CUST-13292,Azad,De,azad.de512@yahoo.com,918180424514,1977-01-24,2002-12-24,PM-002
CUST-13293,Uthkarsh,Mann,uthkarsh.682@yahoo.com,917599624188,1993-11-21,2024-05-19,PM-004
CUST-13294,Alisha,Swamy,alisha861@yahoo.com,918430162802,1988-08-09,2017-07-08,PM-002
CUST-13295,Sara,Ganguly,sara.ganguly331@outlook.com,918467437673,1986-03-05,2016-08-20,PM-001
CUST-13296,Charvi,Dhar,dharcharvi966@outlook.com,918287295081,1975-06-21,2020-02-06,PM-003
CUST-13297,Stuvan,Deo,stuvan996@yahoo.com,917815682149,1981-04-08,2017-02-25,PM-003
CUST-13298,Saanvi,Rajagopalan,saanvi.705@gmail.com,917049090974,2002-07-23,2021-01-18,PM-003
CUST-13299,Samaira,Bera,samaira_839@yahoo.com,919164513132,1994-04-22,2017-10-21,PM-002
CUST-13300,Bhavin,Bal,bhavin351@gmail.com,918815531864,1987-07-30,2013-02-09,PM-003
CUST-13301,Rania,Verma,rania_843@yahoo.com,918084128931,2000-02-23,2024-04-10,PM-002
CUST-13302,Kavya,Kothari,kavya528@gmail.com,917025898960,2003-03-11,2021-12-14,PM-002
CUST-13303,Hansh,Venkatesh,hansh.649@outlook.com,919206213720,2002-06-24,2022-07-19,PM-001
CUST-13304,Jiya,Raj,jiya.285@hotmail.com,918227155052,2003-12-08,2023-10-06,PM-001
CUST-13305,Piya,Sachdev,piya.541@hotmail.com,918989865832,1995-11-06,2016-06-11,PM-001
CUST-13306,Arhaan,Choudhury,arhaan.choudhury943@outlook.com,918700574242,1982-08-03,2002-01-08,PM-001
CUST-13307,Devansh,Ranganathan,devansh.928@hotmail.com,918917717068,2003-11-24,2022-05-27,PM-003
CUST-13308,Madhav,Hari,harimadhav673@hotmail.com,917911661128,1980-03-24,2014-06-08,PM-003
CUST-13309,Samiha,Ahuja,samiha.459@gmail.com,917576133907,1978-11-22,2006-07-11,PM-001
CUST-13310,Ishita,Ganesh,ishita.ganesh625@yahoo.com,917689251283,1986-02-18,2012-05-13,PM-004
CUST-13311,Nayantara,Mangal,nayantara537@icloud.com,918764849225,1998-06-28,2018-04-30,PM-003
CUST-13312,Hansh,Bala,hansh.393@hotmail.com,919382043839,1999-01-30,2018-02-23,PM-003
CUST-13313,Vivaan,Dixit,vivaan.dixit136@gmail.com,919129166774,1974-10-30,1993-06-22,PM-004
CUST-13314,Kanav,Basu,kanav.basu536@hotmail.com,918871313917,1980-04-28,2005-04-10,PM-003
CUST-13315,Jayan,Bora,borajayan522@hotmail.com,918200243417,1981-01-02,2020-07-02,PM-003
CUST-13316,Ishita,Gokhale,ishita162@icloud.com,917647602593,1989-10-28,2016-06-30,PM-002
CUST-13317,Kanav,Kaur,kanav.kaur664@gmail.com,918030837690,2000-06-09,2020-04-14,PM-002
CUST-13318,Sumer,Bansal,sumer.925@gmail.com,919941328156,1997-07-20,2019-04-05,PM-003
CUST-13319,Indrajit,Khatri,indrajit_716@icloud.com,919406573301,1980-11-06,2020-12-15,PM-003
CUST-13320,Ehsaan,Setty,ehsaan.439@outlook.com,919747570435,1983-01-26,2020-07-20,PM-003
CUST-13321,Vardaniya,Bhakta,vardaniya_705@hotmail.com,918282489620,1995-04-27,2023-08-28,PM-001
CUST-13322,Kiaan,Kata,kiaan.402@gmail.com,917080390274,2004-07-10,2023-04-25,PM-003
CUST-13323,Vidur,Srinivasan,vidur_472@gmail.com,919361738436,1994-01-06,2022-04-22,PM-004
CUST-13324,Lakshit,Baria,lakshit.baria155@icloud.com,918528238991,1993-11-02,2016-12-17,PM-002
CUST-13325,Rati,Agate,rati.agate255@gmail.com,918650904190,1995-10-18,2021-12-20,PM-004
CUST-13326,Siya,Lad,siya.132@gmail.com,917572651095,1982-07-31,2019-08-05,PM-003
CUST-13327,Nirvaan,Seshadri,nirvaan_600@gmail.com,919159580397,1976-09-09,1999-10-25,PM-002
CUST-13328,Aarush,Rama,aarush813@icloud.com,917044291697,2000-06-07,2021-11-02,PM-002
CUST-13329,Drishya,Kamdar,drishya_821@outlook.com,918088999712,1990-01-24,2012-10-23,PM-001
CUST-13330,Hiran,Rau,rauhiran726@hotmail.com,917166176909,1975-08-28,2012-06-20,PM-004
CUST-13331,Pihu,Ravi,pihu.347@hotmail.com,918134061758,2003-11-24,2023-09-22,PM-003
CUST-13332,Madhav,Dar,darmadhav615@hotmail.com,918967606246,1994-08-23,2020-03-29,PM-003
CUST-13333,Kanav,Mandal,kanav.962@hotmail.com,918708230988,1997-06-02,2019-07-15,PM-001
CUST-13334,Bhamini,Sama,samabhamini533@hotmail.com,918353909608,1982-06-14,2019-09-09,PM-002
CUST-13335,Indrans,Kumar,indrans_594@yahoo.com,918168486217,2002-09-26,2024-02-22,PM-002
CUST-13336,Onkar,Sarin,onkar.789@gmail.com,917405131288,1984-12-11,2012-04-24,PM-001
CUST-13337,Indranil,Chada,indranil.546@gmail.com,919443307399,1997-10-27,2022-10-13,PM-002
CUST-13338,Ishaan,Dhawan,ishaan_658@yahoo.com,917628450898,1994-10-08,2014-07-18,PM-003
CUST-13339,Charvi,Raja,rajacharvi339@gmail.com,918773417274,1999-04-08,2020-04-06,PM-003
CUST-13340,Shaan,Chakrabarti,shaan_552@hotmail.com,917394790367,1999-05-27,2019-11-06,PM-002
CUST-13341,Trisha,Chanda,trisha.chanda363@outlook.com,917998117425,1982-03-21,2006-01-06,PM-004
CUST-13342,Drishya,Bumb,drishya938@gmail.com,919913691710,2005-10-02,2024-06-09,PM-001
CUST-13343,Rati,Anand,rati.239@gmail.com,919159604443,1978-07-11,2010-10-15,PM-002
CUST-13344,Zaina,Bakshi,zaina.bakshi708@gmail.com,919632820622,2000-04-25,2019-02-18,PM-003
CUST-13345,Anahita,Gill,gillanahita724@outlook.com,918084285447,1990-05-23,2011-04-09,PM-001
CUST-13346,Adah,Khanna,adah.khanna588@yahoo.com,917587046386,1983-04-30,2001-06-16,PM-004
CUST-13347,Shlok,Suresh,shlok.186@gmail.com,918320121877,1987-11-03,2016-04-20,PM-004
CUST-13348,Ojas,Wason,ojas_675@outlook.com,917358820936,1992-09-18,2018-10-11,PM-004
CUST-13349,Advik,Kumar,advik_211@outlook.com,917015418274,1987-01-02,2020-11-26,PM-003
CUST-13350,Dhanuk,Sawhney,sawhneydhanuk693@gmail.com,917597379231,2000-05-10,2023-03-13,PM-004
CUST-13351,Hridaan,Sha,hridaan.177@yahoo.com,917929491033,1996-05-04,2021-12-14,PM-001
CUST-13352,Mishti,Mahajan,mahajanmishti899@hotmail.com,919173968073,1988-11-09,2012-03-17,PM-003
CUST-13353,Ivan,Varghese,ivan_439@gmail.com,917481856893,1989-05-05,2018-08-07,PM-001
CUST-13354,Shaan,Sachdev,sachdevshaan730@yahoo.com,917636683144,1997-11-29,2019-09-17,PM-003
CUST-13355,Pranay,Sood,pranay.sood159@outlook.com,919949948592,1986-03-11,2009-02-03,PM-002
CUST-13356,Aaina,Kaul,aaina399@outlook.com,918815905313,1980-03-29,2009-11-09,PM-003
CUST-13357,Sana,Kibe,kibesana715@outlook.com,919107542738,1992-10-21,2017-08-16,PM-001
CUST-13358,Saanvi,Sharma,saanvi.sharma412@outlook.com,919181285207,1984-04-26,2011-06-10,PM-004
CUST-13359,Drishya,Rao,drishya.471@icloud.com,918959702493,2005-10-10,2024-04-29,PM-004
CUST-13360,Ojas,Taneja,ojas.975@yahoo.com,917267573863,1992-05-07,2017-02-15,PM-001
CUST-13361,Lakshay,Bhavsar,lakshay805@gmail.com,918590188190,1993-04-02,2015-10-23,PM-003
CUST-13362,Dishani,Sheth,dishani_112@gmail.com,918956556350,1984-01-03,2023-05-28,PM-003
CUST-13363,Lakshit,Subramanian,lakshit_476@gmail.com,918285820065,1994-12-24,2015-11-14,PM-001
CUST-13364,Adah,Raja,adah_857@icloud.com,919794715197,1986-03-16,2012-09-07,PM-004
CUST-13365,Aayush,Anne,aayush_194@yahoo.com,917093266710,2002-10-10,2023-03-31,PM-002
CUST-13366,Anya,Virk,anya.918@outlook.com,917526393811,2004-01-18,2023-06-26,PM-001
CUST-13367,Zara,Sidhu,zara.630@outlook.com,917978654264,1979-07-31,2007-11-21,PM-003
CUST-13368,Purab,Sandal,sandalpurab673@outlook.com,917826512994,2002-04-18,2020-11-13,PM-003
CUST-13369,Kashvi,Shanker,kashvi_326@yahoo.com,919420834014,1985-09-29,2020-07-24,PM-003
CUST-13370,Rohan,Sarna,rohan_651@gmail.com,917760746764,1983-11-01,2003-01-01,PM-003
CUST-13371,Zeeshan,Bawa,zeeshan_605@hotmail.com,918473334669,1990-01-09,2011-09-16,PM-004
CUST-13372,Akarsh,Ranganathan,akarsh_164@outlook.com,917481089958,1978-04-15,2005-07-13,PM-003
CUST-13373,Ryan,Mahajan,ryan.787@yahoo.com,917624639045,1976-08-14,2014-04-21,PM-004
CUST-13374,Anika,Thaker,anika.202@icloud.com,919073524224,1992-07-24,2023-10-26,PM-002
CUST-13375,Myra,Vasa,myra578@hotmail.com,917659506863,1981-07-06,2019-12-20,PM-002
CUST-13376,Indranil,Dass,indranil108@hotmail.com,919918463305,1988-06-16,2014-01-26,PM-001
CUST-13377,Aayush,Ben,aayush_426@outlook.com,917226197174,2001-02-26,2023-04-25,PM-003
CUST-13378,Mohanlal,Suresh,mohanlal.361@gmail.com,919403217713,1984-02-24,2003-11-14,PM-004
CUST-13379,Lakshay,Rout,lakshay.764@outlook.com,917614353070,1983-03-29,2010-04-29,PM-002
CUST-13380,Drishya,Reddy,drishya.395@gmail.com,919184042724,1998-01-28,2016-04-29,PM-003
CUST-13381,Badal,Jani,janibadal521@outlook.com,918096785522,1975-09-02,2022-10-09,PM-002
CUST-13382,Anya,Gill,anya766@outlook.com,919865990617,1991-03-24,2015-10-20,PM-004
CUST-13383,Rasha,Rout,routrasha474@yahoo.com,918085253236,1980-10-08,2000-06-14,PM-003
CUST-13384,Pari,Kale,pari380@hotmail.com,917370332950,1982-11-28,2015-09-09,PM-003
CUST-13385,Neelofar,Mahal,neelofar.mahal194@icloud.com,917076531387,2005-11-25,2024-02-25,PM-003
CUST-13386,Shalv,Koshy,shalv_479@hotmail.com,918985979234,1988-02-17,2023-05-07,PM-003
CUST-13387,Jayan,Goda,godajayan223@icloud.com,919937323758,1975-09-21,1995-03-16,PM-001
CUST-13388,Seher,Jhaveri,seher144@gmail.com,918815403896,2003-05-31,2021-11-02,PM-002
CUST-13389,Kabir,Halder,kabir.halder982@hotmail.com,917333319957,1995-03-15,2018-09-02,PM-004
CUST-13390,Yuvaan,Contractor,yuvaan_993@yahoo.com,917801382335,2002-02-16,2022-10-06,PM-004
CUST-13391,Madhup,Golla,madhup.197@hotmail.com,918346915360,1975-12-05,2022-08-13,PM-004
CUST-13392,Nitara,Lal,nitara.lal441@outlook.com,917644898514,1999-03-18,2018-05-30,PM-004
CUST-13393,Priyansh,Gera,priyansh_156@outlook.com,917217572511,1983-02-25,2019-09-05,PM-002
CUST-13394,Rati,Kothari,rati.kothari878@hotmail.com,919027559490,1988-01-02,2008-03-28,PM-003
CUST-13395,Urvi,Buch,urvi.100@icloud.com,918065942612,2005-09-17,2023-10-06,PM-002
CUST-13396,Chirag,Wagle,waglechirag923@outlook.com,917538236984,1988-05-08,2011-12-28,PM-001
CUST-13397,Yasmin,Kari,yasmin.341@yahoo.com,918902533726,2004-05-17,2022-07-17,PM-002
CUST-13398,Manjari,Rau,manjari872@outlook.com,919320232656,1993-09-24,2014-11-12,PM-002
CUST-13399,Samiha,Raja,samiha.raja768@yahoo.com,918099446763,1978-10-21,2002-10-01,PM-003
CUST-13400,Aaina,Bhagat,aaina.bhagat848@icloud.com,917264253676,1988-11-08,2023-11-10,PM-002
CUST-13401,Prisha,Lalla,prisha967@yahoo.com,918495814038,1986-03-16,2019-02-05,PM-001
CUST-13402,Amani,Kant,kantamani902@icloud.com,918293890088,1998-06-01,2016-07-26,PM-002
CUST-13403,Pihu,Aurora,pihu404@icloud.com,919090971073,1991-02-08,2015-03-02,PM-002
CUST-13404,Trisha,Hayre,trisha527@yahoo.com,917603864956,1987-09-24,2019-04-03,PM-002
CUST-13405,Aradhya,Sundaram,sundaramaradhya369@icloud.com,918754222388,1995-08-01,2021-10-02,PM-002
CUST-13406,Divij,Chaudhuri,divij.chaudhuri129@gmail.com,917232799382,1990-08-09,2014-10-14,PM-004
CUST-13407,Mehul,Mall,mallmehul829@hotmail.com,919445493618,1994-05-25,2020-02-01,PM-004
CUST-13408,Samiha,Taneja,samiha.297@hotmail.com,919245053666,2000-04-01,2023-05-08,PM-003
CUST-13409,Shlok,Barman,shlok.barman716@outlook.com,917923530694,1978-06-08,2022-09-20,PM-004
CUST-13410,Amira,Agarwal,amira421@hotmail.com,919238145166,1980-08-13,2023-05-11,PM-002
CUST-13411,Akarsh,Sood,akarsh829@hotmail.com,917265462989,1988-01-29,2012-06-30,PM-003
CUST-13412,Anahita,Dave,anahita_734@yahoo.com,918236200854,1992-11-22,2018-09-02,PM-003
CUST-13413,Lagan,Kamdar,kamdarlagan838@yahoo.com,919738787572,1997-08-16,2023-01-30,PM-001
CUST-13414,Anya,Anand,anya.anand311@yahoo.com,919771111361,1988-08-20,2010-07-17,PM-002
CUST-13415,Navya,Kapoor,navya274@yahoo.com,917871075634,1995-07-21,2019-03-31,PM-001
CUST-13416,Dhruv,Salvi,salvidhruv382@hotmail.com,919839849776,2000-05-31,2019-12-02,PM-003
CUST-13417,Shanaya,Date,shanaya_537@yahoo.com,917744736154,2000-01-12,2021-12-05,PM-001
CUST-13418,Rasha,Sachdeva,rasha.sachdeva995@gmail.com,917527803045,1976-11-28,2003-07-30,PM-003
CUST-13419,Bhamini,Bajaj,bajajbhamini301@gmail.com,917487875160,1987-03-22,2007-06-13,PM-004
CUST-13420,Charvi,Karpe,charvi_383@yahoo.com,917753997692,1986-05-14,2013-08-21,PM-002
CUST-13421,Raghav,Manne,raghav265@gmail.com,918840860641,1981-11-06,2004-09-09,PM-003
CUST-13422,Diya,Ramachandran,ramachandrandiya702@hotmail.com,917800200944,2004-06-11,2022-06-23,PM-002
CUST-13423,Baiju,Savant,baiju457@hotmail.com,917432104808,1982-05-02,2016-05-25,PM-004
CUST-13424,Amira,Chowdhury,amira957@outlook.com,917529389149,1997-11-14,2019-02-28,PM-003
CUST-13425,Aniruddh,Badami,aniruddh.badami661@yahoo.com,918371489260,2002-06-14,2023-07-02,PM-002
CUST-13426,Anya,Anand,anya.anand416@hotmail.com,917731899171,2001-05-23,2020-03-18,PM-004
CUST-13427,Vanya,Shroff,shroffvanya426@outlook.com,918400859041,1983-02-23,2016-12-15,PM-001
CUST-13428,Anvi,Wali,walianvi933@outlook.com,919783764115,1993-03-12,2021-03-07,PM-003
CUST-13429,Ivana,Apte,ivana_469@hotmail.com,918566377312,1997-07-14,2015-10-16,PM-001
CUST-13430,Pari,Bir,pari.bir261@outlook.com,918857570646,1988-02-26,2017-12-17,PM-003
CUST-13431,Ishaan,Chandra,chandraishaan262@icloud.com,917045825506,2000-09-27,2022-10-14,PM-001
CUST-13432,Tara,Loke,tara.loke453@icloud.com,918031896415,1998-03-29,2018-10-03,PM-004
CUST-13433,Keya,Sood,soodkeya196@outlook.com,917239595865,1985-06-20,2020-11-09,PM-004
CUST-13434,Manjari,Krishna,krishnamanjari113@gmail.com,918299931651,1977-12-24,2023-06-28,PM-002
CUST-13435,Jhanvi,Mangal,jhanvi.625@icloud.com,917871774337,1988-02-23,2006-09-25,PM-004
CUST-13436,Khushi,Solanki,solankikhushi624@icloud.com,919396653096,1994-05-19,2019-05-24,PM-001
CUST-13437,Anika,Basak,basakanika490@hotmail.com,919458088590,2000-05-19,2018-12-19,PM-001
CUST-13438,Hridaan,Agate,hridaan_171@gmail.com,917089706447,1974-07-13,2017-05-01,PM-004
CUST-13439,Sara,Jain,sara.662@hotmail.com,918386242706,1996-11-09,2021-08-19,PM-004
CUST-13440,Pari,Jani,pari.771@hotmail.com,918601648471,1989-04-07,2019-03-01,PM-001
CUST-13441,Mehul,Sood,mehul488@outlook.com,918775111551,1976-04-16,2019-12-14,PM-004
CUST-13442,Yasmin,Goswami,goswamiyasmin832@icloud.com,919052242800,1997-01-31,2019-09-26,PM-001
CUST-13443,Kaira,Mani,kaira.mani886@hotmail.com,917631431456,2005-07-23,2023-10-21,PM-003
CUST-13444,Anvi,Tripathi,tripathianvi505@icloud.com,918225786550,1992-03-22,2014-04-03,PM-004
CUST-13445,Veer,Barad,veer.barad224@outlook.com,918911500825,1994-02-08,2018-07-18,PM-001
CUST-13446,Krish,Lata,krish.lata715@yahoo.com,919381832977,1988-10-06,2015-08-05,PM-001
CUST-13447,Urvi,Sibal,urvi.173@yahoo.com,918372628417,2004-06-10,2022-11-29,PM-003
CUST-13448,Nehmat,Lata,nehmat.504@icloud.com,918948821640,1993-09-30,2023-01-20,PM-004
CUST-13449,Damini,Chanda,damini881@outlook.com,919918120228,1997-09-16,2023-02-25,PM-004
CUST-13450,Yuvraj ,Chaudry,chaudryyuvraj 962@yahoo.com,919018638981,1993-01-16,2021-09-19,PM-001
CUST-13451,Vedika,Ramanathan,ramanathanvedika665@icloud.com,918592655860,1974-10-06,2015-05-27,PM-001
CUST-13452,Taran,Batra,taran.922@hotmail.com,919845626416,1989-01-28,2012-07-28,PM-004
CUST-13453,Mehul,Lall,mehul_227@outlook.com,918928758974,2005-09-01,2024-06-02,PM-002
CUST-13454,Sana,Khalsa,sana.khalsa111@outlook.com,918582254781,1987-01-18,2022-11-11,PM-004
CUST-13455,Suhana,Bassi,suhana.425@icloud.com,919193963145,1978-04-07,2021-12-11,PM-003
CUST-13456,Baiju,Raju,baiju.raju887@yahoo.com,917954205012,2002-11-12,2021-10-04,PM-002
CUST-13457,Ahana ,Ganesan,ahana .311@yahoo.com,919141854199,1978-03-27,2001-06-20,PM-004
CUST-13458,Aaryahi,Ahuja,aaryahi_640@hotmail.com,917836988478,1977-06-18,2004-04-18,PM-001
CUST-13459,Ahana ,Sood,ahana .265@gmail.com,919960395353,1996-02-04,2014-03-30,PM-001
CUST-13460,Riya,Behl,riya.693@yahoo.com,919475410939,1983-11-18,2004-01-05,PM-002
CUST-13461,Shamik,Mall,shamik496@outlook.com,918751493266,2001-08-26,2019-11-14,PM-001
CUST-13462,Mahika,Dua,mahika.818@outlook.com,918050193262,2003-03-12,2023-11-17,PM-001
CUST-13463,Manikya,Vasa,manikya604@yahoo.com,918307331931,1999-09-09,2019-05-15,PM-003
CUST-13464,Lavanya,Ray,lavanya.651@gmail.com,917088881770,2003-06-10,2021-10-12,PM-002
CUST-13465,Aarush,Butala,aarush.869@icloud.com,919096373957,1992-05-10,2013-12-30,PM-001
CUST-13466,Lagan,Kant,kantlagan346@gmail.com,918314132831,1995-03-01,2018-01-25,PM-002
CUST-13467,Manjari,Kumar,manjari_679@icloud.com,917074699058,2004-11-14,2023-03-08,PM-002
CUST-13468,Miraan,Babu,miraan.479@hotmail.com,919661209700,2002-04-03,2023-02-18,PM-004
CUST-13469,Romil,Das,romil535@hotmail.com,917697377730,2000-08-31,2022-09-24,PM-004
CUST-13470,Samarth,Dugar,dugarsamarth491@hotmail.com,918338333449,1987-08-17,2016-03-24,PM-004
CUST-13471,Saanvi,Babu,saanvi.babu973@outlook.com,917622204311,1977-12-21,2005-04-16,PM-002
CUST-13472,Neelofar,Baria,barianeelofar826@outlook.com,917669139922,1977-05-05,2019-04-17,PM-003
CUST-13473,Lakshay,Rama,ramalakshay462@yahoo.com,919954814001,1993-10-18,2014-08-24,PM-002
CUST-13474,Ahana ,Thaman,ahana .thaman975@gmail.com,918144306183,1990-11-15,2021-10-21,PM-004
CUST-13475,Diya,Chand,diya.chand665@yahoo.com,917307361495,1976-07-25,2019-10-16,PM-003
CUST-13476,Tanya,Talwar,tanya.talwar205@outlook.com,917697074163,1975-02-05,2023-12-28,PM-004
CUST-13477,Vritika,Bora,vritika.947@outlook.com,918043373338,1984-05-19,2015-06-29,PM-002
CUST-13478,Umang,Wagle,umang.827@yahoo.com,918799802812,1999-02-04,2024-04-23,PM-003
CUST-13479,Gatik,Chaudhry,gatik621@yahoo.com,917176762844,2001-06-04,2020-01-26,PM-003
CUST-13480,Rasha,Borde,rasha.570@outlook.com,918779454540,1987-08-04,2015-03-12,PM-003
CUST-13481,Samiha,Dewan,dewansamiha113@icloud.com,917025680594,2005-02-05,2023-06-27,PM-004
CUST-13482,Raghav,Agrawal,raghav.446@hotmail.com,918797528052,1977-01-30,2008-05-31,PM-002
CUST-13483,Heer,Roy,heer771@icloud.com,919254163846,1988-03-05,2021-10-26,PM-004
CUST-13484,Uthkarsh,Mannan,uthkarsh_748@gmail.com,918350964938,1990-03-03,2023-06-04,PM-001
CUST-13485,Yashvi,Salvi,yashvi.628@hotmail.com,919977380813,1991-10-10,2019-03-23,PM-001
CUST-13486,Stuvan,Sandhu,stuvan.sandhu807@yahoo.com,918584247922,2000-02-18,2019-08-14,PM-002
CUST-13487,Divyansh,Manne,divyansh.100@outlook.com,918719643130,1977-08-05,2016-08-25,PM-002
CUST-13488,Shamik,Bhatt,shamik.860@yahoo.com,919337573656,2003-12-07,2021-12-21,PM-004
CUST-13489,Ira,Sur,ira_233@icloud.com,917846400966,1985-02-10,2006-06-10,PM-001
CUST-13490,Elakshi,Karnik,elakshi.153@icloud.com,919632971847,1979-08-07,2012-07-20,PM-001
CUST-13491,Mahika,Keer,mahika_275@yahoo.com,917171219905,1985-08-12,2018-04-11,PM-003
CUST-13492,Myra,Ratta,myra.497@yahoo.com,919408882486,2005-01-30,2024-04-05,PM-004
CUST-13493,Shray,Kala,shray_330@outlook.com,917973153188,2006-03-30,2024-05-14,PM-001
CUST-13494,Akarsh,Kale,akarsh.kale938@hotmail.com,918982892856,1990-02-24,2016-05-12,PM-002
CUST-13495,Adah,Chander,adah.247@outlook.com,918417833116,1999-03-31,2022-11-24,PM-003
CUST-13496,Fateh,Jha,fateh_853@outlook.com,918872359192,1994-08-27,2019-03-02,PM-003
CUST-13497,Mamooty,Thaker,thakermamooty975@outlook.com,919335693033,1975-10-27,2009-09-08,PM-001
CUST-13498,Aniruddh,Goyal,aniruddh_725@yahoo.com,918928963178,1979-08-23,2011-02-01,PM-003
CUST-13499,Purab,Chada,purab.530@gmail.com,917463915366,1981-05-09,2019-07-12,PM-001
CUST-13500,Uthkarsh,Lad,uthkarsh_256@gmail.com,917388692941,2001-10-28,2022-12-02,PM-002
CUST-13501,Neysa,Ravel,neysa.280@hotmail.com,919362830142,2002-03-01,2023-03-11,PM-002
CUST-13502,Badal,Babu,badal.babu411@yahoo.com,917037822433,1995-10-12,2021-09-07,PM-001
CUST-13503,Indrans,Khalsa,khalsaindrans265@yahoo.com,917582836662,1991-08-13,2014-07-18,PM-002
CUST-13504,Advik,Banik,advik.230@hotmail.com,919251803921,1994-10-17,2024-01-02,PM-004
CUST-13505,Trisha,Dixit,trisha640@icloud.com,919725411356,1987-10-17,2008-03-13,PM-002
CUST-13506,Hiran,Bora,hiran_798@gmail.com,919360329618,1989-11-14,2018-06-19,PM-003
CUST-13507,Samarth,Khatri,samarth.666@yahoo.com,917988062689,2000-12-21,2023-01-11,PM-002
CUST-13508,Aniruddh,Walla,aniruddh145@icloud.com,917309008425,1991-08-14,2015-04-18,PM-002
CUST-13509,Nirvi,Kumer,nirvi.kumer800@icloud.com,919142044090,1998-04-17,2017-03-28,PM-003
CUST-13510,Divit,Basu,divit646@icloud.com,917707851208,1993-09-23,2012-03-07,PM-004
CUST-13511,Damini,Kurian,kuriandamini958@yahoo.com,917353523990,1984-06-20,2024-04-06,PM-004
CUST-13512,Lakshay,Rana,ranalakshay345@gmail.com,917660315506,1980-05-17,2016-09-05,PM-002
CUST-13513,Kimaya,Dugar,kimaya.dugar659@icloud.com,917904482179,1983-01-02,2019-04-11,PM-002
CUST-13514,Umang,Dugar,umang651@hotmail.com,919133052536,1995-04-06,2017-05-30,PM-002
CUST-13515,Myra,Babu,myra495@outlook.com,919777452009,2003-07-31,2022-07-17,PM-002
CUST-13516,Charvi,Hayer,hayercharvi328@yahoo.com,918532194775,1978-02-17,2010-09-08,PM-003
CUST-13517,Sana,Sehgal,sana.933@gmail.com,919395029480,2003-07-21,2022-04-24,PM-001
CUST-13518,Mannat,Koshy,mannat.koshy506@icloud.com,918650609244,2006-03-22,2024-04-11,PM-003
CUST-13519,Nitya,Sharaf,nitya_712@outlook.com,917734716550,2005-10-19,2023-11-28,PM-003
CUST-13520,Damini,Sha,damini.809@gmail.com,917802068148,1993-09-18,2021-02-21,PM-003
CUST-13521,Mamooty,Ravel,mamooty_793@yahoo.com,918409749967,1983-07-20,2005-03-15,PM-004
CUST-13522,Gokul,Devan,gokul.871@hotmail.com,919526343044,1980-08-10,1999-01-28,PM-003
CUST-13523,Gatik,Bandi,gatik.772@yahoo.com,919644064157,2004-05-05,2022-10-04,PM-001
CUST-13524,Raunak,Sem,semraunak254@outlook.com,917605840327,2003-12-21,2022-03-24,PM-002
CUST-13525,Amani,Dixit,amani.640@gmail.com,918138059231,1999-06-16,2023-04-16,PM-002
CUST-13526,Rohan,Mane,rohan784@hotmail.com,918248524682,1975-10-16,2010-12-22,PM-002
CUST-13527,Zeeshan,Kunda,kundazeeshan578@hotmail.com,917946491321,1984-02-13,2003-04-20,PM-001
CUST-13528,Priyansh,Chakrabarti,priyansh_830@outlook.com,917756196573,1984-04-02,2003-03-23,PM-004
CUST-13529,Uthkarsh,Tak,uthkarsh_697@hotmail.com,918217755754,1988-06-15,2019-10-16,PM-002
CUST-13530,Aaina,Hans,aaina.hans257@gmail.com,917992741312,1989-03-28,2008-03-02,PM-001
CUST-13531,Indrans,Malhotra,indrans.malhotra819@yahoo.com,918592003205,1983-10-20,2019-12-27,PM-002
CUST-13532,Chirag,Boase,chirag_379@gmail.com,917737690128,1986-05-09,2016-04-02,PM-004
CUST-13533,Biju,Sachar,biju491@gmail.com,919004410174,1996-03-13,2022-06-07,PM-004
CUST-13534,Rhea,Doctor,rhea.doctor628@hotmail.com,919682299282,1993-09-26,2017-05-28,PM-001
CUST-13535,Sumer,Gola,golasumer847@gmail.com,917995927603,1978-04-26,2018-07-17,PM-002
CUST-13536,Lavanya,Hari,lavanya988@hotmail.com,917258361367,2005-09-14,2024-05-03,PM-002
CUST-13537,Jayan,Kakar,jayan892@yahoo.com,918540800324,1992-08-06,2019-01-30,PM-003
CUST-13538,Jivika,Bal,jivika_722@yahoo.com,918969329185,2001-06-15,2022-12-19,PM-004
CUST-13539,Indrajit,Dara,indrajit_216@icloud.com,919692467703,1975-12-12,2001-06-26,PM-003
CUST-13540,Ritvik,Randhawa,randhawaritvik740@yahoo.com,918473740985,1993-12-21,2018-05-12,PM-004
CUST-13541,Dhanush,Krish,dhanush_538@icloud.com,919386246727,2005-02-02,2024-04-06,PM-002
CUST-13542,Aaryahi,Sen,aaryahi437@gmail.com,918029028289,1984-06-01,2018-07-05,PM-001
CUST-13543,Rohan,Dara,rohan_520@gmail.com,917074165330,1980-07-31,2022-11-08,PM-001
CUST-13544,Sumer,Chaudhari,sumer.chaudhari467@outlook.com,919284607586,1989-07-26,2010-04-05,PM-004
CUST-13545,Tejas,Karpe,karpetejas586@icloud.com,918617204445,1976-07-06,2012-11-06,PM-003
CUST-13546,Anahita,Chawla,anahita292@yahoo.com,917488556780,1976-01-21,2019-04-09,PM-001
CUST-13547,Zaina,Kala,zaina946@hotmail.com,918663939117,2003-02-23,2024-04-27,PM-001
CUST-13548,Anya,Iyer,anya_760@hotmail.com,919820698388,1989-04-16,2012-01-31,PM-004
CUST-13549,Indrans,Gupta,indrans_135@icloud.com,919682741744,2001-07-06,2019-10-18,PM-002
CUST-13550,Nishith,Issac,issacnishith783@icloud.com,919879381916,1988-10-28,2020-02-11,PM-001
CUST-13551,Nirvi,Luthra,nirvi959@hotmail.com,919299161245,1986-01-01,2007-04-17,PM-001
CUST-13552,Anahita,Lanka,anahita.990@gmail.com,919149741663,1975-10-12,2014-12-05,PM-003
CUST-13553,Krish,Wagle,krish.260@hotmail.com,917227886462,1994-03-25,2022-10-24,PM-003
CUST-13554,Nitya,Kari,nitya.kari688@hotmail.com,917483953232,2001-03-27,2019-06-08,PM-003
CUST-13555,Ela,Ravel,ela.830@outlook.com,917494244146,1979-04-26,2016-03-30,PM-003
CUST-13556,Onkar,Ganguly,onkar_381@icloud.com,919700385630,1990-04-19,2016-09-15,PM-003
CUST-13557,Eva,Deep,eva.931@gmail.com,918262993817,1985-03-08,2015-05-06,PM-001
CUST-13558,Advik,Rajagopalan,advik.rajagopalan135@icloud.com,917495177600,1974-06-24,2002-04-05,PM-003
CUST-13559,Jhanvi,Sharaf,jhanvi.sharaf569@gmail.com,919332434873,1976-03-26,2014-12-21,PM-004
CUST-13560,Ayesha,Hora,ayesha_613@icloud.com,917692927426,1989-06-08,2023-09-11,PM-001
CUST-13561,Vaibhav,Bajwa,vaibhav776@gmail.com,917306743642,1989-04-24,2016-09-03,PM-004
CUST-13562,Eva,Sahota,eva.sahota256@hotmail.com,919379259209,1983-12-28,2020-06-22,PM-004
CUST-13563,Ojas,Upadhyay,ojas857@icloud.com,919809786191,2003-05-22,2023-07-04,PM-003
CUST-13564,Vidur,Dube,vidur.dube921@yahoo.com,919609429535,1985-12-03,2013-12-27,PM-004
CUST-13565,Anay,Sheth,anay.sheth790@outlook.com,919467091395,2000-11-10,2022-06-17,PM-001
CUST-13566,Himmat,Chauhan,himmat.chauhan738@icloud.com,919527472418,1994-10-24,2016-12-12,PM-002
CUST-13567,Vihaan,Koshy,vihaan167@gmail.com,917572698150,2000-11-28,2021-09-04,PM-002
CUST-13568,Vaibhav,Viswanathan,vaibhav.viswanathan754@hotmail.com,919709177852,1982-07-14,2013-12-21,PM-002
CUST-13569,Reyansh,Chanda,reyansh812@yahoo.com,918340268049,1994-08-28,2016-06-29,PM-003
CUST-13570,Samiha,Jhaveri,samiha.295@yahoo.com,919216735362,1998-12-28,2020-02-05,PM-003
CUST-13571,Adira,Gala,galaadira749@hotmail.com,919513298903,1974-10-21,2005-12-06,PM-002
CUST-13572,Amani,Sani,amani.sani389@hotmail.com,917980244599,1991-07-27,2020-04-03,PM-001
CUST-13573,Kabir,Tata,kabir.tata229@hotmail.com,919755505547,1997-12-24,2021-05-16,PM-004
CUST-13574,Aaryahi,Kunda,aaryahi_803@yahoo.com,918528272236,1978-01-29,1998-09-21,PM-004
CUST-13575,Nishith,Varkey,varkeynishith621@hotmail.com,919356977726,1989-07-26,2020-10-13,PM-004
CUST-13576,Siya,Chhabra,siya_190@hotmail.com,918937672538,1990-12-13,2012-10-30,PM-002
CUST-13577,Parinaaz,Choudhury,parinaaz_302@hotmail.com,919954424341,1999-10-13,2018-05-16,PM-001
CUST-13578,Urvi,Rajagopal,urvi.959@outlook.com,919204415176,1978-01-07,2003-12-20,PM-001
CUST-13579,Chirag,Bajwa,chirag.bajwa210@yahoo.com,918653377961,1993-08-27,2012-04-01,PM-002
CUST-13580,Romil,Sule,suleromil650@gmail.com,918458298116,2000-11-28,2019-06-10,PM-002
CUST-13581,Oorja,Bhagat,oorja_174@gmail.com,918596297647,1979-11-02,2016-05-21,PM-003
CUST-13582,Uthkarsh,Gandhi,uthkarsh568@icloud.com,919408446354,1990-12-28,2023-10-03,PM-004
CUST-13583,Piya,Tara,piya.894@gmail.com,917805460119,2003-10-16,2023-11-22,PM-004
CUST-13584,Aaina,Bawa,bawaaaina849@outlook.com,918951562177,1978-08-30,2003-05-10,PM-002
CUST-13585,Tara,Bhasin,tara501@outlook.com,918747251012,1979-02-02,2023-03-04,PM-001
CUST-13586,Kaira,Chakrabarti,chakrabartikaira994@icloud.com,919334026391,1982-09-02,2011-07-14,PM-003
CUST-13587,Himmat,Contractor,himmat.615@icloud.com,918850097913,1998-04-02,2016-06-16,PM-002
CUST-13588,Khushi,Koshy,koshykhushi662@gmail.com,919660086354,1987-10-25,2021-06-27,PM-004
CUST-13589,Keya,Behl,keya616@yahoo.com,919187871594,2004-07-13,2024-01-25,PM-001
CUST-13590,Shaan,Keer,shaan_171@yahoo.com,918769756227,1979-10-15,2009-08-30,PM-003
CUST-13591,Oorja,Lalla,lallaoorja108@hotmail.com,917065709411,1978-06-26,2015-11-28,PM-004
CUST-13592,Mehul,Wable,mehul710@yahoo.com,917048137774,1995-04-07,2022-07-30,PM-004
CUST-13593,Sahil,Wali,sahil_599@hotmail.com,917593916278,2000-03-02,2019-04-16,PM-004
CUST-13594,Rhea,Krishnamurthy,rhea.584@gmail.com,918403594308,1996-02-14,2019-10-16,PM-004
CUST-13595,Saira,Gulati,saira_785@outlook.com,918982756915,1985-11-13,2008-10-16,PM-002
CUST-13596,Ivan,Loyal,ivan785@yahoo.com,918922068659,1977-09-28,1995-12-19,PM-004
CUST-13597,Manjari,Kuruvilla,kuruvillamanjari991@yahoo.com,919130077343,1977-02-17,2007-07-16,PM-004
CUST-13598,Priyansh,Sankar,priyansh.sankar738@icloud.com,919476326541,1990-03-20,2008-07-10,PM-001
CUST-13599,Advik,Agrawal,advik433@outlook.com,918292139950,1992-05-13,2022-07-17,PM-003
CUST-13600,Biju,Ramesh,rameshbiju864@yahoo.com,919188792936,2002-09-23,2022-07-18,PM-004
CUST-13601,Lakshay,Lall,lakshay.lall954@icloud.com,917420256777,1997-01-14,2018-02-18,PM-002
CUST-13602,Zara,Sachdeva,sachdevazara746@outlook.com,917082750071,1979-10-26,2024-02-14,PM-001
CUST-13603,Hrishita,Sekhon,hrishita.sekhon644@icloud.com,919959351395,1975-02-23,2000-08-23,PM-004
CUST-13604,Riya,Bawa,riya.562@outlook.com,918042413170,1977-04-04,2001-01-16,PM-001
CUST-13605,Nayantara,Kant,kantnayantara837@outlook.com,917926385663,1975-10-26,2003-12-20,PM-001
CUST-13606,Misha,Butala,misha_863@outlook.com,917186556045,1984-01-09,2014-01-12,PM-002
CUST-13607,Mehul,Balay,mehul.balay781@icloud.com,919559071211,1975-04-30,2010-04-22,PM-004
CUST-13608,Fateh,Sahni,fateh157@hotmail.com,918430958466,1976-08-06,2018-06-29,PM-004
CUST-13609,Mamooty,Bhatt,mamooty170@gmail.com,917451505123,1999-10-08,2019-10-22,PM-001
CUST-13610,Miraya,Rastogi,miraya612@gmail.com,919147844296,1975-12-28,2002-04-17,PM-003
CUST-13611,Raunak,Samra,samraraunak992@outlook.com,919616492330,1986-03-05,2005-10-05,PM-003
CUST-13612,Mehul,Bobal,bobalmehul530@gmail.com,918268600360,1995-12-08,2022-11-10,PM-003
CUST-13613,Kimaya,Karnik,kimaya.708@icloud.com,917061063567,1978-10-29,2005-09-02,PM-004
CUST-13614,Zaina,Kapadia,zaina930@icloud.com,918339014556,1990-08-01,2015-04-10,PM-004
CUST-13615,Jivin,Salvi,jivin.salvi651@hotmail.com,919476313249,1993-03-03,2014-12-30,PM-003
CUST-13616,Lagan,Mann,lagan.457@gmail.com,918329103472,1998-08-11,2021-04-17,PM-002
CUST-13617,Kashvi,Choudhury,kashvi_127@icloud.com,917427506735,1979-01-14,1997-04-08,PM-001
CUST-13618,Hiran,Saxena,hiran.saxena109@outlook.com,917241404613,1995-04-02,2015-10-07,PM-002
CUST-13619,Amani,Khosla,amani.khosla205@outlook.com,919903370491,1989-09-29,2015-12-23,PM-001
CUST-13620,Kimaya,Cheema,kimaya.cheema852@yahoo.com,918674643616,2004-12-28,2024-02-27,PM-001
CUST-13621,Hridaan,Dhawan,dhawanhridaan237@icloud.com,918454770593,1976-05-13,2014-03-07,PM-004
CUST-13622,Gokul,Master,gokul.master763@icloud.com,919771371077,2004-04-03,2023-02-05,PM-001
CUST-13623,Yashvi,Setty,yashvi_601@hotmail.com,917594327835,1999-07-01,2020-11-01,PM-002
CUST-13624,Miraya,Chandran,miraya.456@yahoo.com,917252018944,1994-03-03,2024-02-29,PM-003
CUST-13625,Dharmajan,Deshmukh,dharmajan510@outlook.com,917909605940,1992-07-29,2010-08-30,PM-004
CUST-13626,Zaina,Dara,darazaina386@icloud.com,919810928841,1993-06-02,2024-01-15,PM-004
CUST-13627,Zara,Gade,zara354@outlook.com,919271521929,1986-07-19,2004-09-16,PM-002
CUST-13628,Tushar,Rau,tushar.994@gmail.com,919207267383,1978-12-30,2012-05-14,PM-001
CUST-13629,Rhea,Shere,rhea.shere198@hotmail.com,917917431757,1975-09-21,2021-05-17,PM-004
CUST-13630,Misha,Gokhale,gokhalemisha461@icloud.com,918850309509,1980-10-04,2010-08-29,PM-004
CUST-13631,Jayan,Varughese,jayan.559@outlook.com,919705351478,1975-11-25,2020-11-20,PM-002
CUST-13632,Tara,Chandran,tara594@gmail.com,919232945619,1979-07-07,2000-02-13,PM-001
CUST-13633,Gokul,Jain,gokul_517@outlook.com,919602632958,1976-02-16,2006-10-14,PM-002
CUST-13634,Kanav,Sem,kanav.sem836@hotmail.com,918798573417,1978-11-26,2012-12-04,PM-001
CUST-13635,Indrans,Shroff,indrans_788@icloud.com,917835824660,1994-01-05,2021-06-27,PM-004
CUST-13636,Damini,Loyal,damini.299@hotmail.com,918728499580,1988-01-08,2007-11-02,PM-003
CUST-13637,Anay,Ray,anay_501@gmail.com,917988474890,2002-02-24,2023-03-20,PM-001
CUST-13638,Aniruddh,Dhaliwal,aniruddh751@gmail.com,919213856833,2001-05-24,2023-01-14,PM-001
CUST-13639,Eva,Iyengar,eva852@icloud.com,917656963006,2005-10-26,2024-02-03,PM-004
CUST-13640,Adira,Chawla,adira.chawla254@gmail.com,917055328613,1993-02-21,2018-03-25,PM-002
CUST-13641,Emir,Sabharwal,emir323@icloud.com,918697660913,1979-09-13,2006-05-09,PM-004
CUST-13642,Hazel,Kamdar,hazel.647@icloud.com,918010879160,2000-10-06,2019-07-20,PM-003
CUST-13643,Eva,Balakrishnan,balakrishnaneva657@yahoo.com,918587651937,2001-11-24,2020-12-24,PM-003
CUST-13644,Miraya,Kashyap,miraya.kashyap827@icloud.com,919404578250,1979-09-29,2013-10-21,PM-001
CUST-13645,Elakshi,Chahal,elakshi712@yahoo.com,919390912515,2001-07-10,2024-05-14,PM-002
CUST-13646,Kashvi,Dada,dadakashvi545@hotmail.com,918822380581,2004-01-21,2023-09-28,PM-001
CUST-13647,Raunak,Shanker,raunak.383@hotmail.com,918015927985,1990-03-05,2019-11-13,PM-003
CUST-13648,Manikya,Randhawa,manikya530@outlook.com,918889590373,1998-04-17,2018-01-22,PM-001
CUST-13649,Shaan,Rajagopalan,rajagopalanshaan888@yahoo.com,919847686303,1984-03-10,2017-07-09,PM-004
CUST-13650,Zaina,Dhawan,dhawanzaina486@icloud.com,917200299827,1994-07-13,2020-11-16,PM-002
CUST-13651,Yuvaan,Ben,benyuvaan159@gmail.com,918824169281,1976-08-26,2014-12-30,PM-003
CUST-13652,Diya,Bedi,bedidiya118@gmail.com,918702419930,2002-05-09,2022-08-08,PM-001
CUST-13653,Lavanya,Kala,lavanya_610@hotmail.com,917669235585,1983-07-14,2004-06-10,PM-002
CUST-13654,Piya,Dubey,piya759@outlook.com,918782011954,2000-06-18,2020-08-01,PM-004
CUST-13655,Advik,Khare,advik.khare425@outlook.com,917850989463,1982-11-10,2021-12-14,PM-004
CUST-13656,Krish,Singhal,singhalkrish739@hotmail.com,919731539672,1989-02-21,2020-05-06,PM-001
CUST-13657,Khushi,Varkey,khushi_518@hotmail.com,918345987703,2002-08-04,2022-05-12,PM-003
CUST-13658,Heer,Bali,heer.bali812@hotmail.com,917077172906,1991-01-09,2018-08-12,PM-003
CUST-13659,Veer,Lall,veer302@yahoo.com,919912289420,1987-09-16,2011-08-27,PM-001
CUST-13660,Kismat,Luthra,kismat.259@hotmail.com,918688072705,1996-09-02,2020-01-04,PM-001
CUST-13661,Lakshit,Gade,lakshit_329@yahoo.com,917973852607,2003-03-08,2024-01-05,PM-002
CUST-13662,Suhana,Datta,dattasuhana920@hotmail.com,917134759861,1976-08-03,2024-04-07,PM-001
CUST-13663,Ela,Hora,ela_650@hotmail.com,917115130226,1998-08-16,2018-09-18,PM-003
CUST-13664,Nirvi,Bali,nirvi_828@gmail.com,917732165363,2002-03-22,2022-01-17,PM-003
CUST-13665,Divij,Bali,balidivij822@yahoo.com,919980385193,2000-12-12,2024-02-15,PM-001
CUST-13666,Shaan,Choudhary,shaan_279@gmail.com,919275783100,2001-03-06,2023-03-13,PM-004
CUST-13667,Renee,Apte,apterenee128@gmail.com,919879520483,1975-09-10,2007-04-07,PM-001
CUST-13668,Azad,Sengupta,azad_511@outlook.com,917943303367,1979-02-16,2010-07-05,PM-004
CUST-13669,Rohan,Sen,rohan_994@yahoo.com,919350504942,1978-09-10,2022-04-17,PM-001
CUST-13670,Shayak,Jani,shayak_696@outlook.com,918575402435,1996-05-08,2019-03-09,PM-004
CUST-13671,Mannat,Keer,mannat.955@hotmail.com,917386775414,1999-02-12,2024-04-10,PM-002
CUST-13672,Ehsaan,Mani,ehsaan.mani329@icloud.com,918008694895,2001-01-25,2021-10-14,PM-003
CUST-13673,Samiha,Gaba,gabasamiha276@hotmail.com,919858302549,1998-09-21,2022-10-28,PM-002
CUST-13674,Samaira,Bhatt,samaira377@hotmail.com,918800315610,1979-08-14,1998-11-06,PM-002
CUST-13675,Divij,Kade,kadedivij743@hotmail.com,917220675588,1982-11-22,2018-03-05,PM-001
CUST-13676,Veer,Ganesan,veer.511@yahoo.com,919164419997,1984-01-25,2015-01-27,PM-003
CUST-13677,Manjari,Virk,manjari.769@outlook.com,917718251938,2002-06-07,2022-02-04,PM-004
CUST-13678,Anya,Thaman,anya_346@icloud.com,919580800711,1974-07-10,1999-05-14,PM-004
CUST-13679,Fateh,Barman,fateh.613@yahoo.com,919736469558,1987-03-27,2021-10-09,PM-002
CUST-13680,Ivan,Srivastava,ivan.104@yahoo.com,918504450656,1975-05-04,2001-12-31,PM-004
CUST-13681,Hansh,Mammen,hansh_860@gmail.com,917359194503,2000-03-02,2022-04-07,PM-001
CUST-13682,Stuvan,Dayal,stuvan418@hotmail.com,918289734880,1990-05-08,2019-10-31,PM-002
CUST-13683,Divit,Walla,divit.walla542@yahoo.com,917597491557,2001-11-28,2022-03-18,PM-002
CUST-13684,Siya,Kara,siya114@icloud.com,919148734857,1980-08-19,2019-10-26,PM-004
CUST-13685,Lagan,Tara,lagan.822@outlook.com,918090570166,1982-12-03,2008-08-23,PM-004
CUST-13686,Shalv,Dayal,shalv.dayal539@icloud.com,917626169320,1991-02-16,2024-02-13,PM-004
CUST-13687,Faiyaz,Bail,faiyaz326@outlook.com,917504782606,1999-04-20,2017-10-08,PM-002
CUST-13688,Vidur,Keer,vidur.701@icloud.com,919112011222,2005-03-20,2023-08-20,PM-001
CUST-13689,Biju,Mahajan,biju.374@hotmail.com,919140637654,1988-05-15,2012-11-28,PM-001
CUST-13690,Ira,Tank,ira525@hotmail.com,917517803880,1977-10-30,2001-11-04,PM-003
CUST-13691,Elakshi,Shah,elakshi.shah471@yahoo.com,918573396141,1979-09-23,2014-11-16,PM-003
CUST-13692,Dishani,Mangal,mangaldishani864@gmail.com,919526737716,2000-01-02,2021-02-05,PM-004
CUST-13693,Romil,Anne,romil.404@gmail.com,917302516177,2000-09-03,2021-02-18,PM-002
CUST-13694,Adira,Trivedi,adira_339@outlook.com,918409716608,1980-10-27,2004-04-24,PM-001
CUST-13695,Hazel,Arora,hazel.arora871@yahoo.com,917117658613,1981-06-01,2013-03-16,PM-002
CUST-13696,Inaaya ,Ravel,inaaya 519@gmail.com,917895102961,1989-12-06,2008-10-04,PM-003
CUST-13697,Sahil,Khalsa,sahil.424@icloud.com,917051287268,2006-03-12,2024-05-24,PM-002
CUST-13698,Jayan,Mahajan,jayan_316@outlook.com,919967097979,2005-08-18,2023-10-23,PM-003
CUST-13699,Hansh,Dugar,hansh542@outlook.com,919048705539,1977-04-08,1998-10-14,PM-004
CUST-13700,Advik,Som,advik.som182@gmail.com,919280802334,1980-08-27,2015-08-01,PM-003
CUST-13701,Shaan,Ramachandran,ramachandranshaan766@gmail.com,919944975528,1980-09-11,2016-06-30,PM-002
CUST-13702,Divyansh,Dave,divyansh_403@outlook.com,918170836679,1985-01-01,2013-10-27,PM-004
CUST-13703,Fateh,Yogi,fateh.yogi206@yahoo.com,918837291400,1992-06-12,2023-06-09,PM-004
CUST-13704,Himmat,Sridhar,himmat_741@yahoo.com,917851487625,2000-09-10,2019-08-30,PM-003
CUST-13705,Azad,Gade,azad237@gmail.com,919738228224,2002-11-29,2021-10-17,PM-004
CUST-13706,Eshani,Kale,eshani.kale539@gmail.com,919999916360,1979-04-14,2022-03-10,PM-001
CUST-13707,Vedika,Rout,vedika.rout803@yahoo.com,917066842461,1999-12-01,2022-01-30,PM-003
CUST-13708,Mahika,Dhillon,mahika.481@gmail.com,917481718777,2001-08-29,2020-01-16,PM-004
CUST-13709,Shanaya,Sangha,shanaya248@outlook.com,917308551974,2003-11-27,2023-04-07,PM-002
CUST-13710,Anvi,Sahota,sahotaanvi735@hotmail.com,917758388401,2000-08-16,2022-05-13,PM-004
CUST-13711,Yashvi,Sekhon,yashvi.396@hotmail.com,917298452212,1976-10-14,2010-05-28,PM-001
CUST-13712,Abram,Biswas,abram.biswas877@gmail.com,918856437232,1977-04-23,2023-10-30,PM-002
CUST-13713,Heer,Sankar,heer926@hotmail.com,918531433639,1997-03-04,2021-02-23,PM-004
CUST-13714,Mahika,Babu,mahika.babu236@icloud.com,917140082011,1983-05-20,2013-09-14,PM-002
CUST-13715,Myra,Subramanian,myra.896@icloud.com,917767345709,1998-09-29,2017-06-11,PM-004
CUST-13716,Aayush,Sur,aayush_253@gmail.com,919173225039,1991-11-14,2022-07-14,PM-001
CUST-13717,Mamooty,Kamdar,kamdarmamooty119@icloud.com,919363386221,1984-05-20,2023-04-26,PM-004
CUST-13718,Jivin,Borra,jivin.786@gmail.com,917054604347,1995-01-24,2021-01-29,PM-002
CUST-13719,Manjari,Seshadri,manjari.419@yahoo.com,917863206605,2003-11-30,2022-07-29,PM-001
CUST-13720,Purab,Malhotra,purab.malhotra991@icloud.com,918101380187,1977-06-16,2000-07-26,PM-002
CUST-13721,Damini,Kalla,kalladamini834@outlook.com,917041226811,1991-03-15,2012-06-13,PM-001
CUST-13722,Abram,Rajan,rajanabram332@hotmail.com,918146966350,1987-06-05,2020-01-18,PM-003
CUST-13723,Ivan,Bal,ivan.475@hotmail.com,918944490393,1982-08-30,2022-01-23,PM-004
CUST-13724,Keya,Kade,keya554@icloud.com,918765067033,1990-03-11,2018-09-21,PM-003
CUST-13725,Eshani,Sehgal,sehgaleshani780@yahoo.com,917113060348,1983-11-06,2003-06-02,PM-004
CUST-13726,Kiaan,Agate,kiaan.agate337@icloud.com,918407341694,2001-10-27,2021-06-04,PM-001
CUST-13727,Jivika,Bakshi,bakshijivika620@hotmail.com,918555586285,2006-01-29,2024-06-09,PM-003
CUST-13728,Oorja,Sethi,oorja.601@icloud.com,918740271859,1985-11-24,2023-03-16,PM-002
CUST-13729,Rhea,Karpe,karperhea229@hotmail.com,919806536793,1977-09-27,1998-08-01,PM-004
CUST-13730,Dharmajan,Chauhan,chauhandharmajan275@outlook.com,919213392719,1997-08-11,2020-09-22,PM-003
CUST-13731,Kabir,Manda,kabir524@icloud.com,918277988480,1987-10-26,2023-10-12,PM-003
CUST-13732,Kiara,Mani,kiara.979@icloud.com,918181089290,1985-08-02,2009-10-30,PM-003
CUST-13733,Neysa,Balay,neysa204@gmail.com,919266561536,1983-01-31,2012-09-15,PM-001
CUST-13734,Mehul,Sur,mehul.sur233@hotmail.com,917684965815,2002-08-20,2020-11-17,PM-003
CUST-13735,Damini,Balay,damini448@outlook.com,917889713404,1992-04-20,2013-03-18,PM-002
CUST-13736,Shray,Barman,shray316@outlook.com,919953178770,1985-12-29,2018-01-19,PM-001
CUST-13737,Aniruddh,Iyer,iyeraniruddh451@hotmail.com,919254533905,2005-11-18,2023-12-28,PM-003
CUST-13738,Tarini,Acharya,tarini.acharya695@gmail.com,919407922374,1992-08-29,2022-11-24,PM-003
CUST-13739,Mamooty,Mall,mallmamooty894@hotmail.com,918059326761,1976-02-13,2015-11-09,PM-001
CUST-13740,Mamooty,Bhasin,mamooty919@hotmail.com,917484276642,1988-08-30,2021-10-14,PM-004
CUST-13741,Ahana ,Deol,ahana 309@outlook.com,919813139794,1982-01-07,2011-08-28,PM-002
CUST-13742,Vivaan,Toor,vivaan489@icloud.com,919456017842,2003-04-24,2023-12-21,PM-004
CUST-13743,Saira,Zachariah,saira_120@hotmail.com,917731702983,1994-05-02,2012-10-28,PM-003
CUST-13744,Nishith,Bhalla,nishith.bhalla266@gmail.com,919871363162,1991-10-16,2019-06-09,PM-002
CUST-13745,Farhan,Kar,farhan.517@gmail.com,917219480872,1986-07-15,2014-09-07,PM-002
CUST-13746,Darshit,Soman,darshit.134@hotmail.com,918161684679,1993-12-11,2021-01-12,PM-001
CUST-13747,Divyansh,Kota,divyansh199@outlook.com,917347242044,2001-05-18,2024-01-15,PM-004
CUST-13748,Pari,Hayre,hayrepari418@gmail.com,917998044979,1997-03-11,2017-12-19,PM-002
CUST-13749,Kimaya,Tata,kimaya.tata253@gmail.com,918588687480,1984-08-30,2003-01-04,PM-001
CUST-13750,Jhanvi,Balasubramanian,jhanvi.balasubramanian963@outlook.com,919378217501,1989-01-16,2007-10-14,PM-004
CUST-13751,Shlok,Dhillon,shlok.dhillon344@hotmail.com,917353111041,1980-12-05,1999-09-18,PM-004
CUST-13752,Shamik,Ramaswamy,shamik.ramaswamy619@icloud.com,919507213333,1994-09-04,2020-11-05,PM-001
CUST-13753,Oorja,Manda,oorja_238@icloud.com,919402477045,1992-01-15,2021-06-19,PM-001
CUST-13754,Shanaya,Sem,shanaya615@outlook.com,918900760844,2000-06-30,2022-03-06,PM-003
CUST-13755,Shaan,Rout,routshaan889@yahoo.com,917208132307,2000-10-12,2021-02-08,PM-004
CUST-13756,Mehul,Aurora,mehul.aurora560@hotmail.com,917816984433,1995-09-30,2020-12-20,PM-002
CUST-13757,Vaibhav,Kota,vaibhav_883@yahoo.com,919151289945,1996-08-02,2022-05-15,PM-001
CUST-13758,Nayantara,Bakshi,nayantara.920@icloud.com,918048233052,1999-10-06,2023-10-11,PM-003
CUST-13759,Tiya,Tripathi,tiya_724@outlook.com,918675424762,2003-10-22,2022-02-08,PM-002
CUST-13760,Fateh,Kakar,kakarfateh308@outlook.com,919893326086,1976-05-04,2003-11-14,PM-004
CUST-13761,Ishita,Dalal,ishita857@hotmail.com,917179192860,1978-04-09,2017-05-01,PM-003
CUST-13762,Anika,Vasa,anika443@outlook.com,918742297526,1982-06-21,2023-04-04,PM-001
CUST-13763,Anaya,Kala,kalaanaya984@outlook.com,919214905578,1977-05-03,2023-10-16,PM-004
CUST-13764,Jayan,Kanda,jayan.695@icloud.com,918368659028,2003-03-24,2021-11-01,PM-002
CUST-13765,Sana,Mahal,sana.mahal168@outlook.com,919901534612,1994-01-29,2014-04-16,PM-002
CUST-13766,Amira,Mahal,amira556@yahoo.com,919396840591,1977-01-26,1998-10-14,PM-001
CUST-13767,Samiha,Gopal,samiha_543@outlook.com,918970106712,1994-05-24,2013-04-15,PM-002
CUST-13768,Kiaan,Deo,kiaan410@gmail.com,918227561795,1992-04-24,2014-05-07,PM-001
CUST-13769,Ira,Johal,ira400@hotmail.com,919775685144,1998-05-19,2023-12-26,PM-003
CUST-13770,Uthkarsh,Chand,uthkarsh.865@hotmail.com,918864876776,1989-04-16,2013-01-22,PM-002
CUST-13771,Piya,Yadav,yadavpiya326@hotmail.com,917658499880,1995-04-18,2019-12-08,PM-003
CUST-13772,Lavanya,Sharma,lavanya.sharma223@gmail.com,918119114420,1979-10-10,2015-04-19,PM-003
CUST-13773,Farhan,Rajan,farhan530@outlook.com,918821449393,1983-05-03,2007-10-31,PM-003
CUST-13774,Divit,Gupta,guptadivit318@yahoo.com,918345662046,1981-02-14,2020-06-02,PM-002
CUST-13775,Vaibhav,Bhakta,vaibhav.bhakta132@outlook.com,918743472887,1987-08-10,2023-09-11,PM-001
CUST-13776,Mohanlal,Halder,mohanlal.120@hotmail.com,917360032413,2001-06-17,2024-04-18,PM-001
CUST-13777,Shlok,Sinha,shlok_362@gmail.com,919716450227,2003-10-16,2024-05-22,PM-003
CUST-13778,Bhavin,Dani,bhavin_558@outlook.com,917600384113,1987-12-02,2019-09-17,PM-004
CUST-13779,Eshani,Rastogi,rastogieshani505@gmail.com,917891623328,2002-09-23,2024-01-22,PM-001
CUST-13780,Himmat,Kamdar,himmat_334@gmail.com,918865829447,2002-05-06,2022-05-24,PM-003
CUST-13781,Romil,Aurora,romil.aurora217@gmail.com,918582167350,2005-02-19,2023-12-10,PM-002
CUST-13782,Indranil,Sarma,indranil_682@yahoo.com,919590847803,2001-05-26,2019-09-02,PM-003
CUST-13783,Manjari,Jhaveri,manjari451@hotmail.com,917793672454,1975-03-01,2003-04-11,PM-002
CUST-13784,Nehmat,Keer,nehmat.483@gmail.com,918187846454,1978-12-02,2001-12-27,PM-004
CUST-13785,Rhea,Chaudry,rhea_586@outlook.com,919139547477,1994-06-16,2016-01-04,PM-001
CUST-13786,Siya,Chaudry,siya276@yahoo.com,918541571251,2004-09-21,2024-05-26,PM-002
CUST-13787,Ishaan,Devi,ishaan.devi639@gmail.com,919572639084,1976-11-03,2022-12-12,PM-003
CUST-13788,Reyansh,Kohli,reyansh.961@yahoo.com,918034810685,1981-10-07,2010-10-06,PM-001
CUST-13789,Drishya,Loyal,drishya.loyal797@icloud.com,919685629914,1976-10-28,2018-01-17,PM-003
CUST-13790,Vardaniya,Kalita,vardaniya_119@icloud.com,919230205643,1984-03-17,2004-02-13,PM-002
CUST-13791,Divyansh,Deshmukh,divyansh.827@yahoo.com,918704432657,1990-01-22,2008-05-22,PM-004
CUST-13792,Kanav,Sidhu,kanav.394@gmail.com,918562143846,1985-10-16,2023-07-15,PM-004
CUST-13793,Kavya,Gara,kavya_581@outlook.com,919093732283,1992-01-05,2010-12-27,PM-001
CUST-13794,Renee,Rastogi,renee723@icloud.com,918735200535,2006-03-13,2024-06-10,PM-004
CUST-13795,Ishaan,Shanker,ishaan.shanker778@gmail.com,919755669974,1991-11-09,2017-06-10,PM-002
CUST-13796,Aarush,Dubey,dubeyaarush582@icloud.com,917090822365,2001-10-26,2023-07-28,PM-004
CUST-13797,Lagan,Singh,lagan415@outlook.com,917439208341,1992-04-02,2012-02-01,PM-001
CUST-13798,Shayak,Doshi,shayak.doshi734@yahoo.com,918845955923,1992-03-31,2022-10-16,PM-004
CUST-13799,Ivana,Sami,samiivana274@icloud.com,918809216396,1993-03-30,2015-06-07,PM-004
CUST-13800,Anaya,Ghose,anaya.653@gmail.com,917790986341,1991-04-21,2011-03-26,PM-002
CUST-13801,Anika,Kari,karianika134@gmail.com,918996659534,1996-01-15,2022-09-06,PM-004
CUST-13802,Amani,Rastogi,amani.rastogi672@gmail.com,917329900948,2002-12-29,2023-01-26,PM-002
CUST-13803,Shayak,Ramanathan,shayak.453@gmail.com,917113053490,1992-07-05,2017-07-20,PM-003
CUST-13804,Vardaniya,Saran,vardaniya_475@outlook.com,919802176465,1981-06-20,2007-04-03,PM-004
CUST-13805,Manikya,Dora,manikya.571@outlook.com,918189013204,1996-02-20,2018-09-10,PM-001
CUST-13806,Chirag,Iyengar,chirag531@yahoo.com,917237086642,1990-03-25,2024-03-20,PM-004
CUST-13807,Siya,Walia,siya383@yahoo.com,919643088981,1980-12-20,2018-01-25,PM-001
CUST-13808,Samiha,Sahni,samiha_618@outlook.com,919062701689,1979-06-22,2014-04-12,PM-002
CUST-13809,Bhavin,Kant,bhavin_232@yahoo.com,919101713648,1991-11-24,2022-07-28,PM-001
CUST-13810,Rasha,Chawla,rasha320@icloud.com,919024023219,1988-09-20,2018-06-11,PM-002
CUST-13811,Shayak,Toor,toorshayak768@gmail.com,919663666033,1996-07-20,2015-09-04,PM-001
CUST-13812,Samiha,Borra,samiha174@hotmail.com,919082038668,1997-09-12,2016-12-21,PM-004
CUST-13813,Misha,Chokshi,misha_150@outlook.com,919001566987,1976-09-05,1996-12-29,PM-004
CUST-13814,Yakshit,Savant,yakshit.savant974@yahoo.com,918456488303,1987-10-31,2020-04-09,PM-001
CUST-13815,Jivika,Kalla,jivika.862@icloud.com,919844354790,1995-03-08,2013-09-05,PM-002
CUST-13816,Raghav,Dubey,dubeyraghav841@icloud.com,917670032154,1994-01-27,2019-05-04,PM-002
CUST-13817,Mahika,Ratti,mahika261@gmail.com,918146487864,1984-06-01,2008-06-01,PM-001
CUST-13818,Shanaya,Bail,shanaya.636@hotmail.com,919703871449,1993-12-15,2013-01-05,PM-002
CUST-13819,Romil,Kapur,romil.532@yahoo.com,917874457380,1998-01-28,2016-08-08,PM-004
CUST-13820,Nayantara,Bahl,nayantara_611@hotmail.com,918846153408,1997-11-05,2017-07-24,PM-001
CUST-13821,Divit,Wali,divit_549@outlook.com,917921998382,1996-08-12,2019-04-17,PM-004
CUST-13822,Bhavin,Verma,bhavin645@hotmail.com,917588684013,2002-02-14,2022-04-04,PM-004
CUST-13823,Alisha,Mahajan,alisha.mahajan392@yahoo.com,919937856421,1997-03-20,2023-06-20,PM-001
CUST-13824,Siya,Arora,siya.626@icloud.com,919353233984,1982-04-21,2012-03-04,PM-001
CUST-13825,Trisha,Vaidya,trisha_460@yahoo.com,918297320604,1984-02-18,2004-07-22,PM-002
CUST-13826,Navya,Ramaswamy,ramaswamynavya757@gmail.com,917239439866,1976-12-26,1996-07-03,PM-004
CUST-13827,Sumer,Ram,sumer.338@yahoo.com,917414915222,1998-07-30,2021-12-13,PM-002
CUST-13828,Ritvik,Srinivas,ritvik.277@icloud.com,917490794925,1995-02-28,2020-04-11,PM-004
CUST-13829,Rhea,Zacharia,rhea.zacharia436@outlook.com,917998534039,2004-04-05,2023-04-26,PM-001
CUST-13830,Suhana,Batta,suhana.336@outlook.com,919078242962,1999-03-23,2018-11-27,PM-003
CUST-13831,Mannat,Gupta,mannat646@icloud.com,918515003636,1992-03-03,2018-06-25,PM-002
CUST-13832,Tarini,Dugar,tarini.336@yahoo.com,919578992670,1979-03-26,2005-11-19,PM-001
CUST-13833,Ojas,Thaker,ojas444@hotmail.com,918645721738,2002-08-15,2023-12-01,PM-002
CUST-13834,Aayush,Bhatnagar,aayush.bhatnagar856@outlook.com,919059708617,1995-10-20,2017-07-18,PM-002
CUST-13835,Yuvraj ,Ganesan,yuvraj .ganesan385@outlook.com,918352505630,1998-06-21,2023-03-19,PM-002
CUST-13836,Tushar,Shan,tushar_746@outlook.com,917768742461,1990-03-18,2021-07-27,PM-004
CUST-13837,Nitara,Lal,lalnitara841@outlook.com,917417874344,1984-07-23,2023-05-11,PM-001
CUST-13838,Rasha,Khosla,rasha.khosla765@hotmail.com,918998066840,1992-10-17,2021-08-20,PM-002
CUST-13839,Raghav,Karpe,raghav.karpe518@hotmail.com,918782763024,1991-07-01,2021-11-19,PM-004
CUST-13840,Pari,Sagar,pari_308@yahoo.com,918543801983,2003-05-11,2023-10-24,PM-002
CUST-13841,Sara,Bhat,sara.327@gmail.com,918040670506,1984-06-22,2015-07-15,PM-001
CUST-13842,Gatik,Iyengar,gatik_518@gmail.com,918206197857,1983-02-08,2004-06-18,PM-002
CUST-13843,Parinaaz,Wadhwa,parinaaz.676@outlook.com,918487216963,2006-05-19,2024-06-08,PM-004
CUST-13844,Neysa,Seshadri,neysa_613@hotmail.com,917985023343,1980-05-20,2009-01-19,PM-002
CUST-13845,Jayesh,Luthra,jayesh_981@gmail.com,918458480993,1984-04-29,2007-05-17,PM-001
CUST-13846,Krish,Dani,krish202@hotmail.com,919418098979,1995-07-09,2014-09-19,PM-001
CUST-13847,Nirvaan,Sha,shanirvaan690@outlook.com,918035636460,1996-12-08,2015-08-08,PM-001
CUST-13848,Jayant,Borde,jayant.borde306@gmail.com,917609196833,1989-04-29,2014-06-26,PM-004
CUST-13849,Baiju,Jani,baiju.864@yahoo.com,919378064319,1988-10-21,2019-03-05,PM-004
CUST-13850,Indranil,Aggarwal,indranil.aggarwal944@icloud.com,919309109170,1990-12-03,2013-09-28,PM-001
CUST-13851,Miraan,Seth,miraan.684@yahoo.com,917616236310,1976-05-21,2009-06-22,PM-002
CUST-13852,Saksham,Khurana,saksham.864@gmail.com,919591883338,1978-10-25,2021-03-14,PM-001
CUST-13853,Aniruddh,Bawa,aniruddh465@yahoo.com,917395125144,1998-05-18,2024-05-22,PM-003
CUST-13854,Divij,Tiwari,divij.895@hotmail.com,917465527826,1975-11-01,2010-11-06,PM-001
CUST-13855,Kimaya,Ganesan,ganesankimaya995@yahoo.com,919525006225,1985-06-06,2018-11-28,PM-001
CUST-13856,Manjari,Edwin,edwinmanjari856@icloud.com,917800026812,1993-06-04,2016-10-20,PM-001
CUST-13857,Onkar,Datta,dattaonkar360@icloud.com,919449259973,1988-07-10,2023-11-20,PM-003
CUST-13858,Ritvik,Swamy,ritvik808@outlook.com,917133879760,1991-01-02,2012-12-04,PM-001
CUST-13859,Sana,Bajwa,sana_862@gmail.com,919051747572,1976-09-01,2008-02-15,PM-004
CUST-13860,Manikya,Baral,manikya.186@yahoo.com,917430391820,1994-01-27,2013-06-14,PM-004
CUST-13861,Tushar,Wason,wasontushar122@gmail.com,917919364448,1983-05-29,2020-01-12,PM-004
CUST-13862,Diya,Rao,diya.606@icloud.com,919370689144,1980-07-14,2001-01-24,PM-003
CUST-13863,Krish,Chandran,krish102@yahoo.com,919344807987,1989-12-30,2013-06-28,PM-001
CUST-13864,Abram,Khurana,abram_845@hotmail.com,917389275833,1987-06-10,2005-11-29,PM-002
CUST-13865,Anahita,Chaudhari,anahita.chaudhari460@gmail.com,917430490705,1984-03-03,2018-10-28,PM-004
CUST-13866,Vanya,Chowdhury,vanya.chowdhury750@icloud.com,919719999912,1999-06-29,2022-06-04,PM-003
CUST-13867,Hansh,Shere,hansh.755@gmail.com,917823300643,1996-08-15,2015-04-08,PM-004
CUST-13868,Madhav,Suri,surimadhav968@gmail.com,919147829737,2004-03-24,2024-04-25,PM-001
CUST-13869,Drishya,Wable,drishya.977@gmail.com,918912047121,1975-01-09,2007-07-26,PM-002
CUST-13870,Hrishita,Tailor,hrishita.tailor300@outlook.com,918341350209,2001-07-20,2024-04-19,PM-002
CUST-13871,Divij,Venkatesh,divij.104@icloud.com,917609886629,1986-01-13,2018-08-28,PM-001
CUST-13872,Piya,Chacko,chackopiya777@icloud.com,919989466458,1995-10-29,2014-01-10,PM-002
CUST-13873,Shray,Bail,shray.887@outlook.com,917214450744,2005-07-07,2023-11-18,PM-001
CUST-13874,Madhav,Mand,madhav.367@hotmail.com,918471466538,1993-05-19,2021-05-17,PM-001
CUST-13875,Prerak,Srinivas,prerak_189@yahoo.com,918146730112,2003-10-20,2022-02-10,PM-004
CUST-13876,Nitya,Kaur,kaurnitya848@icloud.com,919909348838,1977-03-09,1999-11-12,PM-002
CUST-13877,Vedika,Tandon,tandonvedika372@yahoo.com,918087381782,1982-07-22,2009-06-21,PM-003
CUST-13878,Shaan,Bhat,shaan_238@hotmail.com,918537780377,1989-09-17,2010-07-28,PM-003
CUST-13879,Umang,D’Alia,umang.902@yahoo.com,917342058064,2001-07-24,2021-04-06,PM-004
CUST-13880,Pihu,Gola,pihu.gola261@hotmail.com,919717580249,1979-08-31,2002-03-23,PM-002
CUST-13881,Nirvaan,Yadav,nirvaan.706@icloud.com,917678458432,1976-10-01,1999-08-04,PM-002
CUST-13882,Eshani,Bahri,eshani431@outlook.com,918275977404,1990-01-30,2010-09-17,PM-002
CUST-13883,Misha,Gaba,misha.593@yahoo.com,918566991129,1994-08-21,2022-10-17,PM-004
CUST-13884,Anay,Date,dateanay599@hotmail.com,919536091411,1990-08-18,2022-07-25,PM-001
CUST-13885,Aarush,Goel,aarush488@hotmail.com,917489098825,1989-04-22,2021-11-09,PM-004
CUST-13886,Umang,Chadha,umang117@icloud.com,919712434988,1975-06-19,2018-06-04,PM-001
CUST-13887,Vanya,Garde,vanya.843@icloud.com,918790769840,1982-02-05,2020-11-27,PM-002
CUST-13888,Yuvraj ,Barad,yuvraj 653@hotmail.com,917230619004,2005-09-03,2023-11-05,PM-002
CUST-13889,Keya,Venkataraman,keya_696@outlook.com,917240816388,2001-07-23,2023-10-15,PM-001
CUST-13890,Jayant,Tara,tarajayant799@icloud.com,917217922995,1984-12-12,2012-12-19,PM-002
CUST-13891,Yashvi,Bera,yashvi819@hotmail.com,918930520927,1998-03-06,2022-06-30,PM-004
CUST-13892,Nishith,Bhavsar,nishith.830@gmail.com,918883659510,1975-03-13,1998-09-09,PM-002
CUST-13893,Gokul,Mangal,gokul_447@yahoo.com,919145698830,1997-04-28,2021-12-02,PM-002
CUST-13894,Rati,Bawa,rati_679@hotmail.com,918961953327,1988-10-17,2018-11-04,PM-004
CUST-13895,Vidur,Sundaram,sundaramvidur338@outlook.com,917422768027,1987-07-27,2017-08-12,PM-004
CUST-13896,Lagan,Malhotra,malhotralagan382@yahoo.com,919521459934,2004-04-17,2022-12-02,PM-004
CUST-13897,Nehmat,Bal,nehmat.462@icloud.com,918499520308,1979-10-29,2005-10-13,PM-003
CUST-13898,Shayak,Gade,gadeshayak436@yahoo.com,917159592975,1976-03-25,2021-04-18,PM-003
CUST-13899,Arnav,Shere,arnav.shere796@hotmail.com,918249837189,1992-10-17,2019-04-19,PM-004
CUST-13900,Amira,Sachdeva,amira_566@outlook.com,918749703913,1997-06-23,2022-10-29,PM-001
CUST-13901,Anahi,Mani,manianahi539@yahoo.com,919063518233,2002-04-14,2020-04-22,PM-002
CUST-13902,Myra,Keer,myra.keer452@hotmail.com,919538130570,1985-12-25,2004-10-27,PM-002
CUST-13903,Kartik,Saran,kartik.saran481@icloud.com,917290887042,2004-10-20,2023-02-18,PM-002
CUST-13904,Priyansh,Sampath,priyansh.sampath109@yahoo.com,917778919335,1980-12-19,2008-05-17,PM-004
CUST-13905,Kaira,Kata,kaira_259@icloud.com,918257442286,1975-12-10,2001-07-26,PM-002
CUST-13906,Charvi,Suri,charvi302@yahoo.com,917905064156,1996-11-07,2018-08-29,PM-001
CUST-13907,Riaan,Contractor,contractorriaan821@outlook.com,918364503619,1991-05-07,2018-07-31,PM-002
CUST-13908,Nishith,Dhar,nishith.dhar379@outlook.com,919260969075,1978-05-28,2003-06-27,PM-003
CUST-13909,Dharmajan,Mangat,dharmajan738@hotmail.com,918848432777,1982-07-23,2022-05-16,PM-002
CUST-13910,Zain,Bhalla,zain_676@hotmail.com,918746279478,1995-02-17,2014-11-13,PM-003
CUST-13911,Dharmajan,Rajagopalan,dharmajan746@gmail.com,919750895420,1978-05-07,2006-04-07,PM-002
CUST-13912,Baiju,Gara,baiju.gara216@yahoo.com,918279709069,1993-05-16,2024-03-19,PM-001
CUST-13913,Charvi,Sami,samicharvi677@outlook.com,918901025077,1996-03-18,2018-01-28,PM-003
CUST-13914,Rohan,Dhawan,rohan_564@gmail.com,919886014720,2003-03-07,2023-02-14,PM-003
CUST-13915,Nirvi,Issac,nirvi.310@gmail.com,917493924833,1985-05-25,2008-11-15,PM-002
CUST-13916,Sana,Chakrabarti,sana.chakrabarti352@outlook.com,917517470601,1981-10-21,2003-04-30,PM-001
CUST-13917,Faiyaz,Dayal,faiyaz_129@hotmail.com,918848630809,2005-09-07,2023-11-24,PM-002
CUST-13918,Vanya,Buch,vanya_146@gmail.com,918432571545,1983-03-09,2008-10-18,PM-002
CUST-13919,Jivin,Raju,jivin_414@hotmail.com,917820883629,2000-10-05,2022-06-20,PM-003
CUST-13920,Mannat,Babu,mannat803@icloud.com,919606061693,1974-10-27,2009-07-08,PM-002
CUST-13921,Anaya,Sarkar,anaya669@yahoo.com,919392679320,1997-11-24,2022-06-13,PM-004
CUST-13922,Zoya,Deshpande,zoya379@gmail.com,917883917716,1991-06-21,2021-04-16,PM-002
CUST-13923,Azad,Dhawan,azad630@icloud.com,917379723341,1985-05-10,2004-09-13,PM-004
CUST-13924,Stuvan,Gara,stuvan_934@yahoo.com,917964257235,1982-08-03,2005-12-23,PM-002
CUST-13925,Siya,Lad,siya.lad207@gmail.com,918841258032,1998-05-02,2023-09-18,PM-002
CUST-13926,Anika,Tella,anika142@icloud.com,917712535287,1985-10-30,2012-11-20,PM-004
CUST-13927,Urvi,Chhabra,urvi_165@hotmail.com,919865994272,1988-03-21,2022-10-21,PM-001
CUST-13928,Kartik,Cheema,kartik.cheema570@outlook.com,918741151736,1992-12-18,2023-02-18,PM-001
CUST-13929,Pranay,Bakshi,pranay_217@gmail.com,918460902180,1992-11-30,2022-08-17,PM-003
CUST-13930,Samarth,Sodhi,samarth.522@gmail.com,917502314348,1992-06-05,2024-01-02,PM-003
CUST-13931,Kiara,Maharaj,kiara_711@hotmail.com,919514979899,1975-03-25,1993-12-15,PM-003
CUST-13932,Amira,Sanghvi,amira641@yahoo.com,919446605206,1991-11-24,2014-12-05,PM-002
CUST-13933,Tara,Rajagopal,tara.523@icloud.com,918672392275,2004-06-01,2022-11-08,PM-002
CUST-13934,Trisha,Raj,trisha552@gmail.com,919316201446,1995-01-02,2022-10-28,PM-004
CUST-13935,Kashvi,Lata,kashvi.339@gmail.com,919000426426,2000-06-13,2022-11-07,PM-003
CUST-13936,Trisha,Varty,trisha.varty816@yahoo.com,919569539977,1984-01-21,2013-09-17,PM-001
CUST-13937,Zoya,Kar,zoya219@gmail.com,919816332134,1984-06-22,2006-04-07,PM-001
CUST-13938,Armaan,Barad,armaan817@outlook.com,917946398345,1990-02-16,2022-01-11,PM-004
CUST-13939,Sara,Gaba,sara.271@gmail.com,918254126074,2002-10-17,2024-06-02,PM-002
CUST-13940,Hazel,Varghese,hazel.varghese914@outlook.com,919015643560,1981-10-09,2002-03-23,PM-004
CUST-13941,Jhanvi,Bhalla,jhanvi.bhalla276@yahoo.com,917307457121,1997-11-01,2019-06-17,PM-004
CUST-13942,Madhup,Handa,handamadhup460@hotmail.com,917363142267,1988-11-11,2022-04-16,PM-004
CUST-13943,Arhaan,Datta,arhaan_401@yahoo.com,918114379556,1975-02-04,2009-11-26,PM-002
CUST-13944,Raunak,Koshy,raunak261@hotmail.com,918838682514,1982-12-19,2016-07-17,PM-002
CUST-13945,Vardaniya,Khalsa,vardaniya.234@gmail.com,918738339861,2000-03-08,2020-09-08,PM-002
CUST-13946,Shray,Comar,comarshray601@outlook.com,917525692138,1995-01-03,2013-04-16,PM-004
CUST-13947,Heer,Subramanian,heer349@icloud.com,917818022440,2004-01-17,2024-04-04,PM-001
CUST-13948,Bhamini,Koshy,bhamini.827@outlook.com,918607627075,1984-12-26,2009-04-28,PM-001
CUST-13949,Dhanuk,Chakraborty,dhanuk.995@yahoo.com,919857950088,2001-08-03,2023-07-30,PM-003
CUST-13950,Ira,Chandran,ira_884@hotmail.com,917080102192,2004-04-23,2023-03-30,PM-002
CUST-13951,Yakshit,Handa,handayakshit725@icloud.com,919060311086,1985-07-07,2012-03-24,PM-001
CUST-13952,Dhanush,D’Alia,d’aliadhanush449@icloud.com,917588050510,1974-07-20,2021-04-05,PM-001
CUST-13953,Shayak,Buch,buchshayak168@outlook.com,917816637154,1990-06-27,2008-07-12,PM-002
CUST-13954,Tiya,Shukla,tiya.shukla516@yahoo.com,918469591768,1978-09-16,2022-01-29,PM-003
CUST-13955,Siya,Jhaveri,siya.326@gmail.com,917946736264,1976-06-07,2016-01-16,PM-002
CUST-13956,Anika,Viswanathan,anika.viswanathan690@yahoo.com,918912732346,1975-01-13,1995-12-25,PM-002
CUST-13957,Vritika,Bhagat,vritika_564@gmail.com,918264622578,1984-06-15,2020-02-10,PM-004
CUST-13958,Onkar,Sanghvi,onkar_505@hotmail.com,917448991464,1975-05-18,2004-03-22,PM-001
CUST-13959,Damini,Desai,damini122@icloud.com,919165662567,1988-10-18,2010-07-29,PM-004
CUST-13960,Tanya,Behl,tanya573@yahoo.com,917494125127,2000-03-27,2022-05-18,PM-002
CUST-13961,Renee,Biswas,renee628@hotmail.com,919070575421,1985-12-09,2012-02-14,PM-003
CUST-13962,Zaina,Swaminathan,zaina.swaminathan105@yahoo.com,919396245967,2001-06-26,2024-02-02,PM-004
CUST-13963,Pari,Kohli,pari.625@gmail.com,919551176560,2005-09-30,2023-11-11,PM-001
CUST-13964,Aarav,Karnik,aarav107@outlook.com,917408667268,1984-03-17,2004-09-15,PM-003
CUST-13965,Siya,Srivastava,srivastavasiya412@outlook.com,919615190700,1977-05-26,2020-01-29,PM-003
CUST-13966,Tiya,Behl,tiya.847@hotmail.com,917553877195,2000-03-06,2023-06-23,PM-002
CUST-13967,Sana,Mane,sana.179@gmail.com,919919132653,1980-04-08,2003-07-20,PM-001
CUST-13968,Shalv,Brahmbhatt,shalv_177@outlook.com,917190589971,1974-12-23,2002-10-22,PM-002
CUST-13969,Rhea,Lall,rhea_181@outlook.com,917844544471,2002-05-01,2022-08-01,PM-004
CUST-13970,Darshit,Chahal,darshit.chahal493@outlook.com,919103366619,1987-02-02,2017-01-08,PM-003
CUST-13971,Ryan,Guha,ryan.373@gmail.com,919876040402,1990-05-08,2013-10-19,PM-002
CUST-13972,Madhav,Choudhury,madhav_513@gmail.com,918748950875,1983-08-13,2012-10-19,PM-001
CUST-13973,Shlok,Gole,shlok_334@hotmail.com,918405115767,1998-07-28,2021-03-21,PM-002
CUST-13974,Anika,Chadha,anika316@hotmail.com,919790640441,1976-07-17,1995-02-20,PM-001
CUST-13975,Arhaan,Madan,arhaan228@yahoo.com,918397089254,1999-03-11,2024-04-22,PM-001
CUST-13976,Elakshi,Golla,gollaelakshi715@gmail.com,917255983005,1992-01-07,2022-01-18,PM-002
CUST-13977,Vidur,Mangat,vidur327@outlook.com,918534548331,1986-07-06,2009-03-08,PM-003
CUST-13978,Hrishita,Bhavsar,hrishita.bhavsar637@hotmail.com,917909528717,1991-04-19,2017-07-12,PM-003
CUST-13979,Ira,Manne,manneira179@outlook.com,919613653296,2002-05-18,2021-05-08,PM-003
CUST-13980,Armaan,Sood,armaan_183@yahoo.com,918029133701,1998-05-09,2022-05-06,PM-004
CUST-13981,Sara,Sarma,sara.773@gmail.com,919932431279,1989-07-08,2018-05-24,PM-003
CUST-13982,Ela,Upadhyay,ela.upadhyay580@icloud.com,919913047403,1998-07-31,2022-10-10,PM-002
CUST-13983,Armaan,Chawla,armaan.chawla352@hotmail.com,919116307424,1976-07-21,2016-10-11,PM-004
CUST-13984,Neysa,Dara,neysa_468@icloud.com,917612365202,1997-03-14,2017-12-05,PM-002
CUST-13985,Ehsaan,Mammen,ehsaan.mammen791@outlook.com,918902014203,1976-01-05,2012-11-04,PM-003
CUST-13986,Priyansh,Bal,priyansh.831@icloud.com,917274171846,1986-12-20,2020-08-08,PM-003
CUST-13987,Zeeshan,Shere,zeeshan.shere686@icloud.com,919654756629,1989-11-10,2015-07-20,PM-002
CUST-13988,Anay,Samra,anay_163@hotmail.com,918234302156,1995-11-24,2016-10-13,PM-001
CUST-13989,Myra,Acharya,myra.968@icloud.com,917267476680,1977-10-17,2011-11-22,PM-004
CUST-13990,Faiyaz,Sura,faiyaz_770@hotmail.com,919067805366,1993-09-08,2016-02-28,PM-001
CUST-13991,Badal,Bhagat,bhagatbadal147@outlook.com,919789261690,1980-04-21,2006-04-10,PM-002
CUST-13992,Yakshit,Chana,chanayakshit164@icloud.com,918012827773,1983-11-07,2011-10-05,PM-001
CUST-13993,Tejas,Krishna,tejas969@icloud.com,919891187832,1983-10-15,2011-02-28,PM-003
CUST-13994,Oorja,Doshi,oorja467@gmail.com,917892402430,1983-10-18,2009-07-04,PM-001
CUST-13995,Aaryahi,Ramakrishnan,aaryahi_827@hotmail.com,917923532235,1987-05-23,2017-01-13,PM-003
CUST-13996,Trisha,Char,trisha.char764@gmail.com,919733384193,1990-05-13,2009-07-16,PM-002
CUST-13997,Azad,Viswanathan,azad816@yahoo.com,919653783179,1996-11-10,2024-01-09,PM-002
CUST-13998,Divit,Dave,divit_162@yahoo.com,919249603694,1999-06-22,2021-04-12,PM-001
CUST-13999,Riya,Keer,keerriya861@icloud.com,917720448437,1977-02-27,2005-05-30,PM-003
CUST-14000,Yuvraj ,Apte,yuvraj _878@icloud.com,918199122164,1980-05-04,2003-04-01,PM-004
CUST-14001,Raghav,Dutt,raghav126@icloud.com,919792411891,1978-06-12,2008-08-27,PM-003
CUST-14002,Aradhya,Biswas,aradhya.723@gmail.com,918564757823,1993-01-16,2013-08-10,PM-002
CUST-14003,Onkar,Gade,onkar.993@hotmail.com,919458827522,1987-07-16,2023-02-27,PM-003
CUST-14004,Mahika,Deep,mahika607@outlook.com,919028752100,1975-01-27,2005-02-22,PM-002
CUST-14005,Kartik,Chanda,chandakartik667@hotmail.com,919999804373,1999-04-26,2023-07-07,PM-003
CUST-14006,Taimur,Kapur,taimur821@yahoo.com,917676683185,1992-09-15,2023-12-14,PM-003
CUST-14007,Kimaya,Ravel,kimaya.605@outlook.com,917008844016,2001-12-05,2023-07-03,PM-002
CUST-14008,Yakshit,Karnik,yakshit_197@yahoo.com,917316929924,1979-07-01,2013-10-19,PM-003
CUST-14009,Anahi,Lanka,lankaanahi347@hotmail.com,918818899317,1996-03-18,2017-08-01,PM-002
CUST-14010,Armaan,Varughese,armaan.743@hotmail.com,919551357643,1979-06-30,2010-05-03,PM-003
CUST-14011,Riaan,Mangat,mangatriaan648@yahoo.com,917957396240,1990-07-03,2008-10-12,PM-003
CUST-14012,Bhavin,Soni,bhavin_366@hotmail.com,917187107330,1994-12-23,2021-09-03,PM-002
CUST-14013,Seher,Ramesh,seher_884@yahoo.com,919358267484,1974-11-16,2021-01-22,PM-003
CUST-14014,Mannat,Bumb,mannat_730@icloud.com,917777102675,1979-07-16,2004-11-21,PM-004
CUST-14015,Kiara,Cheema,cheemakiara778@icloud.com,918268067340,1980-04-06,2007-04-11,PM-001
CUST-14016,Emir,Rao,emir_381@gmail.com,919927406386,1994-09-19,2013-07-31,PM-003
CUST-14017,Rohan,Roy,rohan.roy784@yahoo.com,918069793480,1988-07-27,2021-10-25,PM-001
CUST-14018,Umang,Behl,behlumang690@icloud.com,918223918877,1997-08-01,2020-12-13,PM-003
CUST-14019,Ivana,Lall,ivana214@yahoo.com,919743580438,2005-11-29,2024-05-20,PM-004
CUST-14020,Devansh,Kaur,devansh518@outlook.com,918091562515,1991-02-14,2018-04-26,PM-001
CUST-14021,Eshani,Borde,bordeeshani883@gmail.com,918083550171,1992-12-09,2013-03-21,PM-003
CUST-14022,Yashvi,Roy,yashvi.roy510@icloud.com,919003656604,1994-09-19,2014-02-05,PM-003
CUST-14023,Tushar,Mandal,tushar407@gmail.com,918106791361,1994-03-24,2024-05-24,PM-004
CUST-14024,Oorja,Sabharwal,oorja_437@outlook.com,918321118330,2000-11-23,2021-01-28,PM-001
CUST-14025,Nitya,Krishnamurthy,nitya_610@gmail.com,918036712408,1984-10-16,2012-08-04,PM-001
CUST-14026,Himmat,Goel,himmat.goel976@gmail.com,919132382368,1998-04-08,2017-05-18,PM-004
CUST-14027,Anika,Sastry,anika.sastry423@gmail.com,919816727490,1992-03-23,2010-06-17,PM-002
CUST-14028,Hrishita,Saha,hrishita.277@yahoo.com,918409010838,1987-02-11,2015-11-09,PM-003
CUST-14029,Ishita,Mandal,mandalishita179@icloud.com,919538509504,1980-11-30,2004-01-30,PM-003
CUST-14030,Keya,Hora,keya883@hotmail.com,917164119944,1993-03-30,2017-05-04,PM-004
CUST-14031,Nehmat,Sen,nehmat.sen974@gmail.com,917432183615,1981-12-02,2008-01-10,PM-003
CUST-14032,Kashvi,Sule,kashvi318@yahoo.com,919241723894,2005-04-10,2024-01-16,PM-003
CUST-14033,Sara,Thaman,sara_496@gmail.com,918605971802,2002-06-30,2021-06-14,PM-002
CUST-14034,Aaryahi,Din,aaryahi791@outlook.com,917951720307,2002-06-16,2020-08-18,PM-001
CUST-14035,Nitara,D’Alia,d’alianitara362@yahoo.com,919667327882,1981-06-01,2020-02-06,PM-001
CUST-14036,Darshit,Barman,darshit367@outlook.com,917240541978,1974-07-18,2022-04-29,PM-003
CUST-14037,Neysa,Sehgal,neysa_424@yahoo.com,919791697047,1997-12-26,2020-06-30,PM-001
CUST-14038,Kashvi,Srivastava,srivastavakashvi324@yahoo.com,917130140720,1982-01-20,2000-08-23,PM-002
CUST-14039,Hrishita,Ganesh,hrishita_216@hotmail.com,918449736933,1989-01-30,2009-11-02,PM-003
CUST-14040,Siya,Kothari,siya.kothari723@yahoo.com,919199043059,2003-01-28,2022-02-27,PM-002
CUST-14041,Priyansh,Trivedi,priyansh.trivedi616@icloud.com,918438925723,2000-08-14,2020-04-25,PM-001
CUST-14042,Kanav,Singhal,kanav383@icloud.com,917445093118,1986-04-12,2022-10-14,PM-002
CUST-14043,Urvi,Singhal,urvi.singhal570@hotmail.com,918126112873,1998-01-12,2022-08-14,PM-004
CUST-14044,Oorja,Kamdar,oorja.kamdar387@yahoo.com,919932068320,1984-10-31,2009-04-02,PM-002
CUST-14045,Samiha,Koshy,samiha.369@hotmail.com,919096229823,1978-08-18,2006-10-03,PM-003
CUST-14046,Manjari,Sahota,manjari_615@outlook.com,918086446801,1998-11-05,2019-04-09,PM-004
CUST-14047,Anya,Ravel,anya.ravel897@outlook.com,919146234216,1978-10-09,2007-08-20,PM-001
CUST-14048,Mamooty,Shetty,mamooty_738@yahoo.com,918430264595,2006-03-24,2024-05-22,PM-003
CUST-14049,Indranil,Kothari,indranil.kothari963@gmail.com,918822989403,1978-08-23,2020-01-19,PM-003
CUST-14050,Prerak,Sachdev,prerak.279@yahoo.com,917412994765,1979-08-13,2008-07-13,PM-001
CUST-14051,Fateh,Hayre,hayrefateh703@hotmail.com,917800487635,1995-10-10,2022-09-26,PM-001
CUST-14052,Neysa,Sami,neysa_981@hotmail.com,918745242074,1995-11-20,2023-06-02,PM-003
CUST-14053,Miraya,Shanker,shankermiraya598@outlook.com,919140975077,2002-10-27,2022-02-28,PM-001
CUST-14054,Rhea,Agate,rhea.agate724@hotmail.com,918353838946,1997-06-25,2022-12-12,PM-002
CUST-14055,Misha,Vasa,misha553@gmail.com,917192079117,1986-08-10,2013-04-17,PM-001
CUST-14056,Shanaya,Vala,valashanaya111@yahoo.com,919397398636,1995-08-16,2017-02-16,PM-003
CUST-14057,Ayesha,Sarkar,sarkarayesha375@hotmail.com,919313985284,1976-09-22,2021-09-09,PM-001
CUST-14058,Tushar,Raval,tushar_800@icloud.com,917928783200,2001-08-21,2022-09-30,PM-001
CUST-14059,Lakshit,Gala,lakshit_849@icloud.com,918657271679,1996-09-01,2019-10-06,PM-002
CUST-14060,Lakshit,Dar,lakshit.613@gmail.com,918601763205,1994-04-26,2022-01-31,PM-001
CUST-14061,Shray,Varkey,shray355@hotmail.com,919036157539,1979-09-23,2002-01-24,PM-002
CUST-14062,Vidur,Dani,vidur.277@icloud.com,917645640185,1980-11-05,2013-12-08,PM-003
CUST-14063,Mishti,Vaidya,mishti229@outlook.com,919165366694,1981-11-05,2010-10-12,PM-004
CUST-14064,Rati,Chakraborty,rati840@gmail.com,919565926702,2004-04-07,2023-02-14,PM-001
CUST-14065,Rasha,Das,rasha.400@icloud.com,918278394061,1987-03-18,2011-11-09,PM-003
CUST-14066,Ela,Dutt,ela.904@hotmail.com,919901976221,1982-09-10,2017-12-16,PM-001
CUST-14067,Kashvi,Vig,kashvi_296@icloud.com,918781623185,2004-05-09,2022-05-17,PM-003
CUST-14068,Azad,Madan,azad343@hotmail.com,919047441946,1993-01-05,2023-04-04,PM-001
CUST-14069,Pranay,Kala,pranay659@gmail.com,917575540889,1998-11-29,2021-10-08,PM-003
CUST-14070,Rasha,Aurora,rasha757@icloud.com,919511385261,2002-01-03,2023-03-02,PM-001
CUST-14071,Badal,Lal,badal.lal871@outlook.com,919922929742,1995-12-04,2015-03-03,PM-002
CUST-14072,Renee,Gola,renee.gola355@yahoo.com,918891869986,1990-09-15,2009-11-11,PM-002
CUST-14073,Anya,Tella,anya546@outlook.com,919327757133,1996-07-02,2017-04-02,PM-001
CUST-14074,Mamooty,Sibal,mamooty316@yahoo.com,917495105983,2001-12-22,2020-02-22,PM-002
CUST-14075,Nishith,Vohra,nishith_364@hotmail.com,919382790101,2002-05-09,2022-07-27,PM-002
CUST-14076,Rasha,Dhar,rasha_596@yahoo.com,919506049126,1983-06-14,2009-02-20,PM-002
CUST-14077,Amira,Kulkarni,amira141@hotmail.com,919024686386,1976-02-04,2009-03-24,PM-002
CUST-14078,Lakshit,Bhargava,bhargavalakshit362@hotmail.com,919803695062,1992-09-08,2021-10-10,PM-003
CUST-14079,Diya,Sharaf,diya107@icloud.com,918665234497,2000-06-01,2024-01-18,PM-001
CUST-14080,Madhup,Atwal,madhup474@yahoo.com,918802676513,2004-02-27,2023-08-29,PM-003
CUST-14081,Aaryahi,Balan,aaryahi.739@hotmail.com,917577901128,1987-11-11,2009-01-06,PM-004
CUST-14082,Taran,Varma,varmataran673@hotmail.com,917705841285,1992-12-15,2024-05-14,PM-004
CUST-14083,Sahil,Kant,sahil140@icloud.com,917389764812,1979-01-29,2019-04-30,PM-002
CUST-14084,Madhav,Yadav,madhav310@hotmail.com,917367217206,2001-02-19,2021-05-16,PM-003
CUST-14085,Saira,Vohra,saira575@hotmail.com,919576360893,1993-09-11,2014-11-20,PM-002
CUST-14086,Siya,Vyas,vyassiya633@hotmail.com,917082586919,1983-03-08,2013-03-03,PM-002
CUST-14087,Indrajit,Kanda,indrajit.kanda409@gmail.com,917308780337,1993-10-04,2017-11-10,PM-002
CUST-14088,Mahika,Rout,mahika585@icloud.com,919137091076,1991-01-16,2021-10-22,PM-003
CUST-14089,Jayan,Bala,jayan.300@yahoo.com,919057927085,1975-01-07,2022-09-15,PM-001
CUST-14090,Vivaan,Kohli,vivaan680@hotmail.com,918843238475,1978-12-27,2006-06-07,PM-003
CUST-14091,Madhav,Jaggi,madhav.645@hotmail.com,918524082437,1975-08-09,1998-08-21,PM-001
CUST-14092,Damini,Gole,damini.711@icloud.com,917871308225,2004-09-25,2023-10-10,PM-004
CUST-14093,Ela,Barman,ela_548@yahoo.com,919174473666,1984-08-14,2004-11-08,PM-002
CUST-14094,Eva,Wali,eva.wali202@gmail.com,919974354466,1985-04-24,2005-11-23,PM-004
CUST-14095,Mohanlal,Kapoor,mohanlal.kapoor502@yahoo.com,919166566144,1995-03-12,2013-09-24,PM-003
CUST-14096,Ranbir,Vyas,ranbir.221@outlook.com,918243012554,1975-06-13,2011-01-01,PM-003
CUST-14097,Chirag,Choudhary,chirag.choudhary488@icloud.com,917437148242,1983-10-16,2021-05-22,PM-002
CUST-14098,Yuvaan,Bir,yuvaan_458@gmail.com,918988540061,1988-10-20,2011-10-03,PM-002
CUST-14099,Jayan,Sampath,jayan.131@outlook.com,919354614172,1985-07-06,2011-07-20,PM-001
CUST-14100,Ivan,Kalla,ivan_301@yahoo.com,918029827607,1999-06-08,2023-12-21,PM-002
CUST-14101,Inaaya ,Barman,barmaninaaya 285@gmail.com,917506779276,1997-02-19,2022-08-10,PM-004
CUST-14102,Vanya,Gopal,vanya.165@outlook.com,917201327013,1994-12-22,2012-12-26,PM-002
CUST-14103,Yasmin,Krish,yasmin.krish399@icloud.com,917208024464,1984-05-20,2010-07-25,PM-003
CUST-14104,Dharmajan,Sengupta,dharmajan679@yahoo.com,917538290332,2002-07-14,2024-06-07,PM-003
CUST-14105,Uthkarsh,Apte,apteuthkarsh460@hotmail.com,919384777930,1982-07-02,2011-10-14,PM-002
CUST-14106,Dhanuk,Saha,dhanuk.saha995@hotmail.com,918665194915,1996-10-13,2020-04-12,PM-004
CUST-14107,Nirvi,Mani,nirvi.mani250@outlook.com,918745732647,2001-11-08,2020-12-22,PM-002
CUST-14108,Jivika,Banerjee,jivika731@hotmail.com,919571932987,1990-06-27,2008-12-19,PM-002
CUST-14109,Kavya,Sanghvi,kavya.680@yahoo.com,917470091339,1974-06-20,2016-02-04,PM-001
CUST-14110,Baiju,Bhatti,baiju.296@outlook.com,918101582936,1995-09-26,2015-10-30,PM-002
CUST-14111,Ahana ,Uppal,ahana 628@hotmail.com,919304798429,1975-09-22,2006-06-01,PM-001
CUST-14112,Reyansh,Joshi,reyansh_510@icloud.com,919708189329,1997-10-22,2021-12-29,PM-004
CUST-14113,Ishaan,Garg,ishaan.garg321@hotmail.com,919570759639,1980-08-31,2020-04-25,PM-004
CUST-14114,Mishti,Deshpande,mishti.782@hotmail.com,919703091529,2002-04-30,2022-02-01,PM-001
CUST-14115,Jivika,Mander,jivika550@outlook.com,918607514329,1983-10-15,2013-12-19,PM-003
CUST-14116,Misha,Ahluwalia,misha_824@outlook.com,917678789112,1991-11-21,2016-06-25,PM-002
CUST-14117,Indrans,Sura,indrans940@gmail.com,918751008488,1991-06-09,2023-04-03,PM-004
CUST-14118,Riya,Verma,riya_285@outlook.com,917559404205,1991-05-09,2017-05-17,PM-001
CUST-14119,Aradhya,Chad,aradhya.chad115@gmail.com,918079816350,1975-10-20,2001-10-28,PM-002
CUST-14120,Kimaya,Sibal,sibalkimaya120@outlook.com,917353585659,1979-07-01,2008-12-21,PM-002
CUST-14121,Rhea,Deshmukh,rhea.deshmukh819@gmail.com,919746186505,1985-07-18,2022-11-30,PM-004
CUST-14122,Lagan,Salvi,lagan909@hotmail.com,917985016654,1985-07-31,2021-03-30,PM-004
CUST-14123,Jiya,Walia,jiya_854@outlook.com,919140375264,1978-07-05,2013-11-18,PM-004
CUST-14124,Nirvi,Bath,bathnirvi249@outlook.com,919611727182,1993-06-09,2015-11-26,PM-002
CUST-14125,Arnav,Tata,arnav.tata326@outlook.com,919864497594,1981-11-21,2018-09-09,PM-004
CUST-14126,Jayant,Bhardwaj,jayant473@outlook.com,917531586349,1990-05-04,2011-03-27,PM-002
CUST-14127,Aarush,Tara,aarush521@outlook.com,919007835556,2003-06-13,2022-03-26,PM-003
CUST-14128,Gokul,Toor,gokul.244@gmail.com,917609300329,1994-03-23,2015-12-11,PM-002
CUST-14129,Ryan,Virk,ryan_912@outlook.com,918420186861,1988-07-07,2024-03-03,PM-001
CUST-14130,Eshani,Jha,eshani.951@outlook.com,917770673128,1982-07-10,2020-03-11,PM-001
CUST-14131,Amira,Tailor,amira.tailor425@hotmail.com,917290729036,1997-07-15,2024-06-03,PM-002
CUST-14132,Ehsaan,Sodhi,ehsaan.365@outlook.com,917708348783,1982-11-14,2015-01-21,PM-004
CUST-14133,Rati,Sarin,rati616@outlook.com,918866690578,1983-08-19,2014-12-14,PM-004
CUST-14134,Hazel,Varughese,varughesehazel946@outlook.com,918158289344,2004-01-23,2023-11-26,PM-002
CUST-14135,Aradhya,De,aradhya.de299@gmail.com,918080355976,1990-08-11,2012-07-28,PM-003
CUST-14136,Mamooty,Rajagopalan,rajagopalanmamooty927@hotmail.com,918837811085,1992-06-28,2019-05-13,PM-001
CUST-14137,Miraan,Lall,lallmiraan552@hotmail.com,917374034696,1978-10-05,2010-07-03,PM-002
CUST-14138,Urvi,Dani,urvi.dani658@gmail.com,919143717073,1992-07-12,2020-09-28,PM-004
CUST-14139,Shaan,Magar,shaan286@yahoo.com,917023459197,1989-11-09,2015-05-25,PM-001
CUST-14140,Vardaniya,Sarraf,vardaniya_164@outlook.com,918183081333,1980-04-18,2021-10-26,PM-003
CUST-14141,Jhanvi,De,jhanvi.172@gmail.com,917569545426,1991-05-21,2021-02-26,PM-002
CUST-14142,Purab,Sidhu,purab_657@outlook.com,919919409259,1992-10-06,2022-07-08,PM-001
CUST-14143,Badal,Varghese,badal.varghese345@yahoo.com,919593717739,1980-10-13,2006-07-17,PM-004
CUST-14144,Shlok,Barad,shlok.332@yahoo.com,919579612108,1979-01-10,1999-11-14,PM-002
CUST-14145,Zara,Savant,zara.savant833@gmail.com,918680891651,1981-04-30,2002-05-03,PM-002
CUST-14146,Pari,Sani,pari487@yahoo.com,919534324699,1978-08-26,2002-05-04,PM-003
CUST-14147,Pari,Kamdar,pari.kamdar969@hotmail.com,919680346104,1980-04-21,2011-06-25,PM-002
CUST-14148,Hrishita,Bhatti,hrishita399@gmail.com,918868883915,2003-07-20,2023-03-09,PM-002
CUST-14149,Jivin,Loke,lokejivin686@outlook.com,919582816352,1998-03-11,2018-06-05,PM-002
CUST-14150,Azad,Agate,azad.agate961@icloud.com,919790822385,1996-11-29,2015-07-31,PM-001
CUST-14151,Farhan,Setty,farhan689@outlook.com,917444975668,1976-12-14,1996-03-13,PM-002
CUST-14152,Saira,Wable,wablesaira846@yahoo.com,917931513074,1977-09-28,1996-02-11,PM-003
CUST-14153,Drishya,Hari,haridrishya165@icloud.com,917529889897,2002-01-30,2020-09-11,PM-004
CUST-14154,Yakshit,Bakshi,yakshit.bakshi607@yahoo.com,918687679576,2004-02-16,2024-03-18,PM-001
CUST-14155,Tanya,Balakrishnan,tanya.861@yahoo.com,919099270618,1990-08-04,2022-09-21,PM-004
CUST-14156,Kanav,Bhatti,kanav.246@icloud.com,917383986240,1995-02-09,2024-01-08,PM-004
CUST-14157,Mohanlal,Seshadri,mohanlal.318@outlook.com,917653803995,1986-04-11,2012-11-08,PM-004
CUST-14158,Saira,Master,saira_865@outlook.com,917479426998,1999-03-17,2021-10-30,PM-003
CUST-14159,Ahana ,Sandhu,ahana .143@hotmail.com,918043884633,1991-11-11,2023-04-19,PM-004
CUST-14160,Jhanvi,Bora,jhanvi_696@outlook.com,917975943378,1976-03-27,2020-12-26,PM-003
CUST-14161,Pihu,Mannan,pihu_461@yahoo.com,917706327207,1982-01-14,2014-06-06,PM-003
CUST-14162,Yuvaan,Tank,tankyuvaan618@outlook.com,918682087435,1990-06-24,2018-07-12,PM-002
CUST-14163,Jhanvi,Dhaliwal,jhanvi.dhaliwal875@hotmail.com,917684310681,1982-03-02,2015-01-30,PM-003
CUST-14164,Dhanush,Sami,dhanush.sami759@gmail.com,918873400008,1986-02-09,2011-07-28,PM-001
CUST-14165,Advika,Wagle,wagleadvika213@hotmail.com,919986955696,1975-11-11,2016-10-27,PM-001
CUST-14166,Ivana,Kumar,ivana_811@icloud.com,918936147669,1981-02-19,2001-08-29,PM-004
CUST-14167,Farhan,Singh,singhfarhan757@hotmail.com,918359118756,1981-06-19,2011-11-16,PM-004
CUST-14168,Ira,Khurana,ira_865@outlook.com,919598157849,2004-08-25,2023-12-16,PM-001
CUST-14169,Pihu,Dutt,duttpihu843@icloud.com,917010129140,2004-09-14,2023-10-01,PM-004
CUST-14170,Aarush,Kota,aarush347@hotmail.com,919065857934,2002-05-13,2020-05-09,PM-002
CUST-14171,Nayantara,Bhatt,nayantara.137@yahoo.com,919025294842,1997-08-09,2022-01-21,PM-001
CUST-14172,Arnav,Konda,arnav.konda493@gmail.com,918463598708,1985-01-10,2020-05-05,PM-003
CUST-14173,Sana,Sachdeva,sana383@hotmail.com,917202578775,1985-05-27,2019-12-21,PM-001
CUST-14174,Zain,Date,zain.229@icloud.com,918829353941,2006-02-07,2024-02-17,PM-001
CUST-14175,Uthkarsh,Ganesan,uthkarsh_911@hotmail.com,919397698401,1984-02-22,2014-03-05,PM-003
CUST-14176,Trisha,Wason,trisha223@gmail.com,918544797517,2001-12-08,2023-06-21,PM-003
CUST-14177,Amani,Shankar,amani.shankar316@gmail.com,919788224901,2006-05-16,2024-05-12,PM-002
CUST-14178,Shanaya,Choudhry,shanaya.272@hotmail.com,918754289582,1976-06-16,1997-03-06,PM-001
CUST-14179,Anay,Korpal,anay208@gmail.com,918989377468,1974-11-14,2008-08-29,PM-003
CUST-14180,Kiara,Gopal,kiara102@yahoo.com,917594500598,1975-07-28,2017-04-16,PM-002
CUST-14181,Misha,Loyal,misha.270@yahoo.com,918113485987,1997-11-03,2019-11-09,PM-002
CUST-14182,Madhav,Gulati,gulatimadhav304@outlook.com,918524314798,1977-02-04,2005-05-16,PM-003
CUST-14183,Ira,Dua,ira_127@icloud.com,918784954633,1998-08-12,2016-09-07,PM-004
CUST-14184,Anaya,Salvi,anaya472@outlook.com,919148536254,1977-06-16,2020-07-25,PM-004
CUST-14185,Taimur,Reddy,reddytaimur963@yahoo.com,919287836981,1974-07-11,2005-10-17,PM-001
CUST-14186,Shayak,Choudhry,shayak_264@outlook.com,917494675017,1996-09-14,2021-05-21,PM-004
CUST-14187,Jayesh,Shan,jayesh.shan776@yahoo.com,917067163304,1988-10-25,2011-09-25,PM-003
CUST-14188,Kartik,Rao,raokartik666@icloud.com,917284525846,2002-07-18,2023-04-03,PM-002
CUST-14189,Lakshay,Chahal,lakshay.747@hotmail.com,919079363180,1990-05-22,2022-05-18,PM-003
CUST-14190,Rania,Comar,comarrania299@yahoo.com,918781964229,1993-03-27,2014-08-03,PM-004
CUST-14191,Hansh,Thaker,thakerhansh754@hotmail.com,919693569543,1992-12-20,2019-12-12,PM-001
CUST-14192,Bhamini,Dugar,bhamini564@outlook.com,918502157846,1978-04-09,2010-06-01,PM-004
CUST-14193,Rhea,Sahni,rhea.895@yahoo.com,917651057773,2000-12-10,2024-03-04,PM-002
CUST-14194,Kabir,Ganesan,kabir.ganesan685@outlook.com,917710013758,1975-11-03,2000-07-23,PM-003
CUST-14195,Ishaan,Issac,ishaan358@gmail.com,918440420423,2006-03-15,2024-04-28,PM-003
CUST-14196,Madhup,Bobal,madhup_545@hotmail.com,918396090778,1980-01-24,2018-12-18,PM-001
CUST-14197,Damini,Venkataraman,venkataramandamini661@outlook.com,917922264653,1976-11-20,2004-05-26,PM-001
CUST-14198,Dhanush,Toor,dhanush.toor740@outlook.com,917694057294,1998-05-16,2022-08-24,PM-002
CUST-14199,Armaan,Kalita,armaan.122@hotmail.com,919545592592,1981-12-20,2014-03-28,PM-003
CUST-14200,Lakshay,Swamy,lakshay686@yahoo.com,919533723740,1988-06-06,2010-03-17,PM-004
CUST-14201,Yuvaan,Desai,yuvaan.desai881@outlook.com,918997990070,2000-04-28,2022-05-15,PM-003
CUST-14202,Anaya,Dixit,anaya929@outlook.com,917213038082,1977-05-12,2014-12-02,PM-004
CUST-14203,Riya,Hari,haririya457@icloud.com,917034901733,1986-03-11,2011-09-04,PM-002
CUST-14204,Anahita,Din,anahita.311@hotmail.com,919136017399,1998-10-14,2018-08-06,PM-004
CUST-14205,Priyansh,Balay,balaypriyansh374@outlook.com,918071536563,1997-05-28,2018-02-27,PM-001
CUST-14206,Arnav,Shankar,arnav.shankar807@outlook.com,917232542008,1980-06-27,2010-11-02,PM-002
CUST-14207,Fateh,Rajagopalan,fateh.402@gmail.com,917245604473,2002-02-21,2020-12-20,PM-001
CUST-14208,Vaibhav,Subramaniam,vaibhav.subramaniam130@outlook.com,919025963255,2005-07-09,2024-05-20,PM-003
CUST-14209,Lakshay,Wali,lakshay_367@gmail.com,919260082768,1997-07-13,2021-02-15,PM-004
CUST-14210,Aarna,Ramaswamy,aarna_426@gmail.com,917406176043,2004-03-18,2023-01-08,PM-001
CUST-14211,Rasha,Tailor,rasha.tailor283@icloud.com,919679768982,1987-04-24,2006-06-27,PM-004
CUST-14212,Inaaya ,Sane,inaaya _728@icloud.com,919817884056,2002-12-04,2022-06-05,PM-003
CUST-14213,Mehul,Grewal,mehul_456@icloud.com,917872676263,1990-07-12,2017-12-24,PM-004
CUST-14214,Advik,Chaudry,advik847@gmail.com,918046184082,1985-08-02,2013-04-29,PM-002
CUST-14215,Ivan,De,ivan.940@outlook.com,919266430664,1986-05-06,2022-06-05,PM-002
CUST-14216,Drishya,Dixit,drishya.775@outlook.com,917691593774,1976-03-19,2021-10-15,PM-001
CUST-14217,Jhanvi,Cherian,cherianjhanvi199@gmail.com,918637249624,1989-05-12,2020-03-06,PM-003
CUST-14218,Dhanuk,Keer,dhanuk.keer296@hotmail.com,919045366785,1989-04-02,2022-09-13,PM-002
CUST-14219,Dhanush,Bansal,dhanush655@gmail.com,917341925397,2002-11-22,2021-08-30,PM-002
CUST-14220,Eva,Vasa,vasaeva986@icloud.com,919724530592,1982-08-11,2008-07-27,PM-003
CUST-14221,Zoya,Raman,zoya_510@outlook.com,917621805154,1990-03-15,2017-11-10,PM-002
CUST-14222,Vidur,Sehgal,vidur.855@icloud.com,917643729380,2001-08-07,2022-10-27,PM-002
CUST-14223,Dishani,Khatri,dishani_155@icloud.com,918137342447,1978-06-27,2007-07-28,PM-001
CUST-14224,Urvi,Sabharwal,urvi.sabharwal204@yahoo.com,918731544797,1979-10-28,2018-03-26,PM-004
CUST-14225,Yuvaan,Bera,berayuvaan384@hotmail.com,917067283857,1996-07-26,2022-09-13,PM-002
CUST-14226,Oorja,Garg,gargoorja673@outlook.com,917074995455,1995-03-02,2021-09-29,PM-002
CUST-14227,Indrans,Dhar,indrans838@yahoo.com,918714349853,1992-12-21,2016-10-22,PM-003
CUST-14228,Tanya,Buch,tanya162@hotmail.com,918907794726,1989-01-07,2021-12-19,PM-003
CUST-14229,Indranil,Sheth,indranil.797@outlook.com,917180843483,2004-07-02,2024-01-08,PM-002
CUST-14230,Jivika,Hayre,hayrejivika241@icloud.com,918441027717,2001-07-21,2020-10-27,PM-002
CUST-14231,Stuvan,Shere,sherestuvan713@icloud.com,918579295851,1990-03-30,2015-10-09,PM-003
CUST-14232,Kiaan,Dugar,kiaan.dugar458@yahoo.com,918032055375,1988-10-04,2017-07-22,PM-001
CUST-14233,Prisha,Das,prisha.525@yahoo.com,918707715323,1984-04-18,2012-11-07,PM-001
CUST-14234,Dhruv,Soni,dhruv522@yahoo.com,918243416922,1984-05-16,2020-04-16,PM-002
CUST-14235,Badal,Kothari,kotharibadal455@hotmail.com,917831949263,1995-04-06,2022-01-07,PM-001
CUST-14236,Kartik,Bahri,kartik_526@outlook.com,919330830516,1998-07-17,2024-01-21,PM-001
CUST-14237,Lavanya,Saran,lavanya848@hotmail.com,917292121777,2005-01-12,2024-01-28,PM-002
CUST-14238,Saira,Jaggi,jaggisaira217@gmail.com,919361447010,1985-09-04,2006-09-12,PM-004
CUST-14239,Biju,Gour,gourbiju787@icloud.com,917330573834,1987-02-10,2012-09-25,PM-004
CUST-14240,Umang,Shetty,umang567@yahoo.com,918142631421,1988-05-11,2023-09-04,PM-004
CUST-14241,Adah,Karnik,adah_134@gmail.com,918373044219,1997-01-29,2018-02-08,PM-004
CUST-14242,Shaan,Trivedi,shaan_539@yahoo.com,919847709469,1994-01-23,2018-12-10,PM-004
CUST-14243,Divyansh,Rama,ramadivyansh704@yahoo.com,917511207188,1997-02-19,2017-10-08,PM-004
CUST-14244,Ishaan,Korpal,ishaan.korpal678@yahoo.com,919222418277,2005-10-27,2024-04-29,PM-002
CUST-14245,Stuvan,Mani,stuvan.mani877@gmail.com,917857910506,1975-04-03,1997-02-11,PM-003
CUST-14246,Amira,Gera,geraamira892@hotmail.com,919229738949,2005-03-17,2023-05-22,PM-003
CUST-14247,Taran,Magar,taran_162@yahoo.com,919958064326,1998-06-13,2023-05-24,PM-001
CUST-14248,Nayantara,Bumb,nayantara.312@hotmail.com,918161722839,1978-08-12,1996-09-29,PM-002
CUST-14249,Abram,Wadhwa,wadhwaabram495@yahoo.com,917012424934,1981-11-29,2018-11-25,PM-003
CUST-14250,Aarna,Lala,aarna_525@icloud.com,918663476441,1991-02-18,2015-09-12,PM-004
CUST-14251,Heer,Mandal,mandalheer393@yahoo.com,918922970237,1977-09-13,2010-04-30,PM-001
CUST-14252,Manikya,Dhar,manikya.dhar702@hotmail.com,918099034733,2005-09-30,2024-04-06,PM-002
CUST-14253,Divyansh,Balasubramanian,balasubramaniandivyansh949@icloud.com,919914847343,1999-04-09,2020-01-26,PM-003
CUST-14254,Sana,Magar,magarsana606@gmail.com,919717448104,1980-05-25,2020-01-24,PM-002
CUST-14255,Purab,Rau,purab660@yahoo.com,919767989667,1993-07-15,2018-12-10,PM-002
CUST-14256,Pranay,Trivedi,pranay.trivedi476@yahoo.com,918337023655,1995-05-12,2014-08-04,PM-004
CUST-14257,Romil,Ratta,romil.ratta634@outlook.com,918056050310,1979-02-26,2022-11-30,PM-002
CUST-14258,Adah,Swamy,adah786@gmail.com,918174401294,1975-09-09,2006-02-03,PM-003
CUST-14259,Baiju,Bahl,baiju929@hotmail.com,919610050540,2003-04-10,2021-05-31,PM-001
CUST-14260,Aradhya,Joshi,aradhya.153@gmail.com,918742061597,1993-10-16,2016-09-11,PM-004
CUST-14261,Kiaan,Goda,kiaan.goda318@outlook.com,919285555217,1997-07-22,2020-03-21,PM-002
CUST-14262,Kartik,Deol,kartik_995@outlook.com,917752736458,1994-11-18,2021-11-19,PM-004
CUST-14263,Anvi,Bandi,anvi_799@outlook.com,919914929712,1998-02-18,2021-06-13,PM-001
CUST-14264,Aarush,Kata,aarush.kata621@outlook.com,918574312218,1980-02-26,2010-02-11,PM-001
CUST-14265,Himmat,Tak,himmat.tak517@yahoo.com,917997818714,1987-07-29,2012-11-09,PM-002
CUST-14266,Urvi,Lalla,urvi.328@yahoo.com,918755646309,1987-03-10,2015-03-14,PM-003
CUST-14267,Jiya,Thaker,jiya.542@outlook.com,917940147166,2001-09-09,2021-08-26,PM-001
CUST-14268,Himmat,Bobal,himmat.bobal367@gmail.com,919230588004,1995-04-10,2023-03-01,PM-001
CUST-14269,Shlok,Iyer,iyershlok869@icloud.com,917999239916,1979-10-25,2017-11-08,PM-004
CUST-14270,Tiya,Vig,tiya_394@icloud.com,917332194716,2000-04-14,2019-08-07,PM-003
CUST-14271,Samar,Mann,mannsamar558@hotmail.com,918449807920,2005-08-29,2024-02-21,PM-001
CUST-14272,Damini,Bhagat,damini_862@icloud.com,918527863841,1994-07-31,2020-01-08,PM-002
CUST-14273,Kismat,Sanghvi,kismat_358@outlook.com,917859686438,1985-02-09,2009-10-15,PM-004
CUST-14274,Jhanvi,Shah,jhanvi_508@hotmail.com,917556649125,1988-01-29,2021-12-25,PM-002
CUST-14275,Sahil,Chaudhary,sahil977@icloud.com,919065984092,1975-04-01,2005-01-24,PM-002
CUST-14276,Adira,Bora,adira516@outlook.com,919172633264,1985-04-18,2022-01-19,PM-004
CUST-14277,Advika,Master,advika224@yahoo.com,917992130485,1993-04-14,2023-04-30,PM-003
CUST-14278,Sana,Brahmbhatt,sana_958@icloud.com,918714380978,1974-12-01,2005-09-17,PM-003
CUST-14279,Prisha,Kata,prisha.197@gmail.com,918350897143,1994-11-24,2023-11-09,PM-002
CUST-14280,Vedika,Tella,vedika_281@outlook.com,917833294467,1998-01-23,2016-09-29,PM-001
CUST-14281,Rasha,Setty,rasha911@icloud.com,918845622468,1979-01-21,2011-03-18,PM-002
CUST-14282,Tejas,Sethi,tejas_978@outlook.com,919127865961,2000-04-10,2020-08-08,PM-004
CUST-14283,Zara,Goda,zara340@gmail.com,919108276189,1978-06-27,2002-01-13,PM-003
CUST-14284,Keya,Anne,keya_679@yahoo.com,918247723982,1987-08-10,2008-03-08,PM-004
CUST-14285,Mannat,Chatterjee,chatterjeemannat809@gmail.com,919223330725,1999-03-27,2018-11-30,PM-004
CUST-14286,Anahi,Chanda,chandaanahi393@icloud.com,917744802000,1997-10-17,2018-06-24,PM-001
CUST-14287,Yuvaan,Lall,lallyuvaan355@hotmail.com,918914734160,1989-05-05,2023-07-29,PM-002
CUST-14288,Eshani,Chokshi,eshani888@yahoo.com,919521910299,1995-11-07,2016-09-05,PM-001
CUST-14289,Akarsh,Mangat,akarsh.mangat920@yahoo.com,918893506376,1985-06-24,2022-09-14,PM-003
CUST-14290,Mishti,Chatterjee,mishti.chatterjee376@outlook.com,917380531411,1992-11-14,2013-01-31,PM-004
CUST-14291,Ivan,Sangha,ivan763@yahoo.com,919200777326,2003-01-24,2023-03-27,PM-002
CUST-14292,Neelofar,Chana,neelofar.chana340@gmail.com,918361719729,1975-03-05,1997-09-01,PM-004
CUST-14293,Kismat,Tank,tankkismat152@icloud.com,919953464802,1976-12-03,2013-09-14,PM-004
CUST-14294,Tejas,Sood,soodtejas829@icloud.com,919671492276,1981-06-27,2006-04-04,PM-001
CUST-14295,Nirvaan,Mangal,nirvaan188@yahoo.com,918873399439,1977-09-28,2017-06-01,PM-002
CUST-14296,Badal,Deshpande,badal_248@hotmail.com,918807490437,1975-12-20,1997-12-21,PM-001
CUST-14297,Mehul,Bose,mehul.bose541@icloud.com,917605818756,1994-10-11,2024-02-16,PM-002
CUST-14298,Vihaan,Chaudry,vihaan_757@yahoo.com,919502829789,1979-11-20,2022-04-06,PM-002
CUST-14299,Veer,Krishna,veer.300@outlook.com,918065592808,1975-04-11,2008-08-16,PM-003
CUST-14300,Hrishita,Dugar,hrishita.dugar863@outlook.com,918764505244,1975-07-23,2012-08-08,PM-003
CUST-14301,Sara,Andra,sara_727@hotmail.com,918456082772,1991-01-30,2020-09-22,PM-002
CUST-14302,Jayan,Sethi,jayan_520@yahoo.com,917194940738,1990-10-07,2014-05-22,PM-002
CUST-14303,Akarsh,Kara,akarsh.465@hotmail.com,919382345547,1978-07-30,2015-07-02,PM-004
CUST-14304,Kimaya,Kara,kimaya596@icloud.com,918318197200,1979-12-01,2003-05-24,PM-003
CUST-14305,Shray,Borra,shray.835@yahoo.com,918266279484,2004-01-27,2022-07-20,PM-003
CUST-14306,Siya,Dara,darasiya295@outlook.com,919302388844,1975-12-03,1996-06-15,PM-004
CUST-14307,Renee,Issac,issacrenee920@gmail.com,917581843780,1999-04-09,2023-12-01,PM-001
CUST-14308,Nehmat,Apte,aptenehmat651@icloud.com,919912659293,1990-02-07,2023-11-17,PM-001
CUST-14309,Kaira,Grover,kaira.grover493@hotmail.com,919747451150,2003-07-07,2022-05-16,PM-003
CUST-14310,Nehmat,Date,nehmat_151@icloud.com,917298817548,1978-05-04,2001-11-17,PM-001
CUST-14311,Nirvi,Bail,bailnirvi277@yahoo.com,917562415564,1987-08-25,2023-02-12,PM-001
CUST-14312,Shalv,Deep,shalv.217@hotmail.com,919244916967,1985-04-08,2008-07-10,PM-002
CUST-14313,Saira,Dave,saira_526@hotmail.com,917311158964,1985-09-06,2012-12-08,PM-002
CUST-14314,Kismat,Kari,kismat.kari722@yahoo.com,917472992422,1995-03-28,2017-06-05,PM-004
CUST-14315,Piya,Apte,aptepiya566@hotmail.com,917723293438,1992-12-05,2019-03-02,PM-003
CUST-14316,Ishita,D’Alia,ishita.d’alia395@icloud.com,919655668412,2002-04-03,2022-07-06,PM-004
CUST-14317,Gokul,Lal,gokul727@icloud.com,917140120090,2005-11-10,2024-01-21,PM-003
CUST-14318,Zoya,Banerjee,zoya.banerjee681@hotmail.com,918402471402,1991-02-21,2017-09-16,PM-004
CUST-14319,Divij,Kohli,divij204@hotmail.com,919023162539,2005-01-05,2024-02-19,PM-001
CUST-14320,Amira,Hayre,amira_511@outlook.com,917181882111,1984-08-17,2010-01-15,PM-002
CUST-14321,Nehmat,Gokhale,nehmat.578@icloud.com,919818176961,1990-03-02,2021-06-03,PM-001
CUST-14322,Faiyaz,Singh,faiyaz.singh732@gmail.com,918587806632,1981-04-12,2013-11-12,PM-003
CUST-14323,Vihaan,Thakur,vihaan.852@yahoo.com,918913498950,1978-01-04,2022-09-09,PM-004
CUST-14324,Hazel,Vora,hazel_223@yahoo.com,918358067716,1995-05-04,2021-05-25,PM-002
CUST-14325,Biju,Kar,biju.361@outlook.com,918002933949,1988-09-05,2014-02-02,PM-002
CUST-14326,Shlok,Bhalla,shlok367@outlook.com,917822039891,1987-04-09,2017-09-18,PM-003
CUST-14327,Devansh,Ramaswamy,devansh_455@hotmail.com,918426594997,2000-11-14,2019-10-08,PM-002
CUST-14328,Bhavin,Grover,bhavin.112@gmail.com,919166381567,1999-09-11,2018-10-21,PM-001
CUST-14329,Nirvi,Badami,nirvi.307@outlook.com,919297283376,1980-09-02,2003-02-08,PM-002
CUST-14330,Onkar,Bakshi,onkar.466@hotmail.com,919207302446,1985-01-23,2013-12-06,PM-001
CUST-14331,Sumer,Bhakta,bhaktasumer370@outlook.com,917147957855,1978-06-05,2019-09-08,PM-004
CUST-14332,Piya,Saha,piya_822@icloud.com,919463211764,1992-01-31,2013-08-14,PM-001
CUST-14333,Bhavin,Jha,jhabhavin674@outlook.com,917946170829,1984-11-24,2008-06-03,PM-002
CUST-14334,Devansh,Chokshi,devansh.chokshi287@icloud.com,918355625538,1988-07-13,2010-04-18,PM-004
CUST-14335,Suhana,Arora,suhana576@outlook.com,918216794401,1990-12-05,2018-11-03,PM-002
CUST-14336,Piya,Chokshi,piya714@outlook.com,919176327439,1989-02-10,2013-08-27,PM-003
CUST-14337,Pari,Sarkar,pari.sarkar586@hotmail.com,917944858441,1975-09-16,2022-07-26,PM-004
CUST-14338,Shamik,Bhargava,shamik.315@hotmail.com,917599957742,1981-08-09,2004-10-01,PM-002
CUST-14339,Nirvaan,Jaggi,jagginirvaan634@yahoo.com,917286047605,1989-10-23,2010-02-09,PM-002
CUST-14340,Tushar,Golla,tushar.golla282@hotmail.com,919375389936,1978-09-25,2004-06-03,PM-003
CUST-14341,Keya,Jain,jainkeya577@outlook.com,917892533193,1983-05-01,2009-05-01,PM-002
CUST-14342,Kismat,Soman,kismat118@yahoo.com,919259918058,1978-06-05,2011-12-04,PM-001
CUST-14343,Renee,Kar,renee_707@hotmail.com,917640593505,1994-01-09,2017-09-29,PM-002
CUST-14344,Advik,Edwin,advik.839@outlook.com,917375839709,1984-03-17,2020-01-29,PM-004
CUST-14345,Riya,Uppal,uppalriya914@icloud.com,918259254802,1993-04-14,2022-04-13,PM-001
CUST-14346,Vardaniya,Gole,vardaniya.167@yahoo.com,919526101153,2003-05-06,2023-11-02,PM-003
CUST-14347,Kimaya,Basu,kimaya.basu144@outlook.com,917324382870,1974-08-02,2024-02-03,PM-001
CUST-14348,Inaaya ,Madan,inaaya _739@yahoo.com,919904556975,2000-03-03,2022-12-19,PM-004
CUST-14349,Diya,Mandal,diya.mandal628@hotmail.com,918219887439,1980-03-13,2020-03-08,PM-004
CUST-14350,Zoya,Hayer,zoya.hayer602@outlook.com,917992260025,2002-02-01,2022-12-03,PM-003
CUST-14351,Indranil,Sood,indranil.837@yahoo.com,919509804129,1988-09-08,2006-10-09,PM-002
CUST-14352,Gokul,Shetty,gokul441@hotmail.com,918348213788,2005-02-24,2024-05-17,PM-002
CUST-14353,Amira,Boase,amira_259@hotmail.com,917161699093,1987-03-06,2010-04-08,PM-002
CUST-14354,Hazel,Sahota,hazel_767@yahoo.com,919223802304,1979-04-24,2021-03-16,PM-003
CUST-14355,Anika,Sridhar,anika_292@icloud.com,919672629514,1994-03-31,2023-11-24,PM-001
CUST-14356,Divit,Mannan,divit.mannan299@icloud.com,919159387434,1984-12-25,2014-10-19,PM-001
CUST-14357,Ojas,Sachdeva,ojas.sachdeva729@yahoo.com,919976466366,1976-08-19,2005-01-31,PM-003
CUST-14358,Nehmat,Sastry,nehmat.sastry361@gmail.com,918212577125,1991-03-05,2014-03-01,PM-001
CUST-14359,Manjari,Hari,manjari.310@icloud.com,918244576143,2005-11-06,2024-03-03,PM-002
CUST-14360,Raghav,Bal,balraghav572@yahoo.com,918236187333,1990-03-06,2008-03-17,PM-001
CUST-14361,Mamooty,Jayaraman,mamooty.218@hotmail.com,919477056816,1990-09-22,2023-04-02,PM-002
CUST-14362,Pranay,Doshi,pranay.doshi901@outlook.com,918646941136,1984-03-12,2014-08-30,PM-004
CUST-14363,Hansh,Balan,hansh_384@hotmail.com,919176995230,1978-11-10,2002-10-24,PM-004
CUST-14364,Amani,Suri,amani.133@gmail.com,919915523008,1978-04-20,1998-07-28,PM-001
CUST-14365,Dharmajan,Sunder,dharmajan771@outlook.com,917300935273,1994-09-18,2015-09-08,PM-004
CUST-14366,Divyansh,Jaggi,divyansh.jaggi159@gmail.com,919390103572,1989-09-22,2014-07-28,PM-002
CUST-14367,Ivan,Varty,vartyivan568@yahoo.com,917555077244,1984-12-01,2014-10-17,PM-002
CUST-14368,Hazel,Sheth,hazel.sheth557@gmail.com,917339632770,1977-03-12,2020-07-25,PM-003
CUST-14369,Krish,Agrawal,krish.agrawal611@yahoo.com,918906054807,2005-09-25,2024-02-29,PM-001
CUST-14370,Kavya,Keer,kavya_594@gmail.com,919522635917,1999-05-11,2017-09-27,PM-003
CUST-14371,Priyansh,Sidhu,priyansh450@outlook.com,917374066199,2004-03-08,2023-08-29,PM-001
CUST-14372,Rohan,De,rohan.de748@gmail.com,918168002128,2004-02-20,2023-02-07,PM-002
CUST-14373,Tiya,Bora,tiya.258@gmail.com,919889441949,2000-12-06,2022-07-11,PM-001
CUST-14374,Prerak,Dash,prerak920@outlook.com,917801064251,1993-02-11,2019-11-29,PM-001
CUST-14375,Emir,Kaur,kauremir580@yahoo.com,918055474545,1990-05-10,2010-02-05,PM-002
CUST-14376,Kaira,Devi,kaira.184@icloud.com,919698671814,2005-01-30,2023-03-20,PM-003
CUST-14377,Zara,Kadakia,zara345@hotmail.com,919093266534,1976-02-08,2010-02-28,PM-001
CUST-14378,Yuvaan,Gole,yuvaan.627@gmail.com,919967158060,1977-06-04,2013-06-16,PM-002
CUST-14379,Tanya,Lalla,tanya.lalla118@yahoo.com,919409198939,1977-12-07,2022-04-30,PM-003
CUST-14380,Nayantara,Tiwari,nayantara_865@gmail.com,919739560173,1984-12-19,2018-08-16,PM-002
CUST-14381,Dhanuk,Agrawal,dhanuk.agrawal843@outlook.com,917263020877,1993-05-13,2012-12-21,PM-001
CUST-14382,Stuvan,Kari,karistuvan340@gmail.com,919365138525,1994-04-27,2016-01-14,PM-004
CUST-14383,Adira,Korpal,adira.206@hotmail.com,918762822790,1992-08-12,2022-11-12,PM-003
CUST-14384,Hrishita,Chaudhari,hrishita_508@yahoo.com,919939966715,1989-04-01,2015-08-01,PM-001
CUST-14385,Rania,Mall,rania_877@gmail.com,918383480271,1996-07-28,2017-01-16,PM-002
CUST-14386,Ivana,Cheema,cheemaivana683@outlook.com,918332777612,1980-10-16,2019-09-07,PM-002
CUST-14387,Divit,Bumb,divit.379@hotmail.com,917947171534,1987-04-18,2024-02-20,PM-004
CUST-14388,Mishti,Wali,mishti_302@gmail.com,919363837812,1991-08-06,2009-10-14,PM-004
CUST-14389,Manikya,Keer,manikya.keer361@gmail.com,918547760538,1988-08-08,2019-07-24,PM-002
CUST-14390,Inaaya ,Cherian,inaaya .704@yahoo.com,917266348799,2002-10-23,2024-04-06,PM-004
CUST-14391,Alisha,Dey,deyalisha888@yahoo.com,917208925858,2006-05-22,2024-06-09,PM-001
CUST-14392,Charvi,Kurian,charvi.kurian279@gmail.com,917699663664,1983-03-28,2022-07-09,PM-001
CUST-14393,Abram,Dayal,abram.dayal181@hotmail.com,917466128270,1988-09-05,2015-07-16,PM-001
CUST-14394,Aradhya,Kar,aradhya.826@gmail.com,917161433757,2004-03-07,2024-03-20,PM-002
CUST-14395,Devansh,Sankaran,devansh.462@gmail.com,919748928686,1981-02-16,2008-02-11,PM-001
CUST-14396,Pari,Deol,deolpari577@icloud.com,918085353765,1981-09-23,2001-11-23,PM-003
CUST-14397,Samiha,Lad,samiha721@icloud.com,918816601506,1980-01-01,2000-09-20,PM-001
CUST-14398,Pihu,Barman,barmanpihu371@gmail.com,917994227110,1980-12-04,2018-12-03,PM-001
CUST-14399,Samar,Datta,samar.115@outlook.com,918127974209,1999-01-22,2020-01-19,PM-004
CUST-14400,Rohan,Joshi,rohan.joshi476@yahoo.com,918601173042,1998-06-15,2024-05-25,PM-003
CUST-14401,Prerak,Salvi,prerak.salvi752@hotmail.com,918026445701,1983-08-17,2018-03-13,PM-004
CUST-14402,Sana,Banik,sana_418@icloud.com,919738310528,1993-06-30,2021-12-31,PM-003
CUST-14403,Ritvik,Acharya,ritvik_145@icloud.com,918961584110,1999-11-11,2020-11-05,PM-004
CUST-14404,Pihu,Shah,pihu.shah796@hotmail.com,918475022911,1999-11-19,2019-10-26,PM-004
CUST-14405,Jayan,Krishna,jayan.443@gmail.com,917320487473,1978-09-17,2019-12-08,PM-001
CUST-14406,Anaya,Krishna,anaya.345@gmail.com,918292741182,1990-12-17,2015-08-31,PM-002
CUST-14407,Kiara,Mane,kiara_293@icloud.com,917389233118,1979-04-01,2003-09-06,PM-003
CUST-14408,Prerak,Ramanathan,prerak212@yahoo.com,918204564845,1979-01-18,2004-11-27,PM-001
CUST-14409,Rania,Saxena,rania_313@hotmail.com,918144717023,1980-03-22,2009-02-02,PM-001
CUST-14410,Adah,Dhaliwal,adah_612@outlook.com,918076077560,1978-01-18,2022-11-23,PM-001
CUST-14411,Diya,Keer,diya.keer306@gmail.com,918082792429,1998-09-24,2018-12-09,PM-004
CUST-14412,Mannat,Subramaniam,mannat_587@icloud.com,919214576879,2000-03-02,2021-10-02,PM-004
CUST-14413,Jayesh,Biswas,jayesh.633@yahoo.com,917781681643,1989-08-27,2015-09-26,PM-003
CUST-14414,Vaibhav,Bath,vaibhav738@hotmail.com,918971756496,1994-06-07,2013-01-11,PM-004
CUST-14415,Abram,Lalla,abram.422@gmail.com,918323919687,1995-04-14,2022-03-26,PM-001
CUST-14416,Ira,Bansal,bansalira714@gmail.com,917975070530,1979-08-19,2004-07-10,PM-001
CUST-14417,Vedika,Zachariah,vedika.953@outlook.com,917514099873,2000-06-09,2022-04-07,PM-004
CUST-14418,Alia,Ram,alia_403@yahoo.com,919739089048,1977-02-21,1999-01-16,PM-003
CUST-14419,Kartik,Sem,semkartik350@gmail.com,919762113546,1981-03-10,2011-06-26,PM-004
CUST-14420,Eva,Chakrabarti,eva.chakrabarti840@hotmail.com,919869638313,1994-05-06,2023-04-11,PM-002
CUST-14421,Neelofar,Sachdeva,sachdevaneelofar221@icloud.com,918178830888,2001-06-21,2022-06-27,PM-001
CUST-14422,Vidur,Das,vidur600@outlook.com,918238557442,2000-12-11,2020-10-13,PM-001
CUST-14423,Saanvi,Gandhi,saanvi851@hotmail.com,918687249338,2005-06-08,2023-06-28,PM-002
CUST-14424,Yuvaan,Jha,yuvaan.jha594@hotmail.com,918310484461,1998-09-25,2017-01-17,PM-002
CUST-14425,Veer,Issac,veer692@yahoo.com,919261739098,1977-11-06,2001-01-18,PM-001
CUST-14426,Amira,Krishnamurthy,amira231@gmail.com,919813315610,1977-01-05,2001-05-24,PM-004
CUST-14427,Lagan,Sehgal,lagan.247@gmail.com,919555535423,2000-01-25,2023-12-17,PM-002
CUST-14428,Devansh,Shere,devansh.shere650@gmail.com,917130679254,1992-04-13,2019-03-31,PM-002
CUST-14429,Eshani,Devan,eshani.devan648@outlook.com,917420890171,1999-12-09,2018-12-21,PM-003
CUST-14430,Anika,Srinivasan,srinivasananika637@yahoo.com,918775105600,1983-01-08,2014-02-21,PM-001
CUST-14431,Biju,Warrior,biju.warrior633@icloud.com,918349603554,2005-05-24,2023-10-07,PM-004
CUST-14432,Nayantara,Sunder,nayantara_303@gmail.com,917730675799,1985-03-05,2012-03-12,PM-002
CUST-14433,Nishith,Venkatesh,nishith.venkatesh990@yahoo.com,919424733548,1986-04-30,2021-10-24,PM-003
CUST-14434,Prerak,Agate,agateprerak326@icloud.com,919752911592,1983-01-22,2012-11-28,PM-002
CUST-14435,Vaibhav,Kaul,vaibhav.364@icloud.com,918758799637,1990-04-20,2018-09-11,PM-001
CUST-14436,Saira,Boase,boasesaira908@gmail.com,918287303799,2001-04-08,2023-11-18,PM-001
CUST-14437,Kavya,Khosla,kavya.khosla379@gmail.com,919597139983,1997-12-06,2021-03-25,PM-002
CUST-14438,Hansh,Sangha,hansh.481@yahoo.com,917041158569,2001-02-24,2020-12-26,PM-004
CUST-14439,Lagan,Rout,lagan732@gmail.com,917946976668,1981-09-01,2011-01-23,PM-001
CUST-14440,Madhav,Dayal,madhav732@outlook.com,919223473678,1987-07-04,2009-04-30,PM-002
CUST-14441,Aradhya,Ahluwalia,ahluwaliaaradhya980@hotmail.com,918037567973,1993-08-26,2018-05-23,PM-002
CUST-14442,Riya,Vaidya,riya.547@outlook.com,918609529788,2001-04-05,2020-05-01,PM-001
CUST-14443,Ivan,Bahri,bahriivan313@outlook.com,918431074090,1979-08-23,2008-12-12,PM-001
CUST-14444,Dharmajan,Biswas,dharmajan_142@gmail.com,917774762264,1983-03-19,2017-08-21,PM-003
CUST-14445,Anaya,Wason,anaya688@yahoo.com,918335952850,1977-10-29,2004-09-04,PM-001
CUST-14446,Hunar,Sarkar,hunar269@yahoo.com,919804969177,1989-02-14,2021-02-26,PM-003
CUST-14447,Yuvaan,Sekhon,yuvaan.807@hotmail.com,919671830216,1998-03-02,2016-08-13,PM-002
CUST-14448,Lagan,Balan,lagan_761@gmail.com,917302918264,1974-06-30,2005-06-13,PM-002
CUST-14449,Anika,Goel,anika_536@outlook.com,918216206362,1975-09-29,1997-05-06,PM-002
CUST-14450,Ojas,Barman,ojas611@gmail.com,919456930332,1994-12-02,2022-03-22,PM-002
CUST-14451,Eva,Madan,eva.322@hotmail.com,917044749975,1995-01-22,2023-09-30,PM-001
CUST-14452,Ishita,Agrawal,ishita.agrawal463@gmail.com,918853698983,1996-09-19,2020-02-08,PM-001
CUST-14453,Jayan,Kunda,jayan620@icloud.com,919506877797,1988-05-15,2014-07-16,PM-003
CUST-14454,Kimaya,Sheth,kimaya.sheth167@gmail.com,917287346021,1990-12-06,2011-04-19,PM-001
CUST-14455,Veer,Borde,veer.borde728@icloud.com,918912701874,2001-12-23,2022-07-29,PM-002
CUST-14456,Yasmin,Wagle,yasmin670@hotmail.com,918184217021,1979-05-03,2004-09-08,PM-002
CUST-14457,Suhana,Saha,suhana.saha893@hotmail.com,918797353908,1976-04-08,1998-02-15,PM-003
CUST-14458,Indranil,Dave,indranil_869@icloud.com,919287790342,1991-06-30,2009-10-19,PM-003
CUST-14459,Hiran,Dewan,hiran676@gmail.com,918812284965,1990-07-12,2023-05-04,PM-003
CUST-14460,Abram,Khanna,abram.427@outlook.com,917365441998,2004-08-20,2022-11-06,PM-003
CUST-14461,Himmat,Madan,himmat.723@gmail.com,919895499699,2003-09-17,2022-11-30,PM-001
CUST-14462,Diya,Magar,diya_115@gmail.com,917864391061,2005-04-20,2023-09-15,PM-001
CUST-14463,Divit,Sachar,divit_164@outlook.com,919622823351,2001-12-24,2020-03-23,PM-004
CUST-14464,Pihu,Varkey,pihu_291@outlook.com,918156928027,1976-02-07,2002-11-15,PM-003
CUST-14465,Armaan,Manda,mandaarmaan394@outlook.com,919490756172,1994-01-27,2018-08-05,PM-004
CUST-14466,Bhavin,Vig,bhavin.vig341@yahoo.com,918663308677,1994-03-26,2018-07-18,PM-001
CUST-14467,Kimaya,Manne,kimaya142@gmail.com,917746949149,1981-02-10,2017-04-16,PM-002
CUST-14468,Parinaaz,Loyal,loyalparinaaz402@gmail.com,918468785799,1984-12-27,2009-03-31,PM-003
CUST-14469,Vritika,Ben,vritika_982@gmail.com,917132939231,1981-07-19,2014-02-09,PM-001
CUST-14470,Mannat,Vig,mannat207@gmail.com,919731715477,2005-04-10,2023-05-02,PM-004
CUST-14471,Chirag,Mand,mandchirag900@gmail.com,919488233488,1996-07-17,2019-11-27,PM-003
CUST-14472,Himmat,Mani,himmat598@hotmail.com,918015036105,2002-10-05,2023-12-19,PM-004
CUST-14473,Riya,Chana,riya.chana724@icloud.com,919389358438,1991-01-08,2020-05-25,PM-001
CUST-14474,Jayesh,Krishna,jayesh.krishna503@hotmail.com,917217926330,2005-10-08,2024-01-05,PM-001
CUST-14475,Mannat,Cheema,cheemamannat368@gmail.com,917957875761,1990-12-04,2023-04-13,PM-002
CUST-14476,Faiyaz,Doshi,faiyaz168@yahoo.com,919527698716,1990-03-12,2020-09-28,PM-001
CUST-14477,Anahita,Bhandari,anahita_626@outlook.com,919120151605,1997-11-21,2023-09-09,PM-001
CUST-14478,Lakshay,Borde,lakshay286@yahoo.com,919887619817,1992-10-12,2018-04-20,PM-001
CUST-14479,Advika,Bhandari,advika_170@yahoo.com,918119730215,1998-09-14,2023-09-20,PM-001
CUST-14480,Elakshi,Madan,elakshi270@yahoo.com,918605644408,1990-09-09,2021-05-10,PM-001
CUST-14481,Miraan,Kalita,kalitamiraan534@gmail.com,919550859846,1975-04-26,2000-01-11,PM-002
CUST-14482,Zoya,Chaudhary,chaudharyzoya173@gmail.com,918193685062,1991-12-10,2016-04-02,PM-004
CUST-14483,Aniruddh,Bains,aniruddh.816@icloud.com,917184900979,1986-07-21,2017-11-22,PM-002
CUST-14484,Kanav,Gara,garakanav724@gmail.com,918005450023,1998-02-19,2016-06-04,PM-004
CUST-14485,Madhav,Sha,madhav537@yahoo.com,917921992651,1982-02-03,2021-06-24,PM-002
CUST-14486,Divit,Kakar,divit.kakar352@hotmail.com,919285399988,1994-06-18,2019-10-30,PM-001
CUST-14487,Divyansh,Joshi,divyansh_534@outlook.com,917280335623,1985-01-06,2006-04-08,PM-004
CUST-14488,Raunak,Basu,basuraunak373@gmail.com,917284874297,1979-11-25,2019-06-26,PM-004
CUST-14489,Biju,Badal,biju.648@outlook.com,918149404541,1995-01-22,2013-05-27,PM-002
CUST-14490,Kaira,Hayer,kaira398@yahoo.com,918189143963,1990-01-28,2013-08-30,PM-001
CUST-14491,Ira,Maharaj,ira.992@outlook.com,917550801403,1992-01-11,2012-03-21,PM-004
CUST-14492,Priyansh,Majumdar,priyansh.majumdar878@outlook.com,917418340375,1996-09-02,2021-03-26,PM-002
CUST-14493,Akarsh,Kala,kalaakarsh734@yahoo.com,917681374045,1998-07-24,2022-09-02,PM-003
CUST-14494,Nishith,Deshpande,nishith.793@yahoo.com,918402194724,1993-07-22,2020-05-28,PM-001
CUST-14495,Shanaya,Mangal,mangalshanaya366@outlook.com,918049485072,2004-02-01,2023-11-06,PM-004
CUST-14496,Samarth,Sha,samarth_584@outlook.com,918918634777,2005-09-21,2024-06-03,PM-004
CUST-14497,Yasmin,Dube,yasmin.dube796@outlook.com,919032892096,1978-02-19,2000-06-03,PM-004
CUST-14498,Dharmajan,Solanki,dharmajan_369@outlook.com,918616319573,1993-11-13,2021-11-13,PM-004
CUST-14499,Rhea,Dara,rhea_518@icloud.com,918520367099,1991-10-31,2017-12-07,PM-001
CUST-14500,Hrishita,Bhasin,hrishita209@icloud.com,919584166077,1974-08-14,2007-05-14,PM-002
CUST-14501,Lakshit,Brar,lakshit_229@yahoo.com,917645957948,1983-08-27,2008-04-06,PM-004
CUST-14502,Indrans,Dutta,indrans_347@outlook.com,919729691814,2003-11-22,2022-09-02,PM-002
CUST-14503,Rhea,Raju,rajurhea789@icloud.com,917792513776,1977-11-06,2011-02-09,PM-004
CUST-14504,Pihu,Wason,pihu529@gmail.com,918740174320,1987-01-19,2020-02-16,PM-002
CUST-14505,Rasha,Dara,rasha_327@icloud.com,919730255762,1982-02-02,2011-02-05,PM-002
CUST-14506,Nayantara,De,denayantara564@outlook.com,919065212897,1987-07-24,2008-07-04,PM-004
CUST-14507,Reyansh,Babu,reyansh.babu950@gmail.com,919763273532,1989-02-22,2016-08-03,PM-004
CUST-14508,Uthkarsh,Vohra,vohrauthkarsh472@outlook.com,918947324624,1977-01-22,2007-04-16,PM-001
CUST-14509,Raunak,Barman,barmanraunak181@gmail.com,919565784231,2000-05-24,2022-10-19,PM-002
CUST-14510,Tarini,Kant,tarini.kant996@hotmail.com,919741020360,2005-02-26,2023-06-22,PM-002
CUST-14511,Ryan,Reddy,ryan_181@hotmail.com,919223915298,1996-02-29,2015-02-20,PM-002
CUST-14512,Advika,Sathe,advika_788@hotmail.com,919314073280,1995-04-20,2022-04-26,PM-003
CUST-14513,Akarsh,Gandhi,akarsh_997@gmail.com,918351705907,2006-02-26,2024-06-11,PM-004
CUST-14514,Myra,Kumer,kumermyra210@yahoo.com,918844161110,1978-02-05,2023-11-10,PM-002
CUST-14515,Shray,Kaul,kaulshray359@yahoo.com,919864696481,1985-02-05,2013-11-16,PM-003
CUST-14516,Lagan,Setty,lagan_468@outlook.com,917304880727,1979-06-01,2020-11-10,PM-002
CUST-14517,Vardaniya,Kannan,vardaniya527@gmail.com,917869935935,1981-08-01,2011-03-29,PM-004
CUST-14518,Bhamini,Vora,bhamini.901@hotmail.com,917874377061,2005-08-02,2023-09-02,PM-003
CUST-14519,Abram,Saxena,abram775@icloud.com,917527429587,1990-12-11,2013-04-20,PM-004
CUST-14520,Nishith,Sidhu,nishith452@icloud.com,919737262952,1996-04-02,2022-01-04,PM-004
CUST-14521,Jiya,Chaudhary,chaudharyjiya484@gmail.com,919798954580,1988-08-21,2024-04-20,PM-003
CUST-14522,Ranbir,Lal,lalranbir873@yahoo.com,917756777657,1993-01-20,2017-05-03,PM-003
CUST-14523,Nirvaan,Kunda,nirvaan986@icloud.com,918697848394,1986-03-31,2013-12-07,PM-001
CUST-14524,Bhamini,Batra,batrabhamini498@hotmail.com,919015730761,1984-03-01,2010-12-07,PM-001
CUST-14525,Amira,Kurian,amira.854@gmail.com,917813477137,2000-04-12,2023-11-09,PM-002
CUST-14526,Nakul,Chatterjee,nakul_739@hotmail.com,917780785189,2003-02-28,2021-04-10,PM-001
CUST-14527,Tara,Savant,tara.savant141@outlook.com,919955093972,1998-12-19,2018-01-08,PM-003
CUST-14528,Ryan,Vaidya,ryan.vaidya517@outlook.com,919674171558,1977-01-02,2000-06-26,PM-002
CUST-14529,Dishani,Kakar,dishani999@outlook.com,918494650783,1993-08-01,2016-05-08,PM-002
CUST-14530,Reyansh,Dave,reyansh.dave384@outlook.com,919563299167,1975-08-17,1996-07-13,PM-003
CUST-14531,Adira,Bhargava,adira517@yahoo.com,917249729017,1995-10-01,2017-02-14,PM-004
CUST-14532,Reyansh,Kunda,reyansh368@yahoo.com,917703635971,1994-04-20,2017-09-04,PM-004
CUST-14533,Nirvaan,Kumar,kumarnirvaan356@icloud.com,918305874732,1981-07-19,2002-12-09,PM-002
CUST-14534,Lakshit,Mand,lakshit.mand380@outlook.com,917206351996,1981-08-24,2003-09-29,PM-001
CUST-14535,Indranil,Chand,indranil.119@gmail.com,917378626174,1987-03-25,2015-08-27,PM-001
CUST-14536,Krish,Bawa,krish.412@yahoo.com,919190139733,1990-07-26,2013-07-22,PM-001
CUST-14537,Reyansh,Karan,reyansh358@outlook.com,917608634443,1987-05-23,2014-07-20,PM-004
CUST-14538,Kavya,Deshpande,kavya212@yahoo.com,917759371275,1993-11-08,2015-11-05,PM-001
CUST-14539,Aarna,Batta,battaaarna694@outlook.com,919249650225,1980-06-17,2016-03-01,PM-001
CUST-14540,Kabir,Dass,kabir.dass495@icloud.com,918418422867,1988-09-10,2020-10-29,PM-002
CUST-14541,Oorja,Ganesh,oorja608@hotmail.com,918715547562,1979-06-24,2005-11-09,PM-004
CUST-14542,Heer,Chad,chadheer865@gmail.com,918021268775,1982-07-02,2011-10-25,PM-004
CUST-14543,Ehsaan,Kashyap,ehsaan538@yahoo.com,917799385925,1975-10-23,2023-10-06,PM-001
CUST-14544,Baiju,Kala,kalabaiju497@yahoo.com,919278702162,2002-03-31,2023-09-19,PM-002
CUST-14545,Siya,Gara,siya.408@hotmail.com,918338802816,1984-02-20,2014-07-09,PM-002
CUST-14546,Jayan,Batra,jayan.592@icloud.com,917100020644,1980-04-11,2013-01-21,PM-001
CUST-14547,Kartik,Tara,kartik.tara728@hotmail.com,918761814526,2001-12-30,2024-04-19,PM-002
CUST-14548,Pranay,Vaidya,pranay_847@outlook.com,918247239362,1996-04-02,2016-04-06,PM-001
CUST-14549,Trisha,Barman,trisha.barman621@outlook.com,918843316303,1997-03-31,2017-12-02,PM-003
CUST-14550,Onkar,Rama,onkar.rama422@hotmail.com,917359070063,1976-06-01,2001-07-02,PM-001
CUST-14551,Khushi,Majumdar,majumdarkhushi633@gmail.com,919678129303,1993-01-30,2022-08-10,PM-001
CUST-14552,Siya,Kala,siya.159@yahoo.com,917900493742,1983-08-14,2023-10-11,PM-004
CUST-14553,Faiyaz,Karan,karanfaiyaz568@outlook.com,917324036390,1999-09-03,2024-03-21,PM-003
CUST-14554,Manikya,Mann,manikya.mann788@icloud.com,919645012410,1980-07-09,2010-09-22,PM-002
CUST-14555,Amani,Bhatt,amani_590@gmail.com,917406462480,1992-06-24,2012-05-11,PM-001
CUST-14556,Vanya,Dayal,vanya352@yahoo.com,918616960434,1980-12-28,2002-02-23,PM-004
CUST-14557,Prisha,Guha,prisha344@gmail.com,917669487848,1986-03-28,2005-05-30,PM-003
CUST-14558,Baiju,Basu,baiju.400@hotmail.com,918065609796,1979-05-11,1999-03-18,PM-003
CUST-14559,Purab,Zachariah,purab_987@outlook.com,918252737375,1991-06-19,2015-08-19,PM-001
CUST-14560,Jivin,Cherian,jivin151@outlook.com,919768632702,1998-05-23,2019-06-09,PM-002
CUST-14561,Stuvan,Date,stuvan877@gmail.com,919980413489,1981-12-31,2005-04-02,PM-002
CUST-14562,Shlok,Rajagopalan,shlok.455@yahoo.com,917031573938,2002-10-26,2023-06-23,PM-001
CUST-14563,Aarush,Sankaran,aarush_895@hotmail.com,917595607121,2005-09-11,2024-02-26,PM-002
CUST-14564,Saanvi,Swamy,swamysaanvi230@icloud.com,917649309041,1994-11-11,2022-06-24,PM-001
CUST-14565,Anahita,Bhargava,anahita_760@gmail.com,917764961448,2003-01-05,2021-08-08,PM-003
CUST-14566,Vardaniya,Bora,vardaniya.bora528@yahoo.com,918828065333,1998-09-01,2019-02-09,PM-002
CUST-14567,Hunar,Kashyap,hunar360@icloud.com,918235117821,2002-02-18,2023-08-08,PM-004
CUST-14568,Yuvaan,Hari,yuvaan.404@icloud.com,919754002063,2004-07-15,2024-04-10,PM-001
CUST-14569,Navya,Shanker,navya_146@icloud.com,919517869060,1975-03-06,2013-12-20,PM-004
CUST-14570,Anahita,Baria,anahita.925@icloud.com,917147350583,1992-08-10,2017-02-15,PM-002
CUST-14571,Samar,Sani,sanisamar889@hotmail.com,918677082821,1988-03-17,2018-10-28,PM-002
CUST-14572,Samar,Badal,samar_977@icloud.com,919082916433,1988-09-06,2024-04-11,PM-002
CUST-14573,Dhanuk,Chadha,dhanuk788@gmail.com,919125070891,1980-10-18,2022-12-13,PM-004
CUST-14574,Mannat,Manne,mannat.manne455@hotmail.com,917551894009,1980-05-04,2007-02-19,PM-004
CUST-14575,Priyansh,Agate,priyansh.903@outlook.com,918482225921,1996-03-07,2020-08-21,PM-002
CUST-14576,Ela,Chandran,ela.chandran977@gmail.com,919090567147,1977-06-23,2001-01-30,PM-003
CUST-14577,Zain,Gera,gerazain520@hotmail.com,918506370491,1999-06-13,2023-10-19,PM-002
CUST-14578,Devansh,Thakur,devansh.thakur996@outlook.com,919844977984,2004-06-15,2023-04-20,PM-002
CUST-14579,Darshit,Srinivas,srinivasdarshit624@icloud.com,917970162253,1987-09-26,2006-06-07,PM-004
CUST-14580,Shaan,Maharaj,shaan.maharaj613@icloud.com,919759820501,1995-12-02,2022-11-24,PM-004
CUST-14581,Aniruddh,Bala,balaaniruddh343@gmail.com,919387419152,1998-01-25,2019-10-12,PM-001
CUST-14582,Shalv,Sule,shalv.sule577@gmail.com,917996586598,1995-01-11,2019-05-18,PM-004
CUST-14583,Shaan,Char,shaan.576@hotmail.com,919909020574,1999-12-29,2024-01-11,PM-001
CUST-14584,Lavanya,Suri,lavanya.suri965@hotmail.com,919948809191,1994-03-26,2017-07-11,PM-003
CUST-14585,Gatik,Chana,gatik.159@hotmail.com,917402900791,1986-05-26,2020-12-27,PM-002
CUST-14586,Samar,Sridhar,samar.sridhar249@yahoo.com,917769096783,1983-10-06,2016-03-04,PM-001
CUST-14587,Ehsaan,Khatri,ehsaan.khatri424@yahoo.com,919830444267,2000-12-21,2021-12-10,PM-002
CUST-14588,Neysa,Dani,danineysa395@yahoo.com,918388079225,1975-05-13,1994-04-22,PM-002
CUST-14589,Hridaan,Shah,hridaan.616@hotmail.com,917444356071,2004-04-30,2022-11-04,PM-001
CUST-14590,Eva,Joshi,joshieva271@hotmail.com,918301788130,1983-01-05,2012-03-06,PM-002
CUST-14591,Samiha,Dalal,samiha106@outlook.com,918783465230,1996-03-01,2017-02-05,PM-004
CUST-14592,Zaina,Varkey,zaina418@yahoo.com,919187504189,1976-03-19,2013-03-20,PM-002
CUST-14593,Amani,Sami,samiamani884@outlook.com,919041802282,1981-01-08,2021-11-03,PM-004
CUST-14594,Vihaan,Mani,vihaan_856@icloud.com,917753078184,1998-12-08,2017-09-17,PM-003
CUST-14595,Yuvaan,Shere,yuvaan624@yahoo.com,918270578286,1982-05-11,2010-12-23,PM-001
CUST-14596,Hansh,Sahni,sahnihansh634@hotmail.com,918641510902,1994-04-11,2023-12-15,PM-003
CUST-14597,Piya,Seth,sethpiya486@outlook.com,919345084810,1982-09-27,2014-01-12,PM-002
CUST-14598,Ivana,Sachar,ivana653@outlook.com,918208414518,1978-11-19,2021-10-27,PM-001
CUST-14599,Amira,Chauhan,chauhanamira332@yahoo.com,918320158736,1992-11-10,2015-03-11,PM-004
CUST-14600,Oorja,Shah,oorja686@icloud.com,917821497498,1975-05-03,2012-03-23,PM-004
CUST-14601,Ryan,Kohli,ryan880@yahoo.com,918878582940,1978-05-05,2005-03-14,PM-001
CUST-14602,Onkar,Ganesh,onkar.ganesh592@icloud.com,919164515869,1987-10-31,2013-04-19,PM-004
CUST-14603,Miraan,Wable,wablemiraan792@gmail.com,919886181872,2002-08-25,2021-12-22,PM-004
CUST-14604,Veer,Lall,veer.lall595@yahoo.com,918630685639,1977-08-25,2021-09-04,PM-002
CUST-14605,Eva,Madan,eva.774@gmail.com,918810006675,2000-11-19,2019-07-13,PM-002
CUST-14606,Aradhya,Bandi,bandiaradhya156@icloud.com,919788971715,1985-03-13,2008-11-19,PM-004
CUST-14607,Purab,Tella,tellapurab147@outlook.com,919512418049,1991-04-02,2010-04-25,PM-004
CUST-14608,Ayesha,Choudhry,ayesha.choudhry738@hotmail.com,919830701678,2004-05-20,2024-05-12,PM-004
CUST-14609,Amira,Lad,amira_651@gmail.com,917748828038,1988-05-03,2011-11-30,PM-003
CUST-14610,Shaan,Bansal,shaan.241@gmail.com,919925265662,1983-08-07,2022-11-11,PM-002
CUST-14611,Dhanuk,Kohli,dhanuk.kohli197@outlook.com,918219045488,1990-04-12,2016-12-30,PM-004
CUST-14612,Lakshay,Tank,lakshay_780@yahoo.com,918080144907,2003-09-05,2023-11-29,PM-002
CUST-14613,Navya,Sane,navya.sane880@icloud.com,917159694188,1999-07-31,2021-04-28,PM-001
CUST-14614,Navya,Lanka,navya150@outlook.com,919997005956,1986-12-30,2022-01-26,PM-001
CUST-14615,Khushi,Chaudry,khushi_185@yahoo.com,917840146243,1988-09-27,2019-12-17,PM-004
CUST-14616,Tejas,Mahajan,tejas_598@icloud.com,918496505404,1990-06-22,2015-05-12,PM-001
CUST-14617,Jayesh,Bali,jayesh414@hotmail.com,918734082591,2004-04-22,2024-05-20,PM-002
CUST-14618,Amira,Garde,amira_328@icloud.com,918814552672,2001-05-30,2023-12-24,PM-004
CUST-14619,Onkar,Dhaliwal,onkar.330@hotmail.com,917050079574,2002-10-27,2022-01-30,PM-001
CUST-14620,Aaina,Bal,balaaina126@outlook.com,919534677387,1997-11-06,2021-01-07,PM-001
CUST-14621,Nehmat,Gala,nehmat441@gmail.com,917408148460,2000-05-21,2023-10-22,PM-003
CUST-14622,Anika,Doctor,anika_845@icloud.com,918011006167,2000-03-08,2019-02-14,PM-003
CUST-14623,Baiju,Talwar,baiju_731@yahoo.com,917578129748,1990-10-04,2010-10-23,PM-002
CUST-14624,Kiara,Loke,kiara_597@yahoo.com,917840762287,1990-01-08,2019-05-15,PM-004
CUST-14625,Myra,Bhatnagar,myra_846@hotmail.com,918896862226,1978-06-25,1997-02-15,PM-003
CUST-14626,Aarush,Setty,aarush_239@yahoo.com,917511302138,1977-08-06,2000-08-16,PM-001
CUST-14627,Mishti,Goswami,mishti573@outlook.com,917762414155,1986-09-13,2020-04-04,PM-001
CUST-14628,Advika,Ramanathan,ramanathanadvika893@yahoo.com,917412854233,1985-04-01,2007-07-03,PM-001
CUST-14629,Yashvi,Bedi,yashvi_227@hotmail.com,919466885703,2002-12-10,2021-11-18,PM-003
CUST-14630,Riya,Dey,riya.444@hotmail.com,918432956495,1993-11-21,2016-03-05,PM-003
CUST-14631,Misha,Kunda,misha.kunda455@gmail.com,919868199053,1992-10-05,2019-10-18,PM-004
CUST-14632,Farhan,Rao,farhan.993@outlook.com,917939625994,1986-08-08,2019-05-29,PM-001
CUST-14633,Emir,Solanki,emir.368@yahoo.com,917148173137,2002-01-28,2022-10-19,PM-002
CUST-14634,Divij,Chad,divij.912@gmail.com,918468157136,2005-04-19,2024-02-26,PM-003
CUST-14635,Vaibhav,Lalla,vaibhav_685@outlook.com,917494558320,1991-04-21,2015-12-27,PM-004
CUST-14636,Mehul,Mani,mehul_173@gmail.com,919040086799,2004-07-12,2023-06-09,PM-002
CUST-14637,Kanav,Goel,kanav_901@yahoo.com,918632308338,1996-12-24,2014-12-28,PM-001
CUST-14638,Nirvi,Deshmukh,deshmukhnirvi754@yahoo.com,917041433449,1979-02-06,2018-10-11,PM-003
CUST-14639,Sara,Choudhury,sara240@yahoo.com,918158441226,1992-01-05,2019-11-12,PM-001
CUST-14640,Kiara,Kar,karkiara840@hotmail.com,917240747017,1996-06-18,2015-07-30,PM-002
CUST-14641,Madhup,Bawa,madhup866@hotmail.com,918038829220,1997-06-18,2022-07-06,PM-004
CUST-14642,Tarini,Madan,tarini.230@outlook.com,919155410827,1984-02-03,2006-01-28,PM-003
CUST-14643,Tiya,Shukla,tiya.shukla769@hotmail.com,917879748021,2005-09-20,2024-01-28,PM-003
CUST-14644,Nehmat,Kuruvilla,nehmat.519@hotmail.com,919510727119,1989-12-17,2014-11-29,PM-001
CUST-14645,Mehul,Sarma,mehul352@icloud.com,919538582014,2003-06-01,2022-01-06,PM-002
CUST-14646,Tarini,Rastogi,tarini273@gmail.com,917351272885,2002-10-25,2022-04-01,PM-003
CUST-14647,Yuvaan,Talwar,yuvaan756@gmail.com,918040684815,1987-02-24,2008-06-23,PM-002
CUST-14648,Shanaya,Mall,shanaya.149@outlook.com,918105992558,1997-12-27,2016-12-25,PM-003
CUST-14649,Zara,Rattan,zara.707@gmail.com,917519366633,1975-07-16,2018-03-01,PM-003
CUST-14650,Veer,Goel,veer_984@hotmail.com,917505794380,2001-05-02,2020-07-21,PM-004
CUST-14651,Sahil,Ray,sahil.921@yahoo.com,917937002060,1981-09-27,2021-01-03,PM-001
CUST-14652,Lakshay,Mahal,lakshay_569@outlook.com,919326829101,1987-03-25,2014-08-16,PM-004
CUST-14653,Bhamini,Choudhury,choudhurybhamini627@yahoo.com,917785673555,1995-06-03,2019-07-19,PM-001
CUST-14654,Lavanya,Singh,singhlavanya743@icloud.com,918872019672,1997-11-01,2023-01-06,PM-002
CUST-14655,Nishith,Khare,kharenishith352@outlook.com,917992771005,2005-02-20,2023-02-17,PM-001
CUST-14656,Vedika,Sengupta,vedika.sengupta835@yahoo.com,917237543480,1980-12-17,2010-08-16,PM-002
CUST-14657,Zara,Thakkar,zara857@hotmail.com,918958349476,1986-04-10,2016-02-09,PM-004
CUST-14658,Eva,Bumb,eva_397@yahoo.com,918482881348,1995-08-26,2022-07-22,PM-003
CUST-14659,Dishani,Reddy,reddydishani140@yahoo.com,917133245655,2004-02-15,2023-12-19,PM-001
CUST-14660,Samar,Balakrishnan,samar.910@icloud.com,917544005865,1976-05-05,1999-11-15,PM-002
CUST-14661,Umang,Sankar,sankarumang861@gmail.com,919965551514,1997-03-11,2020-11-09,PM-003
CUST-14662,Himmat,Rana,ranahimmat391@outlook.com,919439444389,1981-05-22,2007-12-06,PM-003
CUST-14663,Anika,Ratti,rattianika240@outlook.com,918350544847,1989-07-19,2014-12-09,PM-001
CUST-14664,Shayak,Kalla,shayak.484@gmail.com,918046915466,2004-06-15,2024-03-12,PM-004
CUST-14665,Sahil,Setty,sahil.setty904@hotmail.com,919769061785,1993-10-19,2017-08-23,PM-003
CUST-14666,Krish,Saini,krish.546@hotmail.com,917834200804,1979-03-16,2011-12-25,PM-002
CUST-14667,Aarush,Savant,aarush.savant209@outlook.com,917034079424,2001-04-08,2021-09-06,PM-002
CUST-14668,Divyansh,Shan,shandivyansh661@gmail.com,919641970719,1992-04-23,2015-11-09,PM-002
CUST-14669,Nayantara,Sama,samanayantara146@gmail.com,918232023737,1991-02-17,2012-06-10,PM-002
CUST-14670,Ojas,Bath,ojas.364@icloud.com,919395869086,1980-04-01,2005-06-05,PM-001
CUST-14671,Indrajit,Gola,indrajit691@yahoo.com,919866990642,1992-04-19,2015-07-17,PM-002
CUST-14672,Vaibhav,Sule,vaibhav.161@hotmail.com,918263496603,2000-07-20,2020-03-18,PM-004
CUST-14673,Elakshi,Raj,elakshi.652@icloud.com,918315394483,1980-05-25,1998-12-16,PM-001
CUST-14674,Jivin,Bakshi,bakshijivin662@yahoo.com,919383876617,1993-01-27,2020-04-26,PM-001
CUST-14675,Riya,Issac,riya_349@gmail.com,917881245393,1997-08-19,2023-11-30,PM-002
CUST-14676,Adah,Keer,adah_249@hotmail.com,918795800578,2001-03-12,2020-02-01,PM-002
CUST-14677,Parinaaz,Bava,parinaaz.608@gmail.com,918123310399,1985-01-12,2023-04-29,PM-004
CUST-14678,Kiaan,Doshi,doshikiaan381@hotmail.com,919625848099,1992-08-11,2012-02-03,PM-002
CUST-14679,Aarna,Dada,dadaaarna470@yahoo.com,918685873491,2002-12-06,2021-02-27,PM-002
CUST-14680,Mishti,Handa,mishti919@icloud.com,919531357922,2003-02-03,2021-01-31,PM-002
CUST-14681,Raunak,Dave,daveraunak575@hotmail.com,919594146774,1988-06-02,2014-05-02,PM-004
CUST-14682,Raghav,Bains,raghav_483@yahoo.com,919010013786,1979-12-21,2012-10-07,PM-001
CUST-14683,Adira,Sagar,adira.395@outlook.com,919408190797,2006-05-14,2024-06-10,PM-003
CUST-14684,Dhanush,Dass,dassdhanush986@gmail.com,917743889831,1981-05-21,2006-11-24,PM-003
CUST-14685,Trisha,Roy,trisha449@hotmail.com,919390079276,1987-11-04,2019-06-24,PM-002
CUST-14686,Jayant,Kurian,jayant542@gmail.com,919170128531,1982-11-30,2013-10-24,PM-002
CUST-14687,Navya,Ben,bennavya231@gmail.com,917554338642,1989-08-02,2012-08-14,PM-003
CUST-14688,Onkar,Apte,onkar.apte331@outlook.com,917703095701,1985-03-01,2023-11-09,PM-001
CUST-14689,Yashvi,Mangat,yashvi.350@gmail.com,919116132725,1997-06-29,2020-06-19,PM-004
CUST-14690,Hazel,Hans,hazel.hans444@gmail.com,917676315997,1990-07-17,2020-02-03,PM-002
CUST-14691,Yuvraj ,Randhawa,yuvraj .randhawa697@icloud.com,919690834327,2003-05-11,2023-11-22,PM-001
CUST-14692,Vaibhav,Goda,godavaibhav432@hotmail.com,919536153594,2003-07-16,2022-11-01,PM-002
CUST-14693,Faiyaz,Bhatt,faiyaz_538@hotmail.com,918728572341,1996-02-03,2015-11-14,PM-001
CUST-14694,Zain,Sami,zain.sami859@outlook.com,917943795895,1985-04-25,2013-10-01,PM-004
CUST-14695,Yuvraj ,Borah,yuvraj _409@gmail.com,919004117943,1994-04-20,2020-08-17,PM-004
CUST-14696,Zara,Samra,zara.200@hotmail.com,919923675809,2006-02-07,2024-03-28,PM-002
CUST-14697,Piya,Chadha,chadhapiya178@outlook.com,918395827556,1982-10-16,2017-02-04,PM-002
CUST-14698,Biju,Chaudhuri,biju.chaudhuri635@outlook.com,917316448963,1984-05-04,2016-11-29,PM-003
CUST-14699,Aaina,Seshadri,aaina.seshadri140@icloud.com,918594269603,2005-03-25,2024-04-17,PM-002
CUST-14700,Aradhya,Rege,aradhya.853@icloud.com,918817144885,1999-12-04,2023-05-30,PM-002
CUST-14701,Tanya,Varkey,varkeytanya789@gmail.com,918036422246,2005-06-14,2024-02-02,PM-003
CUST-14702,Dhruv,Sarin,sarindhruv234@gmail.com,919749514988,1999-07-15,2018-09-15,PM-001
CUST-14703,Siya,Wable,siya.836@gmail.com,918866663422,1980-07-10,2003-10-01,PM-001
CUST-14704,Hansh,Master,masterhansh311@outlook.com,918302606382,1976-08-08,2024-03-15,PM-001
CUST-14705,Lakshay,Dar,lakshay387@outlook.com,917859102473,2002-04-17,2022-08-29,PM-002
CUST-14706,Ira,Bhatt,ira.149@gmail.com,919665235014,1981-06-22,2017-05-07,PM-003
CUST-14707,Amani,Chandran,amani_451@hotmail.com,917582954668,1988-12-18,2006-12-23,PM-003
CUST-14708,Divij,Bhat,divij_889@outlook.com,917801869560,2003-01-26,2023-08-18,PM-002
CUST-14709,Azad,Banik,azad.banik165@outlook.com,918489046064,1987-11-10,2021-03-20,PM-003
CUST-14710,Aaina,Badami,aaina.badami746@hotmail.com,917319259399,2001-10-15,2019-12-29,PM-004
CUST-14711,Saanvi,Zacharia,saanvi.zacharia821@icloud.com,917883106992,1979-09-05,2007-04-01,PM-004
CUST-14712,Lakshit,Subramaniam,lakshit.173@hotmail.com,919448425773,1994-12-17,2016-11-26,PM-001
CUST-14713,Siya,Doshi,siya_162@outlook.com,919708886546,1990-08-29,2021-03-22,PM-004
CUST-14714,Vritika,Bhatti,vritika_380@yahoo.com,919747563541,1990-01-07,2023-06-20,PM-004
CUST-14715,Chirag,Goel,chirag_143@outlook.com,919803941787,1997-01-22,2015-09-18,PM-004
CUST-14716,Drishya,Ratti,drishya.ratti217@gmail.com,919812956213,2004-06-09,2022-08-19,PM-004
CUST-14717,Arnav,Dhar,arnav.dhar560@gmail.com,917380341251,1994-10-15,2020-07-13,PM-003
CUST-14718,Shray,Kuruvilla,kuruvillashray706@hotmail.com,919526220258,1975-08-26,2011-01-05,PM-002
CUST-14719,Riaan,Tandon,riaan_399@icloud.com,918591322151,1983-05-16,2008-05-22,PM-003
CUST-14720,Himmat,D’Alia,himmat466@yahoo.com,919149352440,2005-12-20,2023-12-31,PM-001
CUST-14721,Kaira,Choudhry,kaira_525@yahoo.com,918497035346,1978-10-23,1997-06-02,PM-001
CUST-14722,Anahi,Cheema,anahi.cheema524@gmail.com,917425613937,1982-07-03,2016-12-29,PM-002
CUST-14723,Mahika,Ravi,mahika179@yahoo.com,917302197425,1989-04-30,2022-05-13,PM-002
CUST-14724,Lavanya,Jha,lavanya553@gmail.com,918248480254,2002-09-02,2021-10-30,PM-003
CUST-14725,Sara,Bava,sara796@yahoo.com,919626167796,1990-08-31,2018-10-06,PM-003
CUST-14726,Onkar,Singhal,onkar971@outlook.com,917801491963,2002-01-03,2021-04-17,PM-003
CUST-14727,Yasmin,Chokshi,chokshiyasmin199@yahoo.com,917226756313,2005-09-13,2023-12-30,PM-002
CUST-14728,Aarna,Gala,aarna_686@icloud.com,919170661950,1978-02-16,2017-11-14,PM-002
CUST-14729,Nehmat,Saha,nehmat414@yahoo.com,917271862926,1991-10-13,2022-10-02,PM-003
CUST-14730,Arnav,Tiwari,arnav.743@yahoo.com,919903035363,1986-06-07,2014-06-30,PM-001
CUST-14731,Diya,Saini,diya.275@gmail.com,919264363727,1981-02-18,2019-10-26,PM-002
CUST-14732,Lagan,Bhasin,lagan721@hotmail.com,917929937608,1975-12-08,2023-04-13,PM-001
CUST-14733,Bhavin,Gole,golebhavin753@icloud.com,917353061024,2003-07-09,2023-05-30,PM-003
CUST-14734,Indrans,Ramesh,indrans.336@yahoo.com,917790451457,1988-07-04,2012-07-25,PM-003
CUST-14735,Badal,Seth,badal_863@hotmail.com,918212412606,1976-09-30,2018-05-06,PM-002
CUST-14736,Yuvraj ,Buch,yuvraj .735@icloud.com,919299873368,1987-09-26,2006-07-02,PM-001
CUST-14737,Lakshay,Kunda,lakshay_445@yahoo.com,917594623864,2004-11-28,2023-08-06,PM-004
CUST-14738,Mehul,Kunda,mehul.443@icloud.com,919671571769,1991-12-14,2012-04-28,PM-003
CUST-14739,Prerak,Choudhry,prerak_939@outlook.com,917153255696,1977-10-31,2011-06-25,PM-001
CUST-14740,Keya,Gaba,keya.925@hotmail.com,918129324489,1989-09-30,2023-09-28,PM-004
CUST-14741,Alia,Kota,alia.kota267@outlook.com,919135086797,1978-12-02,2013-07-04,PM-004
CUST-14742,Divij,Thaker,divij785@gmail.com,918074197709,2006-05-09,2024-05-05,PM-001
CUST-14743,Seher,Dara,seher.467@yahoo.com,917794162424,1979-12-03,2000-05-07,PM-003
CUST-14744,Kavya,Ratti,kavya_215@icloud.com,917428696429,1982-09-12,2003-06-29,PM-004
CUST-14745,Taimur,Devan,taimur.314@hotmail.com,917651411765,1988-06-15,2017-12-31,PM-004
CUST-14746,Biju,Chakrabarti,biju.121@yahoo.com,919032494482,1976-04-01,2010-09-21,PM-002
CUST-14747,Aarav,Wadhwa,aarav_668@gmail.com,919133110504,2004-08-13,2023-03-07,PM-003
CUST-14748,Amani,Ram,amani873@outlook.com,919013087433,1989-12-04,2009-04-21,PM-004
CUST-14749,Abram,Lad,ladabram590@yahoo.com,917561227372,1988-10-10,2008-04-26,PM-001
CUST-14750,Seher,Kannan,kannanseher594@hotmail.com,919749356654,1982-01-23,2023-07-05,PM-003
CUST-14751,Siya,Sen,siya.sen350@hotmail.com,917876999626,1983-10-11,2004-08-20,PM-001
CUST-14752,Manikya,Suresh,sureshmanikya688@outlook.com,918215730376,1998-03-04,2020-07-11,PM-001
CUST-14753,Riaan,Chauhan,riaan.877@gmail.com,918547386943,2002-10-25,2021-05-24,PM-001
CUST-14754,Adah,Savant,adah.226@icloud.com,917905720089,1981-06-26,2021-01-31,PM-001
CUST-14755,Darshit,Dugal,darshit.967@icloud.com,918942696383,1977-09-28,2000-10-30,PM-002
CUST-14756,Jayesh,Gade,gadejayesh825@icloud.com,919161063266,1991-11-06,2023-01-18,PM-001
CUST-14757,Vivaan,Ramakrishnan,vivaan_919@gmail.com,917404110207,1992-12-11,2012-07-13,PM-004
CUST-14758,Saksham,Chakrabarti,saksham.chakrabarti381@hotmail.com,917297154318,1987-10-14,2023-07-13,PM-002
CUST-14759,Anahita,Cheema,cheemaanahita971@gmail.com,918186084281,1984-07-17,2022-03-26,PM-002
CUST-14760,Madhav,Bhatt,madhav_681@gmail.com,918881675273,1979-07-27,2002-11-12,PM-003
CUST-14761,Veer,Sami,veer460@yahoo.com,917617037068,1997-02-11,2016-01-16,PM-004
CUST-14762,Mamooty,Majumdar,mamooty.majumdar607@outlook.com,918143447353,2002-02-22,2021-12-25,PM-002
CUST-14763,Shalv,Kota,shalv_127@outlook.com,918418793664,1976-09-03,1999-09-14,PM-002
CUST-14764,Ela,Walla,ela.361@outlook.com,919744343060,2006-04-03,2024-06-07,PM-002
CUST-14765,Onkar,Keer,keeronkar776@icloud.com,917812542053,1974-09-21,2011-03-11,PM-004
CUST-14766,Jhanvi,Mangal,jhanvi_574@icloud.com,918522120872,1984-05-28,2016-05-19,PM-004
CUST-14767,Samarth,Rastogi,samarth858@outlook.com,918223617428,1995-02-02,2020-06-22,PM-001
CUST-14768,Abram,Anand,abram.anand809@icloud.com,918913852771,2003-01-12,2022-04-06,PM-003
CUST-14769,Shayak,Deol,shayak.deol774@hotmail.com,917109964538,1986-12-07,2009-02-05,PM-003
CUST-14770,Umang,Rana,umang.844@gmail.com,917037741711,1981-06-07,2013-09-14,PM-001
CUST-14771,Ela,Bhardwaj,ela517@outlook.com,918503322637,1987-07-15,2015-07-29,PM-004
CUST-14772,Dishani,Wason,dishani_835@yahoo.com,919855966042,1984-12-12,2019-08-21,PM-002
CUST-14773,Nakul,Bahri,nakul.565@gmail.com,919520570885,1996-07-02,2022-07-10,PM-001
CUST-14774,Shanaya,Ramanathan,shanaya.347@outlook.com,918051046561,1981-11-06,2001-01-28,PM-002
CUST-14775,Renee,Bala,renee.bala874@gmail.com,918309079635,1994-12-18,2021-09-10,PM-002
CUST-14776,Suhana,Kala,suhana.kala551@hotmail.com,917616389520,1985-11-02,2018-12-11,PM-004
CUST-14777,Ela,Zachariah,ela_580@hotmail.com,918779583738,1981-03-19,2004-10-04,PM-002
CUST-14778,Misha,Dey,misha.427@yahoo.com,917585451301,1994-03-27,2012-08-02,PM-003
CUST-14779,Aaryahi,Krishnan,aaryahi_859@hotmail.com,919462534179,1974-10-13,2006-05-15,PM-001
CUST-14780,Akarsh,Rattan,akarsh359@yahoo.com,917062065829,1988-04-04,2006-09-07,PM-002
CUST-14781,Manjari,Bahl,manjari766@outlook.com,919900580379,2000-11-15,2021-02-27,PM-001
CUST-14782,Bhavin,Dani,bhavin.dani629@outlook.com,918443228672,2004-08-12,2023-10-29,PM-002
CUST-14783,Jhanvi,Reddy,reddyjhanvi481@hotmail.com,919907350949,1987-08-01,2016-08-13,PM-001
CUST-14784,Dhanuk,Raja,dhanuk.raja964@outlook.com,919346381120,1989-02-24,2015-09-26,PM-004
CUST-14785,Ishaan,Bawa,bawaishaan365@yahoo.com,917586700798,2003-12-27,2022-12-15,PM-003
CUST-14786,Prisha,Solanki,prisha.937@outlook.com,918386972524,2001-06-02,2021-10-22,PM-004
CUST-14787,Hazel,Zacharia,hazel_374@yahoo.com,917186346293,1982-07-21,2023-02-27,PM-004
CUST-14788,Lakshit,Uppal,lakshit.251@gmail.com,918949703332,1995-05-16,2021-08-07,PM-004
CUST-14789,Anaya,Shanker,shankeranaya219@icloud.com,918841902175,1981-10-07,2021-02-14,PM-003
CUST-14790,Suhana,Uppal,suhana416@hotmail.com,917558132123,2005-02-22,2023-03-17,PM-001
CUST-14791,Advika,Balasubramanian,balasubramanianadvika865@yahoo.com,918472232926,2004-11-29,2023-10-15,PM-003
CUST-14792,Raghav,Brar,raghav673@hotmail.com,917018010713,2001-05-01,2022-08-26,PM-002
CUST-14793,Mahika,Rajagopalan,rajagopalanmahika244@hotmail.com,919315275393,1981-11-27,2017-05-18,PM-002
CUST-14794,Reyansh,Kade,reyansh.kade985@gmail.com,917762452187,1995-03-19,2023-09-06,PM-004
CUST-14795,Aniruddh,Ramanathan,aniruddh.ramanathan112@icloud.com,918363096231,2001-01-25,2019-07-10,PM-001
CUST-14796,Vanya,Chaudhry,chaudhryvanya738@icloud.com,918082753834,1999-06-02,2017-06-29,PM-001
CUST-14797,Ehsaan,Magar,magarehsaan468@gmail.com,919707492638,1985-09-09,2010-07-16,PM-002
CUST-14798,Adira,Bakshi,adira_423@icloud.com,919278397303,1978-07-30,2003-06-25,PM-003
CUST-14799,Yuvraj ,Sibal,yuvraj .sibal740@outlook.com,917810459319,1998-07-04,2019-02-24,PM-002
CUST-14800,Lakshit,Bhandari,lakshit.bhandari863@gmail.com,918619134374,1980-03-05,2010-03-18,PM-001
CUST-14801,Oorja,Choudhry,oorja_934@hotmail.com,918328069981,1993-11-20,2016-11-06,PM-004
CUST-14802,Vivaan,Bora,vivaan_617@hotmail.com,917466551257,1988-06-10,2022-08-24,PM-003
CUST-14803,Himmat,Vyas,himmat_810@icloud.com,917371310572,1997-08-31,2018-10-12,PM-003
CUST-14804,Riya,Chhabra,riya.chhabra387@yahoo.com,919391896878,1988-11-14,2012-10-06,PM-004
CUST-14805,Indranil,Venkataraman,venkataramanindranil536@gmail.com,918444402580,1982-12-19,2007-07-03,PM-002
CUST-14806,Mamooty,Chhabra,mamooty.842@yahoo.com,919417153529,1975-06-15,2005-08-01,PM-002
CUST-14807,Rania,Manne,rania.manne411@yahoo.com,918376293487,1984-10-01,2008-09-09,PM-003
CUST-14808,Rhea,Butala,rhea_965@gmail.com,919718547056,1996-05-18,2018-03-23,PM-004
CUST-14809,Ela,Bajaj,ela848@yahoo.com,918297846240,1991-08-06,2010-11-19,PM-002
CUST-14810,Vardaniya,Rattan,vardaniya.rattan200@icloud.com,918235472729,1978-06-11,2016-09-07,PM-003
CUST-14811,Abram,Garg,abram.729@icloud.com,918932963197,1996-05-23,2020-11-27,PM-002
CUST-14812,Divij,Desai,divij272@outlook.com,919940574810,1984-07-26,2011-10-19,PM-001
CUST-14813,Ishita,Sodhi,ishita_244@outlook.com,919023997369,1979-09-25,2007-07-10,PM-003
CUST-14814,Zoya,Goswami,goswamizoya848@icloud.com,917656276568,2006-02-18,2024-05-22,PM-001
CUST-14815,Siya,Sathe,siya159@gmail.com,919793945159,1984-07-05,2010-05-05,PM-004
CUST-14816,Kabir,Raman,kabir.raman727@gmail.com,917555033238,1991-02-13,2019-02-21,PM-002
CUST-14817,Hansh,Raju,hansh.999@outlook.com,917169325984,1983-11-17,2015-09-09,PM-003
CUST-14818,Jhanvi,Hayre,jhanvi.931@outlook.com,917637569849,1997-10-05,2016-01-03,PM-001
CUST-14819,Ehsaan,Hans,ehsaan.hans178@icloud.com,918214563924,1995-01-26,2022-07-04,PM-003
CUST-14820,Nitara,Sawhney,nitara.370@outlook.com,918087656461,2005-11-12,2023-12-19,PM-001
CUST-14821,Biju,Ahluwalia,biju661@icloud.com,919796904103,1977-03-04,2007-08-17,PM-002
CUST-14822,Akarsh,Bhatia,akarsh.253@gmail.com,918835813699,1975-12-11,2002-02-19,PM-002
CUST-14823,Riaan,Sahni,sahniriaan757@gmail.com,918334400264,1988-12-06,2014-11-12,PM-001
CUST-14824,Vidur,Mallick,vidur.mallick585@outlook.com,918774599614,1988-09-12,2021-09-11,PM-001
CUST-14825,Taran,Raju,taran.raju577@outlook.com,917968998597,1983-01-13,2005-03-16,PM-001
CUST-14826,Aarav,Anand,aarav982@icloud.com,917416228810,2003-01-31,2022-11-18,PM-001
CUST-14827,Zoya,Sane,zoya329@gmail.com,917671571122,1990-12-27,2017-09-08,PM-004
CUST-14828,Vidur,Khurana,vidur.khurana606@icloud.com,919259136746,1992-02-03,2010-12-27,PM-004
CUST-14829,Yashvi,Brahmbhatt,yashvi_267@hotmail.com,917685483063,1976-10-15,2003-09-04,PM-003
CUST-14830,Anvi,Basu,anvi994@gmail.com,917234900966,1999-12-27,2018-05-30,PM-003
CUST-14831,Nishith,Chada,nishith.571@icloud.com,918514514314,1974-08-08,2000-11-14,PM-004
CUST-14832,Ranbir,Ramachandran,ramachandranranbir392@outlook.com,918786635248,1985-10-17,2022-06-15,PM-004
CUST-14833,Kismat,Konda,kismat.409@icloud.com,917464917063,1992-01-10,2022-01-22,PM-001
CUST-14834,Samiha,Chaudry,samiha856@outlook.com,918024640800,2004-08-31,2022-08-29,PM-001
CUST-14835,Kavya,Gour,gourkavya915@hotmail.com,919476478799,1994-09-01,2024-02-23,PM-001
CUST-14836,Samaira,Bandi,samaira.bandi178@gmail.com,917017020991,1976-01-28,2008-01-14,PM-001
CUST-14837,Pihu,Grover,pihu603@hotmail.com,919543873907,1997-11-09,2020-06-10,PM-002
CUST-14838,Hridaan,Biswas,hridaan.778@hotmail.com,918296901692,1985-06-01,2017-06-17,PM-002
CUST-14839,Anaya,Uppal,anaya655@yahoo.com,919389632920,2000-09-11,2022-10-11,PM-004
CUST-14840,Mohanlal,Kala,mohanlal.688@hotmail.com,918532126463,1991-12-23,2020-09-27,PM-001
CUST-14841,Neysa,Bassi,bassineysa741@icloud.com,918655600598,1980-10-03,2014-09-24,PM-004
CUST-14842,Pari,Goswami,pari.799@icloud.com,919336504286,2004-01-16,2022-02-16,PM-002
CUST-14843,Anya,Tiwari,tiwarianya931@icloud.com,918982938066,1998-07-31,2018-01-08,PM-002
CUST-14844,Zara,Bandi,zara.902@outlook.com,918820119625,2002-04-23,2021-05-14,PM-003
CUST-14845,Akarsh,Krishnamurthy,akarsh_908@yahoo.com,919353754495,1999-02-27,2021-06-08,PM-001
CUST-14846,Yashvi,Sanghvi,yashvi.sanghvi593@gmail.com,919481006733,1979-03-26,2001-03-29,PM-003
CUST-14847,Ivana,Krishna,ivana_414@hotmail.com,919173977535,2002-02-28,2024-02-22,PM-002
CUST-14848,Prerak,Brar,prerak633@outlook.com,917222145862,1994-08-04,2021-06-29,PM-001
CUST-14849,Adira,Singh,singhadira207@hotmail.com,918378577576,1992-01-26,2020-11-18,PM-001
CUST-14850,Vardaniya,Wason,wasonvardaniya187@outlook.com,918594024702,1979-03-05,2010-10-27,PM-003
CUST-14851,Hunar,Jaggi,hunar.jaggi163@yahoo.com,918644749744,1991-03-28,2022-02-03,PM-003
CUST-14852,Saanvi,Brar,saanvi.brar676@hotmail.com,917568889976,2000-03-29,2020-02-02,PM-003
CUST-14853,Anahita,Joshi,anahita.joshi983@outlook.com,918731101663,1994-10-25,2015-11-12,PM-003
CUST-14854,Ishita,Bhasin,ishita184@yahoo.com,918984318574,1996-05-11,2024-02-27,PM-002
CUST-14855,Shamik,Madan,shamik_600@gmail.com,918591311563,1989-07-08,2019-10-21,PM-003
CUST-14856,Ira,Yohannan,ira_485@outlook.com,917977655975,1976-01-28,1995-05-15,PM-001
CUST-14857,Indrajit,Krish,indrajit109@hotmail.com,918911597270,1984-03-27,2002-10-19,PM-004
CUST-14858,Madhav,Din,dinmadhav249@hotmail.com,917193774500,1982-05-10,2011-12-09,PM-004
CUST-14859,Anay,Sinha,anay_393@hotmail.com,919668876647,2003-06-19,2024-02-03,PM-003
CUST-14860,Hrishita,Chad,hrishita.242@yahoo.com,919204360600,1985-10-25,2017-07-28,PM-002
CUST-14861,Aniruddh,Chakrabarti,chakrabartianiruddh856@outlook.com,919738936182,2002-09-19,2024-01-24,PM-004
CUST-14862,Baiju,Sane,baiju.256@outlook.com,917236289982,1974-06-22,1997-08-23,PM-002
CUST-14863,Trisha,Mane,trisha.792@hotmail.com,919631747272,1998-05-07,2017-11-03,PM-001
CUST-14864,Bhavin,Dhingra,bhavin_318@outlook.com,918498098669,1974-08-25,2010-07-16,PM-004
CUST-14865,Hrishita,Barman,hrishita.barman799@icloud.com,919898623015,1984-06-30,2015-12-23,PM-001
CUST-14866,Zaina,Sawhney,zaina.sawhney748@yahoo.com,919235009004,1996-10-05,2017-10-24,PM-001
CUST-14867,Aradhya,Ganguly,gangulyaradhya399@hotmail.com,917221454348,2000-08-10,2020-12-10,PM-004
CUST-14868,Yakshit,Deol,yakshit241@icloud.com,917983006902,1991-05-26,2009-10-11,PM-003
CUST-14869,Trisha,Vohra,trisha.572@gmail.com,919175554384,1994-09-13,2013-09-15,PM-003
CUST-14870,Rhea,Basu,rhea.basu323@gmail.com,917527318100,1987-05-12,2023-06-07,PM-002
CUST-14871,Aniruddh,Wason,aniruddh586@icloud.com,917831853923,1989-05-21,2007-09-12,PM-003
CUST-14872,Indranil,Iyer,indranil_193@icloud.com,917682114143,1994-12-03,2019-06-21,PM-003
CUST-14873,Amani,Gala,amani.gala512@icloud.com,918738425873,2005-05-12,2023-07-03,PM-003
CUST-14874,Ishita,Lata,lataishita463@outlook.com,918393449345,1995-09-20,2017-07-02,PM-004
CUST-14875,Dhanuk,Mangat,dhanuk_117@gmail.com,917127242916,1994-03-09,2018-04-27,PM-001
CUST-14876,Urvi,Choudhry,urvi750@yahoo.com,917097269616,2004-06-02,2022-06-06,PM-004
CUST-14877,Jayant,Dara,jayant.999@hotmail.com,919887831653,1989-10-03,2011-08-29,PM-002
CUST-14878,Hunar,Sekhon,hunar.638@yahoo.com,918592073859,1983-03-18,2019-07-07,PM-003
CUST-14879,Kimaya,Wason,kimaya.510@yahoo.com,918122650327,1997-12-18,2019-03-17,PM-001
CUST-14880,Ritvik,Chawla,ritvik992@outlook.com,917990060193,1979-01-29,2020-12-04,PM-003
CUST-14881,Uthkarsh,Jain,jainuthkarsh590@gmail.com,919745497662,2000-07-26,2020-03-20,PM-001
CUST-14882,Saanvi,Bhavsar,saanvi.bhavsar486@hotmail.com,917162342424,2001-02-02,2023-08-30,PM-001
CUST-14883,Aarush,Majumdar,aarush654@icloud.com,918941905764,1984-10-12,2006-09-18,PM-002
CUST-14884,Yuvraj ,Kade,yuvraj .kade331@gmail.com,917486981229,1992-09-08,2021-02-01,PM-002
CUST-14885,Darshit,Baral,darshit_960@outlook.com,919840857232,1986-04-09,2007-11-21,PM-001
CUST-14886,Raghav,Sinha,raghav.582@outlook.com,919119470723,2005-07-17,2024-01-21,PM-002
CUST-14887,Dhruv,Choudhury,dhruv308@icloud.com,917467825291,1983-04-12,2018-04-21,PM-002
CUST-14888,Mehul,Salvi,mehul.salvi187@icloud.com,919709796588,2004-09-07,2023-01-02,PM-004
CUST-14889,Kismat,Chhabra,kismat_231@outlook.com,918170092208,2005-06-25,2024-04-18,PM-001
CUST-14890,Mehul,Sachdev,mehul291@hotmail.com,918011386381,1989-08-29,2013-05-03,PM-004
CUST-14891,Tanya,Wagle,tanya267@hotmail.com,919782925360,1996-03-04,2017-07-08,PM-002
CUST-14892,Shamik,Buch,shamik_588@outlook.com,919636951935,1974-07-26,2013-11-16,PM-002
CUST-14893,Saira,Vora,saira.870@hotmail.com,918735930967,1998-08-03,2018-12-21,PM-004
CUST-14894,Neysa,Chaudhry,neysa_295@outlook.com,917868776747,1998-08-07,2024-05-14,PM-003
CUST-14895,Jivika,Talwar,jivika.talwar457@outlook.com,919263109989,1992-09-28,2015-02-22,PM-004
CUST-14896,Adah,Mander,adah173@yahoo.com,918531620386,2000-04-06,2022-06-28,PM-002
CUST-14897,Farhan,Raval,farhan_339@gmail.com,917750174428,1992-08-10,2023-01-27,PM-001
CUST-14898,Inaaya ,Kumer,inaaya _838@yahoo.com,919797892485,1985-07-07,2020-09-23,PM-001
CUST-14899,Trisha,Varughese,trisha.446@outlook.com,918321821190,1980-02-20,2017-08-28,PM-003
CUST-14900,Lagan,Kade,kadelagan220@hotmail.com,918253415237,2006-05-21,2024-06-08,PM-004
CUST-14901,Emir,Cherian,emir_840@hotmail.com,919961942387,2004-06-07,2024-05-14,PM-004
CUST-14902,Manikya,Shukla,manikya.shukla396@icloud.com,917911328011,1994-01-30,2012-09-27,PM-001
CUST-14903,Lagan,Bali,balilagan467@icloud.com,919992592597,1985-07-08,2023-05-23,PM-001
CUST-14904,Yuvaan,Chaudhary,yuvaan219@icloud.com,917769896833,1981-10-24,2011-10-08,PM-002
CUST-14905,Anika,Manda,anika.476@hotmail.com,917925342172,1980-01-06,2005-07-07,PM-004
CUST-14906,Rohan,Banerjee,rohan997@yahoo.com,919374009242,2003-05-26,2021-10-10,PM-001
CUST-14907,Alisha,Kuruvilla,alisha874@yahoo.com,919953513009,1998-03-13,2021-06-15,PM-004
CUST-14908,Nitara,Bains,nitara_922@yahoo.com,919544963585,2005-09-29,2024-04-22,PM-001
CUST-14909,Divyansh,Wadhwa,divyansh.858@hotmail.com,917398951334,1987-02-20,2012-12-30,PM-002
CUST-14910,Divij,Andra,divij_869@gmail.com,918392060429,1976-11-13,2022-12-13,PM-001
CUST-14911,Taimur,Dayal,taimur_754@outlook.com,919110264292,2004-04-09,2023-05-26,PM-004
CUST-14912,Madhup,Chacko,madhup.757@outlook.com,919695887288,1977-10-11,1999-04-18,PM-003
CUST-14913,Ojas,Bumb,ojas.bumb657@yahoo.com,917846617057,1986-05-04,2019-11-12,PM-001
CUST-14914,Lagan,Kurian,lagan.kurian753@hotmail.com,917335793943,1981-04-07,2003-03-03,PM-001
CUST-14915,Aniruddh,Sarkar,aniruddh.135@hotmail.com,918148301581,1980-05-31,2023-01-12,PM-002
CUST-14916,Advika,Zachariah,advika_848@icloud.com,918871145607,1997-08-20,2023-07-02,PM-001
CUST-14917,Nirvi,Sura,nirvi_218@hotmail.com,917641610330,2001-04-20,2022-12-30,PM-003
CUST-14918,Kaira,Varghese,kaira.varghese349@hotmail.com,917310189229,1981-10-13,2006-10-04,PM-001
CUST-14919,Yuvraj ,Jani,janiyuvraj 862@yahoo.com,918602604910,1983-02-15,2008-12-11,PM-001
CUST-14920,Vaibhav,Singh,vaibhav.667@icloud.com,919771586023,1999-03-25,2021-01-05,PM-004
CUST-14921,Neelofar,Sarraf,neelofar.sarraf388@icloud.com,919291000855,2006-04-11,2024-06-11,PM-003
CUST-14922,Badal,Tara,badal.tara532@gmail.com,917558407573,2000-08-25,2020-09-17,PM-004
CUST-14923,Ehsaan,Lall,ehsaan.lall713@icloud.com,919602929647,1978-03-06,2004-11-23,PM-001
CUST-14924,Anaya,Varghese,vargheseanaya462@hotmail.com,918732041807,1982-11-07,2017-06-08,PM-002
CUST-14925,Vritika,Goswami,vritika400@yahoo.com,919530112028,1990-11-18,2015-01-25,PM-003
CUST-14926,Elakshi,Gola,elakshi175@icloud.com,919429935393,1987-11-25,2020-08-08,PM-004
CUST-14927,Fateh,Chowdhury,chowdhuryfateh170@outlook.com,917802294855,2004-08-21,2024-04-16,PM-001
CUST-14928,Abram,Srinivasan,abram_778@outlook.com,917147649989,1974-09-12,2009-06-16,PM-004
CUST-14929,Vihaan,Khalsa,khalsavihaan528@hotmail.com,919560259858,2002-08-17,2021-04-17,PM-004
CUST-14930,Stuvan,Basu,stuvan.594@icloud.com,919331460211,1993-08-21,2016-11-24,PM-003
CUST-14931,Advika,Malhotra,advika.malhotra265@yahoo.com,918368259861,1987-05-11,2023-07-31,PM-004
CUST-14932,Emir,Brahmbhatt,emir_151@hotmail.com,919040921858,1976-01-06,2011-04-05,PM-004
CUST-14933,Vedika,Dyal,dyalvedika388@icloud.com,919712667032,1983-09-08,2004-06-29,PM-001
CUST-14934,Anaya,Varma,anaya.723@icloud.com,917113739927,1990-01-11,2010-12-11,PM-003
CUST-14935,Khushi,Sibal,khushi_854@gmail.com,918480887595,1999-01-13,2018-01-18,PM-004
CUST-14936,Tushar,Sem,semtushar911@outlook.com,919928894972,1982-07-21,2021-09-01,PM-001
CUST-14937,Damini,Goel,damini349@outlook.com,917988141165,1991-01-31,2021-08-12,PM-001
CUST-14938,Zara,Dubey,zara390@gmail.com,919534563986,1997-08-24,2018-12-01,PM-003
CUST-14939,Jivika,Chaudhary,jivika.631@outlook.com,919787401391,1977-08-07,2021-10-25,PM-004
CUST-14940,Azad,Sinha,azad_236@icloud.com,918600215547,2005-04-25,2023-11-10,PM-001
CUST-14941,Mannat,Gala,mannat.726@hotmail.com,919276628064,1983-09-21,2013-02-02,PM-002
CUST-14942,Yashvi,Bains,yashvi.bains487@outlook.com,919966967051,1998-03-16,2021-02-27,PM-004
CUST-14943,Oorja,Johal,oorja_235@gmail.com,919927755433,1989-03-27,2013-11-24,PM-002
CUST-14944,Elakshi,Sankaran,sankaranelakshi298@gmail.com,918958035132,1987-06-11,2009-05-29,PM-002
CUST-14945,Advik,Lata,advik942@yahoo.com,917293212380,1995-08-30,2019-01-23,PM-004
CUST-14946,Yakshit,Barad,yakshit889@icloud.com,917030930611,1976-08-15,2006-05-26,PM-002
CUST-14947,Fateh,Kannan,fateh_226@yahoo.com,917786041047,2003-03-07,2023-12-31,PM-002
CUST-14948,Tushar,Kapoor,tushar_417@outlook.com,919715659510,1974-10-23,1996-12-01,PM-002
CUST-14949,Armaan,Varghese,armaan.varghese473@outlook.com,917536862623,1980-07-13,2021-06-14,PM-002
CUST-14950,Anya,Golla,anya.863@yahoo.com,917444929630,1974-08-08,2020-04-20,PM-003
CUST-14951,Tejas,Som,tejas451@outlook.com,917109479263,1984-12-08,2022-09-21,PM-003
CUST-14952,Hiran,Dass,hiran_961@yahoo.com,918762372656,1996-03-26,2016-03-06,PM-004
CUST-14953,Purab,Lad,purab.lad426@yahoo.com,917415750751,1983-05-13,2014-06-30,PM-002
CUST-14954,Himmat,Sem,himmat_820@yahoo.com,919609097776,1995-06-17,2017-03-28,PM-004
CUST-14955,Jayesh,Sundaram,jayesh832@hotmail.com,919577580509,1983-02-10,2014-12-08,PM-003
CUST-14956,Nitya,Hora,nitya434@outlook.com,919838770158,2000-07-21,2021-09-14,PM-001
CUST-14957,Adira,Comar,adira_883@icloud.com,918650422057,1997-03-24,2016-08-13,PM-004
CUST-14958,Saanvi,Chadha,saanvi987@icloud.com,919816975428,1999-11-25,2020-12-07,PM-004
CUST-14959,Veer,Varkey,varkeyveer556@hotmail.com,918537391354,1985-07-03,2013-12-12,PM-001
CUST-14960,Adira,Lanka,adira.lanka591@yahoo.com,917010596355,1991-03-06,2017-11-25,PM-004
CUST-14961,Oorja,Iyer,oorja991@yahoo.com,918117168784,2005-07-19,2024-02-10,PM-002
CUST-14962,Mahika,Majumdar,mahika.290@outlook.com,917966551682,1976-04-12,2008-05-12,PM-004
CUST-14963,Vritika,Swamy,vritika648@icloud.com,919010252871,1982-06-26,2021-07-10,PM-004
CUST-14964,Ela,Tara,ela_449@hotmail.com,918416039563,1993-03-04,2014-03-21,PM-003
CUST-14965,Ayesha,Seth,ayesha.seth536@yahoo.com,918337143286,1991-01-22,2024-02-28,PM-003
CUST-14966,Advik,De,deadvik154@yahoo.com,919525052220,1981-12-29,2021-11-26,PM-004
CUST-14967,Lakshay,Raj,lakshay.raj941@icloud.com,917148732896,1999-03-20,2020-02-13,PM-001
CUST-14968,Rati,Kaur,rati.kaur321@outlook.com,919959428129,2003-05-31,2021-07-09,PM-003
CUST-14969,Zain,Krishna,zain365@gmail.com,919214273061,1985-03-27,2012-04-11,PM-004
CUST-14970,Dishani,Dar,dishani698@yahoo.com,919170066572,2005-04-18,2023-09-09,PM-003
CUST-14971,Raunak,Loyal,raunak.loyal398@outlook.com,919983912795,1979-09-14,2018-09-24,PM-002
CUST-14972,Saira,Kibe,kibesaira964@icloud.com,919710060227,1976-05-11,2019-04-28,PM-003
CUST-14973,Navya,Borde,navya.886@outlook.com,918425067235,1994-04-17,2022-05-11,PM-004
CUST-14974,Nishith,Dasgupta,nishith.246@gmail.com,918035494526,1995-05-13,2023-08-09,PM-002
CUST-14975,Vaibhav,Bora,vaibhav257@gmail.com,919748493413,1992-04-07,2012-05-18,PM-003
CUST-14976,Jivika,Date,jivika887@gmail.com,918888529106,1995-08-11,2021-02-12,PM-002
CUST-14977,Prerak,Khare,prerak691@icloud.com,917712073360,1977-05-10,1999-09-16,PM-004
CUST-14978,Kashvi,Anne,kashvi684@hotmail.com,918670818668,1987-02-15,2006-04-06,PM-001
CUST-14979,Jayesh,Majumdar,jayesh.majumdar483@hotmail.com,919879660096,1993-06-16,2021-05-04,PM-002
CUST-14980,Vihaan,Bhagat,vihaan_199@yahoo.com,917626805577,1993-10-28,2022-01-10,PM-002
CUST-14981,Aradhya,Bajaj,aradhya.635@icloud.com,918573592884,1980-02-03,2004-07-11,PM-004
CUST-14982,Tara,Bumb,tara.340@gmail.com,919987015722,2004-11-13,2023-04-26,PM-002
CUST-14983,Mannat,Sastry,mannat.465@hotmail.com,917012101170,1981-07-14,2021-02-08,PM-001
CUST-14984,Riya,Raval,riya.576@gmail.com,917193669153,1979-06-10,2009-09-03,PM-002
CUST-14985,Rohan,Devan,rohan_530@icloud.com,919768677826,1983-12-08,2022-02-27,PM-003
CUST-14986,Divit,Buch,buchdivit761@hotmail.com,917632639141,1977-03-29,2019-12-05,PM-004
CUST-14987,Ivan,Babu,ivan782@yahoo.com,919453010290,1991-03-04,2009-04-25,PM-002
CUST-14988,Chirag,Jayaraman,chirag.jayaraman976@outlook.com,917167975542,1977-01-30,2019-07-03,PM-001
CUST-14989,Shayak,Deshpande,shayak_325@hotmail.com,919615929372,1978-07-25,2007-05-05,PM-002
CUST-14990,Lakshit,Mahal,lakshit_394@gmail.com,919251203123,1999-03-01,2017-11-18,PM-001
CUST-14991,Miraan,Barad,miraan833@outlook.com,917255757237,2002-02-01,2022-03-03,PM-003
CUST-14992,Samarth,Bhardwaj,bhardwajsamarth107@outlook.com,919956230650,1984-06-05,2011-10-16,PM-003
CUST-14993,Shlok,Sachdeva,shlok_560@icloud.com,918187900797,1976-09-14,2010-07-01,PM-003
CUST-14994,Hansh,Atwal,hansh.807@outlook.com,919338090581,1980-10-24,2007-10-28,PM-001
CUST-14995,Hansh,Warrior,hansh_437@yahoo.com,919437370329,1978-06-27,2008-01-08,PM-002
CUST-14996,Shanaya,Guha,shanaya250@gmail.com,917799171719,1982-07-04,2024-04-24,PM-002
CUST-14997,Zeeshan,Chandra,zeeshan_940@hotmail.com,917072802732,1997-12-09,2022-12-07,PM-001
CUST-14998,Shanaya,Sandal,shanaya.sandal980@outlook.com,918594267426,1987-08-27,2013-02-08,PM-004
CUST-14999,Zara,Dugal,zara393@gmail.com,917391024592,1977-08-13,2011-04-28,PM-004
CUST-15000,Vedika,Dhaliwal,dhaliwalvedika408@icloud.com,919047299271,2002-07-30,2021-11-05,PM-003
CUST-05001,Riaan,Chaudhry,riaan.chaudhry333@icloud.com,918163002549,2001-05-21,2022-03-22,PM-004
CUST-05002,Jivin,Choudhury,jivin_453@outlook.com,919331561635,1986-11-14,2020-06-13,PM-002
CUST-05003,Vihaan,Khurana,vihaan935@hotmail.com,918225864611,1992-05-16,2013-11-16,PM-001
CUST-05004,Keya,Chakraborty,chakrabortykeya787@hotmail.com,919078588424,2004-08-04,2022-12-27,PM-001
CUST-05005,Anvi,Lall,anvi.lall201@gmail.com,917604655572,1997-09-27,2017-09-18,PM-001
CUST-05006,Kartik,Comar,kartik.comar128@outlook.com,919117521509,1998-09-23,2017-04-18,PM-003
CUST-05007,Armaan,Krishna,krishnaarmaan343@gmail.com,918345830378,1993-12-13,2014-02-08,PM-001
CUST-05008,Amira,Dugar,dugaramira482@icloud.com,918450990739,2005-12-04,2024-05-29,PM-003
CUST-05009,Taimur,Lanka,taimur.485@icloud.com,918150689729,1990-07-03,2012-12-08,PM-003
CUST-05010,Pranay,Dyal,pranay.dyal720@icloud.com,918496178721,1979-11-09,2014-08-12,PM-003
CUST-05011,Vardaniya,Hans,vardaniya390@yahoo.com,919762012153,1997-02-23,2017-04-20,PM-001
CUST-05012,Rania,Varma,rania881@hotmail.com,918604894994,2002-07-29,2020-10-25,PM-001
CUST-05013,Veer,Krishna,veer209@gmail.com,918709278117,1980-10-19,2010-09-22,PM-003
CUST-05014,Saira,Khare,saira_683@yahoo.com,917656462275,1992-04-22,2014-10-20,PM-004
CUST-05015,Hansh,Garde,gardehansh786@yahoo.com,917261031237,2003-06-11,2023-03-21,PM-003
CUST-05016,Jiya,Joshi,jiya.170@outlook.com,918411466512,1991-08-26,2016-08-06,PM-004
CUST-05017,Amira,Lad,amira_945@yahoo.com,918266033225,2005-08-01,2023-10-11,PM-002
CUST-05018,Anahita,Sankaran,anahita.386@outlook.com,919502304336,1990-04-01,2009-05-19,PM-002
CUST-05019,Hrishita,Bala,hrishita_875@hotmail.com,917165162405,1976-05-25,2003-08-20,PM-002
CUST-05020,Amani,Chakraborty,amani_711@outlook.com,918550029667,1986-03-21,2017-03-26,PM-001
CUST-05021,Kavya,Shukla,kavya.510@icloud.com,917821155970,1984-12-25,2024-06-12,PM-004
CUST-05022,Vidur,Jani,vidur.jani765@gmail.com,919659987361,2003-06-12,2021-07-21,PM-003
CUST-05023,Renee,Sagar,renee_575@icloud.com,917143192749,2002-09-17,2024-04-09,PM-002
CUST-05024,Veer,Raval,veer147@hotmail.com,917254428218,1978-12-16,2001-07-15,PM-004
CUST-05025,Shalv,Cherian,shalv.468@gmail.com,917987271124,2003-05-19,2023-06-23,PM-002
CUST-05026,Nirvi,Wason,nirvi.683@outlook.com,919350052139,1999-05-05,2021-04-18,PM-001
CUST-05027,Devansh,Gola,devansh337@hotmail.com,917720380260,2000-04-04,2022-07-06,PM-002
CUST-05028,Fateh,Iyengar,fateh292@gmail.com,918411780571,1985-11-21,2019-02-13,PM-002
CUST-05029,Jivin,Singhal,jivin.809@gmail.com,919587559411,1996-08-19,2016-11-29,PM-002
CUST-05030,Mohanlal,Chand,mohanlal.296@hotmail.com,919855828539,1987-12-13,2019-12-09,PM-002
CUST-05031,Urvi,Kapur,kapururvi682@yahoo.com,917128739230,1986-09-27,2013-07-08,PM-003
CUST-05032,Seher,Khare,seher.379@outlook.com,917382819231,1987-12-24,2024-05-16,PM-004
CUST-05033,Kaira,Barman,barmankaira406@hotmail.com,918732579725,1981-01-16,2015-09-03,PM-003
CUST-05034,Gatik,Subramanian,gatik.subramanian498@hotmail.com,917255612873,1992-02-26,2015-03-10,PM-001
CUST-05035,Kashvi,Khatri,khatrikashvi613@outlook.com,917562295028,1994-08-21,2023-03-27,PM-003
CUST-05036,Lavanya,Sahota,lavanya.446@yahoo.com,919647094116,1997-05-07,2016-01-14,PM-002
CUST-05037,Sara,Aurora,aurorasara445@gmail.com,917653391331,1997-01-12,2020-09-09,PM-001
CUST-05038,Kashvi,Yadav,kashvi_340@hotmail.com,918093068539,1991-03-19,2015-10-20,PM-003
CUST-05039,Navya,Manda,navya_511@hotmail.com,919308316291,2003-06-22,2022-01-26,PM-003
CUST-05040,Zain,Rege,zain108@hotmail.com,919633119538,1995-11-06,2020-10-28,PM-001
CUST-05041,Tushar,Dhawan,tushar_181@yahoo.com,917911766410,1999-09-25,2018-01-03,PM-003
CUST-05042,Vritika,Tak,takvritika929@gmail.com,918521880878,1975-08-30,2004-05-02,PM-003
CUST-05043,Sahil,Varma,varmasahil379@gmail.com,918432012793,2003-02-02,2022-09-27,PM-003
CUST-05044,Indrans,Sarkar,indrans.sarkar815@hotmail.com,918984585083,1982-08-13,2016-11-18,PM-001
CUST-05045,Sana,Batra,sana_492@gmail.com,918010602156,1985-05-13,2020-02-11,PM-003
CUST-05046,Samaira,Kaur,samaira_538@hotmail.com,918773364098,1988-05-17,2021-11-29,PM-003
CUST-05047,Bhavin,Vala,bhavin.vala800@yahoo.com,917026222104,2005-03-04,2024-02-25,PM-002
CUST-05048,Taimur,Kant,taimur462@outlook.com,919029063902,2005-06-08,2024-04-05,PM-001
CUST-05049,Biju,Arya,biju_323@gmail.com,917785219894,1984-07-29,2010-02-27,PM-001
CUST-05050,Baiju,Bhagat,baiju_881@outlook.com,917477281506,1994-05-16,2021-09-30,PM-003
CUST-05051,Samarth,Koshy,samarth_311@outlook.com,918098701984,1975-08-14,2003-07-08,PM-001
CUST-05052,Hunar,Sankar,hunar_658@gmail.com,919586663087,1982-01-16,2013-05-15,PM-003
CUST-05053,Divyansh,Rajagopal,divyansh.857@gmail.com,918193380097,1993-04-17,2017-08-17,PM-002
CUST-05054,Adira,Subramanian,adira_825@icloud.com,918501251843,2003-09-08,2023-10-07,PM-001
CUST-05055,Nirvaan,Rana,nirvaan501@yahoo.com,919689011190,1988-06-12,2011-10-17,PM-004
CUST-05056,Kashvi,Bhatia,kashvi.bhatia898@icloud.com,917089802318,2005-01-12,2023-07-05,PM-003
CUST-05057,Mamooty,Bhatti,mamooty_205@hotmail.com,918509368955,2005-09-18,2023-10-27,PM-002
CUST-05058,Ayesha,Zachariah,ayesha_436@yahoo.com,917523073673,2002-04-04,2020-05-10,PM-002
CUST-05059,Vedika,Yogi,yogivedika232@icloud.com,918391597462,1995-02-24,2020-08-11,PM-003
CUST-05060,Mohanlal,Krishna,mohanlal.krishna323@hotmail.com,919194070393,1999-07-01,2022-10-14,PM-003
CUST-05061,Madhup,Sandhu,madhup.461@icloud.com,919472216020,2003-03-20,2022-10-01,PM-001
CUST-05062,Jhanvi,Dube,dubejhanvi959@yahoo.com,919419101732,2000-08-01,2020-07-08,PM-002
CUST-05063,Amira,Dar,amira878@outlook.com,919694463076,1984-09-22,2013-04-23,PM-001
CUST-05064,Vidur,Dara,vidur.dara107@yahoo.com,918741201649,2004-06-03,2023-02-23,PM-004
CUST-05065,Ira,Bera,ira.bera512@icloud.com,919922832446,1994-10-29,2023-06-09,PM-001
CUST-05066,Vanya,Din,vanya.din498@icloud.com,917155682824,1978-07-05,2001-06-10,PM-003
CUST-05067,Aaina,Basu,aaina.733@outlook.com,919355003213,2001-09-09,2020-07-12,PM-002
CUST-05068,Faiyaz,Guha,faiyaz_779@icloud.com,919090171223,1980-02-13,2021-12-28,PM-002
CUST-05069,Hrishita,Badami,hrishita150@yahoo.com,919930216481,1991-08-02,2020-07-26,PM-001
CUST-05070,Aaina,Dhaliwal,aaina.202@yahoo.com,918301165183,2004-11-28,2024-03-24,PM-001
CUST-05071,Jhanvi,Apte,aptejhanvi379@icloud.com,919243982239,1999-03-04,2023-01-17,PM-001
CUST-05072,Hazel,Bhalla,hazel.676@hotmail.com,917519125790,1979-02-11,2002-07-24,PM-002
CUST-05073,Heer,Walla,heer.walla564@yahoo.com,917762084083,1984-01-11,2021-07-26,PM-001
CUST-05074,Inaaya ,Din,inaaya _322@icloud.com,917784788710,1988-09-18,2023-08-20,PM-002
CUST-05075,Yuvraj ,Setty,yuvraj .624@gmail.com,919515450895,2004-01-22,2024-03-03,PM-001
CUST-05076,Jayan,Chokshi,jayan.535@icloud.com,917426274500,1997-12-25,2024-04-05,PM-002
CUST-05077,Zaina,Bahri,bahrizaina249@yahoo.com,919635430846,2000-05-30,2019-01-29,PM-003
CUST-05078,Anaya,Gade,anaya.709@outlook.com,919080618877,2002-02-14,2021-01-15,PM-001
CUST-05079,Tushar,Srinivas,tushar.580@hotmail.com,917141093763,2006-03-02,2024-04-28,PM-003
CUST-05080,Seher,Subramanian,seher.subramanian239@outlook.com,919637418714,1992-10-13,2021-07-06,PM-003
CUST-05081,Kismat,Bansal,bansalkismat779@icloud.com,918783804497,1993-03-04,2014-01-06,PM-001
CUST-05082,Pihu,Karpe,pihu696@outlook.com,918068521539,1974-12-26,2008-01-07,PM-001
CUST-05083,Pihu,Toor,pihu941@yahoo.com,919464540308,1979-09-06,2015-08-30,PM-004
CUST-05084,Armaan,Dyal,armaan_764@gmail.com,917818609987,2000-12-20,2023-04-25,PM-004
CUST-05085,Yuvraj ,Krish,yuvraj _811@gmail.com,917283256667,1984-02-15,2008-10-11,PM-004
CUST-05086,Eshani,Bajwa,eshani.679@icloud.com,919299766316,1991-04-18,2023-02-28,PM-001
CUST-05087,Renee,Sant,renee722@icloud.com,917507828779,1992-03-10,2018-02-11,PM-002
CUST-05088,Rati,Tank,rati.tank888@hotmail.com,918231779678,2004-10-07,2024-04-28,PM-003
CUST-05089,Riya,Gola,riya.gola121@icloud.com,918971783806,1978-04-06,2014-09-18,PM-002
CUST-05090,Aarush,Jha,aarush_939@yahoo.com,918972563377,1998-11-13,2024-04-21,PM-003
CUST-05091,Pranay,Gera,pranay.gera500@yahoo.com,917846836135,1989-03-06,2010-12-03,PM-001
CUST-05092,Ishita,Dada,ishita178@yahoo.com,919658199348,1981-12-27,2011-02-24,PM-004
CUST-05093,Krish,Wadhwa,wadhwakrish331@hotmail.com,919812834798,1997-05-14,2018-07-24,PM-001
CUST-05094,Zain,Keer,zain.keer296@hotmail.com,917671372738,2004-01-13,2023-05-27,PM-003
CUST-05095,Bhavin,Lalla,bhavin144@gmail.com,919888127049,2005-06-27,2024-06-07,PM-003
CUST-05096,Seher,Wadhwa,seher.798@icloud.com,919764715578,1998-05-01,2023-03-20,PM-004
CUST-05097,Rohan,Ravi,rohan.ravi182@yahoo.com,918780841036,1990-04-27,2009-10-23,PM-002
CUST-05098,Diya,Saraf,diya.saraf880@icloud.com,918563264084,1998-09-18,2021-09-03,PM-003
CUST-05099,Shayak,Dani,shayak753@outlook.com,917755132255,1997-02-11,2022-02-04,PM-002
CUST-05100,Damini,Kapur,damini.926@gmail.com,918620023377,1979-07-15,2024-01-30,PM-001
CUST-05101,Sara,Rege,sara.606@outlook.com,918886512805,1989-04-08,2015-03-06,PM-001
CUST-05102,Dharmajan,Lall,lalldharmajan699@gmail.com,919981196015,1975-03-15,2018-11-13,PM-003
CUST-05103,Dhruv,Manne,mannedhruv741@hotmail.com,917261080190,1974-07-29,2018-09-06,PM-004
CUST-05104,Jayesh,Hora,horajayesh120@hotmail.com,917628564562,1978-03-18,2005-11-13,PM-002
CUST-05105,Tushar,Luthra,tushar_759@gmail.com,919653093988,1998-09-04,2018-10-21,PM-003
CUST-05106,Fateh,Sridhar,fateh440@outlook.com,918475784763,1984-01-07,2012-07-12,PM-004
CUST-05107,Anvi,Agate,anvi600@gmail.com,918139807494,1988-03-13,2012-07-18,PM-001
CUST-05108,Azad,Ganguly,azad_146@gmail.com,919413605343,2003-03-17,2022-08-02,PM-004
CUST-05109,Akarsh,Uppal,akarsh_902@icloud.com,917858194651,2003-03-17,2023-03-02,PM-004
CUST-05110,Mannat,Tripathi,tripathimannat453@icloud.com,917668577029,1990-08-30,2013-01-23,PM-003
CUST-05111,Misha,Bala,balamisha846@outlook.com,917068153131,1996-05-19,2023-04-02,PM-004
CUST-05112,Rohan,Dhar,rohan.dhar238@icloud.com,917915325086,2001-11-05,2022-08-29,PM-003
CUST-05113,Arhaan,Deshpande,deshpandearhaan471@yahoo.com,919086200679,1998-10-20,2021-03-27,PM-004
CUST-05114,Raunak,Agarwal,raunak_930@gmail.com,919025119786,1995-06-13,2023-01-16,PM-004
CUST-05115,Anay,Gokhale,anay_975@gmail.com,919714522889,1995-02-15,2020-08-12,PM-001
CUST-05116,Rania,Sen,rania515@outlook.com,918368898081,1975-07-13,2012-02-12,PM-001
CUST-05117,Vaibhav,Issac,vaibhav.issac932@outlook.com,918162759167,1988-11-08,2022-05-12,PM-001
CUST-05118,Siya,Chaudhuri,siya.chaudhuri620@yahoo.com,917754055982,1995-12-29,2019-03-30,PM-004
CUST-05119,Jhanvi,Sibal,jhanvi_314@gmail.com,918848952212,2002-10-03,2022-07-07,PM-004
CUST-05120,Vanya,Dora,vanya.247@yahoo.com,919633836227,1983-09-13,2014-01-14,PM-001
CUST-05121,Ahana ,Ahluwalia,ahana .909@gmail.com,918894548371,1994-07-10,2024-03-20,PM-003
CUST-05122,Ahana ,Gulati,ahana .371@yahoo.com,917442680974,1980-10-05,1999-09-27,PM-003
CUST-05123,Tejas,Dora,tejas779@outlook.com,919761234820,2002-01-11,2024-01-25,PM-001
CUST-05124,Kaira,Venkataraman,venkataramankaira519@outlook.com,918028016544,1986-08-27,2006-04-07,PM-004
CUST-05125,Aradhya,Dani,daniaradhya369@outlook.com,919457915964,2005-09-10,2024-03-09,PM-001
CUST-05126,Veer,Garg,gargveer594@gmail.com,919317283667,1977-10-27,1999-08-19,PM-004
CUST-05127,Kashvi,Bose,kashvi338@hotmail.com,917344490000,1992-08-07,2018-03-13,PM-002
CUST-05128,Jayant,Venkatesh,jayant.venkatesh355@icloud.com,918157748865,1998-05-15,2017-08-12,PM-001
CUST-05129,Drishya,Tripathi,drishya.tripathi534@outlook.com,918762458132,1988-12-31,2017-11-20,PM-002
CUST-05130,Rati,Singhal,rati.767@hotmail.com,919980914802,1993-05-06,2017-03-03,PM-003
CUST-05131,Dishani,Chada,chadadishani846@hotmail.com,919915075197,1988-10-12,2021-05-31,PM-003
CUST-05132,Umang,Kurian,kurianumang138@outlook.com,918848782864,1981-06-02,2017-08-17,PM-003
CUST-05133,Shamik,Anne,shamik506@outlook.com,918294203039,1985-12-26,2013-10-13,PM-003
CUST-05134,Vanya,Krishnamurthy,vanya.181@outlook.com,918894691042,1974-12-15,1998-08-01,PM-004
CUST-05135,Khushi,Ben,khushi267@hotmail.com,918686421480,1989-06-01,2012-04-27,PM-003
CUST-05136,Ela,Borra,ela.borra794@hotmail.com,918104175858,1984-05-20,2018-02-18,PM-003
CUST-05137,Dharmajan,Rajagopal,dharmajan.734@yahoo.com,919761185818,1984-11-01,2011-12-31,PM-001
CUST-05138,Hiran,Venkatesh,hiran.435@outlook.com,918945260878,1993-05-20,2013-11-28,PM-002
CUST-05139,Akarsh,Bansal,bansalakarsh939@yahoo.com,917700485160,1984-01-02,2022-11-23,PM-003
CUST-05140,Samaira,Suresh,samaira.670@hotmail.com,919022110347,1987-01-29,2009-12-17,PM-001
CUST-05141,Shayak,Vasa,vasashayak375@hotmail.com,918934844091,1984-11-29,2017-12-07,PM-001
CUST-05142,Elakshi,Randhawa,elakshi676@icloud.com,918236960378,1999-09-13,2021-11-10,PM-003
CUST-05143,Diya,D’Alia,diya487@yahoo.com,919490462821,1979-03-17,2022-10-20,PM-004
CUST-05144,Samarth,Bir,samarth344@yahoo.com,919421744964,1975-10-22,2008-05-31,PM-003
CUST-05145,Hazel,Subramanian,subramanianhazel184@icloud.com,919416740904,1986-08-29,2021-03-31,PM-003
CUST-05146,Alia,Agarwal,alia580@icloud.com,918733043853,1977-07-03,2023-07-10,PM-002
CUST-05147,Romil,Sibal,sibalromil433@hotmail.com,919041839765,1994-12-10,2019-02-22,PM-003
CUST-05148,Ayesha,Loyal,ayesha.loyal202@yahoo.com,918047732437,1986-11-11,2015-01-29,PM-001
CUST-05149,Nakul,Mandal,nakul_484@icloud.com,918897384828,2004-01-31,2024-02-14,PM-004
CUST-05150,Dharmajan,Hayer,dharmajan.hayer265@icloud.com,918555981182,1984-11-06,2008-03-27,PM-002
CUST-05151,Madhav,Devan,madhav_355@hotmail.com,919131621529,1992-08-31,2010-11-18,PM-002
CUST-05152,Misha,Dubey,misha_990@outlook.com,918174421675,1994-02-13,2013-04-17,PM-004
CUST-05153,Taran,Subramanian,subramaniantaran727@gmail.com,918629287564,1974-12-10,1999-02-25,PM-003
CUST-05154,Vihaan,Singhal,vihaan.singhal690@gmail.com,918840169007,1995-07-04,2020-07-15,PM-004
CUST-05155,Vritika,Sani,vritika_155@gmail.com,919953359341,1996-11-30,2019-01-15,PM-003
CUST-05156,Ritvik,Lal,ritvik.lal637@outlook.com,918565286345,1988-05-24,2018-04-18,PM-002
CUST-05157,Himmat,Ben,himmat.384@yahoo.com,918520882070,1981-09-16,2013-12-31,PM-002
CUST-05158,Manjari,Bhakta,manjari.bhakta334@gmail.com,917980791591,2004-02-08,2022-08-09,PM-001
CUST-05159,Parinaaz,Walla,parinaaz266@gmail.com,918713999036,1987-04-13,2007-02-07,PM-002
CUST-05160,Dhruv,Dayal,dayaldhruv676@outlook.com,917255196721,1982-07-23,2002-09-07,PM-001
CUST-05161,Charvi,Sarma,charvi.sarma123@outlook.com,917073107697,2001-08-07,2020-03-14,PM-003
CUST-05162,Armaan,Sharaf,armaan_804@outlook.com,919190986503,2000-03-31,2024-02-03,PM-001
CUST-05163,Jhanvi,Bhalla,jhanvi.bhalla349@icloud.com,918733541589,1997-11-05,2023-10-26,PM-001
CUST-05164,Jiya,Yohannan,jiya.640@outlook.com,918257070632,1979-03-16,2009-08-03,PM-003
CUST-05165,Eshani,Din,dineshani639@yahoo.com,917093699279,1997-03-24,2015-11-23,PM-004
CUST-05166,Shray,Wable,shray_610@gmail.com,918230495843,1982-01-04,2017-08-04,PM-003
CUST-05167,Kismat,Dutt,duttkismat767@outlook.com,919402807334,1995-02-17,2016-04-13,PM-004
CUST-05168,Romil,Kapadia,romil895@icloud.com,917362251000,1977-09-17,2017-07-24,PM-002
CUST-05169,Madhup,Guha,madhup.guha769@icloud.com,918420297598,1980-02-02,2018-06-16,PM-004
CUST-05170,Uthkarsh,Sani,uthkarsh_428@outlook.com,917024924183,2001-08-15,2021-09-14,PM-002
CUST-05171,Aarush,Barman,aarush.barman872@outlook.com,917778352633,1998-01-21,2016-10-17,PM-002
CUST-05172,Kiara,Lata,kiara.689@gmail.com,918420985334,1978-03-03,1997-01-20,PM-001
CUST-05173,Himmat,Bains,himmat_168@icloud.com,917711720713,1990-12-28,2020-07-13,PM-003
CUST-05174,Oorja,Chaudhuri,oorja732@yahoo.com,917333865855,1988-04-02,2018-01-05,PM-001
CUST-05175,Kiaan,Balan,kiaan107@outlook.com,917590534442,1977-10-06,2008-12-26,PM-003
CUST-05176,Kartik,Madan,kartik.327@gmail.com,917292452270,1987-06-03,2009-01-07,PM-001
CUST-05177,Bhavin,Mander,bhavin.791@icloud.com,917949985517,1989-02-11,2018-11-08,PM-002
CUST-05178,Farhan,Basak,farhan.747@gmail.com,919958064090,1987-05-05,2009-01-27,PM-002
CUST-05179,Dhanush,Ghose,dhanush597@gmail.com,919943723632,2003-10-25,2023-02-04,PM-002
CUST-05180,Anay,Mall,anay.mall338@icloud.com,919122033599,1988-12-09,2014-05-23,PM-004
CUST-05181,Hiran,Ramanathan,ramanathanhiran924@gmail.com,919508316719,1989-10-26,2013-07-23,PM-003
CUST-05182,Raghav,Doctor,raghav.doctor873@outlook.com,918052719462,1992-07-16,2019-10-10,PM-002
CUST-05183,Pihu,Ahuja,pihu_385@yahoo.com,918399357719,1982-12-22,2011-04-09,PM-001
CUST-05184,Indranil,Sant,indranil_588@icloud.com,918702770777,1987-11-09,2007-09-28,PM-001
CUST-05185,Mehul,Som,mehul521@yahoo.com,919758999190,1977-01-21,2019-07-11,PM-003
CUST-05186,Pihu,Raman,pihu.926@outlook.com,919421513852,1976-03-04,2014-07-26,PM-004
CUST-05187,Vritika,Chaudhuri,vritika.chaudhuri737@outlook.com,919769009113,1981-10-06,2014-01-09,PM-003
CUST-05188,Ira,Kalla,ira.kalla989@gmail.com,919774698010,1994-02-12,2020-09-08,PM-004
CUST-05189,Urvi,Dayal,urvi.dayal114@hotmail.com,917252052157,1980-08-05,1999-03-27,PM-004
CUST-05190,Pranay,Madan,pranay.madan156@yahoo.com,918788188655,1992-03-10,2010-09-13,PM-004
CUST-05191,Tarini,Boase,tarini347@yahoo.com,917102779279,1976-12-16,2010-11-14,PM-002
CUST-05192,Raghav,Chatterjee,raghav.chatterjee622@outlook.com,917215955231,2001-10-22,2023-05-08,PM-004
CUST-05193,Vedika,Sarma,sarmavedika762@gmail.com,919169794821,1980-12-06,2021-03-31,PM-004
CUST-05194,Aarna,Rattan,aarna_782@yahoo.com,918307894929,1994-06-30,2020-09-04,PM-004
CUST-05195,Romil,Grewal,grewalromil712@icloud.com,917696215563,1986-04-28,2022-11-11,PM-003
CUST-05196,Tejas,Deshpande,tejas_807@gmail.com,919344777290,1986-02-17,2016-11-13,PM-001
CUST-05197,Ira,Hora,horaira479@icloud.com,917033573182,1996-09-05,2018-07-07,PM-004
CUST-05198,Arnav,Dhar,arnav.dhar189@icloud.com,919394484724,1985-12-16,2004-10-10,PM-004
CUST-05199,Fateh,Madan,fateh238@gmail.com,919935662138,1987-02-11,2024-02-01,PM-001
CUST-05200,Advika,Mann,advika.869@outlook.com,918354247944,1982-01-03,2023-08-13,PM-004
CUST-05201,Mohanlal,Ratti,mohanlal991@yahoo.com,917447193899,1976-02-21,2002-10-07,PM-001
CUST-05202,Neysa,Doshi,doshineysa412@gmail.com,919612221200,1993-04-09,2017-10-11,PM-003
CUST-05203,Jayesh,Kumer,jayesh_774@hotmail.com,919751033517,1989-06-04,2010-04-27,PM-003
CUST-05204,Manikya,Srinivasan,manikya841@icloud.com,918165792514,1985-11-09,2010-12-07,PM-001
CUST-05205,Kiaan,Thakur,kiaan.thakur370@hotmail.com,919055982126,1984-12-24,2014-02-28,PM-002
CUST-05206,Renee,Golla,renee.956@icloud.com,918080855923,1993-02-08,2017-08-07,PM-003
CUST-05207,Purab,Desai,purab532@icloud.com,917765530353,2005-03-09,2023-08-10,PM-003
CUST-05208,Aarna,Dayal,aarna_356@icloud.com,917978442420,1980-04-03,2002-07-07,PM-003
CUST-05209,Ryan,Mahal,mahalryan221@hotmail.com,917330714107,2004-05-03,2023-01-04,PM-004
CUST-05210,Vivaan,Krishnamurthy,vivaan.654@yahoo.com,919513393395,1975-08-10,1995-08-15,PM-002
CUST-05211,Aarna,Din,aarna599@yahoo.com,919752534187,1989-03-17,2010-12-14,PM-002
CUST-05212,Indrans,Mammen,indrans.817@hotmail.com,918484302847,1983-06-01,2004-05-12,PM-003
CUST-05213,Samaira,Soman,samaira_562@yahoo.com,919755665674,1976-02-18,2009-05-02,PM-001
CUST-05214,Prerak,Barad,prerak_349@hotmail.com,919095660415,1977-09-05,2012-05-24,PM-003
CUST-05215,Vritika,Handa,handavritika515@yahoo.com,919200476067,1991-11-04,2013-08-26,PM-001
CUST-05216,Misha,Gala,galamisha992@icloud.com,918586667528,1990-10-25,2015-10-09,PM-001
CUST-05217,Romil,Halder,romil_532@icloud.com,918911016431,1991-02-08,2018-08-06,PM-002
CUST-05218,Pranay,Varghese,pranay.varghese337@hotmail.com,918440345597,1979-04-16,1999-11-28,PM-004
CUST-05219,Shray,Bhatt,bhattshray931@outlook.com,919888821613,1996-04-16,2018-08-17,PM-003
CUST-05220,Rohan,Din,rohan876@hotmail.com,917891897002,1997-11-04,2017-10-25,PM-004
CUST-05221,Ojas,Balakrishnan,ojas136@icloud.com,917137312144,1987-05-03,2024-05-06,PM-004
CUST-05222,Damini,Zacharia,damini788@gmail.com,918631121847,2003-07-13,2022-06-10,PM-004
CUST-05223,Miraan,Bassi,miraan.bassi949@hotmail.com,917572883102,2000-07-22,2022-06-28,PM-001
CUST-05224,Indranil,Ray,rayindranil350@hotmail.com,919608615901,1976-12-18,2023-11-19,PM-004
CUST-05225,Mahika,Sem,mahika507@hotmail.com,918585502746,1997-09-15,2022-09-15,PM-004
CUST-05226,Pihu,Bir,pihu_461@yahoo.com,918520490441,1998-05-22,2019-03-11,PM-003
CUST-05227,Ranbir,Sengupta,ranbir363@outlook.com,919763466133,2004-09-12,2024-01-21,PM-003
CUST-05228,Shanaya,Rao,shanaya.rao960@icloud.com,919254896431,1989-01-24,2013-12-22,PM-002
CUST-05229,Vivaan,Rajagopalan,vivaan.rajagopalan493@yahoo.com,919773226161,1995-10-31,2013-11-01,PM-003
CUST-05230,Mannat,Deshmukh,mannat.245@icloud.com,918215588230,1982-08-24,2023-10-09,PM-004
CUST-05231,Vaibhav,Ratti,rattivaibhav421@yahoo.com,919733574841,1985-06-03,2021-05-01,PM-001
CUST-05232,Divyansh,Chopra,divyansh_493@icloud.com,919709914336,1974-06-19,2016-08-23,PM-004
CUST-05233,Shamik,Vyas,shamik.280@icloud.com,919716189856,1999-01-31,2021-04-17,PM-004
CUST-05234,Farhan,Trivedi,farhan.554@gmail.com,919359814616,1977-04-02,2002-09-22,PM-002
CUST-05235,Eva,Jani,eva.jani491@outlook.com,917589818835,1976-03-08,2001-08-19,PM-002
CUST-05236,Miraan,Guha,miraan_482@yahoo.com,917930025025,1997-01-10,2020-11-18,PM-004
CUST-05237,Samaira,Lata,samaira.171@icloud.com,917629654753,1995-07-14,2021-11-24,PM-004
CUST-05238,Keya,Bhavsar,keya794@icloud.com,917795411717,1982-11-23,2019-03-16,PM-003
CUST-05239,Uthkarsh,Banik,banikuthkarsh317@yahoo.com,918400910814,1988-06-20,2007-09-13,PM-001
CUST-05240,Yakshit,Trivedi,trivediyakshit220@icloud.com,919454604233,1991-02-22,2016-05-11,PM-002
CUST-05241,Nayantara,Gokhale,nayantara.197@icloud.com,918185446948,2002-09-23,2023-01-29,PM-001
CUST-05242,Badal,Wagle,badal.wagle390@icloud.com,918489114706,1988-08-10,2014-05-17,PM-003
CUST-05243,Keya,Bir,keya_432@outlook.com,918103035069,1991-09-08,2013-01-06,PM-004
CUST-05244,Veer,Sachdeva,veer710@icloud.com,919397073076,1995-03-02,2018-07-15,PM-003
CUST-05245,Anay,Shetty,anay.shetty802@yahoo.com,918348071978,1990-05-13,2012-10-28,PM-003
CUST-05246,Tarini,Thaker,thakertarini675@hotmail.com,917548086624,1997-04-16,2018-03-11,PM-002
CUST-05247,Elakshi,Kunda,elakshi.kunda436@yahoo.com,918557939609,1997-08-31,2021-09-24,PM-001
CUST-05248,Uthkarsh,Bhargava,uthkarsh.372@outlook.com,917626502717,1986-08-13,2012-11-24,PM-002
CUST-05249,Neelofar,Shenoy,neelofar.shenoy533@icloud.com,917794994366,1996-04-22,2021-03-19,PM-003
CUST-05250,Jayan,Kannan,kannanjayan993@outlook.com,919039050430,1976-10-26,2005-12-03,PM-004
CUST-05251,Nitara,Magar,nitara159@yahoo.com,917700560381,1978-04-24,2019-07-29,PM-002
CUST-05252,Taran,Loke,taran718@outlook.com,919279785331,1988-11-10,2017-03-03,PM-002
CUST-05253,Veer,Bala,veer846@yahoo.com,917898074581,1981-07-10,2024-02-18,PM-002
CUST-05254,Miraya,Ganguly,miraya_798@icloud.com,919438936929,1984-03-02,2003-02-15,PM-002
CUST-05255,Dhruv,Thaman,dhruv_514@yahoo.com,917662853663,1994-12-08,2013-02-02,PM-002
CUST-05256,Shlok,Kurian,kurianshlok843@hotmail.com,917205044975,2002-01-15,2022-12-14,PM-003
CUST-05257,Rhea,Walia,waliarhea804@gmail.com,919235960256,1985-11-23,2010-01-09,PM-002
CUST-05258,Krish,Grover,groverkrish967@yahoo.com,918003400090,2000-04-05,2023-01-21,PM-002
CUST-05259,Nitara,Ratta,nitara.423@yahoo.com,919478796386,1982-10-30,2013-03-16,PM-004
CUST-05260,Kavya,Dugar,dugarkavya746@icloud.com,919549339033,2002-10-17,2023-05-10,PM-003
CUST-05261,Nitya,Sibal,nitya_284@gmail.com,918078986082,1980-01-06,2000-06-30,PM-004
CUST-05262,Saanvi,Borde,saanvi738@hotmail.com,917032152648,2004-10-22,2023-10-12,PM-002
CUST-05263,Neysa,Kanda,neysa.kanda658@outlook.com,917513628988,1977-07-21,2013-11-18,PM-001
CUST-05264,Ishita,Shere,ishita.shere178@hotmail.com,919989193343,2000-03-15,2018-11-05,PM-001
CUST-05265,Jiya,Bhatti,jiya.569@icloud.com,919138503516,1996-10-27,2018-05-31,PM-003
CUST-05266,Kashvi,Manne,mannekashvi904@yahoo.com,917809719416,1998-11-19,2017-06-25,PM-001
CUST-05267,Aayush,Bala,balaaayush797@yahoo.com,917877850994,1997-05-31,2017-07-17,PM-002
CUST-05268,Eshani,Bath,eshani.189@hotmail.com,917590674697,1988-04-02,2019-12-13,PM-003
CUST-05269,Samar,Shenoy,shenoysamar512@gmail.com,918277712599,1999-02-21,2018-09-17,PM-001
CUST-05270,Pihu,Chowdhury,pihu.606@gmail.com,918489376510,2003-02-01,2021-12-28,PM-002
CUST-05271,Hridaan,Ravi,hridaan.ravi681@outlook.com,919996864633,1978-04-15,2008-07-07,PM-003
CUST-05272,Inaaya ,Kumar,inaaya .163@icloud.com,917789258061,1980-10-12,2006-12-01,PM-001
CUST-05273,Umang,Thakur,umang.124@icloud.com,919875247612,1990-05-14,2021-01-24,PM-002
CUST-05274,Vihaan,Choudhury,vihaan_845@hotmail.com,917936323243,1985-01-10,2003-04-27,PM-001
CUST-05275,Vardaniya,Shankar,vardaniya.663@icloud.com,919669763923,1997-06-07,2019-07-31,PM-004
CUST-05276,Gokul,Vora,gokul.vora890@yahoo.com,917421397395,2001-11-29,2022-06-04,PM-004
CUST-05277,Siya,Gade,siya.gade123@outlook.com,917404456054,1975-02-03,2012-05-30,PM-002
CUST-05278,Indranil,Desai,desaiindranil831@hotmail.com,917469346531,1999-05-27,2022-02-04,PM-002
CUST-05279,Shaan,Saxena,shaan842@yahoo.com,919511409756,1990-01-03,2022-03-06,PM-001
CUST-05280,Pranay,Tak,pranay.682@outlook.com,917440997659,1999-05-24,2018-10-22,PM-002
CUST-05281,Elakshi,Kumar,elakshi765@yahoo.com,917313215445,1983-12-26,2007-02-24,PM-002
CUST-05282,Shray,Varma,varmashray477@icloud.com,917611080131,1993-02-22,2014-12-23,PM-002
CUST-05283,Eshani,Bala,eshani.901@outlook.com,919247305575,1980-07-20,2015-04-14,PM-004
CUST-05284,Saksham,Salvi,saksham_207@outlook.com,917949043155,2002-06-14,2023-06-24,PM-001
CUST-05285,Khushi,Srinivas,khushi.srinivas834@hotmail.com,919841825527,1993-06-02,2014-09-21,PM-003
CUST-05286,Mamooty,Sagar,mamooty595@icloud.com,919441960759,1988-02-24,2023-11-04,PM-003
CUST-05287,Indranil,Balan,indranil440@gmail.com,917917556590,2002-04-16,2022-01-05,PM-003
CUST-05288,Mishti,Sinha,mishti.993@outlook.com,917902540401,1978-09-05,2012-08-17,PM-002
CUST-05289,Ryan,Doshi,ryan.doshi401@outlook.com,918282083516,1976-09-17,1999-07-04,PM-003
CUST-05290,Nitara,Rajagopal,nitara.rajagopal870@outlook.com,917921242868,1981-04-25,2002-06-09,PM-002
CUST-05291,Tiya,Chaudhuri,chaudhuritiya356@yahoo.com,917110211020,1984-09-16,2009-04-12,PM-001
CUST-05292,Sumer,Mann,sumer_615@outlook.com,917004338147,1989-07-29,2019-11-04,PM-001
CUST-05293,Shray,Rattan,rattanshray573@hotmail.com,919074607846,1996-03-29,2016-02-23,PM-001
CUST-05294,Lakshay,Basak,lakshay_704@icloud.com,919694308687,1995-07-28,2023-12-27,PM-002
CUST-05295,Ayesha,Dave,ayesha_153@icloud.com,919395842007,1996-01-01,2015-02-27,PM-002
CUST-05296,Akarsh,Sekhon,akarsh889@hotmail.com,918794357824,2003-06-06,2022-05-29,PM-002
CUST-05297,Mahika,Ganguly,mahika780@yahoo.com,917488044571,1986-05-23,2021-08-03,PM-001
CUST-05298,Arnav,Dube,dubearnav148@gmail.com,917171024011,1989-05-22,2016-02-25,PM-003
CUST-05299,Urvi,Lala,urvi.lala444@outlook.com,917468500570,2002-12-23,2023-06-14,PM-001
CUST-05300,Tiya,Rout,tiya_185@hotmail.com,918374740222,1996-01-07,2020-04-24,PM-003
CUST-05301,Ira,Chokshi,ira963@outlook.com,919223167007,1988-03-01,2011-10-05,PM-003
CUST-05302,Indrajit,Sekhon,indrajit.sekhon385@yahoo.com,919905443346,1979-03-16,2017-03-17,PM-002
CUST-05303,Sahil,Chakrabarti,chakrabartisahil972@outlook.com,919210864880,1978-02-07,2017-07-05,PM-001
CUST-05304,Tiya,Jayaraman,tiya.jayaraman577@icloud.com,919341678418,1992-03-18,2021-12-11,PM-003
CUST-05305,Charvi,Gola,charvi.637@outlook.com,917340311653,1999-04-19,2017-04-17,PM-002
CUST-05306,Heer,Mahal,heer354@icloud.com,918864580092,1978-12-04,2000-01-27,PM-003
CUST-05307,Kiaan,Bhavsar,kiaan599@yahoo.com,918879412779,1984-11-24,2020-01-21,PM-004
CUST-05308,Dishani,Sankaran,dishani_535@icloud.com,919289368907,2002-03-12,2022-08-06,PM-002
CUST-05309,Biju,Butala,biju.816@icloud.com,917242180977,1985-09-16,2009-05-09,PM-002
CUST-05310,Yakshit,Bora,yakshit629@outlook.com,917005572218,1993-11-21,2019-10-07,PM-004
CUST-05311,Mishti,Bhat,mishti.bhat308@icloud.com,917226022963,1980-05-09,2002-07-14,PM-004
CUST-05312,Arhaan,Rajagopal,rajagopalarhaan138@yahoo.com,919855796769,1994-02-07,2021-09-15,PM-004
CUST-05313,Darshit,Sridhar,darshit535@outlook.com,917350144635,1994-01-07,2021-03-21,PM-001
CUST-05314,Suhana,Hayer,suhana_988@outlook.com,919428472506,1988-12-05,2022-07-13,PM-002
CUST-05315,Divyansh,Bera,beradivyansh186@hotmail.com,917023591623,1985-11-05,2013-06-17,PM-002
CUST-05316,Tanya,Kibe,tanya.402@outlook.com,918912878128,1986-11-02,2019-05-05,PM-001
CUST-05317,Misha,Goel,misha.457@hotmail.com,918202636168,1974-07-13,2002-07-30,PM-001
CUST-05318,Shalv,Lala,shalv.636@hotmail.com,917912844638,1996-05-31,2022-03-02,PM-003
CUST-05319,Aaina,Bath,bathaaina875@gmail.com,917095934439,1997-10-26,2018-08-11,PM-004
CUST-05320,Divyansh,Shanker,divyansh_712@outlook.com,917219382362,1975-05-11,2005-08-09,PM-003
CUST-05321,Badal,Sodhi,sodhibadal443@gmail.com,919902004804,2000-01-01,2020-11-20,PM-002
CUST-05322,Mehul,Bandi,mehul.157@yahoo.com,917315651551,1981-05-09,2010-12-23,PM-002
CUST-05323,Ryan,Amble,ryan.558@hotmail.com,919390644042,1978-12-24,1999-07-13,PM-001
CUST-05324,Nishith,Dube,dubenishith967@icloud.com,918951818806,1986-12-06,2007-07-30,PM-004
CUST-05325,Ishaan,Seshadri,ishaan_434@gmail.com,917349859476,1987-01-02,2024-05-31,PM-003
CUST-05326,Ranbir,Raval,ranbir.506@icloud.com,919794759084,1989-02-04,2012-08-22,PM-001
CUST-05327,Nishith,Lall,nishith.lall731@icloud.com,918255752180,1983-08-23,2023-01-22,PM-004
CUST-05328,Drishya,Datta,drishya.217@icloud.com,919176841165,1989-10-24,2010-02-11,PM-003
CUST-05329,Samar,Chakraborty,samar_471@icloud.com,918485664123,1982-07-20,2019-08-07,PM-001
CUST-05330,Misha,Lad,misha.329@yahoo.com,919160109288,1997-10-11,2021-08-17,PM-001
CUST-05331,Chirag,Singh,chirag.515@outlook.com,918358488407,1997-02-06,2015-08-02,PM-003
CUST-05332,Onkar,Kakar,onkar_918@hotmail.com,917512000001,1985-05-28,2015-04-04,PM-004
CUST-05333,Kiaan,Sarma,sarmakiaan987@icloud.com,917160585014,1993-07-11,2022-03-18,PM-001
CUST-05334,Jayan,Sani,jayan299@outlook.com,917554869461,1997-07-09,2019-12-06,PM-003
CUST-05335,Aaina,Yohannan,aaina.624@yahoo.com,919495699259,1999-12-19,2018-04-29,PM-001
CUST-05336,Shray,Kala,shray.902@hotmail.com,919697124608,1977-02-16,2019-12-13,PM-004
CUST-05337,Nakul,Garde,nakul_678@icloud.com,918721353654,1979-11-13,2010-09-09,PM-004
CUST-05338,Arnav,Vyas,arnav.vyas883@icloud.com,918197526701,1989-09-27,2014-09-27,PM-003
CUST-05339,Krish,Bhagat,krish.bhagat891@icloud.com,918716051094,1983-09-15,2023-10-10,PM-003
CUST-05340,Jayan,Taneja,jayan.414@hotmail.com,919958512867,1975-02-04,2023-07-01,PM-002
CUST-05341,Shayak,Chowdhury,chowdhuryshayak335@yahoo.com,918096790237,1990-03-21,2017-10-13,PM-001
CUST-05342,Aniruddh,Ganesan,ganesananiruddh928@hotmail.com,919835240928,1987-12-24,2023-02-09,PM-002
CUST-05343,Miraya,Mahal,miraya_527@outlook.com,917928659990,1994-03-18,2024-02-09,PM-001
CUST-05344,Yuvaan,Mand,yuvaan_514@gmail.com,918008374992,2005-01-05,2023-11-24,PM-002
CUST-05345,Amani,Ram,amani586@yahoo.com,919558704204,1979-07-25,2004-03-02,PM-001
CUST-05346,Nayantara,Bath,nayantara914@outlook.com,919054526149,1986-06-15,2021-10-03,PM-001
CUST-05347,Manjari,Jha,manjari909@icloud.com,917616375706,2005-08-07,2024-05-18,PM-003
CUST-05348,Dhanuk,Dugar,dhanuk.907@yahoo.com,919097843366,1990-10-17,2023-01-29,PM-002
CUST-05349,Anaya,Butala,anaya_516@hotmail.com,919493853784,1975-03-23,2015-04-08,PM-001
CUST-05350,Navya,Venkatesh,navya257@icloud.com,917991190382,1975-03-30,2003-05-01,PM-001
CUST-05351,Tushar,Srinivasan,tushar_868@icloud.com,918493635715,1992-05-07,2020-08-16,PM-004
CUST-05352,Ela,Subramaniam,ela.901@yahoo.com,917322583638,1999-07-26,2023-09-08,PM-001
CUST-05353,Keya,Bhavsar,keya.bhavsar907@icloud.com,917373266114,1974-12-28,1995-04-09,PM-001
CUST-05354,Aradhya,Sarkar,aradhya.sarkar968@outlook.com,918969774973,1977-04-06,2004-08-19,PM-002
CUST-05355,Shalv,Deol,deolshalv273@icloud.com,919411342198,1994-04-23,2019-09-24,PM-001
CUST-05356,Ritvik,Chatterjee,ritvik.590@icloud.com,918936611515,1990-09-21,2023-11-14,PM-002
CUST-05357,Amani,Wason,amani693@outlook.com,918365107720,1991-06-23,2022-01-18,PM-003
CUST-05358,Nitya,Sachdeva,nitya.sachdeva158@hotmail.com,918015812423,1979-02-23,2004-02-11,PM-002
CUST-05359,Saira,Solanki,saira.336@outlook.com,917917331470,1975-08-28,1999-07-06,PM-003
CUST-05360,Parinaaz,Vala,parinaaz.719@hotmail.com,918897951611,1982-07-05,2013-12-25,PM-002
CUST-05361,Yasmin,Lal,yasmin_215@yahoo.com,918517105336,1979-12-20,2004-01-19,PM-002
CUST-05362,Navya,Goda,navya.721@hotmail.com,919798566335,1991-06-26,2014-07-21,PM-004
CUST-05363,Kabir,Magar,kabir.638@gmail.com,918543717317,1979-06-26,2013-10-02,PM-001
CUST-05364,Pari,Bains,bainspari812@gmail.com,918690874978,2000-11-14,2021-09-02,PM-002
CUST-05365,Heer,Srivastava,heer_948@gmail.com,917710107222,1982-11-12,2005-03-07,PM-004
CUST-05366,Saksham,Wable,saksham.wable838@hotmail.com,917570613737,2002-01-06,2024-05-01,PM-002
CUST-05367,Dhanuk,Chopra,dhanuk.867@gmail.com,918127129113,1985-04-03,2007-03-12,PM-001
CUST-05368,Oorja,Tella,tellaoorja741@gmail.com,918189716925,2003-06-14,2023-05-31,PM-003
CUST-05369,Krish,Shanker,shankerkrish381@hotmail.com,919984832477,1989-07-07,2009-12-18,PM-001
CUST-05370,Pihu,Barad,baradpihu720@icloud.com,917618411422,2004-07-09,2022-12-23,PM-001
CUST-05371,Keya,Chadha,chadhakeya154@outlook.com,919713364207,1995-11-29,2019-05-24,PM-001
CUST-05372,Mannat,Barman,mannat361@outlook.com,919005302714,1997-01-27,2019-05-04,PM-004
CUST-05373,Khushi,Warrior,khushi.195@yahoo.com,918794334925,1998-01-14,2019-03-02,PM-004
CUST-05374,Emir,Karpe,emir_254@outlook.com,918254601015,1980-09-29,2012-10-27,PM-004
CUST-05375,Aarush,Bakshi,aarush.328@icloud.com,917146568423,1980-06-15,2014-03-28,PM-004
CUST-05376,Jivin,Lal,jivin_225@outlook.com,919041667443,1999-03-12,2023-02-02,PM-003
CUST-05377,Diya,Basu,diya_639@icloud.com,917475073379,1984-02-26,2005-10-19,PM-004
CUST-05378,Anika,Shah,anika255@yahoo.com,917967374464,1988-04-03,2014-05-16,PM-002
CUST-05379,Shray,Dalal,shray.dalal557@outlook.com,919476143234,1984-03-28,2021-06-20,PM-003
CUST-05380,Samaira,Gopal,samaira_793@outlook.com,919825881052,1981-02-17,2005-02-27,PM-002
CUST-05381,Indrans,Kamdar,indrans_111@yahoo.com,917097294726,1992-12-09,2021-07-10,PM-003
CUST-05382,Hrishita,Gala,hrishita.gala190@gmail.com,917643170212,1986-11-01,2006-05-26,PM-004
CUST-05383,Kiaan,Sood,kiaan_883@outlook.com,917167179790,1980-07-14,2011-03-31,PM-004
CUST-05384,Jayan,Mani,jayan825@outlook.com,918403948779,1981-09-15,2004-03-03,PM-002
CUST-05385,Khushi,Wagle,waglekhushi697@gmail.com,919588467387,2004-03-28,2023-04-19,PM-004
CUST-05386,Alia,Gour,alia_837@outlook.com,918742864122,1976-07-31,1995-03-10,PM-002
CUST-05387,Tara,Bal,tara_756@yahoo.com,917339150378,1980-04-23,2005-07-28,PM-003
CUST-05388,Shaan,Ramaswamy,shaan_348@yahoo.com,918036938743,2001-07-07,2020-09-10,PM-004
CUST-05389,Ehsaan,Garg,gargehsaan664@gmail.com,918062883001,1997-03-31,2016-05-25,PM-002
CUST-05390,Purab,Tandon,purab.986@icloud.com,918868286994,1999-02-20,2023-08-10,PM-001
CUST-05391,Shanaya,Kadakia,shanaya.kadakia290@icloud.com,917998021438,2003-09-17,2023-07-03,PM-003
CUST-05392,Khushi,Gokhale,khushi_447@icloud.com,919684964088,1981-12-27,2010-12-17,PM-002
CUST-05393,Amira,Ganesan,amira329@yahoo.com,918539918867,1982-07-31,2012-09-02,PM-003
CUST-05394,Kismat,Sem,kismat_597@yahoo.com,918527726083,1978-11-08,2009-04-05,PM-002
CUST-05395,Pihu,Grover,pihu.741@icloud.com,919975770079,1978-11-26,2016-02-15,PM-001
CUST-05396,Kavya,Tank,kavya848@outlook.com,917204802479,2000-11-07,2022-02-17,PM-001
CUST-05397,Keya,Kale,keya.166@hotmail.com,917567737884,2004-03-19,2022-07-02,PM-002
CUST-05398,Akarsh,Rajagopal,akarsh.rajagopal409@yahoo.com,919125278212,1978-08-01,2009-07-16,PM-002
CUST-05399,Ishita,Rajagopalan,ishita.rajagopalan420@hotmail.com,919970421656,1981-12-07,2011-01-10,PM-002
CUST-05400,Saira,Maharaj,saira267@outlook.com,918927661793,1974-11-13,2016-12-26,PM-003
CUST-05401,Zaina,Sahota,zaina.sahota788@yahoo.com,919322993100,1993-10-09,2017-12-03,PM-002
CUST-05402,Hunar,Rastogi,hunar.rastogi766@yahoo.com,919590578598,2003-10-20,2023-04-29,PM-004
CUST-05403,Azad,Mahajan,azad_551@icloud.com,919429568662,1974-10-17,2022-03-25,PM-002
CUST-05404,Nirvi,Devan,nirvi_532@hotmail.com,918915341512,1990-04-30,2016-10-28,PM-004
CUST-05405,Shayak,Ganguly,shayak.963@yahoo.com,917920254779,1989-11-25,2011-10-14,PM-001
CUST-05406,Chirag,Krish,krishchirag731@yahoo.com,918936939025,1993-07-24,2016-11-08,PM-004
CUST-05407,Biju,Buch,biju_382@gmail.com,918585774987,2001-03-28,2024-04-07,PM-001
CUST-05408,Reyansh,Kari,reyansh.kari315@yahoo.com,917492661441,1993-01-10,2011-08-26,PM-004
CUST-05409,Yasmin,Talwar,yasmin.857@gmail.com,917385371073,1989-11-25,2018-09-08,PM-001
CUST-05410,Saanvi,Sharaf,saanvi_300@outlook.com,917989361972,2000-11-25,2024-03-27,PM-003
CUST-05411,Prisha,Chatterjee,prisha_572@icloud.com,918981214245,1999-11-21,2020-02-23,PM-001
CUST-05412,Diya,D’Alia,diya953@icloud.com,918441694675,2006-05-30,2024-05-26,PM-002
CUST-05413,Renee,Handa,handarenee843@icloud.com,919601518645,1990-07-12,2023-07-13,PM-001
CUST-05414,Mannat,Bala,mannat307@gmail.com,918928214826,1994-11-02,2017-02-25,PM-002
CUST-05415,Aaina,Khosla,khoslaaaina790@hotmail.com,918252569917,1987-12-01,2013-07-18,PM-001
CUST-05416,Vardaniya,Bhat,bhatvardaniya436@hotmail.com,918739267641,1989-05-16,2017-11-25,PM-004
CUST-05417,Umang,Tella,umang.518@gmail.com,917905003706,1997-03-26,2023-04-07,PM-004
CUST-05418,Hiran,Srivastava,srivastavahiran863@hotmail.com,918503995232,2005-09-14,2024-05-18,PM-004
CUST-05419,Khushi,Tak,khushi536@outlook.com,918123312167,2001-04-22,2020-06-18,PM-004
CUST-05420,Charvi,Chander,charvi.chander928@hotmail.com,918850106334,1981-03-08,2007-01-01,PM-003
CUST-05421,Hrishita,Rajagopalan,hrishita_157@yahoo.com,919918955166,2004-12-04,2023-03-06,PM-003
CUST-05422,Bhamini,Gara,bhamini165@outlook.com,918239852869,1982-12-23,2005-11-11,PM-001
CUST-05423,Mehul,Chokshi,chokshimehul360@hotmail.com,917877340046,1990-12-07,2011-02-13,PM-004
CUST-05424,Rhea,Sarraf,rhea157@hotmail.com,917873736760,1999-01-28,2020-10-16,PM-004
CUST-05425,Adah,Kalita,adah_296@hotmail.com,918036328541,1988-08-28,2022-05-03,PM-002
CUST-05426,Vanya,Basu,vanya.723@gmail.com,917066599782,2000-02-29,2020-06-05,PM-002
CUST-05427,Eshani,Bhatia,eshani.311@gmail.com,918525526837,2003-08-20,2022-03-05,PM-002
CUST-05428,Ishita,Raju,ishita.raju431@outlook.com,917465333223,1988-02-26,2020-03-26,PM-004
CUST-05429,Siya,Jani,janisiya925@outlook.com,918064962711,1983-05-09,2014-03-26,PM-003
CUST-05430,Heer,Trivedi,trivediheer394@icloud.com,918500460336,1978-03-06,2014-11-14,PM-001
CUST-05431,Anika,Korpal,anika.korpal391@icloud.com,917725850053,2000-08-27,2021-11-23,PM-004
CUST-05432,Ela,Dora,ela167@icloud.com,917821169140,2004-08-20,2024-05-21,PM-003
CUST-05433,Romil,Sankar,romil.sankar355@hotmail.com,919477448059,2005-09-27,2024-06-12,PM-003
CUST-05434,Stuvan,Dara,stuvan.676@icloud.com,917607541918,1993-06-24,2015-05-15,PM-001
CUST-05435,Diya,Lad,laddiya547@outlook.com,918344471595,1989-12-08,2010-04-26,PM-002
CUST-05436,Amira,Lala,amira.970@icloud.com,917177497305,1976-04-01,2006-10-26,PM-002
CUST-05437,Yuvaan,Hans,hansyuvaan376@icloud.com,918925596051,1989-12-28,2012-01-19,PM-001
CUST-05438,Nishith,Hegde,hegdenishith359@yahoo.com,918333023932,1978-04-09,2011-02-19,PM-001
CUST-05439,Prisha,Bawa,prisha.bawa910@yahoo.com,919729214425,1985-10-25,2013-12-10,PM-003
CUST-05440,Nirvaan,Dixit,nirvaan669@hotmail.com,918249624063,1974-08-28,2013-11-27,PM-003
CUST-05441,Tejas,Andra,tejas228@hotmail.com,919703299501,1997-04-04,2022-07-30,PM-002
CUST-05442,Charvi,Sundaram,charvi.sundaram686@gmail.com,917835674436,1997-11-23,2015-11-19,PM-003
CUST-05443,Raunak,Chaudhari,chaudhariraunak790@icloud.com,917048606377,1981-09-17,2013-01-01,PM-001
CUST-05444,Amani,Tiwari,tiwariamani327@yahoo.com,919236413344,1977-03-08,2006-05-17,PM-002
CUST-05445,Yasmin,Jhaveri,yasmin.jhaveri211@hotmail.com,918373410392,1984-08-05,2006-03-07,PM-001
CUST-05446,Azad,Talwar,talwarazad258@yahoo.com,917669459310,1990-06-20,2020-03-28,PM-003
CUST-05447,Rohan,Subramanian,rohan324@outlook.com,917678425434,1987-10-21,2018-05-28,PM-002
CUST-05448,Shanaya,Tripathi,shanaya.tripathi643@outlook.com,917063554061,1990-03-21,2009-12-29,PM-001
CUST-05449,Uthkarsh,Mangat,uthkarsh662@yahoo.com,917389830115,1982-05-17,2014-01-28,PM-003
CUST-05450,Anya,Sura,anya.366@outlook.com,919604595873,1975-11-23,1993-11-24,PM-001
CUST-05451,Akarsh,Bhalla,akarsh_945@gmail.com,918752762734,2002-09-01,2021-08-09,PM-004
CUST-05452,Adah,Sodhi,adah.sodhi901@yahoo.com,918386027578,1977-07-29,1996-05-15,PM-002
CUST-05453,Chirag,Sundaram,chirag.sundaram648@icloud.com,919618603158,1975-02-12,1998-01-25,PM-002
CUST-05454,Dhruv,Chawla,dhruv_319@outlook.com,918355533588,2000-08-10,2020-05-20,PM-001
CUST-05455,Tanya,Chandran,tanya.481@gmail.com,919632979495,1975-05-29,1995-12-06,PM-002
CUST-05456,Advik,Varughese,advik.varughese374@yahoo.com,918690557867,1981-09-25,2009-07-23,PM-001
CUST-05457,Anahi,Tata,anahi_899@hotmail.com,919812131826,2005-02-07,2023-05-15,PM-003
CUST-05458,Arhaan,Desai,desaiarhaan795@outlook.com,918668245498,2006-01-29,2024-03-05,PM-003
CUST-05459,Yuvraj ,Subramanian,yuvraj .837@yahoo.com,917697025286,1988-06-12,2024-01-06,PM-004
CUST-05460,Riaan,Kashyap,riaan569@yahoo.com,917320197771,1984-10-06,2023-11-02,PM-001
CUST-05461,Vanya,Bhagat,vanya.604@icloud.com,918565600457,1997-09-10,2023-11-20,PM-004
CUST-05462,Inaaya ,Korpal,inaaya 746@icloud.com,918050257432,1976-02-22,2014-07-26,PM-004
CUST-05463,Tanya,Balay,tanya514@hotmail.com,919472472948,1974-11-10,2000-06-05,PM-001
CUST-05464,Hansh,Sethi,sethihansh974@icloud.com,917662450378,1994-12-18,2020-06-19,PM-003
CUST-05465,Rohan,Balay,balayrohan215@outlook.com,918539424666,1989-04-25,2020-12-29,PM-004
CUST-05466,Aarna,Sachdeva,aarna.sachdeva861@gmail.com,917268266756,1975-10-21,2021-06-25,PM-003
CUST-05467,Eshani,Hari,eshani.219@outlook.com,919398226666,1992-09-24,2023-07-21,PM-004
CUST-05468,Ela,Goda,ela.870@gmail.com,918503829385,2003-10-19,2024-05-05,PM-002
CUST-05469,Aaina,Issac,aaina701@outlook.com,918838464449,1993-02-24,2013-10-13,PM-002
CUST-05470,Shray,Sankar,shray.392@outlook.com,917902463544,1994-08-10,2016-12-10,PM-004
CUST-05471,Aaryahi,Sarraf,aaryahi.sarraf768@outlook.com,917686144086,1995-09-01,2019-10-31,PM-002
CUST-05472,Dhanush,Karan,dhanush.650@gmail.com,918345249842,2001-08-14,2021-06-20,PM-002
CUST-05473,Nehmat,Seshadri,seshadrinehmat694@icloud.com,919834057078,1992-07-02,2019-08-24,PM-003
CUST-05474,Shanaya,Wagle,shanaya716@icloud.com,919240753684,2005-02-13,2023-10-24,PM-003
CUST-05475,Dhruv,Sani,dhruv_180@gmail.com,919849147797,2002-11-27,2023-12-28,PM-001
CUST-05476,Sara,Wali,sara_580@icloud.com,917874674066,1996-07-16,2020-04-05,PM-002
CUST-05477,Divit,Comar,divit.comar738@outlook.com,919776217583,2002-04-25,2022-09-24,PM-003
CUST-05478,Hrishita,Batra,batrahrishita709@icloud.com,917199597449,2005-07-08,2024-01-20,PM-003
CUST-05479,Hunar,Balasubramanian,hunar419@outlook.com,919743897140,1986-07-04,2023-06-14,PM-004
CUST-05480,Mahika,Gera,mahika_456@outlook.com,917156256309,2001-12-06,2022-05-07,PM-002
CUST-05481,Anika,Kunda,anika496@hotmail.com,918713186157,1990-03-23,2013-06-23,PM-002
CUST-05482,Uthkarsh,Mani,uthkarsh.mani833@gmail.com,919342698830,1993-07-27,2021-12-02,PM-001
CUST-05483,Nirvaan,Ahuja,nirvaan816@outlook.com,918646691014,2000-06-01,2018-08-02,PM-004
CUST-05484,Jayesh,Baria,jayesh.529@icloud.com,919685547856,1996-03-12,2018-09-20,PM-002
CUST-05485,Yuvaan,Bala,yuvaan.bala930@gmail.com,918356231694,2000-08-16,2021-10-24,PM-001
CUST-05486,Shaan,Deshmukh,deshmukhshaan133@icloud.com,917663555862,2003-09-26,2021-09-22,PM-004
CUST-05487,Arhaan,Mahajan,arhaan.mahajan473@hotmail.com,917734239975,1983-09-22,2014-04-10,PM-004
CUST-05488,Onkar,Kothari,kotharionkar922@outlook.com,919542395660,2006-02-05,2024-04-12,PM-002
CUST-05489,Renee,Suresh,sureshrenee650@icloud.com,919547471877,1988-03-22,2022-10-14,PM-002
CUST-05490,Lavanya,Chaudhari,lavanya.chaudhari981@outlook.com,918217678183,1994-12-08,2024-02-11,PM-002
CUST-05491,Jayant,Ahluwalia,jayant.ahluwalia277@hotmail.com,919228748240,1983-11-13,2003-09-08,PM-001
CUST-05492,Kismat,Bhargava,kismat_191@yahoo.com,918886840444,1989-10-03,2015-01-25,PM-001
CUST-05493,Darshit,Loyal,darshit.loyal141@yahoo.com,919476811979,1984-04-17,2002-08-08,PM-004
CUST-05494,Prerak,Soman,prerak.soman628@yahoo.com,917886373913,1978-07-16,1997-11-26,PM-003
CUST-05495,Gokul,Doshi,gokul.doshi430@icloud.com,917028971422,1992-01-10,2022-02-02,PM-001
CUST-05496,Vedika,Andra,vedika948@yahoo.com,919694554357,1998-07-14,2020-12-03,PM-003
CUST-05497,Lakshit,Goel,lakshit.330@outlook.com,917220589406,1997-04-17,2016-11-23,PM-003
CUST-05498,Saksham,Sarraf,sarrafsaksham689@gmail.com,918866947377,1984-01-16,2021-07-14,PM-002
CUST-05499,Kimaya,Suri,kimaya259@yahoo.com,917542480610,1980-06-07,2001-03-31,PM-002
CUST-05500,Suhana,Balan,balansuhana663@outlook.com,917859746494,2004-08-09,2023-05-04,PM-002
CUST-05501,Inaaya ,Agarwal,inaaya 781@hotmail.com,918077507877,1977-12-28,2019-10-29,PM-003
CUST-05502,Arnav,Datta,arnav471@outlook.com,917672906627,1995-01-07,2020-12-10,PM-004
CUST-05503,Keya,Bedi,keya.bedi718@yahoo.com,917775891730,1999-04-27,2024-05-30,PM-001
CUST-05504,Jayant,Biswas,jayant_869@outlook.com,918402917452,1985-12-09,2019-08-29,PM-003
CUST-05505,Zara,Kohli,zara_395@gmail.com,917390865979,1978-05-19,1999-03-23,PM-003
CUST-05506,Prerak,Dhawan,prerak_817@hotmail.com,917457134513,1985-08-09,2018-10-20,PM-003
CUST-05507,Lakshit,Golla,gollalakshit877@hotmail.com,918140894594,2001-06-08,2022-09-26,PM-004
CUST-05508,Sara,Handa,handasara923@gmail.com,917166454841,1997-04-20,2019-07-05,PM-002
CUST-05509,Charvi,Chander,charvi.chander470@yahoo.com,918135199961,2001-07-19,2020-10-23,PM-004
CUST-05510,Amira,Krish,amira.725@gmail.com,919529714760,1994-09-04,2014-01-31,PM-003
CUST-05511,Saanvi,Mane,saanvi_707@gmail.com,918909895970,1997-06-15,2024-05-27,PM-001
CUST-05512,Armaan,Koshy,koshyarmaan379@hotmail.com,917729162635,1978-11-27,2006-04-21,PM-003
CUST-05513,Eva,Sarraf,eva.387@icloud.com,919550030374,1996-03-12,2022-10-13,PM-003
CUST-05514,Vivaan,Saha,vivaan258@outlook.com,917688125809,1996-10-03,2020-10-01,PM-001
CUST-05515,Sara,Garde,sara_464@icloud.com,918797386346,1986-03-06,2012-04-09,PM-001
CUST-05516,Kismat,Vaidya,vaidyakismat166@icloud.com,919611207187,1980-09-05,2000-03-16,PM-001
CUST-05517,Ishita,Chana,ishita_640@yahoo.com,917612768348,1985-08-06,2011-01-20,PM-003
CUST-05518,Vihaan,Toor,vihaan402@gmail.com,917014294284,1988-07-07,2014-01-11,PM-004
CUST-05519,Hansh,Edwin,hansh_326@icloud.com,918921515245,2000-12-09,2019-05-06,PM-003
CUST-05520,Taimur,Shanker,taimur_633@icloud.com,919794097048,1987-11-04,2022-09-08,PM-004
CUST-05521,Chirag,Subramaniam,chirag851@yahoo.com,917256775623,1991-02-05,2017-05-12,PM-002
CUST-05522,Anvi,Dutt,anvi.269@gmail.com,917365777683,1996-10-15,2019-01-20,PM-002
CUST-05523,Ahana ,Chandra,chandraahana 813@outlook.com,917558394377,1993-04-13,2013-06-11,PM-004
CUST-05524,Shaan,Randhawa,shaan.randhawa211@icloud.com,919872605428,1979-03-01,2021-03-17,PM-004
CUST-05525,Uthkarsh,Lall,uthkarsh630@gmail.com,919843409093,1998-12-02,2023-03-01,PM-001
CUST-05526,Ehsaan,Sarna,ehsaan_845@outlook.com,919395911657,1996-09-29,2021-01-03,PM-001
CUST-05527,Rasha,Halder,halderrasha861@yahoo.com,917258404923,1991-12-28,2016-09-09,PM-004
CUST-05528,Diya,Dugar,diya.dugar827@outlook.com,918455262403,2003-08-20,2021-11-22,PM-003
CUST-05529,Ahana ,Boase,ahana _398@outlook.com,918519741401,1989-12-04,2019-03-11,PM-001
CUST-05530,Tara,Badal,tara.711@yahoo.com,917511982883,1978-09-22,2018-11-21,PM-003
CUST-05531,Prisha,Tiwari,prisha318@outlook.com,918708464813,1980-02-22,2005-08-06,PM-001
CUST-05532,Jivin,Mander,jivin791@icloud.com,917746776353,1978-03-03,2015-01-23,PM-003
CUST-05533,Aradhya,Rajagopal,aradhya.243@gmail.com,918817834579,1993-07-18,2023-11-19,PM-001
CUST-05534,Lakshay,Comar,lakshay276@gmail.com,919559383851,1983-09-08,2003-04-05,PM-002
CUST-05535,Emir,Rastogi,emir.181@outlook.com,917977334757,2005-05-29,2023-09-27,PM-004
CUST-05536,Pihu,Bhasin,pihu.bhasin392@icloud.com,917812652990,1975-06-05,2022-02-21,PM-004
CUST-05537,Yuvraj ,Basu,yuvraj _591@gmail.com,918819793177,2006-05-04,2024-05-23,PM-002
CUST-05538,Aradhya,Baria,aradhya.217@icloud.com,917357720269,1989-09-05,2023-01-27,PM-003
CUST-05539,Taran,Bhattacharyya,taran.539@hotmail.com,918063510821,1984-06-19,2017-03-06,PM-003
CUST-05540,Vihaan,Samra,vihaan.421@icloud.com,919215012592,2002-10-18,2022-03-17,PM-001
CUST-05541,Nishith,Suresh,nishith.suresh228@hotmail.com,918675870689,1986-08-01,2017-06-19,PM-002
CUST-05542,Nitara,Gara,nitara998@hotmail.com,918028562638,1985-07-28,2011-07-16,PM-001
CUST-05543,Akarsh,Venkataraman,akarsh.venkataraman940@icloud.com,918110910021,2006-03-29,2024-04-30,PM-002
CUST-05544,Samaira,Badami,samaira.315@hotmail.com,918617502997,2002-04-07,2023-07-15,PM-004
CUST-05545,Shanaya,Dugar,shanaya.dugar979@gmail.com,917602064479,1975-12-03,1995-04-24,PM-001
CUST-05546,Dhruv,Date,dhruv.date359@outlook.com,919958075656,1980-03-19,2020-03-07,PM-004
CUST-05547,Bhamini,Upadhyay,bhamini_998@gmail.com,918939563129,1998-06-10,2022-12-24,PM-004
CUST-05548,Mehul,Sant,mehul.sant626@hotmail.com,919033393256,1993-06-21,2019-02-04,PM-001
CUST-05549,Ayesha,Borah,ayesha.283@outlook.com,918146773455,1980-03-15,2021-09-04,PM-003
CUST-05550,Kaira,Behl,behlkaira892@yahoo.com,919039254548,1980-09-06,2022-09-28,PM-002
CUST-05551,Madhav,Amble,madhav_489@yahoo.com,917805730169,1990-02-21,2017-02-12,PM-003
CUST-05552,Vanya,Salvi,vanya708@yahoo.com,917145243756,1999-10-31,2022-07-30,PM-001
CUST-05553,Kiara,Iyengar,kiara326@yahoo.com,917511654201,1981-02-01,2008-01-05,PM-004
CUST-05554,Aradhya,Bhat,aradhya.477@hotmail.com,917007973564,1999-01-30,2022-06-30,PM-001
CUST-05555,Shray,Tandon,shray_702@gmail.com,917662606875,1980-12-08,2017-03-28,PM-002
CUST-05556,Sana,Shetty,sana595@gmail.com,919475059059,1999-09-07,2024-04-29,PM-001
CUST-05557,Indrajit,Thaman,indrajit.thaman984@yahoo.com,918314992116,1979-02-15,1999-03-24,PM-004
CUST-05558,Myra,Contractor,myra_871@outlook.com,917106672563,1981-03-10,2014-09-04,PM-001
CUST-05559,Manjari,Srinivasan,manjari914@hotmail.com,918477659302,1999-11-20,2019-11-27,PM-001
CUST-05560,Neelofar,Deshmukh,deshmukhneelofar575@gmail.com,917786780156,1986-12-22,2014-03-16,PM-004
CUST-05561,Tiya,Majumdar,tiya.827@gmail.com,918264887674,2004-05-27,2024-04-04,PM-002
CUST-05562,Tara,Johal,tara471@outlook.com,917537402646,1978-07-12,2019-03-02,PM-003
CUST-05563,Nirvaan,Bhakta,bhaktanirvaan201@hotmail.com,917604175775,1986-10-17,2024-04-07,PM-003
CUST-05564,Kaira,Solanki,kaira571@yahoo.com,919438756251,2002-06-23,2021-09-12,PM-004
CUST-05565,Nakul,Sachar,nakul.246@gmail.com,919807969762,1978-12-09,2015-11-14,PM-003
CUST-05566,Jayant,Mann,mannjayant441@icloud.com,917900960046,1986-07-29,2022-02-07,PM-003
CUST-05567,Shanaya,Tara,shanaya756@hotmail.com,919071711605,2004-02-25,2024-03-02,PM-001
CUST-05568,Hunar,Krishnamurthy,hunar.krishnamurthy151@icloud.com,919597505324,1978-10-20,2021-10-26,PM-004
CUST-05569,Ira,Banerjee,ira.banerjee239@yahoo.com,918469060193,1990-11-12,2021-06-21,PM-002
CUST-05570,Shayak,Basak,basakshayak460@yahoo.com,917889649298,1983-05-28,2017-11-04,PM-002
CUST-05571,Vivaan,Doshi,vivaan.doshi259@hotmail.com,918008770481,1990-05-19,2010-04-08,PM-003
CUST-05572,Jivin,Kade,jivin_111@yahoo.com,917449622015,1988-11-22,2013-12-15,PM-004
CUST-05573,Stuvan,Savant,stuvan.320@icloud.com,919150690253,1980-07-19,2009-02-07,PM-001
CUST-05574,Samiha,Goswami,samiha170@gmail.com,919921547778,2003-11-02,2022-07-10,PM-001
CUST-05575,Hazel,Mand,hazel.698@hotmail.com,918256379414,2000-03-01,2020-08-01,PM-004
CUST-05576,Reyansh,Ravel,reyansh.ravel651@hotmail.com,919575411101,1983-06-23,2017-01-30,PM-001
CUST-05577,Rati,Dhaliwal,dhaliwalrati892@icloud.com,918550697327,2004-02-03,2022-07-30,PM-004
CUST-05578,Veer,Deo,veer532@outlook.com,919445266194,1978-03-04,2014-01-06,PM-004
CUST-05579,Aaina,Goda,aaina624@outlook.com,918638684674,1983-04-23,2021-11-10,PM-003
CUST-05580,Arnav,Lad,arnav.473@gmail.com,917851524029,1981-07-18,2004-09-01,PM-002
CUST-05581,Taimur,Garde,gardetaimur416@yahoo.com,918904381537,1975-02-16,2004-11-07,PM-004
CUST-05582,Aniruddh,Rau,aniruddh_322@yahoo.com,919132672503,1985-11-20,2024-03-14,PM-001
CUST-05583,Ryan,Kale,ryan.kale866@icloud.com,917846484150,1986-01-23,2010-10-03,PM-002
CUST-05584,Rati,Kari,rati.369@icloud.com,917145988331,1977-07-14,2006-07-02,PM-003
CUST-05585,Dhanush,Tripathi,tripathidhanush975@yahoo.com,917474054207,2000-06-18,2021-10-10,PM-003
CUST-05586,Farhan,Batta,farhan.batta551@icloud.com,917990296079,1992-12-30,2024-01-27,PM-001
CUST-05587,Dharmajan,Tandon,dharmajan.tandon752@outlook.com,918497373686,1981-02-22,2014-09-05,PM-003
CUST-05588,Miraan,Dhingra,miraan_988@outlook.com,917414427217,1997-10-09,2023-08-31,PM-003
CUST-05589,Reyansh,Atwal,atwalreyansh259@yahoo.com,918379430204,1987-04-24,2013-01-06,PM-002
CUST-05590,Sumer,Chad,sumer.881@gmail.com,918291633801,1983-02-07,2004-07-14,PM-001
CUST-05591,Anahita,Soman,anahita.soman966@outlook.com,918064569053,1995-02-19,2014-01-10,PM-001
CUST-05592,Ayesha,Sani,ayesha_738@outlook.com,919642439589,1978-12-08,2012-08-22,PM-002
CUST-05593,Kiara,Goyal,goyalkiara264@gmail.com,917682508173,1989-01-01,2013-06-14,PM-002
CUST-05594,Divit,Sha,shadivit722@yahoo.com,918122515912,1992-11-27,2013-12-26,PM-004
CUST-05595,Armaan,Aggarwal,aggarwalarmaan604@icloud.com,919285571313,1992-11-26,2019-06-15,PM-001
CUST-05596,Neysa,Varghese,neysa_881@hotmail.com,919786078570,2002-05-22,2021-02-01,PM-003
CUST-05597,Krish,Krish,krish_805@hotmail.com,917866929275,1995-06-03,2023-04-25,PM-004
CUST-05598,Navya,Zacharia,navya.564@yahoo.com,919886977700,1980-10-10,2012-12-16,PM-002
CUST-05599,Aradhya,Goel,aradhya.goel198@gmail.com,919118933604,2004-08-23,2024-04-03,PM-001
CUST-05600,Anvi,Venkatesh,venkateshanvi714@outlook.com,917376279854,1980-03-13,2021-06-13,PM-001
CUST-05601,Diya,Tara,taradiya428@gmail.com,919246394980,1989-05-16,2011-03-18,PM-002
CUST-05602,Nayantara,Mandal,nayantara.mandal151@hotmail.com,918295401406,1995-11-23,2018-08-13,PM-004
CUST-05603,Misha,Din,misha.713@gmail.com,917810911526,1982-04-01,2010-12-31,PM-001
CUST-05604,Damini,Dhingra,damini.622@icloud.com,919070010984,1997-12-16,2023-03-24,PM-004
CUST-05605,Ojas,Setty,ojas_980@hotmail.com,917902730467,1977-10-08,2019-12-25,PM-001
CUST-05606,Riya,Trivedi,riya.771@gmail.com,917198459070,1991-08-01,2018-10-10,PM-002
CUST-05607,Zoya,Hayre,zoya.225@yahoo.com,919404742010,2004-04-11,2024-02-13,PM-004
CUST-05608,Nirvi,Vora,nirvi_794@icloud.com,919319643270,1989-05-10,2022-01-22,PM-004
CUST-05609,Rati,Sibal,sibalrati785@icloud.com,917239326635,1989-09-29,2012-08-22,PM-004
CUST-05610,Dishani,Jani,dishani_486@hotmail.com,917517101041,2001-01-01,2023-04-23,PM-002
CUST-05611,Kiara,Reddy,kiara.626@icloud.com,918583496280,1977-04-11,2023-11-27,PM-001
CUST-05612,Tejas,Ganesh,ganeshtejas775@icloud.com,919662637317,1985-10-16,2019-09-08,PM-004
CUST-05613,Kiara,Ben,kiara.ben708@icloud.com,919660700449,2005-01-03,2023-11-28,PM-001
CUST-05614,Dhruv,Ganguly,dhruv.290@icloud.com,919851293905,2001-04-22,2019-07-21,PM-003
CUST-05615,Darshit,Baral,baraldarshit365@yahoo.com,919985768023,1998-02-28,2018-10-23,PM-003
CUST-05616,Emir,Deo,emir.deo521@icloud.com,917346719709,1997-04-28,2018-02-23,PM-003
CUST-05617,Piya,Bir,piya_238@icloud.com,917727563150,2005-02-06,2023-08-07,PM-001
CUST-05618,Advik,Deep,advik660@hotmail.com,918505333204,2005-06-21,2024-03-15,PM-004
CUST-05619,Neysa,Krishnamurthy,neysa742@hotmail.com,918267541660,1998-06-25,2022-12-30,PM-001
CUST-05620,Fateh,Vala,valafateh458@icloud.com,918725471042,1986-11-25,2011-06-15,PM-004
CUST-05621,Azad,Kaul,azad_498@icloud.com,917897185373,2004-08-21,2023-03-07,PM-004
CUST-05622,Mamooty,Dhaliwal,mamooty.666@gmail.com,919494325586,1979-08-23,2003-10-07,PM-002
CUST-05623,Trisha,Deshmukh,trisha_282@gmail.com,917337617858,1981-08-31,2010-06-09,PM-003
CUST-05624,Shanaya,Karnik,karnikshanaya408@gmail.com,917195753883,1989-03-27,2012-08-02,PM-003
CUST-05625,Vivaan,Arya,vivaan.458@icloud.com,917724304757,1994-07-19,2023-09-23,PM-003
CUST-05626,Kiara,Kalla,kiara.kalla499@outlook.com,918485071059,2003-07-24,2021-12-02,PM-001
CUST-05627,Kavya,Kar,karkavya632@outlook.com,919575812515,1982-03-11,2002-11-09,PM-004
CUST-05628,Kashvi,Bahri,bahrikashvi281@gmail.com,919463146201,1992-06-05,2019-01-23,PM-002
CUST-05629,Shanaya,Thaker,shanaya.thaker252@yahoo.com,918720186327,2000-06-26,2021-08-24,PM-004
CUST-05630,Tara,Bahl,tara_123@outlook.com,919295590356,1977-05-06,2012-06-10,PM-002
CUST-05631,Manjari,Buch,manjari.451@outlook.com,917860277692,1994-11-04,2021-09-02,PM-003
CUST-05632,Khushi,Agate,khushi.122@yahoo.com,917390829997,1998-10-27,2017-10-13,PM-003
CUST-05633,Nishith,Devi,nishith324@outlook.com,918912289080,2004-05-15,2024-03-17,PM-004
CUST-05634,Mahika,Hegde,mahika.hegde976@hotmail.com,917806434435,2000-07-22,2022-02-22,PM-004
CUST-05635,Prisha,Kapadia,prisha.100@hotmail.com,917208119678,1992-06-12,2020-01-29,PM-003
CUST-05636,Neelofar,Chaudhary,neelofar_426@outlook.com,919557697195,1994-08-21,2013-03-30,PM-002
CUST-05637,Taran,Krishnamurthy,taran907@gmail.com,919109258000,1983-10-31,2021-07-29,PM-004
CUST-05638,Aaryahi,Sagar,aaryahi.807@gmail.com,919612035749,1991-11-03,2018-11-10,PM-001
CUST-05639,Keya,Rau,keya_280@yahoo.com,917298176312,1986-10-25,2009-04-10,PM-001
CUST-05640,Sumer,Sarraf,sumer_996@hotmail.com,917572745875,1987-03-04,2018-02-03,PM-003
CUST-05641,Shray,Chad,shray417@icloud.com,918115808677,1987-08-04,2017-02-20,PM-003
CUST-05642,Lavanya,Bajaj,lavanya_824@icloud.com,917314190977,1999-11-16,2024-01-09,PM-004
CUST-05643,Uthkarsh,Shere,uthkarsh.816@hotmail.com,917951629227,1993-12-28,2018-07-17,PM-002
CUST-05644,Jhanvi,Zacharia,zachariajhanvi523@gmail.com,919954310063,1998-10-29,2017-10-10,PM-004
CUST-05645,Vidur,Krishnan,vidur716@icloud.com,917071182994,2004-10-17,2023-01-31,PM-004
CUST-05646,Akarsh,Savant,akarsh425@outlook.com,918125703470,2006-02-15,2024-02-15,PM-004
CUST-05647,Yuvraj ,Balan,yuvraj .586@icloud.com,918273942825,1998-05-17,2016-09-01,PM-003
CUST-05648,Biju,Chowdhury,biju.947@yahoo.com,918296901373,2002-04-30,2020-10-16,PM-002
CUST-05649,Aarav,Sawhney,aarav.536@yahoo.com,919808956992,1991-01-18,2011-01-18,PM-002
CUST-05650,Veer,Bhattacharyya,veer_568@hotmail.com,917625692716,2003-12-29,2022-09-10,PM-003
CUST-05651,Pihu,Tailor,tailorpihu557@outlook.com,918778254629,1979-12-08,2007-06-10,PM-001
CUST-05652,Oorja,Bhasin,oorja_840@yahoo.com,918837820970,1985-05-15,2007-07-02,PM-003
CUST-05653,Krish,Karnik,karnikkrish522@hotmail.com,917389262499,1980-10-07,2015-07-08,PM-004
CUST-05654,Saksham,Dora,saksham.dora395@icloud.com,919840874926,1995-11-18,2021-04-24,PM-001
CUST-05655,Indrans,Roy,indrans.roy657@yahoo.com,917408674616,1987-12-20,2018-08-29,PM-004
CUST-05656,Ira,Varkey,ira994@icloud.com,918583249063,1987-02-11,2007-03-18,PM-001
CUST-05657,Divyansh,Kade,divyansh_133@yahoo.com,919239427276,1985-09-17,2017-04-19,PM-003
CUST-05658,Navya,Jain,navya.jain518@gmail.com,917110258605,1995-05-04,2016-05-01,PM-002
CUST-05659,Gatik,Atwal,gatik.atwal133@icloud.com,917148176484,1976-05-13,2003-02-19,PM-001
CUST-05660,Romil,Talwar,romil_177@icloud.com,918119719448,2001-04-09,2021-03-24,PM-003
CUST-05661,Jayan,Raja,jayan957@gmail.com,919408579861,2004-09-01,2023-08-20,PM-001
CUST-05662,Tiya,Gade,tiya291@hotmail.com,919549882506,2005-12-09,2024-01-02,PM-001
CUST-05663,Kiara,Dhingra,dhingrakiara674@icloud.com,918355059900,1991-04-23,2010-05-19,PM-003
CUST-05664,Aarna,Wason,wasonaarna187@gmail.com,917681875810,1987-03-11,2021-09-20,PM-001
CUST-05665,Romil,Vyas,romil.vyas245@outlook.com,919627761001,1993-03-21,2021-07-20,PM-004
CUST-05666,Manjari,Suresh,manjari.suresh241@icloud.com,919145332804,1981-06-23,2014-01-19,PM-003
CUST-05667,Devansh,Kara,devansh.kara626@hotmail.com,917940162585,1991-02-16,2009-06-19,PM-001
CUST-05668,Kiara,Gill,kiara774@hotmail.com,917600717860,2001-01-28,2021-08-31,PM-003
CUST-05669,Saksham,Sangha,saksham_796@gmail.com,919272451048,2005-07-06,2024-04-27,PM-003
CUST-05670,Kanav,Chaudry,kanav_637@hotmail.com,917370089710,1982-04-28,2011-08-21,PM-003
CUST-05671,Nitara,Kaur,nitara_472@icloud.com,918194372001,1985-08-21,2009-03-06,PM-001
CUST-05672,Chirag,Khalsa,chirag.893@icloud.com,917821870428,2001-01-16,2019-09-23,PM-004
CUST-05673,Ranbir,Yohannan,ranbir137@outlook.com,919908937829,1982-09-12,2021-04-13,PM-004
CUST-05674,Krish,Shere,krish_226@gmail.com,917956972862,1975-01-07,2001-02-03,PM-001
CUST-05675,Raunak,Reddy,raunak688@icloud.com,918612503586,2004-10-15,2022-12-17,PM-003
CUST-05676,Mohanlal,Mammen,mohanlal938@icloud.com,919502075289,1992-12-30,2018-01-23,PM-003
CUST-05677,Nitara,Chanda,chandanitara329@gmail.com,918737132025,1999-10-15,2019-01-12,PM-004
CUST-05678,Tara,Choudhary,tara.751@hotmail.com,919782662783,2006-03-13,2024-04-28,PM-002
CUST-05679,Vardaniya,Dash,vardaniya.dash195@outlook.com,919154935774,1991-11-24,2022-05-05,PM-001
CUST-05680,Vanya,Dewan,vanya.dewan408@outlook.com,919317690910,1989-06-11,2023-04-26,PM-004
CUST-05681,Diya,Rajagopal,diya.961@hotmail.com,917222154553,1994-10-05,2019-07-17,PM-002
CUST-05682,Kashvi,Lall,kashvi918@icloud.com,917790136737,1977-11-25,2007-01-13,PM-003
CUST-05683,Lakshay,Sawhney,sawhneylakshay962@icloud.com,917009334377,1998-07-12,2016-12-04,PM-001
CUST-05684,Anahi,Ghosh,anahi960@yahoo.com,919068382957,2005-02-11,2024-01-16,PM-003
CUST-05685,Raghav,Shanker,raghav661@icloud.com,918208034038,1994-10-12,2015-06-10,PM-003
CUST-05686,Yuvaan,Thaman,thamanyuvaan985@icloud.com,917729355703,1979-10-28,2002-11-01,PM-003
CUST-05687,Dishani,Kibe,kibedishani996@outlook.com,918220104157,1994-01-12,2021-09-20,PM-001
CUST-05688,Raghav,Chhabra,raghav467@outlook.com,919839514445,1986-06-20,2018-03-05,PM-003
CUST-05689,Gokul,Rajan,gokul.rajan684@outlook.com,918422743328,2004-04-16,2024-05-12,PM-001
CUST-05690,Gokul,Deshpande,gokul_435@yahoo.com,918478917467,1975-01-25,2014-02-03,PM-001
CUST-05691,Samar,Butala,samar.516@icloud.com,917925842696,1985-05-31,2012-05-15,PM-004
CUST-05692,Mahika,Vohra,mahika.165@gmail.com,919213247374,1986-02-11,2019-07-29,PM-003
CUST-05693,Eva,Solanki,eva_592@outlook.com,919461933273,1987-02-28,2005-11-09,PM-004
CUST-05694,Drishya,Sastry,sastrydrishya125@icloud.com,919158317593,2003-02-10,2022-02-19,PM-004
CUST-05695,Hunar,Batra,batrahunar124@gmail.com,918885638620,1995-02-14,2017-04-16,PM-003
CUST-05696,Darshit,Bahl,darshit.541@yahoo.com,918262313493,2000-09-18,2023-06-21,PM-002
CUST-05697,Raunak,Gala,raunak_197@icloud.com,919255650291,1977-11-30,2007-06-30,PM-001
CUST-05698,Advika,Raval,advika.677@outlook.com,919046389675,2006-05-04,2024-05-02,PM-003
CUST-05699,Shray,Bassi,shray.265@outlook.com,919658047126,1996-03-12,2020-06-03,PM-002
CUST-05700,Mohanlal,Bhatt,mohanlal.bhatt904@gmail.com,918228357230,1976-06-22,2011-03-07,PM-001
CUST-05701,Riya,Deep,riya.247@outlook.com,917414517670,1980-02-09,1999-06-25,PM-004
CUST-05702,Nitara,Goel,goelnitara580@icloud.com,918623959145,2001-01-04,2021-11-07,PM-003
CUST-05703,Tara,Bala,tara_262@hotmail.com,919605705937,2000-01-18,2023-09-13,PM-001
CUST-05704,Ela,Gola,golaela112@gmail.com,918434783689,1974-11-17,1996-02-23,PM-003
CUST-05705,Nakul,Goel,nakul892@outlook.com,917780090459,2000-09-25,2024-01-28,PM-002
CUST-05706,Dishani,Chanda,dishani.chanda472@icloud.com,919684834660,1991-04-27,2009-06-30,PM-002
CUST-05707,Jhanvi,Saha,jhanvi.saha892@gmail.com,918822146612,1997-05-10,2019-05-11,PM-002
CUST-05708,Nitya,Desai,nitya_996@hotmail.com,918253456647,2006-04-23,2024-05-02,PM-001
CUST-05709,Rasha,Iyengar,rasha_867@yahoo.com,919189814911,1997-07-24,2016-09-27,PM-001
CUST-05710,Khushi,Balakrishnan,khushi_885@outlook.com,918428672212,1974-08-27,2004-03-09,PM-002
CUST-05711,Hrishita,Dubey,hrishita_403@outlook.com,919964228417,1997-01-17,2024-04-17,PM-001
CUST-05712,Tanya,Dani,tanya620@yahoo.com,918661571190,1983-09-10,2021-03-20,PM-003
CUST-05713,Zeeshan,Kale,zeeshan.kale714@yahoo.com,917549998390,1977-10-31,2015-07-08,PM-004
CUST-05714,Ayesha,Bhargava,bhargavaayesha912@outlook.com,919134768748,1983-08-08,2007-01-09,PM-003
CUST-05715,Emir,Suri,emir767@icloud.com,918522126710,1976-06-09,2000-05-24,PM-003
CUST-05716,Ishaan,Rout,ishaan_954@icloud.com,919465953856,1992-01-28,2018-12-16,PM-004
CUST-05717,Yasmin,Chanda,yasmin115@yahoo.com,917048241494,1983-03-25,2019-12-06,PM-003
CUST-05718,Lagan,Sahni,lagan.394@gmail.com,919734070951,2001-02-27,2021-12-19,PM-001
CUST-05719,Charvi,Gour,charvi720@icloud.com,918893772999,1985-06-22,2018-06-24,PM-001
CUST-05720,Himmat,Sundaram,sundaramhimmat627@gmail.com,918055335427,1995-03-29,2022-01-28,PM-004
CUST-05721,Rasha,Sahota,rasha_716@icloud.com,917743966772,1999-08-25,2017-09-30,PM-004
CUST-05722,Veer,Gera,geraveer711@yahoo.com,919814796709,2001-09-02,2021-12-21,PM-001
CUST-05723,Mehul,Sarraf,mehul.921@hotmail.com,919327014817,1975-04-22,1999-08-25,PM-003
CUST-05724,Lavanya,Som,lavanya_465@gmail.com,917685167223,1989-03-17,2021-01-08,PM-001
CUST-05725,Indranil,Mani,indranil_100@gmail.com,919045032557,1979-11-28,2014-11-11,PM-004
CUST-05726,Ela,Chadha,ela_358@yahoo.com,917196191241,1979-01-23,2018-08-10,PM-002
CUST-05727,Divit,Sem,divit.sem985@gmail.com,918406981108,1999-09-23,2021-03-15,PM-004
CUST-05728,Suhana,Deo,suhana604@gmail.com,917573630301,1999-12-15,2018-09-10,PM-004
CUST-05729,Alia,Samra,samraalia735@yahoo.com,919111003472,1979-05-05,2008-01-07,PM-001
CUST-05730,Sumer,Vaidya,sumer.vaidya365@hotmail.com,918429839408,1982-05-10,2021-08-22,PM-004
CUST-05731,Inaaya ,Badami,inaaya .badami527@gmail.com,918901990709,1994-11-14,2017-10-01,PM-001
CUST-05732,Zara,Kala,kalazara846@icloud.com,918998156836,1995-07-02,2013-07-28,PM-002
CUST-05733,Hazel,Ramanathan,hazel.ramanathan930@icloud.com,917770139435,1979-02-20,2005-01-21,PM-001
CUST-05734,Ela,Khalsa,ela.khalsa780@yahoo.com,919139748541,1994-06-15,2013-05-28,PM-004
CUST-05735,Jayesh,Gill,jayesh.gill102@gmail.com,918550294774,2005-11-02,2023-12-16,PM-004
CUST-05736,Neelofar,Thaman,neelofar.thaman169@yahoo.com,919672640525,1974-10-24,2015-06-11,PM-003
CUST-05737,Ishita,Manne,ishita.201@icloud.com,918581232354,1994-05-20,2018-05-02,PM-003
CUST-05738,Amani,Sachdeva,amani_435@yahoo.com,917647209280,1999-06-25,2020-07-08,PM-002
CUST-05739,Gokul,Bala,gokul_786@yahoo.com,919815487155,1999-03-16,2018-01-16,PM-002
CUST-05740,Yakshit,Suresh,yakshit.866@yahoo.com,917983693914,1979-12-24,2020-08-23,PM-004
CUST-05741,Miraya,Contractor,miraya.174@gmail.com,919863042304,1986-02-07,2020-03-06,PM-004
CUST-05742,Riya,Bhargava,riya.434@outlook.com,918714429321,1977-06-30,2014-05-17,PM-003
CUST-05743,Samar,Srivastava,samar_832@gmail.com,917658424709,1992-01-30,2013-01-09,PM-001
CUST-05744,Anahi,Char,anahi200@icloud.com,919032153934,1974-07-07,2014-09-12,PM-004
CUST-05745,Misha,Walia,misha.401@outlook.com,918044429577,1999-04-29,2022-09-11,PM-001
CUST-05746,Kimaya,Bhardwaj,kimaya.353@icloud.com,917197973717,1988-04-15,2010-10-31,PM-002
CUST-05747,Baiju,Dave,davebaiju363@hotmail.com,917337939462,1977-07-07,2018-02-20,PM-004
CUST-05748,Mishti,Bora,mishti_476@hotmail.com,918424288494,1984-12-19,2019-12-17,PM-003
CUST-05749,Charvi,Randhawa,charvi_519@gmail.com,919536275586,1984-06-13,2010-10-08,PM-003
CUST-05750,Mohanlal,Chokshi,mohanlal_959@hotmail.com,917304166577,1989-10-27,2021-10-23,PM-004
CUST-05751,Samarth,Hari,samarth_624@yahoo.com,919904681383,1976-02-19,2013-08-28,PM-002
CUST-05752,Kismat,Ganguly,kismat.ganguly654@outlook.com,917737899145,1974-06-29,1995-03-20,PM-003
CUST-05753,Kanav,Master,kanav361@yahoo.com,919643289462,2001-08-28,2022-06-24,PM-002
CUST-05754,Tanya,Yadav,tanya.yadav337@hotmail.com,918414025518,1992-08-06,2018-11-09,PM-001
CUST-05755,Devansh,Krish,devansh_935@gmail.com,917277551772,1977-10-03,2017-09-07,PM-002
CUST-05756,Myra,Deo,myra360@gmail.com,919070630809,1980-11-14,1999-04-18,PM-002
CUST-05757,Divyansh,Bahl,divyansh574@gmail.com,918108370551,1990-07-15,2019-10-04,PM-004
CUST-05758,Kashvi,Chhabra,kashvi594@icloud.com,918033149846,1986-07-20,2014-09-02,PM-001
CUST-05759,Ivan,Sen,ivan831@icloud.com,919904274759,2004-04-06,2022-08-03,PM-001
CUST-05760,Tara,Ahluwalia,tara_455@yahoo.com,918329575052,2005-04-16,2024-04-22,PM-001
CUST-05761,Keya,Aurora,keya_628@outlook.com,918187528189,1974-10-23,2007-06-24,PM-002
CUST-05762,Kartik,Chand,kartik.346@yahoo.com,917861822642,1975-03-24,2022-07-11,PM-003
CUST-05763,Arhaan,Krishna,arhaan386@hotmail.com,917927235924,2003-10-06,2024-02-29,PM-002
CUST-05764,Anika,Kala,anika.kala455@outlook.com,917224013753,1978-07-11,2002-07-19,PM-002
CUST-05765,Purab,Tiwari,tiwaripurab152@hotmail.com,917011656397,2005-03-11,2023-06-17,PM-004
CUST-05766,Sara,Saha,sara.saha411@icloud.com,917307595575,1981-11-22,2016-05-08,PM-003
CUST-05767,Khushi,Krishnamurthy,krishnamurthykhushi819@outlook.com,919598040262,2003-01-10,2022-03-09,PM-002
CUST-05768,Suhana,Bhardwaj,suhana_104@yahoo.com,919038222993,2001-10-23,2023-08-30,PM-003
CUST-05769,Nitara,Ram,nitara.ram987@icloud.com,917637686649,2002-11-23,2021-03-04,PM-002
CUST-05770,Vanya,Kari,vanya.274@icloud.com,917747709712,2003-12-23,2024-02-24,PM-001
CUST-05771,Vidur,Karan,vidur538@hotmail.com,917810676113,1998-09-10,2022-06-20,PM-002
CUST-05772,Dhanuk,Srinivasan,dhanuk.908@yahoo.com,917151062457,1990-07-04,2019-08-10,PM-002
CUST-05773,Kiaan,Mand,mandkiaan905@gmail.com,919265909505,1976-12-01,2014-04-03,PM-002
CUST-05774,Mahika,Koshy,mahika.koshy502@outlook.com,918951088570,1996-09-10,2020-03-15,PM-003
CUST-05775,Dhanush,Chand,dhanush_238@yahoo.com,917138583806,1976-07-16,2004-06-05,PM-003
CUST-05776,Vivaan,Bera,vivaan_245@yahoo.com,919841992765,1991-12-02,2019-02-20,PM-003
CUST-05777,Shanaya,Sastry,shanaya.sastry848@yahoo.com,918286949255,1983-05-22,2009-02-26,PM-002
CUST-05778,Dishani,Sangha,dishani799@outlook.com,917481038878,1992-03-25,2017-02-23,PM-001
CUST-05779,Mohanlal,Bajaj,bajajmohanlal897@icloud.com,919943310873,1983-01-22,2012-01-25,PM-001
CUST-05780,Prisha,Samra,prisha.778@hotmail.com,918061884350,2000-04-11,2020-12-04,PM-003
CUST-05781,Ojas,Walia,waliaojas371@gmail.com,918537580795,1991-06-02,2010-03-18,PM-002
CUST-05782,Samiha,Bhandari,samiha_457@outlook.com,919923253190,2001-05-28,2022-03-05,PM-002
CUST-05783,Nirvi,Gade,gadenirvi937@yahoo.com,918184762945,1992-11-21,2022-05-29,PM-002
CUST-05784,Jivin,Dhingra,dhingrajivin839@gmail.com,918921596173,1991-02-02,2012-05-06,PM-003
CUST-05785,Tarini,Baria,tarini550@icloud.com,919889116486,1989-06-20,2007-08-12,PM-004
CUST-05786,Neysa,Gaba,neysa.gaba336@gmail.com,919623680515,1996-06-09,2015-02-24,PM-004
CUST-05787,Neelofar,Sura,neelofar239@yahoo.com,917963227478,2000-04-09,2019-05-07,PM-003
CUST-05788,Yuvraj ,Majumdar,yuvraj 435@gmail.com,919663479997,1980-04-27,2010-10-31,PM-003
CUST-05789,Jhanvi,Chaudry,jhanvi356@icloud.com,918936073001,1980-02-18,2022-09-08,PM-004
CUST-05790,Umang,Krish,krishumang242@yahoo.com,917845285271,1983-07-28,2006-03-03,PM-004
CUST-05791,Lagan,Mall,lagan.870@icloud.com,917754315695,1988-08-28,2015-12-30,PM-001
CUST-05792,Shanaya,Rana,shanaya922@gmail.com,919856952088,1980-01-01,2018-12-14,PM-001
CUST-05793,Aradhya,Madan,aradhya.550@yahoo.com,917343083795,1982-03-14,2016-06-05,PM-003
CUST-05794,Divyansh,Garde,divyansh.garde198@icloud.com,918611175535,1983-09-18,2006-11-26,PM-002
CUST-05795,Manjari,Sur,manjari.505@yahoo.com,919077858490,1975-10-11,2011-10-09,PM-003
CUST-05796,Parinaaz,Gill,parinaaz994@icloud.com,917472741898,2005-01-24,2024-04-26,PM-002
CUST-05797,Drishya,Borde,drishya.770@gmail.com,919699291733,1989-04-11,2023-06-23,PM-001
CUST-05798,Ranbir,Kar,karranbir243@hotmail.com,917656074271,2000-03-18,2020-03-27,PM-003
CUST-05799,Tiya,Tandon,tiya.tandon769@outlook.com,919978399486,1993-08-22,2014-10-20,PM-002
CUST-05800,Mamooty,Mammen,mammenmamooty178@yahoo.com,918910551763,1998-01-14,2021-04-09,PM-001
CUST-05801,Madhup,Gupta,madhup875@gmail.com,917339257121,2003-09-28,2022-02-14,PM-002
CUST-05802,Veer,Ratti,veer_330@outlook.com,918569312685,1984-03-04,2005-09-09,PM-002
CUST-05803,Anvi,Vasa,anvi681@icloud.com,919115595450,1998-10-20,2019-11-13,PM-001
CUST-05804,Sara,Agrawal,sara_140@icloud.com,917997348521,1998-11-08,2018-08-10,PM-004
CUST-05805,Oorja,Vyas,oorja_602@icloud.com,918853921773,1993-01-25,2020-03-28,PM-004
CUST-05806,Nitara,Goda,godanitara681@gmail.com,919980353942,1979-04-19,2012-07-17,PM-001
CUST-05807,Hazel,Mander,hazel.mander773@gmail.com,919998546164,1988-01-10,2014-06-12,PM-004
CUST-05808,Arhaan,Sankar,arhaan.sankar743@outlook.com,917018518673,1981-10-19,2010-04-22,PM-003
CUST-05809,Anvi,Bhatti,anvi.447@icloud.com,918537380418,1996-12-27,2017-07-08,PM-004
CUST-05810,Madhup,Sama,madhup637@yahoo.com,918862528622,2004-10-24,2024-01-19,PM-003
CUST-05811,Jhanvi,Jain,jainjhanvi219@gmail.com,917045118013,2000-07-15,2023-02-22,PM-001
CUST-05812,Sara,Korpal,sara.korpal663@hotmail.com,918884956018,1978-12-11,2006-05-01,PM-004
CUST-05813,Bhamini,Bhagat,bhamini_689@yahoo.com,918040830033,1990-02-25,2018-03-05,PM-001
CUST-05814,Ayesha,Kota,ayesha.kota499@yahoo.com,918861696286,1987-06-05,2006-12-05,PM-003
CUST-05815,Zaina,Ramanathan,zaina_845@outlook.com,917423343368,1991-04-21,2023-02-19,PM-003
CUST-05816,Zain,Sachdev,sachdevzain344@outlook.com,917410177126,1992-12-16,2011-11-13,PM-003
CUST-05817,Himmat,Srinivasan,srinivasanhimmat412@gmail.com,919765137587,1988-03-07,2014-03-21,PM-001
CUST-05818,Alia,Gola,alia638@icloud.com,918182754078,1998-08-18,2016-11-23,PM-003
CUST-05819,Onkar,Deep,onkar.249@icloud.com,918984362849,2004-10-12,2024-01-27,PM-004
CUST-05820,Tiya,Swamy,tiya.swamy662@outlook.com,919568196972,1983-11-19,2019-03-26,PM-004
CUST-05821,Alia,Verma,alia_310@yahoo.com,919634247508,2000-04-09,2024-05-25,PM-004
CUST-05822,Vanya,Bhavsar,vanya.632@icloud.com,919582252817,1975-01-07,2000-11-12,PM-003
CUST-05823,Riaan,Sawhney,riaan_344@yahoo.com,919933845826,1974-12-23,2016-07-05,PM-002
CUST-05824,Reyansh,Yadav,reyansh.412@hotmail.com,917474187295,1994-12-06,2015-04-19,PM-004
CUST-05825,Baiju,Wadhwa,baiju549@yahoo.com,918012041873,1997-10-23,2017-04-24,PM-001
CUST-05826,Aarav,Bath,bathaarav245@icloud.com,919108456855,1987-11-13,2010-08-05,PM-004
CUST-05827,Rasha,Keer,rasha.611@yahoo.com,917407015717,1978-07-16,2018-11-20,PM-001
CUST-05828,Manikya,Subramaniam,manikya.235@icloud.com,917137998553,1997-12-11,2021-09-17,PM-002
CUST-05829,Alisha,Lal,lalalisha389@gmail.com,919606474410,2004-03-02,2023-07-01,PM-002
CUST-05830,Adira,Ghose,adira.486@outlook.com,918979453899,1993-10-23,2020-05-13,PM-003
CUST-05831,Aayush,Gupta,aayush_590@yahoo.com,919809623490,1977-03-01,2008-02-27,PM-003
CUST-05832,Samiha,Bhavsar,bhavsarsamiha874@icloud.com,919609160581,1977-11-08,2012-12-20,PM-003
CUST-05833,Divyansh,Varkey,divyansh777@icloud.com,918164823382,1974-08-12,1993-08-13,PM-002
CUST-05834,Mamooty,Vasa,mamooty593@outlook.com,919927690681,2002-09-22,2021-10-28,PM-002
CUST-05835,Miraya,Lall,miraya_796@hotmail.com,917040403199,1986-07-16,2023-05-19,PM-002
CUST-05836,Prisha,Ahuja,prisha_597@hotmail.com,918839854210,1980-12-06,1999-07-23,PM-003
CUST-05837,Adira,Dube,dubeadira630@yahoo.com,917035834300,1988-11-14,2023-01-31,PM-001
CUST-05838,Vihaan,Jhaveri,vihaan599@yahoo.com,919405365657,2002-02-28,2024-04-09,PM-003
CUST-05839,Lakshit,Amble,lakshit.amble424@icloud.com,919687247605,1981-11-04,2021-07-07,PM-002
CUST-05840,Gatik,Karnik,gatik.208@hotmail.com,917765314643,1977-02-01,2007-12-01,PM-003
CUST-05841,Indrans,Amble,indrans.512@hotmail.com,918938719267,2005-06-24,2024-04-05,PM-004
CUST-05842,Vritika,Sarin,vritika.sarin633@gmail.com,917215684945,1983-01-14,2024-04-28,PM-001
CUST-05843,Faiyaz,Tara,faiyaz.tara214@outlook.com,918065119877,2001-06-30,2022-09-05,PM-002
CUST-05844,Shalv,Rama,ramashalv487@gmail.com,917211370385,1974-07-04,2023-05-29,PM-001
CUST-05845,Siya,Tak,siya931@yahoo.com,917668760795,1991-11-21,2019-07-30,PM-003
CUST-05846,Zaina,Varughese,varughesezaina994@outlook.com,917175620182,1984-12-26,2008-03-10,PM-001
CUST-05847,Damini,Varughese,damini.950@icloud.com,917075436881,1999-11-12,2022-07-26,PM-003
CUST-05848,Kartik,Sangha,sanghakartik813@hotmail.com,918274800707,2000-04-24,2021-03-02,PM-004
CUST-05849,Armaan,Gole,armaan478@yahoo.com,917765388600,1989-05-28,2010-09-20,PM-001
CUST-05850,Dhanuk,Loke,dhanuk_722@icloud.com,918761940278,1975-10-11,2017-10-11,PM-004
CUST-05851,Riya,Badami,riya.316@gmail.com,917796191147,1975-03-19,2014-02-12,PM-003
CUST-05852,Priyansh,Gera,gerapriyansh408@gmail.com,918163503681,1991-09-28,2020-06-03,PM-002
CUST-05853,Ahana ,Ramakrishnan,ramakrishnanahana 408@gmail.com,917393384276,1986-03-10,2011-06-19,PM-004
CUST-05854,Ishaan,D’Alia,ishaan.856@gmail.com,919551744534,1976-03-28,1994-07-22,PM-002
CUST-05855,Divyansh,Mallick,divyansh.mallick896@hotmail.com,919752517240,1995-07-11,2021-07-22,PM-002
CUST-05856,Oorja,Banerjee,oorja.banerjee851@icloud.com,917089629595,1996-10-15,2020-01-10,PM-003
CUST-05857,Aarush,Deshmukh,aarush.544@gmail.com,919096324593,2001-10-22,2023-04-20,PM-002
CUST-05858,Divit,Yogi,yogidivit313@yahoo.com,918355733801,1978-06-16,2018-05-31,PM-003
CUST-05859,Bhamini,Virk,bhamini.291@gmail.com,919219236586,1996-04-27,2021-01-28,PM-001
CUST-05860,Jayan,Behl,jayan.669@gmail.com,919453613350,1997-01-17,2023-12-05,PM-004
CUST-05861,Elakshi,Handa,elakshi382@icloud.com,919688814418,1995-11-11,2021-10-01,PM-004
CUST-05862,Armaan,Gopal,armaan.gopal811@yahoo.com,917223537297,2006-05-15,2024-06-10,PM-004
CUST-05863,Shray,Singhal,shray956@icloud.com,918157163040,2004-08-09,2022-10-17,PM-004
CUST-05864,Zeeshan,Mahal,zeeshan.mahal658@hotmail.com,918645935213,1986-02-07,2005-12-14,PM-001
CUST-05865,Lagan,Dasgupta,lagan.997@gmail.com,919448237157,1991-09-26,2023-07-13,PM-003
CUST-05866,Nirvi,Sanghvi,sanghvinirvi624@gmail.com,919198941883,1995-01-25,2015-07-13,PM-004
CUST-05867,Dhruv,Chakrabarti,chakrabartidhruv604@yahoo.com,918175362052,1993-05-02,2022-03-11,PM-003
CUST-05868,Oorja,Dhillon,dhillonoorja346@yahoo.com,918362547330,1980-08-03,1999-10-05,PM-001
CUST-05869,Adah,Upadhyay,upadhyayadah163@yahoo.com,919873081242,1997-10-08,2020-03-20,PM-002
CUST-05870,Miraya,Batta,miraya188@icloud.com,917780571227,1982-03-12,2014-09-21,PM-003
CUST-05871,Reyansh,Vyas,reyansh102@gmail.com,918093009791,1992-04-06,2024-01-28,PM-002
CUST-05872,Nehmat,Kala,nehmat.kala429@gmail.com,918151116796,1999-11-28,2022-03-15,PM-002
CUST-05873,Myra,Bal,myra.504@icloud.com,918368416162,1979-07-22,2001-03-01,PM-003
CUST-05874,Rasha,Vora,rasha.433@gmail.com,919640962553,1979-05-27,2007-11-24,PM-002
CUST-05875,Purab,Joshi,purab.451@gmail.com,917426277987,1979-04-22,1999-10-12,PM-004
CUST-05876,Tara,Kibe,kibetara646@gmail.com,917789018527,1981-12-08,2000-03-21,PM-002
CUST-05877,Nirvaan,Vasa,nirvaan_557@yahoo.com,917807871688,1996-09-18,2018-02-17,PM-003
CUST-05878,Vedika,Bakshi,vedika.327@outlook.com,918232431210,1994-06-01,2012-11-23,PM-003
CUST-05879,Navya,Dasgupta,navya.420@outlook.com,918741934584,1977-07-01,2014-01-13,PM-003
CUST-05880,Adah,Dalal,dalaladah978@icloud.com,917707398413,2005-10-26,2024-03-19,PM-004
CUST-05881,Hrishita,Grewal,grewalhrishita439@outlook.com,919857956972,1977-07-01,2009-11-28,PM-004
CUST-05882,Kabir,Andra,kabir.andra173@icloud.com,917259814001,1977-01-28,2022-11-15,PM-001
CUST-05883,Lakshay,Tandon,lakshay126@hotmail.com,917450249188,1979-06-03,2019-01-29,PM-003
CUST-05884,Vanya,Taneja,vanya921@icloud.com,918950854433,1993-03-27,2023-12-17,PM-001
CUST-05885,Miraan,Chadha,miraan_780@yahoo.com,918373903283,2000-10-31,2018-12-24,PM-003
CUST-05886,Drishya,Grewal,drishya906@outlook.com,918124327661,1984-02-01,2022-12-04,PM-001
CUST-05887,Jiya,Raj,jiya.raj213@yahoo.com,919780624009,1978-02-23,2016-08-28,PM-001
CUST-05888,Sara,Karan,sara.980@hotmail.com,918123167232,2004-02-02,2024-04-25,PM-004
CUST-05889,Shaan,Chana,shaan.chana706@hotmail.com,917346280644,1988-07-10,2021-09-29,PM-001
CUST-05890,Aayush,Bedi,aayush.bedi549@yahoo.com,917350435042,1995-03-02,2015-06-06,PM-003
CUST-05891,Anahi,Kota,kotaanahi278@gmail.com,917649140958,1992-08-19,2014-05-10,PM-003
CUST-05892,Jayesh,Raj,jayesh.raj601@hotmail.com,919576740091,1975-02-22,2004-09-02,PM-004
CUST-05893,Siya,Zachariah,siya_942@icloud.com,917964892536,2002-01-25,2023-06-03,PM-003
CUST-05894,Drishya,Singhal,drishya305@gmail.com,919981128784,1980-04-29,2008-03-19,PM-002
CUST-05895,Sara,Doctor,sara.875@hotmail.com,917457333883,1977-06-15,2008-11-23,PM-001
CUST-05896,Aarush,Agrawal,aarush_519@yahoo.com,917855737891,1980-02-22,2018-09-28,PM-001
CUST-05897,Nirvaan,Hegde,nirvaan_360@gmail.com,918151523980,1989-01-21,2011-02-03,PM-001
CUST-05898,Miraya,Thakur,miraya_848@yahoo.com,918835010237,1987-10-06,2020-11-25,PM-003
CUST-05899,Siya,Ghosh,siya636@icloud.com,917477446999,1999-02-13,2018-07-04,PM-004
CUST-05900,Vanya,Mall,vanya.195@outlook.com,918786118781,1996-04-04,2020-10-27,PM-004
CUST-05901,Tara,Bakshi,tara.bakshi359@icloud.com,919973587850,2004-06-26,2023-02-05,PM-004
CUST-05902,Gatik,Dora,gatik.dora224@outlook.com,919879575351,1986-02-17,2010-05-08,PM-001
CUST-05903,Zoya,Dalal,zoya149@gmail.com,917157724015,1991-05-25,2013-12-24,PM-004
CUST-05904,Lakshit,Sandhu,lakshit666@hotmail.com,919870382424,1977-01-03,2011-02-09,PM-004
CUST-05905,Ritvik,Gill,ritvik507@gmail.com,917362378063,1996-06-11,2019-02-04,PM-002
CUST-05906,Yakshit,Chaudhry,yakshit784@yahoo.com,918371323525,2005-04-14,2023-06-03,PM-004
CUST-05907,Shray,Gola,shray835@yahoo.com,917014712506,2000-10-08,2022-05-19,PM-001
CUST-05908,Miraan,Chhabra,miraan.chhabra763@outlook.com,918210356057,1992-04-25,2016-09-21,PM-001
CUST-05909,Veer,Gera,veer_771@icloud.com,917940175533,1978-12-10,2004-10-03,PM-003
CUST-05910,Jivin,Dewan,jivin_299@gmail.com,918669427966,1991-01-24,2017-09-19,PM-001
CUST-05911,Aradhya,Suri,aradhya.985@gmail.com,917921033121,1980-05-18,2015-07-24,PM-003
CUST-05912,Reyansh,Jaggi,reyansh_990@outlook.com,917919389333,1979-06-11,2020-04-24,PM-002
CUST-05913,Mehul,Gulati,gulatimehul821@icloud.com,919806638026,2000-08-15,2021-05-04,PM-002
CUST-05914,Kanav,Ramaswamy,kanav.ramaswamy411@yahoo.com,918897236796,1982-05-31,2007-12-24,PM-002
CUST-05915,Jayesh,Loyal,jayesh.583@gmail.com,917893909556,1975-11-23,2010-02-25,PM-001
CUST-05916,Riya,Balakrishnan,balakrishnanriya932@gmail.com,917541441356,1996-01-14,2023-10-18,PM-003
CUST-05917,Rasha,Sanghvi,rasha.sanghvi285@icloud.com,919405084888,1995-05-19,2022-01-26,PM-001
CUST-05918,Kiara,Srivastava,kiara248@outlook.com,919031272110,1989-09-21,2012-09-05,PM-004
CUST-05919,Hrishita,Singhal,hrishita.singhal638@icloud.com,917365907398,1997-01-27,2016-09-07,PM-004
CUST-05920,Adira,Kapoor,adira.865@icloud.com,919393426865,1991-05-22,2014-08-27,PM-003
CUST-05921,Vihaan,Agate,vihaan_473@icloud.com,918263498641,1979-10-13,2024-02-11,PM-002
CUST-05922,Charvi,Chadha,charvi.482@yahoo.com,918627731798,1976-04-08,2003-05-23,PM-003
CUST-05923,Raghav,Chauhan,raghav.867@outlook.com,917373975443,1989-04-14,2012-06-23,PM-002
CUST-05924,Zoya,Kaur,zoya_590@icloud.com,919146654364,1984-03-15,2016-05-06,PM-004
CUST-05925,Ayesha,Vohra,vohraayesha742@gmail.com,919440030735,1989-03-27,2015-10-09,PM-001
CUST-05926,Sahil,Kala,sahil.kala955@hotmail.com,918946833106,1992-04-25,2013-08-27,PM-002
CUST-05927,Vedika,Batra,vedika_601@yahoo.com,918160230245,1993-10-13,2018-04-19,PM-001
CUST-05928,Romil,Bala,romil.287@gmail.com,917867156673,1992-05-17,2010-10-18,PM-003
CUST-05929,Yasmin,Kota,kotayasmin340@yahoo.com,918209645172,1992-04-30,2023-12-05,PM-002
CUST-05930,Nirvaan,Raju,nirvaan.raju143@outlook.com,917827539988,1976-07-08,2008-12-12,PM-004
CUST-05931,Lavanya,Samra,lavanya.591@gmail.com,918814196419,2003-01-07,2023-09-20,PM-003
CUST-05932,Navya,Viswanathan,navya.viswanathan606@icloud.com,918588047982,1996-07-13,2017-06-19,PM-002
CUST-05933,Dishani,Sandhu,dishani_957@gmail.com,918865784555,2001-09-26,2021-12-23,PM-004
CUST-05934,Baiju,Shah,baiju895@icloud.com,917205004956,1976-05-30,2000-03-11,PM-001
CUST-05935,Pari,Seth,pari.seth644@hotmail.com,918845572907,1991-08-30,2020-03-19,PM-002
CUST-05936,Ivana,Mandal,mandalivana545@outlook.com,918910116551,1990-11-20,2018-06-02,PM-004
CUST-05937,Shayak,Chandra,shayak.chandra552@icloud.com,919696840634,1985-11-15,2004-05-09,PM-001
CUST-05938,Seher,Mani,seher.302@hotmail.com,918720070326,1993-02-16,2013-06-16,PM-004
CUST-05939,Anya,Rau,rauanya342@icloud.com,917463127182,2002-11-20,2023-01-02,PM-002
CUST-05940,Adah,Sha,shaadah107@hotmail.com,918437388120,1994-07-01,2016-03-22,PM-003
CUST-05941,Jivika,Chaudhuri,chaudhurijivika659@hotmail.com,917207258144,1991-09-25,2014-04-03,PM-002
CUST-05942,Pranay,Chauhan,chauhanpranay794@gmail.com,918687266906,1981-07-22,2018-03-04,PM-003
CUST-05943,Rohan,Karan,rohan_823@yahoo.com,917527314206,1998-02-24,2023-05-31,PM-001
CUST-05944,Shayak,Atwal,shayak_105@yahoo.com,918473145322,1974-08-18,2009-01-07,PM-004
CUST-05945,Yasmin,Amble,yasmin707@icloud.com,918848918868,1978-05-06,2001-03-11,PM-002
CUST-05946,Farhan,Sehgal,farhan.626@yahoo.com,917290147755,2001-08-20,2022-02-08,PM-001
CUST-05947,Nitya,Krish,nitya_915@yahoo.com,918662311346,1975-03-02,2022-10-11,PM-004
CUST-05948,Tanya,Gade,tanya.gade724@outlook.com,917046332434,1977-02-27,2001-10-31,PM-001
CUST-05949,Advika,Cherian,advika.cherian435@yahoo.com,919701448832,1995-03-06,2020-12-11,PM-003
CUST-05950,Vardaniya,Hari,vardaniya.hari688@icloud.com,919956842125,2002-10-16,2023-07-11,PM-003
CUST-05951,Nitya,Singhal,nitya537@icloud.com,919031841787,1978-11-23,2017-12-02,PM-004
CUST-05952,Jivin,Amble,jivin.462@hotmail.com,918328238168,2002-01-19,2024-04-12,PM-001
CUST-05953,Dhanush,Iyengar,dhanush_634@gmail.com,919574318402,1991-02-13,2020-12-05,PM-002
CUST-05954,Mohanlal,Karan,mohanlal_665@yahoo.com,919269508865,1994-05-07,2020-03-12,PM-003
CUST-05955,Damini,Seth,sethdamini649@outlook.com,917286390393,1986-07-06,2018-01-10,PM-003
CUST-05956,Sahil,Chanda,sahil.280@outlook.com,917247434973,1981-08-07,2021-01-18,PM-001
CUST-05957,Neelofar,Subramanian,neelofar.935@gmail.com,919934863394,1997-08-16,2017-02-07,PM-002
CUST-05958,Kavya,Gole,kavya.889@yahoo.com,919256023022,1983-06-24,2008-03-01,PM-001
CUST-05959,Damini,Dey,deydamini458@outlook.com,917690049806,2005-07-11,2024-03-24,PM-004
CUST-05960,Aaina,Date,aaina.date461@yahoo.com,918286639452,1980-06-07,2017-10-16,PM-003
CUST-05961,Taran,Halder,haldertaran425@yahoo.com,919013706799,1975-04-07,1997-04-27,PM-003
CUST-05962,Rhea,Sur,rhea_275@outlook.com,918934214541,1980-03-15,2017-09-20,PM-003
CUST-05963,Ivan,Sridhar,ivan425@icloud.com,917200033783,1997-11-08,2015-12-13,PM-004
CUST-05964,Ritvik,Atwal,ritvik_953@hotmail.com,919598444864,1997-07-21,2022-12-14,PM-001
CUST-05965,Nirvi,Arora,aroranirvi704@icloud.com,917090593227,1998-02-19,2017-12-22,PM-002
CUST-05966,Shamik,Sanghvi,shamik977@icloud.com,917649052896,2004-10-28,2023-06-13,PM-001
CUST-05967,Aaryahi,Kalla,aaryahi964@gmail.com,919332037002,2006-05-06,2024-06-05,PM-001
CUST-05968,Zara,Sem,semzara649@yahoo.com,917706016130,1980-04-24,2002-01-03,PM-001
CUST-05969,Tarini,Gaba,tarini170@yahoo.com,919727537279,2000-07-26,2023-10-06,PM-001
CUST-05970,Hazel,Gala,hazel.709@gmail.com,919258916479,1974-10-09,2002-01-22,PM-003
CUST-05971,Indranil,Majumdar,indranil.majumdar234@yahoo.com,919093340693,1974-12-30,2023-09-06,PM-003
CUST-05972,Onkar,Varma,onkar_101@icloud.com,919083165302,1987-05-23,2012-12-17,PM-001
CUST-05973,Vaibhav,Chacko,chackovaibhav502@hotmail.com,917465025803,1979-01-02,2009-05-23,PM-001
CUST-05974,Arnav,Thakur,arnav_180@hotmail.com,917367547116,2005-04-15,2023-04-28,PM-003
CUST-05975,Aniruddh,Bandi,aniruddh.270@gmail.com,917840713935,1979-10-26,2022-07-14,PM-003
CUST-05976,Sara,Mander,sara.157@hotmail.com,919190190689,1983-10-04,2014-10-19,PM-001
CUST-05977,Dhanush,Rajagopalan,dhanush.255@outlook.com,919983621216,1994-02-09,2018-05-05,PM-002
CUST-05978,Heer,Sinha,heer_356@yahoo.com,917574494247,1985-09-26,2006-12-13,PM-002
CUST-05979,Jayant,Tripathi,jayant353@yahoo.com,917203160237,2000-10-16,2023-07-17,PM-003
CUST-05980,Biju,Jaggi,biju720@hotmail.com,919877207628,1998-11-25,2021-12-07,PM-004
CUST-05981,Ritvik,Varkey,ritvik.339@gmail.com,917225655985,2002-04-07,2020-12-30,PM-001
CUST-05982,Kimaya,Yadav,kimaya.yadav748@icloud.com,917396293231,1997-10-04,2021-12-26,PM-001
CUST-05983,Aradhya,Tak,takaradhya369@gmail.com,919556904621,1984-02-10,2019-10-17,PM-001
CUST-05984,Anya,Edwin,anya.909@icloud.com,917019884610,1996-06-13,2018-06-11,PM-003
CUST-05985,Veer,Lad,ladveer407@hotmail.com,919908389555,1992-11-13,2012-05-03,PM-004
CUST-05986,Rohan,Jhaveri,rohan866@gmail.com,917010122290,1993-08-24,2022-06-01,PM-004
CUST-05987,Inaaya ,Deol,deolinaaya 602@hotmail.com,917508392709,2005-12-01,2024-01-02,PM-002
CUST-05988,Kiara,Shetty,shettykiara756@outlook.com,919185495471,1991-07-19,2013-11-14,PM-002
CUST-05989,Miraya,Batta,miraya.batta611@gmail.com,918624639842,1994-12-17,2021-10-03,PM-004
CUST-05990,Sahil,Divan,divansahil995@hotmail.com,919119016684,2000-07-01,2022-01-06,PM-003
CUST-05991,Kabir,Brahmbhatt,brahmbhattkabir239@hotmail.com,917713056249,1993-03-12,2015-07-25,PM-002
CUST-05992,Samiha,Kar,samiha.kar831@outlook.com,919698961069,1977-06-07,2015-03-08,PM-001
CUST-05993,Mishti,Kibe,mishti.842@outlook.com,917900651090,1980-08-29,2010-04-07,PM-001
CUST-05994,Neelofar,Banerjee,neelofar.472@gmail.com,917005675245,1975-09-09,1994-02-05,PM-001
CUST-05995,Kiaan,Sanghvi,kiaan_362@outlook.com,919320571618,1976-12-28,1999-03-17,PM-004
CUST-05996,Eva,Mallick,eva873@icloud.com,918330733497,1989-07-11,2020-01-17,PM-002
CUST-05997,Zeeshan,Goda,zeeshan_995@hotmail.com,917473843569,1990-11-14,2010-09-10,PM-002
CUST-05998,Sana,Ghose,sana396@gmail.com,918032613525,1990-11-09,2019-02-09,PM-004
CUST-05999,Suhana,Dhaliwal,suhana.880@outlook.com,918471480993,1982-10-11,2003-11-02,PM-004
CUST-06000,Ivan,Hegde,hegdeivan771@gmail.com,918348747577,1984-08-21,2010-12-14,PM-002
CUST-06001,Anahi,Dugar,anahi.dugar905@icloud.com,918551747003,1997-08-04,2020-10-27,PM-002
CUST-06002,Zoya,Sehgal,sehgalzoya844@outlook.com,919694541592,1975-05-05,1993-05-20,PM-002
CUST-06003,Aayush,Mane,aayush_587@yahoo.com,918579111128,1990-12-10,2015-04-24,PM-004
CUST-06004,Dishani,Choudhary,choudharydishani496@hotmail.com,919913413539,2005-07-22,2023-10-25,PM-002
CUST-06005,Kabir,Yohannan,kabir.yohannan266@gmail.com,917181675476,1989-10-02,2017-02-21,PM-001
CUST-06006,Hrishita,Srinivasan,hrishita.668@yahoo.com,918439273271,2006-04-02,2024-06-04,PM-004
CUST-06007,Kavya,Vora,kavya_130@gmail.com,918962474229,1981-11-20,2023-03-09,PM-002
CUST-06008,Eva,Kuruvilla,eva.kuruvilla450@icloud.com,918636913880,2002-10-03,2023-02-01,PM-002
CUST-06009,Dhruv,Yohannan,dhruv.335@yahoo.com,917919748420,1987-12-30,2006-03-04,PM-004
CUST-06010,Vidur,Jani,janividur376@yahoo.com,919299704910,1980-05-29,2000-02-17,PM-001
CUST-06011,Purab,Choudhary,purab.choudhary836@gmail.com,917430461601,1993-03-25,2017-11-25,PM-001
CUST-06012,Mamooty,Bora,mamooty.604@hotmail.com,917553486418,1990-07-16,2010-05-24,PM-004
CUST-06013,Azad,Halder,azad_746@yahoo.com,918942943091,1991-07-08,2021-09-15,PM-002
CUST-06014,Pari,Shere,pari397@hotmail.com,919945511192,2001-08-11,2020-03-19,PM-004
CUST-06015,Hrishita,Magar,magarhrishita256@icloud.com,919557776809,1981-04-02,2006-09-10,PM-001
CUST-06016,Zara,Suresh,zara.174@icloud.com,918347572031,1999-06-23,2023-02-16,PM-001
CUST-06017,Pranay,Kalla,pranay_384@hotmail.com,919780344108,1983-03-10,2012-12-29,PM-004
CUST-06018,Kabir,Reddy,reddykabir388@yahoo.com,918386854340,1989-09-04,2011-02-07,PM-002
CUST-06019,Samarth,Varghese,samarth_758@icloud.com,918096343836,1996-11-23,2021-05-14,PM-003
CUST-06020,Madhav,Samra,samramadhav118@outlook.com,919037379596,1976-01-16,2019-09-15,PM-002
CUST-06021,Nehmat,Kota,nehmat_977@gmail.com,919740443845,1997-06-16,2020-01-08,PM-004
CUST-06022,Taran,Toor,taran206@icloud.com,917674058148,1982-10-05,2020-05-06,PM-003
CUST-06023,Miraan,Hayre,hayremiraan350@gmail.com,919067358178,1980-02-05,2014-05-22,PM-002
CUST-06024,Suhana,Kohli,kohlisuhana954@icloud.com,919909716219,2005-08-30,2024-02-14,PM-002
CUST-06025,Prerak,Jani,janiprerak110@icloud.com,917882006821,2005-03-30,2023-07-16,PM-001
CUST-06026,Raunak,Salvi,salviraunak324@gmail.com,918027092692,2006-02-05,2024-05-08,PM-003
CUST-06027,Anya,Chadha,anya.524@gmail.com,918951801495,1994-07-01,2021-02-08,PM-003
CUST-06028,Lakshay,Sankaran,lakshay_629@outlook.com,919832557038,1995-12-02,2017-07-04,PM-001
CUST-06029,Hrishita,Kashyap,hrishita391@gmail.com,918543510592,1983-01-21,2018-10-16,PM-003
CUST-06030,Shanaya,Madan,madanshanaya971@gmail.com,918308397052,1999-05-08,2022-03-02,PM-001
CUST-06031,Aarush,Desai,aarush.833@hotmail.com,919957722145,1996-03-20,2023-07-05,PM-001
CUST-06032,Samaira,Warrior,samaira895@yahoo.com,918183749714,1984-11-06,2015-11-24,PM-001
CUST-06033,Samar,Datta,samar.438@gmail.com,918557000979,1992-08-23,2021-02-26,PM-004
CUST-06034,Tiya,Walla,tiya843@hotmail.com,917436213230,1980-03-02,2003-06-17,PM-002
CUST-06035,Divyansh,Khosla,khosladivyansh489@gmail.com,919097588726,2000-01-13,2020-04-04,PM-002
CUST-06036,Adira,Wable,adira.819@icloud.com,917723173416,1983-12-12,2021-02-15,PM-002
CUST-06037,Anay,Gokhale,anay.gokhale354@icloud.com,917153082022,1976-08-26,2022-07-15,PM-002
CUST-06038,Shanaya,Vora,shanaya.vora292@gmail.com,918090476752,1993-02-25,2022-06-02,PM-003
CUST-06039,Samaira,Sankar,samaira_213@icloud.com,917984518104,1995-03-19,2021-09-08,PM-004
CUST-06040,Mannat,Bhalla,mannat992@icloud.com,918954558829,1980-12-31,2014-08-14,PM-004
CUST-06041,Zain,Bhat,zain.bhat246@hotmail.com,918089962411,1993-03-28,2012-01-24,PM-002
CUST-06042,Biju,Virk,biju_189@hotmail.com,919857869816,1988-09-01,2017-11-09,PM-002
CUST-06043,Anvi,Chaudhry,anvi.chaudhry291@gmail.com,917815829639,1978-02-28,2003-08-06,PM-003
CUST-06044,Renee,Rege,renee.634@outlook.com,917383212186,1979-01-29,2022-10-03,PM-002
CUST-06045,Vidur,Sheth,vidur205@icloud.com,918966698579,1974-08-01,2017-10-20,PM-001
CUST-06046,Umang,Sundaram,umang.sundaram145@yahoo.com,917883811912,1993-09-10,2017-02-10,PM-003
CUST-06047,Dhanuk,Krishnamurthy,dhanuk_929@yahoo.com,917949418505,1990-05-05,2021-08-08,PM-004
CUST-06048,Prerak,Sur,prerak.224@yahoo.com,918839581965,1996-03-22,2014-09-01,PM-002
CUST-06049,Yakshit,Bhattacharyya,yakshit.308@hotmail.com,917229186735,1985-03-31,2018-12-04,PM-002
CUST-06050,Ivana,Sarna,sarnaivana236@outlook.com,919248671321,1994-04-29,2012-07-08,PM-004
CUST-06051,Dishani,Khosla,dishani_222@yahoo.com,919950211059,1985-11-12,2018-11-29,PM-002
CUST-06052,Darshit,Thakkar,thakkardarshit843@gmail.com,919860765467,2003-08-20,2021-08-21,PM-002
CUST-06053,Ahana ,Goyal,goyalahana 748@yahoo.com,919204540435,2000-12-15,2020-08-01,PM-003
CUST-06054,Mahika,Dugar,mahika896@gmail.com,918063346080,1975-05-01,2022-10-18,PM-004
CUST-06055,Romil,Rama,romil.rama279@icloud.com,918369922288,2003-06-02,2022-11-09,PM-003
CUST-06056,Heer,Ramakrishnan,heer.539@yahoo.com,917906530057,1991-12-02,2021-11-10,PM-001
CUST-06057,Ojas,Krishnan,ojas.krishnan277@hotmail.com,918876459672,1982-09-14,2018-02-12,PM-001
CUST-06058,Rati,Ravi,rati.728@yahoo.com,919104581928,2002-03-21,2024-02-19,PM-004
CUST-06059,Faiyaz,Saraf,faiyaz.477@hotmail.com,917212682195,1987-12-06,2007-10-26,PM-004
CUST-06060,Abram,Kari,abram.799@hotmail.com,918937018488,1986-05-20,2018-12-18,PM-004
CUST-06061,Lavanya,Hans,lavanya_456@hotmail.com,917079181487,2001-04-21,2019-07-07,PM-004
CUST-06062,Samarth,Sahota,samarth850@icloud.com,918186162235,1998-06-30,2022-11-18,PM-004
CUST-06063,Misha,Rama,misha557@icloud.com,919689756988,1998-06-06,2017-03-17,PM-001
CUST-06064,Hiran,Bose,bosehiran214@hotmail.com,919409943966,1997-02-19,2016-01-01,PM-004
CUST-06065,Indrajit,Ahluwalia,indrajit.724@icloud.com,918855403053,1979-11-01,2022-11-27,PM-001
CUST-06066,Vardaniya,Bhalla,bhallavardaniya805@gmail.com,917216113290,2002-10-30,2023-09-28,PM-004
CUST-06067,Tanya,Shanker,tanya.shanker761@gmail.com,919277420807,2004-07-05,2023-08-08,PM-004
CUST-06068,Jhanvi,Shetty,jhanvi.103@hotmail.com,918870178582,1984-03-01,2011-10-13,PM-001
CUST-06069,Ritvik,Dara,ritvik.468@yahoo.com,919752358425,2001-01-28,2021-08-29,PM-003
CUST-06070,Krish,Konda,krish509@yahoo.com,917339458191,1996-01-22,2020-01-13,PM-003
CUST-06071,Rasha,Wable,rasha849@gmail.com,918102652866,1984-01-01,2020-05-28,PM-004
CUST-06072,Yasmin,Cherian,yasmin181@outlook.com,917478521266,1998-02-22,2018-10-30,PM-002
CUST-06073,Biju,Dara,darabiju681@gmail.com,918332313060,1989-09-04,2010-01-10,PM-004
CUST-06074,Arhaan,Tiwari,arhaan131@icloud.com,918835441470,1975-02-23,2000-05-29,PM-003
CUST-06075,Anika,Ghose,ghoseanika288@outlook.com,919783916363,1983-06-05,2012-03-20,PM-004
CUST-06076,Kavya,Vig,kavya_767@icloud.com,917205273477,2001-03-15,2021-09-12,PM-004
CUST-06077,Bhamini,Boase,bhamini.626@yahoo.com,918454421286,1998-10-05,2024-03-01,PM-004
CUST-06078,Farhan,Srinivasan,srinivasanfarhan271@yahoo.com,918305636004,1985-08-19,2007-04-08,PM-003
CUST-06079,Ivan,Barad,ivan897@yahoo.com,917281787535,2002-11-02,2021-05-20,PM-002
CUST-06080,Piya,Setty,settypiya867@yahoo.com,917860976230,1979-05-26,2018-11-02,PM-001
CUST-06081,Bhavin,Dhillon,bhavin508@outlook.com,919170226618,1981-06-02,2008-02-13,PM-003
CUST-06082,Anay,Som,anay546@icloud.com,917087448978,1999-04-25,2023-12-31,PM-001
CUST-06083,Inaaya ,Agate,inaaya _590@gmail.com,918986847611,1987-12-05,2009-03-16,PM-001
CUST-06084,Anaya,Upadhyay,anaya948@icloud.com,919108640143,1979-03-02,2009-04-12,PM-003
CUST-06085,Dharmajan,Char,dharmajan.563@yahoo.com,917218373191,1987-05-19,2023-06-11,PM-002
CUST-06086,Yasmin,Jhaveri,yasmin_416@hotmail.com,918903337290,1999-07-23,2018-03-24,PM-002
CUST-06087,Priyansh,Salvi,salvipriyansh766@icloud.com,917472330309,1999-10-07,2019-01-10,PM-004
CUST-06088,Dhanuk,Chander,chanderdhanuk216@yahoo.com,919510460349,1980-01-09,2024-05-22,PM-004
CUST-06089,Purab,Dhaliwal,purab.996@hotmail.com,919909376702,2005-07-24,2024-05-10,PM-002
CUST-06090,Aniruddh,Sarma,aniruddh.415@yahoo.com,918513165808,2003-01-09,2021-09-07,PM-002
CUST-06091,Oorja,Mallick,oorja_439@hotmail.com,918766717535,1999-07-30,2021-09-28,PM-001
CUST-06092,Ishita,D’Alia,ishita725@yahoo.com,918044777157,1976-08-15,2010-11-11,PM-004
CUST-06093,Mishti,Sawhney,mishti.510@yahoo.com,918680050000,1986-10-29,2011-01-25,PM-003
CUST-06094,Abram,Sahota,abram305@hotmail.com,918231061521,1988-08-14,2011-10-06,PM-003
CUST-06095,Heer,Konda,kondaheer479@outlook.com,917416906902,1997-07-16,2018-10-14,PM-004
CUST-06096,Zaina,Wason,zaina_643@hotmail.com,918451291188,1987-12-31,2010-09-02,PM-002
CUST-06097,Madhav,Ghosh,ghoshmadhav858@hotmail.com,919354341548,2002-02-07,2022-10-13,PM-003
CUST-06098,Zain,Bajwa,zain.618@gmail.com,917528191508,1991-11-08,2012-11-03,PM-002
CUST-06099,Nirvaan,Kulkarni,kulkarninirvaan316@hotmail.com,918322177663,2002-09-29,2022-10-30,PM-002
CUST-06100,Ahana ,Mander,manderahana 900@yahoo.com,917499069759,2000-11-16,2022-02-21,PM-002
CUST-06101,Ehsaan,Balasubramanian,balasubramanianehsaan569@yahoo.com,918252167801,1989-07-10,2008-06-02,PM-001
CUST-06102,Damini,Basak,damini616@icloud.com,917506530735,2001-12-21,2021-07-12,PM-003
CUST-06103,Miraya,Gole,miraya_853@outlook.com,918570053234,1988-01-20,2008-10-26,PM-004
CUST-06104,Anvi,Chatterjee,anvi_317@outlook.com,919049541830,1998-04-21,2019-05-27,PM-002
CUST-06105,Vihaan,Suri,surivihaan222@yahoo.com,917861890927,1977-01-05,2004-01-29,PM-002
CUST-06106,Jayan,Vala,valajayan717@yahoo.com,919869776956,2002-10-31,2020-11-21,PM-001
CUST-06107,Vanya,Halder,vanya.750@hotmail.com,917112052957,2001-12-30,2023-02-03,PM-001
CUST-06108,Mamooty,Sule,mamooty_741@gmail.com,917270538543,1983-08-06,2016-06-30,PM-003
CUST-06109,Nakul,Sama,nakul.671@outlook.com,919777738180,1987-10-27,2021-01-19,PM-004
CUST-06110,Kashvi,Upadhyay,kashvi245@yahoo.com,917633337015,1997-12-23,2018-06-28,PM-002
CUST-06111,Saanvi,Mannan,saanvi.955@icloud.com,917955951002,1994-08-19,2021-09-19,PM-001
CUST-06112,Gokul,Chokshi,gokul.913@gmail.com,919484419009,1975-07-12,2022-08-15,PM-001
CUST-06113,Manikya,Savant,manikya752@yahoo.com,917162031208,1982-07-27,2017-06-16,PM-001
CUST-06114,Ayesha,Lata,lataayesha641@gmail.com,919683020179,2002-05-05,2023-12-19,PM-003
CUST-06115,Kashvi,Sami,kashvi.sami200@gmail.com,917005063228,1985-03-12,2009-01-28,PM-003
CUST-06116,Bhavin,Sule,bhavin.543@yahoo.com,917222156090,1990-05-07,2012-07-17,PM-001
CUST-06117,Zaina,Master,zaina.117@icloud.com,919480237249,2004-12-26,2023-11-04,PM-004
CUST-06118,Lakshay,Konda,lakshay_369@hotmail.com,918958406536,1988-07-04,2006-09-29,PM-003
CUST-06119,Divyansh,Swamy,swamydivyansh617@yahoo.com,919728640609,1974-07-20,2002-10-13,PM-004
CUST-06120,Aniruddh,Ganesan,aniruddh271@icloud.com,919999985512,1996-12-19,2018-12-16,PM-001
CUST-06121,Inaaya ,Goda,inaaya 311@yahoo.com,917963583671,2006-04-22,2024-04-18,PM-004
CUST-06122,Khushi,Rama,khushi.rama777@hotmail.com,918857765035,1977-05-06,2017-09-08,PM-004
CUST-06123,Nitya,Viswanathan,nitya_385@gmail.com,919980138099,1976-05-27,1996-06-21,PM-002
CUST-06124,Mannat,Anand,mannat_610@icloud.com,919378929328,1990-01-27,2010-02-14,PM-001
CUST-06125,Aarush,Gaba,aarush643@outlook.com,918638189531,1986-12-10,2018-01-18,PM-001
CUST-06126,Ryan,Kamdar,kamdarryan432@outlook.com,919120396483,1992-02-23,2018-01-08,PM-001
CUST-06127,Tejas,Gala,tejas.242@gmail.com,918874508701,1984-05-22,2021-11-12,PM-001
CUST-06128,Himmat,Dasgupta,himmat.975@outlook.com,917636213816,2004-10-13,2023-12-09,PM-001
CUST-06129,Ishaan,Baral,ishaan_350@outlook.com,917973678358,1983-04-12,2021-07-02,PM-001
CUST-06130,Kimaya,Char,kimaya_430@outlook.com,918747534615,1981-05-19,2015-08-01,PM-002
CUST-06131,Kanav,Sibal,sibalkanav490@hotmail.com,917772905273,2000-06-03,2021-04-12,PM-001
CUST-06132,Zara,Biswas,zara.biswas436@outlook.com,918687383424,1991-07-31,2022-11-21,PM-003
CUST-06133,Prerak,Mahal,prerak552@icloud.com,917721008832,2006-06-14,2024-06-10,PM-004
CUST-06134,Vritika,Deep,vritika.deep404@hotmail.com,919186113924,1984-03-10,2023-05-24,PM-002
CUST-06135,Yakshit,Randhawa,yakshit.randhawa431@icloud.com,917534014483,1975-08-31,1993-10-17,PM-004
CUST-06136,Rati,Chowdhury,rati.646@outlook.com,918295623576,1998-05-07,2019-07-09,PM-001
CUST-06137,Vardaniya,Basu,basuvardaniya193@outlook.com,919928953230,1993-05-22,2014-10-15,PM-004
CUST-06138,Faiyaz,Gola,faiyaz_919@hotmail.com,919990901801,2004-06-27,2023-11-16,PM-002
CUST-06139,Ranbir,Kaur,ranbir212@gmail.com,917116271121,1980-10-31,2007-11-04,PM-002
CUST-06140,Tiya,Sethi,tiya735@hotmail.com,919044290432,1976-08-03,2022-05-05,PM-001
CUST-06141,Tiya,Chopra,tiya.chopra384@yahoo.com,919059052286,1974-08-25,1995-12-16,PM-003
CUST-06142,Anay,Koshy,koshyanay590@outlook.com,917346997167,2002-05-06,2022-06-18,PM-001
CUST-06143,Samarth,Sathe,samarth.739@gmail.com,917538920206,1992-09-07,2014-03-13,PM-002
CUST-06144,Vanya,Venkatesh,vanya.186@hotmail.com,919036775438,1975-07-13,2009-04-04,PM-001
CUST-06145,Seher,Dora,doraseher504@hotmail.com,919478144901,1980-01-24,2014-09-27,PM-004
CUST-06146,Lakshit,Tandon,lakshit150@gmail.com,919349827439,2005-08-18,2024-02-04,PM-001
CUST-06147,Yakshit,Choudhry,yakshit.choudhry660@gmail.com,917147813533,1981-01-02,2005-01-01,PM-003
CUST-06148,Shanaya,Ganesan,shanaya.ganesan787@gmail.com,918871007221,1995-01-29,2014-08-02,PM-002
CUST-06149,Kiaan,Shanker,kiaan_714@gmail.com,918841705753,2003-07-27,2021-11-23,PM-001
CUST-06150,Advika,Bose,advika680@icloud.com,917681416765,1996-10-24,2020-10-02,PM-003
CUST-06151,Lakshit,Bhakta,bhaktalakshit200@outlook.com,919380357340,1999-04-30,2019-09-13,PM-002
CUST-06152,Tiya,Mahajan,mahajantiya828@icloud.com,917092706771,1992-07-09,2015-12-25,PM-002
CUST-06153,Renee,Shukla,shuklarenee318@hotmail.com,919932374016,1988-03-08,2021-12-20,PM-003
CUST-06154,Lakshit,Basak,lakshit.279@outlook.com,918528964401,1998-07-01,2023-02-13,PM-001
CUST-06155,Jiya,Dass,dassjiya976@icloud.com,919761826670,2001-11-27,2023-06-15,PM-001
CUST-06156,Misha,Keer,misha357@outlook.com,917597679901,2000-01-16,2021-06-07,PM-004
CUST-06157,Damini,Vig,damini.vig438@yahoo.com,919840203710,1996-02-07,2021-04-03,PM-003
CUST-06158,Anaya,Krishnamurthy,anaya.krishnamurthy309@icloud.com,919235489368,2002-09-14,2022-06-30,PM-002
CUST-06159,Shalv,Wadhwa,shalv.wadhwa377@outlook.com,919163361536,2003-01-02,2024-01-14,PM-001
CUST-06160,Miraya,Krish,miraya.krish715@hotmail.com,919454987302,1991-01-06,2020-07-01,PM-003
CUST-06161,Raunak,Golla,raunak.golla270@outlook.com,917852538708,1981-01-29,2024-04-03,PM-002
CUST-06162,Samarth,Lanka,samarth950@outlook.com,918583908012,2003-12-12,2023-04-15,PM-002
CUST-06163,Zeeshan,Srivastava,srivastavazeeshan498@icloud.com,918619844312,1983-08-31,2018-05-13,PM-001
CUST-06164,Shray,Mandal,shray.875@hotmail.com,917531177475,2005-06-04,2024-05-06,PM-001
CUST-06165,Nakul,Wali,nakul859@yahoo.com,917151060365,1986-06-13,2015-01-30,PM-004
CUST-06166,Shanaya,Sandhu,shanaya_417@hotmail.com,918292862277,2000-07-08,2023-05-07,PM-001
CUST-06167,Nitara,Kale,nitara693@hotmail.com,919419477059,2000-12-16,2022-04-04,PM-002
CUST-06168,Aaryahi,Vala,aaryahi947@yahoo.com,919692731476,1980-12-02,2011-05-10,PM-002
CUST-06169,Lavanya,Chopra,lavanya_788@hotmail.com,918055176184,1982-07-05,2011-02-08,PM-002
CUST-06170,Kashvi,Tank,kashvi.146@icloud.com,919066050693,1999-07-15,2018-01-03,PM-003
CUST-06171,Nakul,Choudhry,choudhrynakul252@gmail.com,918537490676,1991-12-30,2011-05-09,PM-004
CUST-06172,Advika,Kant,advika413@outlook.com,917134117824,2005-09-13,2023-11-28,PM-003
CUST-06173,Renee,Doshi,renee.doshi759@icloud.com,918416546396,1983-07-13,2001-07-21,PM-004
CUST-06174,Prerak,Hari,prerak441@icloud.com,919383832589,1978-06-30,2022-01-17,PM-004
CUST-06175,Anika,Sengupta,anika322@hotmail.com,918061108342,2004-11-09,2024-02-09,PM-002
CUST-06176,Ayesha,Dhingra,ayesha.358@icloud.com,917594779769,2004-03-08,2022-04-05,PM-002
CUST-06177,Ayesha,Konda,ayesha_198@gmail.com,918650743891,1984-02-07,2012-12-20,PM-002
CUST-06178,Shamik,Mannan,mannanshamik837@gmail.com,917549062570,1991-10-13,2012-08-30,PM-002
CUST-06179,Anvi,Setty,anvi666@icloud.com,918433654168,1986-11-15,2013-03-26,PM-002
CUST-06180,Riaan,Arya,aryariaan442@hotmail.com,919949322872,1986-05-31,2022-08-03,PM-003
CUST-06181,Yuvaan,Vora,yuvaan665@icloud.com,918294303715,1996-03-10,2022-03-30,PM-003
CUST-06182,Ira,Bhatia,ira356@icloud.com,917334939642,2005-04-18,2023-09-11,PM-001
CUST-06183,Alisha,Bora,alisha194@icloud.com,917397152409,1985-06-30,2015-08-02,PM-004
CUST-06184,Jayant,Sunder,jayant243@icloud.com,917508129328,1993-08-15,2012-10-24,PM-002
CUST-06185,Anya,Shan,anya.257@yahoo.com,919169556850,2002-01-28,2022-01-17,PM-002
CUST-06186,Prerak,Bhagat,prerak.539@yahoo.com,919330070771,2001-06-29,2019-08-10,PM-004
CUST-06187,Shray,Reddy,shray.reddy287@hotmail.com,918075923765,1997-02-09,2022-02-05,PM-004
CUST-06188,Akarsh,Sidhu,akarsh121@icloud.com,917718913042,2003-01-04,2023-11-01,PM-002
CUST-06189,Sahil,Mahal,sahil_382@outlook.com,917761462623,1991-08-03,2016-02-19,PM-003
CUST-06190,Rohan,Tara,rohan322@hotmail.com,918172524960,2003-10-29,2023-08-18,PM-003
CUST-06191,Akarsh,Raju,akarsh225@gmail.com,917278267613,1987-04-18,2008-11-28,PM-003
CUST-06192,Indranil,Lad,indranil.533@hotmail.com,917501360775,1994-08-26,2019-10-18,PM-001
CUST-06193,Advika,Agrawal,advika.agrawal771@yahoo.com,918975677327,1986-02-02,2007-12-03,PM-002
CUST-06194,Tiya,Dyal,tiya479@gmail.com,917348112811,1993-03-27,2022-12-16,PM-003
CUST-06195,Madhup,Sahota,madhup.sahota277@yahoo.com,918486590416,1981-02-25,2001-02-24,PM-002
CUST-06196,Uthkarsh,Dhillon,dhillonuthkarsh456@yahoo.com,917785523169,1997-09-15,2022-05-14,PM-001
CUST-06197,Mehul,Manda,mehul.818@hotmail.com,919137252679,1976-10-05,2001-05-08,PM-001
CUST-06198,Raunak,Dass,raunak.258@icloud.com,917738212171,2004-04-18,2022-10-07,PM-004
CUST-06199,Oorja,Gulati,gulatioorja969@yahoo.com,917042119065,1982-11-21,2019-10-10,PM-002
CUST-06200,Oorja,Cherian,cherianoorja152@icloud.com,919755308479,1990-09-17,2011-10-18,PM-003
CUST-06201,Veer,Sethi,sethiveer446@icloud.com,918637620987,1999-06-15,2019-08-08,PM-002
CUST-06202,Rati,Loyal,rati_700@icloud.com,917506588433,1995-08-26,2014-11-27,PM-003
CUST-06203,Romil,Sule,romil.576@outlook.com,918608715774,1995-04-05,2018-12-20,PM-002
CUST-06204,Priyansh,Gupta,priyansh.388@outlook.com,917543676438,1989-10-08,2013-11-18,PM-002
CUST-06205,Tanya,Sachdev,sachdevtanya155@hotmail.com,917480057056,1992-03-15,2023-11-27,PM-004
CUST-06206,Sara,Ramaswamy,sara702@outlook.com,918327487410,2002-07-14,2023-10-15,PM-004
CUST-06207,Aarna,Vora,aarna.336@outlook.com,918365040384,1977-02-19,1996-05-07,PM-002
CUST-06208,Indranil,Loke,indranil_760@gmail.com,918232472406,1995-11-06,2015-11-29,PM-001
CUST-06209,Adah,Barad,adah.barad148@hotmail.com,919321525592,1981-10-02,2000-03-12,PM-004
CUST-06210,Kartik,Goswami,kartik_292@gmail.com,918475572652,1979-08-09,2009-03-17,PM-004
CUST-06211,Aayush,Bala,aayush429@hotmail.com,917248889952,1982-04-12,2011-05-11,PM-003
CUST-06212,Kismat,Devan,kismat.466@icloud.com,918492997911,1980-01-09,2022-02-11,PM-004
CUST-06213,Farhan,Loyal,farhan603@gmail.com,918182993960,1978-11-11,2021-08-09,PM-004
CUST-06214,Anahita,Setty,anahita_777@outlook.com,917556781560,1986-11-21,2015-06-10,PM-002
CUST-06215,Diya,Ramanathan,diya_465@icloud.com,919580091202,1999-12-26,2018-10-24,PM-003
CUST-06216,Kashvi,Sarma,kashvi757@yahoo.com,917712057309,1986-07-15,2010-02-16,PM-004
CUST-06217,Sara,Magar,magarsara949@icloud.com,919172242813,1989-03-24,2023-09-04,PM-002
CUST-06218,Shalv,Karpe,shalv.752@gmail.com,918804459200,1995-01-02,2017-01-15,PM-001
CUST-06219,Jivika,Bose,jivika170@hotmail.com,919338274519,1995-08-27,2014-09-03,PM-004
CUST-06220,Anvi,Gaba,gabaanvi692@hotmail.com,918650109215,1985-08-19,2014-01-02,PM-002
CUST-06221,Renee,Chhabra,renee980@yahoo.com,918182345306,2000-11-30,2023-11-19,PM-002
CUST-06222,Vanya,Contractor,contractorvanya272@hotmail.com,918372962669,1992-08-06,2016-12-18,PM-004
CUST-06223,Baiju,Sekhon,sekhonbaiju272@outlook.com,918344760350,1991-07-19,2019-10-26,PM-003
CUST-06224,Anya,Banerjee,anya454@outlook.com,919016178306,1997-11-13,2019-02-14,PM-003
CUST-06225,Mehul,Gour,mehul_618@hotmail.com,917036404490,2001-04-03,2021-04-23,PM-003
CUST-06226,Damini,Mallick,damini134@gmail.com,918852276240,2002-04-18,2024-05-18,PM-003
CUST-06227,Miraan,Dave,miraan.dave997@yahoo.com,919262359855,1993-02-25,2012-11-12,PM-004
CUST-06228,Yuvraj ,Ray,yuvraj _230@icloud.com,919848203004,1982-12-31,2022-09-22,PM-004
CUST-06229,Mehul,Edwin,mehul348@icloud.com,917360580573,1980-07-19,2003-01-29,PM-001
CUST-06230,Parinaaz,Varty,parinaaz_466@icloud.com,917444887987,2001-08-12,2024-04-06,PM-001
CUST-06231,Pari,Walia,pari.322@yahoo.com,918715037719,2004-05-02,2024-05-10,PM-002
CUST-06232,Zeeshan,Varkey,zeeshan.varkey959@yahoo.com,917856724592,1988-12-15,2008-04-07,PM-002
CUST-06233,Hrishita,Ghose,hrishita.710@yahoo.com,917765541020,1998-03-18,2020-09-24,PM-002
CUST-06234,Shaan,Ratta,rattashaan395@hotmail.com,917385593872,2002-01-18,2024-03-01,PM-003
CUST-06235,Vardaniya,Borah,vardaniya.382@hotmail.com,919045951190,1989-01-22,2015-06-18,PM-001
CUST-06236,Neysa,Sunder,neysa743@yahoo.com,918667289400,1978-03-24,1997-02-11,PM-001
CUST-06237,Diya,Sankar,sankardiya980@gmail.com,917792105548,2003-10-15,2023-04-30,PM-004
CUST-06238,Saanvi,Agrawal,saanvi.750@yahoo.com,917581438464,1974-11-17,2012-06-16,PM-004
CUST-06239,Seher,Bala,seher.575@gmail.com,919993566023,1999-11-11,2024-03-20,PM-004
CUST-06240,Jiya,Karnik,jiya.karnik399@hotmail.com,917391522941,1999-03-04,2020-08-23,PM-003
CUST-06241,Samiha,Divan,samiha.885@icloud.com,918660591353,1992-05-07,2020-07-15,PM-003
CUST-06242,Indranil,Seth,sethindranil944@hotmail.com,918224926221,1991-09-14,2012-04-10,PM-003
CUST-06243,Ira,Ganguly,ira_375@gmail.com,919212622037,1977-11-21,2020-12-07,PM-004
CUST-06244,Divij,Talwar,divij.talwar560@gmail.com,917357200592,1980-05-31,1999-06-28,PM-001
CUST-06245,Lakshay,Banerjee,lakshay_511@icloud.com,919489544932,1992-09-24,2022-11-08,PM-002
CUST-06246,Ranbir,Sunder,ranbir.778@yahoo.com,918875465895,1996-07-09,2015-03-20,PM-002
CUST-06247,Amira,Singh,amira532@outlook.com,919669192100,1991-01-23,2022-03-20,PM-004
CUST-06248,Amira,Chaudhari,amira.359@hotmail.com,918107041037,1997-12-19,2020-05-16,PM-002
CUST-06249,Nishith,Chowdhury,chowdhurynishith802@gmail.com,918213281015,2005-09-17,2023-12-18,PM-001
CUST-06250,Chirag,Bobal,chirag_212@outlook.com,919766932935,1985-03-25,2004-11-15,PM-001
CUST-06251,Seher,Ramakrishnan,seher_827@outlook.com,918232295834,1983-06-26,2023-07-28,PM-004
CUST-06252,Dishani,Bakshi,dishani.726@icloud.com,919510156215,1992-12-17,2011-11-03,PM-003
CUST-06253,Darshit,Swaminathan,darshit904@outlook.com,918834447967,2001-08-19,2020-09-25,PM-003
CUST-06254,Priyansh,Char,charpriyansh390@icloud.com,918068016249,1978-03-24,2012-05-14,PM-001
CUST-06255,Jivika,Sule,jivika_778@icloud.com,918351851176,1993-05-20,2016-06-05,PM-003
CUST-06256,Trisha,Sahni,trisha.sahni426@outlook.com,919908278821,1985-06-17,2011-06-20,PM-002
CUST-06257,Nehmat,Mander,nehmat.mander934@yahoo.com,919941395061,2005-04-13,2024-03-26,PM-002
CUST-06258,Indrajit,Ram,indrajit_158@outlook.com,919358662162,1997-09-19,2017-05-18,PM-001
CUST-06259,Saksham,Tandon,saksham.tandon866@icloud.com,917512862460,1976-08-01,2009-08-16,PM-001
CUST-06260,Ivana,Gandhi,ivana.739@gmail.com,917937978251,1976-12-16,2019-10-11,PM-004
CUST-06261,Jayesh,Bhardwaj,jayesh.bhardwaj567@yahoo.com,918398121630,2002-07-04,2022-10-26,PM-004
CUST-06262,Ela,Batra,ela.385@gmail.com,917723762892,1982-02-06,2014-08-18,PM-004
CUST-06263,Hridaan,Sastry,hridaan.sastry487@yahoo.com,919244459385,1992-07-19,2016-04-20,PM-002
CUST-06264,Sumer,Ramachandran,sumer.916@hotmail.com,919958184268,1988-02-26,2010-09-29,PM-004
CUST-06265,Yashvi,Kale,yashvi.360@icloud.com,918106939815,1978-06-06,2018-02-17,PM-004
CUST-06266,Shayak,Dey,shayak.dey154@yahoo.com,917721479113,1994-05-30,2017-08-21,PM-001
CUST-06267,Mamooty,Mane,mamooty208@icloud.com,918996945363,2002-02-09,2023-09-23,PM-002
CUST-06268,Mehul,Khatri,mehul763@icloud.com,919728723702,1997-04-03,2024-05-11,PM-004
CUST-06269,Indrajit,Bhagat,indrajit_124@hotmail.com,917789024707,1996-03-06,2017-01-20,PM-001
CUST-06270,Anahi,Dhaliwal,anahi_838@yahoo.com,917882722738,1985-04-25,2022-10-05,PM-001
CUST-06271,Saanvi,Setty,saanvi545@yahoo.com,919153988412,2001-04-26,2023-04-05,PM-004
CUST-06272,Madhav,Char,madhav506@hotmail.com,917607112886,1985-11-29,2007-02-09,PM-003
CUST-06273,Vritika,Badami,badamivritika983@icloud.com,917286878029,1988-09-12,2007-01-17,PM-004
CUST-06274,Arhaan,Halder,arhaan529@outlook.com,918217066987,2001-06-05,2023-07-09,PM-003
CUST-06275,Akarsh,Agate,agateakarsh384@icloud.com,917708146238,2003-11-30,2023-05-09,PM-004
CUST-06276,Vanya,Sami,vanya_302@yahoo.com,918940048796,1998-07-23,2022-11-30,PM-002
CUST-06277,Samaira,Verma,vermasamaira229@icloud.com,917381734781,1985-09-08,2022-09-17,PM-001
CUST-06278,Mishti,Babu,mishti_171@icloud.com,918251906007,1977-07-07,2016-01-02,PM-003
CUST-06279,Mehul,Vala,mehul.173@yahoo.com,917257646576,1987-01-18,2016-05-04,PM-003
CUST-06280,Zain,Buch,zain_256@gmail.com,918840703707,1999-06-07,2019-07-25,PM-003
CUST-06281,Renee,Das,renee583@yahoo.com,917423010440,1993-11-12,2019-03-17,PM-002
CUST-06282,Priyansh,Khurana,priyansh_942@yahoo.com,918864216494,1991-11-07,2014-04-09,PM-004
CUST-06283,Ritvik,Bandi,ritvik_673@gmail.com,917109677585,1994-09-12,2023-01-18,PM-002
CUST-06284,Nitara,Barman,nitara.barman472@gmail.com,917707183957,1993-03-29,2022-11-05,PM-004
CUST-06285,Ayesha,Kohli,ayesha.692@hotmail.com,918903245792,2001-03-12,2024-05-12,PM-001
CUST-06286,Hridaan,Saran,hridaan_598@icloud.com,918770773426,1988-09-24,2006-10-24,PM-004
CUST-06287,Oorja,Karnik,oorja.322@icloud.com,919338768359,1993-01-14,2017-11-11,PM-002
CUST-06288,Ivan,Bal,ivan.904@icloud.com,919399586545,1989-03-12,2008-11-20,PM-001
CUST-06289,Rati,Gill,gillrati248@yahoo.com,917121705251,1983-11-19,2007-10-08,PM-001
CUST-06290,Ahana ,Shankar,shankarahana 218@yahoo.com,918500066598,1988-07-29,2020-03-06,PM-004
CUST-06291,Parinaaz,Sunder,parinaaz676@gmail.com,919311409605,1978-12-10,2008-08-26,PM-004
CUST-06292,Dhruv,Chaudry,dhruv_654@hotmail.com,918012725420,1997-12-01,2017-09-17,PM-004
CUST-06293,Purab,Sha,purab300@icloud.com,917266229381,1981-07-07,2013-02-12,PM-001
CUST-06294,Damini,Taneja,damini.605@hotmail.com,919499835107,1983-06-06,2023-04-06,PM-001
CUST-06295,Shray,Sodhi,sodhishray814@hotmail.com,919116561675,1999-12-31,2020-05-13,PM-004
CUST-06296,Ivan,Maharaj,ivan.maharaj692@gmail.com,917274347393,1993-07-18,2017-12-09,PM-004
CUST-06297,Kaira,Sidhu,kaira890@hotmail.com,917037252128,1979-11-28,2001-08-03,PM-004
CUST-06298,Taimur,Solanki,taimur_146@outlook.com,918926475235,1992-11-21,2016-09-24,PM-004
CUST-06299,Sara,Sani,sanisara316@icloud.com,918426770511,1995-12-07,2021-03-02,PM-001
CUST-06300,Misha,Bali,misha_472@gmail.com,919606861625,1994-06-28,2023-12-29,PM-002
CUST-06301,Tiya,Biswas,tiya.878@hotmail.com,918510262198,1994-11-22,2022-06-15,PM-002
CUST-06302,Khushi,Baral,khushi775@outlook.com,919068936244,1994-08-19,2019-01-24,PM-003
CUST-06303,Sahil,Jhaveri,sahil.jhaveri499@icloud.com,917254344344,2005-04-20,2023-12-09,PM-002
CUST-06304,Vaibhav,Chander,vaibhav_413@gmail.com,919851750022,1995-09-22,2022-09-27,PM-001
CUST-06305,Kashvi,Andra,andrakashvi529@outlook.com,917345412609,2001-12-10,2021-08-29,PM-004
CUST-06306,Anay,Krish,anay.krish460@outlook.com,917319221910,1984-05-22,2010-02-21,PM-001
CUST-06307,Taran,Som,taran.som868@icloud.com,917307606997,2002-10-01,2021-07-30,PM-002
CUST-06308,Tanya,Samra,tanya168@yahoo.com,917873121042,1994-09-22,2023-11-24,PM-001
CUST-06309,Mannat,Khalsa,mannat_489@outlook.com,917809885187,1990-03-16,2020-01-15,PM-001
CUST-06310,Zain,Contractor,zain_838@outlook.com,919593692797,1976-10-07,2002-10-14,PM-001
CUST-06311,Romil,Warrior,warriorromil649@icloud.com,918779739021,1986-12-20,2016-05-10,PM-004
CUST-06312,Rania,Kara,rania.780@icloud.com,919363609686,1989-12-26,2018-09-28,PM-004
CUST-06313,Saanvi,Chaudhary,saanvi.chaudhary337@hotmail.com,917442666084,1987-09-28,2007-06-06,PM-001
CUST-06314,Sana,Dayal,sana274@hotmail.com,919542556074,1976-06-26,2009-01-19,PM-003
CUST-06315,Nitya,Chacko,chackonitya108@icloud.com,918582275894,1982-02-09,2023-01-22,PM-003
CUST-06316,Nakul,Kamdar,nakul903@gmail.com,919274053528,1983-11-28,2006-07-04,PM-001
CUST-06317,Himmat,Magar,himmat.613@outlook.com,918200994214,1997-12-12,2016-04-03,PM-002
CUST-06318,Zara,Das,zara.das337@outlook.com,917830509823,1999-10-12,2018-09-09,PM-001
CUST-06319,Madhup,Bora,madhup_813@icloud.com,919442298997,1985-01-06,2009-05-30,PM-002
CUST-06320,Madhav,Wadhwa,madhav_365@yahoo.com,917997084773,1995-06-04,2013-11-30,PM-004
CUST-06321,Anya,Sahota,anya.993@yahoo.com,917283358820,1979-04-05,2018-03-16,PM-004
CUST-06322,Aaina,Hayre,aaina.hayre788@icloud.com,919730875011,1974-10-16,2019-12-02,PM-001
CUST-06323,Sana,Mahal,sana.164@outlook.com,919924807729,1995-06-02,2017-07-22,PM-004
CUST-06324,Pihu,Johal,johalpihu332@gmail.com,919964074211,1976-09-15,2019-01-29,PM-001
CUST-06325,Aarna,Toor,tooraarna898@outlook.com,919790845020,1983-09-07,2013-10-14,PM-002
CUST-06326,Lakshit,Bava,bavalakshit131@hotmail.com,919236689315,1983-09-12,2002-03-09,PM-002
CUST-06327,Azad,Som,somazad140@icloud.com,919454095613,1980-12-31,2020-06-03,PM-002
CUST-06328,Piya,Walla,piya.888@outlook.com,918874914782,1995-06-29,2023-09-02,PM-004
CUST-06329,Dhruv,Trivedi,dhruv882@gmail.com,917936602289,1983-05-23,2023-01-18,PM-001
CUST-06330,Trisha,Malhotra,trisha505@gmail.com,919012590072,1997-07-16,2021-06-26,PM-004
CUST-06331,Devansh,Raju,devansh_658@icloud.com,918034226777,1995-03-25,2021-03-05,PM-001
CUST-06332,Keya,Shanker,keya471@icloud.com,917133384461,1993-05-11,2020-07-18,PM-001
CUST-06333,Devansh,Bhattacharyya,devansh760@hotmail.com,918555757120,1979-10-01,2016-09-09,PM-001
CUST-06334,Jivika,Andra,andrajivika805@outlook.com,917686355871,1993-05-05,2019-06-01,PM-002
CUST-06335,Aradhya,Grewal,grewalaradhya693@gmail.com,918055258677,1991-06-09,2011-10-05,PM-003
CUST-06336,Parinaaz,Dada,parinaaz989@yahoo.com,918287337931,2004-03-18,2024-02-13,PM-004
CUST-06337,Zeeshan,Reddy,zeeshan151@outlook.com,918531240806,2001-06-01,2024-01-12,PM-003
CUST-06338,Trisha,Khurana,trisha.khurana235@gmail.com,919136927019,1976-03-20,2004-04-06,PM-004
CUST-06339,Ira,Randhawa,ira.818@yahoo.com,919899184825,1981-01-28,2021-11-06,PM-001
CUST-06340,Dhruv,Lanka,lankadhruv538@gmail.com,918527489138,2006-02-05,2024-05-28,PM-003
CUST-06341,Fateh,Tak,fateh.tak137@outlook.com,917253938466,1984-09-20,2022-10-21,PM-004
CUST-06342,Miraya,Subramaniam,miraya173@hotmail.com,918640697661,1986-02-11,2008-03-10,PM-002
CUST-06343,Sumer,Rout,routsumer123@yahoo.com,918648675024,1993-11-08,2020-01-18,PM-001
CUST-06344,Divij,Chana,chanadivij191@icloud.com,917575088684,1974-10-07,2015-01-09,PM-004
CUST-06345,Samar,Kara,samar_212@icloud.com,918304135759,1980-11-27,2016-05-13,PM-003
CUST-06346,Kartik,Anne,kartik_779@hotmail.com,919811839220,1983-10-15,2010-06-27,PM-003
CUST-06347,Ritvik,Kari,kariritvik229@hotmail.com,918960954081,1977-08-07,2004-02-07,PM-001
CUST-06348,Umang,Bhakta,umang.bhakta635@yahoo.com,917225856574,1996-07-22,2015-09-18,PM-002
CUST-06349,Ryan,Gaba,ryan.499@icloud.com,919472135392,1983-10-23,2002-09-16,PM-003
CUST-06350,Bhavin,Kibe,bhavin.806@outlook.com,918533376881,2005-06-03,2024-01-21,PM-002
CUST-06351,Navya,Char,navya.char144@outlook.com,917139550980,1980-05-13,2005-07-18,PM-002
CUST-06352,Badal,Vala,badal_386@hotmail.com,918408734602,1987-11-18,2019-01-16,PM-002
CUST-06353,Sahil,Bhatia,sahil.bhatia533@hotmail.com,917011150449,1995-07-03,2015-08-29,PM-003
CUST-06354,Ahana ,Vasa,vasaahana 128@hotmail.com,919922022724,2004-12-19,2023-04-16,PM-003
CUST-06355,Shaan,Thakkar,shaan420@yahoo.com,918990903489,1981-04-22,2002-09-29,PM-003
CUST-06356,Ira,Sule,ira233@gmail.com,918907111077,1995-01-29,2015-04-16,PM-002
CUST-06357,Heer,Kaur,heer_328@gmail.com,918123810680,2003-10-04,2022-07-17,PM-002
CUST-06358,Vidur,Datta,vidur882@outlook.com,918188528427,2003-07-04,2024-03-25,PM-002
CUST-06359,Seher,Sane,seher482@icloud.com,919481953231,1975-07-31,1993-11-08,PM-003
CUST-06360,Shamik,Talwar,talwarshamik695@icloud.com,918800499632,1988-05-28,2022-04-17,PM-003
CUST-06361,Parinaaz,Sani,parinaaz.229@hotmail.com,918051682357,1999-03-11,2021-11-02,PM-001
CUST-06362,Abram,Ganesh,abram.544@hotmail.com,918928491060,1992-02-27,2022-01-14,PM-004
CUST-06363,Nishith,Dube,nishith.385@hotmail.com,919861870877,1978-09-05,2023-01-05,PM-001
CUST-06364,Emir,Chopra,emir_396@hotmail.com,919513479583,2002-03-08,2020-03-26,PM-004
CUST-06365,Parinaaz,Dhar,parinaaz_113@outlook.com,919609768607,1993-01-19,2017-03-31,PM-003
CUST-06366,Alia,Shroff,alia.420@yahoo.com,919706540320,1983-09-17,2013-05-11,PM-004
CUST-06367,Shalv,Sachar,shalv_804@yahoo.com,919536144164,1984-07-12,2022-10-16,PM-004
CUST-06368,Zaina,Chadha,zaina.256@gmail.com,917958164520,1983-05-27,2019-09-26,PM-001
CUST-06369,Vihaan,Bandi,vihaan.bandi182@yahoo.com,917663936007,1995-08-03,2022-12-03,PM-002
CUST-06370,Aniruddh,Dada,aniruddh.dada646@yahoo.com,917779918330,1991-10-28,2018-04-21,PM-002
CUST-06371,Dishani,Shankar,dishani.shankar458@gmail.com,918252325229,1998-10-22,2023-06-26,PM-002
CUST-06372,Divij,Dash,divij970@icloud.com,918219047816,2005-11-05,2024-04-30,PM-004
CUST-06373,Onkar,Bose,boseonkar254@gmail.com,918826260508,1999-07-07,2023-09-08,PM-003
CUST-06374,Rania,Koshy,rania.951@hotmail.com,919386332632,2001-12-03,2021-10-27,PM-004
CUST-06375,Miraya,Sastry,sastrymiraya494@icloud.com,918322723831,1981-09-13,2015-03-28,PM-001
CUST-06376,Aaina,Saxena,aaina.437@gmail.com,918954828389,1995-10-23,2019-11-10,PM-001
CUST-06377,Kabir,Lad,kabir_408@gmail.com,919537675194,1989-09-25,2010-03-25,PM-001
CUST-06378,Aarna,Bose,aarna_589@hotmail.com,919357836882,1988-12-31,2019-11-17,PM-003
CUST-06379,Misha,Issac,misha.issac891@yahoo.com,917986703325,2000-02-15,2023-01-07,PM-002
CUST-06380,Rohan,Bansal,rohan.bansal515@outlook.com,918469033113,1976-10-04,2019-07-11,PM-002
CUST-06381,Divyansh,Mall,malldivyansh212@gmail.com,919280762354,1990-02-17,2009-02-05,PM-002
CUST-06382,Darshit,Mand,manddarshit280@yahoo.com,917892958825,1977-10-29,2021-02-01,PM-004
CUST-06383,Romil,Raja,romil.raja126@hotmail.com,919107535930,1978-07-20,2017-01-17,PM-001
CUST-06384,Arhaan,Bora,boraarhaan942@icloud.com,919562797283,1981-07-11,2001-09-10,PM-002
CUST-06385,Zeeshan,Venkatesh,zeeshan.289@hotmail.com,919733849529,1982-06-02,2023-11-27,PM-004
CUST-06386,Khushi,Amble,khushi.896@gmail.com,919060024623,1978-09-01,2000-03-23,PM-004
CUST-06387,Yakshit,Batra,batrayakshit786@icloud.com,919673757478,1981-11-11,2002-11-26,PM-004
CUST-06388,Biju,Maharaj,biju_286@gmail.com,918073887942,1994-01-26,2016-12-30,PM-004
CUST-06389,Kimaya,Balasubramanian,balasubramaniankimaya617@gmail.com,918959966191,1982-06-16,2017-07-28,PM-001
CUST-06390,Piya,Ravi,piya.318@icloud.com,917885238773,2002-05-09,2023-06-25,PM-003
CUST-06391,Faiyaz,Sathe,faiyaz_499@outlook.com,918965555877,1990-08-17,2009-01-10,PM-003
CUST-06392,Krish,Jaggi,krish684@yahoo.com,917159922129,2006-01-20,2024-01-23,PM-004
CUST-06393,Adah,Sampath,adah103@outlook.com,919870272058,1987-03-29,2015-10-19,PM-003
CUST-06394,Sara,Halder,haldersara668@icloud.com,917132590042,1994-12-22,2022-06-19,PM-003
CUST-06395,Taran,Chandra,taran.chandra717@icloud.com,919549612569,1983-03-01,2019-07-31,PM-002
CUST-06396,Nehmat,Krishnamurthy,nehmat717@icloud.com,919010188149,1992-06-02,2019-06-12,PM-004
CUST-06397,Siya,Mander,siya.344@icloud.com,917430518991,2005-08-22,2023-10-12,PM-002
CUST-06398,Rati,Ratta,rati.ratta805@gmail.com,918768417045,1997-02-02,2024-03-08,PM-001
CUST-06399,Aaryahi,Srivastava,aaryahi928@yahoo.com,919247355483,1977-05-16,2000-03-06,PM-004
CUST-06400,Indranil,Ravi,indranil.217@icloud.com,919496106649,2003-12-15,2022-06-29,PM-001
CUST-06401,Yuvaan,Viswanathan,yuvaan.613@outlook.com,917717852309,1999-05-22,2018-12-22,PM-001
CUST-06402,Ahana ,Khosla,ahana .809@yahoo.com,917327874036,1978-01-10,1998-12-14,PM-002
CUST-06403,Aaryahi,Sarraf,aaryahi.sarraf689@hotmail.com,919429834551,1985-08-06,2012-01-25,PM-004
CUST-06404,Madhav,Choudhary,madhav.268@outlook.com,919943078908,1981-02-07,2017-03-18,PM-003
CUST-06405,Bhavin,Dar,bhavin100@icloud.com,918440923286,1994-11-11,2017-05-24,PM-001
CUST-06406,Nirvi,Sekhon,nirvi915@yahoo.com,918524146500,1986-03-27,2023-12-16,PM-002
CUST-06407,Himmat,Tiwari,himmat.tiwari967@yahoo.com,917313503456,1982-02-12,2009-04-17,PM-003
CUST-06408,Ira,Ben,ira835@outlook.com,918212515820,1986-02-26,2006-09-20,PM-001
CUST-06409,Rania,Rajan,rania.885@gmail.com,919768310140,2003-05-23,2021-08-03,PM-003
CUST-06410,Trisha,Butala,trisha.493@gmail.com,918806475312,1994-01-05,2020-03-05,PM-003
CUST-06411,Miraan,Kohli,miraan.kohli529@icloud.com,917353297950,1985-08-14,2017-12-11,PM-003
CUST-06412,Riaan,Bhatt,riaan_522@yahoo.com,917265220484,1992-11-20,2014-12-09,PM-001
CUST-06413,Charvi,Kala,kalacharvi247@icloud.com,917246886306,1985-08-24,2008-05-05,PM-003
CUST-06414,Vihaan,Dixit,vihaan_840@yahoo.com,917509317528,1975-10-21,2022-01-16,PM-003
CUST-06415,Nehmat,Shankar,shankarnehmat480@yahoo.com,918745015330,1988-07-18,2017-10-07,PM-003
CUST-06416,Suhana,Vaidya,suhana.480@yahoo.com,917651005767,2001-03-02,2020-12-06,PM-002
CUST-06417,Aaryahi,Borde,aaryahi.885@hotmail.com,919496542011,2004-01-28,2024-05-29,PM-003
CUST-06418,Dhanush,Krishnan,krishnandhanush270@outlook.com,919183645025,2000-09-22,2023-12-05,PM-004
CUST-06419,Neelofar,Gupta,guptaneelofar548@yahoo.com,919368530021,2002-03-12,2023-01-15,PM-002
CUST-06420,Kimaya,Sachdeva,kimaya_761@hotmail.com,919815522287,1998-01-29,2022-09-22,PM-003
CUST-06421,Urvi,Sharma,urvi.sharma189@icloud.com,919520149958,1991-06-13,2015-08-26,PM-001
CUST-06422,Darshit,Kadakia,darshit_930@yahoo.com,917307130731,1989-07-26,2007-08-18,PM-003
CUST-06423,Rasha,Bava,bavarasha605@yahoo.com,917514591758,1999-07-19,2022-09-27,PM-003
CUST-06424,Amira,Sathe,amira_329@outlook.com,918343829297,2000-03-26,2018-09-20,PM-001
CUST-06425,Pihu,Balan,pihu.443@icloud.com,919145423360,1995-01-21,2020-08-10,PM-002
CUST-06426,Stuvan,Sehgal,stuvan_904@icloud.com,919540166474,1993-09-25,2022-12-24,PM-001
CUST-06427,Anya,Sami,anya207@gmail.com,918050762845,1995-04-30,2019-01-10,PM-003
CUST-06428,Kanav,Bava,kanav163@icloud.com,918317810370,1976-01-20,1999-10-12,PM-002
CUST-06429,Ranbir,Saraf,sarafranbir550@icloud.com,918760120195,1979-09-22,2016-09-23,PM-002
CUST-06430,Nirvaan,Tripathi,nirvaan.456@hotmail.com,918948291893,1986-08-09,2008-10-15,PM-001
CUST-06431,Zoya,Sahota,zoya_583@hotmail.com,919699540223,1993-08-20,2022-03-11,PM-003
CUST-06432,Alia,Chopra,alia221@icloud.com,917787881459,1991-01-25,2023-08-23,PM-003
CUST-06433,Nishith,Seshadri,nishith_420@gmail.com,919878734282,1983-03-18,2012-09-06,PM-002
CUST-06434,Anahita,Borah,borahanahita232@yahoo.com,919530709005,1993-01-24,2013-06-13,PM-003
CUST-06435,Alia,Dhillon,dhillonalia433@gmail.com,918923652898,2000-04-06,2021-06-06,PM-001
CUST-06436,Vedika,Chakrabarti,vedika_514@icloud.com,918613032535,1997-05-18,2023-03-18,PM-003
CUST-06437,Kanav,Buch,buchkanav867@yahoo.com,918613806548,1994-02-20,2013-05-12,PM-002
CUST-06438,Mohanlal,Mammen,mohanlal466@hotmail.com,919064045342,1992-09-10,2014-08-16,PM-004
CUST-06439,Vardaniya,Yohannan,vardaniya694@icloud.com,918614284930,1984-06-24,2003-02-06,PM-001
CUST-06440,Kismat,Dugar,kismat.dugar251@icloud.com,918391454534,1979-12-26,2020-03-22,PM-004
CUST-06441,Dhanuk,Bhandari,dhanuk.209@outlook.com,919997962879,1998-05-29,2017-08-07,PM-001
CUST-06442,Damini,Lad,laddamini175@hotmail.com,919862186408,1989-08-18,2014-06-29,PM-001
CUST-06443,Sana,Golla,sana.golla627@icloud.com,917460748156,2006-05-07,2024-06-08,PM-003
CUST-06444,Indranil,Koshy,koshyindranil642@yahoo.com,918547879255,1996-03-12,2018-12-18,PM-003
CUST-06445,Anya,Dyal,anya_507@icloud.com,917725079515,2004-07-28,2022-10-03,PM-004
CUST-06446,Neysa,Golla,neysa103@hotmail.com,917921226557,1997-06-19,2021-05-13,PM-001
CUST-06447,Onkar,Sami,samionkar799@yahoo.com,919197282486,1994-11-01,2015-04-17,PM-004
CUST-06448,Divyansh,Chaudhuri,divyansh901@icloud.com,917567719600,1983-01-18,2002-11-28,PM-001
CUST-06449,Alia,Kant,alia.kant850@icloud.com,919035257230,1987-07-01,2017-03-27,PM-002
CUST-06450,Shanaya,Shankar,shanaya.shankar903@gmail.com,918414064244,1988-12-30,2010-10-25,PM-003
CUST-06451,Adira,Warrior,warrioradira466@gmail.com,917682997702,1994-09-25,2016-08-13,PM-001
CUST-06452,Ira,Roy,ira.640@gmail.com,917837761090,1984-05-15,2022-05-29,PM-003
CUST-06453,Vivaan,Ravi,vivaan.341@outlook.com,919220728333,2003-07-12,2024-01-27,PM-003
CUST-06454,Miraya,Ramesh,miraya_221@hotmail.com,919456264381,1982-05-07,2013-09-30,PM-001
CUST-06455,Pranay,Grewal,grewalpranay271@icloud.com,917406223367,2001-07-05,2023-11-01,PM-003
CUST-06456,Kavya,Khurana,kavya_383@icloud.com,917291299430,1986-01-09,2022-05-15,PM-002
CUST-06457,Jayant,Sankar,jayant.sankar683@icloud.com,918943560991,2000-12-07,2023-11-23,PM-004
CUST-06458,Siya,Shah,siya.761@gmail.com,918799222987,1996-07-27,2015-02-06,PM-003
CUST-06459,Anika,Sabharwal,anika.178@hotmail.com,919878049230,1996-08-14,2023-10-11,PM-003
CUST-06460,Renee,Dutt,renee.dutt699@gmail.com,917003191995,1991-11-18,2011-04-04,PM-003
CUST-06461,Indrans,Das,indrans.803@outlook.com,919228829409,1988-10-30,2012-01-11,PM-001
CUST-06462,Chirag,Kohli,kohlichirag499@outlook.com,917461691258,1983-06-14,2020-11-24,PM-004
CUST-06463,Urvi,Sarraf,urvi.188@gmail.com,918921225103,1979-03-10,2013-01-06,PM-003
CUST-06464,Urvi,Boase,urvi.583@hotmail.com,919303991585,1989-10-30,2020-11-06,PM-001
CUST-06465,Aayush,Desai,aayush357@hotmail.com,917985038175,1992-12-18,2022-09-10,PM-003
CUST-06466,Riaan,Taneja,tanejariaan201@hotmail.com,919170972664,1991-07-27,2023-07-01,PM-002
CUST-06467,Arhaan,Datta,dattaarhaan349@outlook.com,918867719375,1990-09-17,2009-03-06,PM-001
CUST-06468,Nakul,Rajagopal,nakul452@yahoo.com,919608255186,1977-02-20,2017-06-06,PM-001
CUST-06469,Lagan,Gulati,lagan.500@hotmail.com,917405148288,1990-03-27,2012-06-14,PM-001
CUST-06470,Rati,Balasubramanian,rati361@outlook.com,917158188176,1996-09-24,2016-01-09,PM-001
CUST-06471,Ela,Kari,ela209@hotmail.com,919949355808,1990-08-27,2020-12-04,PM-003
CUST-06472,Taran,Sekhon,taran.sekhon395@gmail.com,917668098519,1989-10-13,2014-06-26,PM-004
CUST-06473,Miraan,Gara,miraan.493@icloud.com,919265766147,1995-01-01,2014-07-15,PM-001
CUST-06474,Zaina,Dhar,dharzaina142@hotmail.com,918823647548,1977-04-23,2020-07-26,PM-003
CUST-06475,Lagan,Saha,sahalagan589@icloud.com,919602617557,1991-08-10,2016-05-31,PM-004
CUST-06476,Samar,Deshpande,samar_915@hotmail.com,919693576551,1996-06-11,2021-03-29,PM-003
CUST-06477,Aarav,Setty,settyaarav513@hotmail.com,918506495919,1987-04-29,2006-06-16,PM-002
CUST-06478,Onkar,Ray,onkar.328@icloud.com,917383883561,1980-07-06,2004-09-25,PM-001
CUST-06479,Lakshit,Dhar,lakshit.dhar206@hotmail.com,917369316761,1988-12-13,2022-06-11,PM-003
CUST-06480,Renee,Mannan,renee_955@gmail.com,918048326508,2005-02-02,2024-03-26,PM-003
CUST-06481,Prisha,Aurora,auroraprisha248@icloud.com,917405612391,1993-03-30,2019-12-23,PM-004
CUST-06482,Chirag,Ranganathan,chirag.ranganathan538@gmail.com,917568451960,1998-07-05,2021-09-17,PM-004
CUST-06483,Ishaan,Goda,godaishaan404@hotmail.com,919675128215,1979-07-01,2009-04-24,PM-003
CUST-06484,Sara,Doshi,sara.900@hotmail.com,917713982566,1984-07-29,2010-08-06,PM-002
CUST-06485,Azad,Dhillon,azad.dhillon820@outlook.com,919033312274,1991-04-08,2011-08-05,PM-001
CUST-06486,Samarth,Dhingra,dhingrasamarth529@icloud.com,918499874366,1990-10-12,2012-08-14,PM-003
CUST-06487,Jayan,Tara,jayan_995@hotmail.com,919406410815,1994-06-13,2021-06-22,PM-001
CUST-06488,Rasha,Virk,virkrasha770@hotmail.com,917058312605,1985-08-27,2023-10-10,PM-003
CUST-06489,Kiaan,Soni,kiaan328@icloud.com,917240270151,2004-03-28,2022-12-06,PM-003
CUST-06490,Samarth,Golla,samarth192@gmail.com,918458307101,2000-12-03,2019-02-03,PM-004
CUST-06491,Ahana ,Desai,ahana 567@outlook.com,918416843251,1988-05-01,2012-06-02,PM-001
CUST-06492,Suhana,Bawa,suhana.234@icloud.com,919230547617,2005-07-26,2023-11-09,PM-003
CUST-06493,Parinaaz,Kurian,parinaaz613@icloud.com,919562200258,1979-03-06,2017-01-23,PM-001
CUST-06494,Badal,Hayer,badal.989@hotmail.com,918096053345,2001-10-28,2020-01-13,PM-003
CUST-06495,Drishya,Biswas,drishya.118@yahoo.com,918513654907,1984-03-10,2008-11-29,PM-003
CUST-06496,Biju,Bhargava,biju645@outlook.com,918200558928,1997-04-06,2017-06-05,PM-002
CUST-06497,Devansh,Gala,devansh753@yahoo.com,917452932329,2004-04-09,2023-06-10,PM-001
CUST-06498,Kiaan,Khanna,kiaan916@gmail.com,917775933041,2004-04-10,2024-01-06,PM-001
CUST-06499,Uthkarsh,Korpal,uthkarsh787@gmail.com,918538573251,1975-02-09,2022-07-14,PM-002
CUST-06500,Ritvik,Aggarwal,aggarwalritvik290@yahoo.com,918348325400,1997-08-11,2018-11-11,PM-004
CUST-06501,Jivika,Sinha,jivika.sinha170@gmail.com,919646188466,1996-01-19,2018-11-18,PM-004
CUST-06502,Sara,Magar,magarsara301@gmail.com,919774828850,1991-08-25,2018-08-29,PM-003
CUST-06503,Ishita,Kanda,ishita.100@hotmail.com,919436125851,2006-02-27,2024-04-21,PM-004
CUST-06504,Charvi,Agarwal,charvi680@yahoo.com,917370883676,1994-03-11,2012-06-18,PM-001
CUST-06505,Nayantara,Dasgupta,nayantara274@hotmail.com,917253495012,1986-02-22,2018-07-15,PM-003
CUST-06506,Kiaan,Sharaf,kiaan_855@yahoo.com,917813165927,1980-01-10,2003-11-26,PM-002
CUST-06507,Vedika,Chaudry,vedika_113@hotmail.com,919357002894,1982-12-17,2008-02-03,PM-004
CUST-06508,Lavanya,Ramakrishnan,lavanya704@hotmail.com,919693976581,1981-02-01,2004-02-18,PM-002
CUST-06509,Sara,Buch,sara.buch905@icloud.com,917633275485,1992-05-24,2014-08-06,PM-004
CUST-06510,Hazel,Rajagopal,hazel.699@gmail.com,917677193862,1984-04-12,2004-03-27,PM-004
CUST-06511,Indrans,Master,indrans.313@hotmail.com,919295567371,1983-07-05,2016-04-28,PM-002
CUST-06512,Saksham,Wadhwa,saksham.wadhwa122@outlook.com,918167220420,1988-02-24,2012-11-11,PM-004
CUST-06513,Miraan,Kohli,miraan249@yahoo.com,918876039125,1983-04-17,2013-12-27,PM-001
CUST-06514,Sahil,Dar,sahil_517@icloud.com,917620456175,1999-07-20,2023-08-14,PM-004
CUST-06515,Jayant,Garg,jayant297@gmail.com,918385045221,1985-01-15,2005-10-31,PM-004
CUST-06516,Romil,Ghose,romil.871@outlook.com,919888608739,2003-04-14,2022-10-03,PM-003
CUST-06517,Priyansh,Ramakrishnan,ramakrishnanpriyansh134@outlook.com,918783626956,1983-09-08,2019-09-28,PM-002
CUST-06518,Indranil,Cheema,indranil_333@hotmail.com,918041973986,1975-09-21,1995-09-04,PM-002
CUST-06519,Jivin,Korpal,jivin.665@gmail.com,919402875036,1986-10-15,2014-04-20,PM-004
CUST-06520,Aayush,Chana,chanaaayush503@gmail.com,918878647608,1979-04-07,2006-08-01,PM-003
CUST-06521,Kanav,Wali,kanav.wali896@hotmail.com,919283486675,1981-12-01,2005-09-17,PM-004
CUST-06522,Taran,Dara,taran_475@outlook.com,918929527997,1975-05-20,2001-06-05,PM-001
CUST-06523,Inaaya ,Ganesh,inaaya .791@hotmail.com,918104891183,2004-07-18,2023-05-10,PM-002
CUST-06524,Tiya,Sibal,tiya.sibal907@icloud.com,917389092786,1990-03-19,2021-07-07,PM-004
CUST-06525,Mamooty,Lala,mamooty.lala732@hotmail.com,917340234769,1999-02-09,2020-06-20,PM-003
CUST-06526,Eva,Viswanathan,eva.viswanathan825@gmail.com,917192725134,1996-04-12,2024-05-19,PM-001
CUST-06527,Chirag,Mane,chirag.778@gmail.com,918483892906,1998-11-02,2020-12-14,PM-002
CUST-06528,Hiran,Barad,hiran.barad143@yahoo.com,918936788202,1979-10-31,2023-02-19,PM-003
CUST-06529,Rasha,Kashyap,kashyaprasha804@icloud.com,919503583317,2000-11-27,2020-09-11,PM-001
CUST-06530,Eshani,Kala,eshani411@icloud.com,918295565908,1990-03-04,2020-01-05,PM-003
CUST-06531,Mishti,Savant,mishti.savant649@icloud.com,918456691536,2002-10-30,2022-04-12,PM-002
CUST-06532,Tara,Bath,tara_872@icloud.com,917999739744,1983-11-28,2017-09-30,PM-004
CUST-06533,Rania,Gopal,rania_730@outlook.com,917050339428,1988-07-29,2018-12-26,PM-004
CUST-06534,Amani,Bal,balamani959@outlook.com,917216518275,1996-05-21,2017-01-13,PM-002
CUST-06535,Ishita,Aurora,ishita_569@outlook.com,919356436140,1983-02-22,2014-07-07,PM-002
CUST-06536,Dhanush,Shanker,shankerdhanush643@hotmail.com,917130738936,1991-06-06,2020-07-22,PM-002
CUST-06537,Samiha,Shukla,samiha_513@yahoo.com,919714038461,2000-01-14,2018-02-22,PM-003
CUST-06538,Kismat,Joshi,kismat875@hotmail.com,917558607033,1974-08-04,2007-02-16,PM-003
CUST-06539,Neelofar,Hora,neelofar555@hotmail.com,919905485888,2002-07-07,2021-03-07,PM-004
CUST-06540,Mishti,Agrawal,mishti_610@hotmail.com,918723844041,2005-10-28,2024-04-20,PM-002
CUST-06541,Eshani,Behl,eshani.587@hotmail.com,919640754789,1975-11-09,2021-03-15,PM-001
CUST-06542,Taran,Chopra,taran.chopra874@yahoo.com,917171288100,1984-09-02,2004-12-09,PM-004
CUST-06543,Anika,Chhabra,anika143@gmail.com,917898497306,1978-03-13,2007-01-10,PM-003
CUST-06544,Anay,Gour,anay_990@yahoo.com,918777464014,1975-08-25,2001-01-17,PM-002
CUST-06545,Zeeshan,Trivedi,trivedizeeshan526@hotmail.com,919691739956,1999-02-10,2018-05-04,PM-001
CUST-06546,Riya,Char,riya870@icloud.com,917630966131,1979-01-10,2016-02-21,PM-001
CUST-06547,Hiran,Gandhi,hiran.gandhi677@hotmail.com,918503474034,1986-05-05,2008-08-25,PM-002
CUST-06548,Tanya,Mahajan,tanya.mahajan960@icloud.com,918225730898,1975-12-10,2012-04-18,PM-002
CUST-06549,Sara,Shetty,sara818@yahoo.com,918415106997,1989-06-26,2010-08-15,PM-001
CUST-06550,Ishaan,Dubey,ishaan700@icloud.com,917049665122,1981-06-06,2022-10-04,PM-001
CUST-06551,Anay,Shan,anay.660@hotmail.com,919713627800,1995-12-04,2022-06-02,PM-001
CUST-06552,Trisha,Ratti,rattitrisha960@hotmail.com,917513393695,1982-10-18,2015-03-22,PM-003
CUST-06553,Urvi,Varkey,urvi210@outlook.com,919223399441,1978-01-10,2010-01-08,PM-002
CUST-06554,Aayush,Chokshi,aayush_282@outlook.com,918586180718,1979-07-04,2020-01-21,PM-003
CUST-06555,Anvi,Lanka,anvi_858@gmail.com,917763076787,1976-02-11,2009-06-26,PM-002
CUST-06556,Sumer,Bhattacharyya,sumer_711@yahoo.com,918278069364,2000-05-03,2019-10-19,PM-004
CUST-06557,Tiya,Shetty,tiya.shetty197@hotmail.com,917325522731,1986-10-16,2020-06-17,PM-004
CUST-06558,Baiju,Srinivas,baiju.srinivas544@gmail.com,917240846568,1978-03-23,2016-05-29,PM-002
CUST-06559,Veer,Contractor,veer_809@hotmail.com,918796982211,1990-02-09,2008-04-03,PM-003
CUST-06560,Bhavin,Cherian,bhavin.cherian272@icloud.com,917775979739,1992-10-05,2016-11-18,PM-004
CUST-06561,Neysa,Dhar,neysa_700@yahoo.com,917785730627,1982-04-07,2002-06-20,PM-003
CUST-06562,Ryan,Kapadia,ryan293@yahoo.com,918466545051,1983-08-22,2022-08-04,PM-001
CUST-06563,Riya,Ahluwalia,riya191@icloud.com,918511258222,1999-06-19,2019-07-27,PM-004
CUST-06564,Renee,Keer,renee.569@gmail.com,919938701053,2002-09-28,2021-08-15,PM-002
CUST-06565,Taran,Brahmbhatt,taran.brahmbhatt834@hotmail.com,919829742601,1976-06-28,1996-08-26,PM-002
CUST-06566,Chirag,Sarma,chirag680@gmail.com,918112970248,1982-09-16,2003-05-02,PM-003
CUST-06567,Himmat,Upadhyay,upadhyayhimmat410@gmail.com,917569548672,1974-10-18,2009-05-17,PM-004
CUST-06568,Jayant,Chakrabarti,jayant.chakrabarti711@hotmail.com,918486207337,1975-07-26,2022-08-11,PM-003
CUST-06569,Raunak,Ganguly,gangulyraunak137@icloud.com,919152202078,1977-06-03,1997-08-11,PM-003
CUST-06570,Ayesha,Chatterjee,chatterjeeayesha290@hotmail.com,919468220065,1994-04-30,2018-10-30,PM-003
CUST-06571,Kismat,Rana,kismat.981@icloud.com,917610587956,1990-04-24,2011-06-27,PM-003
CUST-06572,Bhamini,Dhar,dharbhamini148@yahoo.com,918378495321,1979-02-18,2004-07-09,PM-002
CUST-06573,Biju,Chaudhary,biju.393@icloud.com,918004304883,1998-05-29,2023-02-20,PM-002
CUST-06574,Manjari,Tak,takmanjari825@yahoo.com,917866614226,1978-08-28,1997-03-11,PM-004
CUST-06575,Ojas,Borde,bordeojas528@hotmail.com,918052672248,2003-07-11,2022-11-25,PM-001
CUST-06576,Riya,Khatri,riya.khatri759@gmail.com,919300987642,2004-11-05,2023-07-18,PM-001
CUST-06577,Madhup,Varghese,madhup153@icloud.com,918278926851,1984-01-11,2012-11-11,PM-002
CUST-06578,Piya,Mahal,piya.mahal393@gmail.com,918465334332,2003-01-17,2021-08-28,PM-003
CUST-06579,Nishith,Rau,raunishith465@icloud.com,917962786174,2004-10-26,2023-05-30,PM-002
CUST-06580,Oorja,Bir,oorja825@gmail.com,917929794502,1983-02-17,2013-10-24,PM-004
CUST-06581,Pranay,Sathe,pranay.sathe904@hotmail.com,917660895823,1995-11-02,2016-05-27,PM-003
CUST-06582,Zoya,Rao,zoya654@hotmail.com,917177089110,1999-08-08,2023-02-11,PM-004
CUST-06583,Rohan,Bandi,rohan.bandi170@outlook.com,919580781990,1985-09-29,2003-10-10,PM-003
CUST-06584,Navya,Bandi,navya360@icloud.com,919260460218,2000-03-08,2023-09-15,PM-004
CUST-06585,Shalv,Jayaraman,shalv922@hotmail.com,917131431145,1989-06-08,2012-01-22,PM-003
CUST-06586,Dharmajan,Srinivasan,dharmajan_508@hotmail.com,919706864660,1988-09-19,2014-04-03,PM-002
CUST-06587,Kismat,Kibe,kibekismat953@icloud.com,918936777723,1996-05-16,2021-05-28,PM-002
CUST-06588,Taimur,Ghosh,taimur_923@icloud.com,917008674114,1993-05-26,2012-10-04,PM-001
CUST-06589,Vedika,Dayal,vedika.781@gmail.com,917648324628,1980-02-15,2020-10-16,PM-003
CUST-06590,Miraya,Swamy,miraya171@gmail.com,919819671691,1980-12-16,2024-01-01,PM-003
CUST-06591,Drishya,Singh,drishya.201@hotmail.com,919676733670,2005-05-15,2023-08-09,PM-004
CUST-06592,Piya,Sunder,piya.164@outlook.com,918597466917,1987-06-08,2007-04-30,PM-003
CUST-06593,Eshani,Hayer,eshani_290@gmail.com,918138067723,1978-12-20,2007-11-10,PM-001
CUST-06594,Ranbir,Chander,ranbir.chander557@icloud.com,917264869506,1993-07-08,2014-12-04,PM-001
CUST-06595,Kiara,Amble,kiara.913@hotmail.com,919324422069,1992-11-14,2022-02-11,PM-004
CUST-06596,Kavya,Dass,kavya_325@icloud.com,919445774342,1983-07-24,2015-01-18,PM-004
CUST-06597,Faiyaz,Borah,faiyaz.616@gmail.com,917339032782,1987-01-27,2011-04-24,PM-002
CUST-06598,Romil,Soman,romil.soman530@gmail.com,917765267678,1990-11-27,2018-08-21,PM-003
CUST-06599,Aarav,Bala,aarav.771@outlook.com,918074687633,2002-12-17,2024-03-09,PM-003
CUST-06600,Suhana,Tripathi,suhana.445@yahoo.com,919127387561,1982-10-07,2010-09-23,PM-003
CUST-06601,Vardaniya,Mangat,vardaniya_652@outlook.com,917484074060,1986-03-26,2012-08-16,PM-001
CUST-06602,Vaibhav,Kala,vaibhav203@gmail.com,918920504290,1975-11-03,2006-10-23,PM-002
CUST-06603,Neelofar,Sankar,neelofar.324@outlook.com,917337586994,1992-06-14,2016-03-14,PM-002
CUST-06604,Elakshi,Saini,elakshi_168@outlook.com,919979610932,2003-06-22,2022-11-12,PM-004
CUST-06605,Nakul,Raman,nakul.619@hotmail.com,918640429077,2005-07-25,2024-01-07,PM-003
CUST-06606,Ahana ,Saxena,ahana .921@hotmail.com,917091436483,1977-04-16,2008-04-05,PM-001
CUST-06607,Ranbir,Kapoor,ranbir_817@gmail.com,919150078399,2005-10-10,2023-10-31,PM-002
CUST-06608,Nayantara,Kumer,nayantara.144@icloud.com,917167955298,1974-09-26,2003-06-26,PM-003
CUST-06609,Shayak,Gill,shayak.784@icloud.com,917625034193,1982-03-11,2005-05-01,PM-002
CUST-06610,Prerak,Dhingra,prerak.808@icloud.com,918911645192,1995-03-25,2013-10-26,PM-001
CUST-06611,Zoya,Balakrishnan,zoya.212@outlook.com,917830129080,1986-04-21,2020-06-07,PM-004
CUST-06612,Divyansh,Vasa,vasadivyansh910@gmail.com,919764146132,2002-06-17,2024-02-08,PM-001
CUST-06613,Aradhya,Som,aradhya.958@yahoo.com,917976152037,1980-05-06,2023-09-14,PM-003
CUST-06614,Rhea,Dewan,rhea753@outlook.com,918311038075,1981-12-25,2014-10-11,PM-004
CUST-06615,Ivan,Chand,ivan.chand913@yahoo.com,919771993029,1986-12-25,2015-11-21,PM-002
CUST-06616,Adira,Ganesan,adira869@gmail.com,917903769389,1984-04-05,2010-11-02,PM-004
CUST-06617,Yasmin,Master,yasmin.310@gmail.com,917382900143,1975-07-25,2019-09-17,PM-001
CUST-06618,Dharmajan,Sundaram,dharmajan_511@hotmail.com,919609325846,1991-11-10,2022-10-08,PM-001
CUST-06619,Taimur,Acharya,taimur_454@yahoo.com,917945085014,1979-06-01,2012-11-18,PM-002
CUST-06620,Ivan,Krishnan,ivan.742@icloud.com,918061653499,1989-03-14,2016-04-17,PM-003
CUST-06621,Alisha,Gokhale,gokhalealisha308@yahoo.com,919928995715,1981-05-11,2014-09-30,PM-003
CUST-06622,Anvi,Kunda,kundaanvi391@outlook.com,918138315040,1992-11-19,2019-08-09,PM-002
CUST-06623,Kashvi,Wadhwa,kashvi.640@icloud.com,917162493576,1985-08-20,2022-10-20,PM-004
CUST-06624,Ivan,Dyal,dyalivan902@hotmail.com,919586499673,1985-09-13,2013-09-07,PM-001
CUST-06625,Keya,Chokshi,keya.chokshi972@gmail.com,917196752322,1992-10-15,2024-04-17,PM-003
CUST-06626,Onkar,De,onkar.de102@yahoo.com,919398305535,1981-02-17,2017-12-26,PM-002
CUST-06627,Saanvi,Sastry,sastrysaanvi128@hotmail.com,917948749193,1979-07-02,2001-03-22,PM-002
CUST-06628,Darshit,Goswami,darshit.goswami235@gmail.com,918124941888,2001-12-27,2023-03-15,PM-003
CUST-06629,Oorja,Kohli,kohlioorja183@gmail.com,919504617055,1996-03-30,2017-07-11,PM-002
CUST-06630,Tiya,Agarwal,tiya.448@icloud.com,917342908606,1996-07-25,2023-08-27,PM-003
CUST-06631,Piya,Sibal,piya.225@yahoo.com,918247299307,2001-06-23,2022-08-04,PM-002
CUST-06632,Yuvraj ,Goyal,yuvraj .goyal224@gmail.com,918668522562,1994-01-20,2015-10-31,PM-002
CUST-06633,Ayesha,Garde,ayesha477@yahoo.com,918216775853,1975-05-03,2011-06-07,PM-002
CUST-06634,Hridaan,Chahal,hridaan.chahal497@yahoo.com,917756566626,1978-05-13,2021-04-20,PM-002
CUST-06635,Ojas,Mangat,ojas_313@hotmail.com,917537077507,1989-10-19,2016-06-12,PM-003
CUST-06636,Seher,Hari,seher_521@outlook.com,917656644356,1991-10-13,2011-05-29,PM-004
CUST-06637,Tarini,D’Alia,tarini396@gmail.com,917696054311,1988-12-28,2010-07-19,PM-003
CUST-06638,Prisha,Dhar,prisha_892@gmail.com,917414197812,1984-06-20,2012-11-02,PM-004
CUST-06639,Darshit,Mane,manedarshit267@hotmail.com,917347821407,1996-06-19,2023-03-06,PM-002
CUST-06640,Advik,Grewal,grewaladvik149@yahoo.com,919608150336,2006-01-04,2024-05-15,PM-001
CUST-06641,Ira,Sarraf,ira_333@icloud.com,919502061317,1982-12-09,2017-06-20,PM-004
CUST-06642,Aniruddh,Dani,aniruddh.788@gmail.com,918180997383,1997-06-25,2016-08-30,PM-003
CUST-06643,Oorja,Loyal,oorja.loyal542@yahoo.com,919497908752,1978-10-02,2011-03-22,PM-001
CUST-06644,Dhanuk,Subramaniam,dhanuk.subramaniam615@icloud.com,918992584571,2004-02-16,2022-08-27,PM-004
CUST-06645,Jayesh,Rajagopalan,jayesh320@yahoo.com,918328395415,1977-03-01,2009-06-14,PM-004
CUST-06646,Lakshit,Sehgal,lakshit710@outlook.com,917191023266,1975-08-25,2017-08-16,PM-003
CUST-06647,Tanya,Verma,tanya_165@outlook.com,919694595634,1987-01-30,2006-12-07,PM-003
CUST-06648,Amira,Chowdhury,amira_187@hotmail.com,919620172301,2005-03-03,2023-03-29,PM-003
CUST-06649,Prisha,Sarma,prisha.538@icloud.com,917067632040,2000-07-03,2021-01-13,PM-004
CUST-06650,Jiya,Manne,jiya108@yahoo.com,918807704816,1982-06-17,2023-06-29,PM-001
CUST-06651,Zain,Tripathi,tripathizain880@gmail.com,918930502861,2003-09-23,2024-02-10,PM-001
CUST-06652,Damini,Lad,damini.985@yahoo.com,917969938524,1997-07-03,2019-07-19,PM-001
CUST-06653,Ehsaan,Andra,ehsaan591@gmail.com,917323896793,1994-10-31,2014-12-28,PM-004
CUST-06654,Kavya,Dey,kavya939@icloud.com,917108277077,2004-02-27,2023-09-13,PM-004
CUST-06655,Mamooty,Dixit,dixitmamooty987@gmail.com,917814117492,1999-07-23,2019-11-20,PM-004
CUST-06656,Riya,Mammen,riya.mammen357@hotmail.com,918561752316,2004-09-30,2023-01-26,PM-002
CUST-06657,Indranil,Atwal,atwalindranil920@hotmail.com,919035138640,2001-04-22,2023-11-19,PM-002
CUST-06658,Kanav,Madan,kanav809@outlook.com,919625130362,1998-06-13,2018-05-12,PM-002
CUST-06659,Aarush,Savant,aarush530@gmail.com,919470276769,1979-02-18,2021-07-23,PM-004
CUST-06660,Manjari,Mann,manjari.mann312@yahoo.com,919955476675,2003-06-14,2022-09-12,PM-003
CUST-06661,Sahil,Maharaj,sahil174@hotmail.com,918548909374,1986-02-27,2015-09-02,PM-004
CUST-06662,Indrajit,Dhawan,indrajit_367@yahoo.com,917024340751,1981-02-09,2001-07-30,PM-003
CUST-06663,Alia,Kala,alia.318@yahoo.com,918210792372,1995-02-22,2021-05-03,PM-002
CUST-06664,Oorja,Saraf,sarafoorja259@icloud.com,919398965816,1977-08-28,1997-04-25,PM-002
CUST-06665,Kashvi,Gokhale,gokhalekashvi587@outlook.com,919031134986,1975-01-04,2010-08-12,PM-004
CUST-06666,Vardaniya,Saha,vardaniya.saha183@icloud.com,918995096643,1985-03-30,2022-04-23,PM-004
CUST-06667,Shlok,Raj,shlok.107@icloud.com,918017328487,1998-10-28,2019-02-17,PM-004
CUST-06668,Vivaan,Loyal,loyalvivaan208@icloud.com,917489373101,1999-06-26,2018-09-03,PM-001
CUST-06669,Dharmajan,Chopra,chopradharmajan813@gmail.com,917965995146,1983-12-17,2010-10-08,PM-001
CUST-06670,Heer,Sunder,heer.380@hotmail.com,919871378748,1997-02-04,2019-10-04,PM-002
CUST-06671,Pihu,Luthra,pihu221@outlook.com,917918043068,2001-06-14,2022-01-31,PM-004
CUST-06672,Gatik,Tiwari,gatik.tiwari639@icloud.com,917104006906,2000-07-03,2021-04-04,PM-004
CUST-06673,Nayantara,Sule,nayantara.sule884@outlook.com,917942132163,1986-02-22,2017-02-10,PM-003
CUST-06674,Shalv,Kapur,shalv_884@icloud.com,918044649212,1983-07-15,2009-04-03,PM-003
CUST-06675,Aaryahi,Chauhan,aaryahi.chauhan158@icloud.com,919294206172,1982-07-14,2011-01-23,PM-002
CUST-06676,Hazel,Kala,hazel951@yahoo.com,917224953273,1999-01-27,2022-08-13,PM-002
CUST-06677,Faiyaz,Kashyap,faiyaz648@hotmail.com,918446297317,1994-04-06,2016-06-05,PM-003
CUST-06678,Onkar,Wali,onkar_582@hotmail.com,919906062677,1992-12-17,2017-08-17,PM-002
CUST-06679,Hazel,Raval,hazel_121@gmail.com,918711289987,1977-07-04,2019-03-24,PM-002
CUST-06680,Tanya,Johal,tanya.johal266@hotmail.com,917728986408,1996-11-10,2024-06-12,PM-004
CUST-06681,Hazel,Bahl,hazel216@yahoo.com,917203459743,2002-01-03,2021-01-07,PM-002
CUST-06682,Jivika,Bains,jivika.bains974@yahoo.com,917129131923,1979-06-11,2014-05-13,PM-004
CUST-06683,Aniruddh,Korpal,korpalaniruddh945@gmail.com,917046304176,1985-06-30,2013-01-05,PM-001
CUST-06684,Alia,Dubey,dubeyalia631@hotmail.com,919117352339,1980-05-11,2003-01-31,PM-002
CUST-06685,Rohan,Sharaf,rohan.449@gmail.com,919802848436,1989-11-25,2015-03-31,PM-001
CUST-06686,Raunak,Soni,raunak512@outlook.com,918520905417,1987-10-23,2015-09-05,PM-004
CUST-06687,Krish,Shukla,krish.614@outlook.com,917698446499,1987-08-29,2012-09-14,PM-003
CUST-06688,Prisha,Bansal,prisha.bansal893@gmail.com,917768432093,2001-01-11,2023-10-29,PM-003
CUST-06689,Mannat,Samra,samramannat210@icloud.com,919998865349,1998-02-13,2018-12-20,PM-003
CUST-06690,Ojas,Bala,balaojas694@icloud.com,917067213921,1989-02-21,2013-10-05,PM-003
CUST-06691,Divit,Salvi,divit246@icloud.com,918862979717,1996-02-14,2021-12-03,PM-003
CUST-06692,Devansh,Shan,devansh.694@yahoo.com,919106191542,1984-12-27,2024-05-08,PM-002
CUST-06693,Divit,Kara,karadivit991@hotmail.com,918556762054,1978-06-20,2011-10-16,PM-003
CUST-06694,Parinaaz,Goda,godaparinaaz593@hotmail.com,918821893494,1978-04-06,2001-04-24,PM-003
CUST-06695,Samar,Aurora,samar349@icloud.com,919897883408,1994-10-13,2021-02-11,PM-004
CUST-06696,Renee,Dube,renee.552@icloud.com,917787016316,1988-05-19,2020-04-12,PM-003
CUST-06697,Ira,Gupta,ira.gupta505@hotmail.com,918376471425,2002-12-31,2021-12-06,PM-002
CUST-06698,Farhan,Dhawan,farhan759@gmail.com,917232929712,2003-07-10,2023-01-12,PM-004
CUST-06699,Nirvaan,Anand,nirvaan.anand320@gmail.com,919808976169,2000-08-31,2023-11-14,PM-002
CUST-06700,Veer,Rau,veer.822@gmail.com,917624760552,1981-12-20,2008-12-15,PM-004
CUST-06701,Oorja,Chopra,oorja_868@icloud.com,919660498407,1990-07-09,2011-08-24,PM-001
CUST-06702,Hrishita,Solanki,hrishita600@yahoo.com,918687313737,1992-10-21,2011-03-08,PM-003
CUST-06703,Raghav,Chander,raghav.279@yahoo.com,917693404950,1976-06-11,2006-11-05,PM-001
CUST-06704,Farhan,Chokshi,farhan_794@icloud.com,917510241316,1992-07-16,2021-01-17,PM-003
CUST-06705,Jayan,Seth,jayan224@icloud.com,918495755458,1988-01-28,2014-11-30,PM-003
CUST-06706,Nakul,Char,nakul.678@gmail.com,918401825046,1998-06-17,2017-03-05,PM-001
CUST-06707,Saanvi,Sheth,saanvi598@yahoo.com,918721557486,2005-01-22,2023-03-24,PM-001
CUST-06708,Shray,Dani,shray.703@hotmail.com,918514080313,1984-09-28,2005-10-31,PM-001
CUST-06709,Pihu,Sani,sanipihu448@hotmail.com,919519485722,1998-06-13,2019-02-26,PM-002
CUST-06710,Kaira,Samra,kaira.samra619@gmail.com,919705961807,1980-10-17,2013-02-16,PM-002
CUST-06711,Nakul,Shroff,nakul342@yahoo.com,917863621387,2005-12-09,2024-02-05,PM-002
CUST-06712,Anahita,Madan,anahita.335@icloud.com,917795590318,1998-02-02,2022-04-14,PM-003
CUST-06713,Eva,Mander,eva.mander900@icloud.com,919835011753,1999-11-04,2017-11-13,PM-001
CUST-06714,Aarna,Viswanathan,aarna.viswanathan362@yahoo.com,917597554459,1975-09-08,2000-08-21,PM-001
CUST-06715,Elakshi,Aggarwal,elakshi_257@hotmail.com,917884086313,1985-02-20,2004-10-11,PM-001
CUST-06716,Neysa,Sanghvi,neysa.sanghvi739@outlook.com,918379850848,1975-10-29,2022-05-20,PM-002
CUST-06717,Vanya,Bhavsar,vanya.bhavsar548@icloud.com,917185343834,1985-11-29,2023-06-20,PM-004
CUST-06718,Ryan,Buch,ryan.buch725@hotmail.com,918458591414,2003-03-20,2024-01-03,PM-002
CUST-06719,Umang,Gour,umang.gour220@outlook.com,917127512924,1993-09-13,2012-07-26,PM-004
CUST-06720,Gatik,Bose,gatik730@yahoo.com,919746882294,2002-04-07,2024-05-04,PM-001
CUST-06721,Umang,Rana,ranaumang604@yahoo.com,919632333568,2004-04-16,2024-02-16,PM-003
CUST-06722,Samarth,Kala,samarth862@yahoo.com,919834429399,1993-04-15,2012-12-21,PM-002
CUST-06723,Vedika,Kalla,vedika_358@hotmail.com,917811796876,2005-09-01,2023-10-02,PM-002
CUST-06724,Suhana,Saraf,suhana_955@hotmail.com,917459319031,1993-01-05,2018-05-14,PM-003
CUST-06725,Sumer,Jaggi,jaggisumer176@hotmail.com,918069435196,1987-06-22,2015-12-18,PM-001
CUST-06726,Shamik,Anne,shamik.anne828@outlook.com,917409997177,1999-11-30,2020-01-31,PM-001
CUST-06727,Shaan,Chowdhury,shaan_221@outlook.com,917021485452,2005-01-12,2023-12-16,PM-001
CUST-06728,Aaina,Batta,aaina.batta452@yahoo.com,919055587836,2001-05-11,2021-06-21,PM-004
CUST-06729,Anvi,Ravi,ravianvi367@yahoo.com,919268137185,1979-05-18,2023-04-18,PM-001
CUST-06730,Samiha,Malhotra,malhotrasamiha238@hotmail.com,918385822439,1990-01-05,2011-08-07,PM-003
CUST-06731,Dharmajan,Sarna,sarnadharmajan236@icloud.com,919253370140,1979-12-15,2008-09-29,PM-001
CUST-06732,Jayesh,Gulati,jayesh_233@hotmail.com,919640215195,1995-11-12,2022-11-08,PM-004
CUST-06733,Samarth,Gour,goursamarth143@gmail.com,918802007955,1989-08-04,2009-03-17,PM-004
CUST-06734,Anvi,Dani,anvi143@hotmail.com,919037089006,1977-04-15,2002-09-19,PM-004
CUST-06735,Mamooty,Dutt,mamooty.281@icloud.com,918423029906,1995-11-09,2013-11-21,PM-002
CUST-06736,Vidur,Bawa,bawavidur808@icloud.com,919161384117,1975-07-22,2021-11-11,PM-003
CUST-06737,Kanav,Barad,kanav_700@yahoo.com,917266333499,2001-12-14,2024-03-18,PM-004
CUST-06738,Zara,Tiwari,tiwarizara215@yahoo.com,918324930708,1989-04-07,2021-08-02,PM-002
CUST-06739,Gatik,Lata,gatik.434@icloud.com,918828855293,1996-12-24,2017-11-24,PM-004
CUST-06740,Azad,Bakshi,azad.bakshi915@outlook.com,919493801465,1975-01-02,2004-03-13,PM-004
CUST-06741,Vritika,Kari,vritika923@yahoo.com,919189333105,1996-03-25,2017-12-20,PM-001
CUST-06742,Ahana ,Ghosh,ahana 656@icloud.com,919819339861,1981-04-03,2017-08-03,PM-003
CUST-06743,Alisha,Sibal,sibalalisha165@outlook.com,919853665890,1986-04-26,2012-02-06,PM-002
CUST-06744,Ryan,Vyas,ryan_746@yahoo.com,917568189621,1990-11-20,2022-04-09,PM-001
CUST-06745,Samaira,Soman,somansamaira521@hotmail.com,919018909172,1995-12-08,2014-04-25,PM-004
CUST-06746,Jivin,Sehgal,jivin.sehgal122@hotmail.com,919216802189,1993-09-20,2011-09-23,PM-002
CUST-06747,Madhav,Bal,madhav_882@outlook.com,917258511778,2000-11-22,2022-07-12,PM-001
CUST-06748,Nitya,Chaudhary,nitya.514@yahoo.com,917185855414,2005-07-10,2024-02-23,PM-003
CUST-06749,Raunak,Rattan,raunak_309@gmail.com,918152631812,1985-08-01,2013-06-14,PM-002
CUST-06750,Vivaan,Sheth,shethvivaan513@outlook.com,919995728341,2001-11-15,2021-06-16,PM-002
CUST-06751,Amira,Shere,amira655@hotmail.com,919695754663,1987-05-08,2008-02-28,PM-001
CUST-06752,Tanya,Apte,tanya.614@yahoo.com,919328088995,1993-06-06,2024-06-09,PM-004
CUST-06753,Shlok,Krishnan,shlok.krishnan450@outlook.com,919669886032,1977-09-28,2011-05-04,PM-004
CUST-06754,Chirag,Sura,chirag175@outlook.com,917169953694,1995-03-30,2019-02-03,PM-003
CUST-06755,Renee,De,renee233@outlook.com,919826598028,1976-08-07,1997-02-01,PM-001
CUST-06756,Nishith,Kothari,nishith906@gmail.com,917956450870,2006-06-03,2024-06-09,PM-001
CUST-06757,Azad,Ravi,azad.874@gmail.com,919855558950,1987-07-17,2016-08-16,PM-003
CUST-06758,Lakshit,Bava,lakshit.bava845@outlook.com,919968932612,2001-05-16,2023-04-07,PM-002
CUST-06759,Shalv,Gara,shalv.444@outlook.com,917921964896,1979-09-19,2023-10-28,PM-003
CUST-06760,Lagan,Taneja,lagan.976@hotmail.com,919592528491,1980-10-16,1999-06-27,PM-001
CUST-06761,Kaira,Raju,kaira_343@hotmail.com,919139094805,2004-04-08,2024-04-22,PM-003
CUST-06762,Diya,Rastogi,diya_393@outlook.com,918734919613,1987-07-29,2011-04-18,PM-002
CUST-06763,Shamik,Kohli,shamik_740@outlook.com,918527856096,2002-01-28,2024-01-05,PM-003
CUST-06764,Ryan,Gade,ryan.gade422@gmail.com,918104959503,1977-05-23,2019-03-21,PM-003
CUST-06765,Divyansh,Bains,divyansh.195@hotmail.com,919890754691,2003-10-23,2023-02-08,PM-004
CUST-06766,Jiya,Devan,jiya_292@gmail.com,917419414093,1976-11-14,2007-05-14,PM-002
CUST-06767,Suhana,Dua,suhana800@icloud.com,917211910268,1983-02-22,2007-05-20,PM-003
CUST-06768,Himmat,Hora,himmat.hora784@hotmail.com,918949293190,2004-07-29,2024-02-07,PM-001
CUST-06769,Anya,Deshpande,anya762@outlook.com,918959878185,1985-03-08,2019-12-09,PM-001
CUST-06770,Biju,Gupta,biju560@icloud.com,919944303640,1976-12-30,2010-08-06,PM-003
CUST-06771,Divij,Mannan,divij731@hotmail.com,918250301602,2002-05-28,2022-05-04,PM-001
CUST-06772,Advik,Ray,rayadvik279@yahoo.com,917052852182,1978-10-19,2007-01-04,PM-004
CUST-06773,Fateh,Agarwal,fateh371@yahoo.com,918942860495,1979-01-07,2011-11-15,PM-001
CUST-06774,Tushar,Cheema,tushar916@yahoo.com,919843058079,1983-07-04,2019-09-28,PM-003
CUST-06775,Parinaaz,Krishnan,parinaaz383@yahoo.com,919353081684,1997-06-13,2020-09-20,PM-002
CUST-06776,Lagan,Bhakta,lagan_221@icloud.com,917022661709,1989-06-02,2021-09-29,PM-003
CUST-06777,Kashvi,Manne,kashvi.786@outlook.com,917889774877,1979-09-07,2005-06-01,PM-001
CUST-06778,Nishith,Kadakia,nishith_555@yahoo.com,917797478673,1982-08-20,2004-01-04,PM-001
CUST-06779,Arhaan,Dhingra,dhingraarhaan295@outlook.com,918701397066,2006-04-29,2024-05-10,PM-004
CUST-06780,Kiaan,Chaudry,kiaan_868@gmail.com,919689110796,1976-03-13,2010-10-26,PM-002
CUST-06781,Anya,Vig,anya_107@icloud.com,918152999177,2000-10-27,2023-12-23,PM-003
CUST-06782,Tushar,Bhat,tushar.bhat717@yahoo.com,919184797835,2004-11-05,2023-08-02,PM-001
CUST-06783,Rania,Joshi,rania146@gmail.com,918102294097,1982-05-11,2009-04-20,PM-004
CUST-06784,Himmat,Gola,himmat189@yahoo.com,917669927350,1977-08-25,2022-12-28,PM-004
CUST-06785,Darshit,Mannan,mannandarshit372@hotmail.com,917243595179,1977-01-19,2009-11-15,PM-003
CUST-06786,Oorja,Mann,oorja_984@outlook.com,919277222039,1977-02-26,2016-02-19,PM-002
CUST-06787,Tiya,Saha,tiya_900@yahoo.com,919237004009,1994-03-12,2012-07-25,PM-004
CUST-06788,Adira,Batta,adira.batta916@outlook.com,917865188679,1992-10-23,2018-05-10,PM-003
CUST-06789,Saanvi,Guha,saanvi.guha553@gmail.com,917239570933,1990-07-28,2024-05-05,PM-003
CUST-06790,Hunar,Kuruvilla,kuruvillahunar293@gmail.com,918370586696,1979-11-05,2023-10-29,PM-004
CUST-06791,Keya,Kale,kalekeya202@yahoo.com,919221185799,1986-06-06,2008-07-30,PM-001
CUST-06792,Aarav,Chandran,chandranaarav274@outlook.com,919317331535,1994-08-20,2016-05-19,PM-002
CUST-06793,Rati,Basu,rati.543@yahoo.com,919602464706,2004-12-11,2023-10-30,PM-003
CUST-06794,Aaryahi,Gaba,aaryahi_178@yahoo.com,917007635358,1976-09-19,2000-10-26,PM-002
CUST-06795,Saira,Saini,saira.saini401@hotmail.com,919193698638,1988-05-11,2023-03-27,PM-003
CUST-06796,Miraya,Rajagopalan,miraya918@gmail.com,917779181572,2003-10-18,2024-04-02,PM-001
CUST-06797,Ryan,Deol,ryan_285@icloud.com,917129480196,1982-10-14,2012-12-06,PM-001
CUST-06798,Nirvaan,Sundaram,nirvaan296@icloud.com,919908325977,1996-05-31,2021-07-14,PM-001
CUST-06799,Vardaniya,Koshy,koshyvardaniya261@gmail.com,919565464661,1975-03-03,2019-12-25,PM-004
CUST-06800,Samarth,Verma,samarth.531@hotmail.com,917549322135,1998-03-28,2023-09-11,PM-003
CUST-06801,Veer,Gandhi,veer.gandhi850@yahoo.com,918465354746,1998-03-09,2016-12-16,PM-001
CUST-06802,Chirag,Shere,chirag_903@gmail.com,919459546478,1997-08-18,2019-06-28,PM-003
CUST-06803,Priyansh,Sarkar,priyansh_429@hotmail.com,917202565696,1993-11-10,2022-04-29,PM-004
CUST-06804,Jivika,Jha,jivika.jha686@hotmail.com,918815366557,1990-04-12,2023-01-05,PM-002
CUST-06805,Damini,Luthra,damini.544@yahoo.com,919409925026,1976-09-27,2002-06-03,PM-001
CUST-06806,Emir,Bera,emir162@outlook.com,917249748587,1989-10-16,2012-11-12,PM-003
CUST-06807,Anay,Rastogi,anay429@gmail.com,918397740491,1994-02-15,2024-03-28,PM-002
CUST-06808,Zara,Sen,zara.782@outlook.com,917539773034,1987-06-12,2009-05-18,PM-002
CUST-06809,Kashvi,Sami,samikashvi716@outlook.com,918982960181,1993-09-04,2022-05-09,PM-004
CUST-06810,Rohan,Kapur,rohan954@hotmail.com,919022245596,2001-09-10,2021-04-08,PM-003
CUST-06811,Vidur,Ganesan,vidur_396@outlook.com,917014473214,1980-01-07,2001-02-26,PM-004
CUST-06812,Kismat,Bhagat,bhagatkismat472@gmail.com,917682561512,1999-08-10,2018-10-06,PM-003
CUST-06813,Samiha,Rao,samiha_821@yahoo.com,918277752133,2006-03-11,2024-05-18,PM-004
CUST-06814,Baiju,Deol,baiju.102@outlook.com,918271245374,1999-09-18,2022-07-04,PM-002
CUST-06815,Mishti,Sampath,mishti.sampath344@yahoo.com,917118194791,1988-12-06,2013-02-13,PM-002
CUST-06816,Anaya,Gara,garaanaya637@icloud.com,918627313480,1994-06-27,2019-03-19,PM-001
CUST-06817,Khushi,Bhalla,khushi.bhalla187@yahoo.com,917722623355,1979-01-16,2005-02-02,PM-002
CUST-06818,Shayak,Ghose,shayak_860@gmail.com,919099165767,1998-11-22,2023-02-07,PM-004
CUST-06819,Anay,Brar,anay.brar834@yahoo.com,919879924898,1997-06-16,2016-01-04,PM-004
CUST-06820,Madhav,Barman,barmanmadhav165@yahoo.com,918723338236,1982-08-08,2016-03-07,PM-004
CUST-06821,Uthkarsh,Bhatnagar,uthkarsh_233@outlook.com,917715105174,1986-10-02,2011-04-19,PM-004
CUST-06822,Bhavin,Ramakrishnan,ramakrishnanbhavin933@hotmail.com,919270944680,1986-02-04,2005-06-27,PM-003
CUST-06823,Ivana,Sunder,sunderivana271@gmail.com,918193628042,1990-03-03,2012-09-18,PM-002
CUST-06824,Yuvaan,Mandal,yuvaan.991@gmail.com,919639693342,1981-09-19,2006-10-06,PM-002
CUST-06825,Indrans,Bhagat,bhagatindrans436@icloud.com,918014673689,1997-02-21,2015-10-05,PM-002
CUST-06826,Anay,Butala,anay_702@gmail.com,919063914815,1978-02-10,2016-08-31,PM-004
CUST-06827,Inaaya ,Walla,inaaya 492@hotmail.com,919818449257,2003-12-17,2024-06-01,PM-002
CUST-06828,Himmat,D’Alia,himmat_258@gmail.com,917560599649,2005-12-22,2024-01-06,PM-001
CUST-06829,Ira,Sahni,ira_537@gmail.com,918021454353,1975-12-03,2024-01-30,PM-004
CUST-06830,Sahil,Rana,sahil.rana217@outlook.com,919479627097,1982-06-01,2010-05-10,PM-001
CUST-06831,Ishaan,Kannan,ishaan_106@gmail.com,919048318905,1999-02-17,2024-05-01,PM-004
CUST-06832,Azad,Raval,azad.847@gmail.com,919919992113,1998-04-29,2023-05-03,PM-001
CUST-06833,Charvi,Mahajan,charvi_723@outlook.com,917045508021,1986-09-19,2013-06-04,PM-004
CUST-06834,Ehsaan,Shan,ehsaan.307@hotmail.com,917300019235,1992-01-24,2019-07-24,PM-002
CUST-06835,Arnav,Khurana,arnav.878@icloud.com,917673940219,1994-02-06,2017-11-07,PM-004
CUST-06836,Bhamini,Gour,bhamini.gour311@outlook.com,918376331124,2004-01-21,2022-03-06,PM-001
CUST-06837,Himmat,Sarraf,himmat.242@outlook.com,918800236803,1975-01-04,2005-05-11,PM-002
CUST-06838,Vardaniya,Warrior,vardaniya_844@icloud.com,919825786189,1992-04-02,2010-07-20,PM-001
CUST-06839,Anahi,Rastogi,anahi.486@outlook.com,918289481503,1975-10-29,2015-07-08,PM-003
CUST-06840,Lakshit,Ramanathan,lakshit320@hotmail.com,919443486378,1995-02-02,2018-03-23,PM-001
CUST-06841,Nayantara,Hans,nayantara.906@gmail.com,919339847915,1992-12-16,2011-06-12,PM-002
CUST-06842,Ishita,Arora,ishita_260@icloud.com,917457077927,1999-08-06,2024-01-16,PM-001
CUST-06843,Kiaan,Sengupta,kiaan.284@yahoo.com,917648375842,1999-04-02,2022-05-08,PM-002
CUST-06844,Kanav,Deo,kanav_380@outlook.com,917955550079,1995-05-22,2019-02-22,PM-003
CUST-06845,Faiyaz,Wali,faiyaz.wali409@icloud.com,918278616899,1993-02-25,2023-01-01,PM-003
CUST-06846,Diya,Mani,diya.mani746@outlook.com,918544314470,1987-06-23,2022-08-28,PM-001
CUST-06847,Urvi,Tella,tellaurvi349@yahoo.com,917509940909,1987-04-06,2019-06-26,PM-002
CUST-06848,Hazel,Desai,hazel.desai559@yahoo.com,917342957350,1993-04-23,2017-06-22,PM-003
CUST-06849,Mishti,Goyal,mishti.goyal416@outlook.com,919598632508,1987-09-08,2023-06-28,PM-001
CUST-06850,Heer,Bhatti,heer.592@hotmail.com,918508190319,1999-12-30,2022-06-13,PM-003
CUST-06851,Fateh,Krishna,fateh_466@hotmail.com,918094711768,1990-06-30,2018-05-25,PM-004
CUST-06852,Gokul,Sule,sulegokul429@yahoo.com,917333893791,1977-10-19,2016-10-18,PM-001
CUST-06853,Nirvaan,Sarna,sarnanirvaan677@yahoo.com,919220955855,1976-02-02,2015-10-10,PM-003
CUST-06854,Nehmat,Mandal,nehmat_211@outlook.com,917385602173,1989-09-30,2018-02-19,PM-004
CUST-06855,Tejas,Sani,tejas_833@gmail.com,919336699890,1991-04-26,2016-12-25,PM-001
CUST-06856,Yuvraj ,Sodhi,yuvraj .sodhi940@hotmail.com,919455194335,1998-06-20,2018-03-19,PM-002
CUST-06857,Akarsh,Gaba,gabaakarsh148@outlook.com,918562121292,1981-09-01,2024-02-04,PM-002
CUST-06858,Gatik,Chakrabarti,gatik.307@hotmail.com,917599479569,2000-02-27,2023-03-06,PM-001
CUST-06859,Renee,Sarna,renee.875@hotmail.com,919287213095,1982-10-14,2015-04-16,PM-004
CUST-06860,Devansh,Golla,golladevansh992@yahoo.com,918924739239,1994-07-02,2020-04-08,PM-002
CUST-06861,Divij,Rattan,divij390@outlook.com,919224726818,2005-12-20,2024-04-23,PM-002
CUST-06862,Jivin,Chadha,jivin.343@yahoo.com,917569843791,1974-09-25,2018-05-09,PM-001
CUST-06863,Kimaya,Dhar,kimaya_123@yahoo.com,917590490182,1987-02-11,2023-12-06,PM-004
CUST-06864,Tushar,Srinivasan,tushar140@icloud.com,919339828800,1996-11-20,2023-01-31,PM-001
CUST-06865,Saksham,Rajagopalan,saksham.714@yahoo.com,919835128788,2003-10-05,2023-07-11,PM-002
CUST-06866,Samar,Chander,samar.602@gmail.com,917443390619,1985-08-19,2020-06-09,PM-004
CUST-06867,Aaina,Samra,samraaaina870@yahoo.com,917642814048,1983-06-16,2015-04-08,PM-004
CUST-06868,Ira,Kuruvilla,ira821@gmail.com,919666320776,1995-11-20,2018-06-30,PM-001
CUST-06869,Jhanvi,Arya,aryajhanvi781@icloud.com,919047892699,1996-03-23,2020-03-04,PM-004
CUST-06870,Seher,Hari,seher_615@outlook.com,918942177752,1981-04-19,2023-04-22,PM-002
CUST-06871,Badal,Venkatesh,badal833@outlook.com,918674445796,1985-01-04,2017-02-27,PM-002
CUST-06872,Abram,Bahri,abram928@icloud.com,917905724592,1978-09-02,2007-09-16,PM-001
CUST-06873,Sahil,Arya,sahil.267@gmail.com,919758770729,1974-06-17,1997-02-09,PM-001
CUST-06874,Anahi,Tata,anahi.419@outlook.com,919504886932,1978-04-23,1998-08-31,PM-003
CUST-06875,Raunak,Bhattacharyya,raunak.bhattacharyya313@yahoo.com,919120300491,1984-07-08,2004-12-26,PM-001
CUST-06876,Ivan,Salvi,ivan_762@outlook.com,919987859297,1980-10-29,2009-02-16,PM-003
CUST-06877,Vritika,Walia,vritika_578@gmail.com,917705507278,1975-10-31,2021-11-27,PM-002
CUST-06878,Kaira,Sawhney,kaira.509@icloud.com,918715011484,1988-06-16,2009-03-10,PM-001
CUST-06879,Anay,Kashyap,anay.483@yahoo.com,918763452685,1986-12-20,2023-06-03,PM-003
CUST-06880,Alisha,Mane,alisha663@gmail.com,919568687621,1999-11-30,2023-06-06,PM-003
CUST-06881,Divyansh,Saini,divyansh727@gmail.com,919528503390,1979-12-07,2010-02-23,PM-004
CUST-06882,Jayant,Khurana,jayant.766@outlook.com,917568839033,1986-04-25,2024-05-12,PM-002
CUST-06883,Nirvaan,Koshy,nirvaan.176@gmail.com,917180182791,1983-06-02,2001-12-15,PM-001
CUST-06884,Heer,Deshmukh,deshmukhheer500@gmail.com,918501986470,1982-12-28,2002-10-09,PM-002
CUST-06885,Gokul,Kalita,gokul.kalita298@hotmail.com,917391465618,1985-11-22,2009-05-28,PM-002
CUST-06886,Ryan,Kibe,kiberyan357@hotmail.com,917265679669,1992-08-18,2013-09-04,PM-002
CUST-06887,Dhanush,Ravel,dhanush695@hotmail.com,917336617072,1984-07-18,2011-12-08,PM-003
CUST-06888,Prerak,Balay,prerak932@outlook.com,917817431033,1996-07-04,2018-03-14,PM-002
CUST-06889,Rania,Shetty,rania.shetty938@icloud.com,917178660763,1988-07-12,2020-07-29,PM-001
CUST-06890,Anahita,Reddy,anahita.reddy961@hotmail.com,918078247058,2004-09-13,2023-01-18,PM-003
CUST-06891,Priyansh,Gill,gillpriyansh921@gmail.com,918671179438,1990-03-31,2018-12-05,PM-004
CUST-06892,Miraya,Dube,dubemiraya294@yahoo.com,919865257416,1984-01-31,2016-04-23,PM-002
CUST-06893,Pranay,Bhat,pranay.bhat687@yahoo.com,919428586588,2004-10-10,2022-11-18,PM-001
CUST-06894,Arnav,Bail,arnav.bail263@hotmail.com,917748316709,1993-08-24,2021-03-20,PM-003
CUST-06895,Tarini,Kant,kanttarini945@yahoo.com,918286955478,1976-08-19,2022-02-28,PM-003
CUST-06896,Purab,Hari,haripurab843@icloud.com,919760378854,1992-07-28,2024-02-16,PM-003
CUST-06897,Shlok,Deep,shlok326@yahoo.com,917567577103,2000-12-06,2019-12-07,PM-003
CUST-06898,Tara,Malhotra,malhotratara635@hotmail.com,917382629670,1990-10-10,2010-01-17,PM-003
CUST-06899,Vritika,Sem,vritika_662@outlook.com,919154620469,1994-03-14,2022-09-07,PM-003
CUST-06900,Indrajit,Sanghvi,indrajit_655@gmail.com,917806221641,1985-09-17,2015-05-04,PM-001
CUST-06901,Indrans,Contractor,indrans.contractor552@gmail.com,917944714913,1993-09-12,2013-08-22,PM-004
CUST-06902,Jiya,Bhalla,jiya.bhalla567@gmail.com,919247988994,1982-09-19,2021-12-30,PM-002
CUST-06903,Tushar,Krishnan,tushar.811@icloud.com,918661401342,2006-03-19,2024-04-18,PM-003
CUST-06904,Azad,Jaggi,azad_722@icloud.com,917811801320,2005-03-29,2023-12-12,PM-003
CUST-06905,Zara,Srinivasan,zara_607@icloud.com,918096775030,2003-03-01,2021-04-21,PM-003
CUST-06906,Yakshit,Rajagopalan,yakshit_816@hotmail.com,918609523851,1976-08-26,2014-06-24,PM-004
CUST-06907,Mehul,Chaudhari,mehul.236@yahoo.com,919051668781,2002-03-10,2021-10-12,PM-004
CUST-06908,Saksham,Sankar,saksham.sankar826@yahoo.com,919862559111,1988-03-31,2009-08-13,PM-002
CUST-06909,Renee,Deo,renee_726@yahoo.com,918978075111,1978-04-09,2010-04-01,PM-002
CUST-06910,Dhruv,Chaudhari,dhruv.chaudhari680@gmail.com,917278711819,1991-02-13,2020-01-15,PM-002
CUST-06911,Shalv,Sachar,shalv.sachar370@hotmail.com,918532606317,1982-09-18,2010-12-13,PM-002
CUST-06912,Sara,Ghosh,ghoshsara415@hotmail.com,919720000057,1980-10-10,2006-04-24,PM-003
CUST-06913,Navya,Krishna,navya.704@hotmail.com,918584657791,1991-01-23,2015-04-10,PM-002
CUST-06914,Nirvi,Dave,nirvi.dave483@gmail.com,918732094389,1990-01-13,2014-09-03,PM-004
CUST-06915,Raunak,Chaudhary,raunak.chaudhary138@hotmail.com,918841733830,1996-04-18,2022-08-02,PM-003
CUST-06916,Shayak,Walia,shayak_736@hotmail.com,917694529090,2004-07-11,2022-10-02,PM-001
CUST-06917,Vanya,Vig,vanya.vig897@outlook.com,918855704666,2005-03-22,2023-11-26,PM-004
CUST-06918,Shayak,Sengupta,shayak.sengupta524@yahoo.com,919914713305,2006-03-14,2024-05-25,PM-002
CUST-06919,Vidur,Mahal,vidur.mahal194@icloud.com,918839757171,1985-05-16,2020-11-20,PM-001
CUST-06920,Hazel,Rege,hazel.rege588@hotmail.com,917057386647,1990-04-08,2020-08-07,PM-001
CUST-06921,Samaira,Ramanathan,samaira151@icloud.com,919874769519,1986-09-11,2022-11-26,PM-004
CUST-06922,Jayesh,Kumar,jayesh614@yahoo.com,918900552033,1979-05-17,2006-10-03,PM-001
CUST-06923,Anika,Ramachandran,ramachandrananika665@yahoo.com,919320228843,2001-03-01,2022-04-01,PM-002
CUST-06924,Kashvi,Kaur,kaurkashvi488@hotmail.com,918615246065,1976-03-25,2021-03-19,PM-004
CUST-06925,Kashvi,Deshpande,kashvi.778@outlook.com,919737792432,1996-10-29,2015-05-27,PM-001
CUST-06926,Ishita,Rajagopal,ishita.rajagopal199@yahoo.com,917415795420,1988-07-03,2012-05-18,PM-003
CUST-06927,Priyansh,Vohra,priyansh.vohra185@gmail.com,918383188495,2006-02-13,2024-04-04,PM-001
CUST-06928,Ayesha,Rajagopal,ayesha_142@hotmail.com,917098881098,1996-08-10,2019-05-04,PM-002
CUST-06929,Nakul,Arya,aryanakul246@gmail.com,919211320548,1998-03-30,2023-06-02,PM-001
CUST-06930,Madhav,Issac,madhav.issac144@hotmail.com,917125763757,2003-02-26,2021-05-18,PM-001
CUST-06931,Lakshit,Kannan,lakshit.kannan392@hotmail.com,917313414154,1979-10-11,1998-06-25,PM-002
CUST-06932,Heer,Kohli,heer262@icloud.com,918255888189,2000-09-15,2021-11-18,PM-003
CUST-06933,Shanaya,Atwal,shanaya400@gmail.com,918501554409,1989-05-11,2018-08-28,PM-004
CUST-06934,Renee,Rajagopalan,renee_680@hotmail.com,919701596529,1980-09-24,2017-09-10,PM-001
CUST-06935,Aniruddh,Zachariah,aniruddh_329@hotmail.com,917534434433,1999-08-05,2021-08-07,PM-003
CUST-06936,Dharmajan,Gopal,gopaldharmajan494@hotmail.com,917993336508,1992-03-25,2015-11-21,PM-001
CUST-06937,Jhanvi,Sheth,jhanvi_518@outlook.com,917248028632,2005-01-04,2023-02-26,PM-003
CUST-06938,Kismat,Soman,kismat.936@yahoo.com,917718030185,1975-12-13,2022-10-05,PM-004
CUST-06939,Ayesha,Sastry,ayesha.sastry985@yahoo.com,918341980789,1986-11-06,2023-05-30,PM-001
CUST-06940,Prisha,Chandran,chandranprisha844@hotmail.com,918423598656,2003-08-30,2022-11-19,PM-001
CUST-06941,Vardaniya,Badami,vardaniya_995@hotmail.com,919936489058,1996-10-25,2024-02-19,PM-001
CUST-06942,Amira,Rau,amira310@outlook.com,918036877371,1980-05-12,2018-12-08,PM-004
CUST-06943,Kartik,Rao,raokartik186@yahoo.com,919209222921,1996-09-21,2017-11-06,PM-003
CUST-06944,Yashvi,Tank,tankyashvi375@gmail.com,917833872216,2002-03-31,2023-09-12,PM-004
CUST-06945,Vidur,Dani,vidur674@yahoo.com,919861323808,1999-01-14,2021-04-18,PM-002
CUST-06946,Ishita,Choudhry,ishita518@icloud.com,917914614509,1984-11-10,2003-03-30,PM-001
CUST-06947,Dhanuk,Bhasin,bhasindhanuk694@outlook.com,919270450064,1981-12-31,2022-05-24,PM-004
CUST-06948,Alisha,Tiwari,alisha705@outlook.com,919255369823,1998-01-01,2018-09-17,PM-004
CUST-06949,Myra,Dyal,myra.325@gmail.com,919385056619,1993-11-11,2018-09-29,PM-004
CUST-06950,Adah,Kashyap,adah156@gmail.com,917783341716,1998-10-18,2022-09-01,PM-001
CUST-06951,Kanav,Chandran,kanav.910@yahoo.com,919485707213,1999-01-21,2019-10-07,PM-004
CUST-06952,Riaan,Ramanathan,riaan_388@icloud.com,918964307423,2006-04-18,2024-05-14,PM-002
CUST-06953,Saanvi,Dora,saanvi_107@yahoo.com,918128071971,1978-09-23,2003-02-15,PM-004
CUST-06954,Zoya,Malhotra,zoya576@outlook.com,918997446633,1983-02-11,2001-04-22,PM-004
CUST-06955,Keya,Baria,keya.baria852@hotmail.com,918924236806,1981-05-10,2014-03-20,PM-003
CUST-06956,Nayantara,Sahota,nayantara.sahota805@yahoo.com,919483825527,1986-09-25,2016-01-27,PM-002
CUST-06957,Ishaan,Kade,kadeishaan465@yahoo.com,918195602043,2000-03-21,2019-03-15,PM-001
CUST-06958,Romil,Sura,romil772@gmail.com,918616176460,1999-02-04,2021-05-03,PM-003
CUST-06959,Amani,Chakrabarti,amani_896@gmail.com,917026800167,1978-02-23,2006-11-22,PM-001
CUST-06960,Dhruv,Joshi,dhruv.joshi162@outlook.com,918442702414,1979-01-11,2022-09-05,PM-003
CUST-06961,Dhruv,Chada,dhruv959@gmail.com,919003233742,1976-04-20,1994-06-04,PM-004
CUST-06962,Pihu,Bassi,pihu_371@hotmail.com,919844225404,1989-04-02,2021-11-14,PM-002
CUST-06963,Miraan,Sunder,miraan.sunder907@outlook.com,918203359319,1977-05-16,1997-09-03,PM-003
CUST-06964,Mehul,Setty,mehul751@outlook.com,919889585538,1999-04-27,2021-04-01,PM-003
CUST-06965,Kartik,Khanna,khannakartik625@icloud.com,917361947982,1992-03-19,2022-11-28,PM-003
CUST-06966,Farhan,Saraf,farhan123@icloud.com,919023204836,1976-09-26,2019-07-24,PM-004
CUST-06967,Seher,Maharaj,seher_953@gmail.com,918084724483,2002-12-05,2022-10-26,PM-001
CUST-06968,Renee,Bali,balirenee843@icloud.com,917235787382,2000-08-03,2023-05-24,PM-002
CUST-06969,Advik,Madan,advik768@yahoo.com,918020670113,1974-08-11,1999-01-09,PM-002
CUST-06970,Ishaan,Lall,ishaan_747@yahoo.com,917338141433,2004-04-04,2023-05-19,PM-003
CUST-06971,Gatik,Sangha,sanghagatik577@yahoo.com,919052643643,1990-12-21,2013-08-05,PM-002
CUST-06972,Hiran,Raman,hiran235@outlook.com,918075198334,1985-02-12,2007-06-10,PM-004
CUST-06973,Piya,Ravi,ravipiya602@yahoo.com,919557010456,1999-01-28,2024-05-30,PM-001
CUST-06974,Prisha,Jain,prisha_945@icloud.com,919653917280,1977-05-17,2003-09-07,PM-003
CUST-06975,Aarna,Bava,aarna_663@outlook.com,918199891775,1978-10-26,2010-06-09,PM-002
CUST-06976,Farhan,Kannan,farhan.kannan280@hotmail.com,917878701742,1979-12-27,2006-12-14,PM-002
CUST-06977,Kiaan,Goyal,kiaan602@yahoo.com,919217153718,2006-05-16,2024-05-21,PM-003
CUST-06978,Ryan,Sant,ryan_533@icloud.com,918122307817,1983-03-31,2015-06-20,PM-003
CUST-06979,Nitara,Joshi,joshinitara339@yahoo.com,917088374463,1998-07-04,2019-10-11,PM-001
CUST-06980,Drishya,Sant,drishya769@outlook.com,917720155200,1981-08-08,2003-02-10,PM-003
CUST-06981,Kabir,Lalla,kabir295@yahoo.com,917342991238,1987-04-13,2008-05-28,PM-003
CUST-06982,Tiya,Kanda,tiya.591@gmail.com,918503376884,1992-04-04,2023-01-01,PM-001
CUST-06983,Jivika,Gulati,jivika_649@yahoo.com,918244708250,1974-12-15,1999-09-03,PM-003
CUST-06984,Kiara,Ray,kiara.ray937@yahoo.com,918187072412,1983-05-04,2007-03-09,PM-002
CUST-06985,Keya,Mandal,keya.mandal528@icloud.com,917539104725,1975-04-16,2005-01-29,PM-002
CUST-06986,Taimur,Master,taimur120@outlook.com,917220967797,1974-12-24,2015-07-29,PM-001
CUST-06987,Sumer,Majumdar,majumdarsumer554@hotmail.com,919628086968,1988-06-28,2017-12-03,PM-004
CUST-06988,Elakshi,Sawhney,elakshi_734@yahoo.com,919343413133,2001-06-03,2020-03-13,PM-001
CUST-06989,Yashvi,Swaminathan,yashvi.swaminathan796@yahoo.com,918249048648,1975-03-30,2010-10-12,PM-004
CUST-06990,Darshit,Randhawa,darshit_216@hotmail.com,917006804414,1989-11-16,2024-02-19,PM-003
CUST-06991,Onkar,Bajaj,onkar.764@yahoo.com,917086864396,1985-04-21,2003-09-05,PM-002
CUST-06992,Armaan,Badal,armaan.badal148@gmail.com,918540792556,1998-08-27,2022-10-11,PM-003
CUST-06993,Adah,Soni,adah.soni295@yahoo.com,917424099729,1994-05-18,2023-11-05,PM-001
CUST-06994,Tanya,Varkey,varkeytanya267@outlook.com,918437770990,1974-08-07,2002-04-21,PM-003
CUST-06995,Raunak,Mane,maneraunak727@hotmail.com,918515273357,2001-03-05,2022-09-23,PM-002
CUST-06996,Rania,Sidhu,rania_734@icloud.com,919467753418,1989-08-15,2011-12-03,PM-001
CUST-06997,Arhaan,Dada,arhaan876@yahoo.com,919671321683,1998-05-13,2017-07-02,PM-004
CUST-06998,Reyansh,Kamdar,reyansh.255@gmail.com,919897061089,2001-04-05,2020-12-21,PM-004
CUST-06999,Biju,Kala,kalabiju399@gmail.com,918236951898,1990-06-21,2018-03-29,PM-002
CUST-07000,Riya,Gulati,gulatiriya683@outlook.com,917110775992,1976-11-11,2003-01-15,PM-001
CUST-07001,Seher,Setty,seher_497@yahoo.com,918294165104,1980-03-21,2012-11-01,PM-004
CUST-07002,Adah,Vaidya,adah976@yahoo.com,919212765705,1980-01-25,2011-01-25,PM-001
CUST-07003,Madhup,Brahmbhatt,madhup841@yahoo.com,918882424274,2004-01-08,2024-04-18,PM-004
CUST-07004,Mohanlal,Edwin,mohanlal.edwin850@hotmail.com,917253664641,1999-04-06,2017-05-07,PM-003
CUST-07005,Stuvan,Lalla,lallastuvan650@gmail.com,919594157187,1994-12-23,2022-10-27,PM-004
CUST-07006,Kanav,Uppal,uppalkanav659@yahoo.com,918541166477,2006-04-04,2024-04-09,PM-001
CUST-07007,Jhanvi,Das,jhanvi_535@gmail.com,917808561813,1986-12-02,2015-07-11,PM-004
CUST-07008,Jiya,Som,jiya_193@hotmail.com,919778027814,1977-09-28,2012-07-11,PM-004
CUST-07009,Dharmajan,Raman,dharmajan.raman455@gmail.com,919257342781,1979-01-30,2007-05-16,PM-003
CUST-07010,Ojas,Thaman,thamanojas614@outlook.com,917674353783,1995-04-20,2017-01-18,PM-004
CUST-07011,Myra,Rao,myra.258@icloud.com,919205579065,1994-01-15,2020-08-22,PM-001
CUST-07012,Shray,Kunda,shray_833@hotmail.com,918011083894,1990-01-18,2020-12-18,PM-004
CUST-07013,Anahi,Kannan,anahi.417@icloud.com,917592042487,1980-01-07,2017-08-14,PM-003
CUST-07014,Elakshi,Basak,basakelakshi503@outlook.com,918895514754,1994-01-21,2021-12-22,PM-001
CUST-07015,Adah,Sengupta,adah.sengupta784@hotmail.com,918027346767,1999-02-02,2021-12-10,PM-003
CUST-07016,Navya,Roy,navya.753@yahoo.com,917848085740,1979-05-19,2014-12-31,PM-003
CUST-07017,Shalv,Upadhyay,shalv.328@outlook.com,917425166434,1988-08-11,2007-08-12,PM-003
CUST-07018,Sara,Sridhar,sridharsara707@yahoo.com,918599034918,2001-12-22,2023-12-02,PM-001
CUST-07019,Rati,Shukla,shuklarati121@outlook.com,917636129425,1986-02-27,2020-03-08,PM-004
CUST-07020,Hridaan,Lala,hridaan.372@outlook.com,919754710622,1998-09-12,2017-04-23,PM-004
CUST-07021,Ahana ,Mammen,ahana .mammen573@gmail.com,917885515133,1976-10-29,2015-08-10,PM-002
CUST-07022,Rhea,Kalita,kalitarhea811@gmail.com,919437235258,1986-11-11,2011-05-26,PM-004
CUST-07023,Aayush,Sandhu,aayush.992@gmail.com,918104273898,1980-05-23,2012-11-16,PM-003
CUST-07024,Arnav,Sehgal,sehgalarnav911@hotmail.com,919146017957,1976-12-17,1999-03-21,PM-004
CUST-07025,Anahi,Saraf,anahi.saraf572@hotmail.com,918716363571,1990-01-26,2011-03-31,PM-002
CUST-07026,Saanvi,Shroff,saanvi.361@outlook.com,919687322806,1994-05-15,2016-07-24,PM-004
CUST-07027,Shanaya,Loke,shanaya396@yahoo.com,918613729334,2006-06-04,2024-05-30,PM-002
CUST-07028,Saira,Bal,saira.bal437@outlook.com,919642048040,1975-06-30,1998-11-02,PM-004
CUST-07029,Ivan,Tailor,ivan.679@outlook.com,919432150380,2002-05-28,2023-09-26,PM-004
CUST-07030,Aaina,Mandal,aaina_442@yahoo.com,918164843834,1980-12-14,2018-04-25,PM-004
CUST-07031,Kimaya,Venkatesh,kimaya.840@hotmail.com,917413780145,1980-11-19,2002-12-02,PM-003
CUST-07032,Hunar,Mahajan,hunar137@gmail.com,918918963908,1988-05-12,2007-07-18,PM-001
CUST-07033,Hazel,Baria,hazel_810@outlook.com,919753319046,1995-09-07,2015-09-05,PM-004
CUST-07034,Hiran,Rama,ramahiran592@gmail.com,918942237026,1998-06-04,2022-01-10,PM-001
CUST-07035,Ela,Dave,ela_302@outlook.com,918528305992,1984-05-19,2009-02-01,PM-003
CUST-07036,Ivana,Chopra,ivana.chopra354@icloud.com,917034646947,1997-08-13,2023-07-07,PM-003
CUST-07037,Nakul,Jaggi,nakul644@outlook.com,917298088137,2002-03-20,2022-08-21,PM-001
CUST-07038,Mannat,Chopra,mannat.chopra701@icloud.com,918572651144,1979-03-24,2017-01-13,PM-003
CUST-07039,Miraan,Bobal,miraan_186@gmail.com,918022180988,1996-12-13,2021-05-08,PM-004
CUST-07040,Alisha,Vaidya,alisha.vaidya901@icloud.com,917254633292,1996-07-02,2014-09-15,PM-001
CUST-07041,Nayantara,Bala,nayantara410@outlook.com,918125174923,1989-04-11,2007-06-24,PM-003
CUST-07042,Neysa,Bhatt,neysa410@hotmail.com,918167904479,1975-09-11,2006-12-10,PM-004
CUST-07043,Jivika,Sahota,jivika_699@gmail.com,917784889073,1995-12-08,2021-07-07,PM-002
CUST-07044,Siya,Deol,siya758@icloud.com,918894529958,1998-03-21,2021-08-28,PM-002
CUST-07045,Hansh,Dayal,dayalhansh263@gmail.com,918763128555,2000-03-27,2022-08-14,PM-004
CUST-07046,Lavanya,Kara,karalavanya475@outlook.com,919279127722,1994-10-19,2024-01-09,PM-002
CUST-07047,Divit,Wali,divit.wali931@yahoo.com,919329959978,1989-08-03,2013-09-08,PM-002
CUST-07048,Rasha,Majumdar,rasha_790@icloud.com,917234847346,1995-12-02,2023-12-20,PM-002
CUST-07049,Lakshay,Biswas,lakshay.882@hotmail.com,917888918002,1978-07-29,1999-03-18,PM-001
CUST-07050,Sara,Manda,sara.manda133@gmail.com,919030442942,2004-10-07,2024-06-11,PM-004
CUST-07051,Tanya,Khanna,tanya_279@yahoo.com,918854641112,1998-12-04,2017-09-23,PM-004
CUST-07052,Anahita,Kalita,anahita348@outlook.com,919411500171,2003-05-31,2023-09-19,PM-002
CUST-07053,Krish,Kibe,krish_363@icloud.com,919793581663,1986-03-24,2013-04-10,PM-001
CUST-07054,Shayak,Rama,shayak363@outlook.com,918471090664,1988-10-23,2019-11-07,PM-004
CUST-07055,Baiju,Sridhar,baiju751@icloud.com,917790837246,1980-02-12,2022-02-12,PM-004
CUST-07056,Eshani,Dugar,eshani799@gmail.com,917749666368,1984-07-30,2013-07-08,PM-001
CUST-07057,Uthkarsh,Baral,uthkarsh.baral341@icloud.com,917087036086,2003-01-20,2022-02-09,PM-003
CUST-07058,Faiyaz,Tak,faiyaz_317@yahoo.com,919371359030,1989-01-31,2024-05-17,PM-004
CUST-07059,Trisha,Iyengar,trisha.iyengar280@icloud.com,918486729515,2002-05-10,2022-01-30,PM-004
CUST-07060,Jayant,Dar,jayant.762@gmail.com,918086230651,1978-09-03,2003-01-18,PM-002
CUST-07061,Dhanuk,Shankar,dhanuk.shankar756@yahoo.com,918732201877,1978-06-26,2020-06-15,PM-002
CUST-07062,Yakshit,Chacko,yakshit.204@icloud.com,919678749214,1996-07-19,2015-10-09,PM-001
CUST-07063,Darshit,Kalita,darshit.252@icloud.com,918491565157,1986-11-05,2012-06-05,PM-003
CUST-07064,Shayak,Ram,shayak_611@yahoo.com,919217073516,2004-11-29,2023-12-13,PM-003
CUST-07065,Ojas,Dube,ojas.660@icloud.com,918971460499,1977-03-01,2006-10-21,PM-004
CUST-07066,Shlok,Ben,benshlok880@yahoo.com,919266367803,1979-06-23,2019-06-12,PM-001
CUST-07067,Damini,Deep,deepdamini806@hotmail.com,918399552741,1975-06-16,2011-11-19,PM-001
CUST-07068,Madhup,Majumdar,majumdarmadhup865@yahoo.com,919646239793,2005-06-08,2023-09-15,PM-004
CUST-07069,Arnav,Garde,arnav.garde972@outlook.com,919586457387,1981-01-31,2014-02-27,PM-003
CUST-07070,Zaina,Hegde,zaina_629@yahoo.com,919210589590,1994-04-20,2019-10-13,PM-004
CUST-07071,Charvi,Agate,charvi.agate170@hotmail.com,917767007353,2003-10-18,2022-10-02,PM-002
CUST-07072,Amani,Agate,amani.agate543@gmail.com,918878047286,2005-07-16,2023-08-09,PM-004
CUST-07073,Umang,Kakar,umang.724@yahoo.com,919782849808,1992-04-28,2014-04-23,PM-003
CUST-07074,Ahana ,Sane,ahana 578@hotmail.com,919927828566,1994-02-03,2020-01-07,PM-003
CUST-07075,Sara,Bhargava,sara_658@yahoo.com,919682433222,1993-07-18,2016-08-31,PM-002
CUST-07076,Nakul,Luthra,nakul.luthra415@gmail.com,917285964015,1995-06-07,2018-01-15,PM-001
CUST-07077,Suhana,Tandon,suhana_865@gmail.com,919282170756,1980-05-01,2013-11-12,PM-002
CUST-07078,Ranbir,Gole,ranbir_519@gmail.com,918839407667,2000-05-11,2021-08-06,PM-004
CUST-07079,Dharmajan,Mani,dharmajan.152@gmail.com,919848136252,1989-07-20,2011-12-05,PM-002
CUST-07080,Damini,Taneja,damini.542@hotmail.com,919761686913,1976-03-30,2001-06-07,PM-002
CUST-07081,Taran,D’Alia,taran.d’alia307@hotmail.com,917059010173,1982-12-20,2013-10-07,PM-003
CUST-07082,Hansh,Wason,hansh.433@yahoo.com,918680173093,1999-08-02,2020-05-28,PM-002
CUST-07083,Raunak,Gade,raunak806@gmail.com,918556734585,1974-07-19,1998-01-25,PM-004
CUST-07084,Veer,Balay,veer960@outlook.com,918486679034,1981-02-06,2020-12-14,PM-002
CUST-07085,Manjari,Luthra,manjari.luthra830@icloud.com,918417106344,1991-01-30,2020-06-17,PM-003
CUST-07086,Charvi,Savant,charvi.806@outlook.com,917811087255,1995-02-01,2018-04-09,PM-002
CUST-07087,Ivan,Som,ivan719@hotmail.com,917243547149,1986-07-26,2009-11-27,PM-001
CUST-07088,Yakshit,Kumar,yakshit_382@outlook.com,919824748052,1988-09-19,2007-12-15,PM-002
CUST-07089,Shayak,Sankaran,shayak_897@icloud.com,917343915175,1975-12-28,2002-12-05,PM-003
CUST-07090,Stuvan,Dugal,stuvan.347@hotmail.com,918890593400,1980-01-07,2010-10-16,PM-004
CUST-07091,Shray,Aurora,shray.498@icloud.com,917240920571,1977-03-27,2021-02-12,PM-004
CUST-07092,Advik,Dey,advik_212@hotmail.com,918737506049,1977-12-20,2016-09-16,PM-003
CUST-07093,Saanvi,Shanker,shankersaanvi922@gmail.com,918346272024,1993-07-24,2024-01-12,PM-004
CUST-07094,Ivan,Lad,ivan.400@hotmail.com,919991139955,1988-08-22,2018-12-27,PM-001
CUST-07095,Vaibhav,Bir,vaibhav.bir823@yahoo.com,919080428116,1987-10-26,2009-08-19,PM-002
CUST-07096,Zaina,Sachar,zaina.sachar856@icloud.com,919134483445,1995-01-10,2023-09-02,PM-001
CUST-07097,Kashvi,Mammen,kashvi.mammen717@icloud.com,919972225162,1984-10-20,2016-02-05,PM-004
CUST-07098,Aaina,Karnik,aaina_421@icloud.com,918558227942,1997-02-11,2017-12-31,PM-003
CUST-07099,Miraya,Bhavsar,miraya.736@gmail.com,919189100038,2000-10-22,2022-09-22,PM-004
CUST-07100,Sara,Raval,sara_495@icloud.com,919384769860,1999-12-24,2020-10-30,PM-003
CUST-07101,Dhanush,Kalita,dhanush_637@hotmail.com,917593001623,1997-07-27,2022-03-05,PM-002
CUST-07102,Ivana,Wagle,ivana_756@gmail.com,919848991112,1987-05-27,2008-09-04,PM-001
CUST-07103,Kimaya,Karan,kimaya.281@yahoo.com,919782698136,1998-02-17,2019-08-02,PM-001
CUST-07104,Vedika,Malhotra,vedika.623@outlook.com,919005845937,1994-03-05,2016-09-27,PM-001
CUST-07105,Elakshi,Toor,elakshi961@hotmail.com,917525249246,1977-10-17,2001-07-30,PM-002
CUST-07106,Shayak,Soman,somanshayak551@gmail.com,918723264240,1979-08-30,2021-01-28,PM-003
CUST-07107,Heer,Bala,heer.192@hotmail.com,918362666492,1992-08-30,2018-01-27,PM-004
CUST-07108,Vardaniya,Cherian,vardaniya_981@gmail.com,918326455432,1984-01-11,2016-09-22,PM-001
CUST-07109,Badal,Kannan,badal478@icloud.com,918371794448,1995-12-18,2014-09-03,PM-002
CUST-07110,Neelofar,Khanna,neelofar_256@icloud.com,919721887432,1983-11-15,2017-06-25,PM-004
CUST-07111,Dharmajan,Rajagopal,dharmajan742@yahoo.com,919443036085,1993-08-21,2012-02-01,PM-004
CUST-07112,Piya,Kala,piya_312@icloud.com,918593404894,1991-12-20,2019-04-01,PM-004
CUST-07113,Aaina,Aggarwal,aggarwalaaina540@yahoo.com,919829551515,2002-03-29,2022-01-13,PM-001
CUST-07114,Inaaya ,Arora,arorainaaya 450@icloud.com,919476165431,1983-01-29,2014-12-03,PM-004
CUST-07115,Ishaan,Manda,ishaan.124@yahoo.com,919864412327,1987-07-15,2014-03-17,PM-001
CUST-07116,Onkar,Tara,onkar483@gmail.com,918277564023,1993-08-06,2021-04-16,PM-002
CUST-07117,Raunak,Mallick,raunak.mallick918@outlook.com,917113987845,1979-10-08,1998-09-19,PM-004
CUST-07118,Urvi,Gokhale,urvi.603@hotmail.com,919601399264,1982-01-16,2005-05-10,PM-004
CUST-07119,Armaan,Sahota,sahotaarmaan586@outlook.com,917844697393,1993-10-07,2020-12-05,PM-002
CUST-07120,Miraan,Lanka,miraan_506@icloud.com,919159075199,1987-03-07,2007-05-22,PM-003
CUST-07121,Neysa,Devi,neysa584@outlook.com,919557289832,2002-11-09,2023-09-23,PM-003
CUST-07122,Nehmat,Ram,nehmat_371@hotmail.com,918560780205,1992-10-13,2019-03-06,PM-003
CUST-07123,Vidur,Seth,vidur792@outlook.com,919773901483,1995-03-01,2017-02-09,PM-003
CUST-07124,Anahi,Bhatti,bhattianahi108@yahoo.com,919647190689,1992-08-02,2010-10-17,PM-001
CUST-07125,Alia,Sule,alia_663@gmail.com,919984235613,1983-04-21,2022-04-26,PM-001
CUST-07126,Divij,Wagle,divij_799@icloud.com,919512956257,1976-12-29,2009-01-01,PM-001
CUST-07127,Manikya,Soman,somanmanikya530@yahoo.com,918422919618,1982-01-21,2014-02-08,PM-001
CUST-07128,Kabir,Dhar,kabir.104@icloud.com,919690539161,1981-12-06,2002-08-25,PM-003
CUST-07129,Trisha,Krish,trisha_761@hotmail.com,919255218534,2004-06-23,2023-08-04,PM-001
CUST-07130,Nayantara,Kara,nayantara_609@icloud.com,919928980854,1999-01-23,2021-10-27,PM-003
CUST-07131,Aaina,Sachdev,aaina.sachdev178@hotmail.com,917961730584,1986-05-03,2008-09-23,PM-001
CUST-07132,Tarini,Bahl,tarini285@hotmail.com,917041632398,1976-06-19,2017-12-07,PM-001
CUST-07133,Jivika,Khare,jivika.838@gmail.com,917413087584,1983-08-23,2021-04-11,PM-001
CUST-07134,Jayesh,Badami,jayesh_922@hotmail.com,919553768038,1974-12-09,2012-08-21,PM-001
CUST-07135,Saksham,Ghosh,saksham.ghosh283@icloud.com,917859282613,1984-07-21,2018-06-17,PM-003
CUST-07136,Shaan,Raj,shaan477@icloud.com,918677913876,1989-12-01,2013-07-18,PM-001
CUST-07137,Madhup,Grover,madhup118@gmail.com,919634043733,2001-06-20,2020-03-19,PM-003
CUST-07138,Drishya,Babu,drishya.babu372@hotmail.com,917136947280,1989-06-19,2016-08-18,PM-003
CUST-07139,Anaya,Doshi,anaya275@gmail.com,919694129964,1983-05-29,2014-08-13,PM-003
CUST-07140,Piya,Hegde,piya.640@yahoo.com,917926326813,2001-06-21,2021-01-10,PM-004
CUST-07141,Tanya,Bassi,tanya.bassi358@outlook.com,917156936934,1998-05-23,2017-01-31,PM-003
CUST-07142,Aradhya,Rama,ramaaradhya401@outlook.com,919625372634,1989-08-18,2020-08-19,PM-002
CUST-07143,Mehul,Johal,mehul.johal706@gmail.com,918331899172,1975-06-10,2019-04-29,PM-001
CUST-07144,Samaira,Handa,handasamaira490@outlook.com,918503715267,1994-12-03,2012-12-14,PM-002
CUST-07145,Rati,Shanker,rati_650@yahoo.com,917948606553,1975-06-05,2012-12-16,PM-004
CUST-07146,Adira,Sunder,adira.280@yahoo.com,918368387988,1988-06-18,2014-03-25,PM-003
CUST-07147,Jivin,Sunder,sunderjivin967@outlook.com,919112326411,1983-09-24,2008-06-04,PM-004
CUST-07148,Neelofar,Saha,neelofar.830@gmail.com,919749280613,2003-10-29,2023-04-25,PM-002
CUST-07149,Manjari,Hayre,manjari501@gmail.com,917022687338,1978-10-21,2014-05-21,PM-001
CUST-07150,Mohanlal,Dhar,mohanlal965@hotmail.com,917209174255,2000-12-06,2020-05-30,PM-003
CUST-07151,Hazel,Sur,hazel.sur483@icloud.com,919014633178,1985-01-12,2003-10-04,PM-001
CUST-07152,Devansh,Bahl,devansh_681@yahoo.com,919794990044,1983-10-20,2024-02-07,PM-002
CUST-07153,Hansh,Loyal,loyalhansh936@outlook.com,917714125882,1981-05-24,2022-05-30,PM-001
CUST-07154,Yakshit,Atwal,yakshit.atwal873@gmail.com,919224620512,1976-01-25,2022-11-27,PM-002
CUST-07155,Vihaan,Deol,vihaan_451@gmail.com,918788744502,1995-11-15,2020-08-20,PM-004
CUST-07156,Rania,Hans,rania.740@gmail.com,918499059814,1988-09-18,2007-09-28,PM-003
CUST-07157,Parinaaz,Rajagopal,rajagopalparinaaz559@icloud.com,917305700684,1986-09-01,2015-03-12,PM-004
CUST-07158,Oorja,Upadhyay,oorja_944@yahoo.com,918631105336,2004-01-27,2022-05-02,PM-001
CUST-07159,Chirag,Bassi,chirag241@gmail.com,918624259425,1993-04-11,2012-04-03,PM-002
CUST-07160,Miraan,Rajagopal,miraan545@outlook.com,917675070708,1995-05-21,2024-02-29,PM-002
CUST-07161,Raunak,Sarkar,raunak.128@gmail.com,919039586360,2004-11-16,2023-04-25,PM-001
CUST-07162,Tara,Bera,beratara978@hotmail.com,917466158272,1987-08-23,2023-01-07,PM-001
CUST-07163,Dharmajan,Singhal,singhaldharmajan529@outlook.com,918101937649,1985-02-09,2011-12-04,PM-003
CUST-07164,Nayantara,Lanka,lankanayantara352@outlook.com,918336116981,1984-01-14,2004-12-11,PM-002
CUST-07165,Navya,Babu,babunavya190@gmail.com,917646291392,1977-05-22,2000-03-25,PM-001
CUST-07166,Kavya,Ramanathan,kavya_215@outlook.com,919443148737,2000-03-10,2020-05-12,PM-004
CUST-07167,Reyansh,Sankar,reyansh853@outlook.com,919664635668,1994-10-25,2016-07-14,PM-001
CUST-07168,Jayan,Wason,wasonjayan987@gmail.com,918244789881,2006-01-15,2024-03-30,PM-004
CUST-07169,Sana,Jha,jhasana974@icloud.com,918298602617,2002-04-24,2021-12-01,PM-004
CUST-07170,Vivaan,Kannan,vivaan_864@gmail.com,919960571491,2005-08-28,2024-04-09,PM-002
CUST-07171,Adira,Bhandari,bhandariadira684@gmail.com,919529699533,2001-08-31,2020-11-24,PM-001
CUST-07172,Nirvaan,Upadhyay,nirvaan.upadhyay520@yahoo.com,919473285875,1984-04-04,2004-12-03,PM-001
CUST-07173,Aayush,Khurana,aayush693@outlook.com,917356872501,1989-01-21,2015-05-24,PM-004
CUST-07174,Mannat,Sibal,mannat.224@gmail.com,919930693267,1997-07-10,2015-10-26,PM-003
CUST-07175,Yuvraj ,Iyengar,yuvraj .576@hotmail.com,917852479816,2004-02-29,2022-06-26,PM-004
CUST-07176,Arnav,Hans,arnav744@hotmail.com,919121481643,1992-12-01,2017-12-06,PM-002
CUST-07177,Vardaniya,Gour,vardaniya388@icloud.com,917121348427,1976-01-04,2016-10-19,PM-001
CUST-07178,Taimur,Bhakta,taimur430@gmail.com,919516035690,1984-02-29,2022-04-25,PM-002
CUST-07179,Vedika,Lad,vedika.lad872@gmail.com,919247724123,1993-10-17,2015-10-23,PM-002
CUST-07180,Gokul,Walla,gokul_984@gmail.com,917885112518,1996-12-06,2017-02-14,PM-001
CUST-07181,Sahil,Arora,sahil.222@gmail.com,917656773008,1976-01-14,1999-02-08,PM-003
CUST-07182,Eva,Sachar,sachareva666@yahoo.com,919421537327,1998-03-08,2022-09-03,PM-004
CUST-07183,Jivin,Choudhary,jivin.choudhary609@hotmail.com,919157245746,1994-11-25,2014-12-10,PM-002
CUST-07184,Azad,Apte,azad.538@yahoo.com,918188666823,1988-08-20,2007-11-24,PM-004
CUST-07185,Sumer,Dada,sumer.dada394@hotmail.com,918333910002,1993-02-15,2024-01-26,PM-003
CUST-07186,Raunak,Singh,singhraunak435@yahoo.com,919484843557,1979-07-31,1998-03-26,PM-002
CUST-07187,Purab,Sheth,shethpurab692@icloud.com,918288337092,1988-03-10,2015-08-01,PM-003
CUST-07188,Stuvan,Bassi,bassistuvan760@yahoo.com,919072677138,2005-01-01,2023-05-13,PM-004
CUST-07189,Fateh,Deshpande,fateh_422@yahoo.com,917228090291,1987-10-07,2006-04-15,PM-004
CUST-07190,Mamooty,Suri,mamooty_607@yahoo.com,917219984061,1976-01-29,2006-11-20,PM-002
CUST-07191,Ehsaan,Hari,ehsaan.674@outlook.com,919468033255,1989-02-23,2023-02-08,PM-001
CUST-07192,Manikya,Saini,manikya.466@icloud.com,919170634412,1978-05-08,2006-11-29,PM-001
CUST-07193,Hiran,Chana,hiran.523@yahoo.com,917950819623,1996-08-13,2021-05-14,PM-004
CUST-07194,Shray,Thaman,shray_731@hotmail.com,918138099808,1983-03-12,2022-02-27,PM-003
CUST-07195,Yakshit,Sampath,yakshit.sampath379@icloud.com,919757470857,1978-05-22,2015-01-29,PM-004
CUST-07196,Nakul,Chaudhari,nakul_672@hotmail.com,919904372487,1993-03-28,2013-03-02,PM-001
CUST-07197,Pihu,Iyengar,pihu_479@yahoo.com,917225002894,1997-08-13,2020-02-27,PM-004
CUST-07198,Suhana,Deshpande,suhana270@icloud.com,919747961382,1982-09-11,2018-01-30,PM-004
CUST-07199,Anya,Deo,anya_865@hotmail.com,917853951966,1995-09-11,2019-01-01,PM-001
CUST-07200,Suhana,Sur,sursuhana567@hotmail.com,919508510971,1983-02-13,2011-08-06,PM-003
CUST-07201,Madhav,Subramanian,madhav616@yahoo.com,918526864561,1996-07-21,2017-04-23,PM-003
CUST-07202,Elakshi,Sheth,shethelakshi603@outlook.com,918296901153,1977-04-03,2013-07-10,PM-002
CUST-07203,Kashvi,Borde,kashvi.borde413@outlook.com,917883493875,1980-03-01,1999-02-21,PM-003
CUST-07204,Samar,Tripathi,samar115@outlook.com,917645812786,1979-02-23,2014-08-31,PM-001
CUST-07205,Mishti,Agrawal,mishti666@gmail.com,918710968971,1994-12-21,2015-08-01,PM-001
CUST-07206,Manjari,Thakkar,manjari.thakkar855@gmail.com,917430765760,1993-03-20,2018-07-17,PM-002
CUST-07207,Kabir,Guha,kabir.797@gmail.com,917891629521,1975-07-04,2020-05-01,PM-004
CUST-07208,Alisha,Bansal,alisha.bansal495@outlook.com,917475561651,1997-05-12,2020-01-23,PM-002
CUST-07209,Saksham,Bhardwaj,saksham_294@hotmail.com,918021568049,1987-06-13,2020-07-18,PM-002
CUST-07210,Riaan,Bedi,bediriaan357@outlook.com,919676220756,1982-02-03,2010-01-12,PM-001
CUST-07211,Umang,Mand,umang172@yahoo.com,917332071658,1991-05-01,2013-02-26,PM-003
CUST-07212,Prerak,Raval,prerak.raval663@gmail.com,919219516478,1980-05-06,2001-10-15,PM-001
CUST-07213,Ahana ,Tailor,ahana 646@gmail.com,917215451726,2005-03-22,2024-01-25,PM-002
CUST-07214,Abram,Handa,abram.226@gmail.com,917540294902,1988-06-02,2022-01-15,PM-001
CUST-07215,Ela,Banerjee,ela960@outlook.com,919393695197,1992-07-04,2020-01-15,PM-003
CUST-07216,Gokul,Dash,gokul.dash548@icloud.com,919745482072,1987-03-29,2023-06-12,PM-003
CUST-07217,Zara,Dixit,zara.dixit907@outlook.com,917664160223,1988-08-29,2016-12-06,PM-001
CUST-07218,Pranay,Bhattacharyya,pranay664@outlook.com,919797436658,1999-02-11,2020-11-19,PM-002
CUST-07219,Jayesh,Din,dinjayesh437@icloud.com,919882456044,1980-09-25,2000-10-23,PM-001
CUST-07220,Jayant,Sharaf,sharafjayant785@icloud.com,917542854364,1974-10-05,2012-07-17,PM-001
CUST-07221,Yuvraj ,Balay,yuvraj .442@icloud.com,919564783743,1989-06-25,2012-07-24,PM-004
CUST-07222,Badal,Thakkar,thakkarbadal157@hotmail.com,917580558781,1978-09-14,2016-06-27,PM-004
CUST-07223,Rania,Kohli,rania_196@yahoo.com,917398950087,1994-02-01,2023-12-08,PM-004
CUST-07224,Taran,Khalsa,taran.khalsa653@outlook.com,917761677343,1977-12-18,2008-08-08,PM-004
CUST-07225,Dishani,Barad,dishani_886@icloud.com,919472917028,1993-01-19,2013-07-27,PM-002
CUST-07226,Ranbir,Vasa,ranbir177@icloud.com,917579018541,1995-06-03,2016-12-07,PM-003
CUST-07227,Mannat,Sinha,sinhamannat292@hotmail.com,919744586381,2006-03-06,2024-06-11,PM-003
CUST-07228,Khushi,Chakraborty,chakrabortykhushi272@gmail.com,919746626228,2000-03-09,2021-03-24,PM-002
CUST-07229,Yakshit,Issac,issacyakshit231@outlook.com,917354879297,1996-11-04,2015-05-29,PM-001
CUST-07230,Badal,Goda,godabadal265@icloud.com,919337276781,2005-02-21,2024-04-02,PM-001
CUST-07231,Kartik,Rama,kartik936@icloud.com,918529248698,1989-02-27,2015-05-25,PM-004
CUST-07232,Tarini,Guha,tarini_511@outlook.com,919519990131,1992-06-16,2023-11-26,PM-001
CUST-07233,Advik,Barad,advik_512@gmail.com,918290552906,1985-08-01,2007-05-14,PM-001
CUST-07234,Madhup,Karan,madhup299@icloud.com,919631438192,1986-12-16,2018-04-14,PM-002
CUST-07235,Alia,Joshi,joshialia687@hotmail.com,918678293428,2005-12-21,2024-02-07,PM-003
CUST-07236,Romil,Varughese,varugheseromil332@gmail.com,919164137524,1985-01-20,2003-01-21,PM-003
CUST-07237,Nirvaan,Kala,nirvaan_351@icloud.com,917944335885,2001-10-09,2020-12-03,PM-003
CUST-07238,Piya,Sani,piya838@icloud.com,917553611771,1997-01-16,2021-01-21,PM-002
CUST-07239,Rhea,Rama,rhea_510@hotmail.com,918365340149,1992-07-26,2013-09-16,PM-004
CUST-07240,Kimaya,Batra,kimaya.856@hotmail.com,917339511576,1997-09-22,2020-06-28,PM-001
CUST-07241,Neysa,Hari,neysa227@gmail.com,917211250983,2001-09-21,2020-04-27,PM-004
CUST-07242,Samiha,Walia,samiha959@hotmail.com,918348013305,1998-05-17,2020-09-20,PM-003
CUST-07243,Anay,Rastogi,anay545@gmail.com,919537444204,1992-09-06,2013-08-20,PM-003
CUST-07244,Vardaniya,Kanda,vardaniya.308@yahoo.com,919760633891,1975-04-01,2011-01-05,PM-001
CUST-07245,Nirvi,Joshi,nirvi_320@hotmail.com,919110587787,1990-03-20,2017-05-21,PM-002
CUST-07246,Hazel,Kapur,hazel_401@icloud.com,918859618901,2000-11-24,2021-08-11,PM-001
CUST-07247,Rhea,Chatterjee,rhea.797@yahoo.com,919008158928,2005-10-19,2023-12-18,PM-001
CUST-07248,Devansh,Vohra,devansh.903@gmail.com,918397400304,1980-02-14,2002-04-06,PM-003
CUST-07249,Jivin,Garde,jivin.garde414@yahoo.com,919782731999,1983-08-11,2019-06-29,PM-002
CUST-07250,Raghav,Krishna,krishnaraghav356@hotmail.com,919247274871,1981-05-27,2021-05-31,PM-002
CUST-07251,Samiha,Dayal,samiha.602@outlook.com,918707747315,1995-05-19,2019-09-23,PM-001
CUST-07252,Hrishita,Choudhary,choudharyhrishita472@yahoo.com,917291562165,2002-04-16,2021-01-29,PM-004
CUST-07253,Yasmin,Rajagopalan,yasmin.561@hotmail.com,919145889849,2005-10-09,2024-05-25,PM-001
CUST-07254,Anaya,Warrior,anaya902@icloud.com,918113029650,1975-12-17,2003-02-24,PM-004
CUST-07255,Zara,Barman,zara.barman214@yahoo.com,918371982772,2002-06-11,2021-11-15,PM-004
CUST-07256,Umang,Bala,balaumang533@outlook.com,918686942732,1985-01-16,2010-04-27,PM-002
CUST-07257,Nitya,Sachar,nitya.397@icloud.com,917574060152,1983-04-02,2009-08-29,PM-003
CUST-07258,Hrishita,Kapur,hrishita.996@hotmail.com,918975875630,1979-12-30,2000-02-28,PM-004
CUST-07259,Pranay,Kala,pranay321@outlook.com,917997645786,1990-05-25,2010-10-13,PM-002
CUST-07260,Gatik,Bassi,gatik.bassi668@outlook.com,919494708964,1999-11-17,2017-11-16,PM-003
CUST-07261,Mehul,Mammen,mehul408@outlook.com,917576568612,1991-03-08,2022-10-05,PM-003
CUST-07262,Nirvaan,Ravel,ravelnirvaan430@outlook.com,917309310721,2003-09-26,2021-12-20,PM-003
CUST-07263,Ojas,Sinha,ojas.547@hotmail.com,919201505568,1975-12-09,2018-05-13,PM-002
CUST-07264,Indrans,Rau,indrans.718@gmail.com,918349049819,1974-09-12,2015-04-09,PM-004
CUST-07265,Aradhya,Raval,aradhya.591@outlook.com,918250101791,1976-10-23,2004-02-08,PM-003
CUST-07266,Shamik,Yohannan,shamik499@yahoo.com,919867453804,1987-07-08,2020-03-08,PM-004
CUST-07267,Samaira,Bhatnagar,samaira_109@gmail.com,919297689349,2005-08-20,2023-09-23,PM-004
CUST-07268,Madhav,Sura,madhav.952@hotmail.com,919144101778,1994-05-30,2023-03-18,PM-003
CUST-07269,Aniruddh,Vig,aniruddh.vig790@outlook.com,918791438149,1986-03-01,2018-11-16,PM-003
CUST-07270,Anahi,Tata,anahi.211@yahoo.com,918052561239,2001-09-03,2022-11-29,PM-002
CUST-07271,Bhamini,Agate,bhamini_225@yahoo.com,917840478812,2005-09-30,2024-04-12,PM-002
CUST-07272,Piya,Kibe,kibepiya115@outlook.com,919151736113,1980-03-18,2000-02-07,PM-003
CUST-07273,Shayak,Baral,shayak_193@hotmail.com,918101818483,1995-01-29,2019-04-02,PM-001
CUST-07274,Ayesha,Kakar,kakarayesha331@icloud.com,917566178508,2004-08-05,2022-11-14,PM-004
CUST-07275,Aaina,Lata,aaina.313@gmail.com,919167131302,1980-01-21,2011-09-09,PM-001
CUST-07276,Biju,Sarkar,biju_126@yahoo.com,917347677154,1976-12-19,2019-07-09,PM-001
CUST-07277,Vihaan,Wali,vihaan.573@gmail.com,917573916399,1990-03-13,2012-07-31,PM-001
CUST-07278,Lakshit,Bera,lakshit_652@outlook.com,919926097446,1993-07-21,2016-12-16,PM-003
CUST-07279,Tanya,Deshpande,deshpandetanya123@yahoo.com,917299867292,1983-07-24,2016-11-05,PM-002
CUST-07280,Shanaya,Shan,shanaya.shan269@yahoo.com,918265680207,1982-12-02,2002-05-30,PM-004
CUST-07281,Miraan,Dutt,miraan.dutt564@outlook.com,919320488875,1975-02-24,2021-01-15,PM-004
CUST-07282,Advik,Tripathi,tripathiadvik568@icloud.com,918178812658,2002-08-24,2024-05-21,PM-003
CUST-07283,Kashvi,Grewal,kashvi_425@gmail.com,917330916428,1989-11-16,2022-09-01,PM-001
CUST-07284,Gatik,Rastogi,gatik283@yahoo.com,917371799343,2003-01-27,2021-10-01,PM-004
CUST-07285,Inaaya ,Raja,inaaya .126@outlook.com,918302177617,1994-10-16,2018-11-05,PM-004
CUST-07286,Ivana,Doshi,ivana.304@icloud.com,917112136014,1981-11-21,2004-09-17,PM-002
CUST-07287,Prerak,Sagar,prerak.sagar479@gmail.com,918141847810,1978-10-22,2015-02-11,PM-002
CUST-07288,Alisha,Devan,alisha.856@yahoo.com,918890562261,1989-08-19,2023-10-17,PM-002
CUST-07289,Riya,Gole,riya_940@yahoo.com,918232979079,1974-10-27,1993-03-02,PM-004
CUST-07290,Mamooty,Som,mamooty_735@outlook.com,918708576686,1975-11-21,2008-10-06,PM-004
CUST-07291,Priyansh,Som,sompriyansh768@yahoo.com,918270481385,1985-01-10,2022-12-26,PM-002
CUST-07292,Saanvi,Vaidya,saanvi.119@yahoo.com,918170097823,1995-08-21,2014-04-10,PM-002
CUST-07293,Pihu,Venkatesh,pihu.venkatesh291@outlook.com,918199294047,1989-02-12,2009-06-13,PM-004
CUST-07294,Ojas,Sanghvi,ojas.335@hotmail.com,919053818127,1991-12-31,2016-04-23,PM-004
CUST-07295,Bhavin,Khare,bhavin.604@icloud.com,918168482260,1990-04-10,2018-11-12,PM-002
CUST-07296,Dhanuk,Dua,dhanuk_723@hotmail.com,918229385268,1994-04-08,2018-03-30,PM-004
CUST-07297,Madhup,Dyal,madhup.dyal688@outlook.com,917352588579,1993-05-18,2016-02-05,PM-004
CUST-07298,Eshani,Lad,eshani_944@icloud.com,917617832958,2004-12-21,2024-05-11,PM-004
CUST-07299,Miraya,Sastry,miraya.149@outlook.com,917084535331,1998-09-16,2024-01-07,PM-004
CUST-07300,Ahana ,Ramakrishnan,ramakrishnanahana 443@outlook.com,918832724971,1980-04-13,2023-04-06,PM-003
CUST-07301,Vivaan,Sathe,vivaan127@outlook.com,917507521488,1976-04-15,2002-04-21,PM-002
CUST-07302,Ranbir,Sodhi,ranbir.sodhi185@outlook.com,917759619530,1976-03-10,1994-07-30,PM-003
CUST-07303,Nitya,Badami,nitya.badami257@yahoo.com,919997158335,1983-12-07,2008-04-18,PM-002
CUST-07304,Shaan,Vig,shaan871@gmail.com,917600531672,1981-01-21,2009-10-03,PM-001
CUST-07305,Jayesh,Chander,chanderjayesh518@hotmail.com,917347687287,2004-09-03,2023-05-19,PM-003
CUST-07306,Taimur,Char,taimur572@hotmail.com,919368239460,1977-03-27,2017-12-29,PM-004
CUST-07307,Badal,Goyal,badal_845@outlook.com,918499879258,2001-07-27,2020-08-20,PM-003
CUST-07308,Tushar,Kibe,tushar_758@hotmail.com,917640007172,1977-01-09,2009-02-02,PM-004
CUST-07309,Piya,Barman,barmanpiya127@gmail.com,918362091391,1989-04-13,2015-01-15,PM-002
CUST-07310,Pari,Shah,pari_336@yahoo.com,919677256800,1993-07-18,2023-06-22,PM-003
CUST-07311,Ishaan,Rau,ishaan.942@icloud.com,917002057161,1982-10-13,2019-03-18,PM-003
CUST-07312,Reyansh,Joshi,reyansh.894@hotmail.com,919853989463,1983-08-25,2006-05-05,PM-003
CUST-07313,Yakshit,Bava,yakshit_137@outlook.com,917021834087,1992-03-03,2016-12-31,PM-002
CUST-07314,Alia,Singh,alia.706@icloud.com,919869323523,2006-01-27,2024-02-23,PM-001
CUST-07315,Aradhya,Bir,aradhya.816@gmail.com,918418218696,1993-10-09,2022-10-18,PM-002
CUST-07316,Dhruv,Comar,comardhruv691@icloud.com,917635791554,1999-07-21,2024-03-03,PM-001
CUST-07317,Umang,Bhalla,umang.bhalla606@gmail.com,918402857817,1986-11-03,2006-01-25,PM-003
CUST-07318,Keya,Ravi,keya644@hotmail.com,919646203587,1998-05-26,2021-03-31,PM-001
CUST-07319,Umang,Saraf,sarafumang869@yahoo.com,919273426356,1984-02-23,2021-09-15,PM-003
CUST-07320,Kiara,Balakrishnan,kiara.809@icloud.com,918412944057,1998-11-13,2022-03-10,PM-002
CUST-07321,Urvi,Suri,urvi_255@hotmail.com,917737458598,2004-12-10,2023-08-26,PM-001
CUST-07322,Neysa,Raja,neysa.781@yahoo.com,918620144193,1994-12-08,2015-06-02,PM-001
CUST-07323,Anay,Sandal,sandalanay428@icloud.com,917207037220,2000-05-07,2022-04-13,PM-002
CUST-07324,Anya,Dasgupta,anya.dasgupta423@hotmail.com,917954652451,1991-12-03,2021-03-10,PM-003
CUST-07325,Ritvik,Dayal,ritvik.351@gmail.com,917484349837,1989-11-25,2022-08-06,PM-003
CUST-07326,Manjari,Kala,manjari.kala973@outlook.com,917764535315,1975-10-14,2022-07-06,PM-003
CUST-07327,Jiya,Chawla,jiya399@outlook.com,918166040292,1981-09-09,2006-07-03,PM-004
CUST-07328,Nishith,Sachdeva,sachdevanishith151@icloud.com,919525160525,1979-06-30,2012-12-31,PM-004
CUST-07329,Umang,Taneja,umang_424@icloud.com,917625153539,2000-06-07,2022-06-30,PM-002
CUST-07330,Dhanush,Sarraf,dhanush.655@gmail.com,917745184646,1989-05-30,2008-01-20,PM-004
CUST-07331,Lagan,Dhaliwal,lagan648@hotmail.com,918259753946,1988-01-27,2014-12-09,PM-003
CUST-07332,Miraya,Mall,miraya278@outlook.com,919986526130,1996-07-08,2022-04-09,PM-004
CUST-07333,Pari,Goyal,pari_244@gmail.com,919805283154,1977-10-13,2014-07-28,PM-003
CUST-07334,Myra,Gera,myra.gera830@outlook.com,919667583725,1998-08-01,2020-12-10,PM-001
CUST-07335,Rhea,Divan,rhea321@gmail.com,917919776107,1999-11-21,2023-05-28,PM-004
CUST-07336,Arnav,Gill,arnav.gill360@outlook.com,919161728239,1987-05-06,2005-08-09,PM-003
CUST-07337,Tiya,Warrior,tiya_500@yahoo.com,917525340910,1987-01-15,2022-06-28,PM-002
CUST-07338,Arhaan,Bala,balaarhaan345@gmail.com,918867251033,2005-12-12,2024-04-18,PM-003
CUST-07339,Pranay,Raju,rajupranay739@yahoo.com,919950622442,1984-05-15,2016-04-16,PM-003
CUST-07340,Lakshay,Kunda,lakshay163@outlook.com,917930795731,1978-08-20,2023-02-16,PM-003
CUST-07341,Neelofar,Gill,neelofar.158@icloud.com,918903835822,1998-07-10,2018-09-29,PM-001
CUST-07342,Aaryahi,Ramaswamy,aaryahi.ramaswamy543@yahoo.com,919294325906,1975-10-31,2005-10-18,PM-002
CUST-07343,Vivaan,Kade,vivaan866@gmail.com,919964530499,1979-05-31,2018-07-10,PM-004
CUST-07344,Elakshi,Sankaran,elakshi.859@gmail.com,919529825105,1991-12-26,2019-05-22,PM-001
CUST-07345,Vritika,Walia,vritika_883@icloud.com,917020262839,1996-03-20,2017-08-26,PM-002
CUST-07346,Pihu,Sabharwal,pihu_825@outlook.com,918613787663,1988-04-11,2007-12-13,PM-003
CUST-07347,Romil,Choudhury,romil_992@gmail.com,919362476176,1978-01-03,1998-08-24,PM-004
CUST-07348,Tejas,Wagle,tejas.wagle498@outlook.com,919988231507,2004-10-06,2023-05-22,PM-003
CUST-07349,Advik,Reddy,advik220@outlook.com,918750254876,1996-05-27,2015-12-16,PM-001
CUST-07350,Hazel,Barman,hazel876@gmail.com,917879898413,2003-07-26,2023-10-01,PM-004
CUST-07351,Neysa,Das,neysa_957@outlook.com,918831306833,1982-12-10,2017-01-27,PM-003
CUST-07352,Miraya,Atwal,miraya.atwal874@yahoo.com,919965786229,1992-05-08,2024-02-13,PM-001
CUST-07353,Urvi,Sehgal,urvi.sehgal663@gmail.com,917079271628,1980-03-18,2004-01-14,PM-003
CUST-07354,Alia,Ghose,alia180@gmail.com,919145215855,1991-12-08,2010-12-19,PM-002
CUST-07355,Jayan,Dada,dadajayan733@gmail.com,918626034636,1999-05-30,2017-10-29,PM-003
CUST-07356,Aaina,Lala,aaina954@yahoo.com,917179612042,1979-03-22,2019-10-21,PM-004
CUST-07357,Sana,Samra,sana_268@yahoo.com,917499904729,1986-11-16,2023-01-13,PM-004
CUST-07358,Rania,Chatterjee,rania.chatterjee755@outlook.com,918024812650,2002-09-26,2021-04-14,PM-003
CUST-07359,Emir,Wali,waliemir359@outlook.com,917221211841,1986-04-13,2017-09-26,PM-004
CUST-07360,Tejas,Deshpande,deshpandetejas128@hotmail.com,919867001730,1982-12-05,2007-04-16,PM-003
CUST-07361,Miraan,Vasa,miraan.vasa530@outlook.com,917258417019,1989-03-30,2016-12-29,PM-004
CUST-07362,Pihu,Sanghvi,sanghvipihu246@gmail.com,918722260374,1994-06-24,2019-10-02,PM-002
CUST-07363,Zara,Sarraf,zara_931@gmail.com,918676948738,1987-10-17,2017-01-28,PM-003
CUST-07364,Yuvraj ,Aurora,yuvraj .aurora382@hotmail.com,918943402255,1998-12-24,2019-01-10,PM-001
CUST-07365,Kashvi,Karpe,karpekashvi749@hotmail.com,918532667650,1990-07-17,2017-09-15,PM-004
CUST-07366,Indrajit,Garg,indrajit537@yahoo.com,917942298414,1975-04-30,1999-08-12,PM-001
CUST-07367,Taimur,Kapoor,taimur.kapoor730@outlook.com,917058038144,1995-10-19,2023-05-23,PM-001
CUST-07368,Bhamini,Dara,bhamini.dara329@yahoo.com,918569725653,2004-06-01,2024-05-07,PM-004
CUST-07369,Biju,Khalsa,biju.khalsa439@yahoo.com,919690300695,1984-06-14,2003-07-12,PM-003
CUST-07370,Nakul,Kapadia,nakul756@icloud.com,918924994353,1987-11-03,2009-01-05,PM-001
CUST-07371,Zara,Devan,zara.869@hotmail.com,919948352734,2002-01-19,2024-04-10,PM-002
CUST-07372,Dishani,Warrior,dishani388@outlook.com,917381726528,2003-10-19,2022-04-24,PM-003
CUST-07373,Eshani,Sarraf,eshani.824@gmail.com,918513798721,1992-01-09,2015-02-19,PM-002
CUST-07374,Priyansh,Keer,priyansh186@yahoo.com,917631016586,1992-03-27,2012-09-12,PM-002
CUST-07375,Khushi,Joshi,khushi.joshi292@icloud.com,919051680603,1993-12-10,2015-08-15,PM-002
CUST-07376,Anaya,Chaudhary,anaya_838@yahoo.com,919931878690,1983-09-21,2006-08-20,PM-002
CUST-07377,Parinaaz,Rege,parinaaz_404@icloud.com,917011962526,1997-08-12,2021-08-16,PM-003
CUST-07378,Pari,Gara,pari_627@outlook.com,919042797948,1980-08-15,2002-03-20,PM-002
CUST-07379,Zeeshan,Balasubramanian,zeeshan473@yahoo.com,919318386228,1976-11-25,2002-12-11,PM-002
CUST-07380,Riya,Wagle,riya.862@icloud.com,917544020698,1991-06-05,2013-07-02,PM-003
CUST-07381,Anahita,Reddy,anahita261@yahoo.com,917014221392,1982-07-21,2007-12-11,PM-003
CUST-07382,Manikya,Sharaf,manikya.sharaf948@yahoo.com,919301985397,1991-05-22,2012-11-01,PM-003
CUST-07383,Purab,Venkatesh,purab.600@hotmail.com,919834365426,1996-07-03,2020-02-28,PM-001
CUST-07384,Nirvi,Thaker,nirvi707@gmail.com,919260503450,1985-04-10,2023-01-21,PM-001
CUST-07385,Urvi,Roy,urvi_742@icloud.com,917700991948,1991-03-08,2024-01-15,PM-004
CUST-07386,Siya,Khurana,siya.khurana397@icloud.com,919843773519,1981-01-25,2008-09-13,PM-003
CUST-07387,Khushi,Mallick,khushi990@yahoo.com,918626054444,1979-08-07,2019-02-03,PM-002
CUST-07388,Charvi,Bal,charvi.bal883@outlook.com,919544099159,1977-09-11,2015-02-13,PM-001
CUST-07389,Yakshit,Solanki,yakshit_729@yahoo.com,919217788514,1990-08-18,2017-01-03,PM-003
CUST-07390,Romil,Bahl,romil.bahl868@outlook.com,919664358112,2000-07-25,2024-02-23,PM-002
CUST-07391,Tarini,Som,tarini.876@hotmail.com,919329333572,1981-08-31,2002-07-09,PM-002
CUST-07392,Shalv,Bora,shalv521@hotmail.com,917118781036,1982-06-18,2012-02-07,PM-002
CUST-07393,Ojas,Vyas,vyasojas675@hotmail.com,918766201728,1992-06-09,2019-05-08,PM-003
CUST-07394,Miraan,Dhar,dharmiraan126@yahoo.com,918078211445,2005-12-23,2024-04-16,PM-004
CUST-07395,Pranay,Brahmbhatt,brahmbhattpranay150@gmail.com,917403927255,2003-05-19,2021-12-01,PM-003
CUST-07396,Tushar,Sahni,tushar.sahni831@icloud.com,917198681344,2000-11-19,2023-09-16,PM-003
CUST-07397,Nehmat,Keer,nehmat.476@gmail.com,919787247152,1996-01-17,2016-08-04,PM-003
CUST-07398,Divij,Ravel,divij.ravel226@gmail.com,917563824863,2003-05-29,2023-02-21,PM-004
CUST-07399,Zain,Thaker,thakerzain209@outlook.com,918700412475,1993-11-29,2016-02-11,PM-003
CUST-07400,Anahita,Gola,golaanahita314@icloud.com,919783490110,1986-12-07,2018-07-07,PM-004
CUST-07401,Miraya,Tiwari,miraya.tiwari798@hotmail.com,919496729615,1977-12-04,1996-01-08,PM-004
CUST-07402,Nirvi,Bhardwaj,nirvi647@icloud.com,918738822369,1975-02-21,2013-04-29,PM-003
CUST-07403,Chirag,Bassi,chirag_573@hotmail.com,918367336218,1987-01-14,2016-07-08,PM-002
CUST-07404,Ishaan,Deep,ishaan.884@gmail.com,917187875972,2000-01-26,2024-02-06,PM-002
CUST-07405,Amani,Suresh,amani.305@gmail.com,917282772288,1990-04-03,2021-09-10,PM-004
CUST-07406,Shamik,Sodhi,sodhishamik423@hotmail.com,918369190479,1992-10-05,2021-12-14,PM-002
CUST-07407,Reyansh,Basu,reyansh783@gmail.com,918981385244,1983-03-27,2018-10-01,PM-001
CUST-07408,Uthkarsh,Randhawa,uthkarsh_797@icloud.com,918783393608,2005-11-12,2024-06-07,PM-001
CUST-07409,Divyansh,Bandi,divyansh198@hotmail.com,918892108446,2002-04-11,2020-11-09,PM-002
CUST-07410,Inaaya ,Karan,inaaya 601@outlook.com,918231576151,2003-04-16,2021-11-10,PM-004
CUST-07411,Uthkarsh,Bora,uthkarsh_438@gmail.com,917809239811,1975-06-08,2012-07-08,PM-003
CUST-07412,Ehsaan,Garg,ehsaan_833@yahoo.com,919664373986,2002-07-09,2021-05-25,PM-003
CUST-07413,Mamooty,Koshy,mamooty_769@icloud.com,919092480624,1987-03-26,2015-08-02,PM-002
CUST-07414,Nitara,Sachdeva,nitara.sachdeva556@icloud.com,918074855589,1988-01-11,2012-05-21,PM-002
CUST-07415,Dharmajan,Brahmbhatt,dharmajan_912@yahoo.com,919091528141,1982-12-21,2023-04-10,PM-003
CUST-07416,Akarsh,Kohli,kohliakarsh120@gmail.com,918992888907,1975-01-13,2015-12-17,PM-003
CUST-07417,Kabir,Sarkar,sarkarkabir275@outlook.com,919429540321,1997-01-09,2022-08-25,PM-003
CUST-07418,Ahana ,Soman,ahana .soman595@outlook.com,917130972896,1994-05-12,2015-06-30,PM-003
CUST-07419,Neelofar,Tiwari,neelofar.404@hotmail.com,917462625594,1981-02-16,2016-11-11,PM-003
CUST-07420,Aaina,Bawa,aaina458@outlook.com,919589971285,1980-09-19,2016-10-27,PM-003
CUST-07421,Shaan,Wagle,shaan_823@gmail.com,917324059667,2001-10-29,2021-02-28,PM-003
CUST-07422,Eva,Trivedi,trivedieva419@hotmail.com,919369519349,2006-03-04,2024-03-29,PM-004
CUST-07423,Mishti,Bhat,mishti_399@outlook.com,919657347432,2002-05-31,2023-06-26,PM-004
CUST-07424,Dishani,Chana,dishani.852@yahoo.com,919648614548,1996-04-26,2016-02-04,PM-004
CUST-07425,Adah,Bath,bathadah869@outlook.com,918828179316,2004-03-11,2022-09-13,PM-002
CUST-07426,Baiju,Varughese,baiju.varughese637@outlook.com,917083232523,2003-05-04,2023-06-22,PM-001
CUST-07427,Diya,Saraf,diya427@outlook.com,917787304289,1975-12-22,2022-08-04,PM-002
CUST-07428,Umang,Chander,umang.804@outlook.com,918491349072,1978-11-25,2002-12-08,PM-004
CUST-07429,Yuvaan,Gupta,guptayuvaan597@hotmail.com,919198358958,2005-07-15,2023-09-29,PM-003
CUST-07430,Indrans,Dar,indrans130@yahoo.com,918895312083,2000-01-12,2019-11-19,PM-003
CUST-07431,Vaibhav,Sibal,vaibhav.sibal546@hotmail.com,917531594405,1990-04-20,2012-06-14,PM-003
CUST-07432,Tanya,Dani,tanya_773@outlook.com,918547074380,1978-02-21,2016-06-09,PM-001
CUST-07433,Aaina,Dhar,aaina_737@hotmail.com,919729015285,1975-10-21,2012-01-28,PM-001
CUST-07434,Amani,Walla,wallaamani263@icloud.com,917529796118,1999-07-21,2017-12-25,PM-003
CUST-07435,Pihu,Kalita,pihu.kalita655@gmail.com,918327503008,1981-10-28,2009-12-31,PM-002
CUST-07436,Saira,Bora,saira691@yahoo.com,917736502835,1999-10-15,2018-08-04,PM-003
CUST-07437,Sahil,Sarma,sahil.560@hotmail.com,918279801756,1982-01-14,2008-10-09,PM-001
CUST-07438,Biju,Swaminathan,swaminathanbiju454@gmail.com,918193839940,1980-11-08,2008-07-19,PM-002
CUST-07439,Himmat,Wadhwa,himmat.459@yahoo.com,917635350950,1996-05-06,2014-05-20,PM-001
CUST-07440,Sara,Basu,sara_515@hotmail.com,917292174957,1988-03-23,2012-08-11,PM-003
CUST-07441,Raunak,Vig,raunak663@icloud.com,918322421363,1974-07-13,2001-03-01,PM-001
CUST-07442,Jhanvi,Sant,jhanvi_618@yahoo.com,919056366513,1977-09-18,2002-12-15,PM-003
CUST-07443,Zara,Das,zara_307@hotmail.com,919906411342,1988-04-15,2010-03-19,PM-004
CUST-07444,Ayesha,Sarkar,ayesha.328@outlook.com,917532065977,1981-08-14,2013-09-29,PM-004
CUST-07445,Suhana,Rout,suhana.304@icloud.com,918204624120,1998-06-10,2016-10-19,PM-003
CUST-07446,Prerak,Sharma,sharmaprerak927@gmail.com,918875640583,1994-01-19,2023-09-08,PM-002
CUST-07447,Jivika,Srivastava,srivastavajivika193@icloud.com,919038478295,2006-01-31,2024-04-30,PM-003
CUST-07448,Umang,Chaudhari,umang907@hotmail.com,918961070494,1978-02-07,2007-04-28,PM-003
CUST-07449,Akarsh,Rana,akarsh444@gmail.com,919345520808,1986-03-01,2004-12-10,PM-003
CUST-07450,Ayesha,Sood,ayesha.sood755@icloud.com,917875791277,1980-08-29,1999-09-10,PM-003
CUST-07451,Riaan,Vora,riaan141@outlook.com,919854295085,1986-11-28,2008-12-03,PM-003
CUST-07452,Damini,Dugal,damini.dugal189@gmail.com,919871792870,1993-01-24,2020-05-08,PM-004
CUST-07453,Tushar,Mangat,tushar.mangat997@icloud.com,918622648403,1995-01-13,2015-12-30,PM-004
CUST-07454,Misha,Salvi,misha.539@icloud.com,918986578532,1985-05-09,2013-09-20,PM-001
CUST-07455,Anika,Konda,anika360@hotmail.com,919239575113,1999-09-10,2022-09-18,PM-004
CUST-07456,Ishaan,Bhasin,ishaan.423@yahoo.com,919219675966,2000-10-25,2022-01-07,PM-002
CUST-07457,Tanya,Dua,tanya.dua892@yahoo.com,917128877738,1976-04-19,2019-04-29,PM-004
CUST-07458,Anya,Sinha,anya.sinha831@hotmail.com,918082315501,1992-05-21,2021-06-01,PM-002
CUST-07459,Jivin,Sheth,shethjivin333@outlook.com,917453243053,2002-03-01,2021-06-24,PM-003
CUST-07460,Keya,Lala,keya.lala192@icloud.com,919362566994,2004-04-02,2024-02-05,PM-002
CUST-07461,Bhamini,Upadhyay,bhamini_938@yahoo.com,918904907911,2004-06-06,2022-06-25,PM-002
CUST-07462,Ayesha,Gandhi,ayesha_862@gmail.com,918938722154,1995-09-09,2013-10-07,PM-002
CUST-07463,Yuvaan,Bhakta,yuvaan.388@outlook.com,917948724267,2004-02-29,2023-12-16,PM-003
CUST-07464,Biju,Mandal,biju_600@yahoo.com,917074080783,1983-11-29,2019-09-19,PM-003
CUST-07465,Ivan,Bose,ivan392@yahoo.com,917473754287,1994-03-05,2014-12-19,PM-001
CUST-07466,Nayantara,Grewal,nayantara_720@icloud.com,917904548408,1976-07-17,2018-05-23,PM-003
CUST-07467,Zeeshan,Mann,zeeshan.216@gmail.com,918717891234,2001-12-31,2020-03-24,PM-003
CUST-07468,Yashvi,Chandran,yashvi.chandran840@outlook.com,917985052458,2001-01-21,2023-02-21,PM-002
CUST-07469,Aarav,Toor,aarav.toor467@icloud.com,919736484506,2001-10-28,2023-01-05,PM-003
CUST-07470,Lavanya,Grewal,lavanya.949@icloud.com,918589255130,1987-07-23,2007-04-07,PM-004
CUST-07471,Amira,Thakur,amira_782@gmail.com,919988802365,1988-03-12,2017-03-24,PM-003
CUST-07472,Abram,Butala,abram655@icloud.com,919477749250,2003-08-26,2023-03-16,PM-001
CUST-07473,Nayantara,Barad,nayantara.927@gmail.com,919309148566,2001-01-21,2024-01-06,PM-003
CUST-07474,Shanaya,Dewan,dewanshanaya215@outlook.com,919051287962,2004-05-11,2022-10-04,PM-003
CUST-07475,Parinaaz,Gandhi,parinaaz.595@icloud.com,919587698374,1978-07-29,2001-08-08,PM-002
CUST-07476,Rati,Taneja,rati.taneja399@icloud.com,918192475049,1985-05-09,2018-09-05,PM-001
CUST-07477,Parinaaz,Lal,parinaaz_346@hotmail.com,919662940502,1989-09-08,2008-03-17,PM-002
CUST-07478,Shamik,Chadha,chadhashamik117@icloud.com,917118479158,1988-12-24,2021-11-03,PM-004
CUST-07479,Aarav,Mann,aarav371@outlook.com,919979158725,1998-02-08,2019-12-15,PM-002
CUST-07480,Sara,Kohli,sara.kohli404@gmail.com,917808665200,1978-10-14,2020-02-21,PM-002
CUST-07481,Zain,Bora,borazain215@gmail.com,919114978620,1986-05-04,2023-06-03,PM-001
CUST-07482,Trisha,Bhattacharyya,bhattacharyyatrisha509@yahoo.com,919697451555,2005-12-31,2024-03-23,PM-002
CUST-07483,Akarsh,Sheth,akarsh995@outlook.com,919584077798,1978-10-02,2016-06-23,PM-003
CUST-07484,Madhup,Saha,madhup891@yahoo.com,918054188076,1984-07-03,2012-12-26,PM-001
CUST-07485,Rohan,Chokshi,rohan_854@icloud.com,918566186524,1992-12-25,2013-02-02,PM-003
CUST-07486,Shray,Lanka,shray.512@yahoo.com,919666163372,1999-08-17,2019-05-14,PM-001
CUST-07487,Ahana ,Chauhan,ahana 724@hotmail.com,917767018629,1991-11-11,2022-03-01,PM-001
CUST-07488,Shalv,Tiwari,shalv.208@outlook.com,919658477210,1999-04-25,2022-05-15,PM-002
CUST-07489,Anahita,Loke,anahita342@hotmail.com,918006290841,2002-05-06,2022-08-16,PM-002
CUST-07490,Nakul,Reddy,nakul.reddy702@hotmail.com,917850468005,1997-09-19,2020-12-11,PM-001
CUST-07491,Nayantara,Singh,nayantara.276@hotmail.com,919075288169,1979-03-17,2009-03-04,PM-003
CUST-07492,Sumer,Buch,sumer888@icloud.com,917104637664,1992-02-02,2022-06-01,PM-001
CUST-07493,Eva,Dhar,eva.dhar114@icloud.com,917967082653,1998-04-22,2017-03-20,PM-003
CUST-07494,Arhaan,Dash,dasharhaan766@outlook.com,918061379364,1975-04-28,2011-11-07,PM-004
CUST-07495,Ehsaan,Bumb,ehsaan.bumb127@hotmail.com,919646892695,2000-01-24,2019-07-04,PM-003
CUST-07496,Zaina,Sarna,zaina.167@outlook.com,917334759465,1975-03-19,1994-04-02,PM-002
CUST-07497,Emir,Grover,emir803@icloud.com,918617775253,1998-04-14,2022-11-11,PM-001
CUST-07498,Nirvaan,Tandon,tandonnirvaan868@hotmail.com,918265017128,1988-12-10,2011-11-13,PM-001
CUST-07499,Manjari,Chandran,manjari.221@icloud.com,919117663609,2000-12-11,2022-09-25,PM-002
CUST-07500,Devansh,Aggarwal,devansh.aggarwal979@hotmail.com,919328624647,1993-12-01,2022-12-21,PM-002
CUST-07501,Misha,Sane,misha303@outlook.com,918903101518,1975-10-01,2020-09-03,PM-004
CUST-07502,Renee,Dada,renee_273@hotmail.com,918498289525,1996-08-29,2022-01-09,PM-002
CUST-07503,Uthkarsh,Roy,uthkarsh.roy805@yahoo.com,917840724689,1985-06-18,2015-06-13,PM-004
CUST-07504,Lavanya,Batta,lavanya_509@outlook.com,919830955342,1991-08-14,2018-06-08,PM-003
CUST-07505,Kartik,Bose,kartik_339@outlook.com,918274639968,1998-10-31,2017-01-14,PM-004
CUST-07506,Nishith,Chakrabarti,nishith.651@outlook.com,919730926047,1982-06-29,2005-07-09,PM-004
CUST-07507,Jivika,Ranganathan,jivika265@hotmail.com,919430448567,1976-02-21,2003-07-01,PM-002
CUST-07508,Hazel,Rege,hazel_332@icloud.com,918837771602,2002-05-03,2022-10-23,PM-001
CUST-07509,Romil,Krish,romil.krish620@icloud.com,919971732626,1985-08-07,2012-02-21,PM-001
CUST-07510,Samarth,Mangat,samarth617@yahoo.com,918600103296,2005-03-18,2024-04-24,PM-001
CUST-07511,Ojas,Kothari,ojas_738@gmail.com,918894617714,2003-04-27,2023-12-23,PM-002
CUST-07512,Heer,Sethi,heer796@gmail.com,919236851873,2006-05-22,2024-06-12,PM-004
CUST-07513,Samar,Saha,samar.saha719@yahoo.com,919218711855,1982-02-10,2021-09-21,PM-001
CUST-07514,Ahana ,Saraf,ahana _899@outlook.com,917575299724,1985-08-03,2012-02-29,PM-004
CUST-07515,Mohanlal,Walla,mohanlal.walla377@hotmail.com,917307577001,1981-07-12,2013-09-11,PM-001
CUST-07516,Anya,Singhal,anya.singhal403@yahoo.com,919402937562,1997-04-02,2021-07-12,PM-002
CUST-07517,Raghav,Das,raghav.das272@outlook.com,917047889300,1991-10-10,2023-01-06,PM-001
CUST-07518,Shaan,Amble,shaan_819@outlook.com,918002686106,1977-03-23,2005-01-14,PM-003
CUST-07519,Mishti,Sinha,mishti.812@hotmail.com,917729299552,1997-06-19,2017-08-04,PM-004
CUST-07520,Baiju,Ravi,baiju.792@hotmail.com,919454637175,1976-08-30,2019-04-26,PM-002
CUST-07521,Pranay,Borra,pranay257@hotmail.com,918544641046,1989-08-06,2022-09-23,PM-001
CUST-07522,Dishani,Subramaniam,dishani.266@gmail.com,918276257413,1988-04-04,2016-02-21,PM-001
CUST-07523,Ayesha,Andra,ayesha.andra962@hotmail.com,918967834566,1979-05-28,2014-02-01,PM-001
CUST-07524,Zaina,Agate,zaina893@icloud.com,919110884995,1977-12-07,1999-08-05,PM-003
CUST-07525,Mahika,Bhatt,mahika.508@icloud.com,919924957242,1975-01-19,1999-07-31,PM-003
CUST-07526,Ela,Dar,ela.dar431@outlook.com,918209833443,2004-09-18,2023-11-11,PM-003
CUST-07527,Vivaan,Shroff,vivaan954@hotmail.com,919346491336,2005-05-20,2023-12-30,PM-002
CUST-07528,Mohanlal,Babu,babumohanlal397@hotmail.com,919429819026,1994-11-08,2017-05-21,PM-004
CUST-07529,Dhanuk,Krishna,krishnadhanuk533@icloud.com,917629130060,1975-09-07,2019-10-28,PM-002
CUST-07530,Mannat,Wable,wablemannat981@outlook.com,917644785369,2003-02-16,2022-11-16,PM-001
CUST-07531,Tushar,Deshmukh,tushar_595@gmail.com,918531974501,1992-03-21,2022-05-06,PM-003
CUST-07532,Keya,Kata,keya_591@gmail.com,918459468758,1976-01-01,2008-03-05,PM-001
CUST-07533,Indranil,Vasa,indranil117@hotmail.com,917622347581,2006-06-14,2024-06-10,PM-002
CUST-07534,Adah,Chana,chanaadah394@gmail.com,919582333577,2005-11-20,2024-05-06,PM-001
CUST-07535,Vritika,Setty,vritika.setty898@icloud.com,917932814461,2005-10-06,2023-10-09,PM-001
CUST-07536,Myra,Chopra,myra_379@yahoo.com,918946197556,2001-05-25,2021-11-26,PM-004
CUST-07537,Vivaan,Seshadri,seshadrivivaan271@icloud.com,919393649029,1992-10-21,2015-11-01,PM-001
CUST-07538,Sara,Loyal,sara.208@hotmail.com,917512378372,1975-07-04,2016-07-11,PM-001
CUST-07539,Keya,Salvi,keya.salvi382@icloud.com,919297742814,1984-12-09,2014-10-30,PM-004
CUST-07540,Saanvi,Grover,saanvi.185@yahoo.com,919201994153,1991-04-03,2013-03-18,PM-004
CUST-07541,Sana,Solanki,solankisana307@hotmail.com,919459827320,2005-10-13,2024-02-25,PM-003
CUST-07542,Parinaaz,Talwar,parinaaz.talwar994@yahoo.com,917331828541,2003-10-20,2023-05-29,PM-004
CUST-07543,Kartik,Rajan,kartik599@hotmail.com,918572638965,1984-05-04,2017-05-11,PM-001
CUST-07544,Anahi,Sahota,anahi907@gmail.com,918100142352,1994-03-28,2020-09-29,PM-001
CUST-07545,Hridaan,Chander,hridaan.144@outlook.com,917109288594,2001-05-05,2022-08-15,PM-003
CUST-07546,Siya,Verma,siya.962@outlook.com,918778161689,2000-10-11,2024-05-08,PM-003
CUST-07547,Gatik,Bhakta,gatik_572@icloud.com,919367921775,1988-01-13,2023-10-01,PM-003
CUST-07548,Elakshi,Buch,elakshi458@icloud.com,917549665505,1981-06-05,2013-07-18,PM-004
CUST-07549,Aarush,Bajaj,aarush354@icloud.com,917065307792,1992-01-08,2018-04-11,PM-004
CUST-07550,Yakshit,Sane,yakshit_142@outlook.com,917471688140,1982-01-27,2019-09-09,PM-004
CUST-07551,Tara,Konda,tara.konda438@hotmail.com,919040601672,1983-05-03,2023-01-21,PM-002
CUST-07552,Vaibhav,Hora,vaibhav473@yahoo.com,918363376601,1998-05-15,2018-02-24,PM-003
CUST-07553,Onkar,Kannan,onkar.296@hotmail.com,918473705820,1988-03-12,2014-08-16,PM-004
CUST-07554,Nitara,Sahota,nitara.sahota220@icloud.com,918737102614,1990-06-26,2016-05-13,PM-004
CUST-07555,Bhavin,Som,bhavin.som240@yahoo.com,917665916573,2000-04-01,2020-10-18,PM-001
CUST-07556,Umang,Thaman,umang830@outlook.com,917253249398,1979-08-04,2015-07-08,PM-001
CUST-07557,Hiran,Mann,mannhiran881@yahoo.com,918121930932,1995-10-08,2016-08-02,PM-002
CUST-07558,Manjari,Dora,manjari_226@hotmail.com,918717418028,1994-01-21,2022-12-10,PM-002
CUST-07559,Kaira,Wali,kaira.wali190@icloud.com,917950094356,1985-08-27,2014-01-11,PM-002
CUST-07560,Advik,Hayre,advik.hayre802@gmail.com,917845009130,1992-07-02,2019-03-18,PM-002
CUST-07561,Tanya,Baria,tanya231@outlook.com,917502991442,1992-07-02,2013-02-21,PM-003
CUST-07562,Sahil,Desai,sahil833@yahoo.com,918098525386,1979-03-20,2005-04-27,PM-002
CUST-07563,Hridaan,Gopal,hridaan.gopal711@hotmail.com,918959501932,1978-07-14,1997-01-01,PM-001
CUST-07564,Umang,Sengupta,umang.878@yahoo.com,917275710180,1990-12-22,2015-12-02,PM-003
CUST-07565,Jivin,Kanda,jivin.kanda513@yahoo.com,919587528183,1986-10-31,2006-08-21,PM-004
CUST-07566,Himmat,Kashyap,himmat603@outlook.com,917005125173,1978-11-17,2005-11-14,PM-001
CUST-07567,Sumer,Rama,sumer198@hotmail.com,919258528714,1976-10-07,1996-03-11,PM-004
CUST-07568,Nitara,Chada,chadanitara957@gmail.com,918614798761,1983-08-18,2021-01-08,PM-001
CUST-07569,Amira,Krishna,krishnaamira390@outlook.com,917983675424,1992-09-30,2022-08-21,PM-002
CUST-07570,Shalv,Sood,shalv303@hotmail.com,918623490152,1981-12-19,2007-09-29,PM-002
CUST-07571,Vardaniya,Chander,vardaniya138@hotmail.com,918126237181,1989-06-24,2012-03-12,PM-003
CUST-07572,Neysa,Sura,neysa_949@gmail.com,917555808008,1996-07-04,2017-06-01,PM-004
CUST-07573,Saksham,Vasa,saksham_496@yahoo.com,917295413138,1997-10-08,2021-02-17,PM-001
CUST-07574,Uthkarsh,Shan,shanuthkarsh343@yahoo.com,919273781929,1995-02-20,2018-11-20,PM-001
CUST-07575,Aarush,Ramakrishnan,aarush_108@gmail.com,918978840622,2000-05-07,2024-05-06,PM-001
CUST-07576,Kanav,Thakkar,kanav.thakkar450@outlook.com,919830147370,1980-07-27,2016-06-25,PM-001
CUST-07577,Madhav,Sur,madhav698@icloud.com,917214011695,1979-04-11,1999-04-11,PM-001
CUST-07578,Shray,Sankaran,shray277@icloud.com,917888095324,1983-08-04,2008-05-05,PM-003
CUST-07579,Tarini,Chana,tarini.chana136@hotmail.com,917939178173,1976-01-13,2024-06-12,PM-003
CUST-07580,Vritika,Lala,vritika_319@hotmail.com,917345578213,1982-08-05,2024-03-10,PM-002
CUST-07581,Nayantara,Rege,nayantara.217@hotmail.com,918450293560,1984-12-05,2006-07-10,PM-004
CUST-07582,Saanvi,Uppal,saanvi.632@outlook.com,917197877966,1975-06-06,2016-05-28,PM-001
CUST-07583,Tejas,Chauhan,chauhantejas878@gmail.com,917815125356,1985-10-01,2007-05-20,PM-003
CUST-07584,Saira,Sawhney,saira.693@gmail.com,919828560784,1979-11-24,2013-11-30,PM-001
CUST-07585,Nirvi,Balasubramanian,nirvi.balasubramanian536@outlook.com,918944441986,1975-12-23,2010-11-09,PM-004
CUST-07586,Kaira,Bhat,kaira.bhat590@icloud.com,919758118867,1979-04-10,2001-05-26,PM-003
CUST-07587,Tara,Shere,tara_319@outlook.com,918748894635,2005-01-18,2023-09-03,PM-001
CUST-07588,Samarth,Thakur,thakursamarth301@yahoo.com,919086112401,1981-11-04,2000-08-03,PM-002
CUST-07589,Anya,Kari,anya_444@outlook.com,919277613900,1993-06-03,2024-01-25,PM-004
CUST-07590,Vivaan,Mandal,vivaan_447@hotmail.com,917908536381,2001-12-22,2020-01-19,PM-004
CUST-07591,Nitara,Ganesan,nitara876@gmail.com,917384039764,1992-05-09,2019-06-08,PM-001
CUST-07592,Yakshit,Bassi,yakshit_645@yahoo.com,917597513368,2001-06-26,2020-02-26,PM-003
CUST-07593,Alisha,Bains,alisha.bains366@gmail.com,918702353338,1978-06-11,2012-04-24,PM-004
CUST-07594,Ojas,Bala,ojas.187@outlook.com,917790594102,2001-11-08,2022-04-04,PM-002
CUST-07595,Sumer,Lad,sumer_730@outlook.com,919957225524,1978-07-09,2000-07-09,PM-002
CUST-07596,Kimaya,Sarma,kimaya283@gmail.com,917769039515,1981-04-14,2024-06-12,PM-001
CUST-07597,Nitya,Deol,nitya.deol840@yahoo.com,918759621875,2003-04-18,2022-02-25,PM-003
CUST-07598,Seher,Barad,seher.260@hotmail.com,919815984422,1974-12-18,1995-08-20,PM-002
CUST-07599,Alia,Sastry,alia.325@icloud.com,919733490541,2002-08-11,2022-05-21,PM-002
CUST-07600,Ayesha,Halder,ayesha_975@hotmail.com,918840929619,1987-12-05,2006-05-31,PM-002
CUST-07601,Shray,Mand,shray531@hotmail.com,919628012774,1991-09-09,2014-08-10,PM-001
CUST-07602,Alia,Jain,jainalia514@gmail.com,919625291535,1992-11-01,2011-03-31,PM-002
CUST-07603,Saksham,Kapur,saksham_391@outlook.com,917701997146,1999-02-02,2018-07-21,PM-001
CUST-07604,Hrishita,Aggarwal,hrishita.aggarwal650@outlook.com,919324631735,1998-01-03,2020-12-27,PM-002
CUST-07605,Renee,Apte,renee.apte214@icloud.com,917234839979,1986-10-02,2006-07-16,PM-004
CUST-07606,Hrishita,Chokshi,hrishita.728@hotmail.com,919508518294,1984-04-12,2022-01-21,PM-003
CUST-07607,Ojas,Solanki,ojas.650@icloud.com,917832088922,1981-12-02,2006-02-03,PM-004
CUST-07608,Myra,Viswanathan,myra.346@gmail.com,918670827357,1978-11-03,2016-03-29,PM-002
CUST-07609,Madhav,Sanghvi,madhav_770@icloud.com,918187206204,1987-11-25,2019-04-14,PM-002
CUST-07610,Vardaniya,Bhat,vardaniya_874@yahoo.com,919188614351,2004-10-15,2024-03-18,PM-003
CUST-07611,Aarna,Sandal,aarna.916@outlook.com,917470825366,1982-01-08,2021-11-23,PM-001
CUST-07612,Divij,Subramanian,divij_556@icloud.com,918421387319,2000-05-08,2024-03-21,PM-002
CUST-07613,Nitara,Lalla,lallanitara450@yahoo.com,918162471348,1995-08-30,2017-05-31,PM-001
CUST-07614,Diya,Kulkarni,diya.kulkarni694@hotmail.com,919745559105,1982-03-15,2009-01-24,PM-004
CUST-07615,Vidur,Warrior,vidur136@outlook.com,917122568592,1994-04-02,2016-03-20,PM-001
CUST-07616,Siya,Dave,siya.dave691@gmail.com,918087371567,1994-10-20,2014-03-27,PM-004
CUST-07617,Onkar,Jha,onkar_882@gmail.com,919027836368,1997-07-05,2015-09-10,PM-003
CUST-07618,Shlok,Bhattacharyya,shlok.bhattacharyya930@outlook.com,919243011971,1984-03-08,2013-05-09,PM-001
CUST-07619,Taran,Sama,samataran579@yahoo.com,918510798990,1979-09-17,1999-01-17,PM-004
CUST-07620,Alia,Sagar,alia.sagar960@outlook.com,917526255939,2002-05-28,2024-05-25,PM-001
CUST-07621,Dhruv,Raju,rajudhruv634@yahoo.com,919087770451,1979-06-06,2004-06-05,PM-002
CUST-07622,Sana,Datta,sana605@gmail.com,918088413483,2004-09-13,2022-10-23,PM-001
CUST-07623,Mehul,Shroff,mehul.shroff659@hotmail.com,917136920610,1984-03-19,2007-07-29,PM-004
CUST-07624,Neelofar,Yadav,yadavneelofar293@icloud.com,919668090831,1993-04-01,2024-05-21,PM-001
CUST-07625,Aarush,Sethi,sethiaarush434@outlook.com,919242660670,1975-03-28,1996-09-08,PM-002
CUST-07626,Anahita,Kaul,anahita845@icloud.com,919609613584,1996-02-26,2019-11-10,PM-001
CUST-07627,Riaan,Kapadia,riaan.827@icloud.com,918774111750,1982-04-08,2016-09-21,PM-001
CUST-07628,Yakshit,Singhal,yakshit.210@outlook.com,919042413166,1989-11-16,2016-07-30,PM-001
CUST-07629,Divij,Kata,divij386@yahoo.com,919866335589,1985-06-21,2007-08-04,PM-002
CUST-07630,Anya,Chokshi,chokshianya991@gmail.com,919669012549,1988-07-17,2010-12-30,PM-001
CUST-07631,Oorja,Sane,saneoorja957@icloud.com,917322130140,2000-07-28,2018-09-12,PM-004
CUST-07632,Gatik,Bhatnagar,gatik.579@icloud.com,918311229046,2003-06-27,2024-03-07,PM-003
CUST-07633,Aaryahi,Dar,aaryahi.636@icloud.com,918660761222,1986-07-24,2016-01-12,PM-002
CUST-07634,Himmat,Sibal,sibalhimmat699@gmail.com,918766326380,1980-12-27,2004-07-16,PM-004
CUST-07635,Mamooty,Krishnan,mamooty687@outlook.com,919521899928,1992-02-16,2016-08-10,PM-002
CUST-07636,Vritika,Iyer,vritika_529@yahoo.com,919379451439,1994-08-06,2015-07-16,PM-004
CUST-07637,Ojas,Raja,rajaojas115@hotmail.com,917451184658,1990-02-27,2009-03-26,PM-001
CUST-07638,Divij,Mangat,divij302@gmail.com,918350008627,1979-05-29,2009-02-10,PM-003
CUST-07639,Ela,Karpe,ela.929@hotmail.com,918860363322,1990-11-21,2013-07-12,PM-004
CUST-07640,Hiran,Bora,hiran.237@outlook.com,917992098434,1976-03-19,2001-10-05,PM-003
CUST-07641,Divit,Baral,divit.751@yahoo.com,917041388850,1990-06-17,2017-06-05,PM-002
CUST-07642,Anaya,Vala,anaya934@outlook.com,919004192477,1981-12-15,2007-09-27,PM-004
CUST-07643,Kartik,Khatri,kartik.khatri552@yahoo.com,919733656460,1981-12-11,2004-09-12,PM-003
CUST-07644,Madhav,Balakrishnan,madhav.balakrishnan920@outlook.com,917810832339,1975-06-02,2005-06-24,PM-002
CUST-07645,Shaan,Kari,shaan535@outlook.com,917882700237,1975-12-29,2015-02-06,PM-004
CUST-07646,Sana,Shan,sana.817@icloud.com,917141228355,1996-11-27,2016-08-21,PM-004
CUST-07647,Piya,Shetty,piya575@outlook.com,917811849665,1976-01-18,2005-07-07,PM-002
CUST-07648,Adira,Bala,balaadira268@outlook.com,917983524485,2006-04-10,2024-04-15,PM-003
CUST-07649,Yashvi,Dugal,yashvi.dugal799@hotmail.com,917000313961,1981-01-05,2018-05-04,PM-004
CUST-07650,Sumer,Lad,sumer518@outlook.com,917499718238,1997-01-04,2023-07-05,PM-001
CUST-07651,Bhavin,Gill,bhavin.346@yahoo.com,917489552998,1981-05-08,2002-07-28,PM-002
CUST-07652,Tanya,Krishnan,tanya.110@outlook.com,919322043589,1991-03-13,2017-11-16,PM-001
CUST-07653,Renee,Wason,renee.169@yahoo.com,917969567453,1995-12-14,2016-08-12,PM-003
CUST-07654,Fateh,Kar,fateh.kar731@icloud.com,918469450575,1981-07-02,2009-06-20,PM-002
CUST-07655,Saksham,Karpe,saksham_414@outlook.com,918764867515,1994-07-31,2015-12-10,PM-003
CUST-07656,Lakshit,Bhagat,lakshit.bhagat925@outlook.com,919548931087,2000-08-12,2022-04-26,PM-004
CUST-07657,Neelofar,Mann,neelofar_389@icloud.com,918424839650,1975-12-01,2005-02-28,PM-003
CUST-07658,Kanav,Chadha,kanav_182@gmail.com,919284720771,1986-07-02,2009-01-03,PM-001
CUST-07659,Dhanuk,Sankaran,dhanuk.sankaran104@hotmail.com,919232989699,1998-01-29,2021-12-20,PM-002
CUST-07660,Tejas,Koshy,koshytejas699@outlook.com,918728355859,1999-03-20,2018-08-02,PM-003
CUST-07661,Kismat,Chada,kismat_895@outlook.com,917976569025,1979-05-04,2007-04-16,PM-002
CUST-07662,Zara,Barman,barmanzara201@yahoo.com,918098950321,1981-05-25,2009-06-07,PM-002
CUST-07663,Siya,Sen,siya_552@gmail.com,917982127432,1980-04-25,2007-04-19,PM-003
CUST-07664,Raghav,Lata,raghav.313@hotmail.com,917729887073,2003-05-22,2022-08-23,PM-002
CUST-07665,Jayesh,Sodhi,jayesh.sodhi849@icloud.com,917207516989,1984-02-28,2019-08-26,PM-002
CUST-07666,Ryan,Dara,dararyan446@outlook.com,919170980377,1995-05-12,2018-04-28,PM-003
CUST-07667,Shayak,Ahuja,ahujashayak259@icloud.com,918823634624,2001-04-21,2024-04-05,PM-001
CUST-07668,Seher,Chopra,seher.chopra884@gmail.com,918882233540,1975-06-27,2013-09-18,PM-001
CUST-07669,Dhanush,Majumdar,majumdardhanush358@hotmail.com,918486119011,1991-06-30,2020-01-20,PM-004
CUST-07670,Saira,Dada,saira.dada385@yahoo.com,918665358849,1998-04-20,2020-03-06,PM-001
CUST-07671,Abram,Bhargava,abram.862@icloud.com,917810214013,1995-06-08,2013-12-14,PM-004
CUST-07672,Mamooty,Bhat,bhatmamooty457@icloud.com,919081538936,2004-01-01,2022-08-27,PM-001
CUST-07673,Parinaaz,Baral,parinaaz.baral805@hotmail.com,919322484522,1990-08-11,2010-03-22,PM-003
CUST-07674,Kavya,Loyal,kavya315@icloud.com,919351285260,1984-11-10,2006-11-13,PM-002
CUST-07675,Vedika,Sani,vedika_527@yahoo.com,918660368138,1983-05-07,2018-07-22,PM-002
CUST-07676,Hridaan,Bose,hridaan_793@icloud.com,918913926350,1994-05-27,2016-03-06,PM-004
CUST-07677,Hansh,Anne,annehansh530@gmail.com,918656664959,1980-04-09,2002-10-11,PM-003
CUST-07678,Nehmat,Kapoor,nehmat.kapoor502@gmail.com,919976386616,1993-11-16,2024-06-09,PM-002
CUST-07679,Charvi,Bassi,charvi680@icloud.com,919672848304,1992-06-02,2022-10-20,PM-001
CUST-07680,Prerak,Chawla,chawlaprerak297@outlook.com,919643601778,2003-11-01,2024-02-06,PM-003
CUST-07681,Nakul,Dar,nakul.882@yahoo.com,917870986418,1990-08-07,2023-08-18,PM-001
CUST-07682,Jayan,Devan,jayan.155@outlook.com,919406354944,1998-02-06,2022-06-03,PM-004
CUST-07683,Biju,Kumer,kumerbiju287@yahoo.com,919541115360,1997-03-07,2016-08-31,PM-002
CUST-07684,Akarsh,Vaidya,akarsh908@icloud.com,917763664494,1989-04-20,2023-10-28,PM-003
CUST-07685,Shanaya,Bava,shanaya.bava287@gmail.com,918424454549,1997-01-01,2024-04-09,PM-001
CUST-07686,Lakshit,Brar,lakshit.brar222@gmail.com,919805582637,1980-10-15,2019-09-01,PM-001
CUST-07687,Hridaan,Samra,hridaan.328@outlook.com,918766741621,1990-02-18,2017-01-11,PM-002
CUST-07688,Nehmat,Sidhu,nehmat_429@hotmail.com,919718055323,1979-02-08,2001-04-23,PM-003
CUST-07689,Indranil,Sem,indranil.sem298@gmail.com,918192362064,1985-06-25,2012-11-17,PM-003
CUST-07690,Gatik,Kapur,kapurgatik402@gmail.com,919346540632,1984-01-08,2023-08-31,PM-003
CUST-07691,Samar,Khurana,samar.683@gmail.com,919035081743,1982-01-13,2006-05-01,PM-001
CUST-07692,Diya,Varughese,diya.229@icloud.com,919596065680,1990-07-29,2012-07-03,PM-002
CUST-07693,Kiara,Krishna,kiara195@icloud.com,918107355253,2003-04-06,2023-05-11,PM-002
CUST-07694,Pranay,Bhatti,pranay.811@gmail.com,917015947235,1981-07-04,1999-09-20,PM-001
CUST-07695,Onkar,Date,dateonkar701@hotmail.com,917032288300,1976-12-03,2006-02-10,PM-001
CUST-07696,Saanvi,Guha,saanvi.819@hotmail.com,917970456352,1974-10-24,2001-10-25,PM-004
CUST-07697,Madhup,Shan,madhup559@icloud.com,917619153415,1982-01-09,2006-02-12,PM-001
CUST-07698,Emir,Suresh,emir.300@outlook.com,917463038318,1985-06-23,2015-02-20,PM-004
CUST-07699,Ishita,Saha,ishita.549@yahoo.com,919654251751,1975-04-16,2019-02-26,PM-004
CUST-07700,Sara,Ram,sara536@hotmail.com,918140333216,1974-11-13,2012-01-14,PM-003
CUST-07701,Shayak,Sandal,shayak_291@icloud.com,918346042465,1987-03-20,2010-05-15,PM-001
CUST-07702,Keya,Thaker,keya_463@icloud.com,918746048605,1986-06-23,2013-03-15,PM-002
CUST-07703,Zain,Tata,zain.967@hotmail.com,919281539720,1981-09-22,2005-06-10,PM-002
CUST-07704,Pihu,Sani,pihu_609@yahoo.com,919902711738,2000-11-13,2023-05-05,PM-004
CUST-07705,Kimaya,Lanka,kimaya.819@outlook.com,917251261666,2005-06-23,2023-07-21,PM-003
CUST-07706,Azad,Saran,saranazad106@yahoo.com,918581059583,1999-12-02,2021-12-16,PM-003
CUST-07707,Prerak,Rao,prerak707@yahoo.com,917771034048,1980-08-24,2005-03-25,PM-003
CUST-07708,Sana,Chaudhary,sana_642@icloud.com,917633047235,2005-11-05,2024-05-05,PM-001
CUST-07709,Manikya,Shankar,shankarmanikya334@hotmail.com,919817038599,1985-06-23,2008-01-27,PM-003
CUST-07710,Himmat,Toor,himmat509@icloud.com,917771790161,1974-11-18,2019-10-09,PM-002
CUST-07711,Pari,Raman,pari.790@gmail.com,918897569107,1979-05-24,2001-07-28,PM-002
CUST-07712,Dhruv,De,dedhruv103@hotmail.com,919270596929,1977-01-26,2013-11-14,PM-002
CUST-07713,Eva,Goel,goeleva781@icloud.com,917564307118,1996-02-13,2016-12-26,PM-002
CUST-07714,Aarush,Rattan,aarush.297@gmail.com,919116976658,1994-01-08,2020-04-26,PM-003
CUST-07715,Samarth,Cherian,samarth255@hotmail.com,917876618742,2005-03-07,2023-05-02,PM-004
CUST-07716,Neysa,Seshadri,neysa_707@icloud.com,919736149971,1985-02-07,2015-11-18,PM-004
CUST-07717,Heer,Krishnamurthy,heer.765@icloud.com,917107733680,1982-06-02,2006-08-06,PM-002
CUST-07718,Anahita,Subramanian,subramaniananahita866@hotmail.com,917088899408,1986-05-02,2006-04-24,PM-002
CUST-07719,Vanya,Sahota,vanya_710@hotmail.com,918636057688,1988-11-18,2011-09-08,PM-002
CUST-07720,Taimur,Sarkar,taimur_762@gmail.com,918508137291,1984-11-09,2022-07-13,PM-003
CUST-07721,Heer,Singhal,heer.668@hotmail.com,919067608398,1985-04-30,2016-01-05,PM-001
CUST-07722,Aaryahi,Balan,aaryahi.989@hotmail.com,917357995549,1987-01-09,2012-10-08,PM-004
CUST-07723,Kanav,Char,kanav462@icloud.com,917085053814,1996-07-13,2018-11-11,PM-001
CUST-07724,Elakshi,Karan,karanelakshi832@icloud.com,918826397320,1996-10-03,2022-06-08,PM-004
CUST-07725,Zeeshan,Deshpande,zeeshan133@outlook.com,918479710120,1985-01-31,2007-03-03,PM-001
CUST-07726,Hunar,Bhasin,hunar864@outlook.com,917386741647,1990-08-02,2020-12-12,PM-001
CUST-07727,Pranay,Bhatt,pranay.bhatt249@hotmail.com,918716583520,1998-06-22,2018-08-16,PM-004
CUST-07728,Vanya,Biswas,vanya467@outlook.com,919301486209,1997-05-06,2016-08-15,PM-004
CUST-07729,Khushi,Sur,surkhushi294@icloud.com,917333205151,1985-03-10,2012-06-18,PM-001
CUST-07730,Azad,Krishnan,krishnanazad494@yahoo.com,917991943639,2000-03-08,2020-01-06,PM-004
CUST-07731,Alisha,Char,charalisha612@hotmail.com,919689030090,1989-12-14,2020-01-11,PM-001
CUST-07732,Neysa,Dhillon,neysa.dhillon742@yahoo.com,919289528897,1985-07-30,2020-05-15,PM-004
CUST-07733,Vaibhav,Raju,vaibhav538@gmail.com,919043676973,1976-05-26,2005-08-06,PM-002
CUST-07734,Damini,Tandon,damini_632@hotmail.com,918322795875,1981-05-01,2013-03-22,PM-003
CUST-07735,Baiju,Sehgal,baiju_823@outlook.com,917769763316,2006-03-02,2024-03-28,PM-003
CUST-07736,Kabir,Aurora,kabir.442@yahoo.com,917717767009,2003-04-02,2023-03-06,PM-001
CUST-07737,Hiran,Baria,hiran.baria173@hotmail.com,917567106960,2005-04-15,2023-10-07,PM-004
CUST-07738,Taran,Taneja,taran_852@yahoo.com,917263028323,1982-02-08,2016-10-28,PM-004
CUST-07739,Neysa,Batta,neysa314@yahoo.com,917123438547,1999-04-19,2022-07-12,PM-003
CUST-07740,Rohan,Divan,rohan_735@outlook.com,918318702924,1995-11-04,2022-08-24,PM-004
CUST-07741,Piya,Goswami,piya.995@yahoo.com,917531432761,1981-03-19,2018-05-08,PM-001
CUST-07742,Darshit,Dalal,darshit.220@hotmail.com,918097528179,1994-08-20,2016-02-09,PM-001
CUST-07743,Anika,Sabharwal,anika_561@hotmail.com,918711968170,1997-01-22,2021-04-21,PM-001
CUST-07744,Vritika,Chacko,vritika.chacko114@outlook.com,917361406782,1982-04-25,2020-12-10,PM-004
CUST-07745,Miraya,Gola,miraya_991@yahoo.com,919250111796,1998-01-18,2018-08-28,PM-003
CUST-07746,Tushar,Kumer,tushar.562@gmail.com,919513776336,2001-12-05,2020-02-07,PM-001
CUST-07747,Jiya,Venkataraman,jiya_351@yahoo.com,918289988588,1980-03-30,2007-02-16,PM-001
CUST-07748,Dharmajan,Buch,dharmajan.buch942@yahoo.com,918871878008,1975-10-18,2009-07-01,PM-001
CUST-07749,Mishti,Khare,kharemishti980@yahoo.com,918814270384,2005-05-26,2023-11-04,PM-001
CUST-07750,Dharmajan,Kant,dharmajan_332@hotmail.com,917893795040,1979-09-19,1999-10-29,PM-001
CUST-07751,Neelofar,Dua,neelofar_808@yahoo.com,919593247529,1983-04-25,2013-09-15,PM-004
CUST-07752,Himmat,Chadha,chadhahimmat977@gmail.com,918854015138,2000-12-02,2019-04-07,PM-002
CUST-07753,Hrishita,Sankaran,hrishita.sankaran553@yahoo.com,919444073902,1975-06-24,2019-12-17,PM-003
CUST-07754,Anya,Trivedi,trivedianya554@gmail.com,918112087263,1997-08-12,2023-11-11,PM-003
CUST-07755,Manikya,Dugar,manikya.238@icloud.com,918944439097,1998-08-07,2017-09-15,PM-001
CUST-07756,Dhruv,Baral,baraldhruv769@outlook.com,918394724654,2005-12-18,2024-04-19,PM-004
CUST-07757,Myra,Varkey,myra.703@gmail.com,919776837247,1988-10-22,2019-08-21,PM-001
CUST-07758,Vanya,Mand,mandvanya432@yahoo.com,919408176464,1991-03-30,2023-12-16,PM-002
CUST-07759,Mohanlal,Bajwa,mohanlal_541@outlook.com,917046496052,1996-09-28,2023-04-30,PM-002
CUST-07760,Hridaan,Desai,hridaan_296@gmail.com,919112783229,2000-09-12,2022-03-26,PM-004
CUST-07761,Kismat,Doctor,kismat.doctor369@icloud.com,919188455119,1981-11-11,2007-05-31,PM-001
CUST-07762,Uthkarsh,Garde,uthkarsh566@yahoo.com,918484831072,1991-11-18,2014-03-06,PM-001
CUST-07763,Zeeshan,Ganesan,zeeshan486@outlook.com,918266117319,2005-01-25,2023-02-23,PM-002
CUST-07764,Aarna,Sani,aarna.sani726@icloud.com,918959891198,1980-03-09,2012-04-15,PM-001
CUST-07765,Raghav,Gopal,raghav168@outlook.com,918620349926,1983-04-06,2008-06-28,PM-001
CUST-07766,Zain,Savant,zain344@yahoo.com,919372660609,1997-12-06,2019-08-14,PM-001
CUST-07767,Lavanya,Tripathi,lavanya.tripathi151@hotmail.com,918587362214,2003-10-19,2022-10-19,PM-003
CUST-07768,Anahita,Borra,anahita_538@gmail.com,917674512400,1998-09-08,2019-09-20,PM-002
CUST-07769,Dhanush,Bhalla,dhanush169@hotmail.com,918241639817,1983-12-14,2022-02-26,PM-004
CUST-07770,Mohanlal,Dhar,dharmohanlal317@gmail.com,917209953438,1991-03-28,2009-09-16,PM-001
CUST-07771,Myra,Vala,myra.221@hotmail.com,917014005365,1987-05-15,2024-05-05,PM-004
CUST-07772,Aradhya,Kumar,aradhya.kumar785@icloud.com,919470037578,1979-01-14,2015-05-02,PM-003
CUST-07773,Nayantara,Sundaram,nayantara.sundaram637@outlook.com,918279173402,2000-09-21,2020-06-02,PM-002
CUST-07774,Samarth,Sundaram,samarth.228@hotmail.com,919917676138,1989-04-10,2017-10-03,PM-002
CUST-07775,Divij,Iyer,divij_866@gmail.com,917056757717,1996-02-29,2016-12-08,PM-004
CUST-07776,Rhea,Venkatesh,rhea_647@outlook.com,918713756653,1981-05-29,2020-02-03,PM-001
CUST-07777,Samaira,Sodhi,samaira.464@gmail.com,917221156535,1982-04-21,2023-09-07,PM-003
CUST-07778,Aayush,Som,aayush_295@hotmail.com,917709946565,1983-03-22,2001-10-02,PM-002
CUST-07779,Vivaan,Shenoy,vivaan_680@hotmail.com,918878542329,2004-07-15,2023-07-31,PM-002
CUST-07780,Stuvan,Walla,stuvan835@hotmail.com,917617023768,1978-01-01,2005-11-10,PM-003
CUST-07781,Shanaya,Kulkarni,shanaya_497@hotmail.com,918761697331,1998-02-15,2017-05-30,PM-004
CUST-07782,Uthkarsh,Bhattacharyya,uthkarsh.664@icloud.com,919658397334,1981-07-05,2008-06-27,PM-004
CUST-07783,Rati,Loke,rati.loke685@icloud.com,919554818898,1979-10-18,2023-04-26,PM-004
CUST-07784,Purab,Solanki,purab.solanki579@yahoo.com,917147996139,1996-02-07,2023-10-13,PM-001
CUST-07785,Sumer,Chandran,sumer.chandran596@icloud.com,919100552755,1994-02-20,2023-11-17,PM-003
CUST-07786,Ayesha,Madan,ayesha776@hotmail.com,918176747214,1995-01-25,2018-10-09,PM-001
CUST-07787,Badal,Subramanian,subramanianbadal803@icloud.com,918941190999,1987-03-10,2015-05-05,PM-002
CUST-07788,Vihaan,Vasa,vihaan.vasa403@hotmail.com,917417713755,1999-05-12,2024-01-03,PM-002
CUST-07789,Pihu,Tak,pihu339@hotmail.com,917919329138,1997-10-07,2024-03-23,PM-001
CUST-07790,Shaan,Rama,shaan942@hotmail.com,918265769151,1979-10-20,2003-02-08,PM-004
CUST-07791,Mohanlal,Som,mohanlal.som961@outlook.com,918666934270,1978-07-04,1997-06-01,PM-004
CUST-07792,Dhanush,Jani,dhanush315@yahoo.com,918940657530,1984-02-04,2006-08-22,PM-003
CUST-07793,Ojas,Kurian,ojas725@outlook.com,917995667271,1987-02-24,2007-11-26,PM-003
CUST-07794,Zain,Gokhale,zain593@icloud.com,919100522474,2002-06-01,2021-12-27,PM-002
CUST-07795,Alia,Vora,voraalia234@gmail.com,919663171465,1982-12-10,2003-09-13,PM-004
CUST-07796,Aradhya,Mani,aradhya.473@hotmail.com,919617113278,1999-02-09,2017-06-28,PM-002
CUST-07797,Indrajit,Wason,indrajit_205@hotmail.com,919140120230,1995-08-21,2019-04-20,PM-002
CUST-07798,Mohanlal,Gera,mohanlal941@icloud.com,917666751553,1990-04-08,2010-03-25,PM-001
CUST-07799,Shalv,Vasa,shalv_702@hotmail.com,917904815254,2002-03-14,2022-10-25,PM-004
CUST-07800,Jivika,Uppal,jivika.uppal900@gmail.com,917541900846,1987-11-25,2015-06-26,PM-002
CUST-07801,Badal,Dewan,badal_249@yahoo.com,917267640010,1992-02-23,2020-03-11,PM-004
CUST-07802,Akarsh,Sood,akarsh_924@yahoo.com,917599892756,1989-07-24,2021-01-09,PM-002
CUST-07803,Manikya,Ramesh,manikya_731@icloud.com,917803139586,1993-06-03,2021-04-10,PM-001
CUST-07804,Baiju,Srivastava,baiju.414@yahoo.com,917471514120,1989-06-23,2023-03-10,PM-001
CUST-07805,Priyansh,Sachdeva,sachdevapriyansh839@yahoo.com,919611825974,1985-05-08,2016-03-12,PM-001
CUST-07806,Pranay,Jayaraman,jayaramanpranay194@yahoo.com,917053327345,1980-12-18,2004-04-18,PM-001
CUST-07807,Riaan,Sawhney,riaan.772@gmail.com,917992260876,1990-04-28,2019-05-30,PM-004
CUST-07808,Ojas,Chokshi,ojas.chokshi256@gmail.com,919145059075,1996-09-09,2024-03-12,PM-004
CUST-07809,Anaya,Dey,anaya.294@hotmail.com,917823985078,1989-11-05,2017-01-23,PM-001
CUST-07810,Charvi,Sekhon,sekhoncharvi721@gmail.com,918392886034,1988-08-16,2019-02-08,PM-004
CUST-07811,Tushar,Savant,savanttushar482@yahoo.com,918335326790,1997-09-10,2022-10-24,PM-002
CUST-07812,Yakshit,Sahni,yakshit_152@outlook.com,918178395263,2000-04-27,2022-05-16,PM-003
CUST-07813,Baiju,Gade,gadebaiju812@hotmail.com,918117997471,1983-11-15,2008-08-31,PM-002
CUST-07814,Priyansh,Iyengar,priyansh_887@icloud.com,919307396450,1987-07-07,2024-01-09,PM-001
CUST-07815,Ivana,Tara,ivana_246@icloud.com,919770300994,1995-11-19,2018-10-25,PM-002
CUST-07816,Suhana,Bal,suhana_840@hotmail.com,918947835969,2000-09-10,2021-09-27,PM-001
CUST-07817,Kashvi,Keer,kashvi.799@icloud.com,917672514315,1987-04-16,2023-05-07,PM-001
CUST-07818,Uthkarsh,Balakrishnan,uthkarsh.balakrishnan104@outlook.com,917756952242,1997-06-17,2016-01-09,PM-004
CUST-07819,Dharmajan,Bedi,bedidharmajan421@hotmail.com,917132761344,2001-05-19,2020-09-11,PM-003
CUST-07820,Siya,Dey,siya.887@hotmail.com,917679948823,1986-09-14,2012-11-12,PM-002
CUST-07821,Indranil,Sura,suraindranil433@icloud.com,918035124975,1986-03-15,2004-09-14,PM-003
CUST-07822,Ela,Sangha,ela910@hotmail.com,918632694902,1988-02-09,2017-07-21,PM-003
CUST-07823,Riaan,Saini,riaan_994@gmail.com,917323081687,1984-12-13,2008-12-06,PM-004
CUST-07824,Riaan,Sidhu,riaan.120@hotmail.com,918641003438,2000-11-26,2023-11-03,PM-002
CUST-07825,Mishti,Kala,mishti795@yahoo.com,917345873992,2003-11-19,2024-04-20,PM-003
CUST-07826,Miraya,Agrawal,agrawalmiraya634@icloud.com,919479236425,1974-09-12,2001-04-11,PM-001
CUST-07827,Nitya,Ahluwalia,nitya.243@hotmail.com,917965325895,1978-03-24,2005-09-14,PM-004
CUST-07828,Ivan,Borra,borraivan540@icloud.com,918492602604,1985-11-22,2005-07-06,PM-001
CUST-07829,Kashvi,Chaudhary,kashvi_946@icloud.com,919534189653,2005-04-11,2023-04-16,PM-004
CUST-07830,Anvi,Bora,anvi.123@gmail.com,917929819420,1987-08-06,2008-11-20,PM-002
CUST-07831,Nishith,Chander,nishith.chander984@gmail.com,917025928204,1975-01-05,2023-02-18,PM-001
CUST-07832,Kartik,Chanda,kartik.chanda463@icloud.com,918838521244,2006-06-04,2024-06-03,PM-004
CUST-07833,Ivana,Doctor,ivana.111@icloud.com,918338875366,1980-10-25,2021-07-11,PM-002
CUST-07834,Bhavin,Sant,bhavin.sant287@yahoo.com,919377875793,1991-12-06,2019-04-20,PM-001
CUST-07835,Eshani,Korpal,korpaleshani663@outlook.com,919950350338,1989-03-28,2017-05-06,PM-002
CUST-07836,Shaan,Krishnan,shaan_817@outlook.com,919582282771,2004-11-07,2023-11-29,PM-004
CUST-07837,Prisha,Biswas,prisha.141@outlook.com,917732660490,1983-11-12,2013-05-31,PM-002
CUST-07838,Damini,Vala,damini.809@outlook.com,918884309854,1975-01-26,2016-07-13,PM-004
CUST-07839,Abram,Kant,abram_995@icloud.com,917726321111,1975-04-02,2004-09-28,PM-001
CUST-07840,Charvi,Sathe,charvi223@yahoo.com,919541683691,1991-12-14,2020-07-27,PM-003
CUST-07841,Saanvi,Sidhu,saanvi152@hotmail.com,919310360731,1999-08-21,2022-03-31,PM-003
CUST-07842,Yuvaan,Ray,yuvaan592@icloud.com,918194870542,1977-07-14,2019-05-02,PM-004
CUST-07843,Kashvi,Sabharwal,kashvi_974@icloud.com,919813432161,1984-11-24,2006-09-11,PM-004
CUST-07844,Madhav,Warrior,madhav.445@icloud.com,918075622624,1986-05-12,2008-11-02,PM-002
CUST-07845,Zaina,Rau,zaina.rau905@yahoo.com,917813523208,1986-12-08,2006-06-23,PM-002
CUST-07846,Jayan,Master,jayan.993@icloud.com,917331476914,1996-11-30,2017-07-28,PM-004
CUST-07847,Vanya,Borde,vanya.borde923@hotmail.com,918498867464,1983-01-10,2019-11-29,PM-004
CUST-07848,Yashvi,Rege,yashvi.rege865@gmail.com,917250893173,2003-06-05,2022-07-16,PM-001
CUST-07849,Reyansh,Mannan,reyansh_903@icloud.com,919316824756,1979-09-26,1998-08-03,PM-002
CUST-07850,Yakshit,Dash,yakshit677@hotmail.com,917503881729,1988-04-09,2021-10-24,PM-003
CUST-07851,Vardaniya,Tiwari,tiwarivardaniya461@gmail.com,917709771182,1977-02-16,2000-11-21,PM-002
CUST-07852,Arhaan,Master,arhaan.150@gmail.com,917114077641,1996-09-18,2018-02-22,PM-001
CUST-07853,Kismat,Kamdar,kismat.401@icloud.com,919588921015,1991-10-13,2018-02-23,PM-001
CUST-07854,Inaaya ,Lad,inaaya 132@yahoo.com,918618533762,1999-09-12,2021-11-18,PM-004
CUST-07855,Amira,Cherian,amira.cherian643@gmail.com,919485946338,2003-04-11,2021-11-12,PM-001
CUST-07856,Adah,Ganguly,adah_756@outlook.com,917645272962,1977-07-13,1998-11-08,PM-001
CUST-07857,Bhamini,Sule,bhamini_710@hotmail.com,919943157554,1988-11-20,2013-08-03,PM-003
CUST-07858,Eva,Krishnan,eva483@gmail.com,919274006322,1988-06-01,2023-11-21,PM-003
CUST-07859,Abram,De,abram.192@outlook.com,917435489182,1977-03-20,1995-11-10,PM-002
CUST-07860,Aarna,Ramanathan,aarna_225@yahoo.com,917265543251,1979-09-19,2007-09-17,PM-004
CUST-07861,Lakshit,Bumb,bumblakshit883@outlook.com,917075907194,1990-04-30,2016-11-10,PM-004
CUST-07862,Taimur,Wadhwa,taimur828@icloud.com,917673819438,1976-08-17,1998-12-09,PM-002
CUST-07863,Lavanya,Sheth,lavanya289@yahoo.com,917172671834,1994-02-24,2017-12-04,PM-003
CUST-07864,Aaryahi,Sampath,aaryahi886@yahoo.com,919934128308,1999-10-20,2019-10-04,PM-004
CUST-07865,Farhan,Sampath,farhan450@gmail.com,917654961919,1994-11-17,2013-01-09,PM-001
CUST-07866,Ojas,Sekhon,ojas.sekhon809@icloud.com,917057364544,2001-05-17,2022-08-16,PM-004
CUST-07867,Misha,Srivastava,misha612@hotmail.com,919432234048,1977-06-01,1996-03-27,PM-003
CUST-07868,Hansh,Thakkar,hansh_169@hotmail.com,919598294088,1991-09-06,2024-05-08,PM-003
CUST-07869,Riaan,Rout,riaan_619@icloud.com,919423462467,1979-08-26,2000-07-31,PM-003
CUST-07870,Lakshit,Atwal,lakshit.atwal630@outlook.com,918066756101,1983-01-17,2003-01-31,PM-002
CUST-07871,Gatik,Mallick,mallickgatik662@yahoo.com,918510544777,1979-09-03,2021-01-23,PM-001
CUST-07872,Anya,Sane,anya_888@gmail.com,918248855603,2004-09-23,2023-11-22,PM-004
CUST-07873,Divyansh,Mann,divyansh.mann559@outlook.com,917641060247,1974-12-02,2012-06-03,PM-002
CUST-07874,Aaryahi,Sharaf,aaryahi.629@outlook.com,918267537175,2004-08-18,2023-05-19,PM-001
CUST-07875,Neelofar,Goyal,goyalneelofar707@icloud.com,918996366552,1993-05-17,2012-03-12,PM-003
CUST-07876,Mohanlal,Hegde,mohanlal.926@gmail.com,918562736631,1975-09-21,2008-02-14,PM-002
CUST-07877,Rhea,Bhatt,rhea_836@icloud.com,919644377442,1989-02-26,2016-03-03,PM-002
CUST-07878,Badal,Chandran,badal.chandran386@gmail.com,919774270435,1987-10-17,2021-04-20,PM-001
CUST-07879,Dishani,Keer,keerdishani336@hotmail.com,919922541384,1974-11-02,2002-10-17,PM-004
CUST-07880,Manikya,Shroff,manikya.940@icloud.com,918902456628,1984-10-06,2012-03-10,PM-003
CUST-07881,Tiya,Dugal,tiya395@gmail.com,917874561994,1984-07-20,2012-09-21,PM-004
CUST-07882,Ahana ,Bedi,bediahana 177@hotmail.com,918825528251,2001-10-17,2022-06-19,PM-003
CUST-07883,Jayan,Ahuja,jayan.611@gmail.com,919095325605,1982-01-12,2020-06-19,PM-004
CUST-07884,Shalv,Ganesh,shalv_169@gmail.com,917213364011,1988-06-26,2015-02-19,PM-004
CUST-07885,Saira,Ganesan,saira.ganesan607@outlook.com,918409771839,1995-02-04,2015-05-21,PM-004
CUST-07886,Manikya,Joshi,manikya_818@outlook.com,919166361156,1980-09-29,2003-02-24,PM-001
CUST-07887,Jhanvi,Seth,jhanvi.seth686@hotmail.com,919515313182,1995-04-19,2021-09-12,PM-003
CUST-07888,Vidur,Sule,vidur.sule652@outlook.com,917704158218,2001-12-30,2020-12-21,PM-004
CUST-07889,Mishti,Mangat,mishti.mangat598@outlook.com,918921267214,1977-05-18,2000-08-24,PM-001
CUST-07890,Ranbir,Raval,ranbir.raval210@outlook.com,919993593289,1986-07-10,2016-05-11,PM-003
CUST-07891,Sumer,Devi,sumer.923@gmail.com,918376474705,1996-04-17,2022-02-14,PM-002
CUST-07892,Taimur,Mangal,taimur_988@yahoo.com,919087938728,2003-01-29,2022-12-25,PM-004
CUST-07893,Adira,Salvi,adira.180@icloud.com,918661833154,1976-10-24,2020-07-03,PM-003
CUST-07894,Divij,Bera,beradivij240@icloud.com,917084224446,1994-01-23,2022-07-06,PM-001
CUST-07895,Ivan,Bhat,ivan176@hotmail.com,919946140269,2003-06-12,2024-03-20,PM-003
CUST-07896,Tanya,Sarna,tanya662@outlook.com,918839355964,1998-10-02,2021-09-20,PM-004
CUST-07897,Jivika,Ghosh,jivika.651@icloud.com,917735274005,1990-09-02,2020-07-15,PM-002
CUST-07898,Vivaan,Vora,vivaan_686@hotmail.com,918443614317,1988-12-20,2009-08-22,PM-003
CUST-07899,Shanaya,Atwal,shanaya260@hotmail.com,918403799033,1978-04-01,2009-05-04,PM-001
CUST-07900,Rohan,Sibal,sibalrohan632@gmail.com,917984727181,1985-08-13,2009-04-23,PM-002
CUST-07901,Hunar,Aurora,hunar207@yahoo.com,917351874578,2000-12-05,2020-02-24,PM-004
CUST-07902,Zain,Lad,zain.675@outlook.com,919494364393,1996-01-08,2015-11-18,PM-001
CUST-07903,Ira,Brahmbhatt,ira373@gmail.com,918091298695,1993-09-10,2018-10-08,PM-002
CUST-07904,Manjari,Seth,manjari.seth552@gmail.com,917461256042,1974-11-01,2013-06-08,PM-001
CUST-07905,Aarush,Chokshi,aarush_833@outlook.com,919615844078,1999-09-01,2024-04-29,PM-003
CUST-07906,Prisha,Luthra,luthraprisha433@yahoo.com,917801638047,1979-05-14,2004-06-23,PM-004
CUST-07907,Keya,Bhatia,bhatiakeya401@outlook.com,917536345826,1996-06-17,2016-06-22,PM-003
CUST-07908,Anika,Behl,anika.behl335@gmail.com,918441225648,1995-12-16,2019-08-07,PM-001
CUST-07909,Kartik,Kuruvilla,kartik.kuruvilla408@hotmail.com,919176528913,1995-08-24,2014-05-03,PM-002
CUST-07910,Lakshit,Wable,lakshit.799@yahoo.com,919136202620,1986-06-16,2020-07-08,PM-001
CUST-07911,Dhruv,Barad,dhruv439@outlook.com,917451372356,1983-06-19,2011-05-18,PM-003
CUST-07912,Armaan,Kant,armaan.kant683@outlook.com,918873591799,1986-07-27,2017-12-03,PM-002
CUST-07913,Purab,Sane,sanepurab571@yahoo.com,919329291776,2004-06-07,2023-03-11,PM-001
CUST-07914,Alia,Sunder,sunderalia359@yahoo.com,918867566391,1991-12-02,2013-08-10,PM-002
CUST-07915,Madhav,Mangat,madhav_501@outlook.com,917958291041,2001-01-11,2019-06-10,PM-001
CUST-07916,Mannat,Gera,mannat929@gmail.com,919173940413,2003-03-16,2022-02-21,PM-002
CUST-07917,Pranay,Sahni,pranay543@gmail.com,918304893528,1990-09-09,2024-01-09,PM-003
CUST-07918,Shayak,Chowdhury,shayak.483@gmail.com,917030789456,1992-10-11,2019-10-22,PM-003
CUST-07919,Aarush,Bora,aarush_663@outlook.com,917432617340,1978-02-27,2007-09-14,PM-004
CUST-07920,Aradhya,Barad,aradhya684@yahoo.com,919469636387,1996-10-23,2023-06-10,PM-003
CUST-07921,Hunar,Choudhary,hunar274@icloud.com,918090253216,1982-05-20,2018-04-28,PM-002
CUST-07922,Rania,Thakur,rania.thakur925@outlook.com,919914080848,1982-03-24,2021-04-13,PM-002
CUST-07923,Nakul,Jha,nakul_440@icloud.com,917907437999,1985-01-29,2007-07-09,PM-002
CUST-07924,Kashvi,Bhagat,kashvi.bhagat206@hotmail.com,918240018800,1991-04-18,2016-02-20,PM-002
CUST-07925,Chirag,Bhasin,chirag.175@gmail.com,917150048909,1993-08-12,2014-10-01,PM-004
CUST-07926,Alisha,Swaminathan,swaminathanalisha523@yahoo.com,917503846941,1988-09-03,2015-11-29,PM-004
CUST-07927,Damini,Bhakta,damini.151@outlook.com,918058226799,1977-01-01,2021-10-17,PM-004
CUST-07928,Krish,Chakrabarti,krish.chakrabarti798@yahoo.com,919885034510,2001-01-31,2020-06-25,PM-002
CUST-07929,Azad,Date,azad.977@hotmail.com,919402399301,1978-11-15,2011-07-23,PM-001
CUST-07930,Mishti,Bajaj,mishti_890@outlook.com,917211793609,2001-01-18,2022-08-30,PM-002
CUST-07931,Veer,Chaudry,veer_292@icloud.com,918599481529,1997-06-01,2023-09-06,PM-002
CUST-07932,Indranil,Srivastava,indranil.srivastava855@hotmail.com,917563602391,1981-06-18,2009-03-30,PM-004
CUST-07933,Taran,Balakrishnan,taran582@gmail.com,918346445559,1987-01-05,2008-10-18,PM-003
CUST-07934,Kabir,Borra,kabir.borra498@yahoo.com,918889782899,1988-06-16,2021-05-05,PM-002
CUST-07935,Rania,Bal,rania.bal233@hotmail.com,918825970893,1979-06-01,1998-06-29,PM-001
CUST-07936,Samar,Vaidya,samar.vaidya939@outlook.com,919892971241,1993-03-02,2017-07-05,PM-002
CUST-07937,Dhanuk,Anne,dhanuk_819@outlook.com,918638966156,1978-04-08,2015-06-14,PM-003
CUST-07938,Badal,Mann,badal_299@icloud.com,918041539508,1993-10-29,2014-02-21,PM-003
CUST-07939,Hridaan,Bandi,bandihridaan816@icloud.com,917996391432,1989-08-11,2023-10-07,PM-002
CUST-07940,Ehsaan,Karnik,ehsaan.309@outlook.com,918705551422,1993-03-23,2022-11-23,PM-001
CUST-07941,Yuvaan,Chandran,yuvaan807@icloud.com,918110857223,1977-11-29,2014-06-23,PM-001
CUST-07942,Darshit,Khalsa,darshit.khalsa870@yahoo.com,919827859430,1981-08-07,2023-05-26,PM-004
CUST-07943,Jayesh,Majumdar,jayesh.232@hotmail.com,918985316320,1991-04-29,2020-05-17,PM-001
CUST-07944,Miraya,Chada,miraya.chada369@icloud.com,918063047279,1995-03-09,2015-02-06,PM-001
CUST-07945,Tara,Bala,tara728@icloud.com,917746708377,1978-01-11,2012-07-21,PM-004
CUST-07946,Manikya,Brahmbhatt,manikya.217@icloud.com,917300587079,1982-05-30,2015-06-03,PM-001
CUST-07947,Damini,Ravel,damini.ravel483@outlook.com,919337449214,1984-10-01,2021-06-29,PM-004
CUST-07948,Kashvi,Mahal,mahalkashvi770@icloud.com,917941644141,1990-03-05,2020-09-21,PM-001
CUST-07949,Navya,Kuruvilla,kuruvillanavya430@hotmail.com,917692023480,1983-06-02,2017-08-18,PM-004
CUST-07950,Nakul,Choudhary,nakul.441@gmail.com,917410043768,1997-10-08,2021-02-10,PM-002
CUST-07951,Ranbir,Swamy,ranbir.401@icloud.com,917675852630,1999-09-02,2024-03-02,PM-001
CUST-07952,Nishith,Chakrabarti,nishith442@icloud.com,919006468064,1976-10-10,2006-08-04,PM-002
CUST-07953,Mannat,Bora,mannat.bora130@gmail.com,918783514581,1989-01-22,2011-12-24,PM-001
CUST-07954,Aniruddh,Soman,aniruddh_367@outlook.com,919178018119,1985-08-19,2012-01-11,PM-002
CUST-07955,Emir,Bava,emir.bava138@hotmail.com,917771069365,1983-05-06,2012-06-20,PM-001
CUST-07956,Seher,Chand,chandseher588@gmail.com,918679448578,1996-08-09,2020-09-19,PM-002
CUST-07957,Seher,Som,somseher601@yahoo.com,917482203366,2000-08-31,2019-06-26,PM-003
CUST-07958,Nakul,Ratta,nakul.ratta457@yahoo.com,919818023272,1988-05-29,2013-10-13,PM-004
CUST-07959,Suhana,Trivedi,suhana.trivedi160@hotmail.com,919813949905,1993-10-16,2024-04-19,PM-003
CUST-07960,Eva,Wagle,wagleeva206@yahoo.com,918202749269,1986-01-18,2011-09-11,PM-002
CUST-07961,Nayantara,Madan,nayantara.madan523@yahoo.com,918936928065,2000-01-08,2019-04-26,PM-001
CUST-07962,Eva,Salvi,eva622@gmail.com,919868867279,1992-07-11,2014-02-05,PM-001
CUST-07963,Aaryahi,Badal,aaryahi.647@hotmail.com,918156430227,2005-10-21,2024-04-07,PM-004
CUST-07964,Kismat,Tiwari,kismat.tiwari707@icloud.com,918461785384,1985-02-15,2006-05-01,PM-004
CUST-07965,Jayant,Batra,batrajayant227@yahoo.com,918352665872,1979-11-21,2006-07-10,PM-004
CUST-07966,Chirag,Krish,chirag.krish840@gmail.com,919742774986,1985-12-30,2010-05-03,PM-002
CUST-07967,Dhanuk,Basu,dhanuk.416@yahoo.com,917371725596,1988-03-02,2020-09-01,PM-001
CUST-07968,Farhan,Raja,rajafarhan450@yahoo.com,919670058523,1992-09-12,2011-01-08,PM-004
CUST-07969,Armaan,Manda,armaan931@gmail.com,917230738724,1976-10-12,2016-09-16,PM-002
CUST-07970,Nitya,Chandra,nitya.260@icloud.com,918517678962,1983-04-09,2020-09-04,PM-003
CUST-07971,Darshit,Chadha,darshit.chadha881@icloud.com,917252284480,2004-04-02,2023-07-07,PM-001
CUST-07972,Charvi,Bhargava,bhargavacharvi678@yahoo.com,918106413512,1989-07-24,2020-05-18,PM-003
CUST-07973,Alia,Srivastava,alia.955@icloud.com,918730731629,1976-09-25,2021-10-08,PM-001
CUST-07974,Farhan,Doshi,farhan_944@yahoo.com,919714833517,1994-12-01,2017-08-02,PM-001
CUST-07975,Azad,Deo,azad594@icloud.com,918435549733,1979-03-27,2005-01-03,PM-002
CUST-07976,Rhea,Agate,rhea.345@gmail.com,917561770749,1979-01-06,2000-09-27,PM-001
CUST-07977,Rania,Yohannan,rania_547@hotmail.com,919844030459,2001-06-23,2023-04-23,PM-002
CUST-07978,Yuvraj ,Sachar,yuvraj .sachar535@yahoo.com,919357840415,1993-12-19,2019-02-20,PM-002
CUST-07979,Amira,Arya,amira.892@outlook.com,917735405964,1981-05-04,2014-11-14,PM-001
CUST-07980,Jayant,Sastry,jayant.417@outlook.com,918074089477,1979-04-11,2020-02-14,PM-002
CUST-07981,Yuvaan,Mahal,yuvaan.mahal790@icloud.com,918923949500,1990-02-09,2018-03-14,PM-004
CUST-07982,Zeeshan,Bhasin,zeeshan953@outlook.com,919873611828,1997-05-12,2017-04-09,PM-004
CUST-07983,Piya,Ravi,piya_609@yahoo.com,918111345645,1976-06-23,2019-05-08,PM-001
CUST-07984,Anahita,Dubey,anahita524@outlook.com,919130242599,2002-10-22,2023-02-16,PM-002
CUST-07985,Hazel,Sama,hazel691@icloud.com,917705651930,1999-10-01,2020-08-26,PM-004
CUST-07986,Diya,Borde,diya.borde750@outlook.com,919333529403,1999-11-21,2024-05-13,PM-004
CUST-07987,Anvi,Rajagopalan,anvi858@yahoo.com,917098234367,1985-05-25,2013-07-08,PM-001
CUST-07988,Nirvi,Rege,nirvi.rege800@yahoo.com,917270305006,1980-09-14,2018-02-01,PM-004
CUST-07989,Ela,Sharma,ela881@gmail.com,917690468562,2002-11-02,2021-11-29,PM-002
CUST-07990,Tarini,Cheema,tarini.cheema895@gmail.com,919251738554,1977-11-06,1995-12-09,PM-002
CUST-07991,Lakshay,Varma,lakshay386@icloud.com,918758231503,1976-02-21,2011-05-06,PM-003
CUST-07992,Armaan,Keer,armaan.143@icloud.com,918453834540,1990-03-15,2014-09-29,PM-002
CUST-07993,Jiya,Kulkarni,kulkarnijiya590@hotmail.com,919771200498,1994-10-09,2016-09-13,PM-001
CUST-07994,Chirag,Sastry,sastrychirag198@hotmail.com,918981087593,1996-10-11,2023-12-14,PM-002
CUST-07995,Hrishita,Goswami,goswamihrishita245@gmail.com,918499669117,1984-08-06,2013-02-01,PM-003
CUST-07996,Zara,Yadav,zara_544@yahoo.com,917770373329,2004-03-26,2022-08-28,PM-001
CUST-07997,Alia,Kapadia,alia_886@gmail.com,917227279324,1996-01-16,2018-01-31,PM-001
CUST-07998,Pranay,Choudhary,pranay_649@gmail.com,917132623333,2001-10-14,2020-03-05,PM-002
CUST-07999,Armaan,Sachdeva,armaan_755@icloud.com,917772281552,1992-05-25,2013-06-01,PM-003
CUST-08000,Yakshit,Bobal,bobalyakshit816@icloud.com,918408296993,1975-02-20,2005-07-27,PM-002
CUST-08001,Jayesh,Dua,jayesh_909@icloud.com,917701332668,1975-04-27,1998-10-18,PM-001
CUST-08002,Prerak,Mahal,prerak603@gmail.com,917378586046,2002-11-09,2024-05-29,PM-004
CUST-08003,Vaibhav,Savant,vaibhav499@yahoo.com,917017561837,1979-08-30,2020-02-07,PM-002
CUST-08004,Shray,Hora,shray_342@hotmail.com,919829642284,1990-03-01,2017-06-27,PM-002
CUST-08005,Kaira,Dhaliwal,kaira.dhaliwal490@yahoo.com,919296481689,1978-10-17,2013-10-05,PM-002
CUST-08006,Madhup,Sani,sanimadhup454@yahoo.com,917556431705,1988-12-05,2011-12-29,PM-001
CUST-08007,Purab,Brahmbhatt,purab.328@yahoo.com,919980076230,1976-12-31,2018-12-15,PM-003
CUST-08008,Faiyaz,Dave,davefaiyaz425@outlook.com,919248708751,1999-11-02,2018-05-22,PM-003
CUST-08009,Ritvik,Bansal,bansalritvik838@icloud.com,918834657761,1995-05-13,2021-02-28,PM-003
CUST-08010,Sana,Bava,sana.bava901@outlook.com,917352538433,2000-06-30,2022-12-31,PM-004
CUST-08011,Khushi,Agrawal,khushi.321@outlook.com,917342085394,2005-08-14,2023-09-07,PM-004
CUST-08012,Vardaniya,Mall,mallvardaniya520@outlook.com,918951357634,1982-09-10,2023-09-17,PM-002
CUST-08013,Rhea,Kohli,rhea.kohli936@yahoo.com,919482779369,1981-07-02,2016-04-10,PM-004
CUST-08014,Kartik,Maharaj,kartik_944@icloud.com,917538097329,1980-04-02,2011-07-29,PM-002
CUST-08015,Jiya,Bora,jiya_474@hotmail.com,919579683576,2004-08-16,2024-01-31,PM-002
CUST-08016,Sumer,Sekhon,sumer.sekhon107@yahoo.com,918414298319,1980-01-02,2017-07-24,PM-002
CUST-08017,Samar,Mahal,samar.554@gmail.com,918065281445,1995-04-23,2016-04-29,PM-003
CUST-08018,Lakshit,Golla,lakshit986@gmail.com,919621987948,1981-07-29,2011-08-11,PM-004
CUST-08019,Abram,Agate,abram.agate794@outlook.com,919183951499,1986-09-25,2005-10-28,PM-004
CUST-08020,Neysa,Raval,neysa.751@gmail.com,918529994960,1984-09-11,2011-08-05,PM-001
CUST-08021,Samiha,Dixit,samiha.dixit669@icloud.com,919724892534,2003-11-12,2022-07-10,PM-001
CUST-08022,Raghav,Chatterjee,raghav_443@outlook.com,917195572036,1978-04-15,1999-09-19,PM-003
CUST-08023,Shamik,Garg,gargshamik411@hotmail.com,918303879749,1975-03-20,1996-05-27,PM-003
CUST-08024,Kimaya,Venkataraman,kimaya.799@yahoo.com,917058646722,1982-11-30,2016-05-09,PM-003
CUST-08025,Kiara,Ravel,kiara685@yahoo.com,919024084668,1977-11-29,2022-12-26,PM-002
CUST-08026,Nirvaan,Rastogi,rastoginirvaan408@gmail.com,919479248532,1991-08-18,2017-01-30,PM-004
CUST-08027,Rania,Setty,rania765@hotmail.com,917923221080,1985-02-22,2023-01-28,PM-001
CUST-08028,Dhruv,Doctor,dhruv.doctor401@gmail.com,917888120572,1988-03-25,2024-01-27,PM-004
CUST-08029,Nirvaan,Khare,kharenirvaan903@gmail.com,917038861157,1990-11-09,2013-07-15,PM-002
CUST-08030,Umang,Mani,umang.mani728@outlook.com,918355562010,1977-03-20,2012-05-11,PM-004
CUST-08031,Heer,Korpal,heer.149@gmail.com,918878100214,2001-08-28,2023-08-15,PM-003
CUST-08032,Jayesh,Sarkar,jayesh.sarkar485@hotmail.com,919723895605,1980-10-02,2012-01-08,PM-001
CUST-08033,Vihaan,Goswami,vihaan264@yahoo.com,917783330384,1987-02-26,2011-01-09,PM-004
CUST-08034,Damini,Mammen,damini.mammen863@icloud.com,919582961647,1987-09-25,2005-12-31,PM-004
CUST-08035,Devansh,Dube,devansh.dube707@gmail.com,918372424839,1995-07-06,2024-03-07,PM-002
CUST-08036,Samar,Chahal,samar.350@outlook.com,918803789811,1984-12-28,2018-11-10,PM-002
CUST-08037,Umang,Chadha,umang.chadha949@hotmail.com,917576546866,1986-05-30,2008-09-19,PM-001
CUST-08038,Devansh,Mangal,devansh.mangal118@hotmail.com,919421868116,2001-01-23,2019-05-18,PM-004
CUST-08039,Nayantara,Loyal,nayantara.loyal158@outlook.com,917072520834,1978-02-14,2006-06-07,PM-003
CUST-08040,Romil,Divan,romil.divan467@gmail.com,918223002009,1997-06-27,2015-12-16,PM-002
CUST-08041,Piya,Ramachandran,piya.ramachandran374@yahoo.com,918376085769,2003-02-03,2021-04-17,PM-003
CUST-08042,Nayantara,Singh,nayantara864@hotmail.com,919995490728,1989-08-29,2008-05-21,PM-004
CUST-08043,Tarini,Gole,tarini.gole568@icloud.com,917651506563,1985-12-16,2018-02-08,PM-002
CUST-08044,Vaibhav,Balasubramanian,vaibhav_759@outlook.com,919350225480,2004-12-16,2023-01-13,PM-002
CUST-08045,Samaira,Kant,samaira506@yahoo.com,919784908587,1999-09-26,2022-10-22,PM-002
CUST-08046,Kartik,Shah,shahkartik950@outlook.com,917241904297,1985-08-06,2015-06-06,PM-002
CUST-08047,Purab,Hayer,hayerpurab102@yahoo.com,917268117716,1979-03-15,2005-09-02,PM-001
CUST-08048,Chirag,Kala,chirag_622@icloud.com,917407975329,1989-10-26,2018-12-26,PM-003
CUST-08049,Lagan,Lad,lagan900@outlook.com,919915510691,1986-09-02,2005-01-10,PM-004
CUST-08050,Raghav,Bains,raghav.bains770@hotmail.com,919433995580,1984-10-13,2017-06-03,PM-002
CUST-08051,Advik,Bath,advik_292@icloud.com,919244535288,1978-03-17,2006-08-31,PM-003
CUST-08052,Sana,Kaur,sana_399@icloud.com,918110024027,1986-11-20,2012-07-10,PM-003
CUST-08053,Samarth,Dugar,samarth306@hotmail.com,917428903399,2004-06-27,2023-07-08,PM-002
CUST-08054,Tejas,Thaman,tejas.489@gmail.com,917716540205,2003-05-01,2022-03-13,PM-004
CUST-08055,Lagan,Thaman,lagan_765@yahoo.com,919284522807,2006-01-09,2024-05-24,PM-001
CUST-08056,Tejas,Kamdar,tejas.167@outlook.com,919562276372,1978-07-27,2006-04-02,PM-004
CUST-08057,Lavanya,Borah,borahlavanya337@gmail.com,918771751281,1991-10-25,2010-04-07,PM-003
CUST-08058,Aarav,Gola,aarav.gola616@hotmail.com,918580449480,2001-05-30,2022-08-02,PM-004
CUST-08059,Raghav,Madan,raghav.774@gmail.com,918370226339,2003-03-25,2023-07-08,PM-004
CUST-08060,Nehmat,Golla,nehmat.golla696@outlook.com,918095872574,1987-04-03,2019-07-23,PM-002
CUST-08061,Vaibhav,Kala,vaibhav_883@icloud.com,918671364459,1983-01-26,2017-03-17,PM-004
CUST-08062,Adah,Shroff,adah.486@yahoo.com,918810619366,2001-08-14,2022-07-28,PM-003
CUST-08063,Shlok,Manne,shlok.manne534@icloud.com,917062536838,1986-04-18,2020-06-25,PM-001
CUST-08064,Stuvan,Mallick,stuvan_204@icloud.com,919252046394,1977-08-01,2024-01-31,PM-004
CUST-08065,Urvi,Sant,urvi_217@yahoo.com,917946640737,2005-12-15,2024-01-20,PM-004
CUST-08066,Manikya,Loyal,manikya_926@yahoo.com,919027410525,1994-01-30,2023-03-12,PM-002
CUST-08067,Oorja,Som,oorja.som677@gmail.com,917436596584,1985-11-16,2014-09-03,PM-001
CUST-08068,Hiran,Jha,hiran.341@gmail.com,919080335762,1997-11-24,2018-03-11,PM-001
CUST-08069,Amani,Sura,amani440@gmail.com,919299724259,1984-12-17,2023-03-11,PM-001
CUST-08070,Rati,Acharya,rati.acharya132@yahoo.com,919328221837,1979-12-19,2012-09-26,PM-004
CUST-08071,Charvi,Roy,charvi.813@icloud.com,917629220748,1996-12-29,2023-10-03,PM-002
CUST-08072,Jiya,Manda,jiya.manda413@yahoo.com,918371214567,1982-02-10,2024-02-06,PM-004
CUST-08073,Jivika,Chaudry,jivika.328@hotmail.com,918012617049,1994-03-11,2018-03-09,PM-001
CUST-08074,Dhanush,Iyer,dhanush.889@outlook.com,919843531624,1983-12-11,2015-04-14,PM-004
CUST-08075,Dhruv,Butala,dhruv869@icloud.com,917299813745,1992-02-10,2011-04-30,PM-004
CUST-08076,Lavanya,Bath,lavanya476@hotmail.com,917650744748,1982-09-07,2023-05-19,PM-001
CUST-08077,Zoya,Sabharwal,zoya541@hotmail.com,917652131906,1986-07-14,2016-01-03,PM-003
CUST-08078,Siya,Kalita,siya.814@yahoo.com,919681173562,2003-10-28,2024-05-20,PM-001
CUST-08079,Samaira,Kanda,kandasamaira165@yahoo.com,918765800512,2003-08-18,2024-03-15,PM-001
CUST-08080,Shray,Virk,virkshray818@icloud.com,917232345248,1986-10-26,2008-04-03,PM-003
CUST-08081,Divit,Bhatti,divit.bhatti471@gmail.com,918298528930,1990-08-15,2017-01-14,PM-004
CUST-08082,Taimur,Chhabra,taimur372@icloud.com,917034507338,2005-08-07,2023-09-14,PM-001
CUST-08083,Shanaya,Doshi,doshishanaya897@outlook.com,917901120375,1994-11-26,2017-03-14,PM-004
CUST-08084,Seher,Kade,seher_207@outlook.com,919696367513,2003-11-12,2022-09-01,PM-001
CUST-08085,Rasha,Kota,rasha.317@outlook.com,919555785159,2002-05-18,2023-10-26,PM-001
CUST-08086,Charvi,Kapur,charvi756@outlook.com,918618456202,1987-04-20,2022-12-12,PM-004
CUST-08087,Mannat,Saraf,mannat632@outlook.com,919402908216,1979-01-14,2022-02-07,PM-001
CUST-08088,Myra,Anne,myra.123@yahoo.com,918142355884,1979-12-18,2015-03-30,PM-002
CUST-08089,Samarth,Saraf,sarafsamarth578@gmail.com,918335621526,1983-08-17,2023-05-25,PM-001
CUST-08090,Dhanush,Bhasin,bhasindhanush541@icloud.com,919074872778,2001-11-21,2020-09-21,PM-002
CUST-08091,Bhavin,Luthra,bhavin.601@gmail.com,918436547715,1989-03-31,2009-11-18,PM-003
CUST-08092,Sara,Thaker,sara590@icloud.com,919218295453,1977-05-18,2010-01-26,PM-001
CUST-08093,Arnav,Kapur,arnav.982@hotmail.com,917656112023,1996-01-07,2021-06-20,PM-004
CUST-08094,Tara,Suri,tara430@gmail.com,917230381858,1994-03-22,2012-06-02,PM-002
CUST-08095,Dhruv,Solanki,dhruv899@icloud.com,919411439814,2004-07-12,2023-03-17,PM-004
CUST-08096,Taimur,Gala,taimur.430@outlook.com,918506901807,1993-12-08,2014-12-20,PM-003
CUST-08097,Seher,Agarwal,seher.849@hotmail.com,919716700891,1981-05-06,2003-09-29,PM-003
CUST-08098,Aarush,Bedi,aarush_285@outlook.com,917219908606,1986-12-12,2006-08-11,PM-001
CUST-08099,Faiyaz,Sarraf,faiyaz.sarraf948@gmail.com,918569571854,1980-12-12,2010-11-02,PM-004
CUST-08100,Sumer,Karnik,sumer.315@yahoo.com,919730388507,1990-12-05,2017-04-14,PM-002
CUST-08101,Lakshit,Kuruvilla,lakshit.kuruvilla980@hotmail.com,919992599757,2003-05-31,2024-03-20,PM-002
CUST-08102,Diya,Chatterjee,chatterjeediya623@icloud.com,919411762523,1994-01-04,2017-05-28,PM-001
CUST-08103,Jayant,Krishna,krishnajayant361@icloud.com,917205583482,1983-09-07,2010-03-20,PM-003
CUST-08104,Yuvraj ,Ganesh,ganeshyuvraj 547@yahoo.com,917206466596,1983-11-10,2008-04-21,PM-002
CUST-08105,Kanav,Sekhon,sekhonkanav827@hotmail.com,917644594098,1985-05-23,2018-09-28,PM-003
CUST-08106,Rati,Mane,rati_279@gmail.com,918991583487,1975-04-23,1994-11-19,PM-002
CUST-08107,Arnav,Kata,kataarnav587@outlook.com,917842329659,2004-01-13,2022-03-25,PM-001
CUST-08108,Keya,Amble,keya.284@icloud.com,919104110479,1983-03-19,2010-02-18,PM-004
CUST-08109,Amira,Rau,rauamira301@outlook.com,917539522094,1997-03-15,2024-04-26,PM-001
CUST-08110,Aradhya,Sarkar,aradhya.413@outlook.com,919596447981,1997-03-31,2015-06-17,PM-001
CUST-08111,Jiya,Ravi,jiya776@yahoo.com,919260709371,1997-08-06,2018-06-20,PM-004
CUST-08112,Jayesh,Manne,jayesh554@icloud.com,917565614471,2005-06-20,2023-10-09,PM-002
CUST-08113,Anahita,Chaudhuri,chaudhurianahita635@outlook.com,919727237480,1977-06-06,2011-02-14,PM-003
CUST-08114,Jivika,Chacko,jivika617@yahoo.com,917924218894,1975-10-08,2022-11-09,PM-001
CUST-08115,Nitya,Halder,nitya.halder860@gmail.com,918151243955,1981-09-29,2007-04-30,PM-003
CUST-08116,Kartik,Mallick,kartik.461@outlook.com,919651748437,1984-04-03,2014-02-15,PM-002
CUST-08117,Lagan,Datta,lagan.674@icloud.com,919873665259,1980-02-15,2000-01-15,PM-003
CUST-08118,Kismat,Kohli,kismat566@yahoo.com,917682512735,1985-11-20,2007-04-21,PM-003
CUST-08119,Lavanya,Gulati,lavanya.545@icloud.com,917433448681,1980-04-04,2021-10-15,PM-004
CUST-08120,Tarini,Vasa,tarini.117@yahoo.com,918312269307,1985-08-31,2013-07-15,PM-004
CUST-08121,Taimur,Chacko,chackotaimur516@gmail.com,919846546231,1988-09-02,2019-05-21,PM-002
CUST-08122,Dharmajan,Sem,dharmajan_714@icloud.com,919814639156,2004-05-03,2024-03-02,PM-003
CUST-08123,Hrishita,Issac,hrishita.issac109@icloud.com,919493946569,1982-07-30,2016-01-13,PM-004
CUST-08124,Siya,Sharaf,siya858@hotmail.com,917399091456,1994-05-31,2020-01-01,PM-001
CUST-08125,Anay,Sidhu,sidhuanay457@yahoo.com,917952527070,1992-06-27,2017-01-01,PM-003
CUST-08126,Rania,Singhal,rania.331@yahoo.com,918000551569,2003-09-24,2022-09-22,PM-002
CUST-08127,Raghav,Bose,boseraghav967@outlook.com,919110000481,1985-01-28,2019-03-21,PM-004
CUST-08128,Tiya,Swamy,tiya.696@icloud.com,919689610925,1991-06-29,2021-11-16,PM-003
CUST-08129,Taran,Butala,taran588@outlook.com,917855177406,1993-06-30,2023-04-18,PM-001
CUST-08130,Adira,Gour,adira214@yahoo.com,918966267403,1992-10-18,2022-12-08,PM-003
CUST-08131,Abram,Loyal,abram886@icloud.com,917320849952,1979-02-21,2014-12-13,PM-002
CUST-08132,Samiha,Mannan,samiha297@hotmail.com,917535555882,2000-03-09,2020-08-27,PM-001
CUST-08133,Mehul,Kohli,mehul_933@outlook.com,919468466296,1990-09-19,2008-12-31,PM-001
CUST-08134,Dhruv,Jhaveri,dhruv689@hotmail.com,919687229534,1982-08-26,2017-02-28,PM-001
CUST-08135,Kanav,Kaur,kanav.811@icloud.com,917323909168,1976-12-19,2017-08-21,PM-002
CUST-08136,Nitara,Tiwari,nitara650@gmail.com,918638195400,1987-03-01,2008-07-02,PM-004
CUST-08137,Prerak,Magar,prerak_647@outlook.com,918625469454,2004-12-22,2023-09-01,PM-001
CUST-08138,Vedika,Desai,vedika_334@outlook.com,918941073642,1984-12-29,2022-12-02,PM-003
CUST-08139,Dhanuk,Bal,dhanuk.bal237@icloud.com,919777533202,1985-01-13,2013-02-05,PM-003
CUST-08140,Faiyaz,Banerjee,faiyaz_885@outlook.com,918706790282,2004-09-15,2024-04-01,PM-002
CUST-08141,Vanya,Gupta,guptavanya228@gmail.com,918088244707,1994-06-06,2020-06-08,PM-002
CUST-08142,Yashvi,Vig,yashvi527@hotmail.com,919820341829,1981-05-17,2006-12-14,PM-001
CUST-08143,Farhan,Bansal,farhan.393@gmail.com,917579246807,1999-06-21,2017-10-06,PM-002
CUST-08144,Gatik,Chad,gatik578@yahoo.com,918020715932,2002-12-20,2023-08-11,PM-002
CUST-08145,Divit,Bajaj,divit.442@icloud.com,917024234443,1988-06-16,2015-07-16,PM-003
CUST-08146,Anahi,Krish,anahi.krish624@hotmail.com,917799774637,1976-07-22,2011-01-31,PM-001
CUST-08147,Vaibhav,Bhalla,vaibhav.750@hotmail.com,919604758317,2000-03-25,2020-05-10,PM-003
CUST-08148,Rania,Bhalla,rania_688@outlook.com,918205261345,1984-07-11,2008-04-26,PM-003
CUST-08149,Vardaniya,Shanker,vardaniya.799@hotmail.com,918073518985,1979-12-07,2002-07-18,PM-004
CUST-08150,Jayesh,Bhatia,jayesh.bhatia625@gmail.com,919242436798,1982-12-04,2015-03-08,PM-004
CUST-08151,Keya,Wali,keya_524@hotmail.com,919759398157,1976-06-14,2001-09-24,PM-002
CUST-08152,Umang,Rege,umang_783@icloud.com,919536356533,1992-03-27,2014-08-07,PM-004
CUST-08153,Miraya,Borra,miraya240@hotmail.com,918060376340,2002-11-26,2024-02-09,PM-003
CUST-08154,Piya,Sule,piya149@yahoo.com,918468012239,1984-11-15,2005-02-04,PM-002
CUST-08155,Onkar,Mandal,mandalonkar356@yahoo.com,919224194630,1981-09-18,2021-03-02,PM-003
CUST-08156,Madhup,Yohannan,madhup.871@yahoo.com,917106707147,1979-05-26,2024-06-04,PM-004
CUST-08157,Elakshi,Bala,elakshi_647@hotmail.com,918076863988,2003-07-15,2022-03-07,PM-003
CUST-08158,Hazel,Kala,kalahazel324@hotmail.com,918095949370,1984-09-21,2012-11-24,PM-004
CUST-08159,Siya,Krishnan,siya235@icloud.com,919670094922,1982-05-31,2017-12-25,PM-002
CUST-08160,Hansh,Basak,hansh991@hotmail.com,917412925513,1975-07-20,2021-12-26,PM-001
CUST-08161,Misha,Samra,misha.samra871@hotmail.com,919894797402,1992-05-16,2014-08-16,PM-003
CUST-08162,Kimaya,Jayaraman,jayaramankimaya385@icloud.com,917610206519,1984-05-31,2012-09-07,PM-001
CUST-08163,Neelofar,Hegde,neelofar.hegde265@icloud.com,918061093565,2002-09-19,2021-10-26,PM-003
CUST-08164,Priyansh,Malhotra,malhotrapriyansh691@hotmail.com,917555751533,1974-12-25,1993-11-10,PM-001
CUST-08165,Anaya,Choudhary,anaya.choudhary423@gmail.com,918752932327,1990-05-02,2011-11-02,PM-003
CUST-08166,Pari,Banik,banikpari293@yahoo.com,917580800258,2000-06-21,2023-08-02,PM-004
CUST-08167,Jayan,Bail,jayan472@hotmail.com,918725195032,1983-03-17,2008-03-29,PM-003
CUST-08168,Priyansh,Dugar,priyansh463@hotmail.com,917032450471,1988-07-26,2013-06-25,PM-004
CUST-08169,Ivan,Buch,ivan.buch943@gmail.com,919205903255,1991-08-03,2020-05-16,PM-001
CUST-08170,Renee,Contractor,renee.283@gmail.com,919931657468,2002-05-17,2020-11-12,PM-001
CUST-08171,Zaina,Chacko,chackozaina746@hotmail.com,918219021418,1975-07-27,1997-09-26,PM-003
CUST-08172,Seher,Mani,seher816@hotmail.com,919277348550,2002-05-28,2023-05-07,PM-001
CUST-08173,Zara,Karpe,zara.344@outlook.com,919803038449,1977-09-23,1997-02-27,PM-004
CUST-08174,Mahika,Yohannan,mahika.861@hotmail.com,917289317933,1984-11-29,2024-03-05,PM-001
CUST-08175,Hiran,Sampath,hiran.245@icloud.com,919367941338,1985-11-24,2022-06-16,PM-001
CUST-08176,Anaya,Chatterjee,chatterjeeanaya916@hotmail.com,918124769351,2005-10-27,2023-11-30,PM-002
CUST-08177,Kanav,Bumb,kanav_619@yahoo.com,919248760208,1999-11-08,2022-05-16,PM-002
CUST-08178,Diya,Batta,diya.196@outlook.com,917720146268,1996-10-13,2019-02-03,PM-003
CUST-08179,Ojas,Sama,ojas_814@yahoo.com,918573462004,1980-07-02,2012-07-31,PM-002
CUST-08180,Amira,Walla,wallaamira821@yahoo.com,919353822971,1996-12-26,2017-09-16,PM-001
CUST-08181,Urvi,Konda,urvi.591@hotmail.com,919519824933,2000-10-11,2023-06-27,PM-003
CUST-08182,Vardaniya,Karpe,vardaniya.169@hotmail.com,919627330049,1993-03-27,2014-10-15,PM-001
CUST-08183,Tiya,Bora,boratiya550@outlook.com,917395082852,1992-03-03,2015-12-29,PM-001
CUST-08184,Tanya,Mani,tanya.261@icloud.com,918190430519,1981-03-29,2010-07-12,PM-002
CUST-08185,Ritvik,Bajaj,ritvik883@yahoo.com,918687090076,2006-01-08,2024-03-28,PM-002
CUST-08186,Saanvi,Swaminathan,saanvi.115@hotmail.com,919174620853,2000-08-13,2022-05-08,PM-002
CUST-08187,Raunak,Wason,raunak667@yahoo.com,917491949004,2004-09-24,2024-04-29,PM-003
CUST-08188,Trisha,Chokshi,trisha_865@hotmail.com,919747796453,1999-10-13,2022-03-09,PM-003
CUST-08189,Ayesha,Rajagopalan,ayesha.516@hotmail.com,917123639149,1998-12-17,2023-11-14,PM-002
CUST-08190,Dhanush,Verma,dhanush.489@icloud.com,918385897664,1993-12-27,2021-12-31,PM-002
CUST-08191,Parinaaz,Khatri,khatriparinaaz949@gmail.com,917128934702,1979-03-09,2006-01-03,PM-003
CUST-08192,Priyansh,Ahluwalia,priyansh.653@hotmail.com,917548116664,1974-12-12,2000-11-20,PM-004
CUST-08193,Miraan,Kala,kalamiraan372@hotmail.com,917487790597,1997-03-21,2023-01-04,PM-001
CUST-08194,Jhanvi,Krish,jhanvi.243@outlook.com,918841765408,1986-10-24,2010-11-29,PM-002
CUST-08195,Kiara,Mammen,kiara_707@icloud.com,919870769557,1977-02-17,2004-03-02,PM-003
CUST-08196,Khushi,Aurora,khushi930@icloud.com,919686035593,1975-01-23,2010-09-25,PM-004
CUST-08197,Uthkarsh,Hayre,uthkarsh_211@hotmail.com,918761266308,1997-05-16,2016-01-19,PM-004
CUST-08198,Shaan,Bedi,shaan405@outlook.com,919343695316,2000-01-10,2018-01-27,PM-001
CUST-08199,Zaina,Mahal,mahalzaina484@icloud.com,919965227690,1974-11-06,2016-02-14,PM-004
CUST-08200,Bhamini,Ben,benbhamini605@icloud.com,917844187461,2002-07-14,2023-09-09,PM-001
CUST-08201,Tanya,Barman,tanya.barman514@yahoo.com,917157488834,2003-05-13,2021-06-11,PM-001
CUST-08202,Jiya,Balasubramanian,jiya.balasubramanian435@hotmail.com,917917623303,2002-07-01,2021-11-11,PM-004
CUST-08203,Anika,Varty,anika.975@gmail.com,917562498000,1982-04-19,2003-10-28,PM-004
CUST-08204,Pari,Varkey,pari.745@outlook.com,918723303886,1976-09-29,2004-10-26,PM-004
CUST-08205,Ranbir,Dhawan,ranbir.dhawan731@outlook.com,919790508824,1987-11-23,2013-04-20,PM-004
CUST-08206,Sana,Bhargava,sana.bhargava588@gmail.com,919805496483,1980-10-20,2007-05-11,PM-001
CUST-08207,Gokul,Dass,gokul_807@hotmail.com,919580534727,1985-06-10,2015-09-27,PM-002
CUST-08208,Lakshay,Gour,lakshay_586@yahoo.com,917722523967,1983-05-30,2008-01-18,PM-001
CUST-08209,Vaibhav,Bir,vaibhav_656@icloud.com,917546240069,2002-11-19,2023-07-14,PM-004
CUST-08210,Sana,Sachdeva,sana.sachdeva226@yahoo.com,918532170285,1978-11-17,2014-01-12,PM-001
CUST-08211,Sahil,Swamy,swamysahil974@hotmail.com,917739261229,1992-09-21,2016-09-20,PM-002
CUST-08212,Suhana,Swaminathan,suhana.522@icloud.com,918124208086,1978-12-21,1998-03-19,PM-002
CUST-08213,Samiha,Gour,samiha.204@icloud.com,918505400062,1990-11-25,2010-01-20,PM-001
CUST-08214,Devansh,Bahl,devansh841@hotmail.com,918978312097,1989-03-20,2020-08-12,PM-003
CUST-08215,Saira,Kashyap,saira.609@hotmail.com,918129227021,2004-02-18,2023-09-07,PM-004
CUST-08216,Ishaan,Kade,ishaan_165@gmail.com,918601128294,1975-06-29,1994-02-19,PM-004
CUST-08217,Zoya,Char,charzoya201@icloud.com,918130167966,1990-04-12,2016-02-02,PM-002
CUST-08218,Adira,Madan,adira.madan398@yahoo.com,917750657999,1985-10-10,2007-05-25,PM-003
CUST-08219,Shanaya,Kurian,shanaya.kurian451@outlook.com,918672129575,2002-03-25,2022-08-31,PM-004
CUST-08220,Tanya,Tandon,tandontanya798@icloud.com,919255706823,1998-08-15,2018-06-27,PM-003
CUST-08221,Dharmajan,Bajaj,dharmajan.753@hotmail.com,917682398511,1979-12-09,2012-03-08,PM-004
CUST-08222,Mishti,Sathe,mishti759@yahoo.com,918082268911,1999-05-24,2023-02-07,PM-002
CUST-08223,Indranil,Gala,indranil.gala404@outlook.com,918779411895,1992-09-06,2021-09-07,PM-004
CUST-08224,Jiya,Sanghvi,jiya.509@gmail.com,917552667673,1995-07-20,2020-10-08,PM-004
CUST-08225,Nishith,Gopal,nishith_294@outlook.com,917565677906,2002-10-04,2023-09-17,PM-004
CUST-08226,Anahita,Kohli,anahita_983@yahoo.com,918333246983,2003-02-12,2023-12-27,PM-001
CUST-08227,Nirvaan,Bhattacharyya,bhattacharyyanirvaan488@yahoo.com,917874474742,1989-05-25,2020-04-14,PM-002
CUST-08228,Veer,Dubey,veer616@gmail.com,919292680119,1976-03-21,2018-04-30,PM-001
CUST-08229,Nayantara,Bala,nayantara_311@yahoo.com,917987064029,1984-04-09,2023-03-04,PM-003
CUST-08230,Advik,Date,dateadvik150@icloud.com,919625588421,1978-12-19,2005-03-02,PM-004
CUST-08231,Biju,Rana,biju.175@yahoo.com,919094435584,1980-07-25,2011-10-20,PM-002
CUST-08232,Eshani,Aurora,eshani_389@hotmail.com,919659048324,1998-07-06,2023-05-08,PM-001
CUST-08233,Ojas,Bhalla,ojas957@gmail.com,918798019778,1991-11-11,2021-06-25,PM-001
CUST-08234,Romil,Walia,romil.walia724@outlook.com,917885091503,1988-09-03,2010-10-18,PM-001
CUST-08235,Armaan,Jayaraman,jayaramanarmaan389@outlook.com,917541252330,1982-03-11,2017-08-28,PM-002
CUST-08236,Taran,Mane,taran.153@outlook.com,919227759086,1983-03-20,2024-02-07,PM-004
CUST-08237,Adah,Virk,adah.virk968@hotmail.com,919300401100,1989-03-24,2012-10-12,PM-003
CUST-08238,Amira,Bhatia,amira_894@hotmail.com,919069695677,1986-03-02,2019-10-06,PM-001
CUST-08239,Mannat,Trivedi,mannat.170@icloud.com,918129731118,1993-07-16,2015-03-27,PM-003
CUST-08240,Ivana,Sekhon,ivana.695@outlook.com,918636702153,1993-07-07,2015-01-18,PM-001
CUST-08241,Sana,Kakar,sana.kakar133@gmail.com,917548734614,1986-12-08,2013-08-17,PM-004
CUST-08242,Prerak,Keer,prerak767@hotmail.com,919886896464,1990-02-01,2015-10-01,PM-002
CUST-08243,Vritika,Agrawal,vritika_350@gmail.com,919564642047,1984-06-14,2005-04-01,PM-002
CUST-08244,Abram,Sarraf,abram_677@icloud.com,918834752857,1989-09-28,2010-03-27,PM-002
CUST-08245,Kashvi,Bath,kashvi.bath990@outlook.com,919086373209,1976-12-27,2005-02-23,PM-001
CUST-08246,Hrishita,Karnik,hrishita.karnik322@outlook.com,918695988699,1989-02-22,2012-06-17,PM-003
CUST-08247,Nayantara,Agrawal,nayantara_399@icloud.com,917573227956,1983-02-10,2017-09-27,PM-004
CUST-08248,Nishith,Sridhar,nishith_149@gmail.com,918765413578,2004-09-28,2023-03-08,PM-003
CUST-08249,Ehsaan,Deol,deolehsaan406@outlook.com,919890527313,1996-12-13,2014-12-17,PM-004
CUST-08250,Divit,Luthra,luthradivit745@outlook.com,919697374506,1975-05-12,1997-09-29,PM-002
CUST-08251,Shray,Datta,shray.740@hotmail.com,919624749487,2004-06-24,2023-12-19,PM-004
CUST-08252,Heer,Bath,heer626@gmail.com,919576152721,1999-05-01,2022-03-28,PM-004
CUST-08253,Lakshit,Dugal,dugallakshit200@yahoo.com,917364052515,1991-03-30,2012-07-14,PM-003
CUST-08254,Nitara,Khurana,khurananitara124@hotmail.com,919799169606,1996-09-07,2017-05-30,PM-004
CUST-08255,Amani,Chanda,amani.chanda877@outlook.com,917553126364,1981-05-01,2012-03-02,PM-004
CUST-08256,Divit,Rout,divit.rout985@yahoo.com,917045854007,2003-10-19,2024-02-03,PM-003
CUST-08257,Ritvik,Bhandari,ritvik_804@yahoo.com,918281637070,1995-03-12,2019-03-07,PM-002
CUST-08258,Biju,Aggarwal,biju662@icloud.com,917487550106,2004-10-20,2023-09-15,PM-001
CUST-08259,Vanya,Sama,vanya.459@gmail.com,919817659763,1993-05-10,2023-04-25,PM-002
CUST-08260,Elakshi,Bath,elakshi_461@yahoo.com,917992586467,1999-12-20,2018-07-01,PM-004
CUST-08261,Ivana,Gupta,ivana_784@gmail.com,919705450089,2001-07-13,2021-02-05,PM-002
CUST-08262,Yasmin,Khare,yasmin641@gmail.com,919749658034,1974-07-16,2003-05-01,PM-003
CUST-08263,Lakshit,Cheema,lakshit_217@gmail.com,917991524869,2005-07-05,2023-12-12,PM-002
CUST-08264,Nirvaan,Sami,nirvaan264@gmail.com,917293739698,1977-10-26,2016-05-02,PM-002
CUST-08265,Shlok,Deshpande,shlok.133@icloud.com,918255910764,1979-08-17,2006-07-14,PM-002
CUST-08266,Shlok,Swamy,shlok.swamy189@outlook.com,917626209438,1979-08-28,2022-11-04,PM-002
CUST-08267,Jivika,Batta,jivika477@outlook.com,919073590284,1995-02-05,2015-08-01,PM-001
CUST-08268,Vedika,Dutt,vedika.541@hotmail.com,917749056122,1996-05-03,2017-06-16,PM-003
CUST-08269,Taran,Ravi,taran.ravi724@outlook.com,919919342915,1998-03-30,2021-06-17,PM-004
CUST-08270,Himmat,Hari,harihimmat692@icloud.com,917938009581,2002-06-09,2022-04-07,PM-001
CUST-08271,Zeeshan,Das,zeeshan_325@outlook.com,917792819083,1980-02-12,2020-03-09,PM-004
CUST-08272,Nakul,Sidhu,sidhunakul967@gmail.com,917341794459,1993-08-18,2013-03-28,PM-001
CUST-08273,Shray,D’Alia,shray_626@icloud.com,918397445517,2001-08-21,2023-01-19,PM-003
CUST-08274,Nakul,Soni,nakul.467@gmail.com,917666851101,1991-08-13,2021-07-31,PM-003
CUST-08275,Bhamini,Shere,bhamini.576@outlook.com,917781426043,1998-11-16,2020-03-13,PM-001
CUST-08276,Yakshit,Manne,manneyakshit818@icloud.com,919165906990,1979-05-27,2012-01-05,PM-002
CUST-08277,Madhup,Shere,madhup.912@outlook.com,917866658268,1995-06-25,2019-04-21,PM-004
CUST-08278,Reyansh,Tandon,reyansh.669@outlook.com,917307219457,1980-06-29,2002-08-03,PM-004
CUST-08279,Suhana,Amble,suhana.136@icloud.com,919885629077,1991-07-26,2013-05-01,PM-002
CUST-08280,Lakshit,Jaggi,lakshit867@hotmail.com,918659798133,1986-01-28,2017-07-10,PM-003
CUST-08281,Charvi,Sidhu,sidhucharvi454@icloud.com,917759277663,1979-12-22,2018-03-03,PM-003
CUST-08282,Dharmajan,Chadha,dharmajan.chadha782@outlook.com,917610467280,1975-07-11,1997-01-08,PM-001
CUST-08283,Jayan,Khalsa,jayan_288@yahoo.com,917845246139,2000-11-04,2019-10-11,PM-002
CUST-08284,Rhea,Kumer,rhea.946@yahoo.com,919789379863,1983-03-14,2005-12-05,PM-001
CUST-08285,Kashvi,Barad,kashvi.992@hotmail.com,917949841727,2006-02-17,2024-03-07,PM-001
CUST-08286,Lagan,Vasa,lagan.755@yahoo.com,919900228496,1978-01-04,2009-11-21,PM-003
CUST-08287,Himmat,Rattan,himmat_238@hotmail.com,919592335668,1989-11-10,2010-10-17,PM-004
CUST-08288,Hrishita,Dutta,hrishita.679@outlook.com,917931209298,1994-05-28,2016-03-15,PM-004
CUST-08289,Nishith,Madan,nishith.938@icloud.com,919383797056,1985-02-07,2010-03-06,PM-002
CUST-08290,Seher,Jain,jainseher672@outlook.com,917502486673,1983-07-04,2019-02-24,PM-002
CUST-08291,Suhana,Gera,suhana.gera692@outlook.com,919340318459,1980-10-29,1999-09-18,PM-001
CUST-08292,Yasmin,Chana,chanayasmin492@outlook.com,919002098846,1986-10-19,2009-08-30,PM-002
CUST-08293,Eva,Sama,eva.sama426@gmail.com,917676148858,1990-11-01,2018-05-15,PM-001
CUST-08294,Rati,Walla,rati883@yahoo.com,919513792457,1998-06-19,2023-05-28,PM-004
CUST-08295,Vedika,Ganguly,vedika.253@gmail.com,919448759781,2001-09-19,2023-11-17,PM-001
CUST-08296,Kashvi,Karpe,kashvi.karpe345@icloud.com,918912592925,1979-07-18,2012-12-21,PM-003
CUST-08297,Oorja,Desai,desaioorja912@gmail.com,917686933014,1992-02-14,2019-03-20,PM-002
CUST-08298,Chirag,Kala,kalachirag759@gmail.com,917796043282,1990-08-15,2019-11-25,PM-002
CUST-08299,Yasmin,Dixit,dixityasmin708@hotmail.com,918714803866,1987-12-26,2008-01-18,PM-004
CUST-08300,Prisha,Sundaram,sundaramprisha885@icloud.com,917654863761,1986-09-11,2005-01-12,PM-003
CUST-08301,Pihu,Datta,pihu.datta957@icloud.com,919354123227,1997-10-07,2021-04-10,PM-003
CUST-08302,Rhea,Vohra,rhea.263@outlook.com,919078530739,1998-08-28,2016-10-18,PM-002
CUST-08303,Lakshit,Gara,lakshit_164@outlook.com,919968858627,1984-03-15,2023-01-01,PM-003
CUST-08304,Vaibhav,Salvi,salvivaibhav628@hotmail.com,918036968129,1986-12-05,2011-03-12,PM-001
CUST-08305,Indrajit,Bhavsar,indrajit394@outlook.com,918817352353,1993-07-11,2022-02-03,PM-001
CUST-08306,Nirvaan,Lall,nirvaan.491@hotmail.com,917931684890,1987-03-02,2021-04-09,PM-003
CUST-08307,Dharmajan,Rama,dharmajan_764@hotmail.com,917342311618,1982-12-01,2015-09-13,PM-003
CUST-08308,Divit,Saran,sarandivit642@icloud.com,917142501584,1991-08-29,2023-04-22,PM-003
CUST-08309,Nakul,Gera,nakul.540@icloud.com,919453970984,1997-10-27,2024-06-02,PM-003
CUST-08310,Heer,Kalita,kalitaheer678@icloud.com,918047615819,1977-07-03,1995-10-04,PM-002
CUST-08311,Jhanvi,Kumar,jhanvi.385@yahoo.com,919960954342,1999-03-07,2019-09-22,PM-002
CUST-08312,Hansh,Kothari,hansh.kothari635@outlook.com,919421235460,2000-03-30,2019-06-24,PM-003
CUST-08313,Shray,Sami,shray.sami396@outlook.com,918898091101,1985-05-05,2008-03-16,PM-003
CUST-08314,Ryan,Upadhyay,ryan168@icloud.com,918567278773,1988-09-06,2023-06-21,PM-001
CUST-08315,Mamooty,Anand,mamooty389@hotmail.com,917889425668,2002-04-21,2021-02-07,PM-003
CUST-08316,Prisha,Walia,prisha.walia836@gmail.com,917202866171,1983-12-07,2023-01-12,PM-001
CUST-08317,Kimaya,Rout,routkimaya336@hotmail.com,919798389345,1999-07-07,2024-03-15,PM-001
CUST-08318,Vihaan,Rama,vihaan_928@gmail.com,917564532390,1988-05-05,2022-04-06,PM-001
CUST-08319,Raghav,Aggarwal,aggarwalraghav350@gmail.com,917117475865,1982-08-18,2015-01-18,PM-003
CUST-08320,Aradhya,Babu,aradhya.babu430@hotmail.com,917091400182,1979-03-26,2003-11-25,PM-003
CUST-08321,Shamik,Bose,shamik.523@gmail.com,917280647915,1993-05-17,2014-12-19,PM-003
CUST-08322,Himmat,Gola,himmat.136@gmail.com,917634944228,1996-08-14,2016-05-21,PM-001
CUST-08323,Nitara,Choudhary,nitara966@hotmail.com,919037024723,1991-10-17,2015-01-02,PM-004
CUST-08324,Kaira,Ganesh,kaira511@icloud.com,918036122676,1992-07-11,2010-12-31,PM-001
CUST-08325,Prisha,Jaggi,prisha_671@icloud.com,917268665694,2002-08-15,2022-09-01,PM-001
CUST-08326,Aarna,Vig,aarna.vig234@gmail.com,918336623232,2004-09-23,2024-06-09,PM-002
CUST-08327,Aarna,Contractor,aarna893@gmail.com,917946730047,1999-11-26,2018-06-13,PM-002
CUST-08328,Ela,Chakrabarti,ela_933@icloud.com,919340435234,1992-05-23,2014-05-16,PM-002
CUST-08329,Rhea,Balan,rhea.709@hotmail.com,919041286820,1990-10-16,2022-11-07,PM-001
CUST-08330,Aaina,Maharaj,aaina_174@outlook.com,918199799460,1988-11-08,2022-05-17,PM-004
CUST-08331,Elakshi,Deshmukh,elakshi382@icloud.com,919310598334,1977-02-16,2022-08-29,PM-002
CUST-08332,Zain,Chakrabarti,chakrabartizain428@icloud.com,919708865227,1984-12-22,2013-03-09,PM-003
CUST-08333,Drishya,Handa,handadrishya678@hotmail.com,917345005700,1983-02-25,2013-01-26,PM-002
